srun: Warning: can't honor --ntasks-per-node set to 1 which doesn't match the requested tasks 36 with the number of requested nodes 12. Ignoring --ntasks-per-node.
missing input file name --> Generate random input
malloc(): invalid size (unsorted)
[hydra01:915296] *** Process received signal ***
[hydra01:915296] Signal: Aborted (6)
[hydra01:915296] Signal code:  (-6)
malloc(): invalid size (unsorted)
[hydra12:382706] *** Process received signal ***
[hydra12:382706] Signal: Aborted (6)
[hydra12:382706] Signal code:  (-6)
malloc(): invalid size (unsorted)
[hydra01:915296] [ 0] /lib/x86_64-linux-gnu/libc.so.6(+0x38de0)[0x7f049b257de0]
malloc(): invalid size (unsorted)
[hydra05:402372] *** Process received signal ***
[hydra05:402372] Signal: Aborted (6)
[hydra05:402372] Signal code:  (-6)
[hydra01:915296] [ 1] /lib/x86_64-linux-gnu/libc.so.6(gsignal+0x141)[0x7f049b257d61]
[hydra01:915297] *** Process received signal ***
[hydra01:915297] Signal: Aborted (6)
[hydra01:915297] Signal code:  (-6)
[hydra01:915296] [ 2] /lib/x86_64-linux-gnu/libc.so.6(abort+0x123)[0x7f049b241537]
[hydra01:915296] [ 3] /lib/x86_64-linux-gnu/libc.so.6(+0x7a468)[0x7f049b299468]
malloc(): invalid size (unsorted)
[hydra06:403076] *** Process received signal ***
[hydra06:403076] Signal: Aborted (6)
[hydra06:403076] Signal code:  (-6)
malloc(): invalid size (unsorted)
[hydra03:419691] *** Process received signal ***
[hydra03:419691] Signal: Aborted (6)
[hydra03:419691] Signal code:  (-6)
malloc(): invalid size (unsorted)
[hydra09:395551] *** Process received signal ***
[hydra09:395551] Signal: Aborted (6)
[hydra09:395551] Signal code:  (-6)
malloc(): invalid size (unsorted)
[hydra07:429454] *** Process received signal ***
[hydra07:429454] Signal: Aborted (6)
[hydra07:429454] Signal code:  (-6)
[hydra01:915296] [ 4] /lib/x86_64-linux-gnu/libc.so.6(+0x8175a)[0x7f049b2a075a]
malloc(): invalid size (unsorted)
[hydra04:418397] *** Process received signal ***
[hydra04:418397] Signal: Aborted (6)
[hydra04:418397] Signal code:  (-6)
[hydra01:915297] [ 0] /lib/x86_64-linux-gnu/libc.so.6(+0x38de0)[0x7fefb3073de0]
malloc(): invalid size (unsorted)
[hydra08:404734] *** Process received signal ***
[hydra08:404734] Signal: Aborted (6)
[hydra08:404734] Signal code:  (-6)
malloc(): invalid size (unsorted)
[hydra02:594788] *** Process received signal ***
[hydra02:594788] Signal: Aborted (6)
[hydra02:594788] Signal code:  (-6)
[hydra01:915296] [ 5] /lib/x86_64-linux-gnu/libc.so.6(+0x8483c)[0x7f049b2a383c]
[hydra01:915297] [ 1] /lib/x86_64-linux-gnu/libc.so.6(gsignal+0x141)[0x7fefb3073d61]
[hydra01:915296] [ 6] /lib/x86_64-linux-gnu/libc.so.6(__libc_calloc+0x81)[0x7f049b2a5bd1]
[hydra01:915297] [ 2] /lib/x86_64-linux-gnu/libc.so.6(abort+0x123)[0x7fefb305d537]
malloc(): invalid size (unsorted)
[hydra11:382792] *** Process received signal ***
[hydra11:382792] Signal: Aborted (6)
[hydra11:382792] Signal code:  (-6)
[hydra01:915296] [ 7] /opt/mpi/openmpi-4.1.4//lib/libmpi.so.40(ompi_group_allocate+0x17)[0x7f049d1731e7]
malloc(): invalid size (unsorted)
[hydra10:515827] *** Process received signal ***
[hydra10:515827] Signal: Aborted (6)
[hydra10:515827] Signal code:  (-6)
[hydra01:915297] [ 3] /lib/x86_64-linux-gnu/libc.so.6(+0x7a468)[0x7fefb30b5468]
[hydra01:915296] [ 8] /opt/mpi/openmpi-4.1.4//lib/libmpi.so.40(ompi_group_incl_plist+0x65)[0x7f049d173915]
[hydra01:915296] [ 9] /opt/mpi/openmpi-4.1.4//lib/libmpi.so.40(PMPI_Group_incl+0x95)[0x7f049d1a4185]
[hydra01:915296] [10] /home/thesis/jheld/MPI_Syrk_implementation/build/src/MPI_SYRK_implementation(+0x841a)[0x55975f9d041a]
[hydra01:915297] [ 4] /lib/x86_64-linux-gnu/libc.so.6(+0x8175a)[0x7fefb30bc75a]
[hydra01:915296] [11] /home/thesis/jheld/MPI_Syrk_implementation/build/src/MPI_SYRK_implementation(+0x2ab0)[0x55975f9caab0]
[hydra01:915296] [12] /lib/x86_64-linux-gnu/libc.so.6(__libc_start_main+0xea)[0x7f049b242d7a]
[hydra01:915296] [13] /home/thesis/jheld/MPI_Syrk_implementation/build/src/MPI_SYRK_implementation(+0x232a)[0x55975f9ca32a]
[hydra01:915297] [ 5] /lib/x86_64-linux-gnu/libc.so.6(+0x8483c)[0x7fefb30bf83c]
[hydra12:382706] [ 0] /lib/x86_64-linux-gnu/libc.so.6(+0x38de0)[0x7f4abddf2de0]
[hydra01:915296] *** End of error message ***
[hydra12:382706] [ 1] /lib/x86_64-linux-gnu/libc.so.6(gsignal+0x141)[0x7f4abddf2d61]
[hydra01:915297] [ 6] /lib/x86_64-linux-gnu/libc.so.6(__libc_calloc+0x81)[0x7fefb30c1bd1]
[hydra12:382706] [ 2] /lib/x86_64-linux-gnu/libc.so.6(abort+0x123)[0x7f4abdddc537]
[hydra01:915297] [ 7] /opt/mpi/openmpi-4.1.4//lib/libmpi.so.40(ompi_group_allocate+0x17)[0x7fefb4f8f1e7]
malloc(): invalid size (unsorted)
[hydra04:418396] *** Process received signal ***
malloc(): invalid size (unsorted)
[hydra12:382706] [ 3] /lib/x86_64-linux-gnu/libc.so.6(+0x7a468)[0x7f4abde34468]
[hydra01:915297] [ 8] /opt/mpi/openmpi-4.1.4//lib/libmpi.so.40(ompi_group_incl_plist+0x65)[0x7fefb4f8f915]
[hydra04:418396] Signal: Aborted (6)
[hydra04:418396] Signal code:  (-6)
[hydra05:402372] [ 0] /lib/x86_64-linux-gnu/libc.so.6(+0x38de0)[0x7f6343149de0]
[hydra12:382706] [ 4] /lib/x86_64-linux-gnu/libc.so.6(+0x8175a)[0x7f4abde3b75a]
[hydra01:915297] [ 9] /opt/mpi/openmpi-4.1.4//lib/libmpi.so.40(PMPI_Group_incl+0x95)[0x7fefb4fc0185]
[hydra01:915297] [10] /home/thesis/jheld/MPI_Syrk_implementation/build/src/MPI_SYRK_implementation(+0x841a)[0x563ff5f2841a]
[hydra04:418397] [ 0] /lib/x86_64-linux-gnu/libc.so.6(+0x38de0)[0x7fd031643de0]
malloc(): invalid size (unsorted)
[hydra03:419692] *** Process received signal ***
[hydra03:419692] Signal: Aborted (6)
[hydra03:419692] Signal code:  (-6)
[hydra05:402373] *** Process received signal ***
[hydra05:402373] Signal: Aborted (6)
[hydra05:402373] Signal code:  (-6)
[hydra12:382706] [ 5] /lib/x86_64-linux-gnu/libc.so.6(+0x8483c)[0x7f4abde3e83c]
[hydra01:915297] [11] /home/thesis/jheld/MPI_Syrk_implementation/build/src/MPI_SYRK_implementation(+0x2ab0)[0x563ff5f22ab0]
[hydra09:395551] [ 0] /lib/x86_64-linux-gnu/libc.so.6(+0x38de0)[0x7efce7791de0]
[hydra04:418397] [ 1] /lib/x86_64-linux-gnu/libc.so.6(gsignal+0x141)[0x7fd031643d61]
[hydra03:419691] [ 0] /lib/x86_64-linux-gnu/libc.so.6(+0x38de0)[0x7f6de15e1de0]
[hydra05:402372] [ 1] /lib/x86_64-linux-gnu/libc.so.6(gsignal+0x141)[0x7f6343149d61]
[hydra12:382706] [ 6] /lib/x86_64-linux-gnu/libc.so.6(__libc_calloc+0x81)[0x7f4abde40bd1]
[hydra01:915297] [12] /lib/x86_64-linux-gnu/libc.so.6(__libc_start_main+0xea)[0x7fefb305ed7a]
[hydra06:403076] [ 0] /lib/x86_64-linux-gnu/libc.so.6(+0x38de0)[0x7fd9b68fdde0]
[hydra09:395551] [ 1] /lib/x86_64-linux-gnu/libc.so.6(gsignal+0x141)[0x7efce7791d61]
[hydra04:418396] [ 0] /lib/x86_64-linux-gnu/libc.so.6(+0x38de0)[0x7f52eefe1de0]
[hydra03:419692] [ 0] /lib/x86_64-linux-gnu/libc.so.6(+0x38de0)[0x7f7de8df6de0]
[hydra05:402372] [ 2] /lib/x86_64-linux-gnu/libc.so.6(abort+0x123)[0x7f6343133537]
[hydra12:382706] [ 7] /opt/mpi/openmpi-4.1.4//lib/libmpi.so.40(ompi_group_allocate+0x17)[0x7f4abfd0e1e7]
[hydra01:915297] [13] /home/thesis/jheld/MPI_Syrk_implementation/build/src/MPI_SYRK_implementation(+0x232a)[0x563ff5f2232a]
[hydra01:915297] *** End of error message ***
[hydra06:403076] [ 1] /lib/x86_64-linux-gnu/libc.so.6(gsignal+0x141)[0x7fd9b68fdd61]
malloc(): invalid size (unsorted)
[hydra10:515828] *** Process received signal ***
[hydra10:515828] Signal: Aborted (6)
[hydra10:515828] Signal code:  (-6)
[hydra02:594788] [ 0] /lib/x86_64-linux-gnu/libc.so.6(+0x38de0)[0x7f0c57b48de0]
[hydra09:395551] [ 2] /lib/x86_64-linux-gnu/libc.so.6(abort+0x123)[0x7efce777b537]
[hydra04:418397] [ 2] /lib/x86_64-linux-gnu/libc.so.6(abort+0x123)[0x7fd03162d537]
[hydra07:429454] [ 0] /lib/x86_64-linux-gnu/libc.so.6(+0x38de0)[0x7f41c5243de0]
[hydra03:419691] [ 1] /lib/x86_64-linux-gnu/libc.so.6(gsignal+0x141)[0x7f6de15e1d61]
[hydra05:402372] [ 3] /lib/x86_64-linux-gnu/libc.so.6(+0x7a468)[0x7f634318b468]
[hydra12:382706] [ 8] /opt/mpi/openmpi-4.1.4//lib/libmpi.so.40(ompi_group_incl_plist+0x65)[0x7f4abfd0e915]
[hydra06:403076] [ 2] /lib/x86_64-linux-gnu/libc.so.6(abort+0x123)[0x7fd9b68e7537]
[hydra10:515827] [ 0] /lib/x86_64-linux-gnu/libc.so.6(+0x38de0)[0x7f832b445de0]
[hydra02:594788] [ 1] /lib/x86_64-linux-gnu/libc.so.6(gsignal+0x141)[0x7f0c57b48d61]
[hydra09:395551] [ 3] /lib/x86_64-linux-gnu/libc.so.6(+0x7a468)[0x7efce77d3468]
[hydra04:418396] [ 1] /lib/x86_64-linux-gnu/libc.so.6(gsignal+0x141)[0x7f52eefe1d61]
[hydra07:429454] [ 1] /lib/x86_64-linux-gnu/libc.so.6(gsignal+0x141)[0x7f41c5243d61]
[hydra03:419692] [ 1] /lib/x86_64-linux-gnu/libc.so.6(gsignal+0x141)[0x7f7de8df6d61]
[hydra05:402372] [ 4] /lib/x86_64-linux-gnu/libc.so.6(+0x8175a)[0x7f634319275a]
[hydra12:382706] [ 9] /opt/mpi/openmpi-4.1.4//lib/libmpi.so.40(PMPI_Group_incl+0x95)[0x7f4abfd3f185]
[hydra12:382706] [10] /home/thesis/jheld/MPI_Syrk_implementation/build/src/MPI_SYRK_implementation(+0x841a)[0x55bb378bc41a]
[hydra08:404734] [ 0] /lib/x86_64-linux-gnu/libc.so.6(+0x38de0)[0x7f03a1d4cde0]
[hydra06:403076] [ 3] /lib/x86_64-linux-gnu/libc.so.6(+0x7a468)[0x7fd9b693f468]
[hydra10:515828] [ 0] /lib/x86_64-linux-gnu/libc.so.6(+0x38de0)[0x7f62cbacade0]
[hydra02:594788] [ 2] /lib/x86_64-linux-gnu/libc.so.6(abort+0x123)[0x7f0c57b32537]
[hydra09:395551] [ 4] /lib/x86_64-linux-gnu/libc.so.6(+0x8175a)[0x7efce77da75a]
[hydra04:418397] [ 3] /lib/x86_64-linux-gnu/libc.so.6(+0x7a468)[0x7fd031685468]
[hydra07:429454] [ 2] /lib/x86_64-linux-gnu/libc.so.6(abort+0x123)[0x7f41c522d537]
[hydra03:419691] [ 2] /lib/x86_64-linux-gnu/libc.so.6(abort+0x123)[0x7f6de15cb537]
[hydra05:402373] [ 0] /lib/x86_64-linux-gnu/libc.so.6(+0x38de0)[0x7f5aed3cdde0]
[hydra12:382706] [11] /home/thesis/jheld/MPI_Syrk_implementation/build/src/MPI_SYRK_implementation(+0x2ab0)[0x55bb378b6ab0]
[hydra08:404734] [ 1] /lib/x86_64-linux-gnu/libc.so.6(gsignal+0x141)[0x7f03a1d4cd61]
[hydra06:403076] [ 4] /lib/x86_64-linux-gnu/libc.so.6(+0x8175a)[0x7fd9b694675a]
[hydra11:382792] [ 0] /lib/x86_64-linux-gnu/libc.so.6(+0x38de0)[0x7f257d96dde0]
[hydra10:515827] [ 1] /lib/x86_64-linux-gnu/libc.so.6(gsignal+0x141)[0x7f832b445d61]
[hydra02:594788] [ 3] /lib/x86_64-linux-gnu/libc.so.6(+0x7a468)[0x7f0c57b8a468]
[hydra09:395551] [ 5] /lib/x86_64-linux-gnu/libc.so.6(+0x8483c)[0x7efce77dd83c]
[hydra04:418396] [ 2] /lib/x86_64-linux-gnu/libc.so.6(abort+0x123)[0x7f52eefcb537]
[hydra07:429454] [ 3] /lib/x86_64-linux-gnu/libc.so.6(+0x7a468)[0x7f41c5285468]
[hydra03:419692] [ 2] /lib/x86_64-linux-gnu/libc.so.6(abort+0x123)[0x7f7de8de0537]
[hydra05:402373] [ 1] /lib/x86_64-linux-gnu/libc.so.6(gsignal+0x141)[0x7f5aed3cdd61]
[hydra12:382706] [12] /lib/x86_64-linux-gnu/libc.so.6(__libc_start_main+0xea)[0x7f4abddddd7a]
[hydra08:404734] [ 2] /lib/x86_64-linux-gnu/libc.so.6(abort+0x123)[0x7f03a1d36537]
[hydra06:403076] [ 5] /lib/x86_64-linux-gnu/libc.so.6(+0x8483c)[0x7fd9b694983c]
[hydra11:382792] [ 1] /lib/x86_64-linux-gnu/libc.so.6(gsignal+0x141)[0x7f257d96dd61]
[hydra10:515828] [ 1] /lib/x86_64-linux-gnu/libc.so.6(gsignal+0x141)[0x7f62cbacad61]
[hydra02:594788] [ 4] /lib/x86_64-linux-gnu/libc.so.6(+0x8175a)[0x7f0c57b9175a]
[hydra09:395551] [ 6] /lib/x86_64-linux-gnu/libc.so.6(__libc_calloc+0x81)[0x7efce77dfbd1]
[hydra04:418397] [ 4] /lib/x86_64-linux-gnu/libc.so.6(+0x8175a)[0x7fd03168c75a]
[hydra07:429454] [ 4] /lib/x86_64-linux-gnu/libc.so.6(+0x8175a)[0x7f41c528c75a]
[hydra03:419691] [ 3] /lib/x86_64-linux-gnu/libc.so.6(+0x7a468)[0x7f6de1623468]
[hydra05:402372] [ 5] /lib/x86_64-linux-gnu/libc.so.6(+0x8483c)[0x7f634319583c]
[hydra12:382706] [13] /home/thesis/jheld/MPI_Syrk_implementation/build/src/MPI_SYRK_implementation(+0x232a)[0x55bb378b632a]
[hydra12:382706] *** End of error message ***
[hydra08:404734] [ 3] /lib/x86_64-linux-gnu/libc.so.6(+0x7a468)[0x7f03a1d8e468]
[hydra06:403076] [ 6] /lib/x86_64-linux-gnu/libc.so.6(__libc_calloc+0x81)[0x7fd9b694bbd1]
[hydra11:382792] [ 2] /lib/x86_64-linux-gnu/libc.so.6(abort+0x123)[0x7f257d957537]
[hydra10:515827] [ 2] /lib/x86_64-linux-gnu/libc.so.6(abort+0x123)[0x7f832b42f537]
[hydra02:594788] [ 5] /lib/x86_64-linux-gnu/libc.so.6(+0x8483c)[0x7f0c57b9483c]
[hydra09:395551] [ 7] /opt/mpi/openmpi-4.1.4//lib/libmpi.so.40(ompi_group_allocate+0x17)[0x7efce96ad1e7]
[hydra04:418396] [ 3] /lib/x86_64-linux-gnu/libc.so.6(+0x7a468)[0x7f52ef023468]
[hydra07:429454] [ 5] /lib/x86_64-linux-gnu/libc.so.6(+0x8483c)[0x7f41c528f83c]
[hydra03:419692] [ 3] /lib/x86_64-linux-gnu/libc.so.6(+0x7a468)[0x7f7de8e38468]
[hydra05:402373] [ 2] /lib/x86_64-linux-gnu/libc.so.6(abort+0x123)[0x7f5aed3b7537]
[hydra08:404734] [ 4] /lib/x86_64-linux-gnu/libc.so.6(+0x8175a)[0x7f03a1d9575a]
[hydra06:403076] [ 7] /opt/mpi/openmpi-4.1.4//lib/libmpi.so.40(ompi_group_allocate+0x17)[0x7fd9b88191e7]
[hydra11:382792] [ 3] /lib/x86_64-linux-gnu/libc.so.6(+0x7a468)[0x7f257d9af468]
[hydra10:515828] [ 2] /lib/x86_64-linux-gnu/libc.so.6(abort+0x123)[0x7f62cbab4537]
[hydra02:594788] [ 6] /lib/x86_64-linux-gnu/libc.so.6(__libc_calloc+0x81)[0x7f0c57b96bd1]
[hydra09:395551] [ 8] /opt/mpi/openmpi-4.1.4//lib/libmpi.so.40(ompi_group_incl_plist+0x65)[0x7efce96ad915]
[hydra04:418397] [ 5] /lib/x86_64-linux-gnu/libc.so.6(+0x8483c)[0x7fd03168f83c]
[hydra07:429454] [ 6] /lib/x86_64-linux-gnu/libc.so.6(__libc_calloc+0x81)[0x7f41c5291bd1]
[hydra03:419691] [ 4] /lib/x86_64-linux-gnu/libc.so.6(+0x8175a)[0x7f6de162a75a]
[hydra05:402372] [ 6] /lib/x86_64-linux-gnu/libc.so.6(__libc_calloc+0x81)[0x7f6343197bd1]
[hydra08:404734] [ 5] /lib/x86_64-linux-gnu/libc.so.6(+0x8483c)[0x7f03a1d9883c]
[hydra06:403076] [ 8] /opt/mpi/openmpi-4.1.4//lib/libmpi.so.40(ompi_group_incl_plist+0x65)[0x7fd9b8819915]
[hydra11:382792] [ 4] /lib/x86_64-linux-gnu/libc.so.6(+0x8175a)[0x7f257d9b675a]
[hydra10:515827] [ 3] /lib/x86_64-linux-gnu/libc.so.6(+0x7a468)[0x7f832b487468]
[hydra02:594788] [ 7] /opt/mpi/openmpi-4.1.4//lib/libmpi.so.40(ompi_group_allocate+0x17)[0x7f0c59a641e7]
[hydra09:395551] [ 9] /opt/mpi/openmpi-4.1.4//lib/libmpi.so.40(PMPI_Group_incl+0x95)[0x7efce96de185]
[hydra09:395551] [10] /home/thesis/jheld/MPI_Syrk_implementation/build/src/MPI_SYRK_implementation(+0x841a)[0x56058029441a]
[hydra04:418396] [ 4] /lib/x86_64-linux-gnu/libc.so.6(+0x8175a)[0x7f52ef02a75a]
[hydra07:429454] [ 7] /opt/mpi/openmpi-4.1.4//lib/libmpi.so.40(ompi_group_allocate+0x17)[0x7f41c715f1e7]
[hydra03:419692] [ 4] /lib/x86_64-linux-gnu/libc.so.6(+0x8175a)[0x7f7de8e3f75a]
[hydra05:402372] [ 7] /opt/mpi/openmpi-4.1.4//lib/libmpi.so.40(ompi_group_allocate+0x17)[0x7f63450651e7]
[hydra08:404734] [ 6] /lib/x86_64-linux-gnu/libc.so.6(__libc_calloc+0x81)[0x7f03a1d9abd1]
[hydra06:403076] [ 9] /opt/mpi/openmpi-4.1.4//lib/libmpi.so.40(PMPI_Group_incl+0x95)[0x7fd9b884a185]
[hydra06:403076] [10] /home/thesis/jheld/MPI_Syrk_implementation/build/src/MPI_SYRK_implementation(+0x841a)[0x55da58b9141a]
[hydra11:382792] [ 5] /lib/x86_64-linux-gnu/libc.so.6(+0x8483c)[0x7f257d9b983c]
[hydra10:515828] [ 3] /lib/x86_64-linux-gnu/libc.so.6(+0x7a468)[0x7f62cbb0c468]
[hydra02:594788] [ 8] /opt/mpi/openmpi-4.1.4//lib/libmpi.so.40(ompi_group_incl_plist+0x65)[0x7f0c59a64915]
[hydra09:395551] [11] /home/thesis/jheld/MPI_Syrk_implementation/build/src/MPI_SYRK_implementation(+0x2ab0)[0x56058028eab0]
[hydra04:418397] [ 6] /lib/x86_64-linux-gnu/libc.so.6(__libc_calloc+0x81)[0x7fd031691bd1]
[hydra07:429454] [ 8] /opt/mpi/openmpi-4.1.4//lib/libmpi.so.40(ompi_group_incl_plist+0x65)[0x7f41c715f915]
[hydra03:419691] [ 5] /lib/x86_64-linux-gnu/libc.so.6(+0x8483c)[0x7f6de162d83c]
[hydra05:402373] [ 3] /lib/x86_64-linux-gnu/libc.so.6(+0x7a468)[0x7f5aed40f468]
[hydra08:404734] [ 7] /opt/mpi/openmpi-4.1.4//lib/libmpi.so.40(ompi_group_allocate+0x17)[0x7f03a3c681e7]
[hydra06:403076] [11] /home/thesis/jheld/MPI_Syrk_implementation/build/src/MPI_SYRK_implementation(+0x2ab0)[0x55da58b8bab0]
[hydra11:382792] [ 6] /lib/x86_64-linux-gnu/libc.so.6(__libc_calloc+0x81)[0x7f257d9bbbd1]
[hydra10:515827] [ 4] /lib/x86_64-linux-gnu/libc.so.6(+0x8175a)[0x7f832b48e75a]
[hydra02:594788] [ 9] /opt/mpi/openmpi-4.1.4//lib/libmpi.so.40(PMPI_Group_incl+0x95)[0x7f0c59a95185]
[hydra09:395551] [12] /lib/x86_64-linux-gnu/libc.so.6(__libc_start_main+0xea)[0x7efce777cd7a]
[hydra09:395551] [13] /home/thesis/jheld/MPI_Syrk_implementation/build/src/MPI_SYRK_implementation(+0x232a)[0x56058028e32a]
[hydra04:418396] [ 5] /lib/x86_64-linux-gnu/libc.so.6(+0x8483c)[0x7f52ef02d83c]
[hydra07:429454] [ 9] /opt/mpi/openmpi-4.1.4//lib/libmpi.so.40(PMPI_Group_incl+0x95)[0x7f41c7190185]
[hydra07:429454] [10] /home/thesis/jheld/MPI_Syrk_implementation/build/src/MPI_SYRK_implementation(+0x841a)[0x55844a7a841a]
[hydra03:419692] [ 5] /lib/x86_64-linux-gnu/libc.so.6(+0x8483c)[0x7f7de8e4283c]
[hydra05:402372] [ 8] /opt/mpi/openmpi-4.1.4//lib/libmpi.so.40(ompi_group_incl_plist+0x65)[0x7f6345065915]
[hydra08:404734] [ 8] /opt/mpi/openmpi-4.1.4//lib/libmpi.so.40(ompi_group_incl_plist+0x65)[0x7f03a3c68915]
[hydra06:403076] [12] /lib/x86_64-linux-gnu/libc.so.6(__libc_start_main+0xea)[0x7fd9b68e8d7a]
[hydra06:403076] [13] /home/thesis/jheld/MPI_Syrk_implementation/build/src/MPI_SYRK_implementation(+0x232a)[0x55da58b8b32a]
[hydra11:382792] [ 7] /opt/mpi/openmpi-4.1.4//lib/libmpi.so.40(ompi_group_allocate+0x17)[0x7f257f8891e7]
[hydra10:515828] [ 4] /lib/x86_64-linux-gnu/libc.so.6(+0x8175a)[0x7f62cbb1375a]
[hydra02:594788] [10] /home/thesis/jheld/MPI_Syrk_implementation/build/src/MPI_SYRK_implementation(+0x841a)[0x5612cda1241a]
[hydra02:594788] [11] /home/thesis/jheld/MPI_Syrk_implementation/build/src/MPI_SYRK_implementation(+0x2ab0)[0x5612cda0cab0]
[hydra09:395551] *** End of error message ***
[hydra04:418397] [ 7] /opt/mpi/openmpi-4.1.4//lib/libmpi.so.40(ompi_group_allocate+0x17)[0x7fd03355f1e7]
[hydra07:429454] [11] /home/thesis/jheld/MPI_Syrk_implementation/build/src/MPI_SYRK_implementation(+0x2ab0)[0x55844a7a2ab0]
[hydra03:419691] [ 6] /lib/x86_64-linux-gnu/libc.so.6(__libc_calloc+0x81)[0x7f6de162fbd1]
[hydra05:402373] [ 4] /lib/x86_64-linux-gnu/libc.so.6(+0x8175a)[0x7f5aed41675a]
[hydra08:404734] [ 9] /opt/mpi/openmpi-4.1.4//lib/libmpi.so.40(PMPI_Group_incl+0x95)[0x7f03a3c99185]
[hydra06:403076] *** End of error message ***
[hydra11:382792] [ 8] /opt/mpi/openmpi-4.1.4//lib/libmpi.so.40(ompi_group_incl_plist+0x65)[0x7f257f889915]
[hydra10:515827] [ 5] /lib/x86_64-linux-gnu/libc.so.6(+0x8483c)[0x7f832b49183c]
[hydra02:594788] [12] /lib/x86_64-linux-gnu/libc.so.6(__libc_start_main+0xea)[0x7f0c57b33d7a]
[hydra04:418396] [ 6] /lib/x86_64-linux-gnu/libc.so.6(__libc_calloc+0x81)[0x7f52ef02fbd1]
[hydra07:429454] [12] /lib/x86_64-linux-gnu/libc.so.6(__libc_start_main+0xea)[0x7f41c522ed7a]
[hydra07:429454] [13] /home/thesis/jheld/MPI_Syrk_implementation/build/src/MPI_SYRK_implementation(+0x232a)[0x55844a7a232a]
[hydra03:419692] [ 6] /lib/x86_64-linux-gnu/libc.so.6(__libc_calloc+0x81)[0x7f7de8e44bd1]
[hydra05:402372] [ 9] /opt/mpi/openmpi-4.1.4//lib/libmpi.so.40(PMPI_Group_incl+0x95)[0x7f6345096185]
[hydra05:402372] [10] /home/thesis/jheld/MPI_Syrk_implementation/build/src/MPI_SYRK_implementation(+0x841a)[0x55b75523a41a]
[hydra08:404734] [10] /home/thesis/jheld/MPI_Syrk_implementation/build/src/MPI_SYRK_implementation(+0x841a)[0x56331e8bb41a]
[hydra08:404734] [11] /home/thesis/jheld/MPI_Syrk_implementation/build/src/MPI_SYRK_implementation(+0x2ab0)[0x56331e8b5ab0]
[hydra11:382792] [ 9] /opt/mpi/openmpi-4.1.4//lib/libmpi.so.40(PMPI_Group_incl+0x95)[0x7f257f8ba185]
[hydra11:382792] [10] /home/thesis/jheld/MPI_Syrk_implementation/build/src/MPI_SYRK_implementation(+0x841a)[0x55fdd700041a]
[hydra10:515828] [ 5] /lib/x86_64-linux-gnu/libc.so.6(+0x8483c)[0x7f62cbb1683c]
[hydra02:594788] [13] /home/thesis/jheld/MPI_Syrk_implementation/build/src/MPI_SYRK_implementation(+0x232a)[0x5612cda0c32a]
[hydra02:594788] *** End of error message ***
[hydra04:418397] [ 8] /opt/mpi/openmpi-4.1.4//lib/libmpi.so.40(ompi_group_incl_plist+0x65)[0x7fd03355f915]
[hydra07:429454] *** End of error message ***
[hydra03:419691] [ 7] /opt/mpi/openmpi-4.1.4//lib/libmpi.so.40(ompi_group_allocate+0x17)[0x7f6de34fd1e7]
[hydra05:402372] [11] /home/thesis/jheld/MPI_Syrk_implementation/build/src/MPI_SYRK_implementation(+0x2ab0)[0x55b755234ab0]
[hydra08:404734] [12] /lib/x86_64-linux-gnu/libc.so.6(__libc_start_main+0xea)[0x7f03a1d37d7a]
[hydra08:404734] [13] /home/thesis/jheld/MPI_Syrk_implementation/build/src/MPI_SYRK_implementation(+0x232a)[0x56331e8b532a]
[hydra11:382792] [11] /home/thesis/jheld/MPI_Syrk_implementation/build/src/MPI_SYRK_implementation(+0x2ab0)[0x55fdd6ffaab0]
[hydra10:515827] [ 6] /lib/x86_64-linux-gnu/libc.so.6(__libc_calloc+0x81)[0x7f832b493bd1]
[hydra04:418396] [ 7] /opt/mpi/openmpi-4.1.4//lib/libmpi.so.40(ompi_group_allocate+0x17)[0x7f52f0efd1e7]
[hydra03:419692] [ 7] /opt/mpi/openmpi-4.1.4//lib/libmpi.so.40(ompi_group_allocate+0x17)[0x7f7dead121e7]
[hydra05:402373] [ 5] /lib/x86_64-linux-gnu/libc.so.6(+0x8483c)[0x7f5aed41983c]
[hydra08:404734] *** End of error message ***
[hydra11:382792] [12] /lib/x86_64-linux-gnu/libc.so.6(__libc_start_main+0xea)[0x7f257d958d7a]
[hydra11:382792] [13] /home/thesis/jheld/MPI_Syrk_implementation/build/src/MPI_SYRK_implementation(+0x232a)[0x55fdd6ffa32a]
[hydra10:515828] [ 6] /lib/x86_64-linux-gnu/libc.so.6(__libc_calloc+0x81)[0x7f62cbb18bd1]
[hydra04:418397] [ 9] /opt/mpi/openmpi-4.1.4//lib/libmpi.so.40(PMPI_Group_incl+0x95)[0x7fd033590185]
[hydra03:419691] [ 8] /opt/mpi/openmpi-4.1.4//lib/libmpi.so.40(ompi_group_incl_plist+0x65)[0x7f6de34fd915]
[hydra05:402372] [12] /lib/x86_64-linux-gnu/libc.so.6(__libc_start_main+0xea)[0x7f6343134d7a]
[hydra11:382792] *** End of error message ***
[hydra10:515827] [ 7] /opt/mpi/openmpi-4.1.4//lib/libmpi.so.40(ompi_group_allocate+0x17)[0x7f832d3611e7]
[hydra04:418396] [ 8] /opt/mpi/openmpi-4.1.4//lib/libmpi.so.40(ompi_group_incl_plist+0x65)[0x7f52f0efd915]
[hydra03:419692] [ 8] /opt/mpi/openmpi-4.1.4//lib/libmpi.so.40(ompi_group_incl_plist+0x65)[0x7f7dead12915]
[hydra05:402372] [13] /home/thesis/jheld/MPI_Syrk_implementation/build/src/MPI_SYRK_implementation(+0x232a)[0x55b75523432a]
[hydra05:402372] *** End of error message ***
[hydra10:515828] [ 7] /opt/mpi/openmpi-4.1.4//lib/libmpi.so.40(ompi_group_allocate+0x17)[0x7f62cd9e61e7]
[hydra03:419692] [ 9] /opt/mpi/openmpi-4.1.4//lib/libmpi.so.40(PMPI_Group_incl+0x95)[0x7f7dead43185]
[hydra05:402373] [ 6] /lib/x86_64-linux-gnu/libc.so.6(__libc_calloc+0x81)[0x7f5aed41bbd1]
[hydra10:515827] [ 8] /opt/mpi/openmpi-4.1.4//lib/libmpi.so.40(ompi_group_incl_plist+0x65)[0x7f832d361915]
[hydra05:402373] [ 7] /opt/mpi/openmpi-4.1.4//lib/libmpi.so.40(ompi_group_allocate+0x17)[0x7f5aef2e91e7]
[hydra10:515828] [ 8] /opt/mpi/openmpi-4.1.4//lib/libmpi.so.40(ompi_group_incl_plist+0x65)[0x7f62cd9e6915]
[hydra05:402373] [ 8] /opt/mpi/openmpi-4.1.4//lib/libmpi.so.40(ompi_group_incl_plist+0x65)[0x7f5aef2e9915]
[hydra10:515827] [ 9] /opt/mpi/openmpi-4.1.4//lib/libmpi.so.40(PMPI_Group_incl+0x95)[0x7f832d392185]
[hydra10:515827] [10] /home/thesis/jheld/MPI_Syrk_implementation/build/src/MPI_SYRK_implementation(+0x841a)[0x5603c54bb41a]
[hydra10:515828] [ 9] /opt/mpi/openmpi-4.1.4//lib/libmpi.so.40(PMPI_Group_incl+0x95)[0x7f62cda17185]
[hydra10:515828] [10] /home/thesis/jheld/MPI_Syrk_implementation/build/src/MPI_SYRK_implementation(+0x841a)[0x564d21e3641a]
[hydra10:515828] [11] /home/thesis/jheld/MPI_Syrk_implementation/build/src/MPI_SYRK_implementation(+0x2ab0)[0x564d21e30ab0]
[hydra10:515827] [11] /home/thesis/jheld/MPI_Syrk_implementation/build/src/MPI_SYRK_implementation(+0x2ab0)[0x5603c54b5ab0]
[hydra10:515827] [12] /lib/x86_64-linux-gnu/libc.so.6(__libc_start_main+0xea)[0x7f832b430d7a]
[hydra10:515827] [13] /home/thesis/jheld/MPI_Syrk_implementation/build/src/MPI_SYRK_implementation(+0x232a)[0x5603c54b532a]
[hydra10:515827] *** End of error message ***
[hydra10:515828] [12] /lib/x86_64-linux-gnu/libc.so.6(__libc_start_main+0xea)[0x7f62cbab5d7a]
[hydra10:515828] [13] /home/thesis/jheld/MPI_Syrk_implementation/build/src/MPI_SYRK_implementation(+0x232a)[0x564d21e3032a]
[hydra10:515828] *** End of error message ***
[hydra04:418397] [10] /home/thesis/jheld/MPI_Syrk_implementation/build/src/MPI_SYRK_implementation(+0x841a)[0x561d5ca3b41a]
[hydra04:418397] [11] /home/thesis/jheld/MPI_Syrk_implementation/build/src/MPI_SYRK_implementation(+0x2ab0)[0x561d5ca35ab0]
[hydra04:418397] [12] /lib/x86_64-linux-gnu/libc.so.6(__libc_start_main+0xea)[0x7fd03162ed7a]
[hydra05:402373] [ 9] /opt/mpi/openmpi-4.1.4//lib/libmpi.so.40(PMPI_Group_incl+0x95)[0x7f5aef31a185]
[hydra05:402373] [10] /home/thesis/jheld/MPI_Syrk_implementation/build/src/MPI_SYRK_implementation(+0x841a)[0x5560557f741a]
[hydra04:418396] [ 9] /opt/mpi/openmpi-4.1.4//lib/libmpi.so.40(PMPI_Group_incl+0x95)[0x7f52f0f2e185]
[hydra04:418396] [10] /home/thesis/jheld/MPI_Syrk_implementation/build/src/MPI_SYRK_implementation(+0x841a)[0x55f84a7c841a]
[hydra05:402373] [11] /home/thesis/jheld/MPI_Syrk_implementation/build/src/MPI_SYRK_implementation(+0x2ab0)[0x5560557f1ab0]
[hydra04:418397] [13] /home/thesis/jheld/MPI_Syrk_implementation/build/src/MPI_SYRK_implementation(+0x232a)[0x561d5ca3532a]
[hydra04:418397] *** End of error message ***
[hydra05:402373] [12] /lib/x86_64-linux-gnu/libc.so.6(__libc_start_main+0xea)[0x7f5aed3b8d7a]
[hydra05:402373] [13] /home/thesis/jheld/MPI_Syrk_implementation/build/src/MPI_SYRK_implementation(+0x232a)[0x5560557f132a]
[hydra05:402373] *** End of error message ***
[hydra04:418396] [11] /home/thesis/jheld/MPI_Syrk_implementation/build/src/MPI_SYRK_implementation(+0x2ab0)[0x55f84a7c2ab0]
[hydra04:418396] [12] /lib/x86_64-linux-gnu/libc.so.6(__libc_start_main+0xea)[0x7f52eefccd7a]
[hydra04:418396] [13] /home/thesis/jheld/MPI_Syrk_implementation/build/src/MPI_SYRK_implementation(+0x232a)[0x55f84a7c232a]
[hydra04:418396] *** End of error message ***
[hydra03:419691] [ 9] /opt/mpi/openmpi-4.1.4//lib/libmpi.so.40(PMPI_Group_incl+0x95)[0x7f6de352e185]
[hydra03:419691] [10] /home/thesis/jheld/MPI_Syrk_implementation/build/src/MPI_SYRK_implementation(+0x841a)[0x5627ad3c741a]
[hydra03:419691] [11] /home/thesis/jheld/MPI_Syrk_implementation/build/src/MPI_SYRK_implementation(+0x2ab0)[0x5627ad3c1ab0]
[hydra03:419692] [10] /home/thesis/jheld/MPI_Syrk_implementation/build/src/MPI_SYRK_implementation(+0x841a)[0x56018219d41a]
[hydra03:419692] [11] /home/thesis/jheld/MPI_Syrk_implementation/build/src/MPI_SYRK_implementation(+0x2ab0)[0x560182197ab0]
[hydra03:419691] [12] /lib/x86_64-linux-gnu/libc.so.6(__libc_start_main+0xea)[0x7f6de15ccd7a]
[hydra03:419691] [13] /home/thesis/jheld/MPI_Syrk_implementation/build/src/MPI_SYRK_implementation(+0x232a)[0x5627ad3c132a]
[hydra03:419692] [12] /lib/x86_64-linux-gnu/libc.so.6(__libc_start_main+0xea)[0x7f7de8de1d7a]
[hydra03:419692] [13] /home/thesis/jheld/MPI_Syrk_implementation/build/src/MPI_SYRK_implementation(+0x232a)[0x56018219732a]
[hydra03:419692] *** End of error message ***
[hydra03:419691] *** End of error message ***
srun: error: hydra09: task 25: Aborted
srun: error: hydra02: task 5: Aborted
srun: error: hydra06: task 17: Aborted
srun: error: hydra07: task 18: Aborted
srun: error: hydra11: task 31: Aborted
srun: error: hydra08: task 23: Aborted
srun: error: hydra12: task 35: Aborted
srun: error: hydra05: tasks 13-14: Aborted
srun: error: hydra10: tasks 27-28: Aborted
srun: error: hydra04: tasks 9-10: Aborted
srun: error: hydra03: tasks 7-8: Aborted
srun: error: hydra01: tasks 1-2: Aborted
slurmstepd: error:  mpi/pmix_v4: _errhandler: hydra06 [5]: pmixp_client_v2.c:211: Error handler invoked: status = -61, source = [slurm.pmix.5008705.0:17]
slurmstepd: error:  mpi/pmix_v4: _errhandler: hydra09 [8]: pmixp_client_v2.c:211: Error handler invoked: status = -61, source = [slurm.pmix.5008705.0:25]
slurmstepd: error:  mpi/pmix_v4: _errhandler: hydra11 [10]: pmixp_client_v2.c:211: Error handler invoked: status = -61, source = [slurm.pmix.5008705.0:31]
slurmstepd: error:  mpi/pmix_v4: _errhandler: hydra01 [0]: pmixp_client_v2.c:211: Error handler invoked: status = -61, source = [slurm.pmix.5008705.0:1]
slurmstepd: error:  mpi/pmix_v4: _errhandler: hydra02 [1]: pmixp_client_v2.c:211: Error handler invoked: status = -61, source = [slurm.pmix.5008705.0:5]
slurmstepd: error:  mpi/pmix_v4: _errhandler: hydra12 [11]: pmixp_client_v2.c:211: Error handler invoked: status = -61, source = [slurm.pmix.5008705.0:35]
slurmstepd: error:  mpi/pmix_v4: _errhandler: hydra05 [4]: pmixp_client_v2.c:211: Error handler invoked: status = -61, source = [slurm.pmix.5008705.0:13]
slurmstepd: error:  mpi/pmix_v4: _errhandler: hydra08 [7]: pmixp_client_v2.c:211: Error handler invoked: status = -61, source = [slurm.pmix.5008705.0:23]
slurmstepd: error:  mpi/pmix_v4: _errhandler: hydra04 [3]: pmixp_client_v2.c:211: Error handler invoked: status = -61, source = [slurm.pmix.5008705.0:10]
slurmstepd: error:  mpi/pmix_v4: _errhandler: hydra07 [6]: pmixp_client_v2.c:211: Error handler invoked: status = -61, source = [slurm.pmix.5008705.0:18]
slurmstepd: error: *** STEP 5008705.0 ON hydra01 CANCELLED AT 2025-10-13T15:42:21 ***
slurmstepd: error:  mpi/pmix_v4: _errhandler: hydra10 [9]: pmixp_client_v2.c:211: Error handler invoked: status = -61, source = [slurm.pmix.5008705.0:27]
srun: Job step aborted: Waiting up to 32 seconds for job step to finish.
srun: error: hydra10: task 29: Killed
srun: error: hydra04: task 11: Killed
srun: error: hydra03: task 6: Killed
srun: error: hydra05: task 12: Killed
srun: error: hydra01: task 0: Killed
srun: error: hydra06: tasks 15-16: Killed
srun: error: hydra12: tasks 33-34: Killed
srun: error: hydra11: tasks 30,32: Killed
srun: error: hydra09: tasks 24,26: Killed
srun: error: hydra02: tasks 3-4: Killed
srun: error: hydra07: tasks 19-20: Killed
srun: error: hydra08: tasks 21-22: Killed
⚠️ Warning: No runtime found for run 1
srun: Warning: can't honor --ntasks-per-node set to 1 which doesn't match the requested tasks 36 with the number of requested nodes 12. Ignoring --ntasks-per-node.
missing input file name --> Generate random input
malloc(): invalid size (unsorted)
malloc(): invalid size (unsorted)
[hydra11:382861] *** Process received signal ***
[hydra11:382861] Signal: Aborted (6)
[hydra11:382861] Signal code:  (-6)
malloc(): invalid size (unsorted)
[hydra01:915390] *** Process received signal ***
[hydra01:915390] Signal: Aborted (6)
[hydra01:915390] Signal code:  (-6)
malloc(): invalid size (unsorted)
[hydra01:915390] [ 0] /lib/x86_64-linux-gnu/libc.so.6(+0x38de0)[0x7f5daee2cde0]
malloc(): invalid size (unsorted)
[hydra09:395620] *** Process received signal ***
[hydra01:915390] [ 1] /lib/x86_64-linux-gnu/libc.so.6(gsignal+0x141)[0x7f5daee2cd61]
malloc(): invalid size (unsorted)
[hydra02:594870] *** Process received signal ***
[hydra01:915392] *** Process received signal ***
[hydra01:915392] Signal: Aborted (6)
[hydra01:915392] Signal code:  (-6)
[hydra01:915390] [ 2] /lib/x86_64-linux-gnu/libc.so.6(abort+0x123)[0x7f5daee16537]
[hydra01:915390] [ 3] /lib/x86_64-linux-gnu/libc.so.6(+0x7a468)[0x7f5daee6e468]
[hydra01:915390] [ 4] /lib/x86_64-linux-gnu/libc.so.6(+0x8175a)[0x7f5daee7575a]
malloc(): invalid size (unsorted)
[hydra07:429522] *** Process received signal ***
[hydra07:429522] Signal: Aborted (6)
[hydra07:429522] Signal code:  (-6)
malloc(): invalid size (unsorted)
[hydra12:382774] *** Process received signal ***
[hydra12:382774] Signal: Aborted (6)
[hydra12:382774] Signal code:  (-6)
malloc(): invalid size (unsorted)
malloc(): invalid size (unsorted)
[hydra03:419758] *** Process received signal ***
[hydra03:419758] Signal: Aborted (6)
[hydra03:419758] Signal code:  (-6)
malloc(): invalid size (unsorted)
[hydra12:382775] *** Process received signal ***
[hydra12:382775] Signal: Aborted (6)
[hydra12:382775] Signal code:  (-6)
[hydra01:915390] [ 5] /lib/x86_64-linux-gnu/libc.so.6(+0x8483c)[0x7f5daee7883c]
malloc(): invalid size (unsorted)
[hydra08:404802] *** Process received signal ***
[hydra08:404802] Signal: Aborted (6)
[hydra08:404802] Signal code:  (-6)
malloc(): invalid size (unsorted)
[hydra06:403143] *** Process received signal ***
[hydra06:403143] Signal: Aborted (6)
[hydra06:403143] Signal code:  (-6)
[hydra12:382773] *** Process received signal ***
[hydra12:382773] Signal: Aborted (6)
[hydra12:382773] Signal code:  (-6)
[hydra01:915392] [ 0] /lib/x86_64-linux-gnu/libc.so.6(+0x38de0)[0x7fb02b742de0]
[hydra12:382774] [ 0] /lib/x86_64-linux-gnu/libc.so.6(+0x38de0)[0x7fddef963de0]
[hydra01:915390] [ 6] /lib/x86_64-linux-gnu/libc.so.6(__libc_calloc+0x81)[0x7f5daee7abd1]
[hydra12:382773] [ 0] /lib/x86_64-linux-gnu/libc.so.6(+0x38de0)[0x7f0f259b6de0]
[hydra01:915392] [ 1] /lib/x86_64-linux-gnu/libc.so.6(gsignal+0x141)[0x7fb02b742d61]
malloc(): invalid size (unsorted)
[hydra04:418465] *** Process received signal ***
[hydra04:418465] Signal: Aborted (6)
[hydra04:418465] Signal code:  (-6)
[hydra12:382774] [ 1] /lib/x86_64-linux-gnu/libc.so.6(gsignal+0x141)[0x7fddef963d61]
malloc(): invalid size (unsorted)
[hydra10:515900] *** Process received signal ***
[hydra10:515900] Signal: Aborted (6)
[hydra10:515900] Signal code:  (-6)
[hydra01:915390] [ 7] /opt/mpi/openmpi-4.1.4//lib/libmpi.so.40(ompi_group_allocate+0x17)[0x7f5db0d481e7]
[hydra04:418464] *** Process received signal ***
[hydra04:418464] Signal: Aborted (6)
[hydra04:418464] Signal code:  (-6)
[hydra08:404802] [ 0] /lib/x86_64-linux-gnu/libc.so.6(+0x38de0)[0x7fe9b0fbede0]
[hydra12:382775] [ 0] /lib/x86_64-linux-gnu/libc.so.6(+0x38de0)[0x7febdaf6fde0]
[hydra01:915392] [ 2] /lib/x86_64-linux-gnu/libc.so.6(abort+0x123)[0x7fb02b72c537]
[hydra04:418465] [ 0] /lib/x86_64-linux-gnu/libc.so.6(+0x38de0)[0x7f401fc68de0]
[hydra12:382773] [ 1] /lib/x86_64-linux-gnu/libc.so.6(gsignal+0x141)[0x7f0f259b6d61]
[hydra01:915390] [ 8] /opt/mpi/openmpi-4.1.4//lib/libmpi.so.40(ompi_group_incl_plist+0x65)[0x7f5db0d48915]
[hydra04:418464] [ 0] /lib/x86_64-linux-gnu/libc.so.6(+0x38de0)[0x7f531341ade0]
[hydra08:404802] [ 1] /lib/x86_64-linux-gnu/libc.so.6(gsignal+0x141)[0x7fe9b0fbed61]
[hydra12:382774] [ 2] /lib/x86_64-linux-gnu/libc.so.6(abort+0x123)[0x7fddef94d537]
[hydra01:915392] [ 3] /lib/x86_64-linux-gnu/libc.so.6(+0x7a468)[0x7fb02b784468]
[hydra04:418465] [ 1] /lib/x86_64-linux-gnu/libc.so.6(gsignal+0x141)[0x7f401fc68d61]
[hydra08:404802] [ 2] /lib/x86_64-linux-gnu/libc.so.6(abort+0x123)[0x7fe9b0fa8537]
[hydra12:382773] [ 2] /lib/x86_64-linux-gnu/libc.so.6(abort+0x123)[0x7f0f259a0537]
[hydra11:382861] [ 0] /lib/x86_64-linux-gnu/libc.so.6(+0x38de0)[0x7f0458b7ade0]
[hydra01:915390] [ 9] /opt/mpi/openmpi-4.1.4//lib/libmpi.so.40(PMPI_Group_incl+0x95)[0x7f5db0d79185]
[hydra01:915390] [10] /home/thesis/jheld/MPI_Syrk_implementation/build/src/MPI_SYRK_implementation(+0x841a)[0x55ed8f4ef41a]
[hydra01:915390] [11] /home/thesis/jheld/MPI_Syrk_implementation/build/src/MPI_SYRK_implementation(+0x2ab0)[0x55ed8f4e9ab0]
[hydra04:418465] [ 2] /lib/x86_64-linux-gnu/libc.so.6(abort+0x123)[0x7f401fc52537]
[hydra12:382775] [ 1] /lib/x86_64-linux-gnu/libc.so.6(gsignal+0x141)[0x7febdaf6fd61]
[hydra11:382861] [ 1] /lib/x86_64-linux-gnu/libc.so.6(gsignal+0x141)[0x7f0458b7ad61]
[hydra01:915392] [ 4] /lib/x86_64-linux-gnu/libc.so.6(+0x8175a)[0x7fb02b78b75a]
[hydra04:418464] [ 1] /lib/x86_64-linux-gnu/libc.so.6(gsignal+0x141)[0x7f531341ad61]
[hydra08:404802] [ 3] /lib/x86_64-linux-gnu/libc.so.6(+0x7a468)[0x7fe9b1000468]
[hydra12:382774] [ 3] /lib/x86_64-linux-gnu/libc.so.6(+0x7a468)[0x7fddef9a5468]
[hydra11:382861] [ 2] /lib/x86_64-linux-gnu/libc.so.6(abort+0x123)[0x7f0458b64537]
[hydra01:915390] [12] /lib/x86_64-linux-gnu/libc.so.6(__libc_start_main+0xea)[0x7f5daee17d7a]
[hydra04:418464] [ 2] /lib/x86_64-linux-gnu/libc.so.6(abort+0x123)[0x7f5313404537]
[hydra12:382775] [ 2] /lib/x86_64-linux-gnu/libc.so.6(abort+0x123)[0x7febdaf59537]
[hydra11:382861] [ 3] /lib/x86_64-linux-gnu/libc.so.6(+0x7a468)[0x7f0458bbc468]
[hydra01:915390] [13] /home/thesis/jheld/MPI_Syrk_implementation/build/src/MPI_SYRK_implementation(+0x232a)[0x55ed8f4e932a]
[hydra01:915390] *** End of error message ***
[hydra04:418465] [ 3] /lib/x86_64-linux-gnu/libc.so.6(+0x7a468)[0x7f401fcaa468]
[hydra08:404802] [ 4] /lib/x86_64-linux-gnu/libc.so.6(+0x8175a)[0x7fe9b100775a]
malloc(): invalid size (unsorted)
[hydra12:382773] [ 3] /lib/x86_64-linux-gnu/libc.so.6(+0x7a468)[0x7f0f259f8468]
malloc(): invalid size (unsorted)
[hydra09:395620] Signal: Aborted (6)
[hydra09:395620] Signal code:  (-6)
[hydra01:915392] [ 5] /lib/x86_64-linux-gnu/libc.so.6(+0x8483c)[0x7fb02b78e83c]
[hydra04:418464] [ 3] /lib/x86_64-linux-gnu/libc.so.6(+0x7a468)[0x7f531345c468]
[hydra08:404802] [ 5] /lib/x86_64-linux-gnu/libc.so.6(+0x8483c)[0x7fe9b100a83c]
[hydra07:429524] *** Process received signal ***
[hydra12:382774] [ 4] /lib/x86_64-linux-gnu/libc.so.6(+0x8175a)[0x7fddef9ac75a]
[hydra11:382861] [ 4] /lib/x86_64-linux-gnu/libc.so.6(+0x8175a)[0x7f0458bc375a]
malloc(): invalid size (unsorted)
[hydra01:915392] [ 6] /lib/x86_64-linux-gnu/libc.so.6(__libc_calloc+0x81)[0x7fb02b790bd1]
[hydra04:418465] [ 4] /lib/x86_64-linux-gnu/libc.so.6(+0x8175a)[0x7f401fcb175a]
[hydra08:404802] [ 6] /lib/x86_64-linux-gnu/libc.so.6(__libc_calloc+0x81)[0x7fe9b100cbd1]
[hydra07:429522] [ 0] /lib/x86_64-linux-gnu/libc.so.6(+0x38de0)[0x7f59e7a0fde0]
[hydra12:382775] [ 3] /lib/x86_64-linux-gnu/libc.so.6(+0x7a468)[0x7febdafb1468]
[hydra02:594870] Signal: Aborted (6)
[hydra02:594870] Signal code:  (-6)
[hydra11:382859] *** Process received signal ***
[hydra09:395620] [ 0] /lib/x86_64-linux-gnu/libc.so.6(+0x38de0)[0x7f9acd985de0]
[hydra01:915392] [ 7] /opt/mpi/openmpi-4.1.4//lib/libmpi.so.40(ompi_group_allocate+0x17)[0x7fb02d65e1e7]
[hydra04:418464] [ 4] /lib/x86_64-linux-gnu/libc.so.6(+0x8175a)[0x7f531346375a]
[hydra08:404802] [ 7] /opt/mpi/openmpi-4.1.4//lib/libmpi.so.40(ompi_group_allocate+0x17)[0x7fe9b2eda1e7]
[hydra03:419758] [ 0] /lib/x86_64-linux-gnu/libc.so.6(+0x38de0)[0x7fac7a32bde0]
[hydra07:429524] Signal: Aborted (6)
[hydra07:429524] Signal code:  (-6)
[hydra12:382773] [ 4] /lib/x86_64-linux-gnu/libc.so.6(+0x8175a)[0x7f0f259ff75a]
[hydra02:594870] [ 0] /lib/x86_64-linux-gnu/libc.so.6(+0x38de0)[0x7f11c3c17de0]
[hydra11:382861] [ 5] /lib/x86_64-linux-gnu/libc.so.6(+0x8483c)[0x7f0458bc683c]
[hydra09:395621] *** Process received signal ***
[hydra01:915392] [ 8] /opt/mpi/openmpi-4.1.4//lib/libmpi.so.40(ompi_group_incl_plist+0x65)[0x7fb02d65e915]
[hydra04:418465] [ 5] /lib/x86_64-linux-gnu/libc.so.6(+0x8483c)[0x7f401fcb483c]
[hydra08:404802] [ 8] /opt/mpi/openmpi-4.1.4//lib/libmpi.so.40(ompi_group_incl_plist+0x65)[0x7fe9b2eda915]
[hydra03:419758] [ 1] /lib/x86_64-linux-gnu/libc.so.6(gsignal+0x141)[0x7fac7a32bd61]
[hydra07:429522] [ 1] /lib/x86_64-linux-gnu/libc.so.6(gsignal+0x141)[0x7f59e7a0fd61]
[hydra12:382774] [ 5] /lib/x86_64-linux-gnu/libc.so.6(+0x8483c)[0x7fddef9af83c]
[hydra02:594870] [ 1] /lib/x86_64-linux-gnu/libc.so.6(gsignal+0x141)[0x7f11c3c17d61]
[hydra11:382859] Signal: Aborted (6)
[hydra11:382859] Signal code:  (-6)
[hydra09:395620] [ 1] /lib/x86_64-linux-gnu/libc.so.6(gsignal+0x141)[0x7f9acd985d61]
[hydra01:915392] [ 9] /opt/mpi/openmpi-4.1.4//lib/libmpi.so.40(PMPI_Group_incl+0x95)[0x7fb02d68f185]
[hydra04:418464] [ 5] /lib/x86_64-linux-gnu/libc.so.6(+0x8483c)[0x7f531346683c]
[hydra08:404802] [ 9] /opt/mpi/openmpi-4.1.4//lib/libmpi.so.40(PMPI_Group_incl+0x95)[0x7fe9b2f0b185]
[hydra08:404802] [10] /home/thesis/jheld/MPI_Syrk_implementation/build/src/MPI_SYRK_implementation(+0x841a)[0x55e9ba4bb41a]
[hydra03:419758] [ 2] /lib/x86_64-linux-gnu/libc.so.6(abort+0x123)[0x7fac7a315537]
[hydra07:429522] [ 2] /lib/x86_64-linux-gnu/libc.so.6(abort+0x123)[0x7f59e79f9537]
[hydra12:382775] [ 4] /lib/x86_64-linux-gnu/libc.so.6(+0x8175a)[0x7febdafb875a]
[hydra02:594870] [ 2] /lib/x86_64-linux-gnu/libc.so.6(abort+0x123)[0x7f11c3c01537]
malloc(): invalid size (unsorted)
[hydra10:515901] *** Process received signal ***
[hydra10:515901] Signal: Aborted (6)
[hydra10:515901] Signal code:  (-6)
[hydra11:382861] [ 6] /lib/x86_64-linux-gnu/libc.so.6(__libc_calloc+0x81)[0x7f0458bc8bd1]
[hydra09:395621] Signal: Aborted (6)
[hydra09:395621] Signal code:  (-6)
[hydra01:915392] [10] /home/thesis/jheld/MPI_Syrk_implementation/build/src/MPI_SYRK_implementation(+0x841a)[0x5584b44d141a]
[hydra01:915392] [11] /home/thesis/jheld/MPI_Syrk_implementation/build/src/MPI_SYRK_implementation(+0x2ab0)[0x5584b44cbab0]
[hydra04:418465] [ 6] /lib/x86_64-linux-gnu/libc.so.6(__libc_calloc+0x81)[0x7f401fcb6bd1]
[hydra08:404802] [11] /home/thesis/jheld/MPI_Syrk_implementation/build/src/MPI_SYRK_implementation(+0x2ab0)[0x55e9ba4b5ab0]
[hydra03:419758] [ 3] /lib/x86_64-linux-gnu/libc.so.6(+0x7a468)[0x7fac7a36d468]
[hydra06:403143] [ 0] /lib/x86_64-linux-gnu/libc.so.6(+0x38de0)[0x7fba0d670de0]
[hydra07:429522] [ 3] /lib/x86_64-linux-gnu/libc.so.6(+0x7a468)[0x7f59e7a51468]
[hydra12:382773] [ 5] /lib/x86_64-linux-gnu/libc.so.6(+0x8483c)[0x7f0f25a0283c]
[hydra02:594870] [ 3] /lib/x86_64-linux-gnu/libc.so.6(+0x7a468)[0x7f11c3c59468]
[hydra10:515900] [ 0] /lib/x86_64-linux-gnu/libc.so.6(+0x38de0)[0x7f55af05fde0]
[hydra11:382861] [ 7] /opt/mpi/openmpi-4.1.4//lib/libmpi.so.40(ompi_group_allocate+0x17)[0x7f045aa961e7]
[hydra09:395620] [ 2] /lib/x86_64-linux-gnu/libc.so.6(abort+0x123)[0x7f9acd96f537]
[hydra01:915392] [12] /lib/x86_64-linux-gnu/libc.so.6(__libc_start_main+0xea)[0x7fb02b72dd7a]
[hydra01:915392] [13] /home/thesis/jheld/MPI_Syrk_implementation/build/src/MPI_SYRK_implementation(+0x232a)[0x5584b44cb32a]
[hydra01:915392] *** End of error message ***
[hydra04:418465] [ 7] /opt/mpi/openmpi-4.1.4//lib/libmpi.so.40(ompi_group_allocate+0x17)[0x7f4021b841e7]
[hydra08:404802] [12] /lib/x86_64-linux-gnu/libc.so.6(__libc_start_main+0xea)[0x7fe9b0fa9d7a]
[hydra03:419758] [ 4] /lib/x86_64-linux-gnu/libc.so.6(+0x8175a)[0x7fac7a37475a]
[hydra06:403143] [ 1] /lib/x86_64-linux-gnu/libc.so.6(gsignal+0x141)[0x7fba0d670d61]
[hydra07:429524] [ 0] /lib/x86_64-linux-gnu/libc.so.6(+0x38de0)[0x7f508d596de0]
[hydra12:382774] [ 6] /lib/x86_64-linux-gnu/libc.so.6(__libc_calloc+0x81)[0x7fddef9b1bd1]
[hydra02:594870] [ 4] /lib/x86_64-linux-gnu/libc.so.6(+0x8175a)[0x7f11c3c6075a]
[hydra10:515901] [ 0] /lib/x86_64-linux-gnu/libc.so.6(+0x38de0)[0x7fcfaf2b0de0]
[hydra11:382861] [ 8] /opt/mpi/openmpi-4.1.4//lib/libmpi.so.40(ompi_group_incl_plist+0x65)[0x7f045aa96915]
[hydra09:395620] [ 3] /lib/x86_64-linux-gnu/libc.so.6(+0x7a468)[0x7f9acd9c7468]
[hydra04:418464] [ 6] /lib/x86_64-linux-gnu/libc.so.6(__libc_calloc+0x81)[0x7f5313468bd1]
[hydra08:404802] [13] /home/thesis/jheld/MPI_Syrk_implementation/build/src/MPI_SYRK_implementation(+0x232a)[0x55e9ba4b532a]
[hydra08:404802] *** End of error message ***
[hydra03:419758] [ 5] /lib/x86_64-linux-gnu/libc.so.6(+0x8483c)[0x7fac7a37783c]
[hydra06:403143] [ 2] /lib/x86_64-linux-gnu/libc.so.6(abort+0x123)[0x7fba0d65a537]
[hydra07:429522] [ 4] /lib/x86_64-linux-gnu/libc.so.6(+0x8175a)[0x7f59e7a5875a]
[hydra12:382773] [ 6] /lib/x86_64-linux-gnu/libc.so.6(__libc_calloc+0x81)[0x7f0f25a04bd1]
[hydra02:594870] [ 5] /lib/x86_64-linux-gnu/libc.so.6(+0x8483c)[0x7f11c3c6383c]
[hydra10:515900] [ 1] /lib/x86_64-linux-gnu/libc.so.6(gsignal+0x141)[0x7f55af05fd61]
[hydra11:382859] [ 0] /lib/x86_64-linux-gnu/libc.so.6(+0x38de0)[0x7f8a5e307de0]
[hydra09:395620] [ 4] /lib/x86_64-linux-gnu/libc.so.6(+0x8175a)[0x7f9acd9ce75a]
[hydra04:418465] [ 8] /opt/mpi/openmpi-4.1.4//lib/libmpi.so.40(ompi_group_incl_plist+0x65)[0x7f4021b84915]
[hydra03:419758] [ 6] /lib/x86_64-linux-gnu/libc.so.6(__libc_calloc+0x81)[0x7fac7a379bd1]
[hydra06:403143] [ 3] /lib/x86_64-linux-gnu/libc.so.6(+0x7a468)[0x7fba0d6b2468]
[hydra07:429524] [ 1] /lib/x86_64-linux-gnu/libc.so.6(gsignal+0x141)[0x7f508d596d61]
[hydra12:382775] [ 5] /lib/x86_64-linux-gnu/libc.so.6(+0x8483c)[0x7febdafbb83c]
[hydra02:594870] [ 6] /lib/x86_64-linux-gnu/libc.so.6(__libc_calloc+0x81)[0x7f11c3c65bd1]
[hydra10:515901] [ 1] /lib/x86_64-linux-gnu/libc.so.6(gsignal+0x141)[0x7fcfaf2b0d61]
[hydra11:382861] [ 9] /opt/mpi/openmpi-4.1.4//lib/libmpi.so.40(PMPI_Group_incl+0x95)[0x7f045aac7185]
[hydra11:382861] [10] /home/thesis/jheld/MPI_Syrk_implementation/build/src/MPI_SYRK_implementation(+0x841a)[0x55f7bbe3841a]
[hydra09:395621] [ 0] /lib/x86_64-linux-gnu/libc.so.6(+0x38de0)[0x7f01ee740de0]
[hydra04:418464] [ 7] /opt/mpi/openmpi-4.1.4//lib/libmpi.so.40(ompi_group_allocate+0x17)[0x7f53153361e7]
[hydra03:419758] [ 7] /opt/mpi/openmpi-4.1.4//lib/libmpi.so.40(ompi_group_allocate+0x17)[0x7fac7c2471e7]
[hydra06:403143] [ 4] /lib/x86_64-linux-gnu/libc.so.6(+0x8175a)[0x7fba0d6b975a]
[hydra07:429522] [ 5] /lib/x86_64-linux-gnu/libc.so.6(+0x8483c)[0x7f59e7a5b83c]
[hydra12:382774] [ 7] /opt/mpi/openmpi-4.1.4//lib/libmpi.so.40(ompi_group_allocate+0x17)[0x7fddf187f1e7]
[hydra02:594870] [ 7] /opt/mpi/openmpi-4.1.4//lib/libmpi.so.40(ompi_group_allocate+0x17)[0x7f11c5b331e7]
[hydra10:515900] [ 2] /lib/x86_64-linux-gnu/libc.so.6(abort+0x123)[0x7f55af049537]
[hydra11:382859] [ 1] /lib/x86_64-linux-gnu/libc.so.6(gsignal+0x141)[0x7f8a5e307d61]
[hydra09:395620] [ 5] /lib/x86_64-linux-gnu/libc.so.6(+0x8483c)[0x7f9acd9d183c]
[hydra04:418464] [ 8] /opt/mpi/openmpi-4.1.4//lib/libmpi.so.40(ompi_group_incl_plist+0x65)[0x7f5315336915]
[hydra03:419758] [ 8] /opt/mpi/openmpi-4.1.4//lib/libmpi.so.40(ompi_group_incl_plist+0x65)[0x7fac7c247915]
[hydra06:403143] [ 5] /lib/x86_64-linux-gnu/libc.so.6(+0x8483c)[0x7fba0d6bc83c]
[hydra07:429524] [ 2] /lib/x86_64-linux-gnu/libc.so.6(abort+0x123)[0x7f508d580537]
[hydra12:382775] [ 6] /lib/x86_64-linux-gnu/libc.so.6(__libc_calloc+0x81)[0x7febdafbdbd1]
[hydra02:594870] [ 8] /opt/mpi/openmpi-4.1.4//lib/libmpi.so.40(ompi_group_incl_plist+0x65)[0x7f11c5b33915]
[hydra10:515901] [ 2] /lib/x86_64-linux-gnu/libc.so.6(abort+0x123)[0x7fcfaf29a537]
[hydra11:382861] [11] /home/thesis/jheld/MPI_Syrk_implementation/build/src/MPI_SYRK_implementation(+0x2ab0)[0x55f7bbe32ab0]
[hydra09:395621] [ 1] /lib/x86_64-linux-gnu/libc.so.6(gsignal+0x141)[0x7f01ee740d61]
[hydra04:418465] [ 9] /opt/mpi/openmpi-4.1.4//lib/libmpi.so.40(PMPI_Group_incl+0x95)[0x7f4021bb5185]
[hydra04:418465] [10] /home/thesis/jheld/MPI_Syrk_implementation/build/src/MPI_SYRK_implementation(+0x841a)[0x56386e02b41a]
[hydra04:418465] [11] /home/thesis/jheld/MPI_Syrk_implementation/build/src/MPI_SYRK_implementation(+0x2ab0)[0x56386e025ab0]
[hydra03:419758] [ 9] /opt/mpi/openmpi-4.1.4//lib/libmpi.so.40(PMPI_Group_incl+0x95)[0x7fac7c278185]
[hydra03:419758] [10] /home/thesis/jheld/MPI_Syrk_implementation/build/src/MPI_SYRK_implementation(+0x841a)[0x562c27d4d41a]
[hydra06:403143] [ 6] /lib/x86_64-linux-gnu/libc.so.6(__libc_calloc+0x81)[0x7fba0d6bebd1]
[hydra07:429522] [ 6] /lib/x86_64-linux-gnu/libc.so.6(__libc_calloc+0x81)[0x7f59e7a5dbd1]
[hydra12:382773] [ 7] /opt/mpi/openmpi-4.1.4//lib/libmpi.so.40(ompi_group_allocate+0x17)[0x7f0f278d21e7]
[hydra02:594870] [ 9] /opt/mpi/openmpi-4.1.4//lib/libmpi.so.40(PMPI_Group_incl+0x95)[0x7f11c5b64185]
[hydra02:594870] [10] /home/thesis/jheld/MPI_Syrk_implementation/build/src/MPI_SYRK_implementation(+0x841a)[0x55f460a3b41a]
[hydra10:515900] [ 3] /lib/x86_64-linux-gnu/libc.so.6(+0x7a468)[0x7f55af0a1468]
[hydra11:382861] [12] /lib/x86_64-linux-gnu/libc.so.6(__libc_start_main+0xea)[0x7f0458b65d7a]
[hydra11:382861] [13] /home/thesis/jheld/MPI_Syrk_implementation/build/src/MPI_SYRK_implementation(+0x232a)[0x55f7bbe3232a]
[hydra09:395620] [ 6] /lib/x86_64-linux-gnu/libc.so.6(__libc_calloc+0x81)[0x7f9acd9d3bd1]
[hydra04:418464] [ 9] /opt/mpi/openmpi-4.1.4//lib/libmpi.so.40(PMPI_Group_incl+0x95)[0x7f5315367185]
[hydra03:419758] [11] /home/thesis/jheld/MPI_Syrk_implementation/build/src/MPI_SYRK_implementation(+0x2ab0)[0x562c27d47ab0]
[hydra06:403143] [ 7] /opt/mpi/openmpi-4.1.4//lib/libmpi.so.40(ompi_group_allocate+0x17)[0x7fba0f58c1e7]
[hydra07:429524] [ 3] /lib/x86_64-linux-gnu/libc.so.6(+0x7a468)[0x7f508d5d8468]
[hydra12:382774] [ 8] /opt/mpi/openmpi-4.1.4//lib/libmpi.so.40(ompi_group_incl_plist+0x65)[0x7fddf187f915]
[hydra02:594870] [11] /home/thesis/jheld/MPI_Syrk_implementation/build/src/MPI_SYRK_implementation(+0x2ab0)[0x55f460a35ab0]
[hydra10:515901] [ 3] /lib/x86_64-linux-gnu/libc.so.6(+0x7a468)[0x7fcfaf2f2468]
[hydra11:382859] [ 2] /lib/x86_64-linux-gnu/libc.so.6(abort+0x123)[0x7f8a5e2f1537]
[hydra09:395621] [ 2] /lib/x86_64-linux-gnu/libc.so.6(abort+0x123)[0x7f01ee72a537]
[hydra04:418464] [10] /home/thesis/jheld/MPI_Syrk_implementation/build/src/MPI_SYRK_implementation(+0x841a)[0x55e24cf3641a]
[hydra04:418464] [11] /home/thesis/jheld/MPI_Syrk_implementation/build/src/MPI_SYRK_implementation(+0x2ab0)[0x55e24cf30ab0]
[hydra03:419758] [12] /lib/x86_64-linux-gnu/libc.so.6(__libc_start_main+0xea)[0x7fac7a316d7a]
[hydra03:419758] [13] /home/thesis/jheld/MPI_Syrk_implementation/build/src/MPI_SYRK_implementation(+0x232a)[0x562c27d4732a]
[hydra06:403143] [ 8] /opt/mpi/openmpi-4.1.4//lib/libmpi.so.40(ompi_group_incl_plist+0x65)[0x7fba0f58c915]
[hydra07:429522] [ 7] /opt/mpi/openmpi-4.1.4//lib/libmpi.so.40(ompi_group_allocate+0x17)[0x7f59e992b1e7]
[hydra12:382775] [ 7] /opt/mpi/openmpi-4.1.4//lib/libmpi.so.40(ompi_group_allocate+0x17)[0x7febdce8b1e7]
[hydra02:594870] [12] /lib/x86_64-linux-gnu/libc.so.6(__libc_start_main+0xea)[0x7f11c3c02d7a]
[hydra02:594870] [13] /home/thesis/jheld/MPI_Syrk_implementation/build/src/MPI_SYRK_implementation(+0x232a)[0x55f460a3532a]
[hydra10:515900] [ 4] /lib/x86_64-linux-gnu/libc.so.6(+0x8175a)[0x7f55af0a875a]
[hydra11:382861] *** End of error message ***
[hydra09:395620] [ 7] /opt/mpi/openmpi-4.1.4//lib/libmpi.so.40(ompi_group_allocate+0x17)[0x7f9acf8a11e7]
[hydra04:418465] [12] /lib/x86_64-linux-gnu/libc.so.6(__libc_start_main+0xea)[0x7f401fc53d7a]
[hydra04:418465] [13] /home/thesis/jheld/MPI_Syrk_implementation/build/src/MPI_SYRK_implementation(+0x232a)[0x56386e02532a]
[hydra04:418465] *** End of error message ***
[hydra03:419758] *** End of error message ***
[hydra06:403143] [ 9] /opt/mpi/openmpi-4.1.4//lib/libmpi.so.40(PMPI_Group_incl+0x95)[0x7fba0f5bd185]
[hydra06:403143] [10] /home/thesis/jheld/MPI_Syrk_implementation/build/src/MPI_SYRK_implementation(+0x841a)[0x5588abda141a]
[hydra07:429522] [ 8] /opt/mpi/openmpi-4.1.4//lib/libmpi.so.40(ompi_group_incl_plist+0x65)[0x7f59e992b915]
[hydra12:382773] [ 8] /opt/mpi/openmpi-4.1.4//lib/libmpi.so.40(ompi_group_incl_plist+0x65)[0x7f0f278d2915]
[hydra02:594870] *** End of error message ***
[hydra10:515901] [ 4] /lib/x86_64-linux-gnu/libc.so.6(+0x8175a)[0x7fcfaf2f975a]
[hydra11:382859] [ 3] /lib/x86_64-linux-gnu/libc.so.6(+0x7a468)[0x7f8a5e349468]
[hydra09:395621] [ 3] /lib/x86_64-linux-gnu/libc.so.6(+0x7a468)[0x7f01ee782468]
[hydra04:418464] [12] /lib/x86_64-linux-gnu/libc.so.6(__libc_start_main+0xea)[0x7f5313405d7a]
[hydra06:403143] [11] /home/thesis/jheld/MPI_Syrk_implementation/build/src/MPI_SYRK_implementation(+0x2ab0)[0x5588abd9bab0]
[hydra07:429524] [ 4] /lib/x86_64-linux-gnu/libc.so.6(+0x8175a)[0x7f508d5df75a]
[hydra12:382774] [ 9] /opt/mpi/openmpi-4.1.4//lib/libmpi.so.40(PMPI_Group_incl+0x95)[0x7fddf18b0185]
[hydra12:382774] [10] /home/thesis/jheld/MPI_Syrk_implementation/build/src/MPI_SYRK_implementation(+0x841a)[0x55d746db141a]
[hydra12:382774] [11] /home/thesis/jheld/MPI_Syrk_implementation/build/src/MPI_SYRK_implementation(+0x2ab0)[0x55d746dabab0]
[hydra10:515900] [ 5] /lib/x86_64-linux-gnu/libc.so.6(+0x8483c)[0x7f55af0ab83c]
[hydra09:395620] [ 8] /opt/mpi/openmpi-4.1.4//lib/libmpi.so.40(ompi_group_incl_plist+0x65)[0x7f9acf8a1915]
[hydra04:418464] [13] /home/thesis/jheld/MPI_Syrk_implementation/build/src/MPI_SYRK_implementation(+0x232a)[0x55e24cf3032a]
[hydra04:418464] *** End of error message ***
[hydra06:403143] [12] /lib/x86_64-linux-gnu/libc.so.6(__libc_start_main+0xea)[0x7fba0d65bd7a]
[hydra06:403143] [13] /home/thesis/jheld/MPI_Syrk_implementation/build/src/MPI_SYRK_implementation(+0x232a)[0x5588abd9b32a]
[hydra07:429522] [ 9] /opt/mpi/openmpi-4.1.4//lib/libmpi.so.40(PMPI_Group_incl+0x95)[0x7f59e995c185]
[hydra12:382775] [ 8] /opt/mpi/openmpi-4.1.4//lib/libmpi.so.40(ompi_group_incl_plist+0x65)[0x7febdce8b915]
[hydra10:515901] [ 5] /lib/x86_64-linux-gnu/libc.so.6(+0x8483c)[0x7fcfaf2fc83c]
[hydra09:395621] [ 4] /lib/x86_64-linux-gnu/libc.so.6(+0x8175a)[0x7f01ee78975a]
[hydra06:403143] *** End of error message ***
[hydra07:429522] [10] /home/thesis/jheld/MPI_Syrk_implementation/build/src/MPI_SYRK_implementation(+0x841a)[0x55710ea3341a]
[hydra07:429522] [11] /home/thesis/jheld/MPI_Syrk_implementation/build/src/MPI_SYRK_implementation(+0x2ab0)[0x55710ea2dab0]
[hydra12:382773] [ 9] /opt/mpi/openmpi-4.1.4//lib/libmpi.so.40(PMPI_Group_incl+0x95)[0x7f0f27903185]
[hydra12:382773] [10] /home/thesis/jheld/MPI_Syrk_implementation/build/src/MPI_SYRK_implementation(+0x841a)[0x5583cd32941a]
[hydra12:382773] [11] /home/thesis/jheld/MPI_Syrk_implementation/build/src/MPI_SYRK_implementation(+0x2ab0)[0x5583cd323ab0]
[hydra10:515900] [ 6] /lib/x86_64-linux-gnu/libc.so.6(__libc_calloc+0x81)[0x7f55af0adbd1]
[hydra09:395620] [ 9] /opt/mpi/openmpi-4.1.4//lib/libmpi.so.40(PMPI_Group_incl+0x95)[0x7f9acf8d2185]
[hydra07:429524] [ 5] /lib/x86_64-linux-gnu/libc.so.6(+0x8483c)[0x7f508d5e283c]
[hydra12:382774] [12] /lib/x86_64-linux-gnu/libc.so.6(__libc_start_main+0xea)[0x7fddef94ed7a]
[hydra12:382774] [13] /home/thesis/jheld/MPI_Syrk_implementation/build/src/MPI_SYRK_implementation(+0x232a)[0x55d746dab32a]
[hydra12:382774] *** End of error message ***
[hydra10:515901] [ 6] /lib/x86_64-linux-gnu/libc.so.6(__libc_calloc+0x81)[0x7fcfaf2febd1]
[hydra09:395620] [10] /home/thesis/jheld/MPI_Syrk_implementation/build/src/MPI_SYRK_implementation(+0x841a)[0x5585a4f6341a]
[hydra09:395620] [11] /home/thesis/jheld/MPI_Syrk_implementation/build/src/MPI_SYRK_implementation(+0x2ab0)[0x5585a4f5dab0]
[hydra07:429522] [12] /lib/x86_64-linux-gnu/libc.so.6(__libc_start_main+0xea)[0x7f59e79fad7a]
[hydra12:382775] [ 9] /opt/mpi/openmpi-4.1.4//lib/libmpi.so.40(PMPI_Group_incl+0x95)[0x7febdcebc185]
[hydra12:382775] [10] /home/thesis/jheld/MPI_Syrk_implementation/build/src/MPI_SYRK_implementation(+0x841a)[0x5574d003c41a]
[hydra12:382775] [11] /home/thesis/jheld/MPI_Syrk_implementation/build/src/MPI_SYRK_implementation(+0x2ab0)[0x5574d0036ab0]
[hydra10:515900] [ 7] /opt/mpi/openmpi-4.1.4//lib/libmpi.so.40(ompi_group_allocate+0x17)[0x7f55b0f7b1e7]
[hydra09:395621] [ 5] /lib/x86_64-linux-gnu/libc.so.6(+0x8483c)[0x7f01ee78c83c]
[hydra07:429524] [ 6] /lib/x86_64-linux-gnu/libc.so.6(__libc_calloc+0x81)[0x7f508d5e4bd1]
[hydra12:382773] [12] /lib/x86_64-linux-gnu/libc.so.6(__libc_start_main+0xea)[0x7f0f259a1d7a]
[hydra12:382773] [13] /home/thesis/jheld/MPI_Syrk_implementation/build/src/MPI_SYRK_implementation(+0x232a)[0x5583cd32332a]
[hydra12:382773] *** End of error message ***
[hydra10:515901] [ 7] /opt/mpi/openmpi-4.1.4//lib/libmpi.so.40(ompi_group_allocate+0x17)[0x7fcfb11cc1e7]
[hydra09:395620] [12] /lib/x86_64-linux-gnu/libc.so.6(__libc_start_main+0xea)[0x7f9acd970d7a]
[hydra09:395620] [13] /home/thesis/jheld/MPI_Syrk_implementation/build/src/MPI_SYRK_implementation(+0x232a)[0x5585a4f5d32a]
[hydra09:395620] *** End of error message ***
[hydra07:429522] [13] /home/thesis/jheld/MPI_Syrk_implementation/build/src/MPI_SYRK_implementation(+0x232a)[0x55710ea2d32a]
[hydra07:429522] *** End of error message ***
[hydra12:382775] [12] /lib/x86_64-linux-gnu/libc.so.6(__libc_start_main+0xea)[0x7febdaf5ad7a]
[hydra12:382775] [13] /home/thesis/jheld/MPI_Syrk_implementation/build/src/MPI_SYRK_implementation(+0x232a)[0x5574d003632a]
[hydra12:382775] *** End of error message ***
[hydra10:515900] [ 8] /opt/mpi/openmpi-4.1.4//lib/libmpi.so.40(ompi_group_incl_plist+0x65)[0x7f55b0f7b915]
[hydra07:429524] [ 7] /opt/mpi/openmpi-4.1.4//lib/libmpi.so.40(ompi_group_allocate+0x17)[0x7f508f4b21e7]
[hydra10:515901] [ 8] /opt/mpi/openmpi-4.1.4//lib/libmpi.so.40(ompi_group_incl_plist+0x65)[0x7fcfb11cc915]
[hydra07:429524] [ 8] /opt/mpi/openmpi-4.1.4//lib/libmpi.so.40(ompi_group_incl_plist+0x65)[0x7f508f4b2915]
[hydra10:515900] [ 9] /opt/mpi/openmpi-4.1.4//lib/libmpi.so.40(PMPI_Group_incl+0x95)[0x7f55b0fac185]
[hydra10:515900] [10] /home/thesis/jheld/MPI_Syrk_implementation/build/src/MPI_SYRK_implementation(+0x841a)[0x55a606dc241a]
[hydra10:515901] [ 9] /opt/mpi/openmpi-4.1.4//lib/libmpi.so.40(PMPI_Group_incl+0x95)[0x7fcfb11fd185]
[hydra10:515901] [10] /home/thesis/jheld/MPI_Syrk_implementation/build/src/MPI_SYRK_implementation(+0x841a)[0x561ace9b341a]
[hydra10:515901] [11] /home/thesis/jheld/MPI_Syrk_implementation/build/src/MPI_SYRK_implementation(+0x2ab0)[0x561ace9adab0]
[hydra10:515900] [11] /home/thesis/jheld/MPI_Syrk_implementation/build/src/MPI_SYRK_implementation(+0x2ab0)[0x55a606dbcab0]
[hydra10:515900] [12] /lib/x86_64-linux-gnu/libc.so.6(__libc_start_main+0xea)[0x7f55af04ad7a]
[hydra10:515900] [13] /home/thesis/jheld/MPI_Syrk_implementation/build/src/MPI_SYRK_implementation(+0x232a)[0x55a606dbc32a]
[hydra07:429524] [ 9] /opt/mpi/openmpi-4.1.4//lib/libmpi.so.40(PMPI_Group_incl+0x95)[0x7f508f4e3185]
[hydra07:429524] [10] /home/thesis/jheld/MPI_Syrk_implementation/build/src/MPI_SYRK_implementation(+0x841a)[0x563479f8141a]
[hydra07:429524] [11] /home/thesis/jheld/MPI_Syrk_implementation/build/src/MPI_SYRK_implementation(+0x2ab0)[0x563479f7bab0]
[hydra07:429524] [12] /lib/x86_64-linux-gnu/libc.so.6(__libc_start_main+0xea)[0x7f508d581d7a]
[hydra07:429524] [13] /home/thesis/jheld/MPI_Syrk_implementation/build/src/MPI_SYRK_implementation(+0x232a)[0x563479f7b32a]
[hydra07:429524] *** End of error message ***
[hydra10:515901] [12] /lib/x86_64-linux-gnu/libc.so.6(__libc_start_main+0xea)[0x7fcfaf29bd7a]
[hydra10:515901] [13] /home/thesis/jheld/MPI_Syrk_implementation/build/src/MPI_SYRK_implementation(+0x232a)[0x561ace9ad32a]
[hydra10:515901] *** End of error message ***
[hydra11:382859] [ 4] /lib/x86_64-linux-gnu/libc.so.6(+0x8175a)[0x7f8a5e35075a]
[hydra09:395621] [ 6] /lib/x86_64-linux-gnu/libc.so.6(__libc_calloc+0x81)[0x7f01ee78ebd1]
[hydra10:515900] *** End of error message ***
[hydra11:382859] [ 5] /lib/x86_64-linux-gnu/libc.so.6(+0x8483c)[0x7f8a5e35383c]
[hydra09:395621] [ 7] /opt/mpi/openmpi-4.1.4//lib/libmpi.so.40(ompi_group_allocate+0x17)[0x7f01f065c1e7]
[hydra11:382859] [ 6] /lib/x86_64-linux-gnu/libc.so.6(__libc_calloc+0x81)[0x7f8a5e355bd1]
[hydra09:395621] [ 8] /opt/mpi/openmpi-4.1.4//lib/libmpi.so.40(ompi_group_incl_plist+0x65)[0x7f01f065c915]
[hydra11:382859] [ 7] /opt/mpi/openmpi-4.1.4//lib/libmpi.so.40(ompi_group_allocate+0x17)[0x7f8a602231e7]
[hydra09:395621] [ 9] /opt/mpi/openmpi-4.1.4//lib/libmpi.so.40(PMPI_Group_incl+0x95)[0x7f01f068d185]
[hydra09:395621] [10] /home/thesis/jheld/MPI_Syrk_implementation/build/src/MPI_SYRK_implementation(+0x841a)[0x55db246e641a]
[hydra11:382859] [ 8] /opt/mpi/openmpi-4.1.4//lib/libmpi.so.40(ompi_group_incl_plist+0x65)[0x7f8a60223915]
[hydra09:395621] [11] /home/thesis/jheld/MPI_Syrk_implementation/build/src/MPI_SYRK_implementation(+0x2ab0)[0x55db246e0ab0]
[hydra11:382859] [ 9] /opt/mpi/openmpi-4.1.4//lib/libmpi.so.40(PMPI_Group_incl+0x95)[0x7f8a60254185]
[hydra11:382859] [10] /home/thesis/jheld/MPI_Syrk_implementation/build/src/MPI_SYRK_implementation(+0x841a)[0x561fdbcde41a]
[hydra09:395621] [12] /lib/x86_64-linux-gnu/libc.so.6(__libc_start_main+0xea)[0x7f01ee72bd7a]
[hydra09:395621] [13] /home/thesis/jheld/MPI_Syrk_implementation/build/src/MPI_SYRK_implementation(+0x232a)[0x55db246e032a]
[hydra11:382859] [11] /home/thesis/jheld/MPI_Syrk_implementation/build/src/MPI_SYRK_implementation(+0x2ab0)[0x561fdbcd8ab0]
[hydra09:395621] *** End of error message ***
[hydra11:382859] [12] /lib/x86_64-linux-gnu/libc.so.6(__libc_start_main+0xea)[0x7f8a5e2f2d7a]
[hydra11:382859] [13] /home/thesis/jheld/MPI_Syrk_implementation/build/src/MPI_SYRK_implementation(+0x232a)[0x561fdbcd832a]
[hydra11:382859] *** End of error message ***
srun: error: hydra06: task 15: Aborted
srun: error: hydra02: task 5: Aborted
srun: error: hydra08: task 23: Aborted
srun: error: hydra03: task 6: Aborted
srun: error: hydra01: tasks 0,2: Aborted
srun: error: hydra09: tasks 25-26: Aborted
srun: error: hydra11: tasks 30,32: Aborted
srun: error: hydra10: tasks 28-29: Aborted
srun: error: hydra04: tasks 9-10: Aborted
srun: error: hydra07: tasks 18,20: Aborted
srun: error: hydra12: tasks 33-35: Aborted
slurmstepd: error:  mpi/pmix_v4: _errhandler: hydra06 [5]: pmixp_client_v2.c:211: Error handler invoked: status = -61, source = [slurm.pmix.5008705.1:15]
slurmstepd: error:  mpi/pmix_v4: _errhandler: hydra02 [1]: pmixp_client_v2.c:211: Error handler invoked: status = -61, source = [slurm.pmix.5008705.1:5]
slurmstepd: error:  mpi/pmix_v4: _errhandler: hydra09 [8]: pmixp_client_v2.c:211: Error handler invoked: status = -61, source = [slurm.pmix.5008705.1:25]
slurmstepd: error:  mpi/pmix_v4: _errhandler: hydra07 [6]: pmixp_client_v2.c:211: Error handler invoked: status = -61, source = [slurm.pmix.5008705.1:20]
slurmstepd: error:  mpi/pmix_v4: _errhandler: hydra04 [3]: pmixp_client_v2.c:211: Error handler invoked: status = -61, source = [slurm.pmix.5008705.1:10]
slurmstepd: error:  mpi/pmix_v4: _errhandler: hydra11 [10]: pmixp_client_v2.c:211: Error handler invoked: status = -61, source = [slurm.pmix.5008705.1:32]
slurmstepd: error:  mpi/pmix_v4: _errhandler: hydra01 [0]: pmixp_client_v2.c:211: Error handler invoked: status = -61, source = [slurm.pmix.5008705.1:0]
slurmstepd: error:  mpi/pmix_v4: _errhandler: hydra08 [7]: pmixp_client_v2.c:211: Error handler invoked: status = -61, source = [slurm.pmix.5008705.1:23]
slurmstepd: error:  mpi/pmix_v4: _errhandler: hydra03 [2]: pmixp_client_v2.c:211: Error handler invoked: status = -61, source = [slurm.pmix.5008705.1:6]
slurmstepd: error: *** STEP 5008705.1 ON hydra01 CANCELLED AT 2025-10-13T15:42:23 ***
slurmstepd: error:  mpi/pmix_v4: _errhandler: hydra10 [9]: pmixp_client_v2.c:211: Error handler invoked: status = -61, source = [slurm.pmix.5008705.1:28]
srun: Job step aborted: Waiting up to 32 seconds for job step to finish.
srun: error: hydra07: task 19: Killed
srun: error: hydra01: task 1: Killed
srun: error: hydra11: task 31: Killed
srun: error: hydra04: task 11: Killed
srun: error: hydra10: task 27: Killed
srun: error: hydra09: task 24: Killed
srun: error: hydra06: tasks 16-17: Killed
srun: error: hydra02: tasks 3-4: Killed
srun: error: hydra03: tasks 7-8: Killed
srun: error: hydra05: tasks 12-14: Killed
srun: error: hydra08: tasks 21-22: Killed
⚠️ Warning: No runtime found for run 2
srun: Warning: can't honor --ntasks-per-node set to 1 which doesn't match the requested tasks 36 with the number of requested nodes 12. Ignoring --ntasks-per-node.
missing input file name --> Generate random input
malloc(): invalid size (unsorted)
[hydra12:382829] *** Process received signal ***
[hydra12:382829] Signal: Aborted (6)
[hydra12:382829] Signal code:  (-6)
malloc(): invalid size (unsorted)
[hydra01:915485] *** Process received signal ***
[hydra01:915485] Signal: Aborted (6)
[hydra01:915485] Signal code:  (-6)
malloc(): invalid size (unsorted)
[hydra11:382926] *** Process received signal ***
[hydra11:382926] Signal: Aborted (6)
[hydra11:382926] Signal code:  (-6)
malloc(): invalid size (unsorted)
[hydra01:915485] [ 0] /lib/x86_64-linux-gnu/libc.so.6(+0x38de0)[0x7f5b3ef82de0]
[hydra01:915486] *** Process received signal ***
[hydra01:915486] Signal: Aborted (6)
[hydra01:915486] Signal code:  (-6)
[hydra01:915485] [ 1] /lib/x86_64-linux-gnu/libc.so.6(gsignal+0x141)[0x7f5b3ef82d61]
malloc(): invalid size (unsorted)
[hydra05:402504] *** Process received signal ***
[hydra05:402504] Signal: Aborted (6)
[hydra05:402504] Signal code:  (-6)
[hydra01:915485] [ 2] /lib/x86_64-linux-gnu/libc.so.6(abort+0x123)[0x7f5b3ef6c537]
malloc(): invalid size (unsorted)
[hydra06:403210] *** Process received signal ***
[hydra06:403210] Signal: Aborted (6)
[hydra06:403210] Signal code:  (-6)
[hydra01:915485] [ 3] /lib/x86_64-linux-gnu/libc.so.6(+0x7a468)[0x7f5b3efc4468]
malloc(): invalid size (unsorted)
[hydra04:418530] *** Process received signal ***
[hydra04:418530] Signal: Aborted (6)
[hydra04:418530] Signal code:  (-6)
malloc(): invalid size (unsorted)
[hydra03:419823] *** Process received signal ***
[hydra03:419823] Signal: Aborted (6)
[hydra03:419823] Signal code:  (-6)
malloc(): invalid size (unsorted)
[hydra09:395684] *** Process received signal ***
[hydra09:395684] Signal: Aborted (6)
[hydra09:395684] Signal code:  (-6)
[hydra01:915485] [ 4] /lib/x86_64-linux-gnu/libc.so.6(+0x8175a)[0x7f5b3efcb75a]
malloc(): invalid size (unsorted)
[hydra07:429587] *** Process received signal ***
[hydra07:429587] Signal: Aborted (6)
[hydra07:429587] Signal code:  (-6)
[hydra01:915486] [ 0] /lib/x86_64-linux-gnu/libc.so.6(+0x38de0)[0x7f7b03e9fde0]
malloc(): invalid size (unsorted)
[hydra02:594948] *** Process received signal ***
[hydra02:594948] Signal: Aborted (6)
[hydra02:594948] Signal code:  (-6)
[hydra01:915485] [ 5] /lib/x86_64-linux-gnu/libc.so.6(+0x8483c)[0x7f5b3efce83c]
malloc(): invalid size (unsorted)
[hydra08:404867] *** Process received signal ***
[hydra08:404867] Signal: Aborted (6)
[hydra08:404867] Signal code:  (-6)
[hydra01:915486] [ 1] /lib/x86_64-linux-gnu/libc.so.6(gsignal+0x141)[0x7f7b03e9fd61]
[hydra01:915486] [ 2] /lib/x86_64-linux-gnu/libc.so.6(abort+0x123)[0x7f7b03e89537]
malloc(): invalid size (unsorted)
[hydra10:515969] *** Process received signal ***
[hydra10:515969] Signal: Aborted (6)
[hydra10:515969] Signal code:  (-6)
[hydra01:915485] [ 6] /lib/x86_64-linux-gnu/libc.so.6(__libc_calloc+0x81)[0x7f5b3efd0bd1]
[hydra01:915485] [ 7] /opt/mpi/openmpi-4.1.4//lib/libmpi.so.40(ompi_group_allocate+0x17)[0x7f5b40e9e1e7]
[hydra01:915486] [ 3] /lib/x86_64-linux-gnu/libc.so.6(+0x7a468)[0x7f7b03ee1468]
[hydra01:915485] [ 8] /opt/mpi/openmpi-4.1.4//lib/libmpi.so.40(ompi_group_incl_plist+0x65)[0x7f5b40e9e915]
[hydra01:915486] [ 4] /lib/x86_64-linux-gnu/libc.so.6(+0x8175a)[0x7f7b03ee875a]
[hydra12:382829] [ 0] /lib/x86_64-linux-gnu/libc.so.6(+0x38de0)[0x7fb7ae295de0]
malloc(): invalid size (unsorted)
[hydra05:402505] *** Process received signal ***
[hydra05:402505] Signal: Aborted (6)
[hydra05:402505] Signal code:  (-6)
[hydra01:915485] [ 9] /opt/mpi/openmpi-4.1.4//lib/libmpi.so.40(PMPI_Group_incl+0x95)[0x7f5b40ecf185]
[hydra01:915485] [10] /home/thesis/jheld/MPI_Syrk_implementation/build/src/MPI_SYRK_implementation(+0x841a)[0x55b5c6dd141a]
[hydra01:915485] [11] /home/thesis/jheld/MPI_Syrk_implementation/build/src/MPI_SYRK_implementation(+0x2ab0)[0x55b5c6dcbab0]
[hydra12:382829] [ 1] /lib/x86_64-linux-gnu/libc.so.6(gsignal+0x141)[0x7fb7ae295d61]
[hydra11:382926] [ 0] /lib/x86_64-linux-gnu/libc.so.6(+0x38de0)[0x7f720b47cde0]
malloc(): invalid size (unsorted)
[hydra01:915486] [ 5] /lib/x86_64-linux-gnu/libc.so.6(+0x8483c)[0x7f7b03eeb83c]
[hydra12:382829] [ 2] /lib/x86_64-linux-gnu/libc.so.6(abort+0x123)[0x7fb7ae27f537]
malloc(): invalid size (unsorted)
[hydra07:429588] *** Process received signal ***
[hydra07:429588] Signal: Aborted (6)
[hydra07:429588] Signal code:  (-6)
[hydra11:382926] [ 1] /lib/x86_64-linux-gnu/libc.so.6(gsignal+0x141)[0x7f720b47cd61]
[hydra05:402504] [ 0] /lib/x86_64-linux-gnu/libc.so.6(+0x38de0)[0x7f476615cde0]
[hydra01:915485] [12] /lib/x86_64-linux-gnu/libc.so.6(__libc_start_main+0xea)[0x7f5b3ef6dd7a]
[hydra01:915485] [13] /home/thesis/jheld/MPI_Syrk_implementation/build/src/MPI_SYRK_implementation(+0x232a)[0x55b5c6dcb32a]
[hydra01:915485] *** End of error message ***
[hydra12:382829] [ 3] /lib/x86_64-linux-gnu/libc.so.6(+0x7a468)[0x7fb7ae2d7468]
malloc(): invalid size (unsorted)
[hydra04:418529] *** Process received signal ***
[hydra04:418529] Signal: Aborted (6)
[hydra04:418529] Signal code:  (-6)
[hydra07:429587] [ 0] /lib/x86_64-linux-gnu/libc.so.6(+0x38de0)[0x7f06d8909de0]
[hydra11:382926] [ 2] /lib/x86_64-linux-gnu/libc.so.6(abort+0x123)[0x7f720b466537]
[hydra05:402505] [ 0] /lib/x86_64-linux-gnu/libc.so.6(+0x38de0)[0x7f5fac1dcde0]
[hydra01:915486] [ 6] /lib/x86_64-linux-gnu/libc.so.6(__libc_calloc+0x81)[0x7f7b03eedbd1]
[hydra12:382829] [ 4] /lib/x86_64-linux-gnu/libc.so.6(+0x8175a)[0x7fb7ae2de75a]
[hydra04:418530] [ 0] /lib/x86_64-linux-gnu/libc.so.6(+0x38de0)[0x7f5602c7fde0]
[hydra07:429588] [ 0] /lib/x86_64-linux-gnu/libc.so.6(+0x38de0)[0x7fdc4d3b5de0]
[hydra11:382926] [ 3] /lib/x86_64-linux-gnu/libc.so.6(+0x7a468)[0x7f720b4be468]
[hydra05:402506] *** Process received signal ***
[hydra05:402506] Signal: Aborted (6)
[hydra05:402506] Signal code:  (-6)
[hydra01:915486] [ 7] /opt/mpi/openmpi-4.1.4//lib/libmpi.so.40(ompi_group_allocate+0x17)[0x7f7b05dbb1e7]
malloc(): invalid size (unsorted)
[hydra02:594949] *** Process received signal ***
[hydra02:594949] Signal: Aborted (6)
[hydra02:594949] Signal code:  (-6)
[hydra12:382829] [ 5] /lib/x86_64-linux-gnu/libc.so.6(+0x8483c)[0x7fb7ae2e183c]
[hydra04:418530] [ 1] /lib/x86_64-linux-gnu/libc.so.6(gsignal+0x141)[0x7f5602c7fd61]
[hydra07:429587] [ 1] /lib/x86_64-linux-gnu/libc.so.6(gsignal+0x141)[0x7f06d8909d61]
malloc(): invalid size (unsorted)
[hydra05:402504] [ 1] /lib/x86_64-linux-gnu/libc.so.6(gsignal+0x141)[0x7f476615cd61]
[hydra01:915486] [ 8] /opt/mpi/openmpi-4.1.4//lib/libmpi.so.40(ompi_group_incl_plist+0x65)[0x7f7b05dbb915]
[hydra02:594948] [ 0] /lib/x86_64-linux-gnu/libc.so.6(+0x38de0)[0x7f133aecdde0]
[hydra12:382829] [ 6] /lib/x86_64-linux-gnu/libc.so.6(__libc_calloc+0x81)[0x7fb7ae2e3bd1]
[hydra04:418529] [ 0] /lib/x86_64-linux-gnu/libc.so.6(+0x38de0)[0x7feff5d31de0]
[hydra07:429588] [ 1] /lib/x86_64-linux-gnu/libc.so.6(gsignal+0x141)[0x7fdc4d3b5d61]
[hydra11:382926] [ 4] /lib/x86_64-linux-gnu/libc.so.6(+0x8175a)[0x7f720b4c575a]
[hydra05:402505] [ 1] /lib/x86_64-linux-gnu/libc.so.6(gsignal+0x141)[0x7f5fac1dcd61]
[hydra01:915486] [ 9] /opt/mpi/openmpi-4.1.4//lib/libmpi.so.40(PMPI_Group_incl+0x95)[0x7f7b05dec185]
[hydra01:915486] [10] /home/thesis/jheld/MPI_Syrk_implementation/build/src/MPI_SYRK_implementation(+0x841a)[0x55ec6915041a]
[hydra06:403210] [ 0] /lib/x86_64-linux-gnu/libc.so.6(+0x38de0)[0x7fbed4ce9de0]
[hydra02:594949] [ 0] /lib/x86_64-linux-gnu/libc.so.6(+0x38de0)[0x7f691095cde0]
[hydra12:382829] [ 7] /opt/mpi/openmpi-4.1.4//lib/libmpi.so.40(ompi_group_allocate+0x17)[0x7fb7b01b11e7]
[hydra04:418530] [ 2] /lib/x86_64-linux-gnu/libc.so.6(abort+0x123)[0x7f5602c69537]
[hydra07:429587] [ 2] /lib/x86_64-linux-gnu/libc.so.6(abort+0x123)[0x7f06d88f3537]
[hydra11:382924] *** Process received signal ***
[hydra05:402504] [ 2] /lib/x86_64-linux-gnu/libc.so.6(abort+0x123)[0x7f4766146537]
[hydra01:915486] [11] /home/thesis/jheld/MPI_Syrk_implementation/build/src/MPI_SYRK_implementation(+0x2ab0)[0x55ec6914aab0]
[hydra06:403210] [ 1] /lib/x86_64-linux-gnu/libc.so.6(gsignal+0x141)[0x7fbed4ce9d61]
[hydra02:594948] [ 1] /lib/x86_64-linux-gnu/libc.so.6(gsignal+0x141)[0x7f133aecdd61]
[hydra12:382829] [ 8] /opt/mpi/openmpi-4.1.4//lib/libmpi.so.40(ompi_group_incl_plist+0x65)[0x7fb7b01b1915]
[hydra04:418529] [ 1] /lib/x86_64-linux-gnu/libc.so.6(gsignal+0x141)[0x7feff5d31d61]
[hydra07:429588] [ 2] /lib/x86_64-linux-gnu/libc.so.6(abort+0x123)[0x7fdc4d39f537]
[hydra11:382926] [ 5] /lib/x86_64-linux-gnu/libc.so.6(+0x8483c)[0x7f720b4c883c]
[hydra05:402505] [ 2] /lib/x86_64-linux-gnu/libc.so.6(abort+0x123)[0x7f5fac1c6537]
[hydra01:915486] [12] /lib/x86_64-linux-gnu/libc.so.6(__libc_start_main+0xea)[0x7f7b03e8ad7a]
[hydra06:403210] [ 2] /lib/x86_64-linux-gnu/libc.so.6(abort+0x123)[0x7fbed4cd3537]
[hydra02:594949] [ 1] /lib/x86_64-linux-gnu/libc.so.6(gsignal+0x141)[0x7f691095cd61]
[hydra12:382829] [ 9] /opt/mpi/openmpi-4.1.4//lib/libmpi.so.40(PMPI_Group_incl+0x95)[0x7fb7b01e2185]
[hydra12:382829] [10] /home/thesis/jheld/MPI_Syrk_implementation/build/src/MPI_SYRK_implementation(+0x841a)[0x56299d2bf41a]
[hydra04:418529] [ 2] /lib/x86_64-linux-gnu/libc.so.6(abort+0x123)[0x7feff5d1b537]
[hydra08:404867] [ 0] /lib/x86_64-linux-gnu/libc.so.6(+0x38de0)[0x7fa3d4feede0]
[hydra07:429587] [ 3] /lib/x86_64-linux-gnu/libc.so.6(+0x7a468)[0x7f06d894b468]
[hydra11:382924] Signal: Aborted (6)
[hydra11:382924] Signal code:  (-6)
[hydra05:402505] [ 3] /lib/x86_64-linux-gnu/libc.so.6(+0x7a468)[0x7f5fac21e468]
[hydra01:915486] [13] /home/thesis/jheld/MPI_Syrk_implementation/build/src/MPI_SYRK_implementation(+0x232a)[0x55ec6914a32a]
[hydra01:915486] *** End of error message ***
[hydra06:403210] [ 3] /lib/x86_64-linux-gnu/libc.so.6(+0x7a468)[0x7fbed4d2b468]
[hydra02:594948] [ 2] /lib/x86_64-linux-gnu/libc.so.6(abort+0x123)[0x7f133aeb7537]
[hydra12:382829] [11] /home/thesis/jheld/MPI_Syrk_implementation/build/src/MPI_SYRK_implementation(+0x2ab0)[0x56299d2b9ab0]
[hydra04:418530] [ 3] /lib/x86_64-linux-gnu/libc.so.6(+0x7a468)[0x7f5602cc1468]
[hydra08:404867] [ 1] /lib/x86_64-linux-gnu/libc.so.6(gsignal+0x141)[0x7fa3d4feed61]
[hydra07:429588] [ 3] /lib/x86_64-linux-gnu/libc.so.6(+0x7a468)[0x7fdc4d3f7468]
[hydra11:382926] [ 6] /lib/x86_64-linux-gnu/libc.so.6(__libc_calloc+0x81)[0x7f720b4cabd1]
[hydra05:402504] [ 3] /lib/x86_64-linux-gnu/libc.so.6(+0x7a468)[0x7f476619e468]
[hydra06:403210] [ 4] /lib/x86_64-linux-gnu/libc.so.6(+0x8175a)[0x7fbed4d3275a]
[hydra02:594949] [ 2] /lib/x86_64-linux-gnu/libc.so.6(abort+0x123)[0x7f6910946537]
[hydra12:382829] [12] /lib/x86_64-linux-gnu/libc.so.6(__libc_start_main+0xea)[0x7fb7ae280d7a]
[hydra04:418529] [ 3] /lib/x86_64-linux-gnu/libc.so.6(+0x7a468)[0x7feff5d73468]
[hydra08:404867] [ 2] /lib/x86_64-linux-gnu/libc.so.6(abort+0x123)[0x7fa3d4fd8537]
[hydra03:419823] [ 0] /lib/x86_64-linux-gnu/libc.so.6(+0x38de0)[0x7f7c5a691de0]
[hydra07:429587] [ 4] /lib/x86_64-linux-gnu/libc.so.6(+0x8175a)[0x7f06d895275a]
[hydra11:382926] [ 7] /opt/mpi/openmpi-4.1.4//lib/libmpi.so.40(ompi_group_allocate+0x17)[0x7f720d3981e7]
[hydra05:402506] [ 0] /lib/x86_64-linux-gnu/libc.so.6(+0x38de0)[0x7f2a8be1bde0]
[hydra09:395684] [ 0] /lib/x86_64-linux-gnu/libc.so.6(+0x38de0)[0x7f20e6b6ade0]
[hydra06:403210] [ 5] /lib/x86_64-linux-gnu/libc.so.6(+0x8483c)[0x7fbed4d3583c]
[hydra02:594948] [ 3] /lib/x86_64-linux-gnu/libc.so.6(+0x7a468)[0x7f133af0f468]
[hydra12:382829] [13] /home/thesis/jheld/MPI_Syrk_implementation/build/src/MPI_SYRK_implementation(+0x232a)[0x56299d2b932a]
[hydra12:382829] *** End of error message ***
[hydra04:418530] [ 4] /lib/x86_64-linux-gnu/libc.so.6(+0x8175a)[0x7f5602cc875a]
[hydra08:404867] [ 3] /lib/x86_64-linux-gnu/libc.so.6(+0x7a468)[0x7fa3d5030468]
[hydra03:419823] [ 1] /lib/x86_64-linux-gnu/libc.so.6(gsignal+0x141)[0x7f7c5a691d61]
[hydra07:429588] [ 4] /lib/x86_64-linux-gnu/libc.so.6(+0x8175a)[0x7fdc4d3fe75a]
[hydra11:382926] [ 8] /opt/mpi/openmpi-4.1.4//lib/libmpi.so.40(ompi_group_incl_plist+0x65)[0x7f720d398915]
[hydra05:402504] [ 4] /lib/x86_64-linux-gnu/libc.so.6(+0x8175a)[0x7f47661a575a]
[hydra09:395684] [ 1] /lib/x86_64-linux-gnu/libc.so.6(gsignal+0x141)[0x7f20e6b6ad61]
[hydra06:403210] [ 6] /lib/x86_64-linux-gnu/libc.so.6(__libc_calloc+0x81)[0x7fbed4d37bd1]
[hydra02:594949] [ 3] /lib/x86_64-linux-gnu/libc.so.6(+0x7a468)[0x7f691099e468]
[hydra04:418529] [ 4] /lib/x86_64-linux-gnu/libc.so.6(+0x8175a)[0x7feff5d7a75a]
[hydra08:404867] [ 4] /lib/x86_64-linux-gnu/libc.so.6(+0x8175a)[0x7fa3d503775a]
[hydra03:419823] [ 2] /lib/x86_64-linux-gnu/libc.so.6(abort+0x123)[0x7f7c5a67b537]
[hydra07:429587] [ 5] /lib/x86_64-linux-gnu/libc.so.6(+0x8483c)[0x7f06d895583c]
[hydra11:382924] [ 0] /lib/x86_64-linux-gnu/libc.so.6(+0x38de0)[0x7f9bc899cde0]
[hydra05:402505] [ 4] /lib/x86_64-linux-gnu/libc.so.6(+0x8175a)[0x7f5fac22575a]
[hydra09:395684] [ 2] /lib/x86_64-linux-gnu/libc.so.6(abort+0x123)[0x7f20e6b54537]
[hydra06:403210] [ 7] /opt/mpi/openmpi-4.1.4//lib/libmpi.so.40(ompi_group_allocate+0x17)[0x7fbed6c051e7]
[hydra02:594948] [ 4] /lib/x86_64-linux-gnu/libc.so.6(+0x8175a)[0x7f133af1675a]
[hydra04:418530] [ 5] /lib/x86_64-linux-gnu/libc.so.6(+0x8483c)[0x7f5602ccb83c]
[hydra08:404867] [ 5] /lib/x86_64-linux-gnu/libc.so.6(+0x8483c)[0x7fa3d503a83c]
[hydra03:419823] [ 3] /lib/x86_64-linux-gnu/libc.so.6(+0x7a468)[0x7f7c5a6d3468]
[hydra07:429588] [ 5] /lib/x86_64-linux-gnu/libc.so.6(+0x8483c)[0x7fdc4d40183c]
[hydra11:382926] [ 9] /opt/mpi/openmpi-4.1.4//lib/libmpi.so.40(PMPI_Group_incl+0x95)[0x7f720d3c9185]
[hydra11:382926] [10] /home/thesis/jheld/MPI_Syrk_implementation/build/src/MPI_SYRK_implementation(+0x841a)[0x55b5970e541a]
[hydra11:382926] [11] /home/thesis/jheld/MPI_Syrk_implementation/build/src/MPI_SYRK_implementation(+0x2ab0)[0x55b5970dfab0]
[hydra05:402506] [ 1] /lib/x86_64-linux-gnu/libc.so.6(gsignal+0x141)[0x7f2a8be1bd61]
[hydra09:395684] [ 3] /lib/x86_64-linux-gnu/libc.so.6(+0x7a468)[0x7f20e6bac468]
[hydra10:515969] [ 0] /lib/x86_64-linux-gnu/libc.so.6(+0x38de0)[0x7f795f49bde0]
[hydra06:403210] [ 8] /opt/mpi/openmpi-4.1.4//lib/libmpi.so.40(ompi_group_incl_plist+0x65)[0x7fbed6c05915]
[hydra02:594949] [ 4] /lib/x86_64-linux-gnu/libc.so.6(+0x8175a)[0x7f69109a575a]
[hydra04:418529] [ 5] /lib/x86_64-linux-gnu/libc.so.6(+0x8483c)[0x7feff5d7d83c]
[hydra08:404867] [ 6] /lib/x86_64-linux-gnu/libc.so.6(__libc_calloc+0x81)[0x7fa3d503cbd1]
[hydra03:419823] [ 4] /lib/x86_64-linux-gnu/libc.so.6(+0x8175a)[0x7f7c5a6da75a]
[hydra07:429587] [ 6] /lib/x86_64-linux-gnu/libc.so.6(__libc_calloc+0x81)[0x7f06d8957bd1]
[hydra11:382924] [ 1] /lib/x86_64-linux-gnu/libc.so.6(gsignal+0x141)[0x7f9bc899cd61]
[hydra05:402504] [ 5] /lib/x86_64-linux-gnu/libc.so.6(+0x8483c)[0x7f47661a883c]
[hydra09:395684] [ 4] /lib/x86_64-linux-gnu/libc.so.6(+0x8175a)[0x7f20e6bb375a]
[hydra10:515969] [ 1] /lib/x86_64-linux-gnu/libc.so.6(gsignal+0x141)[0x7f795f49bd61]
[hydra06:403210] [ 9] /opt/mpi/openmpi-4.1.4//lib/libmpi.so.40(PMPI_Group_incl+0x95)[0x7fbed6c36185]
[hydra06:403210] [10] /home/thesis/jheld/MPI_Syrk_implementation/build/src/MPI_SYRK_implementation(+0x841a)[0x55f809ec441a]
[hydra02:594948] [ 5] /lib/x86_64-linux-gnu/libc.so.6(+0x8483c)[0x7f133af1983c]
[hydra04:418530] [ 6] /lib/x86_64-linux-gnu/libc.so.6(__libc_calloc+0x81)[0x7f5602ccdbd1]
[hydra08:404867] [ 7] /opt/mpi/openmpi-4.1.4//lib/libmpi.so.40(ompi_group_allocate+0x17)[0x7fa3d6f0a1e7]
[hydra03:419823] [ 5] /lib/x86_64-linux-gnu/libc.so.6(+0x8483c)[0x7f7c5a6dd83c]
[hydra07:429588] [ 6] /lib/x86_64-linux-gnu/libc.so.6(__libc_calloc+0x81)[0x7fdc4d403bd1]
[hydra11:382926] [12] /lib/x86_64-linux-gnu/libc.so.6(__libc_start_main+0xea)[0x7f720b467d7a]
[hydra11:382926] [13] /home/thesis/jheld/MPI_Syrk_implementation/build/src/MPI_SYRK_implementation(+0x232a)[0x55b5970df32a]
[hydra11:382926] *** End of error message ***
[hydra05:402505] [ 5] /lib/x86_64-linux-gnu/libc.so.6(+0x8483c)[0x7f5fac22883c]
[hydra09:395684] [ 5] /lib/x86_64-linux-gnu/libc.so.6(+0x8483c)[0x7f20e6bb683c]
[hydra10:515969] [ 2] /lib/x86_64-linux-gnu/libc.so.6(abort+0x123)[0x7f795f485537]
[hydra06:403210] [11] /home/thesis/jheld/MPI_Syrk_implementation/build/src/MPI_SYRK_implementation(+0x2ab0)[0x55f809ebeab0]
[hydra02:594949] [ 5] /lib/x86_64-linux-gnu/libc.so.6(+0x8483c)[0x7f69109a883c]
[hydra04:418530] [ 7] /opt/mpi/openmpi-4.1.4//lib/libmpi.so.40(ompi_group_allocate+0x17)[0x7f5604b9b1e7]
[hydra08:404867] [ 8] /opt/mpi/openmpi-4.1.4//lib/libmpi.so.40(ompi_group_incl_plist+0x65)[0x7fa3d6f0a915]
[hydra03:419823] [ 6] /lib/x86_64-linux-gnu/libc.so.6(__libc_calloc+0x81)[0x7f7c5a6dfbd1]
[hydra07:429587] [ 7] /opt/mpi/openmpi-4.1.4//lib/libmpi.so.40(ompi_group_allocate+0x17)[0x7f06da8251e7]
[hydra11:382924] [ 2] /lib/x86_64-linux-gnu/libc.so.6(abort+0x123)[0x7f9bc8986537]
[hydra05:402506] [ 2] /lib/x86_64-linux-gnu/libc.so.6(abort+0x123)[0x7f2a8be05537]
[hydra09:395684] [ 6] /lib/x86_64-linux-gnu/libc.so.6(__libc_calloc+0x81)[0x7f20e6bb8bd1]
[hydra10:515969] [ 3] /lib/x86_64-linux-gnu/libc.so.6(+0x7a468)[0x7f795f4dd468]
[hydra06:403210] [12] /lib/x86_64-linux-gnu/libc.so.6(__libc_start_main+0xea)[0x7fbed4cd4d7a]
[hydra06:403210] [13] /home/thesis/jheld/MPI_Syrk_implementation/build/src/MPI_SYRK_implementation(+0x232a)[0x55f809ebe32a]
[hydra02:594948] [ 6] /lib/x86_64-linux-gnu/libc.so.6(__libc_calloc+0x81)[0x7f133af1bbd1]
[hydra04:418529] [ 6] /lib/x86_64-linux-gnu/libc.so.6(__libc_calloc+0x81)[0x7feff5d7fbd1]
[hydra08:404867] [ 9] /opt/mpi/openmpi-4.1.4//lib/libmpi.so.40(PMPI_Group_incl+0x95)[0x7fa3d6f3b185]
[hydra03:419823] [ 7] /opt/mpi/openmpi-4.1.4//lib/libmpi.so.40(ompi_group_allocate+0x17)[0x7f7c5c5ad1e7]
[hydra07:429588] [ 7] /opt/mpi/openmpi-4.1.4//lib/libmpi.so.40(ompi_group_allocate+0x17)[0x7fdc4f2d11e7]
[hydra11:382924] [ 3] /lib/x86_64-linux-gnu/libc.so.6(+0x7a468)[0x7f9bc89de468]
[hydra05:402504] [ 6] /lib/x86_64-linux-gnu/libc.so.6(__libc_calloc+0x81)[0x7f47661aabd1]
[hydra09:395684] [ 7] /opt/mpi/openmpi-4.1.4//lib/libmpi.so.40(ompi_group_allocate+0x17)[0x7f20e8a861e7]
[hydra10:515969] [ 4] /lib/x86_64-linux-gnu/libc.so.6(+0x8175a)[0x7f795f4e475a]
[hydra06:403210] *** End of error message ***
[hydra02:594949] [ 6] /lib/x86_64-linux-gnu/libc.so.6(__libc_calloc+0x81)[0x7f69109aabd1]
[hydra04:418530] [ 8] /opt/mpi/openmpi-4.1.4//lib/libmpi.so.40(ompi_group_incl_plist+0x65)[0x7f5604b9b915]
[hydra08:404867] [10] /home/thesis/jheld/MPI_Syrk_implementation/build/src/MPI_SYRK_implementation(+0x841a)[0x55c80375a41a]
[hydra08:404867] [11] /home/thesis/jheld/MPI_Syrk_implementation/build/src/MPI_SYRK_implementation(+0x2ab0)[0x55c803754ab0]
[hydra03:419823] [ 8] /opt/mpi/openmpi-4.1.4//lib/libmpi.so.40(ompi_group_incl_plist+0x65)[0x7f7c5c5ad915]
[hydra07:429587] [ 8] /opt/mpi/openmpi-4.1.4//lib/libmpi.so.40(ompi_group_incl_plist+0x65)[0x7f06da825915]
[hydra11:382924] [ 4] /lib/x86_64-linux-gnu/libc.so.6(+0x8175a)[0x7f9bc89e575a]
[hydra05:402505] [ 6] /lib/x86_64-linux-gnu/libc.so.6(__libc_calloc+0x81)[0x7f5fac22abd1]
[hydra09:395684] [ 8] /opt/mpi/openmpi-4.1.4//lib/libmpi.so.40(ompi_group_incl_plist+0x65)[0x7f20e8a86915]
[hydra10:515969] [ 5] /lib/x86_64-linux-gnu/libc.so.6(+0x8483c)[0x7f795f4e783c]
[hydra02:594948] [ 7] /opt/mpi/openmpi-4.1.4//lib/libmpi.so.40(ompi_group_allocate+0x17)[0x7f133cde91e7]
[hydra04:418529] [ 7] /opt/mpi/openmpi-4.1.4//lib/libmpi.so.40(ompi_group_allocate+0x17)[0x7feff7c4d1e7]
[hydra08:404867] [12] /lib/x86_64-linux-gnu/libc.so.6(__libc_start_main+0xea)[0x7fa3d4fd9d7a]
[hydra08:404867] [13] /home/thesis/jheld/MPI_Syrk_implementation/build/src/MPI_SYRK_implementation(+0x232a)[0x55c80375432a]
[hydra03:419823] [ 9] /opt/mpi/openmpi-4.1.4//lib/libmpi.so.40(PMPI_Group_incl+0x95)[0x7f7c5c5de185]
[hydra03:419823] [10] /home/thesis/jheld/MPI_Syrk_implementation/build/src/MPI_SYRK_implementation(+0x841a)[0x55d5d875941a]
[hydra07:429588] [ 8] /opt/mpi/openmpi-4.1.4//lib/libmpi.so.40(ompi_group_incl_plist+0x65)[0x7fdc4f2d1915]
[hydra05:402505] [ 7] /opt/mpi/openmpi-4.1.4//lib/libmpi.so.40(ompi_group_allocate+0x17)[0x7f5fae0f81e7]
[hydra09:395684] [ 9] /opt/mpi/openmpi-4.1.4//lib/libmpi.so.40(PMPI_Group_incl+0x95)[0x7f20e8ab7185]
[hydra10:515969] [ 6] /lib/x86_64-linux-gnu/libc.so.6(__libc_calloc+0x81)[0x7f795f4e9bd1]
[hydra02:594949] [ 7] /opt/mpi/openmpi-4.1.4//lib/libmpi.so.40(ompi_group_allocate+0x17)[0x7f69128781e7]
[hydra04:418529] [ 8] /opt/mpi/openmpi-4.1.4//lib/libmpi.so.40(ompi_group_incl_plist+0x65)[0x7feff7c4d915]
[hydra08:404867] *** End of error message ***
[hydra03:419823] [11] /home/thesis/jheld/MPI_Syrk_implementation/build/src/MPI_SYRK_implementation(+0x2ab0)[0x55d5d8753ab0]
[hydra05:402506] [ 3] /lib/x86_64-linux-gnu/libc.so.6(+0x7a468)[0x7f2a8be5d468]
[hydra09:395684] [10] /home/thesis/jheld/MPI_Syrk_implementation/build/src/MPI_SYRK_implementation(+0x841a)[0x55b7c447041a]
[hydra09:395684] [11] /home/thesis/jheld/MPI_Syrk_implementation/build/src/MPI_SYRK_implementation(+0x2ab0)[0x55b7c446aab0]
[hydra10:515969] [ 7] /opt/mpi/openmpi-4.1.4//lib/libmpi.so.40(ompi_group_allocate+0x17)[0x7f79613b71e7]
[hydra02:594948] [ 8] /opt/mpi/openmpi-4.1.4//lib/libmpi.so.40(ompi_group_incl_plist+0x65)[0x7f133cde9915]
[hydra04:418530] [ 9] /opt/mpi/openmpi-4.1.4//lib/libmpi.so.40(PMPI_Group_incl+0x95)[0x7f5604bcc185]
[hydra04:418530] [10] /home/thesis/jheld/MPI_Syrk_implementation/build/src/MPI_SYRK_implementation(+0x841a)[0x55817dd6841a]
[hydra04:418530] [11] /home/thesis/jheld/MPI_Syrk_implementation/build/src/MPI_SYRK_implementation(+0x2ab0)[0x55817dd62ab0]
[hydra03:419823] [12] /lib/x86_64-linux-gnu/libc.so.6(__libc_start_main+0xea)[0x7f7c5a67cd7a]
[hydra03:419823] [13] /home/thesis/jheld/MPI_Syrk_implementation/build/src/MPI_SYRK_implementation(+0x232a)[0x55d5d875332a]
[hydra05:402504] [ 7] /opt/mpi/openmpi-4.1.4//lib/libmpi.so.40(ompi_group_allocate+0x17)[0x7f47680781e7]
[hydra05:402504] [ 8] /opt/mpi/openmpi-4.1.4//lib/libmpi.so.40(ompi_group_incl_plist+0x65)[0x7f4768078915]
[hydra09:395684] [12] /lib/x86_64-linux-gnu/libc.so.6(__libc_start_main+0xea)[0x7f20e6b55d7a]
[hydra09:395684] [13] /home/thesis/jheld/MPI_Syrk_implementation/build/src/MPI_SYRK_implementation(+0x232a)[0x55b7c446a32a]
[hydra10:515969] [ 8] /opt/mpi/openmpi-4.1.4//lib/libmpi.so.40(ompi_group_incl_plist+0x65)[0x7f79613b7915]
[hydra02:594949] [ 8] /opt/mpi/openmpi-4.1.4//lib/libmpi.so.40(ompi_group_incl_plist+0x65)[0x7f6912878915]
[hydra03:419823] *** End of error message ***
[hydra05:402505] [ 8] /opt/mpi/openmpi-4.1.4//lib/libmpi.so.40(ompi_group_incl_plist+0x65)[0x7f5fae0f8915]
[hydra09:395684] *** End of error message ***
[hydra10:515969] [ 9] /opt/mpi/openmpi-4.1.4//lib/libmpi.so.40(PMPI_Group_incl+0x95)[0x7f79613e8185]
[hydra02:594948] [ 9] /opt/mpi/openmpi-4.1.4//lib/libmpi.so.40(PMPI_Group_incl+0x95)[0x7f133ce1a185]
[hydra05:402506] [ 4] /lib/x86_64-linux-gnu/libc.so.6(+0x8175a)[0x7f2a8be6475a]
[hydra10:515969] [10] /home/thesis/jheld/MPI_Syrk_implementation/build/src/MPI_SYRK_implementation(+0x841a)[0x55f96c8cf41a]
[hydra10:515969] [11] /home/thesis/jheld/MPI_Syrk_implementation/build/src/MPI_SYRK_implementation(+0x2ab0)[0x55f96c8c9ab0]
[hydra02:594949] [ 9] /opt/mpi/openmpi-4.1.4//lib/libmpi.so.40(PMPI_Group_incl+0x95)[0x7f69128a9185]
[hydra02:594949] [10] /home/thesis/jheld/MPI_Syrk_implementation/build/src/MPI_SYRK_implementation(+0x841a)[0x55d0b13f041a]
[hydra02:594949] [11] /home/thesis/jheld/MPI_Syrk_implementation/build/src/MPI_SYRK_implementation(+0x2ab0)[0x55d0b13eaab0]
[hydra05:402505] [ 9] /opt/mpi/openmpi-4.1.4//lib/libmpi.so.40(PMPI_Group_incl+0x95)[0x7f5fae129185]
[hydra10:515969] [12] /lib/x86_64-linux-gnu/libc.so.6(__libc_start_main+0xea)[0x7f795f486d7a]
[hydra10:515969] [13] /home/thesis/jheld/MPI_Syrk_implementation/build/src/MPI_SYRK_implementation(+0x232a)[0x55f96c8c932a]
[hydra02:594948] [10] /home/thesis/jheld/MPI_Syrk_implementation/build/src/MPI_SYRK_implementation(+0x841a)[0x558113f4341a]
[hydra02:594948] [11] /home/thesis/jheld/MPI_Syrk_implementation/build/src/MPI_SYRK_implementation(+0x2ab0)[0x558113f3dab0]
[hydra05:402504] [ 9] /opt/mpi/openmpi-4.1.4//lib/libmpi.so.40(PMPI_Group_incl+0x95)[0x7f47680a9185]
[hydra05:402504] [10] /home/thesis/jheld/MPI_Syrk_implementation/build/src/MPI_SYRK_implementation(+0x841a)[0x55d22e04141a]
[hydra05:402504] [11] /home/thesis/jheld/MPI_Syrk_implementation/build/src/MPI_SYRK_implementation(+0x2ab0)[0x55d22e03bab0]
[hydra10:515969] *** End of error message ***
[hydra02:594949] [12] /lib/x86_64-linux-gnu/libc.so.6(__libc_start_main+0xea)[0x7f6910947d7a]
[hydra05:402505] [10] /home/thesis/jheld/MPI_Syrk_implementation/build/src/MPI_SYRK_implementation(+0x841a)[0x5584c51fb41a]
[hydra05:402505] [11] /home/thesis/jheld/MPI_Syrk_implementation/build/src/MPI_SYRK_implementation(+0x2ab0)[0x5584c51f5ab0]
[hydra02:594948] [12] /lib/x86_64-linux-gnu/libc.so.6(__libc_start_main+0xea)[0x7f133aeb8d7a]
[hydra02:594948] [13] /home/thesis/jheld/MPI_Syrk_implementation/build/src/MPI_SYRK_implementation(+0x232a)[0x558113f3d32a]
[hydra02:594948] *** End of error message ***
[hydra05:402506] [ 5] /lib/x86_64-linux-gnu/libc.so.6(+0x8483c)[0x7f2a8be6783c]
[hydra05:402506] [ 6] /lib/x86_64-linux-gnu/libc.so.6(__libc_calloc+0x81)[0x7f2a8be69bd1]
[hydra02:594949] [13] /home/thesis/jheld/MPI_Syrk_implementation/build/src/MPI_SYRK_implementation(+0x232a)[0x55d0b13ea32a]
[hydra02:594949] *** End of error message ***
[hydra05:402504] [12] /lib/x86_64-linux-gnu/libc.so.6(__libc_start_main+0xea)[0x7f4766147d7a]
[hydra05:402504] [13] /home/thesis/jheld/MPI_Syrk_implementation/build/src/MPI_SYRK_implementation(+0x232a)[0x55d22e03b32a]
[hydra05:402504] *** End of error message ***
[hydra05:402505] [12] /lib/x86_64-linux-gnu/libc.so.6(__libc_start_main+0xea)[0x7f5fac1c7d7a]
[hydra05:402505] [13] /home/thesis/jheld/MPI_Syrk_implementation/build/src/MPI_SYRK_implementation(+0x232a)[0x5584c51f532a]
[hydra05:402505] *** End of error message ***
[hydra05:402506] [ 7] /opt/mpi/openmpi-4.1.4//lib/libmpi.so.40(ompi_group_allocate+0x17)[0x7f2a8dd371e7]
[hydra05:402506] [ 8] /opt/mpi/openmpi-4.1.4//lib/libmpi.so.40(ompi_group_incl_plist+0x65)[0x7f2a8dd37915]
[hydra05:402506] [ 9] /opt/mpi/openmpi-4.1.4//lib/libmpi.so.40(PMPI_Group_incl+0x95)[0x7f2a8dd68185]
[hydra05:402506] [10] /home/thesis/jheld/MPI_Syrk_implementation/build/src/MPI_SYRK_implementation(+0x841a)[0x55786312441a]
[hydra05:402506] [11] /home/thesis/jheld/MPI_Syrk_implementation/build/src/MPI_SYRK_implementation(+0x2ab0)[0x55786311eab0]
[hydra05:402506] [12] /lib/x86_64-linux-gnu/libc.so.6(__libc_start_main+0xea)[0x7f2a8be06d7a]
[hydra05:402506] [13] /home/thesis/jheld/MPI_Syrk_implementation/build/src/MPI_SYRK_implementation(+0x232a)[0x55786311e32a]
[hydra05:402506] *** End of error message ***
[hydra11:382924] [ 5] /lib/x86_64-linux-gnu/libc.so.6(+0x8483c)[0x7f9bc89e883c]
[hydra11:382924] [ 6] /lib/x86_64-linux-gnu/libc.so.6(__libc_calloc+0x81)[0x7f9bc89eabd1]
[hydra04:418529] [ 9] /opt/mpi/openmpi-4.1.4//lib/libmpi.so.40(PMPI_Group_incl+0x95)[0x7feff7c7e185]
[hydra04:418529] [10] /home/thesis/jheld/MPI_Syrk_implementation/build/src/MPI_SYRK_implementation(+0x841a)[0x561e33fd241a]
[hydra04:418529] [11] /home/thesis/jheld/MPI_Syrk_implementation/build/src/MPI_SYRK_implementation(+0x2ab0)[0x561e33fccab0]
[hydra07:429587] [ 9] /opt/mpi/openmpi-4.1.4//lib/libmpi.so.40(PMPI_Group_incl+0x95)[0x7f06da856185]
[hydra11:382924] [ 7] /opt/mpi/openmpi-4.1.4//lib/libmpi.so.40(ompi_group_allocate+0x17)[0x7f9bca8b81e7]
[hydra04:418530] [12] /lib/x86_64-linux-gnu/libc.so.6(__libc_start_main+0xea)[0x7f5602c6ad7a]
[hydra04:418530] [13] /home/thesis/jheld/MPI_Syrk_implementation/build/src/MPI_SYRK_implementation(+0x232a)[0x55817dd6232a]
[hydra04:418530] *** End of error message ***
[hydra07:429588] [ 9] /opt/mpi/openmpi-4.1.4//lib/libmpi.so.40(PMPI_Group_incl+0x95)[0x7fdc4f302185]
[hydra07:429588] [10] /home/thesis/jheld/MPI_Syrk_implementation/build/src/MPI_SYRK_implementation(+0x841a)[0x55729660241a]
[hydra07:429588] [11] /home/thesis/jheld/MPI_Syrk_implementation/build/src/MPI_SYRK_implementation(+0x2ab0)[0x5572965fcab0]
[hydra11:382924] [ 8] /opt/mpi/openmpi-4.1.4//lib/libmpi.so.40(ompi_group_incl_plist+0x65)[0x7f9bca8b8915]
[hydra04:418529] [12] /lib/x86_64-linux-gnu/libc.so.6(__libc_start_main+0xea)[0x7feff5d1cd7a]
[hydra04:418529] [13] /home/thesis/jheld/MPI_Syrk_implementation/build/src/MPI_SYRK_implementation(+0x232a)[0x561e33fcc32a]
[hydra04:418529] *** End of error message ***
[hydra07:429587] [10] /home/thesis/jheld/MPI_Syrk_implementation/build/src/MPI_SYRK_implementation(+0x841a)[0x55b808b8141a]
[hydra07:429587] [11] /home/thesis/jheld/MPI_Syrk_implementation/build/src/MPI_SYRK_implementation(+0x2ab0)[0x55b808b7bab0]
[hydra11:382924] [ 9] /opt/mpi/openmpi-4.1.4//lib/libmpi.so.40(PMPI_Group_incl+0x95)[0x7f9bca8e9185]
[hydra07:429588] [12] /lib/x86_64-linux-gnu/libc.so.6(__libc_start_main+0xea)[0x7fdc4d3a0d7a]
[hydra07:429588] [13] /home/thesis/jheld/MPI_Syrk_implementation/build/src/MPI_SYRK_implementation(+0x232a)[0x5572965fc32a]
[hydra07:429588] *** End of error message ***
[hydra11:382924] [10] /home/thesis/jheld/MPI_Syrk_implementation/build/src/MPI_SYRK_implementation(+0x841a)[0x558a8b6fa41a]
[hydra11:382924] [11] /home/thesis/jheld/MPI_Syrk_implementation/build/src/MPI_SYRK_implementation(+0x2ab0)[0x558a8b6f4ab0]
[hydra07:429587] [12] /lib/x86_64-linux-gnu/libc.so.6(__libc_start_main+0xea)[0x7f06d88f4d7a]
[hydra07:429587] [13] /home/thesis/jheld/MPI_Syrk_implementation/build/src/MPI_SYRK_implementation(+0x232a)[0x55b808b7b32a]
[hydra11:382924] [12] /lib/x86_64-linux-gnu/libc.so.6(__libc_start_main+0xea)[0x7f9bc8987d7a]
[hydra11:382924] [13] /home/thesis/jheld/MPI_Syrk_implementation/build/src/MPI_SYRK_implementation(+0x232a)[0x558a8b6f432a]
[hydra07:429587] *** End of error message ***
[hydra11:382924] *** End of error message ***
srun: error: hydra12: task 35: Aborted
srun: error: hydra10: task 27: Aborted
srun: error: hydra06: task 17: Aborted
srun: error: hydra08: task 23: Aborted
srun: error: hydra03: task 6: Aborted
srun: error: hydra04: tasks 9-10: Aborted
srun: error: hydra07: tasks 18-19: Aborted
srun: error: hydra09: task 24: Aborted
srun: error: hydra11: tasks 30,32: Aborted
srun: error: hydra02: tasks 4-5: Aborted
srun: error: hydra05: tasks 12-14: Aborted
srun: error: hydra01: tasks 1-2: Aborted
slurmstepd: error:  mpi/pmix_v4: _errhandler: hydra03 [2]: pmixp_client_v2.c:211: Error handler invoked: status = -61, source = [slurm.pmix.5008705.2:6]
slurmstepd: error:  mpi/pmix_v4: _errhandler: hydra09 [8]: pmixp_client_v2.c:211: Error handler invoked: status = -61, source = [slurm.pmix.5008705.2:24]
slurmstepd: error:  mpi/pmix_v4: _errhandler: hydra06 [5]: pmixp_client_v2.c:211: Error handler invoked: status = -61, source = [slurm.pmix.5008705.2:17]
slurmstepd: error:  mpi/pmix_v4: _errhandler: hydra01 [0]: pmixp_client_v2.c:211: Error handler invoked: status = -61, source = [slurm.pmix.5008705.2:1]
slurmstepd: error:  mpi/pmix_v4: _errhandler: hydra12 [11]: pmixp_client_v2.c:211: Error handler invoked: status = -61, source = [slurm.pmix.5008705.2:35]
slurmstepd: error:  mpi/pmix_v4: _errhandler: hydra04 [3]: pmixp_client_v2.c:211: Error handler invoked: status = -61, source = [slurm.pmix.5008705.2:10]
slurmstepd: error:  mpi/pmix_v4: _errhandler: hydra11 [10]: pmixp_client_v2.c:211: Error handler invoked: status = -61, source = [slurm.pmix.5008705.2:32]
slurmstepd: error:  mpi/pmix_v4: _errhandler: hydra08 [7]: pmixp_client_v2.c:211: Error handler invoked: status = -61, source = [slurm.pmix.5008705.2:23]
slurmstepd: error:  mpi/pmix_v4: _errhandler: hydra10 [9]: pmixp_client_v2.c:211: Error handler invoked: status = -61, source = [slurm.pmix.5008705.2:27]
slurmstepd: error: *** STEP 5008705.2 ON hydra01 CANCELLED AT 2025-10-13T15:42:25 ***
srun: Job step aborted: Waiting up to 32 seconds for job step to finish.
srun: error: hydra07: task 20: Killed
srun: error: hydra01: task 0: Killed
srun: error: hydra02: task 3: Killed
srun: error: hydra11: task 31: Killed
srun: error: hydra04: task 11: Killed
srun: error: hydra12: tasks 33-34: Killed
srun: error: hydra10: tasks 28-29: Killed
srun: error: hydra03: tasks 7-8: Killed
srun: error: hydra08: tasks 21-22: Killed
srun: error: hydra06: tasks 15-16: Killed
srun: error: hydra09: tasks 25-26: Killed
⚠️ Warning: No runtime found for run 3
srun: Warning: can't honor --ntasks-per-node set to 1 which doesn't match the requested tasks 36 with the number of requested nodes 12. Ignoring --ntasks-per-node.
missing input file name --> Generate random input
malloc(): invalid size (unsorted)
[hydra11:382988] *** Process received signal ***
[hydra11:382988] Signal: Aborted (6)
[hydra11:382988] Signal code:  (-6)
malloc(): invalid size (unsorted)
[hydra12:382891] *** Process received signal ***
[hydra12:382891] Signal: Aborted (6)
[hydra12:382891] Signal code:  (-6)
malloc(): invalid size (unsorted)
[hydra07:429649] *** Process received signal ***
[hydra11:382988] [ 0] /lib/x86_64-linux-gnu/libc.so.6(+0x38de0)[0x7f7f51adfde0]
[hydra11:382988] [ 1] /lib/x86_64-linux-gnu/libc.so.6(gsignal+0x141)[0x7f7f51adfd61]
malloc(): invalid size (unsorted)
[hydra01:915575] *** Process received signal ***
[hydra01:915575] Signal: Aborted (6)
[hydra01:915575] Signal code:  (-6)
[hydra11:382988] [ 2] /lib/x86_64-linux-gnu/libc.so.6(abort+0x123)[0x7f7f51ac9537]
malloc(): invalid size (unsorted)
[hydra09:395746] *** Process received signal ***
[hydra09:395746] Signal: Aborted (6)
[hydra09:395746] Signal code:  (-6)
malloc(): invalid size (unsorted)
[hydra03:419886] *** Process received signal ***
[hydra03:419886] Signal: Aborted (6)
[hydra03:419886] Signal code:  (-6)
malloc(): invalid size (unsorted)
[hydra02:595023] *** Process received signal ***
[hydra02:595023] Signal: Aborted (6)
[hydra02:595023] Signal code:  (-6)
[hydra11:382988] [ 3] /lib/x86_64-linux-gnu/libc.so.6(+0x7a468)[0x7f7f51b21468]
malloc(): invalid size (unsorted)
[hydra04:418593] *** Process received signal ***
[hydra04:418593] Signal: Aborted (6)
[hydra04:418593] Signal code:  (-6)
malloc(): invalid size (unsorted)
[hydra08:404929] *** Process received signal ***
[hydra08:404929] Signal: Aborted (6)
[hydra08:404929] Signal code:  (-6)
[hydra01:915575] [ 0] /lib/x86_64-linux-gnu/libc.so.6(+0x38de0)[0x7f3ae721ede0]
malloc(): invalid size (unsorted)
[hydra01:915575] [ 1] /lib/x86_64-linux-gnu/libc.so.6(gsignal+0x141)[0x7f3ae721ed61]
[hydra11:382988] [ 4] /lib/x86_64-linux-gnu/libc.so.6(+0x8175a)[0x7f7f51b2875a]
[hydra01:915575] [ 2] /lib/x86_64-linux-gnu/libc.so.6(abort+0x123)[0x7f3ae7208537]
malloc(): invalid size (unsorted)
[hydra05:402558] *** Process received signal ***
[hydra05:402558] Signal: Aborted (6)
[hydra05:402558] Signal code:  (-6)
[hydra11:382986] *** Process received signal ***
[hydra01:915575] [ 3] /lib/x86_64-linux-gnu/libc.so.6(+0x7a468)[0x7f3ae7260468]
[hydra02:595023] [ 0] /lib/x86_64-linux-gnu/libc.so.6(+0x38de0)[0x7f0b0cdfdde0]
[hydra08:404929] [ 0] /lib/x86_64-linux-gnu/libc.so.6(+0x38de0)[0x7f89f3dd5de0]
[hydra11:382988] [ 5] /lib/x86_64-linux-gnu/libc.so.6(+0x8483c)[0x7f7f51b2b83c]
[hydra02:595023] [ 1] /lib/x86_64-linux-gnu/libc.so.6(gsignal+0x141)[0x7f0b0cdfdd61]
[hydra11:382986] Signal: Aborted (6)
[hydra11:382986] Signal code:  (-6)
[hydra01:915575] [ 4] /lib/x86_64-linux-gnu/libc.so.6(+0x8175a)[0x7f3ae726775a]
[hydra02:595023] [ 2] /lib/x86_64-linux-gnu/libc.so.6(abort+0x123)[0x7f0b0cde7537]
[hydra08:404929] [ 1] /lib/x86_64-linux-gnu/libc.so.6(gsignal+0x141)[0x7f89f3dd5d61]
[hydra11:382988] [ 6] /lib/x86_64-linux-gnu/libc.so.6(__libc_calloc+0x81)[0x7f7f51b2dbd1]
malloc(): invalid size (unsorted)
[hydra10:516035] *** Process received signal ***
[hydra10:516035] Signal: Aborted (6)
[hydra10:516035] Signal code:  (-6)
[hydra02:595023] [ 3] /lib/x86_64-linux-gnu/libc.so.6(+0x7a468)[0x7f0b0ce3f468]
[hydra11:382988] [ 7] /opt/mpi/openmpi-4.1.4//lib/libmpi.so.40(ompi_group_allocate+0x17)[0x7f7f539fb1e7]
[hydra01:915575] [ 5] /lib/x86_64-linux-gnu/libc.so.6(+0x8483c)[0x7f3ae726a83c]
[hydra05:402558] [ 0] /lib/x86_64-linux-gnu/libc.so.6(+0x38de0)[0x7f82fc516de0]
[hydra02:595023] [ 4] /lib/x86_64-linux-gnu/libc.so.6(+0x8175a)[0x7f0b0ce4675a]
[hydra08:404929] [ 2] /lib/x86_64-linux-gnu/libc.so.6(abort+0x123)[0x7f89f3dbf537]
[hydra11:382988] [ 8] /opt/mpi/openmpi-4.1.4//lib/libmpi.so.40(ompi_group_incl_plist+0x65)[0x7f7f539fb915]
[hydra12:382891] [ 0] /lib/x86_64-linux-gnu/libc.so.6(+0x38de0)[0x7f1f889a8de0]
[hydra01:915575] [ 6] /lib/x86_64-linux-gnu/libc.so.6(__libc_calloc+0x81)[0x7f3ae726cbd1]
[hydra05:402558] [ 1] /lib/x86_64-linux-gnu/libc.so.6(gsignal+0x141)[0x7f82fc516d61]
[hydra11:382986] [ 0] /lib/x86_64-linux-gnu/libc.so.6(+0x38de0)[0x7f5affa1cde0]
[hydra12:382891] [ 1] /lib/x86_64-linux-gnu/libc.so.6(gsignal+0x141)[0x7f1f889a8d61]
[hydra01:915575] [ 7] /opt/mpi/openmpi-4.1.4//lib/libmpi.so.40(ompi_group_allocate+0x17)[0x7f3ae913a1e7]
[hydra05:402558] [ 2] /lib/x86_64-linux-gnu/libc.so.6(abort+0x123)[0x7f82fc500537]
[hydra02:595023] [ 5] /lib/x86_64-linux-gnu/libc.so.6(+0x8483c)[0x7f0b0ce4983c]
[hydra08:404929] [ 3] /lib/x86_64-linux-gnu/libc.so.6(+0x7a468)[0x7f89f3e17468]
[hydra11:382988] [ 9] /opt/mpi/openmpi-4.1.4//lib/libmpi.so.40(PMPI_Group_incl+0x95)[0x7f7f53a2c185]
[hydra11:382988] [10] /home/thesis/jheld/MPI_Syrk_implementation/build/src/MPI_SYRK_implementation(+0x841a)[0x55d0bc4ad41a]
[hydra11:382988] [11] /home/thesis/jheld/MPI_Syrk_implementation/build/src/MPI_SYRK_implementation(+0x2ab0)[0x55d0bc4a7ab0]
[hydra12:382891] [ 2] /lib/x86_64-linux-gnu/libc.so.6(abort+0x123)[0x7f1f88992537]
malloc(): invalid size (unsorted)
[hydra09:395747] *** Process received signal ***
[hydra09:395747] Signal: Aborted (6)
[hydra09:395747] Signal code:  (-6)
[hydra01:915575] [ 8] /opt/mpi/openmpi-4.1.4//lib/libmpi.so.40(ompi_group_incl_plist+0x65)[0x7f3ae913a915]
[hydra05:402558] [ 3] /lib/x86_64-linux-gnu/libc.so.6(+0x7a468)[0x7f82fc558468]
[hydra02:595023] [ 6] /lib/x86_64-linux-gnu/libc.so.6(__libc_calloc+0x81)[0x7f0b0ce4bbd1]
[hydra08:404929] [ 4] /lib/x86_64-linux-gnu/libc.so.6(+0x8175a)[0x7f89f3e1e75a]
[hydra11:382986] [ 1] /lib/x86_64-linux-gnu/libc.so.6(gsignal+0x141)[0x7f5affa1cd61]
[hydra12:382891] [ 3] /lib/x86_64-linux-gnu/libc.so.6(+0x7a468)[0x7f1f889ea468]
[hydra07:429649] Signal: Aborted (6)
[hydra07:429649] Signal code:  (-6)
[hydra09:395746] [ 0] /lib/x86_64-linux-gnu/libc.so.6(+0x38de0)[0x7f89746a1de0]
[hydra01:915575] [ 9] /opt/mpi/openmpi-4.1.4//lib/libmpi.so.40(PMPI_Group_incl+0x95)[0x7f3ae916b185]
[hydra01:915575] [10] /home/thesis/jheld/MPI_Syrk_implementation/build/src/MPI_SYRK_implementation(+0x841a)[0x556b9666841a]
[hydra05:402558] [ 4] /lib/x86_64-linux-gnu/libc.so.6(+0x8175a)[0x7f82fc55f75a]
[hydra02:595023] [ 7] /opt/mpi/openmpi-4.1.4//lib/libmpi.so.40(ompi_group_allocate+0x17)[0x7f0b0ed191e7]
[hydra08:404929] [ 5] /lib/x86_64-linux-gnu/libc.so.6(+0x8483c)[0x7f89f3e2183c]
[hydra11:382988] [12] /lib/x86_64-linux-gnu/libc.so.6(__libc_start_main+0xea)[0x7f7f51acad7a]
[hydra11:382988] [13] /home/thesis/jheld/MPI_Syrk_implementation/build/src/MPI_SYRK_implementation(+0x232a)[0x55d0bc4a732a]
[hydra11:382988] *** End of error message ***
[hydra12:382891] [ 4] /lib/x86_64-linux-gnu/libc.so.6(+0x8175a)[0x7f1f889f175a]
malloc(): invalid size (unsorted)
[hydra09:395747] [ 0] /lib/x86_64-linux-gnu/libc.so.6(+0x38de0)[0x7f1b953c5de0]
[hydra01:915575] [11] /home/thesis/jheld/MPI_Syrk_implementation/build/src/MPI_SYRK_implementation(+0x2ab0)[0x556b96662ab0]
[hydra05:402558] [ 5] /lib/x86_64-linux-gnu/libc.so.6(+0x8483c)[0x7f82fc56283c]
[hydra02:595023] [ 8] /opt/mpi/openmpi-4.1.4//lib/libmpi.so.40(ompi_group_incl_plist+0x65)[0x7f0b0ed19915]
[hydra11:382986] [ 2] /lib/x86_64-linux-gnu/libc.so.6(abort+0x123)[0x7f5affa06537]
[hydra12:382891] [ 5] /lib/x86_64-linux-gnu/libc.so.6(+0x8483c)[0x7f1f889f483c]
[hydra07:429651] *** Process received signal ***
malloc(): invalid size (unsorted)
[hydra09:395748] *** Process received signal ***
[hydra09:395748] Signal: Aborted (6)
[hydra09:395748] Signal code:  (-6)
[hydra01:915575] [12] /lib/x86_64-linux-gnu/libc.so.6(__libc_start_main+0xea)[0x7f3ae7209d7a]
[hydra01:915575] [13] /home/thesis/jheld/MPI_Syrk_implementation/build/src/MPI_SYRK_implementation(+0x232a)[0x556b9666232a]
[hydra01:915575] *** End of error message ***
[hydra05:402558] [ 6] /lib/x86_64-linux-gnu/libc.so.6(__libc_calloc+0x81)[0x7f82fc564bd1]
[hydra02:595023] [ 9] /opt/mpi/openmpi-4.1.4//lib/libmpi.so.40(PMPI_Group_incl+0x95)[0x7f0b0ed4a185]
[hydra02:595023] [10] /home/thesis/jheld/MPI_Syrk_implementation/build/src/MPI_SYRK_implementation(+0x841a)[0x5586cc17f41a]
[hydra08:404929] [ 6] /lib/x86_64-linux-gnu/libc.so.6(__libc_calloc+0x81)[0x7f89f3e23bd1]
[hydra11:382986] [ 3] /lib/x86_64-linux-gnu/libc.so.6(+0x7a468)[0x7f5affa5e468]
[hydra12:382891] [ 6] /lib/x86_64-linux-gnu/libc.so.6(__libc_calloc+0x81)[0x7f1f889f6bd1]
[hydra07:429649] [ 0] /lib/x86_64-linux-gnu/libc.so.6(+0x38de0)[0x7f8b6848fde0]
[hydra09:395746] [ 1] /lib/x86_64-linux-gnu/libc.so.6(gsignal+0x141)[0x7f89746a1d61]
[hydra03:419886] [ 0] /lib/x86_64-linux-gnu/libc.so.6(+0x38de0)[0x7f9eff008de0]
[hydra05:402558] [ 7] /opt/mpi/openmpi-4.1.4//lib/libmpi.so.40(ompi_group_allocate+0x17)[0x7f82fe4321e7]
[hydra02:595023] [11] /home/thesis/jheld/MPI_Syrk_implementation/build/src/MPI_SYRK_implementation(+0x2ab0)[0x5586cc179ab0]
[hydra08:404929] [ 7] /opt/mpi/openmpi-4.1.4//lib/libmpi.so.40(ompi_group_allocate+0x17)[0x7f89f5cf11e7]
[hydra11:382986] [ 4] /lib/x86_64-linux-gnu/libc.so.6(+0x8175a)[0x7f5affa6575a]
[hydra12:382891] [ 7] /opt/mpi/openmpi-4.1.4//lib/libmpi.so.40(ompi_group_allocate+0x17)[0x7f1f8a8c41e7]
[hydra07:429651] Signal: Aborted (6)
[hydra07:429651] Signal code:  (-6)
[hydra09:395747] [ 1] /lib/x86_64-linux-gnu/libc.so.6(gsignal+0x141)[0x7f1b953c5d61]
[hydra09:395747] [ 2] /lib/x86_64-linux-gnu/libc.so.6(abort+0x123)[0x7f1b953af537]
[hydra04:418593] [ 0] /lib/x86_64-linux-gnu/libc.so.6(+0x38de0)[0x7fe0b233cde0]
[hydra03:419886] [ 1] /lib/x86_64-linux-gnu/libc.so.6(gsignal+0x141)[0x7f9eff008d61]
[hydra05:402558] [ 8] /opt/mpi/openmpi-4.1.4//lib/libmpi.so.40(ompi_group_incl_plist+0x65)[0x7f82fe432915]
[hydra02:595023] [12] /lib/x86_64-linux-gnu/libc.so.6(__libc_start_main+0xea)[0x7f0b0cde8d7a]
[hydra02:595023] [13] /home/thesis/jheld/MPI_Syrk_implementation/build/src/MPI_SYRK_implementation(+0x232a)[0x5586cc17932a]
[hydra08:404929] [ 8] /opt/mpi/openmpi-4.1.4//lib/libmpi.so.40(ompi_group_incl_plist+0x65)[0x7f89f5cf1915]
[hydra11:382986] [ 5] /lib/x86_64-linux-gnu/libc.so.6(+0x8483c)[0x7f5affa6883c]
[hydra12:382891] [ 8] /opt/mpi/openmpi-4.1.4//lib/libmpi.so.40(ompi_group_incl_plist+0x65)[0x7f1f8a8c4915]
[hydra07:429649] [ 1] /lib/x86_64-linux-gnu/libc.so.6(gsignal+0x141)[0x7f8b6848fd61]
[hydra09:395746] [ 2] /lib/x86_64-linux-gnu/libc.so.6(abort+0x123)[0x7f897468b537]
[hydra04:418593] [ 1] /lib/x86_64-linux-gnu/libc.so.6(gsignal+0x141)[0x7fe0b233cd61]
[hydra03:419886] [ 2] /lib/x86_64-linux-gnu/libc.so.6(abort+0x123)[0x7f9efeff2537]
[hydra05:402558] [ 9] /opt/mpi/openmpi-4.1.4//lib/libmpi.so.40(PMPI_Group_incl+0x95)[0x7f82fe463185]
[hydra05:402558] [10] /home/thesis/jheld/MPI_Syrk_implementation/build/src/MPI_SYRK_implementation(+0x841a)[0x5586709db41a]
[hydra02:595023] *** End of error message ***
[hydra08:404929] [ 9] /opt/mpi/openmpi-4.1.4//lib/libmpi.so.40(PMPI_Group_incl+0x95)[0x7f89f5d22185]
[hydra11:382986] [ 6] /lib/x86_64-linux-gnu/libc.so.6(__libc_calloc+0x81)[0x7f5affa6abd1]
[hydra12:382891] [ 9] /opt/mpi/openmpi-4.1.4//lib/libmpi.so.40(PMPI_Group_incl+0x95)[0x7f1f8a8f5185]
[hydra12:382891] [10] /home/thesis/jheld/MPI_Syrk_implementation/build/src/MPI_SYRK_implementation(+0x841a)[0x56055bc8941a]
[hydra07:429649] [ 2] /lib/x86_64-linux-gnu/libc.so.6(abort+0x123)[0x7f8b68479537]
[hydra09:395746] [ 3] /lib/x86_64-linux-gnu/libc.so.6(+0x7a468)[0x7f89746e3468]
[hydra04:418593] [ 2] /lib/x86_64-linux-gnu/libc.so.6(abort+0x123)[0x7fe0b2326537]
[hydra03:419886] [ 3] /lib/x86_64-linux-gnu/libc.so.6(+0x7a468)[0x7f9eff04a468]
[hydra05:402558] [11] /home/thesis/jheld/MPI_Syrk_implementation/build/src/MPI_SYRK_implementation(+0x2ab0)[0x5586709d5ab0]
[hydra08:404929] [10] /home/thesis/jheld/MPI_Syrk_implementation/build/src/MPI_SYRK_implementation(+0x841a)[0x55c30d05641a]
[hydra08:404929] [11] /home/thesis/jheld/MPI_Syrk_implementation/build/src/MPI_SYRK_implementation(+0x2ab0)[0x55c30d050ab0]
[hydra11:382986] [ 7] /opt/mpi/openmpi-4.1.4//lib/libmpi.so.40(ompi_group_allocate+0x17)[0x7f5b019381e7]
[hydra12:382891] [11] /home/thesis/jheld/MPI_Syrk_implementation/build/src/MPI_SYRK_implementation(+0x2ab0)[0x56055bc83ab0]
[hydra07:429649] [ 3] /lib/x86_64-linux-gnu/libc.so.6(+0x7a468)[0x7f8b684d1468]
[hydra09:395747] [ 3] /lib/x86_64-linux-gnu/libc.so.6(+0x7a468)[0x7f1b95407468]
[hydra04:418593] [ 3] /lib/x86_64-linux-gnu/libc.so.6(+0x7a468)[0x7fe0b237e468]
[hydra03:419886] [ 4] /lib/x86_64-linux-gnu/libc.so.6(+0x8175a)[0x7f9eff05175a]
[hydra05:402558] [12] /lib/x86_64-linux-gnu/libc.so.6(__libc_start_main+0xea)[0x7f82fc501d7a]
[hydra08:404929] [12] /lib/x86_64-linux-gnu/libc.so.6(__libc_start_main+0xea)[0x7f89f3dc0d7a]
[hydra08:404929] [13] /home/thesis/jheld/MPI_Syrk_implementation/build/src/MPI_SYRK_implementation(+0x232a)[0x55c30d05032a]
[hydra11:382986] [ 8] /opt/mpi/openmpi-4.1.4//lib/libmpi.so.40(ompi_group_incl_plist+0x65)[0x7f5b01938915]
[hydra12:382891] [12] /lib/x86_64-linux-gnu/libc.so.6(__libc_start_main+0xea)[0x7f1f88993d7a]
[hydra12:382891] [13] /home/thesis/jheld/MPI_Syrk_implementation/build/src/MPI_SYRK_implementation(+0x232a)[0x56055bc8332a]
[hydra07:429649] [ 4] /lib/x86_64-linux-gnu/libc.so.6(+0x8175a)[0x7f8b684d875a]
[hydra09:395746] [ 4] /lib/x86_64-linux-gnu/libc.so.6(+0x8175a)[0x7f89746ea75a]
[hydra04:418593] [ 4] /lib/x86_64-linux-gnu/libc.so.6(+0x8175a)[0x7fe0b238575a]
[hydra03:419886] [ 5] /lib/x86_64-linux-gnu/libc.so.6(+0x8483c)[0x7f9eff05483c]
[hydra05:402558] [13] /home/thesis/jheld/MPI_Syrk_implementation/build/src/MPI_SYRK_implementation(+0x232a)[0x5586709d532a]
[hydra05:402558] *** End of error message ***
[hydra08:404929] *** End of error message ***
[hydra11:382986] [ 9] /opt/mpi/openmpi-4.1.4//lib/libmpi.so.40(PMPI_Group_incl+0x95)[0x7f5b01969185]
[hydra12:382891] *** End of error message ***
[hydra07:429651] [ 0] /lib/x86_64-linux-gnu/libc.so.6(+0x38de0)[0x7f2f0fdabde0]
[hydra09:395747] [ 4] /lib/x86_64-linux-gnu/libc.so.6(+0x8175a)[0x7f1b9540e75a]
[hydra04:418593] [ 5] /lib/x86_64-linux-gnu/libc.so.6(+0x8483c)[0x7fe0b238883c]
[hydra03:419886] [ 6] /lib/x86_64-linux-gnu/libc.so.6(__libc_calloc+0x81)[0x7f9eff056bd1]
[hydra11:382986] [10] /home/thesis/jheld/MPI_Syrk_implementation/build/src/MPI_SYRK_implementation(+0x841a)[0x563b0dde741a]
[hydra11:382986] [11] /home/thesis/jheld/MPI_Syrk_implementation/build/src/MPI_SYRK_implementation(+0x2ab0)[0x563b0dde1ab0]
[hydra07:429651] [ 1] /lib/x86_64-linux-gnu/libc.so.6(gsignal+0x141)[0x7f2f0fdabd61]
[hydra09:395748] [ 0] /lib/x86_64-linux-gnu/libc.so.6(+0x38de0)[0x7f74f50fbde0]
[hydra04:418593] [ 6] /lib/x86_64-linux-gnu/libc.so.6(__libc_calloc+0x81)[0x7fe0b238abd1]
[hydra03:419886] [ 7] /opt/mpi/openmpi-4.1.4//lib/libmpi.so.40(ompi_group_allocate+0x17)[0x7f9f00f241e7]
[hydra11:382986] [12] /lib/x86_64-linux-gnu/libc.so.6(__libc_start_main+0xea)[0x7f5affa07d7a]
[hydra11:382986] [13] /home/thesis/jheld/MPI_Syrk_implementation/build/src/MPI_SYRK_implementation(+0x232a)[0x563b0dde132a]
[hydra07:429649] [ 5] /lib/x86_64-linux-gnu/libc.so.6(+0x8483c)[0x7f8b684db83c]
[hydra09:395747] [ 5] /lib/x86_64-linux-gnu/libc.so.6(+0x8483c)[0x7f1b9541183c]
[hydra04:418593] [ 7] /opt/mpi/openmpi-4.1.4//lib/libmpi.so.40(ompi_group_allocate+0x17)[0x7fe0b42581e7]
[hydra03:419886] [ 8] /opt/mpi/openmpi-4.1.4//lib/libmpi.so.40(ompi_group_incl_plist+0x65)[0x7f9f00f24915]
[hydra11:382986] *** End of error message ***
[hydra07:429651] [ 2] /lib/x86_64-linux-gnu/libc.so.6(abort+0x123)[0x7f2f0fd95537]
[hydra09:395746] [ 5] /lib/x86_64-linux-gnu/libc.so.6(+0x8483c)[0x7f89746ed83c]
[hydra04:418593] [ 8] /opt/mpi/openmpi-4.1.4//lib/libmpi.so.40(ompi_group_incl_plist+0x65)[0x7fe0b4258915]
[hydra03:419886] [ 9] /opt/mpi/openmpi-4.1.4//lib/libmpi.so.40(PMPI_Group_incl+0x95)[0x7f9f00f55185]
[hydra03:419886] [10] /home/thesis/jheld/MPI_Syrk_implementation/build/src/MPI_SYRK_implementation(+0x841a)[0x55eeb32fd41a]
[hydra10:516035] [ 0] /lib/x86_64-linux-gnu/libc.so.6(+0x38de0)[0x7f918d3f6de0]
[hydra07:429649] [ 6] /lib/x86_64-linux-gnu/libc.so.6(__libc_calloc+0x81)[0x7f8b684ddbd1]
[hydra09:395748] [ 1] /lib/x86_64-linux-gnu/libc.so.6(gsignal+0x141)[0x7f74f50fbd61]
[hydra04:418593] [ 9] /opt/mpi/openmpi-4.1.4//lib/libmpi.so.40(PMPI_Group_incl+0x95)[0x7fe0b4289185]
[hydra04:418593] [10] /home/thesis/jheld/MPI_Syrk_implementation/build/src/MPI_SYRK_implementation(+0x841a)[0x556c3113241a]
[hydra03:419886] [11] /home/thesis/jheld/MPI_Syrk_implementation/build/src/MPI_SYRK_implementation(+0x2ab0)[0x55eeb32f7ab0]
[hydra10:516035] [ 1] /lib/x86_64-linux-gnu/libc.so.6(gsignal+0x141)[0x7f918d3f6d61]
[hydra07:429651] [ 3] /lib/x86_64-linux-gnu/libc.so.6(+0x7a468)[0x7f2f0fded468]
[hydra09:395747] [ 6] /lib/x86_64-linux-gnu/libc.so.6(__libc_calloc+0x81)[0x7f1b95413bd1]
[hydra04:418593] [11] /home/thesis/jheld/MPI_Syrk_implementation/build/src/MPI_SYRK_implementation(+0x2ab0)[0x556c3112cab0]
[hydra03:419886] [12] /lib/x86_64-linux-gnu/libc.so.6(__libc_start_main+0xea)[0x7f9efeff3d7a]
[hydra03:419886] [13] /home/thesis/jheld/MPI_Syrk_implementation/build/src/MPI_SYRK_implementation(+0x232a)[0x55eeb32f732a]
[hydra10:516035] [ 2] /lib/x86_64-linux-gnu/libc.so.6(abort+0x123)[0x7f918d3e0537]
[hydra07:429649] [ 7] /opt/mpi/openmpi-4.1.4//lib/libmpi.so.40(ompi_group_allocate+0x17)[0x7f8b6a3ab1e7]
[hydra09:395748] [ 2] /lib/x86_64-linux-gnu/libc.so.6(abort+0x123)[0x7f74f50e5537]
[hydra04:418593] [12] /lib/x86_64-linux-gnu/libc.so.6(__libc_start_main+0xea)[0x7fe0b2327d7a]
[hydra03:419886] *** End of error message ***
[hydra10:516035] [ 3] /lib/x86_64-linux-gnu/libc.so.6(+0x7a468)[0x7f918d438468]
[hydra07:429649] [ 8] /opt/mpi/openmpi-4.1.4//lib/libmpi.so.40(ompi_group_incl_plist+0x65)[0x7f8b6a3ab915]
[hydra09:395746] [ 6] /lib/x86_64-linux-gnu/libc.so.6(__libc_calloc+0x81)[0x7f89746efbd1]
[hydra04:418593] [13] /home/thesis/jheld/MPI_Syrk_implementation/build/src/MPI_SYRK_implementation(+0x232a)[0x556c3112c32a]
[hydra04:418593] *** End of error message ***
[hydra10:516035] [ 4] /lib/x86_64-linux-gnu/libc.so.6(+0x8175a)[0x7f918d43f75a]
[hydra07:429651] [ 4] /lib/x86_64-linux-gnu/libc.so.6(+0x8175a)[0x7f2f0fdf475a]
[hydra09:395746] [ 7] /opt/mpi/openmpi-4.1.4//lib/libmpi.so.40(ompi_group_allocate+0x17)[0x7f89765bd1e7]
[hydra10:516035] [ 5] /lib/x86_64-linux-gnu/libc.so.6(+0x8483c)[0x7f918d44283c]
[hydra07:429649] [ 9] /opt/mpi/openmpi-4.1.4//lib/libmpi.so.40(PMPI_Group_incl+0x95)[0x7f8b6a3dc185]
[hydra09:395747] [ 7] /opt/mpi/openmpi-4.1.4//lib/libmpi.so.40(ompi_group_allocate+0x17)[0x7f1b972e11e7]
[hydra10:516035] [ 6] /lib/x86_64-linux-gnu/libc.so.6(__libc_calloc+0x81)[0x7f918d444bd1]
[hydra07:429649] [10] /home/thesis/jheld/MPI_Syrk_implementation/build/src/MPI_SYRK_implementation(+0x841a)[0x55bf0e1f341a]
[hydra07:429649] [11] /home/thesis/jheld/MPI_Syrk_implementation/build/src/MPI_SYRK_implementation(+0x2ab0)[0x55bf0e1edab0]
[hydra09:395748] [ 3] /lib/x86_64-linux-gnu/libc.so.6(+0x7a468)[0x7f74f513d468]
[hydra10:516035] [ 7] /opt/mpi/openmpi-4.1.4//lib/libmpi.so.40(ompi_group_allocate+0x17)[0x7f918f3121e7]
[hydra07:429651] [ 5] /lib/x86_64-linux-gnu/libc.so.6(+0x8483c)[0x7f2f0fdf783c]
[hydra09:395746] [ 8] /opt/mpi/openmpi-4.1.4//lib/libmpi.so.40(ompi_group_incl_plist+0x65)[0x7f89765bd915]
[hydra10:516035] [ 8] /opt/mpi/openmpi-4.1.4//lib/libmpi.so.40(ompi_group_incl_plist+0x65)[0x7f918f312915]
[hydra07:429651] [ 6] /lib/x86_64-linux-gnu/libc.so.6(__libc_calloc+0x81)[0x7f2f0fdf9bd1]
[hydra09:395747] [ 8] /opt/mpi/openmpi-4.1.4//lib/libmpi.so.40(ompi_group_incl_plist+0x65)[0x7f1b972e1915]
[hydra10:516035] [ 9] /opt/mpi/openmpi-4.1.4//lib/libmpi.so.40(PMPI_Group_incl+0x95)[0x7f918f343185]
[hydra07:429649] [12] /lib/x86_64-linux-gnu/libc.so.6(__libc_start_main+0xea)[0x7f8b6847ad7a]
[hydra07:429649] [13] /home/thesis/jheld/MPI_Syrk_implementation/build/src/MPI_SYRK_implementation(+0x232a)[0x55bf0e1ed32a]
[hydra07:429649] *** End of error message ***
[hydra09:395746] [ 9] /opt/mpi/openmpi-4.1.4//lib/libmpi.so.40(PMPI_Group_incl+0x95)[0x7f89765ee185]
[hydra10:516035] [10] /home/thesis/jheld/MPI_Syrk_implementation/build/src/MPI_SYRK_implementation(+0x841a)[0x564eebd1f41a]
[hydra10:516035] [11] /home/thesis/jheld/MPI_Syrk_implementation/build/src/MPI_SYRK_implementation(+0x2ab0)[0x564eebd19ab0]
[hydra07:429651] [ 7] /opt/mpi/openmpi-4.1.4//lib/libmpi.so.40(ompi_group_allocate+0x17)[0x7f2f11cc71e7]
[hydra09:395747] [ 9] /opt/mpi/openmpi-4.1.4//lib/libmpi.so.40(PMPI_Group_incl+0x95)[0x7f1b97312185]
[hydra09:395747] [10] /home/thesis/jheld/MPI_Syrk_implementation/build/src/MPI_SYRK_implementation(+0x841a)[0x55c3cd2ea41a]
[hydra09:395747] [11] /home/thesis/jheld/MPI_Syrk_implementation/build/src/MPI_SYRK_implementation(+0x2ab0)[0x55c3cd2e4ab0]
[hydra10:516035] [12] /lib/x86_64-linux-gnu/libc.so.6(__libc_start_main+0xea)[0x7f918d3e1d7a]
[hydra07:429651] [ 8] /opt/mpi/openmpi-4.1.4//lib/libmpi.so.40(ompi_group_incl_plist+0x65)[0x7f2f11cc7915]
[hydra09:395748] [ 4] /lib/x86_64-linux-gnu/libc.so.6(+0x8175a)[0x7f74f514475a]
[hydra09:395748] [ 5] /lib/x86_64-linux-gnu/libc.so.6(+0x8483c)[0x7f74f514783c]
[hydra10:516035] [13] /home/thesis/jheld/MPI_Syrk_implementation/build/src/MPI_SYRK_implementation(+0x232a)[0x564eebd1932a]
[hydra10:516035] *** End of error message ***
[hydra09:395746] [10] /home/thesis/jheld/MPI_Syrk_implementation/build/src/MPI_SYRK_implementation(+0x841a)[0x55bb6847141a]
[hydra09:395746] [11] /home/thesis/jheld/MPI_Syrk_implementation/build/src/MPI_SYRK_implementation(+0x2ab0)[0x55bb6846bab0]
[hydra09:395746] [12] /lib/x86_64-linux-gnu/libc.so.6(__libc_start_main+0xea)[0x7f897468cd7a]
[hydra09:395746] [13] /home/thesis/jheld/MPI_Syrk_implementation/build/src/MPI_SYRK_implementation(+0x232a)[0x55bb6846b32a]
[hydra09:395746] *** End of error message ***
[hydra09:395747] [12] /lib/x86_64-linux-gnu/libc.so.6(__libc_start_main+0xea)[0x7f1b953b0d7a]
[hydra09:395747] [13] /home/thesis/jheld/MPI_Syrk_implementation/build/src/MPI_SYRK_implementation(+0x232a)[0x55c3cd2e432a]
[hydra09:395747] *** End of error message ***
[hydra09:395748] [ 6] /lib/x86_64-linux-gnu/libc.so.6(__libc_calloc+0x81)[0x7f74f5149bd1]
[hydra09:395748] [ 7] /opt/mpi/openmpi-4.1.4//lib/libmpi.so.40(ompi_group_allocate+0x17)[0x7f74f70171e7]
[hydra09:395748] [ 8] /opt/mpi/openmpi-4.1.4//lib/libmpi.so.40(ompi_group_incl_plist+0x65)[0x7f74f7017915]
[hydra09:395748] [ 9] /opt/mpi/openmpi-4.1.4//lib/libmpi.so.40(PMPI_Group_incl+0x95)[0x7f74f7048185]
[hydra09:395748] [10] /home/thesis/jheld/MPI_Syrk_implementation/build/src/MPI_SYRK_implementation(+0x841a)[0x55a0c379b41a]
[hydra09:395748] [11] /home/thesis/jheld/MPI_Syrk_implementation/build/src/MPI_SYRK_implementation(+0x2ab0)[0x55a0c3795ab0]
[hydra09:395748] [12] /lib/x86_64-linux-gnu/libc.so.6(__libc_start_main+0xea)[0x7f74f50e6d7a]
[hydra09:395748] [13] /home/thesis/jheld/MPI_Syrk_implementation/build/src/MPI_SYRK_implementation(+0x232a)[0x55a0c379532a]
[hydra09:395748] *** End of error message ***
[hydra07:429651] [ 9] /opt/mpi/openmpi-4.1.4//lib/libmpi.so.40(PMPI_Group_incl+0x95)[0x7f2f11cf8185]
[hydra07:429651] [10] /home/thesis/jheld/MPI_Syrk_implementation/build/src/MPI_SYRK_implementation(+0x841a)[0x55c025de641a]
[hydra07:429651] [11] /home/thesis/jheld/MPI_Syrk_implementation/build/src/MPI_SYRK_implementation(+0x2ab0)[0x55c025de0ab0]
[hydra07:429651] [12] /lib/x86_64-linux-gnu/libc.so.6(__libc_start_main+0xea)[0x7f2f0fd96d7a]
[hydra07:429651] [13] /home/thesis/jheld/MPI_Syrk_implementation/build/src/MPI_SYRK_implementation(+0x232a)[0x55c025de032a]
[hydra07:429651] *** End of error message ***
srun: error: hydra05: task 14: Aborted
srun: error: hydra04: task 11: Aborted
srun: error: hydra03: task 6: Aborted
srun: error: hydra02: task 3: Aborted
srun: error: hydra08: task 23: Aborted
srun: error: hydra12: task 35: Aborted
srun: error: hydra01: task 2: Aborted
srun: error: hydra10: task 27: Aborted
srun: error: hydra07: tasks 18,20: Aborted
srun: error: hydra11: tasks 30,32: Aborted
srun: error: hydra09: tasks 24-26: Aborted
slurmstepd: error:  mpi/pmix_v4: _errhandler: hydra12 [11]: pmixp_client_v2.c:211: Error handler invoked: status = -61, source = [slurm.pmix.5008705.3:35]
slurmstepd: error:  mpi/pmix_v4: _errhandler: hydra05 [4]: pmixp_client_v2.c:211: Error handler invoked: status = -61, source = [slurm.pmix.5008705.3:14]
slurmstepd: error:  mpi/pmix_v4: _errhandler: hydra02 [1]: pmixp_client_v2.c:211: Error handler invoked: status = -61, source = [slurm.pmix.5008705.3:3]
slurmstepd: error:  mpi/pmix_v4: _errhandler: hydra04 [3]: pmixp_client_v2.c:211: Error handler invoked: status = -61, source = [slurm.pmix.5008705.3:11]
slurmstepd: error:  mpi/pmix_v4: _errhandler: hydra01 [0]: pmixp_client_v2.c:211: Error handler invoked: status = -61, source = [slurm.pmix.5008705.3:2]
slurmstepd: error:  mpi/pmix_v4: _errhandler: hydra11 [10]: pmixp_client_v2.c:211: Error handler invoked: status = -61, source = [slurm.pmix.5008705.3:32]
slurmstepd: error:  mpi/pmix_v4: _errhandler: hydra08 [7]: pmixp_client_v2.c:211: Error handler invoked: status = -61, source = [slurm.pmix.5008705.3:23]
slurmstepd: error:  mpi/pmix_v4: _errhandler: hydra10 [9]: pmixp_client_v2.c:211: Error handler invoked: status = -61, source = [slurm.pmix.5008705.3:27]
slurmstepd: error:  mpi/pmix_v4: _errhandler: hydra07 [6]: pmixp_client_v2.c:211: Error handler invoked: status = -61, source = [slurm.pmix.5008705.3:18]
slurmstepd: error:  mpi/pmix_v4: _errhandler: hydra03 [2]: pmixp_client_v2.c:211: Error handler invoked: status = -61, source = [slurm.pmix.5008705.3:6]
slurmstepd: error: *** STEP 5008705.3 ON hydra01 CANCELLED AT 2025-10-13T15:42:27 ***
srun: Job step aborted: Waiting up to 32 seconds for job step to finish.
srun: error: hydra07: task 19: Killed
srun: error: hydra11: task 31: Killed
srun: error: hydra03: tasks 7-8: Killed
srun: error: hydra08: tasks 21-22: Killed
srun: error: hydra12: tasks 33-34: Killed
srun: error: hydra01: tasks 0-1: Killed
srun: error: hydra05: tasks 12-13: Killed
srun: error: hydra10: tasks 28-29: Killed
srun: error: hydra02: tasks 4-5: Killed
srun: error: hydra04: tasks 9-10: Killed
srun: error: hydra06: tasks 15-17: Killed
⚠️ Warning: No runtime found for run 4
srun: Warning: can't honor --ntasks-per-node set to 1 which doesn't match the requested tasks 36 with the number of requested nodes 12. Ignoring --ntasks-per-node.
missing input file name --> Generate random input
malloc(): invalid size (unsorted)
[hydra01:915666] *** Process received signal ***
[hydra01:915666] Signal: Aborted (6)
[hydra01:915666] Signal code:  (-6)
malloc(): invalid size (unsorted)
[hydra01:915666] [ 0] /lib/x86_64-linux-gnu/libc.so.6(+0x38de0)[0x7f689c2b8de0]
[hydra01:915666] [ 1] /lib/x86_64-linux-gnu/libc.so.6(gsignal+0x141)[0x7f689c2b8d61]
malloc(): invalid size (unsorted)
[hydra05:402621] *** Process received signal ***
[hydra05:402621] Signal: Aborted (6)
[hydra05:402621] Signal code:  (-6)
[hydra01:915666] [ 2] /lib/x86_64-linux-gnu/libc.so.6(abort+0x123)[0x7f689c2a2537]
malloc(): invalid size (unsorted)
[hydra12:382955] *** Process received signal ***
[hydra12:382955] Signal: Aborted (6)
[hydra12:382955] Signal code:  (-6)
[hydra01:915666] [ 3] /lib/x86_64-linux-gnu/libc.so.6(+0x7a468)[0x7f689c2fa468]
[hydra12:382954] *** Process received signal ***
[hydra12:382954] Signal: Aborted (6)
[hydra12:382954] Signal code:  (-6)
malloc(): invalid size (unsorted)
[hydra03:419953] *** Process received signal ***
[hydra03:419953] Signal: Aborted (6)
[hydra03:419953] Signal code:  (-6)
[hydra12:382955] [ 0] /lib/x86_64-linux-gnu/libc.so.6(+0x38de0)[0x7f8cf8674de0]
malloc(): invalid size (unsorted)
[hydra02:595105] *** Process received signal ***
[hydra02:595105] Signal: Aborted (6)
[hydra02:595105] Signal code:  (-6)
[hydra12:382954] [ 0] /lib/x86_64-linux-gnu/libc.so.6(+0x38de0)[0x7fb10b000de0]
malloc(): invalid size (unsorted)
[hydra04:418658] *** Process received signal ***
[hydra04:418658] Signal: Aborted (6)
[hydra04:418658] Signal code:  (-6)
malloc(): invalid size (unsorted)
[hydra01:915666] [ 4] /lib/x86_64-linux-gnu/libc.so.6(+0x8175a)[0x7f689c30175a]
[hydra12:382955] [ 1] /lib/x86_64-linux-gnu/libc.so.6(gsignal+0x141)[0x7f8cf8674d61]
[hydra03:419953] [ 0] /lib/x86_64-linux-gnu/libc.so.6(+0x38de0)[0x7f7dce866de0]
[hydra12:382955] [ 2] /lib/x86_64-linux-gnu/libc.so.6(abort+0x123)[0x7f8cf865e537]
[hydra05:402621] [ 0] /lib/x86_64-linux-gnu/libc.so.6(+0x38de0)[0x7fbbb5fa2de0]
[hydra01:915666] [ 5] /lib/x86_64-linux-gnu/libc.so.6(+0x8483c)[0x7f689c30483c]
[hydra12:382954] [ 1] /lib/x86_64-linux-gnu/libc.so.6(gsignal+0x141)[0x7fb10b000d61]
[hydra05:402623] *** Process received signal ***
[hydra05:402623] Signal: Aborted (6)
[hydra05:402623] Signal code:  (-6)
[hydra01:915666] [ 6] /lib/x86_64-linux-gnu/libc.so.6(__libc_calloc+0x81)[0x7f689c306bd1]
[hydra03:419953] [ 1] /lib/x86_64-linux-gnu/libc.so.6(gsignal+0x141)[0x7f7dce866d61]
[hydra12:382954] [ 2] /lib/x86_64-linux-gnu/libc.so.6(abort+0x123)[0x7fb10afea537]
[hydra04:418658] [ 0] /lib/x86_64-linux-gnu/libc.so.6(+0x38de0)[0x7f85343fade0]
[hydra05:402621] [ 1] /lib/x86_64-linux-gnu/libc.so.6(gsignal+0x141)[0x7fbbb5fa2d61]
malloc(): invalid size (unsorted)
[hydra06:403335] *** Process received signal ***
[hydra06:403335] Signal: Aborted (6)
[hydra06:403335] Signal code:  (-6)
malloc(): invalid size (unsorted)
[hydra08:404994] *** Process received signal ***
[hydra08:404994] Signal: Aborted (6)
[hydra08:404994] Signal code:  (-6)
[hydra12:382955] [ 3] /lib/x86_64-linux-gnu/libc.so.6(+0x7a468)[0x7f8cf86b6468]
[hydra05:402621] [ 2] /lib/x86_64-linux-gnu/libc.so.6(abort+0x123)[0x7fbbb5f8c537]
[hydra01:915666] [ 7] /opt/mpi/openmpi-4.1.4//lib/libmpi.so.40(ompi_group_allocate+0x17)[0x7f689e1d41e7]
[hydra03:419953] [ 2] /lib/x86_64-linux-gnu/libc.so.6(abort+0x123)[0x7f7dce850537]
[hydra12:382954] [ 3] /lib/x86_64-linux-gnu/libc.so.6(+0x7a468)[0x7fb10b042468]
[hydra04:418658] [ 1] /lib/x86_64-linux-gnu/libc.so.6(gsignal+0x141)[0x7f85343fad61]
malloc(): invalid size (unsorted)
[hydra09:395802] *** Process received signal ***
[hydra09:395802] Signal: Aborted (6)
[hydra09:395802] Signal code:  (-6)
[hydra05:402621] [ 3] /lib/x86_64-linux-gnu/libc.so.6(+0x7a468)[0x7fbbb5fe4468]
malloc(): invalid size (unsorted)
[hydra11:383051] *** Process received signal ***
[hydra11:383051] Signal: Aborted (6)
[hydra11:383051] Signal code:  (-6)
[hydra01:915666] [ 8] /opt/mpi/openmpi-4.1.4//lib/libmpi.so.40(ompi_group_incl_plist+0x65)[0x7f689e1d4915]
[hydra12:382955] [ 4] /lib/x86_64-linux-gnu/libc.so.6(+0x8175a)[0x7f8cf86bd75a]
malloc(): invalid size (unsorted)
[hydra10:516104] *** Process received signal ***
[hydra10:516104] Signal: Aborted (6)
[hydra10:516104] Signal code:  (-6)
[hydra04:418658] [ 2] /lib/x86_64-linux-gnu/libc.so.6(abort+0x123)[0x7f85343e4537]
[hydra05:402621] [ 4] /lib/x86_64-linux-gnu/libc.so.6(+0x8175a)[0x7fbbb5feb75a]
[hydra01:915666] [ 9] /opt/mpi/openmpi-4.1.4//lib/libmpi.so.40(PMPI_Group_incl+0x95)[0x7f689e205185]
[hydra01:915666] [10] /home/thesis/jheld/MPI_Syrk_implementation/build/src/MPI_SYRK_implementation(+0x841a)[0x55822d3fa41a]
[hydra03:419953] [ 3] /lib/x86_64-linux-gnu/libc.so.6(+0x7a468)[0x7f7dce8a8468]
[hydra08:404994] [ 0] /lib/x86_64-linux-gnu/libc.so.6(+0x38de0)[0x7f291a1f0de0]
[hydra12:382954] [ 4] /lib/x86_64-linux-gnu/libc.so.6(+0x8175a)[0x7fb10b04975a]
[hydra04:418658] [ 3] /lib/x86_64-linux-gnu/libc.so.6(+0x7a468)[0x7f853443c468]
[hydra09:395802] [ 0] /lib/x86_64-linux-gnu/libc.so.6(+0x38de0)[0x7f6251856de0]
[hydra05:402623] [ 0] /lib/x86_64-linux-gnu/libc.so.6(+0x38de0)[0x7f08e36bade0]
[hydra01:915666] [11] /home/thesis/jheld/MPI_Syrk_implementation/build/src/MPI_SYRK_implementation(+0x2ab0)[0x55822d3f4ab0]
[hydra03:419953] [ 4] /lib/x86_64-linux-gnu/libc.so.6(+0x8175a)[0x7f7dce8af75a]
[hydra08:404994] [ 1] /lib/x86_64-linux-gnu/libc.so.6(gsignal+0x141)[0x7f291a1f0d61]
[hydra12:382955] [ 5] /lib/x86_64-linux-gnu/libc.so.6(+0x8483c)[0x7f8cf86c083c]
[hydra04:418658] [ 4] /lib/x86_64-linux-gnu/libc.so.6(+0x8175a)[0x7f853444375a]
[hydra05:402623] [ 1] /lib/x86_64-linux-gnu/libc.so.6(gsignal+0x141)[0x7f08e36bad61]
[hydra11:383051] [ 0] /lib/x86_64-linux-gnu/libc.so.6(+0x38de0)[0x7f4cf6d7ade0]
[hydra01:915666] [12] /lib/x86_64-linux-gnu/libc.so.6(__libc_start_main+0xea)[0x7f689c2a3d7a]
[hydra01:915666] [13] /home/thesis/jheld/MPI_Syrk_implementation/build/src/MPI_SYRK_implementation(+0x232a)[0x55822d3f432a]
[hydra03:419953] [ 5] /lib/x86_64-linux-gnu/libc.so.6(+0x8483c)[0x7f7dce8b283c]
[hydra08:404994] [ 2] /lib/x86_64-linux-gnu/libc.so.6(abort+0x123)[0x7f291a1da537]
[hydra12:382954] [ 5] /lib/x86_64-linux-gnu/libc.so.6(+0x8483c)[0x7fb10b04c83c]
[hydra10:516104] [ 0] /lib/x86_64-linux-gnu/libc.so.6(+0x38de0)[0x7fc0a2d80de0]
[hydra04:418658] [ 5] /lib/x86_64-linux-gnu/libc.so.6(+0x8483c)[0x7f853444683c]
[hydra09:395802] [ 1] /lib/x86_64-linux-gnu/libc.so.6(gsignal+0x141)[0x7f6251856d61]
[hydra05:402621] [ 5] /lib/x86_64-linux-gnu/libc.so.6(+0x8483c)[0x7fbbb5fee83c]
[hydra11:383051] [ 1] /lib/x86_64-linux-gnu/libc.so.6(gsignal+0x141)[0x7f4cf6d7ad61]
[hydra01:915666] *** End of error message ***
[hydra03:419953] [ 6] /lib/x86_64-linux-gnu/libc.so.6(__libc_calloc+0x81)[0x7f7dce8b4bd1]
[hydra08:404994] [ 3] /lib/x86_64-linux-gnu/libc.so.6(+0x7a468)[0x7f291a232468]
[hydra12:382955] [ 6] /lib/x86_64-linux-gnu/libc.so.6(__libc_calloc+0x81)[0x7f8cf86c2bd1]
[hydra10:516104] [ 1] /lib/x86_64-linux-gnu/libc.so.6(gsignal+0x141)[0x7fc0a2d80d61]
[hydra04:418658] [ 6] /lib/x86_64-linux-gnu/libc.so.6(__libc_calloc+0x81)[0x7f8534448bd1]
[hydra09:395802] [ 2] /lib/x86_64-linux-gnu/libc.so.6(abort+0x123)[0x7f6251840537]
[hydra05:402623] [ 2] /lib/x86_64-linux-gnu/libc.so.6(abort+0x123)[0x7f08e36a4537]
[hydra11:383051] [ 2] /lib/x86_64-linux-gnu/libc.so.6(abort+0x123)[0x7f4cf6d64537]
[hydra03:419953] [ 7] /opt/mpi/openmpi-4.1.4//lib/libmpi.so.40(ompi_group_allocate+0x17)[0x7f7dd07821e7]
[hydra08:404994] [ 4] /lib/x86_64-linux-gnu/libc.so.6(+0x8175a)[0x7f291a23975a]
[hydra12:382955] [ 7] /opt/mpi/openmpi-4.1.4//lib/libmpi.so.40(ompi_group_allocate+0x17)[0x7f8cfa5901e7]
[hydra10:516104] [ 2] /lib/x86_64-linux-gnu/libc.so.6(abort+0x123)[0x7fc0a2d6a537]
[hydra04:418658] [ 7] /opt/mpi/openmpi-4.1.4//lib/libmpi.so.40(ompi_group_allocate+0x17)[0x7f85363161e7]
[hydra09:395802] [ 3] /lib/x86_64-linux-gnu/libc.so.6(+0x7a468)[0x7f6251898468]
[hydra05:402621] [ 6] /lib/x86_64-linux-gnu/libc.so.6(__libc_calloc+0x81)[0x7fbbb5ff0bd1]
[hydra11:383051] [ 3] /lib/x86_64-linux-gnu/libc.so.6(+0x7a468)[0x7f4cf6dbc468]
[hydra03:419953] [ 8] /opt/mpi/openmpi-4.1.4//lib/libmpi.so.40(ompi_group_incl_plist+0x65)[0x7f7dd0782915]
[hydra08:404994] [ 5] /lib/x86_64-linux-gnu/libc.so.6(+0x8483c)[0x7f291a23c83c]
[hydra12:382954] [ 6] /lib/x86_64-linux-gnu/libc.so.6(__libc_calloc+0x81)[0x7fb10b04ebd1]
[hydra10:516104] [ 3] /lib/x86_64-linux-gnu/libc.so.6(+0x7a468)[0x7fc0a2dc2468]
[hydra04:418658] [ 8] /opt/mpi/openmpi-4.1.4//lib/libmpi.so.40(ompi_group_incl_plist+0x65)[0x7f8536316915]
[hydra09:395802] [ 4] /lib/x86_64-linux-gnu/libc.so.6(+0x8175a)[0x7f625189f75a]
[hydra05:402621] [ 7] /opt/mpi/openmpi-4.1.4//lib/libmpi.so.40(ompi_group_allocate+0x17)[0x7fbbb7ebe1e7]
[hydra11:383051] [ 4] /lib/x86_64-linux-gnu/libc.so.6(+0x8175a)[0x7f4cf6dc375a]
[hydra03:419953] [ 9] /opt/mpi/openmpi-4.1.4//lib/libmpi.so.40(PMPI_Group_incl+0x95)[0x7f7dd07b3185]
[hydra03:419953] [10] /home/thesis/jheld/MPI_Syrk_implementation/build/src/MPI_SYRK_implementation(+0x841a)[0x5566607dc41a]
[hydra08:404994] [ 6] /lib/x86_64-linux-gnu/libc.so.6(__libc_calloc+0x81)[0x7f291a23ebd1]
[hydra12:382955] [ 8] /opt/mpi/openmpi-4.1.4//lib/libmpi.so.40(ompi_group_incl_plist+0x65)[0x7f8cfa590915]
[hydra10:516104] [ 4] /lib/x86_64-linux-gnu/libc.so.6(+0x8175a)[0x7fc0a2dc975a]
[hydra04:418658] [ 9] /opt/mpi/openmpi-4.1.4//lib/libmpi.so.40(PMPI_Group_incl+0x95)[0x7f8536347185]
[hydra04:418658] [10] /home/thesis/jheld/MPI_Syrk_implementation/build/src/MPI_SYRK_implementation(+0x841a)[0x5608624e841a]
[hydra09:395802] [ 5] /lib/x86_64-linux-gnu/libc.so.6(+0x8483c)[0x7f62518a283c]
[hydra05:402623] [ 3] /lib/x86_64-linux-gnu/libc.so.6(+0x7a468)[0x7f08e36fc468]
[hydra11:383051] [ 5] /lib/x86_64-linux-gnu/libc.so.6(+0x8483c)[0x7f4cf6dc683c]
[hydra02:595105] [ 0] /lib/x86_64-linux-gnu/libc.so.6(+0x38de0)[0x7f6322107de0]
[hydra03:419953] [11] /home/thesis/jheld/MPI_Syrk_implementation/build/src/MPI_SYRK_implementation(+0x2ab0)[0x5566607d6ab0]
[hydra08:404994] [ 7] /opt/mpi/openmpi-4.1.4//lib/libmpi.so.40(ompi_group_allocate+0x17)[0x7f291c10c1e7]
[hydra12:382954] [ 7] /opt/mpi/openmpi-4.1.4//lib/libmpi.so.40(ompi_group_allocate+0x17)[0x7fb10cf1c1e7]
[hydra10:516104] [ 5] /lib/x86_64-linux-gnu/libc.so.6(+0x8483c)[0x7fc0a2dcc83c]
[hydra04:418658] [11] /home/thesis/jheld/MPI_Syrk_implementation/build/src/MPI_SYRK_implementation(+0x2ab0)[0x5608624e2ab0]
[hydra09:395802] [ 6] /lib/x86_64-linux-gnu/libc.so.6(__libc_calloc+0x81)[0x7f62518a4bd1]
[hydra05:402621] [ 8] /opt/mpi/openmpi-4.1.4//lib/libmpi.so.40(ompi_group_incl_plist+0x65)[0x7fbbb7ebe915]
[hydra11:383051] [ 6] /lib/x86_64-linux-gnu/libc.so.6(__libc_calloc+0x81)[0x7f4cf6dc8bd1]
[hydra02:595105] [ 1] /lib/x86_64-linux-gnu/libc.so.6(gsignal+0x141)[0x7f6322107d61]
[hydra03:419953] [12] /lib/x86_64-linux-gnu/libc.so.6(__libc_start_main+0xea)[0x7f7dce851d7a]
[hydra08:404994] [ 8] /opt/mpi/openmpi-4.1.4//lib/libmpi.so.40(ompi_group_incl_plist+0x65)[0x7f291c10c915]
[hydra12:382954] [ 8] /opt/mpi/openmpi-4.1.4//lib/libmpi.so.40(ompi_group_incl_plist+0x65)[0x7fb10cf1c915]
[hydra10:516104] [ 6] /lib/x86_64-linux-gnu/libc.so.6(__libc_calloc+0x81)[0x7fc0a2dcebd1]
[hydra04:418658] [12] /lib/x86_64-linux-gnu/libc.so.6(__libc_start_main+0xea)[0x7f85343e5d7a]
[hydra09:395802] [ 7] /opt/mpi/openmpi-4.1.4//lib/libmpi.so.40(ompi_group_allocate+0x17)[0x7f62537721e7]
[hydra05:402623] [ 4] /lib/x86_64-linux-gnu/libc.so.6(+0x8175a)[0x7f08e370375a]
[hydra11:383051] [ 7] /opt/mpi/openmpi-4.1.4//lib/libmpi.so.40(ompi_group_allocate+0x17)[0x7f4cf8c961e7]
[hydra06:403335] [ 0] /lib/x86_64-linux-gnu/libc.so.6(+0x38de0)[0x7efcae5f0de0]
[hydra02:595105] [ 2] /lib/x86_64-linux-gnu/libc.so.6(abort+0x123)[0x7f63220f1537]
[hydra03:419953] [13] /home/thesis/jheld/MPI_Syrk_implementation/build/src/MPI_SYRK_implementation(+0x232a)[0x5566607d632a]
[hydra03:419953] *** End of error message ***
[hydra08:404994] [ 9] /opt/mpi/openmpi-4.1.4//lib/libmpi.so.40(PMPI_Group_incl+0x95)[0x7f291c13d185]
[hydra12:382955] [ 9] /opt/mpi/openmpi-4.1.4//lib/libmpi.so.40(PMPI_Group_incl+0x95)[0x7f8cfa5c1185]
[hydra12:382955] [10] /home/thesis/jheld/MPI_Syrk_implementation/build/src/MPI_SYRK_implementation(+0x841a)[0x55f20118741a]
[hydra10:516104] [ 7] /opt/mpi/openmpi-4.1.4//lib/libmpi.so.40(ompi_group_allocate+0x17)[0x7fc0a4c9c1e7]
[hydra04:418658] [13] /home/thesis/jheld/MPI_Syrk_implementation/build/src/MPI_SYRK_implementation(+0x232a)[0x5608624e232a]
[hydra04:418658] *** End of error message ***
[hydra09:395802] [ 8] /opt/mpi/openmpi-4.1.4//lib/libmpi.so.40(ompi_group_incl_plist+0x65)[0x7f6253772915]
[hydra05:402621] [ 9] /opt/mpi/openmpi-4.1.4//lib/libmpi.so.40(PMPI_Group_incl+0x95)[0x7fbbb7eef185]
[hydra05:402621] [10] /home/thesis/jheld/MPI_Syrk_implementation/build/src/MPI_SYRK_implementation(+0x841a)[0x55c49178241a]
[hydra11:383051] [ 8] /opt/mpi/openmpi-4.1.4//lib/libmpi.so.40(ompi_group_incl_plist+0x65)[0x7f4cf8c96915]
[hydra06:403335] [ 1] /lib/x86_64-linux-gnu/libc.so.6(gsignal+0x141)[0x7efcae5f0d61]
[hydra02:595105] [ 3] /lib/x86_64-linux-gnu/libc.so.6(+0x7a468)[0x7f6322149468]
[hydra08:404994] [10] /home/thesis/jheld/MPI_Syrk_implementation/build/src/MPI_SYRK_implementation(+0x841a)[0x55fb5ad7f41a]
[hydra08:404994] [11] /home/thesis/jheld/MPI_Syrk_implementation/build/src/MPI_SYRK_implementation(+0x2ab0)[0x55fb5ad79ab0]
[hydra12:382955] [11] /home/thesis/jheld/MPI_Syrk_implementation/build/src/MPI_SYRK_implementation(+0x2ab0)[0x55f201181ab0]
[hydra10:516104] [ 8] /opt/mpi/openmpi-4.1.4//lib/libmpi.so.40(ompi_group_incl_plist+0x65)[0x7fc0a4c9c915]
[hydra09:395802] [ 9] /opt/mpi/openmpi-4.1.4//lib/libmpi.so.40(PMPI_Group_incl+0x95)[0x7f62537a3185]
[hydra09:395802] [10] /home/thesis/jheld/MPI_Syrk_implementation/build/src/MPI_SYRK_implementation(+0x841a)[0x555cc4cfb41a]
[hydra05:402621] [11] /home/thesis/jheld/MPI_Syrk_implementation/build/src/MPI_SYRK_implementation(+0x2ab0)[0x55c49177cab0]
[hydra11:383051] [ 9] /opt/mpi/openmpi-4.1.4//lib/libmpi.so.40(PMPI_Group_incl+0x95)[0x7f4cf8cc7185]
[hydra06:403335] [ 2] /lib/x86_64-linux-gnu/libc.so.6(abort+0x123)[0x7efcae5da537]
[hydra02:595105] [ 4] /lib/x86_64-linux-gnu/libc.so.6(+0x8175a)[0x7f632215075a]
[hydra08:404994] [12] /lib/x86_64-linux-gnu/libc.so.6(__libc_start_main+0xea)[0x7f291a1dbd7a]
[hydra08:404994] [13] /home/thesis/jheld/MPI_Syrk_implementation/build/src/MPI_SYRK_implementation(+0x232a)[0x55fb5ad7932a]
[hydra12:382954] [ 9] /opt/mpi/openmpi-4.1.4//lib/libmpi.so.40(PMPI_Group_incl+0x95)[0x7fb10cf4d185]
[hydra12:382954] [10] /home/thesis/jheld/MPI_Syrk_implementation/build/src/MPI_SYRK_implementation(+0x841a)[0x5614acf3f41a]
[hydra10:516104] [ 9] /opt/mpi/openmpi-4.1.4//lib/libmpi.so.40(PMPI_Group_incl+0x95)[0x7fc0a4ccd185]
[hydra10:516104] [10] /home/thesis/jheld/MPI_Syrk_implementation/build/src/MPI_SYRK_implementation(+0x841a)[0x55995d60041a]
[hydra09:395802] [11] /home/thesis/jheld/MPI_Syrk_implementation/build/src/MPI_SYRK_implementation(+0x2ab0)[0x555cc4cf5ab0]
[hydra05:402623] [ 5] /lib/x86_64-linux-gnu/libc.so.6(+0x8483c)[0x7f08e370683c]
[hydra11:383051] [10] /home/thesis/jheld/MPI_Syrk_implementation/build/src/MPI_SYRK_implementation(+0x841a)[0x55c24e82441a]
[hydra11:383051] [11] /home/thesis/jheld/MPI_Syrk_implementation/build/src/MPI_SYRK_implementation(+0x2ab0)[0x55c24e81eab0]
[hydra06:403335] [ 3] /lib/x86_64-linux-gnu/libc.so.6(+0x7a468)[0x7efcae632468]
[hydra02:595105] [ 5] /lib/x86_64-linux-gnu/libc.so.6(+0x8483c)[0x7f632215383c]
[hydra08:404994] *** End of error message ***
[hydra12:382955] [12] /lib/x86_64-linux-gnu/libc.so.6(__libc_start_main+0xea)[0x7f8cf865fd7a]
[hydra12:382955] [13] /home/thesis/jheld/MPI_Syrk_implementation/build/src/MPI_SYRK_implementation(+0x232a)[0x55f20118132a]
[hydra12:382955] *** End of error message ***
[hydra10:516104] [11] /home/thesis/jheld/MPI_Syrk_implementation/build/src/MPI_SYRK_implementation(+0x2ab0)[0x55995d5faab0]
[hydra09:395802] [12] /lib/x86_64-linux-gnu/libc.so.6(__libc_start_main+0xea)[0x7f6251841d7a]
[hydra05:402621] [12] /lib/x86_64-linux-gnu/libc.so.6(__libc_start_main+0xea)[0x7fbbb5f8dd7a]
[hydra05:402621] [13] /home/thesis/jheld/MPI_Syrk_implementation/build/src/MPI_SYRK_implementation(+0x232a)[0x55c49177c32a]
[hydra05:402621] *** End of error message ***
[hydra11:383051] [12] /lib/x86_64-linux-gnu/libc.so.6(__libc_start_main+0xea)[0x7f4cf6d65d7a]
[hydra11:383051] [13] /home/thesis/jheld/MPI_Syrk_implementation/build/src/MPI_SYRK_implementation(+0x232a)[0x55c24e81e32a]
[hydra06:403335] [ 4] /lib/x86_64-linux-gnu/libc.so.6(+0x8175a)[0x7efcae63975a]
[hydra02:595105] [ 6] /lib/x86_64-linux-gnu/libc.so.6(__libc_calloc+0x81)[0x7f6322155bd1]
[hydra12:382954] [11] /home/thesis/jheld/MPI_Syrk_implementation/build/src/MPI_SYRK_implementation(+0x2ab0)[0x5614acf39ab0]
[hydra10:516104] [12] /lib/x86_64-linux-gnu/libc.so.6(__libc_start_main+0xea)[0x7fc0a2d6bd7a]
[hydra10:516104] [13] /home/thesis/jheld/MPI_Syrk_implementation/build/src/MPI_SYRK_implementation(+0x232a)[0x55995d5fa32a]
[hydra09:395802] [13] /home/thesis/jheld/MPI_Syrk_implementation/build/src/MPI_SYRK_implementation(+0x232a)[0x555cc4cf532a]
[hydra09:395802] *** End of error message ***
[hydra05:402623] [ 6] /lib/x86_64-linux-gnu/libc.so.6(__libc_calloc+0x81)[0x7f08e3708bd1]
[hydra11:383051] *** End of error message ***
[hydra06:403335] [ 5] /lib/x86_64-linux-gnu/libc.so.6(+0x8483c)[0x7efcae63c83c]
[hydra02:595105] [ 7] /opt/mpi/openmpi-4.1.4//lib/libmpi.so.40(ompi_group_allocate+0x17)[0x7f63240231e7]
[hydra12:382954] [12] /lib/x86_64-linux-gnu/libc.so.6(__libc_start_main+0xea)[0x7fb10afebd7a]
[hydra12:382954] [13] /home/thesis/jheld/MPI_Syrk_implementation/build/src/MPI_SYRK_implementation(+0x232a)[0x5614acf3932a]
[hydra12:382954] *** End of error message ***
[hydra10:516104] *** End of error message ***
[hydra05:402623] [ 7] /opt/mpi/openmpi-4.1.4//lib/libmpi.so.40(ompi_group_allocate+0x17)[0x7f08e55d61e7]
[hydra06:403335] [ 6] /lib/x86_64-linux-gnu/libc.so.6(__libc_calloc+0x81)[0x7efcae63ebd1]
[hydra02:595105] [ 8] /opt/mpi/openmpi-4.1.4//lib/libmpi.so.40(ompi_group_incl_plist+0x65)[0x7f6324023915]
[hydra05:402623] [ 8] /opt/mpi/openmpi-4.1.4//lib/libmpi.so.40(ompi_group_incl_plist+0x65)[0x7f08e55d6915]
[hydra06:403335] [ 7] /opt/mpi/openmpi-4.1.4//lib/libmpi.so.40(ompi_group_allocate+0x17)[0x7efcb050c1e7]
[hydra02:595105] [ 9] /opt/mpi/openmpi-4.1.4//lib/libmpi.so.40(PMPI_Group_incl+0x95)[0x7f6324054185]
[hydra05:402623] [ 9] /opt/mpi/openmpi-4.1.4//lib/libmpi.so.40(PMPI_Group_incl+0x95)[0x7f08e5607185]
[hydra05:402623] [10] /home/thesis/jheld/MPI_Syrk_implementation/build/src/MPI_SYRK_implementation(+0x841a)[0x5638b837341a]
[hydra06:403335] [ 8] /opt/mpi/openmpi-4.1.4//lib/libmpi.so.40(ompi_group_incl_plist+0x65)[0x7efcb050c915]
[hydra02:595105] [10] /home/thesis/jheld/MPI_Syrk_implementation/build/src/MPI_SYRK_implementation(+0x841a)[0x55bef4c0041a]
[hydra02:595105] [11] /home/thesis/jheld/MPI_Syrk_implementation/build/src/MPI_SYRK_implementation(+0x2ab0)[0x55bef4bfaab0]
[hydra05:402623] [11] /home/thesis/jheld/MPI_Syrk_implementation/build/src/MPI_SYRK_implementation(+0x2ab0)[0x5638b836dab0]
[hydra06:403335] [ 9] /opt/mpi/openmpi-4.1.4//lib/libmpi.so.40(PMPI_Group_incl+0x95)[0x7efcb053d185]
[hydra02:595105] [12] /lib/x86_64-linux-gnu/libc.so.6(__libc_start_main+0xea)[0x7f63220f2d7a]
[hydra05:402623] [12] /lib/x86_64-linux-gnu/libc.so.6(__libc_start_main+0xea)[0x7f08e36a5d7a]
[hydra06:403335] [10] /home/thesis/jheld/MPI_Syrk_implementation/build/src/MPI_SYRK_implementation(+0x841a)[0x55747e14141a]
[hydra06:403335] [11] /home/thesis/jheld/MPI_Syrk_implementation/build/src/MPI_SYRK_implementation(+0x2ab0)[0x55747e13bab0]
[hydra02:595105] [13] /home/thesis/jheld/MPI_Syrk_implementation/build/src/MPI_SYRK_implementation(+0x232a)[0x55bef4bfa32a]
[hydra02:595105] *** End of error message ***
[hydra05:402623] [13] /home/thesis/jheld/MPI_Syrk_implementation/build/src/MPI_SYRK_implementation(+0x232a)[0x5638b836d32a]
[hydra05:402623] *** End of error message ***
[hydra06:403335] [12] /lib/x86_64-linux-gnu/libc.so.6(__libc_start_main+0xea)[0x7efcae5dbd7a]
[hydra06:403335] [13] /home/thesis/jheld/MPI_Syrk_implementation/build/src/MPI_SYRK_implementation(+0x232a)[0x55747e13b32a]
[hydra06:403335] *** End of error message ***
srun: error: hydra09: task 26: Aborted
srun: error: hydra10: task 27: Aborted
srun: error: hydra02: task 5: Aborted
srun: error: hydra04: task 11: Aborted
srun: error: hydra03: task 7: Aborted
srun: error: hydra06: task 15: Aborted
srun: error: hydra05: tasks 12,14: Aborted
srun: error: hydra11: task 30: Aborted
srun: error: hydra01: task 1: Aborted
srun: error: hydra08: task 23: Aborted
srun: error: hydra12: tasks 33-34: Aborted
slurmstepd: error:  mpi/pmix_v4: _errhandler: hydra09 [8]: pmixp_client_v2.c:211: Error handler invoked: status = -61, source = [slurm.pmix.5008705.4:26]
slurmstepd: error:  mpi/pmix_v4: _errhandler: hydra01 [0]: pmixp_client_v2.c:211: Error handler invoked: status = -61, source = [slurm.pmix.5008705.4:1]
slurmstepd: error:  mpi/pmix_v4: _errhandler: hydra06 [5]: pmixp_client_v2.c:211: Error handler invoked: status = -61, source = [slurm.pmix.5008705.4:15]
slurmstepd: error:  mpi/pmix_v4: _errhandler: hydra11 [10]: pmixp_client_v2.c:211: Error handler invoked: status = -61, source = [slurm.pmix.5008705.4:30]
slurmstepd: error:  mpi/pmix_v4: _errhandler: hydra04 [3]: pmixp_client_v2.c:211: Error handler invoked: status = -61, source = [slurm.pmix.5008705.4:11]
slurmstepd: error:  mpi/pmix_v4: _errhandler: hydra08 [7]: pmixp_client_v2.c:211: Error handler invoked: status = -61, source = [slurm.pmix.5008705.4:23]
slurmstepd: error:  mpi/pmix_v4: _errhandler: hydra10 [9]: pmixp_client_v2.c:211: Error handler invoked: status = -61, source = [slurm.pmix.5008705.4:27]
slurmstepd: error:  mpi/pmix_v4: _errhandler: hydra05 [4]: pmixp_client_v2.c:211: Error handler invoked: status = -61, source = [slurm.pmix.5008705.4:12]
slurmstepd: error:  mpi/pmix_v4: _errhandler: hydra02 [1]: pmixp_client_v2.c:211: Error handler invoked: status = -61, source = [slurm.pmix.5008705.4:5]
slurmstepd: error:  mpi/pmix_v4: _errhandler: hydra03 [2]: pmixp_client_v2.c:211: Error handler invoked: status = -61, source = [slurm.pmix.5008705.4:7]
slurmstepd: error: *** STEP 5008705.4 ON hydra01 CANCELLED AT 2025-10-13T15:42:28 ***
srun: Job step aborted: Waiting up to 32 seconds for job step to finish.
srun: error: hydra12: task 35: Killed
srun: error: hydra05: task 13: Killed
srun: error: hydra02: tasks 3-4: Killed
srun: error: hydra03: tasks 6,8: Killed
srun: error: hydra04: tasks 9-10: Killed
srun: error: hydra09: tasks 24-25: Killed
srun: error: hydra01: tasks 0,2: Killed
srun: error: hydra10: tasks 28-29: Killed
srun: error: hydra06: tasks 16-17: Killed
srun: error: hydra08: tasks 21-22: Killed
srun: error: hydra11: tasks 31-32: Killed
srun: error: hydra07: tasks 18-20: Killed
⚠️ Warning: No runtime found for run 5
srun: Warning: can't honor --ntasks-per-node set to 1 which doesn't match the requested tasks 36 with the number of requested nodes 12. Ignoring --ntasks-per-node.
missing input file name --> Generate random input
malloc(): invalid size (unsorted)
malloc(): invalid size (unsorted)
[hydra01:915758] *** Process received signal ***
malloc(): invalid size (unsorted)
[hydra12:383020] *** Process received signal ***
[hydra12:383020] Signal: Aborted (6)
[hydra12:383020] Signal code:  (-6)
[hydra01:915757] *** Process received signal ***
[hydra01:915757] Signal: Aborted (6)
[hydra01:915757] Signal code:  (-6)
[hydra01:915758] Signal: Aborted (6)
[hydra01:915758] Signal code:  (-6)
malloc(): invalid size (unsorted)
[hydra01:915757] [ 0] /lib/x86_64-linux-gnu/libc.so.6(+0x38de0)[0x7f2cbc51ede0]
[hydra01:915758] [ 0] /lib/x86_64-linux-gnu/libc.so.6(+0x38de0)[0x7fdf45250de0]
malloc(): invalid size (unsorted)
[hydra05:402686] *** Process received signal ***
[hydra05:402686] Signal: Aborted (6)
[hydra05:402686] Signal code:  (-6)
[hydra01:915757] [ 1] /lib/x86_64-linux-gnu/libc.so.6(gsignal+0x141)[0x7f2cbc51ed61]
[hydra01:915758] [ 1] /lib/x86_64-linux-gnu/libc.so.6(gsignal+0x141)[0x7fdf45250d61]
[hydra01:915759] *** Process received signal ***
[hydra01:915759] Signal: Aborted (6)
[hydra01:915759] Signal code:  (-6)
malloc(): invalid size (unsorted)
[hydra07:429780] *** Process received signal ***
[hydra07:429780] Signal: Aborted (6)
[hydra07:429780] Signal code:  (-6)
malloc(): invalid size (unsorted)
[hydra04:418723] *** Process received signal ***
[hydra04:418723] Signal: Aborted (6)
[hydra04:418723] Signal code:  (-6)
[hydra01:915757] [ 2] /lib/x86_64-linux-gnu/libc.so.6(abort+0x123)[0x7f2cbc508537]
malloc(): invalid size (unsorted)
[hydra03:420018] *** Process received signal ***
[hydra03:420018] Signal: Aborted (6)
[hydra03:420018] Signal code:  (-6)
malloc(): invalid size (unsorted)
[hydra02:595182] *** Process received signal ***
[hydra02:595182] Signal: Aborted (6)
[hydra02:595182] Signal code:  (-6)
[hydra01:915758] [ 2] /lib/x86_64-linux-gnu/libc.so.6(abort+0x123)[0x7fdf4523a537]
[hydra01:915757] [ 3] /lib/x86_64-linux-gnu/libc.so.6(+0x7a468)[0x7f2cbc560468]
malloc(): invalid size (unsorted)
[hydra06:403400] *** Process received signal ***
[hydra06:403400] Signal: Aborted (6)
[hydra06:403400] Signal code:  (-6)
malloc(): invalid size (unsorted)
[hydra12:383021] *** Process received signal ***
[hydra12:383021] Signal: Aborted (6)
[hydra12:383021] Signal code:  (-6)
malloc(): invalid size (unsorted)
[hydra08:405059] *** Process received signal ***
[hydra08:405059] Signal: Aborted (6)
[hydra08:405059] Signal code:  (-6)
[hydra12:383020] [ 0] /lib/x86_64-linux-gnu/libc.so.6(+0x38de0)[0x7f35daf77de0]
[hydra01:915758] [ 3] /lib/x86_64-linux-gnu/libc.so.6(+0x7a468)[0x7fdf45292468]
malloc(): invalid size (unsorted)
[hydra10:516173] *** Process received signal ***
malloc(): invalid size (unsorted)
[hydra11:383118] *** Process received signal ***
[hydra11:383118] Signal: Aborted (6)
[hydra11:383118] Signal code:  (-6)
[hydra12:383021] [ 0] /lib/x86_64-linux-gnu/libc.so.6(+0x38de0)[0x7ffb50451de0]
[hydra01:915757] [ 4] /lib/x86_64-linux-gnu/libc.so.6(+0x8175a)[0x7f2cbc56775a]
malloc(): invalid size (unsorted)
[hydra09:395867] *** Process received signal ***
[hydra09:395867] Signal: Aborted (6)
[hydra09:395867] Signal code:  (-6)
[hydra12:383020] [ 1] /lib/x86_64-linux-gnu/libc.so.6(gsignal+0x141)[0x7f35daf77d61]
[hydra01:915758] [ 4] /lib/x86_64-linux-gnu/libc.so.6(+0x8175a)[0x7fdf4529975a]
malloc(): invalid size (unsorted)
[hydra10:516174] *** Process received signal ***
[hydra10:516174] Signal: Aborted (6)
[hydra10:516174] Signal code:  (-6)
[hydra12:383021] [ 1] /lib/x86_64-linux-gnu/libc.so.6(gsignal+0x141)[0x7ffb50451d61]
[hydra10:516173] Signal: Aborted (6)
[hydra10:516173] Signal code:  (-6)
[hydra12:383020] [ 2] /lib/x86_64-linux-gnu/libc.so.6(abort+0x123)[0x7f35daf61537]
[hydra01:915759] [ 0] /lib/x86_64-linux-gnu/libc.so.6(+0x38de0)[0x7fcac3493de0]
[hydra10:516174] [ 0] /lib/x86_64-linux-gnu/libc.so.6(+0x38de0)[0x7fe69fb8ade0]
[hydra12:383021] [ 2] /lib/x86_64-linux-gnu/libc.so.6(abort+0x123)[0x7ffb5043b537]
[hydra01:915757] [ 5] /lib/x86_64-linux-gnu/libc.so.6(+0x8483c)[0x7f2cbc56a83c]
[hydra10:516174] [ 1] /lib/x86_64-linux-gnu/libc.so.6(gsignal+0x141)[0x7fe69fb8ad61]
[hydra12:383020] [ 3] /lib/x86_64-linux-gnu/libc.so.6(+0x7a468)[0x7f35dafb9468]
[hydra01:915758] [ 5] /lib/x86_64-linux-gnu/libc.so.6(+0x8483c)[0x7fdf4529c83c]
[hydra10:516173] [ 0] /lib/x86_64-linux-gnu/libc.so.6(+0x38de0)[0x7fb26fc92de0]
[hydra12:383021] [ 3] /lib/x86_64-linux-gnu/libc.so.6(+0x7a468)[0x7ffb50493468]
[hydra01:915759] [ 1] /lib/x86_64-linux-gnu/libc.so.6(gsignal+0x141)[0x7fcac3493d61]
[hydra01:915759] [ 2] /lib/x86_64-linux-gnu/libc.so.6(abort+0x123)[0x7fcac347d537]
[hydra10:516174] [ 2] /lib/x86_64-linux-gnu/libc.so.6(abort+0x123)[0x7fe69fb74537]
[hydra12:383020] [ 4] /lib/x86_64-linux-gnu/libc.so.6(+0x8175a)[0x7f35dafc075a]
[hydra01:915757] [ 6] /lib/x86_64-linux-gnu/libc.so.6(__libc_calloc+0x81)[0x7f2cbc56cbd1]
[hydra10:516173] [ 1] /lib/x86_64-linux-gnu/libc.so.6(gsignal+0x141)[0x7fb26fc92d61]
malloc(): invalid size (unsorted)
[hydra12:383021] [ 4] /lib/x86_64-linux-gnu/libc.so.6(+0x8175a)[0x7ffb5049a75a]
[hydra01:915758] [ 6] /lib/x86_64-linux-gnu/libc.so.6(__libc_calloc+0x81)[0x7fdf4529ebd1]
[hydra10:516174] [ 3] /lib/x86_64-linux-gnu/libc.so.6(+0x7a468)[0x7fe69fbcc468]
[hydra05:402686] [ 0] /lib/x86_64-linux-gnu/libc.so.6(+0x38de0)[0x7f0c8b2aede0]
[hydra12:383020] [ 5] /lib/x86_64-linux-gnu/libc.so.6(+0x8483c)[0x7f35dafc383c]
[hydra01:915757] [ 7] /opt/mpi/openmpi-4.1.4//lib/libmpi.so.40(ompi_group_allocate+0x17)[0x7f2cbe43a1e7]
[hydra10:516173] [ 2] /lib/x86_64-linux-gnu/libc.so.6(abort+0x123)[0x7fb26fc7c537]
malloc(): invalid size (unsorted)
[hydra03:420019] *** Process received signal ***
[hydra03:420019] Signal: Aborted (6)
[hydra03:420019] Signal code:  (-6)
[hydra05:402688] *** Process received signal ***
[hydra05:402688] Signal: Aborted (6)
[hydra05:402688] Signal code:  (-6)
[hydra12:383021] [ 5] /lib/x86_64-linux-gnu/libc.so.6(+0x8483c)[0x7ffb5049d83c]
[hydra01:915758] [ 7] /opt/mpi/openmpi-4.1.4//lib/libmpi.so.40(ompi_group_allocate+0x17)[0x7fdf4716c1e7]
[hydra01:915758] [ 8] /opt/mpi/openmpi-4.1.4//lib/libmpi.so.40(ompi_group_incl_plist+0x65)[0x7fdf4716c915]
[hydra10:516174] [ 4] /lib/x86_64-linux-gnu/libc.so.6(+0x8175a)[0x7fe69fbd375a]
[hydra03:420018] [ 0] /lib/x86_64-linux-gnu/libc.so.6(+0x38de0)[0x7fb1738ffde0]
[hydra05:402686] [ 1] /lib/x86_64-linux-gnu/libc.so.6(gsignal+0x141)[0x7f0c8b2aed61]
[hydra12:383020] [ 6] /lib/x86_64-linux-gnu/libc.so.6(__libc_calloc+0x81)[0x7f35dafc5bd1]
[hydra01:915759] [ 3] /lib/x86_64-linux-gnu/libc.so.6(+0x7a468)[0x7fcac34d5468]
[hydra10:516173] [ 3] /lib/x86_64-linux-gnu/libc.so.6(+0x7a468)[0x7fb26fcd4468]
[hydra03:420019] [ 0] /lib/x86_64-linux-gnu/libc.so.6(+0x38de0)[0x7f1e11d12de0]
[hydra05:402686] [ 2] /lib/x86_64-linux-gnu/libc.so.6(abort+0x123)[0x7f0c8b298537]
[hydra07:429780] [ 0] /lib/x86_64-linux-gnu/libc.so.6(+0x38de0)[0x7f2b5e9fade0]
[hydra04:418723] [ 0] /lib/x86_64-linux-gnu/libc.so.6(+0x38de0)[0x7f5be3369de0]
[hydra12:383021] [ 6] /lib/x86_64-linux-gnu/libc.so.6(__libc_calloc+0x81)[0x7ffb5049fbd1]
[hydra01:915757] [ 8] /opt/mpi/openmpi-4.1.4//lib/libmpi.so.40(ompi_group_incl_plist+0x65)[0x7f2cbe43a915]
[hydra10:516174] [ 5] /lib/x86_64-linux-gnu/libc.so.6(+0x8483c)[0x7fe69fbd683c]
[hydra03:420019] [ 1] /lib/x86_64-linux-gnu/libc.so.6(gsignal+0x141)[0x7f1e11d12d61]
[hydra05:402686] [ 3] /lib/x86_64-linux-gnu/libc.so.6(+0x7a468)[0x7f0c8b2f0468]
[hydra07:429780] [ 1] /lib/x86_64-linux-gnu/libc.so.6(gsignal+0x141)[0x7f2b5e9fad61]
[hydra02:595182] [ 0] /lib/x86_64-linux-gnu/libc.so.6(+0x38de0)[0x7f90270e4de0]
[hydra04:418723] [ 1] /lib/x86_64-linux-gnu/libc.so.6(gsignal+0x141)[0x7f5be3369d61]
[hydra12:383020] [ 7] /opt/mpi/openmpi-4.1.4//lib/libmpi.so.40(ompi_group_allocate+0x17)[0x7f35dce931e7]
[hydra01:915759] [ 4] /lib/x86_64-linux-gnu/libc.so.6(+0x8175a)[0x7fcac34dc75a]
[hydra10:516174] [ 6] /lib/x86_64-linux-gnu/libc.so.6(__libc_calloc+0x81)[0x7fe69fbd8bd1]
[hydra08:405059] [ 0] /lib/x86_64-linux-gnu/libc.so.6(+0x38de0)[0x7efc87031de0]
[hydra03:420018] [ 1] /lib/x86_64-linux-gnu/libc.so.6(gsignal+0x141)[0x7fb1738ffd61]
[hydra05:402686] [ 4] /lib/x86_64-linux-gnu/libc.so.6(+0x8175a)[0x7f0c8b2f775a]
[hydra07:429780] [ 2] /lib/x86_64-linux-gnu/libc.so.6(abort+0x123)[0x7f2b5e9e4537]
[hydra02:595182] [ 1] /lib/x86_64-linux-gnu/libc.so.6(gsignal+0x141)[0x7f90270e4d61]
[hydra04:418723] [ 2] /lib/x86_64-linux-gnu/libc.so.6(abort+0x123)[0x7f5be3353537]
[hydra12:383021] [ 7] /opt/mpi/openmpi-4.1.4//lib/libmpi.so.40(ompi_group_allocate+0x17)[0x7ffb5236d1e7]
[hydra01:915757] [ 9] /opt/mpi/openmpi-4.1.4//lib/libmpi.so.40(PMPI_Group_incl+0x95)[0x7f2cbe46b185]
[hydra01:915757] [10] /home/thesis/jheld/MPI_Syrk_implementation/build/src/MPI_SYRK_implementation(+0x841a)[0x55cf713ee41a]
[hydra01:915757] [11] /home/thesis/jheld/MPI_Syrk_implementation/build/src/MPI_SYRK_implementation(+0x2ab0)[0x55cf713e8ab0]
[hydra10:516173] [ 4] /lib/x86_64-linux-gnu/libc.so.6(+0x8175a)[0x7fb26fcdb75a]
[hydra08:405059] [ 1] /lib/x86_64-linux-gnu/libc.so.6(gsignal+0x141)[0x7efc87031d61]
[hydra03:420018] [ 2] /lib/x86_64-linux-gnu/libc.so.6(abort+0x123)[0x7fb1738e9537]
[hydra05:402688] [ 0] /lib/x86_64-linux-gnu/libc.so.6(+0x38de0)[0x7fad8e344de0]
[hydra06:403400] [ 0] /lib/x86_64-linux-gnu/libc.so.6(+0x38de0)[0x7fc59b256de0]
[hydra07:429780] [ 3] /lib/x86_64-linux-gnu/libc.so.6(+0x7a468)[0x7f2b5ea3c468]
[hydra02:595182] [ 2] /lib/x86_64-linux-gnu/libc.so.6(abort+0x123)[0x7f90270ce537]
[hydra04:418723] [ 3] /lib/x86_64-linux-gnu/libc.so.6(+0x7a468)[0x7f5be33ab468]
[hydra12:383020] [ 8] /opt/mpi/openmpi-4.1.4//lib/libmpi.so.40(ompi_group_incl_plist+0x65)[0x7f35dce93915]
[hydra01:915758] [ 9] /opt/mpi/openmpi-4.1.4//lib/libmpi.so.40(PMPI_Group_incl+0x95)[0x7fdf4719d185]
[hydra01:915758] [10] /home/thesis/jheld/MPI_Syrk_implementation/build/src/MPI_SYRK_implementation(+0x841a)[0x55d770faa41a]
[hydra01:915758] [11] /home/thesis/jheld/MPI_Syrk_implementation/build/src/MPI_SYRK_implementation(+0x2ab0)[0x55d770fa4ab0]
[hydra10:516174] [ 7] /opt/mpi/openmpi-4.1.4//lib/libmpi.so.40(ompi_group_allocate+0x17)[0x7fe6a1aa61e7]
[hydra08:405059] [ 2] /lib/x86_64-linux-gnu/libc.so.6(abort+0x123)[0x7efc8701b537]
[hydra03:420019] [ 2] /lib/x86_64-linux-gnu/libc.so.6(abort+0x123)[0x7f1e11cfc537]
[hydra05:402688] [ 1] /lib/x86_64-linux-gnu/libc.so.6(gsignal+0x141)[0x7fad8e344d61]
[hydra06:403400] [ 1] /lib/x86_64-linux-gnu/libc.so.6(gsignal+0x141)[0x7fc59b256d61]
[hydra09:395867] [ 0] /lib/x86_64-linux-gnu/libc.so.6(+0x38de0)[0x7efed7a31de0]
[hydra07:429780] [ 4] /lib/x86_64-linux-gnu/libc.so.6(+0x8175a)[0x7f2b5ea4375a]
[hydra02:595182] [ 3] /lib/x86_64-linux-gnu/libc.so.6(+0x7a468)[0x7f9027126468]
[hydra11:383118] [ 0] /lib/x86_64-linux-gnu/libc.so.6(+0x38de0)[0x7f87449bfde0]
[hydra04:418723] [ 4] /lib/x86_64-linux-gnu/libc.so.6(+0x8175a)[0x7f5be33b275a]
[hydra12:383021] [ 8] /opt/mpi/openmpi-4.1.4//lib/libmpi.so.40(ompi_group_incl_plist+0x65)[0x7ffb5236d915]
[hydra01:915757] [12] /lib/x86_64-linux-gnu/libc.so.6(__libc_start_main+0xea)[0x7f2cbc509d7a]
[hydra01:915757] [13] /home/thesis/jheld/MPI_Syrk_implementation/build/src/MPI_SYRK_implementation(+0x232a)[0x55cf713e832a]
[hydra01:915757] *** End of error message ***
[hydra10:516173] [ 5] /lib/x86_64-linux-gnu/libc.so.6(+0x8483c)[0x7fb26fcde83c]
[hydra08:405059] [ 3] /lib/x86_64-linux-gnu/libc.so.6(+0x7a468)[0x7efc87073468]
[hydra03:420018] [ 3] /lib/x86_64-linux-gnu/libc.so.6(+0x7a468)[0x7fb173941468]
[hydra05:402686] [ 5] /lib/x86_64-linux-gnu/libc.so.6(+0x8483c)[0x7f0c8b2fa83c]
[hydra06:403400] [ 2] /lib/x86_64-linux-gnu/libc.so.6(abort+0x123)[0x7fc59b240537]
[hydra09:395867] [ 1] /lib/x86_64-linux-gnu/libc.so.6(gsignal+0x141)[0x7efed7a31d61]
[hydra07:429780] [ 5] /lib/x86_64-linux-gnu/libc.so.6(+0x8483c)[0x7f2b5ea4683c]
[hydra02:595182] [ 4] /lib/x86_64-linux-gnu/libc.so.6(+0x8175a)[0x7f902712d75a]
[hydra11:383118] [ 1] /lib/x86_64-linux-gnu/libc.so.6(gsignal+0x141)[0x7f87449bfd61]
[hydra04:418723] [ 5] /lib/x86_64-linux-gnu/libc.so.6(+0x8483c)[0x7f5be33b583c]
[hydra01:915758] [12] /lib/x86_64-linux-gnu/libc.so.6(__libc_start_main+0xea)[0x7fdf4523bd7a]
[hydra01:915758] [13] /home/thesis/jheld/MPI_Syrk_implementation/build/src/MPI_SYRK_implementation(+0x232a)[0x55d770fa432a]
[hydra01:915758] *** End of error message ***
[hydra10:516174] [ 8] /opt/mpi/openmpi-4.1.4//lib/libmpi.so.40(ompi_group_incl_plist+0x65)[0x7fe6a1aa6915]
[hydra08:405059] [ 4] /lib/x86_64-linux-gnu/libc.so.6(+0x8175a)[0x7efc8707a75a]
[hydra03:420019] [ 3] /lib/x86_64-linux-gnu/libc.so.6(+0x7a468)[0x7f1e11d54468]
[hydra05:402688] [ 2] /lib/x86_64-linux-gnu/libc.so.6(abort+0x123)[0x7fad8e32e537]
[hydra06:403400] [ 3] /lib/x86_64-linux-gnu/libc.so.6(+0x7a468)[0x7fc59b298468]
[hydra09:395867] [ 2] /lib/x86_64-linux-gnu/libc.so.6(abort+0x123)[0x7efed7a1b537]
[hydra07:429780] [ 6] /lib/x86_64-linux-gnu/libc.so.6(__libc_calloc+0x81)[0x7f2b5ea48bd1]
[hydra02:595182] [ 5] /lib/x86_64-linux-gnu/libc.so.6(+0x8483c)[0x7f902713083c]
[hydra11:383118] [ 2] /lib/x86_64-linux-gnu/libc.so.6(abort+0x123)[0x7f87449a9537]
[hydra04:418723] [ 6] /lib/x86_64-linux-gnu/libc.so.6(__libc_calloc+0x81)[0x7f5be33b7bd1]
[hydra01:915759] [ 5] /lib/x86_64-linux-gnu/libc.so.6(+0x8483c)[0x7fcac34df83c]
[hydra01:915759] [ 6] /lib/x86_64-linux-gnu/libc.so.6(__libc_calloc+0x81)[0x7fcac34e1bd1]
[hydra10:516173] [ 6] /lib/x86_64-linux-gnu/libc.so.6(__libc_calloc+0x81)[0x7fb26fce0bd1]
[hydra08:405059] [ 5] /lib/x86_64-linux-gnu/libc.so.6(+0x8483c)[0x7efc8707d83c]
[hydra03:420018] [ 4] /lib/x86_64-linux-gnu/libc.so.6(+0x8175a)[0x7fb17394875a]
[hydra05:402686] [ 6] /lib/x86_64-linux-gnu/libc.so.6(__libc_calloc+0x81)[0x7f0c8b2fcbd1]
[hydra06:403400] [ 4] /lib/x86_64-linux-gnu/libc.so.6(+0x8175a)[0x7fc59b29f75a]
[hydra09:395867] [ 3] /lib/x86_64-linux-gnu/libc.so.6(+0x7a468)[0x7efed7a73468]
[hydra07:429780] [ 7] /opt/mpi/openmpi-4.1.4//lib/libmpi.so.40(ompi_group_allocate+0x17)[0x7f2b609161e7]
[hydra02:595182] [ 6] /lib/x86_64-linux-gnu/libc.so.6(__libc_calloc+0x81)[0x7f9027132bd1]
[hydra11:383118] [ 3] /lib/x86_64-linux-gnu/libc.so.6(+0x7a468)[0x7f8744a01468]
[hydra04:418723] [ 7] /opt/mpi/openmpi-4.1.4//lib/libmpi.so.40(ompi_group_allocate+0x17)[0x7f5be52851e7]
[hydra01:915759] [ 7] /opt/mpi/openmpi-4.1.4//lib/libmpi.so.40(ompi_group_allocate+0x17)[0x7fcac53af1e7]
[hydra10:516174] [ 9] /opt/mpi/openmpi-4.1.4//lib/libmpi.so.40(PMPI_Group_incl+0x95)[0x7fe6a1ad7185]
[hydra10:516174] [10] /home/thesis/jheld/MPI_Syrk_implementation/build/src/MPI_SYRK_implementation(+0x841a)[0x555786e7d41a]
[hydra08:405059] [ 6] /lib/x86_64-linux-gnu/libc.so.6(__libc_calloc+0x81)[0x7efc8707fbd1]
[hydra03:420019] [ 4] /lib/x86_64-linux-gnu/libc.so.6(+0x8175a)[0x7f1e11d5b75a]
[hydra05:402686] [ 7] /opt/mpi/openmpi-4.1.4//lib/libmpi.so.40(ompi_group_allocate+0x17)[0x7f0c8d1ca1e7]
[hydra06:403400] [ 5] /lib/x86_64-linux-gnu/libc.so.6(+0x8483c)[0x7fc59b2a283c]
[hydra09:395867] [ 4] /lib/x86_64-linux-gnu/libc.so.6(+0x8175a)[0x7efed7a7a75a]
[hydra07:429780] [ 8] /opt/mpi/openmpi-4.1.4//lib/libmpi.so.40(ompi_group_incl_plist+0x65)[0x7f2b60916915]
[hydra02:595182] [ 7] /opt/mpi/openmpi-4.1.4//lib/libmpi.so.40(ompi_group_allocate+0x17)[0x7f90290001e7]
[hydra11:383118] [ 4] /lib/x86_64-linux-gnu/libc.so.6(+0x8175a)[0x7f8744a0875a]
[hydra04:418723] [ 8] /opt/mpi/openmpi-4.1.4//lib/libmpi.so.40(ompi_group_incl_plist+0x65)[0x7f5be5285915]
[hydra01:915759] [ 8] /opt/mpi/openmpi-4.1.4//lib/libmpi.so.40(ompi_group_incl_plist+0x65)[0x7fcac53af915]
[hydra10:516174] [11] /home/thesis/jheld/MPI_Syrk_implementation/build/src/MPI_SYRK_implementation(+0x2ab0)[0x555786e77ab0]
[hydra08:405059] [ 7] /opt/mpi/openmpi-4.1.4//lib/libmpi.so.40(ompi_group_allocate+0x17)[0x7efc88f4d1e7]
[hydra03:420018] [ 5] /lib/x86_64-linux-gnu/libc.so.6(+0x8483c)[0x7fb17394b83c]
[hydra05:402688] [ 3] /lib/x86_64-linux-gnu/libc.so.6(+0x7a468)[0x7fad8e386468]
[hydra06:403400] [ 6] /lib/x86_64-linux-gnu/libc.so.6(__libc_calloc+0x81)[0x7fc59b2a4bd1]
[hydra09:395867] [ 5] /lib/x86_64-linux-gnu/libc.so.6(+0x8483c)[0x7efed7a7d83c]
[hydra07:429780] [ 9] /opt/mpi/openmpi-4.1.4//lib/libmpi.so.40(PMPI_Group_incl+0x95)[0x7f2b60947185]
[hydra02:595182] [ 8] /opt/mpi/openmpi-4.1.4//lib/libmpi.so.40(ompi_group_incl_plist+0x65)[0x7f9029000915]
[hydra11:383118] [ 5] /lib/x86_64-linux-gnu/libc.so.6(+0x8483c)[0x7f8744a0b83c]
[hydra04:418723] [ 9] /opt/mpi/openmpi-4.1.4//lib/libmpi.so.40(PMPI_Group_incl+0x95)[0x7f5be52b6185]
[hydra04:418723] [10] /home/thesis/jheld/MPI_Syrk_implementation/build/src/MPI_SYRK_implementation(+0x841a)[0x55887c6e241a]
[hydra01:915759] [ 9] /opt/mpi/openmpi-4.1.4//lib/libmpi.so.40(PMPI_Group_incl+0x95)[0x7fcac53e0185]
[hydra10:516173] [ 7] /opt/mpi/openmpi-4.1.4//lib/libmpi.so.40(ompi_group_allocate+0x17)[0x7fb271bae1e7]
[hydra08:405059] [ 8] /opt/mpi/openmpi-4.1.4//lib/libmpi.so.40(ompi_group_incl_plist+0x65)[0x7efc88f4d915]
[hydra03:420019] [ 5] /lib/x86_64-linux-gnu/libc.so.6(+0x8483c)[0x7f1e11d5e83c]
[hydra05:402686] [ 8] /opt/mpi/openmpi-4.1.4//lib/libmpi.so.40(ompi_group_incl_plist+0x65)[0x7f0c8d1ca915]
[hydra06:403400] [ 7] /opt/mpi/openmpi-4.1.4//lib/libmpi.so.40(ompi_group_allocate+0x17)[0x7fc59d1721e7]
[hydra09:395867] [ 6] /lib/x86_64-linux-gnu/libc.so.6(__libc_calloc+0x81)[0x7efed7a7fbd1]
[hydra07:429780] [10] /home/thesis/jheld/MPI_Syrk_implementation/build/src/MPI_SYRK_implementation(+0x841a)[0x557cf883e41a]
[hydra07:429780] [11] /home/thesis/jheld/MPI_Syrk_implementation/build/src/MPI_SYRK_implementation(+0x2ab0)[0x557cf8838ab0]
[hydra02:595182] [ 9] /opt/mpi/openmpi-4.1.4//lib/libmpi.so.40(PMPI_Group_incl+0x95)[0x7f9029031185]
[hydra11:383118] [ 6] /lib/x86_64-linux-gnu/libc.so.6(__libc_calloc+0x81)[0x7f8744a0dbd1]
[hydra04:418723] [11] /home/thesis/jheld/MPI_Syrk_implementation/build/src/MPI_SYRK_implementation(+0x2ab0)[0x55887c6dcab0]
[hydra01:915759] [10] /home/thesis/jheld/MPI_Syrk_implementation/build/src/MPI_SYRK_implementation(+0x841a)[0x55859aa0641a]
[hydra01:915759] [11] /home/thesis/jheld/MPI_Syrk_implementation/build/src/MPI_SYRK_implementation(+0x2ab0)[0x55859aa00ab0]
[hydra10:516174] [12] /lib/x86_64-linux-gnu/libc.so.6(__libc_start_main+0xea)[0x7fe69fb75d7a]
[hydra10:516174] [13] /home/thesis/jheld/MPI_Syrk_implementation/build/src/MPI_SYRK_implementation(+0x232a)[0x555786e7732a]
[hydra10:516174] *** End of error message ***
[hydra08:405059] [ 9] /opt/mpi/openmpi-4.1.4//lib/libmpi.so.40(PMPI_Group_incl+0x95)[0x7efc88f7e185]
[hydra03:420018] [ 6] /lib/x86_64-linux-gnu/libc.so.6(__libc_calloc+0x81)[0x7fb17394dbd1]
[hydra05:402688] [ 4] /lib/x86_64-linux-gnu/libc.so.6(+0x8175a)[0x7fad8e38d75a]
[hydra06:403400] [ 8] /opt/mpi/openmpi-4.1.4//lib/libmpi.so.40(ompi_group_incl_plist+0x65)[0x7fc59d172915]
[hydra09:395867] [ 7] /opt/mpi/openmpi-4.1.4//lib/libmpi.so.40(ompi_group_allocate+0x17)[0x7efed994d1e7]
[hydra07:429780] [12] /lib/x86_64-linux-gnu/libc.so.6(__libc_start_main+0xea)[0x7f2b5e9e5d7a]
[hydra07:429780] [13] /home/thesis/jheld/MPI_Syrk_implementation/build/src/MPI_SYRK_implementation(+0x232a)[0x557cf883832a]
[hydra02:595182] [10] /home/thesis/jheld/MPI_Syrk_implementation/build/src/MPI_SYRK_implementation(+0x841a)[0x556ad52e341a]
[hydra02:595182] [11] /home/thesis/jheld/MPI_Syrk_implementation/build/src/MPI_SYRK_implementation(+0x2ab0)[0x556ad52ddab0]
[hydra11:383118] [ 7] /opt/mpi/openmpi-4.1.4//lib/libmpi.so.40(ompi_group_allocate+0x17)[0x7f87468db1e7]
[hydra04:418723] [12] /lib/x86_64-linux-gnu/libc.so.6(__libc_start_main+0xea)[0x7f5be3354d7a]
[hydra04:418723] [13] /home/thesis/jheld/MPI_Syrk_implementation/build/src/MPI_SYRK_implementation(+0x232a)[0x55887c6dc32a]
[hydra01:915759] [12] /lib/x86_64-linux-gnu/libc.so.6(__libc_start_main+0xea)[0x7fcac347ed7a]
[hydra10:516173] [ 8] /opt/mpi/openmpi-4.1.4//lib/libmpi.so.40(ompi_group_incl_plist+0x65)[0x7fb271bae915]
[hydra08:405059] [10] /home/thesis/jheld/MPI_Syrk_implementation/build/src/MPI_SYRK_implementation(+0x841a)[0x55c4fc05341a]
[hydra08:405059] [11] /home/thesis/jheld/MPI_Syrk_implementation/build/src/MPI_SYRK_implementation(+0x2ab0)[0x55c4fc04dab0]
[hydra03:420019] [ 6] /lib/x86_64-linux-gnu/libc.so.6(__libc_calloc+0x81)[0x7f1e11d60bd1]
[hydra03:420019] [ 7] /opt/mpi/openmpi-4.1.4//lib/libmpi.so.40(ompi_group_allocate+0x17)[0x7f1e13c2e1e7]
[hydra05:402686] [ 9] /opt/mpi/openmpi-4.1.4//lib/libmpi.so.40(PMPI_Group_incl+0x95)[0x7f0c8d1fb185]
[hydra05:402686] [10] /home/thesis/jheld/MPI_Syrk_implementation/build/src/MPI_SYRK_implementation(+0x841a)[0x560703e6a41a]
[hydra06:403400] [ 9] /opt/mpi/openmpi-4.1.4//lib/libmpi.so.40(PMPI_Group_incl+0x95)[0x7fc59d1a3185]
[hydra06:403400] [10] /home/thesis/jheld/MPI_Syrk_implementation/build/src/MPI_SYRK_implementation(+0x841a)[0x55b63784441a]
[hydra09:395867] [ 8] /opt/mpi/openmpi-4.1.4//lib/libmpi.so.40(ompi_group_incl_plist+0x65)[0x7efed994d915]
[hydra07:429780] *** End of error message ***
[hydra02:595182] [12] /lib/x86_64-linux-gnu/libc.so.6(__libc_start_main+0xea)[0x7f90270cfd7a]
[hydra02:595182] [13] /home/thesis/jheld/MPI_Syrk_implementation/build/src/MPI_SYRK_implementation(+0x232a)[0x556ad52dd32a]
[hydra11:383118] [ 8] /opt/mpi/openmpi-4.1.4//lib/libmpi.so.40(ompi_group_incl_plist+0x65)[0x7f87468db915]
[hydra04:418723] *** End of error message ***
[hydra01:915759] [13] /home/thesis/jheld/MPI_Syrk_implementation/build/src/MPI_SYRK_implementation(+0x232a)[0x55859aa0032a]
[hydra01:915759] *** End of error message ***
[hydra10:516173] [ 9] /opt/mpi/openmpi-4.1.4//lib/libmpi.so.40(PMPI_Group_incl+0x95)[0x7fb271bdf185]
[hydra10:516173] [10] /home/thesis/jheld/MPI_Syrk_implementation/build/src/MPI_SYRK_implementation(+0x841a)[0x55716be9441a]
[hydra08:405059] [12] /lib/x86_64-linux-gnu/libc.so.6(__libc_start_main+0xea)[0x7efc8701cd7a]
[hydra08:405059] [13] /home/thesis/jheld/MPI_Syrk_implementation/build/src/MPI_SYRK_implementation(+0x232a)[0x55c4fc04d32a]
[hydra03:420018] [ 7] /opt/mpi/openmpi-4.1.4//lib/libmpi.so.40(ompi_group_allocate+0x17)[0x7fb17581b1e7]
[hydra05:402686] [11] /home/thesis/jheld/MPI_Syrk_implementation/build/src/MPI_SYRK_implementation(+0x2ab0)[0x560703e64ab0]
[hydra06:403400] [11] /home/thesis/jheld/MPI_Syrk_implementation/build/src/MPI_SYRK_implementation(+0x2ab0)[0x55b63783eab0]
[hydra09:395867] [ 9] /opt/mpi/openmpi-4.1.4//lib/libmpi.so.40(PMPI_Group_incl+0x95)[0x7efed997e185]
[hydra02:595182] *** End of error message ***
[hydra11:383118] [ 9] /opt/mpi/openmpi-4.1.4//lib/libmpi.so.40(PMPI_Group_incl+0x95)[0x7f874690c185]
[hydra10:516173] [11] /home/thesis/jheld/MPI_Syrk_implementation/build/src/MPI_SYRK_implementation(+0x2ab0)[0x55716be8eab0]
[hydra08:405059] *** End of error message ***
[hydra03:420018] [ 8] /opt/mpi/openmpi-4.1.4//lib/libmpi.so.40(ompi_group_incl_plist+0x65)[0x7fb17581b915]
[hydra05:402688] [ 5] /lib/x86_64-linux-gnu/libc.so.6(+0x8483c)[0x7fad8e39083c]
[hydra06:403400] [12] /lib/x86_64-linux-gnu/libc.so.6(__libc_start_main+0xea)[0x7fc59b241d7a]
[hydra06:403400] [13] /home/thesis/jheld/MPI_Syrk_implementation/build/src/MPI_SYRK_implementation(+0x232a)[0x55b63783e32a]
[hydra09:395867] [10] /home/thesis/jheld/MPI_Syrk_implementation/build/src/MPI_SYRK_implementation(+0x841a)[0x55aeb369e41a]
[hydra09:395867] [11] /home/thesis/jheld/MPI_Syrk_implementation/build/src/MPI_SYRK_implementation(+0x2ab0)[0x55aeb3698ab0]
[hydra11:383118] [10] /home/thesis/jheld/MPI_Syrk_implementation/build/src/MPI_SYRK_implementation(+0x841a)[0x55b1a1da641a]
[hydra11:383118] [11] /home/thesis/jheld/MPI_Syrk_implementation/build/src/MPI_SYRK_implementation(+0x2ab0)[0x55b1a1da0ab0]
[hydra10:516173] [12] /lib/x86_64-linux-gnu/libc.so.6(__libc_start_main+0xea)[0x7fb26fc7dd7a]
[hydra10:516173] [13] /home/thesis/jheld/MPI_Syrk_implementation/build/src/MPI_SYRK_implementation(+0x232a)[0x55716be8e32a]
[hydra03:420019] [ 8] /opt/mpi/openmpi-4.1.4//lib/libmpi.so.40(ompi_group_incl_plist+0x65)[0x7f1e13c2e915]
[hydra05:402686] [12] /lib/x86_64-linux-gnu/libc.so.6(__libc_start_main+0xea)[0x7f0c8b299d7a]
[hydra06:403400] *** End of error message ***
[hydra09:395867] [12] /lib/x86_64-linux-gnu/libc.so.6(__libc_start_main+0xea)[0x7efed7a1cd7a]
[hydra11:383118] [12] /lib/x86_64-linux-gnu/libc.so.6(__libc_start_main+0xea)[0x7f87449aad7a]
[hydra11:383118] [13] /home/thesis/jheld/MPI_Syrk_implementation/build/src/MPI_SYRK_implementation(+0x232a)[0x55b1a1da032a]
[hydra10:516173] *** End of error message ***
[hydra03:420018] [ 9] /opt/mpi/openmpi-4.1.4//lib/libmpi.so.40(PMPI_Group_incl+0x95)[0x7fb17584c185]
[hydra05:402686] [13] /home/thesis/jheld/MPI_Syrk_implementation/build/src/MPI_SYRK_implementation(+0x232a)[0x560703e6432a]
[hydra05:402686] *** End of error message ***
[hydra09:395867] [13] /home/thesis/jheld/MPI_Syrk_implementation/build/src/MPI_SYRK_implementation(+0x232a)[0x55aeb369832a]
[hydra09:395867] *** End of error message ***
[hydra11:383118] *** End of error message ***
[hydra03:420019] [ 9] /opt/mpi/openmpi-4.1.4//lib/libmpi.so.40(PMPI_Group_incl+0x95)[0x7f1e13c5f185]
[hydra03:420019] [10] /home/thesis/jheld/MPI_Syrk_implementation/build/src/MPI_SYRK_implementation(+0x841a)[0x55d8e9d3941a]
[hydra03:420019] [11] /home/thesis/jheld/MPI_Syrk_implementation/build/src/MPI_SYRK_implementation(+0x2ab0)[0x55d8e9d33ab0]
[hydra05:402688] [ 6] /lib/x86_64-linux-gnu/libc.so.6(__libc_calloc+0x81)[0x7fad8e392bd1]
[hydra03:420018] [10] /home/thesis/jheld/MPI_Syrk_implementation/build/src/MPI_SYRK_implementation(+0x841a)[0x558ca179c41a]
[hydra03:420018] [11] /home/thesis/jheld/MPI_Syrk_implementation/build/src/MPI_SYRK_implementation(+0x2ab0)[0x558ca1796ab0]
[hydra03:420019] [12] /lib/x86_64-linux-gnu/libc.so.6(__libc_start_main+0xea)[0x7f1e11cfdd7a]
[hydra03:420019] [13] /home/thesis/jheld/MPI_Syrk_implementation/build/src/MPI_SYRK_implementation(+0x232a)[0x55d8e9d3332a]
[hydra03:420018] [12] /lib/x86_64-linux-gnu/libc.so.6(__libc_start_main+0xea)[0x7fb1738ead7a]
[hydra03:420018] [13] /home/thesis/jheld/MPI_Syrk_implementation/build/src/MPI_SYRK_implementation(+0x232a)[0x558ca179632a]
[hydra03:420018] *** End of error message ***
[hydra03:420019] *** End of error message ***
[hydra05:402688] [ 7] /opt/mpi/openmpi-4.1.4//lib/libmpi.so.40(ompi_group_allocate+0x17)[0x7fad902601e7]
[hydra05:402688] [ 8] /opt/mpi/openmpi-4.1.4//lib/libmpi.so.40(ompi_group_incl_plist+0x65)[0x7fad90260915]
[hydra05:402688] [ 9] /opt/mpi/openmpi-4.1.4//lib/libmpi.so.40(PMPI_Group_incl+0x95)[0x7fad90291185]
[hydra05:402688] [10] /home/thesis/jheld/MPI_Syrk_implementation/build/src/MPI_SYRK_implementation(+0x841a)[0x5577123ed41a]
[hydra05:402688] [11] /home/thesis/jheld/MPI_Syrk_implementation/build/src/MPI_SYRK_implementation(+0x2ab0)[0x5577123e7ab0]
[hydra12:383020] [ 9] /opt/mpi/openmpi-4.1.4//lib/libmpi.so.40(PMPI_Group_incl+0x95)[0x7f35dcec4185]
[hydra05:402688] [12] /lib/x86_64-linux-gnu/libc.so.6(__libc_start_main+0xea)[0x7fad8e32fd7a]
[hydra05:402688] [13] /home/thesis/jheld/MPI_Syrk_implementation/build/src/MPI_SYRK_implementation(+0x232a)[0x5577123e732a]
[hydra12:383020] [10] /home/thesis/jheld/MPI_Syrk_implementation/build/src/MPI_SYRK_implementation(+0x841a)[0x5646e3e6d41a]
[hydra12:383020] [11] /home/thesis/jheld/MPI_Syrk_implementation/build/src/MPI_SYRK_implementation(+0x2ab0)[0x5646e3e67ab0]
[hydra05:402688] *** End of error message ***
[hydra12:383021] [ 9] /opt/mpi/openmpi-4.1.4//lib/libmpi.so.40(PMPI_Group_incl+0x95)[0x7ffb5239e185]
[hydra12:383021] [10] /home/thesis/jheld/MPI_Syrk_implementation/build/src/MPI_SYRK_implementation(+0x841a)[0x5599b93ed41a]
[hydra12:383021] [11] /home/thesis/jheld/MPI_Syrk_implementation/build/src/MPI_SYRK_implementation(+0x2ab0)[0x5599b93e7ab0]
[hydra12:383020] [12] /lib/x86_64-linux-gnu/libc.so.6(__libc_start_main+0xea)[0x7f35daf62d7a]
[hydra12:383020] [13] /home/thesis/jheld/MPI_Syrk_implementation/build/src/MPI_SYRK_implementation(+0x232a)[0x5646e3e6732a]
[hydra12:383020] *** End of error message ***
[hydra12:383021] [12] /lib/x86_64-linux-gnu/libc.so.6(__libc_start_main+0xea)[0x7ffb5043cd7a]
[hydra12:383021] [13] /home/thesis/jheld/MPI_Syrk_implementation/build/src/MPI_SYRK_implementation(+0x232a)[0x5599b93e732a]
[hydra12:383021] *** End of error message ***
srun: error: hydra04: task 11: Aborted
srun: error: hydra07: task 18: Aborted
srun: error: hydra02: task 3: Aborted
srun: error: hydra11: task 31: Aborted
srun: error: hydra08: task 23: Aborted
srun: error: hydra06: task 15: Aborted
srun: error: hydra09: task 26: Aborted
srun: error: hydra10: tasks 27-28: Aborted
srun: error: hydra03: tasks 7-8: Aborted
srun: error: hydra05: tasks 12,14: Aborted
srun: error: hydra12: tasks 34-35: Aborted
srun: error: hydra01: tasks 0-2: Aborted
slurmstepd: error:  mpi/pmix_v4: _errhandler: hydra07 [6]: pmixp_client_v2.c:211: Error handler invoked: status = -61, source = [slurm.pmix.5008705.5:18]
slurmstepd: error:  mpi/pmix_v4: _errhandler: hydra04 [3]: pmixp_client_v2.c:211: Error handler invoked: status = -61, source = [slurm.pmix.5008705.5:11]
slurmstepd: error:  mpi/pmix_v4: _errhandler: hydra12 [11]: pmixp_client_v2.c:211: Error handler invoked: status = -61, source = [slurm.pmix.5008705.5:34]
slurmstepd: error:  mpi/pmix_v4: _errhandler: hydra08 [7]: pmixp_client_v2.c:211: Error handler invoked: status = -61, source = [slurm.pmix.5008705.5:23]
slurmstepd: error:  mpi/pmix_v4: _errhandler: hydra06 [5]: pmixp_client_v2.c:211: Error handler invoked: status = -61, source = [slurm.pmix.5008705.5:15]
slurmstepd: error:  mpi/pmix_v4: _errhandler: hydra09 [8]: pmixp_client_v2.c:211: Error handler invoked: status = -61, source = [slurm.pmix.5008705.5:26]
slurmstepd: error:  mpi/pmix_v4: _errhandler: hydra05 [4]: pmixp_client_v2.c:211: Error handler invoked: status = -61, source = [slurm.pmix.5008705.5:12]
slurmstepd: error:  mpi/pmix_v4: _errhandler: hydra02 [1]: pmixp_client_v2.c:211: Error handler invoked: status = -61, source = [slurm.pmix.5008705.5:3]
slurmstepd: error:  mpi/pmix_v4: _errhandler: hydra11 [10]: pmixp_client_v2.c:211: Error handler invoked: status = -61, source = [slurm.pmix.5008705.5:31]
slurmstepd: error:  mpi/pmix_v4: _errhandler: hydra10 [9]: pmixp_client_v2.c:211: Error handler invoked: status = -61, source = [slurm.pmix.5008705.5:28]
srun: Job step aborted: Waiting up to 32 seconds for job step to finish.
srun: error: hydra05: task 13: Killed
srun: error: hydra12: task 33: Killed
srun: error: hydra03: task 6: Killed
srun: error: hydra10: task 29: Killed
srun: error: hydra02: tasks 4-5: Killed
srun: error: hydra09: tasks 24-25: Killed
srun: error: hydra07: tasks 19-20: Killed
srun: error: hydra08: tasks 21-22: Killed
srun: error: hydra06: tasks 16-17: Killed
srun: error: hydra11: tasks 30,32: Killed
srun: error: hydra04: tasks 9-10: Killed
⚠️ Warning: No runtime found for run 6
srun: Warning: can't honor --ntasks-per-node set to 1 which doesn't match the requested tasks 36 with the number of requested nodes 12. Ignoring --ntasks-per-node.
missing input file name --> Generate random input
malloc(): invalid size (unsorted)
[hydra12:383089] *** Process received signal ***
[hydra12:383089] Signal: Aborted (6)
[hydra12:383089] Signal code:  (-6)
malloc(): invalid size (unsorted)
[hydra01:915853] *** Process received signal ***
[hydra01:915853] Signal: Aborted (6)
[hydra01:915853] Signal code:  (-6)
malloc(): invalid size (unsorted)
[hydra01:915853] [ 0] /lib/x86_64-linux-gnu/libc.so.6(+0x38de0)[0x7faf56924de0]
[hydra01:915854] *** Process received signal ***
[hydra01:915854] Signal: Aborted (6)
[hydra01:915854] Signal code:  (-6)
[hydra01:915853] [ 1] /lib/x86_64-linux-gnu/libc.so.6(gsignal+0x141)[0x7faf56924d61]
[hydra01:915853] [ 2] /lib/x86_64-linux-gnu/libc.so.6(abort+0x123)[0x7faf5690e537]
malloc(): invalid size (unsorted)
[hydra05:402755] *** Process received signal ***
[hydra05:402755] Signal: Aborted (6)
[hydra05:402755] Signal code:  (-6)
[hydra01:915853] [ 3] /lib/x86_64-linux-gnu/libc.so.6(+0x7a468)[0x7faf56966468]
malloc(): invalid size (unsorted)
[hydra02:595266] *** Process received signal ***
[hydra02:595266] Signal: Aborted (6)
[hydra02:595266] Signal code:  (-6)
malloc(): invalid size (unsorted)
[hydra03:420086] *** Process received signal ***
[hydra03:420086] Signal: Aborted (6)
[hydra03:420086] Signal code:  (-6)
[hydra01:915853] [ 4] /lib/x86_64-linux-gnu/libc.so.6(+0x8175a)[0x7faf5696d75a]
malloc(): invalid size (unsorted)
[hydra06:403470] *** Process received signal ***
[hydra06:403470] Signal: Aborted (6)
[hydra06:403470] Signal code:  (-6)
[hydra01:915854] [ 0] /lib/x86_64-linux-gnu/libc.so.6(+0x38de0)[0x7f8c67a1ede0]
[hydra01:915853] [ 5] /lib/x86_64-linux-gnu/libc.so.6(+0x8483c)[0x7faf5697083c]
malloc(): invalid size (unsorted)
[hydra07:429848] *** Process received signal ***
[hydra07:429848] Signal: Aborted (6)
[hydra07:429848] Signal code:  (-6)
[hydra01:915854] [ 1] /lib/x86_64-linux-gnu/libc.so.6(gsignal+0x141)[0x7f8c67a1ed61]
malloc(): invalid size (unsorted)
[hydra04:418789] *** Process received signal ***
[hydra04:418789] Signal: Aborted (6)
[hydra04:418789] Signal code:  (-6)
[hydra01:915853] [ 6] /lib/x86_64-linux-gnu/libc.so.6(__libc_calloc+0x81)[0x7faf56972bd1]
malloc(): invalid size (unsorted)
[hydra08:405128] *** Process received signal ***
[hydra08:405128] Signal: Aborted (6)
[hydra08:405128] Signal code:  (-6)
[hydra01:915854] [ 2] /lib/x86_64-linux-gnu/libc.so.6(abort+0x123)[0x7f8c67a08537]
[hydra01:915853] [ 7] /opt/mpi/openmpi-4.1.4//lib/libmpi.so.40(ompi_group_allocate+0x17)[0x7faf588401e7]
[hydra01:915854] [ 3] /lib/x86_64-linux-gnu/libc.so.6(+0x7a468)[0x7f8c67a60468]
[hydra01:915853] [ 8] /opt/mpi/openmpi-4.1.4//lib/libmpi.so.40(ompi_group_incl_plist+0x65)[0x7faf58840915]
malloc(): invalid size (unsorted)
[hydra10:516245] *** Process received signal ***
[hydra10:516245] Signal: Aborted (6)
[hydra10:516245] Signal code:  (-6)
[hydra01:915854] [ 4] /lib/x86_64-linux-gnu/libc.so.6(+0x8175a)[0x7f8c67a6775a]
[hydra01:915853] [ 9] /opt/mpi/openmpi-4.1.4//lib/libmpi.so.40(PMPI_Group_incl+0x95)[0x7faf58871185]
[hydra01:915853] [10] /home/thesis/jheld/MPI_Syrk_implementation/build/src/MPI_SYRK_implementation(+0x841a)[0x557223db541a]
[hydra01:915853] [11] /home/thesis/jheld/MPI_Syrk_implementation/build/src/MPI_SYRK_implementation(+0x2ab0)[0x557223dafab0]
[hydra12:383089] [ 0] /lib/x86_64-linux-gnu/libc.so.6(+0x38de0)[0x7f6c886a1de0]
malloc(): invalid size (unsorted)
[hydra11:383186] *** Process received signal ***
[hydra11:383186] Signal: Aborted (6)
[hydra11:383186] Signal code:  (-6)
[hydra12:383089] [ 1] /lib/x86_64-linux-gnu/libc.so.6(gsignal+0x141)[0x7f6c886a1d61]
[hydra01:915854] [ 5] /lib/x86_64-linux-gnu/libc.so.6(+0x8483c)[0x7f8c67a6a83c]
[hydra12:383089] [ 2] /lib/x86_64-linux-gnu/libc.so.6(abort+0x123)[0x7f6c8868b537]
[hydra01:915853] [12] /lib/x86_64-linux-gnu/libc.so.6(__libc_start_main+0xea)[0x7faf5690fd7a]
[hydra01:915853] [13] /home/thesis/jheld/MPI_Syrk_implementation/build/src/MPI_SYRK_implementation(+0x232a)[0x557223daf32a]
[hydra01:915853] *** End of error message ***
[hydra12:383089] [ 3] /lib/x86_64-linux-gnu/libc.so.6(+0x7a468)[0x7f6c886e3468]
[hydra01:915854] [ 6] /lib/x86_64-linux-gnu/libc.so.6(__libc_calloc+0x81)[0x7f8c67a6cbd1]
[hydra12:383089] [ 4] /lib/x86_64-linux-gnu/libc.so.6(+0x8175a)[0x7f6c886ea75a]
[hydra01:915854] [ 7] /opt/mpi/openmpi-4.1.4//lib/libmpi.so.40(ompi_group_allocate+0x17)[0x7f8c6993a1e7]
[hydra12:383089] [ 5] /lib/x86_64-linux-gnu/libc.so.6(+0x8483c)[0x7f6c886ed83c]
[hydra05:402755] [ 0] /lib/x86_64-linux-gnu/libc.so.6(+0x38de0)[0x7f4e3beb4de0]
[hydra01:915854] [ 8] /opt/mpi/openmpi-4.1.4//lib/libmpi.so.40(ompi_group_incl_plist+0x65)[0x7f8c6993a915]
[hydra12:383089] [ 6] /lib/x86_64-linux-gnu/libc.so.6(__libc_calloc+0x81)[0x7f6c886efbd1]
malloc(): invalid size (unsorted)
[hydra01:915854] [ 9] /opt/mpi/openmpi-4.1.4//lib/libmpi.so.40(PMPI_Group_incl+0x95)[0x7f8c6996b185]
[hydra12:383089] [ 7] /opt/mpi/openmpi-4.1.4//lib/libmpi.so.40(ompi_group_allocate+0x17)[0x7f6c8a5bd1e7]
[hydra05:402756] *** Process received signal ***
[hydra01:915854] [10] /home/thesis/jheld/MPI_Syrk_implementation/build/src/MPI_SYRK_implementation(+0x841a)[0x55c7e396e41a]
[hydra01:915854] [11] /home/thesis/jheld/MPI_Syrk_implementation/build/src/MPI_SYRK_implementation(+0x2ab0)[0x55c7e3968ab0]
[hydra12:383089] [ 8] /opt/mpi/openmpi-4.1.4//lib/libmpi.so.40(ompi_group_incl_plist+0x65)[0x7f6c8a5bd915]
[hydra05:402755] [ 1] /lib/x86_64-linux-gnu/libc.so.6(gsignal+0x141)[0x7f4e3beb4d61]
[hydra01:915854] [12] /lib/x86_64-linux-gnu/libc.so.6(__libc_start_main+0xea)[0x7f8c67a09d7a]
[hydra12:383089] [ 9] /opt/mpi/openmpi-4.1.4//lib/libmpi.so.40(PMPI_Group_incl+0x95)[0x7f6c8a5ee185]
[hydra05:402756] Signal: Aborted (6)
[hydra05:402756] Signal code:  (-6)
[hydra01:915854] [13] /home/thesis/jheld/MPI_Syrk_implementation/build/src/MPI_SYRK_implementation(+0x232a)[0x55c7e396832a]
[hydra01:915854] *** End of error message ***
malloc(): invalid size (unsorted)
[hydra04:418790] *** Process received signal ***
[hydra04:418790] Signal: Aborted (6)
[hydra04:418790] Signal code:  (-6)
[hydra12:383089] [10] /home/thesis/jheld/MPI_Syrk_implementation/build/src/MPI_SYRK_implementation(+0x841a)[0x559332a6941a]
[hydra12:383089] [11] /home/thesis/jheld/MPI_Syrk_implementation/build/src/MPI_SYRK_implementation(+0x2ab0)[0x559332a63ab0]
[hydra05:402755] [ 2] /lib/x86_64-linux-gnu/libc.so.6(abort+0x123)[0x7f4e3be9e537]
[hydra04:418789] [ 0] /lib/x86_64-linux-gnu/libc.so.6(+0x38de0)[0x7f3bbab79de0]
[hydra12:383089] [12] /lib/x86_64-linux-gnu/libc.so.6(__libc_start_main+0xea)[0x7f6c8868cd7a]
[hydra05:402755] [ 3] /lib/x86_64-linux-gnu/libc.so.6(+0x7a468)[0x7f4e3bef6468]
[hydra02:595266] [ 0] /lib/x86_64-linux-gnu/libc.so.6(+0x38de0)[0x7fb4dc4eede0]
[hydra03:420086] [ 0] /lib/x86_64-linux-gnu/libc.so.6(+0x38de0)[0x7facf9bb4de0]
[hydra04:418789] [ 1] /lib/x86_64-linux-gnu/libc.so.6(gsignal+0x141)[0x7f3bbab79d61]
[hydra12:383089] [13] /home/thesis/jheld/MPI_Syrk_implementation/build/src/MPI_SYRK_implementation(+0x232a)[0x559332a6332a]
[hydra12:383089] *** End of error message ***
[hydra05:402755] [ 4] /lib/x86_64-linux-gnu/libc.so.6(+0x8175a)[0x7f4e3befd75a]
malloc(): invalid size (unsorted)
[hydra08:405126] *** Process received signal ***
[hydra08:405126] Signal: Aborted (6)
[hydra08:405126] Signal code:  (-6)
[hydra02:595266] [ 1] /lib/x86_64-linux-gnu/libc.so.6(gsignal+0x141)[0x7fb4dc4eed61]
[hydra06:403470] [ 0] /lib/x86_64-linux-gnu/libc.so.6(+0x38de0)[0x7f5589b1fde0]
[hydra03:420086] [ 1] /lib/x86_64-linux-gnu/libc.so.6(gsignal+0x141)[0x7facf9bb4d61]
[hydra04:418790] [ 0] /lib/x86_64-linux-gnu/libc.so.6(+0x38de0)[0x7f5768cc1de0]
[hydra05:402756] [ 0] /lib/x86_64-linux-gnu/libc.so.6(+0x38de0)[0x7fd20879fde0]
[hydra08:405128] [ 0] /lib/x86_64-linux-gnu/libc.so.6(+0x38de0)[0x7fc1ba399de0]
[hydra02:595266] [ 2] /lib/x86_64-linux-gnu/libc.so.6(abort+0x123)[0x7fb4dc4d8537]
[hydra06:403470] [ 1] /lib/x86_64-linux-gnu/libc.so.6(gsignal+0x141)[0x7f5589b1fd61]
[hydra07:429848] [ 0] /lib/x86_64-linux-gnu/libc.so.6(+0x38de0)[0x7f526348cde0]
[hydra03:420086] [ 2] /lib/x86_64-linux-gnu/libc.so.6(abort+0x123)[0x7facf9b9e537]
[hydra04:418789] [ 2] /lib/x86_64-linux-gnu/libc.so.6(abort+0x123)[0x7f3bbab63537]
[hydra05:402755] [ 5] /lib/x86_64-linux-gnu/libc.so.6(+0x8483c)[0x7f4e3bf0083c]
[hydra08:405126] [ 0] /lib/x86_64-linux-gnu/libc.so.6(+0x38de0)[0x7fa139563de0]
[hydra02:595266] [ 3] /lib/x86_64-linux-gnu/libc.so.6(+0x7a468)[0x7fb4dc530468]
[hydra06:403470] [ 2] /lib/x86_64-linux-gnu/libc.so.6(abort+0x123)[0x7f5589b09537]
[hydra07:429848] [ 1] /lib/x86_64-linux-gnu/libc.so.6(gsignal+0x141)[0x7f526348cd61]
[hydra03:420086] [ 3] /lib/x86_64-linux-gnu/libc.so.6(+0x7a468)[0x7facf9bf6468]
[hydra04:418790] [ 1] /lib/x86_64-linux-gnu/libc.so.6(gsignal+0x141)[0x7f5768cc1d61]
[hydra05:402756] [ 1] /lib/x86_64-linux-gnu/libc.so.6(gsignal+0x141)[0x7fd20879fd61]
[hydra08:405128] [ 1] /lib/x86_64-linux-gnu/libc.so.6(gsignal+0x141)[0x7fc1ba399d61]
[hydra02:595266] [ 4] /lib/x86_64-linux-gnu/libc.so.6(+0x8175a)[0x7fb4dc53775a]
[hydra06:403470] [ 3] /lib/x86_64-linux-gnu/libc.so.6(+0x7a468)[0x7f5589b61468]
[hydra07:429848] [ 2] /lib/x86_64-linux-gnu/libc.so.6(abort+0x123)[0x7f5263476537]
[hydra03:420086] [ 4] /lib/x86_64-linux-gnu/libc.so.6(+0x8175a)[0x7facf9bfd75a]
[hydra04:418790] [ 2] /lib/x86_64-linux-gnu/libc.so.6(abort+0x123)[0x7f5768cab537]
[hydra05:402755] [ 6] /lib/x86_64-linux-gnu/libc.so.6(__libc_calloc+0x81)[0x7f4e3bf02bd1]
[hydra08:405126] [ 1] /lib/x86_64-linux-gnu/libc.so.6(gsignal+0x141)[0x7fa139563d61]
[hydra02:595266] [ 5] /lib/x86_64-linux-gnu/libc.so.6(+0x8483c)[0x7fb4dc53a83c]
[hydra06:403470] [ 4] /lib/x86_64-linux-gnu/libc.so.6(+0x8175a)[0x7f5589b6875a]
[hydra07:429848] [ 3] /lib/x86_64-linux-gnu/libc.so.6(+0x7a468)[0x7f52634ce468]
[hydra03:420086] [ 5] /lib/x86_64-linux-gnu/libc.so.6(+0x8483c)[0x7facf9c0083c]
[hydra04:418789] [ 3] /lib/x86_64-linux-gnu/libc.so.6(+0x7a468)[0x7f3bbabbb468]
[hydra10:516245] [ 0] /lib/x86_64-linux-gnu/libc.so.6(+0x38de0)[0x7ff9fe94cde0]
[hydra11:383186] [ 0] /lib/x86_64-linux-gnu/libc.so.6(+0x38de0)[0x7f03c6f3ade0]
[hydra05:402756] [ 2] /lib/x86_64-linux-gnu/libc.so.6(abort+0x123)[0x7fd208789537]
[hydra08:405128] [ 2] /lib/x86_64-linux-gnu/libc.so.6(abort+0x123)[0x7fc1ba383537]
[hydra02:595266] [ 6] /lib/x86_64-linux-gnu/libc.so.6(__libc_calloc+0x81)[0x7fb4dc53cbd1]
[hydra06:403470] [ 5] /lib/x86_64-linux-gnu/libc.so.6(+0x8483c)[0x7f5589b6b83c]
[hydra07:429848] [ 4] /lib/x86_64-linux-gnu/libc.so.6(+0x8175a)[0x7f52634d575a]
[hydra03:420086] [ 6] /lib/x86_64-linux-gnu/libc.so.6(__libc_calloc+0x81)[0x7facf9c02bd1]
[hydra04:418790] [ 3] /lib/x86_64-linux-gnu/libc.so.6(+0x7a468)[0x7f5768d03468]
[hydra10:516245] [ 1] /lib/x86_64-linux-gnu/libc.so.6(gsignal+0x141)[0x7ff9fe94cd61]
[hydra11:383186] [ 1] /lib/x86_64-linux-gnu/libc.so.6(gsignal+0x141)[0x7f03c6f3ad61]
[hydra05:402755] [ 7] /opt/mpi/openmpi-4.1.4//lib/libmpi.so.40(ompi_group_allocate+0x17)[0x7f4e3ddd01e7]
[hydra08:405126] [ 2] /lib/x86_64-linux-gnu/libc.so.6(abort+0x123)[0x7fa13954d537]
[hydra02:595266] [ 7] /opt/mpi/openmpi-4.1.4//lib/libmpi.so.40(ompi_group_allocate+0x17)[0x7fb4de40a1e7]
[hydra06:403470] [ 6] /lib/x86_64-linux-gnu/libc.so.6(__libc_calloc+0x81)[0x7f5589b6dbd1]
[hydra07:429848] [ 5] /lib/x86_64-linux-gnu/libc.so.6(+0x8483c)[0x7f52634d883c]
[hydra03:420086] [ 7] /opt/mpi/openmpi-4.1.4//lib/libmpi.so.40(ompi_group_allocate+0x17)[0x7facfbad01e7]
[hydra04:418789] [ 4] /lib/x86_64-linux-gnu/libc.so.6(+0x8175a)[0x7f3bbabc275a]
[hydra10:516245] [ 2] /lib/x86_64-linux-gnu/libc.so.6(abort+0x123)[0x7ff9fe936537]
[hydra11:383186] [ 2] /lib/x86_64-linux-gnu/libc.so.6(abort+0x123)[0x7f03c6f24537]
[hydra05:402756] [ 3] /lib/x86_64-linux-gnu/libc.so.6(+0x7a468)[0x7fd2087e1468]
[hydra08:405128] [ 3] /lib/x86_64-linux-gnu/libc.so.6(+0x7a468)[0x7fc1ba3db468]
[hydra02:595266] [ 8] /opt/mpi/openmpi-4.1.4//lib/libmpi.so.40(ompi_group_incl_plist+0x65)[0x7fb4de40a915]
[hydra06:403470] [ 7] /opt/mpi/openmpi-4.1.4//lib/libmpi.so.40(ompi_group_allocate+0x17)[0x7f558ba3b1e7]
[hydra07:429848] [ 6] /lib/x86_64-linux-gnu/libc.so.6(__libc_calloc+0x81)[0x7f52634dabd1]
[hydra03:420086] [ 8] /opt/mpi/openmpi-4.1.4//lib/libmpi.so.40(ompi_group_incl_plist+0x65)[0x7facfbad0915]
[hydra04:418790] [ 4] /lib/x86_64-linux-gnu/libc.so.6(+0x8175a)[0x7f5768d0a75a]
[hydra10:516245] [ 3] /lib/x86_64-linux-gnu/libc.so.6(+0x7a468)[0x7ff9fe98e468]
[hydra11:383186] [ 3] /lib/x86_64-linux-gnu/libc.so.6(+0x7a468)[0x7f03c6f7c468]
[hydra05:402755] [ 8] /opt/mpi/openmpi-4.1.4//lib/libmpi.so.40(ompi_group_incl_plist+0x65)[0x7f4e3ddd0915]
[hydra08:405126] [ 3] /lib/x86_64-linux-gnu/libc.so.6(+0x7a468)[0x7fa1395a5468]
[hydra02:595266] [ 9] /opt/mpi/openmpi-4.1.4//lib/libmpi.so.40(PMPI_Group_incl+0x95)[0x7fb4de43b185]
[hydra06:403470] [ 8] /opt/mpi/openmpi-4.1.4//lib/libmpi.so.40(ompi_group_incl_plist+0x65)[0x7f558ba3b915]
[hydra07:429848] [ 7] /opt/mpi/openmpi-4.1.4//lib/libmpi.so.40(ompi_group_allocate+0x17)[0x7f52653a81e7]
[hydra03:420086] [ 9] /opt/mpi/openmpi-4.1.4//lib/libmpi.so.40(PMPI_Group_incl+0x95)[0x7facfbb01185]
[hydra04:418789] [ 5] /lib/x86_64-linux-gnu/libc.so.6(+0x8483c)[0x7f3bbabc583c]
[hydra10:516245] [ 4] /lib/x86_64-linux-gnu/libc.so.6(+0x8175a)[0x7ff9fe99575a]
[hydra11:383186] [ 4] /lib/x86_64-linux-gnu/libc.so.6(+0x8175a)[0x7f03c6f8375a]
[hydra05:402755] [ 9] /opt/mpi/openmpi-4.1.4//lib/libmpi.so.40(PMPI_Group_incl+0x95)[0x7f4e3de01185]
[hydra05:402755] [10] /home/thesis/jheld/MPI_Syrk_implementation/build/src/MPI_SYRK_implementation(+0x841a)[0x562399bb741a]
[hydra08:405128] [ 4] /lib/x86_64-linux-gnu/libc.so.6(+0x8175a)[0x7fc1ba3e275a]
[hydra02:595266] [10] /home/thesis/jheld/MPI_Syrk_implementation/build/src/MPI_SYRK_implementation(+0x841a)[0x5578d3e6f41a]
[hydra02:595266] [11] /home/thesis/jheld/MPI_Syrk_implementation/build/src/MPI_SYRK_implementation(+0x2ab0)[0x5578d3e69ab0]
[hydra06:403470] [ 9] /opt/mpi/openmpi-4.1.4//lib/libmpi.so.40(PMPI_Group_incl+0x95)[0x7f558ba6c185]
[hydra06:403470] [10] /home/thesis/jheld/MPI_Syrk_implementation/build/src/MPI_SYRK_implementation(+0x841a)[0x560689c0c41a]
[hydra07:429848] [ 8] /opt/mpi/openmpi-4.1.4//lib/libmpi.so.40(ompi_group_incl_plist+0x65)[0x7f52653a8915]
[hydra03:420086] [10] /home/thesis/jheld/MPI_Syrk_implementation/build/src/MPI_SYRK_implementation(+0x841a)[0x55c49c5d641a]
[hydra03:420086] [11] /home/thesis/jheld/MPI_Syrk_implementation/build/src/MPI_SYRK_implementation(+0x2ab0)[0x55c49c5d0ab0]
[hydra04:418789] [ 6] /lib/x86_64-linux-gnu/libc.so.6(__libc_calloc+0x81)[0x7f3bbabc7bd1]
[hydra10:516245] [ 5] /lib/x86_64-linux-gnu/libc.so.6(+0x8483c)[0x7ff9fe99883c]
[hydra11:383186] [ 5] /lib/x86_64-linux-gnu/libc.so.6(+0x8483c)[0x7f03c6f8683c]
[hydra05:402756] [ 4] /lib/x86_64-linux-gnu/libc.so.6(+0x8175a)[0x7fd2087e875a]
[hydra08:405126] [ 4] /lib/x86_64-linux-gnu/libc.so.6(+0x8175a)[0x7fa1395ac75a]
[hydra02:595266] [12] /lib/x86_64-linux-gnu/libc.so.6(__libc_start_main+0xea)[0x7fb4dc4d9d7a]
[hydra06:403470] [11] /home/thesis/jheld/MPI_Syrk_implementation/build/src/MPI_SYRK_implementation(+0x2ab0)[0x560689c06ab0]
[hydra07:429848] [ 9] /opt/mpi/openmpi-4.1.4//lib/libmpi.so.40(PMPI_Group_incl+0x95)[0x7f52653d9185]
[hydra07:429848] [10] /home/thesis/jheld/MPI_Syrk_implementation/build/src/MPI_SYRK_implementation(+0x841a)[0x560eaea7d41a]
[hydra03:420086] [12] /lib/x86_64-linux-gnu/libc.so.6(__libc_start_main+0xea)[0x7facf9b9fd7a]
[hydra03:420086] [13] /home/thesis/jheld/MPI_Syrk_implementation/build/src/MPI_SYRK_implementation(+0x232a)[0x55c49c5d032a]
[hydra04:418790] [ 5] /lib/x86_64-linux-gnu/libc.so.6(+0x8483c)[0x7f5768d0d83c]
[hydra10:516245] [ 6] /lib/x86_64-linux-gnu/libc.so.6(__libc_calloc+0x81)[0x7ff9fe99abd1]
[hydra11:383186] [ 6] /lib/x86_64-linux-gnu/libc.so.6(__libc_calloc+0x81)[0x7f03c6f88bd1]
[hydra05:402755] [11] /home/thesis/jheld/MPI_Syrk_implementation/build/src/MPI_SYRK_implementation(+0x2ab0)[0x562399bb1ab0]
[hydra08:405128] [ 5] /lib/x86_64-linux-gnu/libc.so.6(+0x8483c)[0x7fc1ba3e583c]
[hydra02:595266] [13] /home/thesis/jheld/MPI_Syrk_implementation/build/src/MPI_SYRK_implementation(+0x232a)[0x5578d3e6932a]
[hydra02:595266] *** End of error message ***
[hydra06:403470] [12] /lib/x86_64-linux-gnu/libc.so.6(__libc_start_main+0xea)[0x7f5589b0ad7a]
[hydra07:429848] [11] /home/thesis/jheld/MPI_Syrk_implementation/build/src/MPI_SYRK_implementation(+0x2ab0)[0x560eaea77ab0]
[hydra03:420086] *** End of error message ***
[hydra04:418789] [ 7] /opt/mpi/openmpi-4.1.4//lib/libmpi.so.40(ompi_group_allocate+0x17)[0x7f3bbca951e7]
[hydra10:516245] [ 7] /opt/mpi/openmpi-4.1.4//lib/libmpi.so.40(ompi_group_allocate+0x17)[0x7ffa008681e7]
[hydra11:383186] [ 7] /opt/mpi/openmpi-4.1.4//lib/libmpi.so.40(ompi_group_allocate+0x17)[0x7f03c8e561e7]
[hydra05:402755] [12] /lib/x86_64-linux-gnu/libc.so.6(__libc_start_main+0xea)[0x7f4e3be9fd7a]
[hydra05:402755] [13] /home/thesis/jheld/MPI_Syrk_implementation/build/src/MPI_SYRK_implementation(+0x232a)[0x562399bb132a]
[hydra05:402755] *** End of error message ***
[hydra08:405126] [ 5] /lib/x86_64-linux-gnu/libc.so.6(+0x8483c)[0x7fa1395af83c]
[hydra06:403470] [13] /home/thesis/jheld/MPI_Syrk_implementation/build/src/MPI_SYRK_implementation(+0x232a)[0x560689c0632a]
[hydra06:403470] *** End of error message ***
[hydra07:429848] [12] /lib/x86_64-linux-gnu/libc.so.6(__libc_start_main+0xea)[0x7f5263477d7a]
[hydra07:429848] [13] /home/thesis/jheld/MPI_Syrk_implementation/build/src/MPI_SYRK_implementation(+0x232a)[0x560eaea7732a]
[hydra04:418790] [ 6] /lib/x86_64-linux-gnu/libc.so.6(__libc_calloc+0x81)[0x7f5768d0fbd1]
[hydra10:516245] [ 8] /opt/mpi/openmpi-4.1.4//lib/libmpi.so.40(ompi_group_incl_plist+0x65)[0x7ffa00868915]
[hydra11:383186] [ 8] /opt/mpi/openmpi-4.1.4//lib/libmpi.so.40(ompi_group_incl_plist+0x65)[0x7f03c8e56915]
[hydra05:402756] [ 5] /lib/x86_64-linux-gnu/libc.so.6(+0x8483c)[0x7fd2087eb83c]
[hydra08:405128] [ 6] /lib/x86_64-linux-gnu/libc.so.6(__libc_calloc+0x81)[0x7fc1ba3e7bd1]
[hydra07:429848] *** End of error message ***
[hydra04:418789] [ 8] /opt/mpi/openmpi-4.1.4//lib/libmpi.so.40(ompi_group_incl_plist+0x65)[0x7f3bbca95915]
[hydra10:516245] [ 9] /opt/mpi/openmpi-4.1.4//lib/libmpi.so.40(PMPI_Group_incl+0x95)[0x7ffa00899185]
[hydra10:516245] [10] /home/thesis/jheld/MPI_Syrk_implementation/build/src/MPI_SYRK_implementation(+0x841a)[0x56120bf2241a]
[hydra11:383186] [ 9] /opt/mpi/openmpi-4.1.4//lib/libmpi.so.40(PMPI_Group_incl+0x95)[0x7f03c8e87185]
[hydra11:383186] [10] /home/thesis/jheld/MPI_Syrk_implementation/build/src/MPI_SYRK_implementation(+0x841a)[0x55a03158f41a]
[hydra05:402756] [ 6] /lib/x86_64-linux-gnu/libc.so.6(__libc_calloc+0x81)[0x7fd2087edbd1]
[hydra08:405128] [ 7] /opt/mpi/openmpi-4.1.4//lib/libmpi.so.40(ompi_group_allocate+0x17)[0x7fc1bc2b51e7]
[hydra04:418790] [ 7] /opt/mpi/openmpi-4.1.4//lib/libmpi.so.40(ompi_group_allocate+0x17)[0x7f576abdd1e7]
[hydra04:418790] [ 8] /opt/mpi/openmpi-4.1.4//lib/libmpi.so.40(ompi_group_incl_plist+0x65)[0x7f576abdd915]
[hydra10:516245] [11] /home/thesis/jheld/MPI_Syrk_implementation/build/src/MPI_SYRK_implementation(+0x2ab0)[0x56120bf1cab0]
[hydra11:383186] [11] /home/thesis/jheld/MPI_Syrk_implementation/build/src/MPI_SYRK_implementation(+0x2ab0)[0x55a031589ab0]
[hydra05:402756] [ 7] /opt/mpi/openmpi-4.1.4//lib/libmpi.so.40(ompi_group_allocate+0x17)[0x7fd20a6bb1e7]
[hydra08:405126] [ 6] /lib/x86_64-linux-gnu/libc.so.6(__libc_calloc+0x81)[0x7fa1395b1bd1]
[hydra10:516245] [12] /lib/x86_64-linux-gnu/libc.so.6(__libc_start_main+0xea)[0x7ff9fe937d7a]
[hydra10:516245] [13] /home/thesis/jheld/MPI_Syrk_implementation/build/src/MPI_SYRK_implementation(+0x232a)[0x56120bf1c32a]
[hydra11:383186] [12] /lib/x86_64-linux-gnu/libc.so.6(__libc_start_main+0xea)[0x7f03c6f25d7a]
[hydra11:383186] [13] /home/thesis/jheld/MPI_Syrk_implementation/build/src/MPI_SYRK_implementation(+0x232a)[0x55a03158932a]
[hydra05:402756] [ 8] /opt/mpi/openmpi-4.1.4//lib/libmpi.so.40(ompi_group_incl_plist+0x65)[0x7fd20a6bb915]
[hydra08:405128] [ 8] /opt/mpi/openmpi-4.1.4//lib/libmpi.so.40(ompi_group_incl_plist+0x65)[0x7fc1bc2b5915]
[hydra10:516245] *** End of error message ***
[hydra11:383186] *** End of error message ***
[hydra08:405126] [ 7] /opt/mpi/openmpi-4.1.4//lib/libmpi.so.40(ompi_group_allocate+0x17)[0x7fa13b47f1e7]
[hydra08:405126] [ 8] /opt/mpi/openmpi-4.1.4//lib/libmpi.so.40(ompi_group_incl_plist+0x65)[0x7fa13b47f915]
[hydra08:405128] [ 9] /opt/mpi/openmpi-4.1.4//lib/libmpi.so.40(PMPI_Group_incl+0x95)[0x7fc1bc2e6185]
[hydra08:405128] [10] /home/thesis/jheld/MPI_Syrk_implementation/build/src/MPI_SYRK_implementation(+0x841a)[0x55c959a9341a]
[hydra08:405128] [11] /home/thesis/jheld/MPI_Syrk_implementation/build/src/MPI_SYRK_implementation(+0x2ab0)[0x55c959a8dab0]
[hydra08:405126] [ 9] /opt/mpi/openmpi-4.1.4//lib/libmpi.so.40(PMPI_Group_incl+0x95)[0x7fa13b4b0185]
[hydra08:405126] [10] /home/thesis/jheld/MPI_Syrk_implementation/build/src/MPI_SYRK_implementation(+0x841a)[0x557d9904641a]
[hydra08:405126] [11] /home/thesis/jheld/MPI_Syrk_implementation/build/src/MPI_SYRK_implementation(+0x2ab0)[0x557d99040ab0]
[hydra08:405128] [12] /lib/x86_64-linux-gnu/libc.so.6(__libc_start_main+0xea)[0x7fc1ba384d7a]
[hydra08:405128] [13] /home/thesis/jheld/MPI_Syrk_implementation/build/src/MPI_SYRK_implementation(+0x232a)[0x55c959a8d32a]
[hydra08:405128] *** End of error message ***
[hydra08:405126] [12] /lib/x86_64-linux-gnu/libc.so.6(__libc_start_main+0xea)[0x7fa13954ed7a]
[hydra08:405126] [13] /home/thesis/jheld/MPI_Syrk_implementation/build/src/MPI_SYRK_implementation(+0x232a)[0x557d9904032a]
[hydra08:405126] *** End of error message ***
[hydra04:418789] [ 9] /opt/mpi/openmpi-4.1.4//lib/libmpi.so.40(PMPI_Group_incl+0x95)[0x7f3bbcac6185]
[hydra05:402756] [ 9] /opt/mpi/openmpi-4.1.4//lib/libmpi.so.40(PMPI_Group_incl+0x95)[0x7fd20a6ec185]
[hydra04:418789] [10] /home/thesis/jheld/MPI_Syrk_implementation/build/src/MPI_SYRK_implementation(+0x841a)[0x556f896f341a]
[hydra04:418789] [11] /home/thesis/jheld/MPI_Syrk_implementation/build/src/MPI_SYRK_implementation(+0x2ab0)[0x556f896edab0]
[hydra05:402756] [10] /home/thesis/jheld/MPI_Syrk_implementation/build/src/MPI_SYRK_implementation(+0x841a)[0x56479d8ec41a]
[hydra05:402756] [11] /home/thesis/jheld/MPI_Syrk_implementation/build/src/MPI_SYRK_implementation(+0x2ab0)[0x56479d8e6ab0]
[hydra04:418789] [12] /lib/x86_64-linux-gnu/libc.so.6(__libc_start_main+0xea)[0x7f3bbab64d7a]
[hydra04:418789] [13] /home/thesis/jheld/MPI_Syrk_implementation/build/src/MPI_SYRK_implementation(+0x232a)[0x556f896ed32a]
[hydra04:418789] *** End of error message ***
[hydra05:402756] [12] /lib/x86_64-linux-gnu/libc.so.6(__libc_start_main+0xea)[0x7fd20878ad7a]
[hydra05:402756] [13] /home/thesis/jheld/MPI_Syrk_implementation/build/src/MPI_SYRK_implementation(+0x232a)[0x56479d8e632a]
[hydra04:418790] [ 9] /opt/mpi/openmpi-4.1.4//lib/libmpi.so.40(PMPI_Group_incl+0x95)[0x7f576ac0e185]
[hydra04:418790] [10] /home/thesis/jheld/MPI_Syrk_implementation/build/src/MPI_SYRK_implementation(+0x841a)[0x5575bf3bf41a]
[hydra04:418790] [11] /home/thesis/jheld/MPI_Syrk_implementation/build/src/MPI_SYRK_implementation(+0x2ab0)[0x5575bf3b9ab0]
[hydra05:402756] *** End of error message ***
[hydra04:418790] [12] /lib/x86_64-linux-gnu/libc.so.6(__libc_start_main+0xea)[0x7f5768cacd7a]
[hydra04:418790] [13] /home/thesis/jheld/MPI_Syrk_implementation/build/src/MPI_SYRK_implementation(+0x232a)[0x5575bf3b932a]
[hydra04:418790] *** End of error message ***
srun: error: hydra07: task 18: Aborted
srun: error: hydra11: task 31: Aborted
srun: error: hydra03: task 7: Aborted
srun: error: hydra06: task 17: Aborted
srun: error: hydra10: task 27: Aborted
srun: error: hydra12: task 35: Aborted
srun: error: hydra02: task 5: Aborted
srun: error: hydra04: tasks 9-10: Aborted
srun: error: hydra01: tasks 1-2: Aborted
srun: error: hydra05: tasks 13-14: Aborted
srun: error: hydra08: tasks 21,23: Aborted
slurmstepd: error:  mpi/pmix_v4: _errhandler: hydra12 [11]: pmixp_client_v2.c:211: Error handler invoked: status = -61, source = [slurm.pmix.5008705.6:35]
slurmstepd: error:  mpi/pmix_v4: _errhandler: hydra06 [5]: pmixp_client_v2.c:211: Error handler invoked: status = -61, source = [slurm.pmix.5008705.6:17]
slurmstepd: error:  mpi/pmix_v4: _errhandler: hydra01 [0]: pmixp_client_v2.c:211: Error handler invoked: status = -61, source = [slurm.pmix.5008705.6:1]
slurmstepd: error:  mpi/pmix_v4: _errhandler: hydra10 [9]: pmixp_client_v2.c:211: Error handler invoked: status = -61, source = [slurm.pmix.5008705.6:27]
slurmstepd: error:  mpi/pmix_v4: _errhandler: hydra11 [10]: pmixp_client_v2.c:211: Error handler invoked: status = -61, source = [slurm.pmix.5008705.6:31]
slurmstepd: error:  mpi/pmix_v4: _errhandler: hydra05 [4]: pmixp_client_v2.c:211: Error handler invoked: status = -61, source = [slurm.pmix.5008705.6:13]
slurmstepd: error:  mpi/pmix_v4: _errhandler: hydra03 [2]: pmixp_client_v2.c:211: Error handler invoked: status = -61, source = [slurm.pmix.5008705.6:7]
slurmstepd: error:  mpi/pmix_v4: _errhandler: hydra02 [1]: pmixp_client_v2.c:211: Error handler invoked: status = -61, source = [slurm.pmix.5008705.6:5]
slurmstepd: error:  mpi/pmix_v4: _errhandler: hydra04 [3]: pmixp_client_v2.c:211: Error handler invoked: status = -61, source = [slurm.pmix.5008705.6:9]
slurmstepd: error:  mpi/pmix_v4: _errhandler: hydra07 [6]: pmixp_client_v2.c:211: Error handler invoked: status = -61, source = [slurm.pmix.5008705.6:18]
slurmstepd: error: *** STEP 5008705.6 ON hydra01 CANCELLED AT 2025-10-13T15:42:32 ***
srun: Job step aborted: Waiting up to 32 seconds for job step to finish.
srun: error: hydra05: task 12: Killed
srun: error: hydra01: task 0: Killed
srun: error: hydra08: task 22: Killed
srun: error: hydra04: task 11: Killed
srun: error: hydra02: tasks 3-4: Killed
srun: error: hydra07: tasks 19-20: Killed
srun: error: hydra11: tasks 30,32: Killed
srun: error: hydra12: tasks 33-34: Killed
srun: error: hydra06: tasks 15-16: Killed
srun: error: hydra03: tasks 6,8: Killed
srun: error: hydra10: tasks 28-29: Killed
srun: error: hydra09: tasks 24-26: Killed
⚠️ Warning: No runtime found for run 7
srun: Warning: can't honor --ntasks-per-node set to 1 which doesn't match the requested tasks 36 with the number of requested nodes 12. Ignoring --ntasks-per-node.
missing input file name --> Generate random input
malloc(): invalid size (unsorted)
[hydra12:383154] *** Process received signal ***
[hydra12:383154] Signal: Aborted (6)
[hydra12:383154] Signal code:  (-6)
[hydra12:383154] [ 0] /lib/x86_64-linux-gnu/libc.so.6(+0x38de0)[0x7f13eba56de0]
[hydra12:383154] [ 1] /lib/x86_64-linux-gnu/libc.so.6(gsignal+0x141)[0x7f13eba56d61]
malloc(): invalid size (unsorted)
[hydra05:402819] *** Process received signal ***
[hydra05:402819] Signal: Aborted (6)
[hydra05:402819] Signal code:  (-6)
[hydra12:383154] [ 2] /lib/x86_64-linux-gnu/libc.so.6(abort+0x123)[0x7f13eba40537]
[hydra12:383154] [ 3] /lib/x86_64-linux-gnu/libc.so.6(+0x7a468)[0x7f13eba98468]
malloc(): invalid size (unsorted)
[hydra02:595346] *** Process received signal ***
[hydra02:595346] Signal: Aborted (6)
[hydra02:595346] Signal code:  (-6)
[hydra12:383154] [ 4] /lib/x86_64-linux-gnu/libc.so.6(+0x8175a)[0x7f13eba9f75a]
[hydra12:383154] [ 5] /lib/x86_64-linux-gnu/libc.so.6(+0x8483c)[0x7f13ebaa283c]
malloc(): invalid size (unsorted)
[hydra04:418856] *** Process received signal ***
[hydra04:418856] Signal: Aborted (6)
[hydra04:418856] Signal code:  (-6)
malloc(): invalid size (unsorted)
[hydra06:403535] *** Process received signal ***
[hydra06:403535] Signal: Aborted (6)
[hydra06:403535] Signal code:  (-6)
[hydra12:383154] [ 6] /lib/x86_64-linux-gnu/libc.so.6(__libc_calloc+0x81)[0x7f13ebaa4bd1]
malloc(): invalid size (unsorted)
[hydra07:429913] *** Process received signal ***
[hydra07:429913] Signal: Aborted (6)
[hydra07:429913] Signal code:  (-6)
malloc(): invalid size (unsorted)
[hydra08:405192] *** Process received signal ***
[hydra08:405192] Signal: Aborted (6)
[hydra08:405192] Signal code:  (-6)
[hydra12:383154] [ 7] /opt/mpi/openmpi-4.1.4//lib/libmpi.so.40(ompi_group_allocate+0x17)[0x7f13ed9721e7]
[hydra12:383154] [ 8] /opt/mpi/openmpi-4.1.4//lib/libmpi.so.40(ompi_group_incl_plist+0x65)[0x7f13ed972915]
malloc(): invalid size (unsorted)
[hydra11:383251] *** Process received signal ***
[hydra11:383251] Signal: Aborted (6)
[hydra11:383251] Signal code:  (-6)
malloc(): invalid size (unsorted)
[hydra10:516314] *** Process received signal ***
[hydra10:516314] Signal: Aborted (6)
[hydra10:516314] Signal code:  (-6)
[hydra12:383154] [ 9] /opt/mpi/openmpi-4.1.4//lib/libmpi.so.40(PMPI_Group_incl+0x95)[0x7f13ed9a3185]
malloc(): invalid size (unsorted)
[hydra09:396000] *** Process received signal ***
[hydra09:396000] Signal: Aborted (6)
[hydra09:396000] Signal code:  (-6)
[hydra12:383154] [10] /home/thesis/jheld/MPI_Syrk_implementation/build/src/MPI_SYRK_implementation(+0x841a)[0x56496e0a441a]
[hydra12:383154] [11] /home/thesis/jheld/MPI_Syrk_implementation/build/src/MPI_SYRK_implementation(+0x2ab0)[0x56496e09eab0]
[hydra12:383154] [12] /lib/x86_64-linux-gnu/libc.so.6(__libc_start_main+0xea)[0x7f13eba41d7a]
[hydra09:396000] [ 0] /lib/x86_64-linux-gnu/libc.so.6(+0x38de0)[0x7f3600353de0]
[hydra12:383154] [13] /home/thesis/jheld/MPI_Syrk_implementation/build/src/MPI_SYRK_implementation(+0x232a)[0x56496e09e32a]
[hydra12:383154] *** End of error message ***
[hydra09:396000] [ 1] /lib/x86_64-linux-gnu/libc.so.6(gsignal+0x141)[0x7f3600353d61]
[hydra05:402819] [ 0] /lib/x86_64-linux-gnu/libc.so.6(+0x38de0)[0x7fa399b9ade0]
[hydra09:396000] [ 2] /lib/x86_64-linux-gnu/libc.so.6(abort+0x123)[0x7f360033d537]
malloc(): invalid size (unsorted)
[hydra09:396000] [ 3] /lib/x86_64-linux-gnu/libc.so.6(+0x7a468)[0x7f3600395468]
[hydra05:402819] [ 1] /lib/x86_64-linux-gnu/libc.so.6(gsignal+0x141)[0x7fa399b9ad61]
[hydra05:402821] *** Process received signal ***
[hydra05:402821] Signal: Aborted (6)
[hydra05:402821] Signal code:  (-6)
[hydra09:396000] [ 4] /lib/x86_64-linux-gnu/libc.so.6(+0x8175a)[0x7f360039c75a]
[hydra05:402819] [ 2] /lib/x86_64-linux-gnu/libc.so.6(abort+0x123)[0x7fa399b84537]
malloc(): invalid size (unsorted)
[hydra08:405193] *** Process received signal ***
[hydra08:405193] Signal: Aborted (6)
[hydra08:405193] Signal code:  (-6)
[hydra05:402819] [ 3] /lib/x86_64-linux-gnu/libc.so.6(+0x7a468)[0x7fa399bdc468]
malloc(): invalid size (unsorted)
[hydra08:405191] *** Process received signal ***
[hydra08:405191] Signal: Aborted (6)
[hydra08:405191] Signal code:  (-6)
[hydra05:402819] [ 4] /lib/x86_64-linux-gnu/libc.so.6(+0x8175a)[0x7fa399be375a]
[hydra08:405192] [ 0] /lib/x86_64-linux-gnu/libc.so.6(+0x38de0)[0x7fa6a4a4cde0]
[hydra09:396000] [ 5] /lib/x86_64-linux-gnu/libc.so.6(+0x8483c)[0x7f360039f83c]
[hydra05:402821] [ 0] /lib/x86_64-linux-gnu/libc.so.6(+0x38de0)[0x7fddd5d64de0]
[hydra08:405193] [ 0] /lib/x86_64-linux-gnu/libc.so.6(+0x38de0)[0x7f5d13e12de0]
[hydra05:402819] [ 5] /lib/x86_64-linux-gnu/libc.so.6(+0x8483c)[0x7fa399be683c]
[hydra04:418856] [ 0] /lib/x86_64-linux-gnu/libc.so.6(+0x38de0)[0x7f8db97d6de0]
[hydra02:595346] [ 0] /lib/x86_64-linux-gnu/libc.so.6(+0x38de0)[0x7f09e0d84de0]
[hydra08:405192] [ 1] /lib/x86_64-linux-gnu/libc.so.6(gsignal+0x141)[0x7fa6a4a4cd61]
[hydra09:396000] [ 6] /lib/x86_64-linux-gnu/libc.so.6(__libc_calloc+0x81)[0x7f36003a1bd1]
[hydra05:402821] [ 1] /lib/x86_64-linux-gnu/libc.so.6(gsignal+0x141)[0x7fddd5d64d61]
[hydra04:418856] [ 1] /lib/x86_64-linux-gnu/libc.so.6(gsignal+0x141)[0x7f8db97d6d61]
[hydra02:595346] [ 1] /lib/x86_64-linux-gnu/libc.so.6(gsignal+0x141)[0x7f09e0d84d61]
[hydra08:405193] [ 1] /lib/x86_64-linux-gnu/libc.so.6(gsignal+0x141)[0x7f5d13e12d61]
[hydra09:396000] [ 7] /opt/mpi/openmpi-4.1.4//lib/libmpi.so.40(ompi_group_allocate+0x17)[0x7f360226f1e7]
[hydra07:429913] [ 0] /lib/x86_64-linux-gnu/libc.so.6(+0x38de0)[0x7fa26c01cde0]
[hydra05:402819] [ 6] /lib/x86_64-linux-gnu/libc.so.6(__libc_calloc+0x81)[0x7fa399be8bd1]
[hydra04:418856] [ 2] /lib/x86_64-linux-gnu/libc.so.6(abort+0x123)[0x7f8db97c0537]
[hydra02:595346] [ 2] /lib/x86_64-linux-gnu/libc.so.6(abort+0x123)[0x7f09e0d6e537]
[hydra08:405191] [ 0] /lib/x86_64-linux-gnu/libc.so.6(+0x38de0)[0x7f4214fa1de0]
[hydra06:403535] [ 0] /lib/x86_64-linux-gnu/libc.so.6(+0x38de0)[0x7f170705dde0]
[hydra09:396000] [ 8] /opt/mpi/openmpi-4.1.4//lib/libmpi.so.40(ompi_group_incl_plist+0x65)[0x7f360226f915]
[hydra07:429913] [ 1] /lib/x86_64-linux-gnu/libc.so.6(gsignal+0x141)[0x7fa26c01cd61]
[hydra05:402821] [ 2] /lib/x86_64-linux-gnu/libc.so.6(abort+0x123)[0x7fddd5d4e537]
[hydra04:418856] [ 3] /lib/x86_64-linux-gnu/libc.so.6(+0x7a468)[0x7f8db9818468]
[hydra02:595346] [ 3] /lib/x86_64-linux-gnu/libc.so.6(+0x7a468)[0x7f09e0dc6468]
[hydra08:405192] [ 2] /lib/x86_64-linux-gnu/libc.so.6(abort+0x123)[0x7fa6a4a36537]
[hydra06:403535] [ 1] /lib/x86_64-linux-gnu/libc.so.6(gsignal+0x141)[0x7f170705dd61]
[hydra09:396000] [ 9] /opt/mpi/openmpi-4.1.4//lib/libmpi.so.40(PMPI_Group_incl+0x95)[0x7f36022a0185]
[hydra09:396000] [10] /home/thesis/jheld/MPI_Syrk_implementation/build/src/MPI_SYRK_implementation(+0x841a)[0x55c6c67cc41a]
[hydra07:429913] [ 2] /lib/x86_64-linux-gnu/libc.so.6(abort+0x123)[0x7fa26c006537]
[hydra05:402819] [ 7] /opt/mpi/openmpi-4.1.4//lib/libmpi.so.40(ompi_group_allocate+0x17)[0x7fa39bab61e7]
[hydra04:418856] [ 4] /lib/x86_64-linux-gnu/libc.so.6(+0x8175a)[0x7f8db981f75a]
[hydra02:595346] [ 4] /lib/x86_64-linux-gnu/libc.so.6(+0x8175a)[0x7f09e0dcd75a]
[hydra08:405193] [ 2] /lib/x86_64-linux-gnu/libc.so.6(abort+0x123)[0x7f5d13dfc537]
[hydra06:403535] [ 2] /lib/x86_64-linux-gnu/libc.so.6(abort+0x123)[0x7f1707047537]
[hydra09:396000] [11] /home/thesis/jheld/MPI_Syrk_implementation/build/src/MPI_SYRK_implementation(+0x2ab0)[0x55c6c67c6ab0]
[hydra07:429913] [ 3] /lib/x86_64-linux-gnu/libc.so.6(+0x7a468)[0x7fa26c05e468]
[hydra05:402819] [ 8] /opt/mpi/openmpi-4.1.4//lib/libmpi.so.40(ompi_group_incl_plist+0x65)[0x7fa39bab6915]
[hydra04:418856] [ 5] /lib/x86_64-linux-gnu/libc.so.6(+0x8483c)[0x7f8db982283c]
[hydra02:595346] [ 5] /lib/x86_64-linux-gnu/libc.so.6(+0x8483c)[0x7f09e0dd083c]
[hydra11:383251] [ 0] /lib/x86_64-linux-gnu/libc.so.6(+0x38de0)[0x7f5999188de0]
[hydra08:405191] [ 1] /lib/x86_64-linux-gnu/libc.so.6(gsignal+0x141)[0x7f4214fa1d61]
[hydra06:403535] [ 3] /lib/x86_64-linux-gnu/libc.so.6(+0x7a468)[0x7f170709f468]
[hydra09:396000] [12] /lib/x86_64-linux-gnu/libc.so.6(__libc_start_main+0xea)[0x7f360033ed7a]
[hydra07:429913] [ 4] /lib/x86_64-linux-gnu/libc.so.6(+0x8175a)[0x7fa26c06575a]
[hydra05:402821] [ 3] /lib/x86_64-linux-gnu/libc.so.6(+0x7a468)[0x7fddd5da6468]
[hydra04:418856] [ 6] /lib/x86_64-linux-gnu/libc.so.6(__libc_calloc+0x81)[0x7f8db9824bd1]
[hydra02:595346] [ 6] /lib/x86_64-linux-gnu/libc.so.6(__libc_calloc+0x81)[0x7f09e0dd2bd1]
[hydra11:383251] [ 1] /lib/x86_64-linux-gnu/libc.so.6(gsignal+0x141)[0x7f5999188d61]
[hydra08:405192] [ 3] /lib/x86_64-linux-gnu/libc.so.6(+0x7a468)[0x7fa6a4a8e468]
[hydra06:403535] [ 4] /lib/x86_64-linux-gnu/libc.so.6(+0x8175a)[0x7f17070a675a]
[hydra09:396000] [13] /home/thesis/jheld/MPI_Syrk_implementation/build/src/MPI_SYRK_implementation(+0x232a)[0x55c6c67c632a]
[hydra09:396000] *** End of error message ***
[hydra07:429913] [ 5] /lib/x86_64-linux-gnu/libc.so.6(+0x8483c)[0x7fa26c06883c]
[hydra05:402819] [ 9] /opt/mpi/openmpi-4.1.4//lib/libmpi.so.40(PMPI_Group_incl+0x95)[0x7fa39bae7185]
[hydra05:402819] [10] /home/thesis/jheld/MPI_Syrk_implementation/build/src/MPI_SYRK_implementation(+0x841a)[0x55bc7e18b41a]
[hydra04:418856] [ 7] /opt/mpi/openmpi-4.1.4//lib/libmpi.so.40(ompi_group_allocate+0x17)[0x7f8dbb6f21e7]
[hydra02:595346] [ 7] /opt/mpi/openmpi-4.1.4//lib/libmpi.so.40(ompi_group_allocate+0x17)[0x7f09e2ca01e7]
[hydra11:383251] [ 2] /lib/x86_64-linux-gnu/libc.so.6(abort+0x123)[0x7f5999172537]
[hydra08:405193] [ 3] /lib/x86_64-linux-gnu/libc.so.6(+0x7a468)[0x7f5d13e54468]
[hydra06:403535] [ 5] /lib/x86_64-linux-gnu/libc.so.6(+0x8483c)[0x7f17070a983c]
[hydra07:429913] [ 6] /lib/x86_64-linux-gnu/libc.so.6(__libc_calloc+0x81)[0x7fa26c06abd1]
[hydra05:402821] [ 4] /lib/x86_64-linux-gnu/libc.so.6(+0x8175a)[0x7fddd5dad75a]
[hydra04:418856] [ 8] /opt/mpi/openmpi-4.1.4//lib/libmpi.so.40(ompi_group_incl_plist+0x65)[0x7f8dbb6f2915]
[hydra02:595346] [ 8] /opt/mpi/openmpi-4.1.4//lib/libmpi.so.40(ompi_group_incl_plist+0x65)[0x7f09e2ca0915]
[hydra11:383251] [ 3] /lib/x86_64-linux-gnu/libc.so.6(+0x7a468)[0x7f59991ca468]
[hydra08:405191] [ 2] /lib/x86_64-linux-gnu/libc.so.6(abort+0x123)[0x7f4214f8b537]
[hydra06:403535] [ 6] /lib/x86_64-linux-gnu/libc.so.6(__libc_calloc+0x81)[0x7f17070abbd1]
[hydra07:429913] [ 7] /opt/mpi/openmpi-4.1.4//lib/libmpi.so.40(ompi_group_allocate+0x17)[0x7fa26df381e7]
[hydra05:402819] [11] /home/thesis/jheld/MPI_Syrk_implementation/build/src/MPI_SYRK_implementation(+0x2ab0)[0x55bc7e185ab0]
[hydra10:516314] [ 0] /lib/x86_64-linux-gnu/libc.so.6(+0x38de0)[0x7ff5b5153de0]
[hydra04:418856] [ 9] /opt/mpi/openmpi-4.1.4//lib/libmpi.so.40(PMPI_Group_incl+0x95)[0x7f8dbb723185]
[hydra04:418856] [10] /home/thesis/jheld/MPI_Syrk_implementation/build/src/MPI_SYRK_implementation(+0x841a)[0x56280323841a]
[hydra02:595346] [ 9] /opt/mpi/openmpi-4.1.4//lib/libmpi.so.40(PMPI_Group_incl+0x95)[0x7f09e2cd1185]
[hydra11:383251] [ 4] /lib/x86_64-linux-gnu/libc.so.6(+0x8175a)[0x7f59991d175a]
[hydra08:405192] [ 4] /lib/x86_64-linux-gnu/libc.so.6(+0x8175a)[0x7fa6a4a9575a]
[hydra06:403535] [ 7] /opt/mpi/openmpi-4.1.4//lib/libmpi.so.40(ompi_group_allocate+0x17)[0x7f1708f791e7]
[hydra07:429913] [ 8] /opt/mpi/openmpi-4.1.4//lib/libmpi.so.40(ompi_group_incl_plist+0x65)[0x7fa26df38915]
[hydra05:402819] [12] /lib/x86_64-linux-gnu/libc.so.6(__libc_start_main+0xea)[0x7fa399b85d7a]
[hydra05:402819] [13] /home/thesis/jheld/MPI_Syrk_implementation/build/src/MPI_SYRK_implementation(+0x232a)[0x55bc7e18532a]
[hydra10:516314] [ 1] /lib/x86_64-linux-gnu/libc.so.6(gsignal+0x141)[0x7ff5b5153d61]
[hydra04:418856] [11] /home/thesis/jheld/MPI_Syrk_implementation/build/src/MPI_SYRK_implementation(+0x2ab0)[0x562803232ab0]
[hydra02:595346] [10] /home/thesis/jheld/MPI_Syrk_implementation/build/src/MPI_SYRK_implementation(+0x841a)[0x55c737b4d41a]
[hydra02:595346] [11] /home/thesis/jheld/MPI_Syrk_implementation/build/src/MPI_SYRK_implementation(+0x2ab0)[0x55c737b47ab0]
[hydra11:383251] [ 5] /lib/x86_64-linux-gnu/libc.so.6(+0x8483c)[0x7f59991d483c]
[hydra08:405193] [ 4] /lib/x86_64-linux-gnu/libc.so.6(+0x8175a)[0x7f5d13e5b75a]
[hydra06:403535] [ 8] /opt/mpi/openmpi-4.1.4//lib/libmpi.so.40(ompi_group_incl_plist+0x65)[0x7f1708f79915]
[hydra07:429913] [ 9] /opt/mpi/openmpi-4.1.4//lib/libmpi.so.40(PMPI_Group_incl+0x95)[0x7fa26df69185]
[hydra05:402821] [ 5] /lib/x86_64-linux-gnu/libc.so.6(+0x8483c)[0x7fddd5db083c]
[hydra10:516314] [ 2] /lib/x86_64-linux-gnu/libc.so.6(abort+0x123)[0x7ff5b513d537]
[hydra04:418856] [12] /lib/x86_64-linux-gnu/libc.so.6(__libc_start_main+0xea)[0x7f8db97c1d7a]
[hydra02:595346] [12] /lib/x86_64-linux-gnu/libc.so.6(__libc_start_main+0xea)[0x7f09e0d6fd7a]
[hydra11:383251] [ 6] /lib/x86_64-linux-gnu/libc.so.6(__libc_calloc+0x81)[0x7f59991d6bd1]
[hydra08:405191] [ 3] /lib/x86_64-linux-gnu/libc.so.6(+0x7a468)[0x7f4214fe3468]
[hydra06:403535] [ 9] /opt/mpi/openmpi-4.1.4//lib/libmpi.so.40(PMPI_Group_incl+0x95)[0x7f1708faa185]
[hydra06:403535] [10] /home/thesis/jheld/MPI_Syrk_implementation/build/src/MPI_SYRK_implementation(+0x841a)[0x563531b1041a]
[hydra07:429913] [10] /home/thesis/jheld/MPI_Syrk_implementation/build/src/MPI_SYRK_implementation(+0x841a)[0x555a9cc9541a]
[hydra07:429913] [11] /home/thesis/jheld/MPI_Syrk_implementation/build/src/MPI_SYRK_implementation(+0x2ab0)[0x555a9cc8fab0]
[hydra05:402819] *** End of error message ***
[hydra10:516314] [ 3] /lib/x86_64-linux-gnu/libc.so.6(+0x7a468)[0x7ff5b5195468]
[hydra04:418856] [13] /home/thesis/jheld/MPI_Syrk_implementation/build/src/MPI_SYRK_implementation(+0x232a)[0x56280323232a]
[hydra04:418856] *** End of error message ***
[hydra02:595346] [13] /home/thesis/jheld/MPI_Syrk_implementation/build/src/MPI_SYRK_implementation(+0x232a)[0x55c737b4732a]
[hydra02:595346] *** End of error message ***
[hydra11:383251] [ 7] /opt/mpi/openmpi-4.1.4//lib/libmpi.so.40(ompi_group_allocate+0x17)[0x7f599b0a41e7]
[hydra08:405192] [ 5] /lib/x86_64-linux-gnu/libc.so.6(+0x8483c)[0x7fa6a4a9883c]
[hydra06:403535] [11] /home/thesis/jheld/MPI_Syrk_implementation/build/src/MPI_SYRK_implementation(+0x2ab0)[0x563531b0aab0]
[hydra07:429913] [12] /lib/x86_64-linux-gnu/libc.so.6(__libc_start_main+0xea)[0x7fa26c007d7a]
[hydra05:402821] [ 6] /lib/x86_64-linux-gnu/libc.so.6(__libc_calloc+0x81)[0x7fddd5db2bd1]
[hydra10:516314] [ 4] /lib/x86_64-linux-gnu/libc.so.6(+0x8175a)[0x7ff5b519c75a]
[hydra11:383251] [ 8] /opt/mpi/openmpi-4.1.4//lib/libmpi.so.40(ompi_group_incl_plist+0x65)[0x7f599b0a4915]
[hydra08:405191] [ 4] /lib/x86_64-linux-gnu/libc.so.6(+0x8175a)[0x7f4214fea75a]
[hydra06:403535] [12] /lib/x86_64-linux-gnu/libc.so.6(__libc_start_main+0xea)[0x7f1707048d7a]
[hydra06:403535] [13] /home/thesis/jheld/MPI_Syrk_implementation/build/src/MPI_SYRK_implementation(+0x232a)[0x563531b0a32a]
[hydra07:429913] [13] /home/thesis/jheld/MPI_Syrk_implementation/build/src/MPI_SYRK_implementation(+0x232a)[0x555a9cc8f32a]
[hydra07:429913] *** End of error message ***
[hydra05:402821] [ 7] /opt/mpi/openmpi-4.1.4//lib/libmpi.so.40(ompi_group_allocate+0x17)[0x7fddd7c801e7]
[hydra10:516314] [ 5] /lib/x86_64-linux-gnu/libc.so.6(+0x8483c)[0x7ff5b519f83c]
[hydra11:383251] [ 9] /opt/mpi/openmpi-4.1.4//lib/libmpi.so.40(PMPI_Group_incl+0x95)[0x7f599b0d5185]
[hydra11:383251] [10] /home/thesis/jheld/MPI_Syrk_implementation/build/src/MPI_SYRK_implementation(+0x841a)[0x55f5897d941a]
[hydra08:405193] [ 5] /lib/x86_64-linux-gnu/libc.so.6(+0x8483c)[0x7f5d13e5e83c]
[hydra06:403535] *** End of error message ***
[hydra05:402821] [ 8] /opt/mpi/openmpi-4.1.4//lib/libmpi.so.40(ompi_group_incl_plist+0x65)[0x7fddd7c80915]
[hydra10:516314] [ 6] /lib/x86_64-linux-gnu/libc.so.6(__libc_calloc+0x81)[0x7ff5b51a1bd1]
[hydra11:383251] [11] /home/thesis/jheld/MPI_Syrk_implementation/build/src/MPI_SYRK_implementation(+0x2ab0)[0x55f5897d3ab0]
[hydra08:405192] [ 6] /lib/x86_64-linux-gnu/libc.so.6(__libc_calloc+0x81)[0x7fa6a4a9abd1]
[hydra10:516314] [ 7] /opt/mpi/openmpi-4.1.4//lib/libmpi.so.40(ompi_group_allocate+0x17)[0x7ff5b706f1e7]
[hydra11:383251] [12] /lib/x86_64-linux-gnu/libc.so.6(__libc_start_main+0xea)[0x7f5999173d7a]
[hydra11:383251] [13] /home/thesis/jheld/MPI_Syrk_implementation/build/src/MPI_SYRK_implementation(+0x232a)[0x55f5897d332a]
[hydra08:405193] [ 6] /lib/x86_64-linux-gnu/libc.so.6(__libc_calloc+0x81)[0x7f5d13e60bd1]
[hydra10:516314] [ 8] /opt/mpi/openmpi-4.1.4//lib/libmpi.so.40(ompi_group_incl_plist+0x65)[0x7ff5b706f915]
[hydra11:383251] *** End of error message ***
[hydra08:405191] [ 5] /lib/x86_64-linux-gnu/libc.so.6(+0x8483c)[0x7f4214fed83c]
[hydra10:516314] [ 9] /opt/mpi/openmpi-4.1.4//lib/libmpi.so.40(PMPI_Group_incl+0x95)[0x7ff5b70a0185]
[hydra10:516314] [10] /home/thesis/jheld/MPI_Syrk_implementation/build/src/MPI_SYRK_implementation(+0x841a)[0x562fe411a41a]
[hydra08:405192] [ 7] /opt/mpi/openmpi-4.1.4//lib/libmpi.so.40(ompi_group_allocate+0x17)[0x7fa6a69681e7]
[hydra10:516314] [11] /home/thesis/jheld/MPI_Syrk_implementation/build/src/MPI_SYRK_implementation(+0x2ab0)[0x562fe4114ab0]
[hydra08:405193] [ 7] /opt/mpi/openmpi-4.1.4//lib/libmpi.so.40(ompi_group_allocate+0x17)[0x7f5d15d2e1e7]
[hydra10:516314] [12] /lib/x86_64-linux-gnu/libc.so.6(__libc_start_main+0xea)[0x7ff5b513ed7a]
[hydra10:516314] [13] /home/thesis/jheld/MPI_Syrk_implementation/build/src/MPI_SYRK_implementation(+0x232a)[0x562fe411432a]
[hydra08:405191] [ 6] /lib/x86_64-linux-gnu/libc.so.6(__libc_calloc+0x81)[0x7f4214fefbd1]
[hydra10:516314] *** End of error message ***
[hydra08:405192] [ 8] /opt/mpi/openmpi-4.1.4//lib/libmpi.so.40(ompi_group_incl_plist+0x65)[0x7fa6a6968915]
[hydra08:405193] [ 8] /opt/mpi/openmpi-4.1.4//lib/libmpi.so.40(ompi_group_incl_plist+0x65)[0x7f5d15d2e915]
[hydra08:405191] [ 7] /opt/mpi/openmpi-4.1.4//lib/libmpi.so.40(ompi_group_allocate+0x17)[0x7f4216ebd1e7]
[hydra08:405192] [ 9] /opt/mpi/openmpi-4.1.4//lib/libmpi.so.40(PMPI_Group_incl+0x95)[0x7fa6a6999185]
[hydra08:405192] [10] /home/thesis/jheld/MPI_Syrk_implementation/build/src/MPI_SYRK_implementation(+0x841a)[0x55ff98b7341a]
[hydra08:405192] [11] /home/thesis/jheld/MPI_Syrk_implementation/build/src/MPI_SYRK_implementation(+0x2ab0)[0x55ff98b6dab0]
[hydra08:405193] [ 9] /opt/mpi/openmpi-4.1.4//lib/libmpi.so.40(PMPI_Group_incl+0x95)[0x7f5d15d5f185]
[hydra08:405193] [10] /home/thesis/jheld/MPI_Syrk_implementation/build/src/MPI_SYRK_implementation(+0x841a)[0x56265ad9841a]
[hydra08:405193] [11] /home/thesis/jheld/MPI_Syrk_implementation/build/src/MPI_SYRK_implementation(+0x2ab0)[0x56265ad92ab0]
[hydra08:405191] [ 8] /opt/mpi/openmpi-4.1.4//lib/libmpi.so.40(ompi_group_incl_plist+0x65)[0x7f4216ebd915]
[hydra08:405192] [12] /lib/x86_64-linux-gnu/libc.so.6(__libc_start_main+0xea)[0x7fa6a4a37d7a]
[hydra08:405192] [13] /home/thesis/jheld/MPI_Syrk_implementation/build/src/MPI_SYRK_implementation(+0x232a)[0x55ff98b6d32a]
[hydra08:405192] *** End of error message ***
[hydra08:405191] [ 9] /opt/mpi/openmpi-4.1.4//lib/libmpi.so.40(PMPI_Group_incl+0x95)[0x7f4216eee185]
[hydra08:405191] [10] /home/thesis/jheld/MPI_Syrk_implementation/build/src/MPI_SYRK_implementation(+0x841a)[0x55d1d31a941a]
[hydra08:405191] [11] /home/thesis/jheld/MPI_Syrk_implementation/build/src/MPI_SYRK_implementation(+0x2ab0)[0x55d1d31a3ab0]
[hydra08:405193] [12] /lib/x86_64-linux-gnu/libc.so.6(__libc_start_main+0xea)[0x7f5d13dfdd7a]
[hydra08:405193] [13] /home/thesis/jheld/MPI_Syrk_implementation/build/src/MPI_SYRK_implementation(+0x232a)[0x56265ad9232a]
[hydra08:405193] *** End of error message ***
[hydra08:405191] [12] /lib/x86_64-linux-gnu/libc.so.6(__libc_start_main+0xea)[0x7f4214f8cd7a]
[hydra08:405191] [13] /home/thesis/jheld/MPI_Syrk_implementation/build/src/MPI_SYRK_implementation(+0x232a)[0x55d1d31a332a]
[hydra08:405191] *** End of error message ***
[hydra05:402821] [ 9] /opt/mpi/openmpi-4.1.4//lib/libmpi.so.40(PMPI_Group_incl+0x95)[0x7fddd7cb1185]
[hydra05:402821] [10] /home/thesis/jheld/MPI_Syrk_implementation/build/src/MPI_SYRK_implementation(+0x841a)[0x5587dc61c41a]
[hydra05:402821] [11] /home/thesis/jheld/MPI_Syrk_implementation/build/src/MPI_SYRK_implementation(+0x2ab0)[0x5587dc616ab0]
[hydra05:402821] [12] /lib/x86_64-linux-gnu/libc.so.6(__libc_start_main+0xea)[0x7fddd5d4fd7a]
[hydra05:402821] [13] /home/thesis/jheld/MPI_Syrk_implementation/build/src/MPI_SYRK_implementation(+0x232a)[0x5587dc61632a]
[hydra05:402821] *** End of error message ***
srun: error: hydra04: task 11: Aborted
srun: error: hydra02: task 5: Aborted
srun: error: hydra06: task 17: Aborted
srun: error: hydra11: task 31: Aborted
srun: error: hydra10: task 27: Aborted
srun: error: hydra12: task 35: Aborted
srun: error: hydra09: task 26: Aborted
srun: error: hydra07: task 18: Aborted
srun: error: hydra05: tasks 12,14: Aborted
srun: error: hydra08: tasks 21-23: Aborted
slurmstepd: error:  mpi/pmix_v4: _errhandler: hydra06 [5]: pmixp_client_v2.c:211: Error handler invoked: status = -61, source = [slurm.pmix.5008705.7:17]
slurmstepd: error:  mpi/pmix_v4: _errhandler: hydra02 [1]: pmixp_client_v2.c:211: Error handler invoked: status = -61, source = [slurm.pmix.5008705.7:5]
slurmstepd: error:  mpi/pmix_v4: _errhandler: hydra12 [11]: pmixp_client_v2.c:211: Error handler invoked: status = -61, source = [slurm.pmix.5008705.7:35]
slurmstepd: error:  mpi/pmix_v4: _errhandler: hydra04 [3]: pmixp_client_v2.c:211: Error handler invoked: status = -61, source = [slurm.pmix.5008705.7:11]
slurmstepd: error:  mpi/pmix_v4: _errhandler: hydra05 [4]: pmixp_client_v2.c:211: Error handler invoked: status = -61, source = [slurm.pmix.5008705.7:12]
slurmstepd: error:  mpi/pmix_v4: _errhandler: hydra11 [10]: pmixp_client_v2.c:211: Error handler invoked: status = -61, source = [slurm.pmix.5008705.7:31]
slurmstepd: error:  mpi/pmix_v4: _errhandler: hydra09 [8]: pmixp_client_v2.c:211: Error handler invoked: status = -61, source = [slurm.pmix.5008705.7:26]
slurmstepd: error:  mpi/pmix_v4: _errhandler: hydra10 [9]: pmixp_client_v2.c:211: Error handler invoked: status = -61, source = [slurm.pmix.5008705.7:27]
slurmstepd: error: *** STEP 5008705.7 ON hydra01 CANCELLED AT 2025-10-13T15:42:34 ***
srun: Job step aborted: Waiting up to 32 seconds for job step to finish.
slurmstepd: error:  mpi/pmix_v4: _errhandler: hydra07 [6]: pmixp_client_v2.c:211: Error handler invoked: status = -61, source = [slurm.pmix.5008705.7:18]
srun: error: hydra05: task 13: Killed
srun: error: hydra12: tasks 33-34: Killed
srun: error: hydra10: tasks 28-29: Killed
srun: error: hydra07: tasks 19-20: Killed
srun: error: hydra09: tasks 24-25: Killed
srun: error: hydra06: tasks 15-16: Killed
srun: error: hydra03: tasks 6-8: Killed
srun: error: hydra02: tasks 3-4: Killed
srun: error: hydra11: tasks 30,32: Killed
srun: error: hydra04: tasks 9-10: Killed
srun: error: hydra01: tasks 0-2: Killed
⚠️ Warning: No runtime found for run 8
srun: Warning: can't honor --ntasks-per-node set to 1 which doesn't match the requested tasks 36 with the number of requested nodes 12. Ignoring --ntasks-per-node.
missing input file name --> Generate random input
malloc(): invalid size (unsorted)
[hydra12:383215] *** Process received signal ***
[hydra12:383215] Signal: Aborted (6)
[hydra12:383215] Signal code:  (-6)
malloc(): invalid size (unsorted)
[hydra11:383314] *** Process received signal ***
[hydra11:383314] Signal: Aborted (6)
[hydra11:383314] Signal code:  (-6)
malloc(): invalid size (unsorted)
[hydra05:402882] *** Process received signal ***
[hydra05:402882] Signal: Aborted (6)
[hydra05:402882] Signal code:  (-6)
malloc(): invalid size (unsorted)
[hydra01:916035] *** Process received signal ***
[hydra01:916035] Signal: Aborted (6)
[hydra01:916035] Signal code:  (-6)
malloc(): invalid size (unsorted)
malloc(): invalid size (unsorted)
[hydra02:595422] *** Process received signal ***
[hydra02:595422] Signal: Aborted (6)
[hydra02:595422] Signal code:  (-6)
malloc(): invalid size (unsorted)
[hydra07:429975] *** Process received signal ***
[hydra07:429975] Signal: Aborted (6)
[hydra07:429975] Signal code:  (-6)
[hydra05:402882] [ 0] /lib/x86_64-linux-gnu/libc.so.6(+0x38de0)[0x7f116fc92de0]
malloc(): invalid size (unsorted)
[hydra05:402883] *** Process received signal ***
[hydra01:916035] [ 0] /lib/x86_64-linux-gnu/libc.so.6(+0x38de0)[0x7f7bf57a8de0]
[hydra01:916035] [ 1] /lib/x86_64-linux-gnu/libc.so.6(gsignal+0x141)[0x7f7bf57a8d61]
malloc(): invalid size (unsorted)
[hydra08:405244] *** Process received signal ***
[hydra08:405244] Signal: Aborted (6)
[hydra08:405244] Signal code:  (-6)
[hydra05:402882] [ 1] /lib/x86_64-linux-gnu/libc.so.6(gsignal+0x141)[0x7f116fc92d61]
[hydra01:916035] [ 2] /lib/x86_64-linux-gnu/libc.so.6(abort+0x123)[0x7f7bf5792537]
[hydra05:402883] Signal: Aborted (6)
[hydra05:402883] Signal code:  (-6)
malloc(): invalid size (unsorted)
[hydra12:383214] *** Process received signal ***
[hydra12:383214] Signal: Aborted (6)
[hydra12:383214] Signal code:  (-6)
[hydra05:402882] [ 2] /lib/x86_64-linux-gnu/libc.so.6(abort+0x123)[0x7f116fc7c537]
[hydra12:383215] [ 0] /lib/x86_64-linux-gnu/libc.so.6(+0x38de0)[0x7fb12303ede0]
malloc(): invalid size (unsorted)
[hydra06:403595] *** Process received signal ***
[hydra06:403595] Signal: Aborted (6)
[hydra06:403595] Signal code:  (-6)
[hydra05:402882] [ 3] /lib/x86_64-linux-gnu/libc.so.6(+0x7a468)[0x7f116fcd4468]
[hydra12:383215] [ 1] /lib/x86_64-linux-gnu/libc.so.6(gsignal+0x141)[0x7fb12303ed61]
malloc(): invalid size (unsorted)
[hydra10:516381] *** Process received signal ***
[hydra10:516381] Signal: Aborted (6)
[hydra10:516381] Signal code:  (-6)
[hydra01:916035] [ 3] /lib/x86_64-linux-gnu/libc.so.6(+0x7a468)[0x7f7bf57ea468]
malloc(): invalid size (unsorted)
[hydra09:396062] *** Process received signal ***
[hydra09:396062] Signal: Aborted (6)
[hydra09:396062] Signal code:  (-6)
[hydra05:402882] [ 4] /lib/x86_64-linux-gnu/libc.so.6(+0x8175a)[0x7f116fcdb75a]
[hydra12:383214] [ 0] /lib/x86_64-linux-gnu/libc.so.6(+0x38de0)[0x7fa498d64de0]
[hydra01:916035] [ 4] /lib/x86_64-linux-gnu/libc.so.6(+0x8175a)[0x7f7bf57f175a]
[hydra05:402883] [ 0] /lib/x86_64-linux-gnu/libc.so.6(+0x38de0)[0x7f9f1958cde0]
[hydra12:383215] [ 2] /lib/x86_64-linux-gnu/libc.so.6(abort+0x123)[0x7fb123028537]
[hydra05:402882] [ 5] /lib/x86_64-linux-gnu/libc.so.6(+0x8483c)[0x7f116fcde83c]
[hydra12:383214] [ 1] /lib/x86_64-linux-gnu/libc.so.6(gsignal+0x141)[0x7fa498d64d61]
[hydra01:916035] [ 5] /lib/x86_64-linux-gnu/libc.so.6(+0x8483c)[0x7f7bf57f483c]
[hydra05:402883] [ 1] /lib/x86_64-linux-gnu/libc.so.6(gsignal+0x141)[0x7f9f1958cd61]
[hydra12:383214] [ 2] /lib/x86_64-linux-gnu/libc.so.6(abort+0x123)[0x7fa498d4e537]
[hydra11:383314] [ 0] /lib/x86_64-linux-gnu/libc.so.6(+0x38de0)[0x7fb846798de0]
[hydra05:402883] [ 2] /lib/x86_64-linux-gnu/libc.so.6(abort+0x123)[0x7f9f19576537]
[hydra12:383215] [ 3] /lib/x86_64-linux-gnu/libc.so.6(+0x7a468)[0x7fb123080468]
[hydra11:383314] [ 1] /lib/x86_64-linux-gnu/libc.so.6(gsignal+0x141)[0x7fb846798d61]
[hydra01:916035] [ 6] /lib/x86_64-linux-gnu/libc.so.6(__libc_calloc+0x81)[0x7f7bf57f6bd1]
[hydra05:402882] [ 6] /lib/x86_64-linux-gnu/libc.so.6(__libc_calloc+0x81)[0x7f116fce0bd1]
[hydra12:383214] [ 3] /lib/x86_64-linux-gnu/libc.so.6(+0x7a468)[0x7fa498da6468]
[hydra11:383314] [ 2] /lib/x86_64-linux-gnu/libc.so.6(abort+0x123)[0x7fb846782537]
[hydra01:916035] [ 7] /opt/mpi/openmpi-4.1.4//lib/libmpi.so.40(ompi_group_allocate+0x17)[0x7f7bf76c41e7]
[hydra05:402882] [ 7] /opt/mpi/openmpi-4.1.4//lib/libmpi.so.40(ompi_group_allocate+0x17)[0x7f1171bae1e7]
[hydra12:383215] [ 4] /lib/x86_64-linux-gnu/libc.so.6(+0x8175a)[0x7fb12308775a]
malloc(): invalid size (unsorted)
[hydra04:418917] *** Process received signal ***
[hydra04:418917] Signal: Aborted (6)
[hydra04:418917] Signal code:  (-6)
[hydra11:383314] [ 3] /lib/x86_64-linux-gnu/libc.so.6(+0x7a468)[0x7fb8467da468]
[hydra01:916035] [ 8] /opt/mpi/openmpi-4.1.4//lib/libmpi.so.40(ompi_group_incl_plist+0x65)[0x7f7bf76c4915]
[hydra05:402883] [ 3] /lib/x86_64-linux-gnu/libc.so.6(+0x7a468)[0x7f9f195ce468]
[hydra12:383215] [ 5] /lib/x86_64-linux-gnu/libc.so.6(+0x8483c)[0x7fb12308a83c]
[hydra04:418916] *** Process received signal ***
[hydra04:418916] Signal: Aborted (6)
[hydra04:418916] Signal code:  (-6)
[hydra11:383314] [ 4] /lib/x86_64-linux-gnu/libc.so.6(+0x8175a)[0x7fb8467e175a]
[hydra05:402882] [ 8] /opt/mpi/openmpi-4.1.4//lib/libmpi.so.40(ompi_group_incl_plist+0x65)[0x7f1171bae915]
[hydra12:383214] [ 4] /lib/x86_64-linux-gnu/libc.so.6(+0x8175a)[0x7fa498dad75a]
[hydra04:418917] [ 0] /lib/x86_64-linux-gnu/libc.so.6(+0x38de0)[0x7f6ba47b2de0]
malloc(): invalid size (unsorted)
[hydra01:916035] [ 9] /opt/mpi/openmpi-4.1.4//lib/libmpi.so.40(PMPI_Group_incl+0x95)[0x7f7bf76f5185]
[hydra05:402883] [ 4] /lib/x86_64-linux-gnu/libc.so.6(+0x8175a)[0x7f9f195d575a]
[hydra12:383214] [ 5] /lib/x86_64-linux-gnu/libc.so.6(+0x8483c)[0x7fa498db083c]
[hydra04:418917] [ 1] /lib/x86_64-linux-gnu/libc.so.6(gsignal+0x141)[0x7f6ba47b2d61]
malloc(): invalid size (unsorted)
[hydra11:383314] [ 5] /lib/x86_64-linux-gnu/libc.so.6(+0x8483c)[0x7fb8467e483c]
[hydra01:916035] [10] /home/thesis/jheld/MPI_Syrk_implementation/build/src/MPI_SYRK_implementation(+0x841a)[0x55d1c479a41a]
[hydra01:916035] [11] /home/thesis/jheld/MPI_Syrk_implementation/build/src/MPI_SYRK_implementation(+0x2ab0)[0x55d1c4794ab0]
[hydra05:402882] [ 9] /opt/mpi/openmpi-4.1.4//lib/libmpi.so.40(PMPI_Group_incl+0x95)[0x7f1171bdf185]
[hydra12:383215] [ 6] /lib/x86_64-linux-gnu/libc.so.6(__libc_calloc+0x81)[0x7fb12308cbd1]
[hydra04:418916] [ 0] /lib/x86_64-linux-gnu/libc.so.6(+0x38de0)[0x7f122c667de0]
[hydra07:429977] *** Process received signal ***
[hydra11:383312] *** Process received signal ***
[hydra11:383312] Signal: Aborted (6)
[hydra11:383312] Signal code:  (-6)
malloc(): invalid size (unsorted)
[hydra08:405243] *** Process received signal ***
[hydra08:405243] Signal: Aborted (6)
[hydra08:405243] Signal code:  (-6)
[hydra01:916035] [12] /lib/x86_64-linux-gnu/libc.so.6(__libc_start_main+0xea)[0x7f7bf5793d7a]
[hydra05:402882] [10] /home/thesis/jheld/MPI_Syrk_implementation/build/src/MPI_SYRK_implementation(+0x841a)[0x56156365441a]
[hydra05:402882] [11] /home/thesis/jheld/MPI_Syrk_implementation/build/src/MPI_SYRK_implementation(+0x2ab0)[0x56156364eab0]
[hydra12:383215] [ 7] /opt/mpi/openmpi-4.1.4//lib/libmpi.so.40(ompi_group_allocate+0x17)[0x7fb124f5a1e7]
malloc(): invalid size (unsorted)
[hydra10:516382] *** Process received signal ***
[hydra10:516382] Signal: Aborted (6)
[hydra10:516382] Signal code:  (-6)
[hydra04:418917] [ 2] /lib/x86_64-linux-gnu/libc.so.6(abort+0x123)[0x7f6ba479c537]
[hydra07:429977] Signal: Aborted (6)
[hydra07:429977] Signal code:  (-6)
[hydra11:383314] [ 6] /lib/x86_64-linux-gnu/libc.so.6(__libc_calloc+0x81)[0x7fb8467e6bd1]
[hydra08:405244] [ 0] /lib/x86_64-linux-gnu/libc.so.6(+0x38de0)[0x7f458c79cde0]
[hydra01:916035] [13] /home/thesis/jheld/MPI_Syrk_implementation/build/src/MPI_SYRK_implementation(+0x232a)[0x55d1c479432a]
[hydra01:916035] *** End of error message ***
[hydra05:402883] [ 5] /lib/x86_64-linux-gnu/libc.so.6(+0x8483c)[0x7f9f195d883c]
[hydra12:383214] [ 6] /lib/x86_64-linux-gnu/libc.so.6(__libc_calloc+0x81)[0x7fa498db2bd1]
[hydra10:516381] [ 0] /lib/x86_64-linux-gnu/libc.so.6(+0x38de0)[0x7ffab04fede0]
[hydra04:418916] [ 1] /lib/x86_64-linux-gnu/libc.so.6(gsignal+0x141)[0x7f122c667d61]
[hydra07:429975] [ 0] /lib/x86_64-linux-gnu/libc.so.6(+0x38de0)[0x7f3cb5308de0]
[hydra11:383314] [ 7] /opt/mpi/openmpi-4.1.4//lib/libmpi.so.40(ompi_group_allocate+0x17)[0x7fb8486b41e7]
[hydra08:405244] [ 1] /lib/x86_64-linux-gnu/libc.so.6(gsignal+0x141)[0x7f458c79cd61]
[hydra05:402882] [12] /lib/x86_64-linux-gnu/libc.so.6(__libc_start_main+0xea)[0x7f116fc7dd7a]
[hydra12:383215] [ 8] /opt/mpi/openmpi-4.1.4//lib/libmpi.so.40(ompi_group_incl_plist+0x65)[0x7fb124f5a915]
[hydra10:516382] [ 0] /lib/x86_64-linux-gnu/libc.so.6(+0x38de0)[0x7f91ad389de0]
[hydra04:418916] [ 2] /lib/x86_64-linux-gnu/libc.so.6(abort+0x123)[0x7f122c651537]
[hydra07:429975] [ 1] /lib/x86_64-linux-gnu/libc.so.6(gsignal+0x141)[0x7f3cb5308d61]
[hydra06:403595] [ 0] /lib/x86_64-linux-gnu/libc.so.6(+0x38de0)[0x7f583e985de0]
[hydra11:383314] [ 8] /opt/mpi/openmpi-4.1.4//lib/libmpi.so.40(ompi_group_incl_plist+0x65)[0x7fb8486b4915]
[hydra08:405243] [ 0] /lib/x86_64-linux-gnu/libc.so.6(+0x38de0)[0x7f67b81ddde0]
[hydra05:402882] [13] /home/thesis/jheld/MPI_Syrk_implementation/build/src/MPI_SYRK_implementation(+0x232a)[0x56156364e32a]
[hydra05:402882] *** End of error message ***
[hydra12:383214] [ 7] /opt/mpi/openmpi-4.1.4//lib/libmpi.so.40(ompi_group_allocate+0x17)[0x7fa49ac801e7]
[hydra10:516381] [ 1] /lib/x86_64-linux-gnu/libc.so.6(gsignal+0x141)[0x7ffab04fed61]
[hydra04:418917] [ 3] /lib/x86_64-linux-gnu/libc.so.6(+0x7a468)[0x7f6ba47f4468]
[hydra07:429975] [ 2] /lib/x86_64-linux-gnu/libc.so.6(abort+0x123)[0x7f3cb52f2537]
[hydra06:403595] [ 1] /lib/x86_64-linux-gnu/libc.so.6(gsignal+0x141)[0x7f583e985d61]
[hydra11:383312] [ 0] /lib/x86_64-linux-gnu/libc.so.6(+0x38de0)[0x7fc6ce67fde0]
[hydra08:405244] [ 2] /lib/x86_64-linux-gnu/libc.so.6(abort+0x123)[0x7f458c786537]
[hydra05:402883] [ 6] /lib/x86_64-linux-gnu/libc.so.6(__libc_calloc+0x81)[0x7f9f195dabd1]
[hydra12:383214] [ 8] /opt/mpi/openmpi-4.1.4//lib/libmpi.so.40(ompi_group_incl_plist+0x65)[0x7fa49ac80915]
[hydra02:595422] [ 0] /lib/x86_64-linux-gnu/libc.so.6(+0x38de0)[0x7fa8b4be1de0]
[hydra10:516382] [ 1] /lib/x86_64-linux-gnu/libc.so.6(gsignal+0x141)[0x7f91ad389d61]
[hydra04:418916] [ 3] /lib/x86_64-linux-gnu/libc.so.6(+0x7a468)[0x7f122c6a9468]
[hydra07:429975] [ 3] /lib/x86_64-linux-gnu/libc.so.6(+0x7a468)[0x7f3cb534a468]
[hydra06:403595] [ 2] /lib/x86_64-linux-gnu/libc.so.6(abort+0x123)[0x7f583e96f537]
[hydra11:383314] [ 9] /opt/mpi/openmpi-4.1.4//lib/libmpi.so.40(PMPI_Group_incl+0x95)[0x7fb8486e5185]
[hydra11:383314] [10] /home/thesis/jheld/MPI_Syrk_implementation/build/src/MPI_SYRK_implementation(+0x841a)[0x557ef6a7241a]
[hydra11:383314] [11] /home/thesis/jheld/MPI_Syrk_implementation/build/src/MPI_SYRK_implementation(+0x2ab0)[0x557ef6a6cab0]
[hydra08:405243] [ 1] /lib/x86_64-linux-gnu/libc.so.6(gsignal+0x141)[0x7f67b81ddd61]
[hydra09:396062] [ 0] /lib/x86_64-linux-gnu/libc.so.6(+0x38de0)[0x7fb538311de0]
[hydra05:402883] [ 7] /opt/mpi/openmpi-4.1.4//lib/libmpi.so.40(ompi_group_allocate+0x17)[0x7f9f1b4a81e7]
[hydra12:383215] [ 9] /opt/mpi/openmpi-4.1.4//lib/libmpi.so.40(PMPI_Group_incl+0x95)[0x7fb124f8b185]
[hydra12:383215] [10] /home/thesis/jheld/MPI_Syrk_implementation/build/src/MPI_SYRK_implementation(+0x841a)[0x559acc6b741a]
[hydra12:383215] [11] /home/thesis/jheld/MPI_Syrk_implementation/build/src/MPI_SYRK_implementation(+0x2ab0)[0x559acc6b1ab0]
[hydra02:595422] [ 1] /lib/x86_64-linux-gnu/libc.so.6(gsignal+0x141)[0x7fa8b4be1d61]
[hydra10:516381] [ 2] /lib/x86_64-linux-gnu/libc.so.6(abort+0x123)[0x7ffab04e8537]
[hydra04:418917] [ 4] /lib/x86_64-linux-gnu/libc.so.6(+0x8175a)[0x7f6ba47fb75a]
[hydra07:429977] [ 0] /lib/x86_64-linux-gnu/libc.so.6(+0x38de0)[0x7f6f0ad7dde0]
[hydra06:403595] [ 3] /lib/x86_64-linux-gnu/libc.so.6(+0x7a468)[0x7f583e9c7468]
[hydra11:383312] [ 1] /lib/x86_64-linux-gnu/libc.so.6(gsignal+0x141)[0x7fc6ce67fd61]
[hydra08:405243] [ 2] /lib/x86_64-linux-gnu/libc.so.6(abort+0x123)[0x7f67b81c7537]
[hydra09:396062] [ 1] /lib/x86_64-linux-gnu/libc.so.6(gsignal+0x141)[0x7fb538311d61]
[hydra05:402883] [ 8] /opt/mpi/openmpi-4.1.4//lib/libmpi.so.40(ompi_group_incl_plist+0x65)[0x7f9f1b4a8915]
[hydra02:595422] [ 2] /lib/x86_64-linux-gnu/libc.so.6(abort+0x123)[0x7fa8b4bcb537]
[hydra10:516382] [ 2] /lib/x86_64-linux-gnu/libc.so.6(abort+0x123)[0x7f91ad373537]
[hydra04:418916] [ 4] /lib/x86_64-linux-gnu/libc.so.6(+0x8175a)[0x7f122c6b075a]
[hydra07:429977] [ 1] /lib/x86_64-linux-gnu/libc.so.6(gsignal+0x141)[0x7f6f0ad7dd61]
[hydra06:403595] [ 4] /lib/x86_64-linux-gnu/libc.so.6(+0x8175a)[0x7f583e9ce75a]
[hydra11:383314] [12] /lib/x86_64-linux-gnu/libc.so.6(__libc_start_main+0xea)[0x7fb846783d7a]
[hydra11:383314] [13] /home/thesis/jheld/MPI_Syrk_implementation/build/src/MPI_SYRK_implementation(+0x232a)[0x557ef6a6c32a]
[hydra11:383314] *** End of error message ***
[hydra08:405244] [ 3] /lib/x86_64-linux-gnu/libc.so.6(+0x7a468)[0x7f458c7de468]
[hydra09:396062] [ 2] /lib/x86_64-linux-gnu/libc.so.6(abort+0x123)[0x7fb5382fb537]
[hydra05:402883] [ 9] /opt/mpi/openmpi-4.1.4//lib/libmpi.so.40(PMPI_Group_incl+0x95)[0x7f9f1b4d9185]
[hydra05:402883] [10] /home/thesis/jheld/MPI_Syrk_implementation/build/src/MPI_SYRK_implementation(+0x841a)[0x55a4f830741a]
[hydra02:595422] [ 3] /lib/x86_64-linux-gnu/libc.so.6(+0x7a468)[0x7fa8b4c23468]
[hydra10:516381] [ 3] /lib/x86_64-linux-gnu/libc.so.6(+0x7a468)[0x7ffab0540468]
[hydra04:418917] [ 5] /lib/x86_64-linux-gnu/libc.so.6(+0x8483c)[0x7f6ba47fe83c]
[hydra07:429975] [ 4] /lib/x86_64-linux-gnu/libc.so.6(+0x8175a)[0x7f3cb535175a]
[hydra06:403595] [ 5] /lib/x86_64-linux-gnu/libc.so.6(+0x8483c)[0x7f583e9d183c]
[hydra11:383312] [ 2] /lib/x86_64-linux-gnu/libc.so.6(abort+0x123)[0x7fc6ce669537]
[hydra08:405243] [ 3] /lib/x86_64-linux-gnu/libc.so.6(+0x7a468)[0x7f67b821f468]
[hydra09:396062] [ 3] /lib/x86_64-linux-gnu/libc.so.6(+0x7a468)[0x7fb538353468]
[hydra05:402883] [11] /home/thesis/jheld/MPI_Syrk_implementation/build/src/MPI_SYRK_implementation(+0x2ab0)[0x55a4f8301ab0]
[hydra02:595422] [ 4] /lib/x86_64-linux-gnu/libc.so.6(+0x8175a)[0x7fa8b4c2a75a]
[hydra10:516382] [ 3] /lib/x86_64-linux-gnu/libc.so.6(+0x7a468)[0x7f91ad3cb468]
[hydra04:418916] [ 5] /lib/x86_64-linux-gnu/libc.so.6(+0x8483c)[0x7f122c6b383c]
[hydra07:429977] [ 2] /lib/x86_64-linux-gnu/libc.so.6(abort+0x123)[0x7f6f0ad67537]
[hydra06:403595] [ 6] /lib/x86_64-linux-gnu/libc.so.6(__libc_calloc+0x81)[0x7f583e9d3bd1]
[hydra08:405244] [ 4] /lib/x86_64-linux-gnu/libc.so.6(+0x8175a)[0x7f458c7e575a]
[hydra09:396062] [ 4] /lib/x86_64-linux-gnu/libc.so.6(+0x8175a)[0x7fb53835a75a]
[hydra05:402883] [12] /lib/x86_64-linux-gnu/libc.so.6(__libc_start_main+0xea)[0x7f9f19577d7a]
[hydra05:402883] [13] /home/thesis/jheld/MPI_Syrk_implementation/build/src/MPI_SYRK_implementation(+0x232a)[0x55a4f830132a]
[hydra05:402883] *** End of error message ***
[hydra02:595422] [ 5] /lib/x86_64-linux-gnu/libc.so.6(+0x8483c)[0x7fa8b4c2d83c]
[hydra10:516381] [ 4] /lib/x86_64-linux-gnu/libc.so.6(+0x8175a)[0x7ffab054775a]
[hydra04:418917] [ 6] /lib/x86_64-linux-gnu/libc.so.6(__libc_calloc+0x81)[0x7f6ba4800bd1]
[hydra07:429975] [ 5] /lib/x86_64-linux-gnu/libc.so.6(+0x8483c)[0x7f3cb535483c]
[hydra06:403595] [ 7] /opt/mpi/openmpi-4.1.4//lib/libmpi.so.40(ompi_group_allocate+0x17)[0x7f58408a11e7]
[hydra08:405243] [ 4] /lib/x86_64-linux-gnu/libc.so.6(+0x8175a)[0x7f67b822675a]
[hydra09:396062] [ 5] /lib/x86_64-linux-gnu/libc.so.6(+0x8483c)[0x7fb53835d83c]
[hydra02:595422] [ 6] /lib/x86_64-linux-gnu/libc.so.6(__libc_calloc+0x81)[0x7fa8b4c2fbd1]
[hydra10:516382] [ 4] /lib/x86_64-linux-gnu/libc.so.6(+0x8175a)[0x7f91ad3d275a]
[hydra04:418917] [ 7] /opt/mpi/openmpi-4.1.4//lib/libmpi.so.40(ompi_group_allocate+0x17)[0x7f6ba66ce1e7]
[hydra07:429977] [ 3] /lib/x86_64-linux-gnu/libc.so.6(+0x7a468)[0x7f6f0adbf468]
[hydra06:403595] [ 8] /opt/mpi/openmpi-4.1.4//lib/libmpi.so.40(ompi_group_incl_plist+0x65)[0x7f58408a1915]
[hydra08:405244] [ 5] /lib/x86_64-linux-gnu/libc.so.6(+0x8483c)[0x7f458c7e883c]
[hydra09:396062] [ 6] /lib/x86_64-linux-gnu/libc.so.6(__libc_calloc+0x81)[0x7fb53835fbd1]
[hydra02:595422] [ 7] /opt/mpi/openmpi-4.1.4//lib/libmpi.so.40(ompi_group_allocate+0x17)[0x7fa8b6afd1e7]
[hydra10:516381] [ 5] /lib/x86_64-linux-gnu/libc.so.6(+0x8483c)[0x7ffab054a83c]
[hydra04:418916] [ 6] /lib/x86_64-linux-gnu/libc.so.6(__libc_calloc+0x81)[0x7f122c6b5bd1]
[hydra07:429975] [ 6] /lib/x86_64-linux-gnu/libc.so.6(__libc_calloc+0x81)[0x7f3cb5356bd1]
[hydra06:403595] [ 9] /opt/mpi/openmpi-4.1.4//lib/libmpi.so.40(PMPI_Group_incl+0x95)[0x7f58408d2185]
[hydra06:403595] [10] /home/thesis/jheld/MPI_Syrk_implementation/build/src/MPI_SYRK_implementation(+0x841a)[0x56497e33041a]
[hydra08:405243] [ 5] /lib/x86_64-linux-gnu/libc.so.6(+0x8483c)[0x7f67b822983c]
[hydra09:396062] [ 7] /opt/mpi/openmpi-4.1.4//lib/libmpi.so.40(ompi_group_allocate+0x17)[0x7fb53a22d1e7]
[hydra02:595422] [ 8] /opt/mpi/openmpi-4.1.4//lib/libmpi.so.40(ompi_group_incl_plist+0x65)[0x7fa8b6afd915]
[hydra10:516382] [ 5] /lib/x86_64-linux-gnu/libc.so.6(+0x8483c)[0x7f91ad3d583c]
[hydra04:418916] [ 7] /opt/mpi/openmpi-4.1.4//lib/libmpi.so.40(ompi_group_allocate+0x17)[0x7f122e5831e7]
[hydra07:429975] [ 7] /opt/mpi/openmpi-4.1.4//lib/libmpi.so.40(ompi_group_allocate+0x17)[0x7f3cb72241e7]
[hydra06:403595] [11] /home/thesis/jheld/MPI_Syrk_implementation/build/src/MPI_SYRK_implementation(+0x2ab0)[0x56497e32aab0]
[hydra08:405244] [ 6] /lib/x86_64-linux-gnu/libc.so.6(__libc_calloc+0x81)[0x7f458c7eabd1]
[hydra09:396062] [ 8] /opt/mpi/openmpi-4.1.4//lib/libmpi.so.40(ompi_group_incl_plist+0x65)[0x7fb53a22d915]
[hydra02:595422] [ 9] /opt/mpi/openmpi-4.1.4//lib/libmpi.so.40(PMPI_Group_incl+0x95)[0x7fa8b6b2e185]
[hydra02:595422] [10] /home/thesis/jheld/MPI_Syrk_implementation/build/src/MPI_SYRK_implementation(+0x841a)[0x55ae093f841a]
[hydra10:516381] [ 6] /lib/x86_64-linux-gnu/libc.so.6(__libc_calloc+0x81)[0x7ffab054cbd1]
[hydra04:418917] [ 8] /opt/mpi/openmpi-4.1.4//lib/libmpi.so.40(ompi_group_incl_plist+0x65)[0x7f6ba66ce915]
[hydra07:429977] [ 4] /lib/x86_64-linux-gnu/libc.so.6(+0x8175a)[0x7f6f0adc675a]
[hydra06:403595] [12] /lib/x86_64-linux-gnu/libc.so.6(__libc_start_main+0xea)[0x7f583e970d7a]
[hydra08:405244] [ 7] /opt/mpi/openmpi-4.1.4//lib/libmpi.so.40(ompi_group_allocate+0x17)[0x7f458e6b81e7]
[hydra09:396062] [ 9] /opt/mpi/openmpi-4.1.4//lib/libmpi.so.40(PMPI_Group_incl+0x95)[0x7fb53a25e185]
[hydra02:595422] [11] /home/thesis/jheld/MPI_Syrk_implementation/build/src/MPI_SYRK_implementation(+0x2ab0)[0x55ae093f2ab0]
[hydra10:516382] [ 6] /lib/x86_64-linux-gnu/libc.so.6(__libc_calloc+0x81)[0x7f91ad3d7bd1]
[hydra04:418916] [ 8] /opt/mpi/openmpi-4.1.4//lib/libmpi.so.40(ompi_group_incl_plist+0x65)[0x7f122e583915]
[hydra07:429975] [ 8] /opt/mpi/openmpi-4.1.4//lib/libmpi.so.40(ompi_group_incl_plist+0x65)[0x7f3cb7224915]
[hydra06:403595] [13] /home/thesis/jheld/MPI_Syrk_implementation/build/src/MPI_SYRK_implementation(+0x232a)[0x56497e32a32a]
[hydra06:403595] *** End of error message ***
[hydra08:405243] [ 6] /lib/x86_64-linux-gnu/libc.so.6(__libc_calloc+0x81)[0x7f67b822bbd1]
[hydra09:396062] [10] /home/thesis/jheld/MPI_Syrk_implementation/build/src/MPI_SYRK_implementation(+0x841a)[0x55cb4c01d41a]
[hydra09:396062] [11] /home/thesis/jheld/MPI_Syrk_implementation/build/src/MPI_SYRK_implementation(+0x2ab0)[0x55cb4c017ab0]
[hydra02:595422] [12] /lib/x86_64-linux-gnu/libc.so.6(__libc_start_main+0xea)[0x7fa8b4bccd7a]
[hydra10:516381] [ 7] /opt/mpi/openmpi-4.1.4//lib/libmpi.so.40(ompi_group_allocate+0x17)[0x7ffab241a1e7]
[hydra04:418917] [ 9] /opt/mpi/openmpi-4.1.4//lib/libmpi.so.40(PMPI_Group_incl+0x95)[0x7f6ba66ff185]
[hydra04:418917] [10] /home/thesis/jheld/MPI_Syrk_implementation/build/src/MPI_SYRK_implementation(+0x841a)[0x55d7d4b7341a]
[hydra04:418917] [11] /home/thesis/jheld/MPI_Syrk_implementation/build/src/MPI_SYRK_implementation(+0x2ab0)[0x55d7d4b6dab0]
[hydra07:429977] [ 5] /lib/x86_64-linux-gnu/libc.so.6(+0x8483c)[0x7f6f0adc983c]
[hydra08:405244] [ 8] /opt/mpi/openmpi-4.1.4//lib/libmpi.so.40(ompi_group_incl_plist+0x65)[0x7f458e6b8915]
[hydra09:396062] [12] /lib/x86_64-linux-gnu/libc.so.6(__libc_start_main+0xea)[0x7fb5382fcd7a]
[hydra09:396062] [13] /home/thesis/jheld/MPI_Syrk_implementation/build/src/MPI_SYRK_implementation(+0x232a)[0x55cb4c01732a]
[hydra02:595422] [13] /home/thesis/jheld/MPI_Syrk_implementation/build/src/MPI_SYRK_implementation(+0x232a)[0x55ae093f232a]
[hydra02:595422] *** End of error message ***
[hydra10:516382] [ 7] /opt/mpi/openmpi-4.1.4//lib/libmpi.so.40(ompi_group_allocate+0x17)[0x7f91af2a51e7]
[hydra07:429975] [ 9] /opt/mpi/openmpi-4.1.4//lib/libmpi.so.40(PMPI_Group_incl+0x95)[0x7f3cb7255185]
[hydra08:405243] [ 7] /opt/mpi/openmpi-4.1.4//lib/libmpi.so.40(ompi_group_allocate+0x17)[0x7f67ba0f91e7]
[hydra09:396062] *** End of error message ***
[hydra10:516381] [ 8] /opt/mpi/openmpi-4.1.4//lib/libmpi.so.40(ompi_group_incl_plist+0x65)[0x7ffab241a915]
[hydra07:429975] [10] /home/thesis/jheld/MPI_Syrk_implementation/build/src/MPI_SYRK_implementation(+0x841a)[0x5595fce5741a]
[hydra07:429975] [11] /home/thesis/jheld/MPI_Syrk_implementation/build/src/MPI_SYRK_implementation(+0x2ab0)[0x5595fce51ab0]
[hydra08:405243] [ 8] /opt/mpi/openmpi-4.1.4//lib/libmpi.so.40(ompi_group_incl_plist+0x65)[0x7f67ba0f9915]
[hydra10:516382] [ 8] /opt/mpi/openmpi-4.1.4//lib/libmpi.so.40(ompi_group_incl_plist+0x65)[0x7f91af2a5915]
[hydra07:429977] [ 6] /lib/x86_64-linux-gnu/libc.so.6(__libc_calloc+0x81)[0x7f6f0adcbbd1]
[hydra07:429975] [12] /lib/x86_64-linux-gnu/libc.so.6(__libc_start_main+0xea)[0x7f3cb52f3d7a]
[hydra07:429977] [ 7] /opt/mpi/openmpi-4.1.4//lib/libmpi.so.40(ompi_group_allocate+0x17)[0x7f6f0cc991e7]
[hydra07:429975] [13] /home/thesis/jheld/MPI_Syrk_implementation/build/src/MPI_SYRK_implementation(+0x232a)[0x5595fce5132a]
[hydra07:429975] *** End of error message ***
[hydra12:383215] [12] /lib/x86_64-linux-gnu/libc.so.6(__libc_start_main+0xea)[0x7fb123029d7a]
[hydra12:383215] [13] /home/thesis/jheld/MPI_Syrk_implementation/build/src/MPI_SYRK_implementation(+0x232a)[0x559acc6b132a]
[hydra04:418916] [ 9] /opt/mpi/openmpi-4.1.4//lib/libmpi.so.40(PMPI_Group_incl+0x95)[0x7f122e5b4185]
[hydra12:383214] [ 9] /opt/mpi/openmpi-4.1.4//lib/libmpi.so.40(PMPI_Group_incl+0x95)[0x7fa49acb1185]
[hydra04:418916] [10] /home/thesis/jheld/MPI_Syrk_implementation/build/src/MPI_SYRK_implementation(+0x841a)[0x5571155ec41a]
[hydra04:418916] [11] /home/thesis/jheld/MPI_Syrk_implementation/build/src/MPI_SYRK_implementation(+0x2ab0)[0x5571155e6ab0]
[hydra07:429977] [ 8] /opt/mpi/openmpi-4.1.4//lib/libmpi.so.40(ompi_group_incl_plist+0x65)[0x7f6f0cc99915]
[hydra12:383215] *** End of error message ***
[hydra04:418917] [12] /lib/x86_64-linux-gnu/libc.so.6(__libc_start_main+0xea)[0x7f6ba479dd7a]
[hydra04:418917] [13] /home/thesis/jheld/MPI_Syrk_implementation/build/src/MPI_SYRK_implementation(+0x232a)[0x55d7d4b6d32a]
[hydra04:418917] *** End of error message ***
[hydra07:429977] [ 9] /opt/mpi/openmpi-4.1.4//lib/libmpi.so.40(PMPI_Group_incl+0x95)[0x7f6f0ccca185]
[hydra11:383312] [ 3] /lib/x86_64-linux-gnu/libc.so.6(+0x7a468)[0x7fc6ce6c1468]
[hydra08:405244] [ 9] /opt/mpi/openmpi-4.1.4//lib/libmpi.so.40(PMPI_Group_incl+0x95)[0x7f458e6e9185]
[hydra08:405244] [10] /home/thesis/jheld/MPI_Syrk_implementation/build/src/MPI_SYRK_implementation(+0x841a)[0x55fcc2a0941a]
[hydra08:405244] [11] /home/thesis/jheld/MPI_Syrk_implementation/build/src/MPI_SYRK_implementation(+0x2ab0)[0x55fcc2a03ab0]
[hydra12:383214] [10] /home/thesis/jheld/MPI_Syrk_implementation/build/src/MPI_SYRK_implementation(+0x841a)[0x5624c872b41a]
[hydra12:383214] [11] /home/thesis/jheld/MPI_Syrk_implementation/build/src/MPI_SYRK_implementation(+0x2ab0)[0x5624c8725ab0]
[hydra04:418916] [12] /lib/x86_64-linux-gnu/libc.so.6(__libc_start_main+0xea)[0x7f122c652d7a]
[hydra04:418916] [13] /home/thesis/jheld/MPI_Syrk_implementation/build/src/MPI_SYRK_implementation(+0x232a)[0x5571155e632a]
[hydra04:418916] *** End of error message ***
[hydra07:429977] [10] /home/thesis/jheld/MPI_Syrk_implementation/build/src/MPI_SYRK_implementation(+0x841a)[0x55d74ebe141a]
[hydra07:429977] [11] /home/thesis/jheld/MPI_Syrk_implementation/build/src/MPI_SYRK_implementation(+0x2ab0)[0x55d74ebdbab0]
[hydra11:383312] [ 4] /lib/x86_64-linux-gnu/libc.so.6(+0x8175a)[0x7fc6ce6c875a]
[hydra08:405243] [ 9] /opt/mpi/openmpi-4.1.4//lib/libmpi.so.40(PMPI_Group_incl+0x95)[0x7f67ba12a185]
[hydra08:405243] [10] /home/thesis/jheld/MPI_Syrk_implementation/build/src/MPI_SYRK_implementation(+0x841a)[0x557697c4241a]
[hydra08:405243] [11] /home/thesis/jheld/MPI_Syrk_implementation/build/src/MPI_SYRK_implementation(+0x2ab0)[0x557697c3cab0]
[hydra12:383214] [12] /lib/x86_64-linux-gnu/libc.so.6(__libc_start_main+0xea)[0x7fa498d4fd7a]
[hydra12:383214] [13] /home/thesis/jheld/MPI_Syrk_implementation/build/src/MPI_SYRK_implementation(+0x232a)[0x5624c872532a]
[hydra07:429977] [12] /lib/x86_64-linux-gnu/libc.so.6(__libc_start_main+0xea)[0x7f6f0ad68d7a]
[hydra11:383312] [ 5] /lib/x86_64-linux-gnu/libc.so.6(+0x8483c)[0x7fc6ce6cb83c]
[hydra08:405244] [12] /lib/x86_64-linux-gnu/libc.so.6(__libc_start_main+0xea)[0x7f458c787d7a]
[hydra08:405244] [13] /home/thesis/jheld/MPI_Syrk_implementation/build/src/MPI_SYRK_implementation(+0x232a)[0x55fcc2a0332a]
[hydra08:405244] *** End of error message ***
[hydra12:383214] *** End of error message ***
[hydra07:429977] [13] /home/thesis/jheld/MPI_Syrk_implementation/build/src/MPI_SYRK_implementation(+0x232a)[0x55d74ebdb32a]
[hydra07:429977] *** End of error message ***
[hydra11:383312] [ 6] /lib/x86_64-linux-gnu/libc.so.6(__libc_calloc+0x81)[0x7fc6ce6cdbd1]
[hydra08:405243] [12] /lib/x86_64-linux-gnu/libc.so.6(__libc_start_main+0xea)[0x7f67b81c8d7a]
[hydra08:405243] [13] /home/thesis/jheld/MPI_Syrk_implementation/build/src/MPI_SYRK_implementation(+0x232a)[0x557697c3c32a]
[hydra08:405243] *** End of error message ***
[hydra11:383312] [ 7] /opt/mpi/openmpi-4.1.4//lib/libmpi.so.40(ompi_group_allocate+0x17)[0x7fc6d059b1e7]
[hydra11:383312] [ 8] /opt/mpi/openmpi-4.1.4//lib/libmpi.so.40(ompi_group_incl_plist+0x65)[0x7fc6d059b915]
[hydra11:383312] [ 9] /opt/mpi/openmpi-4.1.4//lib/libmpi.so.40(PMPI_Group_incl+0x95)[0x7fc6d05cc185]
[hydra11:383312] [10] /home/thesis/jheld/MPI_Syrk_implementation/build/src/MPI_SYRK_implementation(+0x841a)[0x55cfbc9e041a]
[hydra10:516381] [ 9] /opt/mpi/openmpi-4.1.4//lib/libmpi.so.40(PMPI_Group_incl+0x95)[0x7ffab244b185]
[hydra11:383312] [11] /home/thesis/jheld/MPI_Syrk_implementation/build/src/MPI_SYRK_implementation(+0x2ab0)[0x55cfbc9daab0]
[hydra10:516382] [ 9] /opt/mpi/openmpi-4.1.4//lib/libmpi.so.40(PMPI_Group_incl+0x95)[0x7f91af2d6185]
[hydra10:516382] [10] /home/thesis/jheld/MPI_Syrk_implementation/build/src/MPI_SYRK_implementation(+0x841a)[0x55b426fbd41a]
[hydra10:516382] [11] /home/thesis/jheld/MPI_Syrk_implementation/build/src/MPI_SYRK_implementation(+0x2ab0)[0x55b426fb7ab0]
[hydra11:383312] [12] /lib/x86_64-linux-gnu/libc.so.6(__libc_start_main+0xea)[0x7fc6ce66ad7a]
[hydra11:383312] [13] /home/thesis/jheld/MPI_Syrk_implementation/build/src/MPI_SYRK_implementation(+0x232a)[0x55cfbc9da32a]
[hydra10:516381] [10] /home/thesis/jheld/MPI_Syrk_implementation/build/src/MPI_SYRK_implementation(+0x841a)[0x5604dc05241a]
[hydra10:516381] [11] /home/thesis/jheld/MPI_Syrk_implementation/build/src/MPI_SYRK_implementation(+0x2ab0)[0x5604dc04cab0]
[hydra11:383312] *** End of error message ***
[hydra10:516382] [12] /lib/x86_64-linux-gnu/libc.so.6(__libc_start_main+0xea)[0x7f91ad374d7a]
[hydra10:516382] [13] /home/thesis/jheld/MPI_Syrk_implementation/build/src/MPI_SYRK_implementation(+0x232a)[0x55b426fb732a]
[hydra10:516382] *** End of error message ***
[hydra10:516381] [12] /lib/x86_64-linux-gnu/libc.so.6(__libc_start_main+0xea)[0x7ffab04e9d7a]
[hydra10:516381] [13] /home/thesis/jheld/MPI_Syrk_implementation/build/src/MPI_SYRK_implementation(+0x232a)[0x5604dc04c32a]
[hydra10:516381] *** End of error message ***
srun: error: hydra06: task 15: Aborted
srun: error: hydra09: task 26: Aborted
srun: error: hydra02: task 5: Aborted
srun: error: hydra01: task 2: Aborted
srun: error: hydra07: tasks 18,20: Aborted
srun: error: hydra08: tasks 21-22: Aborted
srun: error: hydra11: tasks 30,32: Aborted
srun: error: hydra05: tasks 13-14: Aborted
srun: error: hydra04: tasks 9-10: Aborted
srun: error: hydra10: tasks 28-29: Aborted
srun: error: hydra12: tasks 33-34: Aborted
slurmstepd: error:  mpi/pmix_v4: _errhandler: hydra04 [3]: pmixp_client_v2.c:211: Error handler invoked: status = -61, source = [slurm.pmix.5008705.8:10]
slurmstepd: error: *** STEP 5008705.8 ON hydra01 CANCELLED AT 2025-10-13T15:42:36 ***
slurmstepd: error:  mpi/pmix_v4: _errhandler: hydra01 [0]: pmixp_client_v2.c:211: Error handler invoked: status = -61, source = [slurm.pmix.5008705.8:2]
slurmstepd: error:  mpi/pmix_v4: _errhandler: hydra06 [5]: pmixp_client_v2.c:211: Error handler invoked: status = -61, source = [slurm.pmix.5008705.8:15]
slurmstepd: error:  mpi/pmix_v4: _errhandler: hydra11 [10]: pmixp_client_v2.c:211: Error handler invoked: status = -61, source = [slurm.pmix.5008705.8:32]
slurmstepd: error:  mpi/pmix_v4: _errhandler: hydra12 [11]: pmixp_client_v2.c:211: Error handler invoked: status = -61, source = [slurm.pmix.5008705.8:34]
slurmstepd: error:  mpi/pmix_v4: _errhandler: hydra09 [8]: pmixp_client_v2.c:211: Error handler invoked: status = -61, source = [slurm.pmix.5008705.8:26]
slurmstepd: error:  mpi/pmix_v4: _errhandler: hydra05 [4]: pmixp_client_v2.c:211: Error handler invoked: status = -61, source = [slurm.pmix.5008705.8:14]
slurmstepd: error:  mpi/pmix_v4: _errhandler: hydra02 [1]: pmixp_client_v2.c:211: Error handler invoked: status = -61, source = [slurm.pmix.5008705.8:5]
slurmstepd: error:  mpi/pmix_v4: _errhandler: hydra08 [7]: pmixp_client_v2.c:211: Error handler invoked: status = -61, source = [slurm.pmix.5008705.8:22]
srun: Job step aborted: Waiting up to 32 seconds for job step to finish.
slurmstepd: error:  mpi/pmix_v4: _errhandler: hydra07 [6]: pmixp_client_v2.c:211: Error handler invoked: status = -61, source = [slurm.pmix.5008705.8:18]
srun: error: hydra10: task 27: Killed
srun: error: hydra08: task 23: Killed
srun: error: hydra11: task 31: Killed
srun: error: hydra04: task 11: Killed
srun: error: hydra07: task 19: Killed
srun: error: hydra12: task 35: Killed
srun: error: hydra05: task 12: Killed
srun: error: hydra09: tasks 24-25: Killed
srun: error: hydra01: tasks 0-1: Killed
srun: error: hydra06: tasks 16-17: Killed
srun: error: hydra02: tasks 3-4: Killed
srun: error: hydra03: tasks 6-8: Killed
⚠️ Warning: No runtime found for run 9
srun: Warning: can't honor --ntasks-per-node set to 1 which doesn't match the requested tasks 36 with the number of requested nodes 12. Ignoring --ntasks-per-node.
missing input file name --> Generate random input
malloc(): invalid size (unsorted)
[hydra01:916126] *** Process received signal ***
[hydra01:916126] Signal: Aborted (6)
[hydra01:916126] Signal code:  (-6)
malloc(): invalid size (unsorted)
[hydra12:383280] *** Process received signal ***
[hydra12:383280] Signal: Aborted (6)
[hydra12:383280] Signal code:  (-6)
malloc(): invalid size (unsorted)
[hydra01:916126] [ 0] /lib/x86_64-linux-gnu/libc.so.6(+0x38de0)[0x7fc966231de0]
[hydra01:916127] *** Process received signal ***
[hydra01:916127] Signal: Aborted (6)
[hydra01:916127] Signal code:  (-6)
[hydra01:916126] [ 1] /lib/x86_64-linux-gnu/libc.so.6(gsignal+0x141)[0x7fc966231d61]
[hydra01:916126] [ 2] /lib/x86_64-linux-gnu/libc.so.6(abort+0x123)[0x7fc96621b537]
malloc(): invalid size (unsorted)
[hydra05:402947] *** Process received signal ***
[hydra05:402947] Signal: Aborted (6)
[hydra05:402947] Signal code:  (-6)
[hydra01:916126] [ 3] /lib/x86_64-linux-gnu/libc.so.6(+0x7a468)[0x7fc966273468]
malloc(): invalid size (unsorted)
[hydra06:403661] *** Process received signal ***
[hydra06:403661] Signal: Aborted (6)
[hydra06:403661] Signal code:  (-6)
malloc(): invalid size (unsorted)
[hydra04:418983] *** Process received signal ***
[hydra04:418983] Signal: Aborted (6)
[hydra04:418983] Signal code:  (-6)
malloc(): invalid size (unsorted)
[hydra02:595499] *** Process received signal ***
[hydra02:595499] Signal: Aborted (6)
[hydra02:595499] Signal code:  (-6)
[hydra01:916126] [ 4] /lib/x86_64-linux-gnu/libc.so.6(+0x8175a)[0x7fc96627a75a]
malloc(): invalid size (unsorted)
malloc(): invalid size (unsorted)
[hydra07:430040] *** Process received signal ***
[hydra07:430040] Signal: Aborted (6)
[hydra07:430040] Signal code:  (-6)
malloc(): invalid size (unsorted)
[hydra03:420278] *** Process received signal ***
[hydra03:420278] Signal: Aborted (6)
[hydra03:420278] Signal code:  (-6)
[hydra01:916127] [ 0] /lib/x86_64-linux-gnu/libc.so.6(+0x38de0)[0x7f3d3c796de0]
[hydra05:402947] [ 0] /lib/x86_64-linux-gnu/libc.so.6(+0x38de0)[0x7f61f614ede0]
malloc(): invalid size (unsorted)
[hydra08:405310] *** Process received signal ***
[hydra08:405310] Signal: Aborted (6)
[hydra08:405310] Signal code:  (-6)
[hydra01:916127] [ 1] /lib/x86_64-linux-gnu/libc.so.6(gsignal+0x141)[0x7f3d3c796d61]
[hydra05:402948] *** Process received signal ***
[hydra01:916126] [ 5] /lib/x86_64-linux-gnu/libc.so.6(+0x8483c)[0x7fc96627d83c]
[hydra05:402947] [ 1] /lib/x86_64-linux-gnu/libc.so.6(gsignal+0x141)[0x7f61f614ed61]
malloc(): invalid size (unsorted)
[hydra12:383279] *** Process received signal ***
[hydra12:383279] Signal: Aborted (6)
[hydra12:383279] Signal code:  (-6)
[hydra01:916127] [ 2] /lib/x86_64-linux-gnu/libc.so.6(abort+0x123)[0x7f3d3c780537]
[hydra05:402948] Signal: Aborted (6)
[hydra05:402948] Signal code:  (-6)
[hydra12:383280] [ 0] /lib/x86_64-linux-gnu/libc.so.6(+0x38de0)[0x7f9439547de0]
malloc(): invalid size (unsorted)
[hydra10:516451] *** Process received signal ***
[hydra10:516451] Signal: Aborted (6)
[hydra10:516451] Signal code:  (-6)
[hydra01:916126] [ 6] /lib/x86_64-linux-gnu/libc.so.6(__libc_calloc+0x81)[0x7fc96627fbd1]
[hydra05:402947] [ 2] /lib/x86_64-linux-gnu/libc.so.6(abort+0x123)[0x7f61f6138537]
[hydra12:383279] [ 0] /lib/x86_64-linux-gnu/libc.so.6(+0x38de0)[0x7f8357437de0]
malloc(): invalid size (unsorted)
[hydra11:383377] *** Process received signal ***
[hydra11:383377] Signal: Aborted (6)
[hydra11:383377] Signal code:  (-6)
[hydra01:916127] [ 3] /lib/x86_64-linux-gnu/libc.so.6(+0x7a468)[0x7f3d3c7d8468]
[hydra05:402947] [ 3] /lib/x86_64-linux-gnu/libc.so.6(+0x7a468)[0x7f61f6190468]
[hydra12:383280] [ 1] /lib/x86_64-linux-gnu/libc.so.6(gsignal+0x141)[0x7f9439547d61]
malloc(): invalid size (unsorted)
[hydra09:396127] *** Process received signal ***
[hydra09:396127] Signal: Aborted (6)
[hydra09:396127] Signal code:  (-6)
[hydra01:916126] [ 7] /opt/mpi/openmpi-4.1.4//lib/libmpi.so.40(ompi_group_allocate+0x17)[0x7fc96814d1e7]
[hydra05:402947] [ 4] /lib/x86_64-linux-gnu/libc.so.6(+0x8175a)[0x7f61f619775a]
[hydra12:383279] [ 1] /lib/x86_64-linux-gnu/libc.so.6(gsignal+0x141)[0x7f8357437d61]
[hydra01:916126] [ 8] /opt/mpi/openmpi-4.1.4//lib/libmpi.so.40(ompi_group_incl_plist+0x65)[0x7fc96814d915]
[hydra05:402948] [ 0] /lib/x86_64-linux-gnu/libc.so.6(+0x38de0)[0x7f6d66fcede0]
[hydra12:383280] [ 2] /lib/x86_64-linux-gnu/libc.so.6(abort+0x123)[0x7f9439531537]
[hydra01:916127] [ 4] /lib/x86_64-linux-gnu/libc.so.6(+0x8175a)[0x7f3d3c7df75a]
[hydra05:402947] [ 5] /lib/x86_64-linux-gnu/libc.so.6(+0x8483c)[0x7f61f619a83c]
[hydra12:383279] [ 2] /lib/x86_64-linux-gnu/libc.so.6(abort+0x123)[0x7f8357421537]
[hydra01:916127] [ 5] /lib/x86_64-linux-gnu/libc.so.6(+0x8483c)[0x7f3d3c7e283c]
[hydra05:402948] [ 1] /lib/x86_64-linux-gnu/libc.so.6(gsignal+0x141)[0x7f6d66fced61]
[hydra12:383280] [ 3] /lib/x86_64-linux-gnu/libc.so.6(+0x7a468)[0x7f9439589468]
[hydra01:916126] [ 9] /opt/mpi/openmpi-4.1.4//lib/libmpi.so.40(PMPI_Group_incl+0x95)[0x7fc96817e185]
[hydra01:916126] [10] /home/thesis/jheld/MPI_Syrk_implementation/build/src/MPI_SYRK_implementation(+0x841a)[0x55b3e361d41a]
[hydra01:916126] [11] /home/thesis/jheld/MPI_Syrk_implementation/build/src/MPI_SYRK_implementation(+0x2ab0)[0x55b3e3617ab0]
[hydra05:402947] [ 6] /lib/x86_64-linux-gnu/libc.so.6(__libc_calloc+0x81)[0x7f61f619cbd1]
[hydra12:383279] [ 3] /lib/x86_64-linux-gnu/libc.so.6(+0x7a468)[0x7f8357479468]
[hydra01:916127] [ 6] /lib/x86_64-linux-gnu/libc.so.6(__libc_calloc+0x81)[0x7f3d3c7e4bd1]
[hydra05:402948] [ 2] /lib/x86_64-linux-gnu/libc.so.6(abort+0x123)[0x7f6d66fb8537]
[hydra12:383280] [ 4] /lib/x86_64-linux-gnu/libc.so.6(+0x8175a)[0x7f943959075a]
malloc(): invalid size (unsorted)
[hydra01:916126] [12] /lib/x86_64-linux-gnu/libc.so.6(__libc_start_main+0xea)[0x7fc96621cd7a]
[hydra01:916126] [13] /home/thesis/jheld/MPI_Syrk_implementation/build/src/MPI_SYRK_implementation(+0x232a)[0x55b3e361732a]
[hydra05:402947] [ 7] /opt/mpi/openmpi-4.1.4//lib/libmpi.so.40(ompi_group_allocate+0x17)[0x7f61f806a1e7]
[hydra12:383279] [ 4] /lib/x86_64-linux-gnu/libc.so.6(+0x8175a)[0x7f835748075a]
[hydra06:403660] *** Process received signal ***
[hydra01:916126] *** End of error message ***
[hydra05:402947] [ 8] /opt/mpi/openmpi-4.1.4//lib/libmpi.so.40(ompi_group_incl_plist+0x65)[0x7f61f806a915]
[hydra12:383280] [ 5] /lib/x86_64-linux-gnu/libc.so.6(+0x8483c)[0x7f943959383c]
[hydra06:403660] Signal: Aborted (6)
[hydra06:403660] Signal code:  (-6)
[hydra01:916127] [ 7] /opt/mpi/openmpi-4.1.4//lib/libmpi.so.40(ompi_group_allocate+0x17)[0x7f3d3e6b21e7]
[hydra05:402948] [ 3] /lib/x86_64-linux-gnu/libc.so.6(+0x7a468)[0x7f6d67010468]
[hydra12:383280] [ 6] /lib/x86_64-linux-gnu/libc.so.6(__libc_calloc+0x81)[0x7f9439595bd1]
[hydra06:403661] [ 0] /lib/x86_64-linux-gnu/libc.so.6(+0x38de0)[0x7fd8b7bcede0]
malloc(): invalid size (unsorted)
[hydra02:595500] *** Process received signal ***
[hydra02:595500] Signal: Aborted (6)
[hydra02:595500] Signal code:  (-6)
[hydra01:916127] [ 8] /opt/mpi/openmpi-4.1.4//lib/libmpi.so.40(ompi_group_incl_plist+0x65)[0x7f3d3e6b2915]
[hydra05:402947] [ 9] /opt/mpi/openmpi-4.1.4//lib/libmpi.so.40(PMPI_Group_incl+0x95)[0x7f61f809b185]
[hydra05:402947] [10] /home/thesis/jheld/MPI_Syrk_implementation/build/src/MPI_SYRK_implementation(+0x841a)[0x5622d434a41a]
[hydra12:383279] [ 5] /lib/x86_64-linux-gnu/libc.so.6(+0x8483c)[0x7f835748383c]
[hydra06:403661] [ 1] /lib/x86_64-linux-gnu/libc.so.6(gsignal+0x141)[0x7fd8b7bced61]
[hydra02:595499] [ 0] /lib/x86_64-linux-gnu/libc.so.6(+0x38de0)[0x7f3527e8ede0]
[hydra07:430040] [ 0] /lib/x86_64-linux-gnu/libc.so.6(+0x38de0)[0x7f720202bde0]
[hydra03:420278] [ 0] /lib/x86_64-linux-gnu/libc.so.6(+0x38de0)[0x7f80db491de0]
[hydra01:916127] [ 9] /opt/mpi/openmpi-4.1.4//lib/libmpi.so.40(PMPI_Group_incl+0x95)[0x7f3d3e6e3185]
[hydra01:916127] [10] /home/thesis/jheld/MPI_Syrk_implementation/build/src/MPI_SYRK_implementation(+0x841a)[0x55636f8af41a]
[hydra01:916127] [11] /home/thesis/jheld/MPI_Syrk_implementation/build/src/MPI_SYRK_implementation(+0x2ab0)[0x55636f8a9ab0]
[hydra05:402948] [ 4] /lib/x86_64-linux-gnu/libc.so.6(+0x8175a)[0x7f6d6701775a]
[hydra12:383280] [ 7] /opt/mpi/openmpi-4.1.4//lib/libmpi.so.40(ompi_group_allocate+0x17)[0x7f943b4631e7]
[hydra06:403661] [ 2] /lib/x86_64-linux-gnu/libc.so.6(abort+0x123)[0x7fd8b7bb8537]
[hydra04:418983] [ 0] /lib/x86_64-linux-gnu/libc.so.6(+0x38de0)[0x7f783b0a3de0]
[hydra02:595500] [ 0] /lib/x86_64-linux-gnu/libc.so.6(+0x38de0)[0x7fa0367b7de0]
[hydra07:430040] [ 1] /lib/x86_64-linux-gnu/libc.so.6(gsignal+0x141)[0x7f720202bd61]
[hydra03:420278] [ 1] /lib/x86_64-linux-gnu/libc.so.6(gsignal+0x141)[0x7f80db491d61]
[hydra01:916127] [12] /lib/x86_64-linux-gnu/libc.so.6(__libc_start_main+0xea)[0x7f3d3c781d7a]
[hydra01:916127] [13] /home/thesis/jheld/MPI_Syrk_implementation/build/src/MPI_SYRK_implementation(+0x232a)[0x55636f8a932a]
[hydra01:916127] *** End of error message ***
[hydra05:402947] [11] /home/thesis/jheld/MPI_Syrk_implementation/build/src/MPI_SYRK_implementation(+0x2ab0)[0x5622d4344ab0]
[hydra12:383279] [ 6] /lib/x86_64-linux-gnu/libc.so.6(__libc_calloc+0x81)[0x7f8357485bd1]
[hydra06:403661] [ 3] /lib/x86_64-linux-gnu/libc.so.6(+0x7a468)[0x7fd8b7c10468]
[hydra08:405310] [ 0] /lib/x86_64-linux-gnu/libc.so.6(+0x38de0)[0x7fd972dc6de0]
[hydra04:418983] [ 1] /lib/x86_64-linux-gnu/libc.so.6(gsignal+0x141)[0x7f783b0a3d61]
[hydra02:595499] [ 1] /lib/x86_64-linux-gnu/libc.so.6(gsignal+0x141)[0x7f3527e8ed61]
[hydra07:430040] [ 2] /lib/x86_64-linux-gnu/libc.so.6(abort+0x123)[0x7f7202015537]
[hydra03:420278] [ 2] /lib/x86_64-linux-gnu/libc.so.6(abort+0x123)[0x7f80db47b537]
[hydra05:402947] [12] /lib/x86_64-linux-gnu/libc.so.6(__libc_start_main+0xea)[0x7f61f6139d7a]
[hydra12:383280] [ 8] /opt/mpi/openmpi-4.1.4//lib/libmpi.so.40(ompi_group_incl_plist+0x65)[0x7f943b463915]
[hydra06:403660] [ 0] /lib/x86_64-linux-gnu/libc.so.6(+0x38de0)[0x7fc473e41de0]
[hydra08:405310] [ 1] /lib/x86_64-linux-gnu/libc.so.6(gsignal+0x141)[0x7fd972dc6d61]
[hydra04:418983] [ 2] /lib/x86_64-linux-gnu/libc.so.6(abort+0x123)[0x7f783b08d537]
[hydra02:595500] [ 1] /lib/x86_64-linux-gnu/libc.so.6(gsignal+0x141)[0x7fa0367b7d61]
[hydra07:430040] [ 3] /lib/x86_64-linux-gnu/libc.so.6(+0x7a468)[0x7f720206d468]
[hydra03:420278] [ 3] /lib/x86_64-linux-gnu/libc.so.6(+0x7a468)[0x7f80db4d3468]
[hydra05:402948] [ 5] /lib/x86_64-linux-gnu/libc.so.6(+0x8483c)[0x7f6d6701a83c]
[hydra12:383279] [ 7] /opt/mpi/openmpi-4.1.4//lib/libmpi.so.40(ompi_group_allocate+0x17)[0x7f83593531e7]
[hydra06:403661] [ 4] /lib/x86_64-linux-gnu/libc.so.6(+0x8175a)[0x7fd8b7c1775a]
[hydra08:405310] [ 2] /lib/x86_64-linux-gnu/libc.so.6(abort+0x123)[0x7fd972db0537]
[hydra04:418983] [ 3] /lib/x86_64-linux-gnu/libc.so.6(+0x7a468)[0x7f783b0e5468]
[hydra09:396127] [ 0] /lib/x86_64-linux-gnu/libc.so.6(+0x38de0)[0x7f924e03ede0]
[hydra02:595499] [ 2] /lib/x86_64-linux-gnu/libc.so.6(abort+0x123)[0x7f3527e78537]
[hydra07:430040] [ 4] /lib/x86_64-linux-gnu/libc.so.6(+0x8175a)[0x7f720207475a]
[hydra03:420278] [ 4] /lib/x86_64-linux-gnu/libc.so.6(+0x8175a)[0x7f80db4da75a]
[hydra05:402947] [13] /home/thesis/jheld/MPI_Syrk_implementation/build/src/MPI_SYRK_implementation(+0x232a)[0x5622d434432a]
[hydra05:402947] *** End of error message ***
[hydra12:383279] [ 8] /opt/mpi/openmpi-4.1.4//lib/libmpi.so.40(ompi_group_incl_plist+0x65)[0x7f8359353915]
[hydra06:403660] [ 1] /lib/x86_64-linux-gnu/libc.so.6(gsignal+0x141)[0x7fc473e41d61]
[hydra08:405310] [ 3] /lib/x86_64-linux-gnu/libc.so.6(+0x7a468)[0x7fd972e08468]
[hydra04:418983] [ 4] /lib/x86_64-linux-gnu/libc.so.6(+0x8175a)[0x7f783b0ec75a]
[hydra09:396127] [ 1] /lib/x86_64-linux-gnu/libc.so.6(gsignal+0x141)[0x7f924e03ed61]
[hydra02:595500] [ 2] /lib/x86_64-linux-gnu/libc.so.6(abort+0x123)[0x7fa0367a1537]
[hydra07:430040] [ 5] /lib/x86_64-linux-gnu/libc.so.6(+0x8483c)[0x7f720207783c]
[hydra03:420278] [ 5] /lib/x86_64-linux-gnu/libc.so.6(+0x8483c)[0x7f80db4dd83c]
[hydra05:402948] [ 6] /lib/x86_64-linux-gnu/libc.so.6(__libc_calloc+0x81)[0x7f6d6701cbd1]
[hydra12:383280] [ 9] /opt/mpi/openmpi-4.1.4//lib/libmpi.so.40(PMPI_Group_incl+0x95)[0x7f943b494185]
[hydra12:383280] [10] /home/thesis/jheld/MPI_Syrk_implementation/build/src/MPI_SYRK_implementation(+0x841a)[0x55868f1e741a]
[hydra12:383280] [11] /home/thesis/jheld/MPI_Syrk_implementation/build/src/MPI_SYRK_implementation(+0x2ab0)[0x55868f1e1ab0]
[hydra06:403661] [ 5] /lib/x86_64-linux-gnu/libc.so.6(+0x8483c)[0x7fd8b7c1a83c]
[hydra08:405310] [ 4] /lib/x86_64-linux-gnu/libc.so.6(+0x8175a)[0x7fd972e0f75a]
[hydra04:418983] [ 5] /lib/x86_64-linux-gnu/libc.so.6(+0x8483c)[0x7f783b0ef83c]
[hydra09:396127] [ 2] /lib/x86_64-linux-gnu/libc.so.6(abort+0x123)[0x7f924e028537]
[hydra02:595499] [ 3] /lib/x86_64-linux-gnu/libc.so.6(+0x7a468)[0x7f3527ed0468]
[hydra07:430040] [ 6] /lib/x86_64-linux-gnu/libc.so.6(__libc_calloc+0x81)[0x7f7202079bd1]
[hydra03:420278] [ 6] /lib/x86_64-linux-gnu/libc.so.6(__libc_calloc+0x81)[0x7f80db4dfbd1]
[hydra05:402948] [ 7] /opt/mpi/openmpi-4.1.4//lib/libmpi.so.40(ompi_group_allocate+0x17)[0x7f6d68eea1e7]
[hydra12:383279] [ 9] /opt/mpi/openmpi-4.1.4//lib/libmpi.so.40(PMPI_Group_incl+0x95)[0x7f8359384185]
[hydra12:383279] [10] /home/thesis/jheld/MPI_Syrk_implementation/build/src/MPI_SYRK_implementation(+0x841a)[0x556cc6a5541a]
[hydra06:403660] [ 2] /lib/x86_64-linux-gnu/libc.so.6(abort+0x123)[0x7fc473e2b537]
[hydra10:516451] [ 0] /lib/x86_64-linux-gnu/libc.so.6(+0x38de0)[0x7f6eade28de0]
[hydra08:405310] [ 5] /lib/x86_64-linux-gnu/libc.so.6(+0x8483c)[0x7fd972e1283c]
[hydra04:418983] [ 6] /lib/x86_64-linux-gnu/libc.so.6(__libc_calloc+0x81)[0x7f783b0f1bd1]
[hydra09:396127] [ 3] /lib/x86_64-linux-gnu/libc.so.6(+0x7a468)[0x7f924e080468]
[hydra02:595500] [ 3] /lib/x86_64-linux-gnu/libc.so.6(+0x7a468)[0x7fa0367f9468]
[hydra07:430040] [ 7] /opt/mpi/openmpi-4.1.4//lib/libmpi.so.40(ompi_group_allocate+0x17)[0x7f7203f471e7]
[hydra11:383377] [ 0] /lib/x86_64-linux-gnu/libc.so.6(+0x38de0)[0x7fc778877de0]
[hydra03:420278] [ 7] /opt/mpi/openmpi-4.1.4//lib/libmpi.so.40(ompi_group_allocate+0x17)[0x7f80dd3ad1e7]
[hydra05:402948] [ 8] /opt/mpi/openmpi-4.1.4//lib/libmpi.so.40(ompi_group_incl_plist+0x65)[0x7f6d68eea915]
[hydra06:403661] [ 6] /lib/x86_64-linux-gnu/libc.so.6(__libc_calloc+0x81)[0x7fd8b7c1cbd1]
[hydra10:516451] [ 1] /lib/x86_64-linux-gnu/libc.so.6(gsignal+0x141)[0x7f6eade28d61]
[hydra08:405310] [ 6] /lib/x86_64-linux-gnu/libc.so.6(__libc_calloc+0x81)[0x7fd972e14bd1]
[hydra04:418983] [ 7] /opt/mpi/openmpi-4.1.4//lib/libmpi.so.40(ompi_group_allocate+0x17)[0x7f783cfbf1e7]
[hydra09:396127] [ 4] /lib/x86_64-linux-gnu/libc.so.6(+0x8175a)[0x7f924e08775a]
[hydra02:595499] [ 4] /lib/x86_64-linux-gnu/libc.so.6(+0x8175a)[0x7f3527ed775a]
[hydra07:430040] [ 8] /opt/mpi/openmpi-4.1.4//lib/libmpi.so.40(ompi_group_incl_plist+0x65)[0x7f7203f47915]
[hydra11:383377] [ 1] /lib/x86_64-linux-gnu/libc.so.6(gsignal+0x141)[0x7fc778877d61]
[hydra03:420278] [ 8] /opt/mpi/openmpi-4.1.4//lib/libmpi.so.40(ompi_group_incl_plist+0x65)[0x7f80dd3ad915]
[hydra05:402948] [ 9] /opt/mpi/openmpi-4.1.4//lib/libmpi.so.40(PMPI_Group_incl+0x95)[0x7f6d68f1b185]
[hydra06:403660] [ 3] /lib/x86_64-linux-gnu/libc.so.6(+0x7a468)[0x7fc473e83468]
[hydra10:516451] [ 2] /lib/x86_64-linux-gnu/libc.so.6(abort+0x123)[0x7f6eade12537]
[hydra08:405310] [ 7] /opt/mpi/openmpi-4.1.4//lib/libmpi.so.40(ompi_group_allocate+0x17)[0x7fd974ce21e7]
[hydra04:418983] [ 8] /opt/mpi/openmpi-4.1.4//lib/libmpi.so.40(ompi_group_incl_plist+0x65)[0x7f783cfbf915]
[hydra09:396127] [ 5] /lib/x86_64-linux-gnu/libc.so.6(+0x8483c)[0x7f924e08a83c]
[hydra02:595500] [ 4] /lib/x86_64-linux-gnu/libc.so.6(+0x8175a)[0x7fa03680075a]
[hydra07:430040] [ 9] /opt/mpi/openmpi-4.1.4//lib/libmpi.so.40(PMPI_Group_incl+0x95)[0x7f7203f78185]
[hydra07:430040] [10] /home/thesis/jheld/MPI_Syrk_implementation/build/src/MPI_SYRK_implementation(+0x841a)[0x559a5bfe741a]
[hydra11:383377] [ 2] /lib/x86_64-linux-gnu/libc.so.6(abort+0x123)[0x7fc778861537]
[hydra03:420278] [ 9] /opt/mpi/openmpi-4.1.4//lib/libmpi.so.40(PMPI_Group_incl+0x95)[0x7f80dd3de185]
[hydra05:402948] [10] /home/thesis/jheld/MPI_Syrk_implementation/build/src/MPI_SYRK_implementation(+0x841a)[0x5580e20f041a]
[hydra05:402948] [11] /home/thesis/jheld/MPI_Syrk_implementation/build/src/MPI_SYRK_implementation(+0x2ab0)[0x5580e20eaab0]
[hydra06:403661] [ 7] /opt/mpi/openmpi-4.1.4//lib/libmpi.so.40(ompi_group_allocate+0x17)[0x7fd8b9aea1e7]
[hydra10:516451] [ 3] /lib/x86_64-linux-gnu/libc.so.6(+0x7a468)[0x7f6eade6a468]
[hydra08:405310] [ 8] /opt/mpi/openmpi-4.1.4//lib/libmpi.so.40(ompi_group_incl_plist+0x65)[0x7fd974ce2915]
[hydra04:418983] [ 9] /opt/mpi/openmpi-4.1.4//lib/libmpi.so.40(PMPI_Group_incl+0x95)[0x7f783cff0185]
[hydra04:418983] [10] /home/thesis/jheld/MPI_Syrk_implementation/build/src/MPI_SYRK_implementation(+0x841a)[0x555d9c02241a]
[hydra09:396127] [ 6] /lib/x86_64-linux-gnu/libc.so.6(__libc_calloc+0x81)[0x7f924e08cbd1]
[hydra02:595499] [ 5] /lib/x86_64-linux-gnu/libc.so.6(+0x8483c)[0x7f3527eda83c]
[hydra07:430040] [11] /home/thesis/jheld/MPI_Syrk_implementation/build/src/MPI_SYRK_implementation(+0x2ab0)[0x559a5bfe1ab0]
[hydra11:383377] [ 3] /lib/x86_64-linux-gnu/libc.so.6(+0x7a468)[0x7fc7788b9468]
[hydra03:420278] [10] /home/thesis/jheld/MPI_Syrk_implementation/build/src/MPI_SYRK_implementation(+0x841a)[0x555768a5d41a]
[hydra03:420278] [11] /home/thesis/jheld/MPI_Syrk_implementation/build/src/MPI_SYRK_implementation(+0x2ab0)[0x555768a57ab0]
[hydra05:402948] [12] /lib/x86_64-linux-gnu/libc.so.6(__libc_start_main+0xea)[0x7f6d66fb9d7a]
[hydra05:402948] [13] /home/thesis/jheld/MPI_Syrk_implementation/build/src/MPI_SYRK_implementation(+0x232a)[0x5580e20ea32a]
[hydra06:403660] [ 4] /lib/x86_64-linux-gnu/libc.so.6(+0x8175a)[0x7fc473e8a75a]
[hydra10:516451] [ 4] /lib/x86_64-linux-gnu/libc.so.6(+0x8175a)[0x7f6eade7175a]
[hydra08:405310] [ 9] /opt/mpi/openmpi-4.1.4//lib/libmpi.so.40(PMPI_Group_incl+0x95)[0x7fd974d13185]
[hydra04:418983] [11] /home/thesis/jheld/MPI_Syrk_implementation/build/src/MPI_SYRK_implementation(+0x2ab0)[0x555d9c01cab0]
[hydra09:396127] [ 7] /opt/mpi/openmpi-4.1.4//lib/libmpi.so.40(ompi_group_allocate+0x17)[0x7f924ff5a1e7]
[hydra02:595500] [ 5] /lib/x86_64-linux-gnu/libc.so.6(+0x8483c)[0x7fa03680383c]
[hydra07:430040] [12] /lib/x86_64-linux-gnu/libc.so.6(__libc_start_main+0xea)[0x7f7202016d7a]
[hydra07:430040] [13] /home/thesis/jheld/MPI_Syrk_implementation/build/src/MPI_SYRK_implementation(+0x232a)[0x559a5bfe132a]
[hydra11:383377] [ 4] /lib/x86_64-linux-gnu/libc.so.6(+0x8175a)[0x7fc7788c075a]
[hydra03:420278] [12] /lib/x86_64-linux-gnu/libc.so.6(__libc_start_main+0xea)[0x7f80db47cd7a]
[hydra03:420278] [13] /home/thesis/jheld/MPI_Syrk_implementation/build/src/MPI_SYRK_implementation(+0x232a)[0x555768a5732a]
[hydra05:402948] *** End of error message ***
[hydra06:403661] [ 8] /opt/mpi/openmpi-4.1.4//lib/libmpi.so.40(ompi_group_incl_plist+0x65)[0x7fd8b9aea915]
[hydra10:516451] [ 5] /lib/x86_64-linux-gnu/libc.so.6(+0x8483c)[0x7f6eade7483c]
[hydra08:405310] [10] /home/thesis/jheld/MPI_Syrk_implementation/build/src/MPI_SYRK_implementation(+0x841a)[0x5584432ba41a]
[hydra08:405310] [11] /home/thesis/jheld/MPI_Syrk_implementation/build/src/MPI_SYRK_implementation(+0x2ab0)[0x5584432b4ab0]
[hydra04:418983] [12] /lib/x86_64-linux-gnu/libc.so.6(__libc_start_main+0xea)[0x7f783b08ed7a]
[hydra04:418983] [13] /home/thesis/jheld/MPI_Syrk_implementation/build/src/MPI_SYRK_implementation(+0x232a)[0x555d9c01c32a]
[hydra09:396127] [ 8] /opt/mpi/openmpi-4.1.4//lib/libmpi.so.40(ompi_group_incl_plist+0x65)[0x7f924ff5a915]
[hydra02:595499] [ 6] /lib/x86_64-linux-gnu/libc.so.6(__libc_calloc+0x81)[0x7f3527edcbd1]
[hydra07:430040] *** End of error message ***
[hydra11:383377] [ 5] /lib/x86_64-linux-gnu/libc.so.6(+0x8483c)[0x7fc7788c383c]
[hydra03:420278] *** End of error message ***
[hydra06:403660] [ 5] /lib/x86_64-linux-gnu/libc.so.6(+0x8483c)[0x7fc473e8d83c]
[hydra10:516451] [ 6] /lib/x86_64-linux-gnu/libc.so.6(__libc_calloc+0x81)[0x7f6eade76bd1]
[hydra08:405310] [12] /lib/x86_64-linux-gnu/libc.so.6(__libc_start_main+0xea)[0x7fd972db1d7a]
[hydra04:418983] *** End of error message ***
[hydra09:396127] [ 9] /opt/mpi/openmpi-4.1.4//lib/libmpi.so.40(PMPI_Group_incl+0x95)[0x7f924ff8b185]
[hydra02:595500] [ 6] /lib/x86_64-linux-gnu/libc.so.6(__libc_calloc+0x81)[0x7fa036805bd1]
[hydra11:383377] [ 6] /lib/x86_64-linux-gnu/libc.so.6(__libc_calloc+0x81)[0x7fc7788c5bd1]
[hydra06:403661] [ 9] /opt/mpi/openmpi-4.1.4//lib/libmpi.so.40(PMPI_Group_incl+0x95)[0x7fd8b9b1b185]
[hydra06:403661] [10] /home/thesis/jheld/MPI_Syrk_implementation/build/src/MPI_SYRK_implementation(+0x841a)[0x5579f1bd941a]
[hydra06:403661] [11] /home/thesis/jheld/MPI_Syrk_implementation/build/src/MPI_SYRK_implementation(+0x2ab0)[0x5579f1bd3ab0]
[hydra10:516451] [ 7] /opt/mpi/openmpi-4.1.4//lib/libmpi.so.40(ompi_group_allocate+0x17)[0x7f6eafd441e7]
[hydra08:405310] [13] /home/thesis/jheld/MPI_Syrk_implementation/build/src/MPI_SYRK_implementation(+0x232a)[0x5584432b432a]
[hydra08:405310] *** End of error message ***
[hydra09:396127] [10] /home/thesis/jheld/MPI_Syrk_implementation/build/src/MPI_SYRK_implementation(+0x841a)[0x55899ac9f41a]
[hydra09:396127] [11] /home/thesis/jheld/MPI_Syrk_implementation/build/src/MPI_SYRK_implementation(+0x2ab0)[0x55899ac99ab0]
[hydra02:595499] [ 7] /opt/mpi/openmpi-4.1.4//lib/libmpi.so.40(ompi_group_allocate+0x17)[0x7f3529daa1e7]
[hydra11:383377] [ 7] /opt/mpi/openmpi-4.1.4//lib/libmpi.so.40(ompi_group_allocate+0x17)[0x7fc77a7931e7]
[hydra06:403660] [ 6] /lib/x86_64-linux-gnu/libc.so.6(__libc_calloc+0x81)[0x7fc473e8fbd1]
[hydra10:516451] [ 8] /opt/mpi/openmpi-4.1.4//lib/libmpi.so.40(ompi_group_incl_plist+0x65)[0x7f6eafd44915]
[hydra09:396127] [12] /lib/x86_64-linux-gnu/libc.so.6(__libc_start_main+0xea)[0x7f924e029d7a]
[hydra09:396127] [13] /home/thesis/jheld/MPI_Syrk_implementation/build/src/MPI_SYRK_implementation(+0x232a)[0x55899ac9932a]
[hydra02:595500] [ 7] /opt/mpi/openmpi-4.1.4//lib/libmpi.so.40(ompi_group_allocate+0x17)[0x7fa0386d31e7]
[hydra11:383377] [ 8] /opt/mpi/openmpi-4.1.4//lib/libmpi.so.40(ompi_group_incl_plist+0x65)[0x7fc77a793915]
[hydra06:403661] [12] /lib/x86_64-linux-gnu/libc.so.6(__libc_start_main+0xea)[0x7fd8b7bb9d7a]
[hydra06:403661] [13] /home/thesis/jheld/MPI_Syrk_implementation/build/src/MPI_SYRK_implementation(+0x232a)[0x5579f1bd332a]
[hydra06:403661] *** End of error message ***
[hydra10:516451] [ 9] /opt/mpi/openmpi-4.1.4//lib/libmpi.so.40(PMPI_Group_incl+0x95)[0x7f6eafd75185]
[hydra10:516451] [10] /home/thesis/jheld/MPI_Syrk_implementation/build/src/MPI_SYRK_implementation(+0x841a)[0x5579eb71341a]
[hydra09:396127] *** End of error message ***
[hydra02:595499] [ 8] /opt/mpi/openmpi-4.1.4//lib/libmpi.so.40(ompi_group_incl_plist+0x65)[0x7f3529daa915]
[hydra11:383377] [ 9] /opt/mpi/openmpi-4.1.4//lib/libmpi.so.40(PMPI_Group_incl+0x95)[0x7fc77a7c4185]
[hydra11:383377] [10] /home/thesis/jheld/MPI_Syrk_implementation/build/src/MPI_SYRK_implementation(+0x841a)[0x55d12a9ba41a]
[hydra06:403660] [ 7] /opt/mpi/openmpi-4.1.4//lib/libmpi.so.40(ompi_group_allocate+0x17)[0x7fc475d5d1e7]
[hydra10:516451] [11] /home/thesis/jheld/MPI_Syrk_implementation/build/src/MPI_SYRK_implementation(+0x2ab0)[0x5579eb70dab0]
[hydra02:595500] [ 8] /opt/mpi/openmpi-4.1.4//lib/libmpi.so.40(ompi_group_incl_plist+0x65)[0x7fa0386d3915]
[hydra11:383377] [11] /home/thesis/jheld/MPI_Syrk_implementation/build/src/MPI_SYRK_implementation(+0x2ab0)[0x55d12a9b4ab0]
[hydra06:403660] [ 8] /opt/mpi/openmpi-4.1.4//lib/libmpi.so.40(ompi_group_incl_plist+0x65)[0x7fc475d5d915]
[hydra10:516451] [12] /lib/x86_64-linux-gnu/libc.so.6(__libc_start_main+0xea)[0x7f6eade13d7a]
[hydra02:595499] [ 9] /opt/mpi/openmpi-4.1.4//lib/libmpi.so.40(PMPI_Group_incl+0x95)[0x7f3529ddb185]
[hydra02:595499] [10] /home/thesis/jheld/MPI_Syrk_implementation/build/src/MPI_SYRK_implementation(+0x841a)[0x5641fafb341a]
[hydra11:383377] [12] /lib/x86_64-linux-gnu/libc.so.6(__libc_start_main+0xea)[0x7fc778862d7a]
[hydra11:383377] [13] /home/thesis/jheld/MPI_Syrk_implementation/build/src/MPI_SYRK_implementation(+0x232a)[0x55d12a9b432a]
[hydra10:516451] [13] /home/thesis/jheld/MPI_Syrk_implementation/build/src/MPI_SYRK_implementation(+0x232a)[0x5579eb70d32a]
[hydra10:516451] *** End of error message ***
[hydra02:595500] [ 9] /opt/mpi/openmpi-4.1.4//lib/libmpi.so.40(PMPI_Group_incl+0x95)[0x7fa038704185]
[hydra02:595500] [10] /home/thesis/jheld/MPI_Syrk_implementation/build/src/MPI_SYRK_implementation(+0x841a)[0x55baf407441a]
[hydra02:595500] [11] /home/thesis/jheld/MPI_Syrk_implementation/build/src/MPI_SYRK_implementation(+0x2ab0)[0x55baf406eab0]
[hydra11:383377] *** End of error message ***
[hydra02:595499] [11] /home/thesis/jheld/MPI_Syrk_implementation/build/src/MPI_SYRK_implementation(+0x2ab0)[0x5641fafadab0]
[hydra02:595499] [12] /lib/x86_64-linux-gnu/libc.so.6(__libc_start_main+0xea)[0x7f3527e79d7a]
[hydra02:595499] [13] /home/thesis/jheld/MPI_Syrk_implementation/build/src/MPI_SYRK_implementation(+0x232a)[0x5641fafad32a]
[hydra02:595500] [12] /lib/x86_64-linux-gnu/libc.so.6(__libc_start_main+0xea)[0x7fa0367a2d7a]
[hydra02:595500] [13] /home/thesis/jheld/MPI_Syrk_implementation/build/src/MPI_SYRK_implementation(+0x232a)[0x55baf406e32a]
[hydra02:595500] *** End of error message ***
[hydra02:595499] *** End of error message ***
[hydra06:403660] [ 9] /opt/mpi/openmpi-4.1.4//lib/libmpi.so.40(PMPI_Group_incl+0x95)[0x7fc475d8e185]
[hydra06:403660] [10] /home/thesis/jheld/MPI_Syrk_implementation/build/src/MPI_SYRK_implementation(+0x841a)[0x55c035fcc41a]
[hydra06:403660] [11] /home/thesis/jheld/MPI_Syrk_implementation/build/src/MPI_SYRK_implementation(+0x2ab0)[0x55c035fc6ab0]
[hydra12:383280] [12] /lib/x86_64-linux-gnu/libc.so.6(__libc_start_main+0xea)[0x7f9439532d7a]
[hydra12:383280] [13] /home/thesis/jheld/MPI_Syrk_implementation/build/src/MPI_SYRK_implementation(+0x232a)[0x55868f1e132a]
[hydra12:383280] *** End of error message ***
[hydra06:403660] [12] /lib/x86_64-linux-gnu/libc.so.6(__libc_start_main+0xea)[0x7fc473e2cd7a]
[hydra12:383279] [11] /home/thesis/jheld/MPI_Syrk_implementation/build/src/MPI_SYRK_implementation(+0x2ab0)[0x556cc6a4fab0]
[hydra06:403660] [13] /home/thesis/jheld/MPI_Syrk_implementation/build/src/MPI_SYRK_implementation(+0x232a)[0x55c035fc632a]
[hydra06:403660] *** End of error message ***
[hydra12:383279] [12] /lib/x86_64-linux-gnu/libc.so.6(__libc_start_main+0xea)[0x7f8357422d7a]
[hydra12:383279] [13] /home/thesis/jheld/MPI_Syrk_implementation/build/src/MPI_SYRK_implementation(+0x232a)[0x556cc6a4f32a]
[hydra12:383279] *** End of error message ***
srun: error: hydra04: task 11: Aborted
srun: error: hydra09: task 26: Aborted
srun: error: hydra08: task 23: Aborted
srun: error: hydra03: task 7: Aborted
srun: error: hydra07: task 18: Aborted
srun: error: hydra10: task 29: Aborted
srun: error: hydra11: task 30: Aborted
srun: error: hydra01: tasks 1-2: Aborted
srun: error: hydra06: tasks 15-16: Aborted
srun: error: hydra12: tasks 33-34: Aborted
srun: error: hydra02: tasks 3-4: Aborted
srun: error: hydra05: tasks 13-14: Aborted
slurmstepd: error:  mpi/pmix_v4: _errhandler: hydra10 [9]: pmixp_client_v2.c:211: Error handler invoked: status = -61, source = [slurm.pmix.5008705.9:29]
slurmstepd: error:  mpi/pmix_v4: _errhandler: hydra08 [7]: pmixp_client_v2.c:211: Error handler invoked: status = -61, source = [slurm.pmix.5008705.9:23]
slurmstepd: error:  mpi/pmix_v4: _errhandler: hydra04 [3]: pmixp_client_v2.c:211: Error handler invoked: status = -61, source = [slurm.pmix.5008705.9:11]
slurmstepd: error:  mpi/pmix_v4: _errhandler: hydra12 [11]: pmixp_client_v2.c:211: Error handler invoked: status = -61, source = [slurm.pmix.5008705.9:34]
slurmstepd: error:  mpi/pmix_v4: _errhandler: hydra05 [4]: pmixp_client_v2.c:211: Error handler invoked: status = -61, source = [slurm.pmix.5008705.9:13]
slurmstepd: error:  mpi/pmix_v4: _errhandler: hydra09 [8]: pmixp_client_v2.c:211: Error handler invoked: status = -61, source = [slurm.pmix.5008705.9:26]
slurmstepd: error:  mpi/pmix_v4: _errhandler: hydra11 [10]: pmixp_client_v2.c:211: Error handler invoked: status = -61, source = [slurm.pmix.5008705.9:30]
slurmstepd: error:  mpi/pmix_v4: _errhandler: hydra06 [5]: pmixp_client_v2.c:211: Error handler invoked: status = -61, source = [slurm.pmix.5008705.9:16]
slurmstepd: error:  mpi/pmix_v4: _errhandler: hydra01 [0]: pmixp_client_v2.c:211: Error handler invoked: status = -61, source = [slurm.pmix.5008705.9:1]
slurmstepd: error:  mpi/pmix_v4: _errhandler: hydra07 [6]: pmixp_client_v2.c:211: Error handler invoked: status = -61, source = [slurm.pmix.5008705.9:18]
slurmstepd: error:  mpi/pmix_v4: _errhandler: hydra03 [2]: pmixp_client_v2.c:211: Error handler invoked: status = -61, source = [slurm.pmix.5008705.9:7]
slurmstepd: error: *** STEP 5008705.9 ON hydra01 CANCELLED AT 2025-10-13T15:42:38 ***
srun: Job step aborted: Waiting up to 32 seconds for job step to finish.
srun: error: hydra01: task 0: Killed
srun: error: hydra02: task 5: Killed
srun: error: hydra12: task 35: Killed
srun: error: hydra06: task 17: Killed
srun: error: hydra05: task 12: Killed
srun: error: hydra04: tasks 9-10: Killed
srun: error: hydra09: tasks 24-25: Killed
srun: error: hydra11: tasks 31-32: Killed
srun: error: hydra10: tasks 27-28: Killed
srun: error: hydra03: tasks 6,8: Killed
srun: error: hydra08: tasks 21-22: Killed
srun: error: hydra07: tasks 19-20: Killed
⚠️ Warning: No runtime found for run 10
srun: Warning: can't honor --ntasks-per-node set to 1 which doesn't match the requested tasks 36 with the number of requested nodes 12. Ignoring --ntasks-per-node.
missing input file name --> Generate random input
malloc(): invalid size (unsorted)
[hydra12:383349] *** Process received signal ***
[hydra12:383349] Signal: Aborted (6)
[hydra12:383349] Signal code:  (-6)
malloc(): invalid size (unsorted)
[hydra01:916220] *** Process received signal ***
[hydra01:916220] Signal: Aborted (6)
[hydra01:916220] Signal code:  (-6)
malloc(): invalid size (unsorted)
[hydra01:916220] [ 0] /lib/x86_64-linux-gnu/libc.so.6(+0x38de0)[0x7f815d361de0]
[hydra01:916220] [ 1] /lib/x86_64-linux-gnu/libc.so.6(gsignal+0x141)[0x7f815d361d61]
[hydra01:916222] *** Process received signal ***
[hydra01:916222] Signal: Aborted (6)
[hydra01:916222] Signal code:  (-6)
malloc(): invalid size (unsorted)
[hydra05:403015] *** Process received signal ***
[hydra05:403015] Signal: Aborted (6)
[hydra05:403015] Signal code:  (-6)
[hydra01:916220] [ 2] /lib/x86_64-linux-gnu/libc.so.6(abort+0x123)[0x7f815d34b537]
[hydra01:916220] [ 3] /lib/x86_64-linux-gnu/libc.so.6(+0x7a468)[0x7f815d3a3468]
malloc(): invalid size (unsorted)
[hydra02:595583] *** Process received signal ***
[hydra02:595583] Signal: Aborted (6)
[hydra02:595583] Signal code:  (-6)
malloc(): invalid size (unsorted)
[hydra06:403730] *** Process received signal ***
[hydra06:403730] Signal: Aborted (6)
[hydra06:403730] Signal code:  (-6)
[hydra01:916220] [ 4] /lib/x86_64-linux-gnu/libc.so.6(+0x8175a)[0x7f815d3aa75a]
[hydra01:916222] [ 0] /lib/x86_64-linux-gnu/libc.so.6(+0x38de0)[0x7f4e8dbb4de0]
malloc(): invalid size (unsorted)
[hydra04:419050] *** Process received signal ***
[hydra04:419050] Signal: Aborted (6)
[hydra04:419050] Signal code:  (-6)
malloc(): invalid size (unsorted)
[hydra09:396194] *** Process received signal ***
[hydra09:396194] Signal: Aborted (6)
[hydra09:396194] Signal code:  (-6)
malloc(): invalid size (unsorted)
[hydra03:420345] *** Process received signal ***
[hydra03:420345] Signal: Aborted (6)
[hydra03:420345] Signal code:  (-6)
[hydra01:916220] [ 5] /lib/x86_64-linux-gnu/libc.so.6(+0x8483c)[0x7f815d3ad83c]
malloc(): invalid size (unsorted)
[hydra07:430109] *** Process received signal ***
[hydra07:430109] Signal: Aborted (6)
[hydra07:430109] Signal code:  (-6)
malloc(): invalid size (unsorted)
malloc(): invalid size (unsorted)
[hydra08:405378] *** Process received signal ***
[hydra08:405378] Signal: Aborted (6)
[hydra08:405378] Signal code:  (-6)
[hydra01:916222] [ 1] /lib/x86_64-linux-gnu/libc.so.6(gsignal+0x141)[0x7f4e8dbb4d61]
[hydra05:403015] [ 0] /lib/x86_64-linux-gnu/libc.so.6(+0x38de0)[0x7f53d15f8de0]
[hydra01:916220] [ 6] /lib/x86_64-linux-gnu/libc.so.6(__libc_calloc+0x81)[0x7f815d3afbd1]
[hydra05:403016] *** Process received signal ***
malloc(): invalid size (unsorted)
[hydra04:419049] *** Process received signal ***
malloc(): invalid size (unsorted)
[hydra10:516523] *** Process received signal ***
[hydra10:516523] Signal: Aborted (6)
[hydra10:516523] Signal code:  (-6)
[hydra01:916222] [ 2] /lib/x86_64-linux-gnu/libc.so.6(abort+0x123)[0x7f4e8db9e537]
[hydra05:403015] [ 1] /lib/x86_64-linux-gnu/libc.so.6(gsignal+0x141)[0x7f53d15f8d61]
[hydra04:419049] Signal: Aborted (6)
[hydra04:419049] Signal code:  (-6)
[hydra01:916220] [ 7] /opt/mpi/openmpi-4.1.4//lib/libmpi.so.40(ompi_group_allocate+0x17)[0x7f815f27d1e7]
[hydra05:403016] Signal: Aborted (6)
[hydra05:403016] Signal code:  (-6)
[hydra04:419050] [ 0] /lib/x86_64-linux-gnu/libc.so.6(+0x38de0)[0x7f19b50f5de0]
malloc(): invalid size (unsorted)
[hydra11:383445] *** Process received signal ***
[hydra11:383445] Signal: Aborted (6)
[hydra11:383445] Signal code:  (-6)
[hydra01:916222] [ 3] /lib/x86_64-linux-gnu/libc.so.6(+0x7a468)[0x7f4e8dbf6468]
[hydra05:403015] [ 2] /lib/x86_64-linux-gnu/libc.so.6(abort+0x123)[0x7f53d15e2537]
[hydra04:419050] [ 1] /lib/x86_64-linux-gnu/libc.so.6(gsignal+0x141)[0x7f19b50f5d61]
[hydra01:916220] [ 8] /opt/mpi/openmpi-4.1.4//lib/libmpi.so.40(ompi_group_incl_plist+0x65)[0x7f815f27d915]
[hydra05:403015] [ 3] /lib/x86_64-linux-gnu/libc.so.6(+0x7a468)[0x7f53d163a468]
[hydra04:419049] [ 0] /lib/x86_64-linux-gnu/libc.so.6(+0x38de0)[0x7f25fe892de0]
[hydra12:383349] [ 0] /lib/x86_64-linux-gnu/libc.so.6(+0x38de0)[0x7f5a11363de0]
[hydra01:916222] [ 4] /lib/x86_64-linux-gnu/libc.so.6(+0x8175a)[0x7f4e8dbfd75a]
[hydra05:403015] [ 4] /lib/x86_64-linux-gnu/libc.so.6(+0x8175a)[0x7f53d164175a]
[hydra04:419050] [ 2] /lib/x86_64-linux-gnu/libc.so.6(abort+0x123)[0x7f19b50df537]
[hydra12:383349] [ 1] /lib/x86_64-linux-gnu/libc.so.6(gsignal+0x141)[0x7f5a11363d61]
[hydra01:916220] [ 9] /opt/mpi/openmpi-4.1.4//lib/libmpi.so.40(PMPI_Group_incl+0x95)[0x7f815f2ae185]
[hydra01:916220] [10] /home/thesis/jheld/MPI_Syrk_implementation/build/src/MPI_SYRK_implementation(+0x841a)[0x562720f8641a]
[hydra01:916220] [11] /home/thesis/jheld/MPI_Syrk_implementation/build/src/MPI_SYRK_implementation(+0x2ab0)[0x562720f80ab0]
[hydra05:403015] [ 5] /lib/x86_64-linux-gnu/libc.so.6(+0x8483c)[0x7f53d164483c]
[hydra04:419049] [ 1] /lib/x86_64-linux-gnu/libc.so.6(gsignal+0x141)[0x7f25fe892d61]
[hydra12:383349] [ 2] /lib/x86_64-linux-gnu/libc.so.6(abort+0x123)[0x7f5a1134d537]
[hydra01:916222] [ 5] /lib/x86_64-linux-gnu/libc.so.6(+0x8483c)[0x7f4e8dc0083c]
[hydra05:403016] [ 0] /lib/x86_64-linux-gnu/libc.so.6(+0x38de0)[0x7fc2bd310de0]
[hydra04:419050] [ 3] /lib/x86_64-linux-gnu/libc.so.6(+0x7a468)[0x7f19b5137468]
[hydra12:383349] [ 3] /lib/x86_64-linux-gnu/libc.so.6(+0x7a468)[0x7f5a113a5468]
[hydra01:916220] [12] /lib/x86_64-linux-gnu/libc.so.6(__libc_start_main+0xea)[0x7f815d34cd7a]
[hydra01:916220] [13] /home/thesis/jheld/MPI_Syrk_implementation/build/src/MPI_SYRK_implementation(+0x232a)[0x562720f8032a]
[hydra01:916220] *** End of error message ***
[hydra05:403016] [ 1] /lib/x86_64-linux-gnu/libc.so.6(gsignal+0x141)[0x7fc2bd310d61]
[hydra04:419049] [ 2] /lib/x86_64-linux-gnu/libc.so.6(abort+0x123)[0x7f25fe87c537]
[hydra12:383349] [ 4] /lib/x86_64-linux-gnu/libc.so.6(+0x8175a)[0x7f5a113ac75a]
malloc(): invalid size (unsorted)
[hydra01:916222] [ 6] /lib/x86_64-linux-gnu/libc.so.6(__libc_calloc+0x81)[0x7f4e8dc02bd1]
[hydra05:403015] [ 6] /lib/x86_64-linux-gnu/libc.so.6(__libc_calloc+0x81)[0x7f53d1646bd1]
[hydra04:419050] [ 4] /lib/x86_64-linux-gnu/libc.so.6(+0x8175a)[0x7f19b513e75a]
[hydra12:383349] [ 5] /lib/x86_64-linux-gnu/libc.so.6(+0x8483c)[0x7f5a113af83c]
[hydra06:403729] *** Process received signal ***
[hydra06:403729] Signal: Aborted (6)
[hydra06:403729] Signal code:  (-6)
[hydra01:916222] [ 7] /opt/mpi/openmpi-4.1.4//lib/libmpi.so.40(ompi_group_allocate+0x17)[0x7f4e8fad01e7]
[hydra05:403016] [ 2] /lib/x86_64-linux-gnu/libc.so.6(abort+0x123)[0x7fc2bd2fa537]
[hydra04:419049] [ 3] /lib/x86_64-linux-gnu/libc.so.6(+0x7a468)[0x7f25fe8d4468]
[hydra12:383349] [ 6] /lib/x86_64-linux-gnu/libc.so.6(__libc_calloc+0x81)[0x7f5a113b1bd1]
[hydra06:403730] [ 0] /lib/x86_64-linux-gnu/libc.so.6(+0x38de0)[0x7f75eb836de0]
[hydra01:916222] [ 8] /opt/mpi/openmpi-4.1.4//lib/libmpi.so.40(ompi_group_incl_plist+0x65)[0x7f4e8fad0915]
[hydra05:403015] [ 7] /opt/mpi/openmpi-4.1.4//lib/libmpi.so.40(ompi_group_allocate+0x17)[0x7f53d35141e7]
[hydra04:419050] [ 5] /lib/x86_64-linux-gnu/libc.so.6(+0x8483c)[0x7f19b514183c]
[hydra12:383349] [ 7] /opt/mpi/openmpi-4.1.4//lib/libmpi.so.40(ompi_group_allocate+0x17)[0x7f5a1327f1e7]
[hydra06:403730] [ 1] /lib/x86_64-linux-gnu/libc.so.6(gsignal+0x141)[0x7f75eb836d61]
[hydra01:916222] [ 9] /opt/mpi/openmpi-4.1.4//lib/libmpi.so.40(PMPI_Group_incl+0x95)[0x7f4e8fb01185]
[hydra01:916222] [10] /home/thesis/jheld/MPI_Syrk_implementation/build/src/MPI_SYRK_implementation(+0x841a)[0x5590bac7e41a]
[hydra02:595583] [ 0] /lib/x86_64-linux-gnu/libc.so.6(+0x38de0)[0x7f7dd73adde0]
[hydra05:403015] [ 8] /opt/mpi/openmpi-4.1.4//lib/libmpi.so.40(ompi_group_incl_plist+0x65)[0x7f53d3514915]
[hydra04:419049] [ 4] /lib/x86_64-linux-gnu/libc.so.6(+0x8175a)[0x7f25fe8db75a]
malloc(): invalid size (unsorted)
[hydra12:383349] [ 8] /opt/mpi/openmpi-4.1.4//lib/libmpi.so.40(ompi_group_incl_plist+0x65)[0x7f5a1327f915]
[hydra06:403730] [ 2] /lib/x86_64-linux-gnu/libc.so.6(abort+0x123)[0x7f75eb820537]
[hydra01:916222] [11] /home/thesis/jheld/MPI_Syrk_implementation/build/src/MPI_SYRK_implementation(+0x2ab0)[0x5590bac78ab0]
[hydra02:595583] [ 1] /lib/x86_64-linux-gnu/libc.so.6(gsignal+0x141)[0x7f7dd73add61]
[hydra07:430109] [ 0] /lib/x86_64-linux-gnu/libc.so.6(+0x38de0)[0x7f323486dde0]
[hydra05:403016] [ 3] /lib/x86_64-linux-gnu/libc.so.6(+0x7a468)[0x7fc2bd352468]
[hydra04:419050] [ 6] /lib/x86_64-linux-gnu/libc.so.6(__libc_calloc+0x81)[0x7f19b5143bd1]
[hydra09:396194] [ 0] /lib/x86_64-linux-gnu/libc.so.6(+0x38de0)[0x7f5dc53b6de0]
[hydra12:383349] [ 9] /opt/mpi/openmpi-4.1.4//lib/libmpi.so.40(PMPI_Group_incl+0x95)[0x7f5a132b0185]
[hydra06:403729] [ 0] /lib/x86_64-linux-gnu/libc.so.6(+0x38de0)[0x7f1b90c7ade0]
malloc(): invalid size (unsorted)
[hydra11:383446] *** Process received signal ***
[hydra11:383446] Signal: Aborted (6)
[hydra11:383446] Signal code:  (-6)
[hydra03:420345] [ 0] /lib/x86_64-linux-gnu/libc.so.6(+0x38de0)[0x7fa812b2bde0]
[hydra01:916222] [12] /lib/x86_64-linux-gnu/libc.so.6(__libc_start_main+0xea)[0x7f4e8db9fd7a]
[hydra02:595583] [ 2] /lib/x86_64-linux-gnu/libc.so.6(abort+0x123)[0x7f7dd7397537]
[hydra07:430109] [ 1] /lib/x86_64-linux-gnu/libc.so.6(gsignal+0x141)[0x7f323486dd61]
[hydra05:403015] [ 9] /opt/mpi/openmpi-4.1.4//lib/libmpi.so.40(PMPI_Group_incl+0x95)[0x7f53d3545185]
[hydra05:403015] [10] /home/thesis/jheld/MPI_Syrk_implementation/build/src/MPI_SYRK_implementation(+0x841a)[0x55aa9ac7c41a]
[hydra04:419049] [ 5] /lib/x86_64-linux-gnu/libc.so.6(+0x8483c)[0x7f25fe8de83c]
[hydra09:396195] *** Process received signal ***
[hydra12:383349] [10] /home/thesis/jheld/MPI_Syrk_implementation/build/src/MPI_SYRK_implementation(+0x841a)[0x556b1224841a]
[hydra12:383349] [11] /home/thesis/jheld/MPI_Syrk_implementation/build/src/MPI_SYRK_implementation(+0x2ab0)[0x556b12242ab0]
[hydra06:403730] [ 3] /lib/x86_64-linux-gnu/libc.so.6(+0x7a468)[0x7f75eb878468]
[hydra08:405378] [ 0] /lib/x86_64-linux-gnu/libc.so.6(+0x38de0)[0x7feca7abcde0]
[hydra11:383445] [ 0] /lib/x86_64-linux-gnu/libc.so.6(+0x38de0)[0x7f1a8efbede0]
[hydra03:420345] [ 1] /lib/x86_64-linux-gnu/libc.so.6(gsignal+0x141)[0x7fa812b2bd61]
[hydra01:916222] [13] /home/thesis/jheld/MPI_Syrk_implementation/build/src/MPI_SYRK_implementation(+0x232a)[0x5590bac7832a]
[hydra01:916222] *** End of error message ***
[hydra02:595583] [ 3] /lib/x86_64-linux-gnu/libc.so.6(+0x7a468)[0x7f7dd73ef468]
[hydra07:430109] [ 2] /lib/x86_64-linux-gnu/libc.so.6(abort+0x123)[0x7f3234857537]
[hydra05:403016] [ 4] /lib/x86_64-linux-gnu/libc.so.6(+0x8175a)[0x7fc2bd35975a]
[hydra04:419050] [ 7] /opt/mpi/openmpi-4.1.4//lib/libmpi.so.40(ompi_group_allocate+0x17)[0x7f19b70111e7]
[hydra09:396194] [ 1] /lib/x86_64-linux-gnu/libc.so.6(gsignal+0x141)[0x7f5dc53b6d61]
[hydra12:383349] [12] /lib/x86_64-linux-gnu/libc.so.6(__libc_start_main+0xea)[0x7f5a1134ed7a]
[hydra06:403729] [ 1] /lib/x86_64-linux-gnu/libc.so.6(gsignal+0x141)[0x7f1b90c7ad61]
[hydra08:405378] [ 1] /lib/x86_64-linux-gnu/libc.so.6(gsignal+0x141)[0x7feca7abcd61]
[hydra11:383446] [ 0] /lib/x86_64-linux-gnu/libc.so.6(+0x38de0)[0x7fb47f866de0]
[hydra03:420345] [ 2] /lib/x86_64-linux-gnu/libc.so.6(abort+0x123)[0x7fa812b15537]
[hydra02:595583] [ 4] /lib/x86_64-linux-gnu/libc.so.6(+0x8175a)[0x7f7dd73f675a]
[hydra07:430109] [ 3] /lib/x86_64-linux-gnu/libc.so.6(+0x7a468)[0x7f32348af468]
[hydra05:403015] [11] /home/thesis/jheld/MPI_Syrk_implementation/build/src/MPI_SYRK_implementation(+0x2ab0)[0x55aa9ac76ab0]
[hydra04:419050] [ 8] /opt/mpi/openmpi-4.1.4//lib/libmpi.so.40(ompi_group_incl_plist+0x65)[0x7f19b7011915]
[hydra09:396195] Signal: Aborted (6)
[hydra09:396195] Signal code:  (-6)
[hydra12:383349] [13] /home/thesis/jheld/MPI_Syrk_implementation/build/src/MPI_SYRK_implementation(+0x232a)[0x556b1224232a]
[hydra12:383349] *** End of error message ***
[hydra06:403729] [ 2] /lib/x86_64-linux-gnu/libc.so.6(abort+0x123)[0x7f1b90c64537]
[hydra08:405378] [ 2] /lib/x86_64-linux-gnu/libc.so.6(abort+0x123)[0x7feca7aa6537]
[hydra11:383445] [ 1] /lib/x86_64-linux-gnu/libc.so.6(gsignal+0x141)[0x7f1a8efbed61]
[hydra03:420345] [ 3] /lib/x86_64-linux-gnu/libc.so.6(+0x7a468)[0x7fa812b6d468]
[hydra02:595583] [ 5] /lib/x86_64-linux-gnu/libc.so.6(+0x8483c)[0x7f7dd73f983c]
[hydra07:430109] [ 4] /lib/x86_64-linux-gnu/libc.so.6(+0x8175a)[0x7f32348b675a]
[hydra05:403015] [12] /lib/x86_64-linux-gnu/libc.so.6(__libc_start_main+0xea)[0x7f53d15e3d7a]
[hydra04:419049] [ 6] /lib/x86_64-linux-gnu/libc.so.6(__libc_calloc+0x81)[0x7f25fe8e0bd1]
[hydra09:396194] [ 2] /lib/x86_64-linux-gnu/libc.so.6(abort+0x123)[0x7f5dc53a0537]
[hydra06:403730] [ 4] /lib/x86_64-linux-gnu/libc.so.6(+0x8175a)[0x7f75eb87f75a]
[hydra08:405378] [ 3] /lib/x86_64-linux-gnu/libc.so.6(+0x7a468)[0x7feca7afe468]
[hydra11:383446] [ 1] /lib/x86_64-linux-gnu/libc.so.6(gsignal+0x141)[0x7fb47f866d61]
[hydra03:420345] [ 4] /lib/x86_64-linux-gnu/libc.so.6(+0x8175a)[0x7fa812b7475a]
[hydra02:595583] [ 6] /lib/x86_64-linux-gnu/libc.so.6(__libc_calloc+0x81)[0x7f7dd73fbbd1]
[hydra07:430109] [ 5] /lib/x86_64-linux-gnu/libc.so.6(+0x8483c)[0x7f32348b983c]
[hydra05:403016] [ 5] /lib/x86_64-linux-gnu/libc.so.6(+0x8483c)[0x7fc2bd35c83c]
[hydra04:419049] [ 7] /opt/mpi/openmpi-4.1.4//lib/libmpi.so.40(ompi_group_allocate+0x17)[0x7f26007ae1e7]
[hydra09:396194] [ 3] /lib/x86_64-linux-gnu/libc.so.6(+0x7a468)[0x7f5dc53f8468]
[hydra06:403729] [ 3] /lib/x86_64-linux-gnu/libc.so.6(+0x7a468)[0x7f1b90cbc468]
[hydra08:405378] [ 4] /lib/x86_64-linux-gnu/libc.so.6(+0x8175a)[0x7feca7b0575a]
[hydra11:383445] [ 2] /lib/x86_64-linux-gnu/libc.so.6(abort+0x123)[0x7f1a8efa8537]
[hydra03:420345] [ 5] /lib/x86_64-linux-gnu/libc.so.6(+0x8483c)[0x7fa812b7783c]
[hydra02:595583] [ 7] /opt/mpi/openmpi-4.1.4//lib/libmpi.so.40(ompi_group_allocate+0x17)[0x7f7dd92c91e7]
[hydra07:430109] [ 6] /lib/x86_64-linux-gnu/libc.so.6(__libc_calloc+0x81)[0x7f32348bbbd1]
[hydra05:403015] [13] /home/thesis/jheld/MPI_Syrk_implementation/build/src/MPI_SYRK_implementation(+0x232a)[0x55aa9ac7632a]
[hydra05:403015] *** End of error message ***
[hydra04:419050] [ 9] /opt/mpi/openmpi-4.1.4//lib/libmpi.so.40(PMPI_Group_incl+0x95)[0x7f19b7042185]
[hydra04:419050] [10] /home/thesis/jheld/MPI_Syrk_implementation/build/src/MPI_SYRK_implementation(+0x841a)[0x55b42001e41a]
[hydra04:419050] [11] /home/thesis/jheld/MPI_Syrk_implementation/build/src/MPI_SYRK_implementation(+0x2ab0)[0x55b420018ab0]
[hydra09:396194] [ 4] /lib/x86_64-linux-gnu/libc.so.6(+0x8175a)[0x7f5dc53ff75a]
[hydra09:396194] [ 5] /lib/x86_64-linux-gnu/libc.so.6(+0x8483c)[0x7f5dc540283c]
[hydra06:403730] [ 5] /lib/x86_64-linux-gnu/libc.so.6(+0x8483c)[0x7f75eb88283c]
[hydra10:516523] [ 0] /lib/x86_64-linux-gnu/libc.so.6(+0x38de0)[0x7fc1b1e3cde0]
[hydra08:405378] [ 5] /lib/x86_64-linux-gnu/libc.so.6(+0x8483c)[0x7feca7b0883c]
[hydra11:383446] [ 2] /lib/x86_64-linux-gnu/libc.so.6(abort+0x123)[0x7fb47f850537]
[hydra03:420345] [ 6] /lib/x86_64-linux-gnu/libc.so.6(__libc_calloc+0x81)[0x7fa812b79bd1]
[hydra02:595583] [ 8] /opt/mpi/openmpi-4.1.4//lib/libmpi.so.40(ompi_group_incl_plist+0x65)[0x7f7dd92c9915]
[hydra07:430109] [ 7] /opt/mpi/openmpi-4.1.4//lib/libmpi.so.40(ompi_group_allocate+0x17)[0x7f32367891e7]
[hydra05:403016] [ 6] /lib/x86_64-linux-gnu/libc.so.6(__libc_calloc+0x81)[0x7fc2bd35ebd1]
[hydra04:419049] [ 8] /opt/mpi/openmpi-4.1.4//lib/libmpi.so.40(ompi_group_incl_plist+0x65)[0x7f26007ae915]
[hydra09:396195] [ 0] /lib/x86_64-linux-gnu/libc.so.6(+0x38de0)[0x7f13ecf93de0]
[hydra09:396195] [ 1] /lib/x86_64-linux-gnu/libc.so.6(gsignal+0x141)[0x7f13ecf93d61]
[hydra06:403730] [ 6] /lib/x86_64-linux-gnu/libc.so.6(__libc_calloc+0x81)[0x7f75eb884bd1]
[hydra10:516523] [ 1] /lib/x86_64-linux-gnu/libc.so.6(gsignal+0x141)[0x7fc1b1e3cd61]
[hydra08:405378] [ 6] /lib/x86_64-linux-gnu/libc.so.6(__libc_calloc+0x81)[0x7feca7b0abd1]
[hydra11:383446] [ 3] /lib/x86_64-linux-gnu/libc.so.6(+0x7a468)[0x7fb47f8a8468]
[hydra03:420345] [ 7] /opt/mpi/openmpi-4.1.4//lib/libmpi.so.40(ompi_group_allocate+0x17)[0x7fa814a471e7]
[hydra02:595583] [ 9] /opt/mpi/openmpi-4.1.4//lib/libmpi.so.40(PMPI_Group_incl+0x95)[0x7f7dd92fa185]
[hydra02:595583] [10] /home/thesis/jheld/MPI_Syrk_implementation/build/src/MPI_SYRK_implementation(+0x841a)[0x55834917f41a]
[hydra07:430109] [ 8] /opt/mpi/openmpi-4.1.4//lib/libmpi.so.40(ompi_group_incl_plist+0x65)[0x7f3236789915]
[hydra05:403016] [ 7] /opt/mpi/openmpi-4.1.4//lib/libmpi.so.40(ompi_group_allocate+0x17)[0x7fc2bf22c1e7]
[hydra04:419050] [12] /lib/x86_64-linux-gnu/libc.so.6(__libc_start_main+0xea)[0x7f19b50e0d7a]
[hydra04:419050] [13] /home/thesis/jheld/MPI_Syrk_implementation/build/src/MPI_SYRK_implementation(+0x232a)[0x55b42001832a]
[hydra04:419050] *** End of error message ***
[hydra09:396194] [ 6] /lib/x86_64-linux-gnu/libc.so.6(__libc_calloc+0x81)[0x7f5dc5404bd1]
[hydra06:403729] [ 4] /lib/x86_64-linux-gnu/libc.so.6(+0x8175a)[0x7f1b90cc375a]
[hydra10:516523] [ 2] /lib/x86_64-linux-gnu/libc.so.6(abort+0x123)[0x7fc1b1e26537]
[hydra08:405378] [ 7] /opt/mpi/openmpi-4.1.4//lib/libmpi.so.40(ompi_group_allocate+0x17)[0x7feca99d81e7]
[hydra11:383445] [ 3] /lib/x86_64-linux-gnu/libc.so.6(+0x7a468)[0x7f1a8f000468]
[hydra03:420345] [ 8] /opt/mpi/openmpi-4.1.4//lib/libmpi.so.40(ompi_group_incl_plist+0x65)[0x7fa814a47915]
[hydra02:595583] [11] /home/thesis/jheld/MPI_Syrk_implementation/build/src/MPI_SYRK_implementation(+0x2ab0)[0x558349179ab0]
[hydra07:430109] [ 9] /opt/mpi/openmpi-4.1.4//lib/libmpi.so.40(PMPI_Group_incl+0x95)[0x7f32367ba185]
[hydra07:430109] [10] /home/thesis/jheld/MPI_Syrk_implementation/build/src/MPI_SYRK_implementation(+0x841a)[0x5593806d341a]
[hydra05:403016] [ 8] /opt/mpi/openmpi-4.1.4//lib/libmpi.so.40(ompi_group_incl_plist+0x65)[0x7fc2bf22c915]
[hydra04:419049] [ 9] /opt/mpi/openmpi-4.1.4//lib/libmpi.so.40(PMPI_Group_incl+0x95)[0x7f26007df185]
[hydra04:419049] [10] /home/thesis/jheld/MPI_Syrk_implementation/build/src/MPI_SYRK_implementation(+0x841a)[0x55d83935f41a]
[hydra09:396195] [ 2] /lib/x86_64-linux-gnu/libc.so.6(abort+0x123)[0x7f13ecf7d537]
[hydra06:403730] [ 7] /opt/mpi/openmpi-4.1.4//lib/libmpi.so.40(ompi_group_allocate+0x17)[0x7f75ed7521e7]
[hydra10:516523] [ 3] /lib/x86_64-linux-gnu/libc.so.6(+0x7a468)[0x7fc1b1e7e468]
[hydra08:405378] [ 8] /opt/mpi/openmpi-4.1.4//lib/libmpi.so.40(ompi_group_incl_plist+0x65)[0x7feca99d8915]
[hydra11:383445] [ 4] /lib/x86_64-linux-gnu/libc.so.6(+0x8175a)[0x7f1a8f00775a]
[hydra03:420345] [ 9] /opt/mpi/openmpi-4.1.4//lib/libmpi.so.40(PMPI_Group_incl+0x95)[0x7fa814a78185]
[hydra02:595583] [12] /lib/x86_64-linux-gnu/libc.so.6(__libc_start_main+0xea)[0x7f7dd7398d7a]
[hydra02:595583] [13] /home/thesis/jheld/MPI_Syrk_implementation/build/src/MPI_SYRK_implementation(+0x232a)[0x55834917932a]
[hydra07:430109] [11] /home/thesis/jheld/MPI_Syrk_implementation/build/src/MPI_SYRK_implementation(+0x2ab0)[0x5593806cdab0]
[hydra05:403016] [ 9] /opt/mpi/openmpi-4.1.4//lib/libmpi.so.40(PMPI_Group_incl+0x95)[0x7fc2bf25d185]
[hydra05:403016] [10] /home/thesis/jheld/MPI_Syrk_implementation/build/src/MPI_SYRK_implementation(+0x841a)[0x5565344d141a]
[hydra04:419049] [11] /home/thesis/jheld/MPI_Syrk_implementation/build/src/MPI_SYRK_implementation(+0x2ab0)[0x55d839359ab0]
[hydra09:396194] [ 7] /opt/mpi/openmpi-4.1.4//lib/libmpi.so.40(ompi_group_allocate+0x17)[0x7f5dc72d21e7]
[hydra09:396194] [ 8] /opt/mpi/openmpi-4.1.4//lib/libmpi.so.40(ompi_group_incl_plist+0x65)[0x7f5dc72d2915]
[hydra06:403729] [ 5] /lib/x86_64-linux-gnu/libc.so.6(+0x8483c)[0x7f1b90cc683c]
[hydra10:516523] [ 4] /lib/x86_64-linux-gnu/libc.so.6(+0x8175a)[0x7fc1b1e8575a]
[hydra08:405378] [ 9] /opt/mpi/openmpi-4.1.4//lib/libmpi.so.40(PMPI_Group_incl+0x95)[0x7feca9a09185]
[hydra11:383446] [ 4] /lib/x86_64-linux-gnu/libc.so.6(+0x8175a)[0x7fb47f8af75a]
[hydra03:420345] [10] /home/thesis/jheld/MPI_Syrk_implementation/build/src/MPI_SYRK_implementation(+0x841a)[0x55d825e4741a]
[hydra03:420345] [11] /home/thesis/jheld/MPI_Syrk_implementation/build/src/MPI_SYRK_implementation(+0x2ab0)[0x55d825e41ab0]
[hydra02:595583] *** End of error message ***
[hydra07:430109] [12] /lib/x86_64-linux-gnu/libc.so.6(__libc_start_main+0xea)[0x7f3234858d7a]
[hydra07:430109] [13] /home/thesis/jheld/MPI_Syrk_implementation/build/src/MPI_SYRK_implementation(+0x232a)[0x5593806cd32a]
[hydra05:403016] [11] /home/thesis/jheld/MPI_Syrk_implementation/build/src/MPI_SYRK_implementation(+0x2ab0)[0x5565344cbab0]
[hydra04:419049] [12] /lib/x86_64-linux-gnu/libc.so.6(__libc_start_main+0xea)[0x7f25fe87dd7a]
[hydra09:396195] [ 3] /lib/x86_64-linux-gnu/libc.so.6(+0x7a468)[0x7f13ecfd5468]
[hydra06:403730] [ 8] /opt/mpi/openmpi-4.1.4//lib/libmpi.so.40(ompi_group_incl_plist+0x65)[0x7f75ed752915]
[hydra10:516523] [ 5] /lib/x86_64-linux-gnu/libc.so.6(+0x8483c)[0x7fc1b1e8883c]
[hydra08:405378] [10] /home/thesis/jheld/MPI_Syrk_implementation/build/src/MPI_SYRK_implementation(+0x841a)[0x55824654a41a]
[hydra08:405378] [11] /home/thesis/jheld/MPI_Syrk_implementation/build/src/MPI_SYRK_implementation(+0x2ab0)[0x558246544ab0]
[hydra11:383445] [ 5] /lib/x86_64-linux-gnu/libc.so.6(+0x8483c)[0x7f1a8f00a83c]
[hydra03:420345] [12] /lib/x86_64-linux-gnu/libc.so.6(__libc_start_main+0xea)[0x7fa812b16d7a]
[hydra03:420345] [13] /home/thesis/jheld/MPI_Syrk_implementation/build/src/MPI_SYRK_implementation(+0x232a)[0x55d825e4132a]
[hydra07:430109] *** End of error message ***
[hydra05:403016] [12] /lib/x86_64-linux-gnu/libc.so.6(__libc_start_main+0xea)[0x7fc2bd2fbd7a]
[hydra05:403016] [13] /home/thesis/jheld/MPI_Syrk_implementation/build/src/MPI_SYRK_implementation(+0x232a)[0x5565344cb32a]
[hydra04:419049] [13] /home/thesis/jheld/MPI_Syrk_implementation/build/src/MPI_SYRK_implementation(+0x232a)[0x55d83935932a]
[hydra04:419049] *** End of error message ***
[hydra09:396194] [ 9] /opt/mpi/openmpi-4.1.4//lib/libmpi.so.40(PMPI_Group_incl+0x95)[0x7f5dc7303185]
[hydra09:396194] [10] /home/thesis/jheld/MPI_Syrk_implementation/build/src/MPI_SYRK_implementation(+0x841a)[0x563a9e38741a]
[hydra06:403729] [ 6] /lib/x86_64-linux-gnu/libc.so.6(__libc_calloc+0x81)[0x7f1b90cc8bd1]
[hydra10:516523] [ 6] /lib/x86_64-linux-gnu/libc.so.6(__libc_calloc+0x81)[0x7fc1b1e8abd1]
[hydra08:405378] [12] /lib/x86_64-linux-gnu/libc.so.6(__libc_start_main+0xea)[0x7feca7aa7d7a]
[hydra11:383446] [ 5] /lib/x86_64-linux-gnu/libc.so.6(+0x8483c)[0x7fb47f8b283c]
[hydra03:420345] *** End of error message ***
[hydra05:403016] *** End of error message ***
[hydra09:396194] [11] /home/thesis/jheld/MPI_Syrk_implementation/build/src/MPI_SYRK_implementation(+0x2ab0)[0x563a9e381ab0]
[hydra06:403730] [ 9] /opt/mpi/openmpi-4.1.4//lib/libmpi.so.40(PMPI_Group_incl+0x95)[0x7f75ed783185]
[hydra10:516523] [ 7] /opt/mpi/openmpi-4.1.4//lib/libmpi.so.40(ompi_group_allocate+0x17)[0x7fc1b3d581e7]
[hydra08:405378] [13] /home/thesis/jheld/MPI_Syrk_implementation/build/src/MPI_SYRK_implementation(+0x232a)[0x55824654432a]
[hydra08:405378] *** End of error message ***
[hydra11:383445] [ 6] /lib/x86_64-linux-gnu/libc.so.6(__libc_calloc+0x81)[0x7f1a8f00cbd1]
[hydra09:396195] [ 4] /lib/x86_64-linux-gnu/libc.so.6(+0x8175a)[0x7f13ecfdc75a]
[hydra06:403729] [ 7] /opt/mpi/openmpi-4.1.4//lib/libmpi.so.40(ompi_group_allocate+0x17)[0x7f1b92b961e7]
[hydra10:516523] [ 8] /opt/mpi/openmpi-4.1.4//lib/libmpi.so.40(ompi_group_incl_plist+0x65)[0x7fc1b3d58915]
[hydra11:383446] [ 6] /lib/x86_64-linux-gnu/libc.so.6(__libc_calloc+0x81)[0x7fb47f8b4bd1]
[hydra09:396194] [12] /lib/x86_64-linux-gnu/libc.so.6(__libc_start_main+0xea)[0x7f5dc53a1d7a]
[hydra06:403730] [10] /home/thesis/jheld/MPI_Syrk_implementation/build/src/MPI_SYRK_implementation(+0x841a)[0x556673b7d41a]
[hydra06:403730] [11] /home/thesis/jheld/MPI_Syrk_implementation/build/src/MPI_SYRK_implementation(+0x2ab0)[0x556673b77ab0]
[hydra10:516523] [ 9] /opt/mpi/openmpi-4.1.4//lib/libmpi.so.40(PMPI_Group_incl+0x95)[0x7fc1b3d89185]
[hydra11:383445] [ 7] /opt/mpi/openmpi-4.1.4//lib/libmpi.so.40(ompi_group_allocate+0x17)[0x7f1a90eda1e7]
[hydra09:396194] [13] /home/thesis/jheld/MPI_Syrk_implementation/build/src/MPI_SYRK_implementation(+0x232a)[0x563a9e38132a]
[hydra09:396194] *** End of error message ***
[hydra06:403729] [ 8] /opt/mpi/openmpi-4.1.4//lib/libmpi.so.40(ompi_group_incl_plist+0x65)[0x7f1b92b96915]
[hydra10:516523] [10] /home/thesis/jheld/MPI_Syrk_implementation/build/src/MPI_SYRK_implementation(+0x841a)[0x561e1842e41a]
[hydra10:516523] [11] /home/thesis/jheld/MPI_Syrk_implementation/build/src/MPI_SYRK_implementation(+0x2ab0)[0x561e18428ab0]
[hydra11:383446] [ 7] /opt/mpi/openmpi-4.1.4//lib/libmpi.so.40(ompi_group_allocate+0x17)[0x7fb4817821e7]
[hydra09:396195] [ 5] /lib/x86_64-linux-gnu/libc.so.6(+0x8483c)[0x7f13ecfdf83c]
[hydra09:396195] [ 6] /lib/x86_64-linux-gnu/libc.so.6(__libc_calloc+0x81)[0x7f13ecfe1bd1]
[hydra06:403730] [12] /lib/x86_64-linux-gnu/libc.so.6(__libc_start_main+0xea)[0x7f75eb821d7a]
[hydra06:403730] [13] /home/thesis/jheld/MPI_Syrk_implementation/build/src/MPI_SYRK_implementation(+0x232a)[0x556673b7732a]
[hydra10:516523] [12] /lib/x86_64-linux-gnu/libc.so.6(__libc_start_main+0xea)[0x7fc1b1e27d7a]
[hydra11:383445] [ 8] /opt/mpi/openmpi-4.1.4//lib/libmpi.so.40(ompi_group_incl_plist+0x65)[0x7f1a90eda915]
[hydra09:396195] [ 7] /opt/mpi/openmpi-4.1.4//lib/libmpi.so.40(ompi_group_allocate+0x17)[0x7f13eeeaf1e7]
[hydra10:516523] [13] /home/thesis/jheld/MPI_Syrk_implementation/build/src/MPI_SYRK_implementation(+0x232a)[0x561e1842832a]
[hydra10:516523] *** End of error message ***
[hydra11:383446] [ 8] /opt/mpi/openmpi-4.1.4//lib/libmpi.so.40(ompi_group_incl_plist+0x65)[0x7fb481782915]
[hydra09:396195] [ 8] /opt/mpi/openmpi-4.1.4//lib/libmpi.so.40(ompi_group_incl_plist+0x65)[0x7f13eeeaf915]
[hydra11:383445] [ 9] /opt/mpi/openmpi-4.1.4//lib/libmpi.so.40(PMPI_Group_incl+0x95)[0x7f1a90f0b185]
[hydra09:396195] [ 9] /opt/mpi/openmpi-4.1.4//lib/libmpi.so.40(PMPI_Group_incl+0x95)[0x7f13eeee0185]
[hydra09:396195] [10] /home/thesis/jheld/MPI_Syrk_implementation/build/src/MPI_SYRK_implementation(+0x841a)[0x55fa317fe41a]
[hydra11:383446] [ 9] /opt/mpi/openmpi-4.1.4//lib/libmpi.so.40(PMPI_Group_incl+0x95)[0x7fb4817b3185]
[hydra11:383446] [10] /home/thesis/jheld/MPI_Syrk_implementation/build/src/MPI_SYRK_implementation(+0x841a)[0x5622f28c741a]
[hydra11:383446] [11] /home/thesis/jheld/MPI_Syrk_implementation/build/src/MPI_SYRK_implementation(+0x2ab0)[0x5622f28c1ab0]
[hydra09:396195] [11] /home/thesis/jheld/MPI_Syrk_implementation/build/src/MPI_SYRK_implementation(+0x2ab0)[0x55fa317f8ab0]
[hydra11:383445] [10] /home/thesis/jheld/MPI_Syrk_implementation/build/src/MPI_SYRK_implementation(+0x841a)[0x55dac37c741a]
[hydra11:383445] [11] /home/thesis/jheld/MPI_Syrk_implementation/build/src/MPI_SYRK_implementation(+0x2ab0)[0x55dac37c1ab0]
[hydra09:396195] [12] /lib/x86_64-linux-gnu/libc.so.6(__libc_start_main+0xea)[0x7f13ecf7ed7a]
[hydra11:383446] [12] /lib/x86_64-linux-gnu/libc.so.6(__libc_start_main+0xea)[0x7fb47f851d7a]
[hydra09:396195] [13] /home/thesis/jheld/MPI_Syrk_implementation/build/src/MPI_SYRK_implementation(+0x232a)[0x55fa317f832a]
[hydra09:396195] *** End of error message ***
[hydra11:383445] [12] /lib/x86_64-linux-gnu/libc.so.6(__libc_start_main+0xea)[0x7f1a8efa9d7a]
[hydra11:383445] [13] /home/thesis/jheld/MPI_Syrk_implementation/build/src/MPI_SYRK_implementation(+0x232a)[0x55dac37c132a]
[hydra11:383446] [13] /home/thesis/jheld/MPI_Syrk_implementation/build/src/MPI_SYRK_implementation(+0x232a)[0x5622f28c132a]
[hydra11:383446] *** End of error message ***
[hydra11:383445] *** End of error message ***
[hydra06:403730] *** End of error message ***
[hydra06:403729] [ 9] /opt/mpi/openmpi-4.1.4//lib/libmpi.so.40(PMPI_Group_incl+0x95)[0x7f1b92bc7185]
[hydra06:403729] [10] /home/thesis/jheld/MPI_Syrk_implementation/build/src/MPI_SYRK_implementation(+0x841a)[0x55a34abf041a]
[hydra06:403729] [11] /home/thesis/jheld/MPI_Syrk_implementation/build/src/MPI_SYRK_implementation(+0x2ab0)[0x55a34abeaab0]
[hydra06:403729] [12] /lib/x86_64-linux-gnu/libc.so.6(__libc_start_main+0xea)[0x7f1b90c65d7a]
[hydra06:403729] [13] /home/thesis/jheld/MPI_Syrk_implementation/build/src/MPI_SYRK_implementation(+0x232a)[0x55a34abea32a]
[hydra06:403729] *** End of error message ***
srun: error: hydra08: task 23: Aborted
srun: error: hydra12: task 35: Aborted
srun: error: hydra07: task 19: Aborted
srun: error: hydra03: task 6: Aborted
srun: error: hydra02: task 5: Aborted
srun: error: hydra10: task 29: Aborted
srun: error: hydra05: tasks 13-14: Aborted
srun: error: hydra06: tasks 15-16: Aborted
srun: error: hydra11: tasks 30-31: Aborted
srun: error: hydra04: tasks 9-10: Aborted
srun: error: hydra01: tasks 0,2: Aborted
srun: error: hydra09: tasks 25-26: Aborted
slurmstepd: error:  mpi/pmix_v4: _errhandler: hydra12 [11]: pmixp_client_v2.c:211: Error handler invoked: status = -61, source = [slurm.pmix.5008705.10:35]
slurmstepd: error:  mpi/pmix_v4: _errhandler: hydra05 [4]: pmixp_client_v2.c:211: Error handler invoked: status = -61, source = [slurm.pmix.5008705.10:13]
slurmstepd: error:  mpi/pmix_v4: _errhandler: hydra01 [0]: pmixp_client_v2.c:211: Error handler invoked: status = -61, source = [slurm.pmix.5008705.10:2]
slurmstepd: error:  mpi/pmix_v4: _errhandler: hydra07 [6]: pmixp_client_v2.c:211: Error handler invoked: status = -61, source = [slurm.pmix.5008705.10:19]
slurmstepd: error:  mpi/pmix_v4: _errhandler: hydra04 [3]: pmixp_client_v2.c:211: Error handler invoked: status = -61, source = [slurm.pmix.5008705.10:10]
slurmstepd: error:  mpi/pmix_v4: _errhandler: hydra10 [9]: pmixp_client_v2.c:211: Error handler invoked: status = -61, source = [slurm.pmix.5008705.10:29]
slurmstepd: error:  mpi/pmix_v4: _errhandler: hydra02 [1]: pmixp_client_v2.c:211: Error handler invoked: status = -61, source = [slurm.pmix.5008705.10:5]
slurmstepd: error:  mpi/pmix_v4: _errhandler: hydra08 [7]: pmixp_client_v2.c:211: Error handler invoked: status = -61, source = [slurm.pmix.5008705.10:23]
slurmstepd: error:  mpi/pmix_v4: _errhandler: hydra09 [8]: pmixp_client_v2.c:211: Error handler invoked: status = -61, source = [slurm.pmix.5008705.10:26]
slurmstepd: error:  mpi/pmix_v4: _errhandler: hydra11 [10]: pmixp_client_v2.c:211: Error handler invoked: status = -61, source = [slurm.pmix.5008705.10:30]
slurmstepd: error:  mpi/pmix_v4: _errhandler: hydra03 [2]: pmixp_client_v2.c:211: Error handler invoked: status = -61, source = [slurm.pmix.5008705.10:6]
slurmstepd: error: *** STEP 5008705.10 ON hydra01 CANCELLED AT 2025-10-13T15:42:39 ***
srun: Job step aborted: Waiting up to 32 seconds for job step to finish.
srun: error: hydra01: task 1: Killed
srun: error: hydra06: task 17: Killed
srun: error: hydra11: task 32: Killed
srun: error: hydra09: task 24: Killed
srun: error: hydra04: task 11: Killed
srun: error: hydra05: task 12: Killed
srun: error: hydra10: tasks 27-28: Killed
srun: error: hydra07: tasks 18,20: Killed
srun: error: hydra02: tasks 3-4: Killed
srun: error: hydra03: tasks 7-8: Killed
srun: error: hydra12: tasks 33-34: Killed
srun: error: hydra08: tasks 21-22: Killed
⚠️ Warning: No runtime found for run 11
srun: Warning: can't honor --ntasks-per-node set to 1 which doesn't match the requested tasks 36 with the number of requested nodes 12. Ignoring --ntasks-per-node.
missing input file name --> Generate random input
malloc(): invalid size (unsorted)
[hydra01:916315] *** Process received signal ***
[hydra01:916315] Signal: Aborted (6)
[hydra01:916315] Signal code:  (-6)
malloc(): invalid size (unsorted)
[hydra12:383416] *** Process received signal ***
[hydra12:383416] Signal: Aborted (6)
[hydra12:383416] Signal code:  (-6)
[hydra01:916315] [ 0] /lib/x86_64-linux-gnu/libc.so.6(+0x38de0)[0x7f164e456de0]
malloc(): invalid size (unsorted)
[hydra05:403083] *** Process received signal ***
[hydra01:916315] [ 1] /lib/x86_64-linux-gnu/libc.so.6(gsignal+0x141)[0x7f164e456d61]
[hydra01:916315] [ 2] /lib/x86_64-linux-gnu/libc.so.6(abort+0x123)[0x7f164e440537]
malloc(): invalid size (unsorted)
[hydra09:396263] *** Process received signal ***
malloc(): invalid size (unsorted)
[hydra07:430177] *** Process received signal ***
[hydra07:430177] Signal: Aborted (6)
[hydra07:430177] Signal code:  (-6)
[hydra01:916315] [ 3] /lib/x86_64-linux-gnu/libc.so.6(+0x7a468)[0x7f164e498468]
[hydra05:403083] Signal: Aborted (6)
[hydra05:403083] Signal code:  (-6)
malloc(): invalid size (unsorted)
[hydra01:916315] [ 4] /lib/x86_64-linux-gnu/libc.so.6(+0x8175a)[0x7f164e49f75a]
[hydra05:403083] [ 0] /lib/x86_64-linux-gnu/libc.so.6(+0x38de0)[0x7f5da0a7ade0]
malloc(): invalid size (unsorted)
[hydra02:595664] *** Process received signal ***
[hydra02:595664] Signal: Aborted (6)
[hydra02:595664] Signal code:  (-6)
[hydra05:403084] *** Process received signal ***
malloc(): invalid size (unsorted)
[hydra04:419118] *** Process received signal ***
[hydra04:419118] Signal: Aborted (6)
[hydra04:419118] Signal code:  (-6)
[hydra01:916315] [ 5] /lib/x86_64-linux-gnu/libc.so.6(+0x8483c)[0x7f164e4a283c]
[hydra05:403083] [ 1] /lib/x86_64-linux-gnu/libc.so.6(gsignal+0x141)[0x7f5da0a7ad61]
malloc(): invalid size (unsorted)
[hydra06:403797] *** Process received signal ***
[hydra06:403797] Signal: Aborted (6)
[hydra06:403797] Signal code:  (-6)
malloc(): invalid size (unsorted)
[hydra08:405446] *** Process received signal ***
[hydra08:405446] Signal: Aborted (6)
[hydra08:405446] Signal code:  (-6)
[hydra01:916315] [ 6] /lib/x86_64-linux-gnu/libc.so.6(__libc_calloc+0x81)[0x7f164e4a4bd1]
[hydra05:403084] Signal: Aborted (6)
[hydra05:403084] Signal code:  (-6)
[hydra01:916315] [ 7] /opt/mpi/openmpi-4.1.4//lib/libmpi.so.40(ompi_group_allocate+0x17)[0x7f16503721e7]
[hydra05:403083] [ 2] /lib/x86_64-linux-gnu/libc.so.6(abort+0x123)[0x7f5da0a64537]
malloc(): invalid size (unsorted)
[hydra11:383514] *** Process received signal ***
malloc(): invalid size (unsorted)
[hydra12:383415] *** Process received signal ***
[hydra12:383415] Signal: Aborted (6)
[hydra12:383415] Signal code:  (-6)
[hydra05:403083] [ 3] /lib/x86_64-linux-gnu/libc.so.6(+0x7a468)[0x7f5da0abc468]
malloc(): invalid size (unsorted)
[hydra10:516593] *** Process received signal ***
[hydra10:516593] Signal: Aborted (6)
[hydra10:516593] Signal code:  (-6)
[hydra06:403797] [ 0] /lib/x86_64-linux-gnu/libc.so.6(+0x38de0)[0x7f49f898ede0]
[hydra01:916315] [ 8] /opt/mpi/openmpi-4.1.4//lib/libmpi.so.40(ompi_group_incl_plist+0x65)[0x7f1650372915]
[hydra12:383416] [ 0] /lib/x86_64-linux-gnu/libc.so.6(+0x38de0)[0x7f7c6cde6de0]
[hydra05:403083] [ 4] /lib/x86_64-linux-gnu/libc.so.6(+0x8175a)[0x7f5da0ac375a]
[hydra01:916315] [ 9] /opt/mpi/openmpi-4.1.4//lib/libmpi.so.40(PMPI_Group_incl+0x95)[0x7f16503a3185]
[hydra01:916315] [10] /home/thesis/jheld/MPI_Syrk_implementation/build/src/MPI_SYRK_implementation(+0x841a)[0x555fc004741a]
[hydra12:383415] [ 0] /lib/x86_64-linux-gnu/libc.so.6(+0x38de0)[0x7f4b52302de0]
[hydra05:403084] [ 0] /lib/x86_64-linux-gnu/libc.so.6(+0x38de0)[0x7fba683a8de0]
[hydra01:916315] [11] /home/thesis/jheld/MPI_Syrk_implementation/build/src/MPI_SYRK_implementation(+0x2ab0)[0x555fc0041ab0]
[hydra12:383416] [ 1] /lib/x86_64-linux-gnu/libc.so.6(gsignal+0x141)[0x7f7c6cde6d61]
[hydra05:403083] [ 5] /lib/x86_64-linux-gnu/libc.so.6(+0x8483c)[0x7f5da0ac683c]
[hydra11:383514] Signal: Aborted (6)
[hydra11:383514] Signal code:  (-6)
[hydra10:516593] [ 0] /lib/x86_64-linux-gnu/libc.so.6(+0x38de0)[0x7f635070fde0]
[hydra06:403797] [ 1] /lib/x86_64-linux-gnu/libc.so.6(gsignal+0x141)[0x7f49f898ed61]
[hydra01:916315] [12] /lib/x86_64-linux-gnu/libc.so.6(__libc_start_main+0xea)[0x7f164e441d7a]
[hydra01:916315] [13] /home/thesis/jheld/MPI_Syrk_implementation/build/src/MPI_SYRK_implementation(+0x232a)[0x555fc004132a]
[hydra01:916315] *** End of error message ***
[hydra12:383415] [ 1] /lib/x86_64-linux-gnu/libc.so.6(gsignal+0x141)[0x7f4b52302d61]
[hydra05:403084] [ 1] /lib/x86_64-linux-gnu/libc.so.6(gsignal+0x141)[0x7fba683a8d61]
[hydra11:383514] [ 0] /lib/x86_64-linux-gnu/libc.so.6(+0x38de0)[0x7ff2b61ccde0]
[hydra06:403797] [ 2] /lib/x86_64-linux-gnu/libc.so.6(abort+0x123)[0x7f49f8978537]
[hydra12:383416] [ 2] /lib/x86_64-linux-gnu/libc.so.6(abort+0x123)[0x7f7c6cdd0537]
[hydra05:403083] [ 6] /lib/x86_64-linux-gnu/libc.so.6(__libc_calloc+0x81)[0x7f5da0ac8bd1]
[hydra11:383514] [ 1] /lib/x86_64-linux-gnu/libc.so.6(gsignal+0x141)[0x7ff2b61ccd61]
[hydra10:516593] [ 1] /lib/x86_64-linux-gnu/libc.so.6(gsignal+0x141)[0x7f635070fd61]
[hydra06:403797] [ 3] /lib/x86_64-linux-gnu/libc.so.6(+0x7a468)[0x7f49f89d0468]
[hydra12:383415] [ 2] /lib/x86_64-linux-gnu/libc.so.6(abort+0x123)[0x7f4b522ec537]
[hydra05:403084] [ 2] /lib/x86_64-linux-gnu/libc.so.6(abort+0x123)[0x7fba68392537]
[hydra11:383514] [ 2] /lib/x86_64-linux-gnu/libc.so.6(abort+0x123)[0x7ff2b61b6537]
[hydra10:516593] [ 2] /lib/x86_64-linux-gnu/libc.so.6(abort+0x123)[0x7f63506f9537]
[hydra06:403797] [ 4] /lib/x86_64-linux-gnu/libc.so.6(+0x8175a)[0x7f49f89d775a]
malloc(): invalid size (unsorted)
[hydra12:383416] [ 3] /lib/x86_64-linux-gnu/libc.so.6(+0x7a468)[0x7f7c6ce28468]
[hydra05:403083] [ 7] /opt/mpi/openmpi-4.1.4//lib/libmpi.so.40(ompi_group_allocate+0x17)[0x7f5da29961e7]
[hydra11:383514] [ 3] /lib/x86_64-linux-gnu/libc.so.6(+0x7a468)[0x7ff2b620e468]
[hydra10:516593] [ 3] /lib/x86_64-linux-gnu/libc.so.6(+0x7a468)[0x7f6350751468]
[hydra06:403797] [ 5] /lib/x86_64-linux-gnu/libc.so.6(+0x8483c)[0x7f49f89da83c]
[hydra09:396263] Signal: Aborted (6)
[hydra09:396263] Signal code:  (-6)
[hydra07:430178] *** Process received signal ***
[hydra12:383415] [ 3] /lib/x86_64-linux-gnu/libc.so.6(+0x7a468)[0x7f4b52344468]
[hydra05:403084] [ 3] /lib/x86_64-linux-gnu/libc.so.6(+0x7a468)[0x7fba683ea468]
[hydra11:383514] [ 4] /lib/x86_64-linux-gnu/libc.so.6(+0x8175a)[0x7ff2b621575a]
[hydra10:516593] [ 4] /lib/x86_64-linux-gnu/libc.so.6(+0x8175a)[0x7f635075875a]
[hydra06:403797] [ 6] /lib/x86_64-linux-gnu/libc.so.6(__libc_calloc+0x81)[0x7f49f89dcbd1]
[hydra09:396263] [ 0] /lib/x86_64-linux-gnu/libc.so.6(+0x38de0)[0x7f2869849de0]
malloc(): invalid size (unsorted)
[hydra04:419117] *** Process received signal ***
[hydra07:430178] Signal: Aborted (6)
[hydra07:430178] Signal code:  (-6)
[hydra12:383416] [ 4] /lib/x86_64-linux-gnu/libc.so.6(+0x8175a)[0x7f7c6ce2f75a]
[hydra05:403083] [ 8] /opt/mpi/openmpi-4.1.4//lib/libmpi.so.40(ompi_group_incl_plist+0x65)[0x7f5da2996915]
[hydra11:383514] [ 5] /lib/x86_64-linux-gnu/libc.so.6(+0x8483c)[0x7ff2b621883c]
[hydra10:516593] [ 5] /lib/x86_64-linux-gnu/libc.so.6(+0x8483c)[0x7f635075b83c]
malloc(): invalid size (unsorted)
[hydra04:419117] Signal: Aborted (6)
[hydra04:419117] Signal code:  (-6)
[hydra07:430177] [ 0] /lib/x86_64-linux-gnu/libc.so.6(+0x38de0)[0x7f4ddbdffde0]
[hydra12:383415] [ 4] /lib/x86_64-linux-gnu/libc.so.6(+0x8175a)[0x7f4b5234b75a]
[hydra05:403083] [ 9] /opt/mpi/openmpi-4.1.4//lib/libmpi.so.40(PMPI_Group_incl+0x95)[0x7f5da29c7185]
[hydra11:383514] [ 6] /lib/x86_64-linux-gnu/libc.so.6(__libc_calloc+0x81)[0x7ff2b621abd1]
[hydra10:516593] [ 6] /lib/x86_64-linux-gnu/libc.so.6(__libc_calloc+0x81)[0x7f635075dbd1]
[hydra06:403797] [ 7] /opt/mpi/openmpi-4.1.4//lib/libmpi.so.40(ompi_group_allocate+0x17)[0x7f49fa8aa1e7]
[hydra09:396263] [ 1] /lib/x86_64-linux-gnu/libc.so.6(gsignal+0x141)[0x7f2869849d61]
[hydra04:419118] [ 0] /lib/x86_64-linux-gnu/libc.so.6(+0x38de0)[0x7f620ca91de0]
[hydra08:405446] [ 0] /lib/x86_64-linux-gnu/libc.so.6(+0x38de0)[0x7fd922e8ade0]
[hydra07:430177] [ 1] /lib/x86_64-linux-gnu/libc.so.6(gsignal+0x141)[0x7f4ddbdffd61]
[hydra02:595664] [ 0] /lib/x86_64-linux-gnu/libc.so.6(+0x38de0)[0x7fcbff184de0]
[hydra12:383416] [ 5] /lib/x86_64-linux-gnu/libc.so.6(+0x8483c)[0x7f7c6ce3283c]
[hydra05:403084] [ 4] /lib/x86_64-linux-gnu/libc.so.6(+0x8175a)[0x7fba683f175a]
[hydra11:383514] [ 7] /opt/mpi/openmpi-4.1.4//lib/libmpi.so.40(ompi_group_allocate+0x17)[0x7ff2b80e81e7]
[hydra10:516593] [ 7] /opt/mpi/openmpi-4.1.4//lib/libmpi.so.40(ompi_group_allocate+0x17)[0x7f635262b1e7]
[hydra06:403797] [ 8] /opt/mpi/openmpi-4.1.4//lib/libmpi.so.40(ompi_group_incl_plist+0x65)[0x7f49fa8aa915]
[hydra09:396264] *** Process received signal ***
[hydra09:396264] Signal: Aborted (6)
[hydra09:396264] Signal code:  (-6)
[hydra04:419117] [ 0] /lib/x86_64-linux-gnu/libc.so.6(+0x38de0)[0x7f2e82cf5de0]
[hydra08:405446] [ 1] /lib/x86_64-linux-gnu/libc.so.6(gsignal+0x141)[0x7fd922e8ad61]
[hydra07:430177] [ 2] /lib/x86_64-linux-gnu/libc.so.6(abort+0x123)[0x7f4ddbde9537]
[hydra02:595664] [ 1] /lib/x86_64-linux-gnu/libc.so.6(gsignal+0x141)[0x7fcbff184d61]
[hydra12:383415] [ 5] /lib/x86_64-linux-gnu/libc.so.6(+0x8483c)[0x7f4b5234e83c]
[hydra05:403083] [10] /home/thesis/jheld/MPI_Syrk_implementation/build/src/MPI_SYRK_implementation(+0x841a)[0x5611354c941a]
[hydra05:403083] [11] /home/thesis/jheld/MPI_Syrk_implementation/build/src/MPI_SYRK_implementation(+0x2ab0)[0x5611354c3ab0]
[hydra11:383514] [ 8] /opt/mpi/openmpi-4.1.4//lib/libmpi.so.40(ompi_group_incl_plist+0x65)[0x7ff2b80e8915]
[hydra10:516593] [ 8] /opt/mpi/openmpi-4.1.4//lib/libmpi.so.40(ompi_group_incl_plist+0x65)[0x7f635262b915]
[hydra06:403797] [ 9] /opt/mpi/openmpi-4.1.4//lib/libmpi.so.40(PMPI_Group_incl+0x95)[0x7f49fa8db185]
[hydra06:403797] [10] /home/thesis/jheld/MPI_Syrk_implementation/build/src/MPI_SYRK_implementation(+0x841a)[0x55687cff641a]
[hydra09:396263] [ 2] /lib/x86_64-linux-gnu/libc.so.6(abort+0x123)[0x7f2869833537]
[hydra04:419118] [ 1] /lib/x86_64-linux-gnu/libc.so.6(gsignal+0x141)[0x7f620ca91d61]
[hydra08:405446] [ 2] /lib/x86_64-linux-gnu/libc.so.6(abort+0x123)[0x7fd922e74537]
[hydra07:430177] [ 3] /lib/x86_64-linux-gnu/libc.so.6(+0x7a468)[0x7f4ddbe41468]
[hydra02:595664] [ 2] /lib/x86_64-linux-gnu/libc.so.6(abort+0x123)[0x7fcbff16e537]
[hydra12:383416] [ 6] /lib/x86_64-linux-gnu/libc.so.6(__libc_calloc+0x81)[0x7f7c6ce34bd1]
[hydra05:403083] [12] /lib/x86_64-linux-gnu/libc.so.6(__libc_start_main+0xea)[0x7f5da0a65d7a]
[hydra11:383514] [ 9] /opt/mpi/openmpi-4.1.4//lib/libmpi.so.40(PMPI_Group_incl+0x95)[0x7ff2b8119185]
[hydra10:516593] [ 9] /opt/mpi/openmpi-4.1.4//lib/libmpi.so.40(PMPI_Group_incl+0x95)[0x7f635265c185]
[hydra10:516593] [10] /home/thesis/jheld/MPI_Syrk_implementation/build/src/MPI_SYRK_implementation(+0x841a)[0x563ec96b241a]
[hydra06:403797] [11] /home/thesis/jheld/MPI_Syrk_implementation/build/src/MPI_SYRK_implementation(+0x2ab0)[0x55687cff0ab0]
[hydra09:396263] [ 3] /lib/x86_64-linux-gnu/libc.so.6(+0x7a468)[0x7f286988b468]
[hydra04:419118] [ 2] /lib/x86_64-linux-gnu/libc.so.6(abort+0x123)[0x7f620ca7b537]
[hydra08:405446] [ 3] /lib/x86_64-linux-gnu/libc.so.6(+0x7a468)[0x7fd922ecc468]
[hydra07:430178] [ 0] /lib/x86_64-linux-gnu/libc.so.6(+0x38de0)[0x7fe734593de0]
[hydra02:595664] [ 3] /lib/x86_64-linux-gnu/libc.so.6(+0x7a468)[0x7fcbff1c6468]
[hydra12:383416] [ 7] /opt/mpi/openmpi-4.1.4//lib/libmpi.so.40(ompi_group_allocate+0x17)[0x7f7c6ed021e7]
[hydra05:403084] [ 5] /lib/x86_64-linux-gnu/libc.so.6(+0x8483c)[0x7fba683f483c]
[hydra11:383514] [10] /home/thesis/jheld/MPI_Syrk_implementation/build/src/MPI_SYRK_implementation(+0x841a)[0x5624820fc41a]
[hydra11:383514] [11] /home/thesis/jheld/MPI_Syrk_implementation/build/src/MPI_SYRK_implementation(+0x2ab0)[0x5624820f6ab0]
[hydra10:516593] [11] /home/thesis/jheld/MPI_Syrk_implementation/build/src/MPI_SYRK_implementation(+0x2ab0)[0x563ec96acab0]
[hydra06:403797] [12] /lib/x86_64-linux-gnu/libc.so.6(__libc_start_main+0xea)[0x7f49f8979d7a]
[hydra06:403797] [13] /home/thesis/jheld/MPI_Syrk_implementation/build/src/MPI_SYRK_implementation(+0x232a)[0x55687cff032a]
[hydra09:396263] [ 4] /lib/x86_64-linux-gnu/libc.so.6(+0x8175a)[0x7f286989275a]
[hydra04:419117] [ 1] /lib/x86_64-linux-gnu/libc.so.6(gsignal+0x141)[0x7f2e82cf5d61]
[hydra08:405446] [ 4] /lib/x86_64-linux-gnu/libc.so.6(+0x8175a)[0x7fd922ed375a]
[hydra07:430178] [ 1] /lib/x86_64-linux-gnu/libc.so.6(gsignal+0x141)[0x7fe734593d61]
[hydra02:595664] [ 4] /lib/x86_64-linux-gnu/libc.so.6(+0x8175a)[0x7fcbff1cd75a]
[hydra12:383415] [ 6] /lib/x86_64-linux-gnu/libc.so.6(__libc_calloc+0x81)[0x7f4b52350bd1]
[hydra05:403083] [13] /home/thesis/jheld/MPI_Syrk_implementation/build/src/MPI_SYRK_implementation(+0x232a)[0x5611354c332a]
[hydra05:403083] *** End of error message ***
[hydra11:383514] [12] /lib/x86_64-linux-gnu/libc.so.6(__libc_start_main+0xea)[0x7ff2b61b7d7a]
[hydra11:383514] [13] /home/thesis/jheld/MPI_Syrk_implementation/build/src/MPI_SYRK_implementation(+0x232a)[0x5624820f632a]
[hydra10:516593] [12] /lib/x86_64-linux-gnu/libc.so.6(__libc_start_main+0xea)[0x7f63506fad7a]
[hydra06:403797] *** End of error message ***
[hydra09:396263] [ 5] /lib/x86_64-linux-gnu/libc.so.6(+0x8483c)[0x7f286989583c]
[hydra04:419117] [ 2] /lib/x86_64-linux-gnu/libc.so.6(abort+0x123)[0x7f2e82cdf537]
[hydra08:405446] [ 5] /lib/x86_64-linux-gnu/libc.so.6(+0x8483c)[0x7fd922ed683c]
[hydra07:430177] [ 4] /lib/x86_64-linux-gnu/libc.so.6(+0x8175a)[0x7f4ddbe4875a]
[hydra02:595664] [ 5] /lib/x86_64-linux-gnu/libc.so.6(+0x8483c)[0x7fcbff1d083c]
[hydra12:383416] [ 8] /opt/mpi/openmpi-4.1.4//lib/libmpi.so.40(ompi_group_incl_plist+0x65)[0x7f7c6ed02915]
[hydra05:403084] [ 6] /lib/x86_64-linux-gnu/libc.so.6(__libc_calloc+0x81)[0x7fba683f6bd1]
[hydra11:383514] *** End of error message ***
[hydra10:516593] [13] /home/thesis/jheld/MPI_Syrk_implementation/build/src/MPI_SYRK_implementation(+0x232a)[0x563ec96ac32a]
[hydra10:516593] *** End of error message ***
[hydra09:396264] [ 0] /lib/x86_64-linux-gnu/libc.so.6(+0x38de0)[0x7fc4cf673de0]
[hydra04:419118] [ 3] /lib/x86_64-linux-gnu/libc.so.6(+0x7a468)[0x7f620cad3468]
[hydra08:405446] [ 6] /lib/x86_64-linux-gnu/libc.so.6(__libc_calloc+0x81)[0x7fd922ed8bd1]
[hydra07:430178] [ 2] /lib/x86_64-linux-gnu/libc.so.6(abort+0x123)[0x7fe73457d537]
[hydra02:595664] [ 6] /lib/x86_64-linux-gnu/libc.so.6(__libc_calloc+0x81)[0x7fcbff1d2bd1]
[hydra12:383415] [ 7] /opt/mpi/openmpi-4.1.4//lib/libmpi.so.40(ompi_group_allocate+0x17)[0x7f4b5421e1e7]
[hydra05:403084] [ 7] /opt/mpi/openmpi-4.1.4//lib/libmpi.so.40(ompi_group_allocate+0x17)[0x7fba6a2c41e7]
[hydra09:396264] [ 1] /lib/x86_64-linux-gnu/libc.so.6(gsignal+0x141)[0x7fc4cf673d61]
[hydra04:419117] [ 3] /lib/x86_64-linux-gnu/libc.so.6(+0x7a468)[0x7f2e82d37468]
[hydra04:419117] [ 4] /lib/x86_64-linux-gnu/libc.so.6(+0x8175a)[0x7f2e82d3e75a]
[hydra08:405446] [ 7] /opt/mpi/openmpi-4.1.4//lib/libmpi.so.40(ompi_group_allocate+0x17)[0x7fd924da61e7]
[hydra07:430177] [ 5] /lib/x86_64-linux-gnu/libc.so.6(+0x8483c)[0x7f4ddbe4b83c]
[hydra02:595664] [ 7] /opt/mpi/openmpi-4.1.4//lib/libmpi.so.40(ompi_group_allocate+0x17)[0x7fcc010a01e7]
[hydra12:383415] [ 8] /opt/mpi/openmpi-4.1.4//lib/libmpi.so.40(ompi_group_incl_plist+0x65)[0x7f4b5421e915]
[hydra05:403084] [ 8] /opt/mpi/openmpi-4.1.4//lib/libmpi.so.40(ompi_group_incl_plist+0x65)[0x7fba6a2c4915]
[hydra09:396263] [ 6] /lib/x86_64-linux-gnu/libc.so.6(__libc_calloc+0x81)[0x7f2869897bd1]
[hydra04:419118] [ 4] /lib/x86_64-linux-gnu/libc.so.6(+0x8175a)[0x7f620cada75a]
[hydra04:419118] [ 5] /lib/x86_64-linux-gnu/libc.so.6(+0x8483c)[0x7f620cadd83c]
[hydra04:419118] [ 6] /lib/x86_64-linux-gnu/libc.so.6(__libc_calloc+0x81)[0x7f620cadfbd1]
[hydra08:405446] [ 8] /opt/mpi/openmpi-4.1.4//lib/libmpi.so.40(ompi_group_incl_plist+0x65)[0x7fd924da6915]
[hydra07:430178] [ 3] /lib/x86_64-linux-gnu/libc.so.6(+0x7a468)[0x7fe7345d5468]
[hydra02:595664] [ 8] /opt/mpi/openmpi-4.1.4//lib/libmpi.so.40(ompi_group_incl_plist+0x65)[0x7fcc010a0915]
[hydra12:383416] [ 9] /opt/mpi/openmpi-4.1.4//lib/libmpi.so.40(PMPI_Group_incl+0x95)[0x7f7c6ed33185]
[hydra12:383416] [10] /home/thesis/jheld/MPI_Syrk_implementation/build/src/MPI_SYRK_implementation(+0x841a)[0x556fac9fb41a]
[hydra12:383416] [11] /home/thesis/jheld/MPI_Syrk_implementation/build/src/MPI_SYRK_implementation(+0x2ab0)[0x556fac9f5ab0]
[hydra05:403084] [ 9] /opt/mpi/openmpi-4.1.4//lib/libmpi.so.40(PMPI_Group_incl+0x95)[0x7fba6a2f5185]
[hydra05:403084] [10] /home/thesis/jheld/MPI_Syrk_implementation/build/src/MPI_SYRK_implementation(+0x841a)[0x5571d028b41a]
[hydra09:396264] [ 2] /lib/x86_64-linux-gnu/libc.so.6(abort+0x123)[0x7fc4cf65d537]
[hydra04:419117] [ 5] /lib/x86_64-linux-gnu/libc.so.6(+0x8483c)[0x7f2e82d4183c]
[hydra04:419117] [ 6] /lib/x86_64-linux-gnu/libc.so.6(__libc_calloc+0x81)[0x7f2e82d43bd1]
[hydra08:405446] [ 9] /opt/mpi/openmpi-4.1.4//lib/libmpi.so.40(PMPI_Group_incl+0x95)[0x7fd924dd7185]
[hydra08:405446] [10] /home/thesis/jheld/MPI_Syrk_implementation/build/src/MPI_SYRK_implementation(+0x841a)[0x562876b0841a]
[hydra07:430177] [ 6] /lib/x86_64-linux-gnu/libc.so.6(__libc_calloc+0x81)[0x7f4ddbe4dbd1]
[hydra02:595664] [ 9] /opt/mpi/openmpi-4.1.4//lib/libmpi.so.40(PMPI_Group_incl+0x95)[0x7fcc010d1185]
[hydra12:383415] [ 9] /opt/mpi/openmpi-4.1.4//lib/libmpi.so.40(PMPI_Group_incl+0x95)[0x7f4b5424f185]
[hydra12:383415] [10] /home/thesis/jheld/MPI_Syrk_implementation/build/src/MPI_SYRK_implementation(+0x841a)[0x555e3631741a]
[hydra05:403084] [11] /home/thesis/jheld/MPI_Syrk_implementation/build/src/MPI_SYRK_implementation(+0x2ab0)[0x5571d0285ab0]
[hydra09:396263] [ 7] /opt/mpi/openmpi-4.1.4//lib/libmpi.so.40(ompi_group_allocate+0x17)[0x7f286b7651e7]
[hydra04:419118] [ 7] /opt/mpi/openmpi-4.1.4//lib/libmpi.so.40(ompi_group_allocate+0x17)[0x7f620e9ad1e7]
[hydra08:405446] [11] /home/thesis/jheld/MPI_Syrk_implementation/build/src/MPI_SYRK_implementation(+0x2ab0)[0x562876b02ab0]
[hydra07:430177] [ 7] /opt/mpi/openmpi-4.1.4//lib/libmpi.so.40(ompi_group_allocate+0x17)[0x7f4dddd1b1e7]
[hydra02:595664] [10] /home/thesis/jheld/MPI_Syrk_implementation/build/src/MPI_SYRK_implementation(+0x841a)[0x5555e643941a]
[hydra02:595664] [11] /home/thesis/jheld/MPI_Syrk_implementation/build/src/MPI_SYRK_implementation(+0x2ab0)[0x5555e6433ab0]
[hydra12:383416] [12] /lib/x86_64-linux-gnu/libc.so.6(__libc_start_main+0xea)[0x7f7c6cdd1d7a]
[hydra12:383416] [13] /home/thesis/jheld/MPI_Syrk_implementation/build/src/MPI_SYRK_implementation(+0x232a)[0x556fac9f532a]
[hydra12:383416] *** End of error message ***
[hydra05:403084] [12] /lib/x86_64-linux-gnu/libc.so.6(__libc_start_main+0xea)[0x7fba68393d7a]
[hydra05:403084] [13] /home/thesis/jheld/MPI_Syrk_implementation/build/src/MPI_SYRK_implementation(+0x232a)[0x5571d028532a]
[hydra09:396263] [ 8] /opt/mpi/openmpi-4.1.4//lib/libmpi.so.40(ompi_group_incl_plist+0x65)[0x7f286b765915]
[hydra04:419118] [ 8] /opt/mpi/openmpi-4.1.4//lib/libmpi.so.40(ompi_group_incl_plist+0x65)[0x7f620e9ad915]
[hydra08:405446] [12] /lib/x86_64-linux-gnu/libc.so.6(__libc_start_main+0xea)[0x7fd922e75d7a]
[hydra08:405446] [13] /home/thesis/jheld/MPI_Syrk_implementation/build/src/MPI_SYRK_implementation(+0x232a)[0x562876b0232a]
[hydra07:430178] [ 4] /lib/x86_64-linux-gnu/libc.so.6(+0x8175a)[0x7fe7345dc75a]
[hydra02:595664] [12] /lib/x86_64-linux-gnu/libc.so.6(__libc_start_main+0xea)[0x7fcbff16fd7a]
[hydra02:595664] [13] /home/thesis/jheld/MPI_Syrk_implementation/build/src/MPI_SYRK_implementation(+0x232a)[0x5555e643332a]
[hydra12:383415] [11] /home/thesis/jheld/MPI_Syrk_implementation/build/src/MPI_SYRK_implementation(+0x2ab0)[0x555e36311ab0]
[hydra05:403084] *** End of error message ***
[hydra09:396264] [ 3] /lib/x86_64-linux-gnu/libc.so.6(+0x7a468)[0x7fc4cf6b5468]
[hydra04:419117] [ 7] /opt/mpi/openmpi-4.1.4//lib/libmpi.so.40(ompi_group_allocate+0x17)[0x7f2e84c111e7]
[hydra08:405446] *** End of error message ***
[hydra07:430177] [ 8] /opt/mpi/openmpi-4.1.4//lib/libmpi.so.40(ompi_group_incl_plist+0x65)[0x7f4dddd1b915]
[hydra02:595664] *** End of error message ***
[hydra12:383415] [12] /lib/x86_64-linux-gnu/libc.so.6(__libc_start_main+0xea)[0x7f4b522edd7a]
[hydra09:396263] [ 9] /opt/mpi/openmpi-4.1.4//lib/libmpi.so.40(PMPI_Group_incl+0x95)[0x7f286b796185]
[hydra09:396263] [10] /home/thesis/jheld/MPI_Syrk_implementation/build/src/MPI_SYRK_implementation(+0x841a)[0x5639687fd41a]
[hydra04:419117] [ 8] /opt/mpi/openmpi-4.1.4//lib/libmpi.so.40(ompi_group_incl_plist+0x65)[0x7f2e84c11915]
[hydra07:430178] [ 5] /lib/x86_64-linux-gnu/libc.so.6(+0x8483c)[0x7fe7345df83c]
[hydra12:383415] [13] /home/thesis/jheld/MPI_Syrk_implementation/build/src/MPI_SYRK_implementation(+0x232a)[0x555e3631132a]
[hydra12:383415] *** End of error message ***
[hydra09:396263] [11] /home/thesis/jheld/MPI_Syrk_implementation/build/src/MPI_SYRK_implementation(+0x2ab0)[0x5639687f7ab0]
[hydra04:419118] [ 9] /opt/mpi/openmpi-4.1.4//lib/libmpi.so.40(PMPI_Group_incl+0x95)[0x7f620e9de185]
[hydra04:419118] [10] /home/thesis/jheld/MPI_Syrk_implementation/build/src/MPI_SYRK_implementation(+0x841a)[0x5603944d341a]
[hydra07:430177] [ 9] /opt/mpi/openmpi-4.1.4//lib/libmpi.so.40(PMPI_Group_incl+0x95)[0x7f4dddd4c185]
[hydra07:430177] [10] /home/thesis/jheld/MPI_Syrk_implementation/build/src/MPI_SYRK_implementation(+0x841a)[0x55a7f887541a]
[hydra09:396264] [ 4] /lib/x86_64-linux-gnu/libc.so.6(+0x8175a)[0x7fc4cf6bc75a]
[hydra04:419117] [ 9] /opt/mpi/openmpi-4.1.4//lib/libmpi.so.40(PMPI_Group_incl+0x95)[0x7f2e84c42185]
[hydra07:430178] [ 6] /lib/x86_64-linux-gnu/libc.so.6(__libc_calloc+0x81)[0x7fe7345e1bd1]
[hydra09:396263] [12] /lib/x86_64-linux-gnu/libc.so.6(__libc_start_main+0xea)[0x7f2869834d7a]
[hydra04:419118] [11] /home/thesis/jheld/MPI_Syrk_implementation/build/src/MPI_SYRK_implementation(+0x2ab0)[0x5603944cdab0]
[hydra04:419118] [12] /lib/x86_64-linux-gnu/libc.so.6(__libc_start_main+0xea)[0x7f620ca7cd7a]
[hydra04:419118] [13] /home/thesis/jheld/MPI_Syrk_implementation/build/src/MPI_SYRK_implementation(+0x232a)[0x5603944cd32a]
[hydra04:419118] *** End of error message ***
[hydra07:430177] [11] /home/thesis/jheld/MPI_Syrk_implementation/build/src/MPI_SYRK_implementation(+0x2ab0)[0x55a7f886fab0]
[hydra09:396263] [13] /home/thesis/jheld/MPI_Syrk_implementation/build/src/MPI_SYRK_implementation(+0x232a)[0x5639687f732a]
[hydra09:396263] *** End of error message ***
[hydra04:419117] [10] /home/thesis/jheld/MPI_Syrk_implementation/build/src/MPI_SYRK_implementation(+0x841a)[0x55a9d370a41a]
[hydra04:419117] [11] /home/thesis/jheld/MPI_Syrk_implementation/build/src/MPI_SYRK_implementation(+0x2ab0)[0x55a9d3704ab0]
[hydra07:430177] [12] /lib/x86_64-linux-gnu/libc.so.6(__libc_start_main+0xea)[0x7f4ddbdead7a]
[hydra09:396264] [ 5] /lib/x86_64-linux-gnu/libc.so.6(+0x8483c)[0x7fc4cf6bf83c]
[hydra04:419117] [12] /lib/x86_64-linux-gnu/libc.so.6(__libc_start_main+0xea)[0x7f2e82ce0d7a]
[hydra04:419117] [13] /home/thesis/jheld/MPI_Syrk_implementation/build/src/MPI_SYRK_implementation(+0x232a)[0x55a9d370432a]
[hydra07:430178] [ 7] /opt/mpi/openmpi-4.1.4//lib/libmpi.so.40(ompi_group_allocate+0x17)[0x7fe7364af1e7]
[hydra09:396264] [ 6] /lib/x86_64-linux-gnu/libc.so.6(__libc_calloc+0x81)[0x7fc4cf6c1bd1]
[hydra04:419117] *** End of error message ***
[hydra07:430177] [13] /home/thesis/jheld/MPI_Syrk_implementation/build/src/MPI_SYRK_implementation(+0x232a)[0x55a7f886f32a]
[hydra07:430177] *** End of error message ***
[hydra09:396264] [ 7] /opt/mpi/openmpi-4.1.4//lib/libmpi.so.40(ompi_group_allocate+0x17)[0x7fc4d158f1e7]
[hydra09:396264] [ 8] /opt/mpi/openmpi-4.1.4//lib/libmpi.so.40(ompi_group_incl_plist+0x65)[0x7fc4d158f915]
[hydra09:396264] [ 9] /opt/mpi/openmpi-4.1.4//lib/libmpi.so.40(PMPI_Group_incl+0x95)[0x7fc4d15c0185]
[hydra09:396264] [10] /home/thesis/jheld/MPI_Syrk_implementation/build/src/MPI_SYRK_implementation(+0x841a)[0x5643a865441a]
[hydra09:396264] [11] /home/thesis/jheld/MPI_Syrk_implementation/build/src/MPI_SYRK_implementation(+0x2ab0)[0x5643a864eab0]
[hydra09:396264] [12] /lib/x86_64-linux-gnu/libc.so.6(__libc_start_main+0xea)[0x7fc4cf65ed7a]
[hydra09:396264] [13] /home/thesis/jheld/MPI_Syrk_implementation/build/src/MPI_SYRK_implementation(+0x232a)[0x5643a864e32a]
[hydra09:396264] *** End of error message ***
[hydra07:430178] [ 8] /opt/mpi/openmpi-4.1.4//lib/libmpi.so.40(ompi_group_incl_plist+0x65)[0x7fe7364af915]
[hydra07:430178] [ 9] /opt/mpi/openmpi-4.1.4//lib/libmpi.so.40(PMPI_Group_incl+0x95)[0x7fe7364e0185]
[hydra07:430178] [10] /home/thesis/jheld/MPI_Syrk_implementation/build/src/MPI_SYRK_implementation(+0x841a)[0x55a1f886e41a]
[hydra07:430178] [11] /home/thesis/jheld/MPI_Syrk_implementation/build/src/MPI_SYRK_implementation(+0x2ab0)[0x55a1f8868ab0]
[hydra07:430178] [12] /lib/x86_64-linux-gnu/libc.so.6(__libc_start_main+0xea)[0x7fe73457ed7a]
[hydra07:430178] [13] /home/thesis/jheld/MPI_Syrk_implementation/build/src/MPI_SYRK_implementation(+0x232a)[0x55a1f886832a]
[hydra07:430178] *** End of error message ***
srun: error: hydra01: task 0: Aborted
srun: error: hydra06: task 15: Aborted
srun: error: hydra08: task 23: Aborted
srun: error: hydra10: task 27: Aborted
srun: error: hydra11: task 31: Aborted
srun: error: hydra07: tasks 19-20: Aborted
srun: error: hydra02: task 3: Aborted
srun: error: hydra09: tasks 25-26: Aborted
srun: error: hydra04: tasks 9-10: Aborted
srun: error: hydra12: tasks 33-34: Aborted
srun: error: hydra05: tasks 13-14: Aborted
slurmstepd: error:  mpi/pmix_v4: _errhandler: hydra02 [1]: pmixp_client_v2.c:211: Error handler invoked: status = -61, source = [slurm.pmix.5008705.11:3]
slurmstepd: error:  mpi/pmix_v4: _errhandler: hydra01 [0]: pmixp_client_v2.c:211: Error handler invoked: status = -61, source = [slurm.pmix.5008705.11:0]
slurmstepd: error: *** STEP 5008705.11 ON hydra01 CANCELLED AT 2025-10-13T15:42:41 ***
slurmstepd: error:  mpi/pmix_v4: _errhandler: hydra08 [7]: pmixp_client_v2.c:211: Error handler invoked: status = -61, source = [slurm.pmix.5008705.11:23]
slurmstepd: error:  mpi/pmix_v4: _errhandler: hydra05 [4]: pmixp_client_v2.c:211: Error handler invoked: status = -61, source = [slurm.pmix.5008705.11:13]
slurmstepd: error:  mpi/pmix_v4: _errhandler: hydra06 [5]: pmixp_client_v2.c:211: Error handler invoked: status = -61, source = [slurm.pmix.5008705.11:15]
slurmstepd: error:  mpi/pmix_v4: _errhandler: hydra10 [9]: pmixp_client_v2.c:211: Error handler invoked: status = -61, source = [slurm.pmix.5008705.11:27]
slurmstepd: error:  mpi/pmix_v4: _errhandler: hydra11 [10]: pmixp_client_v2.c:211: Error handler invoked: status = -61, source = [slurm.pmix.5008705.11:31]
slurmstepd: error:  mpi/pmix_v4: _errhandler: hydra09 [8]: pmixp_client_v2.c:211: Error handler invoked: status = -61, source = [slurm.pmix.5008705.11:25]
slurmstepd: error:  mpi/pmix_v4: _errhandler: hydra04 [3]: pmixp_client_v2.c:211: Error handler invoked: status = -61, source = [slurm.pmix.5008705.11:9]
srun: Job step aborted: Waiting up to 32 seconds for job step to finish.
slurmstepd: error:  mpi/pmix_v4: _errhandler: hydra07 [6]: pmixp_client_v2.c:211: Error handler invoked: status = -61, source = [slurm.pmix.5008705.11:19]
srun: error: hydra12: task 35: Killed
srun: error: hydra09: task 24: Killed
srun: error: hydra07: task 18: Killed
srun: error: hydra05: task 12: Killed
srun: error: hydra04: task 11: Killed
srun: error: hydra02: tasks 4-5: Killed
srun: error: hydra01: tasks 1-2: Killed
srun: error: hydra10: tasks 28-29: Killed
srun: error: hydra08: tasks 21-22: Killed
srun: error: hydra06: tasks 16-17: Killed
srun: error: hydra11: tasks 30,32: Killed
srun: error: hydra03: tasks 6-8: Killed
⚠️ Warning: No runtime found for run 12
srun: Warning: can't honor --ntasks-per-node set to 1 which doesn't match the requested tasks 36 with the number of requested nodes 12. Ignoring --ntasks-per-node.
missing input file name --> Generate random input
malloc(): invalid size (unsorted)
[hydra01:916408] *** Process received signal ***
[hydra01:916408] Signal: Aborted (6)
[hydra01:916408] Signal code:  (-6)
malloc(): invalid size (unsorted)
[hydra12:383481] *** Process received signal ***
[hydra12:383481] Signal: Aborted (6)
[hydra12:383481] Signal code:  (-6)
malloc(): invalid size (unsorted)
[hydra01:916408] [ 0] /lib/x86_64-linux-gnu/libc.so.6(+0x38de0)[0x7fef8f2fcde0]
malloc(): invalid size (unsorted)
[hydra01:916408] [ 1] /lib/x86_64-linux-gnu/libc.so.6(gsignal+0x141)[0x7fef8f2fcd61]
[hydra01:916409] *** Process received signal ***
[hydra01:916409] Signal: Aborted (6)
[hydra01:916409] Signal code:  (-6)
[hydra01:916408] [ 2] /lib/x86_64-linux-gnu/libc.so.6(abort+0x123)[0x7fef8f2e6537]
malloc(): invalid size (unsorted)
[hydra06:403864] *** Process received signal ***
[hydra06:403864] Signal: Aborted (6)
[hydra06:403864] Signal code:  (-6)
malloc(): invalid size (unsorted)
[hydra07:430242] *** Process received signal ***
[hydra07:430242] Signal: Aborted (6)
[hydra07:430242] Signal code:  (-6)
malloc(): invalid size (unsorted)
[hydra09:396328] *** Process received signal ***
[hydra09:396328] Signal: Aborted (6)
[hydra09:396328] Signal code:  (-6)
malloc(): invalid size (unsorted)
[hydra05:403148] *** Process received signal ***
[hydra05:403148] Signal: Aborted (6)
[hydra05:403148] Signal code:  (-6)
[hydra01:916408] [ 3] /lib/x86_64-linux-gnu/libc.so.6(+0x7a468)[0x7fef8f33e468]
malloc(): invalid size (unsorted)
[hydra03:420480] *** Process received signal ***
[hydra03:420480] Signal: Aborted (6)
[hydra03:420480] Signal code:  (-6)
[hydra01:916408] [ 4] /lib/x86_64-linux-gnu/libc.so.6(+0x8175a)[0x7fef8f34575a]
[hydra01:916409] [ 0] /lib/x86_64-linux-gnu/libc.so.6(+0x38de0)[0x7f467f1edde0]
malloc(): invalid size (unsorted)
[hydra08:405510] *** Process received signal ***
[hydra08:405510] Signal: Aborted (6)
[hydra08:405510] Signal code:  (-6)
[hydra01:916409] [ 1] /lib/x86_64-linux-gnu/libc.so.6(gsignal+0x141)[0x7f467f1edd61]
malloc(): invalid size (unsorted)
[hydra04:419183] *** Process received signal ***
[hydra04:419183] Signal: Aborted (6)
[hydra04:419183] Signal code:  (-6)
[hydra01:916408] [ 5] /lib/x86_64-linux-gnu/libc.so.6(+0x8483c)[0x7fef8f34883c]
malloc(): invalid size (unsorted)
[hydra12:383480] *** Process received signal ***
[hydra12:383480] Signal: Aborted (6)
[hydra12:383480] Signal code:  (-6)
[hydra01:916408] [ 6] /lib/x86_64-linux-gnu/libc.so.6(__libc_calloc+0x81)[0x7fef8f34abd1]
[hydra12:383481] [ 0] /lib/x86_64-linux-gnu/libc.so.6(+0x38de0)[0x7f7c7b00bde0]
[hydra01:916409] [ 2] /lib/x86_64-linux-gnu/libc.so.6(abort+0x123)[0x7f467f1d7537]
[hydra12:383480] [ 0] /lib/x86_64-linux-gnu/libc.so.6(+0x38de0)[0x7feb5df8cde0]
malloc(): invalid size (unsorted)
[hydra10:516662] *** Process received signal ***
[hydra10:516662] Signal: Aborted (6)
[hydra10:516662] Signal code:  (-6)
[hydra01:916408] [ 7] /opt/mpi/openmpi-4.1.4//lib/libmpi.so.40(ompi_group_allocate+0x17)[0x7fef912181e7]
[hydra12:383481] [ 1] /lib/x86_64-linux-gnu/libc.so.6(gsignal+0x141)[0x7f7c7b00bd61]
[hydra01:916409] [ 3] /lib/x86_64-linux-gnu/libc.so.6(+0x7a468)[0x7f467f22f468]
malloc(): invalid size (unsorted)
[hydra11:383578] *** Process received signal ***
[hydra11:383578] Signal: Aborted (6)
[hydra11:383578] Signal code:  (-6)
[hydra12:383481] [ 2] /lib/x86_64-linux-gnu/libc.so.6(abort+0x123)[0x7f7c7aff5537]
[hydra01:916408] [ 8] /opt/mpi/openmpi-4.1.4//lib/libmpi.so.40(ompi_group_incl_plist+0x65)[0x7fef91218915]
[hydra12:383480] [ 1] /lib/x86_64-linux-gnu/libc.so.6(gsignal+0x141)[0x7feb5df8cd61]
[hydra01:916409] [ 4] /lib/x86_64-linux-gnu/libc.so.6(+0x8175a)[0x7f467f23675a]
[hydra12:383480] [ 2] /lib/x86_64-linux-gnu/libc.so.6(abort+0x123)[0x7feb5df76537]
[hydra01:916408] [ 9] /opt/mpi/openmpi-4.1.4//lib/libmpi.so.40(PMPI_Group_incl+0x95)[0x7fef91249185]
[hydra01:916408] [10] /home/thesis/jheld/MPI_Syrk_implementation/build/src/MPI_SYRK_implementation(+0x841a)[0x55827e4c841a]
[hydra01:916408] [11] /home/thesis/jheld/MPI_Syrk_implementation/build/src/MPI_SYRK_implementation(+0x2ab0)[0x55827e4c2ab0]
[hydra12:383481] [ 3] /lib/x86_64-linux-gnu/libc.so.6(+0x7a468)[0x7f7c7b04d468]
[hydra01:916409] [ 5] /lib/x86_64-linux-gnu/libc.so.6(+0x8483c)[0x7f467f23983c]
malloc(): invalid size (unsorted)
[hydra02:595745] *** Process received signal ***
[hydra02:595745] Signal: Aborted (6)
[hydra02:595745] Signal code:  (-6)
[hydra12:383480] [ 3] /lib/x86_64-linux-gnu/libc.so.6(+0x7a468)[0x7feb5dfce468]
[hydra01:916408] [12] /lib/x86_64-linux-gnu/libc.so.6(__libc_start_main+0xea)[0x7fef8f2e7d7a]
[hydra01:916408] [13] /home/thesis/jheld/MPI_Syrk_implementation/build/src/MPI_SYRK_implementation(+0x232a)[0x55827e4c232a]
[hydra01:916408] *** End of error message ***
[hydra02:595744] *** Process received signal ***
[hydra02:595744] Signal: Aborted (6)
[hydra02:595744] Signal code:  (-6)
[hydra12:383481] [ 4] /lib/x86_64-linux-gnu/libc.so.6(+0x8175a)[0x7f7c7b05475a]
[hydra01:916409] [ 6] /lib/x86_64-linux-gnu/libc.so.6(__libc_calloc+0x81)[0x7f467f23bbd1]
malloc(): invalid size (unsorted)
[hydra02:595744] [ 0] /lib/x86_64-linux-gnu/libc.so.6(+0x38de0)[0x7f51aa821de0]
[hydra12:383480] [ 4] /lib/x86_64-linux-gnu/libc.so.6(+0x8175a)[0x7feb5dfd575a]
[hydra01:916409] [ 7] /opt/mpi/openmpi-4.1.4//lib/libmpi.so.40(ompi_group_allocate+0x17)[0x7f46811091e7]
[hydra05:403148] [ 0] /lib/x86_64-linux-gnu/libc.so.6(+0x38de0)[0x7f3128acfde0]
[hydra02:595745] [ 0] /lib/x86_64-linux-gnu/libc.so.6(+0x38de0)[0x7ff2f6dadde0]
[hydra12:383481] [ 5] /lib/x86_64-linux-gnu/libc.so.6(+0x8483c)[0x7f7c7b05783c]
[hydra01:916409] [ 8] /opt/mpi/openmpi-4.1.4//lib/libmpi.so.40(ompi_group_incl_plist+0x65)[0x7f4681109915]
malloc(): invalid size (unsorted)
[hydra05:403149] *** Process received signal ***
malloc(): invalid size (unsorted)
[hydra02:595744] [ 1] /lib/x86_64-linux-gnu/libc.so.6(gsignal+0x141)[0x7f51aa821d61]
[hydra12:383480] [ 5] /lib/x86_64-linux-gnu/libc.so.6(+0x8483c)[0x7feb5dfd883c]
[hydra01:916409] [ 9] /opt/mpi/openmpi-4.1.4//lib/libmpi.so.40(PMPI_Group_incl+0x95)[0x7f468113a185]
[hydra01:916409] [10] /home/thesis/jheld/MPI_Syrk_implementation/build/src/MPI_SYRK_implementation(+0x841a)[0x560d268ad41a]
[hydra09:396328] [ 0] /lib/x86_64-linux-gnu/libc.so.6(+0x38de0)[0x7f0879233de0]
[hydra05:403148] [ 1] /lib/x86_64-linux-gnu/libc.so.6(gsignal+0x141)[0x7f3128acfd61]
malloc(): invalid size (unsorted)
[hydra08:405509] *** Process received signal ***
[hydra08:405509] Signal: Aborted (6)
[hydra08:405509] Signal code:  (-6)
malloc(): invalid size (unsorted)
[hydra07:430244] *** Process received signal ***
[hydra02:595745] [ 1] /lib/x86_64-linux-gnu/libc.so.6(gsignal+0x141)[0x7ff2f6dadd61]
[hydra12:383481] [ 6] /lib/x86_64-linux-gnu/libc.so.6(__libc_calloc+0x81)[0x7f7c7b059bd1]
[hydra01:916409] [11] /home/thesis/jheld/MPI_Syrk_implementation/build/src/MPI_SYRK_implementation(+0x2ab0)[0x560d268a7ab0]
[hydra09:396329] *** Process received signal ***
[hydra09:396329] Signal: Aborted (6)
[hydra09:396329] Signal code:  (-6)
[hydra05:403149] Signal: Aborted (6)
[hydra05:403149] Signal code:  (-6)
[hydra08:405510] [ 0] /lib/x86_64-linux-gnu/libc.so.6(+0x38de0)[0x7faa861ccde0]
[hydra06:403862] *** Process received signal ***
[hydra07:430242] [ 0] /lib/x86_64-linux-gnu/libc.so.6(+0x38de0)[0x7feb4ebefde0]
[hydra02:595744] [ 2] /lib/x86_64-linux-gnu/libc.so.6(abort+0x123)[0x7f51aa80b537]
[hydra12:383481] [ 7] /opt/mpi/openmpi-4.1.4//lib/libmpi.so.40(ompi_group_allocate+0x17)[0x7f7c7cf271e7]
[hydra01:916409] [12] /lib/x86_64-linux-gnu/libc.so.6(__libc_start_main+0xea)[0x7f467f1d8d7a]
[hydra03:420480] [ 0] /lib/x86_64-linux-gnu/libc.so.6(+0x38de0)[0x7fc488d15de0]
malloc(): invalid size (unsorted)
[hydra04:419182] *** Process received signal ***
[hydra09:396328] [ 1] /lib/x86_64-linux-gnu/libc.so.6(gsignal+0x141)[0x7f0879233d61]
[hydra05:403148] [ 2] /lib/x86_64-linux-gnu/libc.so.6(abort+0x123)[0x7f3128ab9537]
[hydra08:405510] [ 1] /lib/x86_64-linux-gnu/libc.so.6(gsignal+0x141)[0x7faa861ccd61]
[hydra06:403862] Signal: Aborted (6)
[hydra06:403862] Signal code:  (-6)
[hydra07:430244] Signal: Aborted (6)
[hydra07:430244] Signal code:  (-6)
[hydra02:595745] [ 2] /lib/x86_64-linux-gnu/libc.so.6(abort+0x123)[0x7ff2f6d97537]
[hydra12:383480] [ 6] /lib/x86_64-linux-gnu/libc.so.6(__libc_calloc+0x81)[0x7feb5dfdabd1]
[hydra01:916409] [13] /home/thesis/jheld/MPI_Syrk_implementation/build/src/MPI_SYRK_implementation(+0x232a)[0x560d268a732a]
[hydra01:916409] *** End of error message ***
[hydra03:420480] [ 1] /lib/x86_64-linux-gnu/libc.so.6(gsignal+0x141)[0x7fc488d15d61]
[hydra04:419182] Signal: Aborted (6)
[hydra04:419182] Signal code:  (-6)
[hydra09:396328] [ 2] /lib/x86_64-linux-gnu/libc.so.6(abort+0x123)[0x7f087921d537]
[hydra05:403148] [ 3] /lib/x86_64-linux-gnu/libc.so.6(+0x7a468)[0x7f3128b11468]
[hydra08:405509] [ 0] /lib/x86_64-linux-gnu/libc.so.6(+0x38de0)[0x7f8690355de0]
[hydra06:403864] [ 0] /lib/x86_64-linux-gnu/libc.so.6(+0x38de0)[0x7fb01d72ede0]
[hydra07:430242] [ 1] /lib/x86_64-linux-gnu/libc.so.6(gsignal+0x141)[0x7feb4ebefd61]
[hydra02:595744] [ 3] /lib/x86_64-linux-gnu/libc.so.6(+0x7a468)[0x7f51aa863468]
[hydra12:383480] [ 7] /opt/mpi/openmpi-4.1.4//lib/libmpi.so.40(ompi_group_allocate+0x17)[0x7feb5fea81e7]
[hydra03:420480] [ 2] /lib/x86_64-linux-gnu/libc.so.6(abort+0x123)[0x7fc488cff537]
[hydra04:419183] [ 0] /lib/x86_64-linux-gnu/libc.so.6(+0x38de0)[0x7f69658a7de0]
[hydra09:396328] [ 3] /lib/x86_64-linux-gnu/libc.so.6(+0x7a468)[0x7f0879275468]
[hydra05:403148] [ 4] /lib/x86_64-linux-gnu/libc.so.6(+0x8175a)[0x7f3128b1875a]
[hydra08:405510] [ 2] /lib/x86_64-linux-gnu/libc.so.6(abort+0x123)[0x7faa861b6537]
[hydra06:403864] [ 1] /lib/x86_64-linux-gnu/libc.so.6(gsignal+0x141)[0x7fb01d72ed61]
[hydra07:430242] [ 2] /lib/x86_64-linux-gnu/libc.so.6(abort+0x123)[0x7feb4ebd9537]
[hydra02:595745] [ 3] /lib/x86_64-linux-gnu/libc.so.6(+0x7a468)[0x7ff2f6def468]
[hydra11:383578] [ 0] /lib/x86_64-linux-gnu/libc.so.6(+0x38de0)[0x7fba70f46de0]
[hydra12:383481] [ 8] /opt/mpi/openmpi-4.1.4//lib/libmpi.so.40(ompi_group_incl_plist+0x65)[0x7f7c7cf27915]
[hydra03:420480] [ 3] /lib/x86_64-linux-gnu/libc.so.6(+0x7a468)[0x7fc488d57468]
[hydra04:419183] [ 1] /lib/x86_64-linux-gnu/libc.so.6(gsignal+0x141)[0x7f69658a7d61]
[hydra09:396328] [ 4] /lib/x86_64-linux-gnu/libc.so.6(+0x8175a)[0x7f087927c75a]
[hydra05:403149] [ 0] /lib/x86_64-linux-gnu/libc.so.6(+0x38de0)[0x7f7e75724de0]
[hydra08:405509] [ 1] /lib/x86_64-linux-gnu/libc.so.6(gsignal+0x141)[0x7f8690355d61]
[hydra06:403864] [ 2] /lib/x86_64-linux-gnu/libc.so.6(abort+0x123)[0x7fb01d718537]
[hydra07:430242] [ 3] /lib/x86_64-linux-gnu/libc.so.6(+0x7a468)[0x7feb4ec31468]
[hydra02:595744] [ 4] /lib/x86_64-linux-gnu/libc.so.6(+0x8175a)[0x7f51aa86a75a]
[hydra11:383578] [ 1] /lib/x86_64-linux-gnu/libc.so.6(gsignal+0x141)[0x7fba70f46d61]
[hydra12:383480] [ 8] /opt/mpi/openmpi-4.1.4//lib/libmpi.so.40(ompi_group_incl_plist+0x65)[0x7feb5fea8915]
[hydra03:420480] [ 4] /lib/x86_64-linux-gnu/libc.so.6(+0x8175a)[0x7fc488d5e75a]
[hydra04:419183] [ 2] /lib/x86_64-linux-gnu/libc.so.6(abort+0x123)[0x7f6965891537]
[hydra09:396329] [ 0] /lib/x86_64-linux-gnu/libc.so.6(+0x38de0)[0x7f64a6909de0]
[hydra05:403148] [ 5] /lib/x86_64-linux-gnu/libc.so.6(+0x8483c)[0x7f3128b1b83c]
[hydra08:405509] [ 2] /lib/x86_64-linux-gnu/libc.so.6(abort+0x123)[0x7f869033f537]
[hydra06:403864] [ 3] /lib/x86_64-linux-gnu/libc.so.6(+0x7a468)[0x7fb01d770468]
[hydra07:430244] [ 0] /lib/x86_64-linux-gnu/libc.so.6(+0x38de0)[0x7f0ec4117de0]
[hydra02:595745] [ 4] /lib/x86_64-linux-gnu/libc.so.6(+0x8175a)[0x7ff2f6df675a]
[hydra11:383578] [ 2] /lib/x86_64-linux-gnu/libc.so.6(abort+0x123)[0x7fba70f30537]
[hydra12:383481] [ 9] /opt/mpi/openmpi-4.1.4//lib/libmpi.so.40(PMPI_Group_incl+0x95)[0x7f7c7cf58185]
[hydra12:383481] [10] /home/thesis/jheld/MPI_Syrk_implementation/build/src/MPI_SYRK_implementation(+0x841a)[0x55be2736241a]
[hydra12:383481] [11] /home/thesis/jheld/MPI_Syrk_implementation/build/src/MPI_SYRK_implementation(+0x2ab0)[0x55be2735cab0]
[hydra03:420480] [ 5] /lib/x86_64-linux-gnu/libc.so.6(+0x8483c)[0x7fc488d6183c]
[hydra04:419182] [ 0] /lib/x86_64-linux-gnu/libc.so.6(+0x38de0)[0x7f2ff9aefde0]
[hydra04:419182] [ 1] /lib/x86_64-linux-gnu/libc.so.6(gsignal+0x141)[0x7f2ff9aefd61]
[hydra04:419182] [ 2] /lib/x86_64-linux-gnu/libc.so.6(abort+0x123)[0x7f2ff9ad9537]
[hydra09:396329] [ 1] /lib/x86_64-linux-gnu/libc.so.6(gsignal+0x141)[0x7f64a6909d61]
[hydra05:403149] [ 1] /lib/x86_64-linux-gnu/libc.so.6(gsignal+0x141)[0x7f7e75724d61]
[hydra08:405510] [ 3] /lib/x86_64-linux-gnu/libc.so.6(+0x7a468)[0x7faa8620e468]
[hydra06:403862] [ 0] /lib/x86_64-linux-gnu/libc.so.6(+0x38de0)[0x7fd23f01ede0]
[hydra07:430242] [ 4] /lib/x86_64-linux-gnu/libc.so.6(+0x8175a)[0x7feb4ec3875a]
[hydra02:595744] [ 5] /lib/x86_64-linux-gnu/libc.so.6(+0x8483c)[0x7f51aa86d83c]
[hydra11:383578] [ 3] /lib/x86_64-linux-gnu/libc.so.6(+0x7a468)[0x7fba70f88468]
[hydra12:383480] [ 9] /opt/mpi/openmpi-4.1.4//lib/libmpi.so.40(PMPI_Group_incl+0x95)[0x7feb5fed9185]
[hydra12:383480] [10] /home/thesis/jheld/MPI_Syrk_implementation/build/src/MPI_SYRK_implementation(+0x841a)[0x556dbafba41a]
[hydra03:420480] [ 6] /lib/x86_64-linux-gnu/libc.so.6(__libc_calloc+0x81)[0x7fc488d63bd1]
[hydra04:419183] [ 3] /lib/x86_64-linux-gnu/libc.so.6(+0x7a468)[0x7f69658e9468]
[hydra04:419183] [ 4] /lib/x86_64-linux-gnu/libc.so.6(+0x8175a)[0x7f69658f075a]
[hydra09:396328] [ 5] /lib/x86_64-linux-gnu/libc.so.6(+0x8483c)[0x7f087927f83c]
[hydra05:403149] [ 2] /lib/x86_64-linux-gnu/libc.so.6(abort+0x123)[0x7f7e7570e537]
[hydra08:405509] [ 3] /lib/x86_64-linux-gnu/libc.so.6(+0x7a468)[0x7f8690397468]
[hydra06:403864] [ 4] /lib/x86_64-linux-gnu/libc.so.6(+0x8175a)[0x7fb01d77775a]
[hydra07:430242] [ 5] /lib/x86_64-linux-gnu/libc.so.6(+0x8483c)[0x7feb4ec3b83c]
[hydra02:595745] [ 5] /lib/x86_64-linux-gnu/libc.so.6(+0x8483c)[0x7ff2f6df983c]
[hydra11:383578] [ 4] /lib/x86_64-linux-gnu/libc.so.6(+0x8175a)[0x7fba70f8f75a]
[hydra10:516662] [ 0] /lib/x86_64-linux-gnu/libc.so.6(+0x38de0)[0x7f14dde09de0]
[hydra03:420480] [ 7] /opt/mpi/openmpi-4.1.4//lib/libmpi.so.40(ompi_group_allocate+0x17)[0x7fc48ac311e7]
[hydra04:419182] [ 3] /lib/x86_64-linux-gnu/libc.so.6(+0x7a468)[0x7f2ff9b31468]
[hydra09:396329] [ 2] /lib/x86_64-linux-gnu/libc.so.6(abort+0x123)[0x7f64a68f3537]
[hydra05:403148] [ 6] /lib/x86_64-linux-gnu/libc.so.6(__libc_calloc+0x81)[0x7f3128b1dbd1]
[hydra08:405510] [ 4] /lib/x86_64-linux-gnu/libc.so.6(+0x8175a)[0x7faa8621575a]
[hydra06:403862] [ 1] /lib/x86_64-linux-gnu/libc.so.6(gsignal+0x141)[0x7fd23f01ed61]
[hydra07:430244] [ 1] /lib/x86_64-linux-gnu/libc.so.6(gsignal+0x141)[0x7f0ec4117d61]
[hydra02:595744] [ 6] /lib/x86_64-linux-gnu/libc.so.6(__libc_calloc+0x81)[0x7f51aa86fbd1]
[hydra11:383578] [ 5] /lib/x86_64-linux-gnu/libc.so.6(+0x8483c)[0x7fba70f9283c]
[hydra10:516662] [ 1] /lib/x86_64-linux-gnu/libc.so.6(gsignal+0x141)[0x7f14dde09d61]
[hydra03:420480] [ 8] /opt/mpi/openmpi-4.1.4//lib/libmpi.so.40(ompi_group_incl_plist+0x65)[0x7fc48ac31915]
[hydra04:419183] [ 5] /lib/x86_64-linux-gnu/libc.so.6(+0x8483c)[0x7f69658f383c]
[hydra09:396328] [ 6] /lib/x86_64-linux-gnu/libc.so.6(__libc_calloc+0x81)[0x7f0879281bd1]
[hydra05:403148] [ 7] /opt/mpi/openmpi-4.1.4//lib/libmpi.so.40(ompi_group_allocate+0x17)[0x7f312a9eb1e7]
[hydra08:405510] [ 5] /lib/x86_64-linux-gnu/libc.so.6(+0x8483c)[0x7faa8621883c]
[hydra06:403864] [ 5] /lib/x86_64-linux-gnu/libc.so.6(+0x8483c)[0x7fb01d77a83c]
[hydra07:430244] [ 2] /lib/x86_64-linux-gnu/libc.so.6(abort+0x123)[0x7f0ec4101537]
[hydra02:595745] [ 6] /lib/x86_64-linux-gnu/libc.so.6(__libc_calloc+0x81)[0x7ff2f6dfbbd1]
[hydra11:383578] [ 6] /lib/x86_64-linux-gnu/libc.so.6(__libc_calloc+0x81)[0x7fba70f94bd1]
[hydra10:516662] [ 2] /lib/x86_64-linux-gnu/libc.so.6(abort+0x123)[0x7f14dddf3537]
[hydra03:420480] [ 9] /opt/mpi/openmpi-4.1.4//lib/libmpi.so.40(PMPI_Group_incl+0x95)[0x7fc48ac62185]
[hydra04:419183] [ 6] /lib/x86_64-linux-gnu/libc.so.6(__libc_calloc+0x81)[0x7f69658f5bd1]
[hydra09:396328] [ 7] /opt/mpi/openmpi-4.1.4//lib/libmpi.so.40(ompi_group_allocate+0x17)[0x7f087b14f1e7]
[hydra05:403149] [ 3] /lib/x86_64-linux-gnu/libc.so.6(+0x7a468)[0x7f7e75766468]
[hydra08:405509] [ 4] /lib/x86_64-linux-gnu/libc.so.6(+0x8175a)[0x7f869039e75a]
[hydra06:403862] [ 2] /lib/x86_64-linux-gnu/libc.so.6(abort+0x123)[0x7fd23f008537]
[hydra07:430242] [ 6] /lib/x86_64-linux-gnu/libc.so.6(__libc_calloc+0x81)[0x7feb4ec3dbd1]
[hydra02:595744] [ 7] /opt/mpi/openmpi-4.1.4//lib/libmpi.so.40(ompi_group_allocate+0x17)[0x7f51ac73d1e7]
[hydra11:383578] [ 7] /opt/mpi/openmpi-4.1.4//lib/libmpi.so.40(ompi_group_allocate+0x17)[0x7fba72e621e7]
[hydra10:516662] [ 3] /lib/x86_64-linux-gnu/libc.so.6(+0x7a468)[0x7f14dde4b468]
[hydra03:420480] [10] /home/thesis/jheld/MPI_Syrk_implementation/build/src/MPI_SYRK_implementation(+0x841a)[0x55a48cf6d41a]
[hydra03:420480] [11] /home/thesis/jheld/MPI_Syrk_implementation/build/src/MPI_SYRK_implementation(+0x2ab0)[0x55a48cf67ab0]
[hydra04:419182] [ 4] /lib/x86_64-linux-gnu/libc.so.6(+0x8175a)[0x7f2ff9b3875a]
[hydra09:396329] [ 3] /lib/x86_64-linux-gnu/libc.so.6(+0x7a468)[0x7f64a694b468]
[hydra05:403148] [ 8] /opt/mpi/openmpi-4.1.4//lib/libmpi.so.40(ompi_group_incl_plist+0x65)[0x7f312a9eb915]
[hydra08:405509] [ 5] /lib/x86_64-linux-gnu/libc.so.6(+0x8483c)[0x7f86903a183c]
[hydra06:403864] [ 6] /lib/x86_64-linux-gnu/libc.so.6(__libc_calloc+0x81)[0x7fb01d77cbd1]
[hydra07:430244] [ 3] /lib/x86_64-linux-gnu/libc.so.6(+0x7a468)[0x7f0ec4159468]
[hydra02:595745] [ 7] /opt/mpi/openmpi-4.1.4//lib/libmpi.so.40(ompi_group_allocate+0x17)[0x7ff2f8cc91e7]
[hydra11:383578] [ 8] /opt/mpi/openmpi-4.1.4//lib/libmpi.so.40(ompi_group_incl_plist+0x65)[0x7fba72e62915]
[hydra10:516662] [ 4] /lib/x86_64-linux-gnu/libc.so.6(+0x8175a)[0x7f14dde5275a]
[hydra03:420480] [12] /lib/x86_64-linux-gnu/libc.so.6(__libc_start_main+0xea)[0x7fc488d00d7a]
[hydra03:420480] [13] /home/thesis/jheld/MPI_Syrk_implementation/build/src/MPI_SYRK_implementation(+0x232a)[0x55a48cf6732a]
[hydra04:419183] [ 7] /opt/mpi/openmpi-4.1.4//lib/libmpi.so.40(ompi_group_allocate+0x17)[0x7f69677c31e7]
[hydra09:396328] [ 8] /opt/mpi/openmpi-4.1.4//lib/libmpi.so.40(ompi_group_incl_plist+0x65)[0x7f087b14f915]
[hydra05:403149] [ 4] /lib/x86_64-linux-gnu/libc.so.6(+0x8175a)[0x7f7e7576d75a]
[hydra08:405510] [ 6] /lib/x86_64-linux-gnu/libc.so.6(__libc_calloc+0x81)[0x7faa8621abd1]
[hydra06:403862] [ 3] /lib/x86_64-linux-gnu/libc.so.6(+0x7a468)[0x7fd23f060468]
[hydra07:430242] [ 7] /opt/mpi/openmpi-4.1.4//lib/libmpi.so.40(ompi_group_allocate+0x17)[0x7feb50b0b1e7]
[hydra02:595744] [ 8] /opt/mpi/openmpi-4.1.4//lib/libmpi.so.40(ompi_group_incl_plist+0x65)[0x7f51ac73d915]
[hydra11:383578] [ 9] /opt/mpi/openmpi-4.1.4//lib/libmpi.so.40(PMPI_Group_incl+0x95)[0x7fba72e93185]
[hydra11:383578] [10] /home/thesis/jheld/MPI_Syrk_implementation/build/src/MPI_SYRK_implementation(+0x841a)[0x5581c605441a]
[hydra10:516662] [ 5] /lib/x86_64-linux-gnu/libc.so.6(+0x8483c)[0x7f14dde5583c]
[hydra03:420480] *** End of error message ***
[hydra04:419183] [ 8] /opt/mpi/openmpi-4.1.4//lib/libmpi.so.40(ompi_group_incl_plist+0x65)[0x7f69677c3915]
[hydra09:396329] [ 4] /lib/x86_64-linux-gnu/libc.so.6(+0x8175a)[0x7f64a695275a]
[hydra05:403148] [ 9] /opt/mpi/openmpi-4.1.4//lib/libmpi.so.40(PMPI_Group_incl+0x95)[0x7f312aa1c185]
[hydra05:403148] [10] /home/thesis/jheld/MPI_Syrk_implementation/build/src/MPI_SYRK_implementation(+0x841a)[0x55b87cb5d41a]
[hydra08:405510] [ 7] /opt/mpi/openmpi-4.1.4//lib/libmpi.so.40(ompi_group_allocate+0x17)[0x7faa880e81e7]
[hydra06:403864] [ 7] /opt/mpi/openmpi-4.1.4//lib/libmpi.so.40(ompi_group_allocate+0x17)[0x7fb01f64a1e7]
[hydra07:430242] [ 8] /opt/mpi/openmpi-4.1.4//lib/libmpi.so.40(ompi_group_incl_plist+0x65)[0x7feb50b0b915]
[hydra11:383578] [11] /home/thesis/jheld/MPI_Syrk_implementation/build/src/MPI_SYRK_implementation(+0x2ab0)[0x5581c604eab0]
[hydra10:516662] [ 6] /lib/x86_64-linux-gnu/libc.so.6(__libc_calloc+0x81)[0x7f14dde57bd1]
[hydra04:419182] [ 5] /lib/x86_64-linux-gnu/libc.so.6(+0x8483c)[0x7f2ff9b3b83c]
[hydra09:396328] [ 9] /opt/mpi/openmpi-4.1.4//lib/libmpi.so.40(PMPI_Group_incl+0x95)[0x7f087b180185]
[hydra09:396328] [10] /home/thesis/jheld/MPI_Syrk_implementation/build/src/MPI_SYRK_implementation(+0x841a)[0x564a6085041a]
[hydra05:403148] [11] /home/thesis/jheld/MPI_Syrk_implementation/build/src/MPI_SYRK_implementation(+0x2ab0)[0x55b87cb57ab0]
[hydra08:405509] [ 6] /lib/x86_64-linux-gnu/libc.so.6(__libc_calloc+0x81)[0x7f86903a3bd1]
[hydra06:403864] [ 8] /opt/mpi/openmpi-4.1.4//lib/libmpi.so.40(ompi_group_incl_plist+0x65)[0x7fb01f64a915]
[hydra07:430244] [ 4] /lib/x86_64-linux-gnu/libc.so.6(+0x8175a)[0x7f0ec416075a]
[hydra11:383578] [12] /lib/x86_64-linux-gnu/libc.so.6(__libc_start_main+0xea)[0x7fba70f31d7a]
[hydra11:383578] [13] /home/thesis/jheld/MPI_Syrk_implementation/build/src/MPI_SYRK_implementation(+0x232a)[0x5581c604e32a]
[hydra10:516662] [ 7] /opt/mpi/openmpi-4.1.4//lib/libmpi.so.40(ompi_group_allocate+0x17)[0x7f14dfd251e7]
[hydra04:419182] [ 6] /lib/x86_64-linux-gnu/libc.so.6(__libc_calloc+0x81)[0x7f2ff9b3dbd1]
[hydra09:396328] [11] /home/thesis/jheld/MPI_Syrk_implementation/build/src/MPI_SYRK_implementation(+0x2ab0)[0x564a6084aab0]
[hydra05:403149] [ 5] /lib/x86_64-linux-gnu/libc.so.6(+0x8483c)[0x7f7e7577083c]
[hydra08:405510] [ 8] /opt/mpi/openmpi-4.1.4//lib/libmpi.so.40(ompi_group_incl_plist+0x65)[0x7faa880e8915]
[hydra06:403862] [ 4] /lib/x86_64-linux-gnu/libc.so.6(+0x8175a)[0x7fd23f06775a]
[hydra07:430242] [ 9] /opt/mpi/openmpi-4.1.4//lib/libmpi.so.40(PMPI_Group_incl+0x95)[0x7feb50b3c185]
[hydra07:430242] [10] /home/thesis/jheld/MPI_Syrk_implementation/build/src/MPI_SYRK_implementation(+0x841a)[0x558dfa04e41a]
[hydra11:383578] *** End of error message ***
[hydra10:516662] [ 8] /opt/mpi/openmpi-4.1.4//lib/libmpi.so.40(ompi_group_incl_plist+0x65)[0x7f14dfd25915]
[hydra04:419183] [ 9] /opt/mpi/openmpi-4.1.4//lib/libmpi.so.40(PMPI_Group_incl+0x95)[0x7f69677f4185]
[hydra04:419183] [10] /home/thesis/jheld/MPI_Syrk_implementation/build/src/MPI_SYRK_implementation(+0x841a)[0x558f055e541a]
[hydra04:419183] [11] /home/thesis/jheld/MPI_Syrk_implementation/build/src/MPI_SYRK_implementation(+0x2ab0)[0x558f055dfab0]
[hydra09:396329] [ 5] /lib/x86_64-linux-gnu/libc.so.6(+0x8483c)[0x7f64a695583c]
[hydra05:403148] [12] /lib/x86_64-linux-gnu/libc.so.6(__libc_start_main+0xea)[0x7f3128abad7a]
[hydra05:403148] [13] /home/thesis/jheld/MPI_Syrk_implementation/build/src/MPI_SYRK_implementation(+0x232a)[0x55b87cb5732a]
[hydra08:405509] [ 7] /opt/mpi/openmpi-4.1.4//lib/libmpi.so.40(ompi_group_allocate+0x17)[0x7f86922711e7]
[hydra06:403864] [ 9] /opt/mpi/openmpi-4.1.4//lib/libmpi.so.40(PMPI_Group_incl+0x95)[0x7fb01f67b185]
[hydra07:430244] [ 5] /lib/x86_64-linux-gnu/libc.so.6(+0x8483c)[0x7f0ec416383c]
[hydra10:516662] [ 9] /opt/mpi/openmpi-4.1.4//lib/libmpi.so.40(PMPI_Group_incl+0x95)[0x7f14dfd56185]
[hydra04:419182] [ 7] /opt/mpi/openmpi-4.1.4//lib/libmpi.so.40(ompi_group_allocate+0x17)[0x7f2ffba0b1e7]
[hydra09:396328] [12] /lib/x86_64-linux-gnu/libc.so.6(__libc_start_main+0xea)[0x7f087921ed7a]
[hydra09:396328] [13] /home/thesis/jheld/MPI_Syrk_implementation/build/src/MPI_SYRK_implementation(+0x232a)[0x564a6084a32a]
[hydra08:405509] [ 8] /opt/mpi/openmpi-4.1.4//lib/libmpi.so.40(ompi_group_incl_plist+0x65)[0x7f8692271915]
[hydra06:403862] [ 5] /lib/x86_64-linux-gnu/libc.so.6(+0x8483c)[0x7fd23f06a83c]
[hydra07:430242] [11] /home/thesis/jheld/MPI_Syrk_implementation/build/src/MPI_SYRK_implementation(+0x2ab0)[0x558dfa048ab0]
[hydra10:516662] [10] /home/thesis/jheld/MPI_Syrk_implementation/build/src/MPI_SYRK_implementation(+0x841a)[0x555747ead41a]
[hydra10:516662] [11] /home/thesis/jheld/MPI_Syrk_implementation/build/src/MPI_SYRK_implementation(+0x2ab0)[0x555747ea7ab0]
[hydra04:419183] [12] /lib/x86_64-linux-gnu/libc.so.6(__libc_start_main+0xea)[0x7f6965892d7a]
[hydra04:419183] [13] /home/thesis/jheld/MPI_Syrk_implementation/build/src/MPI_SYRK_implementation(+0x232a)[0x558f055df32a]
[hydra04:419183] *** End of error message ***
[hydra09:396328] *** End of error message ***
[hydra08:405510] [ 9] /opt/mpi/openmpi-4.1.4//lib/libmpi.so.40(PMPI_Group_incl+0x95)[0x7faa88119185]
[hydra08:405510] [10] /home/thesis/jheld/MPI_Syrk_implementation/build/src/MPI_SYRK_implementation(+0x841a)[0x5562808bd41a]
[hydra06:403864] [10] /home/thesis/jheld/MPI_Syrk_implementation/build/src/MPI_SYRK_implementation(+0x841a)[0x55b0384d841a]
[hydra06:403864] [11] /home/thesis/jheld/MPI_Syrk_implementation/build/src/MPI_SYRK_implementation(+0x2ab0)[0x55b0384d2ab0]
[hydra10:516662] [12] /lib/x86_64-linux-gnu/libc.so.6(__libc_start_main+0xea)[0x7f14dddf4d7a]
[hydra04:419182] [ 8] /opt/mpi/openmpi-4.1.4//lib/libmpi.so.40(ompi_group_incl_plist+0x65)[0x7f2ffba0b915]
[hydra09:396329] [ 6] /lib/x86_64-linux-gnu/libc.so.6(__libc_calloc+0x81)[0x7f64a6957bd1]
[hydra06:403864] [12] /lib/x86_64-linux-gnu/libc.so.6(__libc_start_main+0xea)[0x7fb01d719d7a]
[hydra10:516662] [13] /home/thesis/jheld/MPI_Syrk_implementation/build/src/MPI_SYRK_implementation(+0x232a)[0x555747ea732a]
[hydra10:516662] *** End of error message ***
[hydra04:419182] [ 9] /opt/mpi/openmpi-4.1.4//lib/libmpi.so.40(PMPI_Group_incl+0x95)[0x7f2ffba3c185]
[hydra09:396329] [ 7] /opt/mpi/openmpi-4.1.4//lib/libmpi.so.40(ompi_group_allocate+0x17)[0x7f64a88251e7]
[hydra06:403862] [ 6] /lib/x86_64-linux-gnu/libc.so.6(__libc_calloc+0x81)[0x7fd23f06cbd1]
[hydra04:419182] [10] /home/thesis/jheld/MPI_Syrk_implementation/build/src/MPI_SYRK_implementation(+0x841a)[0x560c3394b41a]
[hydra04:419182] [11] /home/thesis/jheld/MPI_Syrk_implementation/build/src/MPI_SYRK_implementation(+0x2ab0)[0x560c33945ab0]
[hydra09:396329] [ 8] /opt/mpi/openmpi-4.1.4//lib/libmpi.so.40(ompi_group_incl_plist+0x65)[0x7f64a8825915]
[hydra06:403864] [13] /home/thesis/jheld/MPI_Syrk_implementation/build/src/MPI_SYRK_implementation(+0x232a)[0x55b0384d232a]
[hydra06:403864] *** End of error message ***
[hydra04:419182] [12] /lib/x86_64-linux-gnu/libc.so.6(__libc_start_main+0xea)[0x7f2ff9adad7a]
[hydra04:419182] [13] /home/thesis/jheld/MPI_Syrk_implementation/build/src/MPI_SYRK_implementation(+0x232a)[0x560c3394532a]
[hydra04:419182] *** End of error message ***
[hydra09:396329] [ 9] /opt/mpi/openmpi-4.1.4//lib/libmpi.so.40(PMPI_Group_incl+0x95)[0x7f64a8856185]
[hydra09:396329] [10] /home/thesis/jheld/MPI_Syrk_implementation/build/src/MPI_SYRK_implementation(+0x841a)[0x5581ec1d741a]
[hydra06:403862] [ 7] /opt/mpi/openmpi-4.1.4//lib/libmpi.so.40(ompi_group_allocate+0x17)[0x7fd240f3a1e7]
[hydra09:396329] [11] /home/thesis/jheld/MPI_Syrk_implementation/build/src/MPI_SYRK_implementation(+0x2ab0)[0x5581ec1d1ab0]
[hydra05:403148] *** End of error message ***
[hydra08:405510] [11] /home/thesis/jheld/MPI_Syrk_implementation/build/src/MPI_SYRK_implementation(+0x2ab0)[0x5562808b7ab0]
[hydra06:403862] [ 8] /opt/mpi/openmpi-4.1.4//lib/libmpi.so.40(ompi_group_incl_plist+0x65)[0x7fd240f3a915]
[hydra09:396329] [12] /lib/x86_64-linux-gnu/libc.so.6(__libc_start_main+0xea)[0x7f64a68f4d7a]
[hydra09:396329] [13] /home/thesis/jheld/MPI_Syrk_implementation/build/src/MPI_SYRK_implementation(+0x232a)[0x5581ec1d132a]
[hydra05:403149] [ 6] /lib/x86_64-linux-gnu/libc.so.6(__libc_calloc+0x81)[0x7f7e75772bd1]
[hydra08:405509] [ 9] /opt/mpi/openmpi-4.1.4//lib/libmpi.so.40(PMPI_Group_incl+0x95)[0x7f86922a2185]
[hydra08:405509] [10] /home/thesis/jheld/MPI_Syrk_implementation/build/src/MPI_SYRK_implementation(+0x841a)[0x563f9b49141a]
[hydra06:403862] [ 9] /opt/mpi/openmpi-4.1.4//lib/libmpi.so.40(PMPI_Group_incl+0x95)[0x7fd240f6b185]
[hydra06:403862] [10] /home/thesis/jheld/MPI_Syrk_implementation/build/src/MPI_SYRK_implementation(+0x841a)[0x555ebfd4941a]
[hydra07:430242] [12] /lib/x86_64-linux-gnu/libc.so.6(__libc_start_main+0xea)[0x7feb4ebdad7a]
[hydra07:430242] [13] /home/thesis/jheld/MPI_Syrk_implementation/build/src/MPI_SYRK_implementation(+0x232a)[0x558dfa04832a]
[hydra07:430242] *** End of error message ***
[hydra02:595745] [ 8] /opt/mpi/openmpi-4.1.4//lib/libmpi.so.40(ompi_group_incl_plist+0x65)[0x7ff2f8cc9915]
[hydra09:396329] *** End of error message ***
[hydra05:403149] [ 7] /opt/mpi/openmpi-4.1.4//lib/libmpi.so.40(ompi_group_allocate+0x17)[0x7f7e776401e7]
[hydra08:405510] [12] /lib/x86_64-linux-gnu/libc.so.6(__libc_start_main+0xea)[0x7faa861b7d7a]
[hydra08:405510] [13] /home/thesis/jheld/MPI_Syrk_implementation/build/src/MPI_SYRK_implementation(+0x232a)[0x5562808b732a]
[hydra08:405510] *** End of error message ***
[hydra06:403862] [11] /home/thesis/jheld/MPI_Syrk_implementation/build/src/MPI_SYRK_implementation(+0x2ab0)[0x555ebfd43ab0]
[hydra07:430244] [ 6] /lib/x86_64-linux-gnu/libc.so.6(__libc_calloc+0x81)[0x7f0ec4165bd1]
[hydra02:595744] [ 9] /opt/mpi/openmpi-4.1.4//lib/libmpi.so.40(PMPI_Group_incl+0x95)[0x7f51ac76e185]
[hydra12:383481] [12] /lib/x86_64-linux-gnu/libc.so.6(__libc_start_main+0xea)[0x7f7c7aff6d7a]
[hydra12:383481] [13] /home/thesis/jheld/MPI_Syrk_implementation/build/src/MPI_SYRK_implementation(+0x232a)[0x55be2735c32a]
[hydra12:383481] *** End of error message ***
[hydra05:403149] [ 8] /opt/mpi/openmpi-4.1.4//lib/libmpi.so.40(ompi_group_incl_plist+0x65)[0x7f7e77640915]
[hydra08:405509] [11] /home/thesis/jheld/MPI_Syrk_implementation/build/src/MPI_SYRK_implementation(+0x2ab0)[0x563f9b48bab0]
[hydra06:403862] [12] /lib/x86_64-linux-gnu/libc.so.6(__libc_start_main+0xea)[0x7fd23f009d7a]
[hydra06:403862] [13] /home/thesis/jheld/MPI_Syrk_implementation/build/src/MPI_SYRK_implementation(+0x232a)[0x555ebfd4332a]
[hydra07:430244] [ 7] /opt/mpi/openmpi-4.1.4//lib/libmpi.so.40(ompi_group_allocate+0x17)[0x7f0ec60331e7]
[hydra02:595745] [ 9] /opt/mpi/openmpi-4.1.4//lib/libmpi.so.40(PMPI_Group_incl+0x95)[0x7ff2f8cfa185]
[hydra02:595745] [10] /home/thesis/jheld/MPI_Syrk_implementation/build/src/MPI_SYRK_implementation(+0x841a)[0x562d0161741a]
[hydra02:595745] [11] /home/thesis/jheld/MPI_Syrk_implementation/build/src/MPI_SYRK_implementation(+0x2ab0)[0x562d01611ab0]
[hydra12:383480] [11] /home/thesis/jheld/MPI_Syrk_implementation/build/src/MPI_SYRK_implementation(+0x2ab0)[0x556dbafb4ab0]
[hydra05:403149] [ 9] /opt/mpi/openmpi-4.1.4//lib/libmpi.so.40(PMPI_Group_incl+0x95)[0x7f7e77671185]
[hydra05:403149] [10] /home/thesis/jheld/MPI_Syrk_implementation/build/src/MPI_SYRK_implementation(+0x841a)[0x56086016941a]
[hydra08:405509] [12] /lib/x86_64-linux-gnu/libc.so.6(__libc_start_main+0xea)[0x7f8690340d7a]
[hydra08:405509] [13] /home/thesis/jheld/MPI_Syrk_implementation/build/src/MPI_SYRK_implementation(+0x232a)[0x563f9b48b32a]
[hydra08:405509] *** End of error message ***
[hydra06:403862] *** End of error message ***
[hydra07:430244] [ 8] /opt/mpi/openmpi-4.1.4//lib/libmpi.so.40(ompi_group_incl_plist+0x65)[0x7f0ec6033915]
[hydra02:595744] [10] /home/thesis/jheld/MPI_Syrk_implementation/build/src/MPI_SYRK_implementation(+0x841a)[0x557fe2c1441a]
[hydra02:595744] [11] /home/thesis/jheld/MPI_Syrk_implementation/build/src/MPI_SYRK_implementation(+0x2ab0)[0x557fe2c0eab0]
[hydra12:383480] [12] /lib/x86_64-linux-gnu/libc.so.6(__libc_start_main+0xea)[0x7feb5df77d7a]
[hydra12:383480] [13] /home/thesis/jheld/MPI_Syrk_implementation/build/src/MPI_SYRK_implementation(+0x232a)[0x556dbafb432a]
[hydra05:403149] [11] /home/thesis/jheld/MPI_Syrk_implementation/build/src/MPI_SYRK_implementation(+0x2ab0)[0x560860163ab0]
[hydra07:430244] [ 9] /opt/mpi/openmpi-4.1.4//lib/libmpi.so.40(PMPI_Group_incl+0x95)[0x7f0ec6064185]
[hydra02:595745] [12] /lib/x86_64-linux-gnu/libc.so.6(__libc_start_main+0xea)[0x7ff2f6d98d7a]
[hydra12:383480] *** End of error message ***
[hydra05:403149] [12] /lib/x86_64-linux-gnu/libc.so.6(__libc_start_main+0xea)[0x7f7e7570fd7a]
[hydra05:403149] [13] /home/thesis/jheld/MPI_Syrk_implementation/build/src/MPI_SYRK_implementation(+0x232a)[0x56086016332a]
[hydra07:430244] [10] /home/thesis/jheld/MPI_Syrk_implementation/build/src/MPI_SYRK_implementation(+0x841a)[0x556f10b9f41a]
[hydra07:430244] [11] /home/thesis/jheld/MPI_Syrk_implementation/build/src/MPI_SYRK_implementation(+0x2ab0)[0x556f10b99ab0]
[hydra02:595744] [12] /lib/x86_64-linux-gnu/libc.so.6(__libc_start_main+0xea)[0x7f51aa80cd7a]
[hydra02:595744] [13] /home/thesis/jheld/MPI_Syrk_implementation/build/src/MPI_SYRK_implementation(+0x232a)[0x557fe2c0e32a]
[hydra02:595744] *** End of error message ***
[hydra05:403149] *** End of error message ***
[hydra07:430244] [12] /lib/x86_64-linux-gnu/libc.so.6(__libc_start_main+0xea)[0x7f0ec4102d7a]
[hydra07:430244] [13] /home/thesis/jheld/MPI_Syrk_implementation/build/src/MPI_SYRK_implementation(+0x232a)[0x556f10b9932a]
[hydra02:595745] [13] /home/thesis/jheld/MPI_Syrk_implementation/build/src/MPI_SYRK_implementation(+0x232a)[0x562d0161132a]
[hydra02:595745] *** End of error message ***
[hydra07:430244] *** End of error message ***
srun: error: hydra10: task 27: Aborted
srun: error: hydra03: task 7: Aborted
srun: error: hydra11: task 30: Aborted
srun: error: hydra02: tasks 4-5: Aborted
srun: error: hydra04: tasks 9-10: Aborted
srun: error: hydra06: tasks 15,17: Aborted
srun: error: hydra07: tasks 18,20: Aborted
srun: error: hydra01: tasks 1-2: Aborted
srun: error: hydra08: tasks 21-22: Aborted
srun: error: hydra09: tasks 25-26: Aborted
srun: error: hydra12: tasks 33-34: Aborted
srun: error: hydra05: tasks 13-14: Aborted
slurmstepd: error:  mpi/pmix_v4: _errhandler: hydra11 [10]: pmixp_client_v2.c:211: Error handler invoked: status = -61, source = [slurm.pmix.5008705.12:30]
slurmstepd: error:  mpi/pmix_v4: _errhandler: hydra10 [9]: pmixp_client_v2.c:211: Error handler invoked: status = -61, source = [slurm.pmix.5008705.12:27]
slurmstepd: error:  mpi/pmix_v4: _errhandler: hydra12 [11]: pmixp_client_v2.c:211: Error handler invoked: status = -61, source = [slurm.pmix.5008705.12:33]
slurmstepd: error:  mpi/pmix_v4: _errhandler: hydra09 [8]: pmixp_client_v2.c:211: Error handler invoked: status = -61, source = [slurm.pmix.5008705.12:25]
slurmstepd: error:  mpi/pmix_v4: _errhandler: hydra01 [0]: pmixp_client_v2.c:211: Error handler invoked: status = -61, source = [slurm.pmix.5008705.12:1]
slurmstepd: error:  mpi/pmix_v4: _errhandler: hydra05 [4]: pmixp_client_v2.c:211: Error handler invoked: status = -61, source = [slurm.pmix.5008705.12:14]
slurmstepd: error:  mpi/pmix_v4: _errhandler: hydra06 [5]: pmixp_client_v2.c:211: Error handler invoked: status = -61, source = [slurm.pmix.5008705.12:17]
slurmstepd: error:  mpi/pmix_v4: _errhandler: hydra04 [3]: pmixp_client_v2.c:211: Error handler invoked: status = -61, source = [slurm.pmix.5008705.12:10]
slurmstepd: error:  mpi/pmix_v4: _errhandler: hydra07 [6]: pmixp_client_v2.c:211: Error handler invoked: status = -61, source = [slurm.pmix.5008705.12:18]
slurmstepd: error:  mpi/pmix_v4: _errhandler: hydra03 [2]: pmixp_client_v2.c:211: Error handler invoked: status = -61, source = [slurm.pmix.5008705.12:7]
slurmstepd: error: *** STEP 5008705.12 ON hydra01 CANCELLED AT 2025-10-13T15:42:43 ***
srun: Job step aborted: Waiting up to 32 seconds for job step to finish.
srun: error: hydra08: task 23: Killed
srun: error: hydra07: task 19: Killed
srun: error: hydra02: task 3: Killed
srun: error: hydra05: task 12: Killed
srun: error: hydra01: task 0: Killed
srun: error: hydra12: task 35: Killed
srun: error: hydra09: task 24: Killed
srun: error: hydra06: task 16: Killed
srun: error: hydra04: task 11: Killed
srun: error: hydra11: tasks 31-32: Killed
srun: error: hydra10: tasks 28-29: Killed
srun: error: hydra03: tasks 6,8: Killed
⚠️ Warning: No runtime found for run 13
srun: Warning: can't honor --ntasks-per-node set to 1 which doesn't match the requested tasks 36 with the number of requested nodes 12. Ignoring --ntasks-per-node.
missing input file name --> Generate random input
malloc(): invalid size (unsorted)
[hydra01:916499] *** Process received signal ***
[hydra01:916499] Signal: Aborted (6)
[hydra01:916499] Signal code:  (-6)
malloc(): invalid size (unsorted)
[hydra12:383547] *** Process received signal ***
[hydra12:383547] Signal: Aborted (6)
[hydra12:383547] Signal code:  (-6)
malloc(): invalid size (unsorted)
[hydra01:916500] *** Process received signal ***
[hydra01:916500] Signal: Aborted (6)
[hydra01:916500] Signal code:  (-6)
malloc(): invalid size (unsorted)
[hydra11:383645] *** Process received signal ***
[hydra11:383645] Signal: Aborted (6)
[hydra11:383645] Signal code:  (-6)
malloc(): invalid size (unsorted)
[hydra01:916499] [ 0] /lib/x86_64-linux-gnu/libc.so.6(+0x38de0)[0x7f17028f7de0]
malloc(): invalid size (unsorted)
[hydra05:403212] *** Process received signal ***
[hydra05:403212] Signal: Aborted (6)
[hydra05:403212] Signal code:  (-6)
[hydra01:916500] [ 0] /lib/x86_64-linux-gnu/libc.so.6(+0x38de0)[0x7f82845f5de0]
[hydra01:916499] [ 1] /lib/x86_64-linux-gnu/libc.so.6(gsignal+0x141)[0x7f17028f7d61]
malloc(): invalid size (unsorted)
[hydra01:916500] [ 1] /lib/x86_64-linux-gnu/libc.so.6(gsignal+0x141)[0x7f82845f5d61]
malloc(): invalid size (unsorted)
[hydra06:403929] *** Process received signal ***
[hydra06:403929] Signal: Aborted (6)
[hydra06:403929] Signal code:  (-6)
malloc(): invalid size (unsorted)
[hydra04:419249] *** Process received signal ***
[hydra04:419249] Signal: Aborted (6)
[hydra04:419249] Signal code:  (-6)
[hydra01:916501] *** Process received signal ***
[hydra01:916501] Signal: Aborted (6)
[hydra01:916501] Signal code:  (-6)
malloc(): invalid size (unsorted)
[hydra03:420545] *** Process received signal ***
[hydra03:420545] Signal: Aborted (6)
[hydra03:420545] Signal code:  (-6)
malloc(): invalid size (unsorted)
[hydra07:430308] *** Process received signal ***
[hydra07:430308] Signal: Aborted (6)
[hydra07:430308] Signal code:  (-6)
malloc(): invalid size (unsorted)
[hydra02:595822] *** Process received signal ***
[hydra02:595822] Signal: Aborted (6)
[hydra02:595822] Signal code:  (-6)
malloc(): invalid size (unsorted)
[hydra09:396394] *** Process received signal ***
[hydra09:396394] Signal: Aborted (6)
[hydra09:396394] Signal code:  (-6)
[hydra01:916499] [ 2] /lib/x86_64-linux-gnu/libc.so.6(abort+0x123)[0x7f17028e1537]
[hydra01:916500] [ 2] /lib/x86_64-linux-gnu/libc.so.6(abort+0x123)[0x7f82845df537]
[hydra05:403212] [ 0] /lib/x86_64-linux-gnu/libc.so.6(+0x38de0)[0x7f1d2d207de0]
[hydra05:403214] *** Process received signal ***
malloc(): invalid size (unsorted)
[hydra08:405577] *** Process received signal ***
[hydra08:405577] Signal: Aborted (6)
[hydra08:405577] Signal code:  (-6)
[hydra01:916499] [ 3] /lib/x86_64-linux-gnu/libc.so.6(+0x7a468)[0x7f1702939468]
[hydra05:403212] [ 1] /lib/x86_64-linux-gnu/libc.so.6(gsignal+0x141)[0x7f1d2d207d61]
[hydra01:916500] [ 3] /lib/x86_64-linux-gnu/libc.so.6(+0x7a468)[0x7f8284637468]
[hydra07:430308] [ 0] /lib/x86_64-linux-gnu/libc.so.6(+0x38de0)[0x7fb69e7fcde0]
[hydra02:595822] [ 0] /lib/x86_64-linux-gnu/libc.so.6(+0x38de0)[0x7f63e5fcdde0]
malloc(): invalid size (unsorted)
[hydra12:383546] *** Process received signal ***
[hydra12:383546] Signal: Aborted (6)
[hydra12:383546] Signal code:  (-6)
[hydra01:916499] [ 4] /lib/x86_64-linux-gnu/libc.so.6(+0x8175a)[0x7f170294075a]
[hydra07:430308] [ 1] /lib/x86_64-linux-gnu/libc.so.6(gsignal+0x141)[0x7fb69e7fcd61]
[hydra05:403214] Signal: Aborted (6)
[hydra05:403214] Signal code:  (-6)
[hydra02:595822] [ 1] /lib/x86_64-linux-gnu/libc.so.6(gsignal+0x141)[0x7f63e5fcdd61]
[hydra12:383546] [ 0] /lib/x86_64-linux-gnu/libc.so.6(+0x38de0)[0x7fe15ad58de0]
[hydra01:916500] [ 4] /lib/x86_64-linux-gnu/libc.so.6(+0x8175a)[0x7f828463e75a]
malloc(): invalid size (unsorted)
[hydra10:516732] *** Process received signal ***
[hydra10:516732] Signal: Aborted (6)
[hydra10:516732] Signal code:  (-6)
[hydra07:430308] [ 2] /lib/x86_64-linux-gnu/libc.so.6(abort+0x123)[0x7fb69e7e6537]
[hydra05:403212] [ 2] /lib/x86_64-linux-gnu/libc.so.6(abort+0x123)[0x7f1d2d1f1537]
[hydra02:595822] [ 2] /lib/x86_64-linux-gnu/libc.so.6(abort+0x123)[0x7f63e5fb7537]
[hydra12:383547] [ 0] /lib/x86_64-linux-gnu/libc.so.6(+0x38de0)[0x7fa5c1f80de0]
[hydra01:916501] [ 0] /lib/x86_64-linux-gnu/libc.so.6(+0x38de0)[0x7f4c4081cde0]
[hydra07:430308] [ 3] /lib/x86_64-linux-gnu/libc.so.6(+0x7a468)[0x7fb69e83e468]
[hydra05:403212] [ 3] /lib/x86_64-linux-gnu/libc.so.6(+0x7a468)[0x7f1d2d249468]
[hydra02:595822] [ 3] /lib/x86_64-linux-gnu/libc.so.6(+0x7a468)[0x7f63e600f468]
[hydra12:383546] [ 1] /lib/x86_64-linux-gnu/libc.so.6(gsignal+0x141)[0x7fe15ad58d61]
[hydra01:916499] [ 5] /lib/x86_64-linux-gnu/libc.so.6(+0x8483c)[0x7f170294383c]
[hydra07:430308] [ 4] /lib/x86_64-linux-gnu/libc.so.6(+0x8175a)[0x7fb69e84575a]
[hydra05:403212] [ 4] /lib/x86_64-linux-gnu/libc.so.6(+0x8175a)[0x7f1d2d25075a]
[hydra02:595822] [ 4] /lib/x86_64-linux-gnu/libc.so.6(+0x8175a)[0x7f63e601675a]
[hydra12:383547] [ 1] /lib/x86_64-linux-gnu/libc.so.6(gsignal+0x141)[0x7fa5c1f80d61]
[hydra11:383645] [ 0] /lib/x86_64-linux-gnu/libc.so.6(+0x38de0)[0x7f6d377c4de0]
[hydra01:916500] [ 5] /lib/x86_64-linux-gnu/libc.so.6(+0x8483c)[0x7f828464183c]
[hydra07:430308] [ 5] /lib/x86_64-linux-gnu/libc.so.6(+0x8483c)[0x7fb69e84883c]
[hydra05:403214] [ 0] /lib/x86_64-linux-gnu/libc.so.6(+0x38de0)[0x7f5612c91de0]
[hydra02:595822] [ 5] /lib/x86_64-linux-gnu/libc.so.6(+0x8483c)[0x7f63e601983c]
[hydra12:383546] [ 2] /lib/x86_64-linux-gnu/libc.so.6(abort+0x123)[0x7fe15ad42537]
[hydra11:383645] [ 1] /lib/x86_64-linux-gnu/libc.so.6(gsignal+0x141)[0x7f6d377c4d61]
[hydra01:916501] [ 1] /lib/x86_64-linux-gnu/libc.so.6(gsignal+0x141)[0x7f4c4081cd61]
[hydra07:430308] [ 6] /lib/x86_64-linux-gnu/libc.so.6(__libc_calloc+0x81)[0x7fb69e84abd1]
[hydra05:403212] [ 5] /lib/x86_64-linux-gnu/libc.so.6(+0x8483c)[0x7f1d2d25383c]
[hydra02:595822] [ 6] /lib/x86_64-linux-gnu/libc.so.6(__libc_calloc+0x81)[0x7f63e601bbd1]
[hydra12:383547] [ 2] /lib/x86_64-linux-gnu/libc.so.6(abort+0x123)[0x7fa5c1f6a537]
[hydra11:383645] [ 2] /lib/x86_64-linux-gnu/libc.so.6(abort+0x123)[0x7f6d377ae537]
[hydra01:916499] [ 6] /lib/x86_64-linux-gnu/libc.so.6(__libc_calloc+0x81)[0x7f1702945bd1]
[hydra07:430308] [ 7] /opt/mpi/openmpi-4.1.4//lib/libmpi.so.40(ompi_group_allocate+0x17)[0x7fb6a07181e7]
[hydra05:403214] [ 1] /lib/x86_64-linux-gnu/libc.so.6(gsignal+0x141)[0x7f5612c91d61]
[hydra02:595822] [ 7] /opt/mpi/openmpi-4.1.4//lib/libmpi.so.40(ompi_group_allocate+0x17)[0x7f63e7ee91e7]
[hydra12:383547] [ 3] /lib/x86_64-linux-gnu/libc.so.6(+0x7a468)[0x7fa5c1fc2468]
[hydra11:383645] [ 3] /lib/x86_64-linux-gnu/libc.so.6(+0x7a468)[0x7f6d37806468]
[hydra01:916500] [ 6] /lib/x86_64-linux-gnu/libc.so.6(__libc_calloc+0x81)[0x7f8284643bd1]
[hydra07:430308] [ 8] /opt/mpi/openmpi-4.1.4//lib/libmpi.so.40(ompi_group_incl_plist+0x65)[0x7fb6a0718915]
[hydra05:403214] [ 2] /lib/x86_64-linux-gnu/libc.so.6(abort+0x123)[0x7f5612c7b537]
[hydra02:595822] [ 8] /opt/mpi/openmpi-4.1.4//lib/libmpi.so.40(ompi_group_incl_plist+0x65)[0x7f63e7ee9915]
[hydra12:383546] [ 3] /lib/x86_64-linux-gnu/libc.so.6(+0x7a468)[0x7fe15ad9a468]
malloc(): invalid size (unsorted)
[hydra01:916501] [ 2] /lib/x86_64-linux-gnu/libc.so.6(abort+0x123)[0x7f4c40806537]
[hydra07:430308] [ 9] /opt/mpi/openmpi-4.1.4//lib/libmpi.so.40(PMPI_Group_incl+0x95)[0x7fb6a0749185]
[hydra07:430308] [10] /home/thesis/jheld/MPI_Syrk_implementation/build/src/MPI_SYRK_implementation(+0x841a)[0x55a912dbd41a]
[hydra05:403212] [ 6] /lib/x86_64-linux-gnu/libc.so.6(__libc_calloc+0x81)[0x7f1d2d255bd1]
[hydra02:595822] [ 9] /opt/mpi/openmpi-4.1.4//lib/libmpi.so.40(PMPI_Group_incl+0x95)[0x7f63e7f1a185]
[hydra09:396394] [ 0] /lib/x86_64-linux-gnu/libc.so.6(+0x38de0)[0x7f02880bbde0]
[hydra06:403929] [ 0] /lib/x86_64-linux-gnu/libc.so.6(+0x38de0)[0x7f27e30ccde0]
[hydra12:383546] [ 4] /lib/x86_64-linux-gnu/libc.so.6(+0x8175a)[0x7fe15ada175a]
[hydra11:383643] *** Process received signal ***
[hydra01:916499] [ 7] /opt/mpi/openmpi-4.1.4//lib/libmpi.so.40(ompi_group_allocate+0x17)[0x7f17048131e7]
[hydra07:430308] [11] /home/thesis/jheld/MPI_Syrk_implementation/build/src/MPI_SYRK_implementation(+0x2ab0)[0x55a912db7ab0]
[hydra05:403212] [ 7] /opt/mpi/openmpi-4.1.4//lib/libmpi.so.40(ompi_group_allocate+0x17)[0x7f1d2f1231e7]
[hydra02:595822] [10] /home/thesis/jheld/MPI_Syrk_implementation/build/src/MPI_SYRK_implementation(+0x841a)[0x5595fdcf241a]
[hydra02:595822] [11] /home/thesis/jheld/MPI_Syrk_implementation/build/src/MPI_SYRK_implementation(+0x2ab0)[0x5595fdcecab0]
malloc(): invalid size (unsorted)
[hydra09:396395] *** Process received signal ***
[hydra09:396395] Signal: Aborted (6)
[hydra09:396395] Signal code:  (-6)
[hydra06:403929] [ 1] /lib/x86_64-linux-gnu/libc.so.6(gsignal+0x141)[0x7f27e30ccd61]
[hydra12:383547] [ 4] /lib/x86_64-linux-gnu/libc.so.6(+0x8175a)[0x7fa5c1fc975a]
[hydra04:419249] [ 0] /lib/x86_64-linux-gnu/libc.so.6(+0x38de0)[0x7fa0b8c3ede0]
[hydra11:383645] [ 4] /lib/x86_64-linux-gnu/libc.so.6(+0x8175a)[0x7f6d3780d75a]
[hydra01:916500] [ 7] /opt/mpi/openmpi-4.1.4//lib/libmpi.so.40(ompi_group_allocate+0x17)[0x7f82865111e7]
[hydra03:420545] [ 0] /lib/x86_64-linux-gnu/libc.so.6(+0x38de0)[0x7fd1424f1de0]
malloc(): invalid size (unsorted)
[hydra10:516733] *** Process received signal ***
[hydra10:516733] Signal: Aborted (6)
[hydra10:516733] Signal code:  (-6)
[hydra07:430308] [12] /lib/x86_64-linux-gnu/libc.so.6(__libc_start_main+0xea)[0x7fb69e7e7d7a]
[hydra05:403214] [ 3] /lib/x86_64-linux-gnu/libc.so.6(+0x7a468)[0x7f5612cd3468]
[hydra02:595822] [12] /lib/x86_64-linux-gnu/libc.so.6(__libc_start_main+0xea)[0x7f63e5fb8d7a]
[hydra02:595822] [13] /home/thesis/jheld/MPI_Syrk_implementation/build/src/MPI_SYRK_implementation(+0x232a)[0x5595fdcec32a]
[hydra09:396394] [ 1] /lib/x86_64-linux-gnu/libc.so.6(gsignal+0x141)[0x7f02880bbd61]
[hydra09:396394] [ 2] /lib/x86_64-linux-gnu/libc.so.6(abort+0x123)[0x7f02880a5537]
[hydra06:403929] [ 2] /lib/x86_64-linux-gnu/libc.so.6(abort+0x123)[0x7f27e30b6537]
[hydra12:383546] [ 5] /lib/x86_64-linux-gnu/libc.so.6(+0x8483c)[0x7fe15ada483c]
[hydra04:419249] [ 1] /lib/x86_64-linux-gnu/libc.so.6(gsignal+0x141)[0x7fa0b8c3ed61]
[hydra11:383643] Signal: Aborted (6)
[hydra11:383643] Signal code:  (-6)
[hydra01:916501] [ 3] /lib/x86_64-linux-gnu/libc.so.6(+0x7a468)[0x7f4c4085e468]
[hydra03:420545] [ 1] /lib/x86_64-linux-gnu/libc.so.6(gsignal+0x141)[0x7fd1424f1d61]
[hydra10:516732] [ 0] /lib/x86_64-linux-gnu/libc.so.6(+0x38de0)[0x7f92c1f1cde0]
[hydra07:430308] [13] /home/thesis/jheld/MPI_Syrk_implementation/build/src/MPI_SYRK_implementation(+0x232a)[0x55a912db732a]
[hydra07:430308] *** End of error message ***
[hydra05:403212] [ 8] /opt/mpi/openmpi-4.1.4//lib/libmpi.so.40(ompi_group_incl_plist+0x65)[0x7f1d2f123915]
[hydra02:595822] *** End of error message ***
[hydra09:396394] [ 3] /lib/x86_64-linux-gnu/libc.so.6(+0x7a468)[0x7f02880fd468]
[hydra06:403929] [ 3] /lib/x86_64-linux-gnu/libc.so.6(+0x7a468)[0x7f27e310e468]
[hydra12:383547] [ 5] /lib/x86_64-linux-gnu/libc.so.6(+0x8483c)[0x7fa5c1fcc83c]
[hydra08:405577] [ 0] /lib/x86_64-linux-gnu/libc.so.6(+0x38de0)[0x7f2375653de0]
[hydra04:419249] [ 2] /lib/x86_64-linux-gnu/libc.so.6(abort+0x123)[0x7fa0b8c28537]
[hydra11:383645] [ 5] /lib/x86_64-linux-gnu/libc.so.6(+0x8483c)[0x7f6d3781083c]
[hydra01:916499] [ 8] /opt/mpi/openmpi-4.1.4//lib/libmpi.so.40(ompi_group_incl_plist+0x65)[0x7f1704813915]
[hydra03:420545] [ 2] /lib/x86_64-linux-gnu/libc.so.6(abort+0x123)[0x7fd1424db537]
[hydra10:516733] [ 0] /lib/x86_64-linux-gnu/libc.so.6(+0x38de0)[0x7fb8d0a4cde0]
[hydra05:403214] [ 4] /lib/x86_64-linux-gnu/libc.so.6(+0x8175a)[0x7f5612cda75a]
[hydra09:396394] [ 4] /lib/x86_64-linux-gnu/libc.so.6(+0x8175a)[0x7f028810475a]
[hydra06:403929] [ 4] /lib/x86_64-linux-gnu/libc.so.6(+0x8175a)[0x7f27e311575a]
[hydra12:383546] [ 6] /lib/x86_64-linux-gnu/libc.so.6(__libc_calloc+0x81)[0x7fe15ada6bd1]
[hydra08:405577] [ 1] /lib/x86_64-linux-gnu/libc.so.6(gsignal+0x141)[0x7f2375653d61]
[hydra04:419249] [ 3] /lib/x86_64-linux-gnu/libc.so.6(+0x7a468)[0x7fa0b8c80468]
[hydra11:383645] [ 6] /lib/x86_64-linux-gnu/libc.so.6(__libc_calloc+0x81)[0x7f6d37812bd1]
[hydra01:916500] [ 8] /opt/mpi/openmpi-4.1.4//lib/libmpi.so.40(ompi_group_incl_plist+0x65)[0x7f8286511915]
[hydra03:420545] [ 3] /lib/x86_64-linux-gnu/libc.so.6(+0x7a468)[0x7fd142533468]
[hydra10:516732] [ 1] /lib/x86_64-linux-gnu/libc.so.6(gsignal+0x141)[0x7f92c1f1cd61]
[hydra05:403212] [ 9] /opt/mpi/openmpi-4.1.4//lib/libmpi.so.40(PMPI_Group_incl+0x95)[0x7f1d2f154185]
[hydra09:396395] [ 0] /lib/x86_64-linux-gnu/libc.so.6(+0x38de0)[0x7f0aed05dde0]
[hydra06:403929] [ 5] /lib/x86_64-linux-gnu/libc.so.6(+0x8483c)[0x7f27e311883c]
[hydra12:383547] [ 6] /lib/x86_64-linux-gnu/libc.so.6(__libc_calloc+0x81)[0x7fa5c1fcebd1]
[hydra08:405577] [ 2] /lib/x86_64-linux-gnu/libc.so.6(abort+0x123)[0x7f237563d537]
[hydra04:419249] [ 4] /lib/x86_64-linux-gnu/libc.so.6(+0x8175a)[0x7fa0b8c8775a]
[hydra11:383645] [ 7] /opt/mpi/openmpi-4.1.4//lib/libmpi.so.40(ompi_group_allocate+0x17)[0x7f6d396e01e7]
[hydra01:916501] [ 4] /lib/x86_64-linux-gnu/libc.so.6(+0x8175a)[0x7f4c4086575a]
[hydra03:420545] [ 4] /lib/x86_64-linux-gnu/libc.so.6(+0x8175a)[0x7fd14253a75a]
[hydra10:516733] [ 1] /lib/x86_64-linux-gnu/libc.so.6(gsignal+0x141)[0x7fb8d0a4cd61]
[hydra05:403212] [10] /home/thesis/jheld/MPI_Syrk_implementation/build/src/MPI_SYRK_implementation(+0x841a)[0x563d9288e41a]
[hydra05:403212] [11] /home/thesis/jheld/MPI_Syrk_implementation/build/src/MPI_SYRK_implementation(+0x2ab0)[0x563d92888ab0]
[hydra09:396395] [ 1] /lib/x86_64-linux-gnu/libc.so.6(gsignal+0x141)[0x7f0aed05dd61]
[hydra06:403929] [ 6] /lib/x86_64-linux-gnu/libc.so.6(__libc_calloc+0x81)[0x7f27e311abd1]
[hydra12:383546] [ 7] /opt/mpi/openmpi-4.1.4//lib/libmpi.so.40(ompi_group_allocate+0x17)[0x7fe15cc741e7]
[hydra08:405577] [ 3] /lib/x86_64-linux-gnu/libc.so.6(+0x7a468)[0x7f2375695468]
[hydra04:419249] [ 5] /lib/x86_64-linux-gnu/libc.so.6(+0x8483c)[0x7fa0b8c8a83c]
[hydra11:383643] [ 0] /lib/x86_64-linux-gnu/libc.so.6(+0x38de0)[0x7f08aafb5de0]
[hydra01:916499] [ 9] /opt/mpi/openmpi-4.1.4//lib/libmpi.so.40(PMPI_Group_incl+0x95)[0x7f1704844185]
[hydra01:916499] [10] /home/thesis/jheld/MPI_Syrk_implementation/build/src/MPI_SYRK_implementation(+0x841a)[0x55a46eea441a]
[hydra01:916499] [11] /home/thesis/jheld/MPI_Syrk_implementation/build/src/MPI_SYRK_implementation(+0x2ab0)[0x55a46ee9eab0]
[hydra03:420545] [ 5] /lib/x86_64-linux-gnu/libc.so.6(+0x8483c)[0x7fd14253d83c]
[hydra10:516732] [ 2] /lib/x86_64-linux-gnu/libc.so.6(abort+0x123)[0x7f92c1f06537]
[hydra05:403214] [ 5] /lib/x86_64-linux-gnu/libc.so.6(+0x8483c)[0x7f5612cdd83c]
[hydra09:396394] [ 5] /lib/x86_64-linux-gnu/libc.so.6(+0x8483c)[0x7f028810783c]
[hydra06:403929] [ 7] /opt/mpi/openmpi-4.1.4//lib/libmpi.so.40(ompi_group_allocate+0x17)[0x7f27e4fe81e7]
[hydra12:383547] [ 7] /opt/mpi/openmpi-4.1.4//lib/libmpi.so.40(ompi_group_allocate+0x17)[0x7fa5c3e9c1e7]
[hydra08:405577] [ 4] /lib/x86_64-linux-gnu/libc.so.6(+0x8175a)[0x7f237569c75a]
[hydra04:419249] [ 6] /lib/x86_64-linux-gnu/libc.so.6(__libc_calloc+0x81)[0x7fa0b8c8cbd1]
[hydra11:383645] [ 8] /opt/mpi/openmpi-4.1.4//lib/libmpi.so.40(ompi_group_incl_plist+0x65)[0x7f6d396e0915]
[hydra01:916500] [ 9] /opt/mpi/openmpi-4.1.4//lib/libmpi.so.40(PMPI_Group_incl+0x95)[0x7f8286542185]
[hydra01:916500] [10] /home/thesis/jheld/MPI_Syrk_implementation/build/src/MPI_SYRK_implementation(+0x841a)[0x56468a0b941a]
[hydra01:916500] [11] /home/thesis/jheld/MPI_Syrk_implementation/build/src/MPI_SYRK_implementation(+0x2ab0)[0x56468a0b3ab0]
[hydra03:420545] [ 6] /lib/x86_64-linux-gnu/libc.so.6(__libc_calloc+0x81)[0x7fd14253fbd1]
[hydra10:516733] [ 2] /lib/x86_64-linux-gnu/libc.so.6(abort+0x123)[0x7fb8d0a36537]
[hydra05:403212] [12] /lib/x86_64-linux-gnu/libc.so.6(__libc_start_main+0xea)[0x7f1d2d1f2d7a]
[hydra09:396395] [ 2] /lib/x86_64-linux-gnu/libc.so.6(abort+0x123)[0x7f0aed047537]
[hydra06:403929] [ 8] /opt/mpi/openmpi-4.1.4//lib/libmpi.so.40(ompi_group_incl_plist+0x65)[0x7f27e4fe8915]
[hydra12:383546] [ 8] /opt/mpi/openmpi-4.1.4//lib/libmpi.so.40(ompi_group_incl_plist+0x65)[0x7fe15cc74915]
[hydra08:405577] [ 5] /lib/x86_64-linux-gnu/libc.so.6(+0x8483c)[0x7f237569f83c]
[hydra04:419249] [ 7] /opt/mpi/openmpi-4.1.4//lib/libmpi.so.40(ompi_group_allocate+0x17)[0x7fa0bab5a1e7]
[hydra11:383643] [ 1] /lib/x86_64-linux-gnu/libc.so.6(gsignal+0x141)[0x7f08aafb5d61]
[hydra01:916501] [ 5] /lib/x86_64-linux-gnu/libc.so.6(+0x8483c)[0x7f4c4086883c]
[hydra03:420545] [ 7] /opt/mpi/openmpi-4.1.4//lib/libmpi.so.40(ompi_group_allocate+0x17)[0x7fd14440d1e7]
[hydra10:516732] [ 3] /lib/x86_64-linux-gnu/libc.so.6(+0x7a468)[0x7f92c1f5e468]
[hydra05:403212] [13] /home/thesis/jheld/MPI_Syrk_implementation/build/src/MPI_SYRK_implementation(+0x232a)[0x563d9288832a]
[hydra05:403212] *** End of error message ***
[hydra09:396394] [ 6] /lib/x86_64-linux-gnu/libc.so.6(__libc_calloc+0x81)[0x7f0288109bd1]
[hydra06:403929] [ 9] /opt/mpi/openmpi-4.1.4//lib/libmpi.so.40(PMPI_Group_incl+0x95)[0x7f27e5019185]
[hydra12:383547] [ 8] /opt/mpi/openmpi-4.1.4//lib/libmpi.so.40(ompi_group_incl_plist+0x65)[0x7fa5c3e9c915]
[hydra08:405577] [ 6] /lib/x86_64-linux-gnu/libc.so.6(__libc_calloc+0x81)[0x7f23756a1bd1]
[hydra04:419249] [ 8] /opt/mpi/openmpi-4.1.4//lib/libmpi.so.40(ompi_group_incl_plist+0x65)[0x7fa0bab5a915]
[hydra11:383645] [ 9] /opt/mpi/openmpi-4.1.4//lib/libmpi.so.40(PMPI_Group_incl+0x95)[0x7f6d39711185]
[hydra11:383645] [10] /home/thesis/jheld/MPI_Syrk_implementation/build/src/MPI_SYRK_implementation(+0x841a)[0x55c56f5bc41a]
[hydra01:916499] [12] /lib/x86_64-linux-gnu/libc.so.6(__libc_start_main+0xea)[0x7f17028e2d7a]
[hydra01:916499] [13] /home/thesis/jheld/MPI_Syrk_implementation/build/src/MPI_SYRK_implementation(+0x232a)[0x55a46ee9e32a]
[hydra01:916499] *** End of error message ***
[hydra03:420545] [ 8] /opt/mpi/openmpi-4.1.4//lib/libmpi.so.40(ompi_group_incl_plist+0x65)[0x7fd14440d915]
[hydra10:516733] [ 3] /lib/x86_64-linux-gnu/libc.so.6(+0x7a468)[0x7fb8d0a8e468]
[hydra05:403214] [ 6] /lib/x86_64-linux-gnu/libc.so.6(__libc_calloc+0x81)[0x7f5612cdfbd1]
[hydra09:396395] [ 3] /lib/x86_64-linux-gnu/libc.so.6(+0x7a468)[0x7f0aed09f468]
[hydra06:403929] [10] /home/thesis/jheld/MPI_Syrk_implementation/build/src/MPI_SYRK_implementation(+0x841a)[0x55deef47e41a]
[hydra06:403929] [11] /home/thesis/jheld/MPI_Syrk_implementation/build/src/MPI_SYRK_implementation(+0x2ab0)[0x55deef478ab0]
[hydra08:405577] [ 7] /opt/mpi/openmpi-4.1.4//lib/libmpi.so.40(ompi_group_allocate+0x17)[0x7f237756f1e7]
[hydra04:419249] [ 9] /opt/mpi/openmpi-4.1.4//lib/libmpi.so.40(PMPI_Group_incl+0x95)[0x7fa0bab8b185]
[hydra11:383643] [ 2] /lib/x86_64-linux-gnu/libc.so.6(abort+0x123)[0x7f08aaf9f537]
[hydra01:916500] [12] /lib/x86_64-linux-gnu/libc.so.6(__libc_start_main+0xea)[0x7f82845e0d7a]
[hydra01:916500] [13] /home/thesis/jheld/MPI_Syrk_implementation/build/src/MPI_SYRK_implementation(+0x232a)[0x56468a0b332a]
[hydra01:916500] *** End of error message ***
[hydra03:420545] [ 9] /opt/mpi/openmpi-4.1.4//lib/libmpi.so.40(PMPI_Group_incl+0x95)[0x7fd14443e185]
[hydra10:516732] [ 4] /lib/x86_64-linux-gnu/libc.so.6(+0x8175a)[0x7f92c1f6575a]
[hydra05:403214] [ 7] /opt/mpi/openmpi-4.1.4//lib/libmpi.so.40(ompi_group_allocate+0x17)[0x7f5614bad1e7]
[hydra09:396394] [ 7] /opt/mpi/openmpi-4.1.4//lib/libmpi.so.40(ompi_group_allocate+0x17)[0x7f0289fd71e7]
[hydra06:403929] [12] /lib/x86_64-linux-gnu/libc.so.6(__libc_start_main+0xea)[0x7f27e30b7d7a]
[hydra08:405577] [ 8] /opt/mpi/openmpi-4.1.4//lib/libmpi.so.40(ompi_group_incl_plist+0x65)[0x7f237756f915]
[hydra04:419249] [10] /home/thesis/jheld/MPI_Syrk_implementation/build/src/MPI_SYRK_implementation(+0x841a)[0x56293cb9541a]
[hydra04:419249] [11] /home/thesis/jheld/MPI_Syrk_implementation/build/src/MPI_SYRK_implementation(+0x2ab0)[0x56293cb8fab0]
[hydra11:383645] [11] /home/thesis/jheld/MPI_Syrk_implementation/build/src/MPI_SYRK_implementation(+0x2ab0)[0x55c56f5b6ab0]
[hydra01:916501] [ 6] /lib/x86_64-linux-gnu/libc.so.6(__libc_calloc+0x81)[0x7f4c4086abd1]
[hydra01:916501] [ 7] /opt/mpi/openmpi-4.1.4//lib/libmpi.so.40(ompi_group_allocate+0x17)[0x7f4c427381e7]
[hydra03:420545] [10] /home/thesis/jheld/MPI_Syrk_implementation/build/src/MPI_SYRK_implementation(+0x841a)[0x55f975a1741a]
[hydra03:420545] [11] /home/thesis/jheld/MPI_Syrk_implementation/build/src/MPI_SYRK_implementation(+0x2ab0)[0x55f975a11ab0]
[hydra10:516733] [ 4] /lib/x86_64-linux-gnu/libc.so.6(+0x8175a)[0x7fb8d0a9575a]
[hydra05:403214] [ 8] /opt/mpi/openmpi-4.1.4//lib/libmpi.so.40(ompi_group_incl_plist+0x65)[0x7f5614bad915]
[hydra09:396394] [ 8] /opt/mpi/openmpi-4.1.4//lib/libmpi.so.40(ompi_group_incl_plist+0x65)[0x7f0289fd7915]
[hydra06:403929] [13] /home/thesis/jheld/MPI_Syrk_implementation/build/src/MPI_SYRK_implementation(+0x232a)[0x55deef47832a]
[hydra06:403929] *** End of error message ***
[hydra08:405577] [ 9] /opt/mpi/openmpi-4.1.4//lib/libmpi.so.40(PMPI_Group_incl+0x95)[0x7f23775a0185]
[hydra08:405577] [10] /home/thesis/jheld/MPI_Syrk_implementation/build/src/MPI_SYRK_implementation(+0x841a)[0x55df76cbd41a]
[hydra04:419249] [12] /lib/x86_64-linux-gnu/libc.so.6(__libc_start_main+0xea)[0x7fa0b8c29d7a]
[hydra11:383645] [12] /lib/x86_64-linux-gnu/libc.so.6(__libc_start_main+0xea)[0x7f6d377afd7a]
[hydra11:383645] [13] /home/thesis/jheld/MPI_Syrk_implementation/build/src/MPI_SYRK_implementation(+0x232a)[0x55c56f5b632a]
[hydra11:383645] *** End of error message ***
[hydra01:916501] [ 8] /opt/mpi/openmpi-4.1.4//lib/libmpi.so.40(ompi_group_incl_plist+0x65)[0x7f4c42738915]
[hydra03:420545] [12] /lib/x86_64-linux-gnu/libc.so.6(__libc_start_main+0xea)[0x7fd1424dcd7a]
[hydra10:516732] [ 5] /lib/x86_64-linux-gnu/libc.so.6(+0x8483c)[0x7f92c1f6883c]
[hydra05:403214] [ 9] /opt/mpi/openmpi-4.1.4//lib/libmpi.so.40(PMPI_Group_incl+0x95)[0x7f5614bde185]
[hydra05:403214] [10] /home/thesis/jheld/MPI_Syrk_implementation/build/src/MPI_SYRK_implementation(+0x841a)[0x5631a29c141a]
[hydra09:396395] [ 4] /lib/x86_64-linux-gnu/libc.so.6(+0x8175a)[0x7f0aed0a675a]
[hydra08:405577] [11] /home/thesis/jheld/MPI_Syrk_implementation/build/src/MPI_SYRK_implementation(+0x2ab0)[0x55df76cb7ab0]
[hydra04:419249] [13] /home/thesis/jheld/MPI_Syrk_implementation/build/src/MPI_SYRK_implementation(+0x232a)[0x56293cb8f32a]
[hydra04:419249] *** End of error message ***
[hydra11:383643] [ 3] /lib/x86_64-linux-gnu/libc.so.6(+0x7a468)[0x7f08aaff7468]
[hydra01:916501] [ 9] /opt/mpi/openmpi-4.1.4//lib/libmpi.so.40(PMPI_Group_incl+0x95)[0x7f4c42769185]
[hydra01:916501] [10] /home/thesis/jheld/MPI_Syrk_implementation/build/src/MPI_SYRK_implementation(+0x841a)[0x560a5bb5441a]
[hydra03:420545] [13] /home/thesis/jheld/MPI_Syrk_implementation/build/src/MPI_SYRK_implementation(+0x232a)[0x55f975a1132a]
[hydra03:420545] *** End of error message ***
[hydra10:516733] [ 5] /lib/x86_64-linux-gnu/libc.so.6(+0x8483c)[0x7fb8d0a9883c]
[hydra05:403214] [11] /home/thesis/jheld/MPI_Syrk_implementation/build/src/MPI_SYRK_implementation(+0x2ab0)[0x5631a29bbab0]
[hydra09:396394] [ 9] /opt/mpi/openmpi-4.1.4//lib/libmpi.so.40(PMPI_Group_incl+0x95)[0x7f028a008185]
[hydra09:396394] [10] /home/thesis/jheld/MPI_Syrk_implementation/build/src/MPI_SYRK_implementation(+0x841a)[0x5635ef4bd41a]
[hydra08:405577] [12] /lib/x86_64-linux-gnu/libc.so.6(__libc_start_main+0xea)[0x7f237563ed7a]
[hydra11:383643] [ 4] /lib/x86_64-linux-gnu/libc.so.6(+0x8175a)[0x7f08aaffe75a]
[hydra01:916501] [11] /home/thesis/jheld/MPI_Syrk_implementation/build/src/MPI_SYRK_implementation(+0x2ab0)[0x560a5bb4eab0]
[hydra10:516732] [ 6] /lib/x86_64-linux-gnu/libc.so.6(__libc_calloc+0x81)[0x7f92c1f6abd1]
[hydra05:403214] [12] /lib/x86_64-linux-gnu/libc.so.6(__libc_start_main+0xea)[0x7f5612c7cd7a]
[hydra05:403214] [13] /home/thesis/jheld/MPI_Syrk_implementation/build/src/MPI_SYRK_implementation(+0x232a)[0x5631a29bb32a]
[hydra09:396394] [11] /home/thesis/jheld/MPI_Syrk_implementation/build/src/MPI_SYRK_implementation(+0x2ab0)[0x5635ef4b7ab0]
[hydra08:405577] [13] /home/thesis/jheld/MPI_Syrk_implementation/build/src/MPI_SYRK_implementation(+0x232a)[0x55df76cb732a]
[hydra08:405577] *** End of error message ***
[hydra11:383643] [ 5] /lib/x86_64-linux-gnu/libc.so.6(+0x8483c)[0x7f08ab00183c]
[hydra01:916501] [12] /lib/x86_64-linux-gnu/libc.so.6(__libc_start_main+0xea)[0x7f4c40807d7a]
[hydra01:916501] [13] /home/thesis/jheld/MPI_Syrk_implementation/build/src/MPI_SYRK_implementation(+0x232a)[0x560a5bb4e32a]
[hydra10:516733] [ 6] /lib/x86_64-linux-gnu/libc.so.6(__libc_calloc+0x81)[0x7fb8d0a9abd1]
[hydra05:403214] *** End of error message ***
[hydra09:396395] [ 5] /lib/x86_64-linux-gnu/libc.so.6(+0x8483c)[0x7f0aed0a983c]
[hydra01:916501] *** End of error message ***
[hydra10:516732] [ 7] /opt/mpi/openmpi-4.1.4//lib/libmpi.so.40(ompi_group_allocate+0x17)[0x7f92c3e381e7]
[hydra09:396394] [12] /lib/x86_64-linux-gnu/libc.so.6(__libc_start_main+0xea)[0x7f02880a6d7a]
[hydra09:396394] [13] /home/thesis/jheld/MPI_Syrk_implementation/build/src/MPI_SYRK_implementation(+0x232a)[0x5635ef4b732a]
[hydra10:516733] [ 7] /opt/mpi/openmpi-4.1.4//lib/libmpi.so.40(ompi_group_allocate+0x17)[0x7fb8d29681e7]
[hydra09:396395] [ 6] /lib/x86_64-linux-gnu/libc.so.6(__libc_calloc+0x81)[0x7f0aed0abbd1]
[hydra10:516732] [ 8] /opt/mpi/openmpi-4.1.4//lib/libmpi.so.40(ompi_group_incl_plist+0x65)[0x7f92c3e38915]
[hydra09:396394] *** End of error message ***
[hydra10:516733] [ 8] /opt/mpi/openmpi-4.1.4//lib/libmpi.so.40(ompi_group_incl_plist+0x65)[0x7fb8d2968915]
[hydra09:396395] [ 7] /opt/mpi/openmpi-4.1.4//lib/libmpi.so.40(ompi_group_allocate+0x17)[0x7f0aeef791e7]
[hydra09:396395] [ 8] /opt/mpi/openmpi-4.1.4//lib/libmpi.so.40(ompi_group_incl_plist+0x65)[0x7f0aeef79915]
[hydra09:396395] [ 9] /opt/mpi/openmpi-4.1.4//lib/libmpi.so.40(PMPI_Group_incl+0x95)[0x7f0aeefaa185]
[hydra09:396395] [10] /home/thesis/jheld/MPI_Syrk_implementation/build/src/MPI_SYRK_implementation(+0x841a)[0x556d9d82841a]
[hydra09:396395] [11] /home/thesis/jheld/MPI_Syrk_implementation/build/src/MPI_SYRK_implementation(+0x2ab0)[0x556d9d822ab0]
[hydra09:396395] [12] /lib/x86_64-linux-gnu/libc.so.6(__libc_start_main+0xea)[0x7f0aed048d7a]
[hydra09:396395] [13] /home/thesis/jheld/MPI_Syrk_implementation/build/src/MPI_SYRK_implementation(+0x232a)[0x556d9d82232a]
[hydra09:396395] *** End of error message ***
[hydra12:383546] [ 9] /opt/mpi/openmpi-4.1.4//lib/libmpi.so.40(PMPI_Group_incl+0x95)[0x7fe15cca5185]
[hydra10:516732] [ 9] /opt/mpi/openmpi-4.1.4//lib/libmpi.so.40(PMPI_Group_incl+0x95)[0x7f92c3e69185]
[hydra12:383547] [ 9] /opt/mpi/openmpi-4.1.4//lib/libmpi.so.40(PMPI_Group_incl+0x95)[0x7fa5c3ecd185]
[hydra12:383547] [10] /home/thesis/jheld/MPI_Syrk_implementation/build/src/MPI_SYRK_implementation(+0x841a)[0x55688350f41a]
[hydra11:383643] [ 6] /lib/x86_64-linux-gnu/libc.so.6(__libc_calloc+0x81)[0x7f08ab003bd1]
[hydra10:516733] [ 9] /opt/mpi/openmpi-4.1.4//lib/libmpi.so.40(PMPI_Group_incl+0x95)[0x7fb8d2999185]
[hydra10:516733] [10] /home/thesis/jheld/MPI_Syrk_implementation/build/src/MPI_SYRK_implementation(+0x841a)[0x560499d6a41a]
[hydra10:516733] [11] /home/thesis/jheld/MPI_Syrk_implementation/build/src/MPI_SYRK_implementation(+0x2ab0)[0x560499d64ab0]
[hydra12:383546] [10] /home/thesis/jheld/MPI_Syrk_implementation/build/src/MPI_SYRK_implementation(+0x841a)[0x5625c313041a]
[hydra12:383546] [11] /home/thesis/jheld/MPI_Syrk_implementation/build/src/MPI_SYRK_implementation(+0x2ab0)[0x5625c312aab0]
[hydra11:383643] [ 7] /opt/mpi/openmpi-4.1.4//lib/libmpi.so.40(ompi_group_allocate+0x17)[0x7f08aced11e7]
[hydra10:516732] [10] /home/thesis/jheld/MPI_Syrk_implementation/build/src/MPI_SYRK_implementation(+0x841a)[0x56160573541a]
[hydra10:516732] [11] /home/thesis/jheld/MPI_Syrk_implementation/build/src/MPI_SYRK_implementation(+0x2ab0)[0x56160572fab0]
[hydra12:383547] [11] /home/thesis/jheld/MPI_Syrk_implementation/build/src/MPI_SYRK_implementation(+0x2ab0)[0x556883509ab0]
[hydra12:383547] [12] /lib/x86_64-linux-gnu/libc.so.6(__libc_start_main+0xea)[0x7fa5c1f6bd7a]
[hydra11:383643] [ 8] /opt/mpi/openmpi-4.1.4//lib/libmpi.so.40(ompi_group_incl_plist+0x65)[0x7f08aced1915]
[hydra10:516733] [12] /lib/x86_64-linux-gnu/libc.so.6(__libc_start_main+0xea)[0x7fb8d0a37d7a]
[hydra12:383547] [13] /home/thesis/jheld/MPI_Syrk_implementation/build/src/MPI_SYRK_implementation(+0x232a)[0x55688350932a]
[hydra12:383547] *** End of error message ***
[hydra11:383643] [ 9] /opt/mpi/openmpi-4.1.4//lib/libmpi.so.40(PMPI_Group_incl+0x95)[0x7f08acf02185]
[hydra11:383643] [10] /home/thesis/jheld/MPI_Syrk_implementation/build/src/MPI_SYRK_implementation(+0x841a)[0x55dcbf38941a]
[hydra10:516732] [12] /lib/x86_64-linux-gnu/libc.so.6(__libc_start_main+0xea)[0x7f92c1f07d7a]
[hydra10:516732] [13] /home/thesis/jheld/MPI_Syrk_implementation/build/src/MPI_SYRK_implementation(+0x232a)[0x56160572f32a]
[hydra10:516732] *** End of error message ***
[hydra12:383546] [12] /lib/x86_64-linux-gnu/libc.so.6(__libc_start_main+0xea)[0x7fe15ad43d7a]
[hydra12:383546] [13] /home/thesis/jheld/MPI_Syrk_implementation/build/src/MPI_SYRK_implementation(+0x232a)[0x5625c312a32a]
[hydra12:383546] *** End of error message ***
[hydra11:383643] [11] /home/thesis/jheld/MPI_Syrk_implementation/build/src/MPI_SYRK_implementation(+0x2ab0)[0x55dcbf383ab0]
[hydra10:516733] [13] /home/thesis/jheld/MPI_Syrk_implementation/build/src/MPI_SYRK_implementation(+0x232a)[0x560499d6432a]
[hydra10:516733] *** End of error message ***
[hydra11:383643] [12] /lib/x86_64-linux-gnu/libc.so.6(__libc_start_main+0xea)[0x7f08aafa0d7a]
[hydra11:383643] [13] /home/thesis/jheld/MPI_Syrk_implementation/build/src/MPI_SYRK_implementation(+0x232a)[0x55dcbf38332a]
[hydra11:383643] *** End of error message ***
srun: error: hydra04: task 11: Aborted
srun: error: hydra06: task 17: Aborted
srun: error: hydra02: task 3: Aborted
srun: error: hydra07: task 19: Aborted
srun: error: hydra08: task 23: Aborted
srun: error: hydra10: tasks 28-29: Aborted
srun: error: hydra03: task 7: Aborted
srun: error: hydra11: tasks 30,32: Aborted
srun: error: hydra12: tasks 33-34: Aborted
srun: error: hydra05: tasks 12,14: Aborted
srun: error: hydra09: tasks 25-26: Aborted
srun: error: hydra01: tasks 0-2: Aborted
slurmstepd: error:  mpi/pmix_v4: _errhandler: hydra07 [6]: pmixp_client_v2.c:211: Error handler invoked: status = -61, source = [slurm.pmix.5008705.13:19]
slurmstepd: error:  mpi/pmix_v4: _errhandler: hydra03 [2]: pmixp_client_v2.c:211: Error handler invoked: status = -61, source = [slurm.pmix.5008705.13:7]
slurmstepd: error:  mpi/pmix_v4: _errhandler: hydra06 [5]: pmixp_client_v2.c:211: Error handler invoked: status = -61, source = [slurm.pmix.5008705.13:17]
slurmstepd: error:  mpi/pmix_v4: _errhandler: hydra05 [4]: pmixp_client_v2.c:211: Error handler invoked: status = -61, source = [slurm.pmix.5008705.13:12]
slurmstepd: error:  mpi/pmix_v4: _errhandler: hydra02 [1]: pmixp_client_v2.c:211: Error handler invoked: status = -61, source = [slurm.pmix.5008705.13:3]
slurmstepd: error:  mpi/pmix_v4: _errhandler: hydra08 [7]: pmixp_client_v2.c:211: Error handler invoked: status = -61, source = [slurm.pmix.5008705.13:23]
slurmstepd: error:  mpi/pmix_v4: _errhandler: hydra04 [3]: pmixp_client_v2.c:211: Error handler invoked: status = -61, source = [slurm.pmix.5008705.13:11]
slurmstepd: error:  mpi/pmix_v4: _errhandler: hydra11 [10]: pmixp_client_v2.c:211: Error handler invoked: status = -61, source = [slurm.pmix.5008705.13:32]
slurmstepd: error:  mpi/pmix_v4: _errhandler: hydra09 [8]: pmixp_client_v2.c:211: Error handler invoked: status = -61, source = [slurm.pmix.5008705.13:25]
slurmstepd: error:  mpi/pmix_v4: _errhandler: hydra12 [11]: pmixp_client_v2.c:211: Error handler invoked: status = -61, source = [slurm.pmix.5008705.13:34]
slurmstepd: error:  mpi/pmix_v4: _errhandler: hydra10 [9]: pmixp_client_v2.c:211: Error handler invoked: status = -61, source = [slurm.pmix.5008705.13:28]
srun: Job step aborted: Waiting up to 32 seconds for job step to finish.
srun: error: hydra10: task 27: Killed
srun: error: hydra12: task 35: Killed
srun: error: hydra05: task 13: Killed
srun: error: hydra11: task 31: Killed
srun: error: hydra09: task 24: Killed
srun: error: hydra04: tasks 9-10: Killed
srun: error: hydra07: tasks 18,20: Killed
srun: error: hydra08: tasks 21-22: Killed
srun: error: hydra03: tasks 6,8: Killed
srun: error: hydra06: tasks 15-16: Killed
srun: error: hydra02: tasks 4-5: Killed
⚠️ Warning: No runtime found for run 14
srun: Warning: can't honor --ntasks-per-node set to 1 which doesn't match the requested tasks 36 with the number of requested nodes 12. Ignoring --ntasks-per-node.
missing input file name --> Generate random input
malloc(): invalid size (unsorted)
[hydra01:916598] *** Process received signal ***
[hydra01:916598] Signal: Aborted (6)
[hydra01:916598] Signal code:  (-6)
malloc(): invalid size (unsorted)
[hydra12:383619] *** Process received signal ***
[hydra12:383619] Signal: Aborted (6)
[hydra12:383619] Signal code:  (-6)
malloc(): invalid size (unsorted)
[hydra01:916598] [ 0] /lib/x86_64-linux-gnu/libc.so.6(+0x38de0)[0x7f4409a05de0]
malloc(): invalid size (unsorted)
[hydra05:403283] *** Process received signal ***
[hydra05:403283] Signal: Aborted (6)
[hydra05:403283] Signal code:  (-6)
[hydra01:916598] [ 1] /lib/x86_64-linux-gnu/libc.so.6(gsignal+0x141)[0x7f4409a05d61]
malloc(): invalid size (unsorted)
[hydra11:383717] *** Process received signal ***
[hydra11:383717] Signal: Aborted (6)
[hydra11:383717] Signal code:  (-6)
malloc(): invalid size (unsorted)
[hydra02:595907] *** Process received signal ***
[hydra02:595907] Signal: Aborted (6)
[hydra02:595907] Signal code:  (-6)
[hydra01:916599] *** Process received signal ***
[hydra01:916599] Signal: Aborted (6)
[hydra01:916599] Signal code:  (-6)
malloc(): invalid size (unsorted)
[hydra03:420615] *** Process received signal ***
[hydra03:420615] Signal: Aborted (6)
[hydra03:420615] Signal code:  (-6)
malloc(): invalid size (unsorted)
[hydra04:419320] *** Process received signal ***
[hydra04:419320] Signal: Aborted (6)
[hydra04:419320] Signal code:  (-6)
[hydra01:916598] [ 2] /lib/x86_64-linux-gnu/libc.so.6(abort+0x123)[0x7f44099ef537]
[hydra01:916598] [ 3] /lib/x86_64-linux-gnu/libc.so.6(+0x7a468)[0x7f4409a47468]
malloc(): invalid size (unsorted)
[hydra07:430379] *** Process received signal ***
[hydra07:430379] Signal: Aborted (6)
[hydra07:430379] Signal code:  (-6)
[hydra01:916598] [ 4] /lib/x86_64-linux-gnu/libc.so.6(+0x8175a)[0x7f4409a4e75a]
[hydra01:916599] [ 0] /lib/x86_64-linux-gnu/libc.so.6(+0x38de0)[0x7f26d8d7dde0]
[hydra01:916598] [ 5] /lib/x86_64-linux-gnu/libc.so.6(+0x8483c)[0x7f4409a5183c]
[hydra01:916599] [ 1] /lib/x86_64-linux-gnu/libc.so.6(gsignal+0x141)[0x7f26d8d7dd61]
[hydra01:916599] [ 2] /lib/x86_64-linux-gnu/libc.so.6(abort+0x123)[0x7f26d8d67537]
[hydra01:916598] [ 6] /lib/x86_64-linux-gnu/libc.so.6(__libc_calloc+0x81)[0x7f4409a53bd1]
malloc(): invalid size (unsorted)
[hydra10:516807] *** Process received signal ***
[hydra10:516807] Signal: Aborted (6)
[hydra10:516807] Signal code:  (-6)
malloc(): invalid size (unsorted)
[hydra09:396466] *** Process received signal ***
[hydra09:396466] Signal: Aborted (6)
[hydra09:396466] Signal code:  (-6)
malloc(): invalid size (unsorted)
[hydra08:405647] *** Process received signal ***
[hydra08:405647] Signal: Aborted (6)
[hydra08:405647] Signal code:  (-6)
[hydra01:916598] [ 7] /opt/mpi/openmpi-4.1.4//lib/libmpi.so.40(ompi_group_allocate+0x17)[0x7f440b9211e7]
[hydra01:916599] [ 3] /lib/x86_64-linux-gnu/libc.so.6(+0x7a468)[0x7f26d8dbf468]
[hydra01:916598] [ 8] /opt/mpi/openmpi-4.1.4//lib/libmpi.so.40(ompi_group_incl_plist+0x65)[0x7f440b921915]
[hydra01:916599] [ 4] /lib/x86_64-linux-gnu/libc.so.6(+0x8175a)[0x7f26d8dc675a]
[hydra01:916598] [ 9] /opt/mpi/openmpi-4.1.4//lib/libmpi.so.40(PMPI_Group_incl+0x95)[0x7f440b952185]
[hydra01:916598] [10] /home/thesis/jheld/MPI_Syrk_implementation/build/src/MPI_SYRK_implementation(+0x841a)[0x558fc140f41a]
malloc(): invalid size (unsorted)
[hydra01:916598] [11] /home/thesis/jheld/MPI_Syrk_implementation/build/src/MPI_SYRK_implementation(+0x2ab0)[0x558fc1409ab0]
[hydra05:403283] [ 0] /lib/x86_64-linux-gnu/libc.so.6(+0x38de0)[0x7fad9e8dbde0]
[hydra01:916599] [ 5] /lib/x86_64-linux-gnu/libc.so.6(+0x8483c)[0x7f26d8dc983c]
malloc(): invalid size (unsorted)
[hydra03:420617] *** Process received signal ***
[hydra03:420617] Signal: Aborted (6)
[hydra03:420617] Signal code:  (-6)
malloc(): invalid size (unsorted)
[hydra02:595909] *** Process received signal ***
[hydra02:595909] Signal: Aborted (6)
[hydra02:595909] Signal code:  (-6)
[hydra05:403285] *** Process received signal ***
[hydra01:916598] [12] /lib/x86_64-linux-gnu/libc.so.6(__libc_start_main+0xea)[0x7f44099f0d7a]
[hydra01:916598] [13] /home/thesis/jheld/MPI_Syrk_implementation/build/src/MPI_SYRK_implementation(+0x232a)[0x558fc140932a]
[hydra01:916598] *** End of error message ***
[hydra03:420615] [ 0] /lib/x86_64-linux-gnu/libc.so.6(+0x38de0)[0x7ff966f98de0]
[hydra02:595909] [ 0] /lib/x86_64-linux-gnu/libc.so.6(+0x38de0)[0x7fedc19f8de0]
[hydra05:403285] Signal: Aborted (6)
[hydra05:403285] Signal code:  (-6)
[hydra12:383619] [ 0] /lib/x86_64-linux-gnu/libc.so.6(+0x38de0)[0x7f8075196de0]
[hydra01:916599] [ 6] /lib/x86_64-linux-gnu/libc.so.6(__libc_calloc+0x81)[0x7f26d8dcbbd1]
[hydra03:420617] [ 0] /lib/x86_64-linux-gnu/libc.so.6(+0x38de0)[0x7ffaeffdede0]
[hydra02:595907] [ 0] /lib/x86_64-linux-gnu/libc.so.6(+0x38de0)[0x7fd9338abde0]
[hydra05:403283] [ 1] /lib/x86_64-linux-gnu/libc.so.6(gsignal+0x141)[0x7fad9e8dbd61]
[hydra12:383619] [ 1] /lib/x86_64-linux-gnu/libc.so.6(gsignal+0x141)[0x7f8075196d61]
[hydra01:916599] [ 7] /opt/mpi/openmpi-4.1.4//lib/libmpi.so.40(ompi_group_allocate+0x17)[0x7f26dac991e7]
[hydra11:383717] [ 0] /lib/x86_64-linux-gnu/libc.so.6(+0x38de0)[0x7f3df102cde0]
[hydra03:420615] [ 1] /lib/x86_64-linux-gnu/libc.so.6(gsignal+0x141)[0x7ff966f98d61]
malloc(): invalid size (unsorted)
[hydra02:595909] [ 1] /lib/x86_64-linux-gnu/libc.so.6(gsignal+0x141)[0x7fedc19f8d61]
[hydra05:403283] [ 2] /lib/x86_64-linux-gnu/libc.so.6(abort+0x123)[0x7fad9e8c5537]
[hydra12:383619] [ 2] /lib/x86_64-linux-gnu/libc.so.6(abort+0x123)[0x7f8075180537]
[hydra01:916599] [ 8] /opt/mpi/openmpi-4.1.4//lib/libmpi.so.40(ompi_group_incl_plist+0x65)[0x7f26dac99915]
malloc(): invalid size (unsorted)
[hydra03:420617] [ 1] /lib/x86_64-linux-gnu/libc.so.6(gsignal+0x141)[0x7ffaeffded61]
[hydra07:430380] *** Process received signal ***
[hydra02:595907] [ 1] /lib/x86_64-linux-gnu/libc.so.6(gsignal+0x141)[0x7fd9338abd61]
[hydra05:403283] [ 3] /lib/x86_64-linux-gnu/libc.so.6(+0x7a468)[0x7fad9e91d468]
[hydra12:383619] [ 3] /lib/x86_64-linux-gnu/libc.so.6(+0x7a468)[0x7f80751d8468]
[hydra01:916599] [ 9] /opt/mpi/openmpi-4.1.4//lib/libmpi.so.40(PMPI_Group_incl+0x95)[0x7f26dacca185]
[hydra01:916599] [10] /home/thesis/jheld/MPI_Syrk_implementation/build/src/MPI_SYRK_implementation(+0x841a)[0x5622f7a7241a]
[hydra11:383717] [ 1] /lib/x86_64-linux-gnu/libc.so.6(gsignal+0x141)[0x7f3df102cd61]
malloc(): invalid size (unsorted)
[hydra08:405646] *** Process received signal ***
[hydra08:405646] Signal: Aborted (6)
[hydra08:405646] Signal code:  (-6)
[hydra03:420615] [ 2] /lib/x86_64-linux-gnu/libc.so.6(abort+0x123)[0x7ff966f82537]
[hydra07:430379] [ 0] /lib/x86_64-linux-gnu/libc.so.6(+0x38de0)[0x7fc08619cde0]
[hydra02:595909] [ 2] /lib/x86_64-linux-gnu/libc.so.6(abort+0x123)[0x7fedc19e2537]
[hydra05:403283] [ 4] /lib/x86_64-linux-gnu/libc.so.6(+0x8175a)[0x7fad9e92475a]
[hydra12:383619] [ 4] /lib/x86_64-linux-gnu/libc.so.6(+0x8175a)[0x7f80751df75a]
[hydra04:419320] [ 0] /lib/x86_64-linux-gnu/libc.so.6(+0x38de0)[0x7f3c22b03de0]
[hydra01:916599] [11] /home/thesis/jheld/MPI_Syrk_implementation/build/src/MPI_SYRK_implementation(+0x2ab0)[0x5622f7a6cab0]
[hydra11:383716] *** Process received signal ***
[hydra08:405647] [ 0] /lib/x86_64-linux-gnu/libc.so.6(+0x38de0)[0x7f24072dade0]
[hydra03:420617] [ 2] /lib/x86_64-linux-gnu/libc.so.6(abort+0x123)[0x7ffaeffc8537]
[hydra07:430380] Signal: Aborted (6)
[hydra07:430380] Signal code:  (-6)
[hydra02:595907] [ 2] /lib/x86_64-linux-gnu/libc.so.6(abort+0x123)[0x7fd933895537]
[hydra05:403285] [ 0] /lib/x86_64-linux-gnu/libc.so.6(+0x38de0)[0x7f8f844f5de0]
[hydra12:383619] [ 5] /lib/x86_64-linux-gnu/libc.so.6(+0x8483c)[0x7f80751e283c]
[hydra04:419320] [ 1] /lib/x86_64-linux-gnu/libc.so.6(gsignal+0x141)[0x7f3c22b03d61]
[hydra01:916599] [12] /lib/x86_64-linux-gnu/libc.so.6(__libc_start_main+0xea)[0x7f26d8d68d7a]
[hydra01:916599] [13] /home/thesis/jheld/MPI_Syrk_implementation/build/src/MPI_SYRK_implementation(+0x232a)[0x5622f7a6c32a]
[hydra11:383717] [ 2] /lib/x86_64-linux-gnu/libc.so.6(abort+0x123)[0x7f3df1016537]
[hydra08:405647] [ 1] /lib/x86_64-linux-gnu/libc.so.6(gsignal+0x141)[0x7f24072dad61]
[hydra03:420615] [ 3] /lib/x86_64-linux-gnu/libc.so.6(+0x7a468)[0x7ff966fda468]
[hydra07:430379] [ 1] /lib/x86_64-linux-gnu/libc.so.6(gsignal+0x141)[0x7fc08619cd61]
[hydra02:595907] [ 3] /lib/x86_64-linux-gnu/libc.so.6(+0x7a468)[0x7fd9338ed468]
malloc(): invalid size (unsorted)
[hydra10:516808] *** Process received signal ***
[hydra10:516808] Signal: Aborted (6)
[hydra10:516808] Signal code:  (-6)
[hydra05:403283] [ 5] /lib/x86_64-linux-gnu/libc.so.6(+0x8483c)[0x7fad9e92783c]
[hydra12:383619] [ 6] /lib/x86_64-linux-gnu/libc.so.6(__libc_calloc+0x81)[0x7f80751e4bd1]
[hydra04:419320] [ 2] /lib/x86_64-linux-gnu/libc.so.6(abort+0x123)[0x7f3c22aed537]
[hydra01:916599] *** End of error message ***
[hydra11:383716] Signal: Aborted (6)
[hydra11:383716] Signal code:  (-6)
[hydra08:405646] [ 0] /lib/x86_64-linux-gnu/libc.so.6(+0x38de0)[0x7f353bd45de0]
[hydra03:420617] [ 3] /lib/x86_64-linux-gnu/libc.so.6(+0x7a468)[0x7ffaf0020468]
[hydra07:430379] [ 2] /lib/x86_64-linux-gnu/libc.so.6(abort+0x123)[0x7fc086186537]
[hydra02:595909] [ 3] /lib/x86_64-linux-gnu/libc.so.6(+0x7a468)[0x7fedc1a3a468]
[hydra10:516807] [ 0] /lib/x86_64-linux-gnu/libc.so.6(+0x38de0)[0x7f320f836de0]
[hydra05:403285] [ 1] /lib/x86_64-linux-gnu/libc.so.6(gsignal+0x141)[0x7f8f844f5d61]
[hydra12:383619] [ 7] /opt/mpi/openmpi-4.1.4//lib/libmpi.so.40(ompi_group_allocate+0x17)[0x7f80770b21e7]
[hydra04:419320] [ 3] /lib/x86_64-linux-gnu/libc.so.6(+0x7a468)[0x7f3c22b45468]
[hydra11:383717] [ 3] /lib/x86_64-linux-gnu/libc.so.6(+0x7a468)[0x7f3df106e468]
[hydra08:405647] [ 2] /lib/x86_64-linux-gnu/libc.so.6(abort+0x123)[0x7f24072c4537]
[hydra03:420615] [ 4] /lib/x86_64-linux-gnu/libc.so.6(+0x8175a)[0x7ff966fe175a]
[hydra07:430379] [ 3] /lib/x86_64-linux-gnu/libc.so.6(+0x7a468)[0x7fc0861de468]
[hydra02:595907] [ 4] /lib/x86_64-linux-gnu/libc.so.6(+0x8175a)[0x7fd9338f475a]
[hydra10:516808] [ 0] /lib/x86_64-linux-gnu/libc.so.6(+0x38de0)[0x7f6a2fd20de0]
[hydra05:403285] [ 2] /lib/x86_64-linux-gnu/libc.so.6(abort+0x123)[0x7f8f844df537]
[hydra12:383619] [ 8] /opt/mpi/openmpi-4.1.4//lib/libmpi.so.40(ompi_group_incl_plist+0x65)[0x7f80770b2915]
[hydra04:419320] [ 4] /lib/x86_64-linux-gnu/libc.so.6(+0x8175a)[0x7f3c22b4c75a]
[hydra11:383717] [ 4] /lib/x86_64-linux-gnu/libc.so.6(+0x8175a)[0x7f3df107575a]
[hydra08:405646] [ 1] /lib/x86_64-linux-gnu/libc.so.6(gsignal+0x141)[0x7f353bd45d61]
[hydra03:420617] [ 4] /lib/x86_64-linux-gnu/libc.so.6(+0x8175a)[0x7ffaf002775a]
[hydra07:430380] [ 0] /lib/x86_64-linux-gnu/libc.so.6(+0x38de0)[0x7fc6e731cde0]
[hydra02:595909] [ 4] /lib/x86_64-linux-gnu/libc.so.6(+0x8175a)[0x7fedc1a4175a]
[hydra10:516808] [ 1] /lib/x86_64-linux-gnu/libc.so.6(gsignal+0x141)[0x7f6a2fd20d61]
[hydra05:403283] [ 6] /lib/x86_64-linux-gnu/libc.so.6(__libc_calloc+0x81)[0x7fad9e929bd1]
[hydra09:396466] [ 0] /lib/x86_64-linux-gnu/libc.so.6(+0x38de0)[0x7f100e810de0]
[hydra12:383619] [ 9] /opt/mpi/openmpi-4.1.4//lib/libmpi.so.40(PMPI_Group_incl+0x95)[0x7f80770e3185]
[hydra12:383619] [10] /home/thesis/jheld/MPI_Syrk_implementation/build/src/MPI_SYRK_implementation(+0x841a)[0x562449e1441a]
[hydra04:419320] [ 5] /lib/x86_64-linux-gnu/libc.so.6(+0x8483c)[0x7f3c22b4f83c]
[hydra11:383717] [ 5] /lib/x86_64-linux-gnu/libc.so.6(+0x8483c)[0x7f3df107883c]
[hydra08:405646] [ 2] /lib/x86_64-linux-gnu/libc.so.6(abort+0x123)[0x7f353bd2f537]
[hydra03:420615] [ 5] /lib/x86_64-linux-gnu/libc.so.6(+0x8483c)[0x7ff966fe483c]
[hydra07:430379] [ 4] /lib/x86_64-linux-gnu/libc.so.6(+0x8175a)[0x7fc0861e575a]
[hydra02:595909] [ 5] /lib/x86_64-linux-gnu/libc.so.6(+0x8483c)[0x7fedc1a4483c]
[hydra10:516807] [ 1] /lib/x86_64-linux-gnu/libc.so.6(gsignal+0x141)[0x7f320f836d61]
[hydra05:403283] [ 7] /opt/mpi/openmpi-4.1.4//lib/libmpi.so.40(ompi_group_allocate+0x17)[0x7fada07f71e7]
[hydra09:396466] [ 1] /lib/x86_64-linux-gnu/libc.so.6(gsignal+0x141)[0x7f100e810d61]
[hydra12:383619] [11] /home/thesis/jheld/MPI_Syrk_implementation/build/src/MPI_SYRK_implementation(+0x2ab0)[0x562449e0eab0]
[hydra04:419320] [ 6] /lib/x86_64-linux-gnu/libc.so.6(__libc_calloc+0x81)[0x7f3c22b51bd1]
[hydra11:383716] [ 0] /lib/x86_64-linux-gnu/libc.so.6(+0x38de0)[0x7fd396d16de0]
[hydra08:405647] [ 3] /lib/x86_64-linux-gnu/libc.so.6(+0x7a468)[0x7f240731c468]
[hydra03:420617] [ 5] /lib/x86_64-linux-gnu/libc.so.6(+0x8483c)[0x7ffaf002a83c]
[hydra07:430380] [ 1] /lib/x86_64-linux-gnu/libc.so.6(gsignal+0x141)[0x7fc6e731cd61]
[hydra02:595907] [ 5] /lib/x86_64-linux-gnu/libc.so.6(+0x8483c)[0x7fd9338f783c]
[hydra10:516807] [ 2] /lib/x86_64-linux-gnu/libc.so.6(abort+0x123)[0x7f320f820537]
[hydra05:403285] [ 3] /lib/x86_64-linux-gnu/libc.so.6(+0x7a468)[0x7f8f84537468]
[hydra09:396466] [ 2] /lib/x86_64-linux-gnu/libc.so.6(abort+0x123)[0x7f100e7fa537]
[hydra12:383619] [12] /lib/x86_64-linux-gnu/libc.so.6(__libc_start_main+0xea)[0x7f8075181d7a]
[hydra04:419320] [ 7] /opt/mpi/openmpi-4.1.4//lib/libmpi.so.40(ompi_group_allocate+0x17)[0x7f3c24a1f1e7]
[hydra11:383717] [ 6] /lib/x86_64-linux-gnu/libc.so.6(__libc_calloc+0x81)[0x7f3df107abd1]
[hydra08:405646] [ 3] /lib/x86_64-linux-gnu/libc.so.6(+0x7a468)[0x7f353bd87468]
[hydra03:420615] [ 6] /lib/x86_64-linux-gnu/libc.so.6(__libc_calloc+0x81)[0x7ff966fe6bd1]
[hydra07:430379] [ 5] /lib/x86_64-linux-gnu/libc.so.6(+0x8483c)[0x7fc0861e883c]
[hydra02:595907] [ 6] /lib/x86_64-linux-gnu/libc.so.6(__libc_calloc+0x81)[0x7fd9338f9bd1]
[hydra10:516808] [ 2] /lib/x86_64-linux-gnu/libc.so.6(abort+0x123)[0x7f6a2fd0a537]
[hydra05:403283] [ 8] /opt/mpi/openmpi-4.1.4//lib/libmpi.so.40(ompi_group_incl_plist+0x65)[0x7fada07f7915]
[hydra09:396466] [ 3] /lib/x86_64-linux-gnu/libc.so.6(+0x7a468)[0x7f100e852468]
[hydra12:383619] [13] /home/thesis/jheld/MPI_Syrk_implementation/build/src/MPI_SYRK_implementation(+0x232a)[0x562449e0e32a]
[hydra12:383619] *** End of error message ***
[hydra04:419320] [ 8] /opt/mpi/openmpi-4.1.4//lib/libmpi.so.40(ompi_group_incl_plist+0x65)[0x7f3c24a1f915]
[hydra11:383716] [ 1] /lib/x86_64-linux-gnu/libc.so.6(gsignal+0x141)[0x7fd396d16d61]
[hydra08:405647] [ 4] /lib/x86_64-linux-gnu/libc.so.6(+0x8175a)[0x7f240732375a]
[hydra03:420617] [ 6] /lib/x86_64-linux-gnu/libc.so.6(__libc_calloc+0x81)[0x7ffaf002cbd1]
[hydra07:430380] [ 2] /lib/x86_64-linux-gnu/libc.so.6(abort+0x123)[0x7fc6e7306537]
[hydra02:595909] [ 6] /lib/x86_64-linux-gnu/libc.so.6(__libc_calloc+0x81)[0x7fedc1a46bd1]
[hydra10:516807] [ 3] /lib/x86_64-linux-gnu/libc.so.6(+0x7a468)[0x7f320f878468]
[hydra05:403285] [ 4] /lib/x86_64-linux-gnu/libc.so.6(+0x8175a)[0x7f8f8453e75a]
[hydra09:396466] [ 4] /lib/x86_64-linux-gnu/libc.so.6(+0x8175a)[0x7f100e85975a]
[hydra04:419320] [ 9] /opt/mpi/openmpi-4.1.4//lib/libmpi.so.40(PMPI_Group_incl+0x95)[0x7f3c24a50185]
[hydra11:383717] [ 7] /opt/mpi/openmpi-4.1.4//lib/libmpi.so.40(ompi_group_allocate+0x17)[0x7f3df2f481e7]
[hydra08:405647] [ 5] /lib/x86_64-linux-gnu/libc.so.6(+0x8483c)[0x7f240732683c]
[hydra03:420615] [ 7] /opt/mpi/openmpi-4.1.4//lib/libmpi.so.40(ompi_group_allocate+0x17)[0x7ff968eb41e7]
[hydra07:430379] [ 6] /lib/x86_64-linux-gnu/libc.so.6(__libc_calloc+0x81)[0x7fc0861eabd1]
[hydra02:595907] [ 7] /opt/mpi/openmpi-4.1.4//lib/libmpi.so.40(ompi_group_allocate+0x17)[0x7fd9357c71e7]
[hydra10:516808] [ 3] /lib/x86_64-linux-gnu/libc.so.6(+0x7a468)[0x7f6a2fd62468]
[hydra05:403283] [ 9] /opt/mpi/openmpi-4.1.4//lib/libmpi.so.40(PMPI_Group_incl+0x95)[0x7fada0828185]
[hydra05:403283] [10] /home/thesis/jheld/MPI_Syrk_implementation/build/src/MPI_SYRK_implementation(+0x841a)[0x56328e3cf41a]
[hydra09:396466] [ 5] /lib/x86_64-linux-gnu/libc.so.6(+0x8483c)[0x7f100e85c83c]
[hydra04:419320] [10] /home/thesis/jheld/MPI_Syrk_implementation/build/src/MPI_SYRK_implementation(+0x841a)[0x555b6ad1841a]
[hydra04:419320] [11] /home/thesis/jheld/MPI_Syrk_implementation/build/src/MPI_SYRK_implementation(+0x2ab0)[0x555b6ad12ab0]
[hydra11:383716] [ 2] /lib/x86_64-linux-gnu/libc.so.6(abort+0x123)[0x7fd396d00537]
[hydra08:405646] [ 4] /lib/x86_64-linux-gnu/libc.so.6(+0x8175a)[0x7f353bd8e75a]
[hydra03:420617] [ 7] /opt/mpi/openmpi-4.1.4//lib/libmpi.so.40(ompi_group_allocate+0x17)[0x7ffaf1efa1e7]
[hydra07:430379] [ 7] /opt/mpi/openmpi-4.1.4//lib/libmpi.so.40(ompi_group_allocate+0x17)[0x7fc0880b81e7]
[hydra02:595909] [ 7] /opt/mpi/openmpi-4.1.4//lib/libmpi.so.40(ompi_group_allocate+0x17)[0x7fedc39141e7]
[hydra10:516807] [ 4] /lib/x86_64-linux-gnu/libc.so.6(+0x8175a)[0x7f320f87f75a]
[hydra05:403283] [11] /home/thesis/jheld/MPI_Syrk_implementation/build/src/MPI_SYRK_implementation(+0x2ab0)[0x56328e3c9ab0]
[hydra09:396466] [ 6] /lib/x86_64-linux-gnu/libc.so.6(__libc_calloc+0x81)[0x7f100e85ebd1]
[hydra04:419320] [12] /lib/x86_64-linux-gnu/libc.so.6(__libc_start_main+0xea)[0x7f3c22aeed7a]
[hydra11:383717] [ 8] /opt/mpi/openmpi-4.1.4//lib/libmpi.so.40(ompi_group_incl_plist+0x65)[0x7f3df2f48915]
[hydra08:405646] [ 5] /lib/x86_64-linux-gnu/libc.so.6(+0x8483c)[0x7f353bd9183c]
[hydra03:420615] [ 8] /opt/mpi/openmpi-4.1.4//lib/libmpi.so.40(ompi_group_incl_plist+0x65)[0x7ff968eb4915]
[hydra07:430380] [ 3] /lib/x86_64-linux-gnu/libc.so.6(+0x7a468)[0x7fc6e735e468]
[hydra02:595907] [ 8] /opt/mpi/openmpi-4.1.4//lib/libmpi.so.40(ompi_group_incl_plist+0x65)[0x7fd9357c7915]
[hydra10:516808] [ 4] /lib/x86_64-linux-gnu/libc.so.6(+0x8175a)[0x7f6a2fd6975a]
[hydra05:403285] [ 5] /lib/x86_64-linux-gnu/libc.so.6(+0x8483c)[0x7f8f8454183c]
[hydra09:396466] [ 7] /opt/mpi/openmpi-4.1.4//lib/libmpi.so.40(ompi_group_allocate+0x17)[0x7f101072c1e7]
[hydra04:419320] [13] /home/thesis/jheld/MPI_Syrk_implementation/build/src/MPI_SYRK_implementation(+0x232a)[0x555b6ad1232a]
[hydra04:419320] *** End of error message ***
[hydra11:383716] [ 3] /lib/x86_64-linux-gnu/libc.so.6(+0x7a468)[0x7fd396d58468]
[hydra08:405647] [ 6] /lib/x86_64-linux-gnu/libc.so.6(__libc_calloc+0x81)[0x7f2407328bd1]
[hydra03:420617] [ 8] /opt/mpi/openmpi-4.1.4//lib/libmpi.so.40(ompi_group_incl_plist+0x65)[0x7ffaf1efa915]
[hydra07:430379] [ 8] /opt/mpi/openmpi-4.1.4//lib/libmpi.so.40(ompi_group_incl_plist+0x65)[0x7fc0880b8915]
[hydra02:595909] [ 8] /opt/mpi/openmpi-4.1.4//lib/libmpi.so.40(ompi_group_incl_plist+0x65)[0x7fedc3914915]
[hydra10:516807] [ 5] /lib/x86_64-linux-gnu/libc.so.6(+0x8483c)[0x7f320f88283c]
[hydra05:403283] [12] /lib/x86_64-linux-gnu/libc.so.6(__libc_start_main+0xea)[0x7fad9e8c6d7a]
[hydra05:403283] [13] /home/thesis/jheld/MPI_Syrk_implementation/build/src/MPI_SYRK_implementation(+0x232a)[0x56328e3c932a]
[hydra09:396466] [ 8] /opt/mpi/openmpi-4.1.4//lib/libmpi.so.40(ompi_group_incl_plist+0x65)[0x7f101072c915]
[hydra11:383717] [ 9] /opt/mpi/openmpi-4.1.4//lib/libmpi.so.40(PMPI_Group_incl+0x95)[0x7f3df2f79185]
[hydra11:383717] [10] /home/thesis/jheld/MPI_Syrk_implementation/build/src/MPI_SYRK_implementation(+0x841a)[0x5626e3fff41a]
[hydra11:383717] [11] /home/thesis/jheld/MPI_Syrk_implementation/build/src/MPI_SYRK_implementation(+0x2ab0)[0x5626e3ff9ab0]
[hydra08:405647] [ 7] /opt/mpi/openmpi-4.1.4//lib/libmpi.so.40(ompi_group_allocate+0x17)[0x7f24091f61e7]
[hydra03:420615] [ 9] /opt/mpi/openmpi-4.1.4//lib/libmpi.so.40(PMPI_Group_incl+0x95)[0x7ff968ee5185]
[hydra03:420615] [10] /home/thesis/jheld/MPI_Syrk_implementation/build/src/MPI_SYRK_implementation(+0x841a)[0x564a35d0741a]
[hydra07:430380] [ 4] /lib/x86_64-linux-gnu/libc.so.6(+0x8175a)[0x7fc6e736575a]
[hydra02:595907] [ 9] /opt/mpi/openmpi-4.1.4//lib/libmpi.so.40(PMPI_Group_incl+0x95)[0x7fd9357f8185]
[hydra10:516808] [ 5] /lib/x86_64-linux-gnu/libc.so.6(+0x8483c)[0x7f6a2fd6c83c]
[hydra05:403283] *** End of error message ***
[hydra09:396466] [ 9] /opt/mpi/openmpi-4.1.4//lib/libmpi.so.40(PMPI_Group_incl+0x95)[0x7f101075d185]
[hydra09:396466] [10] /home/thesis/jheld/MPI_Syrk_implementation/build/src/MPI_SYRK_implementation(+0x841a)[0x558418c4b41a]
[hydra11:383716] [ 4] /lib/x86_64-linux-gnu/libc.so.6(+0x8175a)[0x7fd396d5f75a]
[hydra08:405646] [ 6] /lib/x86_64-linux-gnu/libc.so.6(__libc_calloc+0x81)[0x7f353bd93bd1]
[hydra03:420617] [ 9] /opt/mpi/openmpi-4.1.4//lib/libmpi.so.40(PMPI_Group_incl+0x95)[0x7ffaf1f2b185]
[hydra03:420617] [10] /home/thesis/jheld/MPI_Syrk_implementation/build/src/MPI_SYRK_implementation(+0x841a)[0x55af928da41a]
[hydra03:420617] [11] /home/thesis/jheld/MPI_Syrk_implementation/build/src/MPI_SYRK_implementation(+0x2ab0)[0x55af928d4ab0]
[hydra07:430379] [ 9] /opt/mpi/openmpi-4.1.4//lib/libmpi.so.40(PMPI_Group_incl+0x95)[0x7fc0880e9185]
[hydra07:430379] [10] /home/thesis/jheld/MPI_Syrk_implementation/build/src/MPI_SYRK_implementation(+0x841a)[0x56526da6c41a]
[hydra02:595909] [ 9] /opt/mpi/openmpi-4.1.4//lib/libmpi.so.40(PMPI_Group_incl+0x95)[0x7fedc3945185]
[hydra02:595909] [10] /home/thesis/jheld/MPI_Syrk_implementation/build/src/MPI_SYRK_implementation(+0x841a)[0x5566ce0d141a]
[hydra02:595909] [11] /home/thesis/jheld/MPI_Syrk_implementation/build/src/MPI_SYRK_implementation(+0x2ab0)[0x5566ce0cbab0]
[hydra10:516807] [ 6] /lib/x86_64-linux-gnu/libc.so.6(__libc_calloc+0x81)[0x7f320f884bd1]
[hydra05:403285] [ 6] /lib/x86_64-linux-gnu/libc.so.6(__libc_calloc+0x81)[0x7f8f84543bd1]
[hydra09:396466] [11] /home/thesis/jheld/MPI_Syrk_implementation/build/src/MPI_SYRK_implementation(+0x2ab0)[0x558418c45ab0]
[hydra11:383717] [12] /lib/x86_64-linux-gnu/libc.so.6(__libc_start_main+0xea)[0x7f3df1017d7a]
[hydra11:383717] [13] /home/thesis/jheld/MPI_Syrk_implementation/build/src/MPI_SYRK_implementation(+0x232a)[0x5626e3ff932a]
[hydra11:383717] *** End of error message ***
[hydra08:405647] [ 8] /opt/mpi/openmpi-4.1.4//lib/libmpi.so.40(ompi_group_incl_plist+0x65)[0x7f24091f6915]
[hydra03:420615] [11] /home/thesis/jheld/MPI_Syrk_implementation/build/src/MPI_SYRK_implementation(+0x2ab0)[0x564a35d01ab0]
[hydra07:430379] [11] /home/thesis/jheld/MPI_Syrk_implementation/build/src/MPI_SYRK_implementation(+0x2ab0)[0x56526da66ab0]
[hydra02:595907] [10] /home/thesis/jheld/MPI_Syrk_implementation/build/src/MPI_SYRK_implementation(+0x841a)[0x564b9cd6441a]
[hydra02:595907] [11] /home/thesis/jheld/MPI_Syrk_implementation/build/src/MPI_SYRK_implementation(+0x2ab0)[0x564b9cd5eab0]
[hydra10:516808] [ 6] /lib/x86_64-linux-gnu/libc.so.6(__libc_calloc+0x81)[0x7f6a2fd6ebd1]
[hydra05:403285] [ 7] /opt/mpi/openmpi-4.1.4//lib/libmpi.so.40(ompi_group_allocate+0x17)[0x7f8f864111e7]
[hydra09:396466] [12] /lib/x86_64-linux-gnu/libc.so.6(__libc_start_main+0xea)[0x7f100e7fbd7a]
[hydra11:383716] [ 5] /lib/x86_64-linux-gnu/libc.so.6(+0x8483c)[0x7fd396d6283c]
[hydra08:405646] [ 7] /opt/mpi/openmpi-4.1.4//lib/libmpi.so.40(ompi_group_allocate+0x17)[0x7f353dc611e7]
[hydra07:430380] [ 5] /lib/x86_64-linux-gnu/libc.so.6(+0x8483c)[0x7fc6e736883c]
[hydra02:595907] [12] /lib/x86_64-linux-gnu/libc.so.6(__libc_start_main+0xea)[0x7fd933896d7a]
[hydra02:595907] [13] /home/thesis/jheld/MPI_Syrk_implementation/build/src/MPI_SYRK_implementation(+0x232a)[0x564b9cd5e32a]
[hydra02:595907] *** End of error message ***
[hydra10:516807] [ 7] /opt/mpi/openmpi-4.1.4//lib/libmpi.so.40(ompi_group_allocate+0x17)[0x7f32117521e7]
[hydra09:396466] [13] /home/thesis/jheld/MPI_Syrk_implementation/build/src/MPI_SYRK_implementation(+0x232a)[0x558418c4532a]
[hydra09:396466] *** End of error message ***
[hydra08:405646] [ 8] /opt/mpi/openmpi-4.1.4//lib/libmpi.so.40(ompi_group_incl_plist+0x65)[0x7f353dc61915]
[hydra07:430379] [12] /lib/x86_64-linux-gnu/libc.so.6(__libc_start_main+0xea)[0x7fc086187d7a]
[hydra02:595909] [12] /lib/x86_64-linux-gnu/libc.so.6(__libc_start_main+0xea)[0x7fedc19e3d7a]
[hydra02:595909] [13] /home/thesis/jheld/MPI_Syrk_implementation/build/src/MPI_SYRK_implementation(+0x232a)[0x5566ce0cb32a]
[hydra02:595909] *** End of error message ***
[hydra10:516808] [ 7] /opt/mpi/openmpi-4.1.4//lib/libmpi.so.40(ompi_group_allocate+0x17)[0x7f6a31c3c1e7]
[hydra08:405647] [ 9] /opt/mpi/openmpi-4.1.4//lib/libmpi.so.40(PMPI_Group_incl+0x95)[0x7f2409227185]
[hydra08:405647] [10] /home/thesis/jheld/MPI_Syrk_implementation/build/src/MPI_SYRK_implementation(+0x841a)[0x56163c44941a]
[hydra08:405647] [11] /home/thesis/jheld/MPI_Syrk_implementation/build/src/MPI_SYRK_implementation(+0x2ab0)[0x56163c443ab0]
[hydra07:430379] [13] /home/thesis/jheld/MPI_Syrk_implementation/build/src/MPI_SYRK_implementation(+0x232a)[0x56526da6632a]
[hydra07:430379] *** End of error message ***
[hydra10:516807] [ 8] /opt/mpi/openmpi-4.1.4//lib/libmpi.so.40(ompi_group_incl_plist+0x65)[0x7f3211752915]
[hydra08:405646] [ 9] /opt/mpi/openmpi-4.1.4//lib/libmpi.so.40(PMPI_Group_incl+0x95)[0x7f353dc92185]
[hydra08:405646] [10] /home/thesis/jheld/MPI_Syrk_implementation/build/src/MPI_SYRK_implementation(+0x841a)[0x5555a4d8541a]
[hydra07:430380] [ 6] /lib/x86_64-linux-gnu/libc.so.6(__libc_calloc+0x81)[0x7fc6e736abd1]
[hydra10:516808] [ 8] /opt/mpi/openmpi-4.1.4//lib/libmpi.so.40(ompi_group_incl_plist+0x65)[0x7f6a31c3c915]
[hydra07:430380] [ 7] /opt/mpi/openmpi-4.1.4//lib/libmpi.so.40(ompi_group_allocate+0x17)[0x7fc6e92381e7]
[hydra10:516807] [ 9] /opt/mpi/openmpi-4.1.4//lib/libmpi.so.40(PMPI_Group_incl+0x95)[0x7f3211783185]
[hydra10:516807] [10] /home/thesis/jheld/MPI_Syrk_implementation/build/src/MPI_SYRK_implementation(+0x841a)[0x55ea77ba541a]
[hydra10:516808] [ 9] /opt/mpi/openmpi-4.1.4//lib/libmpi.so.40(PMPI_Group_incl+0x95)[0x7f6a31c6d185]
[hydra10:516808] [10] /home/thesis/jheld/MPI_Syrk_implementation/build/src/MPI_SYRK_implementation(+0x841a)[0x557d8638241a]
[hydra10:516808] [11] /home/thesis/jheld/MPI_Syrk_implementation/build/src/MPI_SYRK_implementation(+0x2ab0)[0x557d8637cab0]
[hydra10:516807] [11] /home/thesis/jheld/MPI_Syrk_implementation/build/src/MPI_SYRK_implementation(+0x2ab0)[0x55ea77b9fab0]
[hydra10:516808] [12] /lib/x86_64-linux-gnu/libc.so.6(__libc_start_main+0xea)[0x7f6a2fd0bd7a]
[hydra10:516807] [12] /lib/x86_64-linux-gnu/libc.so.6(__libc_start_main+0xea)[0x7f320f821d7a]
[hydra10:516807] [13] /home/thesis/jheld/MPI_Syrk_implementation/build/src/MPI_SYRK_implementation(+0x232a)[0x55ea77b9f32a]
[hydra10:516807] *** End of error message ***
[hydra10:516808] [13] /home/thesis/jheld/MPI_Syrk_implementation/build/src/MPI_SYRK_implementation(+0x232a)[0x557d8637c32a]
[hydra10:516808] *** End of error message ***
[hydra07:430380] [ 8] /opt/mpi/openmpi-4.1.4//lib/libmpi.so.40(ompi_group_incl_plist+0x65)[0x7fc6e9238915]
[hydra03:420617] [12] /lib/x86_64-linux-gnu/libc.so.6(__libc_start_main+0xea)[0x7ffaeffc9d7a]
[hydra07:430380] [ 9] /opt/mpi/openmpi-4.1.4//lib/libmpi.so.40(PMPI_Group_incl+0x95)[0x7fc6e9269185]
[hydra08:405647] [12] /lib/x86_64-linux-gnu/libc.so.6(__libc_start_main+0xea)[0x7f24072c5d7a]
[hydra08:405647] [13] /home/thesis/jheld/MPI_Syrk_implementation/build/src/MPI_SYRK_implementation(+0x232a)[0x56163c44332a]
[hydra08:405647] *** End of error message ***
[hydra03:420615] [12] /lib/x86_64-linux-gnu/libc.so.6(__libc_start_main+0xea)[0x7ff966f83d7a]
[hydra03:420615] [13] /home/thesis/jheld/MPI_Syrk_implementation/build/src/MPI_SYRK_implementation(+0x232a)[0x564a35d0132a]
[hydra03:420615] *** End of error message ***
[hydra07:430380] [10] /home/thesis/jheld/MPI_Syrk_implementation/build/src/MPI_SYRK_implementation(+0x841a)[0x5587c971241a]
[hydra07:430380] [11] /home/thesis/jheld/MPI_Syrk_implementation/build/src/MPI_SYRK_implementation(+0x2ab0)[0x5587c970cab0]
[hydra05:403285] [ 8] /opt/mpi/openmpi-4.1.4//lib/libmpi.so.40(ompi_group_incl_plist+0x65)[0x7f8f86411915]
[hydra11:383716] [ 6] /lib/x86_64-linux-gnu/libc.so.6(__libc_calloc+0x81)[0x7fd396d64bd1]
[hydra08:405646] [11] /home/thesis/jheld/MPI_Syrk_implementation/build/src/MPI_SYRK_implementation(+0x2ab0)[0x5555a4d7fab0]
[hydra03:420617] [13] /home/thesis/jheld/MPI_Syrk_implementation/build/src/MPI_SYRK_implementation(+0x232a)[0x55af928d432a]
[hydra03:420617] *** End of error message ***
[hydra07:430380] [12] /lib/x86_64-linux-gnu/libc.so.6(__libc_start_main+0xea)[0x7fc6e7307d7a]
[hydra07:430380] [13] /home/thesis/jheld/MPI_Syrk_implementation/build/src/MPI_SYRK_implementation(+0x232a)[0x5587c970c32a]
[hydra05:403285] [ 9] /opt/mpi/openmpi-4.1.4//lib/libmpi.so.40(PMPI_Group_incl+0x95)[0x7f8f86442185]
[hydra05:403285] [10] /home/thesis/jheld/MPI_Syrk_implementation/build/src/MPI_SYRK_implementation(+0x841a)[0x56281519641a]
[hydra11:383716] [ 7] /opt/mpi/openmpi-4.1.4//lib/libmpi.so.40(ompi_group_allocate+0x17)[0x7fd398c321e7]
[hydra08:405646] [12] /lib/x86_64-linux-gnu/libc.so.6(__libc_start_main+0xea)[0x7f353bd30d7a]
[hydra08:405646] [13] /home/thesis/jheld/MPI_Syrk_implementation/build/src/MPI_SYRK_implementation(+0x232a)[0x5555a4d7f32a]
[hydra08:405646] *** End of error message ***
[hydra07:430380] *** End of error message ***
[hydra05:403285] [11] /home/thesis/jheld/MPI_Syrk_implementation/build/src/MPI_SYRK_implementation(+0x2ab0)[0x562815190ab0]
[hydra11:383716] [ 8] /opt/mpi/openmpi-4.1.4//lib/libmpi.so.40(ompi_group_incl_plist+0x65)[0x7fd398c32915]
[hydra05:403285] [12] /lib/x86_64-linux-gnu/libc.so.6(__libc_start_main+0xea)[0x7f8f844e0d7a]
[hydra05:403285] [13] /home/thesis/jheld/MPI_Syrk_implementation/build/src/MPI_SYRK_implementation(+0x232a)[0x56281519032a]
[hydra11:383716] [ 9] /opt/mpi/openmpi-4.1.4//lib/libmpi.so.40(PMPI_Group_incl+0x95)[0x7fd398c63185]
[hydra11:383716] [10] /home/thesis/jheld/MPI_Syrk_implementation/build/src/MPI_SYRK_implementation(+0x841a)[0x5614fb59641a]
[hydra05:403285] *** End of error message ***
[hydra11:383716] [11] /home/thesis/jheld/MPI_Syrk_implementation/build/src/MPI_SYRK_implementation(+0x2ab0)[0x5614fb590ab0]
[hydra11:383716] [12] /lib/x86_64-linux-gnu/libc.so.6(__libc_start_main+0xea)[0x7fd396d01d7a]
[hydra11:383716] [13] /home/thesis/jheld/MPI_Syrk_implementation/build/src/MPI_SYRK_implementation(+0x232a)[0x5614fb59032a]
[hydra11:383716] *** End of error message ***
srun: error: hydra12: task 35: Aborted
srun: error: hydra09: task 26: Aborted
srun: error: hydra04: task 11: Aborted
srun: error: hydra05: tasks 12,14: Aborted
srun: error: hydra01: tasks 1-2: Aborted
srun: error: hydra11: tasks 31-32: Aborted
srun: error: hydra02: tasks 3,5: Aborted
srun: error: hydra10: tasks 28-29: Aborted
srun: error: hydra08: tasks 21-22: Aborted
srun: error: hydra03: tasks 6,8: Aborted
srun: error: hydra07: tasks 19-20: Aborted
slurmstepd: error:  mpi/pmix_v4: _errhandler: hydra12 [11]: pmixp_client_v2.c:211: Error handler invoked: status = -61, source = [slurm.pmix.5008705.14:35]
slurmstepd: error:  mpi/pmix_v4: _errhandler: hydra01 [0]: pmixp_client_v2.c:211: Error handler invoked: status = -61, source = [slurm.pmix.5008705.14:1]
slurmstepd: error:  mpi/pmix_v4: _errhandler: hydra09 [8]: pmixp_client_v2.c:211: Error handler invoked: status = -61, source = [slurm.pmix.5008705.14:26]
slurmstepd: error:  mpi/pmix_v4: _errhandler: hydra04 [3]: pmixp_client_v2.c:211: Error handler invoked: status = -61, source = [slurm.pmix.5008705.14:11]
slurmstepd: error:  mpi/pmix_v4: _errhandler: hydra05 [4]: pmixp_client_v2.c:211: Error handler invoked: status = -61, source = [slurm.pmix.5008705.14:12]
slurmstepd: error:  mpi/pmix_v4: _errhandler: hydra11 [10]: pmixp_client_v2.c:211: Error handler invoked: status = -61, source = [slurm.pmix.5008705.14:32]
slurmstepd: error:  mpi/pmix_v4: _errhandler: hydra07 [6]: pmixp_client_v2.c:211: Error handler invoked: status = -61, source = [slurm.pmix.5008705.14:19]
slurmstepd: error: *** STEP 5008705.14 ON hydra01 CANCELLED AT 2025-10-13T15:42:47 ***
slurmstepd: error:  mpi/pmix_v4: _errhandler: hydra10 [9]: pmixp_client_v2.c:211: Error handler invoked: status = -61, source = [slurm.pmix.5008705.14:29]
srun: Job step aborted: Waiting up to 32 seconds for job step to finish.
srun: error: hydra11: task 30: Killed
srun: error: hydra03: task 7: Killed
srun: error: hydra01: task 0: Killed
srun: error: hydra02: task 4: Killed
srun: error: hydra05: task 13: Killed
srun: error: hydra08: task 23: Killed
srun: error: hydra10: task 27: Killed
srun: error: hydra07: task 18: Killed
srun: error: hydra09: tasks 24-25: Killed
srun: error: hydra12: tasks 33-34: Killed
srun: error: hydra04: tasks 9-10: Killed
srun: error: hydra06: tasks 15-17: Killed
⚠️ Warning: No runtime found for run 15
srun: Warning: can't honor --ntasks-per-node set to 1 which doesn't match the requested tasks 36 with the number of requested nodes 12. Ignoring --ntasks-per-node.
missing input file name --> Generate random input
malloc(): invalid size (unsorted)
[hydra12:383677] *** Process received signal ***
[hydra12:383677] Signal: Aborted (6)
[hydra12:383677] Signal code:  (-6)
malloc(): invalid size (unsorted)
malloc(): invalid size (unsorted)
[hydra12:383676] *** Process received signal ***
[hydra12:383676] Signal: Aborted (6)
[hydra12:383676] Signal code:  (-6)
[hydra12:383677] [ 0] /lib/x86_64-linux-gnu/libc.so.6(+0x38de0)[0x7f68ac9e8de0]
[hydra12:383677] [ 1] /lib/x86_64-linux-gnu/libc.so.6(gsignal+0x141)[0x7f68ac9e8d61]
malloc(): invalid size (unsorted)
[hydra05:403343] *** Process received signal ***
[hydra05:403343] Signal: Aborted (6)
[hydra05:403343] Signal code:  (-6)
[hydra12:383676] [ 0] /lib/x86_64-linux-gnu/libc.so.6(+0x38de0)[0x7f4a51d97de0]
[hydra12:383677] [ 2] /lib/x86_64-linux-gnu/libc.so.6(abort+0x123)[0x7f68ac9d2537]
malloc(): invalid size (unsorted)
malloc(): invalid size (unsorted)
[hydra02:595982] *** Process received signal ***
[hydra02:595982] Signal: Aborted (6)
[hydra02:595982] Signal code:  (-6)
malloc(): invalid size (unsorted)
[hydra07:430437] *** Process received signal ***
[hydra07:430437] Signal: Aborted (6)
[hydra07:430437] Signal code:  (-6)
[hydra12:383676] [ 1] /lib/x86_64-linux-gnu/libc.so.6(gsignal+0x141)[0x7f4a51d97d61]
[hydra12:383676] [ 2] /lib/x86_64-linux-gnu/libc.so.6(abort+0x123)[0x7f4a51d81537]
malloc(): invalid size (unsorted)
malloc(): invalid size (unsorted)
[hydra12:383677] [ 3] /lib/x86_64-linux-gnu/libc.so.6(+0x7a468)[0x7f68aca2a468]
[hydra05:403343] [ 0] /lib/x86_64-linux-gnu/libc.so.6(+0x38de0)[0x7fd7d2414de0]
malloc(): invalid size (unsorted)
[hydra04:419379] *** Process received signal ***
[hydra04:419379] Signal: Aborted (6)
[hydra04:419379] Signal code:  (-6)
malloc(): invalid size (unsorted)
[hydra03:420676] *** Process received signal ***
[hydra03:420676] Signal: Aborted (6)
[hydra03:420676] Signal code:  (-6)
[hydra12:383676] [ 3] /lib/x86_64-linux-gnu/libc.so.6(+0x7a468)[0x7f4a51dd9468]
[hydra05:403344] *** Process received signal ***
[hydra07:430437] [ 0] /lib/x86_64-linux-gnu/libc.so.6(+0x38de0)[0x7f5d299a3de0]
[hydra12:383677] [ 4] /lib/x86_64-linux-gnu/libc.so.6(+0x8175a)[0x7f68aca3175a]
[hydra05:403343] [ 1] /lib/x86_64-linux-gnu/libc.so.6(gsignal+0x141)[0x7fd7d2414d61]
[hydra07:430439] *** Process received signal ***
[hydra07:430439] Signal: Aborted (6)
[hydra07:430439] Signal code:  (-6)
[hydra12:383677] [ 5] /lib/x86_64-linux-gnu/libc.so.6(+0x8483c)[0x7f68aca3483c]
[hydra05:403344] Signal: Aborted (6)
[hydra05:403344] Signal code:  (-6)
[hydra07:430437] [ 1] /lib/x86_64-linux-gnu/libc.so.6(gsignal+0x141)[0x7f5d299a3d61]
[hydra12:383676] [ 4] /lib/x86_64-linux-gnu/libc.so.6(+0x8175a)[0x7f4a51de075a]
[hydra05:403343] [ 2] /lib/x86_64-linux-gnu/libc.so.6(abort+0x123)[0x7fd7d23fe537]
[hydra03:420676] [ 0] /lib/x86_64-linux-gnu/libc.so.6(+0x38de0)[0x7faee08bede0]
[hydra07:430437] [ 2] /lib/x86_64-linux-gnu/libc.so.6(abort+0x123)[0x7f5d2998d537]
[hydra12:383676] [ 5] /lib/x86_64-linux-gnu/libc.so.6(+0x8483c)[0x7f4a51de383c]
malloc(): invalid size (unsorted)
[hydra10:516869] *** Process received signal ***
[hydra10:516869] Signal: Aborted (6)
[hydra10:516869] Signal code:  (-6)
[hydra05:403343] [ 3] /lib/x86_64-linux-gnu/libc.so.6(+0x7a468)[0x7fd7d2456468]
[hydra03:420676] [ 1] /lib/x86_64-linux-gnu/libc.so.6(gsignal+0x141)[0x7faee08bed61]
[hydra07:430437] [ 3] /lib/x86_64-linux-gnu/libc.so.6(+0x7a468)[0x7f5d299e5468]
[hydra12:383677] [ 6] /lib/x86_64-linux-gnu/libc.so.6(__libc_calloc+0x81)[0x7f68aca36bd1]
[hydra05:403343] [ 4] /lib/x86_64-linux-gnu/libc.so.6(+0x8175a)[0x7fd7d245d75a]
[hydra03:420676] [ 2] /lib/x86_64-linux-gnu/libc.so.6(abort+0x123)[0x7faee08a8537]
[hydra12:383677] [ 7] /opt/mpi/openmpi-4.1.4//lib/libmpi.so.40(ompi_group_allocate+0x17)[0x7f68ae9041e7]
[hydra05:403344] [ 0] /lib/x86_64-linux-gnu/libc.so.6(+0x38de0)[0x7fe702273de0]
[hydra03:420676] [ 3] /lib/x86_64-linux-gnu/libc.so.6(+0x7a468)[0x7faee0900468]
[hydra12:383676] [ 6] /lib/x86_64-linux-gnu/libc.so.6(__libc_calloc+0x81)[0x7f4a51de5bd1]
[hydra05:403343] [ 5] /lib/x86_64-linux-gnu/libc.so.6(+0x8483c)[0x7fd7d246083c]
[hydra07:430437] [ 4] /lib/x86_64-linux-gnu/libc.so.6(+0x8175a)[0x7f5d299ec75a]
[hydra12:383677] [ 8] /opt/mpi/openmpi-4.1.4//lib/libmpi.so.40(ompi_group_incl_plist+0x65)[0x7f68ae904915]
[hydra05:403344] [ 1] /lib/x86_64-linux-gnu/libc.so.6(gsignal+0x141)[0x7fe702273d61]
[hydra03:420676] [ 4] /lib/x86_64-linux-gnu/libc.so.6(+0x8175a)[0x7faee090775a]
[hydra07:430439] [ 0] /lib/x86_64-linux-gnu/libc.so.6(+0x38de0)[0x7f2327f1bde0]
[hydra12:383676] [ 7] /opt/mpi/openmpi-4.1.4//lib/libmpi.so.40(ompi_group_allocate+0x17)[0x7f4a53cb31e7]
[hydra10:516869] [ 0] /lib/x86_64-linux-gnu/libc.so.6(+0x38de0)[0x7f9c38344de0]
[hydra05:403344] [ 2] /lib/x86_64-linux-gnu/libc.so.6(abort+0x123)[0x7fe70225d537]
[hydra07:430439] [ 1] /lib/x86_64-linux-gnu/libc.so.6(gsignal+0x141)[0x7f2327f1bd61]
[hydra12:383676] [ 8] /opt/mpi/openmpi-4.1.4//lib/libmpi.so.40(ompi_group_incl_plist+0x65)[0x7f4a53cb3915]
[hydra10:516869] [ 1] /lib/x86_64-linux-gnu/libc.so.6(gsignal+0x141)[0x7f9c38344d61]
[hydra05:403343] [ 6] /lib/x86_64-linux-gnu/libc.so.6(__libc_calloc+0x81)[0x7fd7d2462bd1]
[hydra03:420676] [ 5] /lib/x86_64-linux-gnu/libc.so.6(+0x8483c)[0x7faee090a83c]
[hydra07:430437] [ 5] /lib/x86_64-linux-gnu/libc.so.6(+0x8483c)[0x7f5d299ef83c]
[hydra12:383677] [ 9] /opt/mpi/openmpi-4.1.4//lib/libmpi.so.40(PMPI_Group_incl+0x95)[0x7f68ae935185]
[hydra12:383677] [10] /home/thesis/jheld/MPI_Syrk_implementation/build/src/MPI_SYRK_implementation(+0x841a)[0x557f1db4141a]
[hydra12:383677] [11] /home/thesis/jheld/MPI_Syrk_implementation/build/src/MPI_SYRK_implementation(+0x2ab0)[0x557f1db3bab0]
[hydra10:516869] [ 2] /lib/x86_64-linux-gnu/libc.so.6(abort+0x123)[0x7f9c3832e537]
[hydra05:403343] [ 7] /opt/mpi/openmpi-4.1.4//lib/libmpi.so.40(ompi_group_allocate+0x17)[0x7fd7d43301e7]
[hydra03:420676] [ 6] /lib/x86_64-linux-gnu/libc.so.6(__libc_calloc+0x81)[0x7faee090cbd1]
[hydra07:430439] [ 2] /lib/x86_64-linux-gnu/libc.so.6(abort+0x123)[0x7f2327f05537]
[hydra12:383676] [ 9] /opt/mpi/openmpi-4.1.4//lib/libmpi.so.40(PMPI_Group_incl+0x95)[0x7f4a53ce4185]
[hydra12:383676] [10] /home/thesis/jheld/MPI_Syrk_implementation/build/src/MPI_SYRK_implementation(+0x841a)[0x560cdd56b41a]
[hydra10:516869] [ 3] /lib/x86_64-linux-gnu/libc.so.6(+0x7a468)[0x7f9c38386468]
[hydra05:403344] [ 3] /lib/x86_64-linux-gnu/libc.so.6(+0x7a468)[0x7fe7022b5468]
[hydra11:383776] *** Process received signal ***
[hydra11:383776] Signal: Aborted (6)
[hydra11:383776] Signal code:  (-6)
[hydra09:396524] *** Process received signal ***
[hydra09:396524] Signal: Aborted (6)
[hydra09:396524] Signal code:  (-6)
[hydra03:420676] [ 7] /opt/mpi/openmpi-4.1.4//lib/libmpi.so.40(ompi_group_allocate+0x17)[0x7faee27da1e7]
[hydra07:430437] [ 6] /lib/x86_64-linux-gnu/libc.so.6(__libc_calloc+0x81)[0x7f5d299f1bd1]
[hydra12:383677] [12] /lib/x86_64-linux-gnu/libc.so.6(__libc_start_main+0xea)[0x7f68ac9d3d7a]
[hydra12:383677] [13] /home/thesis/jheld/MPI_Syrk_implementation/build/src/MPI_SYRK_implementation(+0x232a)[0x557f1db3b32a]
[hydra12:383677] *** End of error message ***
[hydra05:403343] [ 8] /opt/mpi/openmpi-4.1.4//lib/libmpi.so.40(ompi_group_incl_plist+0x65)[0x7fd7d4330915]
[hydra11:383776] [ 0] /lib/x86_64-linux-gnu/libc.so.6(+0x38de0)[0x7f5191f4fde0]
malloc(): invalid size (unsorted)
[hydra03:420676] [ 8] /opt/mpi/openmpi-4.1.4//lib/libmpi.so.40(ompi_group_incl_plist+0x65)[0x7faee27da915]
[hydra07:430437] [ 7] /opt/mpi/openmpi-4.1.4//lib/libmpi.so.40(ompi_group_allocate+0x17)[0x7f5d2b8bf1e7]
[hydra12:383676] [11] /home/thesis/jheld/MPI_Syrk_implementation/build/src/MPI_SYRK_implementation(+0x2ab0)[0x560cdd565ab0]
[hydra10:516869] [ 4] /lib/x86_64-linux-gnu/libc.so.6(+0x8175a)[0x7f9c3838d75a]
[hydra05:403344] [ 4] /lib/x86_64-linux-gnu/libc.so.6(+0x8175a)[0x7fe7022bc75a]
[hydra11:383776] [ 1] /lib/x86_64-linux-gnu/libc.so.6(gsignal+0x141)[0x7f5191f4fd61]
[hydra09:396525] *** Process received signal ***
[hydra07:430439] [ 3] /lib/x86_64-linux-gnu/libc.so.6(+0x7a468)[0x7f2327f5d468]
[hydra12:383676] [12] /lib/x86_64-linux-gnu/libc.so.6(__libc_start_main+0xea)[0x7f4a51d82d7a]
[hydra12:383676] [13] /home/thesis/jheld/MPI_Syrk_implementation/build/src/MPI_SYRK_implementation(+0x232a)[0x560cdd56532a]
[hydra10:516869] [ 5] /lib/x86_64-linux-gnu/libc.so.6(+0x8483c)[0x7f9c3839083c]
[hydra05:403343] [ 9] /opt/mpi/openmpi-4.1.4//lib/libmpi.so.40(PMPI_Group_incl+0x95)[0x7fd7d4361185]
[hydra11:383776] [ 2] /lib/x86_64-linux-gnu/libc.so.6(abort+0x123)[0x7f5191f39537]
[hydra09:396524] [ 0] /lib/x86_64-linux-gnu/libc.so.6(+0x38de0)[0x7fa7060b6de0]
[hydra04:419379] [ 0] /lib/x86_64-linux-gnu/libc.so.6(+0x38de0)[0x7efc7dc61de0]
[hydra02:595982] [ 0] /lib/x86_64-linux-gnu/libc.so.6(+0x38de0)[0x7fc51048bde0]
[hydra03:420676] [ 9] /opt/mpi/openmpi-4.1.4//lib/libmpi.so.40(PMPI_Group_incl+0x95)[0x7faee280b185]
[hydra07:430437] [ 8] /opt/mpi/openmpi-4.1.4//lib/libmpi.so.40(ompi_group_incl_plist+0x65)[0x7f5d2b8bf915]
[hydra12:383676] *** End of error message ***
[hydra10:516869] [ 6] /lib/x86_64-linux-gnu/libc.so.6(__libc_calloc+0x81)[0x7f9c38392bd1]
[hydra05:403343] [10] /home/thesis/jheld/MPI_Syrk_implementation/build/src/MPI_SYRK_implementation(+0x841a)[0x5588f3bd341a]
[hydra05:403343] [11] /home/thesis/jheld/MPI_Syrk_implementation/build/src/MPI_SYRK_implementation(+0x2ab0)[0x5588f3bcdab0]
[hydra11:383776] [ 3] /lib/x86_64-linux-gnu/libc.so.6(+0x7a468)[0x7f5191f91468]
[hydra09:396525] Signal: Aborted (6)
[hydra09:396525] Signal code:  (-6)
[hydra04:419379] [ 1] /lib/x86_64-linux-gnu/libc.so.6(gsignal+0x141)[0x7efc7dc61d61]
[hydra02:595982] [ 1] /lib/x86_64-linux-gnu/libc.so.6(gsignal+0x141)[0x7fc51048bd61]
[hydra03:420676] [10] /home/thesis/jheld/MPI_Syrk_implementation/build/src/MPI_SYRK_implementation(+0x841a)[0x560e21d1241a]
[hydra03:420676] [11] /home/thesis/jheld/MPI_Syrk_implementation/build/src/MPI_SYRK_implementation(+0x2ab0)[0x560e21d0cab0]
[hydra07:430439] [ 4] /lib/x86_64-linux-gnu/libc.so.6(+0x8175a)[0x7f2327f6475a]
[hydra10:516869] [ 7] /opt/mpi/openmpi-4.1.4//lib/libmpi.so.40(ompi_group_allocate+0x17)[0x7f9c3a2601e7]
[hydra05:403344] [ 5] /lib/x86_64-linux-gnu/libc.so.6(+0x8483c)[0x7fe7022bf83c]
[hydra11:383776] [ 4] /lib/x86_64-linux-gnu/libc.so.6(+0x8175a)[0x7f5191f9875a]
[hydra09:396524] [ 1] /lib/x86_64-linux-gnu/libc.so.6(gsignal+0x141)[0x7fa7060b6d61]
[hydra04:419379] [ 2] /lib/x86_64-linux-gnu/libc.so.6(abort+0x123)[0x7efc7dc4b537]
[hydra02:595982] [ 2] /lib/x86_64-linux-gnu/libc.so.6(abort+0x123)[0x7fc510475537]
[hydra03:420676] [12] /lib/x86_64-linux-gnu/libc.so.6(__libc_start_main+0xea)[0x7faee08a9d7a]
[hydra07:430437] [ 9] /opt/mpi/openmpi-4.1.4//lib/libmpi.so.40(PMPI_Group_incl+0x95)[0x7f5d2b8f0185]
[hydra10:516869] [ 8] /opt/mpi/openmpi-4.1.4//lib/libmpi.so.40(ompi_group_incl_plist+0x65)[0x7f9c3a260915]
[hydra05:403343] [12] /lib/x86_64-linux-gnu/libc.so.6(__libc_start_main+0xea)[0x7fd7d23ffd7a]
malloc(): invalid size (unsorted)
[hydra09:396524] [ 2] /lib/x86_64-linux-gnu/libc.so.6(abort+0x123)[0x7fa7060a0537]
[hydra04:419379] [ 3] /lib/x86_64-linux-gnu/libc.so.6(+0x7a468)[0x7efc7dca3468]
[hydra02:595982] [ 3] /lib/x86_64-linux-gnu/libc.so.6(+0x7a468)[0x7fc5104cd468]
[hydra03:420676] [13] /home/thesis/jheld/MPI_Syrk_implementation/build/src/MPI_SYRK_implementation(+0x232a)[0x560e21d0c32a]
[hydra03:420676] *** End of error message ***
[hydra07:430437] [10] /home/thesis/jheld/MPI_Syrk_implementation/build/src/MPI_SYRK_implementation(+0x841a)[0x5613f8f9e41a]
[hydra07:430437] [11] /home/thesis/jheld/MPI_Syrk_implementation/build/src/MPI_SYRK_implementation(+0x2ab0)[0x5613f8f98ab0]
[hydra10:516869] [ 9] /opt/mpi/openmpi-4.1.4//lib/libmpi.so.40(PMPI_Group_incl+0x95)[0x7f9c3a291185]
[hydra05:403343] [13] /home/thesis/jheld/MPI_Syrk_implementation/build/src/MPI_SYRK_implementation(+0x232a)[0x5588f3bcd32a]
[hydra05:403343] *** End of error message ***
[hydra11:383776] [ 5] /lib/x86_64-linux-gnu/libc.so.6(+0x8483c)[0x7f5191f9b83c]
[hydra09:396524] [ 3] /lib/x86_64-linux-gnu/libc.so.6(+0x7a468)[0x7fa7060f8468]
[hydra04:419379] [ 4] /lib/x86_64-linux-gnu/libc.so.6(+0x8175a)[0x7efc7dcaa75a]
[hydra02:595982] [ 4] /lib/x86_64-linux-gnu/libc.so.6(+0x8175a)[0x7fc5104d475a]
[hydra07:430439] [ 5] /lib/x86_64-linux-gnu/libc.so.6(+0x8483c)[0x7f2327f6783c]
[hydra10:516869] [10] /home/thesis/jheld/MPI_Syrk_implementation/build/src/MPI_SYRK_implementation(+0x841a)[0x55d056d9041a]
[hydra10:516869] [11] /home/thesis/jheld/MPI_Syrk_implementation/build/src/MPI_SYRK_implementation(+0x2ab0)[0x55d056d8aab0]
[hydra05:403344] [ 6] /lib/x86_64-linux-gnu/libc.so.6(__libc_calloc+0x81)[0x7fe7022c1bd1]
[hydra11:383774] *** Process received signal ***
[hydra09:396525] [ 0] /lib/x86_64-linux-gnu/libc.so.6(+0x38de0)[0x7f42a5669de0]
[hydra04:419379] [ 5] /lib/x86_64-linux-gnu/libc.so.6(+0x8483c)[0x7efc7dcad83c]
[hydra02:595982] [ 5] /lib/x86_64-linux-gnu/libc.so.6(+0x8483c)[0x7fc5104d783c]
[hydra07:430437] [12] /lib/x86_64-linux-gnu/libc.so.6(__libc_start_main+0xea)[0x7f5d2998ed7a]
[hydra07:430437] [13] /home/thesis/jheld/MPI_Syrk_implementation/build/src/MPI_SYRK_implementation(+0x232a)[0x5613f8f9832a]
[hydra10:516869] [12] /lib/x86_64-linux-gnu/libc.so.6(__libc_start_main+0xea)[0x7f9c3832fd7a]
[hydra05:403344] [ 7] /opt/mpi/openmpi-4.1.4//lib/libmpi.so.40(ompi_group_allocate+0x17)[0x7fe70418f1e7]
[hydra11:383774] Signal: Aborted (6)
[hydra11:383774] Signal code:  (-6)
[hydra09:396524] [ 4] /lib/x86_64-linux-gnu/libc.so.6(+0x8175a)[0x7fa7060ff75a]
[hydra04:419379] [ 6] /lib/x86_64-linux-gnu/libc.so.6(__libc_calloc+0x81)[0x7efc7dcafbd1]
[hydra02:595982] [ 6] /lib/x86_64-linux-gnu/libc.so.6(__libc_calloc+0x81)[0x7fc5104d9bd1]
[hydra07:430437] *** End of error message ***
[hydra10:516869] [13] /home/thesis/jheld/MPI_Syrk_implementation/build/src/MPI_SYRK_implementation(+0x232a)[0x55d056d8a32a]
[hydra10:516869] *** End of error message ***
[hydra05:403344] [ 8] /opt/mpi/openmpi-4.1.4//lib/libmpi.so.40(ompi_group_incl_plist+0x65)[0x7fe70418f915]
[hydra11:383776] [ 6] /lib/x86_64-linux-gnu/libc.so.6(__libc_calloc+0x81)[0x7f5191f9dbd1]
[hydra09:396525] [ 1] /lib/x86_64-linux-gnu/libc.so.6(gsignal+0x141)[0x7f42a5669d61]
[hydra04:419379] [ 7] /opt/mpi/openmpi-4.1.4//lib/libmpi.so.40(ompi_group_allocate+0x17)[0x7efc7fb7d1e7]
[hydra02:595982] [ 7] /opt/mpi/openmpi-4.1.4//lib/libmpi.so.40(ompi_group_allocate+0x17)[0x7fc5123a71e7]
[hydra07:430439] [ 6] /lib/x86_64-linux-gnu/libc.so.6(__libc_calloc+0x81)[0x7f2327f69bd1]
[hydra05:403344] [ 9] /opt/mpi/openmpi-4.1.4//lib/libmpi.so.40(PMPI_Group_incl+0x95)[0x7fe7041c0185]
[hydra05:403344] [10] /home/thesis/jheld/MPI_Syrk_implementation/build/src/MPI_SYRK_implementation(+0x841a)[0x55a14e40241a]
[hydra11:383776] [ 7] /opt/mpi/openmpi-4.1.4//lib/libmpi.so.40(ompi_group_allocate+0x17)[0x7f5193e6b1e7]
[hydra09:396525] [ 2] /lib/x86_64-linux-gnu/libc.so.6(abort+0x123)[0x7f42a5653537]
[hydra04:419379] [ 8] /opt/mpi/openmpi-4.1.4//lib/libmpi.so.40(ompi_group_incl_plist+0x65)[0x7efc7fb7d915]
[hydra02:595982] [ 8] /opt/mpi/openmpi-4.1.4//lib/libmpi.so.40(ompi_group_incl_plist+0x65)[0x7fc5123a7915]
[hydra07:430439] [ 7] /opt/mpi/openmpi-4.1.4//lib/libmpi.so.40(ompi_group_allocate+0x17)[0x7f2329e371e7]
[hydra05:403344] [11] /home/thesis/jheld/MPI_Syrk_implementation/build/src/MPI_SYRK_implementation(+0x2ab0)[0x55a14e3fcab0]
[hydra11:383776] [ 8] /opt/mpi/openmpi-4.1.4//lib/libmpi.so.40(ompi_group_incl_plist+0x65)[0x7f5193e6b915]
[hydra09:396524] [ 5] /lib/x86_64-linux-gnu/libc.so.6(+0x8483c)[0x7fa70610283c]
[hydra04:419379] [ 9] /opt/mpi/openmpi-4.1.4//lib/libmpi.so.40(PMPI_Group_incl+0x95)[0x7efc7fbae185]
[hydra02:595982] [ 9] /opt/mpi/openmpi-4.1.4//lib/libmpi.so.40(PMPI_Group_incl+0x95)[0x7fc5123d8185]
[hydra02:595982] [10] /home/thesis/jheld/MPI_Syrk_implementation/build/src/MPI_SYRK_implementation(+0x841a)[0x55ffa592141a]
[hydra07:430439] [ 8] /opt/mpi/openmpi-4.1.4//lib/libmpi.so.40(ompi_group_incl_plist+0x65)[0x7f2329e37915]
[hydra05:403344] [12] /lib/x86_64-linux-gnu/libc.so.6(__libc_start_main+0xea)[0x7fe70225ed7a]
[hydra05:403344] [13] /home/thesis/jheld/MPI_Syrk_implementation/build/src/MPI_SYRK_implementation(+0x232a)[0x55a14e3fc32a]
[hydra11:383774] [ 0] /lib/x86_64-linux-gnu/libc.so.6(+0x38de0)[0x7f6742f08de0]
[hydra09:396524] [ 6] /lib/x86_64-linux-gnu/libc.so.6(__libc_calloc+0x81)[0x7fa706104bd1]
[hydra04:419379] [10] /home/thesis/jheld/MPI_Syrk_implementation/build/src/MPI_SYRK_implementation(+0x841a)[0x558f7dd2d41a]
[hydra04:419379] [11] /home/thesis/jheld/MPI_Syrk_implementation/build/src/MPI_SYRK_implementation(+0x2ab0)[0x558f7dd27ab0]
[hydra02:595982] [11] /home/thesis/jheld/MPI_Syrk_implementation/build/src/MPI_SYRK_implementation(+0x2ab0)[0x55ffa591bab0]
[hydra07:430439] [ 9] /opt/mpi/openmpi-4.1.4//lib/libmpi.so.40(PMPI_Group_incl+0x95)[0x7f2329e68185]
[hydra07:430439] [10] /home/thesis/jheld/MPI_Syrk_implementation/build/src/MPI_SYRK_implementation(+0x841a)[0x55ff6d5c741a]
[hydra05:403344] *** End of error message ***
[hydra11:383776] [ 9] /opt/mpi/openmpi-4.1.4//lib/libmpi.so.40(PMPI_Group_incl+0x95)[0x7f5193e9c185]
[hydra11:383776] [10] /home/thesis/jheld/MPI_Syrk_implementation/build/src/MPI_SYRK_implementation(+0x841a)[0x5608f79fd41a]
[hydra11:383776] [11] /home/thesis/jheld/MPI_Syrk_implementation/build/src/MPI_SYRK_implementation(+0x2ab0)[0x5608f79f7ab0]
[hydra11:383776] [12] /lib/x86_64-linux-gnu/libc.so.6(__libc_start_main+0xea)[0x7f5191f3ad7a]
[hydra11:383776] [13] /home/thesis/jheld/MPI_Syrk_implementation/build/src/MPI_SYRK_implementation(+0x232a)[0x5608f79f732a]
[hydra11:383776] *** End of error message ***
[hydra09:396525] [ 3] /lib/x86_64-linux-gnu/libc.so.6(+0x7a468)[0x7f42a56ab468]
[hydra04:419379] [12] /lib/x86_64-linux-gnu/libc.so.6(__libc_start_main+0xea)[0x7efc7dc4cd7a]
[hydra02:595982] [12] /lib/x86_64-linux-gnu/libc.so.6(__libc_start_main+0xea)[0x7fc510476d7a]
[hydra07:430439] [11] /home/thesis/jheld/MPI_Syrk_implementation/build/src/MPI_SYRK_implementation(+0x2ab0)[0x55ff6d5c1ab0]
[hydra11:383774] [ 1] /lib/x86_64-linux-gnu/libc.so.6(gsignal+0x141)[0x7f6742f08d61]
[hydra11:383774] [ 2] /lib/x86_64-linux-gnu/libc.so.6(abort+0x123)[0x7f6742ef2537]
[hydra09:396524] [ 7] /opt/mpi/openmpi-4.1.4//lib/libmpi.so.40(ompi_group_allocate+0x17)[0x7fa707fd21e7]
[hydra04:419379] [13] /home/thesis/jheld/MPI_Syrk_implementation/build/src/MPI_SYRK_implementation(+0x232a)[0x558f7dd2732a]
[hydra04:419379] *** End of error message ***
[hydra02:595982] [13] /home/thesis/jheld/MPI_Syrk_implementation/build/src/MPI_SYRK_implementation(+0x232a)[0x55ffa591b32a]
[hydra02:595982] *** End of error message ***
[hydra07:430439] [12] /lib/x86_64-linux-gnu/libc.so.6(__libc_start_main+0xea)[0x7f2327f06d7a]
[hydra11:383774] [ 3] /lib/x86_64-linux-gnu/libc.so.6(+0x7a468)[0x7f6742f4a468]
[hydra09:396525] [ 4] /lib/x86_64-linux-gnu/libc.so.6(+0x8175a)[0x7f42a56b275a]
[hydra07:430439] [13] /home/thesis/jheld/MPI_Syrk_implementation/build/src/MPI_SYRK_implementation(+0x232a)[0x55ff6d5c132a]
[hydra11:383774] [ 4] /lib/x86_64-linux-gnu/libc.so.6(+0x8175a)[0x7f6742f5175a]
[hydra09:396524] [ 8] /opt/mpi/openmpi-4.1.4//lib/libmpi.so.40(ompi_group_incl_plist+0x65)[0x7fa707fd2915]
[hydra07:430439] *** End of error message ***
[hydra09:396525] [ 5] /lib/x86_64-linux-gnu/libc.so.6(+0x8483c)[0x7f42a56b583c]
[hydra09:396524] [ 9] /opt/mpi/openmpi-4.1.4//lib/libmpi.so.40(PMPI_Group_incl+0x95)[0x7fa708003185]
[hydra09:396524] [10] /home/thesis/jheld/MPI_Syrk_implementation/build/src/MPI_SYRK_implementation(+0x841a)[0x55c1c4a5541a]
[hydra09:396524] [11] /home/thesis/jheld/MPI_Syrk_implementation/build/src/MPI_SYRK_implementation(+0x2ab0)[0x55c1c4a4fab0]
[hydra11:383774] [ 5] /lib/x86_64-linux-gnu/libc.so.6(+0x8483c)[0x7f6742f5483c]
[hydra11:383774] [ 6] /lib/x86_64-linux-gnu/libc.so.6(__libc_calloc+0x81)[0x7f6742f56bd1]
[hydra09:396525] [ 6] /lib/x86_64-linux-gnu/libc.so.6(__libc_calloc+0x81)[0x7f42a56b7bd1]
[hydra11:383774] [ 7] /opt/mpi/openmpi-4.1.4//lib/libmpi.so.40(ompi_group_allocate+0x17)[0x7f6744e241e7]
[hydra09:396524] [12] /lib/x86_64-linux-gnu/libc.so.6(__libc_start_main+0xea)[0x7fa7060a1d7a]
[hydra09:396524] [13] /home/thesis/jheld/MPI_Syrk_implementation/build/src/MPI_SYRK_implementation(+0x232a)[0x55c1c4a4f32a]
[hydra11:383774] [ 8] /opt/mpi/openmpi-4.1.4//lib/libmpi.so.40(ompi_group_incl_plist+0x65)[0x7f6744e24915]
[hydra09:396525] [ 7] /opt/mpi/openmpi-4.1.4//lib/libmpi.so.40(ompi_group_allocate+0x17)[0x7f42a75851e7]
[hydra11:383774] [ 9] /opt/mpi/openmpi-4.1.4//lib/libmpi.so.40(PMPI_Group_incl+0x95)[0x7f6744e55185]
[hydra11:383774] [10] /home/thesis/jheld/MPI_Syrk_implementation/build/src/MPI_SYRK_implementation(+0x841a)[0x55e82d18b41a]
[hydra09:396524] *** End of error message ***
[hydra11:383774] [11] /home/thesis/jheld/MPI_Syrk_implementation/build/src/MPI_SYRK_implementation(+0x2ab0)[0x55e82d185ab0]
[hydra09:396525] [ 8] /opt/mpi/openmpi-4.1.4//lib/libmpi.so.40(ompi_group_incl_plist+0x65)[0x7f42a7585915]
[hydra11:383774] [12] /lib/x86_64-linux-gnu/libc.so.6(__libc_start_main+0xea)[0x7f6742ef3d7a]
[hydra09:396525] [ 9] /opt/mpi/openmpi-4.1.4//lib/libmpi.so.40(PMPI_Group_incl+0x95)[0x7f42a75b6185]
[hydra09:396525] [10] /home/thesis/jheld/MPI_Syrk_implementation/build/src/MPI_SYRK_implementation(+0x841a)[0x55c7ce72141a]
[hydra11:383774] [13] /home/thesis/jheld/MPI_Syrk_implementation/build/src/MPI_SYRK_implementation(+0x232a)[0x55e82d18532a]
[hydra11:383774] *** End of error message ***
[hydra09:396525] [11] /home/thesis/jheld/MPI_Syrk_implementation/build/src/MPI_SYRK_implementation(+0x2ab0)[0x55c7ce71bab0]
[hydra09:396525] [12] /lib/x86_64-linux-gnu/libc.so.6(__libc_start_main+0xea)[0x7f42a5654d7a]
[hydra09:396525] [13] /home/thesis/jheld/MPI_Syrk_implementation/build/src/MPI_SYRK_implementation(+0x232a)[0x55c7ce71b32a]
[hydra09:396525] *** End of error message ***
srun: error: hydra03: task 8: Aborted
srun: error: hydra02: task 5: Aborted
srun: error: hydra04: task 11: Aborted
srun: error: hydra10: task 27: Aborted
srun: error: hydra09: tasks 25-26: Aborted
srun: error: hydra11: tasks 30,32: Aborted
srun: error: hydra05: tasks 13-14: Aborted
srun: error: hydra07: tasks 18,20: Aborted
srun: error: hydra12: tasks 33-34: Aborted
slurmstepd: error:  mpi/pmix_v4: _errhandler: hydra12 [11]: pmixp_client_v2.c:211: Error handler invoked: status = -61, source = [slurm.pmix.5008705.15:33]
slurmstepd: error:  mpi/pmix_v4: _errhandler: hydra02 [1]: pmixp_client_v2.c:211: Error handler invoked: status = -61, source = [slurm.pmix.5008705.15:5]
slurmstepd: error:  mpi/pmix_v4: _errhandler: hydra05 [4]: pmixp_client_v2.c:211: Error handler invoked: status = -61, source = [slurm.pmix.5008705.15:13]
slurmstepd: error:  mpi/pmix_v4: _errhandler: hydra09 [8]: pmixp_client_v2.c:211: Error handler invoked: status = -61, source = [slurm.pmix.5008705.15:26]
slurmstepd: error:  mpi/pmix_v4: _errhandler: hydra10 [9]: pmixp_client_v2.c:211: Error handler invoked: status = -61, source = [slurm.pmix.5008705.15:27]
slurmstepd: error:  mpi/pmix_v4: _errhandler: hydra04 [3]: pmixp_client_v2.c:211: Error handler invoked: status = -61, source = [slurm.pmix.5008705.15:11]
slurmstepd: error:  mpi/pmix_v4: _errhandler: hydra11 [10]: pmixp_client_v2.c:211: Error handler invoked: status = -61, source = [slurm.pmix.5008705.15:32]
slurmstepd: error:  mpi/pmix_v4: _errhandler: hydra07 [6]: pmixp_client_v2.c:211: Error handler invoked: status = -61, source = [slurm.pmix.5008705.15:18]
slurmstepd: error:  mpi/pmix_v4: _errhandler: hydra03 [2]: pmixp_client_v2.c:211: Error handler invoked: status = -61, source = [slurm.pmix.5008705.15:8]
slurmstepd: error: *** STEP 5008705.15 ON hydra01 CANCELLED AT 2025-10-13T15:42:48 ***
srun: Job step aborted: Waiting up to 32 seconds for job step to finish.
srun: error: hydra07: task 19: Killed
srun: error: hydra11: task 31: Killed
srun: error: hydra09: task 24: Killed
srun: error: hydra12: task 35: Killed
srun: error: hydra05: task 12: Killed
srun: error: hydra03: tasks 6-7: Killed
srun: error: hydra10: tasks 28-29: Killed
srun: error: hydra02: tasks 3-4: Killed
srun: error: hydra04: tasks 9-10: Killed
srun: error: hydra01: tasks 0-2: Killed
srun: error: hydra08: tasks 21-23: Killed
srun: error: hydra06: tasks 15-17: Killed
⚠️ Warning: No runtime found for run 16
srun: Warning: can't honor --ntasks-per-node set to 1 which doesn't match the requested tasks 36 with the number of requested nodes 12. Ignoring --ntasks-per-node.
missing input file name --> Generate random input
malloc(): invalid size (unsorted)
[hydra12:383740] *** Process received signal ***
[hydra12:383740] Signal: Aborted (6)
[hydra12:383740] Signal code:  (-6)
malloc(): invalid size (unsorted)
[hydra01:916773] *** Process received signal ***
[hydra01:916773] Signal: Aborted (6)
[hydra01:916773] Signal code:  (-6)
malloc(): invalid size (unsorted)
[hydra01:916774] *** Process received signal ***
[hydra01:916774] Signal: Aborted (6)
[hydra01:916774] Signal code:  (-6)
[hydra12:383740] [ 0] /lib/x86_64-linux-gnu/libc.so.6(+0x38de0)[0x7f3bc2641de0]
malloc(): invalid size (unsorted)
[hydra01:916773] [ 0] /lib/x86_64-linux-gnu/libc.so.6(+0x38de0)[0x7f5354cd6de0]
[hydra01:916774] [ 0] /lib/x86_64-linux-gnu/libc.so.6(+0x38de0)[0x7fa4c5b80de0]
malloc(): invalid size (unsorted)
[hydra05:403405] *** Process received signal ***
[hydra05:403405] Signal: Aborted (6)
[hydra05:403405] Signal code:  (-6)
[hydra12:383740] [ 1] /lib/x86_64-linux-gnu/libc.so.6(gsignal+0x141)[0x7f3bc2641d61]
[hydra01:916775] *** Process received signal ***
[hydra01:916775] Signal: Aborted (6)
[hydra01:916775] Signal code:  (-6)
[hydra12:383740] [ 2] /lib/x86_64-linux-gnu/libc.so.6(abort+0x123)[0x7f3bc262b537]
malloc(): invalid size (unsorted)
[hydra04:419440] *** Process received signal ***
[hydra04:419440] Signal: Aborted (6)
[hydra04:419440] Signal code:  (-6)
malloc(): invalid size (unsorted)
[hydra02:596058] *** Process received signal ***
[hydra02:596058] Signal: Aborted (6)
[hydra02:596058] Signal code:  (-6)
[hydra12:383740] [ 3] /lib/x86_64-linux-gnu/libc.so.6(+0x7a468)[0x7f3bc2683468]
[hydra01:916773] [ 1] /lib/x86_64-linux-gnu/libc.so.6(gsignal+0x141)[0x7f5354cd6d61]
malloc(): invalid size (unsorted)
malloc(): invalid size (unsorted)
[hydra07:430500] *** Process received signal ***
[hydra07:430500] Signal: Aborted (6)
[hydra07:430500] Signal code:  (-6)
malloc(): invalid size (unsorted)
[hydra09:396585] *** Process received signal ***
[hydra09:396585] Signal: Aborted (6)
[hydra09:396585] Signal code:  (-6)
malloc(): invalid size (unsorted)
[hydra03:420736] *** Process received signal ***
[hydra03:420736] Signal: Aborted (6)
[hydra03:420736] Signal code:  (-6)
[hydra01:916774] [ 1] /lib/x86_64-linux-gnu/libc.so.6(gsignal+0x141)[0x7fa4c5b80d61]
malloc(): invalid size (unsorted)
[hydra06:404120] *** Process received signal ***
[hydra06:404120] Signal: Aborted (6)
[hydra06:404120] Signal code:  (-6)
[hydra05:403405] [ 0] /lib/x86_64-linux-gnu/libc.so.6(+0x38de0)[0x7fcaee672de0]
[hydra12:383740] [ 4] /lib/x86_64-linux-gnu/libc.so.6(+0x8175a)[0x7f3bc268a75a]
[hydra01:916773] [ 2] /lib/x86_64-linux-gnu/libc.so.6(abort+0x123)[0x7f5354cc0537]
[hydra05:403406] *** Process received signal ***
[hydra12:383740] [ 5] /lib/x86_64-linux-gnu/libc.so.6(+0x8483c)[0x7f3bc268d83c]
malloc(): invalid size (unsorted)
[hydra08:405768] *** Process received signal ***
[hydra08:405768] Signal: Aborted (6)
[hydra08:405768] Signal code:  (-6)
[hydra05:403406] Signal: Aborted (6)
[hydra05:403406] Signal code:  (-6)
[hydra12:383740] [ 6] /lib/x86_64-linux-gnu/libc.so.6(__libc_calloc+0x81)[0x7f3bc268fbd1]
[hydra01:916774] [ 2] /lib/x86_64-linux-gnu/libc.so.6(abort+0x123)[0x7fa4c5b6a537]
[hydra05:403405] [ 1] /lib/x86_64-linux-gnu/libc.so.6(gsignal+0x141)[0x7fcaee672d61]
malloc(): invalid size (unsorted)
[hydra12:383740] [ 7] /opt/mpi/openmpi-4.1.4//lib/libmpi.so.40(ompi_group_allocate+0x17)[0x7f3bc455d1e7]
malloc(): invalid size (unsorted)
[hydra11:383836] *** Process received signal ***
[hydra11:383836] Signal: Aborted (6)
[hydra11:383836] Signal code:  (-6)
[hydra01:916773] [ 3] /lib/x86_64-linux-gnu/libc.so.6(+0x7a468)[0x7f5354d18468]
[hydra05:403405] [ 2] /lib/x86_64-linux-gnu/libc.so.6(abort+0x123)[0x7fcaee65c537]
[hydra07:430501] *** Process received signal ***
[hydra01:916774] [ 3] /lib/x86_64-linux-gnu/libc.so.6(+0x7a468)[0x7fa4c5bc2468]
[hydra05:403405] [ 3] /lib/x86_64-linux-gnu/libc.so.6(+0x7a468)[0x7fcaee6b4468]
[hydra07:430501] Signal: Aborted (6)
[hydra07:430501] Signal code:  (-6)
[hydra12:383740] [ 8] /opt/mpi/openmpi-4.1.4//lib/libmpi.so.40(ompi_group_incl_plist+0x65)[0x7f3bc455d915]
malloc(): invalid size (unsorted)
[hydra10:516935] *** Process received signal ***
[hydra10:516935] Signal: Aborted (6)
[hydra10:516935] Signal code:  (-6)
[hydra05:403405] [ 4] /lib/x86_64-linux-gnu/libc.so.6(+0x8175a)[0x7fcaee6bb75a]
[hydra07:430500] [ 0] /lib/x86_64-linux-gnu/libc.so.6(+0x38de0)[0x7f04505f2de0]
[hydra01:916775] [ 0] /lib/x86_64-linux-gnu/libc.so.6(+0x38de0)[0x7f5c61475de0]
[hydra05:403406] [ 0] /lib/x86_64-linux-gnu/libc.so.6(+0x38de0)[0x7fc065b60de0]
[hydra07:430500] [ 1] /lib/x86_64-linux-gnu/libc.so.6(gsignal+0x141)[0x7f04505f2d61]
[hydra12:383740] [ 9] /opt/mpi/openmpi-4.1.4//lib/libmpi.so.40(PMPI_Group_incl+0x95)[0x7f3bc458e185]
[hydra12:383740] [10] /home/thesis/jheld/MPI_Syrk_implementation/build/src/MPI_SYRK_implementation(+0x841a)[0x558c869e741a]
[hydra01:916773] [ 4] /lib/x86_64-linux-gnu/libc.so.6(+0x8175a)[0x7f5354d1f75a]
[hydra05:403405] [ 5] /lib/x86_64-linux-gnu/libc.so.6(+0x8483c)[0x7fcaee6be83c]
[hydra07:430500] [ 2] /lib/x86_64-linux-gnu/libc.so.6(abort+0x123)[0x7f04505dc537]
[hydra12:383740] [11] /home/thesis/jheld/MPI_Syrk_implementation/build/src/MPI_SYRK_implementation(+0x2ab0)[0x558c869e1ab0]
malloc(): invalid size (unsorted)
[hydra09:396586] *** Process received signal ***
[hydra09:396586] Signal: Aborted (6)
[hydra09:396586] Signal code:  (-6)
[hydra01:916774] [ 4] /lib/x86_64-linux-gnu/libc.so.6(+0x8175a)[0x7fa4c5bc975a]
[hydra05:403406] [ 1] /lib/x86_64-linux-gnu/libc.so.6(gsignal+0x141)[0x7fc065b60d61]
[hydra07:430500] [ 3] /lib/x86_64-linux-gnu/libc.so.6(+0x7a468)[0x7f0450634468]
[hydra12:383740] [12] /lib/x86_64-linux-gnu/libc.so.6(__libc_start_main+0xea)[0x7f3bc262cd7a]
malloc(): invalid size (unsorted)
[hydra01:916775] [ 1] /lib/x86_64-linux-gnu/libc.so.6(gsignal+0x141)[0x7f5c61475d61]
[hydra05:403406] [ 2] /lib/x86_64-linux-gnu/libc.so.6(abort+0x123)[0x7fc065b4a537]
[hydra07:430501] [ 0] /lib/x86_64-linux-gnu/libc.so.6(+0x38de0)[0x7ff04bbc1de0]
[hydra12:383740] [13] /home/thesis/jheld/MPI_Syrk_implementation/build/src/MPI_SYRK_implementation(+0x232a)[0x558c869e132a]
[hydra12:383740] *** End of error message ***
[hydra09:396586] [ 0] /lib/x86_64-linux-gnu/libc.so.6(+0x38de0)[0x7fdf84e13de0]
[hydra01:916773] [ 5] /lib/x86_64-linux-gnu/libc.so.6(+0x8483c)[0x7f5354d2283c]
malloc(): invalid size (unsorted)
[hydra06:404121] *** Process received signal ***
[hydra06:404121] Signal: Aborted (6)
[hydra06:404121] Signal code:  (-6)
[hydra05:403405] [ 6] /lib/x86_64-linux-gnu/libc.so.6(__libc_calloc+0x81)[0x7fcaee6c0bd1]
[hydra07:430501] [ 1] /lib/x86_64-linux-gnu/libc.so.6(gsignal+0x141)[0x7ff04bbc1d61]
[hydra09:396585] [ 0] /lib/x86_64-linux-gnu/libc.so.6(+0x38de0)[0x7f2ecd148de0]
[hydra01:916774] [ 5] /lib/x86_64-linux-gnu/libc.so.6(+0x8483c)[0x7fa4c5bcc83c]
malloc(): invalid size (unsorted)
[hydra04:419439] *** Process received signal ***
[hydra06:404120] [ 0] /lib/x86_64-linux-gnu/libc.so.6(+0x38de0)[0x7f52b32acde0]
[hydra05:403406] [ 3] /lib/x86_64-linux-gnu/libc.so.6(+0x7a468)[0x7fc065ba2468]
[hydra07:430500] [ 4] /lib/x86_64-linux-gnu/libc.so.6(+0x8175a)[0x7f045063b75a]
[hydra09:396587] *** Process received signal ***
[hydra09:396587] Signal: Aborted (6)
[hydra09:396587] Signal code:  (-6)
[hydra03:420736] [ 0] /lib/x86_64-linux-gnu/libc.so.6(+0x38de0)[0x7f221a588de0]
[hydra01:916775] [ 2] /lib/x86_64-linux-gnu/libc.so.6(abort+0x123)[0x7f5c6145f537]
[hydra04:419439] Signal: Aborted (6)
[hydra04:419439] Signal code:  (-6)
malloc(): invalid size (unsorted)
[hydra08:405767] *** Process received signal ***
[hydra08:405767] Signal: Aborted (6)
[hydra08:405767] Signal code:  (-6)
[hydra06:404121] [ 0] /lib/x86_64-linux-gnu/libc.so.6(+0x38de0)[0x7f27d7625de0]
[hydra05:403405] [ 7] /opt/mpi/openmpi-4.1.4//lib/libmpi.so.40(ompi_group_allocate+0x17)[0x7fcaf058e1e7]
[hydra07:430501] [ 2] /lib/x86_64-linux-gnu/libc.so.6(abort+0x123)[0x7ff04bbab537]
malloc(): invalid size (unsorted)
[hydra10:516937] *** Process received signal ***
[hydra10:516937] Signal: Aborted (6)
[hydra10:516937] Signal code:  (-6)
[hydra09:396585] [ 1] /lib/x86_64-linux-gnu/libc.so.6(gsignal+0x141)[0x7f2ecd148d61]
[hydra03:420736] [ 1] /lib/x86_64-linux-gnu/libc.so.6(gsignal+0x141)[0x7f221a588d61]
[hydra01:916773] [ 6] /lib/x86_64-linux-gnu/libc.so.6(__libc_calloc+0x81)[0x7f5354d24bd1]
[hydra04:419440] [ 0] /lib/x86_64-linux-gnu/libc.so.6(+0x38de0)[0x7f4ceba23de0]
[hydra08:405768] [ 0] /lib/x86_64-linux-gnu/libc.so.6(+0x38de0)[0x7fa32dad7de0]
[hydra06:404120] [ 1] /lib/x86_64-linux-gnu/libc.so.6(gsignal+0x141)[0x7f52b32acd61]
[hydra02:596058] [ 0] /lib/x86_64-linux-gnu/libc.so.6(+0x38de0)[0x7fdc5896bde0]
[hydra05:403405] [ 8] /opt/mpi/openmpi-4.1.4//lib/libmpi.so.40(ompi_group_incl_plist+0x65)[0x7fcaf058e915]
[hydra07:430500] [ 5] /lib/x86_64-linux-gnu/libc.so.6(+0x8483c)[0x7f045063e83c]
[hydra10:516935] [ 0] /lib/x86_64-linux-gnu/libc.so.6(+0x38de0)[0x7f4728b55de0]
[hydra10:516935] [ 1] /lib/x86_64-linux-gnu/libc.so.6(gsignal+0x141)[0x7f4728b55d61]
[hydra09:396586] [ 1] /lib/x86_64-linux-gnu/libc.so.6(gsignal+0x141)[0x7fdf84e13d61]
[hydra03:420736] [ 2] /lib/x86_64-linux-gnu/libc.so.6(abort+0x123)[0x7f221a572537]
[hydra01:916774] [ 6] /lib/x86_64-linux-gnu/libc.so.6(__libc_calloc+0x81)[0x7fa4c5bcebd1]
[hydra01:916774] [ 7] /opt/mpi/openmpi-4.1.4//lib/libmpi.so.40(ompi_group_allocate+0x17)[0x7fa4c7a9c1e7]
[hydra04:419440] [ 1] /lib/x86_64-linux-gnu/libc.so.6(gsignal+0x141)[0x7f4ceba23d61]
[hydra08:405768] [ 1] /lib/x86_64-linux-gnu/libc.so.6(gsignal+0x141)[0x7fa32dad7d61]
[hydra06:404121] [ 1] /lib/x86_64-linux-gnu/libc.so.6(gsignal+0x141)[0x7f27d7625d61]
[hydra02:596058] [ 1] /lib/x86_64-linux-gnu/libc.so.6(gsignal+0x141)[0x7fdc5896bd61]
[hydra05:403406] [ 4] /lib/x86_64-linux-gnu/libc.so.6(+0x8175a)[0x7fc065ba975a]
[hydra07:430501] [ 3] /lib/x86_64-linux-gnu/libc.so.6(+0x7a468)[0x7ff04bc03468]
[hydra10:516937] [ 0] /lib/x86_64-linux-gnu/libc.so.6(+0x38de0)[0x7f33b64c3de0]
[hydra10:516937] [ 1] /lib/x86_64-linux-gnu/libc.so.6(gsignal+0x141)[0x7f33b64c3d61]
[hydra09:396585] [ 2] /lib/x86_64-linux-gnu/libc.so.6(abort+0x123)[0x7f2ecd132537]
[hydra03:420736] [ 3] /lib/x86_64-linux-gnu/libc.so.6(+0x7a468)[0x7f221a5ca468]
[hydra01:916775] [ 3] /lib/x86_64-linux-gnu/libc.so.6(+0x7a468)[0x7f5c614b7468]
[hydra04:419439] [ 0] /lib/x86_64-linux-gnu/libc.so.6(+0x38de0)[0x7fd9adcbbde0]
[hydra08:405767] [ 0] /lib/x86_64-linux-gnu/libc.so.6(+0x38de0)[0x7f768bdefde0]
[hydra06:404120] [ 2] /lib/x86_64-linux-gnu/libc.so.6(abort+0x123)[0x7f52b3296537]
[hydra02:596058] [ 2] /lib/x86_64-linux-gnu/libc.so.6(abort+0x123)[0x7fdc58955537]
[hydra05:403405] [ 9] /opt/mpi/openmpi-4.1.4//lib/libmpi.so.40(PMPI_Group_incl+0x95)[0x7fcaf05bf185]
[hydra05:403405] [10] /home/thesis/jheld/MPI_Syrk_implementation/build/src/MPI_SYRK_implementation(+0x841a)[0x55f405fea41a]
[hydra07:430500] [ 6] /lib/x86_64-linux-gnu/libc.so.6(__libc_calloc+0x81)[0x7f0450640bd1]
[hydra10:516935] [ 2] /lib/x86_64-linux-gnu/libc.so.6(abort+0x123)[0x7f4728b3f537]
[hydra10:516935] [ 3] /lib/x86_64-linux-gnu/libc.so.6(+0x7a468)[0x7f4728b97468]
[hydra09:396586] [ 2] /lib/x86_64-linux-gnu/libc.so.6(abort+0x123)[0x7fdf84dfd537]
[hydra03:420736] [ 4] /lib/x86_64-linux-gnu/libc.so.6(+0x8175a)[0x7f221a5d175a]
[hydra01:916773] [ 7] /opt/mpi/openmpi-4.1.4//lib/libmpi.so.40(ompi_group_allocate+0x17)[0x7f5356bf21e7]
[hydra01:916773] [ 8] /opt/mpi/openmpi-4.1.4//lib/libmpi.so.40(ompi_group_incl_plist+0x65)[0x7f5356bf2915]
[hydra04:419440] [ 2] /lib/x86_64-linux-gnu/libc.so.6(abort+0x123)[0x7f4ceba0d537]
[hydra08:405768] [ 2] /lib/x86_64-linux-gnu/libc.so.6(abort+0x123)[0x7fa32dac1537]
[hydra06:404121] [ 2] /lib/x86_64-linux-gnu/libc.so.6(abort+0x123)[0x7f27d760f537]
[hydra02:596058] [ 3] /lib/x86_64-linux-gnu/libc.so.6(+0x7a468)[0x7fdc589ad468]
[hydra05:403406] [ 5] /lib/x86_64-linux-gnu/libc.so.6(+0x8483c)[0x7fc065bac83c]
[hydra07:430501] [ 4] /lib/x86_64-linux-gnu/libc.so.6(+0x8175a)[0x7ff04bc0a75a]
[hydra10:516937] [ 2] /lib/x86_64-linux-gnu/libc.so.6(abort+0x123)[0x7f33b64ad537]
[hydra09:396586] [ 3] /lib/x86_64-linux-gnu/libc.so.6(+0x7a468)[0x7fdf84e55468]
[hydra03:420736] [ 5] /lib/x86_64-linux-gnu/libc.so.6(+0x8483c)[0x7f221a5d483c]
[hydra01:916774] [ 8] /opt/mpi/openmpi-4.1.4//lib/libmpi.so.40(ompi_group_incl_plist+0x65)[0x7fa4c7a9c915]
[hydra04:419439] [ 1] /lib/x86_64-linux-gnu/libc.so.6(gsignal+0x141)[0x7fd9adcbbd61]
[hydra08:405767] [ 1] /lib/x86_64-linux-gnu/libc.so.6(gsignal+0x141)[0x7f768bdefd61]
[hydra06:404120] [ 3] /lib/x86_64-linux-gnu/libc.so.6(+0x7a468)[0x7f52b32ee468]
[hydra02:596058] [ 4] /lib/x86_64-linux-gnu/libc.so.6(+0x8175a)[0x7fdc589b475a]
[hydra05:403405] [11] /home/thesis/jheld/MPI_Syrk_implementation/build/src/MPI_SYRK_implementation(+0x2ab0)[0x55f405fe4ab0]
[hydra07:430500] [ 7] /opt/mpi/openmpi-4.1.4//lib/libmpi.so.40(ompi_group_allocate+0x17)[0x7f045250e1e7]
[hydra10:516937] [ 3] /lib/x86_64-linux-gnu/libc.so.6(+0x7a468)[0x7f33b6505468]
[hydra09:396585] [ 3] /lib/x86_64-linux-gnu/libc.so.6(+0x7a468)[0x7f2ecd18a468]
[hydra03:420736] [ 6] /lib/x86_64-linux-gnu/libc.so.6(__libc_calloc+0x81)[0x7f221a5d6bd1]
[hydra11:383836] [ 0] /lib/x86_64-linux-gnu/libc.so.6(+0x38de0)[0x7f250184cde0]
[hydra01:916775] [ 4] /lib/x86_64-linux-gnu/libc.so.6(+0x8175a)[0x7f5c614be75a]
[hydra01:916775] [ 5] /lib/x86_64-linux-gnu/libc.so.6(+0x8483c)[0x7f5c614c183c]
[hydra04:419439] [ 2] /lib/x86_64-linux-gnu/libc.so.6(abort+0x123)[0x7fd9adca5537]
[hydra08:405768] [ 3] /lib/x86_64-linux-gnu/libc.so.6(+0x7a468)[0x7fa32db19468]
[hydra06:404121] [ 3] /lib/x86_64-linux-gnu/libc.so.6(+0x7a468)[0x7f27d7667468]
[hydra02:596058] [ 5] /lib/x86_64-linux-gnu/libc.so.6(+0x8483c)[0x7fdc589b783c]
[hydra05:403405] [12] /lib/x86_64-linux-gnu/libc.so.6(__libc_start_main+0xea)[0x7fcaee65dd7a]
[hydra07:430501] [ 5] /lib/x86_64-linux-gnu/libc.so.6(+0x8483c)[0x7ff04bc0d83c]
[hydra10:516935] [ 4] /lib/x86_64-linux-gnu/libc.so.6(+0x8175a)[0x7f4728b9e75a]
[hydra09:396587] [ 0] /lib/x86_64-linux-gnu/libc.so.6(+0x38de0)[0x7f43f225ade0]
[hydra03:420736] [ 7] /opt/mpi/openmpi-4.1.4//lib/libmpi.so.40(ompi_group_allocate+0x17)[0x7f221c4a41e7]
[hydra11:383836] [ 1] /lib/x86_64-linux-gnu/libc.so.6(gsignal+0x141)[0x7f250184cd61]
[hydra01:916773] [ 9] /opt/mpi/openmpi-4.1.4//lib/libmpi.so.40(PMPI_Group_incl+0x95)[0x7f5356c23185]
[hydra01:916773] [10] /home/thesis/jheld/MPI_Syrk_implementation/build/src/MPI_SYRK_implementation(+0x841a)[0x55d106a3a41a]
[hydra01:916773] [11] /home/thesis/jheld/MPI_Syrk_implementation/build/src/MPI_SYRK_implementation(+0x2ab0)[0x55d106a34ab0]
[hydra04:419440] [ 3] /lib/x86_64-linux-gnu/libc.so.6(+0x7a468)[0x7f4ceba65468]
[hydra08:405767] [ 2] /lib/x86_64-linux-gnu/libc.so.6(abort+0x123)[0x7f768bdd9537]
[hydra06:404120] [ 4] /lib/x86_64-linux-gnu/libc.so.6(+0x8175a)[0x7f52b32f575a]
[hydra02:596058] [ 6] /lib/x86_64-linux-gnu/libc.so.6(__libc_calloc+0x81)[0x7fdc589b9bd1]
[hydra05:403406] [ 6] /lib/x86_64-linux-gnu/libc.so.6(__libc_calloc+0x81)[0x7fc065baebd1]
[hydra07:430500] [ 8] /opt/mpi/openmpi-4.1.4//lib/libmpi.so.40(ompi_group_incl_plist+0x65)[0x7f045250e915]
[hydra10:516937] [ 4] /lib/x86_64-linux-gnu/libc.so.6(+0x8175a)[0x7f33b650c75a]
[hydra09:396585] [ 4] /lib/x86_64-linux-gnu/libc.so.6(+0x8175a)[0x7f2ecd19175a]
[hydra03:420736] [ 8] /opt/mpi/openmpi-4.1.4//lib/libmpi.so.40(ompi_group_incl_plist+0x65)[0x7f221c4a4915]
[hydra11:383836] [ 2] /lib/x86_64-linux-gnu/libc.so.6(abort+0x123)[0x7f2501836537]
[hydra01:916774] [ 9] /opt/mpi/openmpi-4.1.4//lib/libmpi.so.40(PMPI_Group_incl+0x95)[0x7fa4c7acd185]
[hydra01:916774] [10] /home/thesis/jheld/MPI_Syrk_implementation/build/src/MPI_SYRK_implementation(+0x841a)[0x55d33279641a]
[hydra01:916774] [11] /home/thesis/jheld/MPI_Syrk_implementation/build/src/MPI_SYRK_implementation(+0x2ab0)[0x55d332790ab0]
[hydra04:419439] [ 3] /lib/x86_64-linux-gnu/libc.so.6(+0x7a468)[0x7fd9adcfd468]
[hydra08:405767] [ 3] /lib/x86_64-linux-gnu/libc.so.6(+0x7a468)[0x7f768be31468]
[hydra06:404121] [ 4] /lib/x86_64-linux-gnu/libc.so.6(+0x8175a)[0x7f27d766e75a]
[hydra02:596058] [ 7] /opt/mpi/openmpi-4.1.4//lib/libmpi.so.40(ompi_group_allocate+0x17)[0x7fdc5a8871e7]
[hydra05:403405] [13] /home/thesis/jheld/MPI_Syrk_implementation/build/src/MPI_SYRK_implementation(+0x232a)[0x55f405fe432a]
[hydra05:403405] *** End of error message ***
[hydra07:430501] [ 6] /lib/x86_64-linux-gnu/libc.so.6(__libc_calloc+0x81)[0x7ff04bc0fbd1]
[hydra10:516935] [ 5] /lib/x86_64-linux-gnu/libc.so.6(+0x8483c)[0x7f4728ba183c]
[hydra09:396586] [ 4] /lib/x86_64-linux-gnu/libc.so.6(+0x8175a)[0x7fdf84e5c75a]
[hydra03:420736] [ 9] /opt/mpi/openmpi-4.1.4//lib/libmpi.so.40(PMPI_Group_incl+0x95)[0x7f221c4d5185]
[hydra03:420736] [10] /home/thesis/jheld/MPI_Syrk_implementation/build/src/MPI_SYRK_implementation(+0x841a)[0x56278abdf41a]
[hydra11:383836] [ 3] /lib/x86_64-linux-gnu/libc.so.6(+0x7a468)[0x7f250188e468]
[hydra01:916773] [12] /lib/x86_64-linux-gnu/libc.so.6(__libc_start_main+0xea)[0x7f5354cc1d7a]
[hydra01:916773] [13] /home/thesis/jheld/MPI_Syrk_implementation/build/src/MPI_SYRK_implementation(+0x232a)[0x55d106a3432a]
[hydra01:916773] *** End of error message ***
[hydra04:419440] [ 4] /lib/x86_64-linux-gnu/libc.so.6(+0x8175a)[0x7f4ceba6c75a]
[hydra08:405768] [ 4] /lib/x86_64-linux-gnu/libc.so.6(+0x8175a)[0x7fa32db2075a]
[hydra06:404120] [ 5] /lib/x86_64-linux-gnu/libc.so.6(+0x8483c)[0x7f52b32f883c]
[hydra02:596058] [ 8] /opt/mpi/openmpi-4.1.4//lib/libmpi.so.40(ompi_group_incl_plist+0x65)[0x7fdc5a887915]
[hydra05:403406] [ 7] /opt/mpi/openmpi-4.1.4//lib/libmpi.so.40(ompi_group_allocate+0x17)[0x7fc067a7c1e7]
[hydra07:430500] [ 9] /opt/mpi/openmpi-4.1.4//lib/libmpi.so.40(PMPI_Group_incl+0x95)[0x7f045253f185]
[hydra10:516937] [ 5] /lib/x86_64-linux-gnu/libc.so.6(+0x8483c)[0x7f33b650f83c]
[hydra09:396587] [ 1] /lib/x86_64-linux-gnu/libc.so.6(gsignal+0x141)[0x7f43f225ad61]
[hydra03:420736] [11] /home/thesis/jheld/MPI_Syrk_implementation/build/src/MPI_SYRK_implementation(+0x2ab0)[0x56278abd9ab0]
[hydra11:383836] [ 4] /lib/x86_64-linux-gnu/libc.so.6(+0x8175a)[0x7f250189575a]
[hydra01:916774] [12] /lib/x86_64-linux-gnu/libc.so.6(__libc_start_main+0xea)[0x7fa4c5b6bd7a]
[hydra01:916774] [13] /home/thesis/jheld/MPI_Syrk_implementation/build/src/MPI_SYRK_implementation(+0x232a)[0x55d33279032a]
[hydra01:916774] *** End of error message ***
[hydra04:419440] [ 5] /lib/x86_64-linux-gnu/libc.so.6(+0x8483c)[0x7f4ceba6f83c]
[hydra08:405768] [ 5] /lib/x86_64-linux-gnu/libc.so.6(+0x8483c)[0x7fa32db2383c]
[hydra06:404121] [ 5] /lib/x86_64-linux-gnu/libc.so.6(+0x8483c)[0x7f27d767183c]
[hydra02:596058] [ 9] /opt/mpi/openmpi-4.1.4//lib/libmpi.so.40(PMPI_Group_incl+0x95)[0x7fdc5a8b8185]
[hydra05:403406] [ 8] /opt/mpi/openmpi-4.1.4//lib/libmpi.so.40(ompi_group_incl_plist+0x65)[0x7fc067a7c915]
[hydra07:430500] [10] /home/thesis/jheld/MPI_Syrk_implementation/build/src/MPI_SYRK_implementation(+0x841a)[0x5625b3b6541a]
[hydra07:430500] [11] /home/thesis/jheld/MPI_Syrk_implementation/build/src/MPI_SYRK_implementation(+0x2ab0)[0x5625b3b5fab0]
[hydra10:516935] [ 6] /lib/x86_64-linux-gnu/libc.so.6(__libc_calloc+0x81)[0x7f4728ba3bd1]
[hydra09:396585] [ 5] /lib/x86_64-linux-gnu/libc.so.6(+0x8483c)[0x7f2ecd19483c]
[hydra03:420736] [12] /lib/x86_64-linux-gnu/libc.so.6(__libc_start_main+0xea)[0x7f221a573d7a]
[hydra03:420736] [13] /home/thesis/jheld/MPI_Syrk_implementation/build/src/MPI_SYRK_implementation(+0x232a)[0x56278abd932a]
[hydra11:383836] [ 5] /lib/x86_64-linux-gnu/libc.so.6(+0x8483c)[0x7f250189883c]
[hydra01:916775] [ 6] /lib/x86_64-linux-gnu/libc.so.6(__libc_calloc+0x81)[0x7f5c614c3bd1]
[hydra01:916775] [ 7] /opt/mpi/openmpi-4.1.4//lib/libmpi.so.40(ompi_group_allocate+0x17)[0x7f5c633911e7]
[hydra01:916775] [ 8] /opt/mpi/openmpi-4.1.4//lib/libmpi.so.40(ompi_group_incl_plist+0x65)[0x7f5c63391915]
[hydra04:419439] [ 4] /lib/x86_64-linux-gnu/libc.so.6(+0x8175a)[0x7fd9add0475a]
[hydra08:405767] [ 4] /lib/x86_64-linux-gnu/libc.so.6(+0x8175a)[0x7f768be3875a]
[hydra06:404120] [ 6] /lib/x86_64-linux-gnu/libc.so.6(__libc_calloc+0x81)[0x7f52b32fabd1]
[hydra02:596058] [10] /home/thesis/jheld/MPI_Syrk_implementation/build/src/MPI_SYRK_implementation(+0x841a)[0x5604de23541a]
[hydra02:596058] [11] /home/thesis/jheld/MPI_Syrk_implementation/build/src/MPI_SYRK_implementation(+0x2ab0)[0x5604de22fab0]
[hydra05:403406] [ 9] /opt/mpi/openmpi-4.1.4//lib/libmpi.so.40(PMPI_Group_incl+0x95)[0x7fc067aad185]
[hydra05:403406] [10] /home/thesis/jheld/MPI_Syrk_implementation/build/src/MPI_SYRK_implementation(+0x841a)[0x56297088a41a]
[hydra07:430501] [ 7] /opt/mpi/openmpi-4.1.4//lib/libmpi.so.40(ompi_group_allocate+0x17)[0x7ff04dadd1e7]
[hydra10:516937] [ 6] /lib/x86_64-linux-gnu/libc.so.6(__libc_calloc+0x81)[0x7f33b6511bd1]
[hydra09:396586] [ 5] /lib/x86_64-linux-gnu/libc.so.6(+0x8483c)[0x7fdf84e5f83c]
[hydra03:420736] *** End of error message ***
[hydra11:383836] [ 6] /lib/x86_64-linux-gnu/libc.so.6(__libc_calloc+0x81)[0x7f250189abd1]
[hydra01:916775] [ 9] /opt/mpi/openmpi-4.1.4//lib/libmpi.so.40(PMPI_Group_incl+0x95)[0x7f5c633c2185]
[hydra01:916775] [10] /home/thesis/jheld/MPI_Syrk_implementation/build/src/MPI_SYRK_implementation(+0x841a)[0x5563cb6d841a]
[hydra04:419439] [ 5] /lib/x86_64-linux-gnu/libc.so.6(+0x8483c)[0x7fd9add0783c]
[hydra08:405768] [ 6] /lib/x86_64-linux-gnu/libc.so.6(__libc_calloc+0x81)[0x7fa32db25bd1]
[hydra06:404121] [ 6] /lib/x86_64-linux-gnu/libc.so.6(__libc_calloc+0x81)[0x7f27d7673bd1]
[hydra02:596058] [12] /lib/x86_64-linux-gnu/libc.so.6(__libc_start_main+0xea)[0x7fdc58956d7a]
[hydra02:596058] [13] /home/thesis/jheld/MPI_Syrk_implementation/build/src/MPI_SYRK_implementation(+0x232a)[0x5604de22f32a]
[hydra05:403406] [11] /home/thesis/jheld/MPI_Syrk_implementation/build/src/MPI_SYRK_implementation(+0x2ab0)[0x562970884ab0]
[hydra07:430500] [12] /lib/x86_64-linux-gnu/libc.so.6(__libc_start_main+0xea)[0x7f04505ddd7a]
[hydra10:516935] [ 7] /opt/mpi/openmpi-4.1.4//lib/libmpi.so.40(ompi_group_allocate+0x17)[0x7f472aa711e7]
[hydra09:396587] [ 2] /lib/x86_64-linux-gnu/libc.so.6(abort+0x123)[0x7f43f2244537]
[hydra11:383836] [ 7] /opt/mpi/openmpi-4.1.4//lib/libmpi.so.40(ompi_group_allocate+0x17)[0x7f25037681e7]
[hydra01:916775] [11] /home/thesis/jheld/MPI_Syrk_implementation/build/src/MPI_SYRK_implementation(+0x2ab0)[0x5563cb6d2ab0]
[hydra04:419440] [ 6] /lib/x86_64-linux-gnu/libc.so.6(__libc_calloc+0x81)[0x7f4ceba71bd1]
[hydra08:405767] [ 5] /lib/x86_64-linux-gnu/libc.so.6(+0x8483c)[0x7f768be3b83c]
[hydra06:404120] [ 7] /opt/mpi/openmpi-4.1.4//lib/libmpi.so.40(ompi_group_allocate+0x17)[0x7f52b51c81e7]
[hydra02:596058] *** End of error message ***
[hydra05:403406] [12] /lib/x86_64-linux-gnu/libc.so.6(__libc_start_main+0xea)[0x7fc065b4bd7a]
[hydra05:403406] [13] /home/thesis/jheld/MPI_Syrk_implementation/build/src/MPI_SYRK_implementation(+0x232a)[0x56297088432a]
[hydra07:430501] [ 8] /opt/mpi/openmpi-4.1.4//lib/libmpi.so.40(ompi_group_incl_plist+0x65)[0x7ff04dadd915]
[hydra10:516935] [ 8] /opt/mpi/openmpi-4.1.4//lib/libmpi.so.40(ompi_group_incl_plist+0x65)[0x7f472aa71915]
[hydra09:396585] [ 6] /lib/x86_64-linux-gnu/libc.so.6(__libc_calloc+0x81)[0x7f2ecd196bd1]
[hydra11:383836] [ 8] /opt/mpi/openmpi-4.1.4//lib/libmpi.so.40(ompi_group_incl_plist+0x65)[0x7f2503768915]
[hydra01:916775] [12] /lib/x86_64-linux-gnu/libc.so.6(__libc_start_main+0xea)[0x7f5c61460d7a]
[hydra01:916775] [13] /home/thesis/jheld/MPI_Syrk_implementation/build/src/MPI_SYRK_implementation(+0x232a)[0x5563cb6d232a]
[hydra01:916775] *** End of error message ***
[hydra04:419440] [ 7] /opt/mpi/openmpi-4.1.4//lib/libmpi.so.40(ompi_group_allocate+0x17)[0x7f4ced93f1e7]
[hydra08:405768] [ 7] /opt/mpi/openmpi-4.1.4//lib/libmpi.so.40(ompi_group_allocate+0x17)[0x7fa32f9f31e7]
[hydra06:404121] [ 7] /opt/mpi/openmpi-4.1.4//lib/libmpi.so.40(ompi_group_allocate+0x17)[0x7f27d95411e7]
[hydra05:403406] *** End of error message ***
[hydra07:430500] [13] /home/thesis/jheld/MPI_Syrk_implementation/build/src/MPI_SYRK_implementation(+0x232a)[0x5625b3b5f32a]
[hydra07:430500] *** End of error message ***
[hydra10:516937] [ 7] /opt/mpi/openmpi-4.1.4//lib/libmpi.so.40(ompi_group_allocate+0x17)[0x7f33b83df1e7]
[hydra10:516937] [ 8] /opt/mpi/openmpi-4.1.4//lib/libmpi.so.40(ompi_group_incl_plist+0x65)[0x7f33b83df915]
[hydra09:396586] [ 6] /lib/x86_64-linux-gnu/libc.so.6(__libc_calloc+0x81)[0x7fdf84e61bd1]
[hydra11:383836] [ 9] /opt/mpi/openmpi-4.1.4//lib/libmpi.so.40(PMPI_Group_incl+0x95)[0x7f2503799185]
[hydra11:383836] [10] /home/thesis/jheld/MPI_Syrk_implementation/build/src/MPI_SYRK_implementation(+0x841a)[0x557bd7d0841a]
[hydra04:419439] [ 6] /lib/x86_64-linux-gnu/libc.so.6(__libc_calloc+0x81)[0x7fd9add09bd1]
[hydra08:405767] [ 6] /lib/x86_64-linux-gnu/libc.so.6(__libc_calloc+0x81)[0x7f768be3dbd1]
[hydra06:404120] [ 8] /opt/mpi/openmpi-4.1.4//lib/libmpi.so.40(ompi_group_incl_plist+0x65)[0x7f52b51c8915]
[hydra07:430501] [ 9] /opt/mpi/openmpi-4.1.4//lib/libmpi.so.40(PMPI_Group_incl+0x95)[0x7ff04db0e185]
[hydra10:516935] [ 9] /opt/mpi/openmpi-4.1.4//lib/libmpi.so.40(PMPI_Group_incl+0x95)[0x7f472aaa2185]
[hydra09:396586] [ 7] /opt/mpi/openmpi-4.1.4//lib/libmpi.so.40(ompi_group_allocate+0x17)[0x7fdf86d2f1e7]
[hydra11:383836] [11] /home/thesis/jheld/MPI_Syrk_implementation/build/src/MPI_SYRK_implementation(+0x2ab0)[0x557bd7d02ab0]
[hydra04:419440] [ 8] /opt/mpi/openmpi-4.1.4//lib/libmpi.so.40(ompi_group_incl_plist+0x65)[0x7f4ced93f915]
[hydra08:405768] [ 8] /opt/mpi/openmpi-4.1.4//lib/libmpi.so.40(ompi_group_incl_plist+0x65)[0x7fa32f9f3915]
[hydra06:404121] [ 8] /opt/mpi/openmpi-4.1.4//lib/libmpi.so.40(ompi_group_incl_plist+0x65)[0x7f27d9541915]
[hydra07:430501] [10] /home/thesis/jheld/MPI_Syrk_implementation/build/src/MPI_SYRK_implementation(+0x841a)[0x55cbe986041a]
[hydra07:430501] [11] /home/thesis/jheld/MPI_Syrk_implementation/build/src/MPI_SYRK_implementation(+0x2ab0)[0x55cbe985aab0]
[hydra10:516935] [10] /home/thesis/jheld/MPI_Syrk_implementation/build/src/MPI_SYRK_implementation(+0x841a)[0x555d6ebb541a]
[hydra10:516935] [11] /home/thesis/jheld/MPI_Syrk_implementation/build/src/MPI_SYRK_implementation(+0x2ab0)[0x555d6ebafab0]
[hydra09:396587] [ 3] /lib/x86_64-linux-gnu/libc.so.6(+0x7a468)[0x7f43f229c468]
[hydra11:383836] [12] /lib/x86_64-linux-gnu/libc.so.6(__libc_start_main+0xea)[0x7f2501837d7a]
[hydra11:383836] [13] /home/thesis/jheld/MPI_Syrk_implementation/build/src/MPI_SYRK_implementation(+0x232a)[0x557bd7d0232a]
[hydra04:419439] [ 7] /opt/mpi/openmpi-4.1.4//lib/libmpi.so.40(ompi_group_allocate+0x17)[0x7fd9afbd71e7]
[hydra08:405767] [ 7] /opt/mpi/openmpi-4.1.4//lib/libmpi.so.40(ompi_group_allocate+0x17)[0x7f768dd0b1e7]
[hydra06:404120] [ 9] /opt/mpi/openmpi-4.1.4//lib/libmpi.so.40(PMPI_Group_incl+0x95)[0x7f52b51f9185]
[hydra07:430501] [12] /lib/x86_64-linux-gnu/libc.so.6(__libc_start_main+0xea)[0x7ff04bbacd7a]
[hydra10:516937] [ 9] /opt/mpi/openmpi-4.1.4//lib/libmpi.so.40(PMPI_Group_incl+0x95)[0x7f33b8410185]
[hydra10:516937] [10] /home/thesis/jheld/MPI_Syrk_implementation/build/src/MPI_SYRK_implementation(+0x841a)[0x55de809c041a]
[hydra10:516937] [11] /home/thesis/jheld/MPI_Syrk_implementation/build/src/MPI_SYRK_implementation(+0x2ab0)[0x55de809baab0]
[hydra09:396585] [ 7] /opt/mpi/openmpi-4.1.4//lib/libmpi.so.40(ompi_group_allocate+0x17)[0x7f2ecf0641e7]
[hydra09:396585] [ 8] /opt/mpi/openmpi-4.1.4//lib/libmpi.so.40(ompi_group_incl_plist+0x65)[0x7f2ecf064915]
[hydra11:383836] *** End of error message ***
[hydra04:419439] [ 8] /opt/mpi/openmpi-4.1.4//lib/libmpi.so.40(ompi_group_incl_plist+0x65)[0x7fd9afbd7915]
[hydra08:405768] [ 9] /opt/mpi/openmpi-4.1.4//lib/libmpi.so.40(PMPI_Group_incl+0x95)[0x7fa32fa24185]
[hydra06:404121] [ 9] /opt/mpi/openmpi-4.1.4//lib/libmpi.so.40(PMPI_Group_incl+0x95)[0x7f27d9572185]
[hydra06:404121] [10] /home/thesis/jheld/MPI_Syrk_implementation/build/src/MPI_SYRK_implementation(+0x841a)[0x559f790a241a]
[hydra06:404121] [11] /home/thesis/jheld/MPI_Syrk_implementation/build/src/MPI_SYRK_implementation(+0x2ab0)[0x559f7909cab0]
[hydra07:430501] [13] /home/thesis/jheld/MPI_Syrk_implementation/build/src/MPI_SYRK_implementation(+0x232a)[0x55cbe985a32a]
[hydra07:430501] *** End of error message ***
[hydra09:396586] [ 8] /opt/mpi/openmpi-4.1.4//lib/libmpi.so.40(ompi_group_incl_plist+0x65)[0x7fdf86d2f915]
[hydra04:419440] [ 9] /opt/mpi/openmpi-4.1.4//lib/libmpi.so.40(PMPI_Group_incl+0x95)[0x7f4ced970185]
[hydra04:419440] [10] /home/thesis/jheld/MPI_Syrk_implementation/build/src/MPI_SYRK_implementation(+0x841a)[0x555b19af341a]
[hydra04:419440] [11] /home/thesis/jheld/MPI_Syrk_implementation/build/src/MPI_SYRK_implementation(+0x2ab0)[0x555b19aedab0]
[hydra08:405767] [ 8] /opt/mpi/openmpi-4.1.4//lib/libmpi.so.40(ompi_group_incl_plist+0x65)[0x7f768dd0b915]
[hydra06:404120] [10] /home/thesis/jheld/MPI_Syrk_implementation/build/src/MPI_SYRK_implementation(+0x841a)[0x556dffbc541a]
[hydra06:404120] [11] /home/thesis/jheld/MPI_Syrk_implementation/build/src/MPI_SYRK_implementation(+0x2ab0)[0x556dffbbfab0]
[hydra09:396587] [ 4] /lib/x86_64-linux-gnu/libc.so.6(+0x8175a)[0x7f43f22a375a]
[hydra04:419439] [ 9] /opt/mpi/openmpi-4.1.4//lib/libmpi.so.40(PMPI_Group_incl+0x95)[0x7fd9afc08185]
[hydra04:419439] [10] /home/thesis/jheld/MPI_Syrk_implementation/build/src/MPI_SYRK_implementation(+0x841a)[0x55641c93041a]
[hydra08:405768] [10] /home/thesis/jheld/MPI_Syrk_implementation/build/src/MPI_SYRK_implementation(+0x841a)[0x555e52a3041a]
[hydra08:405768] [11] /home/thesis/jheld/MPI_Syrk_implementation/build/src/MPI_SYRK_implementation(+0x2ab0)[0x555e52a2aab0]
[hydra09:396585] [ 9] /opt/mpi/openmpi-4.1.4//lib/libmpi.so.40(PMPI_Group_incl+0x95)[0x7f2ecf095185]
[hydra09:396585] [10] /home/thesis/jheld/MPI_Syrk_implementation/build/src/MPI_SYRK_implementation(+0x841a)[0x55c7142a741a]
[hydra04:419440] [12] /lib/x86_64-linux-gnu/libc.so.6(__libc_start_main+0xea)[0x7f4ceba0ed7a]
[hydra04:419440] [13] /home/thesis/jheld/MPI_Syrk_implementation/build/src/MPI_SYRK_implementation(+0x232a)[0x555b19aed32a]
[hydra04:419440] *** End of error message ***
[hydra08:405768] [12] /lib/x86_64-linux-gnu/libc.so.6(__libc_start_main+0xea)[0x7fa32dac2d7a]
[hydra09:396586] [ 9] /opt/mpi/openmpi-4.1.4//lib/libmpi.so.40(PMPI_Group_incl+0x95)[0x7fdf86d60185]
[hydra09:396586] [10] /home/thesis/jheld/MPI_Syrk_implementation/build/src/MPI_SYRK_implementation(+0x841a)[0x558272ef741a]
[hydra09:396586] [11] /home/thesis/jheld/MPI_Syrk_implementation/build/src/MPI_SYRK_implementation(+0x2ab0)[0x558272ef1ab0]
[hydra04:419439] [11] /home/thesis/jheld/MPI_Syrk_implementation/build/src/MPI_SYRK_implementation(+0x2ab0)[0x55641c92aab0]
[hydra08:405767] [ 9] /opt/mpi/openmpi-4.1.4//lib/libmpi.so.40(PMPI_Group_incl+0x95)[0x7f768dd3c185]
[hydra08:405767] [10] /home/thesis/jheld/MPI_Syrk_implementation/build/src/MPI_SYRK_implementation(+0x841a)[0x5650c0f2641a]
[hydra09:396587] [ 5] /lib/x86_64-linux-gnu/libc.so.6(+0x8483c)[0x7f43f22a683c]
[hydra04:419439] [12] /lib/x86_64-linux-gnu/libc.so.6(__libc_start_main+0xea)[0x7fd9adca6d7a]
[hydra09:396585] [11] /home/thesis/jheld/MPI_Syrk_implementation/build/src/MPI_SYRK_implementation(+0x2ab0)[0x55c7142a1ab0]
[hydra09:396585] [12] /lib/x86_64-linux-gnu/libc.so.6(__libc_start_main+0xea)[0x7f2ecd133d7a]
[hydra04:419439] [13] /home/thesis/jheld/MPI_Syrk_implementation/build/src/MPI_SYRK_implementation(+0x232a)[0x55641c92a32a]
[hydra04:419439] *** End of error message ***
[hydra09:396586] [12] /lib/x86_64-linux-gnu/libc.so.6(__libc_start_main+0xea)[0x7fdf84dfed7a]
[hydra09:396586] [13] /home/thesis/jheld/MPI_Syrk_implementation/build/src/MPI_SYRK_implementation(+0x232a)[0x558272ef132a]
[hydra09:396586] *** End of error message ***
[hydra09:396587] [ 6] /lib/x86_64-linux-gnu/libc.so.6(__libc_calloc+0x81)[0x7f43f22a8bd1]
[hydra09:396585] [13] /home/thesis/jheld/MPI_Syrk_implementation/build/src/MPI_SYRK_implementation(+0x232a)[0x55c7142a132a]
[hydra09:396585] *** End of error message ***
[hydra09:396587] [ 7] /opt/mpi/openmpi-4.1.4//lib/libmpi.so.40(ompi_group_allocate+0x17)[0x7f43f41761e7]
[hydra09:396587] [ 8] /opt/mpi/openmpi-4.1.4//lib/libmpi.so.40(ompi_group_incl_plist+0x65)[0x7f43f4176915]
[hydra09:396587] [ 9] /opt/mpi/openmpi-4.1.4//lib/libmpi.so.40(PMPI_Group_incl+0x95)[0x7f43f41a7185]
[hydra09:396587] [10] /home/thesis/jheld/MPI_Syrk_implementation/build/src/MPI_SYRK_implementation(+0x841a)[0x556cb49a741a]
[hydra09:396587] [11] /home/thesis/jheld/MPI_Syrk_implementation/build/src/MPI_SYRK_implementation(+0x2ab0)[0x556cb49a1ab0]
[hydra09:396587] [12] /lib/x86_64-linux-gnu/libc.so.6(__libc_start_main+0xea)[0x7f43f2245d7a]
[hydra09:396587] [13] /home/thesis/jheld/MPI_Syrk_implementation/build/src/MPI_SYRK_implementation(+0x232a)[0x556cb49a132a]
[hydra09:396587] *** End of error message ***
[hydra08:405768] [13] /home/thesis/jheld/MPI_Syrk_implementation/build/src/MPI_SYRK_implementation(+0x232a)[0x555e52a2a32a]
[hydra08:405768] *** End of error message ***
[hydra08:405767] [11] /home/thesis/jheld/MPI_Syrk_implementation/build/src/MPI_SYRK_implementation(+0x2ab0)[0x5650c0f20ab0]
[hydra10:516935] [12] /lib/x86_64-linux-gnu/libc.so.6(__libc_start_main+0xea)[0x7f4728b40d7a]
[hydra10:516935] [13] /home/thesis/jheld/MPI_Syrk_implementation/build/src/MPI_SYRK_implementation(+0x232a)[0x555d6ebaf32a]
[hydra10:516935] *** End of error message ***
[hydra08:405767] [12] /lib/x86_64-linux-gnu/libc.so.6(__libc_start_main+0xea)[0x7f768bddad7a]
[hydra06:404121] [12] /lib/x86_64-linux-gnu/libc.so.6(__libc_start_main+0xea)[0x7f27d7610d7a]
[hydra10:516937] [12] /lib/x86_64-linux-gnu/libc.so.6(__libc_start_main+0xea)[0x7f33b64aed7a]
[hydra10:516937] [13] /home/thesis/jheld/MPI_Syrk_implementation/build/src/MPI_SYRK_implementation(+0x232a)[0x55de809ba32a]
[hydra08:405767] [13] /home/thesis/jheld/MPI_Syrk_implementation/build/src/MPI_SYRK_implementation(+0x232a)[0x5650c0f2032a]
[hydra08:405767] *** End of error message ***
[hydra06:404120] [12] /lib/x86_64-linux-gnu/libc.so.6(__libc_start_main+0xea)[0x7f52b3297d7a]
[hydra06:404120] [13] /home/thesis/jheld/MPI_Syrk_implementation/build/src/MPI_SYRK_implementation(+0x232a)[0x556dffbbf32a]
[hydra06:404120] *** End of error message ***
[hydra10:516937] *** End of error message ***
[hydra06:404121] [13] /home/thesis/jheld/MPI_Syrk_implementation/build/src/MPI_SYRK_implementation(+0x232a)[0x559f7909c32a]
[hydra06:404121] *** End of error message ***
srun: error: hydra02: task 5: Aborted
srun: error: hydra11: task 30: Aborted
srun: error: hydra12: task 35: Aborted
srun: error: hydra03: task 6: Aborted
srun: error: hydra06: tasks 16-17: Aborted
srun: error: hydra04: tasks 9-10: Aborted
srun: error: hydra05: tasks 13-14: Aborted
srun: error: hydra08: tasks 21-22: Aborted
srun: error: hydra10: tasks 27,29: Aborted
srun: error: hydra07: tasks 19-20: Aborted
srun: error: hydra09: tasks 24-26: Aborted
srun: error: hydra01: tasks 0-2: Aborted
slurmstepd: error:  mpi/pmix_v4: _errhandler: hydra12 [11]: pmixp_client_v2.c:211: Error handler invoked: status = -61, source = [slurm.pmix.5008705.16:35]
slurmstepd: error:  mpi/pmix_v4: _errhandler: hydra02 [1]: pmixp_client_v2.c:211: Error handler invoked: status = -61, source = [slurm.pmix.5008705.16:5]
slurmstepd: error:  mpi/pmix_v4: _errhandler: hydra05 [4]: pmixp_client_v2.c:211: Error handler invoked: status = -61, source = [slurm.pmix.5008705.16:13]
slurmstepd: error:  mpi/pmix_v4: _errhandler: hydra11 [10]: pmixp_client_v2.c:211: Error handler invoked: status = -61, source = [slurm.pmix.5008705.16:30]
slurmstepd: error:  mpi/pmix_v4: _errhandler: hydra04 [3]: pmixp_client_v2.c:211: Error handler invoked: status = -61, source = [slurm.pmix.5008705.16:9]
slurmstepd: error:  mpi/pmix_v4: _errhandler: hydra08 [7]: pmixp_client_v2.c:211: Error handler invoked: status = -61, source = [slurm.pmix.5008705.16:22]
slurmstepd: error:  mpi/pmix_v4: _errhandler: hydra03 [2]: pmixp_client_v2.c:211: Error handler invoked: status = -61, source = [slurm.pmix.5008705.16:6]
slurmstepd: error:  mpi/pmix_v4: _errhandler: hydra06 [5]: pmixp_client_v2.c:211: Error handler invoked: status = -61, source = [slurm.pmix.5008705.16:17]
srun: Job step aborted: Waiting up to 32 seconds for job step to finish.
srun: error: hydra06: task 15: Killed
srun: error: hydra08: task 23: Killed
srun: error: hydra04: task 11: Killed
srun: error: hydra05: task 12: Killed
srun: error: hydra07: task 18: Killed
srun: error: hydra10: task 28: Killed
srun: error: hydra03: tasks 7-8: Killed
srun: error: hydra11: tasks 31-32: Killed
srun: error: hydra12: tasks 33-34: Killed
srun: error: hydra02: tasks 3-4: Killed
⚠️ Warning: No runtime found for run 17
srun: Warning: can't honor --ntasks-per-node set to 1 which doesn't match the requested tasks 36 with the number of requested nodes 12. Ignoring --ntasks-per-node.
missing input file name --> Generate random input
malloc(): invalid size (unsorted)
[hydra12:383803] *** Process received signal ***
[hydra12:383803] Signal: Aborted (6)
[hydra12:383803] Signal code:  (-6)
malloc(): invalid size (unsorted)
[hydra12:383802] *** Process received signal ***
[hydra12:383802] Signal: Aborted (6)
[hydra12:383802] Signal code:  (-6)
malloc(): invalid size (unsorted)
[hydra11:383901] *** Process received signal ***
[hydra11:383901] Signal: Aborted (6)
[hydra11:383901] Signal code:  (-6)
[hydra12:383803] [ 0] /lib/x86_64-linux-gnu/libc.so.6(+0x38de0)[0x7fe03d663de0]
malloc(): invalid size (unsorted)
[hydra05:403467] *** Process received signal ***
[hydra05:403467] Signal: Aborted (6)
[hydra05:403467] Signal code:  (-6)
[hydra12:383802] [ 0] /lib/x86_64-linux-gnu/libc.so.6(+0x38de0)[0x7fbf37e1ade0]
malloc(): invalid size (unsorted)
[hydra01:916866] *** Process received signal ***
[hydra01:916866] Signal: Aborted (6)
[hydra01:916866] Signal code:  (-6)
[hydra12:383803] [ 1] /lib/x86_64-linux-gnu/libc.so.6(gsignal+0x141)[0x7fe03d663d61]
malloc(): invalid size (unsorted)
[hydra07:430562] *** Process received signal ***
[hydra07:430562] Signal: Aborted (6)
[hydra07:430562] Signal code:  (-6)
malloc(): invalid size (unsorted)
[hydra02:596133] *** Process received signal ***
[hydra02:596133] Signal: Aborted (6)
[hydra02:596133] Signal code:  (-6)
[hydra12:383802] [ 1] /lib/x86_64-linux-gnu/libc.so.6(gsignal+0x141)[0x7fbf37e1ad61]
[hydra12:383803] [ 2] /lib/x86_64-linux-gnu/libc.so.6(abort+0x123)[0x7fe03d64d537]
[hydra12:383802] [ 2] /lib/x86_64-linux-gnu/libc.so.6(abort+0x123)[0x7fbf37e04537]
malloc(): invalid size (unsorted)
malloc(): invalid size (unsorted)
[hydra06:404184] *** Process received signal ***
[hydra06:404184] Signal: Aborted (6)
[hydra06:404184] Signal code:  (-6)
malloc(): invalid size (unsorted)
[hydra03:420800] *** Process received signal ***
[hydra03:420800] Signal: Aborted (6)
[hydra03:420800] Signal code:  (-6)
[hydra12:383803] [ 3] /lib/x86_64-linux-gnu/libc.so.6(+0x7a468)[0x7fe03d6a5468]
[hydra01:916866] [ 0] /lib/x86_64-linux-gnu/libc.so.6(+0x38de0)[0x7fb4f4446de0]
[hydra12:383802] [ 3] /lib/x86_64-linux-gnu/libc.so.6(+0x7a468)[0x7fbf37e5c468]
[hydra05:403467] [ 0] /lib/x86_64-linux-gnu/libc.so.6(+0x38de0)[0x7f5951c74de0]
malloc(): invalid size (unsorted)
[hydra01:916866] [ 1] /lib/x86_64-linux-gnu/libc.so.6(gsignal+0x141)[0x7fb4f4446d61]
[hydra12:383803] [ 4] /lib/x86_64-linux-gnu/libc.so.6(+0x8175a)[0x7fe03d6ac75a]
[hydra05:403469] *** Process received signal ***
[hydra07:430564] *** Process received signal ***
malloc(): invalid size (unsorted)
[hydra08:405832] *** Process received signal ***
[hydra08:405832] Signal: Aborted (6)
[hydra08:405832] Signal code:  (-6)
[hydra01:916866] [ 2] /lib/x86_64-linux-gnu/libc.so.6(abort+0x123)[0x7fb4f4430537]
[hydra12:383802] [ 4] /lib/x86_64-linux-gnu/libc.so.6(+0x8175a)[0x7fbf37e6375a]
[hydra05:403467] [ 1] /lib/x86_64-linux-gnu/libc.so.6(gsignal+0x141)[0x7f5951c74d61]
[hydra06:404184] [ 0] /lib/x86_64-linux-gnu/libc.so.6(+0x38de0)[0x7f25d429cde0]
[hydra07:430562] [ 0] /lib/x86_64-linux-gnu/libc.so.6(+0x38de0)[0x7fe42f186de0]
[hydra03:420800] [ 0] /lib/x86_64-linux-gnu/libc.so.6(+0x38de0)[0x7fea4ffc4de0]
[hydra01:916866] [ 3] /lib/x86_64-linux-gnu/libc.so.6(+0x7a468)[0x7fb4f4488468]
[hydra12:383803] [ 5] /lib/x86_64-linux-gnu/libc.so.6(+0x8483c)[0x7fe03d6af83c]
[hydra05:403469] Signal: Aborted (6)
[hydra05:403469] Signal code:  (-6)
[hydra06:404184] [ 1] /lib/x86_64-linux-gnu/libc.so.6(gsignal+0x141)[0x7f25d429cd61]
[hydra07:430564] Signal: Aborted (6)
[hydra07:430564] Signal code:  (-6)
[hydra08:405832] [ 0] /lib/x86_64-linux-gnu/libc.so.6(+0x38de0)[0x7f1d72a3ade0]
[hydra03:420800] [ 1] /lib/x86_64-linux-gnu/libc.so.6(gsignal+0x141)[0x7fea4ffc4d61]
malloc(): invalid size (unsorted)
[hydra09:396641] *** Process received signal ***
[hydra09:396641] Signal: Aborted (6)
[hydra09:396641] Signal code:  (-6)
[hydra01:916866] [ 4] /lib/x86_64-linux-gnu/libc.so.6(+0x8175a)[0x7fb4f448f75a]
[hydra12:383802] [ 5] /lib/x86_64-linux-gnu/libc.so.6(+0x8483c)[0x7fbf37e6683c]
[hydra05:403467] [ 2] /lib/x86_64-linux-gnu/libc.so.6(abort+0x123)[0x7f5951c5e537]
[hydra06:404184] [ 2] /lib/x86_64-linux-gnu/libc.so.6(abort+0x123)[0x7f25d4286537]
[hydra07:430562] [ 1] /lib/x86_64-linux-gnu/libc.so.6(gsignal+0x141)[0x7fe42f186d61]
[hydra03:420800] [ 2] /lib/x86_64-linux-gnu/libc.so.6(abort+0x123)[0x7fea4ffae537]
malloc(): invalid size (unsorted)
[hydra10:517005] *** Process received signal ***
[hydra10:517005] Signal: Aborted (6)
[hydra10:517005] Signal code:  (-6)
[hydra01:916866] [ 5] /lib/x86_64-linux-gnu/libc.so.6(+0x8483c)[0x7fb4f449283c]
[hydra12:383803] [ 6] /lib/x86_64-linux-gnu/libc.so.6(__libc_calloc+0x81)[0x7fe03d6b1bd1]
[hydra05:403467] [ 3] /lib/x86_64-linux-gnu/libc.so.6(+0x7a468)[0x7f5951cb6468]
[hydra06:404184] [ 3] /lib/x86_64-linux-gnu/libc.so.6(+0x7a468)[0x7f25d42de468]
[hydra07:430562] [ 2] /lib/x86_64-linux-gnu/libc.so.6(abort+0x123)[0x7fe42f170537]
[hydra08:405832] [ 1] /lib/x86_64-linux-gnu/libc.so.6(gsignal+0x141)[0x7f1d72a3ad61]
[hydra03:420800] [ 3] /lib/x86_64-linux-gnu/libc.so.6(+0x7a468)[0x7fea50006468]
[hydra01:916866] [ 6] /lib/x86_64-linux-gnu/libc.so.6(__libc_calloc+0x81)[0x7fb4f4494bd1]
[hydra12:383803] [ 7] /opt/mpi/openmpi-4.1.4//lib/libmpi.so.40(ompi_group_allocate+0x17)[0x7fe03f57f1e7]
[hydra05:403467] [ 4] /lib/x86_64-linux-gnu/libc.so.6(+0x8175a)[0x7f5951cbd75a]
[hydra06:404184] [ 4] /lib/x86_64-linux-gnu/libc.so.6(+0x8175a)[0x7f25d42e575a]
[hydra07:430562] [ 3] /lib/x86_64-linux-gnu/libc.so.6(+0x7a468)[0x7fe42f1c8468]
[hydra08:405832] [ 2] /lib/x86_64-linux-gnu/libc.so.6(abort+0x123)[0x7f1d72a24537]
[hydra03:420800] [ 4] /lib/x86_64-linux-gnu/libc.so.6(+0x8175a)[0x7fea5000d75a]
[hydra01:916866] [ 7] /opt/mpi/openmpi-4.1.4//lib/libmpi.so.40(ompi_group_allocate+0x17)[0x7fb4f63621e7]
[hydra12:383802] [ 6] /lib/x86_64-linux-gnu/libc.so.6(__libc_calloc+0x81)[0x7fbf37e68bd1]
[hydra05:403467] [ 5] /lib/x86_64-linux-gnu/libc.so.6(+0x8483c)[0x7f5951cc083c]
[hydra06:404184] [ 5] /lib/x86_64-linux-gnu/libc.so.6(+0x8483c)[0x7f25d42e883c]
[hydra07:430564] [ 0] /lib/x86_64-linux-gnu/libc.so.6(+0x38de0)[0x7fd646372de0]
[hydra08:405832] [ 3] /lib/x86_64-linux-gnu/libc.so.6(+0x7a468)[0x7f1d72a7c468]
[hydra03:420800] [ 5] /lib/x86_64-linux-gnu/libc.so.6(+0x8483c)[0x7fea5001083c]
[hydra11:383901] [ 0] /lib/x86_64-linux-gnu/libc.so.6(+0x38de0)[0x7f78246dfde0]
[hydra01:916866] [ 8] /opt/mpi/openmpi-4.1.4//lib/libmpi.so.40(ompi_group_incl_plist+0x65)[0x7fb4f6362915]
[hydra12:383803] [ 8] /opt/mpi/openmpi-4.1.4//lib/libmpi.so.40(ompi_group_incl_plist+0x65)[0x7fe03f57f915]
[hydra05:403469] [ 0] /lib/x86_64-linux-gnu/libc.so.6(+0x38de0)[0x7fa941bafde0]
[hydra06:404184] [ 6] /lib/x86_64-linux-gnu/libc.so.6(__libc_calloc+0x81)[0x7f25d42eabd1]
[hydra07:430562] [ 4] /lib/x86_64-linux-gnu/libc.so.6(+0x8175a)[0x7fe42f1cf75a]
[hydra08:405832] [ 4] /lib/x86_64-linux-gnu/libc.so.6(+0x8175a)[0x7f1d72a8375a]
[hydra03:420800] [ 6] /lib/x86_64-linux-gnu/libc.so.6(__libc_calloc+0x81)[0x7fea50012bd1]
[hydra11:383901] [ 1] /lib/x86_64-linux-gnu/libc.so.6(gsignal+0x141)[0x7f78246dfd61]
[hydra01:916866] [ 9] /opt/mpi/openmpi-4.1.4//lib/libmpi.so.40(PMPI_Group_incl+0x95)[0x7fb4f6393185]
[hydra12:383802] [ 7] /opt/mpi/openmpi-4.1.4//lib/libmpi.so.40(ompi_group_allocate+0x17)[0x7fbf39d361e7]
[hydra05:403469] [ 1] /lib/x86_64-linux-gnu/libc.so.6(gsignal+0x141)[0x7fa941bafd61]
[hydra06:404184] [ 7] /opt/mpi/openmpi-4.1.4//lib/libmpi.so.40(ompi_group_allocate+0x17)[0x7f25d61b81e7]
[hydra07:430564] [ 1] /lib/x86_64-linux-gnu/libc.so.6(gsignal+0x141)[0x7fd646372d61]
[hydra08:405832] [ 5] /lib/x86_64-linux-gnu/libc.so.6(+0x8483c)[0x7f1d72a8683c]
[hydra03:420800] [ 7] /opt/mpi/openmpi-4.1.4//lib/libmpi.so.40(ompi_group_allocate+0x17)[0x7fea51ee01e7]
[hydra11:383901] [ 2] /lib/x86_64-linux-gnu/libc.so.6(abort+0x123)[0x7f78246c9537]
[hydra01:916866] [10] /home/thesis/jheld/MPI_Syrk_implementation/build/src/MPI_SYRK_implementation(+0x841a)[0x55f7292b141a]
[hydra01:916866] [11] /home/thesis/jheld/MPI_Syrk_implementation/build/src/MPI_SYRK_implementation(+0x2ab0)[0x55f7292abab0]
[hydra12:383802] [ 8] /opt/mpi/openmpi-4.1.4//lib/libmpi.so.40(ompi_group_incl_plist+0x65)[0x7fbf39d36915]
[hydra05:403467] [ 6] /lib/x86_64-linux-gnu/libc.so.6(__libc_calloc+0x81)[0x7f5951cc2bd1]
[hydra06:404184] [ 8] /opt/mpi/openmpi-4.1.4//lib/libmpi.so.40(ompi_group_incl_plist+0x65)[0x7f25d61b8915]
[hydra07:430562] [ 5] /lib/x86_64-linux-gnu/libc.so.6(+0x8483c)[0x7fe42f1d283c]
[hydra08:405832] [ 6] /lib/x86_64-linux-gnu/libc.so.6(__libc_calloc+0x81)[0x7f1d72a88bd1]
[hydra03:420800] [ 8] /opt/mpi/openmpi-4.1.4//lib/libmpi.so.40(ompi_group_incl_plist+0x65)[0x7fea51ee0915]
malloc(): invalid size (unsorted)
[hydra02:596133] [ 0] /lib/x86_64-linux-gnu/libc.so.6(+0x38de0)[0x7f1d2e55ede0]
[hydra01:916866] [12] /lib/x86_64-linux-gnu/libc.so.6(__libc_start_main+0xea)[0x7fb4f4431d7a]
[hydra12:383803] [ 9] /opt/mpi/openmpi-4.1.4//lib/libmpi.so.40(PMPI_Group_incl+0x95)[0x7fe03f5b0185]
[hydra12:383803] [10] /home/thesis/jheld/MPI_Syrk_implementation/build/src/MPI_SYRK_implementation(+0x841a)[0x5577d2ded41a]
[hydra12:383803] [11] /home/thesis/jheld/MPI_Syrk_implementation/build/src/MPI_SYRK_implementation(+0x2ab0)[0x5577d2de7ab0]
[hydra05:403469] [ 2] /lib/x86_64-linux-gnu/libc.so.6(abort+0x123)[0x7fa941b99537]
[hydra06:404184] [ 9] /opt/mpi/openmpi-4.1.4//lib/libmpi.so.40(PMPI_Group_incl+0x95)[0x7f25d61e9185]
[hydra06:404184] [10] /home/thesis/jheld/MPI_Syrk_implementation/build/src/MPI_SYRK_implementation(+0x841a)[0x556d14a3d41a]
[hydra07:430564] [ 2] /lib/x86_64-linux-gnu/libc.so.6(abort+0x123)[0x7fd64635c537]
[hydra08:405832] [ 7] /opt/mpi/openmpi-4.1.4//lib/libmpi.so.40(ompi_group_allocate+0x17)[0x7f1d749561e7]
[hydra03:420800] [ 9] /opt/mpi/openmpi-4.1.4//lib/libmpi.so.40(PMPI_Group_incl+0x95)[0x7fea51f11185]
[hydra03:420800] [10] /home/thesis/jheld/MPI_Syrk_implementation/build/src/MPI_SYRK_implementation(+0x841a)[0x5565e714c41a]
[hydra11:383901] [ 3] /lib/x86_64-linux-gnu/libc.so.6(+0x7a468)[0x7f7824721468]
[hydra02:596133] [ 1] /lib/x86_64-linux-gnu/libc.so.6(gsignal+0x141)[0x7f1d2e55ed61]
[hydra01:916866] [13] /home/thesis/jheld/MPI_Syrk_implementation/build/src/MPI_SYRK_implementation(+0x232a)[0x55f7292ab32a]
[hydra01:916866] *** End of error message ***
[hydra12:383802] [ 9] /opt/mpi/openmpi-4.1.4//lib/libmpi.so.40(PMPI_Group_incl+0x95)[0x7fbf39d67185]
[hydra05:403467] [ 7] /opt/mpi/openmpi-4.1.4//lib/libmpi.so.40(ompi_group_allocate+0x17)[0x7f5953b901e7]
[hydra06:404184] [11] /home/thesis/jheld/MPI_Syrk_implementation/build/src/MPI_SYRK_implementation(+0x2ab0)[0x556d14a37ab0]
[hydra07:430562] [ 6] /lib/x86_64-linux-gnu/libc.so.6(__libc_calloc+0x81)[0x7fe42f1d4bd1]
[hydra08:405832] [ 8] /opt/mpi/openmpi-4.1.4//lib/libmpi.so.40(ompi_group_incl_plist+0x65)[0x7f1d74956915]
[hydra03:420800] [11] /home/thesis/jheld/MPI_Syrk_implementation/build/src/MPI_SYRK_implementation(+0x2ab0)[0x5565e7146ab0]
[hydra11:383900] *** Process received signal ***
[hydra02:596133] [ 2] /lib/x86_64-linux-gnu/libc.so.6(abort+0x123)[0x7f1d2e548537]
[hydra12:383802] [10] /home/thesis/jheld/MPI_Syrk_implementation/build/src/MPI_SYRK_implementation(+0x841a)[0x561454d8841a]
[hydra12:383802] [11] /home/thesis/jheld/MPI_Syrk_implementation/build/src/MPI_SYRK_implementation(+0x2ab0)[0x561454d82ab0]
[hydra05:403467] [ 8] /opt/mpi/openmpi-4.1.4//lib/libmpi.so.40(ompi_group_incl_plist+0x65)[0x7f5953b90915]
[hydra06:404184] [12] /lib/x86_64-linux-gnu/libc.so.6(__libc_start_main+0xea)[0x7f25d4287d7a]
[hydra07:430564] [ 3] /lib/x86_64-linux-gnu/libc.so.6(+0x7a468)[0x7fd6463b4468]
[hydra08:405832] [ 9] /opt/mpi/openmpi-4.1.4//lib/libmpi.so.40(PMPI_Group_incl+0x95)[0x7f1d74987185]
[hydra03:420800] [12] /lib/x86_64-linux-gnu/libc.so.6(__libc_start_main+0xea)[0x7fea4ffafd7a]
[hydra09:396641] [ 0] /lib/x86_64-linux-gnu/libc.so.6(+0x38de0)[0x7f0258b2dde0]
[hydra11:383901] [ 4] /lib/x86_64-linux-gnu/libc.so.6(+0x8175a)[0x7f782472875a]
[hydra02:596133] [ 3] /lib/x86_64-linux-gnu/libc.so.6(+0x7a468)[0x7f1d2e5a0468]
[hydra12:383803] [12] /lib/x86_64-linux-gnu/libc.so.6(__libc_start_main+0xea)[0x7fe03d64ed7a]
[hydra12:383803] [13] /home/thesis/jheld/MPI_Syrk_implementation/build/src/MPI_SYRK_implementation(+0x232a)[0x5577d2de732a]
[hydra12:383803] *** End of error message ***
[hydra05:403469] [ 3] /lib/x86_64-linux-gnu/libc.so.6(+0x7a468)[0x7fa941bf1468]
[hydra06:404184] [13] /home/thesis/jheld/MPI_Syrk_implementation/build/src/MPI_SYRK_implementation(+0x232a)[0x556d14a3732a]
[hydra06:404184] *** End of error message ***
[hydra07:430562] [ 7] /opt/mpi/openmpi-4.1.4//lib/libmpi.so.40(ompi_group_allocate+0x17)[0x7fe4310a21e7]
[hydra08:405832] [10] /home/thesis/jheld/MPI_Syrk_implementation/build/src/MPI_SYRK_implementation(+0x841a)[0x5598a09b941a]
[hydra08:405832] [11] /home/thesis/jheld/MPI_Syrk_implementation/build/src/MPI_SYRK_implementation(+0x2ab0)[0x5598a09b3ab0]
[hydra03:420800] [13] /home/thesis/jheld/MPI_Syrk_implementation/build/src/MPI_SYRK_implementation(+0x232a)[0x5565e714632a]
[hydra03:420800] *** End of error message ***
[hydra09:396641] [ 1] /lib/x86_64-linux-gnu/libc.so.6(gsignal+0x141)[0x7f0258b2dd61]
[hydra11:383900] Signal: Aborted (6)
[hydra11:383900] Signal code:  (-6)
[hydra02:596133] [ 4] /lib/x86_64-linux-gnu/libc.so.6(+0x8175a)[0x7f1d2e5a775a]
[hydra12:383802] [12] /lib/x86_64-linux-gnu/libc.so.6(__libc_start_main+0xea)[0x7fbf37e05d7a]
[hydra05:403467] [ 9] /opt/mpi/openmpi-4.1.4//lib/libmpi.so.40(PMPI_Group_incl+0x95)[0x7f5953bc1185]
[hydra05:403467] [10] /home/thesis/jheld/MPI_Syrk_implementation/build/src/MPI_SYRK_implementation(+0x841a)[0x55b8dd69141a]
[hydra07:430562] [ 8] /opt/mpi/openmpi-4.1.4//lib/libmpi.so.40(ompi_group_incl_plist+0x65)[0x7fe4310a2915]
[hydra08:405832] [12] /lib/x86_64-linux-gnu/libc.so.6(__libc_start_main+0xea)[0x7f1d72a25d7a]
[hydra08:405832] [13] /home/thesis/jheld/MPI_Syrk_implementation/build/src/MPI_SYRK_implementation(+0x232a)[0x5598a09b332a]
[hydra08:405832] *** End of error message ***
[hydra10:517005] [ 0] /lib/x86_64-linux-gnu/libc.so.6(+0x38de0)[0x7f357d453de0]
[hydra09:396641] [ 2] /lib/x86_64-linux-gnu/libc.so.6(abort+0x123)[0x7f0258b17537]
[hydra11:383901] [ 5] /lib/x86_64-linux-gnu/libc.so.6(+0x8483c)[0x7f782472b83c]
[hydra02:596133] [ 5] /lib/x86_64-linux-gnu/libc.so.6(+0x8483c)[0x7f1d2e5aa83c]
[hydra12:383802] [13] /home/thesis/jheld/MPI_Syrk_implementation/build/src/MPI_SYRK_implementation(+0x232a)[0x561454d8232a]
[hydra12:383802] *** End of error message ***
[hydra05:403469] [ 4] /lib/x86_64-linux-gnu/libc.so.6(+0x8175a)[0x7fa941bf875a]
[hydra07:430564] [ 4] /lib/x86_64-linux-gnu/libc.so.6(+0x8175a)[0x7fd6463bb75a]
[hydra10:517005] [ 1] /lib/x86_64-linux-gnu/libc.so.6(gsignal+0x141)[0x7f357d453d61]
[hydra09:396641] [ 3] /lib/x86_64-linux-gnu/libc.so.6(+0x7a468)[0x7f0258b6f468]
[hydra11:383901] [ 6] /lib/x86_64-linux-gnu/libc.so.6(__libc_calloc+0x81)[0x7f782472dbd1]
[hydra02:596133] [ 6] /lib/x86_64-linux-gnu/libc.so.6(__libc_calloc+0x81)[0x7f1d2e5acbd1]
[hydra05:403467] [11] /home/thesis/jheld/MPI_Syrk_implementation/build/src/MPI_SYRK_implementation(+0x2ab0)[0x55b8dd68bab0]
[hydra07:430562] [ 9] /opt/mpi/openmpi-4.1.4//lib/libmpi.so.40(PMPI_Group_incl+0x95)[0x7fe4310d3185]
[hydra10:517005] [ 2] /lib/x86_64-linux-gnu/libc.so.6(abort+0x123)[0x7f357d43d537]
[hydra09:396641] [ 4] /lib/x86_64-linux-gnu/libc.so.6(+0x8175a)[0x7f0258b7675a]
[hydra11:383901] [ 7] /opt/mpi/openmpi-4.1.4//lib/libmpi.so.40(ompi_group_allocate+0x17)[0x7f78265fb1e7]
[hydra02:596133] [ 7] /opt/mpi/openmpi-4.1.4//lib/libmpi.so.40(ompi_group_allocate+0x17)[0x7f1d3047a1e7]
[hydra05:403467] [12] /lib/x86_64-linux-gnu/libc.so.6(__libc_start_main+0xea)[0x7f5951c5fd7a]
[hydra07:430562] [10] /home/thesis/jheld/MPI_Syrk_implementation/build/src/MPI_SYRK_implementation(+0x841a)[0x5629f3c8b41a]
[hydra07:430562] [11] /home/thesis/jheld/MPI_Syrk_implementation/build/src/MPI_SYRK_implementation(+0x2ab0)[0x5629f3c85ab0]
[hydra10:517005] [ 3] /lib/x86_64-linux-gnu/libc.so.6(+0x7a468)[0x7f357d495468]
[hydra09:396641] [ 5] /lib/x86_64-linux-gnu/libc.so.6(+0x8483c)[0x7f0258b7983c]
[hydra11:383900] [ 0] /lib/x86_64-linux-gnu/libc.so.6(+0x38de0)[0x7f677ec53de0]
[hydra02:596133] [ 8] /opt/mpi/openmpi-4.1.4//lib/libmpi.so.40(ompi_group_incl_plist+0x65)[0x7f1d3047a915]
[hydra05:403469] [ 5] /lib/x86_64-linux-gnu/libc.so.6(+0x8483c)[0x7fa941bfb83c]
[hydra07:430564] [ 5] /lib/x86_64-linux-gnu/libc.so.6(+0x8483c)[0x7fd6463be83c]
[hydra10:517005] [ 4] /lib/x86_64-linux-gnu/libc.so.6(+0x8175a)[0x7f357d49c75a]
[hydra09:396641] [ 6] /lib/x86_64-linux-gnu/libc.so.6(__libc_calloc+0x81)[0x7f0258b7bbd1]
[hydra11:383901] [ 8] /opt/mpi/openmpi-4.1.4//lib/libmpi.so.40(ompi_group_incl_plist+0x65)[0x7f78265fb915]
[hydra02:596133] [ 9] /opt/mpi/openmpi-4.1.4//lib/libmpi.so.40(PMPI_Group_incl+0x95)[0x7f1d304ab185]
[hydra05:403467] [13] /home/thesis/jheld/MPI_Syrk_implementation/build/src/MPI_SYRK_implementation(+0x232a)[0x55b8dd68b32a]
[hydra05:403467] *** End of error message ***
[hydra07:430562] [12] /lib/x86_64-linux-gnu/libc.so.6(__libc_start_main+0xea)[0x7fe42f171d7a]
[hydra10:517005] [ 5] /lib/x86_64-linux-gnu/libc.so.6(+0x8483c)[0x7f357d49f83c]
[hydra09:396641] [ 7] /opt/mpi/openmpi-4.1.4//lib/libmpi.so.40(ompi_group_allocate+0x17)[0x7f025aa491e7]
[hydra11:383900] [ 1] /lib/x86_64-linux-gnu/libc.so.6(gsignal+0x141)[0x7f677ec53d61]
[hydra02:596133] [10] /home/thesis/jheld/MPI_Syrk_implementation/build/src/MPI_SYRK_implementation(+0x841a)[0x56214d81041a]
[hydra02:596133] [11] /home/thesis/jheld/MPI_Syrk_implementation/build/src/MPI_SYRK_implementation(+0x2ab0)[0x56214d80aab0]
[hydra05:403469] [ 6] /lib/x86_64-linux-gnu/libc.so.6(__libc_calloc+0x81)[0x7fa941bfdbd1]
[hydra07:430562] [13] /home/thesis/jheld/MPI_Syrk_implementation/build/src/MPI_SYRK_implementation(+0x232a)[0x5629f3c8532a]
[hydra07:430562] *** End of error message ***
[hydra10:517005] [ 6] /lib/x86_64-linux-gnu/libc.so.6(__libc_calloc+0x81)[0x7f357d4a1bd1]
[hydra09:396641] [ 8] /opt/mpi/openmpi-4.1.4//lib/libmpi.so.40(ompi_group_incl_plist+0x65)[0x7f025aa49915]
[hydra11:383901] [ 9] /opt/mpi/openmpi-4.1.4//lib/libmpi.so.40(PMPI_Group_incl+0x95)[0x7f782662c185]
[hydra11:383901] [10] /home/thesis/jheld/MPI_Syrk_implementation/build/src/MPI_SYRK_implementation(+0x841a)[0x5603e0c5341a]
[hydra02:596133] [12] /lib/x86_64-linux-gnu/libc.so.6(__libc_start_main+0xea)[0x7f1d2e549d7a]
[hydra05:403469] [ 7] /opt/mpi/openmpi-4.1.4//lib/libmpi.so.40(ompi_group_allocate+0x17)[0x7fa943acb1e7]
[hydra07:430564] [ 6] /lib/x86_64-linux-gnu/libc.so.6(__libc_calloc+0x81)[0x7fd6463c0bd1]
[hydra10:517005] [ 7] /opt/mpi/openmpi-4.1.4//lib/libmpi.so.40(ompi_group_allocate+0x17)[0x7f357f36f1e7]
[hydra09:396641] [ 9] /opt/mpi/openmpi-4.1.4//lib/libmpi.so.40(PMPI_Group_incl+0x95)[0x7f025aa7a185]
[hydra11:383900] [ 2] /lib/x86_64-linux-gnu/libc.so.6(abort+0x123)[0x7f677ec3d537]
[hydra02:596133] [13] /home/thesis/jheld/MPI_Syrk_implementation/build/src/MPI_SYRK_implementation(+0x232a)[0x56214d80a32a]
[hydra02:596133] *** End of error message ***
[hydra05:403469] [ 8] /opt/mpi/openmpi-4.1.4//lib/libmpi.so.40(ompi_group_incl_plist+0x65)[0x7fa943acb915]
[hydra07:430564] [ 7] /opt/mpi/openmpi-4.1.4//lib/libmpi.so.40(ompi_group_allocate+0x17)[0x7fd64828e1e7]
[hydra10:517005] [ 8] /opt/mpi/openmpi-4.1.4//lib/libmpi.so.40(ompi_group_incl_plist+0x65)[0x7f357f36f915]
[hydra09:396641] [10] /home/thesis/jheld/MPI_Syrk_implementation/build/src/MPI_SYRK_implementation(+0x841a)[0x556966b0241a]
[hydra09:396641] [11] /home/thesis/jheld/MPI_Syrk_implementation/build/src/MPI_SYRK_implementation(+0x2ab0)[0x556966afcab0]
[hydra11:383901] [11] /home/thesis/jheld/MPI_Syrk_implementation/build/src/MPI_SYRK_implementation(+0x2ab0)[0x5603e0c4dab0]
[hydra05:403469] [ 9] /opt/mpi/openmpi-4.1.4//lib/libmpi.so.40(PMPI_Group_incl+0x95)[0x7fa943afc185]
[hydra05:403469] [10] /home/thesis/jheld/MPI_Syrk_implementation/build/src/MPI_SYRK_implementation(+0x841a)[0x55cd54bae41a]
[hydra07:430564] [ 8] /opt/mpi/openmpi-4.1.4//lib/libmpi.so.40(ompi_group_incl_plist+0x65)[0x7fd64828e915]
[hydra10:517005] [ 9] /opt/mpi/openmpi-4.1.4//lib/libmpi.so.40(PMPI_Group_incl+0x95)[0x7f357f3a0185]
[hydra10:517005] [10] /home/thesis/jheld/MPI_Syrk_implementation/build/src/MPI_SYRK_implementation(+0x841a)[0x564e18c5b41a]
[hydra09:396641] [12] /lib/x86_64-linux-gnu/libc.so.6(__libc_start_main+0xea)[0x7f0258b18d7a]
[hydra11:383901] [12] /lib/x86_64-linux-gnu/libc.so.6(__libc_start_main+0xea)[0x7f78246cad7a]
[hydra11:383901] [13] /home/thesis/jheld/MPI_Syrk_implementation/build/src/MPI_SYRK_implementation(+0x232a)[0x5603e0c4d32a]
[hydra11:383901] *** End of error message ***
[hydra05:403469] [11] /home/thesis/jheld/MPI_Syrk_implementation/build/src/MPI_SYRK_implementation(+0x2ab0)[0x55cd54ba8ab0]
[hydra07:430564] [ 9] /opt/mpi/openmpi-4.1.4//lib/libmpi.so.40(PMPI_Group_incl+0x95)[0x7fd6482bf185]
[hydra07:430564] [10] /home/thesis/jheld/MPI_Syrk_implementation/build/src/MPI_SYRK_implementation(+0x841a)[0x55a25342241a]
[hydra10:517005] [11] /home/thesis/jheld/MPI_Syrk_implementation/build/src/MPI_SYRK_implementation(+0x2ab0)[0x564e18c55ab0]
[hydra09:396641] [13] /home/thesis/jheld/MPI_Syrk_implementation/build/src/MPI_SYRK_implementation(+0x232a)[0x556966afc32a]
[hydra09:396641] *** End of error message ***
[hydra11:383900] [ 3] /lib/x86_64-linux-gnu/libc.so.6(+0x7a468)[0x7f677ec95468]
[hydra05:403469] [12] /lib/x86_64-linux-gnu/libc.so.6(__libc_start_main+0xea)[0x7fa941b9ad7a]
[hydra05:403469] [13] /home/thesis/jheld/MPI_Syrk_implementation/build/src/MPI_SYRK_implementation(+0x232a)[0x55cd54ba832a]
[hydra07:430564] [11] /home/thesis/jheld/MPI_Syrk_implementation/build/src/MPI_SYRK_implementation(+0x2ab0)[0x55a25341cab0]
[hydra10:517005] [12] /lib/x86_64-linux-gnu/libc.so.6(__libc_start_main+0xea)[0x7f357d43ed7a]
[hydra11:383900] [ 4] /lib/x86_64-linux-gnu/libc.so.6(+0x8175a)[0x7f677ec9c75a]
[hydra05:403469] *** End of error message ***
[hydra07:430564] [12] /lib/x86_64-linux-gnu/libc.so.6(__libc_start_main+0xea)[0x7fd64635dd7a]
[hydra07:430564] [13] /home/thesis/jheld/MPI_Syrk_implementation/build/src/MPI_SYRK_implementation(+0x232a)[0x55a25341c32a]
[hydra10:517005] [13] /home/thesis/jheld/MPI_Syrk_implementation/build/src/MPI_SYRK_implementation(+0x232a)[0x564e18c5532a]
[hydra10:517005] *** End of error message ***
[hydra07:430564] *** End of error message ***
[hydra11:383900] [ 5] /lib/x86_64-linux-gnu/libc.so.6(+0x8483c)[0x7f677ec9f83c]
[hydra11:383900] [ 6] /lib/x86_64-linux-gnu/libc.so.6(__libc_calloc+0x81)[0x7f677eca1bd1]
[hydra11:383900] [ 7] /opt/mpi/openmpi-4.1.4//lib/libmpi.so.40(ompi_group_allocate+0x17)[0x7f6780b6f1e7]
[hydra11:383900] [ 8] /opt/mpi/openmpi-4.1.4//lib/libmpi.so.40(ompi_group_incl_plist+0x65)[0x7f6780b6f915]
[hydra11:383900] [ 9] /opt/mpi/openmpi-4.1.4//lib/libmpi.so.40(PMPI_Group_incl+0x95)[0x7f6780ba0185]
[hydra11:383900] [10] /home/thesis/jheld/MPI_Syrk_implementation/build/src/MPI_SYRK_implementation(+0x841a)[0x55828341e41a]
[hydra11:383900] [11] /home/thesis/jheld/MPI_Syrk_implementation/build/src/MPI_SYRK_implementation(+0x2ab0)[0x558283418ab0]
[hydra11:383900] [12] /lib/x86_64-linux-gnu/libc.so.6(__libc_start_main+0xea)[0x7f677ec3ed7a]
[hydra11:383900] [13] /home/thesis/jheld/MPI_Syrk_implementation/build/src/MPI_SYRK_implementation(+0x232a)[0x55828341832a]
[hydra11:383900] *** End of error message ***
srun: error: hydra03: task 6: Aborted
srun: error: hydra06: task 17: Aborted
srun: error: hydra01: task 2: Aborted
srun: error: hydra02: task 3: Aborted
srun: error: hydra10: task 29: Aborted
srun: error: hydra09: task 26: Aborted
srun: error: hydra08: task 23: Aborted
srun: error: hydra05: tasks 12,14: Aborted
srun: error: hydra11: tasks 31-32: Aborted
srun: error: hydra07: tasks 18,20: Aborted
srun: error: hydra12: tasks 33-34: Aborted
slurmstepd: error:  mpi/pmix_v4: _errhandler: hydra10 [9]: pmixp_client_v2.c:211: Error handler invoked: status = -61, source = [slurm.pmix.5008705.17:29]
slurmstepd: error:  mpi/pmix_v4: _errhandler: hydra03 [2]: pmixp_client_v2.c:211: Error handler invoked: status = -61, source = [slurm.pmix.5008705.17:6]
slurmstepd: error:  mpi/pmix_v4: _errhandler: hydra02 [1]: pmixp_client_v2.c:211: Error handler invoked: status = -61, source = [slurm.pmix.5008705.17:3]
slurmstepd: error:  mpi/pmix_v4: _errhandler: hydra08 [7]: pmixp_client_v2.c:211: Error handler invoked: status = -61, source = [slurm.pmix.5008705.17:23]
slurmstepd: error: *** STEP 5008705.17 ON hydra01 CANCELLED AT 2025-10-13T15:42:52 ***
slurmstepd: error:  mpi/pmix_v4: _errhandler: hydra06 [5]: pmixp_client_v2.c:211: Error handler invoked: status = -61, source = [slurm.pmix.5008705.17:17]
slurmstepd: error:  mpi/pmix_v4: _errhandler: hydra09 [8]: pmixp_client_v2.c:211: Error handler invoked: status = -61, source = [slurm.pmix.5008705.17:26]
slurmstepd: error:  mpi/pmix_v4: _errhandler: hydra01 [0]: pmixp_client_v2.c:211: Error handler invoked: status = -61, source = [slurm.pmix.5008705.17:2]
slurmstepd: error:  mpi/pmix_v4: _errhandler: hydra12 [11]: pmixp_client_v2.c:211: Error handler invoked: status = -61, source = [slurm.pmix.5008705.17:34]
slurmstepd: error:  mpi/pmix_v4: _errhandler: hydra05 [4]: pmixp_client_v2.c:211: Error handler invoked: status = -61, source = [slurm.pmix.5008705.17:12]
slurmstepd: error:  mpi/pmix_v4: _errhandler: hydra11 [10]: pmixp_client_v2.c:211: Error handler invoked: status = -61, source = [slurm.pmix.5008705.17:32]
srun: Job step aborted: Waiting up to 32 seconds for job step to finish.
srun: error: hydra07: task 19: Killed
srun: error: hydra05: task 13: Killed
srun: error: hydra11: task 30: Killed
srun: error: hydra12: task 35: Killed
srun: error: hydra08: tasks 21-22: Killed
srun: error: hydra06: tasks 15-16: Killed
srun: error: hydra09: tasks 24-25: Killed
srun: error: hydra01: tasks 0-1: Killed
srun: error: hydra03: tasks 7-8: Killed
srun: error: hydra02: tasks 4-5: Killed
srun: error: hydra10: tasks 27-28: Killed
srun: error: hydra04: tasks 9-11: Killed
⚠️ Warning: No runtime found for run 18
srun: Warning: can't honor --ntasks-per-node set to 1 which doesn't match the requested tasks 36 with the number of requested nodes 12. Ignoring --ntasks-per-node.
missing input file name --> Generate random input
malloc(): invalid size (unsorted)
[hydra01:916958] *** Process received signal ***
malloc(): invalid size (unsorted)
[hydra12:383868] *** Process received signal ***
[hydra12:383868] Signal: Aborted (6)
[hydra12:383868] Signal code:  (-6)
[hydra01:916958] Signal: Aborted (6)
[hydra01:916958] Signal code:  (-6)
malloc(): invalid size (unsorted)
[hydra11:383966] *** Process received signal ***
[hydra11:383966] Signal: Aborted (6)
[hydra11:383966] Signal code:  (-6)
malloc(): invalid size (unsorted)
[hydra01:916958] [ 0] /lib/x86_64-linux-gnu/libc.so.6(+0x38de0)[0x7f78219b5de0]
[hydra01:916959] *** Process received signal ***
malloc(): invalid size (unsorted)
[hydra05:403533] *** Process received signal ***
[hydra05:403533] Signal: Aborted (6)
[hydra05:403533] Signal code:  (-6)
[hydra11:383966] [ 0] /lib/x86_64-linux-gnu/libc.so.6(+0x38de0)[0x7fb8637eade0]
[hydra11:383966] [ 1] /lib/x86_64-linux-gnu/libc.so.6(gsignal+0x141)[0x7fb8637ead61]
[hydra01:916958] [ 1] /lib/x86_64-linux-gnu/libc.so.6(gsignal+0x141)[0x7f78219b5d61]
[hydra01:916959] Signal: Aborted (6)
[hydra01:916959] Signal code:  (-6)
[hydra11:383966] [ 2] /lib/x86_64-linux-gnu/libc.so.6(abort+0x123)[0x7fb8637d4537]
[hydra01:916958] [ 2] /lib/x86_64-linux-gnu/libc.so.6(abort+0x123)[0x7f782199f537]
malloc(): invalid size (unsorted)
[hydra03:420866] *** Process received signal ***
[hydra03:420866] Signal: Aborted (6)
[hydra03:420866] Signal code:  (-6)
malloc(): invalid size (unsorted)
[hydra04:419570] *** Process received signal ***
[hydra04:419570] Signal: Aborted (6)
[hydra04:419570] Signal code:  (-6)
[hydra01:916958] [ 3] /lib/x86_64-linux-gnu/libc.so.6(+0x7a468)[0x7f78219f7468]
malloc(): invalid size (unsorted)
[hydra11:383966] [ 3] /lib/x86_64-linux-gnu/libc.so.6(+0x7a468)[0x7fb86382c468]
malloc(): invalid size (unsorted)
[hydra02:596212] *** Process received signal ***
[hydra02:596212] Signal: Aborted (6)
[hydra02:596212] Signal code:  (-6)
malloc(): invalid size (unsorted)
[hydra07:430628] *** Process received signal ***
[hydra07:430628] Signal: Aborted (6)
[hydra07:430628] Signal code:  (-6)
[hydra01:916958] [ 4] /lib/x86_64-linux-gnu/libc.so.6(+0x8175a)[0x7f78219fe75a]
[hydra05:403533] [ 0] /lib/x86_64-linux-gnu/libc.so.6(+0x38de0)[0x7fb52661bde0]
[hydra01:916958] [ 5] /lib/x86_64-linux-gnu/libc.so.6(+0x8483c)[0x7f7821a0183c]
[hydra05:403534] *** Process received signal ***
[hydra01:916959] [ 0] /lib/x86_64-linux-gnu/libc.so.6(+0x38de0)[0x7fba10810de0]
malloc(): invalid size (unsorted)
[hydra08:405896] *** Process received signal ***
[hydra08:405896] Signal: Aborted (6)
[hydra08:405896] Signal code:  (-6)
[hydra05:403533] [ 1] /lib/x86_64-linux-gnu/libc.so.6(gsignal+0x141)[0x7fb52661bd61]
[hydra11:383966] [ 4] /lib/x86_64-linux-gnu/libc.so.6(+0x8175a)[0x7fb86383375a]
[hydra01:916959] [ 1] /lib/x86_64-linux-gnu/libc.so.6(gsignal+0x141)[0x7fba10810d61]
[hydra05:403534] Signal: Aborted (6)
[hydra05:403534] Signal code:  (-6)
malloc(): invalid size (unsorted)
[hydra06:404247] *** Process received signal ***
[hydra06:404247] Signal: Aborted (6)
[hydra06:404247] Signal code:  (-6)
malloc(): invalid size (unsorted)
[hydra01:916958] [ 6] /lib/x86_64-linux-gnu/libc.so.6(__libc_calloc+0x81)[0x7f7821a03bd1]
[hydra05:403533] [ 2] /lib/x86_64-linux-gnu/libc.so.6(abort+0x123)[0x7fb526605537]
[hydra11:383966] [ 5] /lib/x86_64-linux-gnu/libc.so.6(+0x8483c)[0x7fb86383683c]
malloc(): invalid size (unsorted)
[hydra12:383867] *** Process received signal ***
[hydra12:383867] Signal: Aborted (6)
[hydra12:383867] Signal code:  (-6)
[hydra01:916958] [ 7] /opt/mpi/openmpi-4.1.4//lib/libmpi.so.40(ompi_group_allocate+0x17)[0x7f78238d11e7]
malloc(): invalid size (unsorted)
[hydra09:396706] *** Process received signal ***
[hydra09:396706] Signal: Aborted (6)
[hydra09:396706] Signal code:  (-6)
malloc(): invalid size (unsorted)
[hydra08:405897] *** Process received signal ***
[hydra08:405897] Signal: Aborted (6)
[hydra08:405897] Signal code:  (-6)
[hydra05:403533] [ 3] /lib/x86_64-linux-gnu/libc.so.6(+0x7a468)[0x7fb52665d468]
[hydra11:383965] *** Process received signal ***
malloc(): invalid size (unsorted)
[hydra10:517072] *** Process received signal ***
[hydra10:517072] Signal: Aborted (6)
[hydra10:517072] Signal code:  (-6)
[hydra12:383868] [ 0] /lib/x86_64-linux-gnu/libc.so.6(+0x38de0)[0x7f28a66b4de0]
[hydra01:916959] [ 2] /lib/x86_64-linux-gnu/libc.so.6(abort+0x123)[0x7fba107fa537]
[hydra08:405896] [ 0] /lib/x86_64-linux-gnu/libc.so.6(+0x38de0)[0x7f2a2960bde0]
[hydra05:403533] [ 4] /lib/x86_64-linux-gnu/libc.so.6(+0x8175a)[0x7fb52666475a]
[hydra06:404247] [ 0] /lib/x86_64-linux-gnu/libc.so.6(+0x38de0)[0x7ffbca2aade0]
[hydra11:383965] Signal: Aborted (6)
[hydra11:383965] Signal code:  (-6)
[hydra12:383867] [ 0] /lib/x86_64-linux-gnu/libc.so.6(+0x38de0)[0x7f6bc4193de0]
[hydra01:916958] [ 8] /opt/mpi/openmpi-4.1.4//lib/libmpi.so.40(ompi_group_incl_plist+0x65)[0x7f78238d1915]
[hydra09:396706] [ 0] /lib/x86_64-linux-gnu/libc.so.6(+0x38de0)[0x7f69efa0ede0]
[hydra08:405897] [ 0] /lib/x86_64-linux-gnu/libc.so.6(+0x38de0)[0x7fd7280d1de0]
[hydra05:403533] [ 5] /lib/x86_64-linux-gnu/libc.so.6(+0x8483c)[0x7fb52666783c]
[hydra06:404247] [ 1] /lib/x86_64-linux-gnu/libc.so.6(gsignal+0x141)[0x7ffbca2aad61]
[hydra11:383966] [ 6] /lib/x86_64-linux-gnu/libc.so.6(__libc_calloc+0x81)[0x7fb863838bd1]
malloc(): invalid size (unsorted)
[hydra10:517073] *** Process received signal ***
[hydra10:517073] Signal: Aborted (6)
[hydra10:517073] Signal code:  (-6)
[hydra12:383868] [ 1] /lib/x86_64-linux-gnu/libc.so.6(gsignal+0x141)[0x7f28a66b4d61]
[hydra01:916959] [ 3] /lib/x86_64-linux-gnu/libc.so.6(+0x7a468)[0x7fba10852468]
[hydra09:396706] [ 1] /lib/x86_64-linux-gnu/libc.so.6(gsignal+0x141)[0x7f69efa0ed61]
[hydra08:405896] [ 1] /lib/x86_64-linux-gnu/libc.so.6(gsignal+0x141)[0x7f2a2960bd61]
[hydra05:403534] [ 0] /lib/x86_64-linux-gnu/libc.so.6(+0x38de0)[0x7fc5e8e50de0]
[hydra06:404247] [ 2] /lib/x86_64-linux-gnu/libc.so.6(abort+0x123)[0x7ffbca294537]
[hydra11:383966] [ 7] /opt/mpi/openmpi-4.1.4//lib/libmpi.so.40(ompi_group_allocate+0x17)[0x7fb8657061e7]
[hydra12:383867] [ 1] /lib/x86_64-linux-gnu/libc.so.6(gsignal+0x141)[0x7f6bc4193d61]
[hydra01:916958] [ 9] /opt/mpi/openmpi-4.1.4//lib/libmpi.so.40(PMPI_Group_incl+0x95)[0x7f7823902185]
[hydra01:916958] [10] /home/thesis/jheld/MPI_Syrk_implementation/build/src/MPI_SYRK_implementation(+0x841a)[0x557f7129f41a]
[hydra09:396706] [ 2] /lib/x86_64-linux-gnu/libc.so.6(abort+0x123)[0x7f69ef9f8537]
[hydra08:405897] [ 1] /lib/x86_64-linux-gnu/libc.so.6(gsignal+0x141)[0x7fd7280d1d61]
[hydra05:403534] [ 1] /lib/x86_64-linux-gnu/libc.so.6(gsignal+0x141)[0x7fc5e8e50d61]
[hydra06:404247] [ 3] /lib/x86_64-linux-gnu/libc.so.6(+0x7a468)[0x7ffbca2ec468]
[hydra11:383966] [ 8] /opt/mpi/openmpi-4.1.4//lib/libmpi.so.40(ompi_group_incl_plist+0x65)[0x7fb865706915]
[hydra10:517072] [ 0] /lib/x86_64-linux-gnu/libc.so.6(+0x38de0)[0x7f4c7559fde0]
[hydra12:383868] [ 2] /lib/x86_64-linux-gnu/libc.so.6(abort+0x123)[0x7f28a669e537]
[hydra01:916958] [11] /home/thesis/jheld/MPI_Syrk_implementation/build/src/MPI_SYRK_implementation(+0x2ab0)[0x557f71299ab0]
[hydra09:396706] [ 3] /lib/x86_64-linux-gnu/libc.so.6(+0x7a468)[0x7f69efa50468]
[hydra08:405896] [ 2] /lib/x86_64-linux-gnu/libc.so.6(abort+0x123)[0x7f2a295f5537]
[hydra05:403533] [ 6] /lib/x86_64-linux-gnu/libc.so.6(__libc_calloc+0x81)[0x7fb526669bd1]
[hydra06:404247] [ 4] /lib/x86_64-linux-gnu/libc.so.6(+0x8175a)[0x7ffbca2f375a]
[hydra11:383966] [ 9] /opt/mpi/openmpi-4.1.4//lib/libmpi.so.40(PMPI_Group_incl+0x95)[0x7fb865737185]
[hydra11:383966] [10] /home/thesis/jheld/MPI_Syrk_implementation/build/src/MPI_SYRK_implementation(+0x841a)[0x557e7d90841a]
[hydra10:517073] [ 0] /lib/x86_64-linux-gnu/libc.so.6(+0x38de0)[0x7fd5fe601de0]
[hydra12:383867] [ 2] /lib/x86_64-linux-gnu/libc.so.6(abort+0x123)[0x7f6bc417d537]
[hydra01:916959] [ 4] /lib/x86_64-linux-gnu/libc.so.6(+0x8175a)[0x7fba1085975a]
[hydra09:396706] [ 4] /lib/x86_64-linux-gnu/libc.so.6(+0x8175a)[0x7f69efa5775a]
[hydra08:405897] [ 2] /lib/x86_64-linux-gnu/libc.so.6(abort+0x123)[0x7fd7280bb537]
[hydra05:403534] [ 2] /lib/x86_64-linux-gnu/libc.so.6(abort+0x123)[0x7fc5e8e3a537]
[hydra06:404247] [ 5] /lib/x86_64-linux-gnu/libc.so.6(+0x8483c)[0x7ffbca2f683c]
[hydra11:383966] [11] /home/thesis/jheld/MPI_Syrk_implementation/build/src/MPI_SYRK_implementation(+0x2ab0)[0x557e7d902ab0]
[hydra10:517073] [ 1] /lib/x86_64-linux-gnu/libc.so.6(gsignal+0x141)[0x7fd5fe601d61]
[hydra03:420866] [ 0] /lib/x86_64-linux-gnu/libc.so.6(+0x38de0)[0x7f391b7fcde0]
[hydra12:383868] [ 3] /lib/x86_64-linux-gnu/libc.so.6(+0x7a468)[0x7f28a66f6468]
[hydra07:430628] [ 0] /lib/x86_64-linux-gnu/libc.so.6(+0x38de0)[0x7f278f9b9de0]
[hydra01:916958] [12] /lib/x86_64-linux-gnu/libc.so.6(__libc_start_main+0xea)[0x7f78219a0d7a]
[hydra01:916958] [13] /home/thesis/jheld/MPI_Syrk_implementation/build/src/MPI_SYRK_implementation(+0x232a)[0x557f7129932a]
[hydra01:916958] *** End of error message ***
[hydra09:396706] [ 5] /lib/x86_64-linux-gnu/libc.so.6(+0x8483c)[0x7f69efa5a83c]
[hydra08:405896] [ 3] /lib/x86_64-linux-gnu/libc.so.6(+0x7a468)[0x7f2a2964d468]
[hydra05:403533] [ 7] /opt/mpi/openmpi-4.1.4//lib/libmpi.so.40(ompi_group_allocate+0x17)[0x7fb5285371e7]
[hydra06:404247] [ 6] /lib/x86_64-linux-gnu/libc.so.6(__libc_calloc+0x81)[0x7ffbca2f8bd1]
[hydra11:383965] [ 0] /lib/x86_64-linux-gnu/libc.so.6(+0x38de0)[0x7fc8fd519de0]
[hydra10:517072] [ 1] /lib/x86_64-linux-gnu/libc.so.6(gsignal+0x141)[0x7f4c7559fd61]
[hydra03:420866] [ 1] /lib/x86_64-linux-gnu/libc.so.6(gsignal+0x141)[0x7f391b7fcd61]
[hydra02:596212] [ 0] /lib/x86_64-linux-gnu/libc.so.6(+0x38de0)[0x7f98be949de0]
[hydra04:419570] [ 0] /lib/x86_64-linux-gnu/libc.so.6(+0x38de0)[0x7f5b8d456de0]
[hydra12:383867] [ 3] /lib/x86_64-linux-gnu/libc.so.6(+0x7a468)[0x7f6bc41d5468]
[hydra07:430628] [ 1] /lib/x86_64-linux-gnu/libc.so.6(gsignal+0x141)[0x7f278f9b9d61]
[hydra01:916959] [ 5] /lib/x86_64-linux-gnu/libc.so.6(+0x8483c)[0x7fba1085c83c]
[hydra09:396706] [ 6] /lib/x86_64-linux-gnu/libc.so.6(__libc_calloc+0x81)[0x7f69efa5cbd1]
[hydra08:405897] [ 3] /lib/x86_64-linux-gnu/libc.so.6(+0x7a468)[0x7fd728113468]
[hydra05:403533] [ 8] /opt/mpi/openmpi-4.1.4//lib/libmpi.so.40(ompi_group_incl_plist+0x65)[0x7fb528537915]
[hydra06:404247] [ 7] /opt/mpi/openmpi-4.1.4//lib/libmpi.so.40(ompi_group_allocate+0x17)[0x7ffbcc1c61e7]
[hydra11:383966] [12] /lib/x86_64-linux-gnu/libc.so.6(__libc_start_main+0xea)[0x7fb8637d5d7a]
[hydra11:383966] [13] /home/thesis/jheld/MPI_Syrk_implementation/build/src/MPI_SYRK_implementation(+0x232a)[0x557e7d90232a]
[hydra11:383966] *** End of error message ***
[hydra10:517073] [ 2] /lib/x86_64-linux-gnu/libc.so.6(abort+0x123)[0x7fd5fe5eb537]
[hydra03:420866] [ 2] /lib/x86_64-linux-gnu/libc.so.6(abort+0x123)[0x7f391b7e6537]
[hydra02:596212] [ 1] /lib/x86_64-linux-gnu/libc.so.6(gsignal+0x141)[0x7f98be949d61]
[hydra04:419570] [ 1] /lib/x86_64-linux-gnu/libc.so.6(gsignal+0x141)[0x7f5b8d456d61]
[hydra12:383868] [ 4] /lib/x86_64-linux-gnu/libc.so.6(+0x8175a)[0x7f28a66fd75a]
[hydra07:430628] [ 2] /lib/x86_64-linux-gnu/libc.so.6(abort+0x123)[0x7f278f9a3537]
[hydra01:916959] [ 6] /lib/x86_64-linux-gnu/libc.so.6(__libc_calloc+0x81)[0x7fba1085ebd1]
[hydra09:396706] [ 7] /opt/mpi/openmpi-4.1.4//lib/libmpi.so.40(ompi_group_allocate+0x17)[0x7f69f192a1e7]
[hydra08:405896] [ 4] /lib/x86_64-linux-gnu/libc.so.6(+0x8175a)[0x7f2a2965475a]
[hydra05:403534] [ 3] /lib/x86_64-linux-gnu/libc.so.6(+0x7a468)[0x7fc5e8e92468]
[hydra06:404247] [ 8] /opt/mpi/openmpi-4.1.4//lib/libmpi.so.40(ompi_group_incl_plist+0x65)[0x7ffbcc1c6915]
[hydra11:383965] [ 1] /lib/x86_64-linux-gnu/libc.so.6(gsignal+0x141)[0x7fc8fd519d61]
[hydra10:517072] [ 2] /lib/x86_64-linux-gnu/libc.so.6(abort+0x123)[0x7f4c75589537]
[hydra03:420866] [ 3] /lib/x86_64-linux-gnu/libc.so.6(+0x7a468)[0x7f391b83e468]
[hydra02:596212] [ 2] /lib/x86_64-linux-gnu/libc.so.6(abort+0x123)[0x7f98be933537]
[hydra04:419570] [ 2] /lib/x86_64-linux-gnu/libc.so.6(abort+0x123)[0x7f5b8d440537]
[hydra12:383867] [ 4] /lib/x86_64-linux-gnu/libc.so.6(+0x8175a)[0x7f6bc41dc75a]
[hydra07:430628] [ 3] /lib/x86_64-linux-gnu/libc.so.6(+0x7a468)[0x7f278f9fb468]
[hydra01:916959] [ 7] /opt/mpi/openmpi-4.1.4//lib/libmpi.so.40(ompi_group_allocate+0x17)[0x7fba1272c1e7]
[hydra09:396706] [ 8] /opt/mpi/openmpi-4.1.4//lib/libmpi.so.40(ompi_group_incl_plist+0x65)[0x7f69f192a915]
[hydra08:405897] [ 4] /lib/x86_64-linux-gnu/libc.so.6(+0x8175a)[0x7fd72811a75a]
[hydra05:403533] [ 9] /opt/mpi/openmpi-4.1.4//lib/libmpi.so.40(PMPI_Group_incl+0x95)[0x7fb528568185]
[hydra05:403533] [10] /home/thesis/jheld/MPI_Syrk_implementation/build/src/MPI_SYRK_implementation(+0x841a)[0x55f503b0f41a]
[hydra05:403533] [11] /home/thesis/jheld/MPI_Syrk_implementation/build/src/MPI_SYRK_implementation(+0x2ab0)[0x55f503b09ab0]
[hydra06:404247] [ 9] /opt/mpi/openmpi-4.1.4//lib/libmpi.so.40(PMPI_Group_incl+0x95)[0x7ffbcc1f7185]
[hydra06:404247] [10] /home/thesis/jheld/MPI_Syrk_implementation/build/src/MPI_SYRK_implementation(+0x841a)[0x563b526c741a]
[hydra11:383965] [ 2] /lib/x86_64-linux-gnu/libc.so.6(abort+0x123)[0x7fc8fd503537]
[hydra10:517072] [ 3] /lib/x86_64-linux-gnu/libc.so.6(+0x7a468)[0x7f4c755e1468]
[hydra03:420866] [ 4] /lib/x86_64-linux-gnu/libc.so.6(+0x8175a)[0x7f391b84575a]
[hydra02:596212] [ 3] /lib/x86_64-linux-gnu/libc.so.6(+0x7a468)[0x7f98be98b468]
[hydra04:419570] [ 3] /lib/x86_64-linux-gnu/libc.so.6(+0x7a468)[0x7f5b8d498468]
[hydra12:383868] [ 5] /lib/x86_64-linux-gnu/libc.so.6(+0x8483c)[0x7f28a670083c]
[hydra07:430628] [ 4] /lib/x86_64-linux-gnu/libc.so.6(+0x8175a)[0x7f278fa0275a]
[hydra01:916959] [ 8] /opt/mpi/openmpi-4.1.4//lib/libmpi.so.40(ompi_group_incl_plist+0x65)[0x7fba1272c915]
[hydra09:396706] [ 9] /opt/mpi/openmpi-4.1.4//lib/libmpi.so.40(PMPI_Group_incl+0x95)[0x7f69f195b185]
[hydra09:396706] [10] /home/thesis/jheld/MPI_Syrk_implementation/build/src/MPI_SYRK_implementation(+0x841a)[0x5604e525841a]
[hydra08:405896] [ 5] /lib/x86_64-linux-gnu/libc.so.6(+0x8483c)[0x7f2a2965783c]
[hydra05:403534] [ 4] /lib/x86_64-linux-gnu/libc.so.6(+0x8175a)[0x7fc5e8e9975a]
[hydra06:404247] [11] /home/thesis/jheld/MPI_Syrk_implementation/build/src/MPI_SYRK_implementation(+0x2ab0)[0x563b526c1ab0]
[hydra11:383965] [ 3] /lib/x86_64-linux-gnu/libc.so.6(+0x7a468)[0x7fc8fd55b468]
[hydra10:517073] [ 3] /lib/x86_64-linux-gnu/libc.so.6(+0x7a468)[0x7fd5fe643468]
[hydra03:420866] [ 5] /lib/x86_64-linux-gnu/libc.so.6(+0x8483c)[0x7f391b84883c]
[hydra02:596212] [ 4] /lib/x86_64-linux-gnu/libc.so.6(+0x8175a)[0x7f98be99275a]
[hydra04:419570] [ 4] /lib/x86_64-linux-gnu/libc.so.6(+0x8175a)[0x7f5b8d49f75a]
[hydra12:383867] [ 5] /lib/x86_64-linux-gnu/libc.so.6(+0x8483c)[0x7f6bc41df83c]
[hydra07:430628] [ 5] /lib/x86_64-linux-gnu/libc.so.6(+0x8483c)[0x7f278fa0583c]
[hydra01:916959] [ 9] /opt/mpi/openmpi-4.1.4//lib/libmpi.so.40(PMPI_Group_incl+0x95)[0x7fba1275d185]
[hydra09:396706] [11] /home/thesis/jheld/MPI_Syrk_implementation/build/src/MPI_SYRK_implementation(+0x2ab0)[0x5604e5252ab0]
[hydra08:405897] [ 5] /lib/x86_64-linux-gnu/libc.so.6(+0x8483c)[0x7fd72811d83c]
[hydra05:403533] [12] /lib/x86_64-linux-gnu/libc.so.6(__libc_start_main+0xea)[0x7fb526606d7a]
[hydra05:403533] [13] /home/thesis/jheld/MPI_Syrk_implementation/build/src/MPI_SYRK_implementation(+0x232a)[0x55f503b0932a]
[hydra05:403533] *** End of error message ***
[hydra06:404247] [12] /lib/x86_64-linux-gnu/libc.so.6(__libc_start_main+0xea)[0x7ffbca295d7a]
[hydra06:404247] [13] /home/thesis/jheld/MPI_Syrk_implementation/build/src/MPI_SYRK_implementation(+0x232a)[0x563b526c132a]
[hydra11:383965] [ 4] /lib/x86_64-linux-gnu/libc.so.6(+0x8175a)[0x7fc8fd56275a]
[hydra10:517072] [ 4] /lib/x86_64-linux-gnu/libc.so.6(+0x8175a)[0x7f4c755e875a]
[hydra03:420866] [ 6] /lib/x86_64-linux-gnu/libc.so.6(__libc_calloc+0x81)[0x7f391b84abd1]
[hydra02:596212] [ 5] /lib/x86_64-linux-gnu/libc.so.6(+0x8483c)[0x7f98be99583c]
[hydra04:419570] [ 5] /lib/x86_64-linux-gnu/libc.so.6(+0x8483c)[0x7f5b8d4a283c]
[hydra12:383868] [ 6] /lib/x86_64-linux-gnu/libc.so.6(__libc_calloc+0x81)[0x7f28a6702bd1]
[hydra07:430628] [ 6] /lib/x86_64-linux-gnu/libc.so.6(__libc_calloc+0x81)[0x7f278fa07bd1]
[hydra01:916959] [10] /home/thesis/jheld/MPI_Syrk_implementation/build/src/MPI_SYRK_implementation(+0x841a)[0x55de4e18f41a]
[hydra01:916959] [11] /home/thesis/jheld/MPI_Syrk_implementation/build/src/MPI_SYRK_implementation(+0x2ab0)[0x55de4e189ab0]
[hydra09:396706] [12] /lib/x86_64-linux-gnu/libc.so.6(__libc_start_main+0xea)[0x7f69ef9f9d7a]
[hydra08:405896] [ 6] /lib/x86_64-linux-gnu/libc.so.6(__libc_calloc+0x81)[0x7f2a29659bd1]
[hydra05:403534] [ 5] /lib/x86_64-linux-gnu/libc.so.6(+0x8483c)[0x7fc5e8e9c83c]
[hydra06:404247] *** End of error message ***
[hydra11:383965] [ 5] /lib/x86_64-linux-gnu/libc.so.6(+0x8483c)[0x7fc8fd56583c]
[hydra10:517073] [ 4] /lib/x86_64-linux-gnu/libc.so.6(+0x8175a)[0x7fd5fe64a75a]
[hydra03:420866] [ 7] /opt/mpi/openmpi-4.1.4//lib/libmpi.so.40(ompi_group_allocate+0x17)[0x7f391d7181e7]
[hydra02:596212] [ 6] /lib/x86_64-linux-gnu/libc.so.6(__libc_calloc+0x81)[0x7f98be997bd1]
[hydra04:419570] [ 6] /lib/x86_64-linux-gnu/libc.so.6(__libc_calloc+0x81)[0x7f5b8d4a4bd1]
[hydra12:383867] [ 6] /lib/x86_64-linux-gnu/libc.so.6(__libc_calloc+0x81)[0x7f6bc41e1bd1]
[hydra07:430628] [ 7] /opt/mpi/openmpi-4.1.4//lib/libmpi.so.40(ompi_group_allocate+0x17)[0x7f27918d51e7]
[hydra01:916959] [12] /lib/x86_64-linux-gnu/libc.so.6(__libc_start_main+0xea)[0x7fba107fbd7a]
[hydra09:396706] [13] /home/thesis/jheld/MPI_Syrk_implementation/build/src/MPI_SYRK_implementation(+0x232a)[0x5604e525232a]
[hydra09:396706] *** End of error message ***
[hydra08:405897] [ 6] /lib/x86_64-linux-gnu/libc.so.6(__libc_calloc+0x81)[0x7fd72811fbd1]
[hydra05:403534] [ 6] /lib/x86_64-linux-gnu/libc.so.6(__libc_calloc+0x81)[0x7fc5e8e9ebd1]
[hydra11:383965] [ 6] /lib/x86_64-linux-gnu/libc.so.6(__libc_calloc+0x81)[0x7fc8fd567bd1]
[hydra10:517072] [ 5] /lib/x86_64-linux-gnu/libc.so.6(+0x8483c)[0x7f4c755eb83c]
[hydra03:420866] [ 8] /opt/mpi/openmpi-4.1.4//lib/libmpi.so.40(ompi_group_incl_plist+0x65)[0x7f391d718915]
[hydra02:596212] [ 7] /opt/mpi/openmpi-4.1.4//lib/libmpi.so.40(ompi_group_allocate+0x17)[0x7f98c08651e7]
[hydra04:419570] [ 7] /opt/mpi/openmpi-4.1.4//lib/libmpi.so.40(ompi_group_allocate+0x17)[0x7f5b8f3721e7]
[hydra12:383868] [ 7] /opt/mpi/openmpi-4.1.4//lib/libmpi.so.40(ompi_group_allocate+0x17)[0x7f28a85d01e7]
[hydra07:430628] [ 8] /opt/mpi/openmpi-4.1.4//lib/libmpi.so.40(ompi_group_incl_plist+0x65)[0x7f27918d5915]
[hydra01:916959] [13] /home/thesis/jheld/MPI_Syrk_implementation/build/src/MPI_SYRK_implementation(+0x232a)[0x55de4e18932a]
[hydra01:916959] *** End of error message ***
[hydra08:405896] [ 7] /opt/mpi/openmpi-4.1.4//lib/libmpi.so.40(ompi_group_allocate+0x17)[0x7f2a2b5271e7]
[hydra05:403534] [ 7] /opt/mpi/openmpi-4.1.4//lib/libmpi.so.40(ompi_group_allocate+0x17)[0x7fc5ead6c1e7]
[hydra11:383965] [ 7] /opt/mpi/openmpi-4.1.4//lib/libmpi.so.40(ompi_group_allocate+0x17)[0x7fc8ff4351e7]
[hydra10:517073] [ 5] /lib/x86_64-linux-gnu/libc.so.6(+0x8483c)[0x7fd5fe64d83c]
[hydra03:420866] [ 9] /opt/mpi/openmpi-4.1.4//lib/libmpi.so.40(PMPI_Group_incl+0x95)[0x7f391d749185]
[hydra02:596212] [ 8] /opt/mpi/openmpi-4.1.4//lib/libmpi.so.40(ompi_group_incl_plist+0x65)[0x7f98c0865915]
[hydra04:419570] [ 8] /opt/mpi/openmpi-4.1.4//lib/libmpi.so.40(ompi_group_incl_plist+0x65)[0x7f5b8f372915]
[hydra12:383867] [ 7] /opt/mpi/openmpi-4.1.4//lib/libmpi.so.40(ompi_group_allocate+0x17)[0x7f6bc60af1e7]
[hydra07:430628] [ 9] /opt/mpi/openmpi-4.1.4//lib/libmpi.so.40(PMPI_Group_incl+0x95)[0x7f2791906185]
[hydra08:405897] [ 7] /opt/mpi/openmpi-4.1.4//lib/libmpi.so.40(ompi_group_allocate+0x17)[0x7fd729fed1e7]
[hydra05:403534] [ 8] /opt/mpi/openmpi-4.1.4//lib/libmpi.so.40(ompi_group_incl_plist+0x65)[0x7fc5ead6c915]
[hydra11:383965] [ 8] /opt/mpi/openmpi-4.1.4//lib/libmpi.so.40(ompi_group_incl_plist+0x65)[0x7fc8ff435915]
[hydra10:517072] [ 6] /lib/x86_64-linux-gnu/libc.so.6(__libc_calloc+0x81)[0x7f4c755edbd1]
[hydra03:420866] [10] /home/thesis/jheld/MPI_Syrk_implementation/build/src/MPI_SYRK_implementation(+0x841a)[0x55b53435a41a]
[hydra03:420866] [11] /home/thesis/jheld/MPI_Syrk_implementation/build/src/MPI_SYRK_implementation(+0x2ab0)[0x55b534354ab0]
[hydra02:596212] [ 9] /opt/mpi/openmpi-4.1.4//lib/libmpi.so.40(PMPI_Group_incl+0x95)[0x7f98c0896185]
[hydra02:596212] [10] /home/thesis/jheld/MPI_Syrk_implementation/build/src/MPI_SYRK_implementation(+0x841a)[0x55e271f9041a]
[hydra04:419570] [ 9] /opt/mpi/openmpi-4.1.4//lib/libmpi.so.40(PMPI_Group_incl+0x95)[0x7f5b8f3a3185]
[hydra04:419570] [10] /home/thesis/jheld/MPI_Syrk_implementation/build/src/MPI_SYRK_implementation(+0x841a)[0x564e07d5641a]
[hydra12:383868] [ 8] /opt/mpi/openmpi-4.1.4//lib/libmpi.so.40(ompi_group_incl_plist+0x65)[0x7f28a85d0915]
[hydra07:430628] [10] /home/thesis/jheld/MPI_Syrk_implementation/build/src/MPI_SYRK_implementation(+0x841a)[0x55d0d43f741a]
[hydra07:430628] [11] /home/thesis/jheld/MPI_Syrk_implementation/build/src/MPI_SYRK_implementation(+0x2ab0)[0x55d0d43f1ab0]
[hydra08:405896] [ 8] /opt/mpi/openmpi-4.1.4//lib/libmpi.so.40(ompi_group_incl_plist+0x65)[0x7f2a2b527915]
[hydra05:403534] [ 9] /opt/mpi/openmpi-4.1.4//lib/libmpi.so.40(PMPI_Group_incl+0x95)[0x7fc5ead9d185]
[hydra11:383965] [ 9] /opt/mpi/openmpi-4.1.4//lib/libmpi.so.40(PMPI_Group_incl+0x95)[0x7fc8ff466185]
[hydra11:383965] [10] /home/thesis/jheld/MPI_Syrk_implementation/build/src/MPI_SYRK_implementation(+0x841a)[0x55cbe13eb41a]
[hydra10:517073] [ 6] /lib/x86_64-linux-gnu/libc.so.6(__libc_calloc+0x81)[0x7fd5fe64fbd1]
[hydra03:420866] [12] /lib/x86_64-linux-gnu/libc.so.6(__libc_start_main+0xea)[0x7f391b7e7d7a]
[hydra03:420866] [13] /home/thesis/jheld/MPI_Syrk_implementation/build/src/MPI_SYRK_implementation(+0x232a)[0x55b53435432a]
[hydra02:596212] [11] /home/thesis/jheld/MPI_Syrk_implementation/build/src/MPI_SYRK_implementation(+0x2ab0)[0x55e271f8aab0]
[hydra04:419570] [11] /home/thesis/jheld/MPI_Syrk_implementation/build/src/MPI_SYRK_implementation(+0x2ab0)[0x564e07d50ab0]
[hydra12:383867] [ 8] /opt/mpi/openmpi-4.1.4//lib/libmpi.so.40(ompi_group_incl_plist+0x65)[0x7f6bc60af915]
[hydra07:430628] [12] /lib/x86_64-linux-gnu/libc.so.6(__libc_start_main+0xea)[0x7f278f9a4d7a]
[hydra08:405897] [ 8] /opt/mpi/openmpi-4.1.4//lib/libmpi.so.40(ompi_group_incl_plist+0x65)[0x7fd729fed915]
[hydra05:403534] [10] /home/thesis/jheld/MPI_Syrk_implementation/build/src/MPI_SYRK_implementation(+0x841a)[0x56493396641a]
[hydra05:403534] [11] /home/thesis/jheld/MPI_Syrk_implementation/build/src/MPI_SYRK_implementation(+0x2ab0)[0x564933960ab0]
[hydra11:383965] [11] /home/thesis/jheld/MPI_Syrk_implementation/build/src/MPI_SYRK_implementation(+0x2ab0)[0x55cbe13e5ab0]
[hydra10:517072] [ 7] /opt/mpi/openmpi-4.1.4//lib/libmpi.so.40(ompi_group_allocate+0x17)[0x7f4c774bb1e7]
[hydra03:420866] *** End of error message ***
[hydra02:596212] [12] /lib/x86_64-linux-gnu/libc.so.6(__libc_start_main+0xea)[0x7f98be934d7a]
[hydra02:596212] [13] /home/thesis/jheld/MPI_Syrk_implementation/build/src/MPI_SYRK_implementation(+0x232a)[0x55e271f8a32a]
[hydra04:419570] [12] /lib/x86_64-linux-gnu/libc.so.6(__libc_start_main+0xea)[0x7f5b8d441d7a]
[hydra12:383868] [ 9] /opt/mpi/openmpi-4.1.4//lib/libmpi.so.40(PMPI_Group_incl+0x95)[0x7f28a8601185]
[hydra07:430628] [13] /home/thesis/jheld/MPI_Syrk_implementation/build/src/MPI_SYRK_implementation(+0x232a)[0x55d0d43f132a]
[hydra07:430628] *** End of error message ***
[hydra08:405896] [ 9] /opt/mpi/openmpi-4.1.4//lib/libmpi.so.40(PMPI_Group_incl+0x95)[0x7f2a2b558185]
[hydra05:403534] [12] /lib/x86_64-linux-gnu/libc.so.6(__libc_start_main+0xea)[0x7fc5e8e3bd7a]
[hydra11:383965] [12] /lib/x86_64-linux-gnu/libc.so.6(__libc_start_main+0xea)[0x7fc8fd504d7a]
[hydra11:383965] [13] /home/thesis/jheld/MPI_Syrk_implementation/build/src/MPI_SYRK_implementation(+0x232a)[0x55cbe13e532a]
[hydra10:517073] [ 7] /opt/mpi/openmpi-4.1.4//lib/libmpi.so.40(ompi_group_allocate+0x17)[0x7fd60051d1e7]
[hydra02:596212] *** End of error message ***
[hydra04:419570] [13] /home/thesis/jheld/MPI_Syrk_implementation/build/src/MPI_SYRK_implementation(+0x232a)[0x564e07d5032a]
[hydra04:419570] *** End of error message ***
[hydra12:383867] [ 9] /opt/mpi/openmpi-4.1.4//lib/libmpi.so.40(PMPI_Group_incl+0x95)[0x7f6bc60e0185]
[hydra12:383867] [10] /home/thesis/jheld/MPI_Syrk_implementation/build/src/MPI_SYRK_implementation(+0x841a)[0x55e4f727b41a]
[hydra12:383867] [11] /home/thesis/jheld/MPI_Syrk_implementation/build/src/MPI_SYRK_implementation(+0x2ab0)[0x55e4f7275ab0]
[hydra08:405897] [ 9] /opt/mpi/openmpi-4.1.4//lib/libmpi.so.40(PMPI_Group_incl+0x95)[0x7fd72a01e185]
[hydra08:405897] [10] /home/thesis/jheld/MPI_Syrk_implementation/build/src/MPI_SYRK_implementation(+0x841a)[0x560eebd6341a]
[hydra05:403534] [13] /home/thesis/jheld/MPI_Syrk_implementation/build/src/MPI_SYRK_implementation(+0x232a)[0x56493396032a]
[hydra05:403534] *** End of error message ***
[hydra11:383965] *** End of error message ***
[hydra10:517072] [ 8] /opt/mpi/openmpi-4.1.4//lib/libmpi.so.40(ompi_group_incl_plist+0x65)[0x7f4c774bb915]
[hydra12:383868] [10] /home/thesis/jheld/MPI_Syrk_implementation/build/src/MPI_SYRK_implementation(+0x841a)[0x55c11091b41a]
[hydra12:383868] [11] /home/thesis/jheld/MPI_Syrk_implementation/build/src/MPI_SYRK_implementation(+0x2ab0)[0x55c110915ab0]
[hydra08:405896] [10] /home/thesis/jheld/MPI_Syrk_implementation/build/src/MPI_SYRK_implementation(+0x841a)[0x5565481cc41a]
[hydra08:405896] [11] /home/thesis/jheld/MPI_Syrk_implementation/build/src/MPI_SYRK_implementation(+0x2ab0)[0x5565481c6ab0]
[hydra10:517073] [ 8] /opt/mpi/openmpi-4.1.4//lib/libmpi.so.40(ompi_group_incl_plist+0x65)[0x7fd60051d915]
[hydra12:383867] [12] /lib/x86_64-linux-gnu/libc.so.6(__libc_start_main+0xea)[0x7f6bc417ed7a]
[hydra08:405897] [11] /home/thesis/jheld/MPI_Syrk_implementation/build/src/MPI_SYRK_implementation(+0x2ab0)[0x560eebd5dab0]
[hydra10:517072] [ 9] /opt/mpi/openmpi-4.1.4//lib/libmpi.so.40(PMPI_Group_incl+0x95)[0x7f4c774ec185]
[hydra10:517072] [10] /home/thesis/jheld/MPI_Syrk_implementation/build/src/MPI_SYRK_implementation(+0x841a)[0x557dd14d641a]
[hydra10:517072] [11] /home/thesis/jheld/MPI_Syrk_implementation/build/src/MPI_SYRK_implementation(+0x2ab0)[0x557dd14d0ab0]
[hydra12:383868] [12] /lib/x86_64-linux-gnu/libc.so.6(__libc_start_main+0xea)[0x7f28a669fd7a]
[hydra12:383868] [13] /home/thesis/jheld/MPI_Syrk_implementation/build/src/MPI_SYRK_implementation(+0x232a)[0x55c11091532a]
[hydra12:383868] *** End of error message ***
[hydra08:405896] [12] /lib/x86_64-linux-gnu/libc.so.6(__libc_start_main+0xea)[0x7f2a295f6d7a]
[hydra08:405896] [13] /home/thesis/jheld/MPI_Syrk_implementation/build/src/MPI_SYRK_implementation(+0x232a)[0x5565481c632a]
[hydra08:405896] *** End of error message ***
[hydra10:517073] [ 9] /opt/mpi/openmpi-4.1.4//lib/libmpi.so.40(PMPI_Group_incl+0x95)[0x7fd60054e185]
[hydra10:517073] [10] /home/thesis/jheld/MPI_Syrk_implementation/build/src/MPI_SYRK_implementation(+0x841a)[0x55ec5262d41a]
[hydra10:517073] [11] /home/thesis/jheld/MPI_Syrk_implementation/build/src/MPI_SYRK_implementation(+0x2ab0)[0x55ec52627ab0]
[hydra12:383867] [13] /home/thesis/jheld/MPI_Syrk_implementation/build/src/MPI_SYRK_implementation(+0x232a)[0x55e4f727532a]
[hydra12:383867] *** End of error message ***
[hydra08:405897] [12] /lib/x86_64-linux-gnu/libc.so.6(__libc_start_main+0xea)[0x7fd7280bcd7a]
[hydra08:405897] [13] /home/thesis/jheld/MPI_Syrk_implementation/build/src/MPI_SYRK_implementation(+0x232a)[0x560eebd5d32a]
[hydra08:405897] *** End of error message ***
[hydra10:517072] [12] /lib/x86_64-linux-gnu/libc.so.6(__libc_start_main+0xea)[0x7f4c7558ad7a]
[hydra10:517072] [13] /home/thesis/jheld/MPI_Syrk_implementation/build/src/MPI_SYRK_implementation(+0x232a)[0x557dd14d032a]
[hydra10:517072] *** End of error message ***
[hydra10:517073] [12] /lib/x86_64-linux-gnu/libc.so.6(__libc_start_main+0xea)[0x7fd5fe5ecd7a]
[hydra10:517073] [13] /home/thesis/jheld/MPI_Syrk_implementation/build/src/MPI_SYRK_implementation(+0x232a)[0x55ec5262732a]
[hydra10:517073] *** End of error message ***
srun: error: hydra02: task 3: Aborted
srun: error: hydra07: task 19: Aborted
srun: error: hydra09: task 26: Aborted
srun: error: hydra03: task 7: Aborted
srun: error: hydra06: task 15: Aborted
srun: error: hydra04: task 11: Aborted
srun: error: hydra11: tasks 31-32: Aborted
srun: error: hydra05: tasks 13-14: Aborted
srun: error: hydra08: tasks 22-23: Aborted
srun: error: hydra10: tasks 27-28: Aborted
srun: error: hydra01: tasks 1-2: Aborted
srun: error: hydra12: tasks 33-34: Aborted
slurmstepd: error:  mpi/pmix_v4: _errhandler: hydra02 [1]: pmixp_client_v2.c:211: Error handler invoked: status = -61, source = [slurm.pmix.5008705.18:3]
slurmstepd: error:  mpi/pmix_v4: _errhandler: hydra07 [6]: pmixp_client_v2.c:211: Error handler invoked: status = -61, source = [slurm.pmix.5008705.18:19]
slurmstepd: error:  mpi/pmix_v4: _errhandler: hydra06 [5]: pmixp_client_v2.c:211: Error handler invoked: status = -61, source = [slurm.pmix.5008705.18:15]
slurmstepd: error:  mpi/pmix_v4: _errhandler: hydra04 [3]: pmixp_client_v2.c:211: Error handler invoked: status = -61, source = [slurm.pmix.5008705.18:11]
slurmstepd: error:  mpi/pmix_v4: _errhandler: hydra09 [8]: pmixp_client_v2.c:211: Error handler invoked: status = -61, source = [slurm.pmix.5008705.18:26]
slurmstepd: error:  mpi/pmix_v4: _errhandler: hydra05 [4]: pmixp_client_v2.c:211: Error handler invoked: status = -61, source = [slurm.pmix.5008705.18:13]
slurmstepd: error:  mpi/pmix_v4: _errhandler: hydra11 [10]: pmixp_client_v2.c:211: Error handler invoked: status = -61, source = [slurm.pmix.5008705.18:32]
slurmstepd: error:  mpi/pmix_v4: _errhandler: hydra01 [0]: pmixp_client_v2.c:211: Error handler invoked: status = -61, source = [slurm.pmix.5008705.18:1]
slurmstepd: error:  mpi/pmix_v4: _errhandler: hydra03 [2]: pmixp_client_v2.c:211: Error handler invoked: status = -61, source = [slurm.pmix.5008705.18:7]
slurmstepd: error: *** STEP 5008705.18 ON hydra01 CANCELLED AT 2025-10-13T15:42:54 ***
srun: Job step aborted: Waiting up to 32 seconds for job step to finish.
srun: error: hydra12: task 35: Killed
srun: error: hydra08: task 21: Killed
srun: error: hydra05: task 12: Killed
srun: error: hydra11: task 30: Killed
srun: error: hydra10: task 29: Killed
srun: error: hydra01: task 0: Killed
srun: error: hydra02: tasks 4-5: Killed
srun: error: hydra09: tasks 24-25: Killed
srun: error: hydra06: tasks 16-17: Killed
srun: error: hydra04: tasks 9-10: Killed
srun: error: hydra03: tasks 6,8: Killed
srun: error: hydra07: tasks 18,20: Killed
⚠️ Warning: No runtime found for run 19
srun: Warning: can't honor --ntasks-per-node set to 1 which doesn't match the requested tasks 36 with the number of requested nodes 12. Ignoring --ntasks-per-node.
missing input file name --> Generate random input
malloc(): invalid size (unsorted)
[hydra12:383931] *** Process received signal ***
[hydra12:383931] Signal: Aborted (6)
[hydra12:383931] Signal code:  (-6)
[hydra12:383931] [ 0] /lib/x86_64-linux-gnu/libc.so.6(+0x38de0)[0x7f3093ffbde0]
[hydra12:383931] [ 1] /lib/x86_64-linux-gnu/libc.so.6(gsignal+0x141)[0x7f3093ffbd61]
[hydra12:383931] [ 2] /lib/x86_64-linux-gnu/libc.so.6(abort+0x123)[0x7f3093fe5537]
malloc(): invalid size (unsorted)
[hydra05:403595] *** Process received signal ***
[hydra05:403595] Signal: Aborted (6)
[hydra05:403595] Signal code:  (-6)
malloc(): invalid size (unsorted)
malloc(): invalid size (unsorted)
[hydra07:430689] *** Process received signal ***
[hydra07:430689] Signal: Aborted (6)
[hydra07:430689] Signal code:  (-6)
malloc(): invalid size (unsorted)
[hydra06:404311] *** Process received signal ***
[hydra06:404311] Signal: Aborted (6)
[hydra06:404311] Signal code:  (-6)
[hydra01:917048] *** Process received signal ***
[hydra01:917048] Signal: Aborted (6)
[hydra01:917048] Signal code:  (-6)
[hydra12:383931] [ 3] /lib/x86_64-linux-gnu/libc.so.6(+0x7a468)[0x7f309403d468]
malloc(): invalid size (unsorted)
[hydra03:420928] *** Process received signal ***
[hydra03:420928] Signal: Aborted (6)
[hydra03:420928] Signal code:  (-6)
malloc(): invalid size (unsorted)
[hydra04:419631] *** Process received signal ***
[hydra04:419631] Signal: Aborted (6)
[hydra04:419631] Signal code:  (-6)
malloc(): invalid size (unsorted)
[hydra09:396767] *** Process received signal ***
[hydra09:396767] Signal: Aborted (6)
[hydra09:396767] Signal code:  (-6)
[hydra12:383931] [ 4] /lib/x86_64-linux-gnu/libc.so.6(+0x8175a)[0x7f309404475a]
malloc(): invalid size (unsorted)
[hydra02:596288] *** Process received signal ***
[hydra02:596288] Signal: Aborted (6)
[hydra02:596288] Signal code:  (-6)
[hydra07:430689] [ 0] /lib/x86_64-linux-gnu/libc.so.6(+0x38de0)[0x7fc797f12de0]
malloc(): invalid size (unsorted)
malloc(): invalid size (unsorted)
[hydra02:596288] [ 0] /lib/x86_64-linux-gnu/libc.so.6(+0x38de0)[0x7f84c2ed6de0]
[hydra12:383931] [ 5] /lib/x86_64-linux-gnu/libc.so.6(+0x8483c)[0x7f309404783c]
[hydra05:403595] [ 0] /lib/x86_64-linux-gnu/libc.so.6(+0x38de0)[0x7f73302b4de0]
[hydra03:420928] [ 0] /lib/x86_64-linux-gnu/libc.so.6(+0x38de0)[0x7f7a8c39cde0]
[hydra06:404310] *** Process received signal ***
[hydra06:404310] Signal: Aborted (6)
[hydra06:404310] Signal code:  (-6)
[hydra01:917048] [ 0] /lib/x86_64-linux-gnu/libc.so.6(+0x38de0)[0x7fd8a33b7de0]
malloc(): invalid size (unsorted)
[hydra08:405958] *** Process received signal ***
[hydra08:405958] Signal: Aborted (6)
[hydra08:405958] Signal code:  (-6)
malloc(): invalid size (unsorted)
[hydra10:517140] *** Process received signal ***
[hydra10:517140] Signal: Aborted (6)
[hydra10:517140] Signal code:  (-6)
[hydra12:383931] [ 6] /lib/x86_64-linux-gnu/libc.so.6(__libc_calloc+0x81)[0x7f3094049bd1]
[hydra07:430689] [ 1] /lib/x86_64-linux-gnu/libc.so.6(gsignal+0x141)[0x7fc797f12d61]
[hydra05:403596] *** Process received signal ***
[hydra06:404311] [ 0] /lib/x86_64-linux-gnu/libc.so.6(+0x38de0)[0x7f80bca40de0]
[hydra01:917048] [ 1] /lib/x86_64-linux-gnu/libc.so.6(gsignal+0x141)[0x7fd8a33b7d61]
[hydra02:596288] [ 1] /lib/x86_64-linux-gnu/libc.so.6(gsignal+0x141)[0x7f84c2ed6d61]
[hydra12:383931] [ 7] /opt/mpi/openmpi-4.1.4//lib/libmpi.so.40(ompi_group_allocate+0x17)[0x7f3095f171e7]
[hydra07:430689] [ 2] /lib/x86_64-linux-gnu/libc.so.6(abort+0x123)[0x7fc797efc537]
[hydra05:403596] Signal: Aborted (6)
[hydra05:403596] Signal code:  (-6)
[hydra03:420928] [ 1] /lib/x86_64-linux-gnu/libc.so.6(gsignal+0x141)[0x7f7a8c39cd61]
[hydra06:404311] [ 1] /lib/x86_64-linux-gnu/libc.so.6(gsignal+0x141)[0x7f80bca40d61]
malloc(): invalid size (unsorted)
[hydra11:384027] *** Process received signal ***
[hydra11:384027] Signal: Aborted (6)
[hydra11:384027] Signal code:  (-6)
[hydra01:917048] [ 2] /lib/x86_64-linux-gnu/libc.so.6(abort+0x123)[0x7fd8a33a1537]
malloc(): invalid size (unsorted)
[hydra08:405957] *** Process received signal ***
[hydra08:405957] Signal: Aborted (6)
[hydra08:405957] Signal code:  (-6)
[hydra02:596288] [ 2] /lib/x86_64-linux-gnu/libc.so.6(abort+0x123)[0x7f84c2ec0537]
[hydra12:383931] [ 8] /opt/mpi/openmpi-4.1.4//lib/libmpi.so.40(ompi_group_incl_plist+0x65)[0x7f3095f17915]
[hydra07:430689] [ 3] /lib/x86_64-linux-gnu/libc.so.6(+0x7a468)[0x7fc797f54468]
[hydra05:403595] [ 1] /lib/x86_64-linux-gnu/libc.so.6(gsignal+0x141)[0x7f73302b4d61]
[hydra03:420928] [ 2] /lib/x86_64-linux-gnu/libc.so.6(abort+0x123)[0x7f7a8c386537]
[hydra06:404310] [ 0] /lib/x86_64-linux-gnu/libc.so.6(+0x38de0)[0x7f9abd610de0]
[hydra01:917048] [ 3] /lib/x86_64-linux-gnu/libc.so.6(+0x7a468)[0x7fd8a33f9468]
[hydra08:405958] [ 0] /lib/x86_64-linux-gnu/libc.so.6(+0x38de0)[0x7f3eb38eade0]
[hydra02:596288] [ 3] /lib/x86_64-linux-gnu/libc.so.6(+0x7a468)[0x7f84c2f18468]
[hydra10:517140] [ 0] /lib/x86_64-linux-gnu/libc.so.6(+0x38de0)[0x7ff196f80de0]
[hydra12:383931] [ 9] /opt/mpi/openmpi-4.1.4//lib/libmpi.so.40(PMPI_Group_incl+0x95)[0x7f3095f48185]
[hydra12:383931] [10] /home/thesis/jheld/MPI_Syrk_implementation/build/src/MPI_SYRK_implementation(+0x841a)[0x55f194a5441a]
[hydra07:430689] [ 4] /lib/x86_64-linux-gnu/libc.so.6(+0x8175a)[0x7fc797f5b75a]
[hydra05:403595] [ 2] /lib/x86_64-linux-gnu/libc.so.6(abort+0x123)[0x7f733029e537]
[hydra03:420928] [ 3] /lib/x86_64-linux-gnu/libc.so.6(+0x7a468)[0x7f7a8c3de468]
[hydra06:404311] [ 2] /lib/x86_64-linux-gnu/libc.so.6(abort+0x123)[0x7f80bca2a537]
[hydra01:917048] [ 4] /lib/x86_64-linux-gnu/libc.so.6(+0x8175a)[0x7fd8a340075a]
[hydra08:405958] [ 1] /lib/x86_64-linux-gnu/libc.so.6(gsignal+0x141)[0x7f3eb38ead61]
[hydra02:596288] [ 4] /lib/x86_64-linux-gnu/libc.so.6(+0x8175a)[0x7f84c2f1f75a]
[hydra10:517140] [ 1] /lib/x86_64-linux-gnu/libc.so.6(gsignal+0x141)[0x7ff196f80d61]
[hydra12:383931] [11] /home/thesis/jheld/MPI_Syrk_implementation/build/src/MPI_SYRK_implementation(+0x2ab0)[0x55f194a4eab0]
[hydra07:430689] [ 5] /lib/x86_64-linux-gnu/libc.so.6(+0x8483c)[0x7fc797f5e83c]
[hydra05:403595] [ 3] /lib/x86_64-linux-gnu/libc.so.6(+0x7a468)[0x7f73302f6468]
[hydra03:420928] [ 4] /lib/x86_64-linux-gnu/libc.so.6(+0x8175a)[0x7f7a8c3e575a]
[hydra06:404310] [ 1] /lib/x86_64-linux-gnu/libc.so.6(gsignal+0x141)[0x7f9abd610d61]
[hydra01:917048] [ 5] /lib/x86_64-linux-gnu/libc.so.6(+0x8483c)[0x7fd8a340383c]
[hydra08:405957] [ 0] /lib/x86_64-linux-gnu/libc.so.6(+0x38de0)[0x7fb3011bede0]
[hydra02:596288] [ 5] /lib/x86_64-linux-gnu/libc.so.6(+0x8483c)[0x7f84c2f2283c]
[hydra10:517140] [ 2] /lib/x86_64-linux-gnu/libc.so.6(abort+0x123)[0x7ff196f6a537]
[hydra12:383931] [12] /lib/x86_64-linux-gnu/libc.so.6(__libc_start_main+0xea)[0x7f3093fe6d7a]
[hydra12:383931] [13] /home/thesis/jheld/MPI_Syrk_implementation/build/src/MPI_SYRK_implementation(+0x232a)[0x55f194a4e32a]
[hydra07:430689] [ 6] /lib/x86_64-linux-gnu/libc.so.6(__libc_calloc+0x81)[0x7fc797f60bd1]
[hydra05:403595] [ 4] /lib/x86_64-linux-gnu/libc.so.6(+0x8175a)[0x7f73302fd75a]
[hydra03:420928] [ 5] /lib/x86_64-linux-gnu/libc.so.6(+0x8483c)[0x7f7a8c3e883c]
[hydra06:404311] [ 3] /lib/x86_64-linux-gnu/libc.so.6(+0x7a468)[0x7f80bca82468]
[hydra01:917048] [ 6] /lib/x86_64-linux-gnu/libc.so.6(__libc_calloc+0x81)[0x7fd8a3405bd1]
[hydra08:405958] [ 2] /lib/x86_64-linux-gnu/libc.so.6(abort+0x123)[0x7f3eb38d4537]
[hydra02:596288] [ 6] /lib/x86_64-linux-gnu/libc.so.6(__libc_calloc+0x81)[0x7f84c2f24bd1]
[hydra10:517140] [ 3] /lib/x86_64-linux-gnu/libc.so.6(+0x7a468)[0x7ff196fc2468]
[hydra12:383931] *** End of error message ***
[hydra07:430689] [ 7] /opt/mpi/openmpi-4.1.4//lib/libmpi.so.40(ompi_group_allocate+0x17)[0x7fc799e2e1e7]
[hydra05:403595] [ 5] /lib/x86_64-linux-gnu/libc.so.6(+0x8483c)[0x7f733030083c]
[hydra03:420928] [ 6] /lib/x86_64-linux-gnu/libc.so.6(__libc_calloc+0x81)[0x7f7a8c3eabd1]
[hydra06:404310] [ 2] /lib/x86_64-linux-gnu/libc.so.6(abort+0x123)[0x7f9abd5fa537]
malloc(): invalid size (unsorted)
[hydra01:917048] [ 7] /opt/mpi/openmpi-4.1.4//lib/libmpi.so.40(ompi_group_allocate+0x17)[0x7fd8a52d31e7]
[hydra08:405957] [ 1] /lib/x86_64-linux-gnu/libc.so.6(gsignal+0x141)[0x7fb3011bed61]
[hydra02:596288] [ 7] /opt/mpi/openmpi-4.1.4//lib/libmpi.so.40(ompi_group_allocate+0x17)[0x7f84c4df21e7]
[hydra10:517140] [ 4] /lib/x86_64-linux-gnu/libc.so.6(+0x8175a)[0x7ff196fc975a]
[hydra07:430689] [ 8] /opt/mpi/openmpi-4.1.4//lib/libmpi.so.40(ompi_group_incl_plist+0x65)[0x7fc799e2e915]
[hydra05:403596] [ 0] /lib/x86_64-linux-gnu/libc.so.6(+0x38de0)[0x7efd10a58de0]
[hydra03:420928] [ 7] /opt/mpi/openmpi-4.1.4//lib/libmpi.so.40(ompi_group_allocate+0x17)[0x7f7a8e2b81e7]
[hydra06:404311] [ 4] /lib/x86_64-linux-gnu/libc.so.6(+0x8175a)[0x7f80bca8975a]
malloc(): invalid size (unsorted)
[hydra09:396767] [ 0] /lib/x86_64-linux-gnu/libc.so.6(+0x38de0)[0x7fbf136bdde0]
[hydra01:917048] [ 8] /opt/mpi/openmpi-4.1.4//lib/libmpi.so.40(ompi_group_incl_plist+0x65)[0x7fd8a52d3915]
[hydra08:405958] [ 3] /lib/x86_64-linux-gnu/libc.so.6(+0x7a468)[0x7f3eb392c468]
[hydra02:596288] [ 8] /opt/mpi/openmpi-4.1.4//lib/libmpi.so.40(ompi_group_incl_plist+0x65)[0x7f84c4df2915]
[hydra10:517140] [ 5] /lib/x86_64-linux-gnu/libc.so.6(+0x8483c)[0x7ff196fcc83c]
[hydra07:430689] [ 9] /opt/mpi/openmpi-4.1.4//lib/libmpi.so.40(PMPI_Group_incl+0x95)[0x7fc799e5f185]
[hydra05:403595] [ 6] /lib/x86_64-linux-gnu/libc.so.6(__libc_calloc+0x81)[0x7f7330302bd1]
[hydra03:420928] [ 8] /opt/mpi/openmpi-4.1.4//lib/libmpi.so.40(ompi_group_incl_plist+0x65)[0x7f7a8e2b8915]
[hydra06:404310] [ 3] /lib/x86_64-linux-gnu/libc.so.6(+0x7a468)[0x7f9abd652468]
[hydra04:419630] *** Process received signal ***
[hydra09:396768] *** Process received signal ***
[hydra01:917048] [ 9] /opt/mpi/openmpi-4.1.4//lib/libmpi.so.40(PMPI_Group_incl+0x95)[0x7fd8a5304185]
[hydra01:917048] [10] /home/thesis/jheld/MPI_Syrk_implementation/build/src/MPI_SYRK_implementation(+0x841a)[0x55a4be54141a]
[hydra08:405957] [ 2] /lib/x86_64-linux-gnu/libc.so.6(abort+0x123)[0x7fb3011a8537]
[hydra02:596288] [ 9] /opt/mpi/openmpi-4.1.4//lib/libmpi.so.40(PMPI_Group_incl+0x95)[0x7f84c4e23185]
[hydra10:517140] [ 6] /lib/x86_64-linux-gnu/libc.so.6(__libc_calloc+0x81)[0x7ff196fcebd1]
[hydra07:430689] [10] /home/thesis/jheld/MPI_Syrk_implementation/build/src/MPI_SYRK_implementation(+0x841a)[0x55cb3db6d41a]
[hydra07:430689] [11] /home/thesis/jheld/MPI_Syrk_implementation/build/src/MPI_SYRK_implementation(+0x2ab0)[0x55cb3db67ab0]
[hydra05:403596] [ 1] /lib/x86_64-linux-gnu/libc.so.6(gsignal+0x141)[0x7efd10a58d61]
[hydra03:420928] [ 9] /opt/mpi/openmpi-4.1.4//lib/libmpi.so.40(PMPI_Group_incl+0x95)[0x7f7a8e2e9185]
[hydra03:420928] [10] /home/thesis/jheld/MPI_Syrk_implementation/build/src/MPI_SYRK_implementation(+0x841a)[0x562f9a69c41a]
[hydra06:404311] [ 5] /lib/x86_64-linux-gnu/libc.so.6(+0x8483c)[0x7f80bca8c83c]
[hydra04:419630] Signal: Aborted (6)
[hydra04:419630] Signal code:  (-6)
[hydra09:396768] Signal: Aborted (6)
[hydra09:396768] Signal code:  (-6)
[hydra01:917048] [11] /home/thesis/jheld/MPI_Syrk_implementation/build/src/MPI_SYRK_implementation(+0x2ab0)[0x55a4be53bab0]
[hydra08:405958] [ 4] /lib/x86_64-linux-gnu/libc.so.6(+0x8175a)[0x7f3eb393375a]
[hydra02:596288] [10] /home/thesis/jheld/MPI_Syrk_implementation/build/src/MPI_SYRK_implementation(+0x841a)[0x55ef8552341a]
[hydra02:596288] [11] /home/thesis/jheld/MPI_Syrk_implementation/build/src/MPI_SYRK_implementation(+0x2ab0)[0x55ef8551dab0]
[hydra10:517140] [ 7] /opt/mpi/openmpi-4.1.4//lib/libmpi.so.40(ompi_group_allocate+0x17)[0x7ff198e9c1e7]
[hydra07:430689] [12] /lib/x86_64-linux-gnu/libc.so.6(__libc_start_main+0xea)[0x7fc797efdd7a]
[hydra07:430689] [13] /home/thesis/jheld/MPI_Syrk_implementation/build/src/MPI_SYRK_implementation(+0x232a)[0x55cb3db6732a]
[hydra05:403596] [ 2] /lib/x86_64-linux-gnu/libc.so.6(abort+0x123)[0x7efd10a42537]
[hydra03:420928] [11] /home/thesis/jheld/MPI_Syrk_implementation/build/src/MPI_SYRK_implementation(+0x2ab0)[0x562f9a696ab0]
[hydra06:404310] [ 4] /lib/x86_64-linux-gnu/libc.so.6(+0x8175a)[0x7f9abd65975a]
[hydra04:419631] [ 0] /lib/x86_64-linux-gnu/libc.so.6(+0x38de0)[0x7f4b3963ede0]
[hydra09:396767] [ 1] /lib/x86_64-linux-gnu/libc.so.6(gsignal+0x141)[0x7fbf136bdd61]
[hydra01:917048] [12] /lib/x86_64-linux-gnu/libc.so.6(__libc_start_main+0xea)[0x7fd8a33a2d7a]
[hydra01:917048] [13] /home/thesis/jheld/MPI_Syrk_implementation/build/src/MPI_SYRK_implementation(+0x232a)[0x55a4be53b32a]
[hydra08:405957] [ 3] /lib/x86_64-linux-gnu/libc.so.6(+0x7a468)[0x7fb301200468]
[hydra02:596288] [12] /lib/x86_64-linux-gnu/libc.so.6(__libc_start_main+0xea)[0x7f84c2ec1d7a]
[hydra02:596288] [13] /home/thesis/jheld/MPI_Syrk_implementation/build/src/MPI_SYRK_implementation(+0x232a)[0x55ef8551d32a]
[hydra10:517140] [ 8] /opt/mpi/openmpi-4.1.4//lib/libmpi.so.40(ompi_group_incl_plist+0x65)[0x7ff198e9c915]
[hydra07:430689] *** End of error message ***
[hydra05:403595] [ 7] /opt/mpi/openmpi-4.1.4//lib/libmpi.so.40(ompi_group_allocate+0x17)[0x7f73321d01e7]
[hydra03:420928] [12] /lib/x86_64-linux-gnu/libc.so.6(__libc_start_main+0xea)[0x7f7a8c387d7a]
[hydra06:404311] [ 6] /lib/x86_64-linux-gnu/libc.so.6(__libc_calloc+0x81)[0x7f80bca8ebd1]
[hydra04:419631] [ 1] /lib/x86_64-linux-gnu/libc.so.6(gsignal+0x141)[0x7f4b3963ed61]
[hydra11:384027] [ 0] /lib/x86_64-linux-gnu/libc.so.6(+0x38de0)[0x7ffbc3a3bde0]
[hydra09:396767] [ 2] /lib/x86_64-linux-gnu/libc.so.6(abort+0x123)[0x7fbf136a7537]
[hydra01:917048] *** End of error message ***
[hydra08:405958] [ 5] /lib/x86_64-linux-gnu/libc.so.6(+0x8483c)[0x7f3eb393683c]
[hydra02:596288] *** End of error message ***
[hydra10:517140] [ 9] /opt/mpi/openmpi-4.1.4//lib/libmpi.so.40(PMPI_Group_incl+0x95)[0x7ff198ecd185]
[hydra10:517140] [10] /home/thesis/jheld/MPI_Syrk_implementation/build/src/MPI_SYRK_implementation(+0x841a)[0x55fc74c7f41a]
[hydra05:403595] [ 8] /opt/mpi/openmpi-4.1.4//lib/libmpi.so.40(ompi_group_incl_plist+0x65)[0x7f73321d0915]
[hydra03:420928] [13] /home/thesis/jheld/MPI_Syrk_implementation/build/src/MPI_SYRK_implementation(+0x232a)[0x562f9a69632a]
[hydra03:420928] *** End of error message ***
[hydra06:404310] [ 5] /lib/x86_64-linux-gnu/libc.so.6(+0x8483c)[0x7f9abd65c83c]
[hydra04:419631] [ 2] /lib/x86_64-linux-gnu/libc.so.6(abort+0x123)[0x7f4b39628537]
[hydra11:384027] [ 1] /lib/x86_64-linux-gnu/libc.so.6(gsignal+0x141)[0x7ffbc3a3bd61]
[hydra09:396767] [ 3] /lib/x86_64-linux-gnu/libc.so.6(+0x7a468)[0x7fbf136ff468]
[hydra08:405957] [ 4] /lib/x86_64-linux-gnu/libc.so.6(+0x8175a)[0x7fb30120775a]
[hydra10:517140] [11] /home/thesis/jheld/MPI_Syrk_implementation/build/src/MPI_SYRK_implementation(+0x2ab0)[0x55fc74c79ab0]
[hydra05:403596] [ 3] /lib/x86_64-linux-gnu/libc.so.6(+0x7a468)[0x7efd10a9a468]
[hydra06:404311] [ 7] /opt/mpi/openmpi-4.1.4//lib/libmpi.so.40(ompi_group_allocate+0x17)[0x7f80be95c1e7]
[hydra04:419630] [ 0] /lib/x86_64-linux-gnu/libc.so.6(+0x38de0)[0x7fdb742acde0]
[hydra11:384027] [ 2] /lib/x86_64-linux-gnu/libc.so.6(abort+0x123)[0x7ffbc3a25537]
[hydra09:396767] [ 4] /lib/x86_64-linux-gnu/libc.so.6(+0x8175a)[0x7fbf1370675a]
[hydra08:405958] [ 6] /lib/x86_64-linux-gnu/libc.so.6(__libc_calloc+0x81)[0x7f3eb3938bd1]
[hydra10:517140] [12] /lib/x86_64-linux-gnu/libc.so.6(__libc_start_main+0xea)[0x7ff196f6bd7a]
[hydra05:403595] [ 9] /opt/mpi/openmpi-4.1.4//lib/libmpi.so.40(PMPI_Group_incl+0x95)[0x7f7332201185]
[hydra05:403595] [10] /home/thesis/jheld/MPI_Syrk_implementation/build/src/MPI_SYRK_implementation(+0x841a)[0x55f7923f441a]
[hydra06:404311] [ 8] /opt/mpi/openmpi-4.1.4//lib/libmpi.so.40(ompi_group_incl_plist+0x65)[0x7f80be95c915]
[hydra04:419631] [ 3] /lib/x86_64-linux-gnu/libc.so.6(+0x7a468)[0x7f4b39680468]
[hydra04:419631] [ 4] /lib/x86_64-linux-gnu/libc.so.6(+0x8175a)[0x7f4b3968775a]
[hydra04:419631] [ 5] /lib/x86_64-linux-gnu/libc.so.6(+0x8483c)[0x7f4b3968a83c]
[hydra11:384027] [ 3] /lib/x86_64-linux-gnu/libc.so.6(+0x7a468)[0x7ffbc3a7d468]
[hydra09:396768] [ 0] /lib/x86_64-linux-gnu/libc.so.6(+0x38de0)[0x7fb5afba6de0]
[hydra08:405957] [ 5] /lib/x86_64-linux-gnu/libc.so.6(+0x8483c)[0x7fb30120a83c]
[hydra10:517140] [13] /home/thesis/jheld/MPI_Syrk_implementation/build/src/MPI_SYRK_implementation(+0x232a)[0x55fc74c7932a]
[hydra10:517140] *** End of error message ***
[hydra05:403595] [11] /home/thesis/jheld/MPI_Syrk_implementation/build/src/MPI_SYRK_implementation(+0x2ab0)[0x55f7923eeab0]
[hydra06:404310] [ 6] /lib/x86_64-linux-gnu/libc.so.6(__libc_calloc+0x81)[0x7f9abd65ebd1]
[hydra04:419630] [ 1] /lib/x86_64-linux-gnu/libc.so.6(gsignal+0x141)[0x7fdb742acd61]
[hydra04:419630] [ 2] /lib/x86_64-linux-gnu/libc.so.6(abort+0x123)[0x7fdb74296537]
[hydra11:384027] [ 4] /lib/x86_64-linux-gnu/libc.so.6(+0x8175a)[0x7ffbc3a8475a]
[hydra09:396767] [ 5] /lib/x86_64-linux-gnu/libc.so.6(+0x8483c)[0x7fbf1370983c]
[hydra08:405958] [ 7] /opt/mpi/openmpi-4.1.4//lib/libmpi.so.40(ompi_group_allocate+0x17)[0x7f3eb58061e7]
[hydra05:403596] [ 4] /lib/x86_64-linux-gnu/libc.so.6(+0x8175a)[0x7efd10aa175a]
[hydra06:404310] [ 7] /opt/mpi/openmpi-4.1.4//lib/libmpi.so.40(ompi_group_allocate+0x17)[0x7f9abf52c1e7]
[hydra04:419631] [ 6] /lib/x86_64-linux-gnu/libc.so.6(__libc_calloc+0x81)[0x7f4b3968cbd1]
[hydra11:384027] [ 5] /lib/x86_64-linux-gnu/libc.so.6(+0x8483c)[0x7ffbc3a8783c]
[hydra09:396768] [ 1] /lib/x86_64-linux-gnu/libc.so.6(gsignal+0x141)[0x7fb5afba6d61]
[hydra08:405958] [ 8] /opt/mpi/openmpi-4.1.4//lib/libmpi.so.40(ompi_group_incl_plist+0x65)[0x7f3eb5806915]
[hydra05:403595] [12] /lib/x86_64-linux-gnu/libc.so.6(__libc_start_main+0xea)[0x7f733029fd7a]
[hydra05:403595] [13] /home/thesis/jheld/MPI_Syrk_implementation/build/src/MPI_SYRK_implementation(+0x232a)[0x55f7923ee32a]
[hydra06:404311] [ 9] /opt/mpi/openmpi-4.1.4//lib/libmpi.so.40(PMPI_Group_incl+0x95)[0x7f80be98d185]
[hydra06:404311] [10] /home/thesis/jheld/MPI_Syrk_implementation/build/src/MPI_SYRK_implementation(+0x841a)[0x55a2e187f41a]
[hydra06:404311] [11] /home/thesis/jheld/MPI_Syrk_implementation/build/src/MPI_SYRK_implementation(+0x2ab0)[0x55a2e1879ab0]
[hydra04:419630] [ 3] /lib/x86_64-linux-gnu/libc.so.6(+0x7a468)[0x7fdb742ee468]
[hydra11:384027] [ 6] /lib/x86_64-linux-gnu/libc.so.6(__libc_calloc+0x81)[0x7ffbc3a89bd1]
[hydra09:396768] [ 2] /lib/x86_64-linux-gnu/libc.so.6(abort+0x123)[0x7fb5afb90537]
[hydra08:405957] [ 6] /lib/x86_64-linux-gnu/libc.so.6(__libc_calloc+0x81)[0x7fb30120cbd1]
[hydra05:403595] *** End of error message ***
[hydra06:404310] [ 8] /opt/mpi/openmpi-4.1.4//lib/libmpi.so.40(ompi_group_incl_plist+0x65)[0x7f9abf52c915]
[hydra04:419631] [ 7] /opt/mpi/openmpi-4.1.4//lib/libmpi.so.40(ompi_group_allocate+0x17)[0x7f4b3b55a1e7]
[hydra11:384027] [ 7] /opt/mpi/openmpi-4.1.4//lib/libmpi.so.40(ompi_group_allocate+0x17)[0x7ffbc59571e7]
[hydra09:396767] [ 6] /lib/x86_64-linux-gnu/libc.so.6(__libc_calloc+0x81)[0x7fbf1370bbd1]
[hydra08:405957] [ 7] /opt/mpi/openmpi-4.1.4//lib/libmpi.so.40(ompi_group_allocate+0x17)[0x7fb3030da1e7]
[hydra05:403596] [ 5] /lib/x86_64-linux-gnu/libc.so.6(+0x8483c)[0x7efd10aa483c]
[hydra06:404311] [12] /lib/x86_64-linux-gnu/libc.so.6(__libc_start_main+0xea)[0x7f80bca2bd7a]
[hydra06:404311] [13] /home/thesis/jheld/MPI_Syrk_implementation/build/src/MPI_SYRK_implementation(+0x232a)[0x55a2e187932a]
[hydra06:404311] *** End of error message ***
[hydra04:419630] [ 4] /lib/x86_64-linux-gnu/libc.so.6(+0x8175a)[0x7fdb742f575a]
[hydra11:384027] [ 8] /opt/mpi/openmpi-4.1.4//lib/libmpi.so.40(ompi_group_incl_plist+0x65)[0x7ffbc5957915]
[hydra09:396767] [ 7] /opt/mpi/openmpi-4.1.4//lib/libmpi.so.40(ompi_group_allocate+0x17)[0x7fbf155d91e7]
[hydra08:405958] [ 9] /opt/mpi/openmpi-4.1.4//lib/libmpi.so.40(PMPI_Group_incl+0x95)[0x7f3eb5837185]
[hydra08:405958] [10] /home/thesis/jheld/MPI_Syrk_implementation/build/src/MPI_SYRK_implementation(+0x841a)[0x55667f09e41a]
[hydra05:403596] [ 6] /lib/x86_64-linux-gnu/libc.so.6(__libc_calloc+0x81)[0x7efd10aa6bd1]
[hydra06:404310] [ 9] /opt/mpi/openmpi-4.1.4//lib/libmpi.so.40(PMPI_Group_incl+0x95)[0x7f9abf55d185]
[hydra04:419631] [ 8] /opt/mpi/openmpi-4.1.4//lib/libmpi.so.40(ompi_group_incl_plist+0x65)[0x7f4b3b55a915]
[hydra11:384027] [ 9] /opt/mpi/openmpi-4.1.4//lib/libmpi.so.40(PMPI_Group_incl+0x95)[0x7ffbc5988185]
[hydra09:396768] [ 3] /lib/x86_64-linux-gnu/libc.so.6(+0x7a468)[0x7fb5afbe8468]
[hydra08:405957] [ 8] /opt/mpi/openmpi-4.1.4//lib/libmpi.so.40(ompi_group_incl_plist+0x65)[0x7fb3030da915]
[hydra05:403596] [ 7] /opt/mpi/openmpi-4.1.4//lib/libmpi.so.40(ompi_group_allocate+0x17)[0x7efd129741e7]
[hydra06:404310] [10] /home/thesis/jheld/MPI_Syrk_implementation/build/src/MPI_SYRK_implementation(+0x841a)[0x5621a21c841a]
[hydra06:404310] [11] /home/thesis/jheld/MPI_Syrk_implementation/build/src/MPI_SYRK_implementation(+0x2ab0)[0x5621a21c2ab0]
[hydra04:419630] [ 5] /lib/x86_64-linux-gnu/libc.so.6(+0x8483c)[0x7fdb742f883c]
[hydra11:384027] [10] /home/thesis/jheld/MPI_Syrk_implementation/build/src/MPI_SYRK_implementation(+0x841a)[0x55afae23a41a]
[hydra11:384027] [11] /home/thesis/jheld/MPI_Syrk_implementation/build/src/MPI_SYRK_implementation(+0x2ab0)[0x55afae234ab0]
[hydra09:396767] [ 8] /opt/mpi/openmpi-4.1.4//lib/libmpi.so.40(ompi_group_incl_plist+0x65)[0x7fbf155d9915]
[hydra08:405958] [11] /home/thesis/jheld/MPI_Syrk_implementation/build/src/MPI_SYRK_implementation(+0x2ab0)[0x55667f098ab0]
[hydra05:403596] [ 8] /opt/mpi/openmpi-4.1.4//lib/libmpi.so.40(ompi_group_incl_plist+0x65)[0x7efd12974915]
[hydra06:404310] [12] /lib/x86_64-linux-gnu/libc.so.6(__libc_start_main+0xea)[0x7f9abd5fbd7a]
[hydra06:404310] [13] /home/thesis/jheld/MPI_Syrk_implementation/build/src/MPI_SYRK_implementation(+0x232a)[0x5621a21c232a]
[hydra04:419631] [ 9] /opt/mpi/openmpi-4.1.4//lib/libmpi.so.40(PMPI_Group_incl+0x95)[0x7f4b3b58b185]
[hydra04:419631] [10] /home/thesis/jheld/MPI_Syrk_implementation/build/src/MPI_SYRK_implementation(+0x841a)[0x556cc9e7441a]
[hydra11:384027] [12] /lib/x86_64-linux-gnu/libc.so.6(__libc_start_main+0xea)[0x7ffbc3a26d7a]
[hydra11:384027] [13] /home/thesis/jheld/MPI_Syrk_implementation/build/src/MPI_SYRK_implementation(+0x232a)[0x55afae23432a]
[hydra09:396768] [ 4] /lib/x86_64-linux-gnu/libc.so.6(+0x8175a)[0x7fb5afbef75a]
[hydra08:405958] [12] /lib/x86_64-linux-gnu/libc.so.6(__libc_start_main+0xea)[0x7f3eb38d5d7a]
[hydra08:405958] [13] /home/thesis/jheld/MPI_Syrk_implementation/build/src/MPI_SYRK_implementation(+0x232a)[0x55667f09832a]
[hydra08:405958] *** End of error message ***
[hydra05:403596] [ 9] /opt/mpi/openmpi-4.1.4//lib/libmpi.so.40(PMPI_Group_incl+0x95)[0x7efd129a5185]
[hydra06:404310] *** End of error message ***
[hydra04:419630] [ 6] /lib/x86_64-linux-gnu/libc.so.6(__libc_calloc+0x81)[0x7fdb742fabd1]
[hydra11:384027] *** End of error message ***
[hydra09:396767] [ 9] /opt/mpi/openmpi-4.1.4//lib/libmpi.so.40(PMPI_Group_incl+0x95)[0x7fbf1560a185]
[hydra09:396767] [10] /home/thesis/jheld/MPI_Syrk_implementation/build/src/MPI_SYRK_implementation(+0x841a)[0x556f49d3d41a]
[hydra08:405957] [ 9] /opt/mpi/openmpi-4.1.4//lib/libmpi.so.40(PMPI_Group_incl+0x95)[0x7fb30310b185]
[hydra08:405957] [10] /home/thesis/jheld/MPI_Syrk_implementation/build/src/MPI_SYRK_implementation(+0x841a)[0x55fa1b59f41a]
[hydra05:403596] [10] /home/thesis/jheld/MPI_Syrk_implementation/build/src/MPI_SYRK_implementation(+0x841a)[0x561ba684c41a]
[hydra05:403596] [11] /home/thesis/jheld/MPI_Syrk_implementation/build/src/MPI_SYRK_implementation(+0x2ab0)[0x561ba6846ab0]
[hydra04:419631] [11] /home/thesis/jheld/MPI_Syrk_implementation/build/src/MPI_SYRK_implementation(+0x2ab0)[0x556cc9e6eab0]
[hydra04:419631] [12] /lib/x86_64-linux-gnu/libc.so.6(__libc_start_main+0xea)[0x7f4b39629d7a]
[hydra04:419631] [13] /home/thesis/jheld/MPI_Syrk_implementation/build/src/MPI_SYRK_implementation(+0x232a)[0x556cc9e6e32a]
[hydra04:419631] *** End of error message ***
[hydra09:396767] [11] /home/thesis/jheld/MPI_Syrk_implementation/build/src/MPI_SYRK_implementation(+0x2ab0)[0x556f49d37ab0]
[hydra08:405957] [11] /home/thesis/jheld/MPI_Syrk_implementation/build/src/MPI_SYRK_implementation(+0x2ab0)[0x55fa1b599ab0]
[hydra05:403596] [12] /lib/x86_64-linux-gnu/libc.so.6(__libc_start_main+0xea)[0x7efd10a43d7a]
[hydra05:403596] [13] /home/thesis/jheld/MPI_Syrk_implementation/build/src/MPI_SYRK_implementation(+0x232a)[0x561ba684632a]
[hydra04:419630] [ 7] /opt/mpi/openmpi-4.1.4//lib/libmpi.so.40(ompi_group_allocate+0x17)[0x7fdb761c81e7]
[hydra09:396768] [ 5] /lib/x86_64-linux-gnu/libc.so.6(+0x8483c)[0x7fb5afbf283c]
[hydra08:405957] [12] /lib/x86_64-linux-gnu/libc.so.6(__libc_start_main+0xea)[0x7fb3011a9d7a]
[hydra05:403596] *** End of error message ***
[hydra04:419630] [ 8] /opt/mpi/openmpi-4.1.4//lib/libmpi.so.40(ompi_group_incl_plist+0x65)[0x7fdb761c8915]
[hydra09:396767] [12] /lib/x86_64-linux-gnu/libc.so.6(__libc_start_main+0xea)[0x7fbf136a8d7a]
[hydra09:396767] [13] /home/thesis/jheld/MPI_Syrk_implementation/build/src/MPI_SYRK_implementation(+0x232a)[0x556f49d3732a]
[hydra09:396767] *** End of error message ***
[hydra08:405957] [13] /home/thesis/jheld/MPI_Syrk_implementation/build/src/MPI_SYRK_implementation(+0x232a)[0x55fa1b59932a]
[hydra08:405957] *** End of error message ***
[hydra04:419630] [ 9] /opt/mpi/openmpi-4.1.4//lib/libmpi.so.40(PMPI_Group_incl+0x95)[0x7fdb761f9185]
[hydra04:419630] [10] /home/thesis/jheld/MPI_Syrk_implementation/build/src/MPI_SYRK_implementation(+0x841a)[0x55deed84c41a]
[hydra09:396768] [ 6] /lib/x86_64-linux-gnu/libc.so.6(__libc_calloc+0x81)[0x7fb5afbf4bd1]
[hydra04:419630] [11] /home/thesis/jheld/MPI_Syrk_implementation/build/src/MPI_SYRK_implementation(+0x2ab0)[0x55deed846ab0]
[hydra09:396768] [ 7] /opt/mpi/openmpi-4.1.4//lib/libmpi.so.40(ompi_group_allocate+0x17)[0x7fb5b1ac21e7]
[hydra04:419630] [12] /lib/x86_64-linux-gnu/libc.so.6(__libc_start_main+0xea)[0x7fdb74297d7a]
[hydra04:419630] [13] /home/thesis/jheld/MPI_Syrk_implementation/build/src/MPI_SYRK_implementation(+0x232a)[0x55deed84632a]
[hydra04:419630] *** End of error message ***
[hydra09:396768] [ 8] /opt/mpi/openmpi-4.1.4//lib/libmpi.so.40(ompi_group_incl_plist+0x65)[0x7fb5b1ac2915]
[hydra09:396768] [ 9] /opt/mpi/openmpi-4.1.4//lib/libmpi.so.40(PMPI_Group_incl+0x95)[0x7fb5b1af3185]
[hydra09:396768] [10] /home/thesis/jheld/MPI_Syrk_implementation/build/src/MPI_SYRK_implementation(+0x841a)[0x55ec6729141a]
[hydra09:396768] [11] /home/thesis/jheld/MPI_Syrk_implementation/build/src/MPI_SYRK_implementation(+0x2ab0)[0x55ec6728bab0]
[hydra09:396768] [12] /lib/x86_64-linux-gnu/libc.so.6(__libc_start_main+0xea)[0x7fb5afb91d7a]
[hydra09:396768] [13] /home/thesis/jheld/MPI_Syrk_implementation/build/src/MPI_SYRK_implementation(+0x232a)[0x55ec6728b32a]
[hydra09:396768] *** End of error message ***
srun: error: hydra10: task 29: Aborted
srun: error: hydra12: task 35: Aborted
srun: error: hydra11: task 31: Aborted
srun: error: hydra02: task 3: Aborted
srun: error: hydra04: tasks 9-10: Aborted
srun: error: hydra03: task 7: Aborted
srun: error: hydra07: task 18: Aborted
srun: error: hydra09: tasks 25-26: Aborted
srun: error: hydra01: task 2: Aborted
srun: error: hydra05: tasks 13-14: Aborted
srun: error: hydra08: tasks 21-22: Aborted
srun: error: hydra06: tasks 15-16: Aborted
slurmstepd: error:  mpi/pmix_v4: _errhandler: hydra12 [11]: pmixp_client_v2.c:211: Error handler invoked: status = -61, source = [slurm.pmix.5008705.19:35]
slurmstepd: error:  mpi/pmix_v4: _errhandler: hydra02 [1]: pmixp_client_v2.c:211: Error handler invoked: status = -61, source = [slurm.pmix.5008705.19:3]
slurmstepd: error:  mpi/pmix_v4: _errhandler: hydra01 [0]: pmixp_client_v2.c:211: Error handler invoked: status = -61, source = [slurm.pmix.5008705.19:2]
slurmstepd: error:  mpi/pmix_v4: _errhandler: hydra10 [9]: pmixp_client_v2.c:211: Error handler invoked: status = -61, source = [slurm.pmix.5008705.19:29]
slurmstepd: error:  mpi/pmix_v4: _errhandler: hydra06 [5]: pmixp_client_v2.c:211: Error handler invoked: status = -61, source = [slurm.pmix.5008705.19:15]
slurmstepd: error:  mpi/pmix_v4: _errhandler: hydra05 [4]: pmixp_client_v2.c:211: Error handler invoked: status = -61, source = [slurm.pmix.5008705.19:13]
slurmstepd: error:  mpi/pmix_v4: _errhandler: hydra11 [10]: pmixp_client_v2.c:211: Error handler invoked: status = -61, source = [slurm.pmix.5008705.19:31]
slurmstepd: error:  mpi/pmix_v4: _errhandler: hydra09 [8]: pmixp_client_v2.c:211: Error handler invoked: status = -61, source = [slurm.pmix.5008705.19:25]
slurmstepd: error:  mpi/pmix_v4: _errhandler: hydra08 [7]: pmixp_client_v2.c:211: Error handler invoked: status = -61, source = [slurm.pmix.5008705.19:21]
slurmstepd: error:  mpi/pmix_v4: _errhandler: hydra04 [3]: pmixp_client_v2.c:211: Error handler invoked: status = -61, source = [slurm.pmix.5008705.19:10]
slurmstepd: error:  mpi/pmix_v4: _errhandler: hydra07 [6]: pmixp_client_v2.c:211: Error handler invoked: status = -61, source = [slurm.pmix.5008705.19:18]
slurmstepd: error:  mpi/pmix_v4: _errhandler: hydra03 [2]: pmixp_client_v2.c:211: Error handler invoked: status = -61, source = [slurm.pmix.5008705.19:7]
slurmstepd: error: *** STEP 5008705.19 ON hydra01 CANCELLED AT 2025-10-13T15:42:56 ***
srun: Job step aborted: Waiting up to 32 seconds for job step to finish.
srun: error: hydra06: task 17: Killed
srun: error: hydra05: task 12: Killed
srun: error: hydra08: task 23: Killed
srun: error: hydra04: task 11: Killed
srun: error: hydra09: task 24: Killed
srun: error: hydra02: tasks 4-5: Killed
srun: error: hydra10: tasks 27-28: Killed
srun: error: hydra01: tasks 0-1: Killed
srun: error: hydra11: tasks 30,32: Killed
srun: error: hydra03: tasks 6,8: Killed
srun: error: hydra12: tasks 33-34: Killed
srun: error: hydra07: tasks 19-20: Killed
⚠️ Warning: No runtime found for run 20
srun: Warning: can't honor --ntasks-per-node set to 1 which doesn't match the requested tasks 36 with the number of requested nodes 12. Ignoring --ntasks-per-node.
missing input file name --> Generate random input
malloc(): invalid size (unsorted)
[hydra01:917145] *** Process received signal ***
[hydra01:917145] Signal: Aborted (6)
[hydra01:917145] Signal code:  (-6)
malloc(): invalid size (unsorted)
[hydra12:384002] *** Process received signal ***
[hydra12:384002] Signal: Aborted (6)
[hydra12:384002] Signal code:  (-6)
[hydra01:917145] [ 0] /lib/x86_64-linux-gnu/libc.so.6(+0x38de0)[0x7f7895e1ede0]
malloc(): invalid size (unsorted)
[hydra05:403666] *** Process received signal ***
[hydra01:917145] [ 1] /lib/x86_64-linux-gnu/libc.so.6(gsignal+0x141)[0x7f7895e1ed61]
[hydra01:917145] [ 2] /lib/x86_64-linux-gnu/libc.so.6(abort+0x123)[0x7f7895e08537]
malloc(): invalid size (unsorted)
[hydra03:420998] *** Process received signal ***
[hydra03:420998] Signal: Aborted (6)
[hydra03:420998] Signal code:  (-6)
malloc(): invalid size (unsorted)
[hydra02:596373] *** Process received signal ***
[hydra02:596373] Signal: Aborted (6)
[hydra02:596373] Signal code:  (-6)
malloc(): invalid size (unsorted)
[hydra07:430761] *** Process received signal ***
[hydra07:430761] Signal: Aborted (6)
[hydra07:430761] Signal code:  (-6)
[hydra01:917145] [ 3] /lib/x86_64-linux-gnu/libc.so.6(+0x7a468)[0x7f7895e60468]
[hydra05:403666] Signal: Aborted (6)
[hydra05:403666] Signal code:  (-6)
malloc(): invalid size (unsorted)
[hydra02:596374] *** Process received signal ***
[hydra02:596374] Signal: Aborted (6)
[hydra02:596374] Signal code:  (-6)
malloc(): invalid size (unsorted)
[hydra06:404383] *** Process received signal ***
[hydra06:404383] Signal: Aborted (6)
[hydra06:404383] Signal code:  (-6)
malloc(): invalid size (unsorted)
[hydra09:396839] *** Process received signal ***
[hydra09:396839] Signal: Aborted (6)
[hydra09:396839] Signal code:  (-6)
[hydra01:917145] [ 4] /lib/x86_64-linux-gnu/libc.so.6(+0x8175a)[0x7f7895e6775a]
malloc(): invalid size (unsorted)
malloc(): invalid size (unsorted)
[hydra02:596374] [ 0] /lib/x86_64-linux-gnu/libc.so.6(+0x38de0)[0x7f2fa8b4bde0]
[hydra06:404381] *** Process received signal ***
[hydra01:917145] [ 5] /lib/x86_64-linux-gnu/libc.so.6(+0x8483c)[0x7f7895e6a83c]
malloc(): invalid size (unsorted)
[hydra08:406029] *** Process received signal ***
[hydra08:406029] Signal: Aborted (6)
[hydra08:406029] Signal code:  (-6)
[hydra05:403666] [ 0] /lib/x86_64-linux-gnu/libc.so.6(+0x38de0)[0x7f6571fc7de0]
[hydra02:596373] [ 0] /lib/x86_64-linux-gnu/libc.so.6(+0x38de0)[0x7f711d21fde0]
[hydra06:404381] Signal: Aborted (6)
[hydra06:404381] Signal code:  (-6)
malloc(): invalid size (unsorted)
[hydra04:419701] *** Process received signal ***
[hydra04:419701] Signal: Aborted (6)
[hydra04:419701] Signal code:  (-6)
malloc(): invalid size (unsorted)
[hydra01:917145] [ 6] /lib/x86_64-linux-gnu/libc.so.6(__libc_calloc+0x81)[0x7f7895e6cbd1]
[hydra05:403666] [ 1] /lib/x86_64-linux-gnu/libc.so.6(gsignal+0x141)[0x7f6571fc7d61]
[hydra02:596374] [ 1] /lib/x86_64-linux-gnu/libc.so.6(gsignal+0x141)[0x7f2fa8b4bd61]
[hydra06:404383] [ 0] /lib/x86_64-linux-gnu/libc.so.6(+0x38de0)[0x7f8598cc1de0]
[hydra01:917145] [ 7] /opt/mpi/openmpi-4.1.4//lib/libmpi.so.40(ompi_group_allocate+0x17)[0x7f7897d3a1e7]
[hydra05:403667] *** Process received signal ***
[hydra05:403667] Signal: Aborted (6)
[hydra05:403667] Signal code:  (-6)
[hydra02:596373] [ 1] /lib/x86_64-linux-gnu/libc.so.6(gsignal+0x141)[0x7f711d21fd61]
[hydra06:404383] [ 1] /lib/x86_64-linux-gnu/libc.so.6(gsignal+0x141)[0x7f8598cc1d61]
[hydra04:419701] [ 0] /lib/x86_64-linux-gnu/libc.so.6(+0x38de0)[0x7f7a1b2f9de0]
[hydra01:917145] [ 8] /opt/mpi/openmpi-4.1.4//lib/libmpi.so.40(ompi_group_incl_plist+0x65)[0x7f7897d3a915]
malloc(): invalid size (unsorted)
[hydra10:517213] *** Process received signal ***
[hydra10:517213] Signal: Aborted (6)
[hydra10:517213] Signal code:  (-6)
malloc(): invalid size (unsorted)
[hydra11:384097] *** Process received signal ***
[hydra11:384097] Signal: Aborted (6)
[hydra11:384097] Signal code:  (-6)
[hydra05:403666] [ 2] /lib/x86_64-linux-gnu/libc.so.6(abort+0x123)[0x7f6571fb1537]
[hydra02:596374] [ 2] /lib/x86_64-linux-gnu/libc.so.6(abort+0x123)[0x7f2fa8b35537]
[hydra06:404383] [ 2] /lib/x86_64-linux-gnu/libc.so.6(abort+0x123)[0x7f8598cab537]
[hydra04:419701] [ 1] /lib/x86_64-linux-gnu/libc.so.6(gsignal+0x141)[0x7f7a1b2f9d61]
[hydra09:396839] [ 0] /lib/x86_64-linux-gnu/libc.so.6(+0x38de0)[0x7f3521d69de0]
[hydra05:403666] [ 3] /lib/x86_64-linux-gnu/libc.so.6(+0x7a468)[0x7f6572009468]
[hydra02:596373] [ 2] /lib/x86_64-linux-gnu/libc.so.6(abort+0x123)[0x7f711d209537]
[hydra06:404381] [ 0] /lib/x86_64-linux-gnu/libc.so.6(+0x38de0)[0x7f83a0b1cde0]
[hydra04:419701] [ 2] /lib/x86_64-linux-gnu/libc.so.6(abort+0x123)[0x7f7a1b2e3537]
[hydra09:396839] [ 1] /lib/x86_64-linux-gnu/libc.so.6(gsignal+0x141)[0x7f3521d69d61]
[hydra01:917145] [ 9] /opt/mpi/openmpi-4.1.4//lib/libmpi.so.40(PMPI_Group_incl+0x95)[0x7f7897d6b185]
[hydra01:917145] [10] /home/thesis/jheld/MPI_Syrk_implementation/build/src/MPI_SYRK_implementation(+0x841a)[0x5594f1bf741a]
[hydra12:384002] [ 0] /lib/x86_64-linux-gnu/libc.so.6(+0x38de0)[0x7f4eb9bd3de0]
[hydra05:403666] [ 4] /lib/x86_64-linux-gnu/libc.so.6(+0x8175a)[0x7f657201075a]
[hydra02:596374] [ 3] /lib/x86_64-linux-gnu/libc.so.6(+0x7a468)[0x7f2fa8b8d468]
[hydra06:404383] [ 3] /lib/x86_64-linux-gnu/libc.so.6(+0x7a468)[0x7f8598d03468]
[hydra04:419701] [ 3] /lib/x86_64-linux-gnu/libc.so.6(+0x7a468)[0x7f7a1b33b468]
[hydra09:396840] *** Process received signal ***
[hydra09:396840] Signal: Aborted (6)
[hydra09:396840] Signal code:  (-6)
[hydra01:917145] [11] /home/thesis/jheld/MPI_Syrk_implementation/build/src/MPI_SYRK_implementation(+0x2ab0)[0x5594f1bf1ab0]
[hydra12:384002] [ 1] /lib/x86_64-linux-gnu/libc.so.6(gsignal+0x141)[0x7f4eb9bd3d61]
[hydra05:403666] [ 5] /lib/x86_64-linux-gnu/libc.so.6(+0x8483c)[0x7f657201383c]
[hydra02:596373] [ 3] /lib/x86_64-linux-gnu/libc.so.6(+0x7a468)[0x7f711d261468]
[hydra06:404381] [ 1] /lib/x86_64-linux-gnu/libc.so.6(gsignal+0x141)[0x7f83a0b1cd61]
[hydra09:396839] [ 2] /lib/x86_64-linux-gnu/libc.so.6(abort+0x123)[0x7f3521d53537]
[hydra01:917145] [12] /lib/x86_64-linux-gnu/libc.so.6(__libc_start_main+0xea)[0x7f7895e09d7a]
[hydra01:917145] [13] /home/thesis/jheld/MPI_Syrk_implementation/build/src/MPI_SYRK_implementation(+0x232a)[0x5594f1bf132a]
[hydra01:917145] *** End of error message ***
[hydra12:384002] [ 2] /lib/x86_64-linux-gnu/libc.so.6(abort+0x123)[0x7f4eb9bbd537]
[hydra05:403667] [ 0] /lib/x86_64-linux-gnu/libc.so.6(+0x38de0)[0x7fe3d35b1de0]
[hydra02:596374] [ 4] /lib/x86_64-linux-gnu/libc.so.6(+0x8175a)[0x7f2fa8b9475a]
[hydra06:404383] [ 4] /lib/x86_64-linux-gnu/libc.so.6(+0x8175a)[0x7f8598d0a75a]
[hydra04:419701] [ 4] /lib/x86_64-linux-gnu/libc.so.6(+0x8175a)[0x7f7a1b34275a]
[hydra09:396839] [ 3] /lib/x86_64-linux-gnu/libc.so.6(+0x7a468)[0x7f3521dab468]
[hydra12:384002] [ 3] /lib/x86_64-linux-gnu/libc.so.6(+0x7a468)[0x7f4eb9c15468]
[hydra05:403667] [ 1] /lib/x86_64-linux-gnu/libc.so.6(gsignal+0x141)[0x7fe3d35b1d61]
[hydra02:596373] [ 4] /lib/x86_64-linux-gnu/libc.so.6(+0x8175a)[0x7f711d26875a]
[hydra06:404381] [ 2] /lib/x86_64-linux-gnu/libc.so.6(abort+0x123)[0x7f83a0b06537]
[hydra04:419701] [ 5] /lib/x86_64-linux-gnu/libc.so.6(+0x8483c)[0x7f7a1b34583c]
[hydra09:396839] [ 4] /lib/x86_64-linux-gnu/libc.so.6(+0x8175a)[0x7f3521db275a]
malloc(): invalid size (unsorted)
[hydra08:406028] *** Process received signal ***
[hydra08:406028] Signal: Aborted (6)
[hydra08:406028] Signal code:  (-6)
malloc(): invalid size (unsorted)
[hydra12:384002] [ 4] /lib/x86_64-linux-gnu/libc.so.6(+0x8175a)[0x7f4eb9c1c75a]
[hydra05:403666] [ 6] /lib/x86_64-linux-gnu/libc.so.6(__libc_calloc+0x81)[0x7f6572015bd1]
[hydra02:596374] [ 5] /lib/x86_64-linux-gnu/libc.so.6(+0x8483c)[0x7f2fa8b9783c]
[hydra06:404383] [ 5] /lib/x86_64-linux-gnu/libc.so.6(+0x8483c)[0x7f8598d0d83c]
[hydra04:419701] [ 6] /lib/x86_64-linux-gnu/libc.so.6(__libc_calloc+0x81)[0x7f7a1b347bd1]
[hydra09:396840] [ 0] /lib/x86_64-linux-gnu/libc.so.6(+0x38de0)[0x7f6c920aede0]
[hydra03:420998] [ 0] /lib/x86_64-linux-gnu/libc.so.6(+0x38de0)[0x7f9bc4778de0]
[hydra08:406029] [ 0] /lib/x86_64-linux-gnu/libc.so.6(+0x38de0)[0x7fbc04309de0]
[hydra07:430761] [ 0] /lib/x86_64-linux-gnu/libc.so.6(+0x38de0)[0x7f4de8717de0]
[hydra12:384002] [ 5] /lib/x86_64-linux-gnu/libc.so.6(+0x8483c)[0x7f4eb9c1f83c]
[hydra05:403667] [ 2] /lib/x86_64-linux-gnu/libc.so.6(abort+0x123)[0x7fe3d359b537]
[hydra02:596373] [ 5] /lib/x86_64-linux-gnu/libc.so.6(+0x8483c)[0x7f711d26b83c]
[hydra06:404381] [ 3] /lib/x86_64-linux-gnu/libc.so.6(+0x7a468)[0x7f83a0b5e468]
[hydra04:419701] [ 7] /opt/mpi/openmpi-4.1.4//lib/libmpi.so.40(ompi_group_allocate+0x17)[0x7f7a1d2151e7]
[hydra09:396839] [ 5] /lib/x86_64-linux-gnu/libc.so.6(+0x8483c)[0x7f3521db583c]
[hydra03:420998] [ 1] /lib/x86_64-linux-gnu/libc.so.6(gsignal+0x141)[0x7f9bc4778d61]
[hydra08:406029] [ 1] /lib/x86_64-linux-gnu/libc.so.6(gsignal+0x141)[0x7fbc04309d61]
[hydra07:430762] *** Process received signal ***
[hydra07:430762] Signal: Aborted (6)
[hydra07:430762] Signal code:  (-6)
malloc(): invalid size (unsorted)
[hydra10:517214] *** Process received signal ***
[hydra10:517214] Signal: Aborted (6)
[hydra10:517214] Signal code:  (-6)
[hydra12:384002] [ 6] /lib/x86_64-linux-gnu/libc.so.6(__libc_calloc+0x81)[0x7f4eb9c21bd1]
[hydra05:403666] [ 7] /opt/mpi/openmpi-4.1.4//lib/libmpi.so.40(ompi_group_allocate+0x17)[0x7f6573ee31e7]
[hydra02:596374] [ 6] /lib/x86_64-linux-gnu/libc.so.6(__libc_calloc+0x81)[0x7f2fa8b99bd1]
[hydra06:404383] [ 6] /lib/x86_64-linux-gnu/libc.so.6(__libc_calloc+0x81)[0x7f8598d0fbd1]
[hydra04:419701] [ 8] /opt/mpi/openmpi-4.1.4//lib/libmpi.so.40(ompi_group_incl_plist+0x65)[0x7f7a1d215915]
[hydra09:396840] [ 1] /lib/x86_64-linux-gnu/libc.so.6(gsignal+0x141)[0x7f6c920aed61]
[hydra03:420998] [ 2] /lib/x86_64-linux-gnu/libc.so.6(abort+0x123)[0x7f9bc4762537]
[hydra08:406029] [ 2] /lib/x86_64-linux-gnu/libc.so.6(abort+0x123)[0x7fbc042f3537]
[hydra07:430761] [ 1] /lib/x86_64-linux-gnu/libc.so.6(gsignal+0x141)[0x7f4de8717d61]
[hydra10:517213] [ 0] /lib/x86_64-linux-gnu/libc.so.6(+0x38de0)[0x7f5304ec7de0]
[hydra12:384002] [ 7] /opt/mpi/openmpi-4.1.4//lib/libmpi.so.40(ompi_group_allocate+0x17)[0x7f4ebbaef1e7]
[hydra05:403666] [ 8] /opt/mpi/openmpi-4.1.4//lib/libmpi.so.40(ompi_group_incl_plist+0x65)[0x7f6573ee3915]
[hydra02:596374] [ 7] /opt/mpi/openmpi-4.1.4//lib/libmpi.so.40(ompi_group_allocate+0x17)[0x7f2faaa671e7]
[hydra06:404381] [ 4] /lib/x86_64-linux-gnu/libc.so.6(+0x8175a)[0x7f83a0b6575a]
[hydra04:419701] [ 9] /opt/mpi/openmpi-4.1.4//lib/libmpi.so.40(PMPI_Group_incl+0x95)[0x7f7a1d246185]
[hydra09:396840] [ 2] /lib/x86_64-linux-gnu/libc.so.6(abort+0x123)[0x7f6c92098537]
[hydra03:420998] [ 3] /lib/x86_64-linux-gnu/libc.so.6(+0x7a468)[0x7f9bc47ba468]
[hydra08:406028] [ 0] /lib/x86_64-linux-gnu/libc.so.6(+0x38de0)[0x7f4720ffede0]
[hydra07:430761] [ 2] /lib/x86_64-linux-gnu/libc.so.6(abort+0x123)[0x7f4de8701537]
[hydra10:517214] [ 0] /lib/x86_64-linux-gnu/libc.so.6(+0x38de0)[0x7f276f26fde0]
[hydra12:384002] [ 8] /opt/mpi/openmpi-4.1.4//lib/libmpi.so.40(ompi_group_incl_plist+0x65)[0x7f4ebbaef915]
[hydra05:403667] [ 3] /lib/x86_64-linux-gnu/libc.so.6(+0x7a468)[0x7fe3d35f3468]
[hydra02:596373] [ 6] /lib/x86_64-linux-gnu/libc.so.6(__libc_calloc+0x81)[0x7f711d26dbd1]
[hydra06:404383] [ 7] /opt/mpi/openmpi-4.1.4//lib/libmpi.so.40(ompi_group_allocate+0x17)[0x7f859abdd1e7]
[hydra04:419701] [10] /home/thesis/jheld/MPI_Syrk_implementation/build/src/MPI_SYRK_implementation(+0x841a)[0x56381aa3d41a]
[hydra04:419701] [11] /home/thesis/jheld/MPI_Syrk_implementation/build/src/MPI_SYRK_implementation(+0x2ab0)[0x56381aa37ab0]
[hydra09:396839] [ 6] /lib/x86_64-linux-gnu/libc.so.6(__libc_calloc+0x81)[0x7f3521db7bd1]
[hydra03:420998] [ 4] /lib/x86_64-linux-gnu/libc.so.6(+0x8175a)[0x7f9bc47c175a]
[hydra08:406028] [ 1] /lib/x86_64-linux-gnu/libc.so.6(gsignal+0x141)[0x7f4720ffed61]
[hydra07:430761] [ 3] /lib/x86_64-linux-gnu/libc.so.6(+0x7a468)[0x7f4de8759468]
[hydra10:517213] [ 1] /lib/x86_64-linux-gnu/libc.so.6(gsignal+0x141)[0x7f5304ec7d61]
[hydra12:384002] [ 9] /opt/mpi/openmpi-4.1.4//lib/libmpi.so.40(PMPI_Group_incl+0x95)[0x7f4ebbb20185]
[hydra11:384097] [ 0] /lib/x86_64-linux-gnu/libc.so.6(+0x38de0)[0x7f78cbc0ede0]
[hydra05:403666] [ 9] /opt/mpi/openmpi-4.1.4//lib/libmpi.so.40(PMPI_Group_incl+0x95)[0x7f6573f14185]
[hydra05:403666] [10] /home/thesis/jheld/MPI_Syrk_implementation/build/src/MPI_SYRK_implementation(+0x841a)[0x558b9436141a]
[hydra02:596374] [ 8] /opt/mpi/openmpi-4.1.4//lib/libmpi.so.40(ompi_group_incl_plist+0x65)[0x7f2faaa67915]
[hydra06:404381] [ 5] /lib/x86_64-linux-gnu/libc.so.6(+0x8483c)[0x7f83a0b6883c]
[hydra04:419701] [12] /lib/x86_64-linux-gnu/libc.so.6(__libc_start_main+0xea)[0x7f7a1b2e4d7a]
[hydra04:419701] [13] /home/thesis/jheld/MPI_Syrk_implementation/build/src/MPI_SYRK_implementation(+0x232a)[0x56381aa3732a]
[hydra09:396839] [ 7] /opt/mpi/openmpi-4.1.4//lib/libmpi.so.40(ompi_group_allocate+0x17)[0x7f3523c851e7]
[hydra03:420998] [ 5] /lib/x86_64-linux-gnu/libc.so.6(+0x8483c)[0x7f9bc47c483c]
[hydra08:406029] [ 3] /lib/x86_64-linux-gnu/libc.so.6(+0x7a468)[0x7fbc0434b468]
[hydra07:430761] [ 4] /lib/x86_64-linux-gnu/libc.so.6(+0x8175a)[0x7f4de876075a]
[hydra10:517214] [ 1] /lib/x86_64-linux-gnu/libc.so.6(gsignal+0x141)[0x7f276f26fd61]
[hydra12:384002] [10] /home/thesis/jheld/MPI_Syrk_implementation/build/src/MPI_SYRK_implementation(+0x841a)[0x55ecb8a0641a]
[hydra12:384002] [11] /home/thesis/jheld/MPI_Syrk_implementation/build/src/MPI_SYRK_implementation(+0x2ab0)[0x55ecb8a00ab0]
[hydra11:384097] [ 1] /lib/x86_64-linux-gnu/libc.so.6(gsignal+0x141)[0x7f78cbc0ed61]
[hydra05:403667] [ 4] /lib/x86_64-linux-gnu/libc.so.6(+0x8175a)[0x7fe3d35fa75a]
[hydra02:596373] [ 7] /opt/mpi/openmpi-4.1.4//lib/libmpi.so.40(ompi_group_allocate+0x17)[0x7f711f13b1e7]
[hydra06:404383] [ 8] /opt/mpi/openmpi-4.1.4//lib/libmpi.so.40(ompi_group_incl_plist+0x65)[0x7f859abdd915]
[hydra04:419701] *** End of error message ***
[hydra09:396840] [ 3] /lib/x86_64-linux-gnu/libc.so.6(+0x7a468)[0x7f6c920f0468]
[hydra03:420998] [ 6] /lib/x86_64-linux-gnu/libc.so.6(__libc_calloc+0x81)[0x7f9bc47c6bd1]
[hydra08:406028] [ 2] /lib/x86_64-linux-gnu/libc.so.6(abort+0x123)[0x7f4720fe8537]
[hydra07:430762] [ 0] /lib/x86_64-linux-gnu/libc.so.6(+0x38de0)[0x7f882dfccde0]
[hydra10:517213] [ 2] /lib/x86_64-linux-gnu/libc.so.6(abort+0x123)[0x7f5304eb1537]
[hydra12:384002] [12] /lib/x86_64-linux-gnu/libc.so.6(__libc_start_main+0xea)[0x7f4eb9bbed7a]
[hydra11:384097] [ 2] /lib/x86_64-linux-gnu/libc.so.6(abort+0x123)[0x7f78cbbf8537]
[hydra05:403666] [11] /home/thesis/jheld/MPI_Syrk_implementation/build/src/MPI_SYRK_implementation(+0x2ab0)[0x558b9435bab0]
[hydra02:596373] [ 8] /opt/mpi/openmpi-4.1.4//lib/libmpi.so.40(ompi_group_incl_plist+0x65)[0x7f711f13b915]
[hydra06:404381] [ 6] /lib/x86_64-linux-gnu/libc.so.6(__libc_calloc+0x81)[0x7f83a0b6abd1]
[hydra09:396839] [ 8] /opt/mpi/openmpi-4.1.4//lib/libmpi.so.40(ompi_group_incl_plist+0x65)[0x7f3523c85915]
[hydra03:420998] [ 7] /opt/mpi/openmpi-4.1.4//lib/libmpi.so.40(ompi_group_allocate+0x17)[0x7f9bc66941e7]
[hydra08:406029] [ 4] /lib/x86_64-linux-gnu/libc.so.6(+0x8175a)[0x7fbc0435275a]
[hydra07:430762] [ 1] /lib/x86_64-linux-gnu/libc.so.6(gsignal+0x141)[0x7f882dfccd61]
[hydra10:517214] [ 2] /lib/x86_64-linux-gnu/libc.so.6(abort+0x123)[0x7f276f259537]
[hydra12:384002] [13] /home/thesis/jheld/MPI_Syrk_implementation/build/src/MPI_SYRK_implementation(+0x232a)[0x55ecb8a0032a]
[hydra12:384002] *** End of error message ***
[hydra11:384097] [ 3] /lib/x86_64-linux-gnu/libc.so.6(+0x7a468)[0x7f78cbc50468]
[hydra05:403666] [12] /lib/x86_64-linux-gnu/libc.so.6(__libc_start_main+0xea)[0x7f6571fb2d7a]
[hydra05:403666] [13] /home/thesis/jheld/MPI_Syrk_implementation/build/src/MPI_SYRK_implementation(+0x232a)[0x558b9435b32a]
[hydra02:596374] [ 9] /opt/mpi/openmpi-4.1.4//lib/libmpi.so.40(PMPI_Group_incl+0x95)[0x7f2faaa98185]
[hydra02:596374] [10] /home/thesis/jheld/MPI_Syrk_implementation/build/src/MPI_SYRK_implementation(+0x841a)[0x55611926e41a]
[hydra02:596374] [11] /home/thesis/jheld/MPI_Syrk_implementation/build/src/MPI_SYRK_implementation(+0x2ab0)[0x556119268ab0]
[hydra06:404383] [ 9] /opt/mpi/openmpi-4.1.4//lib/libmpi.so.40(PMPI_Group_incl+0x95)[0x7f859ac0e185]
[hydra09:396840] [ 4] /lib/x86_64-linux-gnu/libc.so.6(+0x8175a)[0x7f6c920f775a]
[hydra03:420998] [ 8] /opt/mpi/openmpi-4.1.4//lib/libmpi.so.40(ompi_group_incl_plist+0x65)[0x7f9bc6694915]
[hydra08:406028] [ 3] /lib/x86_64-linux-gnu/libc.so.6(+0x7a468)[0x7f4721040468]
[hydra07:430761] [ 5] /lib/x86_64-linux-gnu/libc.so.6(+0x8483c)[0x7f4de876383c]
[hydra10:517213] [ 3] /lib/x86_64-linux-gnu/libc.so.6(+0x7a468)[0x7f5304f09468]
[hydra11:384097] [ 4] /lib/x86_64-linux-gnu/libc.so.6(+0x8175a)[0x7f78cbc5775a]
[hydra05:403667] [ 5] /lib/x86_64-linux-gnu/libc.so.6(+0x8483c)[0x7fe3d35fd83c]
[hydra02:596373] [ 9] /opt/mpi/openmpi-4.1.4//lib/libmpi.so.40(PMPI_Group_incl+0x95)[0x7f711f16c185]
[hydra02:596373] [10] /home/thesis/jheld/MPI_Syrk_implementation/build/src/MPI_SYRK_implementation(+0x841a)[0x5647c29da41a]
[hydra06:404383] [10] /home/thesis/jheld/MPI_Syrk_implementation/build/src/MPI_SYRK_implementation(+0x841a)[0x5595952a341a]
[hydra06:404383] [11] /home/thesis/jheld/MPI_Syrk_implementation/build/src/MPI_SYRK_implementation(+0x2ab0)[0x55959529dab0]
[hydra09:396839] [ 9] /opt/mpi/openmpi-4.1.4//lib/libmpi.so.40(PMPI_Group_incl+0x95)[0x7f3523cb6185]
[hydra03:420998] [ 9] /opt/mpi/openmpi-4.1.4//lib/libmpi.so.40(PMPI_Group_incl+0x95)[0x7f9bc66c5185]
[hydra03:420998] [10] /home/thesis/jheld/MPI_Syrk_implementation/build/src/MPI_SYRK_implementation(+0x841a)[0x5623ad31441a]
[hydra08:406029] [ 5] /lib/x86_64-linux-gnu/libc.so.6(+0x8483c)[0x7fbc0435583c]
[hydra07:430762] [ 2] /lib/x86_64-linux-gnu/libc.so.6(abort+0x123)[0x7f882dfb6537]
[hydra10:517214] [ 3] /lib/x86_64-linux-gnu/libc.so.6(+0x7a468)[0x7f276f2b1468]
[hydra11:384097] [ 5] /lib/x86_64-linux-gnu/libc.so.6(+0x8483c)[0x7f78cbc5a83c]
[hydra05:403666] *** End of error message ***
[hydra02:596374] [12] /lib/x86_64-linux-gnu/libc.so.6(__libc_start_main+0xea)[0x7f2fa8b36d7a]
[hydra02:596374] [13] /home/thesis/jheld/MPI_Syrk_implementation/build/src/MPI_SYRK_implementation(+0x232a)[0x55611926832a]
[hydra02:596374] *** End of error message ***
[hydra06:404381] [ 7] /opt/mpi/openmpi-4.1.4//lib/libmpi.so.40(ompi_group_allocate+0x17)[0x7f83a2a381e7]
[hydra09:396839] [10] /home/thesis/jheld/MPI_Syrk_implementation/build/src/MPI_SYRK_implementation(+0x841a)[0x564f7e91941a]
[hydra09:396839] [11] /home/thesis/jheld/MPI_Syrk_implementation/build/src/MPI_SYRK_implementation(+0x2ab0)[0x564f7e913ab0]
[hydra03:420998] [11] /home/thesis/jheld/MPI_Syrk_implementation/build/src/MPI_SYRK_implementation(+0x2ab0)[0x5623ad30eab0]
[hydra08:406028] [ 4] /lib/x86_64-linux-gnu/libc.so.6(+0x8175a)[0x7f472104775a]
[hydra07:430761] [ 6] /lib/x86_64-linux-gnu/libc.so.6(__libc_calloc+0x81)[0x7f4de8765bd1]
[hydra10:517213] [ 4] /lib/x86_64-linux-gnu/libc.so.6(+0x8175a)[0x7f5304f1075a]
[hydra11:384097] [ 6] /lib/x86_64-linux-gnu/libc.so.6(__libc_calloc+0x81)[0x7f78cbc5cbd1]
[hydra05:403667] [ 6] /lib/x86_64-linux-gnu/libc.so.6(__libc_calloc+0x81)[0x7fe3d35ffbd1]
[hydra02:596373] [11] /home/thesis/jheld/MPI_Syrk_implementation/build/src/MPI_SYRK_implementation(+0x2ab0)[0x5647c29d4ab0]
[hydra06:404381] [ 8] /opt/mpi/openmpi-4.1.4//lib/libmpi.so.40(ompi_group_incl_plist+0x65)[0x7f83a2a38915]
[hydra09:396840] [ 5] /lib/x86_64-linux-gnu/libc.so.6(+0x8483c)[0x7f6c920fa83c]
[hydra03:420998] [12] /lib/x86_64-linux-gnu/libc.so.6(__libc_start_main+0xea)[0x7f9bc4763d7a]
[hydra03:420998] [13] /home/thesis/jheld/MPI_Syrk_implementation/build/src/MPI_SYRK_implementation(+0x232a)[0x5623ad30e32a]
[hydra08:406029] [ 6] /lib/x86_64-linux-gnu/libc.so.6(__libc_calloc+0x81)[0x7fbc04357bd1]
[hydra07:430761] [ 7] /opt/mpi/openmpi-4.1.4//lib/libmpi.so.40(ompi_group_allocate+0x17)[0x7f4dea6331e7]
[hydra10:517214] [ 4] /lib/x86_64-linux-gnu/libc.so.6(+0x8175a)[0x7f276f2b875a]
[hydra11:384097] [ 7] /opt/mpi/openmpi-4.1.4//lib/libmpi.so.40(ompi_group_allocate+0x17)[0x7f78cdb2a1e7]
[hydra05:403667] [ 7] /opt/mpi/openmpi-4.1.4//lib/libmpi.so.40(ompi_group_allocate+0x17)[0x7fe3d54cd1e7]
[hydra02:596373] [12] /lib/x86_64-linux-gnu/libc.so.6(__libc_start_main+0xea)[0x7f711d20ad7a]
[hydra06:404383] [12] /lib/x86_64-linux-gnu/libc.so.6(__libc_start_main+0xea)[0x7f8598cacd7a]
[hydra06:404383] [13] /home/thesis/jheld/MPI_Syrk_implementation/build/src/MPI_SYRK_implementation(+0x232a)[0x55959529d32a]
[hydra06:404383] *** End of error message ***
[hydra09:396839] [12] /lib/x86_64-linux-gnu/libc.so.6(__libc_start_main+0xea)[0x7f3521d54d7a]
[hydra09:396839] [13] /home/thesis/jheld/MPI_Syrk_implementation/build/src/MPI_SYRK_implementation(+0x232a)[0x564f7e91332a]
[hydra09:396839] *** End of error message ***
[hydra03:420998] *** End of error message ***
[hydra08:406029] [ 7] /opt/mpi/openmpi-4.1.4//lib/libmpi.so.40(ompi_group_allocate+0x17)[0x7fbc062251e7]
[hydra07:430762] [ 3] /lib/x86_64-linux-gnu/libc.so.6(+0x7a468)[0x7f882e00e468]
[hydra10:517213] [ 5] /lib/x86_64-linux-gnu/libc.so.6(+0x8483c)[0x7f5304f1383c]
[hydra11:384097] [ 8] /opt/mpi/openmpi-4.1.4//lib/libmpi.so.40(ompi_group_incl_plist+0x65)[0x7f78cdb2a915]
[hydra05:403667] [ 8] /opt/mpi/openmpi-4.1.4//lib/libmpi.so.40(ompi_group_incl_plist+0x65)[0x7fe3d54cd915]
[hydra02:596373] [13] /home/thesis/jheld/MPI_Syrk_implementation/build/src/MPI_SYRK_implementation(+0x232a)[0x5647c29d432a]
[hydra02:596373] *** End of error message ***
[hydra06:404381] [ 9] /opt/mpi/openmpi-4.1.4//lib/libmpi.so.40(PMPI_Group_incl+0x95)[0x7f83a2a69185]
[hydra06:404381] [10] /home/thesis/jheld/MPI_Syrk_implementation/build/src/MPI_SYRK_implementation(+0x841a)[0x55614a68b41a]
[hydra09:396840] [ 6] /lib/x86_64-linux-gnu/libc.so.6(__libc_calloc+0x81)[0x7f6c920fcbd1]
[hydra08:406028] [ 5] /lib/x86_64-linux-gnu/libc.so.6(+0x8483c)[0x7f472104a83c]
[hydra07:430761] [ 8] /opt/mpi/openmpi-4.1.4//lib/libmpi.so.40(ompi_group_incl_plist+0x65)[0x7f4dea633915]
[hydra10:517214] [ 5] /lib/x86_64-linux-gnu/libc.so.6(+0x8483c)[0x7f276f2bb83c]
[hydra11:384097] [ 9] /opt/mpi/openmpi-4.1.4//lib/libmpi.so.40(PMPI_Group_incl+0x95)[0x7f78cdb5b185]
[hydra05:403667] [ 9] /opt/mpi/openmpi-4.1.4//lib/libmpi.so.40(PMPI_Group_incl+0x95)[0x7fe3d54fe185]
[hydra05:403667] [10] /home/thesis/jheld/MPI_Syrk_implementation/build/src/MPI_SYRK_implementation(+0x841a)[0x559cfed2a41a]
[hydra06:404381] [11] /home/thesis/jheld/MPI_Syrk_implementation/build/src/MPI_SYRK_implementation(+0x2ab0)[0x55614a685ab0]
[hydra09:396840] [ 7] /opt/mpi/openmpi-4.1.4//lib/libmpi.so.40(ompi_group_allocate+0x17)[0x7f6c93fca1e7]
[hydra08:406029] [ 8] /opt/mpi/openmpi-4.1.4//lib/libmpi.so.40(ompi_group_incl_plist+0x65)[0x7fbc06225915]
[hydra07:430762] [ 4] /lib/x86_64-linux-gnu/libc.so.6(+0x8175a)[0x7f882e01575a]
[hydra10:517213] [ 6] /lib/x86_64-linux-gnu/libc.so.6(__libc_calloc+0x81)[0x7f5304f15bd1]
[hydra11:384097] [10] /home/thesis/jheld/MPI_Syrk_implementation/build/src/MPI_SYRK_implementation(+0x841a)[0x565081cd441a]
[hydra11:384097] [11] /home/thesis/jheld/MPI_Syrk_implementation/build/src/MPI_SYRK_implementation(+0x2ab0)[0x565081cceab0]
[hydra05:403667] [11] /home/thesis/jheld/MPI_Syrk_implementation/build/src/MPI_SYRK_implementation(+0x2ab0)[0x559cfed24ab0]
[hydra06:404381] [12] /lib/x86_64-linux-gnu/libc.so.6(__libc_start_main+0xea)[0x7f83a0b07d7a]
[hydra06:404381] [13] /home/thesis/jheld/MPI_Syrk_implementation/build/src/MPI_SYRK_implementation(+0x232a)[0x55614a68532a]
[hydra09:396840] [ 8] /opt/mpi/openmpi-4.1.4//lib/libmpi.so.40(ompi_group_incl_plist+0x65)[0x7f6c93fca915]
[hydra08:406028] [ 6] /lib/x86_64-linux-gnu/libc.so.6(__libc_calloc+0x81)[0x7f472104cbd1]
[hydra07:430761] [ 9] /opt/mpi/openmpi-4.1.4//lib/libmpi.so.40(PMPI_Group_incl+0x95)[0x7f4dea664185]
[hydra10:517214] [ 6] /lib/x86_64-linux-gnu/libc.so.6(__libc_calloc+0x81)[0x7f276f2bdbd1]
[hydra11:384097] [12] /lib/x86_64-linux-gnu/libc.so.6(__libc_start_main+0xea)[0x7f78cbbf9d7a]
[hydra11:384097] [13] /home/thesis/jheld/MPI_Syrk_implementation/build/src/MPI_SYRK_implementation(+0x232a)[0x565081cce32a]
[hydra05:403667] [12] /lib/x86_64-linux-gnu/libc.so.6(__libc_start_main+0xea)[0x7fe3d359cd7a]
[hydra06:404381] *** End of error message ***
[hydra09:396840] [ 9] /opt/mpi/openmpi-4.1.4//lib/libmpi.so.40(PMPI_Group_incl+0x95)[0x7f6c93ffb185]
[hydra09:396840] [10] /home/thesis/jheld/MPI_Syrk_implementation/build/src/MPI_SYRK_implementation(+0x841a)[0x55d115b4041a]
[hydra08:406028] [ 7] /opt/mpi/openmpi-4.1.4//lib/libmpi.so.40(ompi_group_allocate+0x17)[0x7f4722f1a1e7]
[hydra07:430761] [10] /home/thesis/jheld/MPI_Syrk_implementation/build/src/MPI_SYRK_implementation(+0x841a)[0x557b146ce41a]
[hydra07:430761] [11] /home/thesis/jheld/MPI_Syrk_implementation/build/src/MPI_SYRK_implementation(+0x2ab0)[0x557b146c8ab0]
[hydra10:517213] [ 7] /opt/mpi/openmpi-4.1.4//lib/libmpi.so.40(ompi_group_allocate+0x17)[0x7f5306de31e7]
[hydra11:384097] *** End of error message ***
[hydra05:403667] [13] /home/thesis/jheld/MPI_Syrk_implementation/build/src/MPI_SYRK_implementation(+0x232a)[0x559cfed2432a]
[hydra05:403667] *** End of error message ***
[hydra09:396840] [11] /home/thesis/jheld/MPI_Syrk_implementation/build/src/MPI_SYRK_implementation(+0x2ab0)[0x55d115b3aab0]
[hydra08:406029] [ 9] /opt/mpi/openmpi-4.1.4//lib/libmpi.so.40(PMPI_Group_incl+0x95)[0x7fbc06256185]
[hydra08:406029] [10] /home/thesis/jheld/MPI_Syrk_implementation/build/src/MPI_SYRK_implementation(+0x841a)[0x560b1024a41a]
[hydra08:406029] [11] /home/thesis/jheld/MPI_Syrk_implementation/build/src/MPI_SYRK_implementation(+0x2ab0)[0x560b10244ab0]
[hydra07:430762] [ 5] /lib/x86_64-linux-gnu/libc.so.6(+0x8483c)[0x7f882e01883c]
[hydra10:517214] [ 7] /opt/mpi/openmpi-4.1.4//lib/libmpi.so.40(ompi_group_allocate+0x17)[0x7f277118b1e7]
[hydra09:396840] [12] /lib/x86_64-linux-gnu/libc.so.6(__libc_start_main+0xea)[0x7f6c92099d7a]
[hydra08:406028] [ 8] /opt/mpi/openmpi-4.1.4//lib/libmpi.so.40(ompi_group_incl_plist+0x65)[0x7f4722f1a915]
[hydra07:430761] [12] /lib/x86_64-linux-gnu/libc.so.6(__libc_start_main+0xea)[0x7f4de8702d7a]
[hydra10:517213] [ 8] /opt/mpi/openmpi-4.1.4//lib/libmpi.so.40(ompi_group_incl_plist+0x65)[0x7f5306de3915]
[hydra09:396840] [13] /home/thesis/jheld/MPI_Syrk_implementation/build/src/MPI_SYRK_implementation(+0x232a)[0x55d115b3a32a]
[hydra09:396840] *** End of error message ***
[hydra08:406029] [12] /lib/x86_64-linux-gnu/libc.so.6(__libc_start_main+0xea)[0x7fbc042f4d7a]
[hydra07:430761] [13] /home/thesis/jheld/MPI_Syrk_implementation/build/src/MPI_SYRK_implementation(+0x232a)[0x557b146c832a]
[hydra07:430761] *** End of error message ***
[hydra10:517214] [ 8] /opt/mpi/openmpi-4.1.4//lib/libmpi.so.40(ompi_group_incl_plist+0x65)[0x7f277118b915]
[hydra07:430762] [ 6] /lib/x86_64-linux-gnu/libc.so.6(__libc_calloc+0x81)[0x7f882e01abd1]
[hydra07:430762] [ 7] /opt/mpi/openmpi-4.1.4//lib/libmpi.so.40(ompi_group_allocate+0x17)[0x7f882fee81e7]
[hydra08:406029] [13] /home/thesis/jheld/MPI_Syrk_implementation/build/src/MPI_SYRK_implementation(+0x232a)[0x560b1024432a]
[hydra08:406029] *** End of error message ***
[hydra08:406028] [ 9] /opt/mpi/openmpi-4.1.4//lib/libmpi.so.40(PMPI_Group_incl+0x95)[0x7f4722f4b185]
[hydra08:406028] [10] /home/thesis/jheld/MPI_Syrk_implementation/build/src/MPI_SYRK_implementation(+0x841a)[0x5577201b341a]
[hydra08:406028] [11] /home/thesis/jheld/MPI_Syrk_implementation/build/src/MPI_SYRK_implementation(+0x2ab0)[0x5577201adab0]
[hydra10:517213] [ 9] /opt/mpi/openmpi-4.1.4//lib/libmpi.so.40(PMPI_Group_incl+0x95)[0x7f5306e14185]
[hydra08:406028] [12] /lib/x86_64-linux-gnu/libc.so.6(__libc_start_main+0xea)[0x7f4720fe9d7a]
[hydra08:406028] [13] /home/thesis/jheld/MPI_Syrk_implementation/build/src/MPI_SYRK_implementation(+0x232a)[0x5577201ad32a]
[hydra10:517214] [ 9] /opt/mpi/openmpi-4.1.4//lib/libmpi.so.40(PMPI_Group_incl+0x95)[0x7f27711bc185]
[hydra10:517214] [10] /home/thesis/jheld/MPI_Syrk_implementation/build/src/MPI_SYRK_implementation(+0x841a)[0x55c534f5a41a]
[hydra08:406028] *** End of error message ***
[hydra10:517213] [10] /home/thesis/jheld/MPI_Syrk_implementation/build/src/MPI_SYRK_implementation(+0x841a)[0x5597fb12641a]
[hydra10:517213] [11] /home/thesis/jheld/MPI_Syrk_implementation/build/src/MPI_SYRK_implementation(+0x2ab0)[0x5597fb120ab0]
[hydra10:517213] [12] /lib/x86_64-linux-gnu/libc.so.6(__libc_start_main+0xea)[0x7f5304eb2d7a]
[hydra10:517214] [11] /home/thesis/jheld/MPI_Syrk_implementation/build/src/MPI_SYRK_implementation(+0x2ab0)[0x55c534f54ab0]
[hydra10:517214] [12] /lib/x86_64-linux-gnu/libc.so.6(__libc_start_main+0xea)[0x7f276f25ad7a]
[hydra10:517214] [13] /home/thesis/jheld/MPI_Syrk_implementation/build/src/MPI_SYRK_implementation(+0x232a)[0x55c534f5432a]
[hydra10:517214] *** End of error message ***
[hydra10:517213] [13] /home/thesis/jheld/MPI_Syrk_implementation/build/src/MPI_SYRK_implementation(+0x232a)[0x5597fb12032a]
[hydra10:517213] *** End of error message ***
[hydra07:430762] [ 8] /opt/mpi/openmpi-4.1.4//lib/libmpi.so.40(ompi_group_incl_plist+0x65)[0x7f882fee8915]
[hydra07:430762] [ 9] /opt/mpi/openmpi-4.1.4//lib/libmpi.so.40(PMPI_Group_incl+0x95)[0x7f882ff19185]
[hydra07:430762] [10] /home/thesis/jheld/MPI_Syrk_implementation/build/src/MPI_SYRK_implementation(+0x841a)[0x5598a7e6641a]
[hydra07:430762] [11] /home/thesis/jheld/MPI_Syrk_implementation/build/src/MPI_SYRK_implementation(+0x2ab0)[0x5598a7e60ab0]
[hydra07:430762] [12] /lib/x86_64-linux-gnu/libc.so.6(__libc_start_main+0xea)[0x7f882dfb7d7a]
[hydra07:430762] [13] /home/thesis/jheld/MPI_Syrk_implementation/build/src/MPI_SYRK_implementation(+0x232a)[0x5598a7e6032a]
[hydra07:430762] *** End of error message ***
srun: error: hydra12: task 35: Aborted
srun: error: hydra01: task 1: Aborted
srun: error: hydra11: task 30: Aborted
srun: error: hydra03: task 6: Aborted
srun: error: hydra04: task 9: Aborted
srun: error: hydra02: tasks 3-4: Aborted
srun: error: hydra08: tasks 21-22: Aborted
srun: error: hydra10: tasks 27-28: Aborted
srun: error: hydra09: tasks 25-26: Aborted
srun: error: hydra05: tasks 13-14: Aborted
srun: error: hydra07: tasks 19-20: Aborted
srun: error: hydra06: tasks 15,17: Aborted
slurmstepd: error:  mpi/pmix_v4: _errhandler: hydra02 [1]: pmixp_client_v2.c:211: Error handler invoked: status = -61, source = [slurm.pmix.5008705.20:4]
slurmstepd: error:  mpi/pmix_v4: _errhandler: hydra12 [11]: pmixp_client_v2.c:211: Error handler invoked: status = -61, source = [slurm.pmix.5008705.20:35]
slurmstepd: error:  mpi/pmix_v4: _errhandler: hydra01 [0]: pmixp_client_v2.c:211: Error handler invoked: status = -61, source = [slurm.pmix.5008705.20:1]
slurmstepd: error:  mpi/pmix_v4: _errhandler: hydra06 [5]: pmixp_client_v2.c:211: Error handler invoked: status = -61, source = [slurm.pmix.5008705.20:15]
slurmstepd: error:  mpi/pmix_v4: _errhandler: hydra11 [10]: pmixp_client_v2.c:211: Error handler invoked: status = -61, source = [slurm.pmix.5008705.20:30]
slurmstepd: error:  mpi/pmix_v4: _errhandler: hydra05 [4]: pmixp_client_v2.c:211: Error handler invoked: status = -61, source = [slurm.pmix.5008705.20:13]
slurmstepd: error:  mpi/pmix_v4: _errhandler: hydra08 [7]: pmixp_client_v2.c:211: Error handler invoked: status = -61, source = [slurm.pmix.5008705.20:21]
slurmstepd: error:  mpi/pmix_v4: _errhandler: hydra04 [3]: pmixp_client_v2.c:211: Error handler invoked: status = -61, source = [slurm.pmix.5008705.20:9]
slurmstepd: error:  mpi/pmix_v4: _errhandler: hydra10 [9]: pmixp_client_v2.c:211: Error handler invoked: status = -61, source = [slurm.pmix.5008705.20:27]
slurmstepd: error:  mpi/pmix_v4: _errhandler: hydra09 [8]: pmixp_client_v2.c:211: Error handler invoked: status = -61, source = [slurm.pmix.5008705.20:25]
slurmstepd: error:  mpi/pmix_v4: _errhandler: hydra07 [6]: pmixp_client_v2.c:211: Error handler invoked: status = -61, source = [slurm.pmix.5008705.20:19]
slurmstepd: error: *** STEP 5008705.20 ON hydra01 CANCELLED AT 2025-10-13T15:42:57 ***
slurmstepd: error:  mpi/pmix_v4: _errhandler: hydra03 [2]: pmixp_client_v2.c:211: Error handler invoked: status = -61, source = [slurm.pmix.5008705.20:6]
srun: Job step aborted: Waiting up to 32 seconds for job step to finish.
srun: error: hydra02: task 5: Killed
srun: error: hydra09: task 24: Killed
srun: error: hydra07: task 18: Killed
srun: error: hydra05: task 12: Killed
srun: error: hydra08: task 23: Killed
srun: error: hydra06: task 16: Killed
srun: error: hydra10: task 29: Killed
srun: error: hydra12: tasks 33-34: Killed
srun: error: hydra01: tasks 0,2: Killed
srun: error: hydra03: tasks 7-8: Killed
srun: error: hydra11: tasks 31-32: Killed
srun: error: hydra04: tasks 10-11: Killed
⚠️ Warning: No runtime found for run 21
srun: Warning: can't honor --ntasks-per-node set to 1 which doesn't match the requested tasks 36 with the number of requested nodes 12. Ignoring --ntasks-per-node.
missing input file name --> Generate random input
malloc(): invalid size (unsorted)
malloc(): invalid size (unsorted)
[hydra01:917243] *** Process received signal ***
[hydra01:917242] *** Process received signal ***
[hydra01:917242] Signal: Aborted (6)
[hydra01:917242] Signal code:  (-6)
[hydra01:917243] Signal: Aborted (6)
[hydra01:917243] Signal code:  (-6)
malloc(): invalid size (unsorted)
malloc(): invalid size (unsorted)
[hydra12:384072] *** Process received signal ***
[hydra12:384072] Signal: Aborted (6)
[hydra12:384072] Signal code:  (-6)
[hydra01:917242] [ 0] /lib/x86_64-linux-gnu/libc.so.6(+0x38de0)[0x7fea1eec7de0]
[hydra01:917243] [ 0] /lib/x86_64-linux-gnu/libc.so.6(+0x38de0)[0x7fad463a6de0]
malloc(): invalid size (unsorted)
[hydra05:403737] *** Process received signal ***
[hydra05:403737] Signal: Aborted (6)
[hydra05:403737] Signal code:  (-6)
[hydra01:917242] [ 1] /lib/x86_64-linux-gnu/libc.so.6(gsignal+0x141)[0x7fea1eec7d61]
malloc(): invalid size (unsorted)
malloc(): invalid size (unsorted)
[hydra09:396909] *** Process received signal ***
malloc(): invalid size (unsorted)
[hydra07:430832] *** Process received signal ***
[hydra07:430832] Signal: Aborted (6)
[hydra07:430832] Signal code:  (-6)
[hydra01:917243] [ 1] /lib/x86_64-linux-gnu/libc.so.6(gsignal+0x141)[0x7fad463a6d61]
malloc(): invalid size (unsorted)
[hydra02:596458] *** Process received signal ***
[hydra02:596458] Signal: Aborted (6)
[hydra02:596458] Signal code:  (-6)
[hydra01:917244] *** Process received signal ***
[hydra01:917244] Signal: Aborted (6)
[hydra01:917244] Signal code:  (-6)
malloc(): invalid size (unsorted)
[hydra03:421070] *** Process received signal ***
[hydra03:421070] Signal: Aborted (6)
[hydra03:421070] Signal code:  (-6)
malloc(): invalid size (unsorted)
[hydra04:419774] *** Process received signal ***
[hydra04:419774] Signal: Aborted (6)
[hydra04:419774] Signal code:  (-6)
[hydra01:917242] [ 2] /lib/x86_64-linux-gnu/libc.so.6(abort+0x123)[0x7fea1eeb1537]
malloc(): invalid size (unsorted)
[hydra08:406101] *** Process received signal ***
[hydra08:406101] Signal: Aborted (6)
[hydra08:406101] Signal code:  (-6)
[hydra01:917243] [ 2] /lib/x86_64-linux-gnu/libc.so.6(abort+0x123)[0x7fad46390537]
malloc(): invalid size (unsorted)
[hydra06:404452] *** Process received signal ***
[hydra06:404452] Signal: Aborted (6)
[hydra06:404452] Signal code:  (-6)
[hydra01:917242] [ 3] /lib/x86_64-linux-gnu/libc.so.6(+0x7a468)[0x7fea1ef09468]
[hydra01:917243] [ 3] /lib/x86_64-linux-gnu/libc.so.6(+0x7a468)[0x7fad463e8468]
malloc(): invalid size (unsorted)
[hydra10:517288] *** Process received signal ***
[hydra10:517288] Signal: Aborted (6)
[hydra10:517288] Signal code:  (-6)
[hydra01:917242] [ 4] /lib/x86_64-linux-gnu/libc.so.6(+0x8175a)[0x7fea1ef1075a]
[hydra06:404452] [ 0] /lib/x86_64-linux-gnu/libc.so.6(+0x38de0)[0x7f7c50160de0]
[hydra01:917243] [ 4] /lib/x86_64-linux-gnu/libc.so.6(+0x8175a)[0x7fad463ef75a]
malloc(): invalid size (unsorted)
[hydra12:384071] *** Process received signal ***
[hydra12:384071] Signal: Aborted (6)
[hydra12:384071] Signal code:  (-6)
[hydra01:917244] [ 0] /lib/x86_64-linux-gnu/libc.so.6(+0x38de0)[0x7f33c19d0de0]
[hydra06:404452] [ 1] /lib/x86_64-linux-gnu/libc.so.6(gsignal+0x141)[0x7f7c50160d61]
[hydra12:384072] [ 0] /lib/x86_64-linux-gnu/libc.so.6(+0x38de0)[0x7fd0ef278de0]
[hydra01:917242] [ 5] /lib/x86_64-linux-gnu/libc.so.6(+0x8483c)[0x7fea1ef1383c]
[hydra12:384072] [ 1] /lib/x86_64-linux-gnu/libc.so.6(gsignal+0x141)[0x7fd0ef278d61]
[hydra01:917243] [ 5] /lib/x86_64-linux-gnu/libc.so.6(+0x8483c)[0x7fad463f283c]
[hydra06:404452] [ 2] /lib/x86_64-linux-gnu/libc.so.6(abort+0x123)[0x7f7c5014a537]
[hydra12:384071] [ 0] /lib/x86_64-linux-gnu/libc.so.6(+0x38de0)[0x7fefc8793de0]
[hydra01:917242] [ 6] /lib/x86_64-linux-gnu/libc.so.6(__libc_calloc+0x81)[0x7fea1ef15bd1]
[hydra10:517288] [ 0] /lib/x86_64-linux-gnu/libc.so.6(+0x38de0)[0x7f212bd12de0]
[hydra12:384072] [ 2] /lib/x86_64-linux-gnu/libc.so.6(abort+0x123)[0x7fd0ef262537]
malloc(): invalid size (unsorted)
[hydra01:917243] [ 6] /lib/x86_64-linux-gnu/libc.so.6(__libc_calloc+0x81)[0x7fad463f4bd1]
[hydra06:404452] [ 3] /lib/x86_64-linux-gnu/libc.so.6(+0x7a468)[0x7f7c501a2468]
[hydra12:384071] [ 1] /lib/x86_64-linux-gnu/libc.so.6(gsignal+0x141)[0x7fefc8793d61]
[hydra05:403737] [ 0] /lib/x86_64-linux-gnu/libc.so.6(+0x38de0)[0x7fa87e1c4de0]
malloc(): invalid size (unsorted)
[hydra02:596459] *** Process received signal ***
[hydra02:596459] Signal: Aborted (6)
[hydra02:596459] Signal code:  (-6)
malloc(): invalid size (unsorted)
[hydra09:396910] *** Process received signal ***
[hydra09:396910] Signal: Aborted (6)
[hydra09:396910] Signal code:  (-6)
[hydra01:917244] [ 1] /lib/x86_64-linux-gnu/libc.so.6(gsignal+0x141)[0x7f33c19d0d61]
[hydra01:917244] [ 2] /lib/x86_64-linux-gnu/libc.so.6(abort+0x123)[0x7f33c19ba537]
[hydra10:517288] [ 1] /lib/x86_64-linux-gnu/libc.so.6(gsignal+0x141)[0x7f212bd12d61]
[hydra12:384071] [ 2] /lib/x86_64-linux-gnu/libc.so.6(abort+0x123)[0x7fefc877d537]
[hydra05:403738] *** Process received signal ***
[hydra02:596458] [ 0] /lib/x86_64-linux-gnu/libc.so.6(+0x38de0)[0x7fdbb667ede0]
malloc(): invalid size (unsorted)
[hydra03:421071] *** Process received signal ***
[hydra03:421071] Signal: Aborted (6)
[hydra03:421071] Signal code:  (-6)
[hydra09:396909] Signal: Aborted (6)
[hydra09:396909] Signal code:  (-6)
[hydra01:917242] [ 7] /opt/mpi/openmpi-4.1.4//lib/libmpi.so.40(ompi_group_allocate+0x17)[0x7fea20de31e7]
[hydra06:404452] [ 4] /lib/x86_64-linux-gnu/libc.so.6(+0x8175a)[0x7f7c501a975a]
[hydra10:517288] [ 2] /lib/x86_64-linux-gnu/libc.so.6(abort+0x123)[0x7f212bcfc537]
[hydra12:384072] [ 3] /lib/x86_64-linux-gnu/libc.so.6(+0x7a468)[0x7fd0ef2ba468]
[hydra05:403738] Signal: Aborted (6)
[hydra05:403738] Signal code:  (-6)
[hydra02:596459] [ 0] /lib/x86_64-linux-gnu/libc.so.6(+0x38de0)[0x7f70d5bcede0]
[hydra03:421070] [ 0] /lib/x86_64-linux-gnu/libc.so.6(+0x38de0)[0x7f16ee816de0]
malloc(): invalid size (unsorted)
[hydra01:917243] [ 7] /opt/mpi/openmpi-4.1.4//lib/libmpi.so.40(ompi_group_allocate+0x17)[0x7fad482c21e7]
[hydra06:404452] [ 5] /lib/x86_64-linux-gnu/libc.so.6(+0x8483c)[0x7f7c501ac83c]
[hydra10:517288] [ 3] /lib/x86_64-linux-gnu/libc.so.6(+0x7a468)[0x7f212bd54468]
[hydra12:384071] [ 3] /lib/x86_64-linux-gnu/libc.so.6(+0x7a468)[0x7fefc87d5468]
[hydra05:403737] [ 1] /lib/x86_64-linux-gnu/libc.so.6(gsignal+0x141)[0x7fa87e1c4d61]
[hydra11:384170] *** Process received signal ***
[hydra11:384170] Signal: Aborted (6)
[hydra11:384170] Signal code:  (-6)
[hydra02:596458] [ 1] /lib/x86_64-linux-gnu/libc.so.6(gsignal+0x141)[0x7fdbb667ed61]
[hydra03:421071] [ 0] /lib/x86_64-linux-gnu/libc.so.6(+0x38de0)[0x7fced0cd4de0]
[hydra09:396909] [ 0] /lib/x86_64-linux-gnu/libc.so.6(+0x38de0)[0x7f3f3bfafde0]
[hydra01:917242] [ 8] /opt/mpi/openmpi-4.1.4//lib/libmpi.so.40(ompi_group_incl_plist+0x65)[0x7fea20de3915]
[hydra10:517288] [ 4] /lib/x86_64-linux-gnu/libc.so.6(+0x8175a)[0x7f212bd5b75a]
[hydra12:384072] [ 4] /lib/x86_64-linux-gnu/libc.so.6(+0x8175a)[0x7fd0ef2c175a]
[hydra05:403737] [ 2] /lib/x86_64-linux-gnu/libc.so.6(abort+0x123)[0x7fa87e1ae537]
malloc(): invalid size (unsorted)
[hydra11:384169] *** Process received signal ***
[hydra11:384169] Signal: Aborted (6)
[hydra11:384169] Signal code:  (-6)
[hydra02:596459] [ 1] /lib/x86_64-linux-gnu/libc.so.6(gsignal+0x141)[0x7f70d5bced61]
[hydra03:421070] [ 1] /lib/x86_64-linux-gnu/libc.so.6(gsignal+0x141)[0x7f16ee816d61]
[hydra04:419774] [ 0] /lib/x86_64-linux-gnu/libc.so.6(+0x38de0)[0x7faa3d3b2de0]
[hydra09:396910] [ 0] /lib/x86_64-linux-gnu/libc.so.6(+0x38de0)[0x7f747a5e6de0]
[hydra01:917243] [ 8] /opt/mpi/openmpi-4.1.4//lib/libmpi.so.40(ompi_group_incl_plist+0x65)[0x7fad482c2915]
[hydra06:404452] [ 6] /lib/x86_64-linux-gnu/libc.so.6(__libc_calloc+0x81)[0x7f7c501aebd1]
[hydra10:517288] [ 5] /lib/x86_64-linux-gnu/libc.so.6(+0x8483c)[0x7f212bd5e83c]
[hydra12:384071] [ 4] /lib/x86_64-linux-gnu/libc.so.6(+0x8175a)[0x7fefc87dc75a]
[hydra05:403737] [ 3] /lib/x86_64-linux-gnu/libc.so.6(+0x7a468)[0x7fa87e206468]
[hydra11:384170] [ 0] /lib/x86_64-linux-gnu/libc.so.6(+0x38de0)[0x7fc12beb0de0]
[hydra11:384170] [ 1] /lib/x86_64-linux-gnu/libc.so.6(gsignal+0x141)[0x7fc12beb0d61]
[hydra11:384170] [ 2] /lib/x86_64-linux-gnu/libc.so.6(abort+0x123)[0x7fc12be9a537]
[hydra08:406101] [ 0] /lib/x86_64-linux-gnu/libc.so.6(+0x38de0)[0x7f1305475de0]
[hydra02:596458] [ 2] /lib/x86_64-linux-gnu/libc.so.6(abort+0x123)[0x7fdbb6668537]
[hydra03:421071] [ 1] /lib/x86_64-linux-gnu/libc.so.6(gsignal+0x141)[0x7fced0cd4d61]
[hydra04:419774] [ 1] /lib/x86_64-linux-gnu/libc.so.6(gsignal+0x141)[0x7faa3d3b2d61]
[hydra09:396911] *** Process received signal ***
[hydra09:396911] Signal: Aborted (6)
[hydra09:396911] Signal code:  (-6)
[hydra07:430832] [ 0] /lib/x86_64-linux-gnu/libc.so.6(+0x38de0)[0x7f4f69d24de0]
[hydra01:917244] [ 3] /lib/x86_64-linux-gnu/libc.so.6(+0x7a468)[0x7f33c1a12468]
[hydra01:917244] [ 4] /lib/x86_64-linux-gnu/libc.so.6(+0x8175a)[0x7f33c1a1975a]
[hydra06:404452] [ 7] /opt/mpi/openmpi-4.1.4//lib/libmpi.so.40(ompi_group_allocate+0x17)[0x7f7c5207c1e7]
[hydra10:517288] [ 6] /lib/x86_64-linux-gnu/libc.so.6(__libc_calloc+0x81)[0x7f212bd60bd1]
[hydra12:384072] [ 5] /lib/x86_64-linux-gnu/libc.so.6(+0x8483c)[0x7fd0ef2c483c]
[hydra05:403737] [ 4] /lib/x86_64-linux-gnu/libc.so.6(+0x8175a)[0x7fa87e20d75a]
[hydra11:384170] [ 3] /lib/x86_64-linux-gnu/libc.so.6(+0x7a468)[0x7fc12bef2468]
[hydra08:406101] [ 1] /lib/x86_64-linux-gnu/libc.so.6(gsignal+0x141)[0x7f1305475d61]
[hydra02:596459] [ 2] /lib/x86_64-linux-gnu/libc.so.6(abort+0x123)[0x7f70d5bb8537]
[hydra03:421070] [ 2] /lib/x86_64-linux-gnu/libc.so.6(abort+0x123)[0x7f16ee800537]
[hydra04:419774] [ 2] /lib/x86_64-linux-gnu/libc.so.6(abort+0x123)[0x7faa3d39c537]
[hydra09:396909] [ 1] /lib/x86_64-linux-gnu/libc.so.6(gsignal+0x141)[0x7f3f3bfafd61]
[hydra07:430832] [ 1] /lib/x86_64-linux-gnu/libc.so.6(gsignal+0x141)[0x7f4f69d24d61]
[hydra01:917242] [ 9] /opt/mpi/openmpi-4.1.4//lib/libmpi.so.40(PMPI_Group_incl+0x95)[0x7fea20e14185]
[hydra01:917242] [10] /home/thesis/jheld/MPI_Syrk_implementation/build/src/MPI_SYRK_implementation(+0x841a)[0x556fe112941a]
[hydra01:917242] [11] /home/thesis/jheld/MPI_Syrk_implementation/build/src/MPI_SYRK_implementation(+0x2ab0)[0x556fe1123ab0]
[hydra06:404452] [ 8] /opt/mpi/openmpi-4.1.4//lib/libmpi.so.40(ompi_group_incl_plist+0x65)[0x7f7c5207c915]
[hydra10:517288] [ 7] /opt/mpi/openmpi-4.1.4//lib/libmpi.so.40(ompi_group_allocate+0x17)[0x7f212dc2e1e7]
[hydra12:384071] [ 5] /lib/x86_64-linux-gnu/libc.so.6(+0x8483c)[0x7fefc87df83c]
[hydra05:403738] [ 0] /lib/x86_64-linux-gnu/libc.so.6(+0x38de0)[0x7f4dbcef9de0]
[hydra11:384170] [ 4] /lib/x86_64-linux-gnu/libc.so.6(+0x8175a)[0x7fc12bef975a]
[hydra08:406101] [ 2] /lib/x86_64-linux-gnu/libc.so.6(abort+0x123)[0x7f130545f537]
[hydra02:596458] [ 3] /lib/x86_64-linux-gnu/libc.so.6(+0x7a468)[0x7fdbb66c0468]
[hydra03:421071] [ 2] /lib/x86_64-linux-gnu/libc.so.6(abort+0x123)[0x7fced0cbe537]
[hydra04:419774] [ 3] /lib/x86_64-linux-gnu/libc.so.6(+0x7a468)[0x7faa3d3f4468]
[hydra09:396910] [ 1] /lib/x86_64-linux-gnu/libc.so.6(gsignal+0x141)[0x7f747a5e6d61]
[hydra07:430832] [ 2] /lib/x86_64-linux-gnu/libc.so.6(abort+0x123)[0x7f4f69d0e537]
[hydra01:917243] [ 9] /opt/mpi/openmpi-4.1.4//lib/libmpi.so.40(PMPI_Group_incl+0x95)[0x7fad482f3185]
[hydra01:917243] [10] /home/thesis/jheld/MPI_Syrk_implementation/build/src/MPI_SYRK_implementation(+0x841a)[0x55cbcca9341a]
[hydra01:917243] [11] /home/thesis/jheld/MPI_Syrk_implementation/build/src/MPI_SYRK_implementation(+0x2ab0)[0x55cbcca8dab0]
[hydra06:404452] [ 9] /opt/mpi/openmpi-4.1.4//lib/libmpi.so.40(PMPI_Group_incl+0x95)[0x7f7c520ad185]
[hydra10:517288] [ 8] /opt/mpi/openmpi-4.1.4//lib/libmpi.so.40(ompi_group_incl_plist+0x65)[0x7f212dc2e915]
[hydra12:384072] [ 6] /lib/x86_64-linux-gnu/libc.so.6(__libc_calloc+0x81)[0x7fd0ef2c6bd1]
[hydra05:403738] [ 1] /lib/x86_64-linux-gnu/libc.so.6(gsignal+0x141)[0x7f4dbcef9d61]
[hydra11:384169] [ 0] /lib/x86_64-linux-gnu/libc.so.6(+0x38de0)[0x7f3f00517de0]
[hydra08:406101] [ 3] /lib/x86_64-linux-gnu/libc.so.6(+0x7a468)[0x7f13054b7468]
[hydra02:596459] [ 3] /lib/x86_64-linux-gnu/libc.so.6(+0x7a468)[0x7f70d5c10468]
[hydra03:421070] [ 3] /lib/x86_64-linux-gnu/libc.so.6(+0x7a468)[0x7f16ee858468]
[hydra04:419774] [ 4] /lib/x86_64-linux-gnu/libc.so.6(+0x8175a)[0x7faa3d3fb75a]
[hydra09:396909] [ 2] /lib/x86_64-linux-gnu/libc.so.6(abort+0x123)[0x7f3f3bf99537]
[hydra07:430832] [ 3] /lib/x86_64-linux-gnu/libc.so.6(+0x7a468)[0x7f4f69d66468]
[hydra01:917244] [ 5] /lib/x86_64-linux-gnu/libc.so.6(+0x8483c)[0x7f33c1a1c83c]
[hydra06:404452] [10] /home/thesis/jheld/MPI_Syrk_implementation/build/src/MPI_SYRK_implementation(+0x841a)[0x55591eaed41a]
[hydra06:404452] [11] /home/thesis/jheld/MPI_Syrk_implementation/build/src/MPI_SYRK_implementation(+0x2ab0)[0x55591eae7ab0]
[hydra10:517288] [ 9] /opt/mpi/openmpi-4.1.4//lib/libmpi.so.40(PMPI_Group_incl+0x95)[0x7f212dc5f185]
[hydra12:384072] [ 7] /opt/mpi/openmpi-4.1.4//lib/libmpi.so.40(ompi_group_allocate+0x17)[0x7fd0f11941e7]
[hydra05:403737] [ 5] /lib/x86_64-linux-gnu/libc.so.6(+0x8483c)[0x7fa87e21083c]
[hydra11:384170] [ 5] /lib/x86_64-linux-gnu/libc.so.6(+0x8483c)[0x7fc12befc83c]
[hydra08:406101] [ 4] /lib/x86_64-linux-gnu/libc.so.6(+0x8175a)[0x7f13054be75a]
[hydra02:596458] [ 4] /lib/x86_64-linux-gnu/libc.so.6(+0x8175a)[0x7fdbb66c775a]
[hydra03:421071] [ 3] /lib/x86_64-linux-gnu/libc.so.6(+0x7a468)[0x7fced0d16468]
[hydra04:419774] [ 5] /lib/x86_64-linux-gnu/libc.so.6(+0x8483c)[0x7faa3d3fe83c]
[hydra09:396910] [ 2] /lib/x86_64-linux-gnu/libc.so.6(abort+0x123)[0x7f747a5d0537]
[hydra07:430832] [ 4] /lib/x86_64-linux-gnu/libc.so.6(+0x8175a)[0x7f4f69d6d75a]
[hydra01:917242] [12] /lib/x86_64-linux-gnu/libc.so.6(__libc_start_main+0xea)[0x7fea1eeb2d7a]
[hydra01:917242] [13] /home/thesis/jheld/MPI_Syrk_implementation/build/src/MPI_SYRK_implementation(+0x232a)[0x556fe112332a]
[hydra01:917242] *** End of error message ***
[hydra06:404452] [12] /lib/x86_64-linux-gnu/libc.so.6(__libc_start_main+0xea)[0x7f7c5014bd7a]
[hydra10:517288] [10] /home/thesis/jheld/MPI_Syrk_implementation/build/src/MPI_SYRK_implementation(+0x841a)[0x55e473ff541a]
[hydra10:517288] [11] /home/thesis/jheld/MPI_Syrk_implementation/build/src/MPI_SYRK_implementation(+0x2ab0)[0x55e473fefab0]
[hydra12:384071] [ 6] /lib/x86_64-linux-gnu/libc.so.6(__libc_calloc+0x81)[0x7fefc87e1bd1]
[hydra05:403738] [ 2] /lib/x86_64-linux-gnu/libc.so.6(abort+0x123)[0x7f4dbcee3537]
[hydra11:384169] [ 1] /lib/x86_64-linux-gnu/libc.so.6(gsignal+0x141)[0x7f3f00517d61]
[hydra08:406101] [ 5] /lib/x86_64-linux-gnu/libc.so.6(+0x8483c)[0x7f13054c183c]
[hydra02:596459] [ 4] /lib/x86_64-linux-gnu/libc.so.6(+0x8175a)[0x7f70d5c1775a]
[hydra03:421070] [ 4] /lib/x86_64-linux-gnu/libc.so.6(+0x8175a)[0x7f16ee85f75a]
[hydra04:419774] [ 6] /lib/x86_64-linux-gnu/libc.so.6(__libc_calloc+0x81)[0x7faa3d400bd1]
[hydra09:396909] [ 3] /lib/x86_64-linux-gnu/libc.so.6(+0x7a468)[0x7f3f3bff1468]
[hydra07:430832] [ 5] /lib/x86_64-linux-gnu/libc.so.6(+0x8483c)[0x7f4f69d7083c]
[hydra01:917243] [12] /lib/x86_64-linux-gnu/libc.so.6(__libc_start_main+0xea)[0x7fad46391d7a]
[hydra01:917243] [13] /home/thesis/jheld/MPI_Syrk_implementation/build/src/MPI_SYRK_implementation(+0x232a)[0x55cbcca8d32a]
[hydra01:917243] *** End of error message ***
[hydra06:404452] [13] /home/thesis/jheld/MPI_Syrk_implementation/build/src/MPI_SYRK_implementation(+0x232a)[0x55591eae732a]
[hydra06:404452] *** End of error message ***
[hydra10:517288] [12] /lib/x86_64-linux-gnu/libc.so.6(__libc_start_main+0xea)[0x7f212bcfdd7a]
[hydra10:517288] [13] /home/thesis/jheld/MPI_Syrk_implementation/build/src/MPI_SYRK_implementation(+0x232a)[0x55e473fef32a]
[hydra12:384072] [ 8] /opt/mpi/openmpi-4.1.4//lib/libmpi.so.40(ompi_group_incl_plist+0x65)[0x7fd0f1194915]
[hydra05:403737] [ 6] /lib/x86_64-linux-gnu/libc.so.6(__libc_calloc+0x81)[0x7fa87e212bd1]
[hydra11:384170] [ 6] /lib/x86_64-linux-gnu/libc.so.6(__libc_calloc+0x81)[0x7fc12befebd1]
[hydra08:406101] [ 6] /lib/x86_64-linux-gnu/libc.so.6(__libc_calloc+0x81)[0x7f13054c3bd1]
[hydra02:596458] [ 5] /lib/x86_64-linux-gnu/libc.so.6(+0x8483c)[0x7fdbb66ca83c]
[hydra03:421071] [ 4] /lib/x86_64-linux-gnu/libc.so.6(+0x8175a)[0x7fced0d1d75a]
[hydra04:419774] [ 7] /opt/mpi/openmpi-4.1.4//lib/libmpi.so.40(ompi_group_allocate+0x17)[0x7faa3f2ce1e7]
[hydra09:396910] [ 3] /lib/x86_64-linux-gnu/libc.so.6(+0x7a468)[0x7f747a628468]
[hydra07:430832] [ 6] /lib/x86_64-linux-gnu/libc.so.6(__libc_calloc+0x81)[0x7f4f69d72bd1]
[hydra01:917244] [ 6] /lib/x86_64-linux-gnu/libc.so.6(__libc_calloc+0x81)[0x7f33c1a1ebd1]
[hydra10:517288] *** End of error message ***
[hydra12:384071] [ 7] /opt/mpi/openmpi-4.1.4//lib/libmpi.so.40(ompi_group_allocate+0x17)[0x7fefca6af1e7]
[hydra05:403737] [ 7] /opt/mpi/openmpi-4.1.4//lib/libmpi.so.40(ompi_group_allocate+0x17)[0x7fa8800e01e7]
[hydra11:384169] [ 2] /lib/x86_64-linux-gnu/libc.so.6(abort+0x123)[0x7f3f00501537]
[hydra08:406101] [ 7] /opt/mpi/openmpi-4.1.4//lib/libmpi.so.40(ompi_group_allocate+0x17)[0x7f13073911e7]
[hydra02:596459] [ 5] /lib/x86_64-linux-gnu/libc.so.6(+0x8483c)[0x7f70d5c1a83c]
[hydra03:421070] [ 5] /lib/x86_64-linux-gnu/libc.so.6(+0x8483c)[0x7f16ee86283c]
[hydra04:419774] [ 8] /opt/mpi/openmpi-4.1.4//lib/libmpi.so.40(ompi_group_incl_plist+0x65)[0x7faa3f2ce915]
[hydra09:396909] [ 4] /lib/x86_64-linux-gnu/libc.so.6(+0x8175a)[0x7f3f3bff875a]
[hydra07:430832] [ 7] /opt/mpi/openmpi-4.1.4//lib/libmpi.so.40(ompi_group_allocate+0x17)[0x7f4f6bc401e7]
[hydra01:917244] [ 7] /opt/mpi/openmpi-4.1.4//lib/libmpi.so.40(ompi_group_allocate+0x17)[0x7f33c38ec1e7]
[hydra12:384071] [ 8] /opt/mpi/openmpi-4.1.4//lib/libmpi.so.40(ompi_group_incl_plist+0x65)[0x7fefca6af915]
[hydra05:403738] [ 3] /lib/x86_64-linux-gnu/libc.so.6(+0x7a468)[0x7f4dbcf3b468]
[hydra11:384170] [ 7] /opt/mpi/openmpi-4.1.4//lib/libmpi.so.40(ompi_group_allocate+0x17)[0x7fc12ddcc1e7]
[hydra08:406101] [ 8] /opt/mpi/openmpi-4.1.4//lib/libmpi.so.40(ompi_group_incl_plist+0x65)[0x7f1307391915]
[hydra02:596458] [ 6] /lib/x86_64-linux-gnu/libc.so.6(__libc_calloc+0x81)[0x7fdbb66ccbd1]
[hydra03:421071] [ 5] /lib/x86_64-linux-gnu/libc.so.6(+0x8483c)[0x7fced0d2083c]
[hydra04:419774] [ 9] /opt/mpi/openmpi-4.1.4//lib/libmpi.so.40(PMPI_Group_incl+0x95)[0x7faa3f2ff185]
[hydra09:396910] [ 4] /lib/x86_64-linux-gnu/libc.so.6(+0x8175a)[0x7f747a62f75a]
[hydra07:430832] [ 8] /opt/mpi/openmpi-4.1.4//lib/libmpi.so.40(ompi_group_incl_plist+0x65)[0x7f4f6bc40915]
[hydra01:917244] [ 8] /opt/mpi/openmpi-4.1.4//lib/libmpi.so.40(ompi_group_incl_plist+0x65)[0x7f33c38ec915]
[hydra12:384072] [ 9] /opt/mpi/openmpi-4.1.4//lib/libmpi.so.40(PMPI_Group_incl+0x95)[0x7fd0f11c5185]
[hydra12:384072] [10] /home/thesis/jheld/MPI_Syrk_implementation/build/src/MPI_SYRK_implementation(+0x841a)[0x564acaf0d41a]
[hydra12:384072] [11] /home/thesis/jheld/MPI_Syrk_implementation/build/src/MPI_SYRK_implementation(+0x2ab0)[0x564acaf07ab0]
[hydra05:403737] [ 8] /opt/mpi/openmpi-4.1.4//lib/libmpi.so.40(ompi_group_incl_plist+0x65)[0x7fa8800e0915]
[hydra11:384169] [ 3] /lib/x86_64-linux-gnu/libc.so.6(+0x7a468)[0x7f3f00559468]
[hydra08:406101] [ 9] /opt/mpi/openmpi-4.1.4//lib/libmpi.so.40(PMPI_Group_incl+0x95)[0x7f13073c2185]
[hydra08:406101] [10] /home/thesis/jheld/MPI_Syrk_implementation/build/src/MPI_SYRK_implementation(+0x841a)[0x55f1165ad41a]
[hydra02:596459] [ 6] /lib/x86_64-linux-gnu/libc.so.6(__libc_calloc+0x81)[0x7f70d5c1cbd1]
[hydra03:421070] [ 6] /lib/x86_64-linux-gnu/libc.so.6(__libc_calloc+0x81)[0x7f16ee864bd1]
[hydra04:419774] [10] /home/thesis/jheld/MPI_Syrk_implementation/build/src/MPI_SYRK_implementation(+0x841a)[0x55607fb0141a]
[hydra04:419774] [11] /home/thesis/jheld/MPI_Syrk_implementation/build/src/MPI_SYRK_implementation(+0x2ab0)[0x55607fafbab0]
[hydra09:396911] [ 0] /lib/x86_64-linux-gnu/libc.so.6(+0x38de0)[0x7ff0e630fde0]
[hydra07:430832] [ 9] /opt/mpi/openmpi-4.1.4//lib/libmpi.so.40(PMPI_Group_incl+0x95)[0x7f4f6bc71185]
[hydra01:917244] [ 9] /opt/mpi/openmpi-4.1.4//lib/libmpi.so.40(PMPI_Group_incl+0x95)[0x7f33c391d185]
[hydra05:403738] [ 4] /lib/x86_64-linux-gnu/libc.so.6(+0x8175a)[0x7f4dbcf4275a]
[hydra11:384170] [ 8] /opt/mpi/openmpi-4.1.4//lib/libmpi.so.40(ompi_group_incl_plist+0x65)[0x7fc12ddcc915]
[hydra08:406101] [11] /home/thesis/jheld/MPI_Syrk_implementation/build/src/MPI_SYRK_implementation(+0x2ab0)[0x55f1165a7ab0]
[hydra02:596458] [ 7] /opt/mpi/openmpi-4.1.4//lib/libmpi.so.40(ompi_group_allocate+0x17)[0x7fdbb859a1e7]
[hydra03:421071] [ 6] /lib/x86_64-linux-gnu/libc.so.6(__libc_calloc+0x81)[0x7fced0d22bd1]
[hydra04:419774] [12] /lib/x86_64-linux-gnu/libc.so.6(__libc_start_main+0xea)[0x7faa3d39dd7a]
[hydra09:396911] [ 1] /lib/x86_64-linux-gnu/libc.so.6(gsignal+0x141)[0x7ff0e630fd61]
[hydra07:430832] [10] /home/thesis/jheld/MPI_Syrk_implementation/build/src/MPI_SYRK_implementation(+0x841a)[0x5557e46d541a]
[hydra07:430832] [11] /home/thesis/jheld/MPI_Syrk_implementation/build/src/MPI_SYRK_implementation(+0x2ab0)[0x5557e46cfab0]
[hydra01:917244] [10] /home/thesis/jheld/MPI_Syrk_implementation/build/src/MPI_SYRK_implementation(+0x841a)[0x55dce731b41a]
[hydra01:917244] [11] /home/thesis/jheld/MPI_Syrk_implementation/build/src/MPI_SYRK_implementation(+0x2ab0)[0x55dce7315ab0]
[hydra05:403737] [ 9] /opt/mpi/openmpi-4.1.4//lib/libmpi.so.40(PMPI_Group_incl+0x95)[0x7fa880111185]
[hydra05:403737] [10] /home/thesis/jheld/MPI_Syrk_implementation/build/src/MPI_SYRK_implementation(+0x841a)[0x55cdb82c541a]
[hydra11:384169] [ 4] /lib/x86_64-linux-gnu/libc.so.6(+0x8175a)[0x7f3f0056075a]
[hydra08:406101] [12] /lib/x86_64-linux-gnu/libc.so.6(__libc_start_main+0xea)[0x7f1305460d7a]
[hydra08:406101] [13] /home/thesis/jheld/MPI_Syrk_implementation/build/src/MPI_SYRK_implementation(+0x232a)[0x55f1165a732a]
[hydra02:596459] [ 7] /opt/mpi/openmpi-4.1.4//lib/libmpi.so.40(ompi_group_allocate+0x17)[0x7f70d7aea1e7]
[hydra03:421070] [ 7] /opt/mpi/openmpi-4.1.4//lib/libmpi.so.40(ompi_group_allocate+0x17)[0x7f16f07321e7]
[hydra04:419774] [13] /home/thesis/jheld/MPI_Syrk_implementation/build/src/MPI_SYRK_implementation(+0x232a)[0x55607fafb32a]
[hydra04:419774] *** End of error message ***
[hydra09:396909] [ 5] /lib/x86_64-linux-gnu/libc.so.6(+0x8483c)[0x7f3f3bffb83c]
[hydra07:430832] [12] /lib/x86_64-linux-gnu/libc.so.6(__libc_start_main+0xea)[0x7f4f69d0fd7a]
[hydra07:430832] [13] /home/thesis/jheld/MPI_Syrk_implementation/build/src/MPI_SYRK_implementation(+0x232a)[0x5557e46cf32a]
[hydra01:917244] [12] /lib/x86_64-linux-gnu/libc.so.6(__libc_start_main+0xea)[0x7f33c19bbd7a]
[hydra05:403737] [11] /home/thesis/jheld/MPI_Syrk_implementation/build/src/MPI_SYRK_implementation(+0x2ab0)[0x55cdb82bfab0]
[hydra11:384170] [ 9] /opt/mpi/openmpi-4.1.4//lib/libmpi.so.40(PMPI_Group_incl+0x95)[0x7fc12ddfd185]
[hydra11:384170] [10] /home/thesis/jheld/MPI_Syrk_implementation/build/src/MPI_SYRK_implementation(+0x841a)[0x557f73ce441a]
[hydra11:384170] [11] /home/thesis/jheld/MPI_Syrk_implementation/build/src/MPI_SYRK_implementation(+0x2ab0)[0x557f73cdeab0]
[hydra08:406101] *** End of error message ***
[hydra02:596458] [ 8] /opt/mpi/openmpi-4.1.4//lib/libmpi.so.40(ompi_group_incl_plist+0x65)[0x7fdbb859a915]
[hydra03:421071] [ 7] /opt/mpi/openmpi-4.1.4//lib/libmpi.so.40(ompi_group_allocate+0x17)[0x7fced2bf01e7]
[hydra09:396910] [ 5] /lib/x86_64-linux-gnu/libc.so.6(+0x8483c)[0x7f747a63283c]
[hydra07:430832] *** End of error message ***
[hydra01:917244] [13] /home/thesis/jheld/MPI_Syrk_implementation/build/src/MPI_SYRK_implementation(+0x232a)[0x55dce731532a]
[hydra01:917244] *** End of error message ***
[hydra11:384169] [ 5] /lib/x86_64-linux-gnu/libc.so.6(+0x8483c)[0x7f3f0056383c]
[hydra02:596459] [ 8] /opt/mpi/openmpi-4.1.4//lib/libmpi.so.40(ompi_group_incl_plist+0x65)[0x7f70d7aea915]
[hydra03:421070] [ 8] /opt/mpi/openmpi-4.1.4//lib/libmpi.so.40(ompi_group_incl_plist+0x65)[0x7f16f0732915]
[hydra09:396911] [ 2] /lib/x86_64-linux-gnu/libc.so.6(abort+0x123)[0x7ff0e62f9537]
[hydra11:384170] [12] /lib/x86_64-linux-gnu/libc.so.6(__libc_start_main+0xea)[0x7fc12be9bd7a]
[hydra11:384170] [13] /home/thesis/jheld/MPI_Syrk_implementation/build/src/MPI_SYRK_implementation(+0x232a)[0x557f73cde32a]
[hydra11:384170] *** End of error message ***
[hydra02:596458] [ 9] /opt/mpi/openmpi-4.1.4//lib/libmpi.so.40(PMPI_Group_incl+0x95)[0x7fdbb85cb185]
[hydra03:421071] [ 8] /opt/mpi/openmpi-4.1.4//lib/libmpi.so.40(ompi_group_incl_plist+0x65)[0x7fced2bf0915]
[hydra09:396909] [ 6] /lib/x86_64-linux-gnu/libc.so.6(__libc_calloc+0x81)[0x7f3f3bffdbd1]
[hydra11:384169] [ 6] /lib/x86_64-linux-gnu/libc.so.6(__libc_calloc+0x81)[0x7f3f00565bd1]
[hydra02:596459] [ 9] /opt/mpi/openmpi-4.1.4//lib/libmpi.so.40(PMPI_Group_incl+0x95)[0x7f70d7b1b185]
[hydra02:596459] [10] /home/thesis/jheld/MPI_Syrk_implementation/build/src/MPI_SYRK_implementation(+0x841a)[0x55e4daa7141a]
[hydra02:596459] [11] /home/thesis/jheld/MPI_Syrk_implementation/build/src/MPI_SYRK_implementation(+0x2ab0)[0x55e4daa6bab0]
[hydra03:421070] [ 9] /opt/mpi/openmpi-4.1.4//lib/libmpi.so.40(PMPI_Group_incl+0x95)[0x7f16f0763185]
[hydra09:396910] [ 6] /lib/x86_64-linux-gnu/libc.so.6(__libc_calloc+0x81)[0x7f747a634bd1]
[hydra02:596458] [10] /home/thesis/jheld/MPI_Syrk_implementation/build/src/MPI_SYRK_implementation(+0x841a)[0x55d47927041a]
[hydra02:596458] [11] /home/thesis/jheld/MPI_Syrk_implementation/build/src/MPI_SYRK_implementation(+0x2ab0)[0x55d47926aab0]
[hydra03:421071] [ 9] /opt/mpi/openmpi-4.1.4//lib/libmpi.so.40(PMPI_Group_incl+0x95)[0x7fced2c21185]
[hydra03:421071] [10] /home/thesis/jheld/MPI_Syrk_implementation/build/src/MPI_SYRK_implementation(+0x841a)[0x5598494d941a]
[hydra09:396909] [ 7] /opt/mpi/openmpi-4.1.4//lib/libmpi.so.40(ompi_group_allocate+0x17)[0x7f3f3decb1e7]
[hydra02:596458] [12] /lib/x86_64-linux-gnu/libc.so.6(__libc_start_main+0xea)[0x7fdbb6669d7a]
[hydra02:596458] [13] /home/thesis/jheld/MPI_Syrk_implementation/build/src/MPI_SYRK_implementation(+0x232a)[0x55d47926a32a]
[hydra02:596458] *** End of error message ***
[hydra03:421070] [10] /home/thesis/jheld/MPI_Syrk_implementation/build/src/MPI_SYRK_implementation(+0x841a)[0x564ff7f9a41a]
[hydra03:421070] [11] /home/thesis/jheld/MPI_Syrk_implementation/build/src/MPI_SYRK_implementation(+0x2ab0)[0x564ff7f94ab0]
[hydra09:396910] [ 7] /opt/mpi/openmpi-4.1.4//lib/libmpi.so.40(ompi_group_allocate+0x17)[0x7f747c5021e7]
[hydra02:596459] [12] /lib/x86_64-linux-gnu/libc.so.6(__libc_start_main+0xea)[0x7f70d5bb9d7a]
[hydra02:596459] [13] /home/thesis/jheld/MPI_Syrk_implementation/build/src/MPI_SYRK_implementation(+0x232a)[0x55e4daa6b32a]
[hydra02:596459] *** End of error message ***
[hydra03:421071] [11] /home/thesis/jheld/MPI_Syrk_implementation/build/src/MPI_SYRK_implementation(+0x2ab0)[0x5598494d3ab0]
[hydra09:396911] [ 3] /lib/x86_64-linux-gnu/libc.so.6(+0x7a468)[0x7ff0e6351468]
[hydra03:421070] [12] /lib/x86_64-linux-gnu/libc.so.6(__libc_start_main+0xea)[0x7f16ee801d7a]
[hydra03:421070] [13] /home/thesis/jheld/MPI_Syrk_implementation/build/src/MPI_SYRK_implementation(+0x232a)[0x564ff7f9432a]
[hydra03:421070] *** End of error message ***
[hydra09:396909] [ 8] /opt/mpi/openmpi-4.1.4//lib/libmpi.so.40(ompi_group_incl_plist+0x65)[0x7f3f3decb915]
[hydra03:421071] [12] /lib/x86_64-linux-gnu/libc.so.6(__libc_start_main+0xea)[0x7fced0cbfd7a]
[hydra03:421071] [13] /home/thesis/jheld/MPI_Syrk_implementation/build/src/MPI_SYRK_implementation(+0x232a)[0x5598494d332a]
[hydra03:421071] *** End of error message ***
[hydra09:396910] [ 8] /opt/mpi/openmpi-4.1.4//lib/libmpi.so.40(ompi_group_incl_plist+0x65)[0x7f747c502915]
[hydra09:396911] [ 4] /lib/x86_64-linux-gnu/libc.so.6(+0x8175a)[0x7ff0e635875a]
[hydra09:396909] [ 9] /opt/mpi/openmpi-4.1.4//lib/libmpi.so.40(PMPI_Group_incl+0x95)[0x7f3f3defc185]
[hydra09:396909] [10] /home/thesis/jheld/MPI_Syrk_implementation/build/src/MPI_SYRK_implementation(+0x841a)[0x559a3b2c541a]
[hydra09:396909] [11] /home/thesis/jheld/MPI_Syrk_implementation/build/src/MPI_SYRK_implementation(+0x2ab0)[0x559a3b2bfab0]
[hydra09:396910] [ 9] /opt/mpi/openmpi-4.1.4//lib/libmpi.so.40(PMPI_Group_incl+0x95)[0x7f747c533185]
[hydra09:396910] [10] /home/thesis/jheld/MPI_Syrk_implementation/build/src/MPI_SYRK_implementation(+0x841a)[0x5584bf8ed41a]
[hydra09:396910] [11] /home/thesis/jheld/MPI_Syrk_implementation/build/src/MPI_SYRK_implementation(+0x2ab0)[0x5584bf8e7ab0]
[hydra09:396909] [12] /lib/x86_64-linux-gnu/libc.so.6(__libc_start_main+0xea)[0x7f3f3bf9ad7a]
[hydra09:396910] [12] /lib/x86_64-linux-gnu/libc.so.6(__libc_start_main+0xea)[0x7f747a5d1d7a]
[hydra09:396910] [13] /home/thesis/jheld/MPI_Syrk_implementation/build/src/MPI_SYRK_implementation(+0x232a)[0x5584bf8e732a]
[hydra09:396910] *** End of error message ***
[hydra09:396911] [ 5] /lib/x86_64-linux-gnu/libc.so.6(+0x8483c)[0x7ff0e635b83c]
[hydra09:396911] [ 6] /lib/x86_64-linux-gnu/libc.so.6(__libc_calloc+0x81)[0x7ff0e635dbd1]
[hydra09:396909] [13] /home/thesis/jheld/MPI_Syrk_implementation/build/src/MPI_SYRK_implementation(+0x232a)[0x559a3b2bf32a]
[hydra09:396909] *** End of error message ***
[hydra09:396911] [ 7] /opt/mpi/openmpi-4.1.4//lib/libmpi.so.40(ompi_group_allocate+0x17)[0x7ff0e822b1e7]
[hydra09:396911] [ 8] /opt/mpi/openmpi-4.1.4//lib/libmpi.so.40(ompi_group_incl_plist+0x65)[0x7ff0e822b915]
[hydra09:396911] [ 9] /opt/mpi/openmpi-4.1.4//lib/libmpi.so.40(PMPI_Group_incl+0x95)[0x7ff0e825c185]
[hydra09:396911] [10] /home/thesis/jheld/MPI_Syrk_implementation/build/src/MPI_SYRK_implementation(+0x841a)[0x55ac16e2a41a]
[hydra09:396911] [11] /home/thesis/jheld/MPI_Syrk_implementation/build/src/MPI_SYRK_implementation(+0x2ab0)[0x55ac16e24ab0]
[hydra09:396911] [12] /lib/x86_64-linux-gnu/libc.so.6(__libc_start_main+0xea)[0x7ff0e62fad7a]
[hydra09:396911] [13] /home/thesis/jheld/MPI_Syrk_implementation/build/src/MPI_SYRK_implementation(+0x232a)[0x55ac16e2432a]
[hydra09:396911] *** End of error message ***
[hydra12:384072] [12] /lib/x86_64-linux-gnu/libc.so.6(__libc_start_main+0xea)[0x7fd0ef263d7a]
[hydra12:384072] [13] /home/thesis/jheld/MPI_Syrk_implementation/build/src/MPI_SYRK_implementation(+0x232a)[0x564acaf0732a]
[hydra05:403738] [ 5] /lib/x86_64-linux-gnu/libc.so.6(+0x8483c)[0x7f4dbcf4583c]
[hydra11:384169] [ 7] /opt/mpi/openmpi-4.1.4//lib/libmpi.so.40(ompi_group_allocate+0x17)[0x7f3f024331e7]
[hydra12:384071] [ 9] /opt/mpi/openmpi-4.1.4//lib/libmpi.so.40(PMPI_Group_incl+0x95)[0x7fefca6e0185]
[hydra12:384071] [10] /home/thesis/jheld/MPI_Syrk_implementation/build/src/MPI_SYRK_implementation(+0x841a)[0x5637fd66441a]
[hydra05:403737] [12] /lib/x86_64-linux-gnu/libc.so.6(__libc_start_main+0xea)[0x7fa87e1afd7a]
[hydra05:403737] [13] /home/thesis/jheld/MPI_Syrk_implementation/build/src/MPI_SYRK_implementation(+0x232a)[0x55cdb82bf32a]
[hydra11:384169] [ 8] /opt/mpi/openmpi-4.1.4//lib/libmpi.so.40(ompi_group_incl_plist+0x65)[0x7f3f02433915]
[hydra12:384072] *** End of error message ***
[hydra05:403737] *** End of error message ***
[hydra11:384169] [ 9] /opt/mpi/openmpi-4.1.4//lib/libmpi.so.40(PMPI_Group_incl+0x95)[0x7f3f02464185]
[hydra11:384169] [10] /home/thesis/jheld/MPI_Syrk_implementation/build/src/MPI_SYRK_implementation(+0x841a)[0x55d9903a341a]
[hydra12:384071] [11] /home/thesis/jheld/MPI_Syrk_implementation/build/src/MPI_SYRK_implementation(+0x2ab0)[0x5637fd65eab0]
[hydra05:403738] [ 6] /lib/x86_64-linux-gnu/libc.so.6(__libc_calloc+0x81)[0x7f4dbcf47bd1]
[hydra11:384169] [11] /home/thesis/jheld/MPI_Syrk_implementation/build/src/MPI_SYRK_implementation(+0x2ab0)[0x55d99039dab0]
[hydra12:384071] [12] /lib/x86_64-linux-gnu/libc.so.6(__libc_start_main+0xea)[0x7fefc877ed7a]
[hydra12:384071] [13] /home/thesis/jheld/MPI_Syrk_implementation/build/src/MPI_SYRK_implementation(+0x232a)[0x5637fd65e32a]
[hydra05:403738] [ 7] /opt/mpi/openmpi-4.1.4//lib/libmpi.so.40(ompi_group_allocate+0x17)[0x7f4dbee151e7]
[hydra11:384169] [12] /lib/x86_64-linux-gnu/libc.so.6(__libc_start_main+0xea)[0x7f3f00502d7a]
[hydra12:384071] *** End of error message ***
[hydra05:403738] [ 8] /opt/mpi/openmpi-4.1.4//lib/libmpi.so.40(ompi_group_incl_plist+0x65)[0x7f4dbee15915]
[hydra11:384169] [13] /home/thesis/jheld/MPI_Syrk_implementation/build/src/MPI_SYRK_implementation(+0x232a)[0x55d99039d32a]
[hydra11:384169] *** End of error message ***
[hydra05:403738] [ 9] /opt/mpi/openmpi-4.1.4//lib/libmpi.so.40(PMPI_Group_incl+0x95)[0x7f4dbee46185]
[hydra05:403738] [10] /home/thesis/jheld/MPI_Syrk_implementation/build/src/MPI_SYRK_implementation(+0x841a)[0x55bd709a841a]
[hydra05:403738] [11] /home/thesis/jheld/MPI_Syrk_implementation/build/src/MPI_SYRK_implementation(+0x2ab0)[0x55bd709a2ab0]
[hydra05:403738] [12] /lib/x86_64-linux-gnu/libc.so.6(__libc_start_main+0xea)[0x7f4dbcee4d7a]
[hydra05:403738] [13] /home/thesis/jheld/MPI_Syrk_implementation/build/src/MPI_SYRK_implementation(+0x232a)[0x55bd709a232a]
[hydra05:403738] *** End of error message ***
srun: error: hydra08: task 23: Aborted
srun: error: hydra10: task 27: Aborted
srun: error: hydra07: task 19: Aborted
srun: error: hydra04: task 11: Aborted
srun: error: hydra06: task 15: Aborted
srun: error: hydra02: tasks 3-4: Aborted
srun: error: hydra05: tasks 13-14: Aborted
srun: error: hydra12: tasks 33-34: Aborted
srun: error: hydra11: tasks 31-32: Aborted
srun: error: hydra03: tasks 6-7: Aborted
srun: error: hydra09: tasks 24-26: Aborted
srun: error: hydra01: tasks 0-2: Aborted
slurmstepd: error:  mpi/pmix_v4: _errhandler: hydra06 [5]: pmixp_client_v2.c:211: Error handler invoked: status = -61, source = [slurm.pmix.5008705.21:15]
slurmstepd: error:  mpi/pmix_v4: _errhandler: hydra08 [7]: pmixp_client_v2.c:211: Error handler invoked: status = -61, source = [slurm.pmix.5008705.21:23]
slurmstepd: error:  mpi/pmix_v4: _errhandler: hydra10 [9]: pmixp_client_v2.c:211: Error handler invoked: status = -61, source = [slurm.pmix.5008705.21:27]
slurmstepd: error:  mpi/pmix_v4: _errhandler: hydra04 [3]: pmixp_client_v2.c:211: Error handler invoked: status = -61, source = [slurm.pmix.5008705.21:11]
slurmstepd: error:  mpi/pmix_v4: _errhandler: hydra05 [4]: pmixp_client_v2.c:211: Error handler invoked: status = -61, source = [slurm.pmix.5008705.21:14]
slurmstepd: error:  mpi/pmix_v4: _errhandler: hydra07 [6]: pmixp_client_v2.c:211: Error handler invoked: status = -61, source = [slurm.pmix.5008705.21:19]
slurmstepd: error:  mpi/pmix_v4: _errhandler: hydra11 [10]: pmixp_client_v2.c:211: Error handler invoked: status = -61, source = [slurm.pmix.5008705.21:31]
slurmstepd: error:  mpi/pmix_v4: _errhandler: hydra03 [2]: pmixp_client_v2.c:211: Error handler invoked: status = -61, source = [slurm.pmix.5008705.21:6]
slurmstepd: error:  mpi/pmix_v4: _errhandler: hydra02 [1]: pmixp_client_v2.c:211: Error handler invoked: status = -61, source = [slurm.pmix.5008705.21:3]
srun: Job step aborted: Waiting up to 32 seconds for job step to finish.
srun: error: hydra03: task 8: Killed
srun: error: hydra12: task 35: Killed
srun: error: hydra02: task 5: Killed
srun: error: hydra05: task 12: Killed
srun: error: hydra11: task 30: Killed
srun: error: hydra10: tasks 28-29: Killed
srun: error: hydra06: tasks 16-17: Killed
srun: error: hydra04: tasks 9-10: Killed
srun: error: hydra08: tasks 21-22: Killed
srun: error: hydra07: tasks 18,20: Killed
⚠️ Warning: No runtime found for run 22
srun: Warning: can't honor --ntasks-per-node set to 1 which doesn't match the requested tasks 36 with the number of requested nodes 12. Ignoring --ntasks-per-node.
missing input file name --> Generate random input
malloc(): invalid size (unsorted)
[hydra01:917335] *** Process received signal ***
[hydra01:917335] Signal: Aborted (6)
[hydra01:917335] Signal code:  (-6)
malloc(): invalid size (unsorted)
[hydra12:384137] *** Process received signal ***
[hydra12:384137] Signal: Aborted (6)
[hydra12:384137] Signal code:  (-6)
malloc(): invalid size (unsorted)
malloc(): invalid size (unsorted)
[hydra11:384235] *** Process received signal ***
[hydra11:384235] Signal: Aborted (6)
[hydra11:384235] Signal code:  (-6)
[hydra01:917335] [ 0] /lib/x86_64-linux-gnu/libc.so.6(+0x38de0)[0x7f5d8e587de0]
[hydra01:917335] [ 1] /lib/x86_64-linux-gnu/libc.so.6(gsignal+0x141)[0x7f5d8e587d61]
malloc(): invalid size (unsorted)
[hydra05:403801] *** Process received signal ***
[hydra05:403801] Signal: Aborted (6)
[hydra05:403801] Signal code:  (-6)
[hydra01:917336] *** Process received signal ***
[hydra01:917336] Signal: Aborted (6)
[hydra01:917336] Signal code:  (-6)
[hydra01:917335] [ 2] /lib/x86_64-linux-gnu/libc.so.6(abort+0x123)[0x7f5d8e571537]
[hydra01:917335] [ 3] /lib/x86_64-linux-gnu/libc.so.6(+0x7a468)[0x7f5d8e5c9468]
malloc(): invalid size (unsorted)
[hydra03:421136] *** Process received signal ***
[hydra01:917335] [ 4] /lib/x86_64-linux-gnu/libc.so.6(+0x8175a)[0x7f5d8e5d075a]
[hydra01:917336] [ 0] /lib/x86_64-linux-gnu/libc.so.6(+0x38de0)[0x7f5291319de0]
malloc(): invalid size (unsorted)
[hydra09:396963] *** Process received signal ***
[hydra09:396963] Signal: Aborted (6)
[hydra09:396963] Signal code:  (-6)
malloc(): invalid size (unsorted)
[hydra04:419837] *** Process received signal ***
[hydra04:419837] Signal: Aborted (6)
[hydra04:419837] Signal code:  (-6)
malloc(): invalid size (unsorted)
[hydra02:596537] *** Process received signal ***
[hydra02:596537] Signal: Aborted (6)
[hydra02:596537] Signal code:  (-6)
[hydra01:917335] [ 5] /lib/x86_64-linux-gnu/libc.so.6(+0x8483c)[0x7f5d8e5d383c]
malloc(): invalid size (unsorted)
[hydra08:406165] *** Process received signal ***
[hydra08:406165] Signal: Aborted (6)
[hydra08:406165] Signal code:  (-6)
[hydra01:917336] [ 1] /lib/x86_64-linux-gnu/libc.so.6(gsignal+0x141)[0x7f5291319d61]
malloc(): invalid size (unsorted)
[hydra06:404517] *** Process received signal ***
[hydra06:404517] Signal: Aborted (6)
[hydra06:404517] Signal code:  (-6)
[hydra01:917335] [ 6] /lib/x86_64-linux-gnu/libc.so.6(__libc_calloc+0x81)[0x7f5d8e5d5bd1]
[hydra01:917336] [ 2] /lib/x86_64-linux-gnu/libc.so.6(abort+0x123)[0x7f5291303537]
[hydra01:917335] [ 7] /opt/mpi/openmpi-4.1.4//lib/libmpi.so.40(ompi_group_allocate+0x17)[0x7f5d904a31e7]
malloc(): invalid size (unsorted)
[hydra10:517357] *** Process received signal ***
[hydra10:517357] Signal: Aborted (6)
[hydra10:517357] Signal code:  (-6)
[hydra01:917336] [ 3] /lib/x86_64-linux-gnu/libc.so.6(+0x7a468)[0x7f529135b468]
malloc(): invalid size (unsorted)
[hydra07:430898] *** Process received signal ***
[hydra07:430898] Signal: Aborted (6)
[hydra07:430898] Signal code:  (-6)
[hydra01:917335] [ 8] /opt/mpi/openmpi-4.1.4//lib/libmpi.so.40(ompi_group_incl_plist+0x65)[0x7f5d904a3915]
[hydra01:917336] [ 4] /lib/x86_64-linux-gnu/libc.so.6(+0x8175a)[0x7f529136275a]
[hydra01:917335] [ 9] /opt/mpi/openmpi-4.1.4//lib/libmpi.so.40(PMPI_Group_incl+0x95)[0x7f5d904d4185]
[hydra01:917335] [10] /home/thesis/jheld/MPI_Syrk_implementation/build/src/MPI_SYRK_implementation(+0x841a)[0x55653c0f741a]
[hydra01:917335] [11] /home/thesis/jheld/MPI_Syrk_implementation/build/src/MPI_SYRK_implementation(+0x2ab0)[0x55653c0f1ab0]
[hydra10:517357] [ 0] /lib/x86_64-linux-gnu/libc.so.6(+0x38de0)[0x7fa24e2a0de0]
[hydra01:917336] [ 5] /lib/x86_64-linux-gnu/libc.so.6(+0x8483c)[0x7f529136583c]
[hydra01:917335] [12] /lib/x86_64-linux-gnu/libc.so.6(__libc_start_main+0xea)[0x7f5d8e572d7a]
[hydra01:917335] [13] /home/thesis/jheld/MPI_Syrk_implementation/build/src/MPI_SYRK_implementation(+0x232a)[0x55653c0f132a]
[hydra01:917335] *** End of error message ***
[hydra01:917336] [ 6] /lib/x86_64-linux-gnu/libc.so.6(__libc_calloc+0x81)[0x7f5291367bd1]
[hydra10:517357] [ 1] /lib/x86_64-linux-gnu/libc.so.6(gsignal+0x141)[0x7fa24e2a0d61]
[hydra12:384137] [ 0] /lib/x86_64-linux-gnu/libc.so.6(+0x38de0)[0x7fb883df3de0]
[hydra01:917336] [ 7] /opt/mpi/openmpi-4.1.4//lib/libmpi.so.40(ompi_group_allocate+0x17)[0x7f52932351e7]
malloc(): invalid size (unsorted)
[hydra12:384137] [ 1] /lib/x86_64-linux-gnu/libc.so.6(gsignal+0x141)[0x7fb883df3d61]
[hydra01:917336] [ 8] /opt/mpi/openmpi-4.1.4//lib/libmpi.so.40(ompi_group_incl_plist+0x65)[0x7f5293235915]
[hydra11:384235] [ 0] /lib/x86_64-linux-gnu/libc.so.6(+0x38de0)[0x7f46028d9de0]
[hydra10:517357] [ 2] /lib/x86_64-linux-gnu/libc.so.6(abort+0x123)[0x7fa24e28a537]
[hydra05:403801] [ 0] /lib/x86_64-linux-gnu/libc.so.6(+0x38de0)[0x7fb783b56de0]
[hydra12:384137] [ 2] /lib/x86_64-linux-gnu/libc.so.6(abort+0x123)[0x7fb883ddd537]
[hydra01:917336] [ 9] /opt/mpi/openmpi-4.1.4//lib/libmpi.so.40(PMPI_Group_incl+0x95)[0x7f5293266185]
[hydra01:917336] [10] /home/thesis/jheld/MPI_Syrk_implementation/build/src/MPI_SYRK_implementation(+0x841a)[0x5652ab96c41a]
[hydra11:384235] [ 1] /lib/x86_64-linux-gnu/libc.so.6(gsignal+0x141)[0x7f46028d9d61]
[hydra10:517357] [ 3] /lib/x86_64-linux-gnu/libc.so.6(+0x7a468)[0x7fa24e2e2468]
[hydra05:403803] *** Process received signal ***
[hydra12:384137] [ 3] /lib/x86_64-linux-gnu/libc.so.6(+0x7a468)[0x7fb883e35468]
[hydra01:917336] [11] /home/thesis/jheld/MPI_Syrk_implementation/build/src/MPI_SYRK_implementation(+0x2ab0)[0x5652ab966ab0]
[hydra11:384235] [ 2] /lib/x86_64-linux-gnu/libc.so.6(abort+0x123)[0x7f46028c3537]
malloc(): invalid size (unsorted)
[hydra09:396964] *** Process received signal ***
[hydra09:396964] Signal: Aborted (6)
[hydra09:396964] Signal code:  (-6)
[hydra05:403801] [ 1] /lib/x86_64-linux-gnu/libc.so.6(gsignal+0x141)[0x7fb783b56d61]
[hydra12:384137] [ 4] /lib/x86_64-linux-gnu/libc.so.6(+0x8175a)[0x7fb883e3c75a]
[hydra01:917336] [12] /lib/x86_64-linux-gnu/libc.so.6(__libc_start_main+0xea)[0x7f5291304d7a]
[hydra01:917336] [13] /home/thesis/jheld/MPI_Syrk_implementation/build/src/MPI_SYRK_implementation(+0x232a)[0x5652ab96632a]
[hydra01:917336] *** End of error message ***
malloc(): invalid size (unsorted)
[hydra09:396964] [ 0] /lib/x86_64-linux-gnu/libc.so.6(+0x38de0)[0x7fbc6786bde0]
[hydra03:421136] Signal: Aborted (6)
[hydra03:421136] Signal code:  (-6)
[hydra10:517357] [ 4] /lib/x86_64-linux-gnu/libc.so.6(+0x8175a)[0x7fa24e2e975a]
[hydra05:403803] Signal: Aborted (6)
[hydra05:403803] Signal code:  (-6)
[hydra12:384137] [ 5] /lib/x86_64-linux-gnu/libc.so.6(+0x8483c)[0x7fb883e3f83c]
malloc(): invalid size (unsorted)
[hydra08:406164] *** Process received signal ***
[hydra11:384235] [ 3] /lib/x86_64-linux-gnu/libc.so.6(+0x7a468)[0x7f460291b468]
[hydra09:396963] [ 0] /lib/x86_64-linux-gnu/libc.so.6(+0x38de0)[0x7f23760e0de0]
[hydra03:421136] [ 0] /lib/x86_64-linux-gnu/libc.so.6(+0x38de0)[0x7f76b8168de0]
[hydra10:517357] [ 5] /lib/x86_64-linux-gnu/libc.so.6(+0x8483c)[0x7fa24e2ec83c]
[hydra05:403801] [ 2] /lib/x86_64-linux-gnu/libc.so.6(abort+0x123)[0x7fb783b40537]
[hydra12:384137] [ 6] /lib/x86_64-linux-gnu/libc.so.6(__libc_calloc+0x81)[0x7fb883e41bd1]
[hydra08:406164] Signal: Aborted (6)
[hydra08:406164] Signal code:  (-6)
[hydra02:596537] [ 0] /lib/x86_64-linux-gnu/libc.so.6(+0x38de0)[0x7fd7ad3e0de0]
[hydra11:384234] *** Process received signal ***
[hydra09:396964] [ 1] /lib/x86_64-linux-gnu/libc.so.6(gsignal+0x141)[0x7fbc6786bd61]
[hydra03:421136] [ 1] /lib/x86_64-linux-gnu/libc.so.6(gsignal+0x141)[0x7f76b8168d61]
[hydra10:517357] [ 6] /lib/x86_64-linux-gnu/libc.so.6(__libc_calloc+0x81)[0x7fa24e2eebd1]
[hydra05:403801] [ 3] /lib/x86_64-linux-gnu/libc.so.6(+0x7a468)[0x7fb783b98468]
[hydra12:384137] [ 7] /opt/mpi/openmpi-4.1.4//lib/libmpi.so.40(ompi_group_allocate+0x17)[0x7fb885d0f1e7]
[hydra08:406165] [ 0] /lib/x86_64-linux-gnu/libc.so.6(+0x38de0)[0x7f2420b2ade0]
[hydra02:596537] [ 1] /lib/x86_64-linux-gnu/libc.so.6(gsignal+0x141)[0x7fd7ad3e0d61]
[hydra11:384234] Signal: Aborted (6)
[hydra11:384234] Signal code:  (-6)
[hydra09:396963] [ 1] /lib/x86_64-linux-gnu/libc.so.6(gsignal+0x141)[0x7f23760e0d61]
[hydra03:421136] [ 2] /lib/x86_64-linux-gnu/libc.so.6(abort+0x123)[0x7f76b8152537]
[hydra10:517357] [ 7] /opt/mpi/openmpi-4.1.4//lib/libmpi.so.40(ompi_group_allocate+0x17)[0x7fa2501bc1e7]
[hydra05:403801] [ 4] /lib/x86_64-linux-gnu/libc.so.6(+0x8175a)[0x7fb783b9f75a]
[hydra12:384137] [ 8] /opt/mpi/openmpi-4.1.4//lib/libmpi.so.40(ompi_group_incl_plist+0x65)[0x7fb885d0f915]
[hydra07:430898] [ 0] /lib/x86_64-linux-gnu/libc.so.6(+0x38de0)[0x7f44c126ade0]
[hydra08:406165] [ 1] /lib/x86_64-linux-gnu/libc.so.6(gsignal+0x141)[0x7f2420b2ad61]
[hydra02:596537] [ 2] /lib/x86_64-linux-gnu/libc.so.6(abort+0x123)[0x7fd7ad3ca537]
[hydra06:404517] [ 0] /lib/x86_64-linux-gnu/libc.so.6(+0x38de0)[0x7f530dd8bde0]
[hydra11:384235] [ 4] /lib/x86_64-linux-gnu/libc.so.6(+0x8175a)[0x7f460292275a]
[hydra09:396964] [ 2] /lib/x86_64-linux-gnu/libc.so.6(abort+0x123)[0x7fbc67855537]
[hydra03:421136] [ 3] /lib/x86_64-linux-gnu/libc.so.6(+0x7a468)[0x7f76b81aa468]
[hydra10:517357] [ 8] /opt/mpi/openmpi-4.1.4//lib/libmpi.so.40(ompi_group_incl_plist+0x65)[0x7fa2501bc915]
[hydra05:403801] [ 5] /lib/x86_64-linux-gnu/libc.so.6(+0x8483c)[0x7fb783ba283c]
[hydra12:384137] [ 9] /opt/mpi/openmpi-4.1.4//lib/libmpi.so.40(PMPI_Group_incl+0x95)[0x7fb885d40185]
[hydra12:384137] [10] /home/thesis/jheld/MPI_Syrk_implementation/build/src/MPI_SYRK_implementation(+0x841a)[0x55cce2d1141a]
[hydra07:430898] [ 1] /lib/x86_64-linux-gnu/libc.so.6(gsignal+0x141)[0x7f44c126ad61]
[hydra08:406164] [ 0] /lib/x86_64-linux-gnu/libc.so.6(+0x38de0)[0x7fe437394de0]
[hydra02:596537] [ 3] /lib/x86_64-linux-gnu/libc.so.6(+0x7a468)[0x7fd7ad422468]
[hydra06:404517] [ 1] /lib/x86_64-linux-gnu/libc.so.6(gsignal+0x141)[0x7f530dd8bd61]
[hydra11:384235] [ 5] /lib/x86_64-linux-gnu/libc.so.6(+0x8483c)[0x7f460292583c]
[hydra09:396963] [ 2] /lib/x86_64-linux-gnu/libc.so.6(abort+0x123)[0x7f23760ca537]
[hydra03:421136] [ 4] /lib/x86_64-linux-gnu/libc.so.6(+0x8175a)[0x7f76b81b175a]
[hydra10:517357] [ 9] /opt/mpi/openmpi-4.1.4//lib/libmpi.so.40(PMPI_Group_incl+0x95)[0x7fa2501ed185]
[hydra10:517357] [10] /home/thesis/jheld/MPI_Syrk_implementation/build/src/MPI_SYRK_implementation(+0x841a)[0x55f41726741a]
[hydra05:403803] [ 0] /lib/x86_64-linux-gnu/libc.so.6(+0x38de0)[0x7f711aa5ede0]
[hydra12:384137] [11] /home/thesis/jheld/MPI_Syrk_implementation/build/src/MPI_SYRK_implementation(+0x2ab0)[0x55cce2d0bab0]
[hydra04:419837] [ 0] /lib/x86_64-linux-gnu/libc.so.6(+0x38de0)[0x7f1651c57de0]
[hydra07:430898] [ 2] /lib/x86_64-linux-gnu/libc.so.6(abort+0x123)[0x7f44c1254537]
[hydra08:406165] [ 2] /lib/x86_64-linux-gnu/libc.so.6(abort+0x123)[0x7f2420b14537]
[hydra02:596537] [ 4] /lib/x86_64-linux-gnu/libc.so.6(+0x8175a)[0x7fd7ad42975a]
[hydra06:404517] [ 2] /lib/x86_64-linux-gnu/libc.so.6(abort+0x123)[0x7f530dd75537]
[hydra11:384235] [ 6] /lib/x86_64-linux-gnu/libc.so.6(__libc_calloc+0x81)[0x7f4602927bd1]
[hydra09:396964] [ 3] /lib/x86_64-linux-gnu/libc.so.6(+0x7a468)[0x7fbc678ad468]
[hydra03:421136] [ 5] /lib/x86_64-linux-gnu/libc.so.6(+0x8483c)[0x7f76b81b483c]
[hydra10:517357] [11] /home/thesis/jheld/MPI_Syrk_implementation/build/src/MPI_SYRK_implementation(+0x2ab0)[0x55f417261ab0]
[hydra05:403803] [ 1] /lib/x86_64-linux-gnu/libc.so.6(gsignal+0x141)[0x7f711aa5ed61]
[hydra12:384137] [12] /lib/x86_64-linux-gnu/libc.so.6(__libc_start_main+0xea)[0x7fb883dded7a]
[hydra12:384137] [13] /home/thesis/jheld/MPI_Syrk_implementation/build/src/MPI_SYRK_implementation(+0x232a)[0x55cce2d0b32a]
[hydra04:419837] [ 1] /lib/x86_64-linux-gnu/libc.so.6(gsignal+0x141)[0x7f1651c57d61]
[hydra07:430898] [ 3] /lib/x86_64-linux-gnu/libc.so.6(+0x7a468)[0x7f44c12ac468]
[hydra08:406164] [ 1] /lib/x86_64-linux-gnu/libc.so.6(gsignal+0x141)[0x7fe437394d61]
[hydra02:596537] [ 5] /lib/x86_64-linux-gnu/libc.so.6(+0x8483c)[0x7fd7ad42c83c]
[hydra06:404517] [ 3] /lib/x86_64-linux-gnu/libc.so.6(+0x7a468)[0x7f530ddcd468]
[hydra11:384234] [ 0] /lib/x86_64-linux-gnu/libc.so.6(+0x38de0)[0x7f2599ebede0]
[hydra09:396963] [ 3] /lib/x86_64-linux-gnu/libc.so.6(+0x7a468)[0x7f2376122468]
[hydra03:421136] [ 6] /lib/x86_64-linux-gnu/libc.so.6(__libc_calloc+0x81)[0x7f76b81b6bd1]
[hydra10:517357] [12] /lib/x86_64-linux-gnu/libc.so.6(__libc_start_main+0xea)[0x7fa24e28bd7a]
[hydra10:517357] [13] /home/thesis/jheld/MPI_Syrk_implementation/build/src/MPI_SYRK_implementation(+0x232a)[0x55f41726132a]
[hydra05:403801] [ 6] /lib/x86_64-linux-gnu/libc.so.6(__libc_calloc+0x81)[0x7fb783ba4bd1]
[hydra12:384137] *** End of error message ***
[hydra04:419837] [ 2] /lib/x86_64-linux-gnu/libc.so.6(abort+0x123)[0x7f1651c41537]
[hydra07:430898] [ 4] /lib/x86_64-linux-gnu/libc.so.6(+0x8175a)[0x7f44c12b375a]
[hydra08:406165] [ 3] /lib/x86_64-linux-gnu/libc.so.6(+0x7a468)[0x7f2420b6c468]
[hydra02:596537] [ 6] /lib/x86_64-linux-gnu/libc.so.6(__libc_calloc+0x81)[0x7fd7ad42ebd1]
[hydra06:404517] [ 4] /lib/x86_64-linux-gnu/libc.so.6(+0x8175a)[0x7f530ddd475a]
[hydra11:384235] [ 7] /opt/mpi/openmpi-4.1.4//lib/libmpi.so.40(ompi_group_allocate+0x17)[0x7f46047f51e7]
[hydra09:396963] [ 4] /lib/x86_64-linux-gnu/libc.so.6(+0x8175a)[0x7f237612975a]
[hydra03:421136] [ 7] /opt/mpi/openmpi-4.1.4//lib/libmpi.so.40(ompi_group_allocate+0x17)[0x7f76ba0841e7]
[hydra10:517357] *** End of error message ***
[hydra05:403803] [ 2] /lib/x86_64-linux-gnu/libc.so.6(abort+0x123)[0x7f711aa48537]
[hydra04:419837] [ 3] /lib/x86_64-linux-gnu/libc.so.6(+0x7a468)[0x7f1651c99468]
[hydra07:430898] [ 5] /lib/x86_64-linux-gnu/libc.so.6(+0x8483c)[0x7f44c12b683c]
[hydra08:406164] [ 2] /lib/x86_64-linux-gnu/libc.so.6(abort+0x123)[0x7fe43737e537]
[hydra02:596537] [ 7] /opt/mpi/openmpi-4.1.4//lib/libmpi.so.40(ompi_group_allocate+0x17)[0x7fd7af2fc1e7]
[hydra06:404517] [ 5] /lib/x86_64-linux-gnu/libc.so.6(+0x8483c)[0x7f530ddd783c]
[hydra11:384235] [ 8] /opt/mpi/openmpi-4.1.4//lib/libmpi.so.40(ompi_group_incl_plist+0x65)[0x7f46047f5915]
[hydra09:396964] [ 4] /lib/x86_64-linux-gnu/libc.so.6(+0x8175a)[0x7fbc678b475a]
[hydra09:396964] [ 5] /lib/x86_64-linux-gnu/libc.so.6(+0x8483c)[0x7fbc678b783c]
[hydra03:421136] [ 8] /opt/mpi/openmpi-4.1.4//lib/libmpi.so.40(ompi_group_incl_plist+0x65)[0x7f76ba084915]
[hydra05:403801] [ 7] /opt/mpi/openmpi-4.1.4//lib/libmpi.so.40(ompi_group_allocate+0x17)[0x7fb785a721e7]
[hydra04:419837] [ 4] /lib/x86_64-linux-gnu/libc.so.6(+0x8175a)[0x7f1651ca075a]
[hydra07:430898] [ 6] /lib/x86_64-linux-gnu/libc.so.6(__libc_calloc+0x81)[0x7f44c12b8bd1]
[hydra08:406165] [ 4] /lib/x86_64-linux-gnu/libc.so.6(+0x8175a)[0x7f2420b7375a]
[hydra02:596537] [ 8] /opt/mpi/openmpi-4.1.4//lib/libmpi.so.40(ompi_group_incl_plist+0x65)[0x7fd7af2fc915]
[hydra06:404517] [ 6] /lib/x86_64-linux-gnu/libc.so.6(__libc_calloc+0x81)[0x7f530ddd9bd1]
[hydra11:384234] [ 1] /lib/x86_64-linux-gnu/libc.so.6(gsignal+0x141)[0x7f2599ebed61]
[hydra09:396963] [ 5] /lib/x86_64-linux-gnu/libc.so.6(+0x8483c)[0x7f237612c83c]
[hydra09:396963] [ 6] /lib/x86_64-linux-gnu/libc.so.6(__libc_calloc+0x81)[0x7f237612ebd1]
[hydra03:421136] [ 9] /opt/mpi/openmpi-4.1.4//lib/libmpi.so.40(PMPI_Group_incl+0x95)[0x7f76ba0b5185]
[hydra03:421136] [10] /home/thesis/jheld/MPI_Syrk_implementation/build/src/MPI_SYRK_implementation(+0x841a)[0x56100fcfe41a]
[hydra05:403801] [ 8] /opt/mpi/openmpi-4.1.4//lib/libmpi.so.40(ompi_group_incl_plist+0x65)[0x7fb785a72915]
[hydra04:419837] [ 5] /lib/x86_64-linux-gnu/libc.so.6(+0x8483c)[0x7f1651ca383c]
[hydra07:430898] [ 7] /opt/mpi/openmpi-4.1.4//lib/libmpi.so.40(ompi_group_allocate+0x17)[0x7f44c31861e7]
[hydra08:406164] [ 3] /lib/x86_64-linux-gnu/libc.so.6(+0x7a468)[0x7fe4373d6468]
[hydra02:596537] [ 9] /opt/mpi/openmpi-4.1.4//lib/libmpi.so.40(PMPI_Group_incl+0x95)[0x7fd7af32d185]
[hydra02:596537] [10] /home/thesis/jheld/MPI_Syrk_implementation/build/src/MPI_SYRK_implementation(+0x841a)[0x55816ca3e41a]
[hydra06:404517] [ 7] /opt/mpi/openmpi-4.1.4//lib/libmpi.so.40(ompi_group_allocate+0x17)[0x7f530fca71e7]
[hydra11:384234] [ 2] /lib/x86_64-linux-gnu/libc.so.6(abort+0x123)[0x7f2599ea8537]
[hydra09:396964] [ 6] /lib/x86_64-linux-gnu/libc.so.6(__libc_calloc+0x81)[0x7fbc678b9bd1]
[hydra03:421136] [11] /home/thesis/jheld/MPI_Syrk_implementation/build/src/MPI_SYRK_implementation(+0x2ab0)[0x56100fcf8ab0]
[hydra05:403803] [ 3] /lib/x86_64-linux-gnu/libc.so.6(+0x7a468)[0x7f711aaa0468]
[hydra04:419837] [ 6] /lib/x86_64-linux-gnu/libc.so.6(__libc_calloc+0x81)[0x7f1651ca5bd1]
[hydra07:430898] [ 8] /opt/mpi/openmpi-4.1.4//lib/libmpi.so.40(ompi_group_incl_plist+0x65)[0x7f44c3186915]
[hydra08:406165] [ 5] /lib/x86_64-linux-gnu/libc.so.6(+0x8483c)[0x7f2420b7683c]
[hydra02:596537] [11] /home/thesis/jheld/MPI_Syrk_implementation/build/src/MPI_SYRK_implementation(+0x2ab0)[0x55816ca38ab0]
[hydra06:404517] [ 8] /opt/mpi/openmpi-4.1.4//lib/libmpi.so.40(ompi_group_incl_plist+0x65)[0x7f530fca7915]
[hydra11:384235] [ 9] /opt/mpi/openmpi-4.1.4//lib/libmpi.so.40(PMPI_Group_incl+0x95)[0x7f4604826185]
[hydra11:384235] [10] /home/thesis/jheld/MPI_Syrk_implementation/build/src/MPI_SYRK_implementation(+0x841a)[0x55555e86f41a]
[hydra09:396963] [ 7] /opt/mpi/openmpi-4.1.4//lib/libmpi.so.40(ompi_group_allocate+0x17)[0x7f2377ffc1e7]
[hydra03:421136] [12] /lib/x86_64-linux-gnu/libc.so.6(__libc_start_main+0xea)[0x7f76b8153d7a]
[hydra03:421136] [13] /home/thesis/jheld/MPI_Syrk_implementation/build/src/MPI_SYRK_implementation(+0x232a)[0x56100fcf832a]
[hydra05:403801] [ 9] /opt/mpi/openmpi-4.1.4//lib/libmpi.so.40(PMPI_Group_incl+0x95)[0x7fb785aa3185]
[hydra04:419837] [ 7] /opt/mpi/openmpi-4.1.4//lib/libmpi.so.40(ompi_group_allocate+0x17)[0x7f1653b731e7]
[hydra07:430898] [ 9] /opt/mpi/openmpi-4.1.4//lib/libmpi.so.40(PMPI_Group_incl+0x95)[0x7f44c31b7185]
[hydra07:430898] [10] /home/thesis/jheld/MPI_Syrk_implementation/build/src/MPI_SYRK_implementation(+0x841a)[0x56023a94941a]
[hydra08:406164] [ 4] /lib/x86_64-linux-gnu/libc.so.6(+0x8175a)[0x7fe4373dd75a]
[hydra02:596537] [12] /lib/x86_64-linux-gnu/libc.so.6(__libc_start_main+0xea)[0x7fd7ad3cbd7a]
[hydra02:596537] [13] /home/thesis/jheld/MPI_Syrk_implementation/build/src/MPI_SYRK_implementation(+0x232a)[0x55816ca3832a]
[hydra06:404517] [ 9] /opt/mpi/openmpi-4.1.4//lib/libmpi.so.40(PMPI_Group_incl+0x95)[0x7f530fcd8185]
[hydra06:404517] [10] /home/thesis/jheld/MPI_Syrk_implementation/build/src/MPI_SYRK_implementation(+0x841a)[0x5606e318541a]
[hydra11:384235] [11] /home/thesis/jheld/MPI_Syrk_implementation/build/src/MPI_SYRK_implementation(+0x2ab0)[0x55555e869ab0]
[hydra09:396964] [ 7] /opt/mpi/openmpi-4.1.4//lib/libmpi.so.40(ompi_group_allocate+0x17)[0x7fbc697871e7]
[hydra03:421136] *** End of error message ***
[hydra05:403801] [10] /home/thesis/jheld/MPI_Syrk_implementation/build/src/MPI_SYRK_implementation(+0x841a)[0x557cca76941a]
[hydra05:403801] [11] /home/thesis/jheld/MPI_Syrk_implementation/build/src/MPI_SYRK_implementation(+0x2ab0)[0x557cca763ab0]
[hydra04:419837] [ 8] /opt/mpi/openmpi-4.1.4//lib/libmpi.so.40(ompi_group_incl_plist+0x65)[0x7f1653b73915]
[hydra07:430898] [11] /home/thesis/jheld/MPI_Syrk_implementation/build/src/MPI_SYRK_implementation(+0x2ab0)[0x56023a943ab0]
[hydra08:406165] [ 6] /lib/x86_64-linux-gnu/libc.so.6(__libc_calloc+0x81)[0x7f2420b78bd1]
[hydra02:596537] *** End of error message ***
[hydra06:404517] [11] /home/thesis/jheld/MPI_Syrk_implementation/build/src/MPI_SYRK_implementation(+0x2ab0)[0x5606e317fab0]
[hydra11:384234] [ 3] /lib/x86_64-linux-gnu/libc.so.6(+0x7a468)[0x7f2599f00468]
[hydra09:396964] [ 8] /opt/mpi/openmpi-4.1.4//lib/libmpi.so.40(ompi_group_incl_plist+0x65)[0x7fbc69787915]
[hydra05:403803] [ 4] /lib/x86_64-linux-gnu/libc.so.6(+0x8175a)[0x7f711aaa775a]
[hydra04:419837] [ 9] /opt/mpi/openmpi-4.1.4//lib/libmpi.so.40(PMPI_Group_incl+0x95)[0x7f1653ba4185]
[hydra07:430898] [12] /lib/x86_64-linux-gnu/libc.so.6(__libc_start_main+0xea)[0x7f44c1255d7a]
[hydra08:406164] [ 5] /lib/x86_64-linux-gnu/libc.so.6(+0x8483c)[0x7fe4373e083c]
[hydra06:404517] [12] /lib/x86_64-linux-gnu/libc.so.6(__libc_start_main+0xea)[0x7f530dd76d7a]
[hydra06:404517] [13] /home/thesis/jheld/MPI_Syrk_implementation/build/src/MPI_SYRK_implementation(+0x232a)[0x5606e317f32a]
[hydra11:384235] [12] /lib/x86_64-linux-gnu/libc.so.6(__libc_start_main+0xea)[0x7f46028c4d7a]
[hydra11:384235] [13] /home/thesis/jheld/MPI_Syrk_implementation/build/src/MPI_SYRK_implementation(+0x232a)[0x55555e86932a]
[hydra11:384235] *** End of error message ***
[hydra09:396963] [ 8] /opt/mpi/openmpi-4.1.4//lib/libmpi.so.40(ompi_group_incl_plist+0x65)[0x7f2377ffc915]
[hydra05:403801] [12] /lib/x86_64-linux-gnu/libc.so.6(__libc_start_main+0xea)[0x7fb783b41d7a]
[hydra05:403801] [13] /home/thesis/jheld/MPI_Syrk_implementation/build/src/MPI_SYRK_implementation(+0x232a)[0x557cca76332a]
[hydra05:403801] *** End of error message ***
[hydra04:419837] [10] /home/thesis/jheld/MPI_Syrk_implementation/build/src/MPI_SYRK_implementation(+0x841a)[0x55a7c54df41a]
[hydra04:419837] [11] /home/thesis/jheld/MPI_Syrk_implementation/build/src/MPI_SYRK_implementation(+0x2ab0)[0x55a7c54d9ab0]
[hydra07:430898] [13] /home/thesis/jheld/MPI_Syrk_implementation/build/src/MPI_SYRK_implementation(+0x232a)[0x56023a94332a]
[hydra07:430898] *** End of error message ***
[hydra08:406165] [ 7] /opt/mpi/openmpi-4.1.4//lib/libmpi.so.40(ompi_group_allocate+0x17)[0x7f2422a461e7]
[hydra06:404517] *** End of error message ***
[hydra11:384234] [ 4] /lib/x86_64-linux-gnu/libc.so.6(+0x8175a)[0x7f2599f0775a]
[hydra09:396963] [ 9] /opt/mpi/openmpi-4.1.4//lib/libmpi.so.40(PMPI_Group_incl+0x95)[0x7f237802d185]
[hydra09:396963] [10] /home/thesis/jheld/MPI_Syrk_implementation/build/src/MPI_SYRK_implementation(+0x841a)[0x557fd3e4f41a]
[hydra09:396963] [11] /home/thesis/jheld/MPI_Syrk_implementation/build/src/MPI_SYRK_implementation(+0x2ab0)[0x557fd3e49ab0]
[hydra05:403803] [ 5] /lib/x86_64-linux-gnu/libc.so.6(+0x8483c)[0x7f711aaaa83c]
[hydra04:419837] [12] /lib/x86_64-linux-gnu/libc.so.6(__libc_start_main+0xea)[0x7f1651c42d7a]
[hydra04:419837] [13] /home/thesis/jheld/MPI_Syrk_implementation/build/src/MPI_SYRK_implementation(+0x232a)[0x55a7c54d932a]
[hydra08:406165] [ 8] /opt/mpi/openmpi-4.1.4//lib/libmpi.so.40(ompi_group_incl_plist+0x65)[0x7f2422a46915]
[hydra11:384234] [ 5] /lib/x86_64-linux-gnu/libc.so.6(+0x8483c)[0x7f2599f0a83c]
[hydra09:396964] [ 9] /opt/mpi/openmpi-4.1.4//lib/libmpi.so.40(PMPI_Group_incl+0x95)[0x7fbc697b8185]
[hydra09:396964] [10] /home/thesis/jheld/MPI_Syrk_implementation/build/src/MPI_SYRK_implementation(+0x841a)[0x55b3be61841a]
[hydra09:396964] [11] /home/thesis/jheld/MPI_Syrk_implementation/build/src/MPI_SYRK_implementation(+0x2ab0)[0x55b3be612ab0]
[hydra05:403803] [ 6] /lib/x86_64-linux-gnu/libc.so.6(__libc_calloc+0x81)[0x7f711aaacbd1]
[hydra04:419837] *** End of error message ***
[hydra08:406164] [ 6] /lib/x86_64-linux-gnu/libc.so.6(__libc_calloc+0x81)[0x7fe4373e2bd1]
[hydra09:396963] [12] /lib/x86_64-linux-gnu/libc.so.6(__libc_start_main+0xea)[0x7f23760cbd7a]
[hydra05:403803] [ 7] /opt/mpi/openmpi-4.1.4//lib/libmpi.so.40(ompi_group_allocate+0x17)[0x7f711c97a1e7]
[hydra08:406164] [ 7] /opt/mpi/openmpi-4.1.4//lib/libmpi.so.40(ompi_group_allocate+0x17)[0x7fe4392b01e7]
[hydra09:396964] [12] /lib/x86_64-linux-gnu/libc.so.6(__libc_start_main+0xea)[0x7fbc67856d7a]
[hydra09:396964] [13] /home/thesis/jheld/MPI_Syrk_implementation/build/src/MPI_SYRK_implementation(+0x232a)[0x55b3be61232a]
[hydra09:396964] *** End of error message ***
[hydra08:406165] [ 9] /opt/mpi/openmpi-4.1.4//lib/libmpi.so.40(PMPI_Group_incl+0x95)[0x7f2422a77185]
[hydra08:406165] [10] /home/thesis/jheld/MPI_Syrk_implementation/build/src/MPI_SYRK_implementation(+0x841a)[0x5564ddc2241a]
[hydra08:406165] [11] /home/thesis/jheld/MPI_Syrk_implementation/build/src/MPI_SYRK_implementation(+0x2ab0)[0x5564ddc1cab0]
[hydra09:396963] [13] /home/thesis/jheld/MPI_Syrk_implementation/build/src/MPI_SYRK_implementation(+0x232a)[0x557fd3e4932a]
[hydra09:396963] *** End of error message ***
[hydra08:406164] [ 8] /opt/mpi/openmpi-4.1.4//lib/libmpi.so.40(ompi_group_incl_plist+0x65)[0x7fe4392b0915]
[hydra08:406165] [12] /lib/x86_64-linux-gnu/libc.so.6(__libc_start_main+0xea)[0x7f2420b15d7a]
[hydra08:406165] [13] /home/thesis/jheld/MPI_Syrk_implementation/build/src/MPI_SYRK_implementation(+0x232a)[0x5564ddc1c32a]
[hydra08:406165] *** End of error message ***
[hydra08:406164] [ 9] /opt/mpi/openmpi-4.1.4//lib/libmpi.so.40(PMPI_Group_incl+0x95)[0x7fe4392e1185]
[hydra08:406164] [10] /home/thesis/jheld/MPI_Syrk_implementation/build/src/MPI_SYRK_implementation(+0x841a)[0x5610f5d0041a]
[hydra08:406164] [11] /home/thesis/jheld/MPI_Syrk_implementation/build/src/MPI_SYRK_implementation(+0x2ab0)[0x5610f5cfaab0]
[hydra08:406164] [12] /lib/x86_64-linux-gnu/libc.so.6(__libc_start_main+0xea)[0x7fe43737fd7a]
[hydra08:406164] [13] /home/thesis/jheld/MPI_Syrk_implementation/build/src/MPI_SYRK_implementation(+0x232a)[0x5610f5cfa32a]
[hydra08:406164] *** End of error message ***
[hydra11:384234] [ 6] /lib/x86_64-linux-gnu/libc.so.6(__libc_calloc+0x81)[0x7f2599f0cbd1]
[hydra05:403803] [ 8] /opt/mpi/openmpi-4.1.4//lib/libmpi.so.40(ompi_group_incl_plist+0x65)[0x7f711c97a915]
[hydra11:384234] [ 7] /opt/mpi/openmpi-4.1.4//lib/libmpi.so.40(ompi_group_allocate+0x17)[0x7f259bdda1e7]
[hydra05:403803] [ 9] /opt/mpi/openmpi-4.1.4//lib/libmpi.so.40(PMPI_Group_incl+0x95)[0x7f711c9ab185]
[hydra11:384234] [ 8] /opt/mpi/openmpi-4.1.4//lib/libmpi.so.40(ompi_group_incl_plist+0x65)[0x7f259bdda915]
[hydra05:403803] [10] /home/thesis/jheld/MPI_Syrk_implementation/build/src/MPI_SYRK_implementation(+0x841a)[0x56109b2ba41a]
[hydra05:403803] [11] /home/thesis/jheld/MPI_Syrk_implementation/build/src/MPI_SYRK_implementation(+0x2ab0)[0x56109b2b4ab0]
[hydra11:384234] [ 9] /opt/mpi/openmpi-4.1.4//lib/libmpi.so.40(PMPI_Group_incl+0x95)[0x7f259be0b185]
[hydra11:384234] [10] /home/thesis/jheld/MPI_Syrk_implementation/build/src/MPI_SYRK_implementation(+0x841a)[0x560c8a6e741a]
[hydra05:403803] [12] /lib/x86_64-linux-gnu/libc.so.6(__libc_start_main+0xea)[0x7f711aa49d7a]
[hydra05:403803] [13] /home/thesis/jheld/MPI_Syrk_implementation/build/src/MPI_SYRK_implementation(+0x232a)[0x56109b2b432a]
[hydra11:384234] [11] /home/thesis/jheld/MPI_Syrk_implementation/build/src/MPI_SYRK_implementation(+0x2ab0)[0x560c8a6e1ab0]
[hydra05:403803] *** End of error message ***
[hydra11:384234] [12] /lib/x86_64-linux-gnu/libc.so.6(__libc_start_main+0xea)[0x7f2599ea9d7a]
[hydra11:384234] [13] /home/thesis/jheld/MPI_Syrk_implementation/build/src/MPI_SYRK_implementation(+0x232a)[0x560c8a6e132a]
[hydra11:384234] *** End of error message ***
srun: error: hydra10: task 27: Aborted
srun: error: hydra03: task 7: Aborted
srun: error: hydra04: task 9: Aborted
srun: error: hydra07: task 20: Aborted
srun: error: hydra12: task 34: Aborted
srun: error: hydra02: task 3: Aborted
srun: error: hydra06: task 15: Aborted
srun: error: hydra11: tasks 31-32: Aborted
srun: error: hydra01: tasks 1-2: Aborted
srun: error: hydra09: tasks 24-25: Aborted
srun: error: hydra05: tasks 12,14: Aborted
srun: error: hydra08: tasks 21-22: Aborted
slurmstepd: error:  mpi/pmix_v4: _errhandler: hydra12 [11]: pmixp_client_v2.c:211: Error handler invoked: status = -61, source = [slurm.pmix.5008705.22:34]
slurmstepd: error:  mpi/pmix_v4: _errhandler: hydra01 [0]: pmixp_client_v2.c:211: Error handler invoked: status = -61, source = [slurm.pmix.5008705.22:1]
slurmstepd: error:  mpi/pmix_v4: _errhandler: hydra06 [5]: pmixp_client_v2.c:211: Error handler invoked: status = -61, source = [slurm.pmix.5008705.22:15]
slurmstepd: error:  mpi/pmix_v4: _errhandler: hydra02 [1]: pmixp_client_v2.c:211: Error handler invoked: status = -61, source = [slurm.pmix.5008705.22:3]
slurmstepd: error:  mpi/pmix_v4: _errhandler: hydra04 [3]: pmixp_client_v2.c:211: Error handler invoked: status = -61, source = [slurm.pmix.5008705.22:9]
slurmstepd: error:  mpi/pmix_v4: _errhandler: hydra08 [7]: pmixp_client_v2.c:211: Error handler invoked: status = -61, source = [slurm.pmix.5008705.22:22]
slurmstepd: error:  mpi/pmix_v4: _errhandler: hydra10 [9]: pmixp_client_v2.c:211: Error handler invoked: status = -61, source = [slurm.pmix.5008705.22:27]
slurmstepd: error:  mpi/pmix_v4: _errhandler: hydra11 [10]: pmixp_client_v2.c:211: Error handler invoked: status = -61, source = [slurm.pmix.5008705.22:32]
slurmstepd: error:  mpi/pmix_v4: _errhandler: hydra07 [6]: pmixp_client_v2.c:211: Error handler invoked: status = -61, source = [slurm.pmix.5008705.22:20]
slurmstepd: error:  mpi/pmix_v4: _errhandler: hydra03 [2]: pmixp_client_v2.c:211: Error handler invoked: status = -61, source = [slurm.pmix.5008705.22:7]
slurmstepd: error: *** STEP 5008705.22 ON hydra01 CANCELLED AT 2025-10-13T15:43:01 ***
slurmstepd: error:  mpi/pmix_v4: _errhandler: hydra09 [8]: pmixp_client_v2.c:211: Error handler invoked: status = -61, source = [slurm.pmix.5008705.22:25]
srun: Job step aborted: Waiting up to 32 seconds for job step to finish.
srun: error: hydra08: task 23: Killed
srun: error: hydra05: task 13: Killed
srun: error: hydra11: task 30: Killed
srun: error: hydra09: task 26: Killed
srun: error: hydra01: task 0: Killed
srun: error: hydra03: tasks 6,8: Killed
srun: error: hydra02: tasks 4-5: Killed
srun: error: hydra12: tasks 33,35: Killed
srun: error: hydra06: tasks 16-17: Killed
srun: error: hydra04: tasks 10-11: Killed
srun: error: hydra07: tasks 18-19: Killed
srun: error: hydra10: tasks 28-29: Killed
⚠️ Warning: No runtime found for run 23
srun: Warning: can't honor --ntasks-per-node set to 1 which doesn't match the requested tasks 36 with the number of requested nodes 12. Ignoring --ntasks-per-node.
missing input file name --> Generate random input
malloc(): invalid size (unsorted)
[hydra12:384206] *** Process received signal ***
[hydra12:384206] Signal: Aborted (6)
[hydra12:384206] Signal code:  (-6)
malloc(): invalid size (unsorted)
[hydra01:917429] *** Process received signal ***
[hydra01:917429] Signal: Aborted (6)
[hydra01:917429] Signal code:  (-6)
malloc(): invalid size (unsorted)
[hydra01:917430] *** Process received signal ***
[hydra01:917430] Signal: Aborted (6)
[hydra01:917430] Signal code:  (-6)
malloc(): invalid size (unsorted)
[hydra01:917429] [ 0] /lib/x86_64-linux-gnu/libc.so.6(+0x38de0)[0x7f59ecab6de0]
malloc(): invalid size (unsorted)
[hydra05:403870] *** Process received signal ***
[hydra05:403870] Signal: Aborted (6)
[hydra05:403870] Signal code:  (-6)
[hydra01:917430] [ 0] /lib/x86_64-linux-gnu/libc.so.6(+0x38de0)[0x7f74d98b2de0]
[hydra01:917431] *** Process received signal ***
[hydra01:917431] Signal: Aborted (6)
[hydra01:917431] Signal code:  (-6)
[hydra01:917429] [ 1] /lib/x86_64-linux-gnu/libc.so.6(gsignal+0x141)[0x7f59ecab6d61]
[hydra01:917430] [ 1] /lib/x86_64-linux-gnu/libc.so.6(gsignal+0x141)[0x7f74d98b2d61]
malloc(): invalid size (unsorted)
[hydra02:596619] *** Process received signal ***
[hydra02:596619] Signal: Aborted (6)
[hydra02:596619] Signal code:  (-6)
malloc(): invalid size (unsorted)
[hydra09:397032] *** Process received signal ***
[hydra09:397032] Signal: Aborted (6)
[hydra09:397032] Signal code:  (-6)
[hydra01:917429] [ 2] /lib/x86_64-linux-gnu/libc.so.6(abort+0x123)[0x7f59ecaa0537]
malloc(): invalid size (unsorted)
[hydra04:419907] *** Process received signal ***
[hydra04:419907] Signal: Aborted (6)
[hydra04:419907] Signal code:  (-6)
malloc(): invalid size (unsorted)
[hydra07:430965] *** Process received signal ***
[hydra07:430965] Signal: Aborted (6)
[hydra07:430965] Signal code:  (-6)
malloc(): invalid size (unsorted)
[hydra06:404586] *** Process received signal ***
[hydra06:404586] Signal: Aborted (6)
[hydra06:404586] Signal code:  (-6)
[hydra01:917430] [ 2] /lib/x86_64-linux-gnu/libc.so.6(abort+0x123)[0x7f74d989c537]
[hydra01:917429] [ 3] /lib/x86_64-linux-gnu/libc.so.6(+0x7a468)[0x7f59ecaf8468]
malloc(): invalid size (unsorted)
[hydra08:406234] *** Process received signal ***
[hydra08:406234] Signal: Aborted (6)
[hydra08:406234] Signal code:  (-6)
[hydra01:917430] [ 3] /lib/x86_64-linux-gnu/libc.so.6(+0x7a468)[0x7f74d98f4468]
[hydra01:917429] [ 4] /lib/x86_64-linux-gnu/libc.so.6(+0x8175a)[0x7f59ecaff75a]
[hydra04:419907] [ 0] /lib/x86_64-linux-gnu/libc.so.6(+0x38de0)[0x7fd9b36c6de0]
[hydra01:917430] [ 4] /lib/x86_64-linux-gnu/libc.so.6(+0x8175a)[0x7f74d98fb75a]
[hydra04:419907] [ 1] /lib/x86_64-linux-gnu/libc.so.6(gsignal+0x141)[0x7fd9b36c6d61]
[hydra01:917431] [ 0] /lib/x86_64-linux-gnu/libc.so.6(+0x38de0)[0x7fce955d5de0]
[hydra01:917431] [ 1] /lib/x86_64-linux-gnu/libc.so.6(gsignal+0x141)[0x7fce955d5d61]
malloc(): invalid size (unsorted)
[hydra10:517431] *** Process received signal ***
[hydra10:517431] Signal: Aborted (6)
[hydra10:517431] Signal code:  (-6)
[hydra08:406234] [ 0] /lib/x86_64-linux-gnu/libc.so.6(+0x38de0)[0x7fc491714de0]
[hydra04:419907] [ 2] /lib/x86_64-linux-gnu/libc.so.6(abort+0x123)[0x7fd9b36b0537]
malloc(): invalid size (unsorted)
[hydra11:384303] *** Process received signal ***
[hydra11:384303] Signal: Aborted (6)
[hydra11:384303] Signal code:  (-6)
[hydra08:406234] [ 1] /lib/x86_64-linux-gnu/libc.so.6(gsignal+0x141)[0x7fc491714d61]
[hydra04:419907] [ 3] /lib/x86_64-linux-gnu/libc.so.6(+0x7a468)[0x7fd9b3708468]
[hydra01:917429] [ 5] /lib/x86_64-linux-gnu/libc.so.6(+0x8483c)[0x7f59ecb0283c]
[hydra08:406234] [ 2] /lib/x86_64-linux-gnu/libc.so.6(abort+0x123)[0x7fc4916fe537]
[hydra12:384206] [ 0] /lib/x86_64-linux-gnu/libc.so.6(+0x38de0)[0x7fc171728de0]
[hydra01:917430] [ 5] /lib/x86_64-linux-gnu/libc.so.6(+0x8483c)[0x7f74d98fe83c]
[hydra10:517431] [ 0] /lib/x86_64-linux-gnu/libc.so.6(+0x38de0)[0x7eff70005de0]
[hydra08:406234] [ 3] /lib/x86_64-linux-gnu/libc.so.6(+0x7a468)[0x7fc491756468]
[hydra04:419907] [ 4] /lib/x86_64-linux-gnu/libc.so.6(+0x8175a)[0x7fd9b370f75a]
malloc(): invalid size (unsorted)
[hydra12:384206] [ 1] /lib/x86_64-linux-gnu/libc.so.6(gsignal+0x141)[0x7fc171728d61]
[hydra01:917431] [ 2] /lib/x86_64-linux-gnu/libc.so.6(abort+0x123)[0x7fce955bf537]
[hydra10:517431] [ 1] /lib/x86_64-linux-gnu/libc.so.6(gsignal+0x141)[0x7eff70005d61]
[hydra04:419907] [ 5] /lib/x86_64-linux-gnu/libc.so.6(+0x8483c)[0x7fd9b371283c]
[hydra05:403870] [ 0] /lib/x86_64-linux-gnu/libc.so.6(+0x38de0)[0x7fa077f7ade0]
[hydra12:384206] [ 2] /lib/x86_64-linux-gnu/libc.so.6(abort+0x123)[0x7fc171712537]
malloc(): invalid size (unsorted)
[hydra06:404587] *** Process received signal ***
[hydra06:404587] Signal: Aborted (6)
[hydra06:404587] Signal code:  (-6)
[hydra01:917430] [ 6] /lib/x86_64-linux-gnu/libc.so.6(__libc_calloc+0x81)[0x7f74d9900bd1]
[hydra10:517431] [ 2] /lib/x86_64-linux-gnu/libc.so.6(abort+0x123)[0x7eff6ffef537]
[hydra08:406234] [ 4] /lib/x86_64-linux-gnu/libc.so.6(+0x8175a)[0x7fc49175d75a]
[hydra05:403871] *** Process received signal ***
[hydra12:384206] [ 3] /lib/x86_64-linux-gnu/libc.so.6(+0x7a468)[0x7fc17176a468]
[hydra06:404586] [ 0] /lib/x86_64-linux-gnu/libc.so.6(+0x38de0)[0x7fd9708b9de0]
[hydra01:917429] [ 6] /lib/x86_64-linux-gnu/libc.so.6(__libc_calloc+0x81)[0x7f59ecb04bd1]
[hydra10:517431] [ 3] /lib/x86_64-linux-gnu/libc.so.6(+0x7a468)[0x7eff70047468]
[hydra08:406234] [ 5] /lib/x86_64-linux-gnu/libc.so.6(+0x8483c)[0x7fc49176083c]
[hydra04:419907] [ 6] /lib/x86_64-linux-gnu/libc.so.6(__libc_calloc+0x81)[0x7fd9b3714bd1]
[hydra05:403870] [ 1] /lib/x86_64-linux-gnu/libc.so.6(gsignal+0x141)[0x7fa077f7ad61]
malloc(): invalid size (unsorted)
[hydra12:384206] [ 4] /lib/x86_64-linux-gnu/libc.so.6(+0x8175a)[0x7fc17177175a]
[hydra06:404587] [ 0] /lib/x86_64-linux-gnu/libc.so.6(+0x38de0)[0x7f10ff72ede0]
[hydra01:917431] [ 3] /lib/x86_64-linux-gnu/libc.so.6(+0x7a468)[0x7fce95617468]
[hydra10:517431] [ 4] /lib/x86_64-linux-gnu/libc.so.6(+0x8175a)[0x7eff7004e75a]
[hydra08:406234] [ 6] /lib/x86_64-linux-gnu/libc.so.6(__libc_calloc+0x81)[0x7fc491762bd1]
[hydra04:419907] [ 7] /opt/mpi/openmpi-4.1.4//lib/libmpi.so.40(ompi_group_allocate+0x17)[0x7fd9b55e21e7]
[hydra05:403871] Signal: Aborted (6)
[hydra05:403871] Signal code:  (-6)
[hydra09:397032] [ 0] /lib/x86_64-linux-gnu/libc.so.6(+0x38de0)[0x7fb28cdefde0]
[hydra12:384206] [ 5] /lib/x86_64-linux-gnu/libc.so.6(+0x8483c)[0x7fc17177483c]
[hydra06:404586] [ 1] /lib/x86_64-linux-gnu/libc.so.6(gsignal+0x141)[0x7fd9708b9d61]
[hydra01:917429] [ 7] /opt/mpi/openmpi-4.1.4//lib/libmpi.so.40(ompi_group_allocate+0x17)[0x7f59ee9d21e7]
[hydra10:517431] [ 5] /lib/x86_64-linux-gnu/libc.so.6(+0x8483c)[0x7eff7005183c]
[hydra08:406234] [ 7] /opt/mpi/openmpi-4.1.4//lib/libmpi.so.40(ompi_group_allocate+0x17)[0x7fc4936301e7]
[hydra04:419907] [ 8] /opt/mpi/openmpi-4.1.4//lib/libmpi.so.40(ompi_group_incl_plist+0x65)[0x7fd9b55e2915]
[hydra07:430965] [ 0] /lib/x86_64-linux-gnu/libc.so.6(+0x38de0)[0x7f131fabfde0]
[hydra05:403870] [ 2] /lib/x86_64-linux-gnu/libc.so.6(abort+0x123)[0x7fa077f64537]
[hydra09:397033] *** Process received signal ***
[hydra12:384206] [ 6] /lib/x86_64-linux-gnu/libc.so.6(__libc_calloc+0x81)[0x7fc171776bd1]
[hydra06:404587] [ 1] /lib/x86_64-linux-gnu/libc.so.6(gsignal+0x141)[0x7f10ff72ed61]
[hydra01:917430] [ 7] /opt/mpi/openmpi-4.1.4//lib/libmpi.so.40(ompi_group_allocate+0x17)[0x7f74db7ce1e7]
[hydra01:917430] [ 8] /opt/mpi/openmpi-4.1.4//lib/libmpi.so.40(ompi_group_incl_plist+0x65)[0x7f74db7ce915]
[hydra02:596619] [ 0] /lib/x86_64-linux-gnu/libc.so.6(+0x38de0)[0x7f6707291de0]
[hydra10:517431] [ 6] /lib/x86_64-linux-gnu/libc.so.6(__libc_calloc+0x81)[0x7eff70053bd1]
[hydra08:406234] [ 8] /opt/mpi/openmpi-4.1.4//lib/libmpi.so.40(ompi_group_incl_plist+0x65)[0x7fc493630915]
[hydra04:419907] [ 9] /opt/mpi/openmpi-4.1.4//lib/libmpi.so.40(PMPI_Group_incl+0x95)[0x7fd9b5613185]
[hydra04:419907] [10] /home/thesis/jheld/MPI_Syrk_implementation/build/src/MPI_SYRK_implementation(+0x841a)[0x5575387df41a]
[hydra07:430965] [ 1] /lib/x86_64-linux-gnu/libc.so.6(gsignal+0x141)[0x7f131fabfd61]
[hydra05:403870] [ 3] /lib/x86_64-linux-gnu/libc.so.6(+0x7a468)[0x7fa077fbc468]
[hydra09:397033] Signal: Aborted (6)
[hydra09:397033] Signal code:  (-6)
[hydra12:384206] [ 7] /opt/mpi/openmpi-4.1.4//lib/libmpi.so.40(ompi_group_allocate+0x17)[0x7fc1736441e7]
[hydra06:404586] [ 2] /lib/x86_64-linux-gnu/libc.so.6(abort+0x123)[0x7fd9708a3537]
[hydra01:917429] [ 8] /opt/mpi/openmpi-4.1.4//lib/libmpi.so.40(ompi_group_incl_plist+0x65)[0x7f59ee9d2915]
[hydra02:596619] [ 1] /lib/x86_64-linux-gnu/libc.so.6(gsignal+0x141)[0x7f6707291d61]
[hydra10:517431] [ 7] /opt/mpi/openmpi-4.1.4//lib/libmpi.so.40(ompi_group_allocate+0x17)[0x7eff71f211e7]
[hydra08:406234] [ 9] /opt/mpi/openmpi-4.1.4//lib/libmpi.so.40(PMPI_Group_incl+0x95)[0x7fc493661185]
[hydra08:406234] [10] /home/thesis/jheld/MPI_Syrk_implementation/build/src/MPI_SYRK_implementation(+0x841a)[0x5641a844541a]
[hydra04:419907] [11] /home/thesis/jheld/MPI_Syrk_implementation/build/src/MPI_SYRK_implementation(+0x2ab0)[0x5575387d9ab0]
[hydra07:430965] [ 2] /lib/x86_64-linux-gnu/libc.so.6(abort+0x123)[0x7f131faa9537]
[hydra05:403870] [ 4] /lib/x86_64-linux-gnu/libc.so.6(+0x8175a)[0x7fa077fc375a]
[hydra09:397032] [ 1] /lib/x86_64-linux-gnu/libc.so.6(gsignal+0x141)[0x7fb28cdefd61]
[hydra12:384206] [ 8] /opt/mpi/openmpi-4.1.4//lib/libmpi.so.40(ompi_group_incl_plist+0x65)[0x7fc173644915]
[hydra06:404587] [ 2] /lib/x86_64-linux-gnu/libc.so.6(abort+0x123)[0x7f10ff718537]
[hydra01:917431] [ 4] /lib/x86_64-linux-gnu/libc.so.6(+0x8175a)[0x7fce9561e75a]
[hydra02:596619] [ 2] /lib/x86_64-linux-gnu/libc.so.6(abort+0x123)[0x7f670727b537]
[hydra10:517431] [ 8] /opt/mpi/openmpi-4.1.4//lib/libmpi.so.40(ompi_group_incl_plist+0x65)[0x7eff71f21915]
[hydra08:406234] [11] /home/thesis/jheld/MPI_Syrk_implementation/build/src/MPI_SYRK_implementation(+0x2ab0)[0x5641a843fab0]
[hydra04:419907] [12] /lib/x86_64-linux-gnu/libc.so.6(__libc_start_main+0xea)[0x7fd9b36b1d7a]
[hydra07:430965] [ 3] /lib/x86_64-linux-gnu/libc.so.6(+0x7a468)[0x7f131fb01468]
[hydra05:403871] [ 0] /lib/x86_64-linux-gnu/libc.so.6(+0x38de0)[0x7fba6b6e9de0]
[hydra09:397032] [ 2] /lib/x86_64-linux-gnu/libc.so.6(abort+0x123)[0x7fb28cdd9537]
[hydra12:384206] [ 9] /opt/mpi/openmpi-4.1.4//lib/libmpi.so.40(PMPI_Group_incl+0x95)[0x7fc173675185]
[hydra12:384206] [10] /home/thesis/jheld/MPI_Syrk_implementation/build/src/MPI_SYRK_implementation(+0x841a)[0x555a4ba9141a]
[hydra06:404586] [ 3] /lib/x86_64-linux-gnu/libc.so.6(+0x7a468)[0x7fd9708fb468]
[hydra11:384303] [ 0] /lib/x86_64-linux-gnu/libc.so.6(+0x38de0)[0x7fcd1e18dde0]
[hydra01:917429] [ 9] /opt/mpi/openmpi-4.1.4//lib/libmpi.so.40(PMPI_Group_incl+0x95)[0x7f59eea03185]
[hydra01:917429] [10] /home/thesis/jheld/MPI_Syrk_implementation/build/src/MPI_SYRK_implementation(+0x841a)[0x560ae65f741a]
[hydra02:596619] [ 3] /lib/x86_64-linux-gnu/libc.so.6(+0x7a468)[0x7f67072d3468]
[hydra10:517431] [ 9] /opt/mpi/openmpi-4.1.4//lib/libmpi.so.40(PMPI_Group_incl+0x95)[0x7eff71f52185]
[hydra10:517431] [10] /home/thesis/jheld/MPI_Syrk_implementation/build/src/MPI_SYRK_implementation(+0x841a)[0x55f468b2041a]
[hydra08:406234] [12] /lib/x86_64-linux-gnu/libc.so.6(__libc_start_main+0xea)[0x7fc4916ffd7a]
[hydra04:419907] [13] /home/thesis/jheld/MPI_Syrk_implementation/build/src/MPI_SYRK_implementation(+0x232a)[0x5575387d932a]
[hydra04:419907] *** End of error message ***
[hydra07:430965] [ 4] /lib/x86_64-linux-gnu/libc.so.6(+0x8175a)[0x7f131fb0875a]
[hydra05:403870] [ 5] /lib/x86_64-linux-gnu/libc.so.6(+0x8483c)[0x7fa077fc683c]
[hydra09:397032] [ 3] /lib/x86_64-linux-gnu/libc.so.6(+0x7a468)[0x7fb28ce31468]
[hydra12:384206] [11] /home/thesis/jheld/MPI_Syrk_implementation/build/src/MPI_SYRK_implementation(+0x2ab0)[0x555a4ba8bab0]
[hydra06:404587] [ 3] /lib/x86_64-linux-gnu/libc.so.6(+0x7a468)[0x7f10ff770468]
[hydra11:384303] [ 1] /lib/x86_64-linux-gnu/libc.so.6(gsignal+0x141)[0x7fcd1e18dd61]
[hydra01:917430] [ 9] /opt/mpi/openmpi-4.1.4//lib/libmpi.so.40(PMPI_Group_incl+0x95)[0x7f74db7ff185]
[hydra01:917430] [10] /home/thesis/jheld/MPI_Syrk_implementation/build/src/MPI_SYRK_implementation(+0x841a)[0x55f411fd541a]
[hydra01:917430] [11] /home/thesis/jheld/MPI_Syrk_implementation/build/src/MPI_SYRK_implementation(+0x2ab0)[0x55f411fcfab0]
[hydra02:596619] [ 4] /lib/x86_64-linux-gnu/libc.so.6(+0x8175a)[0x7f67072da75a]
[hydra10:517431] [11] /home/thesis/jheld/MPI_Syrk_implementation/build/src/MPI_SYRK_implementation(+0x2ab0)[0x55f468b1aab0]
[hydra08:406234] [13] /home/thesis/jheld/MPI_Syrk_implementation/build/src/MPI_SYRK_implementation(+0x232a)[0x5641a843f32a]
[hydra08:406234] *** End of error message ***
[hydra07:430965] [ 5] /lib/x86_64-linux-gnu/libc.so.6(+0x8483c)[0x7f131fb0b83c]
[hydra05:403871] [ 1] /lib/x86_64-linux-gnu/libc.so.6(gsignal+0x141)[0x7fba6b6e9d61]
[hydra09:397032] [ 4] /lib/x86_64-linux-gnu/libc.so.6(+0x8175a)[0x7fb28ce3875a]
[hydra12:384206] [12] /lib/x86_64-linux-gnu/libc.so.6(__libc_start_main+0xea)[0x7fc171713d7a]
[hydra12:384206] [13] /home/thesis/jheld/MPI_Syrk_implementation/build/src/MPI_SYRK_implementation(+0x232a)[0x555a4ba8b32a]
[hydra06:404586] [ 4] /lib/x86_64-linux-gnu/libc.so.6(+0x8175a)[0x7fd97090275a]
[hydra11:384303] [ 2] /lib/x86_64-linux-gnu/libc.so.6(abort+0x123)[0x7fcd1e177537]
[hydra01:917431] [ 5] /lib/x86_64-linux-gnu/libc.so.6(+0x8483c)[0x7fce9562183c]
[hydra01:917431] [ 6] /lib/x86_64-linux-gnu/libc.so.6(__libc_calloc+0x81)[0x7fce95623bd1]
[hydra02:596619] [ 5] /lib/x86_64-linux-gnu/libc.so.6(+0x8483c)[0x7f67072dd83c]
[hydra10:517431] [12] /lib/x86_64-linux-gnu/libc.so.6(__libc_start_main+0xea)[0x7eff6fff0d7a]
[hydra07:430965] [ 6] /lib/x86_64-linux-gnu/libc.so.6(__libc_calloc+0x81)[0x7f131fb0dbd1]
[hydra05:403871] [ 2] /lib/x86_64-linux-gnu/libc.so.6(abort+0x123)[0x7fba6b6d3537]
[hydra09:397033] [ 0] /lib/x86_64-linux-gnu/libc.so.6(+0x38de0)[0x7f3a45042de0]
[hydra12:384206] *** End of error message ***
[hydra06:404587] [ 4] /lib/x86_64-linux-gnu/libc.so.6(+0x8175a)[0x7f10ff77775a]
[hydra11:384303] [ 3] /lib/x86_64-linux-gnu/libc.so.6(+0x7a468)[0x7fcd1e1cf468]
[hydra01:917429] [11] /home/thesis/jheld/MPI_Syrk_implementation/build/src/MPI_SYRK_implementation(+0x2ab0)[0x560ae65f1ab0]
[hydra01:917429] [12] /lib/x86_64-linux-gnu/libc.so.6(__libc_start_main+0xea)[0x7f59ecaa1d7a]
[hydra01:917429] [13] /home/thesis/jheld/MPI_Syrk_implementation/build/src/MPI_SYRK_implementation(+0x232a)[0x560ae65f132a]
[hydra01:917429] *** End of error message ***
[hydra02:596619] [ 6] /lib/x86_64-linux-gnu/libc.so.6(__libc_calloc+0x81)[0x7f67072dfbd1]
[hydra10:517431] [13] /home/thesis/jheld/MPI_Syrk_implementation/build/src/MPI_SYRK_implementation(+0x232a)[0x55f468b1a32a]
[hydra10:517431] *** End of error message ***
[hydra07:430965] [ 7] /opt/mpi/openmpi-4.1.4//lib/libmpi.so.40(ompi_group_allocate+0x17)[0x7f13219db1e7]
[hydra05:403870] [ 6] /lib/x86_64-linux-gnu/libc.so.6(__libc_calloc+0x81)[0x7fa077fc8bd1]
[hydra09:397032] [ 5] /lib/x86_64-linux-gnu/libc.so.6(+0x8483c)[0x7fb28ce3b83c]
[hydra06:404586] [ 5] /lib/x86_64-linux-gnu/libc.so.6(+0x8483c)[0x7fd97090583c]
[hydra11:384303] [ 4] /lib/x86_64-linux-gnu/libc.so.6(+0x8175a)[0x7fcd1e1d675a]
[hydra01:917430] [12] /lib/x86_64-linux-gnu/libc.so.6(__libc_start_main+0xea)[0x7f74d989dd7a]
[hydra01:917430] [13] /home/thesis/jheld/MPI_Syrk_implementation/build/src/MPI_SYRK_implementation(+0x232a)[0x55f411fcf32a]
[hydra01:917430] *** End of error message ***
[hydra02:596619] [ 7] /opt/mpi/openmpi-4.1.4//lib/libmpi.so.40(ompi_group_allocate+0x17)[0x7f67091ad1e7]
[hydra07:430965] [ 8] /opt/mpi/openmpi-4.1.4//lib/libmpi.so.40(ompi_group_incl_plist+0x65)[0x7f13219db915]
[hydra05:403870] [ 7] /opt/mpi/openmpi-4.1.4//lib/libmpi.so.40(ompi_group_allocate+0x17)[0x7fa079e961e7]
[hydra09:397033] [ 1] /lib/x86_64-linux-gnu/libc.so.6(gsignal+0x141)[0x7f3a45042d61]
[hydra06:404587] [ 5] /lib/x86_64-linux-gnu/libc.so.6(+0x8483c)[0x7f10ff77a83c]
[hydra11:384303] [ 5] /lib/x86_64-linux-gnu/libc.so.6(+0x8483c)[0x7fcd1e1d983c]
[hydra01:917431] [ 7] /opt/mpi/openmpi-4.1.4//lib/libmpi.so.40(ompi_group_allocate+0x17)[0x7fce974f11e7]
[hydra02:596619] [ 8] /opt/mpi/openmpi-4.1.4//lib/libmpi.so.40(ompi_group_incl_plist+0x65)[0x7f67091ad915]
[hydra07:430965] [ 9] /opt/mpi/openmpi-4.1.4//lib/libmpi.so.40(PMPI_Group_incl+0x95)[0x7f1321a0c185]
[hydra05:403871] [ 3] /lib/x86_64-linux-gnu/libc.so.6(+0x7a468)[0x7fba6b72b468]
[hydra09:397033] [ 2] /lib/x86_64-linux-gnu/libc.so.6(abort+0x123)[0x7f3a4502c537]
[hydra06:404586] [ 6] /lib/x86_64-linux-gnu/libc.so.6(__libc_calloc+0x81)[0x7fd970907bd1]
[hydra11:384303] [ 6] /lib/x86_64-linux-gnu/libc.so.6(__libc_calloc+0x81)[0x7fcd1e1dbbd1]
[hydra01:917431] [ 8] /opt/mpi/openmpi-4.1.4//lib/libmpi.so.40(ompi_group_incl_plist+0x65)[0x7fce974f1915]
[hydra02:596619] [ 9] /opt/mpi/openmpi-4.1.4//lib/libmpi.so.40(PMPI_Group_incl+0x95)[0x7f67091de185]
[hydra02:596619] [10] /home/thesis/jheld/MPI_Syrk_implementation/build/src/MPI_SYRK_implementation(+0x841a)[0x555e1a26e41a]
[hydra07:430965] [10] /home/thesis/jheld/MPI_Syrk_implementation/build/src/MPI_SYRK_implementation(+0x841a)[0x5578deb7241a]
[hydra07:430965] [11] /home/thesis/jheld/MPI_Syrk_implementation/build/src/MPI_SYRK_implementation(+0x2ab0)[0x5578deb6cab0]
[hydra05:403870] [ 8] /opt/mpi/openmpi-4.1.4//lib/libmpi.so.40(ompi_group_incl_plist+0x65)[0x7fa079e96915]
[hydra09:397032] [ 6] /lib/x86_64-linux-gnu/libc.so.6(__libc_calloc+0x81)[0x7fb28ce3dbd1]
[hydra06:404587] [ 6] /lib/x86_64-linux-gnu/libc.so.6(__libc_calloc+0x81)[0x7f10ff77cbd1]
[hydra11:384303] [ 7] /opt/mpi/openmpi-4.1.4//lib/libmpi.so.40(ompi_group_allocate+0x17)[0x7fcd200a91e7]
[hydra01:917431] [ 9] /opt/mpi/openmpi-4.1.4//lib/libmpi.so.40(PMPI_Group_incl+0x95)[0x7fce97522185]
[hydra01:917431] [10] /home/thesis/jheld/MPI_Syrk_implementation/build/src/MPI_SYRK_implementation(+0x841a)[0x55644bfea41a]
[hydra02:596619] [11] /home/thesis/jheld/MPI_Syrk_implementation/build/src/MPI_SYRK_implementation(+0x2ab0)[0x555e1a268ab0]
[hydra07:430965] [12] /lib/x86_64-linux-gnu/libc.so.6(__libc_start_main+0xea)[0x7f131faaad7a]
[hydra07:430965] [13] /home/thesis/jheld/MPI_Syrk_implementation/build/src/MPI_SYRK_implementation(+0x232a)[0x5578deb6c32a]
[hydra05:403871] [ 4] /lib/x86_64-linux-gnu/libc.so.6(+0x8175a)[0x7fba6b73275a]
[hydra09:397032] [ 7] /opt/mpi/openmpi-4.1.4//lib/libmpi.so.40(ompi_group_allocate+0x17)[0x7fb28ed0b1e7]
[hydra06:404586] [ 7] /opt/mpi/openmpi-4.1.4//lib/libmpi.so.40(ompi_group_allocate+0x17)[0x7fd9727d51e7]
[hydra11:384303] [ 8] /opt/mpi/openmpi-4.1.4//lib/libmpi.so.40(ompi_group_incl_plist+0x65)[0x7fcd200a9915]
[hydra01:917431] [11] /home/thesis/jheld/MPI_Syrk_implementation/build/src/MPI_SYRK_implementation(+0x2ab0)[0x55644bfe4ab0]
[hydra02:596619] [12] /lib/x86_64-linux-gnu/libc.so.6(__libc_start_main+0xea)[0x7f670727cd7a]
[hydra02:596619] [13] /home/thesis/jheld/MPI_Syrk_implementation/build/src/MPI_SYRK_implementation(+0x232a)[0x555e1a26832a]
[hydra07:430965] *** End of error message ***
[hydra05:403870] [ 9] /opt/mpi/openmpi-4.1.4//lib/libmpi.so.40(PMPI_Group_incl+0x95)[0x7fa079ec7185]
[hydra05:403870] [10] /home/thesis/jheld/MPI_Syrk_implementation/build/src/MPI_SYRK_implementation(+0x841a)[0x5641ba12a41a]
[hydra05:403870] [11] /home/thesis/jheld/MPI_Syrk_implementation/build/src/MPI_SYRK_implementation(+0x2ab0)[0x5641ba124ab0]
[hydra09:397033] [ 3] /lib/x86_64-linux-gnu/libc.so.6(+0x7a468)[0x7f3a45084468]
[hydra06:404587] [ 7] /opt/mpi/openmpi-4.1.4//lib/libmpi.so.40(ompi_group_allocate+0x17)[0x7f110164a1e7]
[hydra11:384303] [ 9] /opt/mpi/openmpi-4.1.4//lib/libmpi.so.40(PMPI_Group_incl+0x95)[0x7fcd200da185]
[hydra01:917431] [12] /lib/x86_64-linux-gnu/libc.so.6(__libc_start_main+0xea)[0x7fce955c0d7a]
[hydra02:596619] *** End of error message ***
[hydra05:403871] [ 5] /lib/x86_64-linux-gnu/libc.so.6(+0x8483c)[0x7fba6b73583c]
[hydra09:397032] [ 8] /opt/mpi/openmpi-4.1.4//lib/libmpi.so.40(ompi_group_incl_plist+0x65)[0x7fb28ed0b915]
[hydra06:404586] [ 8] /opt/mpi/openmpi-4.1.4//lib/libmpi.so.40(ompi_group_incl_plist+0x65)[0x7fd9727d5915]
[hydra11:384303] [10] /home/thesis/jheld/MPI_Syrk_implementation/build/src/MPI_SYRK_implementation(+0x841a)[0x55a2f5f1841a]
[hydra11:384303] [11] /home/thesis/jheld/MPI_Syrk_implementation/build/src/MPI_SYRK_implementation(+0x2ab0)[0x55a2f5f12ab0]
[hydra01:917431] [13] /home/thesis/jheld/MPI_Syrk_implementation/build/src/MPI_SYRK_implementation(+0x232a)[0x55644bfe432a]
[hydra01:917431] *** End of error message ***
[hydra05:403870] [12] /lib/x86_64-linux-gnu/libc.so.6(__libc_start_main+0xea)[0x7fa077f65d7a]
[hydra05:403870] [13] /home/thesis/jheld/MPI_Syrk_implementation/build/src/MPI_SYRK_implementation(+0x232a)[0x5641ba12432a]
[hydra09:397033] [ 4] /lib/x86_64-linux-gnu/libc.so.6(+0x8175a)[0x7f3a4508b75a]
[hydra06:404587] [ 8] /opt/mpi/openmpi-4.1.4//lib/libmpi.so.40(ompi_group_incl_plist+0x65)[0x7f110164a915]
[hydra11:384303] [12] /lib/x86_64-linux-gnu/libc.so.6(__libc_start_main+0xea)[0x7fcd1e178d7a]
[hydra11:384303] [13] /home/thesis/jheld/MPI_Syrk_implementation/build/src/MPI_SYRK_implementation(+0x232a)[0x55a2f5f1232a]
[hydra05:403870] *** End of error message ***
[hydra09:397032] [ 9] /opt/mpi/openmpi-4.1.4//lib/libmpi.so.40(PMPI_Group_incl+0x95)[0x7fb28ed3c185]
[hydra09:397032] [10] /home/thesis/jheld/MPI_Syrk_implementation/build/src/MPI_SYRK_implementation(+0x841a)[0x5556006b041a]
[hydra09:397032] [11] /home/thesis/jheld/MPI_Syrk_implementation/build/src/MPI_SYRK_implementation(+0x2ab0)[0x5556006aaab0]
[hydra11:384303] *** End of error message ***
[hydra05:403871] [ 6] /lib/x86_64-linux-gnu/libc.so.6(__libc_calloc+0x81)[0x7fba6b737bd1]
[hydra09:397033] [ 5] /lib/x86_64-linux-gnu/libc.so.6(+0x8483c)[0x7f3a4508e83c]
[hydra05:403871] [ 7] /opt/mpi/openmpi-4.1.4//lib/libmpi.so.40(ompi_group_allocate+0x17)[0x7fba6d6051e7]
[hydra09:397032] [12] /lib/x86_64-linux-gnu/libc.so.6(__libc_start_main+0xea)[0x7fb28cddad7a]
[hydra05:403871] [ 8] /opt/mpi/openmpi-4.1.4//lib/libmpi.so.40(ompi_group_incl_plist+0x65)[0x7fba6d605915]
[hydra09:397032] [13] /home/thesis/jheld/MPI_Syrk_implementation/build/src/MPI_SYRK_implementation(+0x232a)[0x5556006aa32a]
[hydra09:397032] *** End of error message ***
[hydra09:397033] [ 6] /lib/x86_64-linux-gnu/libc.so.6(__libc_calloc+0x81)[0x7f3a45090bd1]
[hydra09:397033] [ 7] /opt/mpi/openmpi-4.1.4//lib/libmpi.so.40(ompi_group_allocate+0x17)[0x7f3a46f5e1e7]
[hydra06:404586] [ 9] /opt/mpi/openmpi-4.1.4//lib/libmpi.so.40(PMPI_Group_incl+0x95)[0x7fd972806185]
[hydra06:404586] [10] /home/thesis/jheld/MPI_Syrk_implementation/build/src/MPI_SYRK_implementation(+0x841a)[0x5643af02641a]
[hydra06:404587] [ 9] /opt/mpi/openmpi-4.1.4//lib/libmpi.so.40(PMPI_Group_incl+0x95)[0x7f110167b185]
[hydra06:404587] [10] /home/thesis/jheld/MPI_Syrk_implementation/build/src/MPI_SYRK_implementation(+0x841a)[0x56045749741a]
[hydra06:404587] [11] /home/thesis/jheld/MPI_Syrk_implementation/build/src/MPI_SYRK_implementation(+0x2ab0)[0x560457491ab0]
[hydra05:403871] [ 9] /opt/mpi/openmpi-4.1.4//lib/libmpi.so.40(PMPI_Group_incl+0x95)[0x7fba6d636185]
[hydra05:403871] [10] /home/thesis/jheld/MPI_Syrk_implementation/build/src/MPI_SYRK_implementation(+0x841a)[0x55e013d5141a]
[hydra09:397033] [ 8] /opt/mpi/openmpi-4.1.4//lib/libmpi.so.40(ompi_group_incl_plist+0x65)[0x7f3a46f5e915]
[hydra06:404586] [11] /home/thesis/jheld/MPI_Syrk_implementation/build/src/MPI_SYRK_implementation(+0x2ab0)[0x5643af020ab0]
[hydra05:403871] [11] /home/thesis/jheld/MPI_Syrk_implementation/build/src/MPI_SYRK_implementation(+0x2ab0)[0x55e013d4bab0]
[hydra09:397033] [ 9] /opt/mpi/openmpi-4.1.4//lib/libmpi.so.40(PMPI_Group_incl+0x95)[0x7f3a46f8f185]
[hydra09:397033] [10] /home/thesis/jheld/MPI_Syrk_implementation/build/src/MPI_SYRK_implementation(+0x841a)[0x563397a2f41a]
[hydra06:404586] [12] /lib/x86_64-linux-gnu/libc.so.6(__libc_start_main+0xea)[0x7fd9708a4d7a]
[hydra06:404586] [13] /home/thesis/jheld/MPI_Syrk_implementation/build/src/MPI_SYRK_implementation(+0x232a)[0x5643af02032a]
[hydra06:404586] *** End of error message ***
[hydra05:403871] [12] /lib/x86_64-linux-gnu/libc.so.6(__libc_start_main+0xea)[0x7fba6b6d4d7a]
[hydra05:403871] [13] /home/thesis/jheld/MPI_Syrk_implementation/build/src/MPI_SYRK_implementation(+0x232a)[0x55e013d4b32a]
[hydra09:397033] [11] /home/thesis/jheld/MPI_Syrk_implementation/build/src/MPI_SYRK_implementation(+0x2ab0)[0x563397a29ab0]
[hydra06:404587] [12] /lib/x86_64-linux-gnu/libc.so.6(__libc_start_main+0xea)[0x7f10ff719d7a]
[hydra06:404587] [13] /home/thesis/jheld/MPI_Syrk_implementation/build/src/MPI_SYRK_implementation(+0x232a)[0x56045749132a]
[hydra06:404587] *** End of error message ***
[hydra05:403871] *** End of error message ***
[hydra09:397033] [12] /lib/x86_64-linux-gnu/libc.so.6(__libc_start_main+0xea)[0x7f3a4502dd7a]
[hydra09:397033] [13] /home/thesis/jheld/MPI_Syrk_implementation/build/src/MPI_SYRK_implementation(+0x232a)[0x563397a2932a]
[hydra09:397033] *** End of error message ***
srun: error: hydra08: task 23: Aborted
srun: error: hydra10: task 29: Aborted
srun: error: hydra04: task 11: Aborted
srun: error: hydra07: task 19: Aborted
srun: error: hydra12: task 35: Aborted
srun: error: hydra02: task 3: Aborted
srun: error: hydra11: task 31: Aborted
srun: error: hydra05: tasks 13-14: Aborted
srun: error: hydra06: tasks 16-17: Aborted
srun: error: hydra09: tasks 25-26: Aborted
srun: error: hydra01: tasks 0-2: Aborted
slurmstepd: error:  mpi/pmix_v4: _errhandler: hydra12 [11]: pmixp_client_v2.c:211: Error handler invoked: status = -61, source = [slurm.pmix.5008705.23:35]
slurmstepd: error:  mpi/pmix_v4: _errhandler: hydra08 [7]: pmixp_client_v2.c:211: Error handler invoked: status = -61, source = [slurm.pmix.5008705.23:23]
slurmstepd: error:  mpi/pmix_v4: _errhandler: hydra04 [3]: pmixp_client_v2.c:211: Error handler invoked: status = -61, source = [slurm.pmix.5008705.23:11]
slurmstepd: error:  mpi/pmix_v4: _errhandler: hydra10 [9]: pmixp_client_v2.c:211: Error handler invoked: status = -61, source = [slurm.pmix.5008705.23:29]
slurmstepd: error:  mpi/pmix_v4: _errhandler: hydra05 [4]: pmixp_client_v2.c:211: Error handler invoked: status = -61, source = [slurm.pmix.5008705.23:13]
slurmstepd: error:  mpi/pmix_v4: _errhandler: hydra02 [1]: pmixp_client_v2.c:211: Error handler invoked: status = -61, source = [slurm.pmix.5008705.23:3]
slurmstepd: error:  mpi/pmix_v4: _errhandler: hydra11 [10]: pmixp_client_v2.c:211: Error handler invoked: status = -61, source = [slurm.pmix.5008705.23:31]
slurmstepd: error:  mpi/pmix_v4: _errhandler: hydra07 [6]: pmixp_client_v2.c:211: Error handler invoked: status = -61, source = [slurm.pmix.5008705.23:19]
srun: Job step aborted: Waiting up to 32 seconds for job step to finish.
srun: error: hydra06: task 15: Killed
srun: error: hydra05: task 12: Killed
srun: error: hydra09: task 24: Killed
srun: error: hydra07: tasks 18,20: Killed
srun: error: hydra11: tasks 30,32: Killed
srun: error: hydra10: tasks 27-28: Killed
srun: error: hydra02: tasks 4-5: Killed
srun: error: hydra04: tasks 9-10: Killed
srun: error: hydra08: tasks 21-22: Killed
srun: error: hydra12: tasks 33-34: Killed
srun: error: hydra03: tasks 6-8: Killed
⚠️ Warning: No runtime found for run 24
srun: Warning: can't honor --ntasks-per-node set to 1 which doesn't match the requested tasks 36 with the number of requested nodes 12. Ignoring --ntasks-per-node.
missing input file name --> Generate random input
malloc(): invalid size (unsorted)
[hydra12:384268] *** Process received signal ***
[hydra12:384268] Signal: Aborted (6)
[hydra12:384268] Signal code:  (-6)
malloc(): invalid size (unsorted)
[hydra01:917519] *** Process received signal ***
[hydra01:917519] Signal: Aborted (6)
[hydra01:917519] Signal code:  (-6)
malloc(): invalid size (unsorted)
[hydra11:384366] *** Process received signal ***
[hydra11:384366] Signal: Aborted (6)
[hydra11:384366] Signal code:  (-6)
[hydra01:917519] [ 0] /lib/x86_64-linux-gnu/libc.so.6(+0x38de0)[0x7f932edbdde0]
malloc(): invalid size (unsorted)
malloc(): invalid size (unsorted)
[hydra05:403931] *** Process received signal ***
[hydra05:403931] Signal: Aborted (6)
[hydra05:403931] Signal code:  (-6)
[hydra01:917519] [ 1] /lib/x86_64-linux-gnu/libc.so.6(gsignal+0x141)[0x7f932edbdd61]
[hydra01:917520] *** Process received signal ***
[hydra01:917520] Signal: Aborted (6)
[hydra01:917520] Signal code:  (-6)
[hydra01:917519] [ 2] /lib/x86_64-linux-gnu/libc.so.6(abort+0x123)[0x7f932eda7537]
[hydra01:917519] [ 3] /lib/x86_64-linux-gnu/libc.so.6(+0x7a468)[0x7f932edff468]
[hydra01:917519] [ 4] /lib/x86_64-linux-gnu/libc.so.6(+0x8175a)[0x7f932ee0675a]
malloc(): invalid size (unsorted)
malloc(): invalid size (unsorted)
[hydra07:431027] *** Process received signal ***
[hydra07:431027] Signal: Aborted (6)
[hydra07:431027] Signal code:  (-6)
[hydra05:403933] *** Process received signal ***
malloc(): invalid size (unsorted)
[hydra02:596695] *** Process received signal ***
[hydra02:596695] Signal: Aborted (6)
[hydra02:596695] Signal code:  (-6)
[hydra05:403931] [ 0] /lib/x86_64-linux-gnu/libc.so.6(+0x38de0)[0x7f610494cde0]
malloc(): invalid size (unsorted)
[hydra03:421267] *** Process received signal ***
[hydra03:421267] Signal: Aborted (6)
[hydra03:421267] Signal code:  (-6)
malloc(): invalid size (unsorted)
[hydra04:419969] *** Process received signal ***
[hydra04:419969] Signal: Aborted (6)
[hydra04:419969] Signal code:  (-6)
[hydra01:917519] [ 5] /lib/x86_64-linux-gnu/libc.so.6(+0x8483c)[0x7f932ee0983c]
[hydra05:403933] Signal: Aborted (6)
[hydra05:403933] Signal code:  (-6)
malloc(): invalid size (unsorted)
[hydra06:404648] *** Process received signal ***
[hydra06:404648] Signal: Aborted (6)
[hydra06:404648] Signal code:  (-6)
malloc(): invalid size (unsorted)
[hydra08:406296] *** Process received signal ***
[hydra08:406296] Signal: Aborted (6)
[hydra08:406296] Signal code:  (-6)
[hydra01:917520] [ 0] /lib/x86_64-linux-gnu/libc.so.6(+0x38de0)[0x7f6a277a1de0]
[hydra05:403931] [ 1] /lib/x86_64-linux-gnu/libc.so.6(gsignal+0x141)[0x7f610494cd61]
[hydra01:917520] [ 1] /lib/x86_64-linux-gnu/libc.so.6(gsignal+0x141)[0x7f6a277a1d61]
[hydra05:403931] [ 2] /lib/x86_64-linux-gnu/libc.so.6(abort+0x123)[0x7f6104936537]
[hydra01:917519] [ 6] /lib/x86_64-linux-gnu/libc.so.6(__libc_calloc+0x81)[0x7f932ee0bbd1]
malloc(): invalid size (unsorted)
[hydra09:397096] *** Process received signal ***
[hydra09:397096] Signal: Aborted (6)
[hydra09:397096] Signal code:  (-6)
[hydra05:403931] [ 3] /lib/x86_64-linux-gnu/libc.so.6(+0x7a468)[0x7f610498e468]
[hydra03:421267] [ 0] /lib/x86_64-linux-gnu/libc.so.6(+0x38de0)[0x7f2c0ab69de0]
[hydra01:917520] [ 2] /lib/x86_64-linux-gnu/libc.so.6(abort+0x123)[0x7f6a2778b537]
[hydra05:403933] [ 0] /lib/x86_64-linux-gnu/libc.so.6(+0x38de0)[0x7fcdc2284de0]
[hydra01:917519] [ 7] /opt/mpi/openmpi-4.1.4//lib/libmpi.so.40(ompi_group_allocate+0x17)[0x7f9330cd91e7]
[hydra05:403931] [ 4] /lib/x86_64-linux-gnu/libc.so.6(+0x8175a)[0x7f610499575a]
[hydra03:421267] [ 1] /lib/x86_64-linux-gnu/libc.so.6(gsignal+0x141)[0x7f2c0ab69d61]
malloc(): invalid size (unsorted)
[hydra10:517496] *** Process received signal ***
[hydra10:517496] Signal: Aborted (6)
[hydra10:517496] Signal code:  (-6)
[hydra01:917519] [ 8] /opt/mpi/openmpi-4.1.4//lib/libmpi.so.40(ompi_group_incl_plist+0x65)[0x7f9330cd9915]
[hydra05:403933] [ 1] /lib/x86_64-linux-gnu/libc.so.6(gsignal+0x141)[0x7fcdc2284d61]
[hydra03:421267] [ 2] /lib/x86_64-linux-gnu/libc.so.6(abort+0x123)[0x7f2c0ab53537]
[hydra01:917520] [ 3] /lib/x86_64-linux-gnu/libc.so.6(+0x7a468)[0x7f6a277e3468]
[hydra09:397096] [ 0] /lib/x86_64-linux-gnu/libc.so.6(+0x38de0)[0x7fdfd0a43de0]
[hydra05:403931] [ 5] /lib/x86_64-linux-gnu/libc.so.6(+0x8483c)[0x7f610499883c]
[hydra03:421267] [ 3] /lib/x86_64-linux-gnu/libc.so.6(+0x7a468)[0x7f2c0abab468]
[hydra01:917520] [ 4] /lib/x86_64-linux-gnu/libc.so.6(+0x8175a)[0x7f6a277ea75a]
[hydra05:403933] [ 2] /lib/x86_64-linux-gnu/libc.so.6(abort+0x123)[0x7fcdc226e537]
[hydra03:421267] [ 4] /lib/x86_64-linux-gnu/libc.so.6(+0x8175a)[0x7f2c0abb275a]
[hydra12:384268] [ 0] /lib/x86_64-linux-gnu/libc.so.6(+0x38de0)[0x7f38b2e0bde0]
[hydra01:917519] [ 9] /opt/mpi/openmpi-4.1.4//lib/libmpi.so.40(PMPI_Group_incl+0x95)[0x7f9330d0a185]
[hydra01:917519] [10] /home/thesis/jheld/MPI_Syrk_implementation/build/src/MPI_SYRK_implementation(+0x841a)[0x55f28e29941a]
[hydra01:917519] [11] /home/thesis/jheld/MPI_Syrk_implementation/build/src/MPI_SYRK_implementation(+0x2ab0)[0x55f28e293ab0]
[hydra09:397096] [ 1] /lib/x86_64-linux-gnu/libc.so.6(gsignal+0x141)[0x7fdfd0a43d61]
[hydra05:403931] [ 6] /lib/x86_64-linux-gnu/libc.so.6(__libc_calloc+0x81)[0x7f610499abd1]
[hydra12:384268] [ 1] /lib/x86_64-linux-gnu/libc.so.6(gsignal+0x141)[0x7f38b2e0bd61]
[hydra01:917520] [ 5] /lib/x86_64-linux-gnu/libc.so.6(+0x8483c)[0x7f6a277ed83c]
[hydra11:384366] [ 0] /lib/x86_64-linux-gnu/libc.so.6(+0x38de0)[0x7fb92a3b6de0]
malloc(): invalid size (unsorted)
[hydra02:596696] *** Process received signal ***
[hydra02:596696] Signal: Aborted (6)
[hydra02:596696] Signal code:  (-6)
[hydra09:397096] [ 2] /lib/x86_64-linux-gnu/libc.so.6(abort+0x123)[0x7fdfd0a2d537]
[hydra05:403933] [ 3] /lib/x86_64-linux-gnu/libc.so.6(+0x7a468)[0x7fcdc22c6468]
malloc(): invalid size (unsorted)
[hydra12:384268] [ 2] /lib/x86_64-linux-gnu/libc.so.6(abort+0x123)[0x7f38b2df5537]
[hydra01:917519] [12] /lib/x86_64-linux-gnu/libc.so.6(__libc_start_main+0xea)[0x7f932eda8d7a]
[hydra01:917519] [13] /home/thesis/jheld/MPI_Syrk_implementation/build/src/MPI_SYRK_implementation(+0x232a)[0x55f28e29332a]
[hydra01:917519] *** End of error message ***
[hydra11:384366] [ 1] /lib/x86_64-linux-gnu/libc.so.6(gsignal+0x141)[0x7fb92a3b6d61]
[hydra02:596696] [ 0] /lib/x86_64-linux-gnu/libc.so.6(+0x38de0)[0x7f08e2ed6de0]
[hydra09:397096] [ 3] /lib/x86_64-linux-gnu/libc.so.6(+0x7a468)[0x7fdfd0a85468]
[hydra05:403931] [ 7] /opt/mpi/openmpi-4.1.4//lib/libmpi.so.40(ompi_group_allocate+0x17)[0x7f61068681e7]
[hydra03:421267] [ 5] /lib/x86_64-linux-gnu/libc.so.6(+0x8483c)[0x7f2c0abb583c]
[hydra07:431027] [ 0] /lib/x86_64-linux-gnu/libc.so.6(+0x38de0)[0x7fd383ef7de0]
[hydra12:384268] [ 3] /lib/x86_64-linux-gnu/libc.so.6(+0x7a468)[0x7f38b2e4d468]
[hydra01:917520] [ 6] /lib/x86_64-linux-gnu/libc.so.6(__libc_calloc+0x81)[0x7f6a277efbd1]
[hydra11:384366] [ 2] /lib/x86_64-linux-gnu/libc.so.6(abort+0x123)[0x7fb92a3a0537]
[hydra02:596695] [ 0] /lib/x86_64-linux-gnu/libc.so.6(+0x38de0)[0x7fc6c10e7de0]
[hydra09:397096] [ 4] /lib/x86_64-linux-gnu/libc.so.6(+0x8175a)[0x7fdfd0a8c75a]
[hydra05:403931] [ 8] /opt/mpi/openmpi-4.1.4//lib/libmpi.so.40(ompi_group_incl_plist+0x65)[0x7f6106868915]
[hydra03:421267] [ 6] /lib/x86_64-linux-gnu/libc.so.6(__libc_calloc+0x81)[0x7f2c0abb7bd1]
[hydra04:419969] [ 0] /lib/x86_64-linux-gnu/libc.so.6(+0x38de0)[0x7f85122b6de0]
[hydra07:431028] *** Process received signal ***
[hydra07:431028] Signal: Aborted (6)
[hydra07:431028] Signal code:  (-6)
[hydra12:384268] [ 4] /lib/x86_64-linux-gnu/libc.so.6(+0x8175a)[0x7f38b2e5475a]
[hydra01:917520] [ 7] /opt/mpi/openmpi-4.1.4//lib/libmpi.so.40(ompi_group_allocate+0x17)[0x7f6a296bd1e7]
[hydra11:384366] [ 3] /lib/x86_64-linux-gnu/libc.so.6(+0x7a468)[0x7fb92a3f8468]
[hydra02:596696] [ 1] /lib/x86_64-linux-gnu/libc.so.6(gsignal+0x141)[0x7f08e2ed6d61]
[hydra05:403933] [ 4] /lib/x86_64-linux-gnu/libc.so.6(+0x8175a)[0x7fcdc22cd75a]
[hydra03:421267] [ 7] /opt/mpi/openmpi-4.1.4//lib/libmpi.so.40(ompi_group_allocate+0x17)[0x7f2c0ca851e7]
[hydra04:419969] [ 1] /lib/x86_64-linux-gnu/libc.so.6(gsignal+0x141)[0x7f85122b6d61]
[hydra07:431027] [ 1] /lib/x86_64-linux-gnu/libc.so.6(gsignal+0x141)[0x7fd383ef7d61]
[hydra12:384268] [ 5] /lib/x86_64-linux-gnu/libc.so.6(+0x8483c)[0x7f38b2e5783c]
[hydra01:917520] [ 8] /opt/mpi/openmpi-4.1.4//lib/libmpi.so.40(ompi_group_incl_plist+0x65)[0x7f6a296bd915]
malloc(): invalid size (unsorted)
[hydra02:596695] [ 1] /lib/x86_64-linux-gnu/libc.so.6(gsignal+0x141)[0x7fc6c10e7d61]
[hydra09:397096] [ 5] /lib/x86_64-linux-gnu/libc.so.6(+0x8483c)[0x7fdfd0a8f83c]
[hydra05:403931] [ 9] /opt/mpi/openmpi-4.1.4//lib/libmpi.so.40(PMPI_Group_incl+0x95)[0x7f6106899185]
[hydra05:403931] [10] /home/thesis/jheld/MPI_Syrk_implementation/build/src/MPI_SYRK_implementation(+0x841a)[0x55c3811cb41a]
[hydra03:421267] [ 8] /opt/mpi/openmpi-4.1.4//lib/libmpi.so.40(ompi_group_incl_plist+0x65)[0x7f2c0ca85915]
[hydra04:419969] [ 2] /lib/x86_64-linux-gnu/libc.so.6(abort+0x123)[0x7f85122a0537]
[hydra07:431027] [ 2] /lib/x86_64-linux-gnu/libc.so.6(abort+0x123)[0x7fd383ee1537]
[hydra12:384268] [ 6] /lib/x86_64-linux-gnu/libc.so.6(__libc_calloc+0x81)[0x7f38b2e59bd1]
[hydra01:917520] [ 9] /opt/mpi/openmpi-4.1.4//lib/libmpi.so.40(PMPI_Group_incl+0x95)[0x7f6a296ee185]
[hydra01:917520] [10] /home/thesis/jheld/MPI_Syrk_implementation/build/src/MPI_SYRK_implementation(+0x841a)[0x55d4c51ee41a]
[hydra11:384365] *** Process received signal ***
[hydra02:596695] [ 2] /lib/x86_64-linux-gnu/libc.so.6(abort+0x123)[0x7fc6c10d1537]
[hydra09:397096] [ 6] /lib/x86_64-linux-gnu/libc.so.6(__libc_calloc+0x81)[0x7fdfd0a91bd1]
[hydra05:403933] [ 5] /lib/x86_64-linux-gnu/libc.so.6(+0x8483c)[0x7fcdc22d083c]
[hydra03:421267] [ 9] /opt/mpi/openmpi-4.1.4//lib/libmpi.so.40(PMPI_Group_incl+0x95)[0x7f2c0cab6185]
[hydra03:421267] [10] /home/thesis/jheld/MPI_Syrk_implementation/build/src/MPI_SYRK_implementation(+0x841a)[0x55ec076ef41a]
[hydra04:419969] [ 3] /lib/x86_64-linux-gnu/libc.so.6(+0x7a468)[0x7f85122f8468]
[hydra07:431027] [ 3] /lib/x86_64-linux-gnu/libc.so.6(+0x7a468)[0x7fd383f39468]
[hydra12:384268] [ 7] /opt/mpi/openmpi-4.1.4//lib/libmpi.so.40(ompi_group_allocate+0x17)[0x7f38b4d271e7]
[hydra08:406296] [ 0] /lib/x86_64-linux-gnu/libc.so.6(+0x38de0)[0x7fa1c9de0de0]
[hydra01:917520] [11] /home/thesis/jheld/MPI_Syrk_implementation/build/src/MPI_SYRK_implementation(+0x2ab0)[0x55d4c51e8ab0]
[hydra11:384366] [ 4] /lib/x86_64-linux-gnu/libc.so.6(+0x8175a)[0x7fb92a3ff75a]
[hydra02:596696] [ 2] /lib/x86_64-linux-gnu/libc.so.6(abort+0x123)[0x7f08e2ec0537]
[hydra09:397096] [ 7] /opt/mpi/openmpi-4.1.4//lib/libmpi.so.40(ompi_group_allocate+0x17)[0x7fdfd295f1e7]
[hydra05:403931] [11] /home/thesis/jheld/MPI_Syrk_implementation/build/src/MPI_SYRK_implementation(+0x2ab0)[0x55c3811c5ab0]
[hydra03:421267] [11] /home/thesis/jheld/MPI_Syrk_implementation/build/src/MPI_SYRK_implementation(+0x2ab0)[0x55ec076e9ab0]
[hydra06:404648] [ 0] /lib/x86_64-linux-gnu/libc.so.6(+0x38de0)[0x7f9cccab2de0]
[hydra04:419969] [ 4] /lib/x86_64-linux-gnu/libc.so.6(+0x8175a)[0x7f85122ff75a]
[hydra07:431027] [ 4] /lib/x86_64-linux-gnu/libc.so.6(+0x8175a)[0x7fd383f4075a]
[hydra12:384268] [ 8] /opt/mpi/openmpi-4.1.4//lib/libmpi.so.40(ompi_group_incl_plist+0x65)[0x7f38b4d27915]
[hydra10:517496] [ 0] /lib/x86_64-linux-gnu/libc.so.6(+0x38de0)[0x7f835d856de0]
[hydra08:406296] [ 1] /lib/x86_64-linux-gnu/libc.so.6(gsignal+0x141)[0x7fa1c9de0d61]
[hydra01:917520] [12] /lib/x86_64-linux-gnu/libc.so.6(__libc_start_main+0xea)[0x7f6a2778cd7a]
[hydra11:384365] Signal: Aborted (6)
[hydra11:384365] Signal code:  (-6)
[hydra02:596695] [ 3] /lib/x86_64-linux-gnu/libc.so.6(+0x7a468)[0x7fc6c1129468]
[hydra09:397096] [ 8] /opt/mpi/openmpi-4.1.4//lib/libmpi.so.40(ompi_group_incl_plist+0x65)[0x7fdfd295f915]
[hydra05:403931] [12] /lib/x86_64-linux-gnu/libc.so.6(__libc_start_main+0xea)[0x7f6104937d7a]
[hydra03:421267] [12] /lib/x86_64-linux-gnu/libc.so.6(__libc_start_main+0xea)[0x7f2c0ab54d7a]
[hydra06:404648] [ 1] /lib/x86_64-linux-gnu/libc.so.6(gsignal+0x141)[0x7f9cccab2d61]
[hydra04:419969] [ 5] /lib/x86_64-linux-gnu/libc.so.6(+0x8483c)[0x7f851230283c]
[hydra07:431028] [ 0] /lib/x86_64-linux-gnu/libc.so.6(+0x38de0)[0x7f211085dde0]
[hydra12:384268] [ 9] /opt/mpi/openmpi-4.1.4//lib/libmpi.so.40(PMPI_Group_incl+0x95)[0x7f38b4d58185]
[hydra12:384268] [10] /home/thesis/jheld/MPI_Syrk_implementation/build/src/MPI_SYRK_implementation(+0x841a)[0x55a25888141a]
[hydra10:517496] [ 1] /lib/x86_64-linux-gnu/libc.so.6(gsignal+0x141)[0x7f835d856d61]
[hydra08:406296] [ 2] /lib/x86_64-linux-gnu/libc.so.6(abort+0x123)[0x7fa1c9dca537]
[hydra01:917520] [13] /home/thesis/jheld/MPI_Syrk_implementation/build/src/MPI_SYRK_implementation(+0x232a)[0x55d4c51e832a]
[hydra01:917520] *** End of error message ***
[hydra11:384366] [ 5] /lib/x86_64-linux-gnu/libc.so.6(+0x8483c)[0x7fb92a40283c]
[hydra02:596696] [ 3] /lib/x86_64-linux-gnu/libc.so.6(+0x7a468)[0x7f08e2f18468]
[hydra09:397096] [ 9] /opt/mpi/openmpi-4.1.4//lib/libmpi.so.40(PMPI_Group_incl+0x95)[0x7fdfd2990185]
[hydra09:397096] [10] /home/thesis/jheld/MPI_Syrk_implementation/build/src/MPI_SYRK_implementation(+0x841a)[0x55aa458aa41a]
[hydra05:403933] [ 6] /lib/x86_64-linux-gnu/libc.so.6(__libc_calloc+0x81)[0x7fcdc22d2bd1]
[hydra03:421267] [13] /home/thesis/jheld/MPI_Syrk_implementation/build/src/MPI_SYRK_implementation(+0x232a)[0x55ec076e932a]
[hydra03:421267] *** End of error message ***
[hydra06:404648] [ 2] /lib/x86_64-linux-gnu/libc.so.6(abort+0x123)[0x7f9ccca9c537]
[hydra04:419969] [ 6] /lib/x86_64-linux-gnu/libc.so.6(__libc_calloc+0x81)[0x7f8512304bd1]
[hydra07:431028] [ 1] /lib/x86_64-linux-gnu/libc.so.6(gsignal+0x141)[0x7f211085dd61]
[hydra12:384268] [11] /home/thesis/jheld/MPI_Syrk_implementation/build/src/MPI_SYRK_implementation(+0x2ab0)[0x55a25887bab0]
[hydra10:517496] [ 2] /lib/x86_64-linux-gnu/libc.so.6(abort+0x123)[0x7f835d840537]
[hydra08:406296] [ 3] /lib/x86_64-linux-gnu/libc.so.6(+0x7a468)[0x7fa1c9e22468]
[hydra11:384366] [ 6] /lib/x86_64-linux-gnu/libc.so.6(__libc_calloc+0x81)[0x7fb92a404bd1]
[hydra02:596695] [ 4] /lib/x86_64-linux-gnu/libc.so.6(+0x8175a)[0x7fc6c113075a]
[hydra09:397096] [11] /home/thesis/jheld/MPI_Syrk_implementation/build/src/MPI_SYRK_implementation(+0x2ab0)[0x55aa458a4ab0]
[hydra05:403931] [13] /home/thesis/jheld/MPI_Syrk_implementation/build/src/MPI_SYRK_implementation(+0x232a)[0x55c3811c532a]
[hydra05:403931] *** End of error message ***
[hydra06:404648] [ 3] /lib/x86_64-linux-gnu/libc.so.6(+0x7a468)[0x7f9cccaf4468]
[hydra04:419969] [ 7] /opt/mpi/openmpi-4.1.4//lib/libmpi.so.40(ompi_group_allocate+0x17)[0x7f85141d21e7]
[hydra07:431027] [ 5] /lib/x86_64-linux-gnu/libc.so.6(+0x8483c)[0x7fd383f4383c]
[hydra12:384268] [12] /lib/x86_64-linux-gnu/libc.so.6(__libc_start_main+0xea)[0x7f38b2df6d7a]
[hydra10:517496] [ 3] /lib/x86_64-linux-gnu/libc.so.6(+0x7a468)[0x7f835d898468]
[hydra08:406296] [ 4] /lib/x86_64-linux-gnu/libc.so.6(+0x8175a)[0x7fa1c9e2975a]
[hydra11:384366] [ 7] /opt/mpi/openmpi-4.1.4//lib/libmpi.so.40(ompi_group_allocate+0x17)[0x7fb92c2d21e7]
[hydra02:596696] [ 4] /lib/x86_64-linux-gnu/libc.so.6(+0x8175a)[0x7f08e2f1f75a]
[hydra09:397096] [12] /lib/x86_64-linux-gnu/libc.so.6(__libc_start_main+0xea)[0x7fdfd0a2ed7a]
[hydra09:397096] [13] /home/thesis/jheld/MPI_Syrk_implementation/build/src/MPI_SYRK_implementation(+0x232a)[0x55aa458a432a]
[hydra05:403933] [ 7] /opt/mpi/openmpi-4.1.4//lib/libmpi.so.40(ompi_group_allocate+0x17)[0x7fcdc41a01e7]
[hydra06:404648] [ 4] /lib/x86_64-linux-gnu/libc.so.6(+0x8175a)[0x7f9cccafb75a]
[hydra04:419969] [ 8] /opt/mpi/openmpi-4.1.4//lib/libmpi.so.40(ompi_group_incl_plist+0x65)[0x7f85141d2915]
[hydra07:431028] [ 2] /lib/x86_64-linux-gnu/libc.so.6(abort+0x123)[0x7f2110847537]
[hydra12:384268] [13] /home/thesis/jheld/MPI_Syrk_implementation/build/src/MPI_SYRK_implementation(+0x232a)[0x55a25887b32a]
[hydra12:384268] *** End of error message ***
[hydra10:517496] [ 4] /lib/x86_64-linux-gnu/libc.so.6(+0x8175a)[0x7f835d89f75a]
[hydra08:406296] [ 5] /lib/x86_64-linux-gnu/libc.so.6(+0x8483c)[0x7fa1c9e2c83c]
[hydra11:384365] [ 0] /lib/x86_64-linux-gnu/libc.so.6(+0x38de0)[0x7fbf64947de0]
[hydra02:596696] [ 5] /lib/x86_64-linux-gnu/libc.so.6(+0x8483c)[0x7f08e2f2283c]
[hydra09:397096] *** End of error message ***
[hydra05:403933] [ 8] /opt/mpi/openmpi-4.1.4//lib/libmpi.so.40(ompi_group_incl_plist+0x65)[0x7fcdc41a0915]
[hydra06:404648] [ 5] /lib/x86_64-linux-gnu/libc.so.6(+0x8483c)[0x7f9cccafe83c]
[hydra04:419969] [ 9] /opt/mpi/openmpi-4.1.4//lib/libmpi.so.40(PMPI_Group_incl+0x95)[0x7f8514203185]
[hydra07:431027] [ 6] /lib/x86_64-linux-gnu/libc.so.6(__libc_calloc+0x81)[0x7fd383f45bd1]
[hydra10:517496] [ 5] /lib/x86_64-linux-gnu/libc.so.6(+0x8483c)[0x7f835d8a283c]
[hydra08:406296] [ 6] /lib/x86_64-linux-gnu/libc.so.6(__libc_calloc+0x81)[0x7fa1c9e2ebd1]
[hydra11:384366] [ 8] /opt/mpi/openmpi-4.1.4//lib/libmpi.so.40(ompi_group_incl_plist+0x65)[0x7fb92c2d2915]
[hydra02:596695] [ 5] /lib/x86_64-linux-gnu/libc.so.6(+0x8483c)[0x7fc6c113383c]
[hydra05:403933] [ 9] /opt/mpi/openmpi-4.1.4//lib/libmpi.so.40(PMPI_Group_incl+0x95)[0x7fcdc41d1185]
[hydra06:404648] [ 6] /lib/x86_64-linux-gnu/libc.so.6(__libc_calloc+0x81)[0x7f9cccb00bd1]
[hydra04:419969] [10] /home/thesis/jheld/MPI_Syrk_implementation/build/src/MPI_SYRK_implementation(+0x841a)[0x5618b433441a]
[hydra04:419969] [11] /home/thesis/jheld/MPI_Syrk_implementation/build/src/MPI_SYRK_implementation(+0x2ab0)[0x5618b432eab0]
[hydra07:431027] [ 7] /opt/mpi/openmpi-4.1.4//lib/libmpi.so.40(ompi_group_allocate+0x17)[0x7fd385e131e7]
[hydra10:517496] [ 6] /lib/x86_64-linux-gnu/libc.so.6(__libc_calloc+0x81)[0x7f835d8a4bd1]
[hydra08:406296] [ 7] /opt/mpi/openmpi-4.1.4//lib/libmpi.so.40(ompi_group_allocate+0x17)[0x7fa1cbcfc1e7]
[hydra11:384365] [ 1] /lib/x86_64-linux-gnu/libc.so.6(gsignal+0x141)[0x7fbf64947d61]
[hydra02:596695] [ 6] /lib/x86_64-linux-gnu/libc.so.6(__libc_calloc+0x81)[0x7fc6c1135bd1]
[hydra05:403933] [10] /home/thesis/jheld/MPI_Syrk_implementation/build/src/MPI_SYRK_implementation(+0x841a)[0x55fe7930941a]
[hydra05:403933] [11] /home/thesis/jheld/MPI_Syrk_implementation/build/src/MPI_SYRK_implementation(+0x2ab0)[0x55fe79303ab0]
[hydra06:404648] [ 7] /opt/mpi/openmpi-4.1.4//lib/libmpi.so.40(ompi_group_allocate+0x17)[0x7f9cce9ce1e7]
[hydra04:419969] [12] /lib/x86_64-linux-gnu/libc.so.6(__libc_start_main+0xea)[0x7f85122a1d7a]
[hydra04:419969] [13] /home/thesis/jheld/MPI_Syrk_implementation/build/src/MPI_SYRK_implementation(+0x232a)[0x5618b432e32a]
[hydra07:431028] [ 3] /lib/x86_64-linux-gnu/libc.so.6(+0x7a468)[0x7f211089f468]
[hydra10:517496] [ 7] /opt/mpi/openmpi-4.1.4//lib/libmpi.so.40(ompi_group_allocate+0x17)[0x7f835f7721e7]
[hydra08:406296] [ 8] /opt/mpi/openmpi-4.1.4//lib/libmpi.so.40(ompi_group_incl_plist+0x65)[0x7fa1cbcfc915]
[hydra11:384366] [ 9] /opt/mpi/openmpi-4.1.4//lib/libmpi.so.40(PMPI_Group_incl+0x95)[0x7fb92c303185]
[hydra11:384366] [10] /home/thesis/jheld/MPI_Syrk_implementation/build/src/MPI_SYRK_implementation(+0x841a)[0x5605a651841a]
[hydra02:596696] [ 6] /lib/x86_64-linux-gnu/libc.so.6(__libc_calloc+0x81)[0x7f08e2f24bd1]
[hydra05:403933] [12] /lib/x86_64-linux-gnu/libc.so.6(__libc_start_main+0xea)[0x7fcdc226fd7a]
[hydra05:403933] [13] /home/thesis/jheld/MPI_Syrk_implementation/build/src/MPI_SYRK_implementation(+0x232a)[0x55fe7930332a]
[hydra06:404648] [ 8] /opt/mpi/openmpi-4.1.4//lib/libmpi.so.40(ompi_group_incl_plist+0x65)[0x7f9cce9ce915]
[hydra04:419969] *** End of error message ***
[hydra07:431027] [ 8] /opt/mpi/openmpi-4.1.4//lib/libmpi.so.40(ompi_group_incl_plist+0x65)[0x7fd385e13915]
[hydra10:517496] [ 8] /opt/mpi/openmpi-4.1.4//lib/libmpi.so.40(ompi_group_incl_plist+0x65)[0x7f835f772915]
[hydra08:406296] [ 9] /opt/mpi/openmpi-4.1.4//lib/libmpi.so.40(PMPI_Group_incl+0x95)[0x7fa1cbd2d185]
[hydra08:406296] [10] /home/thesis/jheld/MPI_Syrk_implementation/build/src/MPI_SYRK_implementation(+0x841a)[0x5624ff77f41a]
[hydra11:384365] [ 2] /lib/x86_64-linux-gnu/libc.so.6(abort+0x123)[0x7fbf64931537]
[hydra02:596695] [ 7] /opt/mpi/openmpi-4.1.4//lib/libmpi.so.40(ompi_group_allocate+0x17)[0x7fc6c30031e7]
[hydra05:403933] *** End of error message ***
[hydra06:404648] [ 9] /opt/mpi/openmpi-4.1.4//lib/libmpi.so.40(PMPI_Group_incl+0x95)[0x7f9cce9ff185]
[hydra07:431028] [ 4] /lib/x86_64-linux-gnu/libc.so.6(+0x8175a)[0x7f21108a675a]
[hydra10:517496] [ 9] /opt/mpi/openmpi-4.1.4//lib/libmpi.so.40(PMPI_Group_incl+0x95)[0x7f835f7a3185]
[hydra08:406296] [11] /home/thesis/jheld/MPI_Syrk_implementation/build/src/MPI_SYRK_implementation(+0x2ab0)[0x5624ff779ab0]
[hydra11:384366] [11] /home/thesis/jheld/MPI_Syrk_implementation/build/src/MPI_SYRK_implementation(+0x2ab0)[0x5605a6512ab0]
[hydra02:596696] [ 7] /opt/mpi/openmpi-4.1.4//lib/libmpi.so.40(ompi_group_allocate+0x17)[0x7f08e4df21e7]
[hydra06:404648] [10] /home/thesis/jheld/MPI_Syrk_implementation/build/src/MPI_SYRK_implementation(+0x841a)[0x55835a84a41a]
[hydra06:404648] [11] /home/thesis/jheld/MPI_Syrk_implementation/build/src/MPI_SYRK_implementation(+0x2ab0)[0x55835a844ab0]
[hydra07:431027] [ 9] /opt/mpi/openmpi-4.1.4//lib/libmpi.so.40(PMPI_Group_incl+0x95)[0x7fd385e44185]
[hydra10:517496] [10] /home/thesis/jheld/MPI_Syrk_implementation/build/src/MPI_SYRK_implementation(+0x841a)[0x556654c6c41a]
[hydra10:517496] [11] /home/thesis/jheld/MPI_Syrk_implementation/build/src/MPI_SYRK_implementation(+0x2ab0)[0x556654c66ab0]
[hydra08:406296] [12] /lib/x86_64-linux-gnu/libc.so.6(__libc_start_main+0xea)[0x7fa1c9dcbd7a]
[hydra11:384366] [12] /lib/x86_64-linux-gnu/libc.so.6(__libc_start_main+0xea)[0x7fb92a3a1d7a]
[hydra11:384366] [13] /home/thesis/jheld/MPI_Syrk_implementation/build/src/MPI_SYRK_implementation(+0x232a)[0x5605a651232a]
[hydra11:384366] *** End of error message ***
[hydra02:596695] [ 8] /opt/mpi/openmpi-4.1.4//lib/libmpi.so.40(ompi_group_incl_plist+0x65)[0x7fc6c3003915]
[hydra06:404648] [12] /lib/x86_64-linux-gnu/libc.so.6(__libc_start_main+0xea)[0x7f9ccca9dd7a]
[hydra06:404648] [13] /home/thesis/jheld/MPI_Syrk_implementation/build/src/MPI_SYRK_implementation(+0x232a)[0x55835a84432a]
[hydra07:431027] [10] /home/thesis/jheld/MPI_Syrk_implementation/build/src/MPI_SYRK_implementation(+0x841a)[0x560a7e84741a]
[hydra07:431027] [11] /home/thesis/jheld/MPI_Syrk_implementation/build/src/MPI_SYRK_implementation(+0x2ab0)[0x560a7e841ab0]
[hydra10:517496] [12] /lib/x86_64-linux-gnu/libc.so.6(__libc_start_main+0xea)[0x7f835d841d7a]
[hydra08:406296] [13] /home/thesis/jheld/MPI_Syrk_implementation/build/src/MPI_SYRK_implementation(+0x232a)[0x5624ff77932a]
[hydra08:406296] *** End of error message ***
[hydra11:384365] [ 3] /lib/x86_64-linux-gnu/libc.so.6(+0x7a468)[0x7fbf64989468]
[hydra02:596696] [ 8] /opt/mpi/openmpi-4.1.4//lib/libmpi.so.40(ompi_group_incl_plist+0x65)[0x7f08e4df2915]
[hydra06:404648] *** End of error message ***
[hydra07:431028] [ 5] /lib/x86_64-linux-gnu/libc.so.6(+0x8483c)[0x7f21108a983c]
[hydra10:517496] [13] /home/thesis/jheld/MPI_Syrk_implementation/build/src/MPI_SYRK_implementation(+0x232a)[0x556654c6632a]
[hydra10:517496] *** End of error message ***
[hydra11:384365] [ 4] /lib/x86_64-linux-gnu/libc.so.6(+0x8175a)[0x7fbf6499075a]
[hydra02:596695] [ 9] /opt/mpi/openmpi-4.1.4//lib/libmpi.so.40(PMPI_Group_incl+0x95)[0x7fc6c3034185]
[hydra02:596695] [10] /home/thesis/jheld/MPI_Syrk_implementation/build/src/MPI_SYRK_implementation(+0x841a)[0x55bb8419f41a]
[hydra07:431027] [12] /lib/x86_64-linux-gnu/libc.so.6(__libc_start_main+0xea)[0x7fd383ee2d7a]
[hydra11:384365] [ 5] /lib/x86_64-linux-gnu/libc.so.6(+0x8483c)[0x7fbf6499383c]
[hydra02:596696] [ 9] /opt/mpi/openmpi-4.1.4//lib/libmpi.so.40(PMPI_Group_incl+0x95)[0x7f08e4e23185]
[hydra02:596696] [10] /home/thesis/jheld/MPI_Syrk_implementation/build/src/MPI_SYRK_implementation(+0x841a)[0x55e09ad5241a]
[hydra02:596696] [11] /home/thesis/jheld/MPI_Syrk_implementation/build/src/MPI_SYRK_implementation(+0x2ab0)[0x55e09ad4cab0]
[hydra07:431028] [ 6] /lib/x86_64-linux-gnu/libc.so.6(__libc_calloc+0x81)[0x7f21108abbd1]
[hydra07:431027] [13] /home/thesis/jheld/MPI_Syrk_implementation/build/src/MPI_SYRK_implementation(+0x232a)[0x560a7e84132a]
[hydra07:431027] *** End of error message ***
[hydra07:431028] [ 7] /opt/mpi/openmpi-4.1.4//lib/libmpi.so.40(ompi_group_allocate+0x17)[0x7f21127791e7]
[hydra07:431028] [ 8] /opt/mpi/openmpi-4.1.4//lib/libmpi.so.40(ompi_group_incl_plist+0x65)[0x7f2112779915]
[hydra11:384365] [ 6] /lib/x86_64-linux-gnu/libc.so.6(__libc_calloc+0x81)[0x7fbf64995bd1]
[hydra07:431028] [ 9] /opt/mpi/openmpi-4.1.4//lib/libmpi.so.40(PMPI_Group_incl+0x95)[0x7f21127aa185]
[hydra07:431028] [10] /home/thesis/jheld/MPI_Syrk_implementation/build/src/MPI_SYRK_implementation(+0x841a)[0x55b94419141a]
[hydra11:384365] [ 7] /opt/mpi/openmpi-4.1.4//lib/libmpi.so.40(ompi_group_allocate+0x17)[0x7fbf668631e7]
[hydra07:431028] [11] /home/thesis/jheld/MPI_Syrk_implementation/build/src/MPI_SYRK_implementation(+0x2ab0)[0x55b94418bab0]
[hydra11:384365] [ 8] /opt/mpi/openmpi-4.1.4//lib/libmpi.so.40(ompi_group_incl_plist+0x65)[0x7fbf66863915]
[hydra02:596695] [11] /home/thesis/jheld/MPI_Syrk_implementation/build/src/MPI_SYRK_implementation(+0x2ab0)[0x55bb84199ab0]
[hydra07:431028] [12] /lib/x86_64-linux-gnu/libc.so.6(__libc_start_main+0xea)[0x7f2110848d7a]
[hydra07:431028] [13] /home/thesis/jheld/MPI_Syrk_implementation/build/src/MPI_SYRK_implementation(+0x232a)[0x55b94418b32a]
[hydra07:431028] *** End of error message ***
[hydra11:384365] [ 9] /opt/mpi/openmpi-4.1.4//lib/libmpi.so.40(PMPI_Group_incl+0x95)[0x7fbf66894185]
[hydra11:384365] [10] /home/thesis/jheld/MPI_Syrk_implementation/build/src/MPI_SYRK_implementation(+0x841a)[0x55ba70b3441a]
[hydra02:596695] [12] /lib/x86_64-linux-gnu/libc.so.6(__libc_start_main+0xea)[0x7fc6c10d2d7a]
[hydra02:596695] [13] /home/thesis/jheld/MPI_Syrk_implementation/build/src/MPI_SYRK_implementation(+0x232a)[0x55bb8419932a]
[hydra11:384365] [11] /home/thesis/jheld/MPI_Syrk_implementation/build/src/MPI_SYRK_implementation(+0x2ab0)[0x55ba70b2eab0]
[hydra02:596696] [12] /lib/x86_64-linux-gnu/libc.so.6(__libc_start_main+0xea)[0x7f08e2ec1d7a]
[hydra02:596696] [13] /home/thesis/jheld/MPI_Syrk_implementation/build/src/MPI_SYRK_implementation(+0x232a)[0x55e09ad4c32a]
[hydra02:596696] *** End of error message ***
[hydra11:384365] [12] /lib/x86_64-linux-gnu/libc.so.6(__libc_start_main+0xea)[0x7fbf64932d7a]
[hydra11:384365] [13] /home/thesis/jheld/MPI_Syrk_implementation/build/src/MPI_SYRK_implementation(+0x232a)[0x55ba70b2e32a]
[hydra02:596695] *** End of error message ***
[hydra11:384365] *** End of error message ***
srun: error: hydra10: task 27: Aborted
srun: error: hydra08: task 23: Aborted
srun: error: hydra04: task 11: Aborted
srun: error: hydra09: task 26: Aborted
srun: error: hydra06: task 15: Aborted
srun: error: hydra12: task 35: Aborted
srun: error: hydra05: tasks 12,14: Aborted
srun: error: hydra03: task 7: Aborted
srun: error: hydra11: tasks 31-32: Aborted
srun: error: hydra07: tasks 19-20: Aborted
srun: error: hydra02: tasks 3-4: Aborted
srun: error: hydra01: tasks 1-2: Aborted
slurmstepd: error:  mpi/pmix_v4: _errhandler: hydra08 [7]: pmixp_client_v2.c:211: Error handler invoked: status = -61, source = [slurm.pmix.5008705.24:23]
slurmstepd: error:  mpi/pmix_v4: _errhandler: hydra04 [3]: pmixp_client_v2.c:211: Error handler invoked: status = -61, source = [slurm.pmix.5008705.24:11]
slurmstepd: error:  mpi/pmix_v4: _errhandler: hydra03 [2]: pmixp_client_v2.c:211: Error handler invoked: status = -61, source = [slurm.pmix.5008705.24:7]
slurmstepd: error: *** STEP 5008705.24 ON hydra01 CANCELLED AT 2025-10-13T15:43:05 ***
slurmstepd: error:  mpi/pmix_v4: _errhandler: hydra12 [11]: pmixp_client_v2.c:211: Error handler invoked: status = -61, source = [slurm.pmix.5008705.24:35]
slurmstepd: error:  mpi/pmix_v4: _errhandler: hydra11 [10]: pmixp_client_v2.c:211: Error handler invoked: status = -61, source = [slurm.pmix.5008705.24:32]
slurmstepd: error:  mpi/pmix_v4: _errhandler: hydra06 [5]: pmixp_client_v2.c:211: Error handler invoked: status = -61, source = [slurm.pmix.5008705.24:15]
slurmstepd: error:  mpi/pmix_v4: _errhandler: hydra01 [0]: pmixp_client_v2.c:211: Error handler invoked: status = -61, source = [slurm.pmix.5008705.24:1]
slurmstepd: error:  mpi/pmix_v4: _errhandler: hydra09 [8]: pmixp_client_v2.c:211: Error handler invoked: status = -61, source = [slurm.pmix.5008705.24:26]
slurmstepd: error:  mpi/pmix_v4: _errhandler: hydra10 [9]: pmixp_client_v2.c:211: Error handler invoked: status = -61, source = [slurm.pmix.5008705.24:27]
slurmstepd: error:  mpi/pmix_v4: _errhandler: hydra05 [4]: pmixp_client_v2.c:211: Error handler invoked: status = -61, source = [slurm.pmix.5008705.24:12]
srun: Job step aborted: Waiting up to 32 seconds for job step to finish.
srun: error: hydra02: task 5: Killed
srun: error: hydra05: task 13: Killed
srun: error: hydra01: task 0: Killed
srun: error: hydra11: task 30: Killed
srun: error: hydra07: task 18: Killed
srun: error: hydra08: tasks 21-22: Killed
srun: error: hydra10: tasks 28-29: Killed
srun: error: hydra09: tasks 24-25: Killed
srun: error: hydra04: tasks 9-10: Killed
srun: error: hydra12: tasks 33-34: Killed
srun: error: hydra03: tasks 6,8: Killed
srun: error: hydra06: tasks 16-17: Killed
⚠️ Warning: No runtime found for run 25
srun: Warning: can't honor --ntasks-per-node set to 1 which doesn't match the requested tasks 36 with the number of requested nodes 12. Ignoring --ntasks-per-node.
missing input file name --> Generate random input
malloc(): invalid size (unsorted)
[hydra12:384332] *** Process received signal ***
[hydra12:384332] Signal: Aborted (6)
[hydra12:384332] Signal code:  (-6)
malloc(): invalid size (unsorted)
[hydra01:917611] *** Process received signal ***
[hydra01:917611] Signal: Aborted (6)
[hydra01:917611] Signal code:  (-6)
malloc(): invalid size (unsorted)
[hydra12:384331] *** Process received signal ***
[hydra12:384331] Signal: Aborted (6)
[hydra12:384331] Signal code:  (-6)
malloc(): invalid size (unsorted)
[hydra11:384431] *** Process received signal ***
[hydra11:384431] Signal: Aborted (6)
[hydra11:384431] Signal code:  (-6)
malloc(): invalid size (unsorted)
[hydra12:384332] [ 0] /lib/x86_64-linux-gnu/libc.so.6(+0x38de0)[0x7f553005ede0]
malloc(): invalid size (unsorted)
[hydra05:403996] *** Process received signal ***
[hydra05:403996] Signal: Aborted (6)
[hydra05:403996] Signal code:  (-6)
[hydra01:917611] [ 0] /lib/x86_64-linux-gnu/libc.so.6(+0x38de0)[0x7f0af7fe7de0]
[hydra12:384332] [ 1] /lib/x86_64-linux-gnu/libc.so.6(gsignal+0x141)[0x7f553005ed61]
[hydra01:917611] [ 1] /lib/x86_64-linux-gnu/libc.so.6(gsignal+0x141)[0x7f0af7fe7d61]
[hydra01:917612] *** Process received signal ***
[hydra01:917612] Signal: Aborted (6)
[hydra01:917612] Signal code:  (-6)
[hydra12:384331] [ 0] /lib/x86_64-linux-gnu/libc.so.6(+0x38de0)[0x7f0fc5de8de0]
[hydra01:917611] [ 2] /lib/x86_64-linux-gnu/libc.so.6(abort+0x123)[0x7f0af7fd1537]
[hydra12:384332] [ 2] /lib/x86_64-linux-gnu/libc.so.6(abort+0x123)[0x7f5530048537]
malloc(): invalid size (unsorted)
[hydra02:596775] *** Process received signal ***
[hydra02:596775] Signal: Aborted (6)
[hydra02:596775] Signal code:  (-6)
[hydra01:917611] [ 3] /lib/x86_64-linux-gnu/libc.so.6(+0x7a468)[0x7f0af8029468]
[hydra12:384331] [ 1] /lib/x86_64-linux-gnu/libc.so.6(gsignal+0x141)[0x7f0fc5de8d61]
malloc(): invalid size (unsorted)
[hydra07:431091] *** Process received signal ***
[hydra07:431091] Signal: Aborted (6)
[hydra07:431091] Signal code:  (-6)
malloc(): invalid size (unsorted)
[hydra04:420035] *** Process received signal ***
[hydra04:420035] Signal: Aborted (6)
[hydra04:420035] Signal code:  (-6)
malloc(): invalid size (unsorted)
[hydra09:397160] *** Process received signal ***
[hydra09:397160] Signal: Aborted (6)
[hydra09:397160] Signal code:  (-6)
[hydra12:384332] [ 3] /lib/x86_64-linux-gnu/libc.so.6(+0x7a468)[0x7f55300a0468]
[hydra01:917611] [ 4] /lib/x86_64-linux-gnu/libc.so.6(+0x8175a)[0x7f0af803075a]
malloc(): invalid size (unsorted)
[hydra03:421332] *** Process received signal ***
[hydra03:421332] Signal: Aborted (6)
[hydra03:421332] Signal code:  (-6)
[hydra12:384331] [ 2] /lib/x86_64-linux-gnu/libc.so.6(abort+0x123)[0x7f0fc5dd2537]
malloc(): invalid size (unsorted)
[hydra06:404713] *** Process received signal ***
[hydra06:404713] Signal: Aborted (6)
[hydra06:404713] Signal code:  (-6)
[hydra12:384331] [ 3] /lib/x86_64-linux-gnu/libc.so.6(+0x7a468)[0x7f0fc5e2a468]
malloc(): invalid size (unsorted)
[hydra07:431092] *** Process received signal ***
[hydra07:431092] Signal: Aborted (6)
[hydra07:431092] Signal code:  (-6)
[hydra04:420035] [ 0] /lib/x86_64-linux-gnu/libc.so.6(+0x38de0)[0x7fdc90bb8de0]
malloc(): invalid size (unsorted)
[hydra08:406360] *** Process received signal ***
[hydra08:406360] Signal: Aborted (6)
[hydra08:406360] Signal code:  (-6)
[hydra01:917612] [ 0] /lib/x86_64-linux-gnu/libc.so.6(+0x38de0)[0x7fdd6405fde0]
[hydra12:384332] [ 4] /lib/x86_64-linux-gnu/libc.so.6(+0x8175a)[0x7f55300a775a]
[hydra01:917612] [ 1] /lib/x86_64-linux-gnu/libc.so.6(gsignal+0x141)[0x7fdd6405fd61]
[hydra12:384332] [ 5] /lib/x86_64-linux-gnu/libc.so.6(+0x8483c)[0x7f55300aa83c]
[hydra07:431091] [ 0] /lib/x86_64-linux-gnu/libc.so.6(+0x38de0)[0x7f09279dade0]
[hydra04:420035] [ 1] /lib/x86_64-linux-gnu/libc.so.6(gsignal+0x141)[0x7fdc90bb8d61]
[hydra01:917611] [ 5] /lib/x86_64-linux-gnu/libc.so.6(+0x8483c)[0x7f0af803383c]
[hydra12:384331] [ 4] /lib/x86_64-linux-gnu/libc.so.6(+0x8175a)[0x7f0fc5e3175a]
[hydra07:431092] [ 0] /lib/x86_64-linux-gnu/libc.so.6(+0x38de0)[0x7f43c83c0de0]
[hydra01:917612] [ 2] /lib/x86_64-linux-gnu/libc.so.6(abort+0x123)[0x7fdd64049537]
[hydra12:384331] [ 5] /lib/x86_64-linux-gnu/libc.so.6(+0x8483c)[0x7f0fc5e3483c]
[hydra07:431091] [ 1] /lib/x86_64-linux-gnu/libc.so.6(gsignal+0x141)[0x7f09279dad61]
[hydra04:420035] [ 2] /lib/x86_64-linux-gnu/libc.so.6(abort+0x123)[0x7fdc90ba2537]
[hydra12:384332] [ 6] /lib/x86_64-linux-gnu/libc.so.6(__libc_calloc+0x81)[0x7f55300acbd1]
[hydra07:431092] [ 1] /lib/x86_64-linux-gnu/libc.so.6(gsignal+0x141)[0x7f43c83c0d61]
malloc(): invalid size (unsorted)
[hydra10:517565] *** Process received signal ***
[hydra10:517565] Signal: Aborted (6)
[hydra10:517565] Signal code:  (-6)
[hydra01:917611] [ 6] /lib/x86_64-linux-gnu/libc.so.6(__libc_calloc+0x81)[0x7f0af8035bd1]
[hydra12:384332] [ 7] /opt/mpi/openmpi-4.1.4//lib/libmpi.so.40(ompi_group_allocate+0x17)[0x7f5531f7a1e7]
[hydra07:431091] [ 2] /lib/x86_64-linux-gnu/libc.so.6(abort+0x123)[0x7f09279c4537]
[hydra04:420035] [ 3] /lib/x86_64-linux-gnu/libc.so.6(+0x7a468)[0x7fdc90bfa468]
[hydra01:917611] [ 7] /opt/mpi/openmpi-4.1.4//lib/libmpi.so.40(ompi_group_allocate+0x17)[0x7f0af9f031e7]
[hydra12:384331] [ 6] /lib/x86_64-linux-gnu/libc.so.6(__libc_calloc+0x81)[0x7f0fc5e36bd1]
[hydra07:431092] [ 2] /lib/x86_64-linux-gnu/libc.so.6(abort+0x123)[0x7f43c83aa537]
[hydra04:420035] [ 4] /lib/x86_64-linux-gnu/libc.so.6(+0x8175a)[0x7fdc90c0175a]
[hydra01:917612] [ 3] /lib/x86_64-linux-gnu/libc.so.6(+0x7a468)[0x7fdd640a1468]
[hydra12:384332] [ 8] /opt/mpi/openmpi-4.1.4//lib/libmpi.so.40(ompi_group_incl_plist+0x65)[0x7f5531f7a915]
[hydra07:431091] [ 3] /lib/x86_64-linux-gnu/libc.so.6(+0x7a468)[0x7f0927a1c468]
[hydra01:917611] [ 8] /opt/mpi/openmpi-4.1.4//lib/libmpi.so.40(ompi_group_incl_plist+0x65)[0x7f0af9f03915]
[hydra12:384331] [ 7] /opt/mpi/openmpi-4.1.4//lib/libmpi.so.40(ompi_group_allocate+0x17)[0x7f0fc7d041e7]
[hydra07:431092] [ 3] /lib/x86_64-linux-gnu/libc.so.6(+0x7a468)[0x7f43c8402468]
[hydra04:420035] [ 5] /lib/x86_64-linux-gnu/libc.so.6(+0x8483c)[0x7fdc90c0483c]
[hydra01:917612] [ 4] /lib/x86_64-linux-gnu/libc.so.6(+0x8175a)[0x7fdd640a875a]
[hydra12:384331] [ 8] /opt/mpi/openmpi-4.1.4//lib/libmpi.so.40(ompi_group_incl_plist+0x65)[0x7f0fc7d04915]
[hydra07:431091] [ 4] /lib/x86_64-linux-gnu/libc.so.6(+0x8175a)[0x7f0927a2375a]
[hydra04:420035] [ 6] /lib/x86_64-linux-gnu/libc.so.6(__libc_calloc+0x81)[0x7fdc90c06bd1]
malloc(): invalid size (unsorted)
[hydra11:384431] [ 0] /lib/x86_64-linux-gnu/libc.so.6(+0x38de0)[0x7fe8a19d7de0]
[hydra01:917611] [ 9] /opt/mpi/openmpi-4.1.4//lib/libmpi.so.40(PMPI_Group_incl+0x95)[0x7f0af9f34185]
[hydra01:917611] [10] /home/thesis/jheld/MPI_Syrk_implementation/build/src/MPI_SYRK_implementation(+0x841a)[0x559bd2c6641a]
malloc(): invalid size (unsorted)
[hydra03:421333] *** Process received signal ***
[hydra03:421333] Signal: Aborted (6)
[hydra03:421333] Signal code:  (-6)
[hydra12:384332] [ 9] /opt/mpi/openmpi-4.1.4//lib/libmpi.so.40(PMPI_Group_incl+0x95)[0x7f5531fab185]
[hydra12:384332] [10] /home/thesis/jheld/MPI_Syrk_implementation/build/src/MPI_SYRK_implementation(+0x841a)[0x55c4b9ccc41a]
[hydra12:384332] [11] /home/thesis/jheld/MPI_Syrk_implementation/build/src/MPI_SYRK_implementation(+0x2ab0)[0x55c4b9cc6ab0]
[hydra07:431092] [ 4] /lib/x86_64-linux-gnu/libc.so.6(+0x8175a)[0x7f43c840975a]
[hydra04:420035] [ 7] /opt/mpi/openmpi-4.1.4//lib/libmpi.so.40(ompi_group_allocate+0x17)[0x7fdc92ad41e7]
[hydra05:403996] [ 0] /lib/x86_64-linux-gnu/libc.so.6(+0x38de0)[0x7f2559dd2de0]
malloc(): invalid size (unsorted)
[hydra08:406359] *** Process received signal ***
[hydra11:384431] [ 1] /lib/x86_64-linux-gnu/libc.so.6(gsignal+0x141)[0x7fe8a19d7d61]
[hydra01:917612] [ 5] /lib/x86_64-linux-gnu/libc.so.6(+0x8483c)[0x7fdd640ab83c]
[hydra03:421332] [ 0] /lib/x86_64-linux-gnu/libc.so.6(+0x38de0)[0x7f141ac06de0]
[hydra12:384331] [ 9] /opt/mpi/openmpi-4.1.4//lib/libmpi.so.40(PMPI_Group_incl+0x95)[0x7f0fc7d35185]
[hydra07:431091] [ 5] /lib/x86_64-linux-gnu/libc.so.6(+0x8483c)[0x7f0927a2683c]
[hydra04:420035] [ 8] /opt/mpi/openmpi-4.1.4//lib/libmpi.so.40(ompi_group_incl_plist+0x65)[0x7fdc92ad4915]
[hydra05:403998] *** Process received signal ***
[hydra08:406359] Signal: Aborted (6)
[hydra08:406359] Signal code:  (-6)
[hydra11:384431] [ 2] /lib/x86_64-linux-gnu/libc.so.6(abort+0x123)[0x7fe8a19c1537]
[hydra01:917611] [11] /home/thesis/jheld/MPI_Syrk_implementation/build/src/MPI_SYRK_implementation(+0x2ab0)[0x559bd2c60ab0]
[hydra03:421332] [ 1] /lib/x86_64-linux-gnu/libc.so.6(gsignal+0x141)[0x7f141ac06d61]
[hydra12:384331] [10] /home/thesis/jheld/MPI_Syrk_implementation/build/src/MPI_SYRK_implementation(+0x841a)[0x5578adda241a]
[hydra12:384331] [11] /home/thesis/jheld/MPI_Syrk_implementation/build/src/MPI_SYRK_implementation(+0x2ab0)[0x5578add9cab0]
[hydra07:431092] [ 5] /lib/x86_64-linux-gnu/libc.so.6(+0x8483c)[0x7f43c840c83c]
[hydra04:420035] [ 9] /opt/mpi/openmpi-4.1.4//lib/libmpi.so.40(PMPI_Group_incl+0x95)[0x7fdc92b05185]
[hydra04:420035] [10] /home/thesis/jheld/MPI_Syrk_implementation/build/src/MPI_SYRK_implementation(+0x841a)[0x5570795c941a]
[hydra05:403998] Signal: Aborted (6)
[hydra05:403998] Signal code:  (-6)
[hydra09:397160] [ 0] /lib/x86_64-linux-gnu/libc.so.6(+0x38de0)[0x7ff504590de0]
[hydra08:406360] [ 0] /lib/x86_64-linux-gnu/libc.so.6(+0x38de0)[0x7f31df9c3de0]
[hydra11:384431] [ 3] /lib/x86_64-linux-gnu/libc.so.6(+0x7a468)[0x7fe8a1a19468]
[hydra01:917611] [12] /lib/x86_64-linux-gnu/libc.so.6(__libc_start_main+0xea)[0x7f0af7fd2d7a]
[hydra01:917611] [13] /home/thesis/jheld/MPI_Syrk_implementation/build/src/MPI_SYRK_implementation(+0x232a)[0x559bd2c6032a]
[hydra01:917611] *** End of error message ***
[hydra03:421333] [ 0] /lib/x86_64-linux-gnu/libc.so.6(+0x38de0)[0x7f39cf6d2de0]
[hydra12:384332] [12] /lib/x86_64-linux-gnu/libc.so.6(__libc_start_main+0xea)[0x7f5530049d7a]
[hydra12:384332] [13] /home/thesis/jheld/MPI_Syrk_implementation/build/src/MPI_SYRK_implementation(+0x232a)[0x55c4b9cc632a]
[hydra12:384332] *** End of error message ***
[hydra07:431091] [ 6] /lib/x86_64-linux-gnu/libc.so.6(__libc_calloc+0x81)[0x7f0927a28bd1]
[hydra04:420035] [11] /home/thesis/jheld/MPI_Syrk_implementation/build/src/MPI_SYRK_implementation(+0x2ab0)[0x5570795c3ab0]
[hydra05:403996] [ 1] /lib/x86_64-linux-gnu/libc.so.6(gsignal+0x141)[0x7f2559dd2d61]
[hydra02:596775] [ 0] /lib/x86_64-linux-gnu/libc.so.6(+0x38de0)[0x7f16cf882de0]
[hydra09:397160] [ 1] /lib/x86_64-linux-gnu/libc.so.6(gsignal+0x141)[0x7ff504590d61]
[hydra08:406360] [ 1] /lib/x86_64-linux-gnu/libc.so.6(gsignal+0x141)[0x7f31df9c3d61]
malloc(): invalid size (unsorted)
[hydra01:917612] [ 6] /lib/x86_64-linux-gnu/libc.so.6(__libc_calloc+0x81)[0x7fdd640adbd1]
[hydra01:917612] [ 7] /opt/mpi/openmpi-4.1.4//lib/libmpi.so.40(ompi_group_allocate+0x17)[0x7fdd65f7b1e7]
[hydra03:421332] [ 2] /lib/x86_64-linux-gnu/libc.so.6(abort+0x123)[0x7f141abf0537]
[hydra12:384331] [12] /lib/x86_64-linux-gnu/libc.so.6(__libc_start_main+0xea)[0x7f0fc5dd3d7a]
[hydra12:384331] [13] /home/thesis/jheld/MPI_Syrk_implementation/build/src/MPI_SYRK_implementation(+0x232a)[0x5578add9c32a]
[hydra12:384331] *** End of error message ***
[hydra07:431092] [ 6] /lib/x86_64-linux-gnu/libc.so.6(__libc_calloc+0x81)[0x7f43c840ebd1]
[hydra04:420035] [12] /lib/x86_64-linux-gnu/libc.so.6(__libc_start_main+0xea)[0x7fdc90ba3d7a]
[hydra05:403996] [ 2] /lib/x86_64-linux-gnu/libc.so.6(abort+0x123)[0x7f2559dbc537]
[hydra06:404713] [ 0] /lib/x86_64-linux-gnu/libc.so.6(+0x38de0)[0x7f07b9ee2de0]
[hydra02:596775] [ 1] /lib/x86_64-linux-gnu/libc.so.6(gsignal+0x141)[0x7f16cf882d61]
[hydra09:397160] [ 2] /lib/x86_64-linux-gnu/libc.so.6(abort+0x123)[0x7ff50457a537]
[hydra08:406359] [ 0] /lib/x86_64-linux-gnu/libc.so.6(+0x38de0)[0x7f57e5099de0]
[hydra11:384431] [ 4] /lib/x86_64-linux-gnu/libc.so.6(+0x8175a)[0x7fe8a1a2075a]
[hydra01:917612] [ 8] /opt/mpi/openmpi-4.1.4//lib/libmpi.so.40(ompi_group_incl_plist+0x65)[0x7fdd65f7b915]
[hydra03:421333] [ 1] /lib/x86_64-linux-gnu/libc.so.6(gsignal+0x141)[0x7f39cf6d2d61]
[hydra07:431091] [ 7] /opt/mpi/openmpi-4.1.4//lib/libmpi.so.40(ompi_group_allocate+0x17)[0x7f09298f61e7]
[hydra04:420035] [13] /home/thesis/jheld/MPI_Syrk_implementation/build/src/MPI_SYRK_implementation(+0x232a)[0x5570795c332a]
[hydra04:420035] *** End of error message ***
[hydra05:403996] [ 3] /lib/x86_64-linux-gnu/libc.so.6(+0x7a468)[0x7f2559e14468]
[hydra06:404713] [ 1] /lib/x86_64-linux-gnu/libc.so.6(gsignal+0x141)[0x7f07b9ee2d61]
[hydra10:517565] [ 0] /lib/x86_64-linux-gnu/libc.so.6(+0x38de0)[0x7f324c2d0de0]
[hydra02:596775] [ 2] /lib/x86_64-linux-gnu/libc.so.6(abort+0x123)[0x7f16cf86c537]
[hydra09:397160] [ 3] /lib/x86_64-linux-gnu/libc.so.6(+0x7a468)[0x7ff5045d2468]
[hydra08:406360] [ 2] /lib/x86_64-linux-gnu/libc.so.6(abort+0x123)[0x7f31df9ad537]
[hydra11:384429] *** Process received signal ***
[hydra01:917612] [ 9] /opt/mpi/openmpi-4.1.4//lib/libmpi.so.40(PMPI_Group_incl+0x95)[0x7fdd65fac185]
[hydra01:917612] [10] /home/thesis/jheld/MPI_Syrk_implementation/build/src/MPI_SYRK_implementation(+0x841a)[0x55d0ff2a641a]
[hydra03:421333] [ 2] /lib/x86_64-linux-gnu/libc.so.6(abort+0x123)[0x7f39cf6bc537]
[hydra07:431092] [ 7] /opt/mpi/openmpi-4.1.4//lib/libmpi.so.40(ompi_group_allocate+0x17)[0x7f43ca2dc1e7]
[hydra05:403996] [ 4] /lib/x86_64-linux-gnu/libc.so.6(+0x8175a)[0x7f2559e1b75a]
[hydra06:404713] [ 2] /lib/x86_64-linux-gnu/libc.so.6(abort+0x123)[0x7f07b9ecc537]
[hydra10:517565] [ 1] /lib/x86_64-linux-gnu/libc.so.6(gsignal+0x141)[0x7f324c2d0d61]
[hydra02:596775] [ 3] /lib/x86_64-linux-gnu/libc.so.6(+0x7a468)[0x7f16cf8c4468]
[hydra09:397160] [ 4] /lib/x86_64-linux-gnu/libc.so.6(+0x8175a)[0x7ff5045d975a]
[hydra08:406359] [ 1] /lib/x86_64-linux-gnu/libc.so.6(gsignal+0x141)[0x7f57e5099d61]
[hydra11:384431] [ 5] /lib/x86_64-linux-gnu/libc.so.6(+0x8483c)[0x7fe8a1a2383c]
[hydra01:917612] [11] /home/thesis/jheld/MPI_Syrk_implementation/build/src/MPI_SYRK_implementation(+0x2ab0)[0x55d0ff2a0ab0]
[hydra03:421332] [ 3] /lib/x86_64-linux-gnu/libc.so.6(+0x7a468)[0x7f141ac48468]
[hydra07:431091] [ 8] /opt/mpi/openmpi-4.1.4//lib/libmpi.so.40(ompi_group_incl_plist+0x65)[0x7f09298f6915]
[hydra05:403998] [ 0] /lib/x86_64-linux-gnu/libc.so.6(+0x38de0)[0x7f9d60db3de0]
[hydra06:404713] [ 3] /lib/x86_64-linux-gnu/libc.so.6(+0x7a468)[0x7f07b9f24468]
[hydra10:517565] [ 2] /lib/x86_64-linux-gnu/libc.so.6(abort+0x123)[0x7f324c2ba537]
[hydra02:596775] [ 4] /lib/x86_64-linux-gnu/libc.so.6(+0x8175a)[0x7f16cf8cb75a]
[hydra09:397160] [ 5] /lib/x86_64-linux-gnu/libc.so.6(+0x8483c)[0x7ff5045dc83c]
[hydra08:406360] [ 3] /lib/x86_64-linux-gnu/libc.so.6(+0x7a468)[0x7f31dfa05468]
[hydra11:384429] Signal: Aborted (6)
[hydra11:384429] Signal code:  (-6)
[hydra01:917612] [12] /lib/x86_64-linux-gnu/libc.so.6(__libc_start_main+0xea)[0x7fdd6404ad7a]
[hydra01:917612] [13] /home/thesis/jheld/MPI_Syrk_implementation/build/src/MPI_SYRK_implementation(+0x232a)[0x55d0ff2a032a]
[hydra03:421333] [ 3] /lib/x86_64-linux-gnu/libc.so.6(+0x7a468)[0x7f39cf714468]
[hydra07:431092] [ 8] /opt/mpi/openmpi-4.1.4//lib/libmpi.so.40(ompi_group_incl_plist+0x65)[0x7f43ca2dc915]
[hydra05:403998] [ 1] /lib/x86_64-linux-gnu/libc.so.6(gsignal+0x141)[0x7f9d60db3d61]
[hydra06:404713] [ 4] /lib/x86_64-linux-gnu/libc.so.6(+0x8175a)[0x7f07b9f2b75a]
[hydra10:517565] [ 3] /lib/x86_64-linux-gnu/libc.so.6(+0x7a468)[0x7f324c312468]
[hydra02:596775] [ 5] /lib/x86_64-linux-gnu/libc.so.6(+0x8483c)[0x7f16cf8ce83c]
[hydra09:397160] [ 6] /lib/x86_64-linux-gnu/libc.so.6(__libc_calloc+0x81)[0x7ff5045debd1]
[hydra08:406359] [ 2] /lib/x86_64-linux-gnu/libc.so.6(abort+0x123)[0x7f57e5083537]
[hydra11:384431] [ 6] /lib/x86_64-linux-gnu/libc.so.6(__libc_calloc+0x81)[0x7fe8a1a25bd1]
[hydra01:917612] *** End of error message ***
[hydra03:421332] [ 4] /lib/x86_64-linux-gnu/libc.so.6(+0x8175a)[0x7f141ac4f75a]
[hydra07:431091] [ 9] /opt/mpi/openmpi-4.1.4//lib/libmpi.so.40(PMPI_Group_incl+0x95)[0x7f0929927185]
[hydra05:403996] [ 5] /lib/x86_64-linux-gnu/libc.so.6(+0x8483c)[0x7f2559e1e83c]
[hydra06:404713] [ 5] /lib/x86_64-linux-gnu/libc.so.6(+0x8483c)[0x7f07b9f2e83c]
[hydra10:517565] [ 4] /lib/x86_64-linux-gnu/libc.so.6(+0x8175a)[0x7f324c31975a]
[hydra02:596775] [ 6] /lib/x86_64-linux-gnu/libc.so.6(__libc_calloc+0x81)[0x7f16cf8d0bd1]
[hydra09:397160] [ 7] /opt/mpi/openmpi-4.1.4//lib/libmpi.so.40(ompi_group_allocate+0x17)[0x7ff5064ac1e7]
[hydra08:406360] [ 4] /lib/x86_64-linux-gnu/libc.so.6(+0x8175a)[0x7f31dfa0c75a]
[hydra11:384431] [ 7] /opt/mpi/openmpi-4.1.4//lib/libmpi.so.40(ompi_group_allocate+0x17)[0x7fe8a38f31e7]
[hydra03:421332] [ 5] /lib/x86_64-linux-gnu/libc.so.6(+0x8483c)[0x7f141ac5283c]
[hydra07:431092] [ 9] /opt/mpi/openmpi-4.1.4//lib/libmpi.so.40(PMPI_Group_incl+0x95)[0x7f43ca30d185]
[hydra07:431092] [10] /home/thesis/jheld/MPI_Syrk_implementation/build/src/MPI_SYRK_implementation(+0x841a)[0x5589e40a141a]
[hydra05:403998] [ 2] /lib/x86_64-linux-gnu/libc.so.6(abort+0x123)[0x7f9d60d9d537]
[hydra06:404713] [ 6] /lib/x86_64-linux-gnu/libc.so.6(__libc_calloc+0x81)[0x7f07b9f30bd1]
[hydra10:517565] [ 5] /lib/x86_64-linux-gnu/libc.so.6(+0x8483c)[0x7f324c31c83c]
[hydra02:596775] [ 7] /opt/mpi/openmpi-4.1.4//lib/libmpi.so.40(ompi_group_allocate+0x17)[0x7f16d179e1e7]
[hydra09:397160] [ 8] /opt/mpi/openmpi-4.1.4//lib/libmpi.so.40(ompi_group_incl_plist+0x65)[0x7ff5064ac915]
[hydra08:406359] [ 3] /lib/x86_64-linux-gnu/libc.so.6(+0x7a468)[0x7f57e50db468]
[hydra11:384431] [ 8] /opt/mpi/openmpi-4.1.4//lib/libmpi.so.40(ompi_group_incl_plist+0x65)[0x7fe8a38f3915]
[hydra03:421333] [ 4] /lib/x86_64-linux-gnu/libc.so.6(+0x8175a)[0x7f39cf71b75a]
[hydra07:431091] [10] /home/thesis/jheld/MPI_Syrk_implementation/build/src/MPI_SYRK_implementation(+0x841a)[0x5582f8f7341a]
[hydra07:431091] [11] /home/thesis/jheld/MPI_Syrk_implementation/build/src/MPI_SYRK_implementation(+0x2ab0)[0x5582f8f6dab0]
[hydra05:403996] [ 6] /lib/x86_64-linux-gnu/libc.so.6(__libc_calloc+0x81)[0x7f2559e20bd1]
[hydra06:404713] [ 7] /opt/mpi/openmpi-4.1.4//lib/libmpi.so.40(ompi_group_allocate+0x17)[0x7f07bbdfe1e7]
[hydra10:517565] [ 6] /lib/x86_64-linux-gnu/libc.so.6(__libc_calloc+0x81)[0x7f324c31ebd1]
[hydra02:596775] [ 8] /opt/mpi/openmpi-4.1.4//lib/libmpi.so.40(ompi_group_incl_plist+0x65)[0x7f16d179e915]
[hydra09:397160] [ 9] /opt/mpi/openmpi-4.1.4//lib/libmpi.so.40(PMPI_Group_incl+0x95)[0x7ff5064dd185]
[hydra09:397160] [10] /home/thesis/jheld/MPI_Syrk_implementation/build/src/MPI_SYRK_implementation(+0x841a)[0x562d323c041a]
[hydra08:406360] [ 5] /lib/x86_64-linux-gnu/libc.so.6(+0x8483c)[0x7f31dfa0f83c]
[hydra11:384429] [ 0] /lib/x86_64-linux-gnu/libc.so.6(+0x38de0)[0x7f3123001de0]
[hydra03:421332] [ 6] /lib/x86_64-linux-gnu/libc.so.6(__libc_calloc+0x81)[0x7f141ac54bd1]
[hydra07:431092] [11] /home/thesis/jheld/MPI_Syrk_implementation/build/src/MPI_SYRK_implementation(+0x2ab0)[0x5589e409bab0]
[hydra05:403998] [ 3] /lib/x86_64-linux-gnu/libc.so.6(+0x7a468)[0x7f9d60df5468]
[hydra06:404713] [ 8] /opt/mpi/openmpi-4.1.4//lib/libmpi.so.40(ompi_group_incl_plist+0x65)[0x7f07bbdfe915]
[hydra10:517565] [ 7] /opt/mpi/openmpi-4.1.4//lib/libmpi.so.40(ompi_group_allocate+0x17)[0x7f324e1ec1e7]
[hydra02:596775] [ 9] /opt/mpi/openmpi-4.1.4//lib/libmpi.so.40(PMPI_Group_incl+0x95)[0x7f16d17cf185]
[hydra02:596775] [10] /home/thesis/jheld/MPI_Syrk_implementation/build/src/MPI_SYRK_implementation(+0x841a)[0x555cfb4c241a]
[hydra09:397160] [11] /home/thesis/jheld/MPI_Syrk_implementation/build/src/MPI_SYRK_implementation(+0x2ab0)[0x562d323baab0]
[hydra08:406359] [ 4] /lib/x86_64-linux-gnu/libc.so.6(+0x8175a)[0x7f57e50e275a]
[hydra11:384431] [ 9] /opt/mpi/openmpi-4.1.4//lib/libmpi.so.40(PMPI_Group_incl+0x95)[0x7fe8a3924185]
[hydra11:384431] [10] /home/thesis/jheld/MPI_Syrk_implementation/build/src/MPI_SYRK_implementation(+0x841a)[0x558d3733d41a]
[hydra03:421333] [ 5] /lib/x86_64-linux-gnu/libc.so.6(+0x8483c)[0x7f39cf71e83c]
[hydra07:431091] [12] /lib/x86_64-linux-gnu/libc.so.6(__libc_start_main+0xea)[0x7f09279c5d7a]
[hydra07:431091] [13] /home/thesis/jheld/MPI_Syrk_implementation/build/src/MPI_SYRK_implementation(+0x232a)[0x5582f8f6d32a]
[hydra07:431091] *** End of error message ***
[hydra05:403996] [ 7] /opt/mpi/openmpi-4.1.4//lib/libmpi.so.40(ompi_group_allocate+0x17)[0x7f255bcee1e7]
[hydra06:404713] [ 9] /opt/mpi/openmpi-4.1.4//lib/libmpi.so.40(PMPI_Group_incl+0x95)[0x7f07bbe2f185]
[hydra10:517565] [ 8] /opt/mpi/openmpi-4.1.4//lib/libmpi.so.40(ompi_group_incl_plist+0x65)[0x7f324e1ec915]
[hydra02:596775] [11] /home/thesis/jheld/MPI_Syrk_implementation/build/src/MPI_SYRK_implementation(+0x2ab0)[0x555cfb4bcab0]
[hydra09:397160] [12] /lib/x86_64-linux-gnu/libc.so.6(__libc_start_main+0xea)[0x7ff50457bd7a]
[hydra08:406360] [ 6] /lib/x86_64-linux-gnu/libc.so.6(__libc_calloc+0x81)[0x7f31dfa11bd1]
[hydra11:384429] [ 1] /lib/x86_64-linux-gnu/libc.so.6(gsignal+0x141)[0x7f3123001d61]
[hydra03:421332] [ 7] /opt/mpi/openmpi-4.1.4//lib/libmpi.so.40(ompi_group_allocate+0x17)[0x7f141cb221e7]
[hydra07:431092] [12] /lib/x86_64-linux-gnu/libc.so.6(__libc_start_main+0xea)[0x7f43c83abd7a]
[hydra07:431092] [13] /home/thesis/jheld/MPI_Syrk_implementation/build/src/MPI_SYRK_implementation(+0x232a)[0x5589e409b32a]
[hydra07:431092] *** End of error message ***
[hydra05:403996] [ 8] /opt/mpi/openmpi-4.1.4//lib/libmpi.so.40(ompi_group_incl_plist+0x65)[0x7f255bcee915]
[hydra06:404713] [10] /home/thesis/jheld/MPI_Syrk_implementation/build/src/MPI_SYRK_implementation(+0x841a)[0x559eeca6f41a]
[hydra06:404713] [11] /home/thesis/jheld/MPI_Syrk_implementation/build/src/MPI_SYRK_implementation(+0x2ab0)[0x559eeca69ab0]
[hydra10:517565] [ 9] /opt/mpi/openmpi-4.1.4//lib/libmpi.so.40(PMPI_Group_incl+0x95)[0x7f324e21d185]
[hydra10:517565] [10] /home/thesis/jheld/MPI_Syrk_implementation/build/src/MPI_SYRK_implementation(+0x841a)[0x556d1ad2841a]
[hydra02:596775] [12] /lib/x86_64-linux-gnu/libc.so.6(__libc_start_main+0xea)[0x7f16cf86dd7a]
[hydra02:596775] [13] /home/thesis/jheld/MPI_Syrk_implementation/build/src/MPI_SYRK_implementation(+0x232a)[0x555cfb4bc32a]
[hydra09:397160] [13] /home/thesis/jheld/MPI_Syrk_implementation/build/src/MPI_SYRK_implementation(+0x232a)[0x562d323ba32a]
[hydra09:397160] *** End of error message ***
[hydra08:406359] [ 5] /lib/x86_64-linux-gnu/libc.so.6(+0x8483c)[0x7f57e50e583c]
[hydra11:384431] [11] /home/thesis/jheld/MPI_Syrk_implementation/build/src/MPI_SYRK_implementation(+0x2ab0)[0x558d37337ab0]
[hydra03:421333] [ 6] /lib/x86_64-linux-gnu/libc.so.6(__libc_calloc+0x81)[0x7f39cf720bd1]
[hydra05:403998] [ 4] /lib/x86_64-linux-gnu/libc.so.6(+0x8175a)[0x7f9d60dfc75a]
[hydra06:404713] [12] /lib/x86_64-linux-gnu/libc.so.6(__libc_start_main+0xea)[0x7f07b9ecdd7a]
[hydra06:404713] [13] /home/thesis/jheld/MPI_Syrk_implementation/build/src/MPI_SYRK_implementation(+0x232a)[0x559eeca6932a]
[hydra10:517565] [11] /home/thesis/jheld/MPI_Syrk_implementation/build/src/MPI_SYRK_implementation(+0x2ab0)[0x556d1ad22ab0]
[hydra02:596775] *** End of error message ***
[hydra08:406360] [ 7] /opt/mpi/openmpi-4.1.4//lib/libmpi.so.40(ompi_group_allocate+0x17)[0x7f31e18df1e7]
[hydra11:384431] [12] /lib/x86_64-linux-gnu/libc.so.6(__libc_start_main+0xea)[0x7fe8a19c2d7a]
[hydra11:384431] [13] /home/thesis/jheld/MPI_Syrk_implementation/build/src/MPI_SYRK_implementation(+0x232a)[0x558d3733732a]
[hydra11:384431] *** End of error message ***
[hydra03:421332] [ 8] /opt/mpi/openmpi-4.1.4//lib/libmpi.so.40(ompi_group_incl_plist+0x65)[0x7f141cb22915]
[hydra05:403996] [ 9] /opt/mpi/openmpi-4.1.4//lib/libmpi.so.40(PMPI_Group_incl+0x95)[0x7f255bd1f185]
[hydra05:403996] [10] /home/thesis/jheld/MPI_Syrk_implementation/build/src/MPI_SYRK_implementation(+0x841a)[0x5591a2a6241a]
[hydra06:404713] *** End of error message ***
[hydra10:517565] [12] /lib/x86_64-linux-gnu/libc.so.6(__libc_start_main+0xea)[0x7f324c2bbd7a]
[hydra10:517565] [13] /home/thesis/jheld/MPI_Syrk_implementation/build/src/MPI_SYRK_implementation(+0x232a)[0x556d1ad2232a]
[hydra08:406359] [ 6] /lib/x86_64-linux-gnu/libc.so.6(__libc_calloc+0x81)[0x7f57e50e7bd1]
[hydra11:384429] [ 2] /lib/x86_64-linux-gnu/libc.so.6(abort+0x123)[0x7f3122feb537]
[hydra03:421333] [ 7] /opt/mpi/openmpi-4.1.4//lib/libmpi.so.40(ompi_group_allocate+0x17)[0x7f39d15ee1e7]
[hydra05:403996] [11] /home/thesis/jheld/MPI_Syrk_implementation/build/src/MPI_SYRK_implementation(+0x2ab0)[0x5591a2a5cab0]
[hydra10:517565] *** End of error message ***
[hydra08:406360] [ 8] /opt/mpi/openmpi-4.1.4//lib/libmpi.so.40(ompi_group_incl_plist+0x65)[0x7f31e18df915]
[hydra11:384429] [ 3] /lib/x86_64-linux-gnu/libc.so.6(+0x7a468)[0x7f3123043468]
[hydra03:421333] [ 8] /opt/mpi/openmpi-4.1.4//lib/libmpi.so.40(ompi_group_incl_plist+0x65)[0x7f39d15ee915]
[hydra05:403998] [ 5] /lib/x86_64-linux-gnu/libc.so.6(+0x8483c)[0x7f9d60dff83c]
[hydra08:406359] [ 7] /opt/mpi/openmpi-4.1.4//lib/libmpi.so.40(ompi_group_allocate+0x17)[0x7f57e6fb51e7]
[hydra11:384429] [ 4] /lib/x86_64-linux-gnu/libc.so.6(+0x8175a)[0x7f312304a75a]
[hydra03:421332] [ 9] /opt/mpi/openmpi-4.1.4//lib/libmpi.so.40(PMPI_Group_incl+0x95)[0x7f141cb53185]
[hydra03:421332] [10] /home/thesis/jheld/MPI_Syrk_implementation/build/src/MPI_SYRK_implementation(+0x841a)[0x55cc4271141a]
[hydra03:421332] [11] /home/thesis/jheld/MPI_Syrk_implementation/build/src/MPI_SYRK_implementation(+0x2ab0)[0x55cc4270bab0]
[hydra05:403996] [12] /lib/x86_64-linux-gnu/libc.so.6(__libc_start_main+0xea)[0x7f2559dbdd7a]
[hydra11:384429] [ 5] /lib/x86_64-linux-gnu/libc.so.6(+0x8483c)[0x7f312304d83c]
[hydra03:421333] [ 9] /opt/mpi/openmpi-4.1.4//lib/libmpi.so.40(PMPI_Group_incl+0x95)[0x7f39d161f185]
[hydra03:421333] [10] /home/thesis/jheld/MPI_Syrk_implementation/build/src/MPI_SYRK_implementation(+0x841a)[0x55f777c6841a]
[hydra05:403998] [ 6] /lib/x86_64-linux-gnu/libc.so.6(__libc_calloc+0x81)[0x7f9d60e01bd1]
[hydra05:403996] [13] /home/thesis/jheld/MPI_Syrk_implementation/build/src/MPI_SYRK_implementation(+0x232a)[0x5591a2a5c32a]
[hydra05:403996] *** End of error message ***
[hydra05:403998] [ 7] /opt/mpi/openmpi-4.1.4//lib/libmpi.so.40(ompi_group_allocate+0x17)[0x7f9d62ccf1e7]
[hydra03:421332] [12] /lib/x86_64-linux-gnu/libc.so.6(__libc_start_main+0xea)[0x7f141abf1d7a]
[hydra03:421332] [13] /home/thesis/jheld/MPI_Syrk_implementation/build/src/MPI_SYRK_implementation(+0x232a)[0x55cc4270b32a]
[hydra05:403998] [ 8] /opt/mpi/openmpi-4.1.4//lib/libmpi.so.40(ompi_group_incl_plist+0x65)[0x7f9d62ccf915]
[hydra03:421333] [11] /home/thesis/jheld/MPI_Syrk_implementation/build/src/MPI_SYRK_implementation(+0x2ab0)[0x55f777c62ab0]
[hydra05:403998] [ 9] /opt/mpi/openmpi-4.1.4//lib/libmpi.so.40(PMPI_Group_incl+0x95)[0x7f9d62d00185]
[hydra11:384429] [ 6] /lib/x86_64-linux-gnu/libc.so.6(__libc_calloc+0x81)[0x7f312304fbd1]
[hydra03:421332] *** End of error message ***
[hydra05:403998] [10] /home/thesis/jheld/MPI_Syrk_implementation/build/src/MPI_SYRK_implementation(+0x841a)[0x55afd3e8441a]
[hydra05:403998] [11] /home/thesis/jheld/MPI_Syrk_implementation/build/src/MPI_SYRK_implementation(+0x2ab0)[0x55afd3e7eab0]
[hydra08:406360] [ 9] /opt/mpi/openmpi-4.1.4//lib/libmpi.so.40(PMPI_Group_incl+0x95)[0x7f31e1910185]
[hydra08:406360] [10] /home/thesis/jheld/MPI_Syrk_implementation/build/src/MPI_SYRK_implementation(+0x841a)[0x56015ea6a41a]
[hydra11:384429] [ 7] /opt/mpi/openmpi-4.1.4//lib/libmpi.so.40(ompi_group_allocate+0x17)[0x7f3124f1d1e7]
[hydra03:421333] [12] /lib/x86_64-linux-gnu/libc.so.6(__libc_start_main+0xea)[0x7f39cf6bdd7a]
[hydra03:421333] [13] /home/thesis/jheld/MPI_Syrk_implementation/build/src/MPI_SYRK_implementation(+0x232a)[0x55f777c6232a]
[hydra03:421333] *** End of error message ***
[hydra05:403998] [12] /lib/x86_64-linux-gnu/libc.so.6(__libc_start_main+0xea)[0x7f9d60d9ed7a]
[hydra05:403998] [13] /home/thesis/jheld/MPI_Syrk_implementation/build/src/MPI_SYRK_implementation(+0x232a)[0x55afd3e7e32a]
[hydra08:406359] [ 8] /opt/mpi/openmpi-4.1.4//lib/libmpi.so.40(ompi_group_incl_plist+0x65)[0x7f57e6fb5915]
[hydra11:384429] [ 8] /opt/mpi/openmpi-4.1.4//lib/libmpi.so.40(ompi_group_incl_plist+0x65)[0x7f3124f1d915]
[hydra05:403998] *** End of error message ***
[hydra08:406360] [11] /home/thesis/jheld/MPI_Syrk_implementation/build/src/MPI_SYRK_implementation(+0x2ab0)[0x56015ea64ab0]
[hydra11:384429] [ 9] /opt/mpi/openmpi-4.1.4//lib/libmpi.so.40(PMPI_Group_incl+0x95)[0x7f3124f4e185]
[hydra11:384429] [10] /home/thesis/jheld/MPI_Syrk_implementation/build/src/MPI_SYRK_implementation(+0x841a)[0x55dca732f41a]
[hydra08:406359] [ 9] /opt/mpi/openmpi-4.1.4//lib/libmpi.so.40(PMPI_Group_incl+0x95)[0x7f57e6fe6185]
[hydra11:384429] [11] /home/thesis/jheld/MPI_Syrk_implementation/build/src/MPI_SYRK_implementation(+0x2ab0)[0x55dca7329ab0]
[hydra08:406359] [10] /home/thesis/jheld/MPI_Syrk_implementation/build/src/MPI_SYRK_implementation(+0x841a)[0x5614e2ce541a]
[hydra08:406359] [11] /home/thesis/jheld/MPI_Syrk_implementation/build/src/MPI_SYRK_implementation(+0x2ab0)[0x5614e2cdfab0]
[hydra11:384429] [12] /lib/x86_64-linux-gnu/libc.so.6(__libc_start_main+0xea)[0x7f3122fecd7a]
[hydra11:384429] [13] /home/thesis/jheld/MPI_Syrk_implementation/build/src/MPI_SYRK_implementation(+0x232a)[0x55dca732932a]
[hydra08:406360] [12] /lib/x86_64-linux-gnu/libc.so.6(__libc_start_main+0xea)[0x7f31df9aed7a]
[hydra08:406360] [13] /home/thesis/jheld/MPI_Syrk_implementation/build/src/MPI_SYRK_implementation(+0x232a)[0x56015ea6432a]
[hydra08:406360] *** End of error message ***
[hydra11:384429] *** End of error message ***
[hydra08:406359] [12] /lib/x86_64-linux-gnu/libc.so.6(__libc_start_main+0xea)[0x7f57e5084d7a]
[hydra08:406359] [13] /home/thesis/jheld/MPI_Syrk_implementation/build/src/MPI_SYRK_implementation(+0x232a)[0x5614e2cdf32a]
[hydra08:406359] *** End of error message ***
srun: error: hydra10: task 27: Aborted
srun: error: hydra02: task 3: Aborted
srun: error: hydra04: task 11: Aborted
srun: error: hydra06: task 15: Aborted
srun: error: hydra09: task 25: Aborted
srun: error: hydra05: tasks 12,14: Aborted
srun: error: hydra08: tasks 21-22: Aborted
srun: error: hydra11: tasks 30,32: Aborted
srun: error: hydra07: tasks 18-19: Aborted
srun: error: hydra12: tasks 33-34: Aborted
srun: error: hydra03: tasks 7-8: Aborted
srun: error: hydra01: tasks 1-2: Aborted
slurmstepd: error:  mpi/pmix_v4: _errhandler: hydra05 [4]: pmixp_client_v2.c:211: Error handler invoked: status = -61, source = [slurm.pmix.5008705.25:12]
slurmstepd: error:  mpi/pmix_v4: _errhandler: hydra09 [8]: pmixp_client_v2.c:211: Error handler invoked: status = -61, source = [slurm.pmix.5008705.25:25]
slurmstepd: error:  mpi/pmix_v4: _errhandler: hydra06 [5]: pmixp_client_v2.c:211: Error handler invoked: status = -61, source = [slurm.pmix.5008705.25:15]
slurmstepd: error:  mpi/pmix_v4: _errhandler: hydra11 [10]: pmixp_client_v2.c:211: Error handler invoked: status = -61, source = [slurm.pmix.5008705.25:32]
slurmstepd: error:  mpi/pmix_v4: _errhandler: hydra04 [3]: pmixp_client_v2.c:211: Error handler invoked: status = -61, source = [slurm.pmix.5008705.25:11]
slurmstepd: error:  mpi/pmix_v4: _errhandler: hydra01 [0]: pmixp_client_v2.c:211: Error handler invoked: status = -61, source = [slurm.pmix.5008705.25:1]
slurmstepd: error:  mpi/pmix_v4: _errhandler: hydra10 [9]: pmixp_client_v2.c:211: Error handler invoked: status = -61, source = [slurm.pmix.5008705.25:27]
slurmstepd: error:  mpi/pmix_v4: _errhandler: hydra02 [1]: pmixp_client_v2.c:211: Error handler invoked: status = -61, source = [slurm.pmix.5008705.25:3]
slurmstepd: error:  mpi/pmix_v4: _errhandler: hydra03 [2]: pmixp_client_v2.c:211: Error handler invoked: status = -61, source = [slurm.pmix.5008705.25:7]
slurmstepd: error: *** STEP 5008705.25 ON hydra01 CANCELLED AT 2025-10-13T15:43:06 ***
srun: Job step aborted: Waiting up to 32 seconds for job step to finish.
srun: error: hydra11: task 31: Killed
srun: error: hydra12: task 35: Killed
srun: error: hydra03: task 6: Killed
srun: error: hydra01: task 0: Killed
srun: error: hydra05: task 13: Killed
srun: error: hydra07: task 20: Killed
srun: error: hydra08: task 23: Killed
srun: error: hydra09: tasks 24,26: Killed
srun: error: hydra06: tasks 16-17: Killed
srun: error: hydra10: tasks 28-29: Killed
srun: error: hydra02: tasks 4-5: Killed
srun: error: hydra04: tasks 9-10: Killed
⚠️ Warning: No runtime found for run 26
srun: Warning: can't honor --ntasks-per-node set to 1 which doesn't match the requested tasks 36 with the number of requested nodes 12. Ignoring --ntasks-per-node.
missing input file name --> Generate random input
malloc(): invalid size (unsorted)
[hydra01:917699] *** Process received signal ***
[hydra01:917699] Signal: Aborted (6)
[hydra01:917699] Signal code:  (-6)
malloc(): invalid size (unsorted)
[hydra01:917700] *** Process received signal ***
[hydra01:917700] Signal: Aborted (6)
[hydra01:917700] Signal code:  (-6)
malloc(): invalid size (unsorted)
[hydra12:384395] *** Process received signal ***
[hydra12:384395] Signal: Aborted (6)
[hydra12:384395] Signal code:  (-6)
malloc(): invalid size (unsorted)
[hydra01:917699] [ 0] /lib/x86_64-linux-gnu/libc.so.6(+0x38de0)[0x7f7b8725ede0]
[hydra01:917700] [ 0] /lib/x86_64-linux-gnu/libc.so.6(+0x38de0)[0x7f7c31e9bde0]
[hydra01:917701] *** Process received signal ***
[hydra01:917701] Signal: Aborted (6)
[hydra01:917701] Signal code:  (-6)
[hydra01:917699] [ 1] /lib/x86_64-linux-gnu/libc.so.6(gsignal+0x141)[0x7f7b8725ed61]
malloc(): invalid size (unsorted)
[hydra02:596853] *** Process received signal ***
[hydra02:596853] Signal: Aborted (6)
[hydra02:596853] Signal code:  (-6)
[hydra01:917700] [ 1] /lib/x86_64-linux-gnu/libc.so.6(gsignal+0x141)[0x7f7c31e9bd61]
[hydra01:917700] [ 2] /lib/x86_64-linux-gnu/libc.so.6(abort+0x123)[0x7f7c31e85537]
[hydra01:917699] [ 2] /lib/x86_64-linux-gnu/libc.so.6(abort+0x123)[0x7f7b87248537]
malloc(): invalid size (unsorted)
[hydra05:404058] *** Process received signal ***
[hydra05:404058] Signal: Aborted (6)
[hydra05:404058] Signal code:  (-6)
[hydra01:917699] [ 3] /lib/x86_64-linux-gnu/libc.so.6(+0x7a468)[0x7f7b872a0468]
malloc(): invalid size (unsorted)
[hydra06:404777] *** Process received signal ***
[hydra06:404777] Signal: Aborted (6)
[hydra06:404777] Signal code:  (-6)
malloc(): invalid size (unsorted)
[hydra03:421394] *** Process received signal ***
[hydra03:421394] Signal: Aborted (6)
[hydra03:421394] Signal code:  (-6)
malloc(): invalid size (unsorted)
[hydra09:397222] *** Process received signal ***
[hydra09:397222] Signal: Aborted (6)
[hydra09:397222] Signal code:  (-6)
[hydra01:917700] [ 3] /lib/x86_64-linux-gnu/libc.so.6(+0x7a468)[0x7f7c31edd468]
malloc(): invalid size (unsorted)
[hydra04:420097] *** Process received signal ***
[hydra04:420097] Signal: Aborted (6)
[hydra04:420097] Signal code:  (-6)
[hydra01:917699] [ 4] /lib/x86_64-linux-gnu/libc.so.6(+0x8175a)[0x7f7b872a775a]
[hydra01:917700] [ 4] /lib/x86_64-linux-gnu/libc.so.6(+0x8175a)[0x7f7c31ee475a]
malloc(): invalid size (unsorted)
[hydra12:384393] *** Process received signal ***
[hydra12:384393] Signal: Aborted (6)
[hydra12:384393] Signal code:  (-6)
[hydra12:384395] [ 0] /lib/x86_64-linux-gnu/libc.so.6(+0x38de0)[0x7f292ba57de0]
[hydra01:917701] [ 0] /lib/x86_64-linux-gnu/libc.so.6(+0x38de0)[0x7f2264001de0]
[hydra12:384393] [ 0] /lib/x86_64-linux-gnu/libc.so.6(+0x38de0)[0x7f8cb7b9bde0]
malloc(): invalid size (unsorted)
[hydra08:406423] *** Process received signal ***
[hydra08:406423] Signal: Aborted (6)
[hydra08:406423] Signal code:  (-6)
malloc(): invalid size (unsorted)
[hydra07:431155] *** Process received signal ***
[hydra07:431155] Signal: Aborted (6)
[hydra07:431155] Signal code:  (-6)
[hydra12:384395] [ 1] /lib/x86_64-linux-gnu/libc.so.6(gsignal+0x141)[0x7f292ba57d61]
malloc(): invalid size (unsorted)
[hydra11:384492] *** Process received signal ***
[hydra11:384492] Signal: Aborted (6)
[hydra11:384492] Signal code:  (-6)
malloc(): invalid size (unsorted)
[hydra01:917699] [ 5] /lib/x86_64-linux-gnu/libc.so.6(+0x8483c)[0x7f7b872aa83c]
[hydra12:384393] [ 1] /lib/x86_64-linux-gnu/libc.so.6(gsignal+0x141)[0x7f8cb7b9bd61]
[hydra12:384395] [ 2] /lib/x86_64-linux-gnu/libc.so.6(abort+0x123)[0x7f292ba41537]
[hydra01:917700] [ 5] /lib/x86_64-linux-gnu/libc.so.6(+0x8483c)[0x7f7c31ee783c]
[hydra12:384393] [ 2] /lib/x86_64-linux-gnu/libc.so.6(abort+0x123)[0x7f8cb7b85537]
[hydra01:917701] [ 1] /lib/x86_64-linux-gnu/libc.so.6(gsignal+0x141)[0x7f2264001d61]
[hydra12:384395] [ 3] /lib/x86_64-linux-gnu/libc.so.6(+0x7a468)[0x7f292ba99468]
[hydra01:917699] [ 6] /lib/x86_64-linux-gnu/libc.so.6(__libc_calloc+0x81)[0x7f7b872acbd1]
[hydra12:384393] [ 3] /lib/x86_64-linux-gnu/libc.so.6(+0x7a468)[0x7f8cb7bdd468]
[hydra01:917700] [ 6] /lib/x86_64-linux-gnu/libc.so.6(__libc_calloc+0x81)[0x7f7c31ee9bd1]
[hydra12:384395] [ 4] /lib/x86_64-linux-gnu/libc.so.6(+0x8175a)[0x7f292baa075a]
[hydra01:917701] [ 2] /lib/x86_64-linux-gnu/libc.so.6(abort+0x123)[0x7f2263feb537]
malloc(): invalid size (unsorted)
[hydra12:384393] [ 4] /lib/x86_64-linux-gnu/libc.so.6(+0x8175a)[0x7f8cb7be475a]
[hydra01:917699] [ 7] /opt/mpi/openmpi-4.1.4//lib/libmpi.so.40(ompi_group_allocate+0x17)[0x7f7b8917a1e7]
[hydra05:404060] *** Process received signal ***
[hydra12:384395] [ 5] /lib/x86_64-linux-gnu/libc.so.6(+0x8483c)[0x7f292baa383c]
[hydra01:917700] [ 7] /opt/mpi/openmpi-4.1.4//lib/libmpi.so.40(ompi_group_allocate+0x17)[0x7f7c33db71e7]
[hydra01:917700] [ 8] /opt/mpi/openmpi-4.1.4//lib/libmpi.so.40(ompi_group_incl_plist+0x65)[0x7f7c33db7915]
[hydra05:404058] [ 0] /lib/x86_64-linux-gnu/libc.so.6(+0x38de0)[0x7f44be391de0]
[hydra12:384393] [ 5] /lib/x86_64-linux-gnu/libc.so.6(+0x8483c)[0x7f8cb7be783c]
[hydra01:917701] [ 3] /lib/x86_64-linux-gnu/libc.so.6(+0x7a468)[0x7f2264043468]
[hydra05:404060] Signal: Aborted (6)
[hydra05:404060] Signal code:  (-6)
[hydra12:384395] [ 6] /lib/x86_64-linux-gnu/libc.so.6(__libc_calloc+0x81)[0x7f292baa5bd1]
malloc(): invalid size (unsorted)
[hydra01:917699] [ 8] /opt/mpi/openmpi-4.1.4//lib/libmpi.so.40(ompi_group_incl_plist+0x65)[0x7f7b8917a915]
[hydra05:404058] [ 1] /lib/x86_64-linux-gnu/libc.so.6(gsignal+0x141)[0x7f44be391d61]
[hydra12:384395] [ 7] /opt/mpi/openmpi-4.1.4//lib/libmpi.so.40(ompi_group_allocate+0x17)[0x7f292d9731e7]
[hydra09:397223] *** Process received signal ***
[hydra02:596853] [ 0] /lib/x86_64-linux-gnu/libc.so.6(+0x38de0)[0x7f42c6298de0]
[hydra01:917701] [ 4] /lib/x86_64-linux-gnu/libc.so.6(+0x8175a)[0x7f226404a75a]
[hydra05:404058] [ 2] /lib/x86_64-linux-gnu/libc.so.6(abort+0x123)[0x7f44be37b537]
[hydra12:384393] [ 6] /lib/x86_64-linux-gnu/libc.so.6(__libc_calloc+0x81)[0x7f8cb7be9bd1]
[hydra09:397222] [ 0] /lib/x86_64-linux-gnu/libc.so.6(+0x38de0)[0x7f7b58df3de0]
[hydra02:596853] [ 1] /lib/x86_64-linux-gnu/libc.so.6(gsignal+0x141)[0x7f42c6298d61]
[hydra01:917699] [ 9] /opt/mpi/openmpi-4.1.4//lib/libmpi.so.40(PMPI_Group_incl+0x95)[0x7f7b891ab185]
[hydra01:917699] [10] /home/thesis/jheld/MPI_Syrk_implementation/build/src/MPI_SYRK_implementation(+0x841a)[0x5564a927141a]
[hydra01:917699] [11] /home/thesis/jheld/MPI_Syrk_implementation/build/src/MPI_SYRK_implementation(+0x2ab0)[0x5564a926bab0]
[hydra06:404777] [ 0] /lib/x86_64-linux-gnu/libc.so.6(+0x38de0)[0x7fb3a5224de0]
[hydra05:404058] [ 3] /lib/x86_64-linux-gnu/libc.so.6(+0x7a468)[0x7f44be3d3468]
[hydra12:384393] [ 7] /opt/mpi/openmpi-4.1.4//lib/libmpi.so.40(ompi_group_allocate+0x17)[0x7f8cb9ab71e7]
[hydra09:397223] Signal: Aborted (6)
[hydra09:397223] Signal code:  (-6)
[hydra02:596853] [ 2] /lib/x86_64-linux-gnu/libc.so.6(abort+0x123)[0x7f42c6282537]
[hydra01:917700] [ 9] /opt/mpi/openmpi-4.1.4//lib/libmpi.so.40(PMPI_Group_incl+0x95)[0x7f7c33de8185]
[hydra01:917700] [10] /home/thesis/jheld/MPI_Syrk_implementation/build/src/MPI_SYRK_implementation(+0x841a)[0x5566f4d3841a]
[hydra01:917700] [11] /home/thesis/jheld/MPI_Syrk_implementation/build/src/MPI_SYRK_implementation(+0x2ab0)[0x5566f4d32ab0]
[hydra06:404777] [ 1] /lib/x86_64-linux-gnu/libc.so.6(gsignal+0x141)[0x7fb3a5224d61]
[hydra05:404058] [ 4] /lib/x86_64-linux-gnu/libc.so.6(+0x8175a)[0x7f44be3da75a]
[hydra03:421394] [ 0] /lib/x86_64-linux-gnu/libc.so.6(+0x38de0)[0x7f72c8244de0]
[hydra12:384395] [ 8] /opt/mpi/openmpi-4.1.4//lib/libmpi.so.40(ompi_group_incl_plist+0x65)[0x7f292d973915]
[hydra09:397222] [ 1] /lib/x86_64-linux-gnu/libc.so.6(gsignal+0x141)[0x7f7b58df3d61]
[hydra02:596853] [ 3] /lib/x86_64-linux-gnu/libc.so.6(+0x7a468)[0x7f42c62da468]
[hydra01:917701] [ 5] /lib/x86_64-linux-gnu/libc.so.6(+0x8483c)[0x7f226404d83c]
[hydra06:404777] [ 2] /lib/x86_64-linux-gnu/libc.so.6(abort+0x123)[0x7fb3a520e537]
[hydra05:404060] [ 0] /lib/x86_64-linux-gnu/libc.so.6(+0x38de0)[0x7fa114cafde0]
[hydra03:421394] [ 1] /lib/x86_64-linux-gnu/libc.so.6(gsignal+0x141)[0x7f72c8244d61]
[hydra12:384393] [ 8] /opt/mpi/openmpi-4.1.4//lib/libmpi.so.40(ompi_group_incl_plist+0x65)[0x7f8cb9ab7915]
[hydra09:397222] [ 2] /lib/x86_64-linux-gnu/libc.so.6(abort+0x123)[0x7f7b58ddd537]
[hydra02:596853] [ 4] /lib/x86_64-linux-gnu/libc.so.6(+0x8175a)[0x7f42c62e175a]
[hydra01:917699] [12] /lib/x86_64-linux-gnu/libc.so.6(__libc_start_main+0xea)[0x7f7b87249d7a]
[hydra01:917699] [13] /home/thesis/jheld/MPI_Syrk_implementation/build/src/MPI_SYRK_implementation(+0x232a)[0x5564a926b32a]
[hydra01:917699] *** End of error message ***
[hydra06:404777] [ 3] /lib/x86_64-linux-gnu/libc.so.6(+0x7a468)[0x7fb3a5266468]
[hydra05:404060] [ 1] /lib/x86_64-linux-gnu/libc.so.6(gsignal+0x141)[0x7fa114cafd61]
[hydra03:421394] [ 2] /lib/x86_64-linux-gnu/libc.so.6(abort+0x123)[0x7f72c822e537]
[hydra09:397222] [ 3] /lib/x86_64-linux-gnu/libc.so.6(+0x7a468)[0x7f7b58e35468]
[hydra02:596853] [ 5] /lib/x86_64-linux-gnu/libc.so.6(+0x8483c)[0x7f42c62e483c]
[hydra08:406423] [ 0] /lib/x86_64-linux-gnu/libc.so.6(+0x38de0)[0x7f23d267fde0]
[hydra01:917700] [12] /lib/x86_64-linux-gnu/libc.so.6(__libc_start_main+0xea)[0x7f7c31e86d7a]
[hydra01:917700] [13] /home/thesis/jheld/MPI_Syrk_implementation/build/src/MPI_SYRK_implementation(+0x232a)[0x5566f4d3232a]
[hydra01:917700] *** End of error message ***
[hydra06:404777] [ 4] /lib/x86_64-linux-gnu/libc.so.6(+0x8175a)[0x7fb3a526d75a]
[hydra05:404058] [ 5] /lib/x86_64-linux-gnu/libc.so.6(+0x8483c)[0x7f44be3dd83c]
[hydra03:421394] [ 3] /lib/x86_64-linux-gnu/libc.so.6(+0x7a468)[0x7f72c8286468]
[hydra09:397223] [ 0] /lib/x86_64-linux-gnu/libc.so.6(+0x38de0)[0x7f4ecab43de0]
[hydra02:596853] [ 6] /lib/x86_64-linux-gnu/libc.so.6(__libc_calloc+0x81)[0x7f42c62e6bd1]
[hydra08:406423] [ 1] /lib/x86_64-linux-gnu/libc.so.6(gsignal+0x141)[0x7f23d267fd61]
[hydra01:917701] [ 6] /lib/x86_64-linux-gnu/libc.so.6(__libc_calloc+0x81)[0x7f226404fbd1]
[hydra01:917701] [ 7] /opt/mpi/openmpi-4.1.4//lib/libmpi.so.40(ompi_group_allocate+0x17)[0x7f2265f1d1e7]
[hydra06:404777] [ 5] /lib/x86_64-linux-gnu/libc.so.6(+0x8483c)[0x7fb3a527083c]
[hydra05:404060] [ 2] /lib/x86_64-linux-gnu/libc.so.6(abort+0x123)[0x7fa114c99537]
[hydra03:421394] [ 4] /lib/x86_64-linux-gnu/libc.so.6(+0x8175a)[0x7f72c828d75a]
[hydra09:397222] [ 4] /lib/x86_64-linux-gnu/libc.so.6(+0x8175a)[0x7f7b58e3c75a]
[hydra02:596853] [ 7] /opt/mpi/openmpi-4.1.4//lib/libmpi.so.40(ompi_group_allocate+0x17)[0x7f42c81b41e7]
[hydra11:384492] [ 0] /lib/x86_64-linux-gnu/libc.so.6(+0x38de0)[0x7f3a4e6d6de0]
[hydra08:406423] [ 2] /lib/x86_64-linux-gnu/libc.so.6(abort+0x123)[0x7f23d2669537]
[hydra10:517633] *** Process received signal ***
[hydra10:517633] Signal: Aborted (6)
[hydra10:517633] Signal code:  (-6)
[hydra07:431155] [ 0] /lib/x86_64-linux-gnu/libc.so.6(+0x38de0)[0x7f508fb75de0]
[hydra04:420097] [ 0] /lib/x86_64-linux-gnu/libc.so.6(+0x38de0)[0x7f79c9c63de0]
[hydra01:917701] [ 8] /opt/mpi/openmpi-4.1.4//lib/libmpi.so.40(ompi_group_incl_plist+0x65)[0x7f2265f1d915]
[hydra06:404777] [ 6] /lib/x86_64-linux-gnu/libc.so.6(__libc_calloc+0x81)[0x7fb3a5272bd1]
[hydra05:404058] [ 6] /lib/x86_64-linux-gnu/libc.so.6(__libc_calloc+0x81)[0x7f44be3dfbd1]
[hydra03:421394] [ 5] /lib/x86_64-linux-gnu/libc.so.6(+0x8483c)[0x7f72c829083c]
[hydra09:397223] [ 1] /lib/x86_64-linux-gnu/libc.so.6(gsignal+0x141)[0x7f4ecab43d61]
[hydra02:596853] [ 8] /opt/mpi/openmpi-4.1.4//lib/libmpi.so.40(ompi_group_incl_plist+0x65)[0x7f42c81b4915]
[hydra11:384492] [ 1] /lib/x86_64-linux-gnu/libc.so.6(gsignal+0x141)[0x7f3a4e6d6d61]
[hydra08:406423] [ 3] /lib/x86_64-linux-gnu/libc.so.6(+0x7a468)[0x7f23d26c1468]
[hydra10:517633] [ 0] /lib/x86_64-linux-gnu/libc.so.6(+0x38de0)[0x7ff10b7aade0]
[hydra07:431155] [ 1] /lib/x86_64-linux-gnu/libc.so.6(gsignal+0x141)[0x7f508fb75d61]
[hydra04:420097] [ 1] /lib/x86_64-linux-gnu/libc.so.6(gsignal+0x141)[0x7f79c9c63d61]
[hydra01:917701] [ 9] /opt/mpi/openmpi-4.1.4//lib/libmpi.so.40(PMPI_Group_incl+0x95)[0x7f2265f4e185]
[hydra06:404777] [ 7] /opt/mpi/openmpi-4.1.4//lib/libmpi.so.40(ompi_group_allocate+0x17)[0x7fb3a71401e7]
[hydra05:404060] [ 3] /lib/x86_64-linux-gnu/libc.so.6(+0x7a468)[0x7fa114cf1468]
[hydra03:421394] [ 6] /lib/x86_64-linux-gnu/libc.so.6(__libc_calloc+0x81)[0x7f72c8292bd1]
[hydra09:397222] [ 5] /lib/x86_64-linux-gnu/libc.so.6(+0x8483c)[0x7f7b58e3f83c]
[hydra02:596853] [ 9] /opt/mpi/openmpi-4.1.4//lib/libmpi.so.40(PMPI_Group_incl+0x95)[0x7f42c81e5185]
[hydra11:384492] [ 2] /lib/x86_64-linux-gnu/libc.so.6(abort+0x123)[0x7f3a4e6c0537]
[hydra08:406423] [ 4] /lib/x86_64-linux-gnu/libc.so.6(+0x8175a)[0x7f23d26c875a]
[hydra10:517633] [ 1] /lib/x86_64-linux-gnu/libc.so.6(gsignal+0x141)[0x7ff10b7aad61]
[hydra07:431155] [ 2] /lib/x86_64-linux-gnu/libc.so.6(abort+0x123)[0x7f508fb5f537]
[hydra04:420097] [ 2] /lib/x86_64-linux-gnu/libc.so.6(abort+0x123)[0x7f79c9c4d537]
[hydra01:917701] [10] /home/thesis/jheld/MPI_Syrk_implementation/build/src/MPI_SYRK_implementation(+0x841a)[0x5625ff31241a]
[hydra01:917701] [11] /home/thesis/jheld/MPI_Syrk_implementation/build/src/MPI_SYRK_implementation(+0x2ab0)[0x5625ff30cab0]
[hydra06:404777] [ 8] /opt/mpi/openmpi-4.1.4//lib/libmpi.so.40(ompi_group_incl_plist+0x65)[0x7fb3a7140915]
[hydra05:404058] [ 7] /opt/mpi/openmpi-4.1.4//lib/libmpi.so.40(ompi_group_allocate+0x17)[0x7f44c02ad1e7]
[hydra03:421394] [ 7] /opt/mpi/openmpi-4.1.4//lib/libmpi.so.40(ompi_group_allocate+0x17)[0x7f72ca1601e7]
[hydra09:397223] [ 2] /lib/x86_64-linux-gnu/libc.so.6(abort+0x123)[0x7f4ecab2d537]
[hydra02:596853] [10] /home/thesis/jheld/MPI_Syrk_implementation/build/src/MPI_SYRK_implementation(+0x841a)[0x560f040e941a]
[hydra02:596853] [11] /home/thesis/jheld/MPI_Syrk_implementation/build/src/MPI_SYRK_implementation(+0x2ab0)[0x560f040e3ab0]
[hydra11:384492] [ 3] /lib/x86_64-linux-gnu/libc.so.6(+0x7a468)[0x7f3a4e718468]
[hydra08:406423] [ 5] /lib/x86_64-linux-gnu/libc.so.6(+0x8483c)[0x7f23d26cb83c]
[hydra10:517633] [ 2] /lib/x86_64-linux-gnu/libc.so.6(abort+0x123)[0x7ff10b794537]
[hydra07:431155] [ 3] /lib/x86_64-linux-gnu/libc.so.6(+0x7a468)[0x7f508fbb7468]
[hydra04:420097] [ 3] /lib/x86_64-linux-gnu/libc.so.6(+0x7a468)[0x7f79c9ca5468]
[hydra01:917701] [12] /lib/x86_64-linux-gnu/libc.so.6(__libc_start_main+0xea)[0x7f2263fecd7a]
[hydra06:404777] [ 9] /opt/mpi/openmpi-4.1.4//lib/libmpi.so.40(PMPI_Group_incl+0x95)[0x7fb3a7171185]
[hydra05:404058] [ 8] /opt/mpi/openmpi-4.1.4//lib/libmpi.so.40(ompi_group_incl_plist+0x65)[0x7f44c02ad915]
[hydra03:421394] [ 8] /opt/mpi/openmpi-4.1.4//lib/libmpi.so.40(ompi_group_incl_plist+0x65)[0x7f72ca160915]
[hydra09:397222] [ 6] /lib/x86_64-linux-gnu/libc.so.6(__libc_calloc+0x81)[0x7f7b58e41bd1]
[hydra02:596853] [12] /lib/x86_64-linux-gnu/libc.so.6(__libc_start_main+0xea)[0x7f42c6283d7a]
[hydra02:596853] [13] /home/thesis/jheld/MPI_Syrk_implementation/build/src/MPI_SYRK_implementation(+0x232a)[0x560f040e332a]
[hydra11:384492] [ 4] /lib/x86_64-linux-gnu/libc.so.6(+0x8175a)[0x7f3a4e71f75a]
[hydra08:406423] [ 6] /lib/x86_64-linux-gnu/libc.so.6(__libc_calloc+0x81)[0x7f23d26cdbd1]
[hydra10:517633] [ 3] /lib/x86_64-linux-gnu/libc.so.6(+0x7a468)[0x7ff10b7ec468]
[hydra07:431155] [ 4] /lib/x86_64-linux-gnu/libc.so.6(+0x8175a)[0x7f508fbbe75a]
[hydra04:420097] [ 4] /lib/x86_64-linux-gnu/libc.so.6(+0x8175a)[0x7f79c9cac75a]
[hydra01:917701] [13] /home/thesis/jheld/MPI_Syrk_implementation/build/src/MPI_SYRK_implementation(+0x232a)[0x5625ff30c32a]
[hydra01:917701] *** End of error message ***
[hydra06:404777] [10] /home/thesis/jheld/MPI_Syrk_implementation/build/src/MPI_SYRK_implementation(+0x841a)[0x558bee07b41a]
[hydra06:404777] [11] /home/thesis/jheld/MPI_Syrk_implementation/build/src/MPI_SYRK_implementation(+0x2ab0)[0x558bee075ab0]
[hydra05:404060] [ 4] /lib/x86_64-linux-gnu/libc.so.6(+0x8175a)[0x7fa114cf875a]
[hydra03:421394] [ 9] /opt/mpi/openmpi-4.1.4//lib/libmpi.so.40(PMPI_Group_incl+0x95)[0x7f72ca191185]
[hydra03:421394] [10] /home/thesis/jheld/MPI_Syrk_implementation/build/src/MPI_SYRK_implementation(+0x841a)[0x557af4d8741a]
[hydra09:397223] [ 3] /lib/x86_64-linux-gnu/libc.so.6(+0x7a468)[0x7f4ecab85468]
[hydra02:596853] *** End of error message ***
[hydra11:384492] [ 5] /lib/x86_64-linux-gnu/libc.so.6(+0x8483c)[0x7f3a4e72283c]
[hydra08:406423] [ 7] /opt/mpi/openmpi-4.1.4//lib/libmpi.so.40(ompi_group_allocate+0x17)[0x7f23d459b1e7]
[hydra10:517633] [ 4] /lib/x86_64-linux-gnu/libc.so.6(+0x8175a)[0x7ff10b7f375a]
[hydra07:431155] [ 5] /lib/x86_64-linux-gnu/libc.so.6(+0x8483c)[0x7f508fbc183c]
[hydra04:420097] [ 5] /lib/x86_64-linux-gnu/libc.so.6(+0x8483c)[0x7f79c9caf83c]
[hydra06:404777] [12] /lib/x86_64-linux-gnu/libc.so.6(__libc_start_main+0xea)[0x7fb3a520fd7a]
[hydra05:404058] [ 9] /opt/mpi/openmpi-4.1.4//lib/libmpi.so.40(PMPI_Group_incl+0x95)[0x7f44c02de185]
[hydra03:421394] [11] /home/thesis/jheld/MPI_Syrk_implementation/build/src/MPI_SYRK_implementation(+0x2ab0)[0x557af4d81ab0]
[hydra09:397222] [ 7] /opt/mpi/openmpi-4.1.4//lib/libmpi.so.40(ompi_group_allocate+0x17)[0x7f7b5ad0f1e7]
[hydra11:384492] [ 6] /lib/x86_64-linux-gnu/libc.so.6(__libc_calloc+0x81)[0x7f3a4e724bd1]
[hydra08:406423] [ 8] /opt/mpi/openmpi-4.1.4//lib/libmpi.so.40(ompi_group_incl_plist+0x65)[0x7f23d459b915]
[hydra10:517633] [ 5] /lib/x86_64-linux-gnu/libc.so.6(+0x8483c)[0x7ff10b7f683c]
[hydra07:431155] [ 6] /lib/x86_64-linux-gnu/libc.so.6(__libc_calloc+0x81)[0x7f508fbc3bd1]
[hydra04:420097] [ 6] /lib/x86_64-linux-gnu/libc.so.6(__libc_calloc+0x81)[0x7f79c9cb1bd1]
[hydra06:404777] [13] /home/thesis/jheld/MPI_Syrk_implementation/build/src/MPI_SYRK_implementation(+0x232a)[0x558bee07532a]
[hydra06:404777] *** End of error message ***
[hydra05:404058] [10] /home/thesis/jheld/MPI_Syrk_implementation/build/src/MPI_SYRK_implementation(+0x841a)[0x56446e55241a]
[hydra05:404058] [11] /home/thesis/jheld/MPI_Syrk_implementation/build/src/MPI_SYRK_implementation(+0x2ab0)[0x56446e54cab0]
[hydra03:421394] [12] /lib/x86_64-linux-gnu/libc.so.6(__libc_start_main+0xea)[0x7f72c822fd7a]
[hydra03:421394] [13] /home/thesis/jheld/MPI_Syrk_implementation/build/src/MPI_SYRK_implementation(+0x232a)[0x557af4d8132a]
[hydra09:397222] [ 8] /opt/mpi/openmpi-4.1.4//lib/libmpi.so.40(ompi_group_incl_plist+0x65)[0x7f7b5ad0f915]
[hydra11:384492] [ 7] /opt/mpi/openmpi-4.1.4//lib/libmpi.so.40(ompi_group_allocate+0x17)[0x7f3a505f21e7]
[hydra08:406423] [ 9] /opt/mpi/openmpi-4.1.4//lib/libmpi.so.40(PMPI_Group_incl+0x95)[0x7f23d45cc185]
[hydra08:406423] [10] /home/thesis/jheld/MPI_Syrk_implementation/build/src/MPI_SYRK_implementation(+0x841a)[0x55e3fd27241a]
[hydra10:517633] [ 6] /lib/x86_64-linux-gnu/libc.so.6(__libc_calloc+0x81)[0x7ff10b7f8bd1]
[hydra07:431155] [ 7] /opt/mpi/openmpi-4.1.4//lib/libmpi.so.40(ompi_group_allocate+0x17)[0x7f5091a911e7]
[hydra04:420097] [ 7] /opt/mpi/openmpi-4.1.4//lib/libmpi.so.40(ompi_group_allocate+0x17)[0x7f79cbb7f1e7]
[hydra05:404060] [ 5] /lib/x86_64-linux-gnu/libc.so.6(+0x8483c)[0x7fa114cfb83c]
[hydra03:421394] *** End of error message ***
[hydra09:397223] [ 4] /lib/x86_64-linux-gnu/libc.so.6(+0x8175a)[0x7f4ecab8c75a]
[hydra11:384492] [ 8] /opt/mpi/openmpi-4.1.4//lib/libmpi.so.40(ompi_group_incl_plist+0x65)[0x7f3a505f2915]
[hydra08:406423] [11] /home/thesis/jheld/MPI_Syrk_implementation/build/src/MPI_SYRK_implementation(+0x2ab0)[0x55e3fd26cab0]
[hydra10:517633] [ 7] /opt/mpi/openmpi-4.1.4//lib/libmpi.so.40(ompi_group_allocate+0x17)[0x7ff10d6c61e7]
[hydra07:431155] [ 8] /opt/mpi/openmpi-4.1.4//lib/libmpi.so.40(ompi_group_incl_plist+0x65)[0x7f5091a91915]
[hydra04:420097] [ 8] /opt/mpi/openmpi-4.1.4//lib/libmpi.so.40(ompi_group_incl_plist+0x65)[0x7f79cbb7f915]
[hydra05:404058] [12] /lib/x86_64-linux-gnu/libc.so.6(__libc_start_main+0xea)[0x7f44be37cd7a]
[hydra05:404058] [13] /home/thesis/jheld/MPI_Syrk_implementation/build/src/MPI_SYRK_implementation(+0x232a)[0x56446e54c32a]
[hydra09:397222] [ 9] /opt/mpi/openmpi-4.1.4//lib/libmpi.so.40(PMPI_Group_incl+0x95)[0x7f7b5ad40185]
[hydra11:384492] [ 9] /opt/mpi/openmpi-4.1.4//lib/libmpi.so.40(PMPI_Group_incl+0x95)[0x7f3a50623185]
[hydra11:384492] [10] /home/thesis/jheld/MPI_Syrk_implementation/build/src/MPI_SYRK_implementation(+0x841a)[0x55eb1293b41a]
[hydra08:406423] [12] /lib/x86_64-linux-gnu/libc.so.6(__libc_start_main+0xea)[0x7f23d266ad7a]
[hydra10:517633] [ 8] /opt/mpi/openmpi-4.1.4//lib/libmpi.so.40(ompi_group_incl_plist+0x65)[0x7ff10d6c6915]
[hydra07:431155] [ 9] /opt/mpi/openmpi-4.1.4//lib/libmpi.so.40(PMPI_Group_incl+0x95)[0x7f5091ac2185]
[hydra07:431155] [10] /home/thesis/jheld/MPI_Syrk_implementation/build/src/MPI_SYRK_implementation(+0x841a)[0x55697cba141a]
[hydra04:420097] [ 9] /opt/mpi/openmpi-4.1.4//lib/libmpi.so.40(PMPI_Group_incl+0x95)[0x7f79cbbb0185]
[hydra04:420097] [10] /home/thesis/jheld/MPI_Syrk_implementation/build/src/MPI_SYRK_implementation(+0x841a)[0x5613dffe641a]
[hydra05:404060] [ 6] /lib/x86_64-linux-gnu/libc.so.6(__libc_calloc+0x81)[0x7fa114cfdbd1]
[hydra09:397223] [ 5] /lib/x86_64-linux-gnu/libc.so.6(+0x8483c)[0x7f4ecab8f83c]
[hydra11:384492] [11] /home/thesis/jheld/MPI_Syrk_implementation/build/src/MPI_SYRK_implementation(+0x2ab0)[0x55eb12935ab0]
[hydra08:406423] [13] /home/thesis/jheld/MPI_Syrk_implementation/build/src/MPI_SYRK_implementation(+0x232a)[0x55e3fd26c32a]
[hydra08:406423] *** End of error message ***
[hydra10:517633] [ 9] /opt/mpi/openmpi-4.1.4//lib/libmpi.so.40(PMPI_Group_incl+0x95)[0x7ff10d6f7185]
[hydra07:431155] [11] /home/thesis/jheld/MPI_Syrk_implementation/build/src/MPI_SYRK_implementation(+0x2ab0)[0x55697cb9bab0]
[hydra04:420097] [11] /home/thesis/jheld/MPI_Syrk_implementation/build/src/MPI_SYRK_implementation(+0x2ab0)[0x5613dffe0ab0]
[hydra05:404058] *** End of error message ***
[hydra09:397222] [10] /home/thesis/jheld/MPI_Syrk_implementation/build/src/MPI_SYRK_implementation(+0x841a)[0x559d9f68c41a]
[hydra09:397222] [11] /home/thesis/jheld/MPI_Syrk_implementation/build/src/MPI_SYRK_implementation(+0x2ab0)[0x559d9f686ab0]
[hydra11:384492] [12] /lib/x86_64-linux-gnu/libc.so.6(__libc_start_main+0xea)[0x7f3a4e6c1d7a]
[hydra11:384492] [13] /home/thesis/jheld/MPI_Syrk_implementation/build/src/MPI_SYRK_implementation(+0x232a)[0x55eb1293532a]
[hydra10:517633] [10] /home/thesis/jheld/MPI_Syrk_implementation/build/src/MPI_SYRK_implementation(+0x841a)[0x55897751b41a]
[hydra10:517633] [11] /home/thesis/jheld/MPI_Syrk_implementation/build/src/MPI_SYRK_implementation(+0x2ab0)[0x558977515ab0]
[hydra07:431155] [12] /lib/x86_64-linux-gnu/libc.so.6(__libc_start_main+0xea)[0x7f508fb60d7a]
[hydra04:420097] [12] /lib/x86_64-linux-gnu/libc.so.6(__libc_start_main+0xea)[0x7f79c9c4ed7a]
[hydra05:404060] [ 7] /opt/mpi/openmpi-4.1.4//lib/libmpi.so.40(ompi_group_allocate+0x17)[0x7fa116bcb1e7]
[hydra09:397223] [ 6] /lib/x86_64-linux-gnu/libc.so.6(__libc_calloc+0x81)[0x7f4ecab91bd1]
[hydra11:384492] *** End of error message ***
[hydra10:517633] [12] /lib/x86_64-linux-gnu/libc.so.6(__libc_start_main+0xea)[0x7ff10b795d7a]
[hydra10:517633] [13] /home/thesis/jheld/MPI_Syrk_implementation/build/src/MPI_SYRK_implementation(+0x232a)[0x55897751532a]
[hydra07:431155] [13] /home/thesis/jheld/MPI_Syrk_implementation/build/src/MPI_SYRK_implementation(+0x232a)[0x55697cb9b32a]
[hydra07:431155] *** End of error message ***
[hydra04:420097] [13] /home/thesis/jheld/MPI_Syrk_implementation/build/src/MPI_SYRK_implementation(+0x232a)[0x5613dffe032a]
[hydra04:420097] *** End of error message ***
[hydra05:404060] [ 8] /opt/mpi/openmpi-4.1.4//lib/libmpi.so.40(ompi_group_incl_plist+0x65)[0x7fa116bcb915]
[hydra09:397222] [12] /lib/x86_64-linux-gnu/libc.so.6(__libc_start_main+0xea)[0x7f7b58dded7a]
[hydra09:397222] [13] /home/thesis/jheld/MPI_Syrk_implementation/build/src/MPI_SYRK_implementation(+0x232a)[0x559d9f68632a]
[hydra09:397222] *** End of error message ***
[hydra10:517633] *** End of error message ***
[hydra09:397223] [ 7] /opt/mpi/openmpi-4.1.4//lib/libmpi.so.40(ompi_group_allocate+0x17)[0x7f4ecca5f1e7]
[hydra05:404060] [ 9] /opt/mpi/openmpi-4.1.4//lib/libmpi.so.40(PMPI_Group_incl+0x95)[0x7fa116bfc185]
[hydra05:404060] [10] /home/thesis/jheld/MPI_Syrk_implementation/build/src/MPI_SYRK_implementation(+0x841a)[0x55a518c1a41a]
[hydra05:404060] [11] /home/thesis/jheld/MPI_Syrk_implementation/build/src/MPI_SYRK_implementation(+0x2ab0)[0x55a518c14ab0]
[hydra12:384395] [ 9] /opt/mpi/openmpi-4.1.4//lib/libmpi.so.40(PMPI_Group_incl+0x95)[0x7f292d9a4185]
[hydra12:384395] [10] /home/thesis/jheld/MPI_Syrk_implementation/build/src/MPI_SYRK_implementation(+0x841a)[0x5575b003d41a]
[hydra05:404060] [12] /lib/x86_64-linux-gnu/libc.so.6(__libc_start_main+0xea)[0x7fa114c9ad7a]
[hydra12:384395] [11] /home/thesis/jheld/MPI_Syrk_implementation/build/src/MPI_SYRK_implementation(+0x2ab0)[0x5575b0037ab0]
[hydra09:397223] [ 8] /opt/mpi/openmpi-4.1.4//lib/libmpi.so.40(ompi_group_incl_plist+0x65)[0x7f4ecca5f915]
[hydra05:404060] [13] /home/thesis/jheld/MPI_Syrk_implementation/build/src/MPI_SYRK_implementation(+0x232a)[0x55a518c1432a]
[hydra05:404060] *** End of error message ***
[hydra12:384393] [ 9] /opt/mpi/openmpi-4.1.4//lib/libmpi.so.40(PMPI_Group_incl+0x95)[0x7f8cb9ae8185]
[hydra12:384393] [10] /home/thesis/jheld/MPI_Syrk_implementation/build/src/MPI_SYRK_implementation(+0x841a)[0x5609bacaf41a]
[hydra12:384393] [11] /home/thesis/jheld/MPI_Syrk_implementation/build/src/MPI_SYRK_implementation(+0x2ab0)[0x5609baca9ab0]
[hydra09:397223] [ 9] /opt/mpi/openmpi-4.1.4//lib/libmpi.so.40(PMPI_Group_incl+0x95)[0x7f4ecca90185]
[hydra12:384395] [12] /lib/x86_64-linux-gnu/libc.so.6(__libc_start_main+0xea)[0x7f292ba42d7a]
[hydra12:384395] [13] /home/thesis/jheld/MPI_Syrk_implementation/build/src/MPI_SYRK_implementation(+0x232a)[0x5575b003732a]
[hydra12:384395] *** End of error message ***
[hydra09:397223] [10] /home/thesis/jheld/MPI_Syrk_implementation/build/src/MPI_SYRK_implementation(+0x841a)[0x55c65154241a]
[hydra09:397223] [11] /home/thesis/jheld/MPI_Syrk_implementation/build/src/MPI_SYRK_implementation(+0x2ab0)[0x55c65153cab0]
[hydra12:384393] [12] /lib/x86_64-linux-gnu/libc.so.6(__libc_start_main+0xea)[0x7f8cb7b86d7a]
[hydra09:397223] [12] /lib/x86_64-linux-gnu/libc.so.6(__libc_start_main+0xea)[0x7f4ecab2ed7a]
[hydra09:397223] [13] /home/thesis/jheld/MPI_Syrk_implementation/build/src/MPI_SYRK_implementation(+0x232a)[0x55c65153c32a]
[hydra12:384393] [13] /home/thesis/jheld/MPI_Syrk_implementation/build/src/MPI_SYRK_implementation(+0x232a)[0x5609baca932a]
[hydra12:384393] *** End of error message ***
[hydra09:397223] *** End of error message ***
srun: error: hydra10: task 29: Aborted
srun: error: hydra04: task 11: Aborted
srun: error: hydra08: task 23: Aborted
srun: error: hydra11: task 31: Aborted
srun: error: hydra07: task 20: Aborted
srun: error: hydra03: task 6: Aborted
srun: error: hydra02: task 5: Aborted
srun: error: hydra06: task 17: Aborted
srun: error: hydra09: tasks 25-26: Aborted
srun: error: hydra05: tasks 12,14: Aborted
srun: error: hydra12: tasks 33,35: Aborted
srun: error: hydra01: tasks 0-2: Aborted
slurmstepd: error:  mpi/pmix_v4: _errhandler: hydra11 [10]: pmixp_client_v2.c:211: Error handler invoked: status = -61, source = [slurm.pmix.5008705.26:31]
slurmstepd: error:  mpi/pmix_v4: _errhandler: hydra08 [7]: pmixp_client_v2.c:211: Error handler invoked: status = -61, source = [slurm.pmix.5008705.26:23]
slurmstepd: error:  mpi/pmix_v4: _errhandler: hydra03 [2]: pmixp_client_v2.c:211: Error handler invoked: status = -61, source = [slurm.pmix.5008705.26:6]
slurmstepd: error:  mpi/pmix_v4: _errhandler: hydra06 [5]: pmixp_client_v2.c:211: Error handler invoked: status = -61, source = [slurm.pmix.5008705.26:17]
slurmstepd: error:  mpi/pmix_v4: _errhandler: hydra02 [1]: pmixp_client_v2.c:211: Error handler invoked: status = -61, source = [slurm.pmix.5008705.26:5]
slurmstepd: error:  mpi/pmix_v4: _errhandler: hydra05 [4]: pmixp_client_v2.c:211: Error handler invoked: status = -61, source = [slurm.pmix.5008705.26:12]
slurmstepd: error:  mpi/pmix_v4: _errhandler: hydra10 [9]: pmixp_client_v2.c:211: Error handler invoked: status = -61, source = [slurm.pmix.5008705.26:29]
slurmstepd: error:  mpi/pmix_v4: _errhandler: hydra04 [3]: pmixp_client_v2.c:211: Error handler invoked: status = -61, source = [slurm.pmix.5008705.26:11]
slurmstepd: error:  mpi/pmix_v4: _errhandler: hydra09 [8]: pmixp_client_v2.c:211: Error handler invoked: status = -61, source = [slurm.pmix.5008705.26:26]
slurmstepd: error:  mpi/pmix_v4: _errhandler: hydra07 [6]: pmixp_client_v2.c:211: Error handler invoked: status = -61, source = [slurm.pmix.5008705.26:20]
srun: Job step aborted: Waiting up to 32 seconds for job step to finish.
srun: error: hydra05: task 13: Killed
srun: error: hydra09: task 24: Killed
srun: error: hydra12: task 34: Killed
srun: error: hydra11: tasks 30,32: Killed
srun: error: hydra06: tasks 15-16: Killed
srun: error: hydra07: tasks 18-19: Killed
srun: error: hydra03: tasks 7-8: Killed
srun: error: hydra08: tasks 21-22: Killed
srun: error: hydra10: tasks 27-28: Killed
srun: error: hydra04: tasks 9-10: Killed
srun: error: hydra02: tasks 3-4: Killed
⚠️ Warning: No runtime found for run 27
srun: Warning: can't honor --ntasks-per-node set to 1 which doesn't match the requested tasks 36 with the number of requested nodes 12. Ignoring --ntasks-per-node.
missing input file name --> Generate random input
malloc(): invalid size (unsorted)
[hydra11:384561] *** Process received signal ***
[hydra11:384561] Signal: Aborted (6)
[hydra11:384561] Signal code:  (-6)
malloc(): invalid size (unsorted)
[hydra12:384463] *** Process received signal ***
[hydra12:384463] Signal: Aborted (6)
[hydra12:384463] Signal code:  (-6)
malloc(): invalid size (unsorted)
[hydra01:917795] *** Process received signal ***
[hydra01:917795] Signal: Aborted (6)
[hydra01:917795] Signal code:  (-6)
malloc(): invalid size (unsorted)
[hydra01:917795] [ 0] /lib/x86_64-linux-gnu/libc.so.6(+0x38de0)[0x7f0d42778de0]
[hydra01:917796] *** Process received signal ***
[hydra01:917796] Signal: Aborted (6)
[hydra01:917796] Signal code:  (-6)
malloc(): invalid size (unsorted)
[hydra05:404127] *** Process received signal ***
[hydra05:404127] Signal: Aborted (6)
[hydra05:404127] Signal code:  (-6)
malloc(): invalid size (unsorted)
[hydra09:397289] *** Process received signal ***
[hydra09:397289] Signal: Aborted (6)
[hydra09:397289] Signal code:  (-6)
[hydra01:917795] [ 1] /lib/x86_64-linux-gnu/libc.so.6(gsignal+0x141)[0x7f0d42778d61]
malloc(): invalid size (unsorted)
[hydra06:404844] *** Process received signal ***
[hydra06:404844] Signal: Aborted (6)
[hydra06:404844] Signal code:  (-6)
malloc(): invalid size (unsorted)
[hydra07:431221] *** Process received signal ***
[hydra07:431221] Signal: Aborted (6)
[hydra07:431221] Signal code:  (-6)
malloc(): invalid size (unsorted)
malloc(): invalid size (unsorted)
[hydra03:421462] *** Process received signal ***
[hydra03:421462] Signal: Aborted (6)
[hydra03:421462] Signal code:  (-6)
[hydra01:917795] [ 2] /lib/x86_64-linux-gnu/libc.so.6(abort+0x123)[0x7f0d42762537]
malloc(): invalid size (unsorted)
[hydra02:596936] *** Process received signal ***
[hydra02:596936] Signal: Aborted (6)
[hydra02:596936] Signal code:  (-6)
[hydra09:397289] [ 0] /lib/x86_64-linux-gnu/libc.so.6(+0x38de0)[0x7f0b42d45de0]
[hydra01:917795] [ 3] /lib/x86_64-linux-gnu/libc.so.6(+0x7a468)[0x7f0d427ba468]
malloc(): invalid size (unsorted)
[hydra08:406490] *** Process received signal ***
[hydra08:406490] Signal: Aborted (6)
[hydra08:406490] Signal code:  (-6)
[hydra05:404127] [ 0] /lib/x86_64-linux-gnu/libc.so.6(+0x38de0)[0x7f4dc3051de0]
[hydra01:917796] [ 0] /lib/x86_64-linux-gnu/libc.so.6(+0x38de0)[0x7ff62c908de0]
malloc(): invalid size (unsorted)
[hydra04:420164] *** Process received signal ***
[hydra04:420164] Signal: Aborted (6)
[hydra04:420164] Signal code:  (-6)
[hydra05:404128] *** Process received signal ***
[hydra05:404128] Signal: Aborted (6)
[hydra05:404128] Signal code:  (-6)
[hydra09:397289] [ 1] /lib/x86_64-linux-gnu/libc.so.6(gsignal+0x141)[0x7f0b42d45d61]
[hydra01:917795] [ 4] /lib/x86_64-linux-gnu/libc.so.6(+0x8175a)[0x7f0d427c175a]
[hydra05:404127] [ 1] /lib/x86_64-linux-gnu/libc.so.6(gsignal+0x141)[0x7f4dc3051d61]
[hydra01:917796] [ 1] /lib/x86_64-linux-gnu/libc.so.6(gsignal+0x141)[0x7ff62c908d61]
[hydra05:404127] [ 2] /lib/x86_64-linux-gnu/libc.so.6(abort+0x123)[0x7f4dc303b537]
[hydra09:397289] [ 2] /lib/x86_64-linux-gnu/libc.so.6(abort+0x123)[0x7f0b42d2f537]
malloc(): invalid size (unsorted)
[hydra10:517703] *** Process received signal ***
[hydra10:517703] Signal: Aborted (6)
[hydra10:517703] Signal code:  (-6)
[hydra01:917795] [ 5] /lib/x86_64-linux-gnu/libc.so.6(+0x8483c)[0x7f0d427c483c]
[hydra05:404127] [ 3] /lib/x86_64-linux-gnu/libc.so.6(+0x7a468)[0x7f4dc3093468]
[hydra01:917796] [ 2] /lib/x86_64-linux-gnu/libc.so.6(abort+0x123)[0x7ff62c8f2537]
[hydra09:397289] [ 3] /lib/x86_64-linux-gnu/libc.so.6(+0x7a468)[0x7f0b42d87468]
[hydra01:917795] [ 6] /lib/x86_64-linux-gnu/libc.so.6(__libc_calloc+0x81)[0x7f0d427c6bd1]
[hydra05:404127] [ 4] /lib/x86_64-linux-gnu/libc.so.6(+0x8175a)[0x7f4dc309a75a]
[hydra09:397289] [ 4] /lib/x86_64-linux-gnu/libc.so.6(+0x8175a)[0x7f0b42d8e75a]
[hydra01:917796] [ 3] /lib/x86_64-linux-gnu/libc.so.6(+0x7a468)[0x7ff62c94a468]
[hydra05:404128] [ 0] /lib/x86_64-linux-gnu/libc.so.6(+0x38de0)[0x7f73f06cbde0]
[hydra11:384561] [ 0] /lib/x86_64-linux-gnu/libc.so.6(+0x38de0)[0x7ff33d681de0]
[hydra01:917795] [ 7] /opt/mpi/openmpi-4.1.4//lib/libmpi.so.40(ompi_group_allocate+0x17)[0x7f0d446941e7]
[hydra05:404128] [ 1] /lib/x86_64-linux-gnu/libc.so.6(gsignal+0x141)[0x7f73f06cbd61]
[hydra09:397289] [ 5] /lib/x86_64-linux-gnu/libc.so.6(+0x8483c)[0x7f0b42d9183c]
[hydra11:384561] [ 1] /lib/x86_64-linux-gnu/libc.so.6(gsignal+0x141)[0x7ff33d681d61]
[hydra12:384463] [ 0] /lib/x86_64-linux-gnu/libc.so.6(+0x38de0)[0x7f794de70de0]
[hydra01:917796] [ 4] /lib/x86_64-linux-gnu/libc.so.6(+0x8175a)[0x7ff62c95175a]
[hydra05:404127] [ 5] /lib/x86_64-linux-gnu/libc.so.6(+0x8483c)[0x7f4dc309d83c]
[hydra11:384561] [ 2] /lib/x86_64-linux-gnu/libc.so.6(abort+0x123)[0x7ff33d66b537]
[hydra12:384463] [ 1] /lib/x86_64-linux-gnu/libc.so.6(gsignal+0x141)[0x7f794de70d61]
[hydra01:917795] [ 8] /opt/mpi/openmpi-4.1.4//lib/libmpi.so.40(ompi_group_incl_plist+0x65)[0x7f0d44694915]
[hydra05:404128] [ 2] /lib/x86_64-linux-gnu/libc.so.6(abort+0x123)[0x7f73f06b5537]
[hydra09:397289] [ 6] /lib/x86_64-linux-gnu/libc.so.6(__libc_calloc+0x81)[0x7f0b42d93bd1]
[hydra11:384561] [ 3] /lib/x86_64-linux-gnu/libc.so.6(+0x7a468)[0x7ff33d6c3468]
[hydra12:384463] [ 2] /lib/x86_64-linux-gnu/libc.so.6(abort+0x123)[0x7f794de5a537]
[hydra01:917796] [ 5] /lib/x86_64-linux-gnu/libc.so.6(+0x8483c)[0x7ff62c95483c]
[hydra05:404127] [ 6] /lib/x86_64-linux-gnu/libc.so.6(__libc_calloc+0x81)[0x7f4dc309fbd1]
[hydra09:397289] [ 7] /opt/mpi/openmpi-4.1.4//lib/libmpi.so.40(ompi_group_allocate+0x17)[0x7f0b44c611e7]
[hydra11:384561] [ 4] /lib/x86_64-linux-gnu/libc.so.6(+0x8175a)[0x7ff33d6ca75a]
[hydra12:384463] [ 3] /lib/x86_64-linux-gnu/libc.so.6(+0x7a468)[0x7f794deb2468]
malloc(): invalid size (unsorted)
[hydra03:421464] *** Process received signal ***
[hydra03:421464] Signal: Aborted (6)
[hydra03:421464] Signal code:  (-6)
[hydra01:917795] [ 9] /opt/mpi/openmpi-4.1.4//lib/libmpi.so.40(PMPI_Group_incl+0x95)[0x7f0d446c5185]
[hydra01:917795] [10] /home/thesis/jheld/MPI_Syrk_implementation/build/src/MPI_SYRK_implementation(+0x841a)[0x55a54d2ad41a]
[hydra01:917795] [11] /home/thesis/jheld/MPI_Syrk_implementation/build/src/MPI_SYRK_implementation(+0x2ab0)[0x55a54d2a7ab0]
[hydra05:404128] [ 3] /lib/x86_64-linux-gnu/libc.so.6(+0x7a468)[0x7f73f070d468]
[hydra09:397289] [ 8] /opt/mpi/openmpi-4.1.4//lib/libmpi.so.40(ompi_group_incl_plist+0x65)[0x7f0b44c61915]
[hydra11:384561] [ 5] /lib/x86_64-linux-gnu/libc.so.6(+0x8483c)[0x7ff33d6cd83c]
[hydra12:384463] [ 4] /lib/x86_64-linux-gnu/libc.so.6(+0x8175a)[0x7f794deb975a]
[hydra03:421462] [ 0] /lib/x86_64-linux-gnu/libc.so.6(+0x38de0)[0x7fbf2aefbde0]
[hydra01:917796] [ 6] /lib/x86_64-linux-gnu/libc.so.6(__libc_calloc+0x81)[0x7ff62c956bd1]
malloc(): invalid size (unsorted)
[hydra05:404127] [ 7] /opt/mpi/openmpi-4.1.4//lib/libmpi.so.40(ompi_group_allocate+0x17)[0x7f4dc4f6d1e7]
[hydra09:397289] [ 9] /opt/mpi/openmpi-4.1.4//lib/libmpi.so.40(PMPI_Group_incl+0x95)[0x7f0b44c92185]
malloc(): invalid size (unsorted)
[hydra12:384463] [ 5] /lib/x86_64-linux-gnu/libc.so.6(+0x8483c)[0x7f794debc83c]
[hydra03:421462] [ 1] /lib/x86_64-linux-gnu/libc.so.6(gsignal+0x141)[0x7fbf2aefbd61]
[hydra01:917795] [12] /lib/x86_64-linux-gnu/libc.so.6(__libc_start_main+0xea)[0x7f0d42763d7a]
[hydra01:917795] [13] /home/thesis/jheld/MPI_Syrk_implementation/build/src/MPI_SYRK_implementation(+0x232a)[0x55a54d2a732a]
[hydra01:917795] *** End of error message ***
malloc(): invalid size (unsorted)
[hydra04:420165] *** Process received signal ***
[hydra04:420165] Signal: Aborted (6)
[hydra04:420165] Signal code:  (-6)
[hydra07:431223] *** Process received signal ***
[hydra07:431223] Signal: Aborted (6)
[hydra07:431223] Signal code:  (-6)
[hydra05:404127] [ 8] /opt/mpi/openmpi-4.1.4//lib/libmpi.so.40(ompi_group_incl_plist+0x65)[0x7f4dc4f6d915]
[hydra09:397289] [10] /home/thesis/jheld/MPI_Syrk_implementation/build/src/MPI_SYRK_implementation(+0x841a)[0x55d70b07a41a]
[hydra09:397289] [11] /home/thesis/jheld/MPI_Syrk_implementation/build/src/MPI_SYRK_implementation(+0x2ab0)[0x55d70b074ab0]
[hydra11:384561] [ 6] /lib/x86_64-linux-gnu/libc.so.6(__libc_calloc+0x81)[0x7ff33d6cfbd1]
[hydra12:384463] [ 6] /lib/x86_64-linux-gnu/libc.so.6(__libc_calloc+0x81)[0x7f794debebd1]
[hydra03:421464] [ 0] /lib/x86_64-linux-gnu/libc.so.6(+0x38de0)[0x7ff540b98de0]
[hydra01:917796] [ 7] /opt/mpi/openmpi-4.1.4//lib/libmpi.so.40(ompi_group_allocate+0x17)[0x7ff62e8241e7]
[hydra06:404844] [ 0] /lib/x86_64-linux-gnu/libc.so.6(+0x38de0)[0x7fb2f92fbde0]
[hydra04:420165] [ 0] /lib/x86_64-linux-gnu/libc.so.6(+0x38de0)[0x7f2c57cb1de0]
[hydra07:431221] [ 0] /lib/x86_64-linux-gnu/libc.so.6(+0x38de0)[0x7f0d13067de0]
[hydra02:596936] [ 0] /lib/x86_64-linux-gnu/libc.so.6(+0x38de0)[0x7f3c82077de0]
[hydra05:404128] [ 4] /lib/x86_64-linux-gnu/libc.so.6(+0x8175a)[0x7f73f071475a]
[hydra09:397289] [12] /lib/x86_64-linux-gnu/libc.so.6(__libc_start_main+0xea)[0x7f0b42d30d7a]
[hydra11:384560] *** Process received signal ***
[hydra12:384463] [ 7] /opt/mpi/openmpi-4.1.4//lib/libmpi.so.40(ompi_group_allocate+0x17)[0x7f794fd8c1e7]
[hydra03:421462] [ 2] /lib/x86_64-linux-gnu/libc.so.6(abort+0x123)[0x7fbf2aee5537]
[hydra01:917796] [ 8] /opt/mpi/openmpi-4.1.4//lib/libmpi.so.40(ompi_group_incl_plist+0x65)[0x7ff62e824915]
[hydra06:404844] [ 1] /lib/x86_64-linux-gnu/libc.so.6(gsignal+0x141)[0x7fb2f92fbd61]
[hydra04:420164] [ 0] /lib/x86_64-linux-gnu/libc.so.6(+0x38de0)[0x7fe6d5dc4de0]
[hydra07:431221] [ 1] /lib/x86_64-linux-gnu/libc.so.6(gsignal+0x141)[0x7f0d13067d61]
[hydra08:406490] [ 0] /lib/x86_64-linux-gnu/libc.so.6(+0x38de0)[0x7f6655fcdde0]
[hydra02:596936] [ 1] /lib/x86_64-linux-gnu/libc.so.6(gsignal+0x141)[0x7f3c82077d61]
[hydra05:404127] [ 9] /opt/mpi/openmpi-4.1.4//lib/libmpi.so.40(PMPI_Group_incl+0x95)[0x7f4dc4f9e185]
[hydra09:397289] [13] /home/thesis/jheld/MPI_Syrk_implementation/build/src/MPI_SYRK_implementation(+0x232a)[0x55d70b07432a]
[hydra09:397289] *** End of error message ***
[hydra11:384560] Signal: Aborted (6)
[hydra11:384560] Signal code:  (-6)
[hydra12:384463] [ 8] /opt/mpi/openmpi-4.1.4//lib/libmpi.so.40(ompi_group_incl_plist+0x65)[0x7f794fd8c915]
[hydra03:421464] [ 1] /lib/x86_64-linux-gnu/libc.so.6(gsignal+0x141)[0x7ff540b98d61]
[hydra01:917796] [ 9] /opt/mpi/openmpi-4.1.4//lib/libmpi.so.40(PMPI_Group_incl+0x95)[0x7ff62e855185]
[hydra01:917796] [10] /home/thesis/jheld/MPI_Syrk_implementation/build/src/MPI_SYRK_implementation(+0x841a)[0x55cba79a941a]
[hydra06:404844] [ 2] /lib/x86_64-linux-gnu/libc.so.6(abort+0x123)[0x7fb2f92e5537]
[hydra04:420165] [ 1] /lib/x86_64-linux-gnu/libc.so.6(gsignal+0x141)[0x7f2c57cb1d61]
[hydra07:431221] [ 2] /lib/x86_64-linux-gnu/libc.so.6(abort+0x123)[0x7f0d13051537]
[hydra08:406490] [ 1] /lib/x86_64-linux-gnu/libc.so.6(gsignal+0x141)[0x7f6655fcdd61]
[hydra02:596936] [ 2] /lib/x86_64-linux-gnu/libc.so.6(abort+0x123)[0x7f3c82061537]
[hydra05:404127] [10] /home/thesis/jheld/MPI_Syrk_implementation/build/src/MPI_SYRK_implementation(+0x841a)[0x55ecbb20841a]
[hydra05:404127] [11] /home/thesis/jheld/MPI_Syrk_implementation/build/src/MPI_SYRK_implementation(+0x2ab0)[0x55ecbb202ab0]
[hydra10:517703] [ 0] /lib/x86_64-linux-gnu/libc.so.6(+0x38de0)[0x7fa522f12de0]
[hydra11:384561] [ 7] /opt/mpi/openmpi-4.1.4//lib/libmpi.so.40(ompi_group_allocate+0x17)[0x7ff33f59d1e7]
[hydra12:384463] [ 9] /opt/mpi/openmpi-4.1.4//lib/libmpi.so.40(PMPI_Group_incl+0x95)[0x7f794fdbd185]
[hydra12:384463] [10] /home/thesis/jheld/MPI_Syrk_implementation/build/src/MPI_SYRK_implementation(+0x841a)[0x55a29d69541a]
[hydra03:421464] [ 2] /lib/x86_64-linux-gnu/libc.so.6(abort+0x123)[0x7ff540b82537]
[hydra01:917796] [11] /home/thesis/jheld/MPI_Syrk_implementation/build/src/MPI_SYRK_implementation(+0x2ab0)[0x55cba79a3ab0]
[hydra06:404844] [ 3] /lib/x86_64-linux-gnu/libc.so.6(+0x7a468)[0x7fb2f933d468]
[hydra04:420164] [ 1] /lib/x86_64-linux-gnu/libc.so.6(gsignal+0x141)[0x7fe6d5dc4d61]
[hydra07:431221] [ 3] /lib/x86_64-linux-gnu/libc.so.6(+0x7a468)[0x7f0d130a9468]
[hydra08:406490] [ 2] /lib/x86_64-linux-gnu/libc.so.6(abort+0x123)[0x7f6655fb7537]
[hydra02:596936] [ 3] /lib/x86_64-linux-gnu/libc.so.6(+0x7a468)[0x7f3c820b9468]
[hydra05:404128] [ 5] /lib/x86_64-linux-gnu/libc.so.6(+0x8483c)[0x7f73f071783c]
[hydra10:517703] [ 1] /lib/x86_64-linux-gnu/libc.so.6(gsignal+0x141)[0x7fa522f12d61]
[hydra11:384561] [ 8] /opt/mpi/openmpi-4.1.4//lib/libmpi.so.40(ompi_group_incl_plist+0x65)[0x7ff33f59d915]
[hydra12:384463] [11] /home/thesis/jheld/MPI_Syrk_implementation/build/src/MPI_SYRK_implementation(+0x2ab0)[0x55a29d68fab0]
[hydra03:421462] [ 3] /lib/x86_64-linux-gnu/libc.so.6(+0x7a468)[0x7fbf2af3d468]
[hydra01:917796] [12] /lib/x86_64-linux-gnu/libc.so.6(__libc_start_main+0xea)[0x7ff62c8f3d7a]
[hydra01:917796] [13] /home/thesis/jheld/MPI_Syrk_implementation/build/src/MPI_SYRK_implementation(+0x232a)[0x55cba79a332a]
[hydra01:917796] *** End of error message ***
[hydra06:404844] [ 4] /lib/x86_64-linux-gnu/libc.so.6(+0x8175a)[0x7fb2f934475a]
[hydra04:420165] [ 2] /lib/x86_64-linux-gnu/libc.so.6(abort+0x123)[0x7f2c57c9b537]
[hydra07:431223] [ 0] /lib/x86_64-linux-gnu/libc.so.6(+0x38de0)[0x7f51e9696de0]
[hydra08:406490] [ 3] /lib/x86_64-linux-gnu/libc.so.6(+0x7a468)[0x7f665600f468]
[hydra02:596936] [ 4] /lib/x86_64-linux-gnu/libc.so.6(+0x8175a)[0x7f3c820c075a]
[hydra05:404127] [12] /lib/x86_64-linux-gnu/libc.so.6(__libc_start_main+0xea)[0x7f4dc303cd7a]
[hydra05:404127] [13] /home/thesis/jheld/MPI_Syrk_implementation/build/src/MPI_SYRK_implementation(+0x232a)[0x55ecbb20232a]
[hydra10:517703] [ 2] /lib/x86_64-linux-gnu/libc.so.6(abort+0x123)[0x7fa522efc537]
[hydra11:384561] [ 9] /opt/mpi/openmpi-4.1.4//lib/libmpi.so.40(PMPI_Group_incl+0x95)[0x7ff33f5ce185]
[hydra11:384561] [10] /home/thesis/jheld/MPI_Syrk_implementation/build/src/MPI_SYRK_implementation(+0x841a)[0x55b9be57e41a]
[hydra12:384463] [12] /lib/x86_64-linux-gnu/libc.so.6(__libc_start_main+0xea)[0x7f794de5bd7a]
[hydra03:421464] [ 3] /lib/x86_64-linux-gnu/libc.so.6(+0x7a468)[0x7ff540bda468]
[hydra06:404844] [ 5] /lib/x86_64-linux-gnu/libc.so.6(+0x8483c)[0x7fb2f934783c]
[hydra04:420164] [ 2] /lib/x86_64-linux-gnu/libc.so.6(abort+0x123)[0x7fe6d5dae537]
[hydra07:431221] [ 4] /lib/x86_64-linux-gnu/libc.so.6(+0x8175a)[0x7f0d130b075a]
[hydra08:406490] [ 4] /lib/x86_64-linux-gnu/libc.so.6(+0x8175a)[0x7f665601675a]
[hydra02:596936] [ 5] /lib/x86_64-linux-gnu/libc.so.6(+0x8483c)[0x7f3c820c383c]
[hydra05:404128] [ 6] /lib/x86_64-linux-gnu/libc.so.6(__libc_calloc+0x81)[0x7f73f0719bd1]
[hydra10:517703] [ 3] /lib/x86_64-linux-gnu/libc.so.6(+0x7a468)[0x7fa522f54468]
[hydra11:384561] [11] /home/thesis/jheld/MPI_Syrk_implementation/build/src/MPI_SYRK_implementation(+0x2ab0)[0x55b9be578ab0]
[hydra12:384463] [13] /home/thesis/jheld/MPI_Syrk_implementation/build/src/MPI_SYRK_implementation(+0x232a)[0x55a29d68f32a]
[hydra12:384463] *** End of error message ***
[hydra03:421462] [ 4] /lib/x86_64-linux-gnu/libc.so.6(+0x8175a)[0x7fbf2af4475a]
[hydra06:404844] [ 6] /lib/x86_64-linux-gnu/libc.so.6(__libc_calloc+0x81)[0x7fb2f9349bd1]
[hydra04:420164] [ 3] /lib/x86_64-linux-gnu/libc.so.6(+0x7a468)[0x7fe6d5e06468]
[hydra07:431223] [ 1] /lib/x86_64-linux-gnu/libc.so.6(gsignal+0x141)[0x7f51e9696d61]
[hydra08:406490] [ 5] /lib/x86_64-linux-gnu/libc.so.6(+0x8483c)[0x7f665601983c]
[hydra02:596936] [ 6] /lib/x86_64-linux-gnu/libc.so.6(__libc_calloc+0x81)[0x7f3c820c5bd1]
[hydra05:404127] *** End of error message ***
[hydra10:517703] [ 4] /lib/x86_64-linux-gnu/libc.so.6(+0x8175a)[0x7fa522f5b75a]
[hydra11:384560] [ 0] /lib/x86_64-linux-gnu/libc.so.6(+0x38de0)[0x7febaa630de0]
[hydra03:421462] [ 5] /lib/x86_64-linux-gnu/libc.so.6(+0x8483c)[0x7fbf2af4783c]
[hydra06:404844] [ 7] /opt/mpi/openmpi-4.1.4//lib/libmpi.so.40(ompi_group_allocate+0x17)[0x7fb2fb2171e7]
[hydra04:420165] [ 3] /lib/x86_64-linux-gnu/libc.so.6(+0x7a468)[0x7f2c57cf3468]
[hydra07:431221] [ 5] /lib/x86_64-linux-gnu/libc.so.6(+0x8483c)[0x7f0d130b383c]
[hydra08:406490] [ 6] /lib/x86_64-linux-gnu/libc.so.6(__libc_calloc+0x81)[0x7f665601bbd1]
[hydra02:596936] [ 7] /opt/mpi/openmpi-4.1.4//lib/libmpi.so.40(ompi_group_allocate+0x17)[0x7f3c83f931e7]
[hydra05:404128] [ 7] /opt/mpi/openmpi-4.1.4//lib/libmpi.so.40(ompi_group_allocate+0x17)[0x7f73f25e71e7]
[hydra10:517703] [ 5] /lib/x86_64-linux-gnu/libc.so.6(+0x8483c)[0x7fa522f5e83c]
[hydra11:384561] [12] /lib/x86_64-linux-gnu/libc.so.6(__libc_start_main+0xea)[0x7ff33d66cd7a]
[hydra11:384561] [13] /home/thesis/jheld/MPI_Syrk_implementation/build/src/MPI_SYRK_implementation(+0x232a)[0x55b9be57832a]
[hydra11:384561] *** End of error message ***
[hydra03:421464] [ 4] /lib/x86_64-linux-gnu/libc.so.6(+0x8175a)[0x7ff540be175a]
[hydra06:404844] [ 8] /opt/mpi/openmpi-4.1.4//lib/libmpi.so.40(ompi_group_incl_plist+0x65)[0x7fb2fb217915]
[hydra04:420164] [ 4] /lib/x86_64-linux-gnu/libc.so.6(+0x8175a)[0x7fe6d5e0d75a]
[hydra07:431223] [ 2] /lib/x86_64-linux-gnu/libc.so.6(abort+0x123)[0x7f51e9680537]
[hydra08:406490] [ 7] /opt/mpi/openmpi-4.1.4//lib/libmpi.so.40(ompi_group_allocate+0x17)[0x7f6657ee91e7]
[hydra02:596936] [ 8] /opt/mpi/openmpi-4.1.4//lib/libmpi.so.40(ompi_group_incl_plist+0x65)[0x7f3c83f93915]
[hydra05:404128] [ 8] /opt/mpi/openmpi-4.1.4//lib/libmpi.so.40(ompi_group_incl_plist+0x65)[0x7f73f25e7915]
[hydra10:517703] [ 6] /lib/x86_64-linux-gnu/libc.so.6(__libc_calloc+0x81)[0x7fa522f60bd1]
[hydra11:384560] [ 1] /lib/x86_64-linux-gnu/libc.so.6(gsignal+0x141)[0x7febaa630d61]
[hydra03:421462] [ 6] /lib/x86_64-linux-gnu/libc.so.6(__libc_calloc+0x81)[0x7fbf2af49bd1]
[hydra06:404844] [ 9] /opt/mpi/openmpi-4.1.4//lib/libmpi.so.40(PMPI_Group_incl+0x95)[0x7fb2fb248185]
[hydra04:420165] [ 4] /lib/x86_64-linux-gnu/libc.so.6(+0x8175a)[0x7f2c57cfa75a]
[hydra07:431221] [ 6] /lib/x86_64-linux-gnu/libc.so.6(__libc_calloc+0x81)[0x7f0d130b5bd1]
[hydra08:406490] [ 8] /opt/mpi/openmpi-4.1.4//lib/libmpi.so.40(ompi_group_incl_plist+0x65)[0x7f6657ee9915]
[hydra02:596936] [ 9] /opt/mpi/openmpi-4.1.4//lib/libmpi.so.40(PMPI_Group_incl+0x95)[0x7f3c83fc4185]
[hydra05:404128] [ 9] /opt/mpi/openmpi-4.1.4//lib/libmpi.so.40(PMPI_Group_incl+0x95)[0x7f73f2618185]
[hydra10:517703] [ 7] /opt/mpi/openmpi-4.1.4//lib/libmpi.so.40(ompi_group_allocate+0x17)[0x7fa524e2e1e7]
[hydra11:384560] [ 2] /lib/x86_64-linux-gnu/libc.so.6(abort+0x123)[0x7febaa61a537]
[hydra03:421464] [ 5] /lib/x86_64-linux-gnu/libc.so.6(+0x8483c)[0x7ff540be483c]
[hydra06:404844] [10] /home/thesis/jheld/MPI_Syrk_implementation/build/src/MPI_SYRK_implementation(+0x841a)[0x56246953541a]
[hydra06:404844] [11] /home/thesis/jheld/MPI_Syrk_implementation/build/src/MPI_SYRK_implementation(+0x2ab0)[0x56246952fab0]
[hydra04:420165] [ 5] /lib/x86_64-linux-gnu/libc.so.6(+0x8483c)[0x7f2c57cfd83c]
[hydra07:431223] [ 3] /lib/x86_64-linux-gnu/libc.so.6(+0x7a468)[0x7f51e96d8468]
[hydra08:406490] [ 9] /opt/mpi/openmpi-4.1.4//lib/libmpi.so.40(PMPI_Group_incl+0x95)[0x7f6657f1a185]
[hydra08:406490] [10] /home/thesis/jheld/MPI_Syrk_implementation/build/src/MPI_SYRK_implementation(+0x841a)[0x558e1eb6f41a]
[hydra02:596936] [10] /home/thesis/jheld/MPI_Syrk_implementation/build/src/MPI_SYRK_implementation(+0x841a)[0x5596ce7ae41a]
[hydra02:596936] [11] /home/thesis/jheld/MPI_Syrk_implementation/build/src/MPI_SYRK_implementation(+0x2ab0)[0x5596ce7a8ab0]
[hydra05:404128] [10] /home/thesis/jheld/MPI_Syrk_implementation/build/src/MPI_SYRK_implementation(+0x841a)[0x560c6612e41a]
[hydra05:404128] [11] /home/thesis/jheld/MPI_Syrk_implementation/build/src/MPI_SYRK_implementation(+0x2ab0)[0x560c66128ab0]
[hydra10:517703] [ 8] /opt/mpi/openmpi-4.1.4//lib/libmpi.so.40(ompi_group_incl_plist+0x65)[0x7fa524e2e915]
[hydra11:384560] [ 3] /lib/x86_64-linux-gnu/libc.so.6(+0x7a468)[0x7febaa672468]
[hydra03:421462] [ 7] /opt/mpi/openmpi-4.1.4//lib/libmpi.so.40(ompi_group_allocate+0x17)[0x7fbf2ce171e7]
[hydra06:404844] [12] /lib/x86_64-linux-gnu/libc.so.6(__libc_start_main+0xea)[0x7fb2f92e6d7a]
[hydra06:404844] [13] /home/thesis/jheld/MPI_Syrk_implementation/build/src/MPI_SYRK_implementation(+0x232a)[0x56246952f32a]
[hydra04:420164] [ 5] /lib/x86_64-linux-gnu/libc.so.6(+0x8483c)[0x7fe6d5e1083c]
[hydra07:431221] [ 7] /opt/mpi/openmpi-4.1.4//lib/libmpi.so.40(ompi_group_allocate+0x17)[0x7f0d14f831e7]
[hydra08:406490] [11] /home/thesis/jheld/MPI_Syrk_implementation/build/src/MPI_SYRK_implementation(+0x2ab0)[0x558e1eb69ab0]
[hydra02:596936] [12] /lib/x86_64-linux-gnu/libc.so.6(__libc_start_main+0xea)[0x7f3c82062d7a]
[hydra05:404128] [12] /lib/x86_64-linux-gnu/libc.so.6(__libc_start_main+0xea)[0x7f73f06b6d7a]
[hydra05:404128] [13] /home/thesis/jheld/MPI_Syrk_implementation/build/src/MPI_SYRK_implementation(+0x232a)[0x560c6612832a]
[hydra05:404128] *** End of error message ***
[hydra10:517703] [ 9] /opt/mpi/openmpi-4.1.4//lib/libmpi.so.40(PMPI_Group_incl+0x95)[0x7fa524e5f185]
[hydra10:517703] [10] /home/thesis/jheld/MPI_Syrk_implementation/build/src/MPI_SYRK_implementation(+0x841a)[0x5581bd4ed41a]
[hydra03:421464] [ 6] /lib/x86_64-linux-gnu/libc.so.6(__libc_calloc+0x81)[0x7ff540be6bd1]
[hydra06:404844] *** End of error message ***
[hydra04:420164] [ 6] /lib/x86_64-linux-gnu/libc.so.6(__libc_calloc+0x81)[0x7fe6d5e12bd1]
[hydra07:431223] [ 4] /lib/x86_64-linux-gnu/libc.so.6(+0x8175a)[0x7f51e96df75a]
[hydra08:406490] [12] /lib/x86_64-linux-gnu/libc.so.6(__libc_start_main+0xea)[0x7f6655fb8d7a]
[hydra08:406490] [13] /home/thesis/jheld/MPI_Syrk_implementation/build/src/MPI_SYRK_implementation(+0x232a)[0x558e1eb6932a]
[hydra02:596936] [13] /home/thesis/jheld/MPI_Syrk_implementation/build/src/MPI_SYRK_implementation(+0x232a)[0x5596ce7a832a]
[hydra02:596936] *** End of error message ***
[hydra10:517703] [11] /home/thesis/jheld/MPI_Syrk_implementation/build/src/MPI_SYRK_implementation(+0x2ab0)[0x5581bd4e7ab0]
[hydra03:421462] [ 8] /opt/mpi/openmpi-4.1.4//lib/libmpi.so.40(ompi_group_incl_plist+0x65)[0x7fbf2ce17915]
[hydra04:420165] [ 6] /lib/x86_64-linux-gnu/libc.so.6(__libc_calloc+0x81)[0x7f2c57cffbd1]
[hydra07:431221] [ 8] /opt/mpi/openmpi-4.1.4//lib/libmpi.so.40(ompi_group_incl_plist+0x65)[0x7f0d14f83915]
[hydra08:406490] *** End of error message ***
[hydra10:517703] [12] /lib/x86_64-linux-gnu/libc.so.6(__libc_start_main+0xea)[0x7fa522efdd7a]
[hydra10:517703] [13] /home/thesis/jheld/MPI_Syrk_implementation/build/src/MPI_SYRK_implementation(+0x232a)[0x5581bd4e732a]
[hydra03:421464] [ 7] /opt/mpi/openmpi-4.1.4//lib/libmpi.so.40(ompi_group_allocate+0x17)[0x7ff542ab41e7]
[hydra04:420164] [ 7] /opt/mpi/openmpi-4.1.4//lib/libmpi.so.40(ompi_group_allocate+0x17)[0x7fe6d7ce01e7]
[hydra07:431223] [ 5] /lib/x86_64-linux-gnu/libc.so.6(+0x8483c)[0x7f51e96e283c]
[hydra10:517703] *** End of error message ***
[hydra03:421462] [ 9] /opt/mpi/openmpi-4.1.4//lib/libmpi.so.40(PMPI_Group_incl+0x95)[0x7fbf2ce48185]
[hydra04:420165] [ 7] /opt/mpi/openmpi-4.1.4//lib/libmpi.so.40(ompi_group_allocate+0x17)[0x7f2c59bcd1e7]
[hydra07:431221] [ 9] /opt/mpi/openmpi-4.1.4//lib/libmpi.so.40(PMPI_Group_incl+0x95)[0x7f0d14fb4185]
[hydra07:431221] [10] /home/thesis/jheld/MPI_Syrk_implementation/build/src/MPI_SYRK_implementation(+0x841a)[0x565367ad941a]
[hydra03:421464] [ 8] /opt/mpi/openmpi-4.1.4//lib/libmpi.so.40(ompi_group_incl_plist+0x65)[0x7ff542ab4915]
[hydra04:420164] [ 8] /opt/mpi/openmpi-4.1.4//lib/libmpi.so.40(ompi_group_incl_plist+0x65)[0x7fe6d7ce0915]
[hydra07:431221] [11] /home/thesis/jheld/MPI_Syrk_implementation/build/src/MPI_SYRK_implementation(+0x2ab0)[0x565367ad3ab0]
[hydra03:421462] [10] /home/thesis/jheld/MPI_Syrk_implementation/build/src/MPI_SYRK_implementation(+0x841a)[0x55b8b932e41a]
[hydra03:421462] [11] /home/thesis/jheld/MPI_Syrk_implementation/build/src/MPI_SYRK_implementation(+0x2ab0)[0x55b8b9328ab0]
[hydra04:420165] [ 8] /opt/mpi/openmpi-4.1.4//lib/libmpi.so.40(ompi_group_incl_plist+0x65)[0x7f2c59bcd915]
[hydra07:431223] [ 6] /lib/x86_64-linux-gnu/libc.so.6(__libc_calloc+0x81)[0x7f51e96e4bd1]
[hydra04:420165] [ 9] /opt/mpi/openmpi-4.1.4//lib/libmpi.so.40(PMPI_Group_incl+0x95)[0x7f2c59bfe185]
[hydra07:431221] [12] /lib/x86_64-linux-gnu/libc.so.6(__libc_start_main+0xea)[0x7f0d13052d7a]
[hydra07:431221] [13] /home/thesis/jheld/MPI_Syrk_implementation/build/src/MPI_SYRK_implementation(+0x232a)[0x565367ad332a]
[hydra07:431221] *** End of error message ***
[hydra04:420164] [ 9] /opt/mpi/openmpi-4.1.4//lib/libmpi.so.40(PMPI_Group_incl+0x95)[0x7fe6d7d11185]
[hydra04:420164] [10] /home/thesis/jheld/MPI_Syrk_implementation/build/src/MPI_SYRK_implementation(+0x841a)[0x560ea1d9841a]
[hydra04:420164] [11] /home/thesis/jheld/MPI_Syrk_implementation/build/src/MPI_SYRK_implementation(+0x2ab0)[0x560ea1d92ab0]
[hydra07:431223] [ 7] /opt/mpi/openmpi-4.1.4//lib/libmpi.so.40(ompi_group_allocate+0x17)[0x7f51eb5b21e7]
[hydra04:420165] [10] /home/thesis/jheld/MPI_Syrk_implementation/build/src/MPI_SYRK_implementation(+0x841a)[0x561088a8c41a]
[hydra04:420165] [11] /home/thesis/jheld/MPI_Syrk_implementation/build/src/MPI_SYRK_implementation(+0x2ab0)[0x561088a86ab0]
[hydra07:431223] [ 8] /opt/mpi/openmpi-4.1.4//lib/libmpi.so.40(ompi_group_incl_plist+0x65)[0x7f51eb5b2915]
[hydra04:420164] [12] /lib/x86_64-linux-gnu/libc.so.6(__libc_start_main+0xea)[0x7fe6d5dafd7a]
[hydra04:420165] [12] /lib/x86_64-linux-gnu/libc.so.6(__libc_start_main+0xea)[0x7f2c57c9cd7a]
[hydra04:420165] [13] /home/thesis/jheld/MPI_Syrk_implementation/build/src/MPI_SYRK_implementation(+0x232a)[0x561088a8632a]
[hydra04:420165] *** End of error message ***
[hydra04:420164] [13] /home/thesis/jheld/MPI_Syrk_implementation/build/src/MPI_SYRK_implementation(+0x232a)[0x560ea1d9232a]
[hydra04:420164] *** End of error message ***
[hydra07:431223] [ 9] /opt/mpi/openmpi-4.1.4//lib/libmpi.so.40(PMPI_Group_incl+0x95)[0x7f51eb5e3185]
[hydra07:431223] [10] /home/thesis/jheld/MPI_Syrk_implementation/build/src/MPI_SYRK_implementation(+0x841a)[0x564c7af0941a]
[hydra07:431223] [11] /home/thesis/jheld/MPI_Syrk_implementation/build/src/MPI_SYRK_implementation(+0x2ab0)[0x564c7af03ab0]
[hydra11:384560] [ 4] /lib/x86_64-linux-gnu/libc.so.6(+0x8175a)[0x7febaa67975a]
[hydra07:431223] [12] /lib/x86_64-linux-gnu/libc.so.6(__libc_start_main+0xea)[0x7f51e9681d7a]
[hydra11:384560] [ 5] /lib/x86_64-linux-gnu/libc.so.6(+0x8483c)[0x7febaa67c83c]
[hydra07:431223] [13] /home/thesis/jheld/MPI_Syrk_implementation/build/src/MPI_SYRK_implementation(+0x232a)[0x564c7af0332a]
[hydra07:431223] *** End of error message ***
[hydra11:384560] [ 6] /lib/x86_64-linux-gnu/libc.so.6(__libc_calloc+0x81)[0x7febaa67ebd1]
[hydra11:384560] [ 7] /opt/mpi/openmpi-4.1.4//lib/libmpi.so.40(ompi_group_allocate+0x17)[0x7febac54c1e7]
[hydra11:384560] [ 8] /opt/mpi/openmpi-4.1.4//lib/libmpi.so.40(ompi_group_incl_plist+0x65)[0x7febac54c915]
[hydra11:384560] [ 9] /opt/mpi/openmpi-4.1.4//lib/libmpi.so.40(PMPI_Group_incl+0x95)[0x7febac57d185]
[hydra11:384560] [10] /home/thesis/jheld/MPI_Syrk_implementation/build/src/MPI_SYRK_implementation(+0x841a)[0x5652cca8a41a]
[hydra11:384560] [11] /home/thesis/jheld/MPI_Syrk_implementation/build/src/MPI_SYRK_implementation(+0x2ab0)[0x5652cca84ab0]
[hydra11:384560] [12] /lib/x86_64-linux-gnu/libc.so.6(__libc_start_main+0xea)[0x7febaa61bd7a]
[hydra11:384560] [13] /home/thesis/jheld/MPI_Syrk_implementation/build/src/MPI_SYRK_implementation(+0x232a)[0x5652cca8432a]
[hydra11:384560] *** End of error message ***
[hydra03:421462] [12] /lib/x86_64-linux-gnu/libc.so.6(__libc_start_main+0xea)[0x7fbf2aee6d7a]
[hydra03:421462] [13] /home/thesis/jheld/MPI_Syrk_implementation/build/src/MPI_SYRK_implementation(+0x232a)[0x55b8b932832a]
[hydra03:421464] [ 9] /opt/mpi/openmpi-4.1.4//lib/libmpi.so.40(PMPI_Group_incl+0x95)[0x7ff542ae5185]
[hydra03:421464] [10] /home/thesis/jheld/MPI_Syrk_implementation/build/src/MPI_SYRK_implementation(+0x841a)[0x55ef22a2c41a]
[hydra03:421464] [11] /home/thesis/jheld/MPI_Syrk_implementation/build/src/MPI_SYRK_implementation(+0x2ab0)[0x55ef22a26ab0]
[hydra03:421462] *** End of error message ***
[hydra03:421464] [12] /lib/x86_64-linux-gnu/libc.so.6(__libc_start_main+0xea)[0x7ff540b83d7a]
[hydra03:421464] [13] /home/thesis/jheld/MPI_Syrk_implementation/build/src/MPI_SYRK_implementation(+0x232a)[0x55ef22a2632a]
[hydra03:421464] *** End of error message ***
srun: error: hydra10: task 27: Aborted
srun: error: hydra12: task 35: Aborted
srun: error: hydra02: task 5: Aborted
srun: error: hydra08: task 22: Aborted
srun: error: hydra09: task 24: Aborted
srun: error: hydra06: task 16: Aborted
srun: error: hydra11: tasks 31-32: Aborted
srun: error: hydra07: tasks 18,20: Aborted
srun: error: hydra04: tasks 9-10: Aborted
srun: error: hydra01: tasks 1-2: Aborted
srun: error: hydra05: tasks 13-14: Aborted
srun: error: hydra03: tasks 6,8: Aborted
slurmstepd: error:  mpi/pmix_v4: _errhandler: hydra06 [5]: pmixp_client_v2.c:211: Error handler invoked: status = -61, source = [slurm.pmix.5008705.27:16]
slurmstepd: error:  mpi/pmix_v4: _errhandler: hydra09 [8]: pmixp_client_v2.c:211: Error handler invoked: status = -61, source = [slurm.pmix.5008705.27:24]
slurmstepd: error:  mpi/pmix_v4: _errhandler: hydra12 [11]: pmixp_client_v2.c:211: Error handler invoked: status = -61, source = [slurm.pmix.5008705.27:35]
slurmstepd: error:  mpi/pmix_v4: _errhandler: hydra11 [10]: pmixp_client_v2.c:211: Error handler invoked: status = -61, source = [slurm.pmix.5008705.27:32]
slurmstepd: error:  mpi/pmix_v4: _errhandler: hydra10 [9]: pmixp_client_v2.c:211: Error handler invoked: status = -61, source = [slurm.pmix.5008705.27:27]
slurmstepd: error:  mpi/pmix_v4: _errhandler: hydra02 [1]: pmixp_client_v2.c:211: Error handler invoked: status = -61, source = [slurm.pmix.5008705.27:5]
slurmstepd: error:  mpi/pmix_v4: _errhandler: hydra08 [7]: pmixp_client_v2.c:211: Error handler invoked: status = -61, source = [slurm.pmix.5008705.27:22]
slurmstepd: error:  mpi/pmix_v4: _errhandler: hydra07 [6]: pmixp_client_v2.c:211: Error handler invoked: status = -61, source = [slurm.pmix.5008705.27:20]
slurmstepd: error:  mpi/pmix_v4: _errhandler: hydra05 [4]: pmixp_client_v2.c:211: Error handler invoked: status = -61, source = [slurm.pmix.5008705.27:13]
slurmstepd: error:  mpi/pmix_v4: _errhandler: hydra01 [0]: pmixp_client_v2.c:211: Error handler invoked: status = -61, source = [slurm.pmix.5008705.27:1]
slurmstepd: error: *** STEP 5008705.27 ON hydra01 CANCELLED AT 2025-10-13T15:43:10 ***
srun: Job step aborted: Waiting up to 32 seconds for job step to finish.
srun: error: hydra07: task 19: Killed
srun: error: hydra04: task 11: Killed
srun: error: hydra05: task 12: Killed
srun: error: hydra01: task 0: Killed
srun: error: hydra03: task 7: Killed
srun: error: hydra11: task 30: Killed
srun: error: hydra12: tasks 33-34: Killed
srun: error: hydra10: tasks 28-29: Killed
srun: error: hydra09: tasks 25-26: Killed
srun: error: hydra02: tasks 3-4: Killed
srun: error: hydra06: tasks 15,17: Killed
srun: error: hydra08: tasks 21,23: Killed
⚠️ Warning: No runtime found for run 28
srun: Warning: can't honor --ntasks-per-node set to 1 which doesn't match the requested tasks 36 with the number of requested nodes 12. Ignoring --ntasks-per-node.
missing input file name --> Generate random input
malloc(): invalid size (unsorted)
[hydra01:917887] *** Process received signal ***
[hydra01:917887] Signal: Aborted (6)
[hydra01:917887] Signal code:  (-6)
malloc(): invalid size (unsorted)
[hydra01:917887] [ 0] /lib/x86_64-linux-gnu/libc.so.6(+0x38de0)[0x7f61bc23ede0]
[hydra01:917888] *** Process received signal ***
[hydra01:917888] Signal: Aborted (6)
[hydra01:917888] Signal code:  (-6)
[hydra01:917887] [ 1] /lib/x86_64-linux-gnu/libc.so.6(gsignal+0x141)[0x7f61bc23ed61]
[hydra01:917887] [ 2] /lib/x86_64-linux-gnu/libc.so.6(abort+0x123)[0x7f61bc228537]
malloc(): invalid size (unsorted)
[hydra05:404191] *** Process received signal ***
[hydra05:404191] Signal: Aborted (6)
[hydra05:404191] Signal code:  (-6)
[hydra01:917887] [ 3] /lib/x86_64-linux-gnu/libc.so.6(+0x7a468)[0x7f61bc280468]
malloc(): invalid size (unsorted)
[hydra09:397354] *** Process received signal ***
[hydra09:397354] Signal: Aborted (6)
[hydra09:397354] Signal code:  (-6)
malloc(): invalid size (unsorted)
[hydra07:431286] *** Process received signal ***
[hydra07:431286] Signal: Aborted (6)
[hydra07:431286] Signal code:  (-6)
[hydra01:917887] [ 4] /lib/x86_64-linux-gnu/libc.so.6(+0x8175a)[0x7f61bc28775a]
malloc(): invalid size (unsorted)
[hydra02:597013] *** Process received signal ***
[hydra02:597013] Signal: Aborted (6)
[hydra02:597013] Signal code:  (-6)
malloc(): invalid size (unsorted)
[hydra06:404910] *** Process received signal ***
[hydra06:404910] Signal: Aborted (6)
[hydra06:404910] Signal code:  (-6)
[hydra01:917888] [ 0] /lib/x86_64-linux-gnu/libc.so.6(+0x38de0)[0x7f372ccf5de0]
malloc(): invalid size (unsorted)
[hydra04:420230] *** Process received signal ***
[hydra04:420230] Signal: Aborted (6)
[hydra04:420230] Signal code:  (-6)
malloc(): invalid size (unsorted)
[hydra03:421528] *** Process received signal ***
[hydra03:421528] Signal: Aborted (6)
[hydra03:421528] Signal code:  (-6)
[hydra01:917888] [ 1] /lib/x86_64-linux-gnu/libc.so.6(gsignal+0x141)[0x7f372ccf5d61]
[hydra01:917887] [ 5] /lib/x86_64-linux-gnu/libc.so.6(+0x8483c)[0x7f61bc28a83c]
malloc(): invalid size (unsorted)
[hydra11:384624] *** Process received signal ***
[hydra11:384624] Signal: Aborted (6)
[hydra11:384624] Signal code:  (-6)
[hydra01:917887] [ 6] /lib/x86_64-linux-gnu/libc.so.6(__libc_calloc+0x81)[0x7f61bc28cbd1]
malloc(): invalid size (unsorted)
[hydra08:406556] *** Process received signal ***
[hydra08:406556] Signal: Aborted (6)
[hydra08:406556] Signal code:  (-6)
[hydra01:917888] [ 2] /lib/x86_64-linux-gnu/libc.so.6(abort+0x123)[0x7f372ccdf537]
[hydra01:917887] [ 7] /opt/mpi/openmpi-4.1.4//lib/libmpi.so.40(ompi_group_allocate+0x17)[0x7f61be15a1e7]
malloc(): invalid size (unsorted)
[hydra10:517772] *** Process received signal ***
[hydra10:517772] Signal: Aborted (6)
[hydra10:517772] Signal code:  (-6)
[hydra01:917888] [ 3] /lib/x86_64-linux-gnu/libc.so.6(+0x7a468)[0x7f372cd37468]
[hydra01:917887] [ 8] /opt/mpi/openmpi-4.1.4//lib/libmpi.so.40(ompi_group_incl_plist+0x65)[0x7f61be15a915]
[hydra01:917888] [ 4] /lib/x86_64-linux-gnu/libc.so.6(+0x8175a)[0x7f372cd3e75a]
[hydra01:917887] [ 9] /opt/mpi/openmpi-4.1.4//lib/libmpi.so.40(PMPI_Group_incl+0x95)[0x7f61be18b185]
[hydra01:917887] [10] /home/thesis/jheld/MPI_Syrk_implementation/build/src/MPI_SYRK_implementation(+0x841a)[0x559ba36c941a]
[hydra01:917888] [ 5] /lib/x86_64-linux-gnu/libc.so.6(+0x8483c)[0x7f372cd4183c]
malloc(): invalid size (unsorted)
[hydra05:404192] *** Process received signal ***
[hydra05:404192] Signal: Aborted (6)
[hydra05:404192] Signal code:  (-6)
[hydra01:917887] [11] /home/thesis/jheld/MPI_Syrk_implementation/build/src/MPI_SYRK_implementation(+0x2ab0)[0x559ba36c3ab0]
[hydra05:404191] [ 0] /lib/x86_64-linux-gnu/libc.so.6(+0x38de0)[0x7fb8cf878de0]
[hydra01:917887] [12] /lib/x86_64-linux-gnu/libc.so.6(__libc_start_main+0xea)[0x7f61bc229d7a]
[hydra01:917887] [13] /home/thesis/jheld/MPI_Syrk_implementation/build/src/MPI_SYRK_implementation(+0x232a)[0x559ba36c332a]
[hydra01:917887] *** End of error message ***
[hydra05:404192] [ 0] /lib/x86_64-linux-gnu/libc.so.6(+0x38de0)[0x7fddb5e50de0]
[hydra01:917888] [ 6] /lib/x86_64-linux-gnu/libc.so.6(__libc_calloc+0x81)[0x7f372cd43bd1]
[hydra05:404191] [ 1] /lib/x86_64-linux-gnu/libc.so.6(gsignal+0x141)[0x7fb8cf878d61]
[hydra01:917888] [ 7] /opt/mpi/openmpi-4.1.4//lib/libmpi.so.40(ompi_group_allocate+0x17)[0x7f372ec111e7]
[hydra05:404192] [ 1] /lib/x86_64-linux-gnu/libc.so.6(gsignal+0x141)[0x7fddb5e50d61]
[hydra01:917888] [ 8] /opt/mpi/openmpi-4.1.4//lib/libmpi.so.40(ompi_group_incl_plist+0x65)[0x7f372ec11915]
malloc(): invalid size (unsorted)
[hydra04:420229] *** Process received signal ***
[hydra04:420229] Signal: Aborted (6)
[hydra04:420229] Signal code:  (-6)
[hydra05:404191] [ 2] /lib/x86_64-linux-gnu/libc.so.6(abort+0x123)[0x7fb8cf862537]
[hydra01:917888] [ 9] /opt/mpi/openmpi-4.1.4//lib/libmpi.so.40(PMPI_Group_incl+0x95)[0x7f372ec42185]
[hydra01:917888] [10] /home/thesis/jheld/MPI_Syrk_implementation/build/src/MPI_SYRK_implementation(+0x841a)[0x55b32eed141a]
[hydra04:420230] [ 0] /lib/x86_64-linux-gnu/libc.so.6(+0x38de0)[0x7f1d2aeb6de0]
[hydra05:404192] [ 2] /lib/x86_64-linux-gnu/libc.so.6(abort+0x123)[0x7fddb5e3a537]
malloc(): invalid size (unsorted)
[hydra03:421529] *** Process received signal ***
[hydra03:421529] Signal: Aborted (6)
[hydra03:421529] Signal code:  (-6)
[hydra01:917888] [11] /home/thesis/jheld/MPI_Syrk_implementation/build/src/MPI_SYRK_implementation(+0x2ab0)[0x55b32eecbab0]
[hydra04:420229] [ 0] /lib/x86_64-linux-gnu/libc.so.6(+0x38de0)[0x7f3689f1ade0]
malloc(): invalid size (unsorted)
malloc(): invalid size (unsorted)
[hydra05:404191] [ 3] /lib/x86_64-linux-gnu/libc.so.6(+0x7a468)[0x7fb8cf8ba468]
[hydra03:421528] [ 0] /lib/x86_64-linux-gnu/libc.so.6(+0x38de0)[0x7f82f7b9ede0]
[hydra01:917888] [12] /lib/x86_64-linux-gnu/libc.so.6(__libc_start_main+0xea)[0x7f372cce0d7a]
[hydra01:917888] [13] /home/thesis/jheld/MPI_Syrk_implementation/build/src/MPI_SYRK_implementation(+0x232a)[0x55b32eecb32a]
[hydra04:420230] [ 1] /lib/x86_64-linux-gnu/libc.so.6(gsignal+0x141)[0x7f1d2aeb6d61]
[hydra09:397354] [ 0] /lib/x86_64-linux-gnu/libc.so.6(+0x38de0)[0x7fb7c6565de0]
[hydra07:431288] *** Process received signal ***
[hydra05:404192] [ 3] /lib/x86_64-linux-gnu/libc.so.6(+0x7a468)[0x7fddb5e92468]
[hydra03:421528] [ 1] /lib/x86_64-linux-gnu/libc.so.6(gsignal+0x141)[0x7f82f7b9ed61]
[hydra01:917888] *** End of error message ***
[hydra04:420229] [ 1] /lib/x86_64-linux-gnu/libc.so.6(gsignal+0x141)[0x7f3689f1ad61]
[hydra09:397356] *** Process received signal ***
[hydra06:404910] [ 0] /lib/x86_64-linux-gnu/libc.so.6(+0x38de0)[0x7f979b6e6de0]
[hydra07:431288] Signal: Aborted (6)
[hydra07:431288] Signal code:  (-6)
[hydra05:404191] [ 4] /lib/x86_64-linux-gnu/libc.so.6(+0x8175a)[0x7fb8cf8c175a]
[hydra03:421529] [ 0] /lib/x86_64-linux-gnu/libc.so.6(+0x38de0)[0x7f162b292de0]
[hydra02:597013] [ 0] /lib/x86_64-linux-gnu/libc.so.6(+0x38de0)[0x7effe8fffde0]
[hydra04:420230] [ 2] /lib/x86_64-linux-gnu/libc.so.6(abort+0x123)[0x7f1d2aea0537]
[hydra09:397356] Signal: Aborted (6)
[hydra09:397356] Signal code:  (-6)
[hydra06:404910] [ 1] /lib/x86_64-linux-gnu/libc.so.6(gsignal+0x141)[0x7f979b6e6d61]
[hydra07:431286] [ 0] /lib/x86_64-linux-gnu/libc.so.6(+0x38de0)[0x7feb1b956de0]
[hydra05:404192] [ 4] /lib/x86_64-linux-gnu/libc.so.6(+0x8175a)[0x7fddb5e9975a]
[hydra03:421528] [ 2] /lib/x86_64-linux-gnu/libc.so.6(abort+0x123)[0x7f82f7b88537]
[hydra02:597013] [ 1] /lib/x86_64-linux-gnu/libc.so.6(gsignal+0x141)[0x7effe8fffd61]
[hydra04:420229] [ 2] /lib/x86_64-linux-gnu/libc.so.6(abort+0x123)[0x7f3689f04537]
[hydra09:397354] [ 1] /lib/x86_64-linux-gnu/libc.so.6(gsignal+0x141)[0x7fb7c6565d61]
[hydra06:404910] [ 2] /lib/x86_64-linux-gnu/libc.so.6(abort+0x123)[0x7f979b6d0537]
[hydra07:431286] [ 1] /lib/x86_64-linux-gnu/libc.so.6(gsignal+0x141)[0x7feb1b956d61]
[hydra05:404191] [ 5] /lib/x86_64-linux-gnu/libc.so.6(+0x8483c)[0x7fb8cf8c483c]
[hydra03:421529] [ 1] /lib/x86_64-linux-gnu/libc.so.6(gsignal+0x141)[0x7f162b292d61]
[hydra02:597013] [ 2] /lib/x86_64-linux-gnu/libc.so.6(abort+0x123)[0x7effe8fe9537]
[hydra04:420230] [ 3] /lib/x86_64-linux-gnu/libc.so.6(+0x7a468)[0x7f1d2aef8468]
[hydra11:384624] [ 0] /lib/x86_64-linux-gnu/libc.so.6(+0x38de0)[0x7f673aa70de0]
[hydra09:397354] [ 2] /lib/x86_64-linux-gnu/libc.so.6(abort+0x123)[0x7fb7c654f537]
[hydra06:404910] [ 3] /lib/x86_64-linux-gnu/libc.so.6(+0x7a468)[0x7f979b728468]
[hydra07:431286] [ 2] /lib/x86_64-linux-gnu/libc.so.6(abort+0x123)[0x7feb1b940537]
[hydra05:404192] [ 5] /lib/x86_64-linux-gnu/libc.so.6(+0x8483c)[0x7fddb5e9c83c]
[hydra03:421528] [ 3] /lib/x86_64-linux-gnu/libc.so.6(+0x7a468)[0x7f82f7be0468]
[hydra02:597013] [ 3] /lib/x86_64-linux-gnu/libc.so.6(+0x7a468)[0x7effe9041468]
[hydra08:406556] [ 0] /lib/x86_64-linux-gnu/libc.so.6(+0x38de0)[0x7fa74f2c9de0]
[hydra04:420229] [ 3] /lib/x86_64-linux-gnu/libc.so.6(+0x7a468)[0x7f3689f5c468]
[hydra11:384624] [ 1] /lib/x86_64-linux-gnu/libc.so.6(gsignal+0x141)[0x7f673aa70d61]
[hydra09:397354] [ 3] /lib/x86_64-linux-gnu/libc.so.6(+0x7a468)[0x7fb7c65a7468]
[hydra06:404910] [ 4] /lib/x86_64-linux-gnu/libc.so.6(+0x8175a)[0x7f979b72f75a]
[hydra07:431286] [ 3] /lib/x86_64-linux-gnu/libc.so.6(+0x7a468)[0x7feb1b998468]
[hydra05:404191] [ 6] /lib/x86_64-linux-gnu/libc.so.6(__libc_calloc+0x81)[0x7fb8cf8c6bd1]
[hydra03:421529] [ 2] /lib/x86_64-linux-gnu/libc.so.6(abort+0x123)[0x7f162b27c537]
[hydra02:597013] [ 4] /lib/x86_64-linux-gnu/libc.so.6(+0x8175a)[0x7effe904875a]
[hydra08:406556] [ 1] /lib/x86_64-linux-gnu/libc.so.6(gsignal+0x141)[0x7fa74f2c9d61]
[hydra04:420230] [ 4] /lib/x86_64-linux-gnu/libc.so.6(+0x8175a)[0x7f1d2aeff75a]
[hydra11:384624] [ 2] /lib/x86_64-linux-gnu/libc.so.6(abort+0x123)[0x7f673aa5a537]
[hydra09:397354] [ 4] /lib/x86_64-linux-gnu/libc.so.6(+0x8175a)[0x7fb7c65ae75a]
[hydra06:404910] [ 5] /lib/x86_64-linux-gnu/libc.so.6(+0x8483c)[0x7f979b73283c]
[hydra07:431288] [ 0] /lib/x86_64-linux-gnu/libc.so.6(+0x38de0)[0x7f5f2a5a1de0]
[hydra05:404192] [ 6] /lib/x86_64-linux-gnu/libc.so.6(__libc_calloc+0x81)[0x7fddb5e9ebd1]
[hydra03:421528] [ 4] /lib/x86_64-linux-gnu/libc.so.6(+0x8175a)[0x7f82f7be775a]
[hydra02:597013] [ 5] /lib/x86_64-linux-gnu/libc.so.6(+0x8483c)[0x7effe904b83c]
[hydra08:406556] [ 2] /lib/x86_64-linux-gnu/libc.so.6(abort+0x123)[0x7fa74f2b3537]
[hydra04:420229] [ 4] /lib/x86_64-linux-gnu/libc.so.6(+0x8175a)[0x7f3689f6375a]
[hydra11:384624] [ 3] /lib/x86_64-linux-gnu/libc.so.6(+0x7a468)[0x7f673aab2468]
[hydra09:397356] [ 0] /lib/x86_64-linux-gnu/libc.so.6(+0x38de0)[0x7ff248b77de0]
[hydra06:404910] [ 6] /lib/x86_64-linux-gnu/libc.so.6(__libc_calloc+0x81)[0x7f979b734bd1]
[hydra07:431286] [ 4] /lib/x86_64-linux-gnu/libc.so.6(+0x8175a)[0x7feb1b99f75a]
[hydra05:404191] [ 7] /opt/mpi/openmpi-4.1.4//lib/libmpi.so.40(ompi_group_allocate+0x17)[0x7fb8d17941e7]
[hydra03:421529] [ 3] /lib/x86_64-linux-gnu/libc.so.6(+0x7a468)[0x7f162b2d4468]
[hydra02:597013] [ 6] /lib/x86_64-linux-gnu/libc.so.6(__libc_calloc+0x81)[0x7effe904dbd1]
[hydra08:406556] [ 3] /lib/x86_64-linux-gnu/libc.so.6(+0x7a468)[0x7fa74f30b468]
[hydra04:420230] [ 5] /lib/x86_64-linux-gnu/libc.so.6(+0x8483c)[0x7f1d2af0283c]
[hydra11:384624] [ 4] /lib/x86_64-linux-gnu/libc.so.6(+0x8175a)[0x7f673aab975a]
[hydra09:397356] [ 1] /lib/x86_64-linux-gnu/libc.so.6(gsignal+0x141)[0x7ff248b77d61]
[hydra06:404910] [ 7] /opt/mpi/openmpi-4.1.4//lib/libmpi.so.40(ompi_group_allocate+0x17)[0x7f979d6021e7]
[hydra07:431288] [ 1] /lib/x86_64-linux-gnu/libc.so.6(gsignal+0x141)[0x7f5f2a5a1d61]
[hydra05:404192] [ 7] /opt/mpi/openmpi-4.1.4//lib/libmpi.so.40(ompi_group_allocate+0x17)[0x7fddb7d6c1e7]
[hydra03:421528] [ 5] /lib/x86_64-linux-gnu/libc.so.6(+0x8483c)[0x7f82f7bea83c]
[hydra02:597013] [ 7] /opt/mpi/openmpi-4.1.4//lib/libmpi.so.40(ompi_group_allocate+0x17)[0x7effeaf1b1e7]
[hydra08:406556] [ 4] /lib/x86_64-linux-gnu/libc.so.6(+0x8175a)[0x7fa74f31275a]
[hydra04:420229] [ 5] /lib/x86_64-linux-gnu/libc.so.6(+0x8483c)[0x7f3689f6683c]
[hydra11:384624] [ 5] /lib/x86_64-linux-gnu/libc.so.6(+0x8483c)[0x7f673aabc83c]
[hydra09:397354] [ 5] /lib/x86_64-linux-gnu/libc.so.6(+0x8483c)[0x7fb7c65b183c]
[hydra06:404910] [ 8] /opt/mpi/openmpi-4.1.4//lib/libmpi.so.40(ompi_group_incl_plist+0x65)[0x7f979d602915]
[hydra07:431288] [ 2] /lib/x86_64-linux-gnu/libc.so.6(abort+0x123)[0x7f5f2a58b537]
[hydra05:404191] [ 8] /opt/mpi/openmpi-4.1.4//lib/libmpi.so.40(ompi_group_incl_plist+0x65)[0x7fb8d1794915]
[hydra03:421529] [ 4] /lib/x86_64-linux-gnu/libc.so.6(+0x8175a)[0x7f162b2db75a]
[hydra10:517772] [ 0] /lib/x86_64-linux-gnu/libc.so.6(+0x38de0)[0x7f728024ade0]
[hydra02:597013] [ 8] /opt/mpi/openmpi-4.1.4//lib/libmpi.so.40(ompi_group_incl_plist+0x65)[0x7effeaf1b915]
[hydra08:406556] [ 5] /lib/x86_64-linux-gnu/libc.so.6(+0x8483c)[0x7fa74f31583c]
[hydra04:420230] [ 6] /lib/x86_64-linux-gnu/libc.so.6(__libc_calloc+0x81)[0x7f1d2af04bd1]
[hydra11:384624] [ 6] /lib/x86_64-linux-gnu/libc.so.6(__libc_calloc+0x81)[0x7f673aabebd1]
[hydra09:397356] [ 2] /lib/x86_64-linux-gnu/libc.so.6(abort+0x123)[0x7ff248b61537]
[hydra06:404910] [ 9] /opt/mpi/openmpi-4.1.4//lib/libmpi.so.40(PMPI_Group_incl+0x95)[0x7f979d633185]
[hydra06:404910] [10] /home/thesis/jheld/MPI_Syrk_implementation/build/src/MPI_SYRK_implementation(+0x841a)[0x55f2b0b4541a]
[hydra07:431286] [ 5] /lib/x86_64-linux-gnu/libc.so.6(+0x8483c)[0x7feb1b9a283c]
[hydra05:404192] [ 8] /opt/mpi/openmpi-4.1.4//lib/libmpi.so.40(ompi_group_incl_plist+0x65)[0x7fddb7d6c915]
[hydra03:421528] [ 6] /lib/x86_64-linux-gnu/libc.so.6(__libc_calloc+0x81)[0x7f82f7becbd1]
[hydra10:517772] [ 1] /lib/x86_64-linux-gnu/libc.so.6(gsignal+0x141)[0x7f728024ad61]
[hydra02:597013] [ 9] /opt/mpi/openmpi-4.1.4//lib/libmpi.so.40(PMPI_Group_incl+0x95)[0x7effeaf4c185]
[hydra08:406556] [ 6] /lib/x86_64-linux-gnu/libc.so.6(__libc_calloc+0x81)[0x7fa74f317bd1]
[hydra04:420230] [ 7] /opt/mpi/openmpi-4.1.4//lib/libmpi.so.40(ompi_group_allocate+0x17)[0x7f1d2cdd21e7]
[hydra11:384624] [ 7] /opt/mpi/openmpi-4.1.4//lib/libmpi.so.40(ompi_group_allocate+0x17)[0x7f673c98c1e7]
[hydra09:397354] [ 6] /lib/x86_64-linux-gnu/libc.so.6(__libc_calloc+0x81)[0x7fb7c65b3bd1]
[hydra06:404910] [11] /home/thesis/jheld/MPI_Syrk_implementation/build/src/MPI_SYRK_implementation(+0x2ab0)[0x55f2b0b3fab0]
[hydra07:431286] [ 6] /lib/x86_64-linux-gnu/libc.so.6(__libc_calloc+0x81)[0x7feb1b9a4bd1]
[hydra05:404191] [ 9] /opt/mpi/openmpi-4.1.4//lib/libmpi.so.40(PMPI_Group_incl+0x95)[0x7fb8d17c5185]
[hydra03:421529] [ 5] /lib/x86_64-linux-gnu/libc.so.6(+0x8483c)[0x7f162b2de83c]
[hydra10:517772] [ 2] /lib/x86_64-linux-gnu/libc.so.6(abort+0x123)[0x7f7280234537]
[hydra02:597013] [10] /home/thesis/jheld/MPI_Syrk_implementation/build/src/MPI_SYRK_implementation(+0x841a)[0x5635b8df441a]
[hydra02:597013] [11] /home/thesis/jheld/MPI_Syrk_implementation/build/src/MPI_SYRK_implementation(+0x2ab0)[0x5635b8deeab0]
[hydra08:406556] [ 7] /opt/mpi/openmpi-4.1.4//lib/libmpi.so.40(ompi_group_allocate+0x17)[0x7fa7511e51e7]
[hydra04:420229] [ 6] /lib/x86_64-linux-gnu/libc.so.6(__libc_calloc+0x81)[0x7f3689f68bd1]
[hydra11:384624] [ 8] /opt/mpi/openmpi-4.1.4//lib/libmpi.so.40(ompi_group_incl_plist+0x65)[0x7f673c98c915]
[hydra09:397354] [ 7] /opt/mpi/openmpi-4.1.4//lib/libmpi.so.40(ompi_group_allocate+0x17)[0x7fb7c84811e7]
[hydra06:404910] [12] /lib/x86_64-linux-gnu/libc.so.6(__libc_start_main+0xea)[0x7f979b6d1d7a]
[hydra06:404910] [13] /home/thesis/jheld/MPI_Syrk_implementation/build/src/MPI_SYRK_implementation(+0x232a)[0x55f2b0b3f32a]
[hydra07:431288] [ 3] /lib/x86_64-linux-gnu/libc.so.6(+0x7a468)[0x7f5f2a5e3468]
[hydra03:421528] [ 7] /opt/mpi/openmpi-4.1.4//lib/libmpi.so.40(ompi_group_allocate+0x17)[0x7f82f9aba1e7]
[hydra10:517772] [ 3] /lib/x86_64-linux-gnu/libc.so.6(+0x7a468)[0x7f728028c468]
[hydra02:597013] [12] /lib/x86_64-linux-gnu/libc.so.6(__libc_start_main+0xea)[0x7effe8fead7a]
[hydra02:597013] [13] /home/thesis/jheld/MPI_Syrk_implementation/build/src/MPI_SYRK_implementation(+0x232a)[0x5635b8dee32a]
[hydra08:406556] [ 8] /opt/mpi/openmpi-4.1.4//lib/libmpi.so.40(ompi_group_incl_plist+0x65)[0x7fa7511e5915]
[hydra04:420229] [ 7] /opt/mpi/openmpi-4.1.4//lib/libmpi.so.40(ompi_group_allocate+0x17)[0x7f368be361e7]
[hydra11:384624] [ 9] /opt/mpi/openmpi-4.1.4//lib/libmpi.so.40(PMPI_Group_incl+0x95)[0x7f673c9bd185]
[hydra09:397356] [ 3] /lib/x86_64-linux-gnu/libc.so.6(+0x7a468)[0x7ff248bb9468]
[hydra06:404910] *** End of error message ***
[hydra07:431286] [ 7] /opt/mpi/openmpi-4.1.4//lib/libmpi.so.40(ompi_group_allocate+0x17)[0x7feb1d8721e7]
[hydra03:421529] [ 6] /lib/x86_64-linux-gnu/libc.so.6(__libc_calloc+0x81)[0x7f162b2e0bd1]
[hydra10:517772] [ 4] /lib/x86_64-linux-gnu/libc.so.6(+0x8175a)[0x7f728029375a]
[hydra02:597013] *** End of error message ***
[hydra08:406556] [ 9] /opt/mpi/openmpi-4.1.4//lib/libmpi.so.40(PMPI_Group_incl+0x95)[0x7fa751216185]
[hydra08:406556] [10] /home/thesis/jheld/MPI_Syrk_implementation/build/src/MPI_SYRK_implementation(+0x841a)[0x55adae8ba41a]
[hydra04:420230] [ 8] /opt/mpi/openmpi-4.1.4//lib/libmpi.so.40(ompi_group_incl_plist+0x65)[0x7f1d2cdd2915]
[hydra11:384624] [10] /home/thesis/jheld/MPI_Syrk_implementation/build/src/MPI_SYRK_implementation(+0x841a)[0x555eeb06841a]
[hydra11:384624] [11] /home/thesis/jheld/MPI_Syrk_implementation/build/src/MPI_SYRK_implementation(+0x2ab0)[0x555eeb062ab0]
[hydra09:397354] [ 8] /opt/mpi/openmpi-4.1.4//lib/libmpi.so.40(ompi_group_incl_plist+0x65)[0x7fb7c8481915]
[hydra07:431288] [ 4] /lib/x86_64-linux-gnu/libc.so.6(+0x8175a)[0x7f5f2a5ea75a]
[hydra03:421528] [ 8] /opt/mpi/openmpi-4.1.4//lib/libmpi.so.40(ompi_group_incl_plist+0x65)[0x7f82f9aba915]
[hydra10:517772] [ 5] /lib/x86_64-linux-gnu/libc.so.6(+0x8483c)[0x7f728029683c]
[hydra08:406556] [11] /home/thesis/jheld/MPI_Syrk_implementation/build/src/MPI_SYRK_implementation(+0x2ab0)[0x55adae8b4ab0]
[hydra11:384624] [12] /lib/x86_64-linux-gnu/libc.so.6(__libc_start_main+0xea)[0x7f673aa5bd7a]
[hydra11:384624] [13] /home/thesis/jheld/MPI_Syrk_implementation/build/src/MPI_SYRK_implementation(+0x232a)[0x555eeb06232a]
[hydra09:397356] [ 4] /lib/x86_64-linux-gnu/libc.so.6(+0x8175a)[0x7ff248bc075a]
[hydra07:431286] [ 8] /opt/mpi/openmpi-4.1.4//lib/libmpi.so.40(ompi_group_incl_plist+0x65)[0x7feb1d872915]
[hydra03:421529] [ 7] /opt/mpi/openmpi-4.1.4//lib/libmpi.so.40(ompi_group_allocate+0x17)[0x7f162d1ae1e7]
[hydra10:517772] [ 6] /lib/x86_64-linux-gnu/libc.so.6(__libc_calloc+0x81)[0x7f7280298bd1]
[hydra08:406556] [12] /lib/x86_64-linux-gnu/libc.so.6(__libc_start_main+0xea)[0x7fa74f2b4d7a]
[hydra08:406556] [13] /home/thesis/jheld/MPI_Syrk_implementation/build/src/MPI_SYRK_implementation(+0x232a)[0x55adae8b432a]
[hydra11:384624] *** End of error message ***
[hydra09:397354] [ 9] /opt/mpi/openmpi-4.1.4//lib/libmpi.so.40(PMPI_Group_incl+0x95)[0x7fb7c84b2185]
[hydra09:397354] [10] /home/thesis/jheld/MPI_Syrk_implementation/build/src/MPI_SYRK_implementation(+0x841a)[0x55731a4a641a]
[hydra09:397354] [11] /home/thesis/jheld/MPI_Syrk_implementation/build/src/MPI_SYRK_implementation(+0x2ab0)[0x55731a4a0ab0]
[hydra07:431288] [ 5] /lib/x86_64-linux-gnu/libc.so.6(+0x8483c)[0x7f5f2a5ed83c]
[hydra10:517772] [ 7] /opt/mpi/openmpi-4.1.4//lib/libmpi.so.40(ompi_group_allocate+0x17)[0x7f72821661e7]
[hydra08:406556] *** End of error message ***
[hydra09:397356] [ 5] /lib/x86_64-linux-gnu/libc.so.6(+0x8483c)[0x7ff248bc383c]
[hydra07:431286] [ 9] /opt/mpi/openmpi-4.1.4//lib/libmpi.so.40(PMPI_Group_incl+0x95)[0x7feb1d8a3185]
[hydra07:431286] [10] /home/thesis/jheld/MPI_Syrk_implementation/build/src/MPI_SYRK_implementation(+0x841a)[0x559869d5641a]
[hydra10:517772] [ 8] /opt/mpi/openmpi-4.1.4//lib/libmpi.so.40(ompi_group_incl_plist+0x65)[0x7f7282166915]
[hydra09:397354] [12] /lib/x86_64-linux-gnu/libc.so.6(__libc_start_main+0xea)[0x7fb7c6550d7a]
[hydra09:397354] [13] /home/thesis/jheld/MPI_Syrk_implementation/build/src/MPI_SYRK_implementation(+0x232a)[0x55731a4a032a]
[hydra07:431286] [11] /home/thesis/jheld/MPI_Syrk_implementation/build/src/MPI_SYRK_implementation(+0x2ab0)[0x559869d50ab0]
[hydra10:517772] [ 9] /opt/mpi/openmpi-4.1.4//lib/libmpi.so.40(PMPI_Group_incl+0x95)[0x7f7282197185]
[hydra10:517772] [10] /home/thesis/jheld/MPI_Syrk_implementation/build/src/MPI_SYRK_implementation(+0x841a)[0x5641f0e5c41a]
[hydra09:397354] *** End of error message ***
[hydra07:431288] [ 6] /lib/x86_64-linux-gnu/libc.so.6(__libc_calloc+0x81)[0x7f5f2a5efbd1]
[hydra10:517772] [11] /home/thesis/jheld/MPI_Syrk_implementation/build/src/MPI_SYRK_implementation(+0x2ab0)[0x5641f0e56ab0]
[hydra07:431286] [12] /lib/x86_64-linux-gnu/libc.so.6(__libc_start_main+0xea)[0x7feb1b941d7a]
[hydra07:431286] [13] /home/thesis/jheld/MPI_Syrk_implementation/build/src/MPI_SYRK_implementation(+0x232a)[0x559869d5032a]
[hydra10:517772] [12] /lib/x86_64-linux-gnu/libc.so.6(__libc_start_main+0xea)[0x7f7280235d7a]
[hydra10:517772] [13] /home/thesis/jheld/MPI_Syrk_implementation/build/src/MPI_SYRK_implementation(+0x232a)[0x5641f0e5632a]
[hydra07:431286] *** End of error message ***
[hydra10:517772] *** End of error message ***
[hydra07:431288] [ 7] /opt/mpi/openmpi-4.1.4//lib/libmpi.so.40(ompi_group_allocate+0x17)[0x7f5f2c4bd1e7]
[hydra07:431288] [ 8] /opt/mpi/openmpi-4.1.4//lib/libmpi.so.40(ompi_group_incl_plist+0x65)[0x7f5f2c4bd915]
[hydra03:421528] [ 9] /opt/mpi/openmpi-4.1.4//lib/libmpi.so.40(PMPI_Group_incl+0x95)[0x7f82f9aeb185]
[hydra03:421528] [10] /home/thesis/jheld/MPI_Syrk_implementation/build/src/MPI_SYRK_implementation(+0x841a)[0x56216680941a]
[hydra07:431288] [ 9] /opt/mpi/openmpi-4.1.4//lib/libmpi.so.40(PMPI_Group_incl+0x95)[0x7f5f2c4ee185]
[hydra07:431288] [10] /home/thesis/jheld/MPI_Syrk_implementation/build/src/MPI_SYRK_implementation(+0x841a)[0x55d1ddb6541a]
[hydra03:421529] [ 8] /opt/mpi/openmpi-4.1.4//lib/libmpi.so.40(ompi_group_incl_plist+0x65)[0x7f162d1ae915]
[hydra04:420229] [ 8] /opt/mpi/openmpi-4.1.4//lib/libmpi.so.40(ompi_group_incl_plist+0x65)[0x7f368be36915]
[hydra07:431288] [11] /home/thesis/jheld/MPI_Syrk_implementation/build/src/MPI_SYRK_implementation(+0x2ab0)[0x55d1ddb5fab0]
[hydra03:421528] [11] /home/thesis/jheld/MPI_Syrk_implementation/build/src/MPI_SYRK_implementation(+0x2ab0)[0x562166803ab0]
[hydra04:420230] [ 9] /opt/mpi/openmpi-4.1.4//lib/libmpi.so.40(PMPI_Group_incl+0x95)[0x7f1d2ce03185]
[hydra04:420230] [10] /home/thesis/jheld/MPI_Syrk_implementation/build/src/MPI_SYRK_implementation(+0x841a)[0x55cf0595d41a]
[hydra07:431288] [12] /lib/x86_64-linux-gnu/libc.so.6(__libc_start_main+0xea)[0x7f5f2a58cd7a]
[hydra07:431288] [13] /home/thesis/jheld/MPI_Syrk_implementation/build/src/MPI_SYRK_implementation(+0x232a)[0x55d1ddb5f32a]
[hydra03:421528] [12] /lib/x86_64-linux-gnu/libc.so.6(__libc_start_main+0xea)[0x7f82f7b89d7a]
[hydra03:421528] [13] /home/thesis/jheld/MPI_Syrk_implementation/build/src/MPI_SYRK_implementation(+0x232a)[0x56216680332a]
[hydra03:421528] *** End of error message ***
[hydra04:420230] [11] /home/thesis/jheld/MPI_Syrk_implementation/build/src/MPI_SYRK_implementation(+0x2ab0)[0x55cf05957ab0]
[hydra07:431288] *** End of error message ***
[hydra05:404192] [ 9] /opt/mpi/openmpi-4.1.4//lib/libmpi.so.40(PMPI_Group_incl+0x95)[0x7fddb7d9d185]
[hydra05:404192] [10] /home/thesis/jheld/MPI_Syrk_implementation/build/src/MPI_SYRK_implementation(+0x841a)[0x55b4020e741a]
[hydra05:404192] [11] /home/thesis/jheld/MPI_Syrk_implementation/build/src/MPI_SYRK_implementation(+0x2ab0)[0x55b4020e1ab0]
[hydra03:421529] [ 9] /opt/mpi/openmpi-4.1.4//lib/libmpi.so.40(PMPI_Group_incl+0x95)[0x7f162d1df185]
[hydra03:421529] [10] /home/thesis/jheld/MPI_Syrk_implementation/build/src/MPI_SYRK_implementation(+0x841a)[0x557b599c641a]
[hydra03:421529] [11] /home/thesis/jheld/MPI_Syrk_implementation/build/src/MPI_SYRK_implementation(+0x2ab0)[0x557b599c0ab0]
[hydra04:420229] [ 9] /opt/mpi/openmpi-4.1.4//lib/libmpi.so.40(PMPI_Group_incl+0x95)[0x7f368be67185]
[hydra04:420229] [10] /home/thesis/jheld/MPI_Syrk_implementation/build/src/MPI_SYRK_implementation(+0x841a)[0x55dabe4ec41a]
[hydra04:420229] [11] /home/thesis/jheld/MPI_Syrk_implementation/build/src/MPI_SYRK_implementation(+0x2ab0)[0x55dabe4e6ab0]
[hydra09:397356] [ 6] /lib/x86_64-linux-gnu/libc.so.6(__libc_calloc+0x81)[0x7ff248bc5bd1]
[hydra05:404191] [10] /home/thesis/jheld/MPI_Syrk_implementation/build/src/MPI_SYRK_implementation(+0x841a)[0x55f24450d41a]
[hydra05:404191] [11] /home/thesis/jheld/MPI_Syrk_implementation/build/src/MPI_SYRK_implementation(+0x2ab0)[0x55f244507ab0]
[hydra03:421529] [12] /lib/x86_64-linux-gnu/libc.so.6(__libc_start_main+0xea)[0x7f162b27dd7a]
[hydra03:421529] [13] /home/thesis/jheld/MPI_Syrk_implementation/build/src/MPI_SYRK_implementation(+0x232a)[0x557b599c032a]
[hydra04:420230] [12] /lib/x86_64-linux-gnu/libc.so.6(__libc_start_main+0xea)[0x7f1d2aea1d7a]
[hydra04:420230] [13] /home/thesis/jheld/MPI_Syrk_implementation/build/src/MPI_SYRK_implementation(+0x232a)[0x55cf0595732a]
[hydra04:420230] *** End of error message ***
[hydra09:397356] [ 7] /opt/mpi/openmpi-4.1.4//lib/libmpi.so.40(ompi_group_allocate+0x17)[0x7ff24aa931e7]
[hydra05:404192] [12] /lib/x86_64-linux-gnu/libc.so.6(__libc_start_main+0xea)[0x7fddb5e3bd7a]
[hydra03:421529] *** End of error message ***
[hydra04:420229] [12] /lib/x86_64-linux-gnu/libc.so.6(__libc_start_main+0xea)[0x7f3689f05d7a]
[hydra09:397356] [ 8] /opt/mpi/openmpi-4.1.4//lib/libmpi.so.40(ompi_group_incl_plist+0x65)[0x7ff24aa93915]
[hydra05:404191] [12] /lib/x86_64-linux-gnu/libc.so.6(__libc_start_main+0xea)[0x7fb8cf863d7a]
[hydra05:404191] [13] /home/thesis/jheld/MPI_Syrk_implementation/build/src/MPI_SYRK_implementation(+0x232a)[0x55f24450732a]
[hydra05:404191] *** End of error message ***
[hydra04:420229] [13] /home/thesis/jheld/MPI_Syrk_implementation/build/src/MPI_SYRK_implementation(+0x232a)[0x55dabe4e632a]
[hydra04:420229] *** End of error message ***
[hydra09:397356] [ 9] /opt/mpi/openmpi-4.1.4//lib/libmpi.so.40(PMPI_Group_incl+0x95)[0x7ff24aac4185]
[hydra09:397356] [10] /home/thesis/jheld/MPI_Syrk_implementation/build/src/MPI_SYRK_implementation(+0x841a)[0x55c96c5d541a]
[hydra05:404192] [13] /home/thesis/jheld/MPI_Syrk_implementation/build/src/MPI_SYRK_implementation(+0x232a)[0x55b4020e132a]
[hydra05:404192] *** End of error message ***
[hydra09:397356] [11] /home/thesis/jheld/MPI_Syrk_implementation/build/src/MPI_SYRK_implementation(+0x2ab0)[0x55c96c5cfab0]
[hydra09:397356] [12] /lib/x86_64-linux-gnu/libc.so.6(__libc_start_main+0xea)[0x7ff248b62d7a]
[hydra09:397356] [13] /home/thesis/jheld/MPI_Syrk_implementation/build/src/MPI_SYRK_implementation(+0x232a)[0x55c96c5cf32a]
[hydra09:397356] *** End of error message ***
srun: error: hydra10: task 27: Aborted
srun: error: hydra11: task 30: Aborted
srun: error: hydra02: task 3: Aborted
srun: error: hydra06: task 17: Aborted
srun: error: hydra08: task 23: Aborted
srun: error: hydra05: tasks 12-13: Aborted
srun: error: hydra01: tasks 1-2: Aborted
srun: error: hydra07: tasks 18,20: Aborted
srun: error: hydra04: tasks 9-10: Aborted
srun: error: hydra03: tasks 7-8: Aborted
srun: error: hydra09: tasks 24,26: Aborted
slurmstepd: error:  mpi/pmix_v4: _errhandler: hydra08 [7]: pmixp_client_v2.c:211: Error handler invoked: status = -61, source = [slurm.pmix.5008705.28:23]
slurmstepd: error:  mpi/pmix_v4: _errhandler: hydra02 [1]: pmixp_client_v2.c:211: Error handler invoked: status = -61, source = [slurm.pmix.5008705.28:3]
slurmstepd: error:  mpi/pmix_v4: _errhandler: hydra11 [10]: pmixp_client_v2.c:211: Error handler invoked: status = -61, source = [slurm.pmix.5008705.28:30]
slurmstepd: error: *** STEP 5008705.28 ON hydra01 CANCELLED AT 2025-10-13T15:43:12 ***
slurmstepd: error:  mpi/pmix_v4: _errhandler: hydra06 [5]: pmixp_client_v2.c:211: Error handler invoked: status = -61, source = [slurm.pmix.5008705.28:17]
slurmstepd: error:  mpi/pmix_v4: _errhandler: hydra10 [9]: pmixp_client_v2.c:211: Error handler invoked: status = -61, source = [slurm.pmix.5008705.28:27]
slurmstepd: error:  mpi/pmix_v4: _errhandler: hydra09 [8]: pmixp_client_v2.c:211: Error handler invoked: status = -61, source = [slurm.pmix.5008705.28:24]
slurmstepd: error:  mpi/pmix_v4: _errhandler: hydra01 [0]: pmixp_client_v2.c:211: Error handler invoked: status = -61, source = [slurm.pmix.5008705.28:1]
srun: Job step aborted: Waiting up to 32 seconds for job step to finish.
srun: error: hydra07: task 19: Killed
srun: error: hydra05: task 14: Killed
srun: error: hydra03: task 6: Killed
srun: error: hydra01: task 0: Killed
srun: error: hydra09: task 25: Killed
srun: error: hydra04: task 11: Killed
srun: error: hydra10: tasks 28-29: Killed
srun: error: hydra02: tasks 4-5: Killed
srun: error: hydra11: tasks 31-32: Killed
srun: error: hydra06: tasks 15-16: Killed
srun: error: hydra08: tasks 21-22: Killed
srun: error: hydra12: tasks 33-35: Killed
⚠️ Warning: No runtime found for run 29
srun: Warning: can't honor --ntasks-per-node set to 1 which doesn't match the requested tasks 36 with the number of requested nodes 12. Ignoring --ntasks-per-node.
missing input file name --> Generate random input
malloc(): invalid size (unsorted)
[hydra01:917970] *** Process received signal ***
malloc(): invalid size (unsorted)
[hydra12:384585] *** Process received signal ***
[hydra12:384585] Signal: Aborted (6)
[hydra12:384585] Signal code:  (-6)
[hydra01:917970] Signal: Aborted (6)
[hydra01:917970] Signal code:  (-6)
malloc(): invalid size (unsorted)
malloc(): invalid size (unsorted)
[hydra11:384683] *** Process received signal ***
[hydra11:384683] Signal: Aborted (6)
[hydra11:384683] Signal code:  (-6)
[hydra12:384585] [ 0] /lib/x86_64-linux-gnu/libc.so.6(+0x38de0)[0x7f196cd81de0]
[hydra01:917970] [ 0] /lib/x86_64-linux-gnu/libc.so.6(+0x38de0)[0x7f22bc87fde0]
[hydra12:384585] [ 1] /lib/x86_64-linux-gnu/libc.so.6(gsignal+0x141)[0x7f196cd81d61]
[hydra01:917971] *** Process received signal ***
[hydra01:917971] Signal: Aborted (6)
[hydra01:917971] Signal code:  (-6)
malloc(): invalid size (unsorted)
[hydra05:404248] *** Process received signal ***
[hydra05:404248] Signal: Aborted (6)
[hydra05:404248] Signal code:  (-6)
[hydra01:917970] [ 1] /lib/x86_64-linux-gnu/libc.so.6(gsignal+0x141)[0x7f22bc87fd61]
[hydra11:384683] [ 0] /lib/x86_64-linux-gnu/libc.so.6(+0x38de0)[0x7f30766f2de0]
[hydra12:384585] [ 2] /lib/x86_64-linux-gnu/libc.so.6(abort+0x123)[0x7f196cd6b537]
[hydra01:917970] [ 2] /lib/x86_64-linux-gnu/libc.so.6(abort+0x123)[0x7f22bc869537]
malloc(): invalid size (unsorted)
[hydra03:421584] *** Process received signal ***
[hydra03:421584] Signal: Aborted (6)
[hydra03:421584] Signal code:  (-6)
[hydra01:917970] [ 3] /lib/x86_64-linux-gnu/libc.so.6(+0x7a468)[0x7f22bc8c1468]
[hydra11:384683] [ 1] /lib/x86_64-linux-gnu/libc.so.6(gsignal+0x141)[0x7f30766f2d61]
malloc(): invalid size (unsorted)
malloc(): invalid size (unsorted)
[hydra02:597084] *** Process received signal ***
[hydra02:597084] Signal: Aborted (6)
[hydra02:597084] Signal code:  (-6)
malloc(): invalid size (unsorted)
[hydra07:431342] *** Process received signal ***
[hydra07:431342] Signal: Aborted (6)
[hydra07:431342] Signal code:  (-6)
[hydra12:384585] [ 3] /lib/x86_64-linux-gnu/libc.so.6(+0x7a468)[0x7f196cdc3468]
malloc(): invalid size (unsorted)
[hydra04:420286] *** Process received signal ***
[hydra04:420286] Signal: Aborted (6)
[hydra04:420286] Signal code:  (-6)
[hydra01:917970] [ 4] /lib/x86_64-linux-gnu/libc.so.6(+0x8175a)[0x7f22bc8c875a]
[hydra11:384683] [ 2] /lib/x86_64-linux-gnu/libc.so.6(abort+0x123)[0x7f30766dc537]
malloc(): invalid size (unsorted)
[hydra09:397410] *** Process received signal ***
[hydra09:397410] Signal: Aborted (6)
[hydra09:397410] Signal code:  (-6)
[hydra05:404248] [ 0] /lib/x86_64-linux-gnu/libc.so.6(+0x38de0)[0x7f2b781d6de0]
[hydra12:384585] [ 4] /lib/x86_64-linux-gnu/libc.so.6(+0x8175a)[0x7f196cdca75a]
[hydra01:917971] [ 0] /lib/x86_64-linux-gnu/libc.so.6(+0x38de0)[0x7f3c9c1ccde0]
[hydra11:384683] [ 3] /lib/x86_64-linux-gnu/libc.so.6(+0x7a468)[0x7f3076734468]
[hydra05:404249] *** Process received signal ***
[hydra05:404249] Signal: Aborted (6)
[hydra05:404249] Signal code:  (-6)
[hydra03:421584] [ 0] /lib/x86_64-linux-gnu/libc.so.6(+0x38de0)[0x7f138eff5de0]
[hydra12:384585] [ 5] /lib/x86_64-linux-gnu/libc.so.6(+0x8483c)[0x7f196cdcd83c]
[hydra01:917971] [ 1] /lib/x86_64-linux-gnu/libc.so.6(gsignal+0x141)[0x7f3c9c1ccd61]
[hydra11:384683] [ 4] /lib/x86_64-linux-gnu/libc.so.6(+0x8175a)[0x7f307673b75a]
malloc(): invalid size (unsorted)
[hydra09:397411] *** Process received signal ***
[hydra09:397411] Signal: Aborted (6)
[hydra09:397411] Signal code:  (-6)
malloc(): invalid size (unsorted)
[hydra08:406612] *** Process received signal ***
[hydra08:406612] Signal: Aborted (6)
[hydra08:406612] Signal code:  (-6)
[hydra05:404248] [ 1] /lib/x86_64-linux-gnu/libc.so.6(gsignal+0x141)[0x7f2b781d6d61]
[hydra12:384585] [ 6] /lib/x86_64-linux-gnu/libc.so.6(__libc_calloc+0x81)[0x7f196cdcfbd1]
malloc(): invalid size (unsorted)
[hydra04:420287] *** Process received signal ***
[hydra04:420287] Signal: Aborted (6)
[hydra04:420287] Signal code:  (-6)
malloc(): invalid size (unsorted)
[hydra06:404964] *** Process received signal ***
[hydra06:404964] Signal: Aborted (6)
[hydra06:404964] Signal code:  (-6)
[hydra01:917970] [ 5] /lib/x86_64-linux-gnu/libc.so.6(+0x8483c)[0x7f22bc8cb83c]
[hydra11:384683] [ 5] /lib/x86_64-linux-gnu/libc.so.6(+0x8483c)[0x7f307673e83c]
malloc(): invalid size (unsorted)
[hydra07:431342] [ 0] /lib/x86_64-linux-gnu/libc.so.6(+0x38de0)[0x7fe300f9bde0]
[hydra05:404248] [ 2] /lib/x86_64-linux-gnu/libc.so.6(abort+0x123)[0x7f2b781c0537]
malloc(): invalid size (unsorted)
[hydra10:517832] *** Process received signal ***
[hydra10:517832] Signal: Aborted (6)
[hydra10:517832] Signal code:  (-6)
[hydra03:421584] [ 1] /lib/x86_64-linux-gnu/libc.so.6(gsignal+0x141)[0x7f138eff5d61]
[hydra12:384585] [ 7] /opt/mpi/openmpi-4.1.4//lib/libmpi.so.40(ompi_group_allocate+0x17)[0x7f196ec9d1e7]
[hydra01:917971] [ 2] /lib/x86_64-linux-gnu/libc.so.6(abort+0x123)[0x7f3c9c1b6537]
[hydra11:384683] [ 6] /lib/x86_64-linux-gnu/libc.so.6(__libc_calloc+0x81)[0x7f3076740bd1]
[hydra09:397410] [ 0] /lib/x86_64-linux-gnu/libc.so.6(+0x38de0)[0x7f174926ade0]
[hydra07:431342] [ 1] /lib/x86_64-linux-gnu/libc.so.6(gsignal+0x141)[0x7fe300f9bd61]
[hydra08:406612] [ 0] /lib/x86_64-linux-gnu/libc.so.6(+0x38de0)[0x7ff5625bbde0]
[hydra05:404248] [ 3] /lib/x86_64-linux-gnu/libc.so.6(+0x7a468)[0x7f2b78218468]
[hydra03:421584] [ 2] /lib/x86_64-linux-gnu/libc.so.6(abort+0x123)[0x7f138efdf537]
[hydra12:384585] [ 8] /opt/mpi/openmpi-4.1.4//lib/libmpi.so.40(ompi_group_incl_plist+0x65)[0x7f196ec9d915]
[hydra04:420286] [ 0] /lib/x86_64-linux-gnu/libc.so.6(+0x38de0)[0x7f26cdce0de0]
[hydra04:420286] [ 1] /lib/x86_64-linux-gnu/libc.so.6(gsignal+0x141)[0x7f26cdce0d61]
[hydra04:420286] [ 2] /lib/x86_64-linux-gnu/libc.so.6(abort+0x123)[0x7f26cdcca537]
[hydra01:917970] [ 6] /lib/x86_64-linux-gnu/libc.so.6(__libc_calloc+0x81)[0x7f22bc8cdbd1]
[hydra11:384683] [ 7] /opt/mpi/openmpi-4.1.4//lib/libmpi.so.40(ompi_group_allocate+0x17)[0x7f307860e1e7]
[hydra09:397411] [ 0] /lib/x86_64-linux-gnu/libc.so.6(+0x38de0)[0x7f9a3e29dde0]
[hydra07:431342] [ 2] /lib/x86_64-linux-gnu/libc.so.6(abort+0x123)[0x7fe300f85537]
[hydra08:406612] [ 1] /lib/x86_64-linux-gnu/libc.so.6(gsignal+0x141)[0x7ff5625bbd61]
[hydra05:404248] [ 4] /lib/x86_64-linux-gnu/libc.so.6(+0x8175a)[0x7f2b7821f75a]
[hydra10:517832] [ 0] /lib/x86_64-linux-gnu/libc.so.6(+0x38de0)[0x7f0a0313cde0]
[hydra03:421584] [ 3] /lib/x86_64-linux-gnu/libc.so.6(+0x7a468)[0x7f138f037468]
[hydra12:384585] [ 9] /opt/mpi/openmpi-4.1.4//lib/libmpi.so.40(PMPI_Group_incl+0x95)[0x7f196ecce185]
[hydra12:384585] [10] /home/thesis/jheld/MPI_Syrk_implementation/build/src/MPI_SYRK_implementation(+0x841a)[0x55cc5188541a]
[hydra04:420287] [ 0] /lib/x86_64-linux-gnu/libc.so.6(+0x38de0)[0x7f9e93be8de0]
[hydra04:420287] [ 1] /lib/x86_64-linux-gnu/libc.so.6(gsignal+0x141)[0x7f9e93be8d61]
[hydra04:420287] [ 2] /lib/x86_64-linux-gnu/libc.so.6(abort+0x123)[0x7f9e93bd2537]
[hydra01:917970] [ 7] /opt/mpi/openmpi-4.1.4//lib/libmpi.so.40(ompi_group_allocate+0x17)[0x7f22be79b1e7]
[hydra11:384683] [ 8] /opt/mpi/openmpi-4.1.4//lib/libmpi.so.40(ompi_group_incl_plist+0x65)[0x7f307860e915]
[hydra09:397410] [ 1] /lib/x86_64-linux-gnu/libc.so.6(gsignal+0x141)[0x7f174926ad61]
[hydra07:431342] [ 3] /lib/x86_64-linux-gnu/libc.so.6(+0x7a468)[0x7fe300fdd468]
[hydra08:406612] [ 2] /lib/x86_64-linux-gnu/libc.so.6(abort+0x123)[0x7ff5625a5537]
[hydra05:404249] [ 0] /lib/x86_64-linux-gnu/libc.so.6(+0x38de0)[0x7f9b7636ade0]
[hydra03:421584] [ 4] /lib/x86_64-linux-gnu/libc.so.6(+0x8175a)[0x7f138f03e75a]
[hydra12:384585] [11] /home/thesis/jheld/MPI_Syrk_implementation/build/src/MPI_SYRK_implementation(+0x2ab0)[0x55cc5187fab0]
[hydra04:420286] [ 3] /lib/x86_64-linux-gnu/libc.so.6(+0x7a468)[0x7f26cdd22468]
malloc(): invalid size (unsorted)
[hydra02:597085] *** Process received signal ***
[hydra02:597085] Signal: Aborted (6)
[hydra02:597085] Signal code:  (-6)
[hydra01:917971] [ 3] /lib/x86_64-linux-gnu/libc.so.6(+0x7a468)[0x7f3c9c20e468]
[hydra11:384683] [ 9] /opt/mpi/openmpi-4.1.4//lib/libmpi.so.40(PMPI_Group_incl+0x95)[0x7f307863f185]
[hydra09:397411] [ 1] /lib/x86_64-linux-gnu/libc.so.6(gsignal+0x141)[0x7f9a3e29dd61]
[hydra09:397411] [ 2] /lib/x86_64-linux-gnu/libc.so.6(abort+0x123)[0x7f9a3e287537]
[hydra07:431342] [ 4] /lib/x86_64-linux-gnu/libc.so.6(+0x8175a)[0x7fe300fe475a]
[hydra08:406612] [ 3] /lib/x86_64-linux-gnu/libc.so.6(+0x7a468)[0x7ff5625fd468]
[hydra05:404248] [ 5] /lib/x86_64-linux-gnu/libc.so.6(+0x8483c)[0x7f2b7822283c]
[hydra10:517832] [ 1] /lib/x86_64-linux-gnu/libc.so.6(gsignal+0x141)[0x7f0a0313cd61]
[hydra03:421584] [ 5] /lib/x86_64-linux-gnu/libc.so.6(+0x8483c)[0x7f138f04183c]
[hydra12:384585] [12] /lib/x86_64-linux-gnu/libc.so.6(__libc_start_main+0xea)[0x7f196cd6cd7a]
[hydra04:420287] [ 3] /lib/x86_64-linux-gnu/libc.so.6(+0x7a468)[0x7f9e93c2a468]
[hydra02:597085] [ 0] /lib/x86_64-linux-gnu/libc.so.6(+0x38de0)[0x7f8b7abf2de0]
[hydra01:917970] [ 8] /opt/mpi/openmpi-4.1.4//lib/libmpi.so.40(ompi_group_incl_plist+0x65)[0x7f22be79b915]
[hydra11:384683] [10] /home/thesis/jheld/MPI_Syrk_implementation/build/src/MPI_SYRK_implementation(+0x841a)[0x55dbb09aa41a]
[hydra11:384683] [11] /home/thesis/jheld/MPI_Syrk_implementation/build/src/MPI_SYRK_implementation(+0x2ab0)[0x55dbb09a4ab0]
[hydra09:397412] *** Process received signal ***
[hydra09:397412] Signal: Aborted (6)
[hydra09:397412] Signal code:  (-6)
[hydra07:431342] [ 5] /lib/x86_64-linux-gnu/libc.so.6(+0x8483c)[0x7fe300fe783c]
[hydra08:406612] [ 4] /lib/x86_64-linux-gnu/libc.so.6(+0x8175a)[0x7ff56260475a]
[hydra05:404249] [ 1] /lib/x86_64-linux-gnu/libc.so.6(gsignal+0x141)[0x7f9b7636ad61]
[hydra10:517832] [ 2] /lib/x86_64-linux-gnu/libc.so.6(abort+0x123)[0x7f0a03126537]
[hydra03:421584] [ 6] /lib/x86_64-linux-gnu/libc.so.6(__libc_calloc+0x81)[0x7f138f043bd1]
[hydra12:384585] [13] /home/thesis/jheld/MPI_Syrk_implementation/build/src/MPI_SYRK_implementation(+0x232a)[0x55cc5187f32a]
[hydra12:384585] *** End of error message ***
[hydra04:420286] [ 4] /lib/x86_64-linux-gnu/libc.so.6(+0x8175a)[0x7f26cdd2975a]
[hydra02:597084] [ 0] /lib/x86_64-linux-gnu/libc.so.6(+0x38de0)[0x7f426aaf0de0]
[hydra01:917971] [ 4] /lib/x86_64-linux-gnu/libc.so.6(+0x8175a)[0x7f3c9c21575a]
[hydra11:384683] [12] /lib/x86_64-linux-gnu/libc.so.6(__libc_start_main+0xea)[0x7f30766ddd7a]
[hydra09:397410] [ 2] /lib/x86_64-linux-gnu/libc.so.6(abort+0x123)[0x7f1749254537]
[hydra07:431342] [ 6] /lib/x86_64-linux-gnu/libc.so.6(__libc_calloc+0x81)[0x7fe300fe9bd1]
[hydra08:406612] [ 5] /lib/x86_64-linux-gnu/libc.so.6(+0x8483c)[0x7ff56260783c]
[hydra05:404249] [ 2] /lib/x86_64-linux-gnu/libc.so.6(abort+0x123)[0x7f9b76354537]
[hydra10:517832] [ 3] /lib/x86_64-linux-gnu/libc.so.6(+0x7a468)[0x7f0a0317e468]
[hydra03:421584] [ 7] /opt/mpi/openmpi-4.1.4//lib/libmpi.so.40(ompi_group_allocate+0x17)[0x7f1390f111e7]
[hydra04:420287] [ 4] /lib/x86_64-linux-gnu/libc.so.6(+0x8175a)[0x7f9e93c3175a]
[hydra02:597085] [ 1] /lib/x86_64-linux-gnu/libc.so.6(gsignal+0x141)[0x7f8b7abf2d61]
[hydra01:917970] [ 9] /opt/mpi/openmpi-4.1.4//lib/libmpi.so.40(PMPI_Group_incl+0x95)[0x7f22be7cc185]
[hydra01:917970] [10] /home/thesis/jheld/MPI_Syrk_implementation/build/src/MPI_SYRK_implementation(+0x841a)[0x55614171641a]
[hydra11:384683] [13] /home/thesis/jheld/MPI_Syrk_implementation/build/src/MPI_SYRK_implementation(+0x232a)[0x55dbb09a432a]
[hydra11:384683] *** End of error message ***
[hydra09:397410] [ 3] /lib/x86_64-linux-gnu/libc.so.6(+0x7a468)[0x7f17492ac468]
[hydra07:431342] [ 7] /opt/mpi/openmpi-4.1.4//lib/libmpi.so.40(ompi_group_allocate+0x17)[0x7fe302eb71e7]
[hydra08:406612] [ 6] /lib/x86_64-linux-gnu/libc.so.6(__libc_calloc+0x81)[0x7ff562609bd1]
[hydra05:404248] [ 6] /lib/x86_64-linux-gnu/libc.so.6(__libc_calloc+0x81)[0x7f2b78224bd1]
[hydra10:517832] [ 4] /lib/x86_64-linux-gnu/libc.so.6(+0x8175a)[0x7f0a0318575a]
[hydra03:421584] [ 8] /opt/mpi/openmpi-4.1.4//lib/libmpi.so.40(ompi_group_incl_plist+0x65)[0x7f1390f11915]
[hydra04:420287] [ 5] /lib/x86_64-linux-gnu/libc.so.6(+0x8483c)[0x7f9e93c3483c]
[hydra06:404964] [ 0] /lib/x86_64-linux-gnu/libc.so.6(+0x38de0)[0x7f9531853de0]
[hydra02:597084] [ 1] /lib/x86_64-linux-gnu/libc.so.6(gsignal+0x141)[0x7f426aaf0d61]
[hydra01:917971] [ 5] /lib/x86_64-linux-gnu/libc.so.6(+0x8483c)[0x7f3c9c21883c]
[hydra09:397411] [ 3] /lib/x86_64-linux-gnu/libc.so.6(+0x7a468)[0x7f9a3e2df468]
[hydra07:431342] [ 8] /opt/mpi/openmpi-4.1.4//lib/libmpi.so.40(ompi_group_incl_plist+0x65)[0x7fe302eb7915]
[hydra08:406612] [ 7] /opt/mpi/openmpi-4.1.4//lib/libmpi.so.40(ompi_group_allocate+0x17)[0x7ff5644d71e7]
[hydra05:404248] [ 7] /opt/mpi/openmpi-4.1.4//lib/libmpi.so.40(ompi_group_allocate+0x17)[0x7f2b7a0f21e7]
[hydra10:517832] [ 5] /lib/x86_64-linux-gnu/libc.so.6(+0x8483c)[0x7f0a0318883c]
[hydra03:421584] [ 9] /opt/mpi/openmpi-4.1.4//lib/libmpi.so.40(PMPI_Group_incl+0x95)[0x7f1390f42185]
[hydra03:421584] [10] /home/thesis/jheld/MPI_Syrk_implementation/build/src/MPI_SYRK_implementation(+0x841a)[0x55ad6863b41a]
[hydra04:420286] [ 5] /lib/x86_64-linux-gnu/libc.so.6(+0x8483c)[0x7f26cdd2c83c]
[hydra06:404964] [ 1] /lib/x86_64-linux-gnu/libc.so.6(gsignal+0x141)[0x7f9531853d61]
[hydra02:597085] [ 2] /lib/x86_64-linux-gnu/libc.so.6(abort+0x123)[0x7f8b7abdc537]
[hydra01:917970] [11] /home/thesis/jheld/MPI_Syrk_implementation/build/src/MPI_SYRK_implementation(+0x2ab0)[0x556141710ab0]
[hydra09:397411] [ 4] /lib/x86_64-linux-gnu/libc.so.6(+0x8175a)[0x7f9a3e2e675a]
[hydra07:431342] [ 9] /opt/mpi/openmpi-4.1.4//lib/libmpi.so.40(PMPI_Group_incl+0x95)[0x7fe302ee8185]
[hydra08:406612] [ 8] /opt/mpi/openmpi-4.1.4//lib/libmpi.so.40(ompi_group_incl_plist+0x65)[0x7ff5644d7915]
[hydra05:404249] [ 3] /lib/x86_64-linux-gnu/libc.so.6(+0x7a468)[0x7f9b763ac468]
[hydra10:517832] [ 6] /lib/x86_64-linux-gnu/libc.so.6(__libc_calloc+0x81)[0x7f0a0318abd1]
[hydra03:421584] [11] /home/thesis/jheld/MPI_Syrk_implementation/build/src/MPI_SYRK_implementation(+0x2ab0)[0x55ad68635ab0]
[hydra04:420287] [ 6] /lib/x86_64-linux-gnu/libc.so.6(__libc_calloc+0x81)[0x7f9e93c36bd1]
[hydra06:404964] [ 2] /lib/x86_64-linux-gnu/libc.so.6(abort+0x123)[0x7f953183d537]
[hydra02:597084] [ 2] /lib/x86_64-linux-gnu/libc.so.6(abort+0x123)[0x7f426aada537]
[hydra01:917970] [12] /lib/x86_64-linux-gnu/libc.so.6(__libc_start_main+0xea)[0x7f22bc86ad7a]
[hydra01:917970] [13] /home/thesis/jheld/MPI_Syrk_implementation/build/src/MPI_SYRK_implementation(+0x232a)[0x55614171032a]
[hydra01:917970] *** End of error message ***
[hydra09:397410] [ 4] /lib/x86_64-linux-gnu/libc.so.6(+0x8175a)[0x7f17492b375a]
[hydra07:431342] [10] /home/thesis/jheld/MPI_Syrk_implementation/build/src/MPI_SYRK_implementation(+0x841a)[0x559a9d9b541a]
[hydra07:431342] [11] /home/thesis/jheld/MPI_Syrk_implementation/build/src/MPI_SYRK_implementation(+0x2ab0)[0x559a9d9afab0]
[hydra08:406612] [ 9] /opt/mpi/openmpi-4.1.4//lib/libmpi.so.40(PMPI_Group_incl+0x95)[0x7ff564508185]
[hydra08:406612] [10] /home/thesis/jheld/MPI_Syrk_implementation/build/src/MPI_SYRK_implementation(+0x841a)[0x561b351a941a]
[hydra05:404248] [ 8] /opt/mpi/openmpi-4.1.4//lib/libmpi.so.40(ompi_group_incl_plist+0x65)[0x7f2b7a0f2915]
[hydra10:517832] [ 7] /opt/mpi/openmpi-4.1.4//lib/libmpi.so.40(ompi_group_allocate+0x17)[0x7f0a050581e7]
[hydra03:421584] [12] /lib/x86_64-linux-gnu/libc.so.6(__libc_start_main+0xea)[0x7f138efe0d7a]
[hydra03:421584] [13] /home/thesis/jheld/MPI_Syrk_implementation/build/src/MPI_SYRK_implementation(+0x232a)[0x55ad6863532a]
[hydra04:420286] [ 6] /lib/x86_64-linux-gnu/libc.so.6(__libc_calloc+0x81)[0x7f26cdd2ebd1]
[hydra06:404964] [ 3] /lib/x86_64-linux-gnu/libc.so.6(+0x7a468)[0x7f9531895468]
[hydra02:597085] [ 3] /lib/x86_64-linux-gnu/libc.so.6(+0x7a468)[0x7f8b7ac34468]
[hydra01:917971] [ 6] /lib/x86_64-linux-gnu/libc.so.6(__libc_calloc+0x81)[0x7f3c9c21abd1]
[hydra09:397412] [ 0] /lib/x86_64-linux-gnu/libc.so.6(+0x38de0)[0x7fe12b388de0]
[hydra07:431342] [12] /lib/x86_64-linux-gnu/libc.so.6(__libc_start_main+0xea)[0x7fe300f86d7a]
[hydra08:406612] [11] /home/thesis/jheld/MPI_Syrk_implementation/build/src/MPI_SYRK_implementation(+0x2ab0)[0x561b351a3ab0]
[hydra05:404249] [ 4] /lib/x86_64-linux-gnu/libc.so.6(+0x8175a)[0x7f9b763b375a]
[hydra10:517832] [ 8] /opt/mpi/openmpi-4.1.4//lib/libmpi.so.40(ompi_group_incl_plist+0x65)[0x7f0a05058915]
[hydra03:421584] *** End of error message ***
[hydra04:420287] [ 7] /opt/mpi/openmpi-4.1.4//lib/libmpi.so.40(ompi_group_allocate+0x17)[0x7f9e95b041e7]
[hydra06:404964] [ 4] /lib/x86_64-linux-gnu/libc.so.6(+0x8175a)[0x7f953189c75a]
[hydra02:597084] [ 3] /lib/x86_64-linux-gnu/libc.so.6(+0x7a468)[0x7f426ab32468]
[hydra01:917971] [ 7] /opt/mpi/openmpi-4.1.4//lib/libmpi.so.40(ompi_group_allocate+0x17)[0x7f3c9e0e81e7]
[hydra09:397410] [ 5] /lib/x86_64-linux-gnu/libc.so.6(+0x8483c)[0x7f17492b683c]
[hydra07:431342] [13] /home/thesis/jheld/MPI_Syrk_implementation/build/src/MPI_SYRK_implementation(+0x232a)[0x559a9d9af32a]
[hydra07:431342] *** End of error message ***
[hydra08:406612] [12] /lib/x86_64-linux-gnu/libc.so.6(__libc_start_main+0xea)[0x7ff5625a6d7a]
[hydra05:404248] [ 9] /opt/mpi/openmpi-4.1.4//lib/libmpi.so.40(PMPI_Group_incl+0x95)[0x7f2b7a123185]
[hydra10:517832] [ 9] /opt/mpi/openmpi-4.1.4//lib/libmpi.so.40(PMPI_Group_incl+0x95)[0x7f0a05089185]
[hydra04:420286] [ 7] /opt/mpi/openmpi-4.1.4//lib/libmpi.so.40(ompi_group_allocate+0x17)[0x7f26cfbfc1e7]
[hydra06:404964] [ 5] /lib/x86_64-linux-gnu/libc.so.6(+0x8483c)[0x7f953189f83c]
[hydra02:597085] [ 4] /lib/x86_64-linux-gnu/libc.so.6(+0x8175a)[0x7f8b7ac3b75a]
[hydra01:917971] [ 8] /opt/mpi/openmpi-4.1.4//lib/libmpi.so.40(ompi_group_incl_plist+0x65)[0x7f3c9e0e8915]
[hydra09:397411] [ 5] /lib/x86_64-linux-gnu/libc.so.6(+0x8483c)[0x7f9a3e2e983c]
[hydra08:406612] [13] /home/thesis/jheld/MPI_Syrk_implementation/build/src/MPI_SYRK_implementation(+0x232a)[0x561b351a332a]
[hydra08:406612] *** End of error message ***
[hydra05:404248] [10] /home/thesis/jheld/MPI_Syrk_implementation/build/src/MPI_SYRK_implementation(+0x841a)[0x55fdbb5b741a]
[hydra05:404248] [11] /home/thesis/jheld/MPI_Syrk_implementation/build/src/MPI_SYRK_implementation(+0x2ab0)[0x55fdbb5b1ab0]
[hydra10:517832] [10] /home/thesis/jheld/MPI_Syrk_implementation/build/src/MPI_SYRK_implementation(+0x841a)[0x55b55aa6a41a]
[hydra10:517832] [11] /home/thesis/jheld/MPI_Syrk_implementation/build/src/MPI_SYRK_implementation(+0x2ab0)[0x55b55aa64ab0]
[hydra04:420286] [ 8] /opt/mpi/openmpi-4.1.4//lib/libmpi.so.40(ompi_group_incl_plist+0x65)[0x7f26cfbfc915]
[hydra06:404964] [ 6] /lib/x86_64-linux-gnu/libc.so.6(__libc_calloc+0x81)[0x7f95318a1bd1]
[hydra02:597084] [ 4] /lib/x86_64-linux-gnu/libc.so.6(+0x8175a)[0x7f426ab3975a]
[hydra01:917971] [ 9] /opt/mpi/openmpi-4.1.4//lib/libmpi.so.40(PMPI_Group_incl+0x95)[0x7f3c9e119185]
[hydra01:917971] [10] /home/thesis/jheld/MPI_Syrk_implementation/build/src/MPI_SYRK_implementation(+0x841a)[0x55621b95b41a]
[hydra09:397412] [ 1] /lib/x86_64-linux-gnu/libc.so.6(gsignal+0x141)[0x7fe12b388d61]
[hydra05:404249] [ 5] /lib/x86_64-linux-gnu/libc.so.6(+0x8483c)[0x7f9b763b683c]
[hydra10:517832] [12] /lib/x86_64-linux-gnu/libc.so.6(__libc_start_main+0xea)[0x7f0a03127d7a]
[hydra10:517832] [13] /home/thesis/jheld/MPI_Syrk_implementation/build/src/MPI_SYRK_implementation(+0x232a)[0x55b55aa6432a]
[hydra04:420287] [ 8] /opt/mpi/openmpi-4.1.4//lib/libmpi.so.40(ompi_group_incl_plist+0x65)[0x7f9e95b04915]
[hydra06:404964] [ 7] /opt/mpi/openmpi-4.1.4//lib/libmpi.so.40(ompi_group_allocate+0x17)[0x7f953376f1e7]
[hydra02:597085] [ 5] /lib/x86_64-linux-gnu/libc.so.6(+0x8483c)[0x7f8b7ac3e83c]
[hydra01:917971] [11] /home/thesis/jheld/MPI_Syrk_implementation/build/src/MPI_SYRK_implementation(+0x2ab0)[0x55621b955ab0]
[hydra09:397410] [ 6] /lib/x86_64-linux-gnu/libc.so.6(__libc_calloc+0x81)[0x7f17492b8bd1]
[hydra05:404248] [12] /lib/x86_64-linux-gnu/libc.so.6(__libc_start_main+0xea)[0x7f2b781c1d7a]
[hydra05:404248] [13] /home/thesis/jheld/MPI_Syrk_implementation/build/src/MPI_SYRK_implementation(+0x232a)[0x55fdbb5b132a]
[hydra05:404248] *** End of error message ***
[hydra10:517832] *** End of error message ***
[hydra04:420287] [ 9] /opt/mpi/openmpi-4.1.4//lib/libmpi.so.40(PMPI_Group_incl+0x95)[0x7f9e95b35185]
[hydra06:404964] [ 8] /opt/mpi/openmpi-4.1.4//lib/libmpi.so.40(ompi_group_incl_plist+0x65)[0x7f953376f915]
[hydra02:597084] [ 5] /lib/x86_64-linux-gnu/libc.so.6(+0x8483c)[0x7f426ab3c83c]
[hydra01:917971] [12] /lib/x86_64-linux-gnu/libc.so.6(__libc_start_main+0xea)[0x7f3c9c1b7d7a]
[hydra09:397411] [ 6] /lib/x86_64-linux-gnu/libc.so.6(__libc_calloc+0x81)[0x7f9a3e2ebbd1]
[hydra05:404249] [ 6] /lib/x86_64-linux-gnu/libc.so.6(__libc_calloc+0x81)[0x7f9b763b8bd1]
[hydra04:420286] [ 9] /opt/mpi/openmpi-4.1.4//lib/libmpi.so.40(PMPI_Group_incl+0x95)[0x7f26cfc2d185]
[hydra04:420286] [10] /home/thesis/jheld/MPI_Syrk_implementation/build/src/MPI_SYRK_implementation(+0x841a)[0x5587e57c641a]
[hydra04:420286] [11] /home/thesis/jheld/MPI_Syrk_implementation/build/src/MPI_SYRK_implementation(+0x2ab0)[0x5587e57c0ab0]
[hydra06:404964] [ 9] /opt/mpi/openmpi-4.1.4//lib/libmpi.so.40(PMPI_Group_incl+0x95)[0x7f95337a0185]
[hydra06:404964] [10] /home/thesis/jheld/MPI_Syrk_implementation/build/src/MPI_SYRK_implementation(+0x841a)[0x55ea28b9841a]
[hydra02:597085] [ 6] /lib/x86_64-linux-gnu/libc.so.6(__libc_calloc+0x81)[0x7f8b7ac40bd1]
[hydra01:917971] [13] /home/thesis/jheld/MPI_Syrk_implementation/build/src/MPI_SYRK_implementation(+0x232a)[0x55621b95532a]
[hydra01:917971] *** End of error message ***
[hydra09:397412] [ 2] /lib/x86_64-linux-gnu/libc.so.6(abort+0x123)[0x7fe12b372537]
[hydra05:404249] [ 7] /opt/mpi/openmpi-4.1.4//lib/libmpi.so.40(ompi_group_allocate+0x17)[0x7f9b782861e7]
[hydra04:420287] [10] /home/thesis/jheld/MPI_Syrk_implementation/build/src/MPI_SYRK_implementation(+0x841a)[0x564ef6b7d41a]
[hydra04:420287] [11] /home/thesis/jheld/MPI_Syrk_implementation/build/src/MPI_SYRK_implementation(+0x2ab0)[0x564ef6b77ab0]
[hydra06:404964] [11] /home/thesis/jheld/MPI_Syrk_implementation/build/src/MPI_SYRK_implementation(+0x2ab0)[0x55ea28b92ab0]
[hydra02:597084] [ 6] /lib/x86_64-linux-gnu/libc.so.6(__libc_calloc+0x81)[0x7f426ab3ebd1]
[hydra09:397410] [ 7] /opt/mpi/openmpi-4.1.4//lib/libmpi.so.40(ompi_group_allocate+0x17)[0x7f174b1861e7]
[hydra05:404249] [ 8] /opt/mpi/openmpi-4.1.4//lib/libmpi.so.40(ompi_group_incl_plist+0x65)[0x7f9b78286915]
[hydra04:420286] [12] /lib/x86_64-linux-gnu/libc.so.6(__libc_start_main+0xea)[0x7f26cdccbd7a]
[hydra06:404964] [12] /lib/x86_64-linux-gnu/libc.so.6(__libc_start_main+0xea)[0x7f953183ed7a]
[hydra06:404964] [13] /home/thesis/jheld/MPI_Syrk_implementation/build/src/MPI_SYRK_implementation(+0x232a)[0x55ea28b9232a]
[hydra02:597085] [ 7] /opt/mpi/openmpi-4.1.4//lib/libmpi.so.40(ompi_group_allocate+0x17)[0x7f8b7cb0e1e7]
[hydra09:397411] [ 7] /opt/mpi/openmpi-4.1.4//lib/libmpi.so.40(ompi_group_allocate+0x17)[0x7f9a401b91e7]
[hydra09:397411] [ 8] /opt/mpi/openmpi-4.1.4//lib/libmpi.so.40(ompi_group_incl_plist+0x65)[0x7f9a401b9915]
[hydra05:404249] [ 9] /opt/mpi/openmpi-4.1.4//lib/libmpi.so.40(PMPI_Group_incl+0x95)[0x7f9b782b7185]
[hydra05:404249] [10] /home/thesis/jheld/MPI_Syrk_implementation/build/src/MPI_SYRK_implementation(+0x841a)[0x55bf129e541a]
[hydra04:420287] [12] /lib/x86_64-linux-gnu/libc.so.6(__libc_start_main+0xea)[0x7f9e93bd3d7a]
[hydra04:420287] [13] /home/thesis/jheld/MPI_Syrk_implementation/build/src/MPI_SYRK_implementation(+0x232a)[0x564ef6b7732a]
[hydra04:420287] *** End of error message ***
[hydra06:404964] *** End of error message ***
[hydra02:597084] [ 7] /opt/mpi/openmpi-4.1.4//lib/libmpi.so.40(ompi_group_allocate+0x17)[0x7f426ca0c1e7]
[hydra09:397412] [ 3] /lib/x86_64-linux-gnu/libc.so.6(+0x7a468)[0x7fe12b3ca468]
[hydra05:404249] [11] /home/thesis/jheld/MPI_Syrk_implementation/build/src/MPI_SYRK_implementation(+0x2ab0)[0x55bf129dfab0]
[hydra04:420286] [13] /home/thesis/jheld/MPI_Syrk_implementation/build/src/MPI_SYRK_implementation(+0x232a)[0x5587e57c032a]
[hydra04:420286] *** End of error message ***
[hydra02:597085] [ 8] /opt/mpi/openmpi-4.1.4//lib/libmpi.so.40(ompi_group_incl_plist+0x65)[0x7f8b7cb0e915]
[hydra09:397410] [ 8] /opt/mpi/openmpi-4.1.4//lib/libmpi.so.40(ompi_group_incl_plist+0x65)[0x7f174b186915]
[hydra05:404249] [12] /lib/x86_64-linux-gnu/libc.so.6(__libc_start_main+0xea)[0x7f9b76355d7a]
[hydra05:404249] [13] /home/thesis/jheld/MPI_Syrk_implementation/build/src/MPI_SYRK_implementation(+0x232a)[0x55bf129df32a]
[hydra05:404249] *** End of error message ***
[hydra02:597084] [ 8] /opt/mpi/openmpi-4.1.4//lib/libmpi.so.40(ompi_group_incl_plist+0x65)[0x7f426ca0c915]
[hydra09:397412] [ 4] /lib/x86_64-linux-gnu/libc.so.6(+0x8175a)[0x7fe12b3d175a]
[hydra02:597085] [ 9] /opt/mpi/openmpi-4.1.4//lib/libmpi.so.40(PMPI_Group_incl+0x95)[0x7f8b7cb3f185]
[hydra02:597085] [10] /home/thesis/jheld/MPI_Syrk_implementation/build/src/MPI_SYRK_implementation(+0x841a)[0x563876f4741a]
[hydra02:597085] [11] /home/thesis/jheld/MPI_Syrk_implementation/build/src/MPI_SYRK_implementation(+0x2ab0)[0x563876f41ab0]
[hydra09:397410] [ 9] /opt/mpi/openmpi-4.1.4//lib/libmpi.so.40(PMPI_Group_incl+0x95)[0x7f174b1b7185]
[hydra09:397410] [10] /home/thesis/jheld/MPI_Syrk_implementation/build/src/MPI_SYRK_implementation(+0x841a)[0x55ff86b6241a]
[hydra09:397410] [11] /home/thesis/jheld/MPI_Syrk_implementation/build/src/MPI_SYRK_implementation(+0x2ab0)[0x55ff86b5cab0]
[hydra09:397411] [ 9] /opt/mpi/openmpi-4.1.4//lib/libmpi.so.40(PMPI_Group_incl+0x95)[0x7f9a401ea185]
[hydra09:397411] [10] /home/thesis/jheld/MPI_Syrk_implementation/build/src/MPI_SYRK_implementation(+0x841a)[0x5639fbe1841a]
[hydra09:397411] [11] /home/thesis/jheld/MPI_Syrk_implementation/build/src/MPI_SYRK_implementation(+0x2ab0)[0x5639fbe12ab0]
[hydra09:397412] [ 5] /lib/x86_64-linux-gnu/libc.so.6(+0x8483c)[0x7fe12b3d483c]
[hydra09:397410] [12] /lib/x86_64-linux-gnu/libc.so.6(__libc_start_main+0xea)[0x7f1749255d7a]
[hydra09:397410] [13] /home/thesis/jheld/MPI_Syrk_implementation/build/src/MPI_SYRK_implementation(+0x232a)[0x55ff86b5c32a]
[hydra09:397410] *** End of error message ***
[hydra09:397411] [12] /lib/x86_64-linux-gnu/libc.so.6(__libc_start_main+0xea)[0x7f9a3e288d7a]
[hydra09:397411] [13] /home/thesis/jheld/MPI_Syrk_implementation/build/src/MPI_SYRK_implementation(+0x232a)[0x5639fbe1232a]
[hydra09:397411] *** End of error message ***
[hydra09:397412] [ 6] /lib/x86_64-linux-gnu/libc.so.6(__libc_calloc+0x81)[0x7fe12b3d6bd1]
[hydra09:397412] [ 7] /opt/mpi/openmpi-4.1.4//lib/libmpi.so.40(ompi_group_allocate+0x17)[0x7fe12d2a41e7]
[hydra09:397412] [ 8] /opt/mpi/openmpi-4.1.4//lib/libmpi.so.40(ompi_group_incl_plist+0x65)[0x7fe12d2a4915]
[hydra09:397412] [ 9] /opt/mpi/openmpi-4.1.4//lib/libmpi.so.40(PMPI_Group_incl+0x95)[0x7fe12d2d5185]
[hydra09:397412] [10] /home/thesis/jheld/MPI_Syrk_implementation/build/src/MPI_SYRK_implementation(+0x841a)[0x55a05454541a]
[hydra09:397412] [11] /home/thesis/jheld/MPI_Syrk_implementation/build/src/MPI_SYRK_implementation(+0x2ab0)[0x55a05453fab0]
[hydra09:397412] [12] /lib/x86_64-linux-gnu/libc.so.6(__libc_start_main+0xea)[0x7fe12b373d7a]
[hydra09:397412] [13] /home/thesis/jheld/MPI_Syrk_implementation/build/src/MPI_SYRK_implementation(+0x232a)[0x55a05453f32a]
[hydra09:397412] *** End of error message ***
[hydra02:597084] [ 9] /opt/mpi/openmpi-4.1.4//lib/libmpi.so.40(PMPI_Group_incl+0x95)[0x7f426ca3d185]
[hydra02:597085] [12] /lib/x86_64-linux-gnu/libc.so.6(__libc_start_main+0xea)[0x7f8b7abddd7a]
[hydra02:597085] [13] /home/thesis/jheld/MPI_Syrk_implementation/build/src/MPI_SYRK_implementation(+0x232a)[0x563876f4132a]
[hydra02:597085] *** End of error message ***
[hydra02:597084] [10] /home/thesis/jheld/MPI_Syrk_implementation/build/src/MPI_SYRK_implementation(+0x841a)[0x55eaaea3541a]
[hydra02:597084] [11] /home/thesis/jheld/MPI_Syrk_implementation/build/src/MPI_SYRK_implementation(+0x2ab0)[0x55eaaea2fab0]
[hydra02:597084] [12] /lib/x86_64-linux-gnu/libc.so.6(__libc_start_main+0xea)[0x7f426aadbd7a]
[hydra02:597084] [13] /home/thesis/jheld/MPI_Syrk_implementation/build/src/MPI_SYRK_implementation(+0x232a)[0x55eaaea2f32a]
[hydra02:597084] *** End of error message ***
srun: error: hydra06: task 15: Aborted
srun: error: hydra11: task 32: Aborted
srun: error: hydra03: task 7: Aborted
srun: error: hydra12: task 35: Aborted
srun: error: hydra08: task 23: Aborted
srun: error: hydra07: task 18: Aborted
srun: error: hydra10: task 27: Aborted
srun: error: hydra02: tasks 3-4: Aborted
srun: error: hydra01: tasks 1-2: Aborted
srun: error: hydra04: tasks 10-11: Aborted
srun: error: hydra05: tasks 13-14: Aborted
srun: error: hydra09: tasks 24-26: Aborted
slurmstepd: error:  mpi/pmix_v4: _errhandler: hydra11 [10]: pmixp_client_v2.c:211: Error handler invoked: status = -61, source = [slurm.pmix.5008705.29:32]
slurmstepd: error:  mpi/pmix_v4: _errhandler: hydra12 [11]: pmixp_client_v2.c:211: Error handler invoked: status = -61, source = [slurm.pmix.5008705.29:35]
slurmstepd: error:  mpi/pmix_v4: _errhandler: hydra06 [5]: pmixp_client_v2.c:211: Error handler invoked: status = -61, source = [slurm.pmix.5008705.29:15]
slurmstepd: error:  mpi/pmix_v4: _errhandler: hydra10 [9]: pmixp_client_v2.c:211: Error handler invoked: status = -61, source = [slurm.pmix.5008705.29:27]
slurmstepd: error:  mpi/pmix_v4: _errhandler: hydra01 [0]: pmixp_client_v2.c:211: Error handler invoked: status = -61, source = [slurm.pmix.5008705.29:1]
slurmstepd: error:  mpi/pmix_v4: _errhandler: hydra08 [7]: pmixp_client_v2.c:211: Error handler invoked: status = -61, source = [slurm.pmix.5008705.29:23]
slurmstepd: error:  mpi/pmix_v4: _errhandler: hydra07 [6]: pmixp_client_v2.c:211: Error handler invoked: status = -61, source = [slurm.pmix.5008705.29:18]
slurmstepd: error:  mpi/pmix_v4: _errhandler: hydra03 [2]: pmixp_client_v2.c:211: Error handler invoked: status = -61, source = [slurm.pmix.5008705.29:7]
slurmstepd: error: *** STEP 5008705.29 ON hydra01 CANCELLED AT 2025-10-13T15:43:14 ***
slurmstepd: error:  mpi/pmix_v4: _errhandler: hydra04 [3]: pmixp_client_v2.c:211: Error handler invoked: status = -61, source = [slurm.pmix.5008705.29:10]
srun: Job step aborted: Waiting up to 32 seconds for job step to finish.
srun: error: hydra04: task 9: Killed
srun: error: hydra02: task 5: Killed
srun: error: hydra01: task 0: Killed
srun: error: hydra05: task 12: Killed
srun: error: hydra07: tasks 19-20: Killed
srun: error: hydra12: tasks 33-34: Killed
srun: error: hydra03: tasks 6,8: Killed
srun: error: hydra06: tasks 16-17: Killed
srun: error: hydra10: tasks 28-29: Killed
srun: error: hydra11: tasks 30-31: Killed
srun: error: hydra08: tasks 21-22: Killed
⚠️ Warning: No runtime found for run 30
