srun: Warning: can't honor --ntasks-per-node set to 1 which doesn't match the requested tasks 36 with the number of requested nodes 12. Ignoring --ntasks-per-node.
missing input file name --> Generate random input
malloc(): invalid size (unsorted)
[hydra12:352910] *** Process received signal ***
malloc(): invalid size (unsorted)
[hydra04:388574] *** Process received signal ***
[hydra04:388574] Signal: Aborted (6)
[hydra04:388574] Signal code:  (-6)
malloc(): invalid size (unsorted)
[hydra05:372483] *** Process received signal ***
malloc(): invalid size (unsorted)
[hydra11:352887] *** Process received signal ***
malloc(): invalid size (unsorted)
[hydra07:399564] *** Process received signal ***
malloc(): invalid size (unsorted)
[hydra02:558313] *** Process received signal ***
[hydra12:352910] Signal: Aborted (6)
[hydra12:352910] Signal code:  (-6)
[hydra04:388574] [ 0] /lib/x86_64-linux-gnu/libc.so.6(+0x38de0)[0x7f880fb14de0]
[hydra11:352887] Signal: Aborted (6)
[hydra11:352887] Signal code:  (-6)
[hydra07:399564] Signal: Aborted (6)
[hydra07:399564] Signal code:  (-6)
[hydra12:352910] [ 0] /lib/x86_64-linux-gnu/libc.so.6(+0x38de0)[0x7f477136dde0]
malloc(): invalid size (unsorted)
[hydra06:373183] *** Process received signal ***
[hydra04:388574] [ 1] /lib/x86_64-linux-gnu/libc.so.6(gsignal+0x141)[0x7f880fb14d61]
[hydra12:352910] [ 1] /lib/x86_64-linux-gnu/libc.so.6(gsignal+0x141)[0x7f477136dd61]
[hydra04:388574] [ 2] /lib/x86_64-linux-gnu/libc.so.6(abort+0x123)[0x7f880fafe537]
[hydra07:399564] [ 0] /lib/x86_64-linux-gnu/libc.so.6(+0x38de0)[0x7f0014308de0]
[hydra12:352910] [ 2] /lib/x86_64-linux-gnu/libc.so.6(abort+0x123)[0x7f4771357537]
[hydra06:373183] Signal: Aborted (6)
[hydra06:373183] Signal code:  (-6)
[hydra04:388574] [ 3] /lib/x86_64-linux-gnu/libc.so.6(+0x7a468)[0x7f880fb56468]
[hydra05:372483] Signal: Aborted (6)
[hydra05:372483] Signal code:  (-6)
[hydra12:352910] [ 3] /lib/x86_64-linux-gnu/libc.so.6(+0x7a468)[0x7f47713af468]
[hydra04:388574] [ 4] /lib/x86_64-linux-gnu/libc.so.6(+0x8175a)[0x7f880fb5d75a]
[hydra07:399564] [ 1] /lib/x86_64-linux-gnu/libc.so.6(gsignal+0x141)[0x7f0014308d61]
[hydra12:352910] [ 4] /lib/x86_64-linux-gnu/libc.so.6(+0x8175a)[0x7f47713b675a]
[hydra04:388574] [ 5] /lib/x86_64-linux-gnu/libc.so.6(+0x8483c)[0x7f880fb6083c]
[hydra07:399564] [ 2] /lib/x86_64-linux-gnu/libc.so.6(abort+0x123)[0x7f00142f2537]
[hydra12:352910] [ 5] /lib/x86_64-linux-gnu/libc.so.6(+0x8483c)[0x7f47713b983c]
[hydra06:373183] [ 0] /lib/x86_64-linux-gnu/libc.so.6(+0x38de0)[0x7fd457f0ede0]
[hydra04:388574] [ 6] /lib/x86_64-linux-gnu/libc.so.6(__libc_calloc+0x81)[0x7f880fb62bd1]
[hydra07:399564] [ 3] /lib/x86_64-linux-gnu/libc.so.6(+0x7a468)[0x7f001434a468]
[hydra12:352910] [ 6] /lib/x86_64-linux-gnu/libc.so.6(__libc_calloc+0x81)[0x7f47713bbbd1]
[hydra04:388574] [ 7] /opt/mpi/openmpi-4.1.4//lib/libmpi.so.40(ompi_group_allocate+0x17)[0x7f8811a301e7]
[hydra12:352910] [ 7] /opt/mpi/openmpi-4.1.4//lib/libmpi.so.40(ompi_group_allocate+0x17)[0x7f47732891e7]
[hydra06:373183] [ 1] /lib/x86_64-linux-gnu/libc.so.6(gsignal+0x141)[0x7fd457f0ed61]
[hydra04:388574] [ 8] /opt/mpi/openmpi-4.1.4//lib/libmpi.so.40(ompi_group_incl_plist+0x65)[0x7f8811a30915]
[hydra11:352887] [ 0] /lib/x86_64-linux-gnu/libc.so.6(+0x38de0)[0x7fb96b38cde0]
[hydra12:352910] [ 8] /opt/mpi/openmpi-4.1.4//lib/libmpi.so.40(ompi_group_incl_plist+0x65)[0x7f4773289915]
[hydra04:388574] [ 9] /opt/mpi/openmpi-4.1.4//lib/libmpi.so.40(PMPI_Group_incl+0x95)[0x7f8811a61185]
[hydra07:399564] [ 4] /lib/x86_64-linux-gnu/libc.so.6(+0x8175a)[0x7f001435175a]
[hydra12:352910] [ 9] /opt/mpi/openmpi-4.1.4//lib/libmpi.so.40(PMPI_Group_incl+0x95)[0x7f47732ba185]
[hydra04:388574] [10] /home/thesis/jheld/MPI_Syrk_implementation/build/src/MPI_SYRK_implementation(+0x841a)[0x55aac12d441a]
[hydra04:388574] [11] /home/thesis/jheld/MPI_Syrk_implementation/build/src/MPI_SYRK_implementation(+0x2ab0)[0x55aac12ceab0]
[hydra05:372483] [ 0] /lib/x86_64-linux-gnu/libc.so.6(+0x38de0)[0x7ff0b6411de0]
[hydra12:352910] [10] /home/thesis/jheld/MPI_Syrk_implementation/build/src/MPI_SYRK_implementation(+0x841a)[0x5646e5e9341a]
[hydra12:352910] [11] /home/thesis/jheld/MPI_Syrk_implementation/build/src/MPI_SYRK_implementation(+0x2ab0)[0x5646e5e8dab0]
[hydra06:373183] [ 2] /lib/x86_64-linux-gnu/libc.so.6(abort+0x123)[0x7fd457ef8537]
[hydra04:388574] [12] /lib/x86_64-linux-gnu/libc.so.6(__libc_start_main+0xea)[0x7f880faffd7a]
[hydra04:388574] [13] /home/thesis/jheld/MPI_Syrk_implementation/build/src/MPI_SYRK_implementation(+0x232a)[0x55aac12ce32a]
[hydra04:388574] *** End of error message ***
[hydra11:352887] [ 1] /lib/x86_64-linux-gnu/libc.so.6(gsignal+0x141)[0x7fb96b38cd61]
[hydra07:399564] [ 5] /lib/x86_64-linux-gnu/libc.so.6(+0x8483c)[0x7f001435483c]
[hydra12:352910] [12] /lib/x86_64-linux-gnu/libc.so.6(__libc_start_main+0xea)[0x7f4771358d7a]
[hydra12:352910] [13] /home/thesis/jheld/MPI_Syrk_implementation/build/src/MPI_SYRK_implementation(+0x232a)[0x5646e5e8d32a]
[hydra05:372483] [ 1] /lib/x86_64-linux-gnu/libc.so.6(gsignal+0x141)[0x7ff0b6411d61]
[hydra11:352887] [ 2] /lib/x86_64-linux-gnu/libc.so.6(abort+0x123)[0x7fb96b376537]
[hydra07:399564] [ 6] /lib/x86_64-linux-gnu/libc.so.6(__libc_calloc+0x81)[0x7f0014356bd1]
[hydra12:352910] *** End of error message ***
[hydra06:373183] [ 3] /lib/x86_64-linux-gnu/libc.so.6(+0x7a468)[0x7fd457f50468]
[hydra05:372483] [ 2] /lib/x86_64-linux-gnu/libc.so.6(abort+0x123)[0x7ff0b63fb537]
[hydra11:352887] [ 3] /lib/x86_64-linux-gnu/libc.so.6(+0x7a468)[0x7fb96b3ce468]
[hydra07:399564] [ 7] /opt/mpi/openmpi-4.1.4//lib/libmpi.so.40(ompi_group_allocate+0x17)[0x7f00162241e7]
[hydra06:373183] [ 4] /lib/x86_64-linux-gnu/libc.so.6(+0x8175a)[0x7fd457f5775a]
[hydra05:372483] [ 3] /lib/x86_64-linux-gnu/libc.so.6(+0x7a468)[0x7ff0b6453468]
[hydra06:373183] [ 5] /lib/x86_64-linux-gnu/libc.so.6(+0x8483c)[0x7fd457f5a83c]
[hydra11:352887] [ 4] /lib/x86_64-linux-gnu/libc.so.6(+0x8175a)[0x7fb96b3d575a]
[hydra07:399564] [ 8] /opt/mpi/openmpi-4.1.4//lib/libmpi.so.40(ompi_group_incl_plist+0x65)[0x7f0016224915]
[hydra06:373183] [ 6] /lib/x86_64-linux-gnu/libc.so.6(__libc_calloc+0x81)[0x7fd457f5cbd1]
[hydra05:372483] [ 4] /lib/x86_64-linux-gnu/libc.so.6(+0x8175a)[0x7ff0b645a75a]
[hydra11:352887] [ 5] /lib/x86_64-linux-gnu/libc.so.6(+0x8483c)[0x7fb96b3d883c]
[hydra06:373183] [ 7] /opt/mpi/openmpi-4.1.4//lib/libmpi.so.40(ompi_group_allocate+0x17)[0x7fd459e2a1e7]
[hydra05:372483] [ 5] /lib/x86_64-linux-gnu/libc.so.6(+0x8483c)[0x7ff0b645d83c]
[hydra11:352887] [ 6] /lib/x86_64-linux-gnu/libc.so.6(__libc_calloc+0x81)[0x7fb96b3dabd1]
[hydra07:399564] [ 9] /opt/mpi/openmpi-4.1.4//lib/libmpi.so.40(PMPI_Group_incl+0x95)[0x7f0016255185]
[hydra06:373183] [ 8] /opt/mpi/openmpi-4.1.4//lib/libmpi.so.40(ompi_group_incl_plist+0x65)[0x7fd459e2a915]
[hydra05:372483] [ 6] /lib/x86_64-linux-gnu/libc.so.6(__libc_calloc+0x81)[0x7ff0b645fbd1]
[hydra11:352887] [ 7] /opt/mpi/openmpi-4.1.4//lib/libmpi.so.40(ompi_group_allocate+0x17)[0x7fb96d2a81e7]
[hydra07:399564] [10] /home/thesis/jheld/MPI_Syrk_implementation/build/src/MPI_SYRK_implementation(+0x841a)[0x556d5cc4241a]
[hydra07:399564] [11] /home/thesis/jheld/MPI_Syrk_implementation/build/src/MPI_SYRK_implementation(+0x2ab0)[0x556d5cc3cab0]
[hydra02:558313] Signal: Aborted (6)
[hydra02:558313] Signal code:  (-6)
[hydra05:372483] [ 7] /opt/mpi/openmpi-4.1.4//lib/libmpi.so.40(ompi_group_allocate+0x17)[0x7ff0b832d1e7]
[hydra07:399564] [12] /lib/x86_64-linux-gnu/libc.so.6(__libc_start_main+0xea)[0x7f00142f3d7a]
[hydra07:399564] [13] /home/thesis/jheld/MPI_Syrk_implementation/build/src/MPI_SYRK_implementation(+0x232a)[0x556d5cc3c32a]
[hydra02:558313] [ 0] /lib/x86_64-linux-gnu/libc.so.6(+0x38de0)[0x7f8804950de0]
[hydra06:373183] [ 9] /opt/mpi/openmpi-4.1.4//lib/libmpi.so.40(PMPI_Group_incl+0x95)[0x7fd459e5b185]
[hydra06:373183] [10] /home/thesis/jheld/MPI_Syrk_implementation/build/src/MPI_SYRK_implementation(+0x841a)[0x5644703b741a]
[hydra05:372483] [ 8] /opt/mpi/openmpi-4.1.4//lib/libmpi.so.40(ompi_group_incl_plist+0x65)[0x7ff0b832d915]
[hydra11:352887] [ 8] /opt/mpi/openmpi-4.1.4//lib/libmpi.so.40(ompi_group_incl_plist+0x65)[0x7fb96d2a8915]
[hydra07:399564] *** End of error message ***
[hydra02:558313] [ 1] /lib/x86_64-linux-gnu/libc.so.6(gsignal+0x141)[0x7f8804950d61]
[hydra06:373183] [11] /home/thesis/jheld/MPI_Syrk_implementation/build/src/MPI_SYRK_implementation(+0x2ab0)[0x5644703b1ab0]
[hydra05:372483] [ 9] /opt/mpi/openmpi-4.1.4//lib/libmpi.so.40(PMPI_Group_incl+0x95)[0x7ff0b835e185]
[hydra11:352887] [ 9] /opt/mpi/openmpi-4.1.4//lib/libmpi.so.40(PMPI_Group_incl+0x95)[0x7fb96d2d9185]
[hydra02:558313] [ 2] /lib/x86_64-linux-gnu/libc.so.6(abort+0x123)[0x7f880493a537]
[hydra06:373183] [12] /lib/x86_64-linux-gnu/libc.so.6(__libc_start_main+0xea)[0x7fd457ef9d7a]
[hydra11:352887] [10] /home/thesis/jheld/MPI_Syrk_implementation/build/src/MPI_SYRK_implementation(+0x841a)[0x55f5e2e3441a]
[hydra11:352887] [11] /home/thesis/jheld/MPI_Syrk_implementation/build/src/MPI_SYRK_implementation(+0x2ab0)[0x55f5e2e2eab0]
[hydra02:558313] [ 3] /lib/x86_64-linux-gnu/libc.so.6(+0x7a468)[0x7f8804992468]
[hydra06:373183] [13] /home/thesis/jheld/MPI_Syrk_implementation/build/src/MPI_SYRK_implementation(+0x232a)[0x5644703b132a]
[hydra06:373183] *** End of error message ***
[hydra11:352887] [12] /lib/x86_64-linux-gnu/libc.so.6(__libc_start_main+0xea)[0x7fb96b377d7a]
[hydra11:352887] [13] /home/thesis/jheld/MPI_Syrk_implementation/build/src/MPI_SYRK_implementation(+0x232a)[0x55f5e2e2e32a]
[hydra02:558313] [ 4] /lib/x86_64-linux-gnu/libc.so.6(+0x8175a)[0x7f880499975a]
[hydra05:372483] [10] /home/thesis/jheld/MPI_Syrk_implementation/build/src/MPI_SYRK_implementation(+0x841a)[0x5621aee7241a]
[hydra05:372483] [11] /home/thesis/jheld/MPI_Syrk_implementation/build/src/MPI_SYRK_implementation(+0x2ab0)[0x5621aee6cab0]
[hydra11:352887] *** End of error message ***
[hydra02:558313] [ 5] /lib/x86_64-linux-gnu/libc.so.6(+0x8483c)[0x7f880499c83c]
[hydra05:372483] [12] /lib/x86_64-linux-gnu/libc.so.6(__libc_start_main+0xea)[0x7ff0b63fcd7a]
[hydra05:372483] [13] /home/thesis/jheld/MPI_Syrk_implementation/build/src/MPI_SYRK_implementation(+0x232a)[0x5621aee6c32a]
[hydra02:558313] [ 6] /lib/x86_64-linux-gnu/libc.so.6(__libc_calloc+0x81)[0x7f880499ebd1]
[hydra05:372483] *** End of error message ***
[hydra02:558313] [ 7] /opt/mpi/openmpi-4.1.4//lib/libmpi.so.40(ompi_group_allocate+0x17)[0x7f880686c1e7]
[hydra02:558313] [ 8] /opt/mpi/openmpi-4.1.4//lib/libmpi.so.40(ompi_group_incl_plist+0x65)[0x7f880686c915]
[hydra02:558313] [ 9] /opt/mpi/openmpi-4.1.4//lib/libmpi.so.40(PMPI_Group_incl+0x95)[0x7f880689d185]
[hydra02:558313] [10] /home/thesis/jheld/MPI_Syrk_implementation/build/src/MPI_SYRK_implementation(+0x841a)[0x555aef29841a]
[hydra02:558313] [11] /home/thesis/jheld/MPI_Syrk_implementation/build/src/MPI_SYRK_implementation(+0x2ab0)[0x555aef292ab0]
[hydra02:558313] [12] /lib/x86_64-linux-gnu/libc.so.6(__libc_start_main+0xea)[0x7f880493bd7a]
[hydra02:558313] [13] /home/thesis/jheld/MPI_Syrk_implementation/build/src/MPI_SYRK_implementation(+0x232a)[0x555aef29232a]
[hydra02:558313] *** End of error message ***
malloc(): invalid size (unsorted)
[hydra03:389781] *** Process received signal ***
[hydra03:389781] Signal: Aborted (6)
[hydra03:389781] Signal code:  (-6)
malloc(): invalid size (unsorted)
[hydra10:483857] *** Process received signal ***
malloc(): invalid size (unsorted)
[hydra12:352911] *** Process received signal ***
[hydra12:352911] Signal: Aborted (6)
[hydra12:352911] Signal code:  (-6)
[hydra12:352911] [ 0] /lib/x86_64-linux-gnu/libc.so.6(+0x38de0)[0x7f538e6c9de0]
[hydra12:352911] [ 1] /lib/x86_64-linux-gnu/libc.so.6(gsignal+0x141)[0x7f538e6c9d61]
[hydra12:352911] [ 2] /lib/x86_64-linux-gnu/libc.so.6(abort+0x123)[0x7f538e6b3537]
[hydra12:352911] [ 3] /lib/x86_64-linux-gnu/libc.so.6(+0x7a468)[0x7f538e70b468]
[hydra12:352911] [ 4] /lib/x86_64-linux-gnu/libc.so.6(+0x8175a)[0x7f538e71275a]
[hydra12:352911] [ 5] /lib/x86_64-linux-gnu/libc.so.6(+0x8483c)[0x7f538e71583c]
[hydra12:352911] [ 6] /lib/x86_64-linux-gnu/libc.so.6(__libc_calloc+0x81)[0x7f538e717bd1]
[hydra12:352911] [ 7] /opt/mpi/openmpi-4.1.4//lib/libmpi.so.40(ompi_group_allocate+0x17)[0x7f53905e51e7]
[hydra12:352911] [ 8] /opt/mpi/openmpi-4.1.4//lib/libmpi.so.40(ompi_group_incl_plist+0x65)[0x7f53905e5915]
[hydra03:389781] [ 0] /lib/x86_64-linux-gnu/libc.so.6(+0x38de0)[0x7f9223d02de0]
[hydra12:352911] [ 9] /opt/mpi/openmpi-4.1.4//lib/libmpi.so.40(PMPI_Group_incl+0x95)[0x7f5390616185]
[hydra12:352911] [10] /home/thesis/jheld/MPI_Syrk_implementation/build/src/MPI_SYRK_implementation(+0x841a)[0x563094d9041a]
[hydra12:352911] [11] /home/thesis/jheld/MPI_Syrk_implementation/build/src/MPI_SYRK_implementation(+0x2ab0)[0x563094d8aab0]
[hydra12:352911] [12] /lib/x86_64-linux-gnu/libc.so.6(__libc_start_main+0xea)[0x7f538e6b4d7a]
[hydra12:352911] [13] /home/thesis/jheld/MPI_Syrk_implementation/build/src/MPI_SYRK_implementation(+0x232a)[0x563094d8a32a]
[hydra03:389781] [ 1] /lib/x86_64-linux-gnu/libc.so.6(gsignal+0x141)[0x7f9223d02d61]
[hydra12:352911] *** End of error message ***
[hydra03:389781] [ 2] /lib/x86_64-linux-gnu/libc.so.6(abort+0x123)[0x7f9223cec537]
[hydra03:389781] [ 3] /lib/x86_64-linux-gnu/libc.so.6(+0x7a468)[0x7f9223d44468]
malloc(): invalid size (unsorted)
[hydra03:389781] [ 4] /lib/x86_64-linux-gnu/libc.so.6(+0x8175a)[0x7f9223d4b75a]
[hydra03:389781] [ 5] /lib/x86_64-linux-gnu/libc.so.6(+0x8483c)[0x7f9223d4e83c]
[hydra11:352885] *** Process received signal ***
[hydra11:352885] Signal: Aborted (6)
[hydra11:352885] Signal code:  (-6)
[hydra03:389781] [ 6] /lib/x86_64-linux-gnu/libc.so.6(__libc_calloc+0x81)[0x7f9223d50bd1]
[hydra03:389781] [ 7] /opt/mpi/openmpi-4.1.4//lib/libmpi.so.40(ompi_group_allocate+0x17)[0x7f9225c1e1e7]
[hydra03:389781] [ 8] /opt/mpi/openmpi-4.1.4//lib/libmpi.so.40(ompi_group_incl_plist+0x65)[0x7f9225c1e915]
[hydra10:483857] Signal: Aborted (6)
[hydra10:483857] Signal code:  (-6)
[hydra10:483857] [ 0] /lib/x86_64-linux-gnu/libc.so.6(+0x38de0)[0x7f04fdb38de0]
[hydra03:389781] [ 9] /opt/mpi/openmpi-4.1.4//lib/libmpi.so.40(PMPI_Group_incl+0x95)[0x7f9225c4f185]
[hydra10:483857] [ 1] /lib/x86_64-linux-gnu/libc.so.6(gsignal+0x141)[0x7f04fdb38d61]
[hydra03:389781] [10] /home/thesis/jheld/MPI_Syrk_implementation/build/src/MPI_SYRK_implementation(+0x841a)[0x5619494dc41a]
[hydra10:483857] [ 2] /lib/x86_64-linux-gnu/libc.so.6(abort+0x123)[0x7f04fdb22537]
[hydra10:483857] [ 3] /lib/x86_64-linux-gnu/libc.so.6(+0x7a468)[0x7f04fdb7a468]
[hydra03:389781] [11] /home/thesis/jheld/MPI_Syrk_implementation/build/src/MPI_SYRK_implementation(+0x2ab0)[0x5619494d6ab0]
[hydra10:483857] [ 4] /lib/x86_64-linux-gnu/libc.so.6(+0x8175a)[0x7f04fdb8175a]
[hydra03:389781] [12] /lib/x86_64-linux-gnu/libc.so.6(__libc_start_main+0xea)[0x7f9223cedd7a]
[hydra03:389781] [13] /home/thesis/jheld/MPI_Syrk_implementation/build/src/MPI_SYRK_implementation(+0x232a)[0x5619494d632a]
[hydra03:389781] *** End of error message ***
[hydra10:483857] [ 5] /lib/x86_64-linux-gnu/libc.so.6(+0x8483c)[0x7f04fdb8483c]
[hydra10:483857] [ 6] /lib/x86_64-linux-gnu/libc.so.6(__libc_calloc+0x81)[0x7f04fdb86bd1]
[hydra10:483857] [ 7] /opt/mpi/openmpi-4.1.4//lib/libmpi.so.40(ompi_group_allocate+0x17)[0x7f04ffa541e7]
[hydra10:483857] [ 8] /opt/mpi/openmpi-4.1.4//lib/libmpi.so.40(ompi_group_incl_plist+0x65)[0x7f04ffa54915]
[hydra10:483857] [ 9] /opt/mpi/openmpi-4.1.4//lib/libmpi.so.40(PMPI_Group_incl+0x95)[0x7f04ffa85185]
[hydra10:483857] [10] /home/thesis/jheld/MPI_Syrk_implementation/build/src/MPI_SYRK_implementation(+0x841a)[0x56524d2b141a]
[hydra10:483857] [11] /home/thesis/jheld/MPI_Syrk_implementation/build/src/MPI_SYRK_implementation(+0x2ab0)[0x56524d2abab0]
[hydra11:352885] [ 0] /lib/x86_64-linux-gnu/libc.so.6(+0x38de0)[0x7f22ecb96de0]
[hydra10:483857] [12] /lib/x86_64-linux-gnu/libc.so.6(__libc_start_main+0xea)[0x7f04fdb23d7a]
[hydra10:483857] [13] /home/thesis/jheld/MPI_Syrk_implementation/build/src/MPI_SYRK_implementation(+0x232a)[0x56524d2ab32a]
[hydra10:483857] *** End of error message ***
[hydra11:352885] [ 1] /lib/x86_64-linux-gnu/libc.so.6(gsignal+0x141)[0x7f22ecb96d61]
[hydra11:352885] [ 2] /lib/x86_64-linux-gnu/libc.so.6(abort+0x123)[0x7f22ecb80537]
[hydra11:352885] [ 3] /lib/x86_64-linux-gnu/libc.so.6(+0x7a468)[0x7f22ecbd8468]
[hydra11:352885] [ 4] /lib/x86_64-linux-gnu/libc.so.6(+0x8175a)[0x7f22ecbdf75a]
[hydra11:352885] [ 5] /lib/x86_64-linux-gnu/libc.so.6(+0x8483c)[0x7f22ecbe283c]
[hydra11:352885] [ 6] /lib/x86_64-linux-gnu/libc.so.6(__libc_calloc+0x81)[0x7f22ecbe4bd1]
[hydra11:352885] [ 7] /opt/mpi/openmpi-4.1.4//lib/libmpi.so.40(ompi_group_allocate+0x17)[0x7f22eeab21e7]
[hydra11:352885] [ 8] /opt/mpi/openmpi-4.1.4//lib/libmpi.so.40(ompi_group_incl_plist+0x65)[0x7f22eeab2915]
malloc(): invalid size (unsorted)
[hydra08:374839] *** Process received signal ***
[hydra11:352885] [ 9] /opt/mpi/openmpi-4.1.4//lib/libmpi.so.40(PMPI_Group_incl+0x95)[0x7f22eeae3185]
[hydra11:352885] [10] /home/thesis/jheld/MPI_Syrk_implementation/build/src/MPI_SYRK_implementation(+0x841a)[0x55aa5a39e41a]
[hydra11:352885] [11] /home/thesis/jheld/MPI_Syrk_implementation/build/src/MPI_SYRK_implementation(+0x2ab0)[0x55aa5a398ab0]
[hydra11:352885] [12] /lib/x86_64-linux-gnu/libc.so.6(__libc_start_main+0xea)[0x7f22ecb81d7a]
[hydra11:352885] [13] /home/thesis/jheld/MPI_Syrk_implementation/build/src/MPI_SYRK_implementation(+0x232a)[0x55aa5a39832a]
[hydra11:352885] *** End of error message ***
[hydra08:374839] Signal: Aborted (6)
[hydra08:374839] Signal code:  (-6)
malloc(): invalid size (unsorted)
[hydra08:374839] [ 0] /lib/x86_64-linux-gnu/libc.so.6(+0x38de0)[0x7f5754874de0]
[hydra08:374839] [ 1] /lib/x86_64-linux-gnu/libc.so.6(gsignal+0x141)[0x7f5754874d61]
[hydra08:374838] *** Process received signal ***
[hydra08:374839] [ 2] /lib/x86_64-linux-gnu/libc.so.6(abort+0x123)[0x7f575485e537]
[hydra08:374838] Signal: Aborted (6)
[hydra08:374838] Signal code:  (-6)
[hydra08:374839] [ 3] /lib/x86_64-linux-gnu/libc.so.6(+0x7a468)[0x7f57548b6468]
[hydra08:374839] [ 4] /lib/x86_64-linux-gnu/libc.so.6(+0x8175a)[0x7f57548bd75a]
[hydra08:374839] [ 5] /lib/x86_64-linux-gnu/libc.so.6(+0x8483c)[0x7f57548c083c]
[hydra08:374839] [ 6] /lib/x86_64-linux-gnu/libc.so.6(__libc_calloc+0x81)[0x7f57548c2bd1]
[hydra08:374839] [ 7] /opt/mpi/openmpi-4.1.4//lib/libmpi.so.40(ompi_group_allocate+0x17)[0x7f57567901e7]
[hydra08:374839] [ 8] /opt/mpi/openmpi-4.1.4//lib/libmpi.so.40(ompi_group_incl_plist+0x65)[0x7f5756790915]
[hydra08:374839] [ 9] /opt/mpi/openmpi-4.1.4//lib/libmpi.so.40(PMPI_Group_incl+0x95)[0x7f57567c1185]
malloc(): invalid size (unsorted)
[hydra10:483858] *** Process received signal ***
[hydra10:483858] Signal: Aborted (6)
[hydra10:483858] Signal code:  (-6)
[hydra10:483858] [ 0] /lib/x86_64-linux-gnu/libc.so.6(+0x38de0)[0x7fe198746de0]
[hydra08:374839] [10] /home/thesis/jheld/MPI_Syrk_implementation/build/src/MPI_SYRK_implementation(+0x841a)[0x5630972bb41a]
[hydra08:374839] [11] /home/thesis/jheld/MPI_Syrk_implementation/build/src/MPI_SYRK_implementation(+0x2ab0)[0x5630972b5ab0]
[hydra10:483858] [ 1] /lib/x86_64-linux-gnu/libc.so.6(gsignal+0x141)[0x7fe198746d61]
[hydra08:374839] [12] /lib/x86_64-linux-gnu/libc.so.6(__libc_start_main+0xea)[0x7f575485fd7a]
[hydra08:374839] [13] /home/thesis/jheld/MPI_Syrk_implementation/build/src/MPI_SYRK_implementation(+0x232a)[0x5630972b532a]
[hydra10:483858] [ 2] /lib/x86_64-linux-gnu/libc.so.6(abort+0x123)[0x7fe198730537]
[hydra10:483858] [ 3] /lib/x86_64-linux-gnu/libc.so.6(+0x7a468)[0x7fe198788468]
[hydra10:483858] [ 4] /lib/x86_64-linux-gnu/libc.so.6(+0x8175a)[0x7fe19878f75a]
[hydra08:374838] [ 0] /lib/x86_64-linux-gnu/libc.so.6(+0x38de0)[0x7f4074277de0]
[hydra10:483858] [ 5] /lib/x86_64-linux-gnu/libc.so.6(+0x8483c)[0x7fe19879283c]
[hydra08:374839] *** End of error message ***
[hydra10:483858] [ 6] /lib/x86_64-linux-gnu/libc.so.6(__libc_calloc+0x81)[0x7fe198794bd1]
[hydra08:374838] [ 1] /lib/x86_64-linux-gnu/libc.so.6(gsignal+0x141)[0x7f4074277d61]
[hydra10:483858] [ 7] /opt/mpi/openmpi-4.1.4//lib/libmpi.so.40(ompi_group_allocate+0x17)[0x7fe19a6621e7]
[hydra08:374838] [ 2] /lib/x86_64-linux-gnu/libc.so.6(abort+0x123)[0x7f4074261537]
[hydra10:483858] [ 8] /opt/mpi/openmpi-4.1.4//lib/libmpi.so.40(ompi_group_incl_plist+0x65)[0x7fe19a662915]
[hydra10:483858] [ 9] /opt/mpi/openmpi-4.1.4//lib/libmpi.so.40(PMPI_Group_incl+0x95)[0x7fe19a693185]
[hydra10:483858] [10] /home/thesis/jheld/MPI_Syrk_implementation/build/src/MPI_SYRK_implementation(+0x841a)[0x55d5cbd6f41a]
[hydra10:483858] [11] /home/thesis/jheld/MPI_Syrk_implementation/build/src/MPI_SYRK_implementation(+0x2ab0)[0x55d5cbd69ab0]
[hydra10:483858] [12] /lib/x86_64-linux-gnu/libc.so.6(__libc_start_main+0xea)[0x7fe198731d7a]
[hydra10:483858] [13] /home/thesis/jheld/MPI_Syrk_implementation/build/src/MPI_SYRK_implementation(+0x232a)[0x55d5cbd6932a]
[hydra10:483858] *** End of error message ***
[hydra08:374838] [ 3] /lib/x86_64-linux-gnu/libc.so.6(+0x7a468)[0x7f40742b9468]
[hydra08:374838] [ 4] /lib/x86_64-linux-gnu/libc.so.6(+0x8175a)[0x7f40742c075a]
[hydra08:374838] [ 5] /lib/x86_64-linux-gnu/libc.so.6(+0x8483c)[0x7f40742c383c]
[hydra08:374838] [ 6] /lib/x86_64-linux-gnu/libc.so.6(__libc_calloc+0x81)[0x7f40742c5bd1]
[hydra08:374838] [ 7] /opt/mpi/openmpi-4.1.4//lib/libmpi.so.40(ompi_group_allocate+0x17)[0x7f40761931e7]
[hydra08:374838] [ 8] /opt/mpi/openmpi-4.1.4//lib/libmpi.so.40(ompi_group_incl_plist+0x65)[0x7f4076193915]
[hydra08:374838] [ 9] /opt/mpi/openmpi-4.1.4//lib/libmpi.so.40(PMPI_Group_incl+0x95)[0x7f40761c4185]
[hydra08:374838] [10] /home/thesis/jheld/MPI_Syrk_implementation/build/src/MPI_SYRK_implementation(+0x841a)[0x5577131a741a]
[hydra08:374838] [11] /home/thesis/jheld/MPI_Syrk_implementation/build/src/MPI_SYRK_implementation(+0x2ab0)[0x5577131a1ab0]
[hydra08:374838] [12] /lib/x86_64-linux-gnu/libc.so.6(__libc_start_main+0xea)[0x7f4074262d7a]
[hydra08:374838] [13] /home/thesis/jheld/MPI_Syrk_implementation/build/src/MPI_SYRK_implementation(+0x232a)[0x5577131a132a]
[hydra08:374838] *** End of error message ***
srun: error: hydra05: task 12: Aborted
srun: error: hydra07: task 19: Aborted
srun: error: hydra04: task 11: Aborted
srun: error: hydra03: task 7: Aborted
srun: error: hydra06: task 15: Aborted
srun: error: hydra02: task 5: Aborted
srun: error: hydra08: tasks 21-22: Aborted
srun: error: hydra11: tasks 30,32: Aborted
srun: error: hydra12: tasks 33-34: Aborted
srun: error: hydra10: tasks 28-29: Aborted
slurmstepd: error:  mpi/pmix_v4: _errhandler: hydra04 [3]: pmixp_client_v2.c:211: Error handler invoked: status = -61, source = [slurm.pmix.5008690.0:11]
slurmstepd: error: *** STEP 5008690.0 ON hydra01 CANCELLED AT 2025-10-13T15:23:56 ***
slurmstepd: error:  mpi/pmix_v4: _errhandler: hydra06 [5]: pmixp_client_v2.c:211: Error handler invoked: status = -61, source = [slurm.pmix.5008690.0:15]
slurmstepd: error:  mpi/pmix_v4: _errhandler: hydra02 [1]: pmixp_client_v2.c:211: Error handler invoked: status = -61, source = [slurm.pmix.5008690.0:5]
slurmstepd: error:  mpi/pmix_v4: _errhandler: hydra05 [4]: pmixp_client_v2.c:211: Error handler invoked: status = -61, source = [slurm.pmix.5008690.0:12]
srun: Job step aborted: Waiting up to 32 seconds for job step to finish.
slurmstepd: error:  mpi/pmix_v4: _errhandler: hydra12 [11]: pmixp_client_v2.c:211: Error handler invoked: status = -61, source = [slurm.pmix.5008690.0:33]
slurmstepd: error:  mpi/pmix_v4: _errhandler: hydra10 [9]: pmixp_client_v2.c:211: Error handler invoked: status = -61, source = [slurm.pmix.5008690.0:28]
slurmstepd: error:  mpi/pmix_v4: _errhandler: hydra07 [6]: pmixp_client_v2.c:211: Error handler invoked: status = -61, source = [slurm.pmix.5008690.0:19]
slurmstepd: error:  mpi/pmix_v4: _errhandler: hydra11 [10]: pmixp_client_v2.c:211: Error handler invoked: status = -61, source = [slurm.pmix.5008690.0:32]
slurmstepd: error:  mpi/pmix_v4: _errhandler: hydra03 [2]: pmixp_client_v2.c:211: Error handler invoked: status = -61, source = [slurm.pmix.5008690.0:7]
slurmstepd: error:  mpi/pmix_v4: _errhandler: hydra08 [7]: pmixp_client_v2.c:211: Error handler invoked: status = -61, source = [slurm.pmix.5008690.0:22]
srun: error: hydra08: task 23: Killed
srun: error: hydra12: task 35: Killed
srun: error: hydra10: task 27: Killed
srun: error: hydra11: task 31: Killed
srun: error: hydra03: tasks 6,8: Killed
srun: error: hydra06: tasks 16-17: Killed
srun: error: hydra05: tasks 13-14: Killed
srun: error: hydra07: tasks 18,20: Killed
srun: error: hydra04: tasks 9-10: Killed
srun: error: hydra02: tasks 3-4: Killed
srun: error: hydra09: tasks 24-26: Killed
srun: error: hydra01: tasks 0-2: Killed
⚠️ Warning: No runtime found for run 1
srun: Warning: can't honor --ntasks-per-node set to 1 which doesn't match the requested tasks 36 with the number of requested nodes 12. Ignoring --ntasks-per-node.
missing input file name --> Generate random input
malloc(): invalid size (unsorted)
[hydra07:399628] *** Process received signal ***
[hydra07:399628] Signal: Aborted (6)
[hydra07:399628] Signal code:  (-6)
malloc(): invalid size (unsorted)
[hydra02:558390] *** Process received signal ***
[hydra07:399628] [ 0] /lib/x86_64-linux-gnu/libc.so.6(+0x38de0)[0x7f401f53ede0]
malloc(): invalid size (unsorted)
[hydra03:389848] *** Process received signal ***
[hydra03:389848] Signal: Aborted (6)
[hydra03:389848] Signal code:  (-6)
malloc(): invalid size (unsorted)
[hydra05:372551] *** Process received signal ***
[hydra05:372551] Signal: Aborted (6)
[hydra05:372551] Signal code:  (-6)
malloc(): invalid size (unsorted)
[hydra04:388637] *** Process received signal ***
[hydra07:399628] [ 1] /lib/x86_64-linux-gnu/libc.so.6(gsignal+0x141)[0x7f401f53ed61]
[hydra07:399628] [ 2] /lib/x86_64-linux-gnu/libc.so.6(abort+0x123)[0x7f401f528537]
[hydra07:399628] [ 3] /lib/x86_64-linux-gnu/libc.so.6(+0x7a468)[0x7f401f580468]
[hydra07:399628] [ 4] /lib/x86_64-linux-gnu/libc.so.6(+0x8175a)[0x7f401f58775a]
[hydra07:399628] [ 5] /lib/x86_64-linux-gnu/libc.so.6(+0x8483c)[0x7f401f58a83c]
[hydra07:399628] [ 6] /lib/x86_64-linux-gnu/libc.so.6(__libc_calloc+0x81)[0x7f401f58cbd1]
[hydra07:399628] [ 7] /opt/mpi/openmpi-4.1.4//lib/libmpi.so.40(ompi_group_allocate+0x17)[0x7f402145a1e7]
[hydra07:399628] [ 8] /opt/mpi/openmpi-4.1.4//lib/libmpi.so.40(ompi_group_incl_plist+0x65)[0x7f402145a915]
malloc(): invalid size (unsorted)
[hydra07:399628] [ 9] /opt/mpi/openmpi-4.1.4//lib/libmpi.so.40(PMPI_Group_incl+0x95)[0x7f402148b185]
[hydra07:399628] [10] /home/thesis/jheld/MPI_Syrk_implementation/build/src/MPI_SYRK_implementation(+0x841a)[0x55efbcdf141a]
[hydra07:399628] [11] /home/thesis/jheld/MPI_Syrk_implementation/build/src/MPI_SYRK_implementation(+0x2ab0)[0x55efbcdebab0]
[hydra07:399630] *** Process received signal ***
[hydra07:399628] [12] /lib/x86_64-linux-gnu/libc.so.6(__libc_start_main+0xea)[0x7f401f529d7a]
[hydra07:399630] Signal: Aborted (6)
[hydra07:399630] Signal code:  (-6)
[hydra07:399628] [13] /home/thesis/jheld/MPI_Syrk_implementation/build/src/MPI_SYRK_implementation(+0x232a)[0x55efbcdeb32a]
[hydra07:399628] *** End of error message ***
[hydra03:389848] [ 0] /lib/x86_64-linux-gnu/libc.so.6(+0x38de0)[0x7fa6b76f5de0]
[hydra04:388637] Signal: Aborted (6)
[hydra04:388637] Signal code:  (-6)
[hydra03:389848] [ 1] /lib/x86_64-linux-gnu/libc.so.6(gsignal+0x141)[0x7fa6b76f5d61]
[hydra04:388637] [ 0] /lib/x86_64-linux-gnu/libc.so.6(+0x38de0)[0x7f7700a84de0]
[hydra03:389848] [ 2] /lib/x86_64-linux-gnu/libc.so.6(abort+0x123)[0x7fa6b76df537]
[hydra04:388637] [ 1] /lib/x86_64-linux-gnu/libc.so.6(gsignal+0x141)[0x7f7700a84d61]
[hydra02:558390] Signal: Aborted (6)
[hydra02:558390] Signal code:  (-6)
[hydra03:389848] [ 3] /lib/x86_64-linux-gnu/libc.so.6(+0x7a468)[0x7fa6b7737468]
[hydra04:388637] [ 2] /lib/x86_64-linux-gnu/libc.so.6(abort+0x123)[0x7f7700a6e537]
[hydra02:558390] [ 0] /lib/x86_64-linux-gnu/libc.so.6(+0x38de0)[0x7f13240bfde0]
[hydra03:389848] [ 4] /lib/x86_64-linux-gnu/libc.so.6(+0x8175a)[0x7fa6b773e75a]
[hydra05:372551] [ 0] /lib/x86_64-linux-gnu/libc.so.6(+0x38de0)[0x7f5288145de0]
[hydra04:388637] [ 3] /lib/x86_64-linux-gnu/libc.so.6(+0x7a468)[0x7f7700ac6468]
[hydra02:558390] [ 1] /lib/x86_64-linux-gnu/libc.so.6(gsignal+0x141)[0x7f13240bfd61]
[hydra03:389848] [ 5] /lib/x86_64-linux-gnu/libc.so.6(+0x8483c)[0x7fa6b774183c]
[hydra05:372551] [ 1] /lib/x86_64-linux-gnu/libc.so.6(gsignal+0x141)[0x7f5288145d61]
[hydra04:388637] [ 4] /lib/x86_64-linux-gnu/libc.so.6(+0x8175a)[0x7f7700acd75a]
[hydra02:558390] [ 2] /lib/x86_64-linux-gnu/libc.so.6(abort+0x123)[0x7f13240a9537]
[hydra03:389848] [ 6] /lib/x86_64-linux-gnu/libc.so.6(__libc_calloc+0x81)[0x7fa6b7743bd1]
[hydra05:372551] [ 2] /lib/x86_64-linux-gnu/libc.so.6(abort+0x123)[0x7f528812f537]
[hydra04:388637] [ 5] /lib/x86_64-linux-gnu/libc.so.6(+0x8483c)[0x7f7700ad083c]
[hydra02:558390] [ 3] /lib/x86_64-linux-gnu/libc.so.6(+0x7a468)[0x7f1324101468]
malloc(): invalid size (unsorted)
[hydra03:389848] [ 7] /opt/mpi/openmpi-4.1.4//lib/libmpi.so.40(ompi_group_allocate+0x17)[0x7fa6b96111e7]
[hydra05:372551] [ 3] /lib/x86_64-linux-gnu/libc.so.6(+0x7a468)[0x7f5288187468]
malloc(): invalid size (unsorted)
[hydra02:558390] [ 4] /lib/x86_64-linux-gnu/libc.so.6(+0x8175a)[0x7f132410875a]
[hydra03:389848] [ 8] /opt/mpi/openmpi-4.1.4//lib/libmpi.so.40(ompi_group_incl_plist+0x65)[0x7fa6b9611915]
[hydra05:372551] [ 4] /lib/x86_64-linux-gnu/libc.so.6(+0x8175a)[0x7f528818e75a]
[hydra04:388637] [ 6] /lib/x86_64-linux-gnu/libc.so.6(__libc_calloc+0x81)[0x7f7700ad2bd1]
[hydra02:558390] [ 5] /lib/x86_64-linux-gnu/libc.so.6(+0x8483c)[0x7f132410b83c]
[hydra03:389848] [ 9] /opt/mpi/openmpi-4.1.4//lib/libmpi.so.40(PMPI_Group_incl+0x95)[0x7fa6b9642185]
[hydra05:372551] [ 5] /lib/x86_64-linux-gnu/libc.so.6(+0x8483c)[0x7f528819183c]
[hydra04:388637] [ 7] /opt/mpi/openmpi-4.1.4//lib/libmpi.so.40(ompi_group_allocate+0x17)[0x7f77029a01e7]
[hydra02:558390] [ 6] /lib/x86_64-linux-gnu/libc.so.6(__libc_calloc+0x81)[0x7f132410dbd1]
[hydra03:389848] [10] /home/thesis/jheld/MPI_Syrk_implementation/build/src/MPI_SYRK_implementation(+0x841a)[0x5624ffaeb41a]
[hydra03:389848] [11] /home/thesis/jheld/MPI_Syrk_implementation/build/src/MPI_SYRK_implementation(+0x2ab0)[0x5624ffae5ab0]
[hydra05:372551] [ 6] /lib/x86_64-linux-gnu/libc.so.6(__libc_calloc+0x81)[0x7f5288193bd1]
[hydra04:388639] *** Process received signal ***
[hydra02:558390] [ 7] /opt/mpi/openmpi-4.1.4//lib/libmpi.so.40(ompi_group_allocate+0x17)[0x7f1325fdb1e7]
[hydra03:389848] [12] /lib/x86_64-linux-gnu/libc.so.6(__libc_start_main+0xea)[0x7fa6b76e0d7a]
[hydra03:389848] [13] /home/thesis/jheld/MPI_Syrk_implementation/build/src/MPI_SYRK_implementation(+0x232a)[0x5624ffae532a]
[hydra05:372551] [ 7] /opt/mpi/openmpi-4.1.4//lib/libmpi.so.40(ompi_group_allocate+0x17)[0x7f528a0611e7]
[hydra04:388637] [ 8] /opt/mpi/openmpi-4.1.4//lib/libmpi.so.40(ompi_group_incl_plist+0x65)[0x7f77029a0915]
[hydra02:558390] [ 8] /opt/mpi/openmpi-4.1.4//lib/libmpi.so.40(ompi_group_incl_plist+0x65)[0x7f1325fdb915]
[hydra03:389848] *** End of error message ***
malloc(): invalid size (unsorted)
[hydra04:388639] Signal: Aborted (6)
[hydra04:388639] Signal code:  (-6)
[hydra02:558390] [ 9] /opt/mpi/openmpi-4.1.4//lib/libmpi.so.40(PMPI_Group_incl+0x95)[0x7f132600c185]
[hydra07:399630] [ 0] /lib/x86_64-linux-gnu/libc.so.6(+0x38de0)[0x7f4d6513bde0]
[hydra05:372551] [ 8] /opt/mpi/openmpi-4.1.4//lib/libmpi.so.40(ompi_group_incl_plist+0x65)[0x7f528a061915]
[hydra04:388637] [ 9] /opt/mpi/openmpi-4.1.4//lib/libmpi.so.40(PMPI_Group_incl+0x95)[0x7f77029d1185]
[hydra02:558390] [10] /home/thesis/jheld/MPI_Syrk_implementation/build/src/MPI_SYRK_implementation(+0x841a)[0x555650d2741a]
[hydra02:558390] [11] /home/thesis/jheld/MPI_Syrk_implementation/build/src/MPI_SYRK_implementation(+0x2ab0)[0x555650d21ab0]
[hydra07:399630] [ 1] /lib/x86_64-linux-gnu/libc.so.6(gsignal+0x141)[0x7f4d6513bd61]
[hydra05:372551] [ 9] /opt/mpi/openmpi-4.1.4//lib/libmpi.so.40(PMPI_Group_incl+0x95)[0x7f528a092185]
[hydra05:372551] [10] /home/thesis/jheld/MPI_Syrk_implementation/build/src/MPI_SYRK_implementation(+0x841a)[0x556af475741a]
malloc(): invalid size (unsorted)
[hydra08:374904] *** Process received signal ***
[hydra04:388637] [10] /home/thesis/jheld/MPI_Syrk_implementation/build/src/MPI_SYRK_implementation(+0x841a)[0x5635eda2741a]
[hydra04:388637] [11] /home/thesis/jheld/MPI_Syrk_implementation/build/src/MPI_SYRK_implementation(+0x2ab0)[0x5635eda21ab0]
[hydra02:558390] [12] /lib/x86_64-linux-gnu/libc.so.6(__libc_start_main+0xea)[0x7f13240aad7a]
[hydra02:558390] [13] /home/thesis/jheld/MPI_Syrk_implementation/build/src/MPI_SYRK_implementation(+0x232a)[0x555650d2132a]
[hydra07:399630] [ 2] /lib/x86_64-linux-gnu/libc.so.6(abort+0x123)[0x7f4d65125537]
[hydra05:372551] [11] /home/thesis/jheld/MPI_Syrk_implementation/build/src/MPI_SYRK_implementation(+0x2ab0)[0x556af4751ab0]
[hydra04:388637] [12] /lib/x86_64-linux-gnu/libc.so.6(__libc_start_main+0xea)[0x7f7700a6fd7a]
[hydra04:388637] [13] /home/thesis/jheld/MPI_Syrk_implementation/build/src/MPI_SYRK_implementation(+0x232a)[0x5635eda2132a]
[hydra02:558390] *** End of error message ***
[hydra07:399630] [ 3] /lib/x86_64-linux-gnu/libc.so.6(+0x7a468)[0x7f4d6517d468]
[hydra05:372551] [12] /lib/x86_64-linux-gnu/libc.so.6(__libc_start_main+0xea)[0x7f5288130d7a]
[hydra05:372551] [13] /home/thesis/jheld/MPI_Syrk_implementation/build/src/MPI_SYRK_implementation(+0x232a)[0x556af475132a]
[hydra04:388637] *** End of error message ***
[hydra07:399630] [ 4] /lib/x86_64-linux-gnu/libc.so.6(+0x8175a)[0x7f4d6518475a]
[hydra05:372551] *** End of error message ***
[hydra04:388639] [ 0] /lib/x86_64-linux-gnu/libc.so.6(+0x38de0)[0x7fe6e10e3de0]
[hydra07:399630] [ 5] /lib/x86_64-linux-gnu/libc.so.6(+0x8483c)[0x7f4d6518783c]
[hydra05:372550] *** Process received signal ***
[hydra07:399630] [ 6] /lib/x86_64-linux-gnu/libc.so.6(__libc_calloc+0x81)[0x7f4d65189bd1]
[hydra05:372550] Signal: Aborted (6)
[hydra05:372550] Signal code:  (-6)
[hydra07:399630] [ 7] /opt/mpi/openmpi-4.1.4//lib/libmpi.so.40(ompi_group_allocate+0x17)[0x7f4d670571e7]
[hydra07:399630] [ 8] /opt/mpi/openmpi-4.1.4//lib/libmpi.so.40(ompi_group_incl_plist+0x65)[0x7f4d67057915]
[hydra07:399630] [ 9] /opt/mpi/openmpi-4.1.4//lib/libmpi.so.40(PMPI_Group_incl+0x95)[0x7f4d67088185]
[hydra07:399630] [10] /home/thesis/jheld/MPI_Syrk_implementation/build/src/MPI_SYRK_implementation(+0x841a)[0x5606dac2f41a]
[hydra07:399630] [11] /home/thesis/jheld/MPI_Syrk_implementation/build/src/MPI_SYRK_implementation(+0x2ab0)[0x5606dac29ab0]
[hydra07:399630] [12] /lib/x86_64-linux-gnu/libc.so.6(__libc_start_main+0xea)[0x7f4d65126d7a]
[hydra07:399630] [13] /home/thesis/jheld/MPI_Syrk_implementation/build/src/MPI_SYRK_implementation(+0x232a)[0x5606dac2932a]
[hydra07:399630] *** End of error message ***
[hydra04:388639] [ 1] /lib/x86_64-linux-gnu/libc.so.6(gsignal+0x141)[0x7fe6e10e3d61]
[hydra04:388639] [ 2] /lib/x86_64-linux-gnu/libc.so.6(abort+0x123)[0x7fe6e10cd537]
[hydra04:388639] [ 3] /lib/x86_64-linux-gnu/libc.so.6(+0x7a468)[0x7fe6e1125468]
malloc(): invalid size (unsorted)
[hydra04:388639] [ 4] /lib/x86_64-linux-gnu/libc.so.6(+0x8175a)[0x7fe6e112c75a]
[hydra04:388639] [ 5] /lib/x86_64-linux-gnu/libc.so.6(+0x8483c)[0x7fe6e112f83c]
[hydra04:388638] *** Process received signal ***
[hydra04:388639] [ 6] /lib/x86_64-linux-gnu/libc.so.6(__libc_calloc+0x81)[0x7fe6e1131bd1]
[hydra04:388638] Signal: Aborted (6)
[hydra04:388638] Signal code:  (-6)
[hydra04:388639] [ 7] /opt/mpi/openmpi-4.1.4//lib/libmpi.so.40(ompi_group_allocate+0x17)[0x7fe6e2fff1e7]
[hydra04:388639] [ 8] /opt/mpi/openmpi-4.1.4//lib/libmpi.so.40(ompi_group_incl_plist+0x65)[0x7fe6e2fff915]
[hydra04:388639] [ 9] /opt/mpi/openmpi-4.1.4//lib/libmpi.so.40(PMPI_Group_incl+0x95)[0x7fe6e3030185]
[hydra12:352977] *** Process received signal ***
[hydra04:388639] [10] /home/thesis/jheld/MPI_Syrk_implementation/build/src/MPI_SYRK_implementation(+0x841a)[0x56028d17741a]
[hydra04:388639] [11] /home/thesis/jheld/MPI_Syrk_implementation/build/src/MPI_SYRK_implementation(+0x2ab0)[0x56028d171ab0]
[hydra12:352977] Signal: Aborted (6)
[hydra12:352977] Signal code:  (-6)
[hydra04:388639] [12] /lib/x86_64-linux-gnu/libc.so.6(__libc_start_main+0xea)[0x7fe6e10ced7a]
[hydra12:352977] [ 0] /lib/x86_64-linux-gnu/libc.so.6(+0x38de0)[0x7fb2f1f40de0]
[hydra04:388639] [13] /home/thesis/jheld/MPI_Syrk_implementation/build/src/MPI_SYRK_implementation(+0x232a)[0x56028d17132a]
[hydra04:388639] *** End of error message ***
[hydra12:352977] [ 1] /lib/x86_64-linux-gnu/libc.so.6(gsignal+0x141)[0x7fb2f1f40d61]
[hydra12:352977] [ 2] /lib/x86_64-linux-gnu/libc.so.6(abort+0x123)[0x7fb2f1f2a537]
[hydra12:352977] [ 3] /lib/x86_64-linux-gnu/libc.so.6(+0x7a468)[0x7fb2f1f82468]
[hydra08:374904] Signal: Aborted (6)
[hydra08:374904] Signal code:  (-6)
[hydra12:352977] [ 4] /lib/x86_64-linux-gnu/libc.so.6(+0x8175a)[0x7fb2f1f8975a]
[hydra05:372550] [ 0] /lib/x86_64-linux-gnu/libc.so.6(+0x38de0)[0x7f2a2966fde0]
[hydra05:372550] [ 1] /lib/x86_64-linux-gnu/libc.so.6(gsignal+0x141)[0x7f2a2966fd61]
[hydra08:374904] [ 0] /lib/x86_64-linux-gnu/libc.so.6(+0x38de0)[0x7faed00f2de0]
[hydra12:352977] [ 5] /lib/x86_64-linux-gnu/libc.so.6(+0x8483c)[0x7fb2f1f8c83c]
[hydra05:372550] [ 2] /lib/x86_64-linux-gnu/libc.so.6(abort+0x123)[0x7f2a29659537]
malloc(): invalid size (unsorted)
[hydra08:374905] *** Process received signal ***
[hydra12:352977] [ 6] /lib/x86_64-linux-gnu/libc.so.6(__libc_calloc+0x81)[0x7fb2f1f8ebd1]
[hydra05:372550] [ 3] /lib/x86_64-linux-gnu/libc.so.6(+0x7a468)[0x7f2a296b1468]
[hydra08:374904] [ 1] /lib/x86_64-linux-gnu/libc.so.6(gsignal+0x141)[0x7faed00f2d61]
[hydra08:374904] [ 2] /lib/x86_64-linux-gnu/libc.so.6(abort+0x123)[0x7faed00dc537]
[hydra12:352977] [ 7] /opt/mpi/openmpi-4.1.4//lib/libmpi.so.40(ompi_group_allocate+0x17)[0x7fb2f3e5c1e7]
[hydra05:372550] [ 4] /lib/x86_64-linux-gnu/libc.so.6(+0x8175a)[0x7f2a296b875a]
[hydra08:374905] Signal: Aborted (6)
[hydra08:374905] Signal code:  (-6)
[hydra12:352977] [ 8] /opt/mpi/openmpi-4.1.4//lib/libmpi.so.40(ompi_group_incl_plist+0x65)[0x7fb2f3e5c915]
[hydra05:372550] [ 5] /lib/x86_64-linux-gnu/libc.so.6(+0x8483c)[0x7f2a296bb83c]
[hydra08:374904] [ 3] /lib/x86_64-linux-gnu/libc.so.6(+0x7a468)[0x7faed0134468]
[hydra12:352977] [ 9] /opt/mpi/openmpi-4.1.4//lib/libmpi.so.40(PMPI_Group_incl+0x95)[0x7fb2f3e8d185]
[hydra05:372550] [ 6] /lib/x86_64-linux-gnu/libc.so.6(__libc_calloc+0x81)[0x7f2a296bdbd1]
[hydra08:374904] [ 4] /lib/x86_64-linux-gnu/libc.so.6(+0x8175a)[0x7faed013b75a]
[hydra12:352977] [10] /home/thesis/jheld/MPI_Syrk_implementation/build/src/MPI_SYRK_implementation(+0x841a)[0x5615404d041a]
[hydra12:352977] [11] /home/thesis/jheld/MPI_Syrk_implementation/build/src/MPI_SYRK_implementation(+0x2ab0)[0x5615404caab0]
[hydra05:372550] [ 7] /opt/mpi/openmpi-4.1.4//lib/libmpi.so.40(ompi_group_allocate+0x17)[0x7f2a2b58b1e7]
[hydra08:374904] [ 5] /lib/x86_64-linux-gnu/libc.so.6(+0x8483c)[0x7faed013e83c]
[hydra08:374904] [ 6] /lib/x86_64-linux-gnu/libc.so.6(__libc_calloc+0x81)[0x7faed0140bd1]
[hydra12:352977] [12] /lib/x86_64-linux-gnu/libc.so.6(__libc_start_main+0xea)[0x7fb2f1f2bd7a]
[hydra12:352977] [13] /home/thesis/jheld/MPI_Syrk_implementation/build/src/MPI_SYRK_implementation(+0x232a)[0x5615404ca32a]
[hydra05:372550] [ 8] /opt/mpi/openmpi-4.1.4//lib/libmpi.so.40(ompi_group_incl_plist+0x65)[0x7f2a2b58b915]
[hydra08:374904] [ 7] /opt/mpi/openmpi-4.1.4//lib/libmpi.so.40(ompi_group_allocate+0x17)[0x7faed200e1e7]
[hydra08:374904] [ 8] /opt/mpi/openmpi-4.1.4//lib/libmpi.so.40(ompi_group_incl_plist+0x65)[0x7faed200e915]
[hydra12:352977] *** End of error message ***
[hydra05:372550] [ 9] /opt/mpi/openmpi-4.1.4//lib/libmpi.so.40(PMPI_Group_incl+0x95)[0x7f2a2b5bc185]
[hydra05:372550] [10] /home/thesis/jheld/MPI_Syrk_implementation/build/src/MPI_SYRK_implementation(+0x841a)[0x559723f8341a]
[hydra08:374904] [ 9] /opt/mpi/openmpi-4.1.4//lib/libmpi.so.40(PMPI_Group_incl+0x95)[0x7faed203f185]
[hydra05:372550] [11] /home/thesis/jheld/MPI_Syrk_implementation/build/src/MPI_SYRK_implementation(+0x2ab0)[0x559723f7dab0]
[hydra08:374904] [10] /home/thesis/jheld/MPI_Syrk_implementation/build/src/MPI_SYRK_implementation(+0x841a)[0x5572770f541a]
[hydra08:374904] [11] /home/thesis/jheld/MPI_Syrk_implementation/build/src/MPI_SYRK_implementation(+0x2ab0)[0x5572770efab0]
[hydra05:372550] [12] /lib/x86_64-linux-gnu/libc.so.6(__libc_start_main+0xea)[0x7f2a2965ad7a]
[hydra05:372550] [13] /home/thesis/jheld/MPI_Syrk_implementation/build/src/MPI_SYRK_implementation(+0x232a)[0x559723f7d32a]
[hydra08:374904] [12] /lib/x86_64-linux-gnu/libc.so.6(__libc_start_main+0xea)[0x7faed00ddd7a]
[hydra08:374904] [13] /home/thesis/jheld/MPI_Syrk_implementation/build/src/MPI_SYRK_implementation(+0x232a)[0x5572770ef32a]
[hydra05:372550] *** End of error message ***
[hydra08:374904] *** End of error message ***
[hydra08:374905] [ 0] /lib/x86_64-linux-gnu/libc.so.6(+0x38de0)[0x7fe15e87ede0]
[hydra08:374905] [ 1] /lib/x86_64-linux-gnu/libc.so.6(gsignal+0x141)[0x7fe15e87ed61]
malloc(): invalid size (unsorted)
[hydra11:352950] *** Process received signal ***
[hydra08:374905] [ 2] /lib/x86_64-linux-gnu/libc.so.6(abort+0x123)[0x7fe15e868537]
[hydra04:388638] [ 0] /lib/x86_64-linux-gnu/libc.so.6(+0x38de0)[0x7f95701f6de0]
[hydra04:388638] [ 1] /lib/x86_64-linux-gnu/libc.so.6(gsignal+0x141)[0x7f95701f6d61]
malloc(): invalid size (unsorted)
[hydra04:388638] [ 2] /lib/x86_64-linux-gnu/libc.so.6(abort+0x123)[0x7f95701e0537]
[hydra11:352950] Signal: Aborted (6)
[hydra11:352950] Signal code:  (-6)
[hydra04:388638] [ 3] /lib/x86_64-linux-gnu/libc.so.6(+0x7a468)[0x7f9570238468]
[hydra04:388638] [ 4] /lib/x86_64-linux-gnu/libc.so.6(+0x8175a)[0x7f957023f75a]
[hydra04:388638] [ 5] /lib/x86_64-linux-gnu/libc.so.6(+0x8483c)[0x7f957024283c]
[hydra11:352950] [ 0] /lib/x86_64-linux-gnu/libc.so.6(+0x38de0)[0x7fb7433b9de0]
[hydra04:388638] [ 6] /lib/x86_64-linux-gnu/libc.so.6(__libc_calloc+0x81)[0x7f9570244bd1]
[hydra04:388638] [ 7] /opt/mpi/openmpi-4.1.4//lib/libmpi.so.40(ompi_group_allocate+0x17)[0x7f95721121e7]
[hydra04:388638] [ 8] /opt/mpi/openmpi-4.1.4//lib/libmpi.so.40(ompi_group_incl_plist+0x65)[0x7f9572112915]
[hydra04:388638] [ 9] /opt/mpi/openmpi-4.1.4//lib/libmpi.so.40(PMPI_Group_incl+0x95)[0x7f9572143185]
[hydra11:352950] [ 1] /lib/x86_64-linux-gnu/libc.so.6(gsignal+0x141)[0x7fb7433b9d61]
[hydra04:388638] [10] /home/thesis/jheld/MPI_Syrk_implementation/build/src/MPI_SYRK_implementation(+0x841a)[0x561e2568441a]
[hydra11:352950] [ 2] /lib/x86_64-linux-gnu/libc.so.6(abort+0x123)[0x7fb7433a3537]
[hydra04:388638] [11] /home/thesis/jheld/MPI_Syrk_implementation/build/src/MPI_SYRK_implementation(+0x2ab0)[0x561e2567eab0]
[hydra04:388638] [12] /lib/x86_64-linux-gnu/libc.so.6(__libc_start_main+0xea)[0x7f95701e1d7a]
[hydra11:352950] [ 3] /lib/x86_64-linux-gnu/libc.so.6(+0x7a468)[0x7fb7433fb468]
malloc(): invalid size (unsorted)
[hydra10:483926] *** Process received signal ***
[hydra10:483926] Signal: Aborted (6)
[hydra10:483926] Signal code:  (-6)
malloc(): invalid size (unsorted)
[hydra04:388638] [13] /home/thesis/jheld/MPI_Syrk_implementation/build/src/MPI_SYRK_implementation(+0x232a)[0x561e2567e32a]
[hydra04:388638] *** End of error message ***
[hydra11:352950] [ 4] /lib/x86_64-linux-gnu/libc.so.6(+0x8175a)[0x7fb74340275a]
[hydra02:558392] *** Process received signal ***
[hydra11:352950] [ 5] /lib/x86_64-linux-gnu/libc.so.6(+0x8483c)[0x7fb74340583c]
[hydra02:558392] Signal: Aborted (6)
[hydra02:558392] Signal code:  (-6)
[hydra02:558392] [ 0] /lib/x86_64-linux-gnu/libc.so.6(+0x38de0)[0x7fe4f03d4de0]
[hydra02:558392] [ 1] /lib/x86_64-linux-gnu/libc.so.6(gsignal+0x141)[0x7fe4f03d4d61]
[hydra11:352950] [ 6] /lib/x86_64-linux-gnu/libc.so.6(__libc_calloc+0x81)[0x7fb743407bd1]
[hydra02:558392] [ 2] /lib/x86_64-linux-gnu/libc.so.6(abort+0x123)[0x7fe4f03be537]
[hydra02:558392] [ 3] /lib/x86_64-linux-gnu/libc.so.6(+0x7a468)[0x7fe4f0416468]
[hydra02:558392] [ 4] /lib/x86_64-linux-gnu/libc.so.6(+0x8175a)[0x7fe4f041d75a]
[hydra02:558392] [ 5] /lib/x86_64-linux-gnu/libc.so.6(+0x8483c)[0x7fe4f042083c]
[hydra11:352950] [ 7] /opt/mpi/openmpi-4.1.4//lib/libmpi.so.40(ompi_group_allocate+0x17)[0x7fb7452d51e7]
[hydra02:558392] [ 6] /lib/x86_64-linux-gnu/libc.so.6(__libc_calloc+0x81)[0x7fe4f0422bd1]
[hydra11:352950] [ 8] /opt/mpi/openmpi-4.1.4//lib/libmpi.so.40(ompi_group_incl_plist+0x65)[0x7fb7452d5915]
[hydra02:558392] [ 7] /opt/mpi/openmpi-4.1.4//lib/libmpi.so.40(ompi_group_allocate+0x17)[0x7fe4f22f01e7]
[hydra02:558392] [ 8] /opt/mpi/openmpi-4.1.4//lib/libmpi.so.40(ompi_group_incl_plist+0x65)[0x7fe4f22f0915]
[hydra02:558392] [ 9] /opt/mpi/openmpi-4.1.4//lib/libmpi.so.40(PMPI_Group_incl+0x95)[0x7fe4f2321185]
[hydra11:352950] [ 9] /opt/mpi/openmpi-4.1.4//lib/libmpi.so.40(PMPI_Group_incl+0x95)[0x7fb745306185]
[hydra02:558392] [10] /home/thesis/jheld/MPI_Syrk_implementation/build/src/MPI_SYRK_implementation(+0x841a)[0x560c5cd7741a]
[hydra02:558392] [11] /home/thesis/jheld/MPI_Syrk_implementation/build/src/MPI_SYRK_implementation(+0x2ab0)[0x560c5cd71ab0]
[hydra11:352950] [10] /home/thesis/jheld/MPI_Syrk_implementation/build/src/MPI_SYRK_implementation(+0x841a)[0x55721b65741a]
[hydra11:352950] [11] /home/thesis/jheld/MPI_Syrk_implementation/build/src/MPI_SYRK_implementation(+0x2ab0)[0x55721b651ab0]
[hydra02:558392] [12] /lib/x86_64-linux-gnu/libc.so.6(__libc_start_main+0xea)[0x7fe4f03bfd7a]
[hydra02:558392] [13] /home/thesis/jheld/MPI_Syrk_implementation/build/src/MPI_SYRK_implementation(+0x232a)[0x560c5cd7132a]
[hydra02:558392] *** End of error message ***
[hydra11:352950] [12] /lib/x86_64-linux-gnu/libc.so.6(__libc_start_main+0xea)[0x7fb7433a4d7a]
[hydra11:352950] [13] /home/thesis/jheld/MPI_Syrk_implementation/build/src/MPI_SYRK_implementation(+0x232a)[0x55721b65132a]
[hydra11:352950] *** End of error message ***
[hydra09:366232] *** Process received signal ***
[hydra09:366232] Signal: Aborted (6)
[hydra09:366232] Signal code:  (-6)
[hydra09:366232] [ 0] /lib/x86_64-linux-gnu/libc.so.6(+0x38de0)[0x7f04f0306de0]
[hydra09:366232] [ 1] /lib/x86_64-linux-gnu/libc.so.6(gsignal+0x141)[0x7f04f0306d61]
[hydra09:366232] [ 2] /lib/x86_64-linux-gnu/libc.so.6(abort+0x123)[0x7f04f02f0537]
[hydra09:366232] [ 3] /lib/x86_64-linux-gnu/libc.so.6(+0x7a468)[0x7f04f0348468]
[hydra09:366232] [ 4] /lib/x86_64-linux-gnu/libc.so.6(+0x8175a)[0x7f04f034f75a]
[hydra09:366232] [ 5] /lib/x86_64-linux-gnu/libc.so.6(+0x8483c)[0x7f04f035283c]
[hydra09:366232] [ 6] /lib/x86_64-linux-gnu/libc.so.6(__libc_calloc+0x81)[0x7f04f0354bd1]
[hydra09:366232] [ 7] /opt/mpi/openmpi-4.1.4//lib/libmpi.so.40(ompi_group_allocate+0x17)[0x7f04f22221e7]
[hydra09:366232] [ 8] /opt/mpi/openmpi-4.1.4//lib/libmpi.so.40(ompi_group_incl_plist+0x65)[0x7f04f2222915]
[hydra09:366232] [ 9] /opt/mpi/openmpi-4.1.4//lib/libmpi.so.40(PMPI_Group_incl+0x95)[0x7f04f2253185]
[hydra10:483926] [ 0] /lib/x86_64-linux-gnu/libc.so.6(+0x38de0)[0x7f2dfa66fde0]
[hydra09:366232] [10] /home/thesis/jheld/MPI_Syrk_implementation/build/src/MPI_SYRK_implementation(+0x841a)[0x55623d91841a]
[hydra09:366232] [11] /home/thesis/jheld/MPI_Syrk_implementation/build/src/MPI_SYRK_implementation(+0x2ab0)[0x55623d912ab0]
[hydra10:483926] [ 1] /lib/x86_64-linux-gnu/libc.so.6(gsignal+0x141)[0x7f2dfa66fd61]
[hydra09:366232] [12] /lib/x86_64-linux-gnu/libc.so.6(__libc_start_main+0xea)[0x7f04f02f1d7a]
[hydra09:366232] [13] /home/thesis/jheld/MPI_Syrk_implementation/build/src/MPI_SYRK_implementation(+0x232a)[0x55623d91232a]
malloc(): invalid size (unsorted)
[hydra09:366232] *** End of error message ***
[hydra10:483926] [ 2] /lib/x86_64-linux-gnu/libc.so.6(abort+0x123)[0x7f2dfa659537]
[hydra10:483926] [ 3] /lib/x86_64-linux-gnu/libc.so.6(+0x7a468)[0x7f2dfa6b1468]
[hydra10:483925] *** Process received signal ***
[hydra10:483925] Signal: Aborted (6)
[hydra10:483925] Signal code:  (-6)
[hydra10:483926] [ 4] /lib/x86_64-linux-gnu/libc.so.6(+0x8175a)[0x7f2dfa6b875a]
[hydra10:483926] [ 5] /lib/x86_64-linux-gnu/libc.so.6(+0x8483c)[0x7f2dfa6bb83c]
[hydra10:483926] [ 6] /lib/x86_64-linux-gnu/libc.so.6(__libc_calloc+0x81)[0x7f2dfa6bdbd1]
[hydra10:483926] [ 7] /opt/mpi/openmpi-4.1.4//lib/libmpi.so.40(ompi_group_allocate+0x17)[0x7f2dfc58b1e7]
[hydra10:483926] [ 8] /opt/mpi/openmpi-4.1.4//lib/libmpi.so.40(ompi_group_incl_plist+0x65)[0x7f2dfc58b915]
[hydra10:483926] [ 9] /opt/mpi/openmpi-4.1.4//lib/libmpi.so.40(PMPI_Group_incl+0x95)[0x7f2dfc5bc185]
[hydra10:483926] [10] /home/thesis/jheld/MPI_Syrk_implementation/build/src/MPI_SYRK_implementation(+0x841a)[0x55ac55cb641a]
[hydra10:483926] [11] /home/thesis/jheld/MPI_Syrk_implementation/build/src/MPI_SYRK_implementation(+0x2ab0)[0x55ac55cb0ab0]
[hydra10:483925] [ 0] /lib/x86_64-linux-gnu/libc.so.6(+0x38de0)[0x7fa735b8ede0]
[hydra10:483926] [12] /lib/x86_64-linux-gnu/libc.so.6(__libc_start_main+0xea)[0x7f2dfa65ad7a]
[hydra10:483926] [13] /home/thesis/jheld/MPI_Syrk_implementation/build/src/MPI_SYRK_implementation(+0x232a)[0x55ac55cb032a]
[hydra10:483926] *** End of error message ***
[hydra10:483925] [ 1] /lib/x86_64-linux-gnu/libc.so.6(gsignal+0x141)[0x7fa735b8ed61]
[hydra10:483925] [ 2] /lib/x86_64-linux-gnu/libc.so.6(abort+0x123)[0x7fa735b78537]
[hydra10:483925] [ 3] /lib/x86_64-linux-gnu/libc.so.6(+0x7a468)[0x7fa735bd0468]
[hydra08:374905] [ 3] /lib/x86_64-linux-gnu/libc.so.6(+0x7a468)[0x7fe15e8c0468]
[hydra10:483925] [ 4] /lib/x86_64-linux-gnu/libc.so.6(+0x8175a)[0x7fa735bd775a]
[hydra08:374905] [ 4] /lib/x86_64-linux-gnu/libc.so.6(+0x8175a)[0x7fe15e8c775a]
[hydra10:483925] [ 5] /lib/x86_64-linux-gnu/libc.so.6(+0x8483c)[0x7fa735bda83c]
[hydra08:374905] [ 5] /lib/x86_64-linux-gnu/libc.so.6(+0x8483c)[0x7fe15e8ca83c]
[hydra10:483925] [ 6] /lib/x86_64-linux-gnu/libc.so.6(__libc_calloc+0x81)[0x7fa735bdcbd1]
[hydra08:374905] [ 6] /lib/x86_64-linux-gnu/libc.so.6(__libc_calloc+0x81)[0x7fe15e8ccbd1]
[hydra10:483925] [ 7] /opt/mpi/openmpi-4.1.4//lib/libmpi.so.40(ompi_group_allocate+0x17)[0x7fa737aaa1e7]
[hydra08:374905] [ 7] /opt/mpi/openmpi-4.1.4//lib/libmpi.so.40(ompi_group_allocate+0x17)[0x7fe16079a1e7]
[hydra10:483925] [ 8] /opt/mpi/openmpi-4.1.4//lib/libmpi.so.40(ompi_group_incl_plist+0x65)[0x7fa737aaa915]
[hydra08:374905] [ 8] /opt/mpi/openmpi-4.1.4//lib/libmpi.so.40(ompi_group_incl_plist+0x65)[0x7fe16079a915]
[hydra10:483925] [ 9] /opt/mpi/openmpi-4.1.4//lib/libmpi.so.40(PMPI_Group_incl+0x95)[0x7fa737adb185]
[hydra08:374905] [ 9] /opt/mpi/openmpi-4.1.4//lib/libmpi.so.40(PMPI_Group_incl+0x95)[0x7fe1607cb185]
[hydra10:483925] [10] /home/thesis/jheld/MPI_Syrk_implementation/build/src/MPI_SYRK_implementation(+0x841a)[0x55985b21f41a]
[hydra10:483925] [11] /home/thesis/jheld/MPI_Syrk_implementation/build/src/MPI_SYRK_implementation(+0x2ab0)[0x55985b219ab0]
[hydra08:374905] [10] /home/thesis/jheld/MPI_Syrk_implementation/build/src/MPI_SYRK_implementation(+0x841a)[0x55d51c98c41a]
[hydra10:483925] [12] /lib/x86_64-linux-gnu/libc.so.6(__libc_start_main+0xea)[0x7fa735b79d7a]
[hydra10:483925] [13] /home/thesis/jheld/MPI_Syrk_implementation/build/src/MPI_SYRK_implementation(+0x232a)[0x55985b21932a]
[hydra08:374905] [11] /home/thesis/jheld/MPI_Syrk_implementation/build/src/MPI_SYRK_implementation(+0x2ab0)[0x55d51c986ab0]
[hydra10:483925] *** End of error message ***
[hydra08:374905] [12] /lib/x86_64-linux-gnu/libc.so.6(__libc_start_main+0xea)[0x7fe15e869d7a]
[hydra08:374905] [13] /home/thesis/jheld/MPI_Syrk_implementation/build/src/MPI_SYRK_implementation(+0x232a)[0x55d51c98632a]
[hydra08:374905] *** End of error message ***
srun: error: hydra03: task 7: Aborted
srun: error: hydra11: task 30: Aborted
srun: error: hydra09: task 24: Aborted
srun: error: hydra12: task 35: Aborted
srun: error: hydra05: tasks 13-14: Aborted
srun: error: hydra08: tasks 21-22: Aborted
srun: error: hydra02: tasks 3,5: Aborted
srun: error: hydra10: tasks 27-28: Aborted
srun: error: hydra07: tasks 18,20: Aborted
srun: error: hydra04: tasks 9-11: Aborted
slurmstepd: error:  mpi/pmix_v4: _errhandler: hydra12 [11]: pmixp_client_v2.c:211: Error handler invoked: status = -61, source = [slurm.pmix.5008690.1:35]
slurmstepd: error:  mpi/pmix_v4: _errhandler: hydra11 [10]: pmixp_client_v2.c:211: Error handler invoked: status = -61, source = [slurm.pmix.5008690.1:30]
slurmstepd: error:  mpi/pmix_v4: _errhandler: hydra09 [8]: pmixp_client_v2.c:211: Error handler invoked: status = -61, source = [slurm.pmix.5008690.1:24]
slurmstepd: error:  mpi/pmix_v4: _errhandler: hydra05 [4]: pmixp_client_v2.c:211: Error handler invoked: status = -61, source = [slurm.pmix.5008690.1:14]
slurmstepd: error:  mpi/pmix_v4: _errhandler: hydra07 [6]: pmixp_client_v2.c:211: Error handler invoked: status = -61, source = [slurm.pmix.5008690.1:18]
slurmstepd: error:  mpi/pmix_v4: _errhandler: hydra02 [1]: pmixp_client_v2.c:211: Error handler invoked: status = -61, source = [slurm.pmix.5008690.1:3]
slurmstepd: error:  mpi/pmix_v4: _errhandler: hydra08 [7]: pmixp_client_v2.c:211: Error handler invoked: status = -61, source = [slurm.pmix.5008690.1:21]
slurmstepd: error:  mpi/pmix_v4: _errhandler: hydra03 [2]: pmixp_client_v2.c:211: Error handler invoked: status = -61, source = [slurm.pmix.5008690.1:7]
slurmstepd: error:  mpi/pmix_v4: _errhandler: hydra10 [9]: pmixp_client_v2.c:211: Error handler invoked: status = -61, source = [slurm.pmix.5008690.1:28]
slurmstepd: error: *** STEP 5008690.1 ON hydra01 CANCELLED AT 2025-10-13T15:24:07 ***
srun: Job step aborted: Waiting up to 32 seconds for job step to finish.
srun: error: hydra10: task 29: Killed
srun: error: hydra07: task 19: Killed
srun: error: hydra05: task 12: Killed
srun: error: hydra02: task 4: Killed
srun: error: hydra08: task 23: Killed
srun: error: hydra03: tasks 6,8: Killed
srun: error: hydra09: tasks 25-26: Killed
srun: error: hydra11: tasks 31-32: Killed
srun: error: hydra12: tasks 33-34: Killed
srun: error: hydra01: tasks 0-2: Killed
srun: error: hydra06: tasks 15-17: Killed
⚠️ Warning: No runtime found for run 2
srun: Warning: can't honor --ntasks-per-node set to 1 which doesn't match the requested tasks 36 with the number of requested nodes 12. Ignoring --ntasks-per-node.
missing input file name --> Generate random input
malloc(): invalid size (unsorted)
[hydra12:353038] *** Process received signal ***
[hydra12:353038] Signal: Aborted (6)
[hydra12:353038] Signal code:  (-6)
[hydra12:353038] [ 0] /lib/x86_64-linux-gnu/libc.so.6(+0x38de0)[0x7f7f6a0f6de0]
[hydra12:353038] [ 1] /lib/x86_64-linux-gnu/libc.so.6(gsignal+0x141)[0x7f7f6a0f6d61]
[hydra12:353038] [ 2] /lib/x86_64-linux-gnu/libc.so.6(abort+0x123)[0x7f7f6a0e0537]
[hydra12:353038] [ 3] /lib/x86_64-linux-gnu/libc.so.6(+0x7a468)[0x7f7f6a138468]
[hydra12:353038] [ 4] /lib/x86_64-linux-gnu/libc.so.6(+0x8175a)[0x7f7f6a13f75a]
[hydra12:353038] [ 5] /lib/x86_64-linux-gnu/libc.so.6(+0x8483c)[0x7f7f6a14283c]
[hydra12:353038] [ 6] /lib/x86_64-linux-gnu/libc.so.6(__libc_calloc+0x81)[0x7f7f6a144bd1]
[hydra12:353038] [ 7] /opt/mpi/openmpi-4.1.4//lib/libmpi.so.40(ompi_group_allocate+0x17)[0x7f7f6c0121e7]
[hydra12:353038] [ 8] /opt/mpi/openmpi-4.1.4//lib/libmpi.so.40(ompi_group_incl_plist+0x65)[0x7f7f6c012915]
[hydra12:353038] [ 9] /opt/mpi/openmpi-4.1.4//lib/libmpi.so.40(PMPI_Group_incl+0x95)[0x7f7f6c043185]
[hydra12:353038] [10] /home/thesis/jheld/MPI_Syrk_implementation/build/src/MPI_SYRK_implementation(+0x841a)[0x55ecf843941a]
[hydra12:353038] [11] /home/thesis/jheld/MPI_Syrk_implementation/build/src/MPI_SYRK_implementation(+0x2ab0)[0x55ecf8433ab0]
[hydra12:353038] [12] /lib/x86_64-linux-gnu/libc.so.6(__libc_start_main+0xea)[0x7f7f6a0e1d7a]
[hydra12:353038] [13] /home/thesis/jheld/MPI_Syrk_implementation/build/src/MPI_SYRK_implementation(+0x232a)[0x55ecf843332a]
[hydra12:353038] *** End of error message ***
malloc(): invalid size (unsorted)
[hydra05:372613] *** Process received signal ***
malloc(): invalid size (unsorted)
[hydra04:388691] *** Process received signal ***
malloc(): invalid size (unsorted)
[hydra03:389910] *** Process received signal ***
malloc(): invalid size (unsorted)
malloc(): invalid size (unsorted)
[hydra02:558466] *** Process received signal ***
[hydra12:353037] *** Process received signal ***
[hydra12:353037] Signal: Aborted (6)
[hydra12:353037] Signal code:  (-6)
[hydra05:372613] Signal: Aborted (6)
[hydra05:372613] Signal code:  (-6)
[hydra04:388691] Signal: Aborted (6)
[hydra04:388691] Signal code:  (-6)
[hydra12:353037] [ 0] /lib/x86_64-linux-gnu/libc.so.6(+0x38de0)[0x7f788083cde0]
[hydra05:372613] [ 0] /lib/x86_64-linux-gnu/libc.so.6(+0x38de0)[0x7f9b6a6b1de0]
[hydra04:388691] [ 0] /lib/x86_64-linux-gnu/libc.so.6(+0x38de0)[0x7f7fcc9fede0]
[hydra12:353037] [ 1] /lib/x86_64-linux-gnu/libc.so.6(gsignal+0x141)[0x7f788083cd61]
[hydra05:372613] [ 1] /lib/x86_64-linux-gnu/libc.so.6(gsignal+0x141)[0x7f9b6a6b1d61]
[hydra04:388691] [ 1] /lib/x86_64-linux-gnu/libc.so.6(gsignal+0x141)[0x7f7fcc9fed61]
[hydra12:353037] [ 2] /lib/x86_64-linux-gnu/libc.so.6(abort+0x123)[0x7f7880826537]
[hydra03:389910] Signal: Aborted (6)
[hydra03:389910] Signal code:  (-6)
[hydra05:372613] [ 2] /lib/x86_64-linux-gnu/libc.so.6(abort+0x123)[0x7f9b6a69b537]
[hydra04:388691] [ 2] /lib/x86_64-linux-gnu/libc.so.6(abort+0x123)[0x7f7fcc9e8537]
[hydra12:353037] [ 3] /lib/x86_64-linux-gnu/libc.so.6(+0x7a468)[0x7f788087e468]
[hydra03:389910] [ 0] /lib/x86_64-linux-gnu/libc.so.6(+0x38de0)[0x7f1628b21de0]
[hydra05:372613] [ 3] /lib/x86_64-linux-gnu/libc.so.6(+0x7a468)[0x7f9b6a6f3468]
[hydra04:388691] [ 3] /lib/x86_64-linux-gnu/libc.so.6(+0x7a468)[0x7f7fcca40468]
[hydra12:353037] [ 4] /lib/x86_64-linux-gnu/libc.so.6(+0x8175a)[0x7f788088575a]
[hydra03:389910] [ 1] /lib/x86_64-linux-gnu/libc.so.6(gsignal+0x141)[0x7f1628b21d61]
[hydra05:372613] [ 4] /lib/x86_64-linux-gnu/libc.so.6(+0x8175a)[0x7f9b6a6fa75a]
[hydra04:388691] [ 4] /lib/x86_64-linux-gnu/libc.so.6(+0x8175a)[0x7f7fcca4775a]
[hydra12:353037] [ 5] /lib/x86_64-linux-gnu/libc.so.6(+0x8483c)[0x7f788088883c]
[hydra03:389910] [ 2] /lib/x86_64-linux-gnu/libc.so.6(abort+0x123)[0x7f1628b0b537]
[hydra05:372613] [ 5] /lib/x86_64-linux-gnu/libc.so.6(+0x8483c)[0x7f9b6a6fd83c]
[hydra04:388691] [ 5] /lib/x86_64-linux-gnu/libc.so.6(+0x8483c)[0x7f7fcca4a83c]
[hydra12:353037] [ 6] /lib/x86_64-linux-gnu/libc.so.6(__libc_calloc+0x81)[0x7f788088abd1]
malloc(): invalid size (unsorted)
[hydra06:373313] *** Process received signal ***
[hydra03:389910] [ 3] /lib/x86_64-linux-gnu/libc.so.6(+0x7a468)[0x7f1628b63468]
[hydra05:372613] [ 6] /lib/x86_64-linux-gnu/libc.so.6(__libc_calloc+0x81)[0x7f9b6a6ffbd1]
[hydra04:388691] [ 6] /lib/x86_64-linux-gnu/libc.so.6(__libc_calloc+0x81)[0x7f7fcca4cbd1]
[hydra12:353037] [ 7] /opt/mpi/openmpi-4.1.4//lib/libmpi.so.40(ompi_group_allocate+0x17)[0x7f78827581e7]
[hydra03:389910] [ 4] /lib/x86_64-linux-gnu/libc.so.6(+0x8175a)[0x7f1628b6a75a]
[hydra05:372613] [ 7] /opt/mpi/openmpi-4.1.4//lib/libmpi.so.40(ompi_group_allocate+0x17)[0x7f9b6c5cd1e7]
[hydra04:388691] [ 7] /opt/mpi/openmpi-4.1.4//lib/libmpi.so.40(ompi_group_allocate+0x17)[0x7f7fce91a1e7]
[hydra12:353037] [ 8] /opt/mpi/openmpi-4.1.4//lib/libmpi.so.40(ompi_group_incl_plist+0x65)[0x7f7882758915]
[hydra03:389910] [ 5] /lib/x86_64-linux-gnu/libc.so.6(+0x8483c)[0x7f1628b6d83c]
[hydra05:372613] [ 8] /opt/mpi/openmpi-4.1.4//lib/libmpi.so.40(ompi_group_incl_plist+0x65)[0x7f9b6c5cd915]
[hydra04:388691] [ 8] /opt/mpi/openmpi-4.1.4//lib/libmpi.so.40(ompi_group_incl_plist+0x65)[0x7f7fce91a915]
[hydra12:353037] [ 9] /opt/mpi/openmpi-4.1.4//lib/libmpi.so.40(PMPI_Group_incl+0x95)[0x7f7882789185]
[hydra03:389910] [ 6] /lib/x86_64-linux-gnu/libc.so.6(__libc_calloc+0x81)[0x7f1628b6fbd1]
[hydra05:372613] [ 9] /opt/mpi/openmpi-4.1.4//lib/libmpi.so.40(PMPI_Group_incl+0x95)[0x7f9b6c5fe185]
[hydra05:372613] [10] /home/thesis/jheld/MPI_Syrk_implementation/build/src/MPI_SYRK_implementation(+0x841a)[0x5631a6c8441a]
[hydra04:388691] [ 9] /opt/mpi/openmpi-4.1.4//lib/libmpi.so.40(PMPI_Group_incl+0x95)[0x7f7fce94b185]
[hydra12:353037] [10] /home/thesis/jheld/MPI_Syrk_implementation/build/src/MPI_SYRK_implementation(+0x841a)[0x5569cc7de41a]
[hydra03:389910] [ 7] /opt/mpi/openmpi-4.1.4//lib/libmpi.so.40(ompi_group_allocate+0x17)[0x7f162aa3d1e7]
[hydra05:372613] [11] /home/thesis/jheld/MPI_Syrk_implementation/build/src/MPI_SYRK_implementation(+0x2ab0)[0x5631a6c7eab0]
[hydra04:388691] [10] /home/thesis/jheld/MPI_Syrk_implementation/build/src/MPI_SYRK_implementation(+0x841a)[0x563331c7841a]
[hydra04:388691] [11] /home/thesis/jheld/MPI_Syrk_implementation/build/src/MPI_SYRK_implementation(+0x2ab0)[0x563331c72ab0]
[hydra12:353037] [11] /home/thesis/jheld/MPI_Syrk_implementation/build/src/MPI_SYRK_implementation(+0x2ab0)[0x5569cc7d8ab0]
malloc(): invalid size (unsorted)
[hydra07:399691] *** Process received signal ***
[hydra07:399691] Signal: Aborted (6)
[hydra07:399691] Signal code:  (-6)
[hydra03:389910] [ 8] /opt/mpi/openmpi-4.1.4//lib/libmpi.so.40(ompi_group_incl_plist+0x65)[0x7f162aa3d915]
[hydra05:372613] [12] /lib/x86_64-linux-gnu/libc.so.6(__libc_start_main+0xea)[0x7f9b6a69cd7a]
[hydra05:372613] [13] /home/thesis/jheld/MPI_Syrk_implementation/build/src/MPI_SYRK_implementation(+0x232a)[0x5631a6c7e32a]
[hydra04:388691] [12] /lib/x86_64-linux-gnu/libc.so.6(__libc_start_main+0xea)[0x7f7fcc9e9d7a]
[hydra04:388691] [13] /home/thesis/jheld/MPI_Syrk_implementation/build/src/MPI_SYRK_implementation(+0x232a)[0x563331c7232a]
[hydra12:353037] [12] /lib/x86_64-linux-gnu/libc.so.6(__libc_start_main+0xea)[0x7f7880827d7a]
[hydra03:389910] [ 9] /opt/mpi/openmpi-4.1.4//lib/libmpi.so.40(PMPI_Group_incl+0x95)[0x7f162aa6e185]
[hydra05:372613] *** End of error message ***
[hydra04:388691] *** End of error message ***
[hydra12:353037] [13] /home/thesis/jheld/MPI_Syrk_implementation/build/src/MPI_SYRK_implementation(+0x232a)[0x5569cc7d832a]
[hydra12:353037] *** End of error message ***
[hydra03:389910] [10] /home/thesis/jheld/MPI_Syrk_implementation/build/src/MPI_SYRK_implementation(+0x841a)[0x56238ba3841a]
[hydra03:389910] [11] /home/thesis/jheld/MPI_Syrk_implementation/build/src/MPI_SYRK_implementation(+0x2ab0)[0x56238ba32ab0]
[hydra03:389910] [12] /lib/x86_64-linux-gnu/libc.so.6(__libc_start_main+0xea)[0x7f1628b0cd7a]
[hydra03:389910] [13] /home/thesis/jheld/MPI_Syrk_implementation/build/src/MPI_SYRK_implementation(+0x232a)[0x56238ba3232a]
[hydra03:389910] *** End of error message ***
malloc(): invalid size (unsorted)
[hydra02:558466] Signal: Aborted (6)
[hydra02:558466] Signal code:  (-6)
[hydra02:558466] [ 0] /lib/x86_64-linux-gnu/libc.so.6(+0x38de0)[0x7fa1b0e4fde0]
[hydra02:558466] [ 1] /lib/x86_64-linux-gnu/libc.so.6(gsignal+0x141)[0x7fa1b0e4fd61]
[hydra02:558466] [ 2] /lib/x86_64-linux-gnu/libc.so.6(abort+0x123)[0x7fa1b0e39537]
[hydra02:558466] [ 3] /lib/x86_64-linux-gnu/libc.so.6(+0x7a468)[0x7fa1b0e91468]
[hydra02:558466] [ 4] /lib/x86_64-linux-gnu/libc.so.6(+0x8175a)[0x7fa1b0e9875a]
[hydra02:558466] [ 5] /lib/x86_64-linux-gnu/libc.so.6(+0x8483c)[0x7fa1b0e9b83c]
[hydra02:558466] [ 6] /lib/x86_64-linux-gnu/libc.so.6(__libc_calloc+0x81)[0x7fa1b0e9dbd1]
[hydra02:558466] [ 7] /opt/mpi/openmpi-4.1.4//lib/libmpi.so.40(ompi_group_allocate+0x17)[0x7fa1b2d6b1e7]
[hydra02:558466] [ 8] /opt/mpi/openmpi-4.1.4//lib/libmpi.so.40(ompi_group_incl_plist+0x65)[0x7fa1b2d6b915]
[hydra02:558466] [ 9] /opt/mpi/openmpi-4.1.4//lib/libmpi.so.40(PMPI_Group_incl+0x95)[0x7fa1b2d9c185]
[hydra02:558466] [10] /home/thesis/jheld/MPI_Syrk_implementation/build/src/MPI_SYRK_implementation(+0x841a)[0x55dd2e5ba41a]
[hydra02:558466] [11] /home/thesis/jheld/MPI_Syrk_implementation/build/src/MPI_SYRK_implementation(+0x2ab0)[0x55dd2e5b4ab0]
[hydra02:558466] [12] /lib/x86_64-linux-gnu/libc.so.6(__libc_start_main+0xea)[0x7fa1b0e3ad7a]
[hydra02:558466] [13] /home/thesis/jheld/MPI_Syrk_implementation/build/src/MPI_SYRK_implementation(+0x232a)[0x55dd2e5b432a]
[hydra02:558466] *** End of error message ***
[hydra06:373313] Signal: Aborted (6)
[hydra06:373313] Signal code:  (-6)
[hydra06:373313] [ 0] /lib/x86_64-linux-gnu/libc.so.6(+0x38de0)[0x7f4fdbd49de0]
[hydra06:373313] [ 1] /lib/x86_64-linux-gnu/libc.so.6(gsignal+0x141)[0x7f4fdbd49d61]
[hydra06:373313] [ 2] /lib/x86_64-linux-gnu/libc.so.6(abort+0x123)[0x7f4fdbd33537]
[hydra06:373313] [ 3] /lib/x86_64-linux-gnu/libc.so.6(+0x7a468)[0x7f4fdbd8b468]
[hydra06:373313] [ 4] /lib/x86_64-linux-gnu/libc.so.6(+0x8175a)[0x7f4fdbd9275a]
[hydra06:373313] [ 5] /lib/x86_64-linux-gnu/libc.so.6(+0x8483c)[0x7f4fdbd9583c]
[hydra06:373313] [ 6] /lib/x86_64-linux-gnu/libc.so.6(__libc_calloc+0x81)[0x7f4fdbd97bd1]
[hydra06:373313] [ 7] /opt/mpi/openmpi-4.1.4//lib/libmpi.so.40(ompi_group_allocate+0x17)[0x7f4fddc651e7]
[hydra06:373313] [ 8] /opt/mpi/openmpi-4.1.4//lib/libmpi.so.40(ompi_group_incl_plist+0x65)[0x7f4fddc65915]
[hydra07:399691] [ 0] /lib/x86_64-linux-gnu/libc.so.6(+0x38de0)[0x7fa55b14ade0]
[hydra06:373313] [ 9] /opt/mpi/openmpi-4.1.4//lib/libmpi.so.40(PMPI_Group_incl+0x95)[0x7f4fddc96185]
[hydra07:399691] [ 1] /lib/x86_64-linux-gnu/libc.so.6(gsignal+0x141)[0x7fa55b14ad61]
[hydra06:373313] [10] /home/thesis/jheld/MPI_Syrk_implementation/build/src/MPI_SYRK_implementation(+0x841a)[0x5593e514d41a]
[hydra06:373313] [11] /home/thesis/jheld/MPI_Syrk_implementation/build/src/MPI_SYRK_implementation(+0x2ab0)[0x5593e5147ab0]
[hydra07:399691] [ 2] /lib/x86_64-linux-gnu/libc.so.6(abort+0x123)[0x7fa55b134537]
[hydra07:399691] [ 3] /lib/x86_64-linux-gnu/libc.so.6(+0x7a468)[0x7fa55b18c468]
[hydra07:399691] [ 4] /lib/x86_64-linux-gnu/libc.so.6(+0x8175a)[0x7fa55b19375a]
[hydra07:399691] [ 5] /lib/x86_64-linux-gnu/libc.so.6(+0x8483c)[0x7fa55b19683c]
[hydra06:373313] [12] /lib/x86_64-linux-gnu/libc.so.6(__libc_start_main+0xea)[0x7f4fdbd34d7a]
[hydra06:373313] [13] /home/thesis/jheld/MPI_Syrk_implementation/build/src/MPI_SYRK_implementation(+0x232a)[0x5593e514732a]
[hydra07:399691] [ 6] /lib/x86_64-linux-gnu/libc.so.6(__libc_calloc+0x81)[0x7fa55b198bd1]
[hydra06:373313] *** End of error message ***
[hydra07:399691] [ 7] /opt/mpi/openmpi-4.1.4//lib/libmpi.so.40(ompi_group_allocate+0x17)[0x7fa55d0661e7]
[hydra07:399691] [ 8] /opt/mpi/openmpi-4.1.4//lib/libmpi.so.40(ompi_group_incl_plist+0x65)[0x7fa55d066915]
[hydra07:399691] [ 9] /opt/mpi/openmpi-4.1.4//lib/libmpi.so.40(PMPI_Group_incl+0x95)[0x7fa55d097185]
[hydra07:399691] [10] /home/thesis/jheld/MPI_Syrk_implementation/build/src/MPI_SYRK_implementation(+0x841a)[0x562d0e9bd41a]
[hydra07:399691] [11] /home/thesis/jheld/MPI_Syrk_implementation/build/src/MPI_SYRK_implementation(+0x2ab0)[0x562d0e9b7ab0]
[hydra07:399691] [12] /lib/x86_64-linux-gnu/libc.so.6(__libc_start_main+0xea)[0x7fa55b135d7a]
[hydra07:399691] [13] /home/thesis/jheld/MPI_Syrk_implementation/build/src/MPI_SYRK_implementation(+0x232a)[0x562d0e9b732a]
malloc(): invalid size (unsorted)
[hydra07:399691] *** End of error message ***
[hydra04:388690] *** Process received signal ***
[hydra04:388690] Signal: Aborted (6)
[hydra04:388690] Signal code:  (-6)
[hydra04:388690] [ 0] /lib/x86_64-linux-gnu/libc.so.6(+0x38de0)[0x7f5e01487de0]
[hydra04:388690] [ 1] /lib/x86_64-linux-gnu/libc.so.6(gsignal+0x141)[0x7f5e01487d61]
malloc(): invalid size (unsorted)
[hydra04:388690] [ 2] /lib/x86_64-linux-gnu/libc.so.6(abort+0x123)[0x7f5e01471537]
[hydra05:372612] *** Process received signal ***
[hydra04:388690] [ 3] /lib/x86_64-linux-gnu/libc.so.6(+0x7a468)[0x7f5e014c9468]
[hydra05:372612] Signal: Aborted (6)
[hydra05:372612] Signal code:  (-6)
[hydra04:388690] [ 4] /lib/x86_64-linux-gnu/libc.so.6(+0x8175a)[0x7f5e014d075a]
[hydra05:372612] [ 0] /lib/x86_64-linux-gnu/libc.so.6(+0x38de0)[0x7f7793efede0]
[hydra04:388690] [ 5] /lib/x86_64-linux-gnu/libc.so.6(+0x8483c)[0x7f5e014d383c]
[hydra05:372612] [ 1] /lib/x86_64-linux-gnu/libc.so.6(gsignal+0x141)[0x7f7793efed61]
[hydra04:388690] [ 6] /lib/x86_64-linux-gnu/libc.so.6(__libc_calloc+0x81)[0x7f5e014d5bd1]
[hydra05:372612] [ 2] /lib/x86_64-linux-gnu/libc.so.6(abort+0x123)[0x7f7793ee8537]
[hydra04:388690] [ 7] /opt/mpi/openmpi-4.1.4//lib/libmpi.so.40(ompi_group_allocate+0x17)[0x7f5e033a31e7]
[hydra05:372612] [ 3] /lib/x86_64-linux-gnu/libc.so.6(+0x7a468)[0x7f7793f40468]
[hydra04:388690] [ 8] /opt/mpi/openmpi-4.1.4//lib/libmpi.so.40(ompi_group_incl_plist+0x65)[0x7f5e033a3915]
[hydra05:372612] [ 4] /lib/x86_64-linux-gnu/libc.so.6(+0x8175a)[0x7f7793f4775a]
[hydra04:388690] [ 9] /opt/mpi/openmpi-4.1.4//lib/libmpi.so.40(PMPI_Group_incl+0x95)[0x7f5e033d4185]
[hydra05:372612] [ 5] /lib/x86_64-linux-gnu/libc.so.6(+0x8483c)[0x7f7793f4a83c]
[hydra04:388690] [10] /home/thesis/jheld/MPI_Syrk_implementation/build/src/MPI_SYRK_implementation(+0x841a)[0x55600494a41a]
[hydra04:388690] [11] /home/thesis/jheld/MPI_Syrk_implementation/build/src/MPI_SYRK_implementation(+0x2ab0)[0x556004944ab0]
[hydra09:366296] *** Process received signal ***
[hydra09:366296] Signal: Aborted (6)
[hydra09:366296] Signal code:  (-6)
[hydra05:372612] [ 6] /lib/x86_64-linux-gnu/libc.so.6(__libc_calloc+0x81)[0x7f7793f4cbd1]
[hydra04:388690] [12] /lib/x86_64-linux-gnu/libc.so.6(__libc_start_main+0xea)[0x7f5e01472d7a]
[hydra04:388690] [13] /home/thesis/jheld/MPI_Syrk_implementation/build/src/MPI_SYRK_implementation(+0x232a)[0x55600494432a]
[hydra09:366296] [ 0] /lib/x86_64-linux-gnu/libc.so.6(+0x38de0)[0x7ffade198de0]
[hydra05:372612] [ 7] /opt/mpi/openmpi-4.1.4//lib/libmpi.so.40(ompi_group_allocate+0x17)[0x7f7795e1a1e7]
[hydra04:388690] *** End of error message ***
[hydra09:366296] [ 1] /lib/x86_64-linux-gnu/libc.so.6(gsignal+0x141)[0x7ffade198d61]
[hydra05:372612] [ 8] /opt/mpi/openmpi-4.1.4//lib/libmpi.so.40(ompi_group_incl_plist+0x65)[0x7f7795e1a915]
[hydra09:366296] [ 2] /lib/x86_64-linux-gnu/libc.so.6(abort+0x123)[0x7ffade182537]
[hydra05:372612] [ 9] /opt/mpi/openmpi-4.1.4//lib/libmpi.so.40(PMPI_Group_incl+0x95)[0x7f7795e4b185]
[hydra09:366296] [ 3] /lib/x86_64-linux-gnu/libc.so.6(+0x7a468)[0x7ffade1da468]
[hydra05:372612] [10] /home/thesis/jheld/MPI_Syrk_implementation/build/src/MPI_SYRK_implementation(+0x841a)[0x55b74562b41a]
[hydra09:366296] [ 4] /lib/x86_64-linux-gnu/libc.so.6(+0x8175a)[0x7ffade1e175a]
[hydra05:372612] [11] /home/thesis/jheld/MPI_Syrk_implementation/build/src/MPI_SYRK_implementation(+0x2ab0)[0x55b745625ab0]
[hydra09:366296] [ 5] /lib/x86_64-linux-gnu/libc.so.6(+0x8483c)[0x7ffade1e483c]
[hydra05:372612] [12] /lib/x86_64-linux-gnu/libc.so.6(__libc_start_main+0xea)[0x7f7793ee9d7a]
malloc(): invalid size (unsorted)
[hydra10:483994] *** Process received signal ***
[hydra09:366296] [ 6] /lib/x86_64-linux-gnu/libc.so.6(__libc_calloc+0x81)[0x7ffade1e6bd1]
[hydra05:372612] [13] /home/thesis/jheld/MPI_Syrk_implementation/build/src/MPI_SYRK_implementation(+0x232a)[0x55b74562532a]
[hydra05:372612] *** End of error message ***
[hydra09:366296] [ 7] /opt/mpi/openmpi-4.1.4//lib/libmpi.so.40(ompi_group_allocate+0x17)[0x7ffae00b41e7]
[hydra09:366296] [ 8] /opt/mpi/openmpi-4.1.4//lib/libmpi.so.40(ompi_group_incl_plist+0x65)[0x7ffae00b4915]
[hydra09:366296] [ 9] /opt/mpi/openmpi-4.1.4//lib/libmpi.so.40(PMPI_Group_incl+0x95)[0x7ffae00e5185]
[hydra09:366296] [10] /home/thesis/jheld/MPI_Syrk_implementation/build/src/MPI_SYRK_implementation(+0x841a)[0x560b1e80341a]
[hydra09:366296] [11] /home/thesis/jheld/MPI_Syrk_implementation/build/src/MPI_SYRK_implementation(+0x2ab0)[0x560b1e7fdab0]
[hydra09:366296] [12] /lib/x86_64-linux-gnu/libc.so.6(__libc_start_main+0xea)[0x7ffade183d7a]
[hydra09:366296] [13] /home/thesis/jheld/MPI_Syrk_implementation/build/src/MPI_SYRK_implementation(+0x232a)[0x560b1e7fd32a]
[hydra09:366296] *** End of error message ***
malloc(): invalid size (unsorted)
[hydra08:374968] *** Process received signal ***
malloc(): invalid size (unsorted)
[hydra11:353012] *** Process received signal ***
[hydra10:483994] Signal: Aborted (6)
[hydra10:483994] Signal code:  (-6)
[hydra10:483994] [ 0] /lib/x86_64-linux-gnu/libc.so.6(+0x38de0)[0x7f50afa94de0]
[hydra10:483994] [ 1] /lib/x86_64-linux-gnu/libc.so.6(gsignal+0x141)[0x7f50afa94d61]
[hydra10:483994] [ 2] /lib/x86_64-linux-gnu/libc.so.6(abort+0x123)[0x7f50afa7e537]
[hydra10:483994] [ 3] /lib/x86_64-linux-gnu/libc.so.6(+0x7a468)[0x7f50afad6468]
[hydra10:483994] [ 4] /lib/x86_64-linux-gnu/libc.so.6(+0x8175a)[0x7f50afadd75a]
[hydra10:483994] [ 5] /lib/x86_64-linux-gnu/libc.so.6(+0x8483c)[0x7f50afae083c]
[hydra10:483994] [ 6] /lib/x86_64-linux-gnu/libc.so.6(__libc_calloc+0x81)[0x7f50afae2bd1]
[hydra10:483994] [ 7] /opt/mpi/openmpi-4.1.4//lib/libmpi.so.40(ompi_group_allocate+0x17)[0x7f50b19b01e7]
[hydra10:483994] [ 8] /opt/mpi/openmpi-4.1.4//lib/libmpi.so.40(ompi_group_incl_plist+0x65)[0x7f50b19b0915]
[hydra10:483994] [ 9] /opt/mpi/openmpi-4.1.4//lib/libmpi.so.40(PMPI_Group_incl+0x95)[0x7f50b19e1185]
[hydra10:483994] [10] /home/thesis/jheld/MPI_Syrk_implementation/build/src/MPI_SYRK_implementation(+0x841a)[0x55cf7fb0341a]
[hydra10:483994] [11] /home/thesis/jheld/MPI_Syrk_implementation/build/src/MPI_SYRK_implementation(+0x2ab0)[0x55cf7fafdab0]
[hydra10:483994] [12] /lib/x86_64-linux-gnu/libc.so.6(__libc_start_main+0xea)[0x7f50afa7fd7a]
[hydra10:483994] [13] /home/thesis/jheld/MPI_Syrk_implementation/build/src/MPI_SYRK_implementation(+0x232a)[0x55cf7fafd32a]
[hydra10:483994] *** End of error message ***
malloc(): invalid size (unsorted)
[hydra07:399693] *** Process received signal ***
[hydra07:399693] Signal: Aborted (6)
[hydra07:399693] Signal code:  (-6)
[hydra07:399693] [ 0] /lib/x86_64-linux-gnu/libc.so.6(+0x38de0)[0x7f90fa587de0]
[hydra07:399693] [ 1] /lib/x86_64-linux-gnu/libc.so.6(gsignal+0x141)[0x7f90fa587d61]
[hydra07:399693] [ 2] /lib/x86_64-linux-gnu/libc.so.6(abort+0x123)[0x7f90fa571537]
[hydra07:399693] [ 3] /lib/x86_64-linux-gnu/libc.so.6(+0x7a468)[0x7f90fa5c9468]
[hydra07:399693] [ 4] /lib/x86_64-linux-gnu/libc.so.6(+0x8175a)[0x7f90fa5d075a]
[hydra07:399693] [ 5] /lib/x86_64-linux-gnu/libc.so.6(+0x8483c)[0x7f90fa5d383c]
[hydra07:399693] [ 6] /lib/x86_64-linux-gnu/libc.so.6(__libc_calloc+0x81)[0x7f90fa5d5bd1]
[hydra08:374968] Signal: Aborted (6)
[hydra08:374968] Signal code:  (-6)
[hydra07:399693] [ 7] /opt/mpi/openmpi-4.1.4//lib/libmpi.so.40(ompi_group_allocate+0x17)[0x7f90fc4a31e7]
[hydra08:374968] [ 0] /lib/x86_64-linux-gnu/libc.so.6(+0x38de0)[0x7f30c3ed0de0]
[hydra07:399693] [ 8] /opt/mpi/openmpi-4.1.4//lib/libmpi.so.40(ompi_group_incl_plist+0x65)[0x7f90fc4a3915]
[hydra08:374968] [ 1] /lib/x86_64-linux-gnu/libc.so.6(gsignal+0x141)[0x7f30c3ed0d61]
[hydra07:399693] [ 9] /opt/mpi/openmpi-4.1.4//lib/libmpi.so.40(PMPI_Group_incl+0x95)[0x7f90fc4d4185]
[hydra07:399693] [10] /home/thesis/jheld/MPI_Syrk_implementation/build/src/MPI_SYRK_implementation(+0x841a)[0x562bbd0af41a]
[hydra08:374968] [ 2] /lib/x86_64-linux-gnu/libc.so.6(abort+0x123)[0x7f30c3eba537]
[hydra07:399693] [11] /home/thesis/jheld/MPI_Syrk_implementation/build/src/MPI_SYRK_implementation(+0x2ab0)[0x562bbd0a9ab0]
[hydra08:374968] [ 3] /lib/x86_64-linux-gnu/libc.so.6(+0x7a468)[0x7f30c3f12468]
[hydra08:374968] [ 4] /lib/x86_64-linux-gnu/libc.so.6(+0x8175a)[0x7f30c3f1975a]
[hydra08:374968] [ 5] /lib/x86_64-linux-gnu/libc.so.6(+0x8483c)[0x7f30c3f1c83c]
[hydra07:399693] [12] /lib/x86_64-linux-gnu/libc.so.6(__libc_start_main+0xea)[0x7f90fa572d7a]
[hydra07:399693] [13] /home/thesis/jheld/MPI_Syrk_implementation/build/src/MPI_SYRK_implementation(+0x232a)[0x562bbd0a932a]
[hydra08:374968] [ 6] /lib/x86_64-linux-gnu/libc.so.6(__libc_calloc+0x81)[0x7f30c3f1ebd1]
[hydra07:399693] *** End of error message ***
[hydra08:374968] [ 7] /opt/mpi/openmpi-4.1.4//lib/libmpi.so.40(ompi_group_allocate+0x17)[0x7f30c5dec1e7]
[hydra08:374968] [ 8] /opt/mpi/openmpi-4.1.4//lib/libmpi.so.40(ompi_group_incl_plist+0x65)[0x7f30c5dec915]
[hydra08:374968] [ 9] /opt/mpi/openmpi-4.1.4//lib/libmpi.so.40(PMPI_Group_incl+0x95)[0x7f30c5e1d185]
[hydra08:374968] [10] /home/thesis/jheld/MPI_Syrk_implementation/build/src/MPI_SYRK_implementation(+0x841a)[0x55a503e4441a]
[hydra08:374968] [11] /home/thesis/jheld/MPI_Syrk_implementation/build/src/MPI_SYRK_implementation(+0x2ab0)[0x55a503e3eab0]
[hydra08:374968] [12] /lib/x86_64-linux-gnu/libc.so.6(__libc_start_main+0xea)[0x7f30c3ebbd7a]
[hydra08:374968] [13] /home/thesis/jheld/MPI_Syrk_implementation/build/src/MPI_SYRK_implementation(+0x232a)[0x55a503e3e32a]
[hydra08:374968] *** End of error message ***
[hydra11:353012] Signal: Aborted (6)
[hydra11:353012] Signal code:  (-6)
[hydra11:353012] [ 0] /lib/x86_64-linux-gnu/libc.so.6(+0x38de0)[0x7f22eaea4de0]
[hydra11:353012] [ 1] /lib/x86_64-linux-gnu/libc.so.6(gsignal+0x141)[0x7f22eaea4d61]
[hydra11:353012] [ 2] /lib/x86_64-linux-gnu/libc.so.6(abort+0x123)[0x7f22eae8e537]
[hydra11:353012] [ 3] /lib/x86_64-linux-gnu/libc.so.6(+0x7a468)[0x7f22eaee6468]
[hydra11:353012] [ 4] /lib/x86_64-linux-gnu/libc.so.6(+0x8175a)[0x7f22eaeed75a]
[hydra11:353012] [ 5] /lib/x86_64-linux-gnu/libc.so.6(+0x8483c)[0x7f22eaef083c]
[hydra11:353012] [ 6] /lib/x86_64-linux-gnu/libc.so.6(__libc_calloc+0x81)[0x7f22eaef2bd1]
[hydra11:353012] [ 7] /opt/mpi/openmpi-4.1.4//lib/libmpi.so.40(ompi_group_allocate+0x17)[0x7f22ecdc01e7]
[hydra11:353012] [ 8] /opt/mpi/openmpi-4.1.4//lib/libmpi.so.40(ompi_group_incl_plist+0x65)[0x7f22ecdc0915]
[hydra11:353012] [ 9] /opt/mpi/openmpi-4.1.4//lib/libmpi.so.40(PMPI_Group_incl+0x95)[0x7f22ecdf1185]
[hydra11:353012] [10] /home/thesis/jheld/MPI_Syrk_implementation/build/src/MPI_SYRK_implementation(+0x841a)[0x5565fe15f41a]
[hydra11:353012] [11] /home/thesis/jheld/MPI_Syrk_implementation/build/src/MPI_SYRK_implementation(+0x2ab0)[0x5565fe159ab0]
[hydra11:353012] [12] /lib/x86_64-linux-gnu/libc.so.6(__libc_start_main+0xea)[0x7f22eae8fd7a]
[hydra11:353012] [13] /home/thesis/jheld/MPI_Syrk_implementation/build/src/MPI_SYRK_implementation(+0x232a)[0x5565fe15932a]
[hydra11:353012] *** End of error message ***
srun: error: hydra11: task 30: Aborted
srun: error: hydra03: task 7: Aborted
srun: error: hydra10: task 29: Aborted
srun: error: hydra02: task 3: Aborted
srun: error: hydra06: task 17: Aborted
srun: error: hydra09: task 25: Aborted
srun: error: hydra12: tasks 33-34: Aborted
srun: error: hydra08: task 23: Aborted
srun: error: hydra05: tasks 13-14: Aborted
srun: error: hydra07: tasks 18,20: Aborted
srun: error: hydra04: tasks 9-10: Aborted
slurmstepd: error:  mpi/pmix_v4: _errhandler: hydra03 [2]: pmixp_client_v2.c:211: Error handler invoked: status = -61, source = [slurm.pmix.5008690.2:7]
slurmstepd: error:  mpi/pmix_v4: _errhandler: hydra02 [1]: pmixp_client_v2.c:211: Error handler invoked: status = -61, source = [slurm.pmix.5008690.2:3]
slurmstepd: error:  mpi/pmix_v4: _errhandler: hydra06 [5]: pmixp_client_v2.c:211: Error handler invoked: status = -61, source = [slurm.pmix.5008690.2:17]
slurmstepd: error:  mpi/pmix_v4: _errhandler: hydra09 [8]: pmixp_client_v2.c:211: Error handler invoked: status = -61, source = [slurm.pmix.5008690.2:25]
slurmstepd: error:  mpi/pmix_v4: _errhandler: hydra12 [11]: pmixp_client_v2.c:211: Error handler invoked: status = -61, source = [slurm.pmix.5008690.2:34]
slurmstepd: error:  mpi/pmix_v4: _errhandler: hydra05 [4]: pmixp_client_v2.c:211: Error handler invoked: status = -61, source = [slurm.pmix.5008690.2:14]
slurmstepd: error:  mpi/pmix_v4: _errhandler: hydra10 [9]: pmixp_client_v2.c:211: Error handler invoked: status = -61, source = [slurm.pmix.5008690.2:29]
slurmstepd: error:  mpi/pmix_v4: _errhandler: hydra04 [3]: pmixp_client_v2.c:211: Error handler invoked: status = -61, source = [slurm.pmix.5008690.2:10]
slurmstepd: error:  mpi/pmix_v4: _errhandler: hydra08 [7]: pmixp_client_v2.c:211: Error handler invoked: status = -61, source = [slurm.pmix.5008690.2:23]
slurmstepd: error:  mpi/pmix_v4: _errhandler: hydra11 [10]: pmixp_client_v2.c:211: Error handler invoked: status = -61, source = [slurm.pmix.5008690.2:30]
slurmstepd: error:  mpi/pmix_v4: _errhandler: hydra07 [6]: pmixp_client_v2.c:211: Error handler invoked: status = -61, source = [slurm.pmix.5008690.2:18]
slurmstepd: error: *** STEP 5008690.2 ON hydra01 CANCELLED AT 2025-10-13T15:24:21 ***
srun: Job step aborted: Waiting up to 32 seconds for job step to finish.
srun: error: hydra07: task 19: Killed
srun: error: hydra04: task 11: Killed
srun: error: hydra05: task 12: Killed
srun: error: hydra12: task 35: Killed
srun: error: hydra02: tasks 4-5: Killed
srun: error: hydra10: tasks 27-28: Killed
srun: error: hydra03: tasks 6,8: Killed
srun: error: hydra11: tasks 31-32: Killed
srun: error: hydra08: tasks 21-22: Killed
srun: error: hydra06: tasks 15-16: Killed
srun: error: hydra09: tasks 24,26: Killed
srun: error: hydra01: tasks 0-2: Killed
⚠️ Warning: No runtime found for run 3
srun: Warning: can't honor --ntasks-per-node set to 1 which doesn't match the requested tasks 36 with the number of requested nodes 12. Ignoring --ntasks-per-node.
missing input file name --> Generate random input
malloc(): invalid size (unsorted)
malloc(): invalid size (unsorted)
[hydra12:353110] *** Process received signal ***
[hydra12:353110] Signal: Aborted (6)
[hydra12:353110] Signal code:  (-6)
[hydra12:353110] [ 0] /lib/x86_64-linux-gnu/libc.so.6(+0x38de0)[0x7f6498ccede0]
[hydra12:353110] [ 1] /lib/x86_64-linux-gnu/libc.so.6(gsignal+0x141)[0x7f6498cced61]
[hydra12:353110] [ 2] /lib/x86_64-linux-gnu/libc.so.6(abort+0x123)[0x7f6498cb8537]
[hydra12:353110] [ 3] /lib/x86_64-linux-gnu/libc.so.6(+0x7a468)[0x7f6498d10468]
[hydra12:353110] [ 4] /lib/x86_64-linux-gnu/libc.so.6(+0x8175a)[0x7f6498d1775a]
[hydra12:353110] [ 5] /lib/x86_64-linux-gnu/libc.so.6(+0x8483c)[0x7f6498d1a83c]
malloc(): invalid size (unsorted)
[hydra05:372683] *** Process received signal ***
[hydra12:353110] [ 6] /lib/x86_64-linux-gnu/libc.so.6(__libc_calloc+0x81)[0x7f6498d1cbd1]
[hydra12:353110] [ 7] /opt/mpi/openmpi-4.1.4//lib/libmpi.so.40(ompi_group_allocate+0x17)[0x7f649abea1e7]
[hydra12:353110] [ 8] /opt/mpi/openmpi-4.1.4//lib/libmpi.so.40(ompi_group_incl_plist+0x65)[0x7f649abea915]
[hydra12:353110] [ 9] /opt/mpi/openmpi-4.1.4//lib/libmpi.so.40(PMPI_Group_incl+0x95)[0x7f649ac1b185]
[hydra12:353110] [10] /home/thesis/jheld/MPI_Syrk_implementation/build/src/MPI_SYRK_implementation(+0x841a)[0x56028bc0041a]
[hydra12:353110] [11] /home/thesis/jheld/MPI_Syrk_implementation/build/src/MPI_SYRK_implementation(+0x2ab0)[0x56028bbfaab0]
[hydra12:353110] [12] /lib/x86_64-linux-gnu/libc.so.6(__libc_start_main+0xea)[0x7f6498cb9d7a]
[hydra12:353110] [13] /home/thesis/jheld/MPI_Syrk_implementation/build/src/MPI_SYRK_implementation(+0x232a)[0x56028bbfa32a]
[hydra12:353110] *** End of error message ***
[hydra02:558551] *** Process received signal ***
[hydra02:558551] Signal: Aborted (6)
[hydra02:558551] Signal code:  (-6)
[hydra02:558551] [ 0] /lib/x86_64-linux-gnu/libc.so.6(+0x38de0)[0x7fbd272bede0]
malloc(): invalid size (unsorted)
[hydra04:388760] *** Process received signal ***
[hydra02:558551] [ 1] /lib/x86_64-linux-gnu/libc.so.6(gsignal+0x141)[0x7fbd272bed61]
[hydra02:558551] [ 2] /lib/x86_64-linux-gnu/libc.so.6(abort+0x123)[0x7fbd272a8537]
[hydra02:558551] [ 3] /lib/x86_64-linux-gnu/libc.so.6(+0x7a468)[0x7fbd27300468]
[hydra02:558551] [ 4] /lib/x86_64-linux-gnu/libc.so.6(+0x8175a)[0x7fbd2730775a]
[hydra02:558551] [ 5] /lib/x86_64-linux-gnu/libc.so.6(+0x8483c)[0x7fbd2730a83c]
[hydra02:558551] [ 6] /lib/x86_64-linux-gnu/libc.so.6(__libc_calloc+0x81)[0x7fbd2730cbd1]
[hydra02:558551] [ 7] /opt/mpi/openmpi-4.1.4//lib/libmpi.so.40(ompi_group_allocate+0x17)[0x7fbd291da1e7]
[hydra02:558551] [ 8] /opt/mpi/openmpi-4.1.4//lib/libmpi.so.40(ompi_group_incl_plist+0x65)[0x7fbd291da915]
[hydra02:558551] [ 9] /opt/mpi/openmpi-4.1.4//lib/libmpi.so.40(PMPI_Group_incl+0x95)[0x7fbd2920b185]
[hydra02:558551] [10] /home/thesis/jheld/MPI_Syrk_implementation/build/src/MPI_SYRK_implementation(+0x841a)[0x5654f48e641a]
[hydra02:558551] [11] /home/thesis/jheld/MPI_Syrk_implementation/build/src/MPI_SYRK_implementation(+0x2ab0)[0x5654f48e0ab0]
[hydra02:558551] [12] /lib/x86_64-linux-gnu/libc.so.6(__libc_start_main+0xea)[0x7fbd272a9d7a]
[hydra02:558551] [13] /home/thesis/jheld/MPI_Syrk_implementation/build/src/MPI_SYRK_implementation(+0x232a)[0x5654f48e032a]
[hydra02:558551] *** End of error message ***
[hydra05:372683] Signal: Aborted (6)
[hydra05:372683] Signal code:  (-6)
[hydra05:372683] [ 0] /lib/x86_64-linux-gnu/libc.so.6(+0x38de0)[0x7f4ec5a1ede0]
[hydra05:372683] [ 1] /lib/x86_64-linux-gnu/libc.so.6(gsignal+0x141)[0x7f4ec5a1ed61]
[hydra05:372683] [ 2] /lib/x86_64-linux-gnu/libc.so.6(abort+0x123)[0x7f4ec5a08537]
[hydra05:372683] [ 3] /lib/x86_64-linux-gnu/libc.so.6(+0x7a468)[0x7f4ec5a60468]
[hydra05:372683] [ 4] /lib/x86_64-linux-gnu/libc.so.6(+0x8175a)[0x7f4ec5a6775a]
[hydra05:372683] [ 5] /lib/x86_64-linux-gnu/libc.so.6(+0x8483c)[0x7f4ec5a6a83c]
[hydra05:372683] [ 6] /lib/x86_64-linux-gnu/libc.so.6(__libc_calloc+0x81)[0x7f4ec5a6cbd1]
[hydra05:372683] [ 7] /opt/mpi/openmpi-4.1.4//lib/libmpi.so.40(ompi_group_allocate+0x17)[0x7f4ec793a1e7]
[hydra05:372683] [ 8] /opt/mpi/openmpi-4.1.4//lib/libmpi.so.40(ompi_group_incl_plist+0x65)[0x7f4ec793a915]
[hydra04:388760] Signal: Aborted (6)
[hydra04:388760] Signal code:  (-6)
[hydra05:372683] [ 9] /opt/mpi/openmpi-4.1.4//lib/libmpi.so.40(PMPI_Group_incl+0x95)[0x7f4ec796b185]
malloc(): invalid size (unsorted)
[hydra04:388761] *** Process received signal ***
[hydra05:372683] [10] /home/thesis/jheld/MPI_Syrk_implementation/build/src/MPI_SYRK_implementation(+0x841a)[0x55b13615d41a]
[hydra05:372683] [11] /home/thesis/jheld/MPI_Syrk_implementation/build/src/MPI_SYRK_implementation(+0x2ab0)[0x55b136157ab0]
[hydra04:388761] Signal: Aborted (6)
[hydra04:388761] Signal code:  (-6)
[hydra05:372683] [12] /lib/x86_64-linux-gnu/libc.so.6(__libc_start_main+0xea)[0x7f4ec5a09d7a]
[hydra05:372683] [13] /home/thesis/jheld/MPI_Syrk_implementation/build/src/MPI_SYRK_implementation(+0x232a)[0x55b13615732a]
[hydra04:388760] [ 0] /lib/x86_64-linux-gnu/libc.so.6(+0x38de0)[0x7f356c725de0]
[hydra05:372683] *** End of error message ***
[hydra04:388760] [ 1] /lib/x86_64-linux-gnu/libc.so.6(gsignal+0x141)[0x7f356c725d61]
[hydra04:388760] [ 2] /lib/x86_64-linux-gnu/libc.so.6(abort+0x123)[0x7f356c70f537]
[hydra04:388761] [ 0] /lib/x86_64-linux-gnu/libc.so.6(+0x38de0)[0x7fe2a7b93de0]
[hydra04:388761] [ 1] /lib/x86_64-linux-gnu/libc.so.6(gsignal+0x141)[0x7fe2a7b93d61]
[hydra04:388760] [ 3] /lib/x86_64-linux-gnu/libc.so.6(+0x7a468)[0x7f356c767468]
[hydra04:388761] [ 2] /lib/x86_64-linux-gnu/libc.so.6(abort+0x123)[0x7fe2a7b7d537]
[hydra04:388760] [ 4] /lib/x86_64-linux-gnu/libc.so.6(+0x8175a)[0x7f356c76e75a]
[hydra04:388761] [ 3] /lib/x86_64-linux-gnu/libc.so.6(+0x7a468)[0x7fe2a7bd5468]
[hydra04:388760] [ 5] /lib/x86_64-linux-gnu/libc.so.6(+0x8483c)[0x7f356c77183c]
[hydra04:388760] [ 6] /lib/x86_64-linux-gnu/libc.so.6(__libc_calloc+0x81)[0x7f356c773bd1]
malloc(): invalid size (unsorted)
[hydra04:388761] [ 4] /lib/x86_64-linux-gnu/libc.so.6(+0x8175a)[0x7fe2a7bdc75a]
[hydra04:388760] [ 7] /opt/mpi/openmpi-4.1.4//lib/libmpi.so.40(ompi_group_allocate+0x17)[0x7f356e6411e7]
[hydra04:388761] [ 5] /lib/x86_64-linux-gnu/libc.so.6(+0x8483c)[0x7fe2a7bdf83c]
[hydra04:388760] [ 8] /opt/mpi/openmpi-4.1.4//lib/libmpi.so.40(ompi_group_incl_plist+0x65)[0x7f356e641915]
[hydra04:388761] [ 6] /lib/x86_64-linux-gnu/libc.so.6(__libc_calloc+0x81)[0x7fe2a7be1bd1]
[hydra04:388760] [ 9] /opt/mpi/openmpi-4.1.4//lib/libmpi.so.40(PMPI_Group_incl+0x95)[0x7f356e672185]
[hydra04:388760] [10] /home/thesis/jheld/MPI_Syrk_implementation/build/src/MPI_SYRK_implementation(+0x841a)[0x5596878d441a]
[hydra04:388760] [11] /home/thesis/jheld/MPI_Syrk_implementation/build/src/MPI_SYRK_implementation(+0x2ab0)[0x5596878ceab0]
[hydra04:388761] [ 7] /opt/mpi/openmpi-4.1.4//lib/libmpi.so.40(ompi_group_allocate+0x17)[0x7fe2a9aaf1e7]
[hydra04:388761] [ 8] /opt/mpi/openmpi-4.1.4//lib/libmpi.so.40(ompi_group_incl_plist+0x65)[0x7fe2a9aaf915]
[hydra04:388760] [12] /lib/x86_64-linux-gnu/libc.so.6(__libc_start_main+0xea)[0x7f356c710d7a]
[hydra04:388760] [13] /home/thesis/jheld/MPI_Syrk_implementation/build/src/MPI_SYRK_implementation(+0x232a)[0x5596878ce32a]
[hydra04:388760] *** End of error message ***
[hydra04:388761] [ 9] /opt/mpi/openmpi-4.1.4//lib/libmpi.so.40(PMPI_Group_incl+0x95)[0x7fe2a9ae0185]
[hydra04:388761] [10] /home/thesis/jheld/MPI_Syrk_implementation/build/src/MPI_SYRK_implementation(+0x841a)[0x55c7ea1bf41a]
[hydra04:388761] [11] /home/thesis/jheld/MPI_Syrk_implementation/build/src/MPI_SYRK_implementation(+0x2ab0)[0x55c7ea1b9ab0]
[hydra04:388761] [12] /lib/x86_64-linux-gnu/libc.so.6(__libc_start_main+0xea)[0x7fe2a7b7ed7a]
[hydra04:388761] [13] /home/thesis/jheld/MPI_Syrk_implementation/build/src/MPI_SYRK_implementation(+0x232a)[0x55c7ea1b932a]
[hydra04:388761] *** End of error message ***
malloc(): invalid size (unsorted)
[hydra03:389980] *** Process received signal ***
[hydra03:389980] Signal: Aborted (6)
[hydra03:389980] Signal code:  (-6)
[hydra03:389980] [ 0] /lib/x86_64-linux-gnu/libc.so.6(+0x38de0)[0x7fa9052ddde0]
[hydra03:389980] [ 1] /lib/x86_64-linux-gnu/libc.so.6(gsignal+0x141)[0x7fa9052ddd61]
[hydra03:389980] [ 2] /lib/x86_64-linux-gnu/libc.so.6(abort+0x123)[0x7fa9052c7537]
[hydra03:389980] [ 3] /lib/x86_64-linux-gnu/libc.so.6(+0x7a468)[0x7fa90531f468]
[hydra03:389980] [ 4] /lib/x86_64-linux-gnu/libc.so.6(+0x8175a)[0x7fa90532675a]
[hydra03:389980] [ 5] /lib/x86_64-linux-gnu/libc.so.6(+0x8483c)[0x7fa90532983c]
[hydra03:389980] [ 6] /lib/x86_64-linux-gnu/libc.so.6(__libc_calloc+0x81)[0x7fa90532bbd1]
malloc(): invalid size (unsorted)
[hydra08:375037] *** Process received signal ***
[hydra08:375037] Signal: Aborted (6)
[hydra08:375037] Signal code:  (-6)
[hydra03:389980] [ 7] /opt/mpi/openmpi-4.1.4//lib/libmpi.so.40(ompi_group_allocate+0x17)[0x7fa9071f91e7]
[hydra03:389980] [ 8] /opt/mpi/openmpi-4.1.4//lib/libmpi.so.40(ompi_group_incl_plist+0x65)[0x7fa9071f9915]
[hydra03:389980] [ 9] /opt/mpi/openmpi-4.1.4//lib/libmpi.so.40(PMPI_Group_incl+0x95)[0x7fa90722a185]
[hydra03:389980] [10] /home/thesis/jheld/MPI_Syrk_implementation/build/src/MPI_SYRK_implementation(+0x841a)[0x555b4497541a]
[hydra03:389980] [11] /home/thesis/jheld/MPI_Syrk_implementation/build/src/MPI_SYRK_implementation(+0x2ab0)[0x555b4496fab0]
[hydra03:389980] [12] /lib/x86_64-linux-gnu/libc.so.6(__libc_start_main+0xea)[0x7fa9052c8d7a]
[hydra03:389980] [13] /home/thesis/jheld/MPI_Syrk_implementation/build/src/MPI_SYRK_implementation(+0x232a)[0x555b4496f32a]
[hydra03:389980] *** End of error message ***
malloc(): invalid size (unsorted)
[hydra02:558552] *** Process received signal ***
[hydra02:558552] Signal: Aborted (6)
[hydra02:558552] Signal code:  (-6)
[hydra02:558552] [ 0] /lib/x86_64-linux-gnu/libc.so.6(+0x38de0)[0x7fb27481cde0]
[hydra02:558552] [ 1] /lib/x86_64-linux-gnu/libc.so.6(gsignal+0x141)[0x7fb27481cd61]
[hydra02:558552] [ 2] /lib/x86_64-linux-gnu/libc.so.6(abort+0x123)[0x7fb274806537]
[hydra02:558552] [ 3] /lib/x86_64-linux-gnu/libc.so.6(+0x7a468)[0x7fb27485e468]
[hydra02:558552] [ 4] /lib/x86_64-linux-gnu/libc.so.6(+0x8175a)[0x7fb27486575a]
[hydra02:558552] [ 5] /lib/x86_64-linux-gnu/libc.so.6(+0x8483c)[0x7fb27486883c]
[hydra02:558552] [ 6] /lib/x86_64-linux-gnu/libc.so.6(__libc_calloc+0x81)[0x7fb27486abd1]
[hydra02:558552] [ 7] /opt/mpi/openmpi-4.1.4//lib/libmpi.so.40(ompi_group_allocate+0x17)[0x7fb2767381e7]
malloc(): invalid size (unsorted)
[hydra10:484068] *** Process received signal ***
[hydra02:558552] [ 8] /opt/mpi/openmpi-4.1.4//lib/libmpi.so.40(ompi_group_incl_plist+0x65)[0x7fb276738915]
[hydra02:558552] [ 9] /opt/mpi/openmpi-4.1.4//lib/libmpi.so.40(PMPI_Group_incl+0x95)[0x7fb276769185]
[hydra02:558552] [10] /home/thesis/jheld/MPI_Syrk_implementation/build/src/MPI_SYRK_implementation(+0x841a)[0x55a8aa3f841a]
[hydra02:558552] [11] /home/thesis/jheld/MPI_Syrk_implementation/build/src/MPI_SYRK_implementation(+0x2ab0)[0x55a8aa3f2ab0]
[hydra02:558552] [12] /lib/x86_64-linux-gnu/libc.so.6(__libc_start_main+0xea)[0x7fb274807d7a]
[hydra02:558552] [13] /home/thesis/jheld/MPI_Syrk_implementation/build/src/MPI_SYRK_implementation(+0x232a)[0x55a8aa3f232a]
[hydra02:558552] *** End of error message ***
[hydra07:399763] *** Process received signal ***
[hydra07:399763] Signal: Aborted (6)
[hydra07:399763] Signal code:  (-6)
[hydra07:399763] [ 0] /lib/x86_64-linux-gnu/libc.so.6(+0x38de0)[0x7f1a887d0de0]
[hydra07:399763] [ 1] /lib/x86_64-linux-gnu/libc.so.6(gsignal+0x141)[0x7f1a887d0d61]
[hydra07:399763] [ 2] /lib/x86_64-linux-gnu/libc.so.6(abort+0x123)[0x7f1a887ba537]
malloc(): invalid size (unsorted)
[hydra07:399763] [ 3] /lib/x86_64-linux-gnu/libc.so.6(+0x7a468)[0x7f1a88812468]
[hydra08:375036] *** Process received signal ***
[hydra07:399763] [ 4] /lib/x86_64-linux-gnu/libc.so.6(+0x8175a)[0x7f1a8881975a]
[hydra08:375036] Signal: Aborted (6)
[hydra08:375036] Signal code:  (-6)
[hydra07:399763] [ 5] /lib/x86_64-linux-gnu/libc.so.6(+0x8483c)[0x7f1a8881c83c]
[hydra08:375037] [ 0] /lib/x86_64-linux-gnu/libc.so.6(+0x38de0)[0x7fd5d2ea5de0]
[hydra07:399763] [ 6] /lib/x86_64-linux-gnu/libc.so.6(__libc_calloc+0x81)[0x7f1a8881ebd1]
[hydra08:375036] [ 0] /lib/x86_64-linux-gnu/libc.so.6(+0x38de0)[0x7f7f9bb03de0]
[hydra08:375036] [ 1] /lib/x86_64-linux-gnu/libc.so.6(gsignal+0x141)[0x7f7f9bb03d61]
[hydra07:399763] [ 7] /opt/mpi/openmpi-4.1.4//lib/libmpi.so.40(ompi_group_allocate+0x17)[0x7f1a8a6ec1e7]
[hydra08:375037] [ 1] /lib/x86_64-linux-gnu/libc.so.6(gsignal+0x141)[0x7fd5d2ea5d61]
[hydra08:375037] [ 2] /lib/x86_64-linux-gnu/libc.so.6(abort+0x123)[0x7fd5d2e8f537]
[hydra08:375037] [ 3] /lib/x86_64-linux-gnu/libc.so.6(+0x7a468)[0x7fd5d2ee7468]
[hydra07:399763] [ 8] /opt/mpi/openmpi-4.1.4//lib/libmpi.so.40(ompi_group_incl_plist+0x65)[0x7f1a8a6ec915]
[hydra08:375036] [ 2] /lib/x86_64-linux-gnu/libc.so.6(abort+0x123)[0x7f7f9baed537]
[hydra07:399763] [ 9] /opt/mpi/openmpi-4.1.4//lib/libmpi.so.40(PMPI_Group_incl+0x95)[0x7f1a8a71d185]
[hydra08:375037] [ 4] /lib/x86_64-linux-gnu/libc.so.6(+0x8175a)[0x7fd5d2eee75a]
[hydra07:399763] [10] /home/thesis/jheld/MPI_Syrk_implementation/build/src/MPI_SYRK_implementation(+0x841a)[0x5635c480241a]
[hydra08:375036] [ 3] /lib/x86_64-linux-gnu/libc.so.6(+0x7a468)[0x7f7f9bb45468]
[hydra07:399763] [11] /home/thesis/jheld/MPI_Syrk_implementation/build/src/MPI_SYRK_implementation(+0x2ab0)[0x5635c47fcab0]
[hydra08:375037] [ 5] /lib/x86_64-linux-gnu/libc.so.6(+0x8483c)[0x7fd5d2ef183c]
[hydra07:399763] [12] /lib/x86_64-linux-gnu/libc.so.6(__libc_start_main+0xea)[0x7f1a887bbd7a]
[hydra08:375036] [ 4] /lib/x86_64-linux-gnu/libc.so.6(+0x8175a)[0x7f7f9bb4c75a]
[hydra07:399763] [13] /home/thesis/jheld/MPI_Syrk_implementation/build/src/MPI_SYRK_implementation(+0x232a)[0x5635c47fc32a]
[hydra07:399763] *** End of error message ***
[hydra08:375037] [ 6] /lib/x86_64-linux-gnu/libc.so.6(__libc_calloc+0x81)[0x7fd5d2ef3bd1]
[hydra08:375036] [ 5] /lib/x86_64-linux-gnu/libc.so.6(+0x8483c)[0x7f7f9bb4f83c]
[hydra10:484068] Signal: Aborted (6)
[hydra10:484068] Signal code:  (-6)
[hydra10:484068] [ 0] /lib/x86_64-linux-gnu/libc.so.6(+0x38de0)[0x7fa5ec343de0]
[hydra08:375037] [ 7] /opt/mpi/openmpi-4.1.4//lib/libmpi.so.40(ompi_group_allocate+0x17)[0x7fd5d4dc11e7]
[hydra10:484068] [ 1] /lib/x86_64-linux-gnu/libc.so.6(gsignal+0x141)[0x7fa5ec343d61]
[hydra08:375037] [ 8] /opt/mpi/openmpi-4.1.4//lib/libmpi.so.40(ompi_group_incl_plist+0x65)[0x7fd5d4dc1915]
[hydra10:484068] [ 2] /lib/x86_64-linux-gnu/libc.so.6(abort+0x123)[0x7fa5ec32d537]
[hydra08:375036] [ 6] /lib/x86_64-linux-gnu/libc.so.6(__libc_calloc+0x81)[0x7f7f9bb51bd1]
[hydra10:484068] [ 3] /lib/x86_64-linux-gnu/libc.so.6(+0x7a468)[0x7fa5ec385468]
[hydra08:375036] [ 7] /opt/mpi/openmpi-4.1.4//lib/libmpi.so.40(ompi_group_allocate+0x17)[0x7f7f9da1f1e7]
[hydra08:375036] [ 8] /opt/mpi/openmpi-4.1.4//lib/libmpi.so.40(ompi_group_incl_plist+0x65)[0x7f7f9da1f915]
[hydra10:484068] [ 4] /lib/x86_64-linux-gnu/libc.so.6(+0x8175a)[0x7fa5ec38c75a]
[hydra08:375037] [ 9] /opt/mpi/openmpi-4.1.4//lib/libmpi.so.40(PMPI_Group_incl+0x95)[0x7fd5d4df2185]
[hydra08:375037] [10] /home/thesis/jheld/MPI_Syrk_implementation/build/src/MPI_SYRK_implementation(+0x841a)[0x55ea2bfda41a]
[hydra08:375037] [11] /home/thesis/jheld/MPI_Syrk_implementation/build/src/MPI_SYRK_implementation(+0x2ab0)[0x55ea2bfd4ab0]
[hydra10:484068] [ 5] /lib/x86_64-linux-gnu/libc.so.6(+0x8483c)[0x7fa5ec38f83c]
[hydra08:375037] [12] /lib/x86_64-linux-gnu/libc.so.6(__libc_start_main+0xea)[0x7fd5d2e90d7a]
[hydra08:375037] [13] /home/thesis/jheld/MPI_Syrk_implementation/build/src/MPI_SYRK_implementation(+0x232a)[0x55ea2bfd432a]
[hydra08:375037] *** End of error message ***
[hydra10:484068] [ 6] /lib/x86_64-linux-gnu/libc.so.6(__libc_calloc+0x81)[0x7fa5ec391bd1]
[hydra08:375036] [ 9] /opt/mpi/openmpi-4.1.4//lib/libmpi.so.40(PMPI_Group_incl+0x95)[0x7f7f9da50185]
[hydra08:375036] [10] /home/thesis/jheld/MPI_Syrk_implementation/build/src/MPI_SYRK_implementation(+0x841a)[0x55aaf1f0741a]
[hydra10:484068] [ 7] /opt/mpi/openmpi-4.1.4//lib/libmpi.so.40(ompi_group_allocate+0x17)[0x7fa5ee25f1e7]
[hydra10:484068] [ 8] /opt/mpi/openmpi-4.1.4//lib/libmpi.so.40(ompi_group_incl_plist+0x65)[0x7fa5ee25f915]
[hydra10:484068] [ 9] /opt/mpi/openmpi-4.1.4//lib/libmpi.so.40(PMPI_Group_incl+0x95)[0x7fa5ee290185]
[hydra10:484068] [10] /home/thesis/jheld/MPI_Syrk_implementation/build/src/MPI_SYRK_implementation(+0x841a)[0x5650963ea41a]
[hydra10:484068] [11] /home/thesis/jheld/MPI_Syrk_implementation/build/src/MPI_SYRK_implementation(+0x2ab0)[0x5650963e4ab0]
[hydra10:484068] [12] /lib/x86_64-linux-gnu/libc.so.6(__libc_start_main+0xea)[0x7fa5ec32ed7a]
[hydra10:484068] [13] /home/thesis/jheld/MPI_Syrk_implementation/build/src/MPI_SYRK_implementation(+0x232a)[0x5650963e432a]
[hydra10:484068] *** End of error message ***
malloc(): invalid size (unsorted)
[hydra09:366368] *** Process received signal ***
[hydra09:366368] Signal: Aborted (6)
[hydra09:366368] Signal code:  (-6)
[hydra09:366368] [ 0] /lib/x86_64-linux-gnu/libc.so.6(+0x38de0)[0x7fd3292cede0]
[hydra09:366368] [ 1] /lib/x86_64-linux-gnu/libc.so.6(gsignal+0x141)[0x7fd3292ced61]
[hydra09:366368] [ 2] /lib/x86_64-linux-gnu/libc.so.6(abort+0x123)[0x7fd3292b8537]
malloc(): invalid size (unsorted)
[hydra09:366368] [ 3] /lib/x86_64-linux-gnu/libc.so.6(+0x7a468)[0x7fd329310468]
[hydra09:366368] [ 4] /lib/x86_64-linux-gnu/libc.so.6(+0x8175a)[0x7fd32931775a]
[hydra09:366368] [ 5] /lib/x86_64-linux-gnu/libc.so.6(+0x8483c)[0x7fd32931a83c]
[hydra09:366368] [ 6] /lib/x86_64-linux-gnu/libc.so.6(__libc_calloc+0x81)[0x7fd32931cbd1]
[hydra09:366368] [ 7] /opt/mpi/openmpi-4.1.4//lib/libmpi.so.40(ompi_group_allocate+0x17)[0x7fd32b1ea1e7]
[hydra09:366368] [ 8] /opt/mpi/openmpi-4.1.4//lib/libmpi.so.40(ompi_group_incl_plist+0x65)[0x7fd32b1ea915]
[hydra09:366368] [ 9] /opt/mpi/openmpi-4.1.4//lib/libmpi.so.40(PMPI_Group_incl+0x95)[0x7fd32b21b185]
[hydra09:366368] [10] /home/thesis/jheld/MPI_Syrk_implementation/build/src/MPI_SYRK_implementation(+0x841a)[0x55fdab79141a]
[hydra09:366368] [11] /home/thesis/jheld/MPI_Syrk_implementation/build/src/MPI_SYRK_implementation(+0x2ab0)[0x55fdab78bab0]
[hydra09:366368] [12] /lib/x86_64-linux-gnu/libc.so.6(__libc_start_main+0xea)[0x7fd3292b9d7a]
[hydra09:366368] [13] /home/thesis/jheld/MPI_Syrk_implementation/build/src/MPI_SYRK_implementation(+0x232a)[0x55fdab78b32a]
[hydra09:366368] *** End of error message ***
[hydra11:353083] *** Process received signal ***
[hydra11:353083] Signal: Aborted (6)
[hydra11:353083] Signal code:  (-6)
[hydra11:353083] [ 0] /lib/x86_64-linux-gnu/libc.so.6(+0x38de0)[0x7efd45adade0]
[hydra11:353083] [ 1] /lib/x86_64-linux-gnu/libc.so.6(gsignal+0x141)[0x7efd45adad61]
[hydra11:353083] [ 2] /lib/x86_64-linux-gnu/libc.so.6(abort+0x123)[0x7efd45ac4537]
[hydra11:353083] [ 3] /lib/x86_64-linux-gnu/libc.so.6(+0x7a468)[0x7efd45b1c468]
[hydra11:353083] [ 4] /lib/x86_64-linux-gnu/libc.so.6(+0x8175a)[0x7efd45b2375a]
[hydra11:353083] [ 5] /lib/x86_64-linux-gnu/libc.so.6(+0x8483c)[0x7efd45b2683c]
[hydra11:353083] [ 6] /lib/x86_64-linux-gnu/libc.so.6(__libc_calloc+0x81)[0x7efd45b28bd1]
[hydra11:353083] [ 7] /opt/mpi/openmpi-4.1.4//lib/libmpi.so.40(ompi_group_allocate+0x17)[0x7efd479f61e7]
[hydra11:353083] [ 8] /opt/mpi/openmpi-4.1.4//lib/libmpi.so.40(ompi_group_incl_plist+0x65)[0x7efd479f6915]
[hydra11:353083] [ 9] /opt/mpi/openmpi-4.1.4//lib/libmpi.so.40(PMPI_Group_incl+0x95)[0x7efd47a27185]
[hydra11:353083] [10] /home/thesis/jheld/MPI_Syrk_implementation/build/src/MPI_SYRK_implementation(+0x841a)[0x563a9541a41a]
[hydra11:353083] [11] /home/thesis/jheld/MPI_Syrk_implementation/build/src/MPI_SYRK_implementation(+0x2ab0)[0x563a95414ab0]
[hydra11:353083] [12] /lib/x86_64-linux-gnu/libc.so.6(__libc_start_main+0xea)[0x7efd45ac5d7a]
[hydra11:353083] [13] /home/thesis/jheld/MPI_Syrk_implementation/build/src/MPI_SYRK_implementation(+0x232a)[0x563a9541432a]
[hydra11:353083] *** End of error message ***
[hydra08:375036] [11] /home/thesis/jheld/MPI_Syrk_implementation/build/src/MPI_SYRK_implementation(+0x2ab0)[0x55aaf1f01ab0]
[hydra08:375036] [12] /lib/x86_64-linux-gnu/libc.so.6(__libc_start_main+0xea)[0x7f7f9baeed7a]
[hydra08:375036] [13] /home/thesis/jheld/MPI_Syrk_implementation/build/src/MPI_SYRK_implementation(+0x232a)[0x55aaf1f0132a]
[hydra08:375036] *** End of error message ***
srun: error: hydra11: task 31: Aborted
srun: error: hydra12: task 35: Aborted
srun: error: hydra05: task 13: Aborted
srun: error: hydra07: task 19: Aborted
srun: error: hydra10: task 27: Aborted
srun: error: hydra08: tasks 21-22: Aborted
srun: error: hydra03: task 7: Aborted
srun: error: hydra09: task 26: Aborted
srun: error: hydra02: tasks 4-5: Aborted
srun: error: hydra04: tasks 9-10: Aborted
slurmstepd: error:  mpi/pmix_v4: _errhandler: hydra12 [11]: pmixp_client_v2.c:211: Error handler invoked: status = -61, source = [slurm.pmix.5008690.3:35]
slurmstepd: error:  mpi/pmix_v4: _errhandler: hydra05 [4]: pmixp_client_v2.c:211: Error handler invoked: status = -61, source = [slurm.pmix.5008690.3:13]
slurmstepd: error:  mpi/pmix_v4: _errhandler: hydra02 [1]: pmixp_client_v2.c:211: Error handler invoked: status = -61, source = [slurm.pmix.5008690.3:4]
slurmstepd: error:  mpi/pmix_v4: _errhandler: hydra10 [9]: pmixp_client_v2.c:211: Error handler invoked: status = -61, source = [slurm.pmix.5008690.3:27]
slurmstepd: error:  mpi/pmix_v4: _errhandler: hydra04 [3]: pmixp_client_v2.c:211: Error handler invoked: status = -61, source = [slurm.pmix.5008690.3:9]
slurmstepd: error:  mpi/pmix_v4: _errhandler: hydra03 [2]: pmixp_client_v2.c:211: Error handler invoked: status = -61, source = [slurm.pmix.5008690.3:7]
slurmstepd: error:  mpi/pmix_v4: _errhandler: hydra09 [8]: pmixp_client_v2.c:211: Error handler invoked: status = -61, source = [slurm.pmix.5008690.3:26]
slurmstepd: error:  mpi/pmix_v4: _errhandler: hydra11 [10]: pmixp_client_v2.c:211: Error handler invoked: status = -61, source = [slurm.pmix.5008690.3:31]
slurmstepd: error:  mpi/pmix_v4: _errhandler: hydra08 [7]: pmixp_client_v2.c:211: Error handler invoked: status = -61, source = [slurm.pmix.5008690.3:22]
slurmstepd: error: *** STEP 5008690.3 ON hydra01 CANCELLED AT 2025-10-13T15:24:32 ***
slurmstepd: error:  mpi/pmix_v4: _errhandler: hydra07 [6]: pmixp_client_v2.c:211: Error handler invoked: status = -61, source = [slurm.pmix.5008690.3:19]
srun: Job step aborted: Waiting up to 32 seconds for job step to finish.
srun: error: hydra04: task 11: Killed
srun: error: hydra02: task 3: Killed
srun: error: hydra08: task 23: Killed
srun: error: hydra05: tasks 12,14: Killed
srun: error: hydra11: tasks 30,32: Killed
srun: error: hydra10: tasks 28-29: Killed
srun: error: hydra07: tasks 18,20: Killed
srun: error: hydra03: tasks 6,8: Killed
srun: error: hydra06: tasks 15-17: Killed
srun: error: hydra12: tasks 33-34: Killed
srun: error: hydra01: tasks 0-2: Killed
srun: error: hydra09: tasks 24-25: Killed
⚠️ Warning: No runtime found for run 4
srun: Warning: can't honor --ntasks-per-node set to 1 which doesn't match the requested tasks 36 with the number of requested nodes 12. Ignoring --ntasks-per-node.
missing input file name --> Generate random input
malloc(): invalid size (unsorted)
[hydra01:873098] *** Process received signal ***
[hydra01:873098] Signal: Aborted (6)
[hydra01:873098] Signal code:  (-6)
[hydra01:873098] [ 0] /lib/x86_64-linux-gnu/libc.so.6(+0x38de0)[0x7f7f043a6de0]
[hydra01:873098] [ 1] /lib/x86_64-linux-gnu/libc.so.6(gsignal+0x141)[0x7f7f043a6d61]
[hydra01:873098] [ 2] /lib/x86_64-linux-gnu/libc.so.6(abort+0x123)[0x7f7f04390537]
[hydra01:873098] [ 3] /lib/x86_64-linux-gnu/libc.so.6(+0x7a468)[0x7f7f043e8468]
[hydra01:873098] [ 4] /lib/x86_64-linux-gnu/libc.so.6(+0x8175a)[0x7f7f043ef75a]
[hydra01:873098] [ 5] /lib/x86_64-linux-gnu/libc.so.6(+0x8483c)[0x7f7f043f283c]
[hydra01:873098] [ 6] /lib/x86_64-linux-gnu/libc.so.6(__libc_calloc+0x81)[0x7f7f043f4bd1]
[hydra01:873098] [ 7] /opt/mpi/openmpi-4.1.4//lib/libmpi.so.40(ompi_group_allocate+0x17)[0x7f7f062c21e7]
[hydra01:873098] [ 8] /opt/mpi/openmpi-4.1.4//lib/libmpi.so.40(ompi_group_incl_plist+0x65)[0x7f7f062c2915]
[hydra01:873098] [ 9] /opt/mpi/openmpi-4.1.4//lib/libmpi.so.40(PMPI_Group_incl+0x95)[0x7f7f062f3185]
[hydra01:873098] [10] /home/thesis/jheld/MPI_Syrk_implementation/build/src/MPI_SYRK_implementation(+0x841a)[0x558c23ef241a]
[hydra01:873098] [11] /home/thesis/jheld/MPI_Syrk_implementation/build/src/MPI_SYRK_implementation(+0x2ab0)[0x558c23eecab0]
[hydra01:873098] [12] /lib/x86_64-linux-gnu/libc.so.6(__libc_start_main+0xea)[0x7f7f04391d7a]
[hydra01:873098] [13] /home/thesis/jheld/MPI_Syrk_implementation/build/src/MPI_SYRK_implementation(+0x232a)[0x558c23eec32a]
[hydra01:873098] *** End of error message ***
malloc(): invalid size (unsorted)
[hydra06:373447] *** Process received signal ***
malloc(): invalid size (unsorted)
[hydra05:372749] *** Process received signal ***
malloc(): invalid size (unsorted)
[hydra12:353176] *** Process received signal ***
malloc(): invalid size (unsorted)
[hydra06:373447] Signal: Aborted (6)
[hydra06:373447] Signal code:  (-6)
[hydra06:373447] [ 0] /lib/x86_64-linux-gnu/libc.so.6(+0x38de0)[0x7f1116942de0]
[hydra06:373447] [ 1] /lib/x86_64-linux-gnu/libc.so.6(gsignal+0x141)[0x7f1116942d61]
[hydra06:373447] [ 2] /lib/x86_64-linux-gnu/libc.so.6(abort+0x123)[0x7f111692c537]
[hydra06:373447] [ 3] /lib/x86_64-linux-gnu/libc.so.6(+0x7a468)[0x7f1116984468]
[hydra06:373447] [ 4] /lib/x86_64-linux-gnu/libc.so.6(+0x8175a)[0x7f111698b75a]
[hydra06:373447] [ 5] /lib/x86_64-linux-gnu/libc.so.6(+0x8483c)[0x7f111698e83c]
[hydra06:373447] [ 6] /lib/x86_64-linux-gnu/libc.so.6(__libc_calloc+0x81)[0x7f1116990bd1]
[hydra05:372749] Signal: Aborted (6)
[hydra05:372749] Signal code:  (-6)
[hydra06:373447] [ 7] /opt/mpi/openmpi-4.1.4//lib/libmpi.so.40(ompi_group_allocate+0x17)[0x7f111885e1e7]
[hydra05:372749] [ 0] /lib/x86_64-linux-gnu/libc.so.6(+0x38de0)[0x7f292655ede0]
[hydra06:373447] [ 8] /opt/mpi/openmpi-4.1.4//lib/libmpi.so.40(ompi_group_incl_plist+0x65)[0x7f111885e915]
[hydra05:372749] [ 1] /lib/x86_64-linux-gnu/libc.so.6(gsignal+0x141)[0x7f292655ed61]
[hydra06:373447] [ 9] /opt/mpi/openmpi-4.1.4//lib/libmpi.so.40(PMPI_Group_incl+0x95)[0x7f111888f185]
[hydra05:372749] [ 2] /lib/x86_64-linux-gnu/libc.so.6(abort+0x123)[0x7f2926548537]
[hydra06:373447] [10] /home/thesis/jheld/MPI_Syrk_implementation/build/src/MPI_SYRK_implementation(+0x841a)[0x55d3bf5d541a]
[hydra06:373447] [11] /home/thesis/jheld/MPI_Syrk_implementation/build/src/MPI_SYRK_implementation(+0x2ab0)[0x55d3bf5cfab0]
[hydra05:372749] [ 3] /lib/x86_64-linux-gnu/libc.so.6(+0x7a468)[0x7f29265a0468]
[hydra06:373447] [12] /lib/x86_64-linux-gnu/libc.so.6(__libc_start_main+0xea)[0x7f111692dd7a]
[hydra06:373447] [13] /home/thesis/jheld/MPI_Syrk_implementation/build/src/MPI_SYRK_implementation(+0x232a)[0x55d3bf5cf32a]
[hydra05:372749] [ 4] /lib/x86_64-linux-gnu/libc.so.6(+0x8175a)[0x7f29265a775a]
[hydra06:373447] *** End of error message ***
[hydra05:372749] [ 5] /lib/x86_64-linux-gnu/libc.so.6(+0x8483c)[0x7f29265aa83c]
[hydra05:372749] [ 6] /lib/x86_64-linux-gnu/libc.so.6(__libc_calloc+0x81)[0x7f29265acbd1]
malloc(): invalid size (unsorted)
[hydra11:353150] *** Process received signal ***
[hydra05:372749] [ 7] /opt/mpi/openmpi-4.1.4//lib/libmpi.so.40(ompi_group_allocate+0x17)[0x7f292847a1e7]
[hydra05:372749] [ 8] /opt/mpi/openmpi-4.1.4//lib/libmpi.so.40(ompi_group_incl_plist+0x65)[0x7f292847a915]
[hydra05:372749] [ 9] /opt/mpi/openmpi-4.1.4//lib/libmpi.so.40(PMPI_Group_incl+0x95)[0x7f29284ab185]
[hydra05:372749] [10] /home/thesis/jheld/MPI_Syrk_implementation/build/src/MPI_SYRK_implementation(+0x841a)[0x55e4f359341a]
malloc(): invalid size (unsorted)
[hydra05:372749] [11] /home/thesis/jheld/MPI_Syrk_implementation/build/src/MPI_SYRK_implementation(+0x2ab0)[0x55e4f358dab0]
[hydra05:372749] [12] /lib/x86_64-linux-gnu/libc.so.6(__libc_start_main+0xea)[0x7f2926549d7a]
[hydra05:372749] [13] /home/thesis/jheld/MPI_Syrk_implementation/build/src/MPI_SYRK_implementation(+0x232a)[0x55e4f358d32a]
[hydra05:372749] *** End of error message ***
[hydra11:353150] Signal: Aborted (6)
[hydra11:353150] Signal code:  (-6)
[hydra12:353176] Signal: Aborted (6)
[hydra12:353176] Signal code:  (-6)
[hydra12:353176] [ 0] /lib/x86_64-linux-gnu/libc.so.6(+0x38de0)[0x7f4aa4ad2de0]
malloc(): invalid size (unsorted)
[hydra10:484139] *** Process received signal ***
[hydra12:353176] [ 1] /lib/x86_64-linux-gnu/libc.so.6(gsignal+0x141)[0x7f4aa4ad2d61]
[hydra12:353176] [ 2] /lib/x86_64-linux-gnu/libc.so.6(abort+0x123)[0x7f4aa4abc537]
[hydra12:353176] [ 3] /lib/x86_64-linux-gnu/libc.so.6(+0x7a468)[0x7f4aa4b14468]
[hydra12:353176] [ 4] /lib/x86_64-linux-gnu/libc.so.6(+0x8175a)[0x7f4aa4b1b75a]
[hydra12:353176] [ 5] /lib/x86_64-linux-gnu/libc.so.6(+0x8483c)[0x7f4aa4b1e83c]
[hydra11:353150] [ 0] /lib/x86_64-linux-gnu/libc.so.6(+0x38de0)[0x7fe2c5710de0]
[hydra12:353176] [ 6] /lib/x86_64-linux-gnu/libc.so.6(__libc_calloc+0x81)[0x7f4aa4b20bd1]
malloc(): invalid size (unsorted)
[hydra07:399829] *** Process received signal ***
[hydra12:353176] [ 7] /opt/mpi/openmpi-4.1.4//lib/libmpi.so.40(ompi_group_allocate+0x17)[0x7f4aa69ee1e7]
[hydra12:353176] [ 8] /opt/mpi/openmpi-4.1.4//lib/libmpi.so.40(ompi_group_incl_plist+0x65)[0x7f4aa69ee915]
[hydra11:353150] [ 1] /lib/x86_64-linux-gnu/libc.so.6(gsignal+0x141)[0x7fe2c5710d61]
[hydra12:353176] [ 9] /opt/mpi/openmpi-4.1.4//lib/libmpi.so.40(PMPI_Group_incl+0x95)[0x7f4aa6a1f185]
[hydra12:353176] [10] /home/thesis/jheld/MPI_Syrk_implementation/build/src/MPI_SYRK_implementation(+0x841a)[0x55a60aa9c41a]
[hydra12:353176] [11] /home/thesis/jheld/MPI_Syrk_implementation/build/src/MPI_SYRK_implementation(+0x2ab0)[0x55a60aa96ab0]
[hydra12:353176] [12] /lib/x86_64-linux-gnu/libc.so.6(__libc_start_main+0xea)[0x7f4aa4abdd7a]
[hydra12:353176] [13] /home/thesis/jheld/MPI_Syrk_implementation/build/src/MPI_SYRK_implementation(+0x232a)[0x55a60aa9632a]
[hydra12:353176] *** End of error message ***
[hydra03:390046] *** Process received signal ***
[hydra03:390046] Signal: Aborted (6)
[hydra03:390046] Signal code:  (-6)
[hydra03:390046] [ 0] /lib/x86_64-linux-gnu/libc.so.6(+0x38de0)[0x7f779fef9de0]
[hydra03:390046] [ 1] /lib/x86_64-linux-gnu/libc.so.6(gsignal+0x141)[0x7f779fef9d61]
[hydra03:390046] [ 2] /lib/x86_64-linux-gnu/libc.so.6(abort+0x123)[0x7f779fee3537]
[hydra03:390046] [ 3] /lib/x86_64-linux-gnu/libc.so.6(+0x7a468)[0x7f779ff3b468]
[hydra11:353150] [ 2] /lib/x86_64-linux-gnu/libc.so.6(abort+0x123)[0x7fe2c56fa537]
[hydra03:390046] [ 4] /lib/x86_64-linux-gnu/libc.so.6(+0x8175a)[0x7f779ff4275a]
malloc(): invalid size (unsorted)
[hydra02:558629] *** Process received signal ***
[hydra03:390046] [ 5] /lib/x86_64-linux-gnu/libc.so.6(+0x8483c)[0x7f779ff4583c]
[hydra03:390046] [ 6] /lib/x86_64-linux-gnu/libc.so.6(__libc_calloc+0x81)[0x7f779ff47bd1]
[hydra11:353150] [ 3] /lib/x86_64-linux-gnu/libc.so.6(+0x7a468)[0x7fe2c5752468]
[hydra03:390046] [ 7] /opt/mpi/openmpi-4.1.4//lib/libmpi.so.40(ompi_group_allocate+0x17)[0x7f77a1e151e7]
[hydra11:353150] [ 4] /lib/x86_64-linux-gnu/libc.so.6(+0x8175a)[0x7fe2c575975a]
[hydra03:390046] [ 8] /opt/mpi/openmpi-4.1.4//lib/libmpi.so.40(ompi_group_incl_plist+0x65)[0x7f77a1e15915]
[hydra11:353150] [ 5] /lib/x86_64-linux-gnu/libc.so.6(+0x8483c)[0x7fe2c575c83c]
[hydra03:390046] [ 9] /opt/mpi/openmpi-4.1.4//lib/libmpi.so.40(PMPI_Group_incl+0x95)[0x7f77a1e46185]
[hydra11:353150] [ 6] /lib/x86_64-linux-gnu/libc.so.6(__libc_calloc+0x81)[0x7fe2c575ebd1]
[hydra03:390046] [10] /home/thesis/jheld/MPI_Syrk_implementation/build/src/MPI_SYRK_implementation(+0x841a)[0x5624fdb3841a]
[hydra11:353150] [ 7] /opt/mpi/openmpi-4.1.4//lib/libmpi.so.40(ompi_group_allocate+0x17)[0x7fe2c762c1e7]
[hydra03:390046] [11] /home/thesis/jheld/MPI_Syrk_implementation/build/src/MPI_SYRK_implementation(+0x2ab0)[0x5624fdb32ab0]
[hydra11:353150] [ 8] /opt/mpi/openmpi-4.1.4//lib/libmpi.so.40(ompi_group_incl_plist+0x65)[0x7fe2c762c915]
[hydra03:390046] [12] /lib/x86_64-linux-gnu/libc.so.6(__libc_start_main+0xea)[0x7f779fee4d7a]
[hydra11:353150] [ 9] /opt/mpi/openmpi-4.1.4//lib/libmpi.so.40(PMPI_Group_incl+0x95)[0x7fe2c765d185]
[hydra03:390046] [13] /home/thesis/jheld/MPI_Syrk_implementation/build/src/MPI_SYRK_implementation(+0x232a)[0x5624fdb3232a]
[hydra03:390046] *** End of error message ***
[hydra11:353150] [10] /home/thesis/jheld/MPI_Syrk_implementation/build/src/MPI_SYRK_implementation(+0x841a)[0x55e12155c41a]
[hydra11:353150] [11] /home/thesis/jheld/MPI_Syrk_implementation/build/src/MPI_SYRK_implementation(+0x2ab0)[0x55e121556ab0]
[hydra11:353150] [12] /lib/x86_64-linux-gnu/libc.so.6(__libc_start_main+0xea)[0x7fe2c56fbd7a]
[hydra11:353150] [13] /home/thesis/jheld/MPI_Syrk_implementation/build/src/MPI_SYRK_implementation(+0x232a)[0x55e12155632a]
[hydra11:353150] *** End of error message ***
malloc(): invalid size (unsorted)
[hydra10:484139] Signal: Aborted (6)
[hydra10:484139] Signal code:  (-6)
[hydra10:484139] [ 0] /lib/x86_64-linux-gnu/libc.so.6(+0x38de0)[0x7f36756c4de0]
[hydra10:484139] [ 1] /lib/x86_64-linux-gnu/libc.so.6(gsignal+0x141)[0x7f36756c4d61]
[hydra10:484139] [ 2] /lib/x86_64-linux-gnu/libc.so.6(abort+0x123)[0x7f36756ae537]
[hydra11:353149] *** Process received signal ***
[hydra10:484139] [ 3] /lib/x86_64-linux-gnu/libc.so.6(+0x7a468)[0x7f3675706468]
[hydra04:388827] *** Process received signal ***
[hydra04:388827] Signal: Aborted (6)
[hydra04:388827] Signal code:  (-6)
[hydra10:484139] [ 4] /lib/x86_64-linux-gnu/libc.so.6(+0x8175a)[0x7f367570d75a]
[hydra04:388827] [ 0] /lib/x86_64-linux-gnu/libc.so.6(+0x38de0)[0x7ff672683de0]
[hydra10:484139] [ 5] /lib/x86_64-linux-gnu/libc.so.6(+0x8483c)[0x7f367571083c]
[hydra11:353149] Signal: Aborted (6)
[hydra11:353149] Signal code:  (-6)
[hydra04:388827] [ 1] /lib/x86_64-linux-gnu/libc.so.6(gsignal+0x141)[0x7ff672683d61]
[hydra10:484139] [ 6] /lib/x86_64-linux-gnu/libc.so.6(__libc_calloc+0x81)[0x7f3675712bd1]
[hydra04:388827] [ 2] /lib/x86_64-linux-gnu/libc.so.6(abort+0x123)[0x7ff67266d537]
[hydra07:399829] Signal: Aborted (6)
[hydra07:399829] Signal code:  (-6)
[hydra10:484139] [ 7] /opt/mpi/openmpi-4.1.4//lib/libmpi.so.40(ompi_group_allocate+0x17)[0x7f36775e01e7]
[hydra04:388827] [ 3] /lib/x86_64-linux-gnu/libc.so.6(+0x7a468)[0x7ff6726c5468]
[hydra07:399829] [ 0] /lib/x86_64-linux-gnu/libc.so.6(+0x38de0)[0x7f3b36b9bde0]
[hydra10:484139] [ 8] /opt/mpi/openmpi-4.1.4//lib/libmpi.so.40(ompi_group_incl_plist+0x65)[0x7f36775e0915]
[hydra04:388827] [ 4] /lib/x86_64-linux-gnu/libc.so.6(+0x8175a)[0x7ff6726cc75a]
malloc(): invalid size (unsorted)
[hydra07:399829] [ 1] /lib/x86_64-linux-gnu/libc.so.6(gsignal+0x141)[0x7f3b36b9bd61]
[hydra10:484139] [ 9] /opt/mpi/openmpi-4.1.4//lib/libmpi.so.40(PMPI_Group_incl+0x95)[0x7f3677611185]
[hydra04:388827] [ 5] /lib/x86_64-linux-gnu/libc.so.6(+0x8483c)[0x7ff6726cf83c]
[hydra06:373448] *** Process received signal ***
[hydra06:373448] Signal: Aborted (6)
[hydra06:373448] Signal code:  (-6)
[hydra07:399829] [ 2] /lib/x86_64-linux-gnu/libc.so.6(abort+0x123)[0x7f3b36b85537]
[hydra10:484139] [10] /home/thesis/jheld/MPI_Syrk_implementation/build/src/MPI_SYRK_implementation(+0x841a)[0x5630081a041a]
[hydra10:484139] [11] /home/thesis/jheld/MPI_Syrk_implementation/build/src/MPI_SYRK_implementation(+0x2ab0)[0x56300819aab0]
[hydra04:388827] [ 6] /lib/x86_64-linux-gnu/libc.so.6(__libc_calloc+0x81)[0x7ff6726d1bd1]
[hydra06:373448] [ 0] /lib/x86_64-linux-gnu/libc.so.6(+0x38de0)[0x7fa86cc11de0]
[hydra07:399829] [ 3] /lib/x86_64-linux-gnu/libc.so.6(+0x7a468)[0x7f3b36bdd468]
[hydra10:484139] [12] /lib/x86_64-linux-gnu/libc.so.6(__libc_start_main+0xea)[0x7f36756afd7a]
[hydra10:484139] [13] /home/thesis/jheld/MPI_Syrk_implementation/build/src/MPI_SYRK_implementation(+0x232a)[0x56300819a32a]
[hydra04:388827] [ 7] /opt/mpi/openmpi-4.1.4//lib/libmpi.so.40(ompi_group_allocate+0x17)[0x7ff67459f1e7]
[hydra06:373448] [ 1] /lib/x86_64-linux-gnu/libc.so.6(gsignal+0x141)[0x7fa86cc11d61]
[hydra07:399829] [ 4] /lib/x86_64-linux-gnu/libc.so.6(+0x8175a)[0x7f3b36be475a]
[hydra10:484139] *** End of error message ***
[hydra04:388827] [ 8] /opt/mpi/openmpi-4.1.4//lib/libmpi.so.40(ompi_group_incl_plist+0x65)[0x7ff67459f915]
[hydra06:373448] [ 2] /lib/x86_64-linux-gnu/libc.so.6(abort+0x123)[0x7fa86cbfb537]
[hydra07:399829] [ 5] /lib/x86_64-linux-gnu/libc.so.6(+0x8483c)[0x7f3b36be783c]
[hydra04:388827] [ 9] /opt/mpi/openmpi-4.1.4//lib/libmpi.so.40(PMPI_Group_incl+0x95)[0x7ff6745d0185]
[hydra06:373448] [ 3] /lib/x86_64-linux-gnu/libc.so.6(+0x7a468)[0x7fa86cc53468]
[hydra07:399829] [ 6] /lib/x86_64-linux-gnu/libc.so.6(__libc_calloc+0x81)[0x7f3b36be9bd1]
[hydra11:353149] [ 0] /lib/x86_64-linux-gnu/libc.so.6(+0x38de0)[0x7fc5e74f2de0]
[hydra04:388827] [10] /home/thesis/jheld/MPI_Syrk_implementation/build/src/MPI_SYRK_implementation(+0x841a)[0x55ac5528b41a]
[hydra06:373448] [ 4] /lib/x86_64-linux-gnu/libc.so.6(+0x8175a)[0x7fa86cc5a75a]
[hydra07:399829] [ 7] /opt/mpi/openmpi-4.1.4//lib/libmpi.so.40(ompi_group_allocate+0x17)[0x7f3b38ab71e7]
[hydra04:388827] [11] /home/thesis/jheld/MPI_Syrk_implementation/build/src/MPI_SYRK_implementation(+0x2ab0)[0x55ac55285ab0]
[hydra06:373448] [ 5] /lib/x86_64-linux-gnu/libc.so.6(+0x8483c)[0x7fa86cc5d83c]
[hydra07:399829] [ 8] /opt/mpi/openmpi-4.1.4//lib/libmpi.so.40(ompi_group_incl_plist+0x65)[0x7f3b38ab7915]
[hydra11:353149] [ 1] /lib/x86_64-linux-gnu/libc.so.6(gsignal+0x141)[0x7fc5e74f2d61]
[hydra06:373448] [ 6] /lib/x86_64-linux-gnu/libc.so.6(__libc_calloc+0x81)[0x7fa86cc5fbd1]
[hydra07:399829] [ 9] /opt/mpi/openmpi-4.1.4//lib/libmpi.so.40(PMPI_Group_incl+0x95)[0x7f3b38ae8185]
[hydra04:388827] [12] /lib/x86_64-linux-gnu/libc.so.6(__libc_start_main+0xea)[0x7ff67266ed7a]
[hydra06:373448] [ 7] /opt/mpi/openmpi-4.1.4//lib/libmpi.so.40(ompi_group_allocate+0x17)[0x7fa86eb2d1e7]
[hydra07:399829] [10] /home/thesis/jheld/MPI_Syrk_implementation/build/src/MPI_SYRK_implementation(+0x841a)[0x560094ced41a]
[hydra07:399829] [11] /home/thesis/jheld/MPI_Syrk_implementation/build/src/MPI_SYRK_implementation(+0x2ab0)[0x560094ce7ab0]
[hydra11:353149] [ 2] /lib/x86_64-linux-gnu/libc.so.6(abort+0x123)[0x7fc5e74dc537]
[hydra04:388827] [13] /home/thesis/jheld/MPI_Syrk_implementation/build/src/MPI_SYRK_implementation(+0x232a)[0x55ac5528532a]
[hydra04:388827] *** End of error message ***
[hydra06:373448] [ 8] /opt/mpi/openmpi-4.1.4//lib/libmpi.so.40(ompi_group_incl_plist+0x65)[0x7fa86eb2d915]
[hydra07:399829] [12] /lib/x86_64-linux-gnu/libc.so.6(__libc_start_main+0xea)[0x7f3b36b86d7a]
[hydra07:399829] [13] /home/thesis/jheld/MPI_Syrk_implementation/build/src/MPI_SYRK_implementation(+0x232a)[0x560094ce732a]
[hydra06:373448] [ 9] /opt/mpi/openmpi-4.1.4//lib/libmpi.so.40(PMPI_Group_incl+0x95)[0x7fa86eb5e185]
malloc(): invalid size (unsorted)
[hydra08:375103] *** Process received signal ***
[hydra07:399829] *** End of error message ***
[hydra02:558629] Signal: Aborted (6)
[hydra02:558629] Signal code:  (-6)
[hydra06:373448] [10] /home/thesis/jheld/MPI_Syrk_implementation/build/src/MPI_SYRK_implementation(+0x841a)[0x55e214fb541a]
[hydra06:373448] [11] /home/thesis/jheld/MPI_Syrk_implementation/build/src/MPI_SYRK_implementation(+0x2ab0)[0x55e214fafab0]
[hydra02:558629] [ 0] /lib/x86_64-linux-gnu/libc.so.6(+0x38de0)[0x7f61f89a0de0]
malloc(): invalid size (unsorted)
[hydra11:353149] [ 3] /lib/x86_64-linux-gnu/libc.so.6(+0x7a468)[0x7fc5e7534468]
[hydra06:373448] [12] /lib/x86_64-linux-gnu/libc.so.6(__libc_start_main+0xea)[0x7fa86cbfcd7a]
[hydra06:373448] [13] /home/thesis/jheld/MPI_Syrk_implementation/build/src/MPI_SYRK_implementation(+0x232a)[0x55e214faf32a]
[hydra02:558629] [ 1] /lib/x86_64-linux-gnu/libc.so.6(gsignal+0x141)[0x7f61f89a0d61]
[hydra12:353175] *** Process received signal ***
[hydra06:373448] *** End of error message ***
[hydra02:558629] [ 2] /lib/x86_64-linux-gnu/libc.so.6(abort+0x123)[0x7f61f898a537]
[hydra12:353175] Signal: Aborted (6)
[hydra12:353175] Signal code:  (-6)
[hydra11:353149] [ 4] /lib/x86_64-linux-gnu/libc.so.6(+0x8175a)[0x7fc5e753b75a]
[hydra02:558629] [ 3] /lib/x86_64-linux-gnu/libc.so.6(+0x7a468)[0x7f61f89e2468]
[hydra12:353175] [ 0] /lib/x86_64-linux-gnu/libc.so.6(+0x38de0)[0x7fa497192de0]
[hydra11:353149] [ 5] /lib/x86_64-linux-gnu/libc.so.6(+0x8483c)[0x7fc5e753e83c]
[hydra02:558629] [ 4] /lib/x86_64-linux-gnu/libc.so.6(+0x8175a)[0x7f61f89e975a]
[hydra12:353175] [ 1] /lib/x86_64-linux-gnu/libc.so.6(gsignal+0x141)[0x7fa497192d61]
[hydra11:353149] [ 6] /lib/x86_64-linux-gnu/libc.so.6(__libc_calloc+0x81)[0x7fc5e7540bd1]
[hydra02:558629] [ 5] /lib/x86_64-linux-gnu/libc.so.6(+0x8483c)[0x7f61f89ec83c]
[hydra12:353175] [ 2] /lib/x86_64-linux-gnu/libc.so.6(abort+0x123)[0x7fa49717c537]
[hydra02:558629] [ 6] /lib/x86_64-linux-gnu/libc.so.6(__libc_calloc+0x81)[0x7f61f89eebd1]
[hydra12:353175] [ 3] /lib/x86_64-linux-gnu/libc.so.6(+0x7a468)[0x7fa4971d4468]
[hydra02:558629] [ 7] /opt/mpi/openmpi-4.1.4//lib/libmpi.so.40(ompi_group_allocate+0x17)[0x7f61fa8bc1e7]
[hydra12:353175] [ 4] /lib/x86_64-linux-gnu/libc.so.6(+0x8175a)[0x7fa4971db75a]
[hydra02:558629] [ 8] /opt/mpi/openmpi-4.1.4//lib/libmpi.so.40(ompi_group_incl_plist+0x65)[0x7f61fa8bc915]
[hydra12:353175] [ 5] /lib/x86_64-linux-gnu/libc.so.6(+0x8483c)[0x7fa4971de83c]
[hydra11:353149] [ 7] /opt/mpi/openmpi-4.1.4//lib/libmpi.so.40(ompi_group_allocate+0x17)[0x7fc5e940e1e7]
[hydra02:558629] [ 9] /opt/mpi/openmpi-4.1.4//lib/libmpi.so.40(PMPI_Group_incl+0x95)[0x7f61fa8ed185]
[hydra12:353175] [ 6] /lib/x86_64-linux-gnu/libc.so.6(__libc_calloc+0x81)[0x7fa4971e0bd1]
[hydra11:353149] [ 8] /opt/mpi/openmpi-4.1.4//lib/libmpi.so.40(ompi_group_incl_plist+0x65)[0x7fc5e940e915]
[hydra02:558629] [10] /home/thesis/jheld/MPI_Syrk_implementation/build/src/MPI_SYRK_implementation(+0x841a)[0x563ba757441a]
[hydra02:558629] [11] /home/thesis/jheld/MPI_Syrk_implementation/build/src/MPI_SYRK_implementation(+0x2ab0)[0x563ba756eab0]
[hydra12:353175] [ 7] /opt/mpi/openmpi-4.1.4//lib/libmpi.so.40(ompi_group_allocate+0x17)[0x7fa4990ae1e7]
[hydra02:558629] [12] /lib/x86_64-linux-gnu/libc.so.6(__libc_start_main+0xea)[0x7f61f898bd7a]
[hydra02:558629] [13] /home/thesis/jheld/MPI_Syrk_implementation/build/src/MPI_SYRK_implementation(+0x232a)[0x563ba756e32a]
[hydra12:353175] [ 8] /opt/mpi/openmpi-4.1.4//lib/libmpi.so.40(ompi_group_incl_plist+0x65)[0x7fa4990ae915]
[hydra02:558629] *** End of error message ***
[hydra12:353175] [ 9] /opt/mpi/openmpi-4.1.4//lib/libmpi.so.40(PMPI_Group_incl+0x95)[0x7fa4990df185]
[hydra11:353149] [ 9] /opt/mpi/openmpi-4.1.4//lib/libmpi.so.40(PMPI_Group_incl+0x95)[0x7fc5e943f185]
[hydra12:353175] [10] /home/thesis/jheld/MPI_Syrk_implementation/build/src/MPI_SYRK_implementation(+0x841a)[0x55f0b150041a]
[hydra11:353149] [10] /home/thesis/jheld/MPI_Syrk_implementation/build/src/MPI_SYRK_implementation(+0x841a)[0x56093ea3741a]
[hydra11:353149] [11] /home/thesis/jheld/MPI_Syrk_implementation/build/src/MPI_SYRK_implementation(+0x2ab0)[0x56093ea31ab0]
[hydra12:353175] [11] /home/thesis/jheld/MPI_Syrk_implementation/build/src/MPI_SYRK_implementation(+0x2ab0)[0x55f0b14faab0]
[hydra11:353149] [12] /lib/x86_64-linux-gnu/libc.so.6(__libc_start_main+0xea)[0x7fc5e74ddd7a]
[hydra12:353175] [12] /lib/x86_64-linux-gnu/libc.so.6(__libc_start_main+0xea)[0x7fa49717dd7a]
[hydra11:353149] [13] /home/thesis/jheld/MPI_Syrk_implementation/build/src/MPI_SYRK_implementation(+0x232a)[0x56093ea3132a]
[hydra11:353149] *** End of error message ***
[hydra12:353175] [13] /home/thesis/jheld/MPI_Syrk_implementation/build/src/MPI_SYRK_implementation(+0x232a)[0x55f0b14fa32a]
[hydra12:353175] *** End of error message ***
[hydra08:375103] Signal: Aborted (6)
[hydra08:375103] Signal code:  (-6)
malloc(): invalid size (unsorted)
[hydra08:375102] *** Process received signal ***
[hydra08:375103] [ 0] /lib/x86_64-linux-gnu/libc.so.6(+0x38de0)[0x7f35eefeede0]
[hydra08:375103] [ 1] /lib/x86_64-linux-gnu/libc.so.6(gsignal+0x141)[0x7f35eefeed61]
[hydra08:375103] [ 2] /lib/x86_64-linux-gnu/libc.so.6(abort+0x123)[0x7f35eefd8537]
[hydra08:375102] Signal: Aborted (6)
[hydra08:375102] Signal code:  (-6)
[hydra08:375103] [ 3] /lib/x86_64-linux-gnu/libc.so.6(+0x7a468)[0x7f35ef030468]
[hydra08:375103] [ 4] /lib/x86_64-linux-gnu/libc.so.6(+0x8175a)[0x7f35ef03775a]
[hydra08:375103] [ 5] /lib/x86_64-linux-gnu/libc.so.6(+0x8483c)[0x7f35ef03a83c]
[hydra08:375103] [ 6] /lib/x86_64-linux-gnu/libc.so.6(__libc_calloc+0x81)[0x7f35ef03cbd1]
[hydra08:375102] [ 0] /lib/x86_64-linux-gnu/libc.so.6(+0x38de0)[0x7fbefc619de0]
[hydra08:375103] [ 7] /opt/mpi/openmpi-4.1.4//lib/libmpi.so.40(ompi_group_allocate+0x17)[0x7f35f0f0a1e7]
malloc(): invalid size (unsorted)
[hydra08:375103] [ 8] /opt/mpi/openmpi-4.1.4//lib/libmpi.so.40(ompi_group_incl_plist+0x65)[0x7f35f0f0a915]
[hydra10:484140] *** Process received signal ***
[hydra08:375102] [ 1] /lib/x86_64-linux-gnu/libc.so.6(gsignal+0x141)[0x7fbefc619d61]
[hydra10:484140] Signal: Aborted (6)
[hydra10:484140] Signal code:  (-6)
[hydra08:375102] [ 2] /lib/x86_64-linux-gnu/libc.so.6(abort+0x123)[0x7fbefc603537]
[hydra10:484140] [ 0] /lib/x86_64-linux-gnu/libc.so.6(+0x38de0)[0x7fdaa4967de0]
[hydra08:375103] [ 9] /opt/mpi/openmpi-4.1.4//lib/libmpi.so.40(PMPI_Group_incl+0x95)[0x7f35f0f3b185]
[hydra10:484140] [ 1] /lib/x86_64-linux-gnu/libc.so.6(gsignal+0x141)[0x7fdaa4967d61]
[hydra08:375103] [10] /home/thesis/jheld/MPI_Syrk_implementation/build/src/MPI_SYRK_implementation(+0x841a)[0x55847704c41a]
[hydra08:375103] [11] /home/thesis/jheld/MPI_Syrk_implementation/build/src/MPI_SYRK_implementation(+0x2ab0)[0x558477046ab0]
[hydra10:484140] [ 2] /lib/x86_64-linux-gnu/libc.so.6(abort+0x123)[0x7fdaa4951537]
[hydra08:375102] [ 3] /lib/x86_64-linux-gnu/libc.so.6(+0x7a468)[0x7fbefc65b468]
[hydra10:484140] [ 3] /lib/x86_64-linux-gnu/libc.so.6(+0x7a468)[0x7fdaa49a9468]
[hydra08:375103] [12] /lib/x86_64-linux-gnu/libc.so.6(__libc_start_main+0xea)[0x7f35eefd9d7a]
[hydra08:375103] [13] /home/thesis/jheld/MPI_Syrk_implementation/build/src/MPI_SYRK_implementation(+0x232a)[0x55847704632a]
[hydra08:375103] *** End of error message ***
[hydra10:484140] [ 4] /lib/x86_64-linux-gnu/libc.so.6(+0x8175a)[0x7fdaa49b075a]
[hydra08:375102] [ 4] /lib/x86_64-linux-gnu/libc.so.6(+0x8175a)[0x7fbefc66275a]
[hydra10:484140] [ 5] /lib/x86_64-linux-gnu/libc.so.6(+0x8483c)[0x7fdaa49b383c]
[hydra08:375102] [ 5] /lib/x86_64-linux-gnu/libc.so.6(+0x8483c)[0x7fbefc66583c]
[hydra10:484140] [ 6] /lib/x86_64-linux-gnu/libc.so.6(__libc_calloc+0x81)[0x7fdaa49b5bd1]
[hydra08:375102] [ 6] /lib/x86_64-linux-gnu/libc.so.6(__libc_calloc+0x81)[0x7fbefc667bd1]
[hydra10:484140] [ 7] /opt/mpi/openmpi-4.1.4//lib/libmpi.so.40(ompi_group_allocate+0x17)[0x7fdaa68831e7]
[hydra10:484140] [ 8] /opt/mpi/openmpi-4.1.4//lib/libmpi.so.40(ompi_group_incl_plist+0x65)[0x7fdaa6883915]
[hydra10:484140] [ 9] /opt/mpi/openmpi-4.1.4//lib/libmpi.so.40(PMPI_Group_incl+0x95)[0x7fdaa68b4185]
[hydra10:484140] [10] /home/thesis/jheld/MPI_Syrk_implementation/build/src/MPI_SYRK_implementation(+0x841a)[0x564eb9ef741a]
[hydra10:484140] [11] /home/thesis/jheld/MPI_Syrk_implementation/build/src/MPI_SYRK_implementation(+0x2ab0)[0x564eb9ef1ab0]
[hydra10:484140] [12] /lib/x86_64-linux-gnu/libc.so.6(__libc_start_main+0xea)[0x7fdaa4952d7a]
[hydra10:484140] [13] /home/thesis/jheld/MPI_Syrk_implementation/build/src/MPI_SYRK_implementation(+0x232a)[0x564eb9ef132a]
[hydra10:484140] *** End of error message ***
malloc(): invalid size (unsorted)
[hydra07:399830] *** Process received signal ***
[hydra07:399830] Signal: Aborted (6)
[hydra07:399830] Signal code:  (-6)
[hydra07:399830] [ 0] /lib/x86_64-linux-gnu/libc.so.6(+0x38de0)[0x7f4e52eecde0]
[hydra07:399830] [ 1] /lib/x86_64-linux-gnu/libc.so.6(gsignal+0x141)[0x7f4e52eecd61]
[hydra07:399830] [ 2] /lib/x86_64-linux-gnu/libc.so.6(abort+0x123)[0x7f4e52ed6537]
[hydra07:399830] [ 3] /lib/x86_64-linux-gnu/libc.so.6(+0x7a468)[0x7f4e52f2e468]
[hydra07:399830] [ 4] /lib/x86_64-linux-gnu/libc.so.6(+0x8175a)[0x7f4e52f3575a]
[hydra07:399830] [ 5] /lib/x86_64-linux-gnu/libc.so.6(+0x8483c)[0x7f4e52f3883c]
[hydra07:399830] [ 6] /lib/x86_64-linux-gnu/libc.so.6(__libc_calloc+0x81)[0x7f4e52f3abd1]
[hydra07:399830] [ 7] /opt/mpi/openmpi-4.1.4//lib/libmpi.so.40(ompi_group_allocate+0x17)[0x7f4e54e081e7]
[hydra07:399830] [ 8] /opt/mpi/openmpi-4.1.4//lib/libmpi.so.40(ompi_group_incl_plist+0x65)[0x7f4e54e08915]
[hydra07:399830] [ 9] /opt/mpi/openmpi-4.1.4//lib/libmpi.so.40(PMPI_Group_incl+0x95)[0x7f4e54e39185]
[hydra07:399830] [10] /home/thesis/jheld/MPI_Syrk_implementation/build/src/MPI_SYRK_implementation(+0x841a)[0x55bc07de341a]
[hydra07:399830] [11] /home/thesis/jheld/MPI_Syrk_implementation/build/src/MPI_SYRK_implementation(+0x2ab0)[0x55bc07dddab0]
[hydra07:399830] [12] /lib/x86_64-linux-gnu/libc.so.6(__libc_start_main+0xea)[0x7f4e52ed7d7a]
[hydra07:399830] [13] /home/thesis/jheld/MPI_Syrk_implementation/build/src/MPI_SYRK_implementation(+0x232a)[0x55bc07ddd32a]
[hydra07:399830] *** End of error message ***
[hydra08:375102] [ 7] /opt/mpi/openmpi-4.1.4//lib/libmpi.so.40(ompi_group_allocate+0x17)[0x7fbefe5351e7]
[hydra08:375102] [ 8] /opt/mpi/openmpi-4.1.4//lib/libmpi.so.40(ompi_group_incl_plist+0x65)[0x7fbefe535915]
[hydra08:375102] [ 9] /opt/mpi/openmpi-4.1.4//lib/libmpi.so.40(PMPI_Group_incl+0x95)[0x7fbefe566185]
[hydra08:375102] [10] /home/thesis/jheld/MPI_Syrk_implementation/build/src/MPI_SYRK_implementation(+0x841a)[0x558cbf04e41a]
[hydra08:375102] [11] /home/thesis/jheld/MPI_Syrk_implementation/build/src/MPI_SYRK_implementation(+0x2ab0)[0x558cbf048ab0]
[hydra08:375102] [12] /lib/x86_64-linux-gnu/libc.so.6(__libc_start_main+0xea)[0x7fbefc604d7a]
[hydra08:375102] [13] /home/thesis/jheld/MPI_Syrk_implementation/build/src/MPI_SYRK_implementation(+0x232a)[0x558cbf04832a]
[hydra08:375102] *** End of error message ***
srun: error: hydra04: task 11: Aborted
srun: error: hydra01: task 1: Aborted
srun: error: hydra03: task 7: Aborted
srun: error: hydra02: task 3: Aborted
srun: error: hydra10: tasks 28-29: Aborted
srun: error: hydra05: task 14: Aborted
srun: error: hydra07: tasks 19-20: Aborted
srun: error: hydra12: tasks 33-34: Aborted
srun: error: hydra11: tasks 31-32: Aborted
srun: error: hydra08: tasks 21-22: Aborted
srun: error: hydra06: tasks 15-16: Aborted
slurmstepd: error:  mpi/pmix_v4: _errhandler: hydra01 [0]: pmixp_client_v2.c:211: Error handler invoked: status = -61, source = [slurm.pmix.5008690.4:1]
slurmstepd: error: *** STEP 5008690.4 ON hydra01 CANCELLED AT 2025-10-13T15:24:43 ***
srun: Job step aborted: Waiting up to 32 seconds for job step to finish.
slurmstepd: error:  mpi/pmix_v4: _errhandler: hydra05 [4]: pmixp_client_v2.c:211: Error handler invoked: status = -61, source = [slurm.pmix.5008690.4:14]
slurmstepd: error:  mpi/pmix_v4: _errhandler: hydra03 [2]: pmixp_client_v2.c:211: Error handler invoked: status = -61, source = [slurm.pmix.5008690.4:7]
slurmstepd: error:  mpi/pmix_v4: _errhandler: hydra06 [5]: pmixp_client_v2.c:211: Error handler invoked: status = -61, source = [slurm.pmix.5008690.4:15]
slurmstepd: error:  mpi/pmix_v4: _errhandler: hydra12 [11]: pmixp_client_v2.c:211: Error handler invoked: status = -61, source = [slurm.pmix.5008690.4:34]
slurmstepd: error:  mpi/pmix_v4: _errhandler: hydra02 [1]: pmixp_client_v2.c:211: Error handler invoked: status = -61, source = [slurm.pmix.5008690.4:3]
slurmstepd: error:  mpi/pmix_v4: _errhandler: hydra04 [3]: pmixp_client_v2.c:211: Error handler invoked: status = -61, source = [slurm.pmix.5008690.4:11]
slurmstepd: error:  mpi/pmix_v4: _errhandler: hydra10 [9]: pmixp_client_v2.c:211: Error handler invoked: status = -61, source = [slurm.pmix.5008690.4:28]
slurmstepd: error:  mpi/pmix_v4: _errhandler: hydra08 [7]: pmixp_client_v2.c:211: Error handler invoked: status = -61, source = [slurm.pmix.5008690.4:22]
slurmstepd: error:  mpi/pmix_v4: _errhandler: hydra11 [10]: pmixp_client_v2.c:211: Error handler invoked: status = -61, source = [slurm.pmix.5008690.4:32]
slurmstepd: error:  mpi/pmix_v4: _errhandler: hydra07 [6]: pmixp_client_v2.c:211: Error handler invoked: status = -61, source = [slurm.pmix.5008690.4:19]
srun: error: hydra08: task 23: Killed
srun: error: hydra06: task 17: Killed
srun: error: hydra07: task 18: Killed
srun: error: hydra10: task 27: Killed
srun: error: hydra12: task 35: Killed
srun: error: hydra11: task 30: Killed
srun: error: hydra05: tasks 12-13: Killed
srun: error: hydra04: tasks 9-10: Killed
srun: error: hydra01: tasks 0,2: Killed
srun: error: hydra03: tasks 6,8: Killed
srun: error: hydra02: tasks 4-5: Killed
srun: error: hydra09: tasks 24-26: Killed
⚠️ Warning: No runtime found for run 5
srun: Warning: can't honor --ntasks-per-node set to 1 which doesn't match the requested tasks 36 with the number of requested nodes 12. Ignoring --ntasks-per-node.
missing input file name --> Generate random input
malloc(): invalid size (unsorted)
[hydra05:372817] *** Process received signal ***
malloc(): invalid size (unsorted)
[hydra03:390115] *** Process received signal ***
[hydra05:372817] Signal: Aborted (6)
[hydra05:372817] Signal code:  (-6)
malloc(): invalid size (unsorted)
[hydra04:388893] *** Process received signal ***
[hydra05:372817] [ 0] /lib/x86_64-linux-gnu/libc.so.6(+0x38de0)[0x7fe1654b0de0]
[hydra05:372817] [ 1] /lib/x86_64-linux-gnu/libc.so.6(gsignal+0x141)[0x7fe1654b0d61]
[hydra05:372817] [ 2] /lib/x86_64-linux-gnu/libc.so.6(abort+0x123)[0x7fe16549a537]
[hydra05:372817] [ 3] /lib/x86_64-linux-gnu/libc.so.6(+0x7a468)[0x7fe1654f2468]
[hydra05:372817] [ 4] /lib/x86_64-linux-gnu/libc.so.6(+0x8175a)[0x7fe1654f975a]
[hydra05:372817] [ 5] /lib/x86_64-linux-gnu/libc.so.6(+0x8483c)[0x7fe1654fc83c]
[hydra05:372817] [ 6] /lib/x86_64-linux-gnu/libc.so.6(__libc_calloc+0x81)[0x7fe1654febd1]
malloc(): invalid size (unsorted)
[hydra11:353218] *** Process received signal ***
[hydra05:372817] [ 7] /opt/mpi/openmpi-4.1.4//lib/libmpi.so.40(ompi_group_allocate+0x17)[0x7fe1673cc1e7]
malloc(): invalid size (unsorted)
[hydra05:372817] [ 8] /opt/mpi/openmpi-4.1.4//lib/libmpi.so.40(ompi_group_incl_plist+0x65)[0x7fe1673cc915]
[hydra05:372817] [ 9] /opt/mpi/openmpi-4.1.4//lib/libmpi.so.40(PMPI_Group_incl+0x95)[0x7fe1673fd185]
[hydra05:372817] [10] /home/thesis/jheld/MPI_Syrk_implementation/build/src/MPI_SYRK_implementation(+0x841a)[0x5616dd85c41a]
[hydra05:372817] [11] /home/thesis/jheld/MPI_Syrk_implementation/build/src/MPI_SYRK_implementation(+0x2ab0)[0x5616dd856ab0]
[hydra05:372817] [12] /lib/x86_64-linux-gnu/libc.so.6(__libc_start_main+0xea)[0x7fe16549bd7a]
[hydra05:372817] [13] /home/thesis/jheld/MPI_Syrk_implementation/build/src/MPI_SYRK_implementation(+0x232a)[0x5616dd85632a]
[hydra05:372817] *** End of error message ***
malloc(): invalid size (unsorted)
[hydra06:373516] *** Process received signal ***
[hydra06:373516] Signal: Aborted (6)
[hydra06:373516] Signal code:  (-6)
malloc(): invalid size (unsorted)
[hydra01:873193] *** Process received signal ***
[hydra01:873193] Signal: Aborted (6)
[hydra01:873193] Signal code:  (-6)
[hydra03:390115] Signal: Aborted (6)
[hydra03:390115] Signal code:  (-6)
[hydra03:390115] [ 0] /lib/x86_64-linux-gnu/libc.so.6(+0x38de0)[0x7f6a6eca6de0]
[hydra03:390115] [ 1] /lib/x86_64-linux-gnu/libc.so.6(gsignal+0x141)[0x7f6a6eca6d61]
[hydra03:390115] [ 2] /lib/x86_64-linux-gnu/libc.so.6(abort+0x123)[0x7f6a6ec90537]
[hydra03:390115] [ 3] /lib/x86_64-linux-gnu/libc.so.6(+0x7a468)[0x7f6a6ece8468]
[hydra03:390115] [ 4] /lib/x86_64-linux-gnu/libc.so.6(+0x8175a)[0x7f6a6ecef75a]
[hydra03:390115] [ 5] /lib/x86_64-linux-gnu/libc.so.6(+0x8483c)[0x7f6a6ecf283c]
[hydra03:390115] [ 6] /lib/x86_64-linux-gnu/libc.so.6(__libc_calloc+0x81)[0x7f6a6ecf4bd1]
[hydra04:388893] Signal: Aborted (6)
[hydra04:388893] Signal code:  (-6)
[hydra03:390115] [ 7] /opt/mpi/openmpi-4.1.4//lib/libmpi.so.40(ompi_group_allocate+0x17)[0x7f6a70bc21e7]
[hydra04:388893] [ 0] /lib/x86_64-linux-gnu/libc.so.6(+0x38de0)[0x7f93c9114de0]
[hydra03:390115] [ 8] /opt/mpi/openmpi-4.1.4//lib/libmpi.so.40(ompi_group_incl_plist+0x65)[0x7f6a70bc2915]
[hydra04:388893] [ 1] /lib/x86_64-linux-gnu/libc.so.6(gsignal+0x141)[0x7f93c9114d61]
[hydra11:353218] Signal: Aborted (6)
[hydra11:353218] Signal code:  (-6)
[hydra03:390115] [ 9] /opt/mpi/openmpi-4.1.4//lib/libmpi.so.40(PMPI_Group_incl+0x95)[0x7f6a70bf3185]
[hydra04:388893] [ 2] /lib/x86_64-linux-gnu/libc.so.6(abort+0x123)[0x7f93c90fe537]
[hydra11:353218] [ 0] /lib/x86_64-linux-gnu/libc.so.6(+0x38de0)[0x7f092bbb5de0]
[hydra03:390115] [10] /home/thesis/jheld/MPI_Syrk_implementation/build/src/MPI_SYRK_implementation(+0x841a)[0x562a8189d41a]
[hydra03:390115] [11] /home/thesis/jheld/MPI_Syrk_implementation/build/src/MPI_SYRK_implementation(+0x2ab0)[0x562a81897ab0]
[hydra04:388893] [ 3] /lib/x86_64-linux-gnu/libc.so.6(+0x7a468)[0x7f93c9156468]
[hydra11:353218] [ 1] /lib/x86_64-linux-gnu/libc.so.6(gsignal+0x141)[0x7f092bbb5d61]
[hydra03:390115] [12] /lib/x86_64-linux-gnu/libc.so.6(__libc_start_main+0xea)[0x7f6a6ec91d7a]
[hydra03:390115] [13] /home/thesis/jheld/MPI_Syrk_implementation/build/src/MPI_SYRK_implementation(+0x232a)[0x562a8189732a]
[hydra04:388893] [ 4] /lib/x86_64-linux-gnu/libc.so.6(+0x8175a)[0x7f93c915d75a]
[hydra11:353218] [ 2] /lib/x86_64-linux-gnu/libc.so.6(abort+0x123)[0x7f092bb9f537]
[hydra03:390115] *** End of error message ***
[hydra04:388893] [ 5] /lib/x86_64-linux-gnu/libc.so.6(+0x8483c)[0x7f93c916083c]
[hydra01:873193] [ 0] /lib/x86_64-linux-gnu/libc.so.6(+0x38de0)[0x7f5c1c327de0]
[hydra11:353218] [ 3] /lib/x86_64-linux-gnu/libc.so.6(+0x7a468)[0x7f092bbf7468]
[hydra04:388893] [ 6] /lib/x86_64-linux-gnu/libc.so.6(__libc_calloc+0x81)[0x7f93c9162bd1]
[hydra01:873193] [ 1] /lib/x86_64-linux-gnu/libc.so.6(gsignal+0x141)[0x7f5c1c327d61]
[hydra11:353218] [ 4] /lib/x86_64-linux-gnu/libc.so.6(+0x8175a)[0x7f092bbfe75a]
malloc(): invalid size (unsorted)
[hydra01:873193] [ 2] /lib/x86_64-linux-gnu/libc.so.6(abort+0x123)[0x7f5c1c311537]
[hydra11:353218] [ 5] /lib/x86_64-linux-gnu/libc.so.6(+0x8483c)[0x7f092bc0183c]
[hydra04:388893] [ 7] /opt/mpi/openmpi-4.1.4//lib/libmpi.so.40(ompi_group_allocate+0x17)[0x7f93cb0301e7]
[hydra11:353218] [ 6] /lib/x86_64-linux-gnu/libc.so.6(__libc_calloc+0x81)[0x7f092bc03bd1]
[hydra04:388893] [ 8] /opt/mpi/openmpi-4.1.4//lib/libmpi.so.40(ompi_group_incl_plist+0x65)[0x7f93cb030915]
[hydra01:873193] [ 3] /lib/x86_64-linux-gnu/libc.so.6(+0x7a468)[0x7f5c1c369468]
malloc(): invalid size (unsorted)
[hydra07:399898] *** Process received signal ***
[hydra11:353218] [ 7] /opt/mpi/openmpi-4.1.4//lib/libmpi.so.40(ompi_group_allocate+0x17)[0x7f092dad11e7]
[hydra04:388893] [ 9] /opt/mpi/openmpi-4.1.4//lib/libmpi.so.40(PMPI_Group_incl+0x95)[0x7f93cb061185]
[hydra04:388893] [10] /home/thesis/jheld/MPI_Syrk_implementation/build/src/MPI_SYRK_implementation(+0x841a)[0x558d47ab641a]
[hydra04:388893] [11] /home/thesis/jheld/MPI_Syrk_implementation/build/src/MPI_SYRK_implementation(+0x2ab0)[0x558d47ab0ab0]
[hydra04:388893] [12] /lib/x86_64-linux-gnu/libc.so.6(__libc_start_main+0xea)[0x7f93c90ffd7a]
[hydra04:388893] [13] /home/thesis/jheld/MPI_Syrk_implementation/build/src/MPI_SYRK_implementation(+0x232a)[0x558d47ab032a]
[hydra04:388893] *** End of error message ***
[hydra06:373516] [ 0] /lib/x86_64-linux-gnu/libc.so.6(+0x38de0)[0x7f5881c7bde0]
[hydra11:353218] [ 8] /opt/mpi/openmpi-4.1.4//lib/libmpi.so.40(ompi_group_incl_plist+0x65)[0x7f092dad1915]
[hydra04:388894] *** Process received signal ***
[hydra04:388894] Signal: Aborted (6)
[hydra04:388894] Signal code:  (-6)
[hydra01:873193] [ 4] /lib/x86_64-linux-gnu/libc.so.6(+0x8175a)[0x7f5c1c37075a]
[hydra06:373516] [ 1] /lib/x86_64-linux-gnu/libc.so.6(gsignal+0x141)[0x7f5881c7bd61]
[hydra12:353246] *** Process received signal ***
[hydra11:353218] [ 9] /opt/mpi/openmpi-4.1.4//lib/libmpi.so.40(PMPI_Group_incl+0x95)[0x7f092db02185]
[hydra01:873193] [ 5] /lib/x86_64-linux-gnu/libc.so.6(+0x8483c)[0x7f5c1c37383c]
[hydra06:373516] [ 2] /lib/x86_64-linux-gnu/libc.so.6(abort+0x123)[0x7f5881c65537]
[hydra12:353246] Signal: Aborted (6)
[hydra12:353246] Signal code:  (-6)
[hydra11:353218] [10] /home/thesis/jheld/MPI_Syrk_implementation/build/src/MPI_SYRK_implementation(+0x841a)[0x55cfa26d641a]
[hydra11:353218] [11] /home/thesis/jheld/MPI_Syrk_implementation/build/src/MPI_SYRK_implementation(+0x2ab0)[0x55cfa26d0ab0]
[hydra06:373516] [ 3] /lib/x86_64-linux-gnu/libc.so.6(+0x7a468)[0x7f5881cbd468]
[hydra12:353246] [ 0] /lib/x86_64-linux-gnu/libc.so.6(+0x38de0)[0x7f7fc0534de0]
[hydra11:353218] [12] /lib/x86_64-linux-gnu/libc.so.6(__libc_start_main+0xea)[0x7f092bba0d7a]
[hydra11:353218] [13] /home/thesis/jheld/MPI_Syrk_implementation/build/src/MPI_SYRK_implementation(+0x232a)[0x55cfa26d032a]
[hydra01:873193] [ 6] /lib/x86_64-linux-gnu/libc.so.6(__libc_calloc+0x81)[0x7f5c1c375bd1]
[hydra06:373516] [ 4] /lib/x86_64-linux-gnu/libc.so.6(+0x8175a)[0x7f5881cc475a]
[hydra12:353246] [ 1] /lib/x86_64-linux-gnu/libc.so.6(gsignal+0x141)[0x7f7fc0534d61]
[hydra11:353218] *** End of error message ***
malloc(): invalid size (unsorted)
[hydra06:373516] [ 5] /lib/x86_64-linux-gnu/libc.so.6(+0x8483c)[0x7f5881cc783c]
[hydra12:353246] [ 2] /lib/x86_64-linux-gnu/libc.so.6(abort+0x123)[0x7f7fc051e537]
[hydra01:873193] [ 7] /opt/mpi/openmpi-4.1.4//lib/libmpi.so.40(ompi_group_allocate+0x17)[0x7f5c1e2431e7]
[hydra06:373516] [ 6] /lib/x86_64-linux-gnu/libc.so.6(__libc_calloc+0x81)[0x7f5881cc9bd1]
[hydra12:353246] [ 3] /lib/x86_64-linux-gnu/libc.so.6(+0x7a468)[0x7f7fc0576468]
malloc(): invalid size (unsorted)
[hydra09:366499] *** Process received signal ***
[hydra09:366499] Signal: Aborted (6)
[hydra09:366499] Signal code:  (-6)
[hydra01:873193] [ 8] /opt/mpi/openmpi-4.1.4//lib/libmpi.so.40(ompi_group_incl_plist+0x65)[0x7f5c1e243915]
[hydra06:373516] [ 7] /opt/mpi/openmpi-4.1.4//lib/libmpi.so.40(ompi_group_allocate+0x17)[0x7f5883b971e7]
[hydra12:353246] [ 4] /lib/x86_64-linux-gnu/libc.so.6(+0x8175a)[0x7f7fc057d75a]
[hydra06:373516] [ 8] /opt/mpi/openmpi-4.1.4//lib/libmpi.so.40(ompi_group_incl_plist+0x65)[0x7f5883b97915]
[hydra12:353246] [ 5] /lib/x86_64-linux-gnu/libc.so.6(+0x8483c)[0x7f7fc058083c]
[hydra01:873193] [ 9] /opt/mpi/openmpi-4.1.4//lib/libmpi.so.40(PMPI_Group_incl+0x95)[0x7f5c1e274185]
[hydra06:373516] [ 9] /opt/mpi/openmpi-4.1.4//lib/libmpi.so.40(PMPI_Group_incl+0x95)[0x7f5883bc8185]
[hydra12:353246] [ 6] /lib/x86_64-linux-gnu/libc.so.6(__libc_calloc+0x81)[0x7f7fc0582bd1]
[hydra01:873193] [10] /home/thesis/jheld/MPI_Syrk_implementation/build/src/MPI_SYRK_implementation(+0x841a)[0x564a3e74c41a]
[hydra06:373516] [10] /home/thesis/jheld/MPI_Syrk_implementation/build/src/MPI_SYRK_implementation(+0x841a)[0x55e014afb41a]
[hydra06:373516] [11] /home/thesis/jheld/MPI_Syrk_implementation/build/src/MPI_SYRK_implementation(+0x2ab0)[0x55e014af5ab0]
[hydra12:353246] [ 7] /opt/mpi/openmpi-4.1.4//lib/libmpi.so.40(ompi_group_allocate+0x17)[0x7f7fc24501e7]
[hydra01:873193] [11] /home/thesis/jheld/MPI_Syrk_implementation/build/src/MPI_SYRK_implementation(+0x2ab0)[0x564a3e746ab0]
[hydra06:373516] [12] /lib/x86_64-linux-gnu/libc.so.6(__libc_start_main+0xea)[0x7f5881c66d7a]
[hydra06:373516] [13] /home/thesis/jheld/MPI_Syrk_implementation/build/src/MPI_SYRK_implementation(+0x232a)[0x55e014af532a]
[hydra12:353246] [ 8] /opt/mpi/openmpi-4.1.4//lib/libmpi.so.40(ompi_group_incl_plist+0x65)[0x7f7fc2450915]
[hydra01:873193] [12] /lib/x86_64-linux-gnu/libc.so.6(__libc_start_main+0xea)[0x7f5c1c312d7a]
[hydra01:873193] [13] /home/thesis/jheld/MPI_Syrk_implementation/build/src/MPI_SYRK_implementation(+0x232a)[0x564a3e74632a]
[hydra01:873193] *** End of error message ***
[hydra06:373516] *** End of error message ***
[hydra12:353246] [ 9] /opt/mpi/openmpi-4.1.4//lib/libmpi.so.40(PMPI_Group_incl+0x95)[0x7f7fc2481185]
[hydra12:353246] [10] /home/thesis/jheld/MPI_Syrk_implementation/build/src/MPI_SYRK_implementation(+0x841a)[0x55827472941a]
[hydra12:353246] [11] /home/thesis/jheld/MPI_Syrk_implementation/build/src/MPI_SYRK_implementation(+0x2ab0)[0x558274723ab0]
[hydra12:353246] [12] /lib/x86_64-linux-gnu/libc.so.6(__libc_start_main+0xea)[0x7f7fc051fd7a]
[hydra12:353246] [13] /home/thesis/jheld/MPI_Syrk_implementation/build/src/MPI_SYRK_implementation(+0x232a)[0x55827472332a]
[hydra12:353246] *** End of error message ***
[hydra04:388894] [ 0] /lib/x86_64-linux-gnu/libc.so.6(+0x38de0)[0x7f1b94850de0]
[hydra04:388894] [ 1] /lib/x86_64-linux-gnu/libc.so.6(gsignal+0x141)[0x7f1b94850d61]
[hydra04:388894] [ 2] /lib/x86_64-linux-gnu/libc.so.6(abort+0x123)[0x7f1b9483a537]
[hydra04:388894] [ 3] /lib/x86_64-linux-gnu/libc.so.6(+0x7a468)[0x7f1b94892468]
[hydra04:388894] [ 4] /lib/x86_64-linux-gnu/libc.so.6(+0x8175a)[0x7f1b9489975a]
[hydra04:388894] [ 5] /lib/x86_64-linux-gnu/libc.so.6(+0x8483c)[0x7f1b9489c83c]
[hydra04:388894] [ 6] /lib/x86_64-linux-gnu/libc.so.6(__libc_calloc+0x81)[0x7f1b9489ebd1]
[hydra04:388894] [ 7] /opt/mpi/openmpi-4.1.4//lib/libmpi.so.40(ompi_group_allocate+0x17)[0x7f1b9676c1e7]
[hydra04:388894] [ 8] /opt/mpi/openmpi-4.1.4//lib/libmpi.so.40(ompi_group_incl_plist+0x65)[0x7f1b9676c915]
[hydra04:388894] [ 9] /opt/mpi/openmpi-4.1.4//lib/libmpi.so.40(PMPI_Group_incl+0x95)[0x7f1b9679d185]
[hydra04:388894] [10] /home/thesis/jheld/MPI_Syrk_implementation/build/src/MPI_SYRK_implementation(+0x841a)[0x55e7fcf0641a]
[hydra04:388894] [11] /home/thesis/jheld/MPI_Syrk_implementation/build/src/MPI_SYRK_implementation(+0x2ab0)[0x55e7fcf00ab0]
[hydra04:388894] [12] /lib/x86_64-linux-gnu/libc.so.6(__libc_start_main+0xea)[0x7f1b9483bd7a]
[hydra04:388894] [13] /home/thesis/jheld/MPI_Syrk_implementation/build/src/MPI_SYRK_implementation(+0x232a)[0x55e7fcf0032a]
[hydra04:388894] *** End of error message ***
[hydra07:399898] Signal: Aborted (6)
[hydra07:399898] Signal code:  (-6)
[hydra07:399898] [ 0] /lib/x86_64-linux-gnu/libc.so.6(+0x38de0)[0x7fecbb97cde0]
[hydra07:399898] [ 1] /lib/x86_64-linux-gnu/libc.so.6(gsignal+0x141)[0x7fecbb97cd61]
[hydra07:399898] [ 2] /lib/x86_64-linux-gnu/libc.so.6(abort+0x123)[0x7fecbb966537]
[hydra07:399898] [ 3] /lib/x86_64-linux-gnu/libc.so.6(+0x7a468)[0x7fecbb9be468]
[hydra07:399898] [ 4] /lib/x86_64-linux-gnu/libc.so.6(+0x8175a)[0x7fecbb9c575a]
[hydra07:399898] [ 5] /lib/x86_64-linux-gnu/libc.so.6(+0x8483c)[0x7fecbb9c883c]
[hydra07:399898] [ 6] /lib/x86_64-linux-gnu/libc.so.6(__libc_calloc+0x81)[0x7fecbb9cabd1]
[hydra09:366499] [ 0] /lib/x86_64-linux-gnu/libc.so.6(+0x38de0)[0x7f5abb5a2de0]
[hydra07:399898] [ 7] /opt/mpi/openmpi-4.1.4//lib/libmpi.so.40(ompi_group_allocate+0x17)[0x7fecbd8981e7]
[hydra09:366499] [ 1] /lib/x86_64-linux-gnu/libc.so.6(gsignal+0x141)[0x7f5abb5a2d61]
[hydra07:399898] [ 8] /opt/mpi/openmpi-4.1.4//lib/libmpi.so.40(ompi_group_incl_plist+0x65)[0x7fecbd898915]
[hydra09:366499] [ 2] /lib/x86_64-linux-gnu/libc.so.6(abort+0x123)[0x7f5abb58c537]
[hydra07:399898] [ 9] /opt/mpi/openmpi-4.1.4//lib/libmpi.so.40(PMPI_Group_incl+0x95)[0x7fecbd8c9185]
[hydra09:366499] [ 3] /lib/x86_64-linux-gnu/libc.so.6(+0x7a468)[0x7f5abb5e4468]
[hydra07:399898] [10] /home/thesis/jheld/MPI_Syrk_implementation/build/src/MPI_SYRK_implementation(+0x841a)[0x55dc12e2241a]
[hydra07:399898] [11] /home/thesis/jheld/MPI_Syrk_implementation/build/src/MPI_SYRK_implementation(+0x2ab0)[0x55dc12e1cab0]
[hydra09:366499] [ 4] /lib/x86_64-linux-gnu/libc.so.6(+0x8175a)[0x7f5abb5eb75a]
[hydra09:366499] [ 5] /lib/x86_64-linux-gnu/libc.so.6(+0x8483c)[0x7f5abb5ee83c]
[hydra09:366499] [ 6] /lib/x86_64-linux-gnu/libc.so.6(__libc_calloc+0x81)[0x7f5abb5f0bd1]
[hydra02:558713] *** Process received signal ***
[hydra09:366499] [ 7] /opt/mpi/openmpi-4.1.4//lib/libmpi.so.40(ompi_group_allocate+0x17)[0x7f5abd4be1e7]
[hydra02:558713] Signal: Aborted (6)
[hydra02:558713] Signal code:  (-6)
[hydra07:399898] [12] /lib/x86_64-linux-gnu/libc.so.6(__libc_start_main+0xea)[0x7fecbb967d7a]
[hydra07:399898] [13] /home/thesis/jheld/MPI_Syrk_implementation/build/src/MPI_SYRK_implementation(+0x232a)[0x55dc12e1c32a]
[hydra09:366499] [ 8] /opt/mpi/openmpi-4.1.4//lib/libmpi.so.40(ompi_group_incl_plist+0x65)[0x7f5abd4be915]
[hydra02:558713] [ 0] /lib/x86_64-linux-gnu/libc.so.6(+0x38de0)[0x7f0b3d62ade0]
[hydra07:399898] *** End of error message ***
[hydra09:366499] [ 9] /opt/mpi/openmpi-4.1.4//lib/libmpi.so.40(PMPI_Group_incl+0x95)[0x7f5abd4ef185]
[hydra02:558713] [ 1] /lib/x86_64-linux-gnu/libc.so.6(gsignal+0x141)[0x7f0b3d62ad61]
[hydra09:366499] [10] /home/thesis/jheld/MPI_Syrk_implementation/build/src/MPI_SYRK_implementation(+0x841a)[0x5625c545741a]
[hydra09:366499] [11] /home/thesis/jheld/MPI_Syrk_implementation/build/src/MPI_SYRK_implementation(+0x2ab0)[0x5625c5451ab0]
[hydra02:558713] [ 2] /lib/x86_64-linux-gnu/libc.so.6(abort+0x123)[0x7f0b3d614537]
[hydra09:366499] [12] /lib/x86_64-linux-gnu/libc.so.6(__libc_start_main+0xea)[0x7f5abb58dd7a]
[hydra09:366499] [13] /home/thesis/jheld/MPI_Syrk_implementation/build/src/MPI_SYRK_implementation(+0x232a)[0x5625c545132a]
[hydra02:558713] [ 3] /lib/x86_64-linux-gnu/libc.so.6(+0x7a468)[0x7f0b3d66c468]
[hydra09:366499] *** End of error message ***
[hydra02:558713] [ 4] /lib/x86_64-linux-gnu/libc.so.6(+0x8175a)[0x7f0b3d67375a]
[hydra02:558713] [ 5] /lib/x86_64-linux-gnu/libc.so.6(+0x8483c)[0x7f0b3d67683c]
[hydra02:558713] [ 6] /lib/x86_64-linux-gnu/libc.so.6(__libc_calloc+0x81)[0x7f0b3d678bd1]
[hydra02:558713] [ 7] /opt/mpi/openmpi-4.1.4//lib/libmpi.so.40(ompi_group_allocate+0x17)[0x7f0b3f5461e7]
[hydra02:558713] [ 8] /opt/mpi/openmpi-4.1.4//lib/libmpi.so.40(ompi_group_incl_plist+0x65)[0x7f0b3f546915]
[hydra02:558713] [ 9] /opt/mpi/openmpi-4.1.4//lib/libmpi.so.40(PMPI_Group_incl+0x95)[0x7f0b3f577185]
[hydra02:558713] [10] /home/thesis/jheld/MPI_Syrk_implementation/build/src/MPI_SYRK_implementation(+0x841a)[0x562e9afd541a]
[hydra02:558713] [11] /home/thesis/jheld/MPI_Syrk_implementation/build/src/MPI_SYRK_implementation(+0x2ab0)[0x562e9afcfab0]
[hydra02:558713] [12] /lib/x86_64-linux-gnu/libc.so.6(__libc_start_main+0xea)[0x7f0b3d615d7a]
[hydra02:558713] [13] /home/thesis/jheld/MPI_Syrk_implementation/build/src/MPI_SYRK_implementation(+0x232a)[0x562e9afcf32a]
[hydra02:558713] *** End of error message ***
malloc(): invalid size (unsorted)
[hydra11:353216] *** Process received signal ***
[hydra11:353216] Signal: Aborted (6)
[hydra11:353216] Signal code:  (-6)
[hydra11:353216] [ 0] /lib/x86_64-linux-gnu/libc.so.6(+0x38de0)[0x7f0457951de0]
[hydra11:353216] [ 1] /lib/x86_64-linux-gnu/libc.so.6(gsignal+0x141)[0x7f0457951d61]
[hydra11:353216] [ 2] /lib/x86_64-linux-gnu/libc.so.6(abort+0x123)[0x7f045793b537]
[hydra11:353216] [ 3] /lib/x86_64-linux-gnu/libc.so.6(+0x7a468)[0x7f0457993468]
[hydra11:353216] [ 4] /lib/x86_64-linux-gnu/libc.so.6(+0x8175a)[0x7f045799a75a]
[hydra11:353216] [ 5] /lib/x86_64-linux-gnu/libc.so.6(+0x8483c)[0x7f045799d83c]
[hydra11:353216] [ 6] /lib/x86_64-linux-gnu/libc.so.6(__libc_calloc+0x81)[0x7f045799fbd1]
[hydra11:353216] [ 7] /opt/mpi/openmpi-4.1.4//lib/libmpi.so.40(ompi_group_allocate+0x17)[0x7f045986d1e7]
[hydra11:353216] [ 8] /opt/mpi/openmpi-4.1.4//lib/libmpi.so.40(ompi_group_incl_plist+0x65)[0x7f045986d915]
[hydra11:353216] [ 9] /opt/mpi/openmpi-4.1.4//lib/libmpi.so.40(PMPI_Group_incl+0x95)[0x7f045989e185]
[hydra11:353216] [10] /home/thesis/jheld/MPI_Syrk_implementation/build/src/MPI_SYRK_implementation(+0x841a)[0x561fa9b6b41a]
[hydra11:353216] [11] /home/thesis/jheld/MPI_Syrk_implementation/build/src/MPI_SYRK_implementation(+0x2ab0)[0x561fa9b65ab0]
[hydra11:353216] [12] /lib/x86_64-linux-gnu/libc.so.6(__libc_start_main+0xea)[0x7f045793cd7a]
[hydra11:353216] [13] /home/thesis/jheld/MPI_Syrk_implementation/build/src/MPI_SYRK_implementation(+0x232a)[0x561fa9b6532a]
[hydra11:353216] *** End of error message ***
malloc(): invalid size (unsorted)
malloc(): invalid size (unsorted)
malloc(): invalid size (unsorted)
[hydra07:399899] *** Process received signal ***
[hydra07:399899] Signal: Aborted (6)
[hydra07:399899] Signal code:  (-6)
[hydra07:399899] [ 0] /lib/x86_64-linux-gnu/libc.so.6(+0x38de0)[0x7fbc1197dde0]
[hydra07:399899] [ 1] /lib/x86_64-linux-gnu/libc.so.6(gsignal+0x141)[0x7fbc1197dd61]
[hydra07:399899] [ 2] /lib/x86_64-linux-gnu/libc.so.6(abort+0x123)[0x7fbc11967537]
[hydra07:399899] [ 3] /lib/x86_64-linux-gnu/libc.so.6(+0x7a468)[0x7fbc119bf468]
[hydra07:399899] [ 4] /lib/x86_64-linux-gnu/libc.so.6(+0x8175a)[0x7fbc119c675a]
malloc(): invalid size (unsorted)
[hydra07:399899] [ 5] /lib/x86_64-linux-gnu/libc.so.6(+0x8483c)[0x7fbc119c983c]
[hydra06:373515] *** Process received signal ***
[hydra07:399899] [ 6] /lib/x86_64-linux-gnu/libc.so.6(__libc_calloc+0x81)[0x7fbc119cbbd1]
[hydra06:373515] Signal: Aborted (6)
[hydra06:373515] Signal code:  (-6)
[hydra07:399899] [ 7] /opt/mpi/openmpi-4.1.4//lib/libmpi.so.40(ompi_group_allocate+0x17)[0x7fbc138991e7]
[hydra06:373515] [ 0] /lib/x86_64-linux-gnu/libc.so.6(+0x38de0)[0x7fa7e2295de0]
[hydra07:399899] [ 8] /opt/mpi/openmpi-4.1.4//lib/libmpi.so.40(ompi_group_incl_plist+0x65)[0x7fbc13899915]
[hydra06:373515] [ 1] /lib/x86_64-linux-gnu/libc.so.6(gsignal+0x141)[0x7fa7e2295d61]
[hydra07:399899] [ 9] /opt/mpi/openmpi-4.1.4//lib/libmpi.so.40(PMPI_Group_incl+0x95)[0x7fbc138ca185]
[hydra06:373515] [ 2] /lib/x86_64-linux-gnu/libc.so.6(abort+0x123)[0x7fa7e227f537]
[hydra07:399899] [10] /home/thesis/jheld/MPI_Syrk_implementation/build/src/MPI_SYRK_implementation(+0x841a)[0x55905be2c41a]
[hydra07:399899] [11] /home/thesis/jheld/MPI_Syrk_implementation/build/src/MPI_SYRK_implementation(+0x2ab0)[0x55905be26ab0]
[hydra06:373515] [ 3] /lib/x86_64-linux-gnu/libc.so.6(+0x7a468)[0x7fa7e22d7468]
[hydra06:373515] [ 4] /lib/x86_64-linux-gnu/libc.so.6(+0x8175a)[0x7fa7e22de75a]
[hydra06:373515] [ 5] /lib/x86_64-linux-gnu/libc.so.6(+0x8483c)[0x7fa7e22e183c]
[hydra07:399899] [12] /lib/x86_64-linux-gnu/libc.so.6(__libc_start_main+0xea)[0x7fbc11968d7a]
[hydra07:399899] [13] /home/thesis/jheld/MPI_Syrk_implementation/build/src/MPI_SYRK_implementation(+0x232a)[0x55905be2632a]
[hydra06:373515] [ 6] /lib/x86_64-linux-gnu/libc.so.6(__libc_calloc+0x81)[0x7fa7e22e3bd1]
[hydra07:399899] *** End of error message ***
[hydra06:373515] [ 7] /opt/mpi/openmpi-4.1.4//lib/libmpi.so.40(ompi_group_allocate+0x17)[0x7fa7e41b11e7]
[hydra06:373515] [ 8] /opt/mpi/openmpi-4.1.4//lib/libmpi.so.40(ompi_group_incl_plist+0x65)[0x7fa7e41b1915]
[hydra06:373515] [ 9] /opt/mpi/openmpi-4.1.4//lib/libmpi.so.40(PMPI_Group_incl+0x95)[0x7fa7e41e2185]
[hydra06:373515] [10] /home/thesis/jheld/MPI_Syrk_implementation/build/src/MPI_SYRK_implementation(+0x841a)[0x555e1145041a]
[hydra06:373515] [11] /home/thesis/jheld/MPI_Syrk_implementation/build/src/MPI_SYRK_implementation(+0x2ab0)[0x555e1144aab0]
[hydra06:373515] [12] /lib/x86_64-linux-gnu/libc.so.6(__libc_start_main+0xea)[0x7fa7e2280d7a]
[hydra06:373515] [13] /home/thesis/jheld/MPI_Syrk_implementation/build/src/MPI_SYRK_implementation(+0x232a)[0x555e1144a32a]
[hydra06:373515] *** End of error message ***
[hydra10:484210] *** Process received signal ***
[hydra10:484210] Signal: Aborted (6)
[hydra10:484210] Signal code:  (-6)
[hydra10:484210] [ 0] /lib/x86_64-linux-gnu/libc.so.6(+0x38de0)[0x7fabb284fde0]
[hydra10:484210] [ 1] /lib/x86_64-linux-gnu/libc.so.6(gsignal+0x141)[0x7fabb284fd61]
[hydra10:484210] [ 2] /lib/x86_64-linux-gnu/libc.so.6(abort+0x123)[0x7fabb2839537]
[hydra08:375173] *** Process received signal ***
[hydra10:484210] [ 3] /lib/x86_64-linux-gnu/libc.so.6(+0x7a468)[0x7fabb2891468]
[hydra08:375173] Signal: Aborted (6)
[hydra08:375173] Signal code:  (-6)
[hydra10:484210] [ 4] /lib/x86_64-linux-gnu/libc.so.6(+0x8175a)[0x7fabb289875a]
[hydra08:375173] [ 0] /lib/x86_64-linux-gnu/libc.so.6(+0x38de0)[0x7fa594d63de0]
[hydra10:484210] [ 5] /lib/x86_64-linux-gnu/libc.so.6(+0x8483c)[0x7fabb289b83c]
[hydra08:375173] [ 1] /lib/x86_64-linux-gnu/libc.so.6(gsignal+0x141)[0x7fa594d63d61]
[hydra10:484210] [ 6] /lib/x86_64-linux-gnu/libc.so.6(__libc_calloc+0x81)[0x7fabb289dbd1]
[hydra08:375173] [ 2] /lib/x86_64-linux-gnu/libc.so.6(abort+0x123)[0x7fa594d4d537]
[hydra10:484210] [ 7] /opt/mpi/openmpi-4.1.4//lib/libmpi.so.40(ompi_group_allocate+0x17)[0x7fabb476b1e7]
[hydra08:375173] [ 3] /lib/x86_64-linux-gnu/libc.so.6(+0x7a468)[0x7fa594da5468]
[hydra10:484210] [ 8] /opt/mpi/openmpi-4.1.4//lib/libmpi.so.40(ompi_group_incl_plist+0x65)[0x7fabb476b915]
[hydra08:375173] [ 4] /lib/x86_64-linux-gnu/libc.so.6(+0x8175a)[0x7fa594dac75a]
[hydra10:484210] [ 9] /opt/mpi/openmpi-4.1.4//lib/libmpi.so.40(PMPI_Group_incl+0x95)[0x7fabb479c185]
[hydra08:375173] [ 5] /lib/x86_64-linux-gnu/libc.so.6(+0x8483c)[0x7fa594daf83c]
[hydra10:484210] [10] /home/thesis/jheld/MPI_Syrk_implementation/build/src/MPI_SYRK_implementation(+0x841a)[0x55659c85141a]
[hydra10:484210] [11] /home/thesis/jheld/MPI_Syrk_implementation/build/src/MPI_SYRK_implementation(+0x2ab0)[0x55659c84bab0]
[hydra08:375173] [ 6] /lib/x86_64-linux-gnu/libc.so.6(__libc_calloc+0x81)[0x7fa594db1bd1]
[hydra10:484210] [12] /lib/x86_64-linux-gnu/libc.so.6(__libc_start_main+0xea)[0x7fabb283ad7a]
[hydra10:484210] [13] /home/thesis/jheld/MPI_Syrk_implementation/build/src/MPI_SYRK_implementation(+0x232a)[0x55659c84b32a]
[hydra08:375173] [ 7] /opt/mpi/openmpi-4.1.4//lib/libmpi.so.40(ompi_group_allocate+0x17)[0x7fa596c7f1e7]
[hydra10:484210] *** End of error message ***
[hydra08:375173] [ 8] /opt/mpi/openmpi-4.1.4//lib/libmpi.so.40(ompi_group_incl_plist+0x65)[0x7fa596c7f915]
[hydra08:375173] [ 9] /opt/mpi/openmpi-4.1.4//lib/libmpi.so.40(PMPI_Group_incl+0x95)[0x7fa596cb0185]
[hydra08:375173] [10] /home/thesis/jheld/MPI_Syrk_implementation/build/src/MPI_SYRK_implementation(+0x841a)[0x563b7844641a]
[hydra08:375173] [11] /home/thesis/jheld/MPI_Syrk_implementation/build/src/MPI_SYRK_implementation(+0x2ab0)[0x563b78440ab0]
[hydra08:375173] [12] /lib/x86_64-linux-gnu/libc.so.6(__libc_start_main+0xea)[0x7fa594d4ed7a]
[hydra08:375173] [13] /home/thesis/jheld/MPI_Syrk_implementation/build/src/MPI_SYRK_implementation(+0x232a)[0x563b7844032a]
[hydra08:375173] *** End of error message ***
srun: error: hydra08: task 23: Aborted
srun: error: hydra10: task 27: Aborted
srun: error: hydra09: task 24: Aborted
srun: error: hydra01: task 1: Aborted
srun: error: hydra05: task 13: Aborted
srun: error: hydra12: task 35: Aborted
srun: error: hydra03: task 7: Aborted
srun: error: hydra02: task 5: Aborted
srun: error: hydra07: tasks 19-20: Aborted
srun: error: hydra06: tasks 15-16: Aborted
srun: error: hydra04: tasks 9-10: Aborted
srun: error: hydra11: tasks 30,32: Aborted
slurmstepd: error:  mpi/pmix_v4: _errhandler: hydra05 [4]: pmixp_client_v2.c:211: Error handler invoked: status = -61, source = [slurm.pmix.5008690.5:13]
slurmstepd: error:  mpi/pmix_v4: _errhandler: hydra12 [11]: pmixp_client_v2.c:211: Error handler invoked: status = -61, source = [slurm.pmix.5008690.5:35]
slurmstepd: error:  mpi/pmix_v4: _errhandler: hydra03 [2]: pmixp_client_v2.c:211: Error handler invoked: status = -61, source = [slurm.pmix.5008690.5:7]
slurmstepd: error:  mpi/pmix_v4: _errhandler: hydra01 [0]: pmixp_client_v2.c:211: Error handler invoked: status = -61, source = [slurm.pmix.5008690.5:1]
slurmstepd: error:  mpi/pmix_v4: _errhandler: hydra09 [8]: pmixp_client_v2.c:211: Error handler invoked: status = -61, source = [slurm.pmix.5008690.5:24]
slurmstepd: error:  mpi/pmix_v4: _errhandler: hydra02 [1]: pmixp_client_v2.c:211: Error handler invoked: status = -61, source = [slurm.pmix.5008690.5:5]
slurmstepd: error:  mpi/pmix_v4: _errhandler: hydra04 [3]: pmixp_client_v2.c:211: Error handler invoked: status = -61, source = [slurm.pmix.5008690.5:9]
slurmstepd: error:  mpi/pmix_v4: _errhandler: hydra11 [10]: pmixp_client_v2.c:211: Error handler invoked: status = -61, source = [slurm.pmix.5008690.5:32]
slurmstepd: error:  mpi/pmix_v4: _errhandler: hydra08 [7]: pmixp_client_v2.c:211: Error handler invoked: status = -61, source = [slurm.pmix.5008690.5:23]
slurmstepd: error:  mpi/pmix_v4: _errhandler: hydra06 [5]: pmixp_client_v2.c:211: Error handler invoked: status = -61, source = [slurm.pmix.5008690.5:16]
slurmstepd: error:  mpi/pmix_v4: _errhandler: hydra10 [9]: pmixp_client_v2.c:211: Error handler invoked: status = -61, source = [slurm.pmix.5008690.5:27]
slurmstepd: error:  mpi/pmix_v4: _errhandler: hydra07 [6]: pmixp_client_v2.c:211: Error handler invoked: status = -61, source = [slurm.pmix.5008690.5:19]
slurmstepd: error: *** STEP 5008690.5 ON hydra01 CANCELLED AT 2025-10-13T15:24:54 ***
srun: Job step aborted: Waiting up to 32 seconds for job step to finish.
srun: error: hydra06: task 17: Killed
srun: error: hydra11: task 31: Killed
srun: error: hydra04: task 11: Killed
srun: error: hydra07: task 18: Killed
srun: error: hydra05: tasks 12,14: Killed
srun: error: hydra09: tasks 25-26: Killed
srun: error: hydra10: tasks 28-29: Killed
srun: error: hydra03: tasks 6,8: Killed
srun: error: hydra08: tasks 21-22: Killed
srun: error: hydra01: tasks 0,2: Killed
srun: error: hydra12: tasks 33-34: Killed
srun: error: hydra02: tasks 3-4: Killed
⚠️ Warning: No runtime found for run 6
srun: Warning: can't honor --ntasks-per-node set to 1 which doesn't match the requested tasks 36 with the number of requested nodes 12. Ignoring --ntasks-per-node.
missing input file name --> Generate random input
malloc(): invalid size (unsorted)
[hydra02:558797] *** Process received signal ***
malloc(): invalid size (unsorted)
[hydra04:388965] *** Process received signal ***
[hydra02:558797] Signal: Aborted (6)
[hydra02:558797] Signal code:  (-6)
[hydra02:558797] [ 0] /lib/x86_64-linux-gnu/libc.so.6(+0x38de0)[0x7f6f50c9ede0]
[hydra02:558797] [ 1] /lib/x86_64-linux-gnu/libc.so.6(gsignal+0x141)[0x7f6f50c9ed61]
[hydra02:558797] [ 2] /lib/x86_64-linux-gnu/libc.so.6(abort+0x123)[0x7f6f50c88537]
[hydra02:558797] [ 3] /lib/x86_64-linux-gnu/libc.so.6(+0x7a468)[0x7f6f50ce0468]
[hydra02:558797] [ 4] /lib/x86_64-linux-gnu/libc.so.6(+0x8175a)[0x7f6f50ce775a]
[hydra02:558797] [ 5] /lib/x86_64-linux-gnu/libc.so.6(+0x8483c)[0x7f6f50cea83c]
[hydra02:558797] [ 6] /lib/x86_64-linux-gnu/libc.so.6(__libc_calloc+0x81)[0x7f6f50cecbd1]
[hydra02:558797] [ 7] /opt/mpi/openmpi-4.1.4//lib/libmpi.so.40(ompi_group_allocate+0x17)[0x7f6f52bba1e7]
[hydra02:558797] [ 8] /opt/mpi/openmpi-4.1.4//lib/libmpi.so.40(ompi_group_incl_plist+0x65)[0x7f6f52bba915]
[hydra02:558797] [ 9] /opt/mpi/openmpi-4.1.4//lib/libmpi.so.40(PMPI_Group_incl+0x95)[0x7f6f52beb185]
[hydra02:558797] [10] /home/thesis/jheld/MPI_Syrk_implementation/build/src/MPI_SYRK_implementation(+0x841a)[0x5586ff48341a]
[hydra02:558797] [11] /home/thesis/jheld/MPI_Syrk_implementation/build/src/MPI_SYRK_implementation(+0x2ab0)[0x5586ff47dab0]
[hydra02:558797] [12] /lib/x86_64-linux-gnu/libc.so.6(__libc_start_main+0xea)[0x7f6f50c89d7a]
[hydra02:558797] [13] /home/thesis/jheld/MPI_Syrk_implementation/build/src/MPI_SYRK_implementation(+0x232a)[0x5586ff47d32a]
[hydra02:558797] *** End of error message ***
[hydra04:388965] Signal: Aborted (6)
[hydra04:388965] Signal code:  (-6)
malloc(): invalid size (unsorted)
[hydra04:388967] *** Process received signal ***
[hydra04:388967] Signal: Aborted (6)
[hydra04:388967] Signal code:  (-6)
[hydra04:388965] [ 0] /lib/x86_64-linux-gnu/libc.so.6(+0x38de0)[0x7f0562b5cde0]
[hydra04:388965] [ 1] /lib/x86_64-linux-gnu/libc.so.6(gsignal+0x141)[0x7f0562b5cd61]
[hydra04:388967] [ 0] /lib/x86_64-linux-gnu/libc.so.6(+0x38de0)[0x7f00c7a2bde0]
[hydra04:388965] [ 2] /lib/x86_64-linux-gnu/libc.so.6(abort+0x123)[0x7f0562b46537]
[hydra04:388967] [ 1] /lib/x86_64-linux-gnu/libc.so.6(gsignal+0x141)[0x7f00c7a2bd61]
[hydra04:388965] [ 3] /lib/x86_64-linux-gnu/libc.so.6(+0x7a468)[0x7f0562b9e468]
[hydra04:388967] [ 2] /lib/x86_64-linux-gnu/libc.so.6(abort+0x123)[0x7f00c7a15537]
[hydra04:388965] [ 4] /lib/x86_64-linux-gnu/libc.so.6(+0x8175a)[0x7f0562ba575a]
[hydra04:388967] [ 3] /lib/x86_64-linux-gnu/libc.so.6(+0x7a468)[0x7f00c7a6d468]
malloc(): invalid size (unsorted)
[hydra06:373587] *** Process received signal ***
[hydra04:388965] [ 5] /lib/x86_64-linux-gnu/libc.so.6(+0x8483c)[0x7f0562ba883c]
[hydra04:388967] [ 4] /lib/x86_64-linux-gnu/libc.so.6(+0x8175a)[0x7f00c7a7475a]
[hydra04:388965] [ 6] /lib/x86_64-linux-gnu/libc.so.6(__libc_calloc+0x81)[0x7f0562baabd1]
[hydra04:388967] [ 5] /lib/x86_64-linux-gnu/libc.so.6(+0x8483c)[0x7f00c7a7783c]
[hydra04:388965] [ 7] /opt/mpi/openmpi-4.1.4//lib/libmpi.so.40(ompi_group_allocate+0x17)[0x7f0564a781e7]
[hydra04:388967] [ 6] /lib/x86_64-linux-gnu/libc.so.6(__libc_calloc+0x81)[0x7f00c7a79bd1]
[hydra04:388965] [ 8] /opt/mpi/openmpi-4.1.4//lib/libmpi.so.40(ompi_group_incl_plist+0x65)[0x7f0564a78915]
[hydra04:388967] [ 7] /opt/mpi/openmpi-4.1.4//lib/libmpi.so.40(ompi_group_allocate+0x17)[0x7f00c99471e7]
malloc(): invalid size (unsorted)
[hydra08:375244] *** Process received signal ***
[hydra08:375244] Signal: Aborted (6)
[hydra08:375244] Signal code:  (-6)
[hydra04:388967] [ 8] /opt/mpi/openmpi-4.1.4//lib/libmpi.so.40(ompi_group_incl_plist+0x65)[0x7f00c9947915]
[hydra04:388965] [ 9] /opt/mpi/openmpi-4.1.4//lib/libmpi.so.40(PMPI_Group_incl+0x95)[0x7f0564aa9185]
[hydra04:388965] [10] /home/thesis/jheld/MPI_Syrk_implementation/build/src/MPI_SYRK_implementation(+0x841a)[0x563cbd66941a]
malloc(): invalid size (unsorted)
malloc(): invalid size (unsorted)
[hydra01:873293] *** Process received signal ***
[hydra01:873293] Signal: Aborted (6)
[hydra01:873293] Signal code:  (-6)
[hydra06:373587] Signal: Aborted (6)
[hydra06:373587] Signal code:  (-6)
[hydra01:873293] [ 0] /lib/x86_64-linux-gnu/libc.so.6(+0x38de0)[0x7f81b7ad0de0]
[hydra06:373587] [ 0] /lib/x86_64-linux-gnu/libc.so.6(+0x38de0)[0x7efd21798de0]
[hydra01:873293] [ 1] /lib/x86_64-linux-gnu/libc.so.6(gsignal+0x141)[0x7f81b7ad0d61]
malloc(): invalid size (unsorted)
[hydra06:373587] [ 1] /lib/x86_64-linux-gnu/libc.so.6(gsignal+0x141)[0x7efd21798d61]
[hydra01:873293] [ 2] /lib/x86_64-linux-gnu/libc.so.6(abort+0x123)[0x7f81b7aba537]
[hydra08:375243] *** Process received signal ***
[hydra06:373587] [ 2] /lib/x86_64-linux-gnu/libc.so.6(abort+0x123)[0x7efd21782537]
malloc(): invalid size (unsorted)
[hydra10:484290] *** Process received signal ***
[hydra01:873293] [ 3] /lib/x86_64-linux-gnu/libc.so.6(+0x7a468)[0x7f81b7b12468]
[hydra08:375243] Signal: Aborted (6)
[hydra08:375243] Signal code:  (-6)
[hydra06:373587] [ 3] /lib/x86_64-linux-gnu/libc.so.6(+0x7a468)[0x7efd217da468]
[hydra01:873293] [ 4] /lib/x86_64-linux-gnu/libc.so.6(+0x8175a)[0x7f81b7b1975a]
[hydra08:375244] [ 0] /lib/x86_64-linux-gnu/libc.so.6(+0x38de0)[0x7f80601b5de0]
[hydra06:373587] [ 4] /lib/x86_64-linux-gnu/libc.so.6(+0x8175a)[0x7efd217e175a]
[hydra01:873293] [ 5] /lib/x86_64-linux-gnu/libc.so.6(+0x8483c)[0x7f81b7b1c83c]
[hydra08:375244] [ 1] /lib/x86_64-linux-gnu/libc.so.6(gsignal+0x141)[0x7f80601b5d61]
[hydra06:373587] [ 5] /lib/x86_64-linux-gnu/libc.so.6(+0x8483c)[0x7efd217e483c]
[hydra01:873293] [ 6] /lib/x86_64-linux-gnu/libc.so.6(__libc_calloc+0x81)[0x7f81b7b1ebd1]
[hydra08:375244] [ 2] /lib/x86_64-linux-gnu/libc.so.6(abort+0x123)[0x7f806019f537]
[hydra06:373587] [ 6] /lib/x86_64-linux-gnu/libc.so.6(__libc_calloc+0x81)[0x7efd217e6bd1]
[hydra01:873293] [ 7] /opt/mpi/openmpi-4.1.4//lib/libmpi.so.40(ompi_group_allocate+0x17)[0x7f81b99ec1e7]
[hydra08:375243] [ 0] /lib/x86_64-linux-gnu/libc.so.6(+0x38de0)[0x7fe717a08de0]
[hydra06:373587] [ 7] /opt/mpi/openmpi-4.1.4//lib/libmpi.so.40(ompi_group_allocate+0x17)[0x7efd236b41e7]
[hydra01:873293] [ 8] /opt/mpi/openmpi-4.1.4//lib/libmpi.so.40(ompi_group_incl_plist+0x65)[0x7f81b99ec915]
[hydra08:375244] [ 3] /lib/x86_64-linux-gnu/libc.so.6(+0x7a468)[0x7f80601f7468]
[hydra06:373587] [ 8] /opt/mpi/openmpi-4.1.4//lib/libmpi.so.40(ompi_group_incl_plist+0x65)[0x7efd236b4915]
[hydra08:375243] [ 1] /lib/x86_64-linux-gnu/libc.so.6(gsignal+0x141)[0x7fe717a08d61]
[hydra06:373587] [ 9] /opt/mpi/openmpi-4.1.4//lib/libmpi.so.40(PMPI_Group_incl+0x95)[0x7efd236e5185]
[hydra01:873293] [ 9] /opt/mpi/openmpi-4.1.4//lib/libmpi.so.40(PMPI_Group_incl+0x95)[0x7f81b9a1d185]
[hydra08:375244] [ 4] /lib/x86_64-linux-gnu/libc.so.6(+0x8175a)[0x7f80601fe75a]
[hydra06:373587] [10] /home/thesis/jheld/MPI_Syrk_implementation/build/src/MPI_SYRK_implementation(+0x841a)[0x55f6d01aa41a]
[hydra06:373587] [11] /home/thesis/jheld/MPI_Syrk_implementation/build/src/MPI_SYRK_implementation(+0x2ab0)[0x55f6d01a4ab0]
[hydra01:873293] [10] /home/thesis/jheld/MPI_Syrk_implementation/build/src/MPI_SYRK_implementation(+0x841a)[0x55900f94141a]
[hydra01:873293] [11] /home/thesis/jheld/MPI_Syrk_implementation/build/src/MPI_SYRK_implementation(+0x2ab0)[0x55900f93bab0]
[hydra08:375243] [ 2] /lib/x86_64-linux-gnu/libc.so.6(abort+0x123)[0x7fe7179f2537]
[hydra06:373587] [12] /lib/x86_64-linux-gnu/libc.so.6(__libc_start_main+0xea)[0x7efd21783d7a]
[hydra06:373587] [13] /home/thesis/jheld/MPI_Syrk_implementation/build/src/MPI_SYRK_implementation(+0x232a)[0x55f6d01a432a]
[hydra07:399970] *** Process received signal ***
[hydra01:873293] [12] /lib/x86_64-linux-gnu/libc.so.6(__libc_start_main+0xea)[0x7f81b7abbd7a]
[hydra08:375244] [ 5] /lib/x86_64-linux-gnu/libc.so.6(+0x8483c)[0x7f806020183c]
[hydra06:373587] *** End of error message ***
[hydra07:399970] Signal: Aborted (6)
[hydra07:399970] Signal code:  (-6)
[hydra01:873293] [13] /home/thesis/jheld/MPI_Syrk_implementation/build/src/MPI_SYRK_implementation(+0x232a)[0x55900f93b32a]
[hydra01:873293] *** End of error message ***
[hydra08:375243] [ 3] /lib/x86_64-linux-gnu/libc.so.6(+0x7a468)[0x7fe717a4a468]
[hydra07:399970] [ 0] /lib/x86_64-linux-gnu/libc.so.6(+0x38de0)[0x7f994a45bde0]
[hydra08:375244] [ 6] /lib/x86_64-linux-gnu/libc.so.6(__libc_calloc+0x81)[0x7f8060203bd1]
[hydra07:399970] [ 1] /lib/x86_64-linux-gnu/libc.so.6(gsignal+0x141)[0x7f994a45bd61]
[hydra08:375244] [ 7] /opt/mpi/openmpi-4.1.4//lib/libmpi.so.40(ompi_group_allocate+0x17)[0x7f80620d11e7]
[hydra07:399970] [ 2] /lib/x86_64-linux-gnu/libc.so.6(abort+0x123)[0x7f994a445537]
[hydra08:375243] [ 4] /lib/x86_64-linux-gnu/libc.so.6(+0x8175a)[0x7fe717a5175a]
malloc(): invalid size (unsorted)
[hydra03:390187] *** Process received signal ***
[hydra07:399970] [ 3] /lib/x86_64-linux-gnu/libc.so.6(+0x7a468)[0x7f994a49d468]
malloc(): invalid size (unsorted)
[hydra09:366574] *** Process received signal ***
[hydra08:375244] [ 8] /opt/mpi/openmpi-4.1.4//lib/libmpi.so.40(ompi_group_incl_plist+0x65)[0x7f80620d1915]
[hydra07:399970] [ 4] /lib/x86_64-linux-gnu/libc.so.6(+0x8175a)[0x7f994a4a475a]
[hydra08:375243] [ 5] /lib/x86_64-linux-gnu/libc.so.6(+0x8483c)[0x7fe717a5483c]
[hydra07:399970] [ 5] /lib/x86_64-linux-gnu/libc.so.6(+0x8483c)[0x7f994a4a783c]
[hydra08:375244] [ 9] /opt/mpi/openmpi-4.1.4//lib/libmpi.so.40(PMPI_Group_incl+0x95)[0x7f8062102185]
[hydra07:399970] [ 6] /lib/x86_64-linux-gnu/libc.so.6(__libc_calloc+0x81)[0x7f994a4a9bd1]
[hydra08:375243] [ 6] /lib/x86_64-linux-gnu/libc.so.6(__libc_calloc+0x81)[0x7fe717a56bd1]
[hydra07:399970] [ 7] /opt/mpi/openmpi-4.1.4//lib/libmpi.so.40(ompi_group_allocate+0x17)[0x7f994c3771e7]
[hydra08:375244] [10] /home/thesis/jheld/MPI_Syrk_implementation/build/src/MPI_SYRK_implementation(+0x841a)[0x55b1899d241a]
[hydra08:375244] [11] /home/thesis/jheld/MPI_Syrk_implementation/build/src/MPI_SYRK_implementation(+0x2ab0)[0x55b1899ccab0]
[hydra07:399970] [ 8] /opt/mpi/openmpi-4.1.4//lib/libmpi.so.40(ompi_group_incl_plist+0x65)[0x7f994c377915]
[hydra08:375243] [ 7] /opt/mpi/openmpi-4.1.4//lib/libmpi.so.40(ompi_group_allocate+0x17)[0x7fe7199241e7]
[hydra07:399970] [ 9] /opt/mpi/openmpi-4.1.4//lib/libmpi.so.40(PMPI_Group_incl+0x95)[0x7f994c3a8185]
[hydra08:375244] [12] /lib/x86_64-linux-gnu/libc.so.6(__libc_start_main+0xea)[0x7f80601a0d7a]
[hydra08:375244] [13] /home/thesis/jheld/MPI_Syrk_implementation/build/src/MPI_SYRK_implementation(+0x232a)[0x55b1899cc32a]
[hydra08:375244] *** End of error message ***
[hydra07:399970] [10] /home/thesis/jheld/MPI_Syrk_implementation/build/src/MPI_SYRK_implementation(+0x841a)[0x55b83aff541a]
[hydra08:375243] [ 8] /opt/mpi/openmpi-4.1.4//lib/libmpi.so.40(ompi_group_incl_plist+0x65)[0x7fe719924915]
[hydra07:399970] [11] /home/thesis/jheld/MPI_Syrk_implementation/build/src/MPI_SYRK_implementation(+0x2ab0)[0x55b83afefab0]
[hydra08:375243] [ 9] /opt/mpi/openmpi-4.1.4//lib/libmpi.so.40(PMPI_Group_incl+0x95)[0x7fe719955185]
[hydra08:375243] [10] /home/thesis/jheld/MPI_Syrk_implementation/build/src/MPI_SYRK_implementation(+0x841a)[0x55d0c541341a]
[hydra07:399970] [12] /lib/x86_64-linux-gnu/libc.so.6(__libc_start_main+0xea)[0x7f994a446d7a]
[hydra08:375243] [11] /home/thesis/jheld/MPI_Syrk_implementation/build/src/MPI_SYRK_implementation(+0x2ab0)[0x55d0c540dab0]
[hydra07:399970] [13] /home/thesis/jheld/MPI_Syrk_implementation/build/src/MPI_SYRK_implementation(+0x232a)[0x55b83afef32a]
[hydra07:399970] *** End of error message ***
[hydra08:375243] [12] /lib/x86_64-linux-gnu/libc.so.6(__libc_start_main+0xea)[0x7fe7179f3d7a]
[hydra08:375243] [13] /home/thesis/jheld/MPI_Syrk_implementation/build/src/MPI_SYRK_implementation(+0x232a)[0x55d0c540d32a]
[hydra08:375243] *** End of error message ***
[hydra10:484290] Signal: Aborted (6)
[hydra10:484290] Signal code:  (-6)
[hydra10:484290] [ 0] /lib/x86_64-linux-gnu/libc.so.6(+0x38de0)[0x7f7389935de0]
[hydra10:484290] [ 1] /lib/x86_64-linux-gnu/libc.so.6(gsignal+0x141)[0x7f7389935d61]
[hydra10:484290] [ 2] /lib/x86_64-linux-gnu/libc.so.6(abort+0x123)[0x7f738991f537]
[hydra10:484290] [ 3] /lib/x86_64-linux-gnu/libc.so.6(+0x7a468)[0x7f7389977468]
[hydra10:484290] [ 4] /lib/x86_64-linux-gnu/libc.so.6(+0x8175a)[0x7f738997e75a]
[hydra10:484290] [ 5] /lib/x86_64-linux-gnu/libc.so.6(+0x8483c)[0x7f738998183c]
[hydra10:484290] [ 6] /lib/x86_64-linux-gnu/libc.so.6(__libc_calloc+0x81)[0x7f7389983bd1]
[hydra10:484290] [ 7] /opt/mpi/openmpi-4.1.4//lib/libmpi.so.40(ompi_group_allocate+0x17)[0x7f738b8511e7]
[hydra10:484290] [ 8] /opt/mpi/openmpi-4.1.4//lib/libmpi.so.40(ompi_group_incl_plist+0x65)[0x7f738b851915]
[hydra10:484290] [ 9] /opt/mpi/openmpi-4.1.4//lib/libmpi.so.40(PMPI_Group_incl+0x95)[0x7f738b882185]
[hydra10:484290] [10] /home/thesis/jheld/MPI_Syrk_implementation/build/src/MPI_SYRK_implementation(+0x841a)[0x56253439841a]
[hydra10:484290] [11] /home/thesis/jheld/MPI_Syrk_implementation/build/src/MPI_SYRK_implementation(+0x2ab0)[0x562534392ab0]
[hydra10:484290] [12] /lib/x86_64-linux-gnu/libc.so.6(__libc_start_main+0xea)[0x7f7389920d7a]
[hydra10:484290] [13] /home/thesis/jheld/MPI_Syrk_implementation/build/src/MPI_SYRK_implementation(+0x232a)[0x56253439232a]
[hydra10:484290] *** End of error message ***
[hydra09:366574] Signal: Aborted (6)
[hydra09:366574] Signal code:  (-6)
[hydra09:366574] [ 0] /lib/x86_64-linux-gnu/libc.so.6(+0x38de0)[0x7f02e5002de0]
[hydra09:366574] [ 1] /lib/x86_64-linux-gnu/libc.so.6(gsignal+0x141)[0x7f02e5002d61]
[hydra09:366574] [ 2] /lib/x86_64-linux-gnu/libc.so.6(abort+0x123)[0x7f02e4fec537]
[hydra09:366574] [ 3] /lib/x86_64-linux-gnu/libc.so.6(+0x7a468)[0x7f02e5044468]
[hydra09:366574] [ 4] /lib/x86_64-linux-gnu/libc.so.6(+0x8175a)[0x7f02e504b75a]
[hydra09:366574] [ 5] /lib/x86_64-linux-gnu/libc.so.6(+0x8483c)[0x7f02e504e83c]
[hydra09:366574] [ 6] /lib/x86_64-linux-gnu/libc.so.6(__libc_calloc+0x81)[0x7f02e5050bd1]
[hydra09:366574] [ 7] /opt/mpi/openmpi-4.1.4//lib/libmpi.so.40(ompi_group_allocate+0x17)[0x7f02e6f1e1e7]
[hydra09:366574] [ 8] /opt/mpi/openmpi-4.1.4//lib/libmpi.so.40(ompi_group_incl_plist+0x65)[0x7f02e6f1e915]
[hydra09:366574] [ 9] /opt/mpi/openmpi-4.1.4//lib/libmpi.so.40(PMPI_Group_incl+0x95)[0x7f02e6f4f185]
[hydra09:366574] [10] /home/thesis/jheld/MPI_Syrk_implementation/build/src/MPI_SYRK_implementation(+0x841a)[0x55a28178a41a]
[hydra09:366574] [11] /home/thesis/jheld/MPI_Syrk_implementation/build/src/MPI_SYRK_implementation(+0x2ab0)[0x55a281784ab0]
[hydra09:366574] [12] /lib/x86_64-linux-gnu/libc.so.6(__libc_start_main+0xea)[0x7f02e4fedd7a]
[hydra09:366574] [13] /home/thesis/jheld/MPI_Syrk_implementation/build/src/MPI_SYRK_implementation(+0x232a)[0x55a28178432a]
[hydra09:366574] *** End of error message ***
malloc(): invalid size (unsorted)
[hydra03:390187] Signal: Aborted (6)
[hydra03:390187] Signal code:  (-6)
[hydra03:390187] [ 0] /lib/x86_64-linux-gnu/libc.so.6(+0x38de0)[0x7f87e9b85de0]
[hydra03:390187] [ 1] /lib/x86_64-linux-gnu/libc.so.6(gsignal+0x141)[0x7f87e9b85d61]
[hydra03:390187] [ 2] /lib/x86_64-linux-gnu/libc.so.6(abort+0x123)[0x7f87e9b6f537]
[hydra03:390187] [ 3] /lib/x86_64-linux-gnu/libc.so.6(+0x7a468)[0x7f87e9bc7468]
[hydra03:390187] [ 4] /lib/x86_64-linux-gnu/libc.so.6(+0x8175a)[0x7f87e9bce75a]
[hydra03:390187] [ 5] /lib/x86_64-linux-gnu/libc.so.6(+0x8483c)[0x7f87e9bd183c]
[hydra03:390187] [ 6] /lib/x86_64-linux-gnu/libc.so.6(__libc_calloc+0x81)[0x7f87e9bd3bd1]
[hydra03:390187] [ 7] /opt/mpi/openmpi-4.1.4//lib/libmpi.so.40(ompi_group_allocate+0x17)[0x7f87ebaa11e7]
[hydra03:390187] [ 8] /opt/mpi/openmpi-4.1.4//lib/libmpi.so.40(ompi_group_incl_plist+0x65)[0x7f87ebaa1915]
[hydra03:390187] [ 9] /opt/mpi/openmpi-4.1.4//lib/libmpi.so.40(PMPI_Group_incl+0x95)[0x7f87ebad2185]
[hydra11:353291] *** Process received signal ***
[hydra11:353291] Signal: Aborted (6)
[hydra11:353291] Signal code:  (-6)
[hydra03:390187] [10] /home/thesis/jheld/MPI_Syrk_implementation/build/src/MPI_SYRK_implementation(+0x841a)[0x558254f1f41a]
[hydra03:390187] [11] /home/thesis/jheld/MPI_Syrk_implementation/build/src/MPI_SYRK_implementation(+0x2ab0)[0x558254f19ab0]
[hydra03:390187] [12] /lib/x86_64-linux-gnu/libc.so.6(__libc_start_main+0xea)[0x7f87e9b70d7a]
[hydra03:390187] [13] /home/thesis/jheld/MPI_Syrk_implementation/build/src/MPI_SYRK_implementation(+0x232a)[0x558254f1932a]
[hydra03:390187] *** End of error message ***
[hydra11:353291] [ 0] /lib/x86_64-linux-gnu/libc.so.6(+0x38de0)[0x7fe132442de0]
[hydra11:353291] [ 1] /lib/x86_64-linux-gnu/libc.so.6(gsignal+0x141)[0x7fe132442d61]
[hydra11:353291] [ 2] /lib/x86_64-linux-gnu/libc.so.6(abort+0x123)[0x7fe13242c537]
[hydra11:353291] [ 3] /lib/x86_64-linux-gnu/libc.so.6(+0x7a468)[0x7fe132484468]
[hydra11:353291] [ 4] /lib/x86_64-linux-gnu/libc.so.6(+0x8175a)[0x7fe13248b75a]
[hydra11:353291] [ 5] /lib/x86_64-linux-gnu/libc.so.6(+0x8483c)[0x7fe13248e83c]
[hydra11:353291] [ 6] /lib/x86_64-linux-gnu/libc.so.6(__libc_calloc+0x81)[0x7fe132490bd1]
[hydra11:353291] [ 7] /opt/mpi/openmpi-4.1.4//lib/libmpi.so.40(ompi_group_allocate+0x17)[0x7fe13435e1e7]
[hydra11:353291] [ 8] /opt/mpi/openmpi-4.1.4//lib/libmpi.so.40(ompi_group_incl_plist+0x65)[0x7fe13435e915]
[hydra11:353291] [ 9] /opt/mpi/openmpi-4.1.4//lib/libmpi.so.40(PMPI_Group_incl+0x95)[0x7fe13438f185]
[hydra11:353291] [10] /home/thesis/jheld/MPI_Syrk_implementation/build/src/MPI_SYRK_implementation(+0x841a)[0x56313e61841a]
[hydra11:353291] [11] /home/thesis/jheld/MPI_Syrk_implementation/build/src/MPI_SYRK_implementation(+0x2ab0)[0x56313e612ab0]
[hydra11:353291] [12] /lib/x86_64-linux-gnu/libc.so.6(__libc_start_main+0xea)[0x7fe13242dd7a]
[hydra11:353291] [13] /home/thesis/jheld/MPI_Syrk_implementation/build/src/MPI_SYRK_implementation(+0x232a)[0x56313e61232a]
[hydra11:353291] *** End of error message ***
[hydra04:388965] [11] /home/thesis/jheld/MPI_Syrk_implementation/build/src/MPI_SYRK_implementation(+0x2ab0)[0x563cbd663ab0]
[hydra04:388967] [ 9] /opt/mpi/openmpi-4.1.4//lib/libmpi.so.40(PMPI_Group_incl+0x95)[0x7f00c9978185]
[hydra04:388965] [12] /lib/x86_64-linux-gnu/libc.so.6(__libc_start_main+0xea)[0x7f0562b47d7a]
[hydra04:388965] [13] /home/thesis/jheld/MPI_Syrk_implementation/build/src/MPI_SYRK_implementation(+0x232a)[0x563cbd66332a]
[hydra04:388965] *** End of error message ***
[hydra04:388967] [10] /home/thesis/jheld/MPI_Syrk_implementation/build/src/MPI_SYRK_implementation(+0x841a)[0x556e4ff7a41a]
[hydra04:388967] [11] /home/thesis/jheld/MPI_Syrk_implementation/build/src/MPI_SYRK_implementation(+0x2ab0)[0x556e4ff74ab0]
[hydra04:388967] [12] /lib/x86_64-linux-gnu/libc.so.6(__libc_start_main+0xea)[0x7f00c7a16d7a]
[hydra04:388967] [13] /home/thesis/jheld/MPI_Syrk_implementation/build/src/MPI_SYRK_implementation(+0x232a)[0x556e4ff7432a]
[hydra04:388967] *** End of error message ***
srun: error: hydra11: task 31: Aborted
srun: error: hydra09: task 25: Aborted
srun: error: hydra07: task 19: Aborted
srun: error: hydra02: task 3: Aborted
srun: error: hydra01: task 1: Aborted
srun: error: hydra06: task 15: Aborted
srun: error: hydra03: task 6: Aborted
srun: error: hydra10: task 29: Aborted
srun: error: hydra08: tasks 21-22: Aborted
srun: error: hydra04: tasks 9,11: Aborted
slurmstepd: error:  mpi/pmix_v4: _errhandler: hydra02 [1]: pmixp_client_v2.c:211: Error handler invoked: status = -61, source = [slurm.pmix.5008690.6:3]
slurmstepd: error:  mpi/pmix_v4: _errhandler: hydra06 [5]: pmixp_client_v2.c:211: Error handler invoked: status = -61, source = [slurm.pmix.5008690.6:15]
slurmstepd: error:  mpi/pmix_v4: _errhandler: hydra09 [8]: pmixp_client_v2.c:211: Error handler invoked: status = -61, source = [slurm.pmix.5008690.6:25]
slurmstepd: error:  mpi/pmix_v4: _errhandler: hydra10 [9]: pmixp_client_v2.c:211: Error handler invoked: status = -61, source = [slurm.pmix.5008690.6:29]
slurmstepd: error:  mpi/pmix_v4: _errhandler: hydra01 [0]: pmixp_client_v2.c:211: Error handler invoked: status = -61, source = [slurm.pmix.5008690.6:1]
slurmstepd: error:  mpi/pmix_v4: _errhandler: hydra11 [10]: pmixp_client_v2.c:211: Error handler invoked: status = -61, source = [slurm.pmix.5008690.6:31]
slurmstepd: error: *** STEP 5008690.6 ON hydra01 CANCELLED AT 2025-10-13T15:25:05 ***
slurmstepd: error:  mpi/pmix_v4: _errhandler: hydra07 [6]: pmixp_client_v2.c:211: Error handler invoked: status = -61, source = [slurm.pmix.5008690.6:19]
slurmstepd: error:  mpi/pmix_v4: _errhandler: hydra03 [2]: pmixp_client_v2.c:211: Error handler invoked: status = -61, source = [slurm.pmix.5008690.6:6]
srun: Job step aborted: Waiting up to 32 seconds for job step to finish.
slurmstepd: error:  mpi/pmix_v4: _errhandler: hydra04 [3]: pmixp_client_v2.c:211: Error handler invoked: status = -61, source = [slurm.pmix.5008690.6:9]
srun: error: hydra08: task 23: Killed
srun: error: hydra04: task 10: Killed
srun: error: hydra06: tasks 16-17: Killed
srun: error: hydra03: tasks 7-8: Killed
srun: error: hydra01: tasks 0,2: Killed
srun: error: hydra10: tasks 27-28: Killed
srun: error: hydra02: tasks 4-5: Killed
srun: error: hydra11: tasks 30,32: Killed
srun: error: hydra07: tasks 18,20: Killed
srun: error: hydra09: tasks 24,26: Killed
srun: error: hydra12: tasks 33-35: Killed
srun: error: hydra05: tasks 12-14: Killed
⚠️ Warning: No runtime found for run 7
srun: Warning: can't honor --ntasks-per-node set to 1 which doesn't match the requested tasks 36 with the number of requested nodes 12. Ignoring --ntasks-per-node.
missing input file name --> Generate random input
malloc(): invalid size (unsorted)
[hydra07:400033] *** Process received signal ***
[hydra07:400033] Signal: Aborted (6)
[hydra07:400033] Signal code:  (-6)
[hydra07:400033] [ 0] /lib/x86_64-linux-gnu/libc.so.6(+0x38de0)[0x7f101f2f6de0]
malloc(): invalid size (unsorted)
[hydra03:390249] *** Process received signal ***
[hydra03:390249] Signal: Aborted (6)
[hydra03:390249] Signal code:  (-6)
[hydra07:400033] [ 1] /lib/x86_64-linux-gnu/libc.so.6(gsignal+0x141)[0x7f101f2f6d61]
[hydra07:400033] [ 2] /lib/x86_64-linux-gnu/libc.so.6(abort+0x123)[0x7f101f2e0537]
[hydra07:400033] [ 3] /lib/x86_64-linux-gnu/libc.so.6(+0x7a468)[0x7f101f338468]
malloc(): invalid size (unsorted)
[hydra08:375308] *** Process received signal ***
[hydra03:390249] [ 0] /lib/x86_64-linux-gnu/libc.so.6(+0x38de0)[0x7ff4528a6de0]
[hydra07:400033] [ 4] /lib/x86_64-linux-gnu/libc.so.6(+0x8175a)[0x7f101f33f75a]
[hydra03:390249] [ 1] /lib/x86_64-linux-gnu/libc.so.6(gsignal+0x141)[0x7ff4528a6d61]
malloc(): invalid size (unsorted)
[hydra05:372951] *** Process received signal ***
[hydra07:400033] [ 5] /lib/x86_64-linux-gnu/libc.so.6(+0x8483c)[0x7f101f34283c]
[hydra08:375308] Signal: Aborted (6)
[hydra08:375308] Signal code:  (-6)
[hydra03:390249] [ 2] /lib/x86_64-linux-gnu/libc.so.6(abort+0x123)[0x7ff452890537]
malloc(): invalid size (unsorted)
[hydra08:375308] [ 0] /lib/x86_64-linux-gnu/libc.so.6(+0x38de0)[0x7fba3d367de0]
[hydra07:400033] [ 6] /lib/x86_64-linux-gnu/libc.so.6(__libc_calloc+0x81)[0x7f101f344bd1]
[hydra08:375308] [ 1] /lib/x86_64-linux-gnu/libc.so.6(gsignal+0x141)[0x7fba3d367d61]
[hydra03:390249] [ 3] /lib/x86_64-linux-gnu/libc.so.6(+0x7a468)[0x7ff4528e8468]
[hydra07:400034] *** Process received signal ***
[hydra07:400034] Signal: Aborted (6)
[hydra07:400034] Signal code:  (-6)
[hydra05:372951] Signal: Aborted (6)
[hydra05:372951] Signal code:  (-6)
[hydra03:390249] [ 4] /lib/x86_64-linux-gnu/libc.so.6(+0x8175a)[0x7ff4528ef75a]
[hydra07:400033] [ 7] /opt/mpi/openmpi-4.1.4//lib/libmpi.so.40(ompi_group_allocate+0x17)[0x7f10212121e7]
[hydra07:400033] [ 8] /opt/mpi/openmpi-4.1.4//lib/libmpi.so.40(ompi_group_incl_plist+0x65)[0x7f1021212915]
[hydra08:375308] [ 2] /lib/x86_64-linux-gnu/libc.so.6(abort+0x123)[0x7fba3d351537]
[hydra03:390249] [ 5] /lib/x86_64-linux-gnu/libc.so.6(+0x8483c)[0x7ff4528f283c]
[hydra07:400033] [ 9] /opt/mpi/openmpi-4.1.4//lib/libmpi.so.40(PMPI_Group_incl+0x95)[0x7f1021243185]
[hydra05:372951] [ 0] /lib/x86_64-linux-gnu/libc.so.6(+0x38de0)[0x7fd5162fede0]
[hydra08:375308] [ 3] /lib/x86_64-linux-gnu/libc.so.6(+0x7a468)[0x7fba3d3a9468]
[hydra07:400033] [10] /home/thesis/jheld/MPI_Syrk_implementation/build/src/MPI_SYRK_implementation(+0x841a)[0x565095e1c41a]
[hydra07:400033] [11] /home/thesis/jheld/MPI_Syrk_implementation/build/src/MPI_SYRK_implementation(+0x2ab0)[0x565095e16ab0]
[hydra05:372951] [ 1] /lib/x86_64-linux-gnu/libc.so.6(gsignal+0x141)[0x7fd5162fed61]
[hydra08:375308] [ 4] /lib/x86_64-linux-gnu/libc.so.6(+0x8175a)[0x7fba3d3b075a]
[hydra03:390249] [ 6] /lib/x86_64-linux-gnu/libc.so.6(__libc_calloc+0x81)[0x7ff4528f4bd1]
malloc(): invalid size (unsorted)
[hydra07:400033] [12] /lib/x86_64-linux-gnu/libc.so.6(__libc_start_main+0xea)[0x7f101f2e1d7a]
[hydra07:400033] [13] /home/thesis/jheld/MPI_Syrk_implementation/build/src/MPI_SYRK_implementation(+0x232a)[0x565095e1632a]
[hydra05:372951] [ 2] /lib/x86_64-linux-gnu/libc.so.6(abort+0x123)[0x7fd5162e8537]
malloc(): invalid size (unsorted)
[hydra07:400033] *** End of error message ***
[hydra05:372951] [ 3] /lib/x86_64-linux-gnu/libc.so.6(+0x7a468)[0x7fd516340468]
[hydra08:375308] [ 5] /lib/x86_64-linux-gnu/libc.so.6(+0x8483c)[0x7fba3d3b383c]
[hydra03:390249] [ 7] /opt/mpi/openmpi-4.1.4//lib/libmpi.so.40(ompi_group_allocate+0x17)[0x7ff4547c21e7]
[hydra07:400034] [ 0] /lib/x86_64-linux-gnu/libc.so.6(+0x38de0)[0x7feb9464bde0]
[hydra05:372951] [ 4] /lib/x86_64-linux-gnu/libc.so.6(+0x8175a)[0x7fd51634775a]
[hydra03:390249] [ 8] /opt/mpi/openmpi-4.1.4//lib/libmpi.so.40(ompi_group_incl_plist+0x65)[0x7ff4547c2915]
[hydra07:400034] [ 1] /lib/x86_64-linux-gnu/libc.so.6(gsignal+0x141)[0x7feb9464bd61]
[hydra08:375308] [ 6] /lib/x86_64-linux-gnu/libc.so.6(__libc_calloc+0x81)[0x7fba3d3b5bd1]
malloc(): invalid size (unsorted)
[hydra11:353357] *** Process received signal ***
[hydra03:390249] [ 9] /opt/mpi/openmpi-4.1.4//lib/libmpi.so.40(PMPI_Group_incl+0x95)[0x7ff4547f3185]
[hydra12:353383] *** Process received signal ***
[hydra05:372951] [ 5] /lib/x86_64-linux-gnu/libc.so.6(+0x8483c)[0x7fd51634a83c]
[hydra08:375308] [ 7] /opt/mpi/openmpi-4.1.4//lib/libmpi.so.40(ompi_group_allocate+0x17)[0x7fba3f2831e7]
[hydra03:390249] [10] /home/thesis/jheld/MPI_Syrk_implementation/build/src/MPI_SYRK_implementation(+0x841a)[0x5575fc43141a]
[hydra03:390249] [11] /home/thesis/jheld/MPI_Syrk_implementation/build/src/MPI_SYRK_implementation(+0x2ab0)[0x5575fc42bab0]
[hydra12:353383] Signal: Aborted (6)
[hydra12:353383] Signal code:  (-6)
[hydra07:400034] [ 2] /lib/x86_64-linux-gnu/libc.so.6(abort+0x123)[0x7feb94635537]
[hydra05:372951] [ 6] /lib/x86_64-linux-gnu/libc.so.6(__libc_calloc+0x81)[0x7fd51634cbd1]
[hydra08:375308] [ 8] /opt/mpi/openmpi-4.1.4//lib/libmpi.so.40(ompi_group_incl_plist+0x65)[0x7fba3f283915]
[hydra04:389030] *** Process received signal ***
[hydra04:389030] Signal: Aborted (6)
[hydra04:389030] Signal code:  (-6)
[hydra03:390249] [12] /lib/x86_64-linux-gnu/libc.so.6(__libc_start_main+0xea)[0x7ff452891d7a]
[hydra03:390249] [13] /home/thesis/jheld/MPI_Syrk_implementation/build/src/MPI_SYRK_implementation(+0x232a)[0x5575fc42b32a]
[hydra07:400034] [ 3] /lib/x86_64-linux-gnu/libc.so.6(+0x7a468)[0x7feb9468d468]
[hydra05:372951] [ 7] /opt/mpi/openmpi-4.1.4//lib/libmpi.so.40(ompi_group_allocate+0x17)[0x7fd51821a1e7]
[hydra08:375308] [ 9] /opt/mpi/openmpi-4.1.4//lib/libmpi.so.40(PMPI_Group_incl+0x95)[0x7fba3f2b4185]
malloc(): invalid size (unsorted)
[hydra03:390249] *** End of error message ***
[hydra12:353383] [ 0] /lib/x86_64-linux-gnu/libc.so.6(+0x38de0)[0x7f36dd13cde0]
[hydra07:400034] [ 4] /lib/x86_64-linux-gnu/libc.so.6(+0x8175a)[0x7feb9469475a]
[hydra05:372951] [ 8] /opt/mpi/openmpi-4.1.4//lib/libmpi.so.40(ompi_group_incl_plist+0x65)[0x7fd51821a915]
[hydra08:375308] [10] /home/thesis/jheld/MPI_Syrk_implementation/build/src/MPI_SYRK_implementation(+0x841a)[0x55bea5aad41a]
[hydra08:375308] [11] /home/thesis/jheld/MPI_Syrk_implementation/build/src/MPI_SYRK_implementation(+0x2ab0)[0x55bea5aa7ab0]
[hydra12:353383] [ 1] /lib/x86_64-linux-gnu/libc.so.6(gsignal+0x141)[0x7f36dd13cd61]
[hydra07:400034] [ 5] /lib/x86_64-linux-gnu/libc.so.6(+0x8483c)[0x7feb9469783c]
[hydra05:372951] [ 9] /opt/mpi/openmpi-4.1.4//lib/libmpi.so.40(PMPI_Group_incl+0x95)[0x7fd51824b185]
[hydra08:375308] [12] /lib/x86_64-linux-gnu/libc.so.6(__libc_start_main+0xea)[0x7fba3d352d7a]
[hydra08:375308] [13] /home/thesis/jheld/MPI_Syrk_implementation/build/src/MPI_SYRK_implementation(+0x232a)[0x55bea5aa732a]
[hydra08:375308] *** End of error message ***
[hydra07:400034] [ 6] /lib/x86_64-linux-gnu/libc.so.6(__libc_calloc+0x81)[0x7feb94699bd1]
[hydra05:372951] [10] /home/thesis/jheld/MPI_Syrk_implementation/build/src/MPI_SYRK_implementation(+0x841a)[0x5559a62e941a]
[hydra05:372951] [11] /home/thesis/jheld/MPI_Syrk_implementation/build/src/MPI_SYRK_implementation(+0x2ab0)[0x5559a62e3ab0]
[hydra12:353383] [ 2] /lib/x86_64-linux-gnu/libc.so.6(abort+0x123)[0x7f36dd126537]
[hydra07:400034] [ 7] /opt/mpi/openmpi-4.1.4//lib/libmpi.so.40(ompi_group_allocate+0x17)[0x7feb965671e7]
[hydra05:372951] [12] /lib/x86_64-linux-gnu/libc.so.6(__libc_start_main+0xea)[0x7fd5162e9d7a]
[hydra05:372951] [13] /home/thesis/jheld/MPI_Syrk_implementation/build/src/MPI_SYRK_implementation(+0x232a)[0x5559a62e332a]
[hydra04:389030] [ 0] /lib/x86_64-linux-gnu/libc.so.6(+0x38de0)[0x7f24417f3de0]
[hydra12:353383] [ 3] /lib/x86_64-linux-gnu/libc.so.6(+0x7a468)[0x7f36dd17e468]
[hydra05:372951] *** End of error message ***
[hydra07:400034] [ 8] /opt/mpi/openmpi-4.1.4//lib/libmpi.so.40(ompi_group_incl_plist+0x65)[0x7feb96567915]
[hydra06:373652] *** Process received signal ***
[hydra12:353383] [ 4] /lib/x86_64-linux-gnu/libc.so.6(+0x8175a)[0x7f36dd18575a]
[hydra04:389030] [ 1] /lib/x86_64-linux-gnu/libc.so.6(gsignal+0x141)[0x7f24417f3d61]
[hydra06:373652] Signal: Aborted (6)
[hydra06:373652] Signal code:  (-6)
malloc(): invalid size (unsorted)
[hydra04:389030] [ 2] /lib/x86_64-linux-gnu/libc.so.6(abort+0x123)[0x7f24417dd537]
[hydra07:400034] [ 9] /opt/mpi/openmpi-4.1.4//lib/libmpi.so.40(PMPI_Group_incl+0x95)[0x7feb96598185]
[hydra07:400034] [10] /home/thesis/jheld/MPI_Syrk_implementation/build/src/MPI_SYRK_implementation(+0x841a)[0x562e8722b41a]
[hydra12:353383] [ 5] /lib/x86_64-linux-gnu/libc.so.6(+0x8483c)[0x7f36dd18883c]
[hydra07:400034] [11] /home/thesis/jheld/MPI_Syrk_implementation/build/src/MPI_SYRK_implementation(+0x2ab0)[0x562e87225ab0]
[hydra04:389030] [ 3] /lib/x86_64-linux-gnu/libc.so.6(+0x7a468)[0x7f2441835468]
[hydra07:400034] [12] /lib/x86_64-linux-gnu/libc.so.6(__libc_start_main+0xea)[0x7feb94636d7a]
[hydra07:400034] [13] /home/thesis/jheld/MPI_Syrk_implementation/build/src/MPI_SYRK_implementation(+0x232a)[0x562e8722532a]
[hydra07:400034] *** End of error message ***
[hydra12:353383] [ 6] /lib/x86_64-linux-gnu/libc.so.6(__libc_calloc+0x81)[0x7f36dd18abd1]
[hydra04:389030] [ 4] /lib/x86_64-linux-gnu/libc.so.6(+0x8175a)[0x7f244183c75a]
[hydra12:353383] [ 7] /opt/mpi/openmpi-4.1.4//lib/libmpi.so.40(ompi_group_allocate+0x17)[0x7f36df0581e7]
[hydra09:366638] *** Process received signal ***
[hydra09:366638] Signal: Aborted (6)
[hydra09:366638] Signal code:  (-6)
[hydra12:353383] [ 8] /opt/mpi/openmpi-4.1.4//lib/libmpi.so.40(ompi_group_incl_plist+0x65)[0x7f36df058915]
[hydra06:373652] [ 0] /lib/x86_64-linux-gnu/libc.so.6(+0x38de0)[0x7f013216fde0]
[hydra04:389030] [ 5] /lib/x86_64-linux-gnu/libc.so.6(+0x8483c)[0x7f244183f83c]
[hydra04:389030] [ 6] /lib/x86_64-linux-gnu/libc.so.6(__libc_calloc+0x81)[0x7f2441841bd1]
[hydra12:353383] [ 9] /opt/mpi/openmpi-4.1.4//lib/libmpi.so.40(PMPI_Group_incl+0x95)[0x7f36df089185]
[hydra04:389030] [ 7] /opt/mpi/openmpi-4.1.4//lib/libmpi.so.40(ompi_group_allocate+0x17)[0x7f244370f1e7]
[hydra06:373652] [ 1] /lib/x86_64-linux-gnu/libc.so.6(gsignal+0x141)[0x7f013216fd61]
[hydra12:353383] [10] /home/thesis/jheld/MPI_Syrk_implementation/build/src/MPI_SYRK_implementation(+0x841a)[0x55c69bf7641a]
[hydra06:373652] [ 2] /lib/x86_64-linux-gnu/libc.so.6(abort+0x123)[0x7f0132159537]
[hydra12:353383] [11] /home/thesis/jheld/MPI_Syrk_implementation/build/src/MPI_SYRK_implementation(+0x2ab0)[0x55c69bf70ab0]
[hydra06:373652] [ 3] /lib/x86_64-linux-gnu/libc.so.6(+0x7a468)[0x7f01321b1468]
[hydra12:353383] [12] /lib/x86_64-linux-gnu/libc.so.6(__libc_start_main+0xea)[0x7f36dd127d7a]
[hydra04:389030] [ 8] /opt/mpi/openmpi-4.1.4//lib/libmpi.so.40(ompi_group_incl_plist+0x65)[0x7f244370f915]
[hydra09:366638] [ 0] /lib/x86_64-linux-gnu/libc.so.6(+0x38de0)[0x7f7cce806de0]
[hydra12:353383] [13] /home/thesis/jheld/MPI_Syrk_implementation/build/src/MPI_SYRK_implementation(+0x232a)[0x55c69bf7032a]
[hydra12:353383] *** End of error message ***
[hydra04:389030] [ 9] /opt/mpi/openmpi-4.1.4//lib/libmpi.so.40(PMPI_Group_incl+0x95)[0x7f2443740185]
[hydra06:373652] [ 4] /lib/x86_64-linux-gnu/libc.so.6(+0x8175a)[0x7f01321b875a]
[hydra11:353357] Signal: Aborted (6)
[hydra11:353357] Signal code:  (-6)
[hydra09:366638] [ 1] /lib/x86_64-linux-gnu/libc.so.6(gsignal+0x141)[0x7f7cce806d61]
[hydra11:353357] [ 0] /lib/x86_64-linux-gnu/libc.so.6(+0x38de0)[0x7f7b85bc6de0]
malloc(): invalid size (unsorted)
[hydra11:353357] [ 1] /lib/x86_64-linux-gnu/libc.so.6(gsignal+0x141)[0x7f7b85bc6d61]
[hydra06:373652] [ 5] /lib/x86_64-linux-gnu/libc.so.6(+0x8483c)[0x7f01321bb83c]
malloc(): invalid size (unsorted)
[hydra11:353357] [ 2] /lib/x86_64-linux-gnu/libc.so.6(abort+0x123)[0x7f7b85bb0537]
[hydra04:389030] [10] /home/thesis/jheld/MPI_Syrk_implementation/build/src/MPI_SYRK_implementation(+0x841a)[0x5603c056941a]
[hydra06:373652] [ 6] /lib/x86_64-linux-gnu/libc.so.6(__libc_calloc+0x81)[0x7f01321bdbd1]
[hydra09:366638] [ 2] /lib/x86_64-linux-gnu/libc.so.6(abort+0x123)[0x7f7cce7f0537]
[hydra11:353357] [ 3] /lib/x86_64-linux-gnu/libc.so.6(+0x7a468)[0x7f7b85c08468]
[hydra04:389030] [11] /home/thesis/jheld/MPI_Syrk_implementation/build/src/MPI_SYRK_implementation(+0x2ab0)[0x5603c0563ab0]
[hydra11:353357] [ 4] /lib/x86_64-linux-gnu/libc.so.6(+0x8175a)[0x7f7b85c0f75a]
[hydra04:389030] [12] /lib/x86_64-linux-gnu/libc.so.6(__libc_start_main+0xea)[0x7f24417ded7a]
[hydra06:373652] [ 7] /opt/mpi/openmpi-4.1.4//lib/libmpi.so.40(ompi_group_allocate+0x17)[0x7f013408b1e7]
[hydra09:366638] [ 3] /lib/x86_64-linux-gnu/libc.so.6(+0x7a468)[0x7f7cce848468]
[hydra11:353357] [ 5] /lib/x86_64-linux-gnu/libc.so.6(+0x8483c)[0x7f7b85c1283c]
[hydra04:389030] [13] /home/thesis/jheld/MPI_Syrk_implementation/build/src/MPI_SYRK_implementation(+0x232a)[0x5603c056332a]
[hydra04:389030] *** End of error message ***
[hydra06:373652] [ 8] /opt/mpi/openmpi-4.1.4//lib/libmpi.so.40(ompi_group_incl_plist+0x65)[0x7f013408b915]
[hydra09:366638] [ 4] /lib/x86_64-linux-gnu/libc.so.6(+0x8175a)[0x7f7cce84f75a]
[hydra11:353357] [ 6] /lib/x86_64-linux-gnu/libc.so.6(__libc_calloc+0x81)[0x7f7b85c14bd1]
[hydra06:373652] [ 9] /opt/mpi/openmpi-4.1.4//lib/libmpi.so.40(PMPI_Group_incl+0x95)[0x7f01340bc185]
[hydra09:366638] [ 5] /lib/x86_64-linux-gnu/libc.so.6(+0x8483c)[0x7f7cce85283c]
[hydra11:353357] [ 7] /opt/mpi/openmpi-4.1.4//lib/libmpi.so.40(ompi_group_allocate+0x17)[0x7f7b87ae21e7]
[hydra11:353357] [ 8] /opt/mpi/openmpi-4.1.4//lib/libmpi.so.40(ompi_group_incl_plist+0x65)[0x7f7b87ae2915]
[hydra11:353357] [ 9] /opt/mpi/openmpi-4.1.4//lib/libmpi.so.40(PMPI_Group_incl+0x95)[0x7f7b87b13185]
malloc(): invalid size (unsorted)
[hydra01:873384] *** Process received signal ***
[hydra06:373652] [10] /home/thesis/jheld/MPI_Syrk_implementation/build/src/MPI_SYRK_implementation(+0x841a)[0x55cd8221b41a]
[hydra11:353357] [10] /home/thesis/jheld/MPI_Syrk_implementation/build/src/MPI_SYRK_implementation(+0x841a)[0x55979924041a]
[hydra11:353357] [11] /home/thesis/jheld/MPI_Syrk_implementation/build/src/MPI_SYRK_implementation(+0x2ab0)[0x55979923aab0]
[hydra01:873384] Signal: Aborted (6)
[hydra01:873384] Signal code:  (-6)
[hydra06:373652] [11] /home/thesis/jheld/MPI_Syrk_implementation/build/src/MPI_SYRK_implementation(+0x2ab0)[0x55cd82215ab0]
[hydra09:366638] [ 6] /lib/x86_64-linux-gnu/libc.so.6(__libc_calloc+0x81)[0x7f7cce854bd1]
[hydra11:353357] [12] /lib/x86_64-linux-gnu/libc.so.6(__libc_start_main+0xea)[0x7f7b85bb1d7a]
[hydra11:353357] [13] /home/thesis/jheld/MPI_Syrk_implementation/build/src/MPI_SYRK_implementation(+0x232a)[0x55979923a32a]
[hydra06:373652] [12] /lib/x86_64-linux-gnu/libc.so.6(__libc_start_main+0xea)[0x7f013215ad7a]
[hydra11:353357] *** End of error message ***
[hydra06:373652] [13] /home/thesis/jheld/MPI_Syrk_implementation/build/src/MPI_SYRK_implementation(+0x232a)[0x55cd8221532a]
[hydra06:373652] *** End of error message ***
[hydra09:366638] [ 7] /opt/mpi/openmpi-4.1.4//lib/libmpi.so.40(ompi_group_allocate+0x17)[0x7f7cd07221e7]
[hydra09:366638] [ 8] /opt/mpi/openmpi-4.1.4//lib/libmpi.so.40(ompi_group_incl_plist+0x65)[0x7f7cd0722915]
[hydra09:366638] [ 9] /opt/mpi/openmpi-4.1.4//lib/libmpi.so.40(PMPI_Group_incl+0x95)[0x7f7cd0753185]
[hydra09:366638] [10] /home/thesis/jheld/MPI_Syrk_implementation/build/src/MPI_SYRK_implementation(+0x841a)[0x55b487afd41a]
[hydra01:873384] [ 0] /lib/x86_64-linux-gnu/libc.so.6(+0x38de0)[0x7fa961416de0]
[hydra01:873384] [ 1] /lib/x86_64-linux-gnu/libc.so.6(gsignal+0x141)[0x7fa961416d61]
[hydra09:366638] [11] /home/thesis/jheld/MPI_Syrk_implementation/build/src/MPI_SYRK_implementation(+0x2ab0)[0x55b487af7ab0]
[hydra09:366638] [12] /lib/x86_64-linux-gnu/libc.so.6(__libc_start_main+0xea)[0x7f7cce7f1d7a]
[hydra01:873384] [ 2] /lib/x86_64-linux-gnu/libc.so.6(abort+0x123)[0x7fa961400537]
[hydra09:366638] [13] /home/thesis/jheld/MPI_Syrk_implementation/build/src/MPI_SYRK_implementation(+0x232a)[0x55b487af732a]
[hydra09:366638] *** End of error message ***
[hydra01:873384] [ 3] /lib/x86_64-linux-gnu/libc.so.6(+0x7a468)[0x7fa961458468]
[hydra01:873384] [ 4] /lib/x86_64-linux-gnu/libc.so.6(+0x8175a)[0x7fa96145f75a]
[hydra01:873384] [ 5] /lib/x86_64-linux-gnu/libc.so.6(+0x8483c)[0x7fa96146283c]
[hydra01:873384] [ 6] /lib/x86_64-linux-gnu/libc.so.6(__libc_calloc+0x81)[0x7fa961464bd1]
[hydra01:873384] [ 7] /opt/mpi/openmpi-4.1.4//lib/libmpi.so.40(ompi_group_allocate+0x17)[0x7fa9633321e7]
[hydra01:873384] [ 8] /opt/mpi/openmpi-4.1.4//lib/libmpi.so.40(ompi_group_incl_plist+0x65)[0x7fa963332915]
[hydra10:484356] *** Process received signal ***
[hydra10:484356] Signal: Aborted (6)
[hydra10:484356] Signal code:  (-6)
[hydra10:484356] [ 0] /lib/x86_64-linux-gnu/libc.so.6(+0x38de0)[0x7f1cdabbfde0]
[hydra10:484356] [ 1] /lib/x86_64-linux-gnu/libc.so.6(gsignal+0x141)[0x7f1cdabbfd61]
[hydra01:873384] [ 9] /opt/mpi/openmpi-4.1.4//lib/libmpi.so.40(PMPI_Group_incl+0x95)[0x7fa963363185]
[hydra01:873384] [10] /home/thesis/jheld/MPI_Syrk_implementation/build/src/MPI_SYRK_implementation(+0x841a)[0x5591509dc41a]
[hydra10:484356] [ 2] /lib/x86_64-linux-gnu/libc.so.6(abort+0x123)[0x7f1cdaba9537]
[hydra01:873384] [11] /home/thesis/jheld/MPI_Syrk_implementation/build/src/MPI_SYRK_implementation(+0x2ab0)[0x5591509d6ab0]
[hydra10:484356] [ 3] /lib/x86_64-linux-gnu/libc.so.6(+0x7a468)[0x7f1cdac01468]
[hydra01:873384] [12] /lib/x86_64-linux-gnu/libc.so.6(__libc_start_main+0xea)[0x7fa961401d7a]
[hydra01:873384] [13] /home/thesis/jheld/MPI_Syrk_implementation/build/src/MPI_SYRK_implementation(+0x232a)[0x5591509d632a]
[hydra01:873384] *** End of error message ***
[hydra10:484356] [ 4] /lib/x86_64-linux-gnu/libc.so.6(+0x8175a)[0x7f1cdac0875a]
[hydra02:558873] *** Process received signal ***
[hydra10:484356] [ 5] /lib/x86_64-linux-gnu/libc.so.6(+0x8483c)[0x7f1cdac0b83c]
[hydra02:558873] Signal: Aborted (6)
[hydra02:558873] Signal code:  (-6)
[hydra10:484356] [ 6] /lib/x86_64-linux-gnu/libc.so.6(__libc_calloc+0x81)[0x7f1cdac0dbd1]
[hydra02:558873] [ 0] /lib/x86_64-linux-gnu/libc.so.6(+0x38de0)[0x7f97df922de0]
[hydra10:484356] [ 7] /opt/mpi/openmpi-4.1.4//lib/libmpi.so.40(ompi_group_allocate+0x17)[0x7f1cdcadb1e7]
[hydra02:558873] [ 1] /lib/x86_64-linux-gnu/libc.so.6(gsignal+0x141)[0x7f97df922d61]
[hydra10:484356] [ 8] /opt/mpi/openmpi-4.1.4//lib/libmpi.so.40(ompi_group_incl_plist+0x65)[0x7f1cdcadb915]
[hydra02:558873] [ 2] /lib/x86_64-linux-gnu/libc.so.6(abort+0x123)[0x7f97df90c537]
[hydra10:484356] [ 9] /opt/mpi/openmpi-4.1.4//lib/libmpi.so.40(PMPI_Group_incl+0x95)[0x7f1cdcb0c185]
[hydra02:558873] [ 3] /lib/x86_64-linux-gnu/libc.so.6(+0x7a468)[0x7f97df964468]
[hydra10:484356] [10] /home/thesis/jheld/MPI_Syrk_implementation/build/src/MPI_SYRK_implementation(+0x841a)[0x55a8441f341a]
[hydra10:484356] [11] /home/thesis/jheld/MPI_Syrk_implementation/build/src/MPI_SYRK_implementation(+0x2ab0)[0x55a8441edab0]
[hydra02:558873] [ 4] /lib/x86_64-linux-gnu/libc.so.6(+0x8175a)[0x7f97df96b75a]
[hydra10:484356] [12] /lib/x86_64-linux-gnu/libc.so.6(__libc_start_main+0xea)[0x7f1cdabaad7a]
[hydra10:484356] [13] /home/thesis/jheld/MPI_Syrk_implementation/build/src/MPI_SYRK_implementation(+0x232a)[0x55a8441ed32a]
[hydra02:558873] [ 5] /lib/x86_64-linux-gnu/libc.so.6(+0x8483c)[0x7f97df96e83c]
[hydra10:484356] *** End of error message ***
[hydra02:558873] [ 6] /lib/x86_64-linux-gnu/libc.so.6(__libc_calloc+0x81)[0x7f97df970bd1]
[hydra02:558873] [ 7] /opt/mpi/openmpi-4.1.4//lib/libmpi.so.40(ompi_group_allocate+0x17)[0x7f97e183e1e7]
[hydra02:558873] [ 8] /opt/mpi/openmpi-4.1.4//lib/libmpi.so.40(ompi_group_incl_plist+0x65)[0x7f97e183e915]
[hydra02:558873] [ 9] /opt/mpi/openmpi-4.1.4//lib/libmpi.so.40(PMPI_Group_incl+0x95)[0x7f97e186f185]
[hydra02:558873] [10] /home/thesis/jheld/MPI_Syrk_implementation/build/src/MPI_SYRK_implementation(+0x841a)[0x559c312a141a]
[hydra02:558873] [11] /home/thesis/jheld/MPI_Syrk_implementation/build/src/MPI_SYRK_implementation(+0x2ab0)[0x559c3129bab0]
[hydra02:558873] [12] /lib/x86_64-linux-gnu/libc.so.6(__libc_start_main+0xea)[0x7f97df90dd7a]
[hydra02:558873] [13] /home/thesis/jheld/MPI_Syrk_implementation/build/src/MPI_SYRK_implementation(+0x232a)[0x559c3129b32a]
[hydra02:558873] *** End of error message ***
malloc(): invalid size (unsorted)
[hydra11:353355] *** Process received signal ***
[hydra11:353355] Signal: Aborted (6)
[hydra11:353355] Signal code:  (-6)
[hydra11:353355] [ 0] /lib/x86_64-linux-gnu/libc.so.6(+0x38de0)[0x7f3cad86ade0]
[hydra11:353355] [ 1] /lib/x86_64-linux-gnu/libc.so.6(gsignal+0x141)[0x7f3cad86ad61]
[hydra11:353355] [ 2] /lib/x86_64-linux-gnu/libc.so.6(abort+0x123)[0x7f3cad854537]
[hydra11:353355] [ 3] /lib/x86_64-linux-gnu/libc.so.6(+0x7a468)[0x7f3cad8ac468]
[hydra11:353355] [ 4] /lib/x86_64-linux-gnu/libc.so.6(+0x8175a)[0x7f3cad8b375a]
[hydra11:353355] [ 5] /lib/x86_64-linux-gnu/libc.so.6(+0x8483c)[0x7f3cad8b683c]
[hydra11:353355] [ 6] /lib/x86_64-linux-gnu/libc.so.6(__libc_calloc+0x81)[0x7f3cad8b8bd1]
[hydra11:353355] [ 7] /opt/mpi/openmpi-4.1.4//lib/libmpi.so.40(ompi_group_allocate+0x17)[0x7f3caf7861e7]
[hydra11:353355] [ 8] /opt/mpi/openmpi-4.1.4//lib/libmpi.so.40(ompi_group_incl_plist+0x65)[0x7f3caf786915]
[hydra11:353355] [ 9] /opt/mpi/openmpi-4.1.4//lib/libmpi.so.40(PMPI_Group_incl+0x95)[0x7f3caf7b7185]
[hydra11:353355] [10] /home/thesis/jheld/MPI_Syrk_implementation/build/src/MPI_SYRK_implementation(+0x841a)[0x563c104c541a]
[hydra11:353355] [11] /home/thesis/jheld/MPI_Syrk_implementation/build/src/MPI_SYRK_implementation(+0x2ab0)[0x563c104bfab0]
[hydra11:353355] [12] /lib/x86_64-linux-gnu/libc.so.6(__libc_start_main+0xea)[0x7f3cad855d7a]
[hydra11:353355] [13] /home/thesis/jheld/MPI_Syrk_implementation/build/src/MPI_SYRK_implementation(+0x232a)[0x563c104bf32a]
[hydra11:353355] *** End of error message ***
srun: error: hydra05: task 13: Aborted
srun: error: hydra03: task 6: Aborted
srun: error: hydra04: task 11: Aborted
srun: error: hydra06: task 17: Aborted
srun: error: hydra12: task 35: Aborted
srun: error: hydra08: task 23: Aborted
srun: error: hydra01: task 2: Aborted
srun: error: hydra10: task 29: Aborted
srun: error: hydra09: task 25: Aborted
srun: error: hydra02: task 3: Aborted
srun: error: hydra07: tasks 19-20: Aborted
srun: error: hydra11: tasks 30,32: Aborted
slurmstepd: error:  mpi/pmix_v4: _errhandler: hydra03 [2]: pmixp_client_v2.c:211: Error handler invoked: status = -61, source = [slurm.pmix.5008690.7:6]
slurmstepd: error:  mpi/pmix_v4: _errhandler: hydra08 [7]: pmixp_client_v2.c:211: Error handler invoked: status = -61, source = [slurm.pmix.5008690.7:23]
slurmstepd: error:  mpi/pmix_v4: _errhandler: hydra05 [4]: pmixp_client_v2.c:211: Error handler invoked: status = -61, source = [slurm.pmix.5008690.7:13]
slurmstepd: error:  mpi/pmix_v4: _errhandler: hydra12 [11]: pmixp_client_v2.c:211: Error handler invoked: status = -61, source = [slurm.pmix.5008690.7:35]
slurmstepd: error:  mpi/pmix_v4: _errhandler: hydra10 [9]: pmixp_client_v2.c:211: Error handler invoked: status = -61, source = [slurm.pmix.5008690.7:29]
slurmstepd: error:  mpi/pmix_v4: _errhandler: hydra01 [0]: pmixp_client_v2.c:211: Error handler invoked: status = -61, source = [slurm.pmix.5008690.7:2]
slurmstepd: error:  mpi/pmix_v4: _errhandler: hydra04 [3]: pmixp_client_v2.c:211: Error handler invoked: status = -61, source = [slurm.pmix.5008690.7:11]
slurmstepd: error:  mpi/pmix_v4: _errhandler: hydra06 [5]: pmixp_client_v2.c:211: Error handler invoked: status = -61, source = [slurm.pmix.5008690.7:17]
slurmstepd: error:  mpi/pmix_v4: _errhandler: hydra09 [8]: pmixp_client_v2.c:211: Error handler invoked: status = -61, source = [slurm.pmix.5008690.7:25]
slurmstepd: error:  mpi/pmix_v4: _errhandler: hydra11 [10]: pmixp_client_v2.c:211: Error handler invoked: status = -61, source = [slurm.pmix.5008690.7:32]
slurmstepd: error:  mpi/pmix_v4: _errhandler: hydra02 [1]: pmixp_client_v2.c:211: Error handler invoked: status = -61, source = [slurm.pmix.5008690.7:3]
slurmstepd: error:  mpi/pmix_v4: _errhandler: hydra07 [6]: pmixp_client_v2.c:211: Error handler invoked: status = -61, source = [slurm.pmix.5008690.7:19]
slurmstepd: error: *** STEP 5008690.7 ON hydra01 CANCELLED AT 2025-10-13T15:25:16 ***
srun: Job step aborted: Waiting up to 32 seconds for job step to finish.
srun: error: hydra11: task 31: Killed
srun: error: hydra07: task 18: Killed
srun: error: hydra08: tasks 21-22: Killed
srun: error: hydra01: tasks 0-1: Killed
srun: error: hydra02: tasks 4-5: Killed
srun: error: hydra06: tasks 15-16: Killed
srun: error: hydra03: tasks 7-8: Killed
srun: error: hydra09: tasks 24,26: Killed
srun: error: hydra05: tasks 12,14: Killed
srun: error: hydra12: tasks 33-34: Killed
srun: error: hydra10: tasks 27-28: Killed
srun: error: hydra04: tasks 9-10: Killed
⚠️ Warning: No runtime found for run 8
srun: Warning: can't honor --ntasks-per-node set to 1 which doesn't match the requested tasks 36 with the number of requested nodes 12. Ignoring --ntasks-per-node.
missing input file name --> Generate random input
malloc(): invalid size (unsorted)
[hydra05:373023] *** Process received signal ***
malloc(): invalid size (unsorted)
[hydra12:353454] *** Process received signal ***
[hydra12:353454] Signal: Aborted (6)
[hydra12:353454] Signal code:  (-6)
[hydra05:373023] Signal: Aborted (6)
[hydra05:373023] Signal code:  (-6)
[hydra05:373023] [ 0] /lib/x86_64-linux-gnu/libc.so.6(+0x38de0)[0x7f8e798b3de0]
[hydra05:373023] [ 1] /lib/x86_64-linux-gnu/libc.so.6(gsignal+0x141)[0x7f8e798b3d61]
[hydra05:373023] [ 2] /lib/x86_64-linux-gnu/libc.so.6(abort+0x123)[0x7f8e7989d537]
[hydra05:373023] [ 3] /lib/x86_64-linux-gnu/libc.so.6(+0x7a468)[0x7f8e798f5468]
[hydra05:373023] [ 4] /lib/x86_64-linux-gnu/libc.so.6(+0x8175a)[0x7f8e798fc75a]
[hydra05:373023] [ 5] /lib/x86_64-linux-gnu/libc.so.6(+0x8483c)[0x7f8e798ff83c]
[hydra05:373023] [ 6] /lib/x86_64-linux-gnu/libc.so.6(__libc_calloc+0x81)[0x7f8e79901bd1]
[hydra05:373023] [ 7] /opt/mpi/openmpi-4.1.4//lib/libmpi.so.40(ompi_group_allocate+0x17)[0x7f8e7b7cf1e7]
malloc(): invalid size (unsorted)
[hydra03:390321] *** Process received signal ***
[hydra03:390321] Signal: Aborted (6)
[hydra03:390321] Signal code:  (-6)
[hydra05:373023] [ 8] /opt/mpi/openmpi-4.1.4//lib/libmpi.so.40(ompi_group_incl_plist+0x65)[0x7f8e7b7cf915]
[hydra05:373023] [ 9] /opt/mpi/openmpi-4.1.4//lib/libmpi.so.40(PMPI_Group_incl+0x95)[0x7f8e7b800185]
[hydra05:373023] [10] /home/thesis/jheld/MPI_Syrk_implementation/build/src/MPI_SYRK_implementation(+0x841a)[0x55e01c71a41a]
[hydra05:373023] [11] /home/thesis/jheld/MPI_Syrk_implementation/build/src/MPI_SYRK_implementation(+0x2ab0)[0x55e01c714ab0]
malloc(): invalid size (unsorted)
[hydra11:353429] *** Process received signal ***
[hydra05:373023] [12] /lib/x86_64-linux-gnu/libc.so.6(__libc_start_main+0xea)[0x7f8e7989ed7a]
[hydra05:373023] [13] /home/thesis/jheld/MPI_Syrk_implementation/build/src/MPI_SYRK_implementation(+0x232a)[0x55e01c71432a]
malloc(): invalid size (unsorted)
[hydra04:389100] *** Process received signal ***
[hydra04:389100] Signal: Aborted (6)
[hydra04:389100] Signal code:  (-6)
[hydra05:373023] *** End of error message ***
malloc(): invalid size (unsorted)
[hydra12:353455] *** Process received signal ***
[hydra12:353455] Signal: Aborted (6)
[hydra12:353455] Signal code:  (-6)
[hydra12:353454] [ 0] /lib/x86_64-linux-gnu/libc.so.6(+0x38de0)[0x7f64ae2a9de0]
[hydra12:353454] [ 1] /lib/x86_64-linux-gnu/libc.so.6(gsignal+0x141)[0x7f64ae2a9d61]
[hydra12:353454] [ 2] /lib/x86_64-linux-gnu/libc.so.6(abort+0x123)[0x7f64ae293537]
[hydra12:353454] [ 3] /lib/x86_64-linux-gnu/libc.so.6(+0x7a468)[0x7f64ae2eb468]
[hydra12:353454] [ 4] /lib/x86_64-linux-gnu/libc.so.6(+0x8175a)[0x7f64ae2f275a]
[hydra12:353455] [ 0] /lib/x86_64-linux-gnu/libc.so.6(+0x38de0)[0x7fc26e90fde0]
[hydra12:353454] [ 5] /lib/x86_64-linux-gnu/libc.so.6(+0x8483c)[0x7f64ae2f583c]
[hydra12:353455] [ 1] /lib/x86_64-linux-gnu/libc.so.6(gsignal+0x141)[0x7fc26e90fd61]
[hydra12:353454] [ 6] /lib/x86_64-linux-gnu/libc.so.6(__libc_calloc+0x81)[0x7f64ae2f7bd1]
[hydra12:353455] [ 2] /lib/x86_64-linux-gnu/libc.so.6(abort+0x123)[0x7fc26e8f9537]
[hydra12:353454] [ 7] /opt/mpi/openmpi-4.1.4//lib/libmpi.so.40(ompi_group_allocate+0x17)[0x7f64b01c51e7]
[hydra12:353455] [ 3] /lib/x86_64-linux-gnu/libc.so.6(+0x7a468)[0x7fc26e951468]
[hydra12:353454] [ 8] /opt/mpi/openmpi-4.1.4//lib/libmpi.so.40(ompi_group_incl_plist+0x65)[0x7f64b01c5915]
[hydra12:353455] [ 4] /lib/x86_64-linux-gnu/libc.so.6(+0x8175a)[0x7fc26e95875a]
[hydra12:353454] [ 9] /opt/mpi/openmpi-4.1.4//lib/libmpi.so.40(PMPI_Group_incl+0x95)[0x7f64b01f6185]
[hydra12:353454] [10] /home/thesis/jheld/MPI_Syrk_implementation/build/src/MPI_SYRK_implementation(+0x841a)[0x5596a34dd41a]
[hydra12:353454] [11] /home/thesis/jheld/MPI_Syrk_implementation/build/src/MPI_SYRK_implementation(+0x2ab0)[0x5596a34d7ab0]
[hydra12:353455] [ 5] /lib/x86_64-linux-gnu/libc.so.6(+0x8483c)[0x7fc26e95b83c]
[hydra12:353454] [12] /lib/x86_64-linux-gnu/libc.so.6(__libc_start_main+0xea)[0x7f64ae294d7a]
[hydra12:353454] [13] /home/thesis/jheld/MPI_Syrk_implementation/build/src/MPI_SYRK_implementation(+0x232a)[0x5596a34d732a]
[hydra12:353454] *** End of error message ***
[hydra12:353455] [ 6] /lib/x86_64-linux-gnu/libc.so.6(__libc_calloc+0x81)[0x7fc26e95dbd1]
[hydra12:353455] [ 7] /opt/mpi/openmpi-4.1.4//lib/libmpi.so.40(ompi_group_allocate+0x17)[0x7fc27082b1e7]
malloc(): invalid size (unsorted)
[hydra06:373723] *** Process received signal ***
[hydra06:373723] Signal: Aborted (6)
[hydra06:373723] Signal code:  (-6)
[hydra11:353429] Signal: Aborted (6)
[hydra11:353429] Signal code:  (-6)
[hydra11:353429] [ 0] /lib/x86_64-linux-gnu/libc.so.6(+0x38de0)[0x7f5937cb4de0]
[hydra11:353429] [ 1] /lib/x86_64-linux-gnu/libc.so.6(gsignal+0x141)[0x7f5937cb4d61]
[hydra11:353429] [ 2] /lib/x86_64-linux-gnu/libc.so.6(abort+0x123)[0x7f5937c9e537]
[hydra11:353429] [ 3] /lib/x86_64-linux-gnu/libc.so.6(+0x7a468)[0x7f5937cf6468]
[hydra03:390321] [ 0] /lib/x86_64-linux-gnu/libc.so.6(+0x38de0)[0x7f8403210de0]
[hydra11:353429] [ 4] /lib/x86_64-linux-gnu/libc.so.6(+0x8175a)[0x7f5937cfd75a]
[hydra04:389100] [ 0] /lib/x86_64-linux-gnu/libc.so.6(+0x38de0)[0x7f971b02ede0]
[hydra03:390321] [ 1] /lib/x86_64-linux-gnu/libc.so.6(gsignal+0x141)[0x7f8403210d61]
[hydra11:353429] [ 5] /lib/x86_64-linux-gnu/libc.so.6(+0x8483c)[0x7f5937d0083c]
[hydra04:389100] [ 1] /lib/x86_64-linux-gnu/libc.so.6(gsignal+0x141)[0x7f971b02ed61]
[hydra03:390321] [ 2] /lib/x86_64-linux-gnu/libc.so.6(abort+0x123)[0x7f84031fa537]
[hydra11:353429] [ 6] /lib/x86_64-linux-gnu/libc.so.6(__libc_calloc+0x81)[0x7f5937d02bd1]
[hydra04:389100] [ 2] /lib/x86_64-linux-gnu/libc.so.6(abort+0x123)[0x7f971b018537]
[hydra03:390321] [ 3] /lib/x86_64-linux-gnu/libc.so.6(+0x7a468)[0x7f8403252468]
[hydra11:353429] [ 7] /opt/mpi/openmpi-4.1.4//lib/libmpi.so.40(ompi_group_allocate+0x17)[0x7f5939bd01e7]
[hydra04:389100] [ 3] /lib/x86_64-linux-gnu/libc.so.6(+0x7a468)[0x7f971b070468]
[hydra03:390321] [ 4] /lib/x86_64-linux-gnu/libc.so.6(+0x8175a)[0x7f840325975a]
[hydra11:353429] [ 8] /opt/mpi/openmpi-4.1.4//lib/libmpi.so.40(ompi_group_incl_plist+0x65)[0x7f5939bd0915]
[hydra04:389100] [ 4] /lib/x86_64-linux-gnu/libc.so.6(+0x8175a)[0x7f971b07775a]
[hydra03:390321] [ 5] /lib/x86_64-linux-gnu/libc.so.6(+0x8483c)[0x7f840325c83c]
[hydra11:353429] [ 9] /opt/mpi/openmpi-4.1.4//lib/libmpi.so.40(PMPI_Group_incl+0x95)[0x7f5939c01185]
[hydra04:389100] [ 5] /lib/x86_64-linux-gnu/libc.so.6(+0x8483c)[0x7f971b07a83c]
[hydra03:390321] [ 6] /lib/x86_64-linux-gnu/libc.so.6(__libc_calloc+0x81)[0x7f840325ebd1]
[hydra03:390321] [ 7] /opt/mpi/openmpi-4.1.4//lib/libmpi.so.40(ompi_group_allocate+0x17)[0x7f840512c1e7]
[hydra03:390321] [ 8] /opt/mpi/openmpi-4.1.4//lib/libmpi.so.40(ompi_group_incl_plist+0x65)[0x7f840512c915]
[hydra11:353429] [10] /home/thesis/jheld/MPI_Syrk_implementation/build/src/MPI_SYRK_implementation(+0x841a)[0x55875b22341a]
[hydra11:353429] [11] /home/thesis/jheld/MPI_Syrk_implementation/build/src/MPI_SYRK_implementation(+0x2ab0)[0x55875b21dab0]
[hydra04:389100] [ 6] /lib/x86_64-linux-gnu/libc.so.6(__libc_calloc+0x81)[0x7f971b07cbd1]
malloc(): invalid size (unsorted)
[hydra11:353429] [12] /lib/x86_64-linux-gnu/libc.so.6(__libc_start_main+0xea)[0x7f5937c9fd7a]
[hydra11:353429] [13] /home/thesis/jheld/MPI_Syrk_implementation/build/src/MPI_SYRK_implementation(+0x232a)[0x55875b21d32a]
[hydra04:389100] [ 7] /opt/mpi/openmpi-4.1.4//lib/libmpi.so.40(ompi_group_allocate+0x17)[0x7f971cf4a1e7]
[hydra03:390321] [ 9] /opt/mpi/openmpi-4.1.4//lib/libmpi.so.40(PMPI_Group_incl+0x95)[0x7f840515d185]
[hydra03:390321] [10] /home/thesis/jheld/MPI_Syrk_implementation/build/src/MPI_SYRK_implementation(+0x841a)[0x56497c29241a]
[hydra03:390321] [11] /home/thesis/jheld/MPI_Syrk_implementation/build/src/MPI_SYRK_implementation(+0x2ab0)[0x56497c28cab0]
[hydra11:353429] *** End of error message ***
[hydra04:389100] [ 8] /opt/mpi/openmpi-4.1.4//lib/libmpi.so.40(ompi_group_incl_plist+0x65)[0x7f971cf4a915]
[hydra03:390322] *** Process received signal ***
[hydra04:389100] [ 9] /opt/mpi/openmpi-4.1.4//lib/libmpi.so.40(PMPI_Group_incl+0x95)[0x7f971cf7b185]
malloc(): invalid size (unsorted)
[hydra07:400105] *** Process received signal ***
[hydra04:389100] [10] /home/thesis/jheld/MPI_Syrk_implementation/build/src/MPI_SYRK_implementation(+0x841a)[0x5586b321241a]
[hydra04:389100] [11] /home/thesis/jheld/MPI_Syrk_implementation/build/src/MPI_SYRK_implementation(+0x2ab0)[0x5586b320cab0]
[hydra04:389100] [12] /lib/x86_64-linux-gnu/libc.so.6(__libc_start_main+0xea)[0x7f971b019d7a]
[hydra04:389100] [13] /home/thesis/jheld/MPI_Syrk_implementation/build/src/MPI_SYRK_implementation(+0x232a)[0x5586b320c32a]
[hydra04:389100] *** End of error message ***
[hydra03:390321] [12] /lib/x86_64-linux-gnu/libc.so.6(__libc_start_main+0xea)[0x7f84031fbd7a]
[hydra03:390321] [13] /home/thesis/jheld/MPI_Syrk_implementation/build/src/MPI_SYRK_implementation(+0x232a)[0x56497c28c32a]
[hydra03:390321] *** End of error message ***
[hydra03:390322] Signal: Aborted (6)
[hydra03:390322] Signal code:  (-6)
malloc(): invalid size (unsorted)
[hydra06:373723] [ 0] /lib/x86_64-linux-gnu/libc.so.6(+0x38de0)[0x7f2080eebde0]
[hydra06:373723] [ 1] /lib/x86_64-linux-gnu/libc.so.6(gsignal+0x141)[0x7f2080eebd61]
[hydra06:373723] [ 2] /lib/x86_64-linux-gnu/libc.so.6(abort+0x123)[0x7f2080ed5537]
[hydra06:373723] [ 3] /lib/x86_64-linux-gnu/libc.so.6(+0x7a468)[0x7f2080f2d468]
[hydra06:373723] [ 4] /lib/x86_64-linux-gnu/libc.so.6(+0x8175a)[0x7f2080f3475a]
[hydra06:373723] [ 5] /lib/x86_64-linux-gnu/libc.so.6(+0x8483c)[0x7f2080f3783c]
malloc(): invalid size (unsorted)
[hydra06:373723] [ 6] /lib/x86_64-linux-gnu/libc.so.6(__libc_calloc+0x81)[0x7f2080f39bd1]
[hydra06:373723] [ 7] /opt/mpi/openmpi-4.1.4//lib/libmpi.so.40(ompi_group_allocate+0x17)[0x7f2082e071e7]
[hydra06:373723] [ 8] /opt/mpi/openmpi-4.1.4//lib/libmpi.so.40(ompi_group_incl_plist+0x65)[0x7f2082e07915]
[hydra06:373723] [ 9] /opt/mpi/openmpi-4.1.4//lib/libmpi.so.40(PMPI_Group_incl+0x95)[0x7f2082e38185]
[hydra06:373723] [10] /home/thesis/jheld/MPI_Syrk_implementation/build/src/MPI_SYRK_implementation(+0x841a)[0x55a43917341a]
[hydra06:373723] [11] /home/thesis/jheld/MPI_Syrk_implementation/build/src/MPI_SYRK_implementation(+0x2ab0)[0x55a43916dab0]
[hydra06:373723] [12] /lib/x86_64-linux-gnu/libc.so.6(__libc_start_main+0xea)[0x7f2080ed6d7a]
[hydra06:373723] [13] /home/thesis/jheld/MPI_Syrk_implementation/build/src/MPI_SYRK_implementation(+0x232a)[0x55a43916d32a]
[hydra06:373723] *** End of error message ***
malloc(): invalid size (unsorted)
[hydra05:373024] *** Process received signal ***
[hydra05:373024] Signal: Aborted (6)
[hydra05:373024] Signal code:  (-6)
[hydra05:373024] [ 0] /lib/x86_64-linux-gnu/libc.so.6(+0x38de0)[0x7fa2f7fcdde0]
[hydra03:390322] [ 0] /lib/x86_64-linux-gnu/libc.so.6(+0x38de0)[0x7f1f925e2de0]
[hydra05:373024] [ 1] /lib/x86_64-linux-gnu/libc.so.6(gsignal+0x141)[0x7fa2f7fcdd61]
[hydra03:390322] [ 1] /lib/x86_64-linux-gnu/libc.so.6(gsignal+0x141)[0x7f1f925e2d61]
[hydra05:373024] [ 2] /lib/x86_64-linux-gnu/libc.so.6(abort+0x123)[0x7fa2f7fb7537]
[hydra03:390322] [ 2] /lib/x86_64-linux-gnu/libc.so.6(abort+0x123)[0x7f1f925cc537]
[hydra05:373024] [ 3] /lib/x86_64-linux-gnu/libc.so.6(+0x7a468)[0x7fa2f800f468]
[hydra03:390322] [ 3] /lib/x86_64-linux-gnu/libc.so.6(+0x7a468)[0x7f1f92624468]
[hydra05:373024] [ 4] /lib/x86_64-linux-gnu/libc.so.6(+0x8175a)[0x7fa2f801675a]
[hydra03:390322] [ 4] /lib/x86_64-linux-gnu/libc.so.6(+0x8175a)[0x7f1f9262b75a]
[hydra05:373024] [ 5] /lib/x86_64-linux-gnu/libc.so.6(+0x8483c)[0x7fa2f801983c]
[hydra07:400105] Signal: Aborted (6)
[hydra07:400105] Signal code:  (-6)
[hydra03:390322] [ 5] /lib/x86_64-linux-gnu/libc.so.6(+0x8483c)[0x7f1f9262e83c]
[hydra05:373024] [ 6] /lib/x86_64-linux-gnu/libc.so.6(__libc_calloc+0x81)[0x7fa2f801bbd1]
[hydra07:400105] [ 0] /lib/x86_64-linux-gnu/libc.so.6(+0x38de0)[0x7f4cf83dfde0]
[hydra03:390322] [ 6] /lib/x86_64-linux-gnu/libc.so.6(__libc_calloc+0x81)[0x7f1f92630bd1]
[hydra05:373024] [ 7] /opt/mpi/openmpi-4.1.4//lib/libmpi.so.40(ompi_group_allocate+0x17)[0x7fa2f9ee91e7]
[hydra07:400105] [ 1] /lib/x86_64-linux-gnu/libc.so.6(gsignal+0x141)[0x7f4cf83dfd61]
[hydra03:390322] [ 7] /opt/mpi/openmpi-4.1.4//lib/libmpi.so.40(ompi_group_allocate+0x17)[0x7f1f944fe1e7]
[hydra05:373024] [ 8] /opt/mpi/openmpi-4.1.4//lib/libmpi.so.40(ompi_group_incl_plist+0x65)[0x7fa2f9ee9915]
malloc(): invalid size (unsorted)
[hydra03:390322] [ 8] /opt/mpi/openmpi-4.1.4//lib/libmpi.so.40(ompi_group_incl_plist+0x65)[0x7f1f944fe915]
[hydra05:373024] [ 9] /opt/mpi/openmpi-4.1.4//lib/libmpi.so.40(PMPI_Group_incl+0x95)[0x7fa2f9f1a185]
[hydra07:400105] [ 2] /lib/x86_64-linux-gnu/libc.so.6(abort+0x123)[0x7f4cf83c9537]
[hydra03:390322] [ 9] /opt/mpi/openmpi-4.1.4//lib/libmpi.so.40(PMPI_Group_incl+0x95)[0x7f1f9452f185]
[hydra05:373024] [10] /home/thesis/jheld/MPI_Syrk_implementation/build/src/MPI_SYRK_implementation(+0x841a)[0x5567b237241a]
[hydra07:400105] [ 3] /lib/x86_64-linux-gnu/libc.so.6(+0x7a468)[0x7f4cf8421468]
[hydra03:390322] [10] /home/thesis/jheld/MPI_Syrk_implementation/build/src/MPI_SYRK_implementation(+0x841a)[0x55fa662ff41a]
[hydra03:390322] [11] /home/thesis/jheld/MPI_Syrk_implementation/build/src/MPI_SYRK_implementation(+0x2ab0)[0x55fa662f9ab0]
[hydra05:373024] [11] /home/thesis/jheld/MPI_Syrk_implementation/build/src/MPI_SYRK_implementation(+0x2ab0)[0x5567b236cab0]
[hydra07:400104] *** Process received signal ***
[hydra03:390322] [12] /lib/x86_64-linux-gnu/libc.so.6(__libc_start_main+0xea)[0x7f1f925cdd7a]
[hydra03:390322] [13] /home/thesis/jheld/MPI_Syrk_implementation/build/src/MPI_SYRK_implementation(+0x232a)[0x55fa662f932a]
[hydra05:373024] [12] /lib/x86_64-linux-gnu/libc.so.6(__libc_start_main+0xea)[0x7fa2f7fb8d7a]
[hydra07:400105] [ 4] /lib/x86_64-linux-gnu/libc.so.6(+0x8175a)[0x7f4cf842875a]
[hydra03:390322] *** End of error message ***
[hydra05:373024] [13] /home/thesis/jheld/MPI_Syrk_implementation/build/src/MPI_SYRK_implementation(+0x232a)[0x5567b236c32a]
[hydra05:373024] *** End of error message ***
malloc(): invalid size (unsorted)
[hydra04:389101] *** Process received signal ***
[hydra07:400104] Signal: Aborted (6)
[hydra07:400104] Signal code:  (-6)
[hydra04:389101] Signal: Aborted (6)
[hydra04:389101] Signal code:  (-6)
[hydra07:400105] [ 5] /lib/x86_64-linux-gnu/libc.so.6(+0x8483c)[0x7f4cf842b83c]
[hydra04:389101] [ 0] /lib/x86_64-linux-gnu/libc.so.6(+0x38de0)[0x7fa456d2ede0]
[hydra07:400105] [ 6] /lib/x86_64-linux-gnu/libc.so.6(__libc_calloc+0x81)[0x7f4cf842dbd1]
[hydra04:389101] [ 1] /lib/x86_64-linux-gnu/libc.so.6(gsignal+0x141)[0x7fa456d2ed61]
[hydra07:400105] [ 7] /opt/mpi/openmpi-4.1.4//lib/libmpi.so.40(ompi_group_allocate+0x17)[0x7f4cfa2fb1e7]
[hydra04:389101] [ 2] /lib/x86_64-linux-gnu/libc.so.6(abort+0x123)[0x7fa456d18537]
[hydra07:400105] [ 8] /opt/mpi/openmpi-4.1.4//lib/libmpi.so.40(ompi_group_incl_plist+0x65)[0x7f4cfa2fb915]
[hydra04:389101] [ 3] /lib/x86_64-linux-gnu/libc.so.6(+0x7a468)[0x7fa456d70468]
[hydra07:400105] [ 9] /opt/mpi/openmpi-4.1.4//lib/libmpi.so.40(PMPI_Group_incl+0x95)[0x7f4cfa32c185]
[hydra08:375378] *** Process received signal ***
[hydra08:375378] Signal: Aborted (6)
[hydra08:375378] Signal code:  (-6)
[hydra04:389101] [ 4] /lib/x86_64-linux-gnu/libc.so.6(+0x8175a)[0x7fa456d7775a]
[hydra07:400105] [10] /home/thesis/jheld/MPI_Syrk_implementation/build/src/MPI_SYRK_implementation(+0x841a)[0x55c0cf91f41a]
[hydra07:400105] [11] /home/thesis/jheld/MPI_Syrk_implementation/build/src/MPI_SYRK_implementation(+0x2ab0)[0x55c0cf919ab0]
malloc(): invalid size (unsorted)
[hydra08:375379] *** Process received signal ***
[hydra04:389101] [ 5] /lib/x86_64-linux-gnu/libc.so.6(+0x8483c)[0x7fa456d7a83c]
[hydra07:400105] [12] /lib/x86_64-linux-gnu/libc.so.6(__libc_start_main+0xea)[0x7f4cf83cad7a]
[hydra07:400105] [13] /home/thesis/jheld/MPI_Syrk_implementation/build/src/MPI_SYRK_implementation(+0x232a)[0x55c0cf91932a]
[hydra08:375378] [ 0] /lib/x86_64-linux-gnu/libc.so.6(+0x38de0)[0x7fc218cd6de0]
[hydra08:375378] [ 1] /lib/x86_64-linux-gnu/libc.so.6(gsignal+0x141)[0x7fc218cd6d61]
[hydra04:389101] [ 6] /lib/x86_64-linux-gnu/libc.so.6(__libc_calloc+0x81)[0x7fa456d7cbd1]
[hydra07:400105] *** End of error message ***
[hydra08:375379] Signal: Aborted (6)
[hydra08:375379] Signal code:  (-6)
[hydra04:389101] [ 7] /opt/mpi/openmpi-4.1.4//lib/libmpi.so.40(ompi_group_allocate+0x17)[0x7fa458c4a1e7]
[hydra08:375378] [ 2] /lib/x86_64-linux-gnu/libc.so.6(abort+0x123)[0x7fc218cc0537]
[hydra04:389101] [ 8] /opt/mpi/openmpi-4.1.4//lib/libmpi.so.40(ompi_group_incl_plist+0x65)[0x7fa458c4a915]
[hydra08:375378] [ 3] /lib/x86_64-linux-gnu/libc.so.6(+0x7a468)[0x7fc218d18468]
[hydra02:558959] *** Process received signal ***
[hydra02:558959] Signal: Aborted (6)
[hydra02:558959] Signal code:  (-6)
[hydra04:389101] [ 9] /opt/mpi/openmpi-4.1.4//lib/libmpi.so.40(PMPI_Group_incl+0x95)[0x7fa458c7b185]
[hydra08:375378] [ 4] /lib/x86_64-linux-gnu/libc.so.6(+0x8175a)[0x7fc218d1f75a]
[hydra08:375378] [ 5] /lib/x86_64-linux-gnu/libc.so.6(+0x8483c)[0x7fc218d2283c]
[hydra02:558959] [ 0] /lib/x86_64-linux-gnu/libc.so.6(+0x38de0)[0x7f6ea2bafde0]
[hydra04:389101] [10] /home/thesis/jheld/MPI_Syrk_implementation/build/src/MPI_SYRK_implementation(+0x841a)[0x5587ffd9b41a]
[hydra04:389101] [11] /home/thesis/jheld/MPI_Syrk_implementation/build/src/MPI_SYRK_implementation(+0x2ab0)[0x5587ffd95ab0]
[hydra08:375378] [ 6] /lib/x86_64-linux-gnu/libc.so.6(__libc_calloc+0x81)[0x7fc218d24bd1]
[hydra02:558959] [ 1] /lib/x86_64-linux-gnu/libc.so.6(gsignal+0x141)[0x7f6ea2bafd61]
[hydra04:389101] [12] /lib/x86_64-linux-gnu/libc.so.6(__libc_start_main+0xea)[0x7fa456d19d7a]
[hydra04:389101] [13] /home/thesis/jheld/MPI_Syrk_implementation/build/src/MPI_SYRK_implementation(+0x232a)[0x5587ffd9532a]
[hydra08:375378] [ 7] /opt/mpi/openmpi-4.1.4//lib/libmpi.so.40(ompi_group_allocate+0x17)[0x7fc21abf21e7]
[hydra02:558959] [ 2] /lib/x86_64-linux-gnu/libc.so.6(abort+0x123)[0x7f6ea2b99537]
[hydra04:389101] *** End of error message ***
[hydra08:375378] [ 8] /opt/mpi/openmpi-4.1.4//lib/libmpi.so.40(ompi_group_incl_plist+0x65)[0x7fc21abf2915]
[hydra02:558959] [ 3] /lib/x86_64-linux-gnu/libc.so.6(+0x7a468)[0x7f6ea2bf1468]
[hydra08:375379] [ 0] /lib/x86_64-linux-gnu/libc.so.6(+0x38de0)[0x7f926c048de0]
[hydra02:558959] [ 4] /lib/x86_64-linux-gnu/libc.so.6(+0x8175a)[0x7f6ea2bf875a]
[hydra08:375378] [ 9] /opt/mpi/openmpi-4.1.4//lib/libmpi.so.40(PMPI_Group_incl+0x95)[0x7fc21ac23185]
[hydra02:558959] [ 5] /lib/x86_64-linux-gnu/libc.so.6(+0x8483c)[0x7f6ea2bfb83c]
[hydra08:375378] [10] /home/thesis/jheld/MPI_Syrk_implementation/build/src/MPI_SYRK_implementation(+0x841a)[0x5591650a441a]
[hydra08:375378] [11] /home/thesis/jheld/MPI_Syrk_implementation/build/src/MPI_SYRK_implementation(+0x2ab0)[0x55916509eab0]
[hydra02:558959] [ 6] /lib/x86_64-linux-gnu/libc.so.6(__libc_calloc+0x81)[0x7f6ea2bfdbd1]
[hydra08:375379] [ 1] /lib/x86_64-linux-gnu/libc.so.6(gsignal+0x141)[0x7f926c048d61]
[hydra02:558959] [ 7] /opt/mpi/openmpi-4.1.4//lib/libmpi.so.40(ompi_group_allocate+0x17)[0x7f6ea4acb1e7]
[hydra08:375378] [12] /lib/x86_64-linux-gnu/libc.so.6(__libc_start_main+0xea)[0x7fc218cc1d7a]
[hydra08:375378] [13] /home/thesis/jheld/MPI_Syrk_implementation/build/src/MPI_SYRK_implementation(+0x232a)[0x55916509e32a]
[hydra08:375378] *** End of error message ***
[hydra02:558959] [ 8] /opt/mpi/openmpi-4.1.4//lib/libmpi.so.40(ompi_group_incl_plist+0x65)[0x7f6ea4acb915]
[hydra07:400104] [ 0] /lib/x86_64-linux-gnu/libc.so.6(+0x38de0)[0x7f6fd6cc4de0]
[hydra08:375379] [ 2] /lib/x86_64-linux-gnu/libc.so.6(abort+0x123)[0x7f926c032537]
[hydra02:558959] [ 9] /opt/mpi/openmpi-4.1.4//lib/libmpi.so.40(PMPI_Group_incl+0x95)[0x7f6ea4afc185]
[hydra07:400104] [ 1] /lib/x86_64-linux-gnu/libc.so.6(gsignal+0x141)[0x7f6fd6cc4d61]
[hydra07:400104] [ 2] /lib/x86_64-linux-gnu/libc.so.6(abort+0x123)[0x7f6fd6cae537]
[hydra08:375379] [ 3] /lib/x86_64-linux-gnu/libc.so.6(+0x7a468)[0x7f926c08a468]
[hydra02:558959] [10] /home/thesis/jheld/MPI_Syrk_implementation/build/src/MPI_SYRK_implementation(+0x841a)[0x55dc3f8ba41a]
[hydra07:400104] [ 3] /lib/x86_64-linux-gnu/libc.so.6(+0x7a468)[0x7f6fd6d06468]
[hydra08:375379] [ 4] /lib/x86_64-linux-gnu/libc.so.6(+0x8175a)[0x7f926c09175a]
[hydra02:558959] [11] /home/thesis/jheld/MPI_Syrk_implementation/build/src/MPI_SYRK_implementation(+0x2ab0)[0x55dc3f8b4ab0]
[hydra07:400104] [ 4] /lib/x86_64-linux-gnu/libc.so.6(+0x8175a)[0x7f6fd6d0d75a]
[hydra02:558959] [12] /lib/x86_64-linux-gnu/libc.so.6(__libc_start_main+0xea)[0x7f6ea2b9ad7a]
[hydra02:558959] [13] /home/thesis/jheld/MPI_Syrk_implementation/build/src/MPI_SYRK_implementation(+0x232a)[0x55dc3f8b432a]
[hydra07:400104] [ 5] /lib/x86_64-linux-gnu/libc.so.6(+0x8483c)[0x7f6fd6d1083c]
[hydra02:558959] *** End of error message ***
[hydra07:400104] [ 6] /lib/x86_64-linux-gnu/libc.so.6(__libc_calloc+0x81)[0x7f6fd6d12bd1]
[hydra07:400104] [ 7] /opt/mpi/openmpi-4.1.4//lib/libmpi.so.40(ompi_group_allocate+0x17)[0x7f6fd8be01e7]
[hydra07:400104] [ 8] /opt/mpi/openmpi-4.1.4//lib/libmpi.so.40(ompi_group_incl_plist+0x65)[0x7f6fd8be0915]
[hydra07:400104] [ 9] /opt/mpi/openmpi-4.1.4//lib/libmpi.so.40(PMPI_Group_incl+0x95)[0x7f6fd8c11185]
[hydra07:400104] [10] /home/thesis/jheld/MPI_Syrk_implementation/build/src/MPI_SYRK_implementation(+0x841a)[0x564bf2c8a41a]
[hydra07:400104] [11] /home/thesis/jheld/MPI_Syrk_implementation/build/src/MPI_SYRK_implementation(+0x2ab0)[0x564bf2c84ab0]
[hydra07:400104] [12] /lib/x86_64-linux-gnu/libc.so.6(__libc_start_main+0xea)[0x7f6fd6cafd7a]
[hydra07:400104] [13] /home/thesis/jheld/MPI_Syrk_implementation/build/src/MPI_SYRK_implementation(+0x232a)[0x564bf2c8432a]
malloc(): invalid size (unsorted)
[hydra10:484432] *** Process received signal ***
[hydra10:484432] Signal: Aborted (6)
[hydra10:484432] Signal code:  (-6)
[hydra07:400104] *** End of error message ***
malloc(): invalid size (unsorted)
[hydra06:373722] *** Process received signal ***
[hydra06:373722] Signal: Aborted (6)
[hydra06:373722] Signal code:  (-6)
[hydra06:373722] [ 0] /lib/x86_64-linux-gnu/libc.so.6(+0x38de0)[0x7fe1c841fde0]
[hydra06:373722] [ 1] /lib/x86_64-linux-gnu/libc.so.6(gsignal+0x141)[0x7fe1c841fd61]
[hydra06:373722] [ 2] /lib/x86_64-linux-gnu/libc.so.6(abort+0x123)[0x7fe1c8409537]
[hydra06:373722] [ 3] /lib/x86_64-linux-gnu/libc.so.6(+0x7a468)[0x7fe1c8461468]
[hydra06:373722] [ 4] /lib/x86_64-linux-gnu/libc.so.6(+0x8175a)[0x7fe1c846875a]
[hydra06:373722] [ 5] /lib/x86_64-linux-gnu/libc.so.6(+0x8483c)[0x7fe1c846b83c]
[hydra06:373722] [ 6] /lib/x86_64-linux-gnu/libc.so.6(__libc_calloc+0x81)[0x7fe1c846dbd1]
[hydra06:373722] [ 7] /opt/mpi/openmpi-4.1.4//lib/libmpi.so.40(ompi_group_allocate+0x17)[0x7fe1ca33b1e7]
[hydra06:373722] [ 8] /opt/mpi/openmpi-4.1.4//lib/libmpi.so.40(ompi_group_incl_plist+0x65)[0x7fe1ca33b915]
[hydra06:373722] [ 9] /opt/mpi/openmpi-4.1.4//lib/libmpi.so.40(PMPI_Group_incl+0x95)[0x7fe1ca36c185]
[hydra06:373722] [10] /home/thesis/jheld/MPI_Syrk_implementation/build/src/MPI_SYRK_implementation(+0x841a)[0x557bd000341a]
[hydra06:373722] [11] /home/thesis/jheld/MPI_Syrk_implementation/build/src/MPI_SYRK_implementation(+0x2ab0)[0x557bcfffdab0]
[hydra06:373722] [12] /lib/x86_64-linux-gnu/libc.so.6(__libc_start_main+0xea)[0x7fe1c840ad7a]
[hydra06:373722] [13] /home/thesis/jheld/MPI_Syrk_implementation/build/src/MPI_SYRK_implementation(+0x232a)[0x557bcfffd32a]
[hydra06:373722] *** End of error message ***
[hydra10:484432] [ 0] /lib/x86_64-linux-gnu/libc.so.6(+0x38de0)[0x7fecfe7afde0]
[hydra10:484432] [ 1] /lib/x86_64-linux-gnu/libc.so.6(gsignal+0x141)[0x7fecfe7afd61]
[hydra10:484432] [ 2] /lib/x86_64-linux-gnu/libc.so.6(abort+0x123)[0x7fecfe799537]
[hydra10:484432] [ 3] /lib/x86_64-linux-gnu/libc.so.6(+0x7a468)[0x7fecfe7f1468]
[hydra10:484432] [ 4] /lib/x86_64-linux-gnu/libc.so.6(+0x8175a)[0x7fecfe7f875a]
[hydra10:484432] [ 5] /lib/x86_64-linux-gnu/libc.so.6(+0x8483c)[0x7fecfe7fb83c]
[hydra10:484432] [ 6] /lib/x86_64-linux-gnu/libc.so.6(__libc_calloc+0x81)[0x7fecfe7fdbd1]
[hydra10:484432] [ 7] /opt/mpi/openmpi-4.1.4//lib/libmpi.so.40(ompi_group_allocate+0x17)[0x7fed006cb1e7]
[hydra10:484432] [ 8] /opt/mpi/openmpi-4.1.4//lib/libmpi.so.40(ompi_group_incl_plist+0x65)[0x7fed006cb915]
[hydra10:484432] [ 9] /opt/mpi/openmpi-4.1.4//lib/libmpi.so.40(PMPI_Group_incl+0x95)[0x7fed006fc185]
[hydra10:484432] [10] /home/thesis/jheld/MPI_Syrk_implementation/build/src/MPI_SYRK_implementation(+0x841a)[0x56461516741a]
[hydra10:484432] [11] /home/thesis/jheld/MPI_Syrk_implementation/build/src/MPI_SYRK_implementation(+0x2ab0)[0x564615161ab0]
[hydra10:484432] [12] /lib/x86_64-linux-gnu/libc.so.6(__libc_start_main+0xea)[0x7fecfe79ad7a]
[hydra10:484432] [13] /home/thesis/jheld/MPI_Syrk_implementation/build/src/MPI_SYRK_implementation(+0x232a)[0x56461516132a]
[hydra10:484432] *** End of error message ***
malloc(): invalid size (unsorted)
[hydra11:353428] *** Process received signal ***
[hydra11:353428] Signal: Aborted (6)
[hydra11:353428] Signal code:  (-6)
[hydra11:353428] [ 0] /lib/x86_64-linux-gnu/libc.so.6(+0x38de0)[0x7fe151e6bde0]
[hydra11:353428] [ 1] /lib/x86_64-linux-gnu/libc.so.6(gsignal+0x141)[0x7fe151e6bd61]
[hydra11:353428] [ 2] /lib/x86_64-linux-gnu/libc.so.6(abort+0x123)[0x7fe151e55537]
[hydra11:353428] [ 3] /lib/x86_64-linux-gnu/libc.so.6(+0x7a468)[0x7fe151ead468]
[hydra11:353428] [ 4] /lib/x86_64-linux-gnu/libc.so.6(+0x8175a)[0x7fe151eb475a]
[hydra11:353428] [ 5] /lib/x86_64-linux-gnu/libc.so.6(+0x8483c)[0x7fe151eb783c]
[hydra11:353428] [ 6] /lib/x86_64-linux-gnu/libc.so.6(__libc_calloc+0x81)[0x7fe151eb9bd1]
[hydra11:353428] [ 7] /opt/mpi/openmpi-4.1.4//lib/libmpi.so.40(ompi_group_allocate+0x17)[0x7fe153d871e7]
[hydra11:353428] [ 8] /opt/mpi/openmpi-4.1.4//lib/libmpi.so.40(ompi_group_incl_plist+0x65)[0x7fe153d87915]
[hydra11:353428] [ 9] /opt/mpi/openmpi-4.1.4//lib/libmpi.so.40(PMPI_Group_incl+0x95)[0x7fe153db8185]
[hydra11:353428] [10] /home/thesis/jheld/MPI_Syrk_implementation/build/src/MPI_SYRK_implementation(+0x841a)[0x55c92206c41a]
[hydra11:353428] [11] /home/thesis/jheld/MPI_Syrk_implementation/build/src/MPI_SYRK_implementation(+0x2ab0)[0x55c922066ab0]
[hydra11:353428] [12] /lib/x86_64-linux-gnu/libc.so.6(__libc_start_main+0xea)[0x7fe151e56d7a]
[hydra11:353428] [13] /home/thesis/jheld/MPI_Syrk_implementation/build/src/MPI_SYRK_implementation(+0x232a)[0x55c92206632a]
[hydra11:353428] *** End of error message ***
[hydra12:353455] [ 8] /opt/mpi/openmpi-4.1.4//lib/libmpi.so.40(ompi_group_incl_plist+0x65)[0x7fc27082b915]
[hydra12:353455] [ 9] /opt/mpi/openmpi-4.1.4//lib/libmpi.so.40(PMPI_Group_incl+0x95)[0x7fc27085c185]
[hydra12:353455] [10] /home/thesis/jheld/MPI_Syrk_implementation/build/src/MPI_SYRK_implementation(+0x841a)[0x5626839a541a]
[hydra12:353455] [11] /home/thesis/jheld/MPI_Syrk_implementation/build/src/MPI_SYRK_implementation(+0x2ab0)[0x56268399fab0]
[hydra12:353455] [12] /lib/x86_64-linux-gnu/libc.so.6(__libc_start_main+0xea)[0x7fc26e8fad7a]
[hydra12:353455] [13] /home/thesis/jheld/MPI_Syrk_implementation/build/src/MPI_SYRK_implementation(+0x232a)[0x56268399f32a]
[hydra12:353455] *** End of error message ***
[hydra08:375379] [ 5] /lib/x86_64-linux-gnu/libc.so.6(+0x8483c)[0x7f926c09483c]
[hydra08:375379] [ 6] /lib/x86_64-linux-gnu/libc.so.6(__libc_calloc+0x81)[0x7f926c096bd1]
[hydra08:375379] [ 7] /opt/mpi/openmpi-4.1.4//lib/libmpi.so.40(ompi_group_allocate+0x17)[0x7f926df641e7]
[hydra08:375379] [ 8] /opt/mpi/openmpi-4.1.4//lib/libmpi.so.40(ompi_group_incl_plist+0x65)[0x7f926df64915]
[hydra08:375379] [ 9] /opt/mpi/openmpi-4.1.4//lib/libmpi.so.40(PMPI_Group_incl+0x95)[0x7f926df95185]
[hydra08:375379] [10] /home/thesis/jheld/MPI_Syrk_implementation/build/src/MPI_SYRK_implementation(+0x841a)[0x562a5927341a]
[hydra08:375379] [11] /home/thesis/jheld/MPI_Syrk_implementation/build/src/MPI_SYRK_implementation(+0x2ab0)[0x562a5926dab0]
[hydra08:375379] [12] /lib/x86_64-linux-gnu/libc.so.6(__libc_start_main+0xea)[0x7f926c033d7a]
[hydra08:375379] [13] /home/thesis/jheld/MPI_Syrk_implementation/build/src/MPI_SYRK_implementation(+0x232a)[0x562a5926d32a]
[hydra08:375379] *** End of error message ***
srun: error: hydra02: task 3: Aborted
srun: error: hydra10: task 29: Aborted
srun: error: hydra05: tasks 12-13: Aborted
srun: error: hydra08: tasks 21-22: Aborted
srun: error: hydra03: tasks 6-7: Aborted
srun: error: hydra04: tasks 9-10: Aborted
srun: error: hydra07: tasks 18-19: Aborted
srun: error: hydra06: tasks 15-16: Aborted
srun: error: hydra12: tasks 33-34: Aborted
srun: error: hydra11: tasks 31-32: Aborted
slurmstepd: error:  mpi/pmix_v4: _errhandler: hydra12 [11]: pmixp_client_v2.c:211: Error handler invoked: status = -61, source = [slurm.pmix.5008690.8:34]
slurmstepd: error:  mpi/pmix_v4: _errhandler: hydra02 [1]: pmixp_client_v2.c:211: Error handler invoked: status = -61, source = [slurm.pmix.5008690.8:3]
slurmstepd: error:  mpi/pmix_v4: _errhandler: hydra10 [9]: pmixp_client_v2.c:211: Error handler invoked: status = -61, source = [slurm.pmix.5008690.8:29]
slurmstepd: error:  mpi/pmix_v4: _errhandler: hydra05 [4]: pmixp_client_v2.c:211: Error handler invoked: status = -61, source = [slurm.pmix.5008690.8:12]
slurmstepd: error:  mpi/pmix_v4: _errhandler: hydra04 [3]: pmixp_client_v2.c:211: Error handler invoked: status = -61, source = [slurm.pmix.5008690.8:9]
slurmstepd: error:  mpi/pmix_v4: _errhandler: hydra07 [6]: pmixp_client_v2.c:211: Error handler invoked: status = -61, source = [slurm.pmix.5008690.8:19]
slurmstepd: error:  mpi/pmix_v4: _errhandler: hydra06 [5]: pmixp_client_v2.c:211: Error handler invoked: status = -61, source = [slurm.pmix.5008690.8:16]
slurmstepd: error:  mpi/pmix_v4: _errhandler: hydra08 [7]: pmixp_client_v2.c:211: Error handler invoked: status = -61, source = [slurm.pmix.5008690.8:21]
slurmstepd: error:  mpi/pmix_v4: _errhandler: hydra11 [10]: pmixp_client_v2.c:211: Error handler invoked: status = -61, source = [slurm.pmix.5008690.8:32]
slurmstepd: error:  mpi/pmix_v4: _errhandler: hydra03 [2]: pmixp_client_v2.c:211: Error handler invoked: status = -61, source = [slurm.pmix.5008690.8:6]
slurmstepd: error: *** STEP 5008690.8 ON hydra01 CANCELLED AT 2025-10-13T15:25:26 ***
srun: Job step aborted: Waiting up to 32 seconds for job step to finish.
srun: error: hydra03: task 8: Killed
srun: error: hydra04: task 11: Killed
srun: error: hydra07: task 20: Killed
srun: error: hydra11: task 30: Killed
srun: error: hydra05: task 14: Killed
srun: error: hydra12: task 35: Killed
srun: error: hydra06: task 17: Killed
srun: error: hydra08: task 23: Killed
srun: error: hydra10: tasks 27-28: Killed
srun: error: hydra02: tasks 4-5: Killed
srun: error: hydra09: tasks 24-26: Killed
srun: error: hydra01: tasks 0-2: Killed
⚠️ Warning: No runtime found for run 9
srun: Warning: can't honor --ntasks-per-node set to 1 which doesn't match the requested tasks 36 with the number of requested nodes 12. Ignoring --ntasks-per-node.
missing input file name --> Generate random input
malloc(): invalid size (unsorted)
[hydra01:873575] *** Process received signal ***
[hydra01:873575] Signal: Aborted (6)
[hydra01:873575] Signal code:  (-6)
[hydra01:873575] [ 0] /lib/x86_64-linux-gnu/libc.so.6(+0x38de0)[0x7fe820c81de0]
[hydra01:873575] [ 1] /lib/x86_64-linux-gnu/libc.so.6(gsignal+0x141)[0x7fe820c81d61]
[hydra01:873575] [ 2] /lib/x86_64-linux-gnu/libc.so.6(abort+0x123)[0x7fe820c6b537]
[hydra01:873575] [ 3] /lib/x86_64-linux-gnu/libc.so.6(+0x7a468)[0x7fe820cc3468]
[hydra01:873575] [ 4] /lib/x86_64-linux-gnu/libc.so.6(+0x8175a)[0x7fe820cca75a]
[hydra01:873575] [ 5] /lib/x86_64-linux-gnu/libc.so.6(+0x8483c)[0x7fe820ccd83c]
malloc(): invalid size (unsorted)
[hydra01:873575] [ 6] /lib/x86_64-linux-gnu/libc.so.6(__libc_calloc+0x81)[0x7fe820ccfbd1]
[hydra01:873575] [ 7] /opt/mpi/openmpi-4.1.4//lib/libmpi.so.40(ompi_group_allocate+0x17)[0x7fe822b9d1e7]
[hydra01:873575] [ 8] /opt/mpi/openmpi-4.1.4//lib/libmpi.so.40(ompi_group_incl_plist+0x65)[0x7fe822b9d915]
[hydra01:873575] [ 9] /opt/mpi/openmpi-4.1.4//lib/libmpi.so.40(PMPI_Group_incl+0x95)[0x7fe822bce185]
[hydra01:873575] [10] /home/thesis/jheld/MPI_Syrk_implementation/build/src/MPI_SYRK_implementation(+0x841a)[0x5631ac41e41a]
[hydra01:873575] [11] /home/thesis/jheld/MPI_Syrk_implementation/build/src/MPI_SYRK_implementation(+0x2ab0)[0x5631ac418ab0]
[hydra01:873575] [12] /lib/x86_64-linux-gnu/libc.so.6(__libc_start_main+0xea)[0x7fe820c6cd7a]
[hydra01:873575] [13] /home/thesis/jheld/MPI_Syrk_implementation/build/src/MPI_SYRK_implementation(+0x232a)[0x5631ac41832a]
[hydra01:873575] *** End of error message ***
malloc(): invalid size (unsorted)
[hydra02:559038] *** Process received signal ***
malloc(): invalid size (unsorted)
[hydra02:559038] Signal: Aborted (6)
[hydra02:559038] Signal code:  (-6)
[hydra02:559038] [ 0] /lib/x86_64-linux-gnu/libc.so.6(+0x38de0)[0x7f76b1a76de0]
[hydra02:559038] [ 1] /lib/x86_64-linux-gnu/libc.so.6(gsignal+0x141)[0x7f76b1a76d61]
malloc(): invalid size (unsorted)
[hydra05:373089] *** Process received signal ***
[hydra02:559038] [ 2] /lib/x86_64-linux-gnu/libc.so.6(abort+0x123)[0x7f76b1a60537]
[hydra02:559038] [ 3] /lib/x86_64-linux-gnu/libc.so.6(+0x7a468)[0x7f76b1ab8468]
[hydra05:373089] Signal: Aborted (6)
[hydra05:373089] Signal code:  (-6)
malloc(): invalid size (unsorted)
[hydra07:400171] *** Process received signal ***
[hydra02:559038] [ 4] /lib/x86_64-linux-gnu/libc.so.6(+0x8175a)[0x7f76b1abf75a]
[hydra05:373089] [ 0] /lib/x86_64-linux-gnu/libc.so.6(+0x38de0)[0x7f114b3d9de0]
[hydra03:390387] *** Process received signal ***
[hydra02:559038] [ 5] /lib/x86_64-linux-gnu/libc.so.6(+0x8483c)[0x7f76b1ac283c]
[hydra05:373089] [ 1] /lib/x86_64-linux-gnu/libc.so.6(gsignal+0x141)[0x7f114b3d9d61]
[hydra03:390387] Signal: Aborted (6)
[hydra03:390387] Signal code:  (-6)
[hydra03:390387] [ 0] /lib/x86_64-linux-gnu/libc.so.6(+0x38de0)[0x7f096f0c0de0]
[hydra03:390387] [ 1] /lib/x86_64-linux-gnu/libc.so.6(gsignal+0x141)[0x7f096f0c0d61]
[hydra05:373089] [ 2] /lib/x86_64-linux-gnu/libc.so.6(abort+0x123)[0x7f114b3c3537]
[hydra03:390387] [ 2] /lib/x86_64-linux-gnu/libc.so.6(abort+0x123)[0x7f096f0aa537]
malloc(): invalid size (unsorted)
[hydra09:366776] *** Process received signal ***
[hydra09:366776] Signal: Aborted (6)
[hydra09:366776] Signal code:  (-6)
[hydra02:559038] [ 6] /lib/x86_64-linux-gnu/libc.so.6(__libc_calloc+0x81)[0x7f76b1ac4bd1]
[hydra03:390387] [ 3] /lib/x86_64-linux-gnu/libc.so.6(+0x7a468)[0x7f096f102468]
[hydra03:390387] [ 4] /lib/x86_64-linux-gnu/libc.so.6(+0x8175a)[0x7f096f10975a]
[hydra05:373089] [ 3] /lib/x86_64-linux-gnu/libc.so.6(+0x7a468)[0x7f114b41b468]
[hydra03:390387] [ 5] /lib/x86_64-linux-gnu/libc.so.6(+0x8483c)[0x7f096f10c83c]
[hydra02:559038] [ 7] /opt/mpi/openmpi-4.1.4//lib/libmpi.so.40(ompi_group_allocate+0x17)[0x7f76b39921e7]
malloc(): invalid size (unsorted)
[hydra06:373790] *** Process received signal ***
[hydra05:373089] [ 4] /lib/x86_64-linux-gnu/libc.so.6(+0x8175a)[0x7f114b42275a]
[hydra03:390387] [ 6] /lib/x86_64-linux-gnu/libc.so.6(__libc_calloc+0x81)[0x7f096f10ebd1]
[hydra02:559038] [ 8] /opt/mpi/openmpi-4.1.4//lib/libmpi.so.40(ompi_group_incl_plist+0x65)[0x7f76b3992915]
[hydra03:390387] [ 7] /opt/mpi/openmpi-4.1.4//lib/libmpi.so.40(ompi_group_allocate+0x17)[0x7f0970fdc1e7]
malloc(): invalid size (unsorted)
[hydra12:353521] *** Process received signal ***
[hydra05:373089] [ 5] /lib/x86_64-linux-gnu/libc.so.6(+0x8483c)[0x7f114b42583c]
[hydra03:390387] [ 8] /opt/mpi/openmpi-4.1.4//lib/libmpi.so.40(ompi_group_incl_plist+0x65)[0x7f0970fdc915]
[hydra02:559038] [ 9] /opt/mpi/openmpi-4.1.4//lib/libmpi.so.40(PMPI_Group_incl+0x95)[0x7f76b39c3185]
[hydra02:559038] [10] /home/thesis/jheld/MPI_Syrk_implementation/build/src/MPI_SYRK_implementation(+0x841a)[0x556d8965041a]
[hydra06:373790] Signal: Aborted (6)
[hydra06:373790] Signal code:  (-6)
[hydra03:390387] [ 9] /opt/mpi/openmpi-4.1.4//lib/libmpi.so.40(PMPI_Group_incl+0x95)[0x7f097100d185]
[hydra02:559038] [11] /home/thesis/jheld/MPI_Syrk_implementation/build/src/MPI_SYRK_implementation(+0x2ab0)[0x556d8964aab0]
[hydra05:373089] [ 6] /lib/x86_64-linux-gnu/libc.so.6(__libc_calloc+0x81)[0x7f114b427bd1]
[hydra03:390387] [10] /home/thesis/jheld/MPI_Syrk_implementation/build/src/MPI_SYRK_implementation(+0x841a)[0x55c39c04041a]
[hydra03:390387] [11] /home/thesis/jheld/MPI_Syrk_implementation/build/src/MPI_SYRK_implementation(+0x2ab0)[0x55c39c03aab0]
[hydra02:559038] [12] /lib/x86_64-linux-gnu/libc.so.6(__libc_start_main+0xea)[0x7f76b1a61d7a]
[hydra05:373089] [ 7] /opt/mpi/openmpi-4.1.4//lib/libmpi.so.40(ompi_group_allocate+0x17)[0x7f114d2f51e7]
[hydra03:390387] [12] /lib/x86_64-linux-gnu/libc.so.6(__libc_start_main+0xea)[0x7f096f0abd7a]
[hydra03:390387] [13] /home/thesis/jheld/MPI_Syrk_implementation/build/src/MPI_SYRK_implementation(+0x232a)[0x55c39c03a32a]
[hydra02:559038] [13] /home/thesis/jheld/MPI_Syrk_implementation/build/src/MPI_SYRK_implementation(+0x232a)[0x556d8964a32a]
[hydra02:559038] *** End of error message ***
[hydra04:389165] *** Process received signal ***
[hydra04:389165] Signal: Aborted (6)
[hydra04:389165] Signal code:  (-6)
[hydra03:390387] *** End of error message ***
[hydra04:389165] [ 0] /lib/x86_64-linux-gnu/libc.so.6(+0x38de0)[0x7fbd03611de0]
[hydra05:373089] [ 8] /opt/mpi/openmpi-4.1.4//lib/libmpi.so.40(ompi_group_incl_plist+0x65)[0x7f114d2f5915]
[hydra04:389165] [ 1] /lib/x86_64-linux-gnu/libc.so.6(gsignal+0x141)[0x7fbd03611d61]
[hydra04:389165] [ 2] /lib/x86_64-linux-gnu/libc.so.6(abort+0x123)[0x7fbd035fb537]
[hydra04:389165] [ 3] /lib/x86_64-linux-gnu/libc.so.6(+0x7a468)[0x7fbd03653468]
[hydra05:373089] [ 9] /opt/mpi/openmpi-4.1.4//lib/libmpi.so.40(PMPI_Group_incl+0x95)[0x7f114d326185]
[hydra04:389165] [ 4] /lib/x86_64-linux-gnu/libc.so.6(+0x8175a)[0x7fbd0365a75a]
[hydra05:373089] [10] /home/thesis/jheld/MPI_Syrk_implementation/build/src/MPI_SYRK_implementation(+0x841a)[0x55c1ea95041a]
[hydra05:373089] [11] /home/thesis/jheld/MPI_Syrk_implementation/build/src/MPI_SYRK_implementation(+0x2ab0)[0x55c1ea94aab0]
[hydra04:389165] [ 5] /lib/x86_64-linux-gnu/libc.so.6(+0x8483c)[0x7fbd0365d83c]
[hydra04:389165] [ 6] /lib/x86_64-linux-gnu/libc.so.6(__libc_calloc+0x81)[0x7fbd0365fbd1]
malloc(): invalid size (unsorted)
[hydra05:373089] [12] /lib/x86_64-linux-gnu/libc.so.6(__libc_start_main+0xea)[0x7f114b3c4d7a]
[hydra05:373089] [13] /home/thesis/jheld/MPI_Syrk_implementation/build/src/MPI_SYRK_implementation(+0x232a)[0x55c1ea94a32a]
[hydra04:389165] [ 7] /opt/mpi/openmpi-4.1.4//lib/libmpi.so.40(ompi_group_allocate+0x17)[0x7fbd0552d1e7]
malloc(): invalid size (unsorted)
[hydra06:373789] *** Process received signal ***
[hydra05:373089] *** End of error message ***
[hydra04:389165] [ 8] /opt/mpi/openmpi-4.1.4//lib/libmpi.so.40(ompi_group_incl_plist+0x65)[0x7fbd0552d915]
[hydra04:389165] [ 9] /opt/mpi/openmpi-4.1.4//lib/libmpi.so.40(PMPI_Group_incl+0x95)[0x7fbd0555e185]
[hydra04:389166] *** Process received signal ***
[hydra04:389165] [10] /home/thesis/jheld/MPI_Syrk_implementation/build/src/MPI_SYRK_implementation(+0x841a)[0x55fca66d841a]
[hydra04:389165] [11] /home/thesis/jheld/MPI_Syrk_implementation/build/src/MPI_SYRK_implementation(+0x2ab0)[0x55fca66d2ab0]
[hydra06:373790] [ 0] /lib/x86_64-linux-gnu/libc.so.6(+0x38de0)[0x7f5eb58c3de0]
[hydra06:373790] [ 1] /lib/x86_64-linux-gnu/libc.so.6(gsignal+0x141)[0x7f5eb58c3d61]
[hydra06:373790] [ 2] /lib/x86_64-linux-gnu/libc.so.6(abort+0x123)[0x7f5eb58ad537]
[hydra04:389166] Signal: Aborted (6)
[hydra04:389166] Signal code:  (-6)
[hydra04:389165] [12] /lib/x86_64-linux-gnu/libc.so.6(__libc_start_main+0xea)[0x7fbd035fcd7a]
[hydra04:389165] [13] /home/thesis/jheld/MPI_Syrk_implementation/build/src/MPI_SYRK_implementation(+0x232a)[0x55fca66d232a]
[hydra04:389165] *** End of error message ***
[hydra06:373789] Signal: Aborted (6)
[hydra06:373789] Signal code:  (-6)
[hydra06:373790] [ 3] /lib/x86_64-linux-gnu/libc.so.6(+0x7a468)[0x7f5eb5905468]
[hydra06:373790] [ 4] /lib/x86_64-linux-gnu/libc.so.6(+0x8175a)[0x7f5eb590c75a]
[hydra06:373790] [ 5] /lib/x86_64-linux-gnu/libc.so.6(+0x8483c)[0x7f5eb590f83c]
[hydra06:373790] [ 6] /lib/x86_64-linux-gnu/libc.so.6(__libc_calloc+0x81)[0x7f5eb5911bd1]
[hydra06:373790] [ 7] /opt/mpi/openmpi-4.1.4//lib/libmpi.so.40(ompi_group_allocate+0x17)[0x7f5eb77df1e7]
[hydra07:400171] Signal: Aborted (6)
[hydra07:400171] Signal code:  (-6)
malloc(): invalid size (unsorted)
[hydra11:353492] *** Process received signal ***
[hydra06:373790] [ 8] /opt/mpi/openmpi-4.1.4//lib/libmpi.so.40(ompi_group_incl_plist+0x65)[0x7f5eb77df915]
[hydra07:400171] [ 0] /lib/x86_64-linux-gnu/libc.so.6(+0x38de0)[0x7f9407124de0]
[hydra07:400171] [ 1] /lib/x86_64-linux-gnu/libc.so.6(gsignal+0x141)[0x7f9407124d61]
[hydra09:366776] [ 0] /lib/x86_64-linux-gnu/libc.so.6(+0x38de0)[0x7fe87def9de0]
[hydra06:373790] [ 9] /opt/mpi/openmpi-4.1.4//lib/libmpi.so.40(PMPI_Group_incl+0x95)[0x7f5eb7810185]
[hydra06:373790] [10] /home/thesis/jheld/MPI_Syrk_implementation/build/src/MPI_SYRK_implementation(+0x841a)[0x5601192a841a]
[hydra07:400171] [ 2] /lib/x86_64-linux-gnu/libc.so.6(abort+0x123)[0x7f940710e537]
[hydra09:366776] [ 1] /lib/x86_64-linux-gnu/libc.so.6(gsignal+0x141)[0x7fe87def9d61]
[hydra07:400171] [ 3] /lib/x86_64-linux-gnu/libc.so.6(+0x7a468)[0x7f9407166468]
[hydra09:366776] [ 2] /lib/x86_64-linux-gnu/libc.so.6(abort+0x123)[0x7fe87dee3537]
[hydra07:400171] [ 4] /lib/x86_64-linux-gnu/libc.so.6(+0x8175a)[0x7f940716d75a]
[hydra09:366776] [ 3] /lib/x86_64-linux-gnu/libc.so.6(+0x7a468)[0x7fe87df3b468]
[hydra07:400171] [ 5] /lib/x86_64-linux-gnu/libc.so.6(+0x8483c)[0x7f940717083c]
[hydra09:366776] [ 4] /lib/x86_64-linux-gnu/libc.so.6(+0x8175a)[0x7fe87df4275a]
[hydra06:373790] [11] /home/thesis/jheld/MPI_Syrk_implementation/build/src/MPI_SYRK_implementation(+0x2ab0)[0x5601192a2ab0]
[hydra06:373790] [12] /lib/x86_64-linux-gnu/libc.so.6(__libc_start_main+0xea)[0x7f5eb58aed7a]
[hydra07:400171] [ 6] /lib/x86_64-linux-gnu/libc.so.6(__libc_calloc+0x81)[0x7f9407172bd1]
[hydra09:366776] [ 5] /lib/x86_64-linux-gnu/libc.so.6(+0x8483c)[0x7fe87df4583c]
[hydra07:400171] [ 7] /opt/mpi/openmpi-4.1.4//lib/libmpi.so.40(ompi_group_allocate+0x17)[0x7f94090401e7]
[hydra09:366776] [ 6] /lib/x86_64-linux-gnu/libc.so.6(__libc_calloc+0x81)[0x7fe87df47bd1]
[hydra07:400171] [ 8] /opt/mpi/openmpi-4.1.4//lib/libmpi.so.40(ompi_group_incl_plist+0x65)[0x7f9409040915]
[hydra09:366776] [ 7] /opt/mpi/openmpi-4.1.4//lib/libmpi.so.40(ompi_group_allocate+0x17)[0x7fe87fe151e7]
[hydra06:373789] [ 0] /lib/x86_64-linux-gnu/libc.so.6(+0x38de0)[0x7f680bfb9de0]
[hydra07:400171] [ 9] /opt/mpi/openmpi-4.1.4//lib/libmpi.so.40(PMPI_Group_incl+0x95)[0x7f9409071185]
[hydra09:366776] [ 8] /opt/mpi/openmpi-4.1.4//lib/libmpi.so.40(ompi_group_incl_plist+0x65)[0x7fe87fe15915]
[hydra06:373790] [13] /home/thesis/jheld/MPI_Syrk_implementation/build/src/MPI_SYRK_implementation(+0x232a)[0x5601192a232a]
[hydra06:373790] *** End of error message ***
[hydra07:400171] [10] /home/thesis/jheld/MPI_Syrk_implementation/build/src/MPI_SYRK_implementation(+0x841a)[0x558be242d41a]
[hydra07:400171] [11] /home/thesis/jheld/MPI_Syrk_implementation/build/src/MPI_SYRK_implementation(+0x2ab0)[0x558be2427ab0]
[hydra12:353521] Signal: Aborted (6)
[hydra12:353521] Signal code:  (-6)
[hydra09:366776] [ 9] /opt/mpi/openmpi-4.1.4//lib/libmpi.so.40(PMPI_Group_incl+0x95)[0x7fe87fe46185]
[hydra11:353492] Signal: Aborted (6)
[hydra11:353492] Signal code:  (-6)
[hydra06:373789] [ 1] /lib/x86_64-linux-gnu/libc.so.6(gsignal+0x141)[0x7f680bfb9d61]
[hydra07:400171] [12] /lib/x86_64-linux-gnu/libc.so.6(__libc_start_main+0xea)[0x7f940710fd7a]
[hydra07:400171] [13] /home/thesis/jheld/MPI_Syrk_implementation/build/src/MPI_SYRK_implementation(+0x232a)[0x558be242732a]
[hydra12:353521] [ 0] /lib/x86_64-linux-gnu/libc.so.6(+0x38de0)[0x7f3d91c77de0]
[hydra09:366776] [10] /home/thesis/jheld/MPI_Syrk_implementation/build/src/MPI_SYRK_implementation(+0x841a)[0x56385471241a]
[hydra09:366776] [11] /home/thesis/jheld/MPI_Syrk_implementation/build/src/MPI_SYRK_implementation(+0x2ab0)[0x56385470cab0]
[hydra06:373789] [ 2] /lib/x86_64-linux-gnu/libc.so.6(abort+0x123)[0x7f680bfa3537]
[hydra07:400171] *** End of error message ***
[hydra12:353521] [ 1] /lib/x86_64-linux-gnu/libc.so.6(gsignal+0x141)[0x7f3d91c77d61]
[hydra09:366776] [12] /lib/x86_64-linux-gnu/libc.so.6(__libc_start_main+0xea)[0x7fe87dee4d7a]
[hydra09:366776] [13] /home/thesis/jheld/MPI_Syrk_implementation/build/src/MPI_SYRK_implementation(+0x232a)[0x56385470c32a]
[hydra11:353492] [ 0] /lib/x86_64-linux-gnu/libc.so.6(+0x38de0)[0x7fe665b65de0]
[hydra06:373789] [ 3] /lib/x86_64-linux-gnu/libc.so.6(+0x7a468)[0x7f680bffb468]
[hydra12:353521] [ 2] /lib/x86_64-linux-gnu/libc.so.6(abort+0x123)[0x7f3d91c61537]
[hydra09:366776] *** End of error message ***
[hydra11:353492] [ 1] /lib/x86_64-linux-gnu/libc.so.6(gsignal+0x141)[0x7fe665b65d61]
[hydra06:373789] [ 4] /lib/x86_64-linux-gnu/libc.so.6(+0x8175a)[0x7f680c00275a]
[hydra12:353521] [ 3] /lib/x86_64-linux-gnu/libc.so.6(+0x7a468)[0x7f3d91cb9468]
[hydra11:353492] [ 2] /lib/x86_64-linux-gnu/libc.so.6(abort+0x123)[0x7fe665b4f537]
[hydra06:373789] [ 5] /lib/x86_64-linux-gnu/libc.so.6(+0x8483c)[0x7f680c00583c]
[hydra12:353521] [ 4] /lib/x86_64-linux-gnu/libc.so.6(+0x8175a)[0x7f3d91cc075a]
[hydra11:353492] [ 3] /lib/x86_64-linux-gnu/libc.so.6(+0x7a468)[0x7fe665ba7468]
[hydra06:373789] [ 6] /lib/x86_64-linux-gnu/libc.so.6(__libc_calloc+0x81)[0x7f680c007bd1]
[hydra12:353521] [ 5] /lib/x86_64-linux-gnu/libc.so.6(+0x8483c)[0x7f3d91cc383c]
[hydra12:353521] [ 6] /lib/x86_64-linux-gnu/libc.so.6(__libc_calloc+0x81)[0x7f3d91cc5bd1]
[hydra11:353492] [ 4] /lib/x86_64-linux-gnu/libc.so.6(+0x8175a)[0x7fe665bae75a]
[hydra12:353521] [ 7] /opt/mpi/openmpi-4.1.4//lib/libmpi.so.40(ompi_group_allocate+0x17)[0x7f3d93b931e7]
[hydra11:353492] [ 5] /lib/x86_64-linux-gnu/libc.so.6(+0x8483c)[0x7fe665bb183c]
[hydra06:373789] [ 7] /opt/mpi/openmpi-4.1.4//lib/libmpi.so.40(ompi_group_allocate+0x17)[0x7f680ded51e7]
[hydra12:353521] [ 8] /opt/mpi/openmpi-4.1.4//lib/libmpi.so.40(ompi_group_incl_plist+0x65)[0x7f3d93b93915]
[hydra06:373789] [ 8] /opt/mpi/openmpi-4.1.4//lib/libmpi.so.40(ompi_group_incl_plist+0x65)[0x7f680ded5915]
[hydra12:353521] [ 9] /opt/mpi/openmpi-4.1.4//lib/libmpi.so.40(PMPI_Group_incl+0x95)[0x7f3d93bc4185]
[hydra11:353492] [ 6] /lib/x86_64-linux-gnu/libc.so.6(__libc_calloc+0x81)[0x7fe665bb3bd1]
[hydra06:373789] [ 9] /opt/mpi/openmpi-4.1.4//lib/libmpi.so.40(PMPI_Group_incl+0x95)[0x7f680df06185]
[hydra06:373789] [10] /home/thesis/jheld/MPI_Syrk_implementation/build/src/MPI_SYRK_implementation(+0x841a)[0x560d055e241a]
[hydra12:353521] [10] /home/thesis/jheld/MPI_Syrk_implementation/build/src/MPI_SYRK_implementation(+0x841a)[0x55bf6e5c241a]
[hydra12:353521] [11] /home/thesis/jheld/MPI_Syrk_implementation/build/src/MPI_SYRK_implementation(+0x2ab0)[0x55bf6e5bcab0]
[hydra06:373789] [11] /home/thesis/jheld/MPI_Syrk_implementation/build/src/MPI_SYRK_implementation(+0x2ab0)[0x560d055dcab0]
[hydra12:353521] [12] /lib/x86_64-linux-gnu/libc.so.6(__libc_start_main+0xea)[0x7f3d91c62d7a]
[hydra12:353521] [13] /home/thesis/jheld/MPI_Syrk_implementation/build/src/MPI_SYRK_implementation(+0x232a)[0x55bf6e5bc32a]
[hydra12:353521] *** End of error message ***
[hydra11:353492] [ 7] /opt/mpi/openmpi-4.1.4//lib/libmpi.so.40(ompi_group_allocate+0x17)[0x7fe667a811e7]
[hydra06:373789] [12] /lib/x86_64-linux-gnu/libc.so.6(__libc_start_main+0xea)[0x7f680bfa4d7a]
[hydra06:373789] [13] /home/thesis/jheld/MPI_Syrk_implementation/build/src/MPI_SYRK_implementation(+0x232a)[0x560d055dc32a]
[hydra06:373789] *** End of error message ***
[hydra11:353492] [ 8] /opt/mpi/openmpi-4.1.4//lib/libmpi.so.40(ompi_group_incl_plist+0x65)[0x7fe667a81915]
[hydra04:389166] [ 0] /lib/x86_64-linux-gnu/libc.so.6(+0x38de0)[0x7fb0ead45de0]
[hydra04:389166] [ 1] /lib/x86_64-linux-gnu/libc.so.6(gsignal+0x141)[0x7fb0ead45d61]
[hydra04:389166] [ 2] /lib/x86_64-linux-gnu/libc.so.6(abort+0x123)[0x7fb0ead2f537]
[hydra11:353492] [ 9] /opt/mpi/openmpi-4.1.4//lib/libmpi.so.40(PMPI_Group_incl+0x95)[0x7fe667ab2185]
[hydra04:389166] [ 3] /lib/x86_64-linux-gnu/libc.so.6(+0x7a468)[0x7fb0ead87468]
[hydra11:353492] [10] /home/thesis/jheld/MPI_Syrk_implementation/build/src/MPI_SYRK_implementation(+0x841a)[0x55f533ab941a]
[hydra11:353492] [11] /home/thesis/jheld/MPI_Syrk_implementation/build/src/MPI_SYRK_implementation(+0x2ab0)[0x55f533ab3ab0]
[hydra04:389166] [ 4] /lib/x86_64-linux-gnu/libc.so.6(+0x8175a)[0x7fb0ead8e75a]
[hydra04:389166] [ 5] /lib/x86_64-linux-gnu/libc.so.6(+0x8483c)[0x7fb0ead9183c]
[hydra04:389166] [ 6] /lib/x86_64-linux-gnu/libc.so.6(__libc_calloc+0x81)[0x7fb0ead93bd1]
[hydra11:353492] [12] /lib/x86_64-linux-gnu/libc.so.6(__libc_start_main+0xea)[0x7fe665b50d7a]
[hydra11:353492] [13] /home/thesis/jheld/MPI_Syrk_implementation/build/src/MPI_SYRK_implementation(+0x232a)[0x55f533ab332a]
[hydra04:389166] [ 7] /opt/mpi/openmpi-4.1.4//lib/libmpi.so.40(ompi_group_allocate+0x17)[0x7fb0ecc611e7]
[hydra11:353492] *** End of error message ***
[hydra04:389166] [ 8] /opt/mpi/openmpi-4.1.4//lib/libmpi.so.40(ompi_group_incl_plist+0x65)[0x7fb0ecc61915]
[hydra04:389166] [ 9] /opt/mpi/openmpi-4.1.4//lib/libmpi.so.40(PMPI_Group_incl+0x95)[0x7fb0ecc92185]
[hydra04:389166] [10] /home/thesis/jheld/MPI_Syrk_implementation/build/src/MPI_SYRK_implementation(+0x841a)[0x55c509da441a]
[hydra04:389166] [11] /home/thesis/jheld/MPI_Syrk_implementation/build/src/MPI_SYRK_implementation(+0x2ab0)[0x55c509d9eab0]
[hydra04:389166] [12] /lib/x86_64-linux-gnu/libc.so.6(__libc_start_main+0xea)[0x7fb0ead30d7a]
[hydra04:389166] [13] /home/thesis/jheld/MPI_Syrk_implementation/build/src/MPI_SYRK_implementation(+0x232a)[0x55c509d9e32a]
[hydra04:389166] *** End of error message ***
malloc(): invalid size (unsorted)
[hydra10:484500] *** Process received signal ***
malloc(): invalid size (unsorted)
[hydra08:375445] *** Process received signal ***
[hydra10:484500] Signal: Aborted (6)
[hydra10:484500] Signal code:  (-6)
[hydra10:484500] [ 0] /lib/x86_64-linux-gnu/libc.so.6(+0x38de0)[0x7fe430be0de0]
[hydra10:484500] [ 1] /lib/x86_64-linux-gnu/libc.so.6(gsignal+0x141)[0x7fe430be0d61]
malloc(): invalid size (unsorted)
[hydra08:375445] Signal: Aborted (6)
[hydra08:375445] Signal code:  (-6)
[hydra10:484500] [ 2] /lib/x86_64-linux-gnu/libc.so.6(abort+0x123)[0x7fe430bca537]
[hydra08:375444] *** Process received signal ***
[hydra08:375444] Signal: Aborted (6)
[hydra08:375444] Signal code:  (-6)
[hydra08:375445] [ 0] /lib/x86_64-linux-gnu/libc.so.6(+0x38de0)[0x7fd4dc9acde0]
[hydra08:375445] [ 1] /lib/x86_64-linux-gnu/libc.so.6(gsignal+0x141)[0x7fd4dc9acd61]
[hydra08:375444] [ 0] /lib/x86_64-linux-gnu/libc.so.6(+0x38de0)[0x7fc5ebf03de0]
[hydra10:484500] [ 3] /lib/x86_64-linux-gnu/libc.so.6(+0x7a468)[0x7fe430c22468]
[hydra08:375445] [ 2] /lib/x86_64-linux-gnu/libc.so.6(abort+0x123)[0x7fd4dc996537]
[hydra08:375444] [ 1] /lib/x86_64-linux-gnu/libc.so.6(gsignal+0x141)[0x7fc5ebf03d61]
[hydra08:375444] [ 2] /lib/x86_64-linux-gnu/libc.so.6(abort+0x123)[0x7fc5ebeed537]
[hydra08:375445] [ 3] /lib/x86_64-linux-gnu/libc.so.6(+0x7a468)[0x7fd4dc9ee468]
[hydra10:484500] [ 4] /lib/x86_64-linux-gnu/libc.so.6(+0x8175a)[0x7fe430c2975a]
[hydra10:484500] [ 5] /lib/x86_64-linux-gnu/libc.so.6(+0x8483c)[0x7fe430c2c83c]
[hydra08:375444] [ 3] /lib/x86_64-linux-gnu/libc.so.6(+0x7a468)[0x7fc5ebf45468]
[hydra08:375445] [ 4] /lib/x86_64-linux-gnu/libc.so.6(+0x8175a)[0x7fd4dc9f575a]
[hydra10:484500] [ 6] /lib/x86_64-linux-gnu/libc.so.6(__libc_calloc+0x81)[0x7fe430c2ebd1]
[hydra08:375444] [ 4] /lib/x86_64-linux-gnu/libc.so.6(+0x8175a)[0x7fc5ebf4c75a]
[hydra08:375445] [ 5] /lib/x86_64-linux-gnu/libc.so.6(+0x8483c)[0x7fd4dc9f883c]
[hydra08:375445] [ 6] /lib/x86_64-linux-gnu/libc.so.6(__libc_calloc+0x81)[0x7fd4dc9fabd1]
[hydra10:484500] [ 7] /opt/mpi/openmpi-4.1.4//lib/libmpi.so.40(ompi_group_allocate+0x17)[0x7fe432afc1e7]
[hydra08:375444] [ 5] /lib/x86_64-linux-gnu/libc.so.6(+0x8483c)[0x7fc5ebf4f83c]
[hydra10:484500] [ 8] /opt/mpi/openmpi-4.1.4//lib/libmpi.so.40(ompi_group_incl_plist+0x65)[0x7fe432afc915]
[hydra08:375445] [ 7] /opt/mpi/openmpi-4.1.4//lib/libmpi.so.40(ompi_group_allocate+0x17)[0x7fd4de8c81e7]
[hydra08:375444] [ 6] /lib/x86_64-linux-gnu/libc.so.6(__libc_calloc+0x81)[0x7fc5ebf51bd1]
[hydra08:375445] [ 8] /opt/mpi/openmpi-4.1.4//lib/libmpi.so.40(ompi_group_incl_plist+0x65)[0x7fd4de8c8915]
[hydra10:484500] [ 9] /opt/mpi/openmpi-4.1.4//lib/libmpi.so.40(PMPI_Group_incl+0x95)[0x7fe432b2d185]
[hydra08:375444] [ 7] /opt/mpi/openmpi-4.1.4//lib/libmpi.so.40(ompi_group_allocate+0x17)[0x7fc5ede1f1e7]
[hydra10:484500] [10] /home/thesis/jheld/MPI_Syrk_implementation/build/src/MPI_SYRK_implementation(+0x841a)[0x56115f23b41a]
[hydra10:484500] [11] /home/thesis/jheld/MPI_Syrk_implementation/build/src/MPI_SYRK_implementation(+0x2ab0)[0x56115f235ab0]
[hydra08:375444] [ 8] /opt/mpi/openmpi-4.1.4//lib/libmpi.so.40(ompi_group_incl_plist+0x65)[0x7fc5ede1f915]
[hydra08:375445] [ 9] /opt/mpi/openmpi-4.1.4//lib/libmpi.so.40(PMPI_Group_incl+0x95)[0x7fd4de8f9185]
[hydra08:375445] [10] /home/thesis/jheld/MPI_Syrk_implementation/build/src/MPI_SYRK_implementation(+0x841a)[0x55791a2fa41a]
[hydra08:375445] [11] /home/thesis/jheld/MPI_Syrk_implementation/build/src/MPI_SYRK_implementation(+0x2ab0)[0x55791a2f4ab0]
[hydra10:484500] [12] /lib/x86_64-linux-gnu/libc.so.6(__libc_start_main+0xea)[0x7fe430bcbd7a]
[hydra10:484500] [13] /home/thesis/jheld/MPI_Syrk_implementation/build/src/MPI_SYRK_implementation(+0x232a)[0x56115f23532a]
[hydra10:484500] *** End of error message ***
[hydra08:375444] [ 9] /opt/mpi/openmpi-4.1.4//lib/libmpi.so.40(PMPI_Group_incl+0x95)[0x7fc5ede50185]
[hydra08:375444] [10] /home/thesis/jheld/MPI_Syrk_implementation/build/src/MPI_SYRK_implementation(+0x841a)[0x561fd9cca41a]
[hydra08:375444] [11] /home/thesis/jheld/MPI_Syrk_implementation/build/src/MPI_SYRK_implementation(+0x2ab0)[0x561fd9cc4ab0]
[hydra08:375445] [12] /lib/x86_64-linux-gnu/libc.so.6(__libc_start_main+0xea)[0x7fd4dc997d7a]
[hydra08:375445] [13] /home/thesis/jheld/MPI_Syrk_implementation/build/src/MPI_SYRK_implementation(+0x232a)[0x55791a2f432a]
[hydra08:375445] *** End of error message ***
[hydra08:375444] [12] /lib/x86_64-linux-gnu/libc.so.6(__libc_start_main+0xea)[0x7fc5ebeeed7a]
[hydra08:375444] [13] /home/thesis/jheld/MPI_Syrk_implementation/build/src/MPI_SYRK_implementation(+0x232a)[0x561fd9cc432a]
[hydra08:375444] *** End of error message ***
srun: error: hydra07: task 19: Aborted
srun: error: hydra02: task 3: Aborted
srun: error: hydra01: task 1: Aborted
srun: error: hydra12: task 35: Aborted
srun: error: hydra10: task 27: Aborted
srun: error: hydra11: task 30: Aborted
srun: error: hydra05: task 12: Aborted
srun: error: hydra09: task 24: Aborted
srun: error: hydra03: task 7: Aborted
srun: error: hydra04: tasks 9-10: Aborted
srun: error: hydra06: tasks 16-17: Aborted
srun: error: hydra08: tasks 21-22: Aborted
slurmstepd: error:  mpi/pmix_v4: _errhandler: hydra01 [0]: pmixp_client_v2.c:211: Error handler invoked: status = -61, source = [slurm.pmix.5008690.9:1]
slurmstepd: error:  mpi/pmix_v4: _errhandler: hydra02 [1]: pmixp_client_v2.c:211: Error handler invoked: status = -61, source = [slurm.pmix.5008690.9:3]
slurmstepd: error:  mpi/pmix_v4: _errhandler: hydra03 [2]: pmixp_client_v2.c:211: Error handler invoked: status = -61, source = [slurm.pmix.5008690.9:7]
slurmstepd: error:  mpi/pmix_v4: _errhandler: hydra09 [8]: pmixp_client_v2.c:211: Error handler invoked: status = -61, source = [slurm.pmix.5008690.9:24]
slurmstepd: error:  mpi/pmix_v4: _errhandler: hydra05 [4]: pmixp_client_v2.c:211: Error handler invoked: status = -61, source = [slurm.pmix.5008690.9:12]
slurmstepd: error:  mpi/pmix_v4: _errhandler: hydra12 [11]: pmixp_client_v2.c:211: Error handler invoked: status = -61, source = [slurm.pmix.5008690.9:35]
slurmstepd: error:  mpi/pmix_v4: _errhandler: hydra11 [10]: pmixp_client_v2.c:211: Error handler invoked: status = -61, source = [slurm.pmix.5008690.9:30]
slurmstepd: error:  mpi/pmix_v4: _errhandler: hydra04 [3]: pmixp_client_v2.c:211: Error handler invoked: status = -61, source = [slurm.pmix.5008690.9:9]
slurmstepd: error:  mpi/pmix_v4: _errhandler: hydra10 [9]: pmixp_client_v2.c:211: Error handler invoked: status = -61, source = [slurm.pmix.5008690.9:27]
slurmstepd: error:  mpi/pmix_v4: _errhandler: hydra06 [5]: pmixp_client_v2.c:211: Error handler invoked: status = -61, source = [slurm.pmix.5008690.9:17]
slurmstepd: error:  mpi/pmix_v4: _errhandler: hydra07 [6]: pmixp_client_v2.c:211: Error handler invoked: status = -61, source = [slurm.pmix.5008690.9:19]
slurmstepd: error: *** STEP 5008690.9 ON hydra01 CANCELLED AT 2025-10-13T15:25:37 ***
slurmstepd: error:  mpi/pmix_v4: _errhandler: hydra08 [7]: pmixp_client_v2.c:211: Error handler invoked: status = -61, source = [slurm.pmix.5008690.9:22]
srun: Job step aborted: Waiting up to 32 seconds for job step to finish.
srun: error: hydra06: task 15: Killed
srun: error: hydra08: task 23: Killed
srun: error: hydra04: task 11: Killed
srun: error: hydra07: tasks 18,20: Killed
srun: error: hydra03: tasks 6,8: Killed
srun: error: hydra05: tasks 13-14: Killed
srun: error: hydra11: tasks 31-32: Killed
srun: error: hydra02: tasks 4-5: Killed
srun: error: hydra10: tasks 28-29: Killed
srun: error: hydra12: tasks 33-34: Killed
srun: error: hydra01: tasks 0,2: Killed
srun: error: hydra09: tasks 25-26: Killed
⚠️ Warning: No runtime found for run 10
srun: Warning: can't honor --ntasks-per-node set to 1 which doesn't match the requested tasks 36 with the number of requested nodes 12. Ignoring --ntasks-per-node.
missing input file name --> Generate random input
malloc(): invalid size (unsorted)
[hydra01:873674] *** Process received signal ***
[hydra01:873674] Signal: Aborted (6)
[hydra01:873674] Signal code:  (-6)
malloc(): invalid size (unsorted)
[hydra04:389238] *** Process received signal ***
[hydra01:873674] [ 0] /lib/x86_64-linux-gnu/libc.so.6(+0x38de0)[0x7fbfe8fdcde0]
[hydra01:873674] [ 1] /lib/x86_64-linux-gnu/libc.so.6(gsignal+0x141)[0x7fbfe8fdcd61]
[hydra01:873674] [ 2] /lib/x86_64-linux-gnu/libc.so.6(abort+0x123)[0x7fbfe8fc6537]
[hydra04:389238] Signal: Aborted (6)
[hydra04:389238] Signal code:  (-6)
[hydra01:873674] [ 3] /lib/x86_64-linux-gnu/libc.so.6(+0x7a468)[0x7fbfe901e468]
[hydra01:873674] [ 4] /lib/x86_64-linux-gnu/libc.so.6(+0x8175a)[0x7fbfe902575a]
[hydra04:389238] [ 0] /lib/x86_64-linux-gnu/libc.so.6(+0x38de0)[0x7efdc7052de0]
[hydra01:873674] [ 5] /lib/x86_64-linux-gnu/libc.so.6(+0x8483c)[0x7fbfe902883c]
[hydra04:389238] [ 1] /lib/x86_64-linux-gnu/libc.so.6(gsignal+0x141)[0x7efdc7052d61]
[hydra01:873674] [ 6] /lib/x86_64-linux-gnu/libc.so.6(__libc_calloc+0x81)[0x7fbfe902abd1]
[hydra04:389238] [ 2] /lib/x86_64-linux-gnu/libc.so.6(abort+0x123)[0x7efdc703c537]
[hydra01:873674] [ 7] /opt/mpi/openmpi-4.1.4//lib/libmpi.so.40(ompi_group_allocate+0x17)[0x7fbfeaef81e7]
malloc(): invalid size (unsorted)
[hydra08:375517] *** Process received signal ***
[hydra08:375517] Signal: Aborted (6)
[hydra08:375517] Signal code:  (-6)
[hydra04:389238] [ 3] /lib/x86_64-linux-gnu/libc.so.6(+0x7a468)[0x7efdc7094468]
[hydra01:873674] [ 8] /opt/mpi/openmpi-4.1.4//lib/libmpi.so.40(ompi_group_incl_plist+0x65)[0x7fbfeaef8915]
[hydra04:389238] [ 4] /lib/x86_64-linux-gnu/libc.so.6(+0x8175a)[0x7efdc709b75a]
[hydra01:873674] [ 9] /opt/mpi/openmpi-4.1.4//lib/libmpi.so.40(PMPI_Group_incl+0x95)[0x7fbfeaf29185]
[hydra01:873674] [10] /home/thesis/jheld/MPI_Syrk_implementation/build/src/MPI_SYRK_implementation(+0x841a)[0x5609cd16241a]
[hydra01:873674] [11] /home/thesis/jheld/MPI_Syrk_implementation/build/src/MPI_SYRK_implementation(+0x2ab0)[0x5609cd15cab0]
malloc(): invalid size (unsorted)
[hydra07:400241] *** Process received signal ***
[hydra07:400241] Signal: Aborted (6)
[hydra07:400241] Signal code:  (-6)
[hydra04:389238] [ 5] /lib/x86_64-linux-gnu/libc.so.6(+0x8483c)[0x7efdc709e83c]
[hydra01:873674] [12] /lib/x86_64-linux-gnu/libc.so.6(__libc_start_main+0xea)[0x7fbfe8fc7d7a]
[hydra01:873674] [13] /home/thesis/jheld/MPI_Syrk_implementation/build/src/MPI_SYRK_implementation(+0x232a)[0x5609cd15c32a]
[hydra01:873674] *** End of error message ***
[hydra08:375517] [ 0] /lib/x86_64-linux-gnu/libc.so.6(+0x38de0)[0x7f7b10fd6de0]
[hydra04:389238] [ 6] /lib/x86_64-linux-gnu/libc.so.6(__libc_calloc+0x81)[0x7efdc70a0bd1]
[hydra04:389238] [ 7] /opt/mpi/openmpi-4.1.4//lib/libmpi.so.40(ompi_group_allocate+0x17)[0x7efdc8f6e1e7]
[hydra08:375517] [ 1] /lib/x86_64-linux-gnu/libc.so.6(gsignal+0x141)[0x7f7b10fd6d61]
[hydra04:389238] [ 8] /opt/mpi/openmpi-4.1.4//lib/libmpi.so.40(ompi_group_incl_plist+0x65)[0x7efdc8f6e915]
[hydra08:375517] [ 2] /lib/x86_64-linux-gnu/libc.so.6(abort+0x123)[0x7f7b10fc0537]
[hydra07:400241] [ 0] /lib/x86_64-linux-gnu/libc.so.6(+0x38de0)[0x7f504fd45de0]
[hydra04:389238] [ 9] /opt/mpi/openmpi-4.1.4//lib/libmpi.so.40(PMPI_Group_incl+0x95)[0x7efdc8f9f185]
[hydra04:389238] [10] /home/thesis/jheld/MPI_Syrk_implementation/build/src/MPI_SYRK_implementation(+0x841a)[0x558d1af9f41a]
[hydra04:389238] [11] /home/thesis/jheld/MPI_Syrk_implementation/build/src/MPI_SYRK_implementation(+0x2ab0)[0x558d1af99ab0]
[hydra08:375517] [ 3] /lib/x86_64-linux-gnu/libc.so.6(+0x7a468)[0x7f7b11018468]
[hydra04:389238] [12] /lib/x86_64-linux-gnu/libc.so.6(__libc_start_main+0xea)[0x7efdc703dd7a]
[hydra04:389238] [13] /home/thesis/jheld/MPI_Syrk_implementation/build/src/MPI_SYRK_implementation(+0x232a)[0x558d1af9932a]
[hydra04:389238] *** End of error message ***
[hydra07:400241] [ 1] /lib/x86_64-linux-gnu/libc.so.6(gsignal+0x141)[0x7f504fd45d61]
[hydra08:375517] [ 4] /lib/x86_64-linux-gnu/libc.so.6(+0x8175a)[0x7f7b1101f75a]
[hydra08:375517] [ 5] /lib/x86_64-linux-gnu/libc.so.6(+0x8483c)[0x7f7b1102283c]
[hydra08:375517] [ 6] /lib/x86_64-linux-gnu/libc.so.6(__libc_calloc+0x81)[0x7f7b11024bd1]
[hydra08:375517] [ 7] /opt/mpi/openmpi-4.1.4//lib/libmpi.so.40(ompi_group_allocate+0x17)[0x7f7b12ef21e7]
malloc(): invalid size (unsorted)
[hydra07:400241] [ 2] /lib/x86_64-linux-gnu/libc.so.6(abort+0x123)[0x7f504fd2f537]
[hydra08:375517] [ 8] /opt/mpi/openmpi-4.1.4//lib/libmpi.so.40(ompi_group_incl_plist+0x65)[0x7f7b12ef2915]
malloc(): invalid size (unsorted)
[hydra07:400241] [ 3] /lib/x86_64-linux-gnu/libc.so.6(+0x7a468)[0x7f504fd87468]
[hydra07:400243] *** Process received signal ***
[hydra08:375517] [ 9] /opt/mpi/openmpi-4.1.4//lib/libmpi.so.40(PMPI_Group_incl+0x95)[0x7f7b12f23185]
[hydra07:400243] Signal: Aborted (6)
[hydra07:400243] Signal code:  (-6)
[hydra08:375517] [10] /home/thesis/jheld/MPI_Syrk_implementation/build/src/MPI_SYRK_implementation(+0x841a)[0x55be5b57941a]
[hydra08:375517] [11] /home/thesis/jheld/MPI_Syrk_implementation/build/src/MPI_SYRK_implementation(+0x2ab0)[0x55be5b573ab0]
[hydra07:400241] [ 4] /lib/x86_64-linux-gnu/libc.so.6(+0x8175a)[0x7f504fd8e75a]
malloc(): invalid size (unsorted)
[hydra02:559125] *** Process received signal ***
[hydra02:559125] Signal: Aborted (6)
[hydra02:559125] Signal code:  (-6)
[hydra07:400241] [ 5] /lib/x86_64-linux-gnu/libc.so.6(+0x8483c)[0x7f504fd9183c]
[hydra08:375517] [12] /lib/x86_64-linux-gnu/libc.so.6(__libc_start_main+0xea)[0x7f7b10fc1d7a]
[hydra07:400241] [ 6] /lib/x86_64-linux-gnu/libc.so.6(__libc_calloc+0x81)[0x7f504fd93bd1]
[hydra08:375517] [13] /home/thesis/jheld/MPI_Syrk_implementation/build/src/MPI_SYRK_implementation(+0x232a)[0x55be5b57332a]
[hydra08:375517] *** End of error message ***
[hydra07:400241] [ 7] /opt/mpi/openmpi-4.1.4//lib/libmpi.so.40(ompi_group_allocate+0x17)[0x7f5051c611e7]
[hydra07:400241] [ 8] /opt/mpi/openmpi-4.1.4//lib/libmpi.so.40(ompi_group_incl_plist+0x65)[0x7f5051c61915]
[hydra07:400241] [ 9] /opt/mpi/openmpi-4.1.4//lib/libmpi.so.40(PMPI_Group_incl+0x95)[0x7f5051c92185]
[hydra07:400243] [ 0] /lib/x86_64-linux-gnu/libc.so.6(+0x38de0)[0x7f31fff60de0]
[hydra07:400241] [10] /home/thesis/jheld/MPI_Syrk_implementation/build/src/MPI_SYRK_implementation(+0x841a)[0x56049d64741a]
[hydra07:400241] [11] /home/thesis/jheld/MPI_Syrk_implementation/build/src/MPI_SYRK_implementation(+0x2ab0)[0x56049d641ab0]
[hydra02:559125] [ 0] /lib/x86_64-linux-gnu/libc.so.6(+0x38de0)[0x7f51975b6de0]
[hydra07:400243] [ 1] /lib/x86_64-linux-gnu/libc.so.6(gsignal+0x141)[0x7f31fff60d61]
[hydra07:400241] [12] /lib/x86_64-linux-gnu/libc.so.6(__libc_start_main+0xea)[0x7f504fd30d7a]
[hydra07:400241] [13] /home/thesis/jheld/MPI_Syrk_implementation/build/src/MPI_SYRK_implementation(+0x232a)[0x56049d64132a]
[hydra07:400241] *** End of error message ***
[hydra07:400243] [ 2] /lib/x86_64-linux-gnu/libc.so.6(abort+0x123)[0x7f31fff4a537]
[hydra07:400243] [ 3] /lib/x86_64-linux-gnu/libc.so.6(+0x7a468)[0x7f31fffa2468]
[hydra07:400243] [ 4] /lib/x86_64-linux-gnu/libc.so.6(+0x8175a)[0x7f31fffa975a]
[hydra02:559125] [ 1] /lib/x86_64-linux-gnu/libc.so.6(gsignal+0x141)[0x7f51975b6d61]
[hydra02:559125] [ 2] /lib/x86_64-linux-gnu/libc.so.6(abort+0x123)[0x7f51975a0537]
[hydra02:559125] [ 3] /lib/x86_64-linux-gnu/libc.so.6(+0x7a468)[0x7f51975f8468]
[hydra07:400243] [ 5] /lib/x86_64-linux-gnu/libc.so.6(+0x8483c)[0x7f31fffac83c]
[hydra07:400243] [ 6] /lib/x86_64-linux-gnu/libc.so.6(__libc_calloc+0x81)[0x7f31fffaebd1]
[hydra02:559125] [ 4] /lib/x86_64-linux-gnu/libc.so.6(+0x8175a)[0x7f51975ff75a]
[hydra07:400243] [ 7] /opt/mpi/openmpi-4.1.4//lib/libmpi.so.40(ompi_group_allocate+0x17)[0x7f3201e7c1e7]
[hydra07:400243] [ 8] /opt/mpi/openmpi-4.1.4//lib/libmpi.so.40(ompi_group_incl_plist+0x65)[0x7f3201e7c915]
[hydra02:559125] [ 5] /lib/x86_64-linux-gnu/libc.so.6(+0x8483c)[0x7f519760283c]
[hydra07:400243] [ 9] /opt/mpi/openmpi-4.1.4//lib/libmpi.so.40(PMPI_Group_incl+0x95)[0x7f3201ead185]
[hydra07:400243] [10] /home/thesis/jheld/MPI_Syrk_implementation/build/src/MPI_SYRK_implementation(+0x841a)[0x55cb5b8fc41a]
[hydra02:559125] [ 6] /lib/x86_64-linux-gnu/libc.so.6(__libc_calloc+0x81)[0x7f5197604bd1]
[hydra07:400243] [11] /home/thesis/jheld/MPI_Syrk_implementation/build/src/MPI_SYRK_implementation(+0x2ab0)[0x55cb5b8f6ab0]
[hydra02:559125] [ 7] /opt/mpi/openmpi-4.1.4//lib/libmpi.so.40(ompi_group_allocate+0x17)[0x7f51994d21e7]
[hydra07:400243] [12] /lib/x86_64-linux-gnu/libc.so.6(__libc_start_main+0xea)[0x7f31fff4bd7a]
[hydra07:400243] [13] /home/thesis/jheld/MPI_Syrk_implementation/build/src/MPI_SYRK_implementation(+0x232a)[0x55cb5b8f632a]
[hydra02:559125] [ 8] /opt/mpi/openmpi-4.1.4//lib/libmpi.so.40(ompi_group_incl_plist+0x65)[0x7f51994d2915]
[hydra07:400243] *** End of error message ***
[hydra02:559125] [ 9] /opt/mpi/openmpi-4.1.4//lib/libmpi.so.40(PMPI_Group_incl+0x95)[0x7f5199503185]
malloc(): invalid size (unsorted)
malloc(): invalid size (unsorted)
[hydra02:559125] [10] /home/thesis/jheld/MPI_Syrk_implementation/build/src/MPI_SYRK_implementation(+0x841a)[0x55c8fedd241a]
[hydra02:559125] [11] /home/thesis/jheld/MPI_Syrk_implementation/build/src/MPI_SYRK_implementation(+0x2ab0)[0x55c8fedccab0]
[hydra02:559125] [12] /lib/x86_64-linux-gnu/libc.so.6(__libc_start_main+0xea)[0x7f51975a1d7a]
[hydra02:559125] [13] /home/thesis/jheld/MPI_Syrk_implementation/build/src/MPI_SYRK_implementation(+0x232a)[0x55c8fedcc32a]
[hydra02:559125] *** End of error message ***
[hydra11:353565] *** Process received signal ***
[hydra11:353565] Signal: Aborted (6)
[hydra11:353565] Signal code:  (-6)
[hydra05:373162] *** Process received signal ***
[hydra05:373162] Signal: Aborted (6)
[hydra05:373162] Signal code:  (-6)
[hydra05:373162] [ 0] /lib/x86_64-linux-gnu/libc.so.6(+0x38de0)[0x7fc7bd1c1de0]
[hydra05:373162] [ 1] /lib/x86_64-linux-gnu/libc.so.6(gsignal+0x141)[0x7fc7bd1c1d61]
malloc(): invalid size (unsorted)
[hydra10:484576] *** Process received signal ***
[hydra05:373162] [ 2] /lib/x86_64-linux-gnu/libc.so.6(abort+0x123)[0x7fc7bd1ab537]
[hydra05:373162] [ 3] /lib/x86_64-linux-gnu/libc.so.6(+0x7a468)[0x7fc7bd203468]
[hydra05:373162] [ 4] /lib/x86_64-linux-gnu/libc.so.6(+0x8175a)[0x7fc7bd20a75a]
[hydra05:373162] [ 5] /lib/x86_64-linux-gnu/libc.so.6(+0x8483c)[0x7fc7bd20d83c]
[hydra05:373162] [ 6] /lib/x86_64-linux-gnu/libc.so.6(__libc_calloc+0x81)[0x7fc7bd20fbd1]
[hydra05:373162] [ 7] /opt/mpi/openmpi-4.1.4//lib/libmpi.so.40(ompi_group_allocate+0x17)[0x7fc7bf0dd1e7]
[hydra11:353565] [ 0] /lib/x86_64-linux-gnu/libc.so.6(+0x38de0)[0x7f0f18d90de0]
[hydra05:373162] [ 8] /opt/mpi/openmpi-4.1.4//lib/libmpi.so.40(ompi_group_incl_plist+0x65)[0x7fc7bf0dd915]
[hydra05:373162] [ 9] /opt/mpi/openmpi-4.1.4//lib/libmpi.so.40(PMPI_Group_incl+0x95)[0x7fc7bf10e185]
[hydra05:373162] [10] /home/thesis/jheld/MPI_Syrk_implementation/build/src/MPI_SYRK_implementation(+0x841a)[0x5596c2a9041a]
[hydra05:373162] [11] /home/thesis/jheld/MPI_Syrk_implementation/build/src/MPI_SYRK_implementation(+0x2ab0)[0x5596c2a8aab0]
[hydra05:373162] [12] /lib/x86_64-linux-gnu/libc.so.6(__libc_start_main+0xea)[0x7fc7bd1acd7a]
[hydra11:353565] [ 1] /lib/x86_64-linux-gnu/libc.so.6(gsignal+0x141)[0x7f0f18d90d61]
[hydra05:373162] [13] /home/thesis/jheld/MPI_Syrk_implementation/build/src/MPI_SYRK_implementation(+0x232a)[0x5596c2a8a32a]
[hydra05:373162] *** End of error message ***
[hydra10:484576] Signal: Aborted (6)
[hydra10:484576] Signal code:  (-6)
[hydra11:353565] [ 2] /lib/x86_64-linux-gnu/libc.so.6(abort+0x123)[0x7f0f18d7a537]
[hydra10:484576] [ 0] /lib/x86_64-linux-gnu/libc.so.6(+0x38de0)[0x7f4194cddde0]
[hydra10:484576] [ 1] /lib/x86_64-linux-gnu/libc.so.6(gsignal+0x141)[0x7f4194cddd61]
[hydra10:484576] [ 2] /lib/x86_64-linux-gnu/libc.so.6(abort+0x123)[0x7f4194cc7537]
malloc(): invalid size (unsorted)
[hydra01:873675] *** Process received signal ***
[hydra11:353565] [ 3] /lib/x86_64-linux-gnu/libc.so.6(+0x7a468)[0x7f0f18dd2468]
[hydra10:484576] [ 3] /lib/x86_64-linux-gnu/libc.so.6(+0x7a468)[0x7f4194d1f468]
[hydra01:873675] Signal: Aborted (6)
[hydra01:873675] Signal code:  (-6)
[hydra11:353565] [ 4] /lib/x86_64-linux-gnu/libc.so.6(+0x8175a)[0x7f0f18dd975a]
[hydra10:484576] [ 4] /lib/x86_64-linux-gnu/libc.so.6(+0x8175a)[0x7f4194d2675a]
[hydra11:353565] [ 5] /lib/x86_64-linux-gnu/libc.so.6(+0x8483c)[0x7f0f18ddc83c]
[hydra11:353565] [ 6] /lib/x86_64-linux-gnu/libc.so.6(__libc_calloc+0x81)[0x7f0f18ddebd1]
[hydra10:484576] [ 5] /lib/x86_64-linux-gnu/libc.so.6(+0x8483c)[0x7f4194d2983c]
[hydra10:484576] [ 6] /lib/x86_64-linux-gnu/libc.so.6(__libc_calloc+0x81)[0x7f4194d2bbd1]
[hydra11:353565] [ 7] /opt/mpi/openmpi-4.1.4//lib/libmpi.so.40(ompi_group_allocate+0x17)[0x7f0f1acac1e7]
[hydra10:484576] [ 7] /opt/mpi/openmpi-4.1.4//lib/libmpi.so.40(ompi_group_allocate+0x17)[0x7f4196bf91e7]
[hydra11:353565] [ 8] /opt/mpi/openmpi-4.1.4//lib/libmpi.so.40(ompi_group_incl_plist+0x65)[0x7f0f1acac915]
[hydra03:390458] *** Process received signal ***
[hydra03:390458] Signal: Aborted (6)
[hydra03:390458] Signal code:  (-6)
[hydra11:353565] [ 9] /opt/mpi/openmpi-4.1.4//lib/libmpi.so.40(PMPI_Group_incl+0x95)[0x7f0f1acdd185]
[hydra11:353565] [10] /home/thesis/jheld/MPI_Syrk_implementation/build/src/MPI_SYRK_implementation(+0x841a)[0x564eee75541a]
[hydra03:390458] [ 0] /lib/x86_64-linux-gnu/libc.so.6(+0x38de0)[0x7f05e4822de0]
[hydra10:484576] [ 8] /opt/mpi/openmpi-4.1.4//lib/libmpi.so.40(ompi_group_incl_plist+0x65)[0x7f4196bf9915]
[hydra11:353565] [11] /home/thesis/jheld/MPI_Syrk_implementation/build/src/MPI_SYRK_implementation(+0x2ab0)[0x564eee74fab0]
[hydra03:390458] [ 1] /lib/x86_64-linux-gnu/libc.so.6(gsignal+0x141)[0x7f05e4822d61]
[hydra03:390458] [ 2] /lib/x86_64-linux-gnu/libc.so.6(abort+0x123)[0x7f05e480c537]
[hydra11:353565] [12] /lib/x86_64-linux-gnu/libc.so.6(__libc_start_main+0xea)[0x7f0f18d7bd7a]
[hydra11:353565] [13] /home/thesis/jheld/MPI_Syrk_implementation/build/src/MPI_SYRK_implementation(+0x232a)[0x564eee74f32a]
[hydra03:390458] [ 3] /lib/x86_64-linux-gnu/libc.so.6(+0x7a468)[0x7f05e4864468]
[hydra10:484576] [ 9] /opt/mpi/openmpi-4.1.4//lib/libmpi.so.40(PMPI_Group_incl+0x95)[0x7f4196c2a185]
[hydra11:353565] *** End of error message ***
[hydra01:873675] [ 0] /lib/x86_64-linux-gnu/libc.so.6(+0x38de0)[0x7ffad771ede0]
[hydra03:390458] [ 4] /lib/x86_64-linux-gnu/libc.so.6(+0x8175a)[0x7f05e486b75a]
[hydra10:484576] [10] /home/thesis/jheld/MPI_Syrk_implementation/build/src/MPI_SYRK_implementation(+0x841a)[0x55840e43541a]
[hydra10:484576] [11] /home/thesis/jheld/MPI_Syrk_implementation/build/src/MPI_SYRK_implementation(+0x2ab0)[0x55840e42fab0]
[hydra01:873675] [ 1] /lib/x86_64-linux-gnu/libc.so.6(gsignal+0x141)[0x7ffad771ed61]
[hydra03:390458] [ 5] /lib/x86_64-linux-gnu/libc.so.6(+0x8483c)[0x7f05e486e83c]
[hydra10:484576] [12] /lib/x86_64-linux-gnu/libc.so.6(__libc_start_main+0xea)[0x7f4194cc8d7a]
[hydra10:484576] [13] /home/thesis/jheld/MPI_Syrk_implementation/build/src/MPI_SYRK_implementation(+0x232a)[0x55840e42f32a]
[hydra01:873675] [ 2] /lib/x86_64-linux-gnu/libc.so.6(abort+0x123)[0x7ffad7708537]
[hydra03:390458] [ 6] /lib/x86_64-linux-gnu/libc.so.6(__libc_calloc+0x81)[0x7f05e4870bd1]
malloc(): invalid size (unsorted)
[hydra06:373859] *** Process received signal ***
[hydra06:373859] Signal: Aborted (6)
[hydra06:373859] Signal code:  (-6)
[hydra10:484576] *** End of error message ***
[hydra01:873675] [ 3] /lib/x86_64-linux-gnu/libc.so.6(+0x7a468)[0x7ffad7760468]
[hydra03:390458] [ 7] /opt/mpi/openmpi-4.1.4//lib/libmpi.so.40(ompi_group_allocate+0x17)[0x7f05e673e1e7]
[hydra01:873675] [ 4] /lib/x86_64-linux-gnu/libc.so.6(+0x8175a)[0x7ffad776775a]
[hydra03:390458] [ 8] /opt/mpi/openmpi-4.1.4//lib/libmpi.so.40(ompi_group_incl_plist+0x65)[0x7f05e673e915]
[hydra03:390458] [ 9] /opt/mpi/openmpi-4.1.4//lib/libmpi.so.40(PMPI_Group_incl+0x95)[0x7f05e676f185]
[hydra01:873675] [ 5] /lib/x86_64-linux-gnu/libc.so.6(+0x8483c)[0x7ffad776a83c]
[hydra03:390458] [10] /home/thesis/jheld/MPI_Syrk_implementation/build/src/MPI_SYRK_implementation(+0x841a)[0x559e3a91441a]
[hydra03:390458] [11] /home/thesis/jheld/MPI_Syrk_implementation/build/src/MPI_SYRK_implementation(+0x2ab0)[0x559e3a90eab0]
[hydra03:390458] [12] /lib/x86_64-linux-gnu/libc.so.6(__libc_start_main+0xea)[0x7f05e480dd7a]
[hydra03:390458] [13] /home/thesis/jheld/MPI_Syrk_implementation/build/src/MPI_SYRK_implementation(+0x232a)[0x559e3a90e32a]
[hydra03:390458] *** End of error message ***
[hydra01:873675] [ 6] /lib/x86_64-linux-gnu/libc.so.6(__libc_calloc+0x81)[0x7ffad776cbd1]
[hydra01:873675] [ 7] /opt/mpi/openmpi-4.1.4//lib/libmpi.so.40(ompi_group_allocate+0x17)[0x7ffad963a1e7]
[hydra01:873675] [ 8] /opt/mpi/openmpi-4.1.4//lib/libmpi.so.40(ompi_group_incl_plist+0x65)[0x7ffad963a915]
[hydra06:373859] [ 0] /lib/x86_64-linux-gnu/libc.so.6(+0x38de0)[0x7fa72fbf0de0]
[hydra01:873675] [ 9] /opt/mpi/openmpi-4.1.4//lib/libmpi.so.40(PMPI_Group_incl+0x95)[0x7ffad966b185]
[hydra01:873675] [10] /home/thesis/jheld/MPI_Syrk_implementation/build/src/MPI_SYRK_implementation(+0x841a)[0x5604034ef41a]
[hydra01:873675] [11] /home/thesis/jheld/MPI_Syrk_implementation/build/src/MPI_SYRK_implementation(+0x2ab0)[0x5604034e9ab0]
[hydra06:373859] [ 1] /lib/x86_64-linux-gnu/libc.so.6(gsignal+0x141)[0x7fa72fbf0d61]
[hydra01:873675] [12] /lib/x86_64-linux-gnu/libc.so.6(__libc_start_main+0xea)[0x7ffad7709d7a]
[hydra01:873675] [13] /home/thesis/jheld/MPI_Syrk_implementation/build/src/MPI_SYRK_implementation(+0x232a)[0x5604034e932a]
[hydra01:873675] *** End of error message ***
[hydra06:373859] [ 2] /lib/x86_64-linux-gnu/libc.so.6(abort+0x123)[0x7fa72fbda537]
[hydra06:373859] [ 3] /lib/x86_64-linux-gnu/libc.so.6(+0x7a468)[0x7fa72fc32468]
[hydra06:373859] [ 4] /lib/x86_64-linux-gnu/libc.so.6(+0x8175a)[0x7fa72fc3975a]
[hydra06:373859] [ 5] /lib/x86_64-linux-gnu/libc.so.6(+0x8483c)[0x7fa72fc3c83c]
[hydra06:373859] [ 6] /lib/x86_64-linux-gnu/libc.so.6(__libc_calloc+0x81)[0x7fa72fc3ebd1]
[hydra06:373859] [ 7] /opt/mpi/openmpi-4.1.4//lib/libmpi.so.40(ompi_group_allocate+0x17)[0x7fa731b0c1e7]
[hydra06:373859] [ 8] /opt/mpi/openmpi-4.1.4//lib/libmpi.so.40(ompi_group_incl_plist+0x65)[0x7fa731b0c915]
malloc(): invalid size (unsorted)
[hydra06:373859] [ 9] /opt/mpi/openmpi-4.1.4//lib/libmpi.so.40(PMPI_Group_incl+0x95)[0x7fa731b3d185]
[hydra06:373859] [10] /home/thesis/jheld/MPI_Syrk_implementation/build/src/MPI_SYRK_implementation(+0x841a)[0x55d46c88841a]
[hydra06:373859] [11] /home/thesis/jheld/MPI_Syrk_implementation/build/src/MPI_SYRK_implementation(+0x2ab0)[0x55d46c882ab0]
[hydra11:353564] *** Process received signal ***
[hydra06:373859] [12] /lib/x86_64-linux-gnu/libc.so.6(__libc_start_main+0xea)[0x7fa72fbdbd7a]
[hydra06:373859] [13] /home/thesis/jheld/MPI_Syrk_implementation/build/src/MPI_SYRK_implementation(+0x232a)[0x55d46c88232a]
[hydra06:373859] *** End of error message ***
[hydra11:353564] Signal: Aborted (6)
[hydra11:353564] Signal code:  (-6)
[hydra11:353564] [ 0] /lib/x86_64-linux-gnu/libc.so.6(+0x38de0)[0x7f9e01834de0]
[hydra11:353564] [ 1] /lib/x86_64-linux-gnu/libc.so.6(gsignal+0x141)[0x7f9e01834d61]
[hydra11:353564] [ 2] /lib/x86_64-linux-gnu/libc.so.6(abort+0x123)[0x7f9e0181e537]
[hydra11:353564] [ 3] /lib/x86_64-linux-gnu/libc.so.6(+0x7a468)[0x7f9e01876468]
[hydra11:353564] [ 4] /lib/x86_64-linux-gnu/libc.so.6(+0x8175a)[0x7f9e0187d75a]
[hydra11:353564] [ 5] /lib/x86_64-linux-gnu/libc.so.6(+0x8483c)[0x7f9e0188083c]
[hydra11:353564] [ 6] /lib/x86_64-linux-gnu/libc.so.6(__libc_calloc+0x81)[0x7f9e01882bd1]
[hydra11:353564] [ 7] /opt/mpi/openmpi-4.1.4//lib/libmpi.so.40(ompi_group_allocate+0x17)[0x7f9e037501e7]
[hydra11:353564] [ 8] /opt/mpi/openmpi-4.1.4//lib/libmpi.so.40(ompi_group_incl_plist+0x65)[0x7f9e03750915]
[hydra11:353564] [ 9] /opt/mpi/openmpi-4.1.4//lib/libmpi.so.40(PMPI_Group_incl+0x95)[0x7f9e03781185]
[hydra11:353564] [10] /home/thesis/jheld/MPI_Syrk_implementation/build/src/MPI_SYRK_implementation(+0x841a)[0x555c2982541a]
[hydra11:353564] [11] /home/thesis/jheld/MPI_Syrk_implementation/build/src/MPI_SYRK_implementation(+0x2ab0)[0x555c2981fab0]
[hydra11:353564] [12] /lib/x86_64-linux-gnu/libc.so.6(__libc_start_main+0xea)[0x7f9e0181fd7a]
[hydra11:353564] [13] /home/thesis/jheld/MPI_Syrk_implementation/build/src/MPI_SYRK_implementation(+0x232a)[0x555c2981f32a]
[hydra11:353564] *** End of error message ***
srun: error: hydra05: task 13: Aborted
srun: error: hydra06: task 15: Aborted
srun: error: hydra02: task 5: Aborted
srun: error: hydra08: task 23: Aborted
srun: error: hydra04: task 11: Aborted
srun: error: hydra03: task 7: Aborted
srun: error: hydra10: task 27: Aborted
srun: error: hydra11: tasks 31-32: Aborted
srun: error: hydra07: tasks 18,20: Aborted
srun: error: hydra01: tasks 1-2: Aborted
slurmstepd: error:  mpi/pmix_v4: _errhandler: hydra04 [3]: pmixp_client_v2.c:211: Error handler invoked: status = -61, source = [slurm.pmix.5008690.10:11]
slurmstepd: error:  mpi/pmix_v4: _errhandler: hydra08 [7]: pmixp_client_v2.c:211: Error handler invoked: status = -61, source = [slurm.pmix.5008690.10:23]
slurmstepd: error:  mpi/pmix_v4: _errhandler: hydra02 [1]: pmixp_client_v2.c:211: Error handler invoked: status = -61, source = [slurm.pmix.5008690.10:5]
slurmstepd: error:  mpi/pmix_v4: _errhandler: hydra10 [9]: pmixp_client_v2.c:211: Error handler invoked: status = -61, source = [slurm.pmix.5008690.10:27]
slurmstepd: error:  mpi/pmix_v4: _errhandler: hydra05 [4]: pmixp_client_v2.c:211: Error handler invoked: status = -61, source = [slurm.pmix.5008690.10:13]
slurmstepd: error:  mpi/pmix_v4: _errhandler: hydra06 [5]: pmixp_client_v2.c:211: Error handler invoked: status = -61, source = [slurm.pmix.5008690.10:15]
slurmstepd: error:  mpi/pmix_v4: _errhandler: hydra01 [0]: pmixp_client_v2.c:211: Error handler invoked: status = -61, source = [slurm.pmix.5008690.10:1]
slurmstepd: error:  mpi/pmix_v4: _errhandler: hydra11 [10]: pmixp_client_v2.c:211: Error handler invoked: status = -61, source = [slurm.pmix.5008690.10:32]
slurmstepd: error:  mpi/pmix_v4: _errhandler: hydra07 [6]: pmixp_client_v2.c:211: Error handler invoked: status = -61, source = [slurm.pmix.5008690.10:18]
slurmstepd: error: *** STEP 5008690.10 ON hydra01 CANCELLED AT 2025-10-13T15:25:48 ***
slurmstepd: error:  mpi/pmix_v4: _errhandler: hydra03 [2]: pmixp_client_v2.c:211: Error handler invoked: status = -61, source = [slurm.pmix.5008690.10:7]
srun: Job step aborted: Waiting up to 32 seconds for job step to finish.
srun: error: hydra01: task 0: Killed
srun: error: hydra07: task 19: Killed
srun: error: hydra11: task 30: Killed
srun: error: hydra04: tasks 9-10: Killed
srun: error: hydra10: tasks 28-29: Killed
srun: error: hydra02: tasks 3-4: Killed
srun: error: hydra06: tasks 16-17: Killed
srun: error: hydra05: tasks 12,14: Killed
srun: error: hydra08: tasks 21-22: Killed
srun: error: hydra03: tasks 6,8: Killed
srun: error: hydra12: tasks 33-35: Killed
srun: error: hydra09: tasks 24-26: Killed
⚠️ Warning: No runtime found for run 11
srun: Warning: can't honor --ntasks-per-node set to 1 which doesn't match the requested tasks 36 with the number of requested nodes 12. Ignoring --ntasks-per-node.
missing input file name --> Generate random input
malloc(): invalid size (unsorted)
malloc(): invalid size (unsorted)
[hydra04:389304] *** Process received signal ***
[hydra04:389304] Signal: Aborted (6)
[hydra04:389304] Signal code:  (-6)
malloc(): invalid size (unsorted)
[hydra10:484647] *** Process received signal ***
malloc(): invalid size (unsorted)
malloc(): invalid size (unsorted)
[hydra05:373228] *** Process received signal ***
[hydra09:366916] *** Process received signal ***
[hydra09:366916] Signal: Aborted (6)
[hydra09:366916] Signal code:  (-6)
[hydra09:366916] [ 0] /lib/x86_64-linux-gnu/libc.so.6(+0x38de0)[0x7fedffc2fde0]
malloc(): invalid size (unsorted)
[hydra07:400308] *** Process received signal ***
[hydra09:366916] [ 1] /lib/x86_64-linux-gnu/libc.so.6(gsignal+0x141)[0x7fedffc2fd61]
[hydra09:366916] [ 2] /lib/x86_64-linux-gnu/libc.so.6(abort+0x123)[0x7fedffc19537]
[hydra09:366916] [ 3] /lib/x86_64-linux-gnu/libc.so.6(+0x7a468)[0x7fedffc71468]
[hydra09:366916] [ 4] /lib/x86_64-linux-gnu/libc.so.6(+0x8175a)[0x7fedffc7875a]
[hydra04:389304] [ 0] /lib/x86_64-linux-gnu/libc.so.6(+0x38de0)[0x7f392e8c4de0]
[hydra09:366916] [ 5] /lib/x86_64-linux-gnu/libc.so.6(+0x8483c)[0x7fedffc7b83c]
[hydra04:389304] [ 1] /lib/x86_64-linux-gnu/libc.so.6(gsignal+0x141)[0x7f392e8c4d61]
[hydra09:366916] [ 6] /lib/x86_64-linux-gnu/libc.so.6(__libc_calloc+0x81)[0x7fedffc7dbd1]
[hydra04:389304] [ 2] /lib/x86_64-linux-gnu/libc.so.6(abort+0x123)[0x7f392e8ae537]
[hydra09:366916] [ 7] /opt/mpi/openmpi-4.1.4//lib/libmpi.so.40(ompi_group_allocate+0x17)[0x7fee01b4b1e7]
[hydra04:389304] [ 3] /lib/x86_64-linux-gnu/libc.so.6(+0x7a468)[0x7f392e906468]
[hydra09:366916] [ 8] /opt/mpi/openmpi-4.1.4//lib/libmpi.so.40(ompi_group_incl_plist+0x65)[0x7fee01b4b915]
[hydra04:389304] [ 4] /lib/x86_64-linux-gnu/libc.so.6(+0x8175a)[0x7f392e90d75a]
[hydra09:366916] [ 9] /opt/mpi/openmpi-4.1.4//lib/libmpi.so.40(PMPI_Group_incl+0x95)[0x7fee01b7c185]
[hydra04:389304] [ 5] /lib/x86_64-linux-gnu/libc.so.6(+0x8483c)[0x7f392e91083c]
[hydra09:366916] [10] /home/thesis/jheld/MPI_Syrk_implementation/build/src/MPI_SYRK_implementation(+0x841a)[0x56074622241a]
[hydra09:366916] [11] /home/thesis/jheld/MPI_Syrk_implementation/build/src/MPI_SYRK_implementation(+0x2ab0)[0x56074621cab0]
[hydra04:389304] [ 6] /lib/x86_64-linux-gnu/libc.so.6(__libc_calloc+0x81)[0x7f392e912bd1]
malloc(): invalid size (unsorted)
[hydra03:390523] *** Process received signal ***
[hydra09:366916] [12] /lib/x86_64-linux-gnu/libc.so.6(__libc_start_main+0xea)[0x7fedffc1ad7a]
[hydra09:366916] [13] /home/thesis/jheld/MPI_Syrk_implementation/build/src/MPI_SYRK_implementation(+0x232a)[0x56074621c32a]
malloc(): invalid size (unsorted)
[hydra11:353632] *** Process received signal ***
[hydra04:389304] [ 7] /opt/mpi/openmpi-4.1.4//lib/libmpi.so.40(ompi_group_allocate+0x17)[0x7f39307e01e7]
[hydra09:366916] *** End of error message ***
[hydra04:389304] [ 8] /opt/mpi/openmpi-4.1.4//lib/libmpi.so.40(ompi_group_incl_plist+0x65)[0x7f39307e0915]
[hydra04:389304] [ 9] /opt/mpi/openmpi-4.1.4//lib/libmpi.so.40(PMPI_Group_incl+0x95)[0x7f3930811185]
[hydra04:389304] [10] /home/thesis/jheld/MPI_Syrk_implementation/build/src/MPI_SYRK_implementation(+0x841a)[0x55aabe31141a]
[hydra04:389304] [11] /home/thesis/jheld/MPI_Syrk_implementation/build/src/MPI_SYRK_implementation(+0x2ab0)[0x55aabe30bab0]
[hydra04:389304] [12] /lib/x86_64-linux-gnu/libc.so.6(__libc_start_main+0xea)[0x7f392e8afd7a]
[hydra04:389304] [13] /home/thesis/jheld/MPI_Syrk_implementation/build/src/MPI_SYRK_implementation(+0x232a)[0x55aabe30b32a]
[hydra04:389304] *** End of error message ***
[hydra10:484647] Signal: Aborted (6)
[hydra10:484647] Signal code:  (-6)
[hydra10:484647] [ 0] /lib/x86_64-linux-gnu/libc.so.6(+0x38de0)[0x7f68a7a73de0]
[hydra10:484647] [ 1] /lib/x86_64-linux-gnu/libc.so.6(gsignal+0x141)[0x7f68a7a73d61]
[hydra10:484647] [ 2] /lib/x86_64-linux-gnu/libc.so.6(abort+0x123)[0x7f68a7a5d537]
[hydra10:484647] [ 3] /lib/x86_64-linux-gnu/libc.so.6(+0x7a468)[0x7f68a7ab5468]
[hydra10:484647] [ 4] /lib/x86_64-linux-gnu/libc.so.6(+0x8175a)[0x7f68a7abc75a]
[hydra10:484647] [ 5] /lib/x86_64-linux-gnu/libc.so.6(+0x8483c)[0x7f68a7abf83c]
[hydra10:484647] [ 6] /lib/x86_64-linux-gnu/libc.so.6(__libc_calloc+0x81)[0x7f68a7ac1bd1]
[hydra10:484647] [ 7] /opt/mpi/openmpi-4.1.4//lib/libmpi.so.40(ompi_group_allocate+0x17)[0x7f68a998f1e7]
[hydra10:484647] [ 8] /opt/mpi/openmpi-4.1.4//lib/libmpi.so.40(ompi_group_incl_plist+0x65)[0x7f68a998f915]
[hydra10:484647] [ 9] /opt/mpi/openmpi-4.1.4//lib/libmpi.so.40(PMPI_Group_incl+0x95)[0x7f68a99c0185]
[hydra10:484647] [10] /home/thesis/jheld/MPI_Syrk_implementation/build/src/MPI_SYRK_implementation(+0x841a)[0x563ed369c41a]
[hydra10:484647] [11] /home/thesis/jheld/MPI_Syrk_implementation/build/src/MPI_SYRK_implementation(+0x2ab0)[0x563ed3696ab0]
[hydra10:484647] [12] /lib/x86_64-linux-gnu/libc.so.6(__libc_start_main+0xea)[0x7f68a7a5ed7a]
[hydra10:484647] [13] /home/thesis/jheld/MPI_Syrk_implementation/build/src/MPI_SYRK_implementation(+0x232a)[0x563ed369632a]
[hydra10:484647] *** End of error message ***
[hydra06:373927] *** Process received signal ***
[hydra06:373927] Signal: Aborted (6)
[hydra06:373927] Signal code:  (-6)
[hydra06:373927] [ 0] /lib/x86_64-linux-gnu/libc.so.6(+0x38de0)[0x7f8a3d9edde0]
[hydra06:373927] [ 1] /lib/x86_64-linux-gnu/libc.so.6(gsignal+0x141)[0x7f8a3d9edd61]
[hydra06:373927] [ 2] /lib/x86_64-linux-gnu/libc.so.6(abort+0x123)[0x7f8a3d9d7537]
[hydra07:400308] Signal: Aborted (6)
[hydra07:400308] Signal code:  (-6)
[hydra06:373927] [ 3] /lib/x86_64-linux-gnu/libc.so.6(+0x7a468)[0x7f8a3da2f468]
[hydra07:400308] [ 0] /lib/x86_64-linux-gnu/libc.so.6(+0x38de0)[0x7f1157de9de0]
[hydra05:373228] Signal: Aborted (6)
[hydra05:373228] Signal code:  (-6)
[hydra06:373927] [ 4] /lib/x86_64-linux-gnu/libc.so.6(+0x8175a)[0x7f8a3da3675a]
[hydra07:400308] [ 1] /lib/x86_64-linux-gnu/libc.so.6(gsignal+0x141)[0x7f1157de9d61]
[hydra05:373228] [ 0] /lib/x86_64-linux-gnu/libc.so.6(+0x38de0)[0x7f9acf770de0]
[hydra06:373927] [ 5] /lib/x86_64-linux-gnu/libc.so.6(+0x8483c)[0x7f8a3da3983c]
malloc(): invalid size (unsorted)
[hydra07:400308] [ 2] /lib/x86_64-linux-gnu/libc.so.6(abort+0x123)[0x7f1157dd3537]
[hydra05:373228] [ 1] /lib/x86_64-linux-gnu/libc.so.6(gsignal+0x141)[0x7f9acf770d61]
[hydra06:373927] [ 6] /lib/x86_64-linux-gnu/libc.so.6(__libc_calloc+0x81)[0x7f8a3da3bbd1]
malloc(): invalid size (unsorted)
[hydra08:375586] *** Process received signal ***
[hydra07:400308] [ 3] /lib/x86_64-linux-gnu/libc.so.6(+0x7a468)[0x7f1157e2b468]
[hydra05:373228] [ 2] /lib/x86_64-linux-gnu/libc.so.6(abort+0x123)[0x7f9acf75a537]
[hydra06:373927] [ 7] /opt/mpi/openmpi-4.1.4//lib/libmpi.so.40(ompi_group_allocate+0x17)[0x7f8a3f9091e7]
[hydra07:400308] [ 4] /lib/x86_64-linux-gnu/libc.so.6(+0x8175a)[0x7f1157e3275a]
[hydra03:390523] Signal: Aborted (6)
[hydra03:390523] Signal code:  (-6)
[hydra05:373228] [ 3] /lib/x86_64-linux-gnu/libc.so.6(+0x7a468)[0x7f9acf7b2468]
[hydra06:373927] [ 8] /opt/mpi/openmpi-4.1.4//lib/libmpi.so.40(ompi_group_incl_plist+0x65)[0x7f8a3f909915]
[hydra07:400308] [ 5] /lib/x86_64-linux-gnu/libc.so.6(+0x8483c)[0x7f1157e3583c]
[hydra03:390523] [ 0] /lib/x86_64-linux-gnu/libc.so.6(+0x38de0)[0x7f474dfeede0]
[hydra05:373228] [ 4] /lib/x86_64-linux-gnu/libc.so.6(+0x8175a)[0x7f9acf7b975a]
[hydra06:373927] [ 9] /opt/mpi/openmpi-4.1.4//lib/libmpi.so.40(PMPI_Group_incl+0x95)[0x7f8a3f93a185]
[hydra07:400308] [ 6] /lib/x86_64-linux-gnu/libc.so.6(__libc_calloc+0x81)[0x7f1157e37bd1]
[hydra03:390523] [ 1] /lib/x86_64-linux-gnu/libc.so.6(gsignal+0x141)[0x7f474dfeed61]
[hydra05:373228] [ 5] /lib/x86_64-linux-gnu/libc.so.6(+0x8483c)[0x7f9acf7bc83c]
[hydra06:373927] [10] /home/thesis/jheld/MPI_Syrk_implementation/build/src/MPI_SYRK_implementation(+0x841a)[0x560ec5fd341a]
[hydra07:400308] [ 7] /opt/mpi/openmpi-4.1.4//lib/libmpi.so.40(ompi_group_allocate+0x17)[0x7f1159d051e7]
[hydra03:390523] [ 2] /lib/x86_64-linux-gnu/libc.so.6(abort+0x123)[0x7f474dfd8537]
[hydra05:373228] [ 6] /lib/x86_64-linux-gnu/libc.so.6(__libc_calloc+0x81)[0x7f9acf7bebd1]
[hydra06:373927] [11] /home/thesis/jheld/MPI_Syrk_implementation/build/src/MPI_SYRK_implementation(+0x2ab0)[0x560ec5fcdab0]
[hydra11:353632] Signal: Aborted (6)
[hydra11:353632] Signal code:  (-6)
[hydra07:400308] [ 8] /opt/mpi/openmpi-4.1.4//lib/libmpi.so.40(ompi_group_incl_plist+0x65)[0x7f1159d05915]
[hydra03:390523] [ 3] /lib/x86_64-linux-gnu/libc.so.6(+0x7a468)[0x7f474e030468]
[hydra05:373228] [ 7] /opt/mpi/openmpi-4.1.4//lib/libmpi.so.40(ompi_group_allocate+0x17)[0x7f9ad168c1e7]
malloc(): invalid size (unsorted)
[hydra06:373927] [12] /lib/x86_64-linux-gnu/libc.so.6(__libc_start_main+0xea)[0x7f8a3d9d8d7a]
[hydra11:353632] [ 0] /lib/x86_64-linux-gnu/libc.so.6(+0x38de0)[0x7f3315664de0]
[hydra07:400308] [ 9] /opt/mpi/openmpi-4.1.4//lib/libmpi.so.40(PMPI_Group_incl+0x95)[0x7f1159d36185]
[hydra03:390523] [ 4] /lib/x86_64-linux-gnu/libc.so.6(+0x8175a)[0x7f474e03775a]
[hydra05:373228] [ 8] /opt/mpi/openmpi-4.1.4//lib/libmpi.so.40(ompi_group_incl_plist+0x65)[0x7f9ad168c915]
[hydra01:873769] *** Process received signal ***
[hydra01:873769] Signal: Aborted (6)
[hydra01:873769] Signal code:  (-6)
[hydra06:373927] [13] /home/thesis/jheld/MPI_Syrk_implementation/build/src/MPI_SYRK_implementation(+0x232a)[0x560ec5fcd32a]
[hydra06:373927] *** End of error message ***
[hydra11:353632] [ 1] /lib/x86_64-linux-gnu/libc.so.6(gsignal+0x141)[0x7f3315664d61]
[hydra07:400308] [10] /home/thesis/jheld/MPI_Syrk_implementation/build/src/MPI_SYRK_implementation(+0x841a)[0x5589baafc41a]
[hydra03:390523] [ 5] /lib/x86_64-linux-gnu/libc.so.6(+0x8483c)[0x7f474e03a83c]
[hydra05:373228] [ 9] /opt/mpi/openmpi-4.1.4//lib/libmpi.so.40(PMPI_Group_incl+0x95)[0x7f9ad16bd185]
[hydra11:353632] [ 2] /lib/x86_64-linux-gnu/libc.so.6(abort+0x123)[0x7f331564e537]
[hydra07:400308] [11] /home/thesis/jheld/MPI_Syrk_implementation/build/src/MPI_SYRK_implementation(+0x2ab0)[0x5589baaf6ab0]
[hydra03:390523] [ 6] /lib/x86_64-linux-gnu/libc.so.6(__libc_calloc+0x81)[0x7f474e03cbd1]
[hydra05:373228] [10] /home/thesis/jheld/MPI_Syrk_implementation/build/src/MPI_SYRK_implementation(+0x841a)[0x557cc75a041a]
[hydra05:373228] [11] /home/thesis/jheld/MPI_Syrk_implementation/build/src/MPI_SYRK_implementation(+0x2ab0)[0x557cc759aab0]
[hydra11:353632] [ 3] /lib/x86_64-linux-gnu/libc.so.6(+0x7a468)[0x7f33156a6468]
[hydra07:400308] [12] /lib/x86_64-linux-gnu/libc.so.6(__libc_start_main+0xea)[0x7f1157dd4d7a]
[hydra07:400308] [13] /home/thesis/jheld/MPI_Syrk_implementation/build/src/MPI_SYRK_implementation(+0x232a)[0x5589baaf632a]
[hydra03:390523] [ 7] /opt/mpi/openmpi-4.1.4//lib/libmpi.so.40(ompi_group_allocate+0x17)[0x7f474ff0a1e7]
[hydra05:373228] [12] /lib/x86_64-linux-gnu/libc.so.6(__libc_start_main+0xea)[0x7f9acf75bd7a]
[hydra05:373228] [13] /home/thesis/jheld/MPI_Syrk_implementation/build/src/MPI_SYRK_implementation(+0x232a)[0x557cc759a32a]
[hydra11:353632] [ 4] /lib/x86_64-linux-gnu/libc.so.6(+0x8175a)[0x7f33156ad75a]
[hydra07:400308] *** End of error message ***
[hydra03:390523] [ 8] /opt/mpi/openmpi-4.1.4//lib/libmpi.so.40(ompi_group_incl_plist+0x65)[0x7f474ff0a915]
[hydra05:373228] *** End of error message ***
[hydra11:353632] [ 5] /lib/x86_64-linux-gnu/libc.so.6(+0x8483c)[0x7f33156b083c]
[hydra03:390523] [ 9] /opt/mpi/openmpi-4.1.4//lib/libmpi.so.40(PMPI_Group_incl+0x95)[0x7f474ff3b185]
[hydra11:353632] [ 6] /lib/x86_64-linux-gnu/libc.so.6(__libc_calloc+0x81)[0x7f33156b2bd1]
[hydra03:390523] [10] /home/thesis/jheld/MPI_Syrk_implementation/build/src/MPI_SYRK_implementation(+0x841a)[0x55d24029c41a]
[hydra03:390523] [11] /home/thesis/jheld/MPI_Syrk_implementation/build/src/MPI_SYRK_implementation(+0x2ab0)[0x55d240296ab0]
[hydra11:353632] [ 7] /opt/mpi/openmpi-4.1.4//lib/libmpi.so.40(ompi_group_allocate+0x17)[0x7f33175801e7]
[hydra03:390523] [12] /lib/x86_64-linux-gnu/libc.so.6(__libc_start_main+0xea)[0x7f474dfd9d7a]
[hydra03:390523] [13] /home/thesis/jheld/MPI_Syrk_implementation/build/src/MPI_SYRK_implementation(+0x232a)[0x55d24029632a]
[hydra11:353632] [ 8] /opt/mpi/openmpi-4.1.4//lib/libmpi.so.40(ompi_group_incl_plist+0x65)[0x7f3317580915]
malloc(): invalid size (unsorted)
[hydra02:559204] *** Process received signal ***
[hydra03:390523] *** End of error message ***
malloc(): invalid size (unsorted)
[hydra11:353632] [ 9] /opt/mpi/openmpi-4.1.4//lib/libmpi.so.40(PMPI_Group_incl+0x95)[0x7f33175b1185]
[hydra11:353632] [10] /home/thesis/jheld/MPI_Syrk_implementation/build/src/MPI_SYRK_implementation(+0x841a)[0x5617b2a5441a]
[hydra11:353632] [11] /home/thesis/jheld/MPI_Syrk_implementation/build/src/MPI_SYRK_implementation(+0x2ab0)[0x5617b2a4eab0]
[hydra11:353630] *** Process received signal ***
[hydra11:353632] [12] /lib/x86_64-linux-gnu/libc.so.6(__libc_start_main+0xea)[0x7f331564fd7a]
[hydra11:353630] Signal: Aborted (6)
[hydra11:353630] Signal code:  (-6)
[hydra01:873769] [ 0] /lib/x86_64-linux-gnu/libc.so.6(+0x38de0)[0x7f4d8e3b0de0]
[hydra11:353632] [13] /home/thesis/jheld/MPI_Syrk_implementation/build/src/MPI_SYRK_implementation(+0x232a)[0x5617b2a4e32a]
[hydra11:353632] *** End of error message ***
[hydra01:873769] [ 1] /lib/x86_64-linux-gnu/libc.so.6(gsignal+0x141)[0x7f4d8e3b0d61]
[hydra01:873769] [ 2] /lib/x86_64-linux-gnu/libc.so.6(abort+0x123)[0x7f4d8e39a537]
[hydra08:375586] Signal: Aborted (6)
[hydra08:375586] Signal code:  (-6)
[hydra01:873769] [ 3] /lib/x86_64-linux-gnu/libc.so.6(+0x7a468)[0x7f4d8e3f2468]
[hydra12:353659] *** Process received signal ***
[hydra12:353659] Signal: Aborted (6)
[hydra12:353659] Signal code:  (-6)
[hydra08:375586] [ 0] /lib/x86_64-linux-gnu/libc.so.6(+0x38de0)[0x7f38a9f50de0]
[hydra12:353659] [ 0] /lib/x86_64-linux-gnu/libc.so.6(+0x38de0)[0x7f326608ade0]
[hydra08:375586] [ 1] /lib/x86_64-linux-gnu/libc.so.6(gsignal+0x141)[0x7f38a9f50d61]
[hydra12:353659] [ 1] /lib/x86_64-linux-gnu/libc.so.6(gsignal+0x141)[0x7f326608ad61]
[hydra08:375586] [ 2] /lib/x86_64-linux-gnu/libc.so.6(abort+0x123)[0x7f38a9f3a537]
[hydra01:873769] [ 4] /lib/x86_64-linux-gnu/libc.so.6(+0x8175a)[0x7f4d8e3f975a]
[hydra12:353659] [ 2] /lib/x86_64-linux-gnu/libc.so.6(abort+0x123)[0x7f3266074537]
[hydra08:375586] [ 3] /lib/x86_64-linux-gnu/libc.so.6(+0x7a468)[0x7f38a9f92468]
[hydra12:353659] [ 3] /lib/x86_64-linux-gnu/libc.so.6(+0x7a468)[0x7f32660cc468]
[hydra08:375586] [ 4] /lib/x86_64-linux-gnu/libc.so.6(+0x8175a)[0x7f38a9f9975a]
[hydra01:873769] [ 5] /lib/x86_64-linux-gnu/libc.so.6(+0x8483c)[0x7f4d8e3fc83c]
[hydra12:353659] [ 4] /lib/x86_64-linux-gnu/libc.so.6(+0x8175a)[0x7f32660d375a]
[hydra08:375586] [ 5] /lib/x86_64-linux-gnu/libc.so.6(+0x8483c)[0x7f38a9f9c83c]
[hydra12:353659] [ 5] /lib/x86_64-linux-gnu/libc.so.6(+0x8483c)[0x7f32660d683c]
[hydra08:375586] [ 6] /lib/x86_64-linux-gnu/libc.so.6(__libc_calloc+0x81)[0x7f38a9f9ebd1]
[hydra01:873769] [ 6] /lib/x86_64-linux-gnu/libc.so.6(__libc_calloc+0x81)[0x7f4d8e3febd1]
[hydra12:353659] [ 6] /lib/x86_64-linux-gnu/libc.so.6(__libc_calloc+0x81)[0x7f32660d8bd1]
[hydra08:375586] [ 7] /opt/mpi/openmpi-4.1.4//lib/libmpi.so.40(ompi_group_allocate+0x17)[0x7f38abe6c1e7]
[hydra12:353659] [ 7] /opt/mpi/openmpi-4.1.4//lib/libmpi.so.40(ompi_group_allocate+0x17)[0x7f3267fa61e7]
[hydra08:375586] [ 8] /opt/mpi/openmpi-4.1.4//lib/libmpi.so.40(ompi_group_incl_plist+0x65)[0x7f38abe6c915]
[hydra01:873769] [ 7] /opt/mpi/openmpi-4.1.4//lib/libmpi.so.40(ompi_group_allocate+0x17)[0x7f4d902cc1e7]
[hydra12:353659] [ 8] /opt/mpi/openmpi-4.1.4//lib/libmpi.so.40(ompi_group_incl_plist+0x65)[0x7f3267fa6915]
[hydra08:375586] [ 9] /opt/mpi/openmpi-4.1.4//lib/libmpi.so.40(PMPI_Group_incl+0x95)[0x7f38abe9d185]
[hydra01:873769] [ 8] /opt/mpi/openmpi-4.1.4//lib/libmpi.so.40(ompi_group_incl_plist+0x65)[0x7f4d902cc915]
[hydra12:353659] [ 9] /opt/mpi/openmpi-4.1.4//lib/libmpi.so.40(PMPI_Group_incl+0x95)[0x7f3267fd7185]
[hydra08:375586] [10] /home/thesis/jheld/MPI_Syrk_implementation/build/src/MPI_SYRK_implementation(+0x841a)[0x5628f62f541a]
[hydra08:375586] [11] /home/thesis/jheld/MPI_Syrk_implementation/build/src/MPI_SYRK_implementation(+0x2ab0)[0x5628f62efab0]
[hydra12:353659] [10] /home/thesis/jheld/MPI_Syrk_implementation/build/src/MPI_SYRK_implementation(+0x841a)[0x5615ec82341a]
[hydra12:353659] [11] /home/thesis/jheld/MPI_Syrk_implementation/build/src/MPI_SYRK_implementation(+0x2ab0)[0x5615ec81dab0]
[hydra08:375586] [12] /lib/x86_64-linux-gnu/libc.so.6(__libc_start_main+0xea)[0x7f38a9f3bd7a]
[hydra08:375586] [13] /home/thesis/jheld/MPI_Syrk_implementation/build/src/MPI_SYRK_implementation(+0x232a)[0x5628f62ef32a]
[hydra12:353659] [12] /lib/x86_64-linux-gnu/libc.so.6(__libc_start_main+0xea)[0x7f3266075d7a]
[hydra12:353659] [13] /home/thesis/jheld/MPI_Syrk_implementation/build/src/MPI_SYRK_implementation(+0x232a)[0x5615ec81d32a]
[hydra08:375586] *** End of error message ***
[hydra01:873769] [ 9] /opt/mpi/openmpi-4.1.4//lib/libmpi.so.40(PMPI_Group_incl+0x95)[0x7f4d902fd185]
[hydra01:873769] [10] /home/thesis/jheld/MPI_Syrk_implementation/build/src/MPI_SYRK_implementation(+0x841a)[0x56072911241a]
[hydra11:353630] [ 0] /lib/x86_64-linux-gnu/libc.so.6(+0x38de0)[0x7fb962fc3de0]
[hydra12:353659] *** End of error message ***
[hydra01:873769] [11] /home/thesis/jheld/MPI_Syrk_implementation/build/src/MPI_SYRK_implementation(+0x2ab0)[0x56072910cab0]
[hydra11:353630] [ 1] /lib/x86_64-linux-gnu/libc.so.6(gsignal+0x141)[0x7fb962fc3d61]
[hydra01:873769] [12] /lib/x86_64-linux-gnu/libc.so.6(__libc_start_main+0xea)[0x7f4d8e39bd7a]
[hydra01:873769] [13] /home/thesis/jheld/MPI_Syrk_implementation/build/src/MPI_SYRK_implementation(+0x232a)[0x56072910c32a]
[hydra01:873769] *** End of error message ***
[hydra11:353630] [ 2] /lib/x86_64-linux-gnu/libc.so.6(abort+0x123)[0x7fb962fad537]
malloc(): invalid size (unsorted)
[hydra11:353630] [ 3] /lib/x86_64-linux-gnu/libc.so.6(+0x7a468)[0x7fb963005468]
[hydra10:484648] *** Process received signal ***
[hydra11:353630] [ 4] /lib/x86_64-linux-gnu/libc.so.6(+0x8175a)[0x7fb96300c75a]
[hydra10:484648] Signal: Aborted (6)
[hydra10:484648] Signal code:  (-6)
[hydra11:353630] [ 5] /lib/x86_64-linux-gnu/libc.so.6(+0x8483c)[0x7fb96300f83c]
[hydra10:484648] [ 0] /lib/x86_64-linux-gnu/libc.so.6(+0x38de0)[0x7f998e557de0]
[hydra11:353630] [ 6] /lib/x86_64-linux-gnu/libc.so.6(__libc_calloc+0x81)[0x7fb963011bd1]
[hydra10:484648] [ 1] /lib/x86_64-linux-gnu/libc.so.6(gsignal+0x141)[0x7f998e557d61]
[hydra11:353630] [ 7] /opt/mpi/openmpi-4.1.4//lib/libmpi.so.40(ompi_group_allocate+0x17)[0x7fb964edf1e7]
[hydra10:484648] [ 2] /lib/x86_64-linux-gnu/libc.so.6(abort+0x123)[0x7f998e541537]
[hydra11:353630] [ 8] /opt/mpi/openmpi-4.1.4//lib/libmpi.so.40(ompi_group_incl_plist+0x65)[0x7fb964edf915]
[hydra10:484648] [ 3] /lib/x86_64-linux-gnu/libc.so.6(+0x7a468)[0x7f998e599468]
[hydra11:353630] [ 9] /opt/mpi/openmpi-4.1.4//lib/libmpi.so.40(PMPI_Group_incl+0x95)[0x7fb964f10185]
[hydra10:484648] [ 4] /lib/x86_64-linux-gnu/libc.so.6(+0x8175a)[0x7f998e5a075a]
[hydra11:353630] [10] /home/thesis/jheld/MPI_Syrk_implementation/build/src/MPI_SYRK_implementation(+0x841a)[0x5593f179141a]
[hydra11:353630] [11] /home/thesis/jheld/MPI_Syrk_implementation/build/src/MPI_SYRK_implementation(+0x2ab0)[0x5593f178bab0]
[hydra02:559204] Signal: Aborted (6)
[hydra02:559204] Signal code:  (-6)
[hydra10:484648] [ 5] /lib/x86_64-linux-gnu/libc.so.6(+0x8483c)[0x7f998e5a383c]
[hydra02:559204] [ 0] /lib/x86_64-linux-gnu/libc.so.6(+0x38de0)[0x7f3acebebde0]
[hydra10:484648] [ 6] /lib/x86_64-linux-gnu/libc.so.6(__libc_calloc+0x81)[0x7f998e5a5bd1]
[hydra11:353630] [12] /lib/x86_64-linux-gnu/libc.so.6(__libc_start_main+0xea)[0x7fb962faed7a]
[hydra11:353630] [13] /home/thesis/jheld/MPI_Syrk_implementation/build/src/MPI_SYRK_implementation(+0x232a)[0x5593f178b32a]
[hydra02:559204] [ 1] /lib/x86_64-linux-gnu/libc.so.6(gsignal+0x141)[0x7f3acebebd61]
[hydra10:484648] [ 7] /opt/mpi/openmpi-4.1.4//lib/libmpi.so.40(ompi_group_allocate+0x17)[0x7f99904731e7]
[hydra11:353630] *** End of error message ***
[hydra02:559204] [ 2] /lib/x86_64-linux-gnu/libc.so.6(abort+0x123)[0x7f3acebd5537]
[hydra10:484648] [ 8] /opt/mpi/openmpi-4.1.4//lib/libmpi.so.40(ompi_group_incl_plist+0x65)[0x7f9990473915]
[hydra02:559204] [ 3] /lib/x86_64-linux-gnu/libc.so.6(+0x7a468)[0x7f3acec2d468]
[hydra10:484648] [ 9] /opt/mpi/openmpi-4.1.4//lib/libmpi.so.40(PMPI_Group_incl+0x95)[0x7f99904a4185]
[hydra02:559204] [ 4] /lib/x86_64-linux-gnu/libc.so.6(+0x8175a)[0x7f3acec3475a]
[hydra10:484648] [10] /home/thesis/jheld/MPI_Syrk_implementation/build/src/MPI_SYRK_implementation(+0x841a)[0x55dea176c41a]
[hydra02:559204] [ 5] /lib/x86_64-linux-gnu/libc.so.6(+0x8483c)[0x7f3acec3783c]
[hydra10:484648] [11] /home/thesis/jheld/MPI_Syrk_implementation/build/src/MPI_SYRK_implementation(+0x2ab0)[0x55dea1766ab0]
[hydra02:559204] [ 6] /lib/x86_64-linux-gnu/libc.so.6(__libc_calloc+0x81)[0x7f3acec39bd1]
[hydra10:484648] [12] /lib/x86_64-linux-gnu/libc.so.6(__libc_start_main+0xea)[0x7f998e542d7a]
[hydra10:484648] [13] /home/thesis/jheld/MPI_Syrk_implementation/build/src/MPI_SYRK_implementation(+0x232a)[0x55dea176632a]
[hydra02:559204] [ 7] /opt/mpi/openmpi-4.1.4//lib/libmpi.so.40(ompi_group_allocate+0x17)[0x7f3ad0b071e7]
[hydra10:484648] *** End of error message ***
[hydra02:559204] [ 8] /opt/mpi/openmpi-4.1.4//lib/libmpi.so.40(ompi_group_incl_plist+0x65)[0x7f3ad0b07915]
[hydra02:559204] [ 9] /opt/mpi/openmpi-4.1.4//lib/libmpi.so.40(PMPI_Group_incl+0x95)[0x7f3ad0b38185]
[hydra02:559204] [10] /home/thesis/jheld/MPI_Syrk_implementation/build/src/MPI_SYRK_implementation(+0x841a)[0x55a15bcb041a]
[hydra02:559204] [11] /home/thesis/jheld/MPI_Syrk_implementation/build/src/MPI_SYRK_implementation(+0x2ab0)[0x55a15bcaaab0]
[hydra02:559204] [12] /lib/x86_64-linux-gnu/libc.so.6(__libc_start_main+0xea)[0x7f3acebd6d7a]
[hydra02:559204] [13] /home/thesis/jheld/MPI_Syrk_implementation/build/src/MPI_SYRK_implementation(+0x232a)[0x55a15bcaa32a]
[hydra02:559204] *** End of error message ***
malloc(): invalid size (unsorted)
[hydra07:400309] *** Process received signal ***
[hydra07:400309] Signal: Aborted (6)
[hydra07:400309] Signal code:  (-6)
[hydra07:400309] [ 0] /lib/x86_64-linux-gnu/libc.so.6(+0x38de0)[0x7f16f8d57de0]
[hydra07:400309] [ 1] /lib/x86_64-linux-gnu/libc.so.6(gsignal+0x141)[0x7f16f8d57d61]
[hydra07:400309] [ 2] /lib/x86_64-linux-gnu/libc.so.6(abort+0x123)[0x7f16f8d41537]
[hydra07:400309] [ 3] /lib/x86_64-linux-gnu/libc.so.6(+0x7a468)[0x7f16f8d99468]
[hydra07:400309] [ 4] /lib/x86_64-linux-gnu/libc.so.6(+0x8175a)[0x7f16f8da075a]
[hydra07:400309] [ 5] /lib/x86_64-linux-gnu/libc.so.6(+0x8483c)[0x7f16f8da383c]
[hydra07:400309] [ 6] /lib/x86_64-linux-gnu/libc.so.6(__libc_calloc+0x81)[0x7f16f8da5bd1]
[hydra07:400309] [ 7] /opt/mpi/openmpi-4.1.4//lib/libmpi.so.40(ompi_group_allocate+0x17)[0x7f16fac731e7]
[hydra07:400309] [ 8] /opt/mpi/openmpi-4.1.4//lib/libmpi.so.40(ompi_group_incl_plist+0x65)[0x7f16fac73915]
[hydra07:400309] [ 9] /opt/mpi/openmpi-4.1.4//lib/libmpi.so.40(PMPI_Group_incl+0x95)[0x7f16faca4185]
[hydra07:400309] [10] /home/thesis/jheld/MPI_Syrk_implementation/build/src/MPI_SYRK_implementation(+0x841a)[0x5648b4bbc41a]
[hydra07:400309] [11] /home/thesis/jheld/MPI_Syrk_implementation/build/src/MPI_SYRK_implementation(+0x2ab0)[0x5648b4bb6ab0]
[hydra07:400309] [12] /lib/x86_64-linux-gnu/libc.so.6(__libc_start_main+0xea)[0x7f16f8d42d7a]
[hydra07:400309] [13] /home/thesis/jheld/MPI_Syrk_implementation/build/src/MPI_SYRK_implementation(+0x232a)[0x5648b4bb632a]
[hydra07:400309] *** End of error message ***
srun: error: hydra06: task 17: Aborted
srun: error: hydra05: task 12: Aborted
srun: error: hydra03: task 6: Aborted
srun: error: hydra09: task 25: Aborted
srun: error: hydra08: task 23: Aborted
srun: error: hydra04: task 9: Aborted
srun: error: hydra12: task 35: Aborted
srun: error: hydra01: task 2: Aborted
srun: error: hydra02: task 3: Aborted
srun: error: hydra11: tasks 30,32: Aborted
srun: error: hydra10: tasks 28-29: Aborted
srun: error: hydra07: tasks 19-20: Aborted
slurmstepd: error:  mpi/pmix_v4: _errhandler: hydra04 [3]: pmixp_client_v2.c:211: Error handler invoked: status = -61, source = [slurm.pmix.5008690.11:9]
slurmstepd: error:  mpi/pmix_v4: _errhandler: hydra09 [8]: pmixp_client_v2.c:211: Error handler invoked: status = -61, source = [slurm.pmix.5008690.11:25]
slurmstepd: error:  mpi/pmix_v4: _errhandler: hydra05 [4]: pmixp_client_v2.c:211: Error handler invoked: status = -61, source = [slurm.pmix.5008690.11:12]
slurmstepd: error:  mpi/pmix_v4: _errhandler: hydra06 [5]: pmixp_client_v2.c:211: Error handler invoked: status = -61, source = [slurm.pmix.5008690.11:17]
slurmstepd: error:  mpi/pmix_v4: _errhandler: hydra08 [7]: pmixp_client_v2.c:211: Error handler invoked: status = -61, source = [slurm.pmix.5008690.11:23]
slurmstepd: error:  mpi/pmix_v4: _errhandler: hydra12 [11]: pmixp_client_v2.c:211: Error handler invoked: status = -61, source = [slurm.pmix.5008690.11:35]
slurmstepd: error:  mpi/pmix_v4: _errhandler: hydra02 [1]: pmixp_client_v2.c:211: Error handler invoked: status = -61, source = [slurm.pmix.5008690.11:3]
slurmstepd: error:  mpi/pmix_v4: _errhandler: hydra01 [0]: pmixp_client_v2.c:211: Error handler invoked: status = -61, source = [slurm.pmix.5008690.11:2]
slurmstepd: error:  mpi/pmix_v4: _errhandler: hydra10 [9]: pmixp_client_v2.c:211: Error handler invoked: status = -61, source = [slurm.pmix.5008690.11:28]
slurmstepd: error:  mpi/pmix_v4: _errhandler: hydra07 [6]: pmixp_client_v2.c:211: Error handler invoked: status = -61, source = [slurm.pmix.5008690.11:19]
slurmstepd: error:  mpi/pmix_v4: _errhandler: hydra11 [10]: pmixp_client_v2.c:211: Error handler invoked: status = -61, source = [slurm.pmix.5008690.11:32]
slurmstepd: error:  mpi/pmix_v4: _errhandler: hydra03 [2]: pmixp_client_v2.c:211: Error handler invoked: status = -61, source = [slurm.pmix.5008690.11:6]
slurmstepd: error: *** STEP 5008690.11 ON hydra01 CANCELLED AT 2025-10-13T15:25:59 ***
srun: Job step aborted: Waiting up to 32 seconds for job step to finish.
srun: error: hydra07: task 18: Killed
srun: error: hydra10: task 27: Killed
srun: error: hydra11: task 31: Killed
srun: error: hydra06: tasks 15-16: Killed
srun: error: hydra12: tasks 33-34: Killed
srun: error: hydra04: tasks 10-11: Killed
srun: error: hydra01: tasks 0-1: Killed
srun: error: hydra03: tasks 7-8: Killed
srun: error: hydra08: tasks 21-22: Killed
srun: error: hydra05: tasks 13-14: Killed
srun: error: hydra09: tasks 24,26: Killed
srun: error: hydra02: tasks 4-5: Killed
⚠️ Warning: No runtime found for run 12
srun: Warning: can't honor --ntasks-per-node set to 1 which doesn't match the requested tasks 36 with the number of requested nodes 12. Ignoring --ntasks-per-node.
missing input file name --> Generate random input
malloc(): invalid size (unsorted)
[hydra11:353703] *** Process received signal ***
malloc(): invalid size (unsorted)
[hydra01:873866] *** Process received signal ***
[hydra01:873866] Signal: Aborted (6)
[hydra01:873866] Signal code:  (-6)
[hydra01:873866] [ 0] /lib/x86_64-linux-gnu/libc.so.6(+0x38de0)[0x7f0debf67de0]
[hydra01:873866] [ 1] /lib/x86_64-linux-gnu/libc.so.6(gsignal+0x141)[0x7f0debf67d61]
[hydra01:873866] [ 2] /lib/x86_64-linux-gnu/libc.so.6(abort+0x123)[0x7f0debf51537]
[hydra01:873866] [ 3] /lib/x86_64-linux-gnu/libc.so.6(+0x7a468)[0x7f0debfa9468]
[hydra01:873866] [ 4] /lib/x86_64-linux-gnu/libc.so.6(+0x8175a)[0x7f0debfb075a]
[hydra11:353703] Signal: Aborted (6)
[hydra11:353703] Signal code:  (-6)
[hydra11:353703] [ 0] /lib/x86_64-linux-gnu/libc.so.6(+0x38de0)[0x7f44553cade0]
[hydra11:353703] [ 1] /lib/x86_64-linux-gnu/libc.so.6(gsignal+0x141)[0x7f44553cad61]
[hydra01:873866] [ 5] /lib/x86_64-linux-gnu/libc.so.6(+0x8483c)[0x7f0debfb383c]
[hydra11:353703] [ 2] /lib/x86_64-linux-gnu/libc.so.6(abort+0x123)[0x7f44553b4537]
[hydra11:353703] [ 3] /lib/x86_64-linux-gnu/libc.so.6(+0x7a468)[0x7f445540c468]
[hydra11:353703] [ 4] /lib/x86_64-linux-gnu/libc.so.6(+0x8175a)[0x7f445541375a]
[hydra01:873866] [ 6] /lib/x86_64-linux-gnu/libc.so.6(__libc_calloc+0x81)[0x7f0debfb5bd1]
[hydra11:353703] [ 5] /lib/x86_64-linux-gnu/libc.so.6(+0x8483c)[0x7f445541683c]
[hydra11:353703] [ 6] /lib/x86_64-linux-gnu/libc.so.6(__libc_calloc+0x81)[0x7f4455418bd1]
[hydra01:873866] [ 7] /opt/mpi/openmpi-4.1.4//lib/libmpi.so.40(ompi_group_allocate+0x17)[0x7f0dede831e7]
[hydra11:353703] [ 7] /opt/mpi/openmpi-4.1.4//lib/libmpi.so.40(ompi_group_allocate+0x17)[0x7f44572e61e7]
[hydra11:353703] [ 8] /opt/mpi/openmpi-4.1.4//lib/libmpi.so.40(ompi_group_incl_plist+0x65)[0x7f44572e6915]
[hydra01:873866] [ 8] /opt/mpi/openmpi-4.1.4//lib/libmpi.so.40(ompi_group_incl_plist+0x65)[0x7f0dede83915]
[hydra11:353703] [ 9] /opt/mpi/openmpi-4.1.4//lib/libmpi.so.40(PMPI_Group_incl+0x95)[0x7f4457317185]
[hydra11:353703] [10] /home/thesis/jheld/MPI_Syrk_implementation/build/src/MPI_SYRK_implementation(+0x841a)[0x555c99e3341a]
[hydra11:353703] [11] /home/thesis/jheld/MPI_Syrk_implementation/build/src/MPI_SYRK_implementation(+0x2ab0)[0x555c99e2dab0]
[hydra11:353703] [12] /lib/x86_64-linux-gnu/libc.so.6(__libc_start_main+0xea)[0x7f44553b5d7a]
[hydra11:353703] [13] /home/thesis/jheld/MPI_Syrk_implementation/build/src/MPI_SYRK_implementation(+0x232a)[0x555c99e2d32a]
[hydra11:353703] *** End of error message ***
[hydra01:873866] [ 9] /opt/mpi/openmpi-4.1.4//lib/libmpi.so.40(PMPI_Group_incl+0x95)[0x7f0dedeb4185]
[hydra01:873866] [10] /home/thesis/jheld/MPI_Syrk_implementation/build/src/MPI_SYRK_implementation(+0x841a)[0x55d58892741a]
[hydra01:873866] [11] /home/thesis/jheld/MPI_Syrk_implementation/build/src/MPI_SYRK_implementation(+0x2ab0)[0x55d588921ab0]
[hydra01:873866] [12] /lib/x86_64-linux-gnu/libc.so.6(__libc_start_main+0xea)[0x7f0debf52d7a]
[hydra01:873866] [13] /home/thesis/jheld/MPI_Syrk_implementation/build/src/MPI_SYRK_implementation(+0x232a)[0x55d58892132a]
[hydra01:873866] *** End of error message ***
malloc(): invalid size (unsorted)
[hydra02:559291] *** Process received signal ***
malloc(): invalid size (unsorted)
[hydra04:389378] *** Process received signal ***
malloc(): invalid size (unsorted)
[hydra05:373300] *** Process received signal ***
[hydra04:389378] Signal: Aborted (6)
[hydra04:389378] Signal code:  (-6)
[hydra04:389378] [ 0] /lib/x86_64-linux-gnu/libc.so.6(+0x38de0)[0x7f51fbe9fde0]
[hydra04:389378] [ 1] /lib/x86_64-linux-gnu/libc.so.6(gsignal+0x141)[0x7f51fbe9fd61]
[hydra04:389378] [ 2] /lib/x86_64-linux-gnu/libc.so.6(abort+0x123)[0x7f51fbe89537]
[hydra04:389378] [ 3] /lib/x86_64-linux-gnu/libc.so.6(+0x7a468)[0x7f51fbee1468]
malloc(): invalid size (unsorted)
malloc(): invalid size (unsorted)
[hydra03:390594] *** Process received signal ***
[hydra04:389378] [ 4] /lib/x86_64-linux-gnu/libc.so.6(+0x8175a)[0x7f51fbee875a]
[hydra04:389378] [ 5] /lib/x86_64-linux-gnu/libc.so.6(+0x8483c)[0x7f51fbeeb83c]
[hydra03:390594] Signal: Aborted (6)
[hydra03:390594] Signal code:  (-6)
[hydra04:389378] [ 6] /lib/x86_64-linux-gnu/libc.so.6(__libc_calloc+0x81)[0x7f51fbeedbd1]
[hydra04:389378] [ 7] /opt/mpi/openmpi-4.1.4//lib/libmpi.so.40(ompi_group_allocate+0x17)[0x7f51fddbb1e7]
[hydra04:389378] [ 8] /opt/mpi/openmpi-4.1.4//lib/libmpi.so.40(ompi_group_incl_plist+0x65)[0x7f51fddbb915]
[hydra04:389378] [ 9] /opt/mpi/openmpi-4.1.4//lib/libmpi.so.40(PMPI_Group_incl+0x95)[0x7f51fddec185]
[hydra02:559291] Signal: Aborted (6)
[hydra02:559291] Signal code:  (-6)
[hydra04:389378] [10] /home/thesis/jheld/MPI_Syrk_implementation/build/src/MPI_SYRK_implementation(+0x841a)[0x556b81b6f41a]
[hydra04:389378] [11] /home/thesis/jheld/MPI_Syrk_implementation/build/src/MPI_SYRK_implementation(+0x2ab0)[0x556b81b69ab0]
[hydra02:559291] [ 0] /lib/x86_64-linux-gnu/libc.so.6(+0x38de0)[0x7f2890c55de0]
[hydra04:389378] [12] /lib/x86_64-linux-gnu/libc.so.6(__libc_start_main+0xea)[0x7f51fbe8ad7a]
[hydra04:389378] [13] /home/thesis/jheld/MPI_Syrk_implementation/build/src/MPI_SYRK_implementation(+0x232a)[0x556b81b6932a]
malloc(): invalid size (unsorted)
[hydra04:389378] *** End of error message ***
[hydra03:390594] [ 0] /lib/x86_64-linux-gnu/libc.so.6(+0x38de0)[0x7fa36ae47de0]
[hydra02:559291] [ 1] /lib/x86_64-linux-gnu/libc.so.6(gsignal+0x141)[0x7f2890c55d61]
[hydra05:373300] Signal: Aborted (6)
[hydra05:373300] Signal code:  (-6)
[hydra02:559291] [ 2] /lib/x86_64-linux-gnu/libc.so.6(abort+0x123)[0x7f2890c3f537]
[hydra05:373300] [ 0] /lib/x86_64-linux-gnu/libc.so.6(+0x38de0)[0x7fa11ae5fde0]
[hydra03:390594] [ 1] /lib/x86_64-linux-gnu/libc.so.6(gsignal+0x141)[0x7fa36ae47d61]
[hydra02:559290] *** Process received signal ***
[hydra05:373300] [ 1] /lib/x86_64-linux-gnu/libc.so.6(gsignal+0x141)[0x7fa11ae5fd61]
[hydra02:559290] Signal: Aborted (6)
[hydra02:559290] Signal code:  (-6)
[hydra05:373300] [ 2] /lib/x86_64-linux-gnu/libc.so.6(abort+0x123)[0x7fa11ae49537]
[hydra02:559291] [ 3] /lib/x86_64-linux-gnu/libc.so.6(+0x7a468)[0x7f2890c97468]
[hydra05:373300] [ 3] /lib/x86_64-linux-gnu/libc.so.6(+0x7a468)[0x7fa11aea1468]
[hydra03:390594] [ 2] /lib/x86_64-linux-gnu/libc.so.6(abort+0x123)[0x7fa36ae31537]
[hydra02:559291] [ 4] /lib/x86_64-linux-gnu/libc.so.6(+0x8175a)[0x7f2890c9e75a]
[hydra05:373300] [ 4] /lib/x86_64-linux-gnu/libc.so.6(+0x8175a)[0x7fa11aea875a]
[hydra02:559291] [ 5] /lib/x86_64-linux-gnu/libc.so.6(+0x8483c)[0x7f2890ca183c]
[hydra05:373300] [ 5] /lib/x86_64-linux-gnu/libc.so.6(+0x8483c)[0x7fa11aeab83c]
[hydra02:559291] [ 6] /lib/x86_64-linux-gnu/libc.so.6(__libc_calloc+0x81)[0x7f2890ca3bd1]
[hydra05:373300] [ 6] /lib/x86_64-linux-gnu/libc.so.6(__libc_calloc+0x81)[0x7fa11aeadbd1]
[hydra03:390594] [ 3] /lib/x86_64-linux-gnu/libc.so.6(+0x7a468)[0x7fa36ae89468]
[hydra02:559291] [ 7] /opt/mpi/openmpi-4.1.4//lib/libmpi.so.40(ompi_group_allocate+0x17)[0x7f2892b711e7]
[hydra05:373300] [ 7] /opt/mpi/openmpi-4.1.4//lib/libmpi.so.40(ompi_group_allocate+0x17)[0x7fa11cd7b1e7]
[hydra02:559291] [ 8] /opt/mpi/openmpi-4.1.4//lib/libmpi.so.40(ompi_group_incl_plist+0x65)[0x7f2892b71915]
[hydra05:373300] [ 8] /opt/mpi/openmpi-4.1.4//lib/libmpi.so.40(ompi_group_incl_plist+0x65)[0x7fa11cd7b915]
[hydra02:559291] [ 9] /opt/mpi/openmpi-4.1.4//lib/libmpi.so.40(PMPI_Group_incl+0x95)[0x7f2892ba2185]
[hydra05:373300] [ 9] /opt/mpi/openmpi-4.1.4//lib/libmpi.so.40(PMPI_Group_incl+0x95)[0x7fa11cdac185]
[hydra03:390594] [ 4] /lib/x86_64-linux-gnu/libc.so.6(+0x8175a)[0x7fa36ae9075a]
[hydra05:373300] [10] /home/thesis/jheld/MPI_Syrk_implementation/build/src/MPI_SYRK_implementation(+0x841a)[0x556b0a40041a]
[hydra05:373300] [11] /home/thesis/jheld/MPI_Syrk_implementation/build/src/MPI_SYRK_implementation(+0x2ab0)[0x556b0a3faab0]
malloc(): invalid size (unsorted)
[hydra07:400380] *** Process received signal ***
[hydra05:373300] [12] /lib/x86_64-linux-gnu/libc.so.6(__libc_start_main+0xea)[0x7fa11ae4ad7a]
[hydra05:373300] [13] /home/thesis/jheld/MPI_Syrk_implementation/build/src/MPI_SYRK_implementation(+0x232a)[0x556b0a3fa32a]
[hydra05:373300] *** End of error message ***
[hydra03:390594] [ 5] /lib/x86_64-linux-gnu/libc.so.6(+0x8483c)[0x7fa36ae9383c]
[hydra02:559291] [10] /home/thesis/jheld/MPI_Syrk_implementation/build/src/MPI_SYRK_implementation(+0x841a)[0x5648bb29a41a]
[hydra02:559291] [11] /home/thesis/jheld/MPI_Syrk_implementation/build/src/MPI_SYRK_implementation(+0x2ab0)[0x5648bb294ab0]
[hydra02:559291] [12] /lib/x86_64-linux-gnu/libc.so.6(__libc_start_main+0xea)[0x7f2890c40d7a]
[hydra02:559291] [13] /home/thesis/jheld/MPI_Syrk_implementation/build/src/MPI_SYRK_implementation(+0x232a)[0x5648bb29432a]
[hydra02:559291] *** End of error message ***
malloc(): invalid size (unsorted)
[hydra02:559290] [ 0] /lib/x86_64-linux-gnu/libc.so.6(+0x38de0)[0x7f89e0c37de0]
[hydra03:390594] [ 6] /lib/x86_64-linux-gnu/libc.so.6(__libc_calloc+0x81)[0x7fa36ae95bd1]
[hydra02:559289] *** Process received signal ***
[hydra03:390594] [ 7] /opt/mpi/openmpi-4.1.4//lib/libmpi.so.40(ompi_group_allocate+0x17)[0x7fa36cd631e7]
[hydra02:559290] [ 1] /lib/x86_64-linux-gnu/libc.so.6(gsignal+0x141)[0x7f89e0c37d61]
[hydra02:559289] Signal: Aborted (6)
[hydra02:559289] Signal code:  (-6)
[hydra03:390594] [ 8] /opt/mpi/openmpi-4.1.4//lib/libmpi.so.40(ompi_group_incl_plist+0x65)[0x7fa36cd63915]
[hydra12:353730] *** Process received signal ***
[hydra12:353730] Signal: Aborted (6)
[hydra12:353730] Signal code:  (-6)
[hydra03:390594] [ 9] /opt/mpi/openmpi-4.1.4//lib/libmpi.so.40(PMPI_Group_incl+0x95)[0x7fa36cd94185]
[hydra12:353730] [ 0] /lib/x86_64-linux-gnu/libc.so.6(+0x38de0)[0x7f4c2279dde0]
[hydra03:390594] [10] /home/thesis/jheld/MPI_Syrk_implementation/build/src/MPI_SYRK_implementation(+0x841a)[0x55cb6d10d41a]
[hydra03:390594] [11] /home/thesis/jheld/MPI_Syrk_implementation/build/src/MPI_SYRK_implementation(+0x2ab0)[0x55cb6d107ab0]
[hydra12:353730] [ 1] /lib/x86_64-linux-gnu/libc.so.6(gsignal+0x141)[0x7f4c2279dd61]
[hydra12:353730] [ 2] /lib/x86_64-linux-gnu/libc.so.6(abort+0x123)[0x7f4c22787537]
malloc(): invalid size (unsorted)
[hydra03:390594] [12] /lib/x86_64-linux-gnu/libc.so.6(__libc_start_main+0xea)[0x7fa36ae32d7a]
[hydra03:390594] [13] /home/thesis/jheld/MPI_Syrk_implementation/build/src/MPI_SYRK_implementation(+0x232a)[0x55cb6d10732a]
[hydra12:353730] [ 3] /lib/x86_64-linux-gnu/libc.so.6(+0x7a468)[0x7f4c227df468]
[hydra02:559290] [ 2] /lib/x86_64-linux-gnu/libc.so.6(abort+0x123)[0x7f89e0c21537]
[hydra03:390594] *** End of error message ***
[hydra12:353730] [ 4] /lib/x86_64-linux-gnu/libc.so.6(+0x8175a)[0x7f4c227e675a]
[hydra02:559290] [ 3] /lib/x86_64-linux-gnu/libc.so.6(+0x7a468)[0x7f89e0c79468]
[hydra12:353730] [ 5] /lib/x86_64-linux-gnu/libc.so.6(+0x8483c)[0x7f4c227e983c]
[hydra02:559290] [ 4] /lib/x86_64-linux-gnu/libc.so.6(+0x8175a)[0x7f89e0c8075a]
[hydra02:559290] [ 5] /lib/x86_64-linux-gnu/libc.so.6(+0x8483c)[0x7f89e0c8383c]
[hydra02:559290] [ 6] /lib/x86_64-linux-gnu/libc.so.6(__libc_calloc+0x81)[0x7f89e0c85bd1]
[hydra12:353730] [ 6] /lib/x86_64-linux-gnu/libc.so.6(__libc_calloc+0x81)[0x7f4c227ebbd1]
[hydra02:559289] [ 0] /lib/x86_64-linux-gnu/libc.so.6(+0x38de0)[0x7fb84e311de0]
[hydra02:559289] [ 1] /lib/x86_64-linux-gnu/libc.so.6(gsignal+0x141)[0x7fb84e311d61]
[hydra12:353730] [ 7] /opt/mpi/openmpi-4.1.4//lib/libmpi.so.40(ompi_group_allocate+0x17)[0x7f4c246b91e7]
[hydra02:559290] [ 7] /opt/mpi/openmpi-4.1.4//lib/libmpi.so.40(ompi_group_allocate+0x17)[0x7f89e2b531e7]
[hydra02:559290] [ 8] /opt/mpi/openmpi-4.1.4//lib/libmpi.so.40(ompi_group_incl_plist+0x65)[0x7f89e2b53915]
[hydra10:484724] *** Process received signal ***
[hydra10:484724] Signal: Aborted (6)
[hydra10:484724] Signal code:  (-6)
[hydra12:353730] [ 8] /opt/mpi/openmpi-4.1.4//lib/libmpi.so.40(ompi_group_incl_plist+0x65)[0x7f4c246b9915]
[hydra02:559289] [ 2] /lib/x86_64-linux-gnu/libc.so.6(abort+0x123)[0x7fb84e2fb537]
[hydra12:353730] [ 9] /opt/mpi/openmpi-4.1.4//lib/libmpi.so.40(PMPI_Group_incl+0x95)[0x7f4c246ea185]
[hydra02:559290] [ 9] /opt/mpi/openmpi-4.1.4//lib/libmpi.so.40(PMPI_Group_incl+0x95)[0x7f89e2b84185]
[hydra02:559290] [10] /home/thesis/jheld/MPI_Syrk_implementation/build/src/MPI_SYRK_implementation(+0x841a)[0x55b4c78a541a]
[hydra10:484724] [ 0] /lib/x86_64-linux-gnu/libc.so.6(+0x38de0)[0x7f8670df7de0]
[hydra12:353730] [10] /home/thesis/jheld/MPI_Syrk_implementation/build/src/MPI_SYRK_implementation(+0x841a)[0x5604880b341a]
[hydra02:559289] [ 3] /lib/x86_64-linux-gnu/libc.so.6(+0x7a468)[0x7fb84e353468]
[hydra12:353730] [11] /home/thesis/jheld/MPI_Syrk_implementation/build/src/MPI_SYRK_implementation(+0x2ab0)[0x5604880adab0]
[hydra02:559290] [11] /home/thesis/jheld/MPI_Syrk_implementation/build/src/MPI_SYRK_implementation(+0x2ab0)[0x55b4c789fab0]
[hydra12:353730] [12] /lib/x86_64-linux-gnu/libc.so.6(__libc_start_main+0xea)[0x7f4c22788d7a]
[hydra12:353730] [13] /home/thesis/jheld/MPI_Syrk_implementation/build/src/MPI_SYRK_implementation(+0x232a)[0x5604880ad32a]
[hydra02:559290] [12] /lib/x86_64-linux-gnu/libc.so.6(__libc_start_main+0xea)[0x7f89e0c22d7a]
[hydra02:559290] [13] /home/thesis/jheld/MPI_Syrk_implementation/build/src/MPI_SYRK_implementation(+0x232a)[0x55b4c789f32a]
[hydra10:484724] [ 1] /lib/x86_64-linux-gnu/libc.so.6(gsignal+0x141)[0x7f8670df7d61]
[hydra12:353730] *** End of error message ***
[hydra02:559289] [ 4] /lib/x86_64-linux-gnu/libc.so.6(+0x8175a)[0x7fb84e35a75a]
[hydra10:484724] [ 2] /lib/x86_64-linux-gnu/libc.so.6(abort+0x123)[0x7f8670de1537]
[hydra02:559290] *** End of error message ***
[hydra02:559289] [ 5] /lib/x86_64-linux-gnu/libc.so.6(+0x8483c)[0x7fb84e35d83c]
[hydra02:559289] [ 6] /lib/x86_64-linux-gnu/libc.so.6(__libc_calloc+0x81)[0x7fb84e35fbd1]
[hydra10:484724] [ 3] /lib/x86_64-linux-gnu/libc.so.6(+0x7a468)[0x7f8670e39468]
[hydra02:559289] [ 7] /opt/mpi/openmpi-4.1.4//lib/libmpi.so.40(ompi_group_allocate+0x17)[0x7fb85022d1e7]
[hydra02:559289] [ 8] /opt/mpi/openmpi-4.1.4//lib/libmpi.so.40(ompi_group_incl_plist+0x65)[0x7fb85022d915]
malloc(): invalid size (unsorted)
[hydra01:873868] *** Process received signal ***
[hydra10:484724] [ 4] /lib/x86_64-linux-gnu/libc.so.6(+0x8175a)[0x7f8670e4075a]
[hydra01:873868] Signal: Aborted (6)
[hydra01:873868] Signal code:  (-6)
[hydra10:484724] [ 5] /lib/x86_64-linux-gnu/libc.so.6(+0x8483c)[0x7f8670e4383c]
[hydra10:484724] [ 6] /lib/x86_64-linux-gnu/libc.so.6(__libc_calloc+0x81)[0x7f8670e45bd1]
malloc(): invalid size (unsorted)
[hydra09:366987] *** Process received signal ***
[hydra10:484724] [ 7] /opt/mpi/openmpi-4.1.4//lib/libmpi.so.40(ompi_group_allocate+0x17)[0x7f8672d131e7]
[hydra10:484724] [ 8] /opt/mpi/openmpi-4.1.4//lib/libmpi.so.40(ompi_group_incl_plist+0x65)[0x7f8672d13915]
[hydra07:400380] Signal: Aborted (6)
[hydra07:400380] Signal code:  (-6)
malloc(): invalid size (unsorted)
[hydra07:400381] *** Process received signal ***
[hydra07:400380] [ 0] /lib/x86_64-linux-gnu/libc.so.6(+0x38de0)[0x7f3b22141de0]
[hydra07:400380] [ 1] /lib/x86_64-linux-gnu/libc.so.6(gsignal+0x141)[0x7f3b22141d61]
malloc(): invalid size (unsorted)
[hydra06:373997] *** Process received signal ***
[hydra10:484724] [ 9] /opt/mpi/openmpi-4.1.4//lib/libmpi.so.40(PMPI_Group_incl+0x95)[0x7f8672d44185]
[hydra07:400381] Signal: Aborted (6)
[hydra07:400381] Signal code:  (-6)
[hydra10:484724] [10] /home/thesis/jheld/MPI_Syrk_implementation/build/src/MPI_SYRK_implementation(+0x841a)[0x556e9939a41a]
[hydra10:484724] [11] /home/thesis/jheld/MPI_Syrk_implementation/build/src/MPI_SYRK_implementation(+0x2ab0)[0x556e99394ab0]
[hydra07:400380] [ 2] /lib/x86_64-linux-gnu/libc.so.6(abort+0x123)[0x7f3b2212b537]
[hydra10:484724] [12] /lib/x86_64-linux-gnu/libc.so.6(__libc_start_main+0xea)[0x7f8670de2d7a]
[hydra10:484724] [13] /home/thesis/jheld/MPI_Syrk_implementation/build/src/MPI_SYRK_implementation(+0x232a)[0x556e9939432a]
[hydra07:400380] [ 3] /lib/x86_64-linux-gnu/libc.so.6(+0x7a468)[0x7f3b22183468]
[hydra10:484724] *** End of error message ***
[hydra07:400380] [ 4] /lib/x86_64-linux-gnu/libc.so.6(+0x8175a)[0x7f3b2218a75a]
[hydra07:400380] [ 5] /lib/x86_64-linux-gnu/libc.so.6(+0x8483c)[0x7f3b2218d83c]
[hydra01:873868] [ 0] /lib/x86_64-linux-gnu/libc.so.6(+0x38de0)[0x7f6060239de0]
malloc(): invalid size (unsorted)
[hydra08:375658] *** Process received signal ***
[hydra07:400380] [ 6] /lib/x86_64-linux-gnu/libc.so.6(__libc_calloc+0x81)[0x7f3b2218fbd1]
[hydra01:873868] [ 1] /lib/x86_64-linux-gnu/libc.so.6(gsignal+0x141)[0x7f6060239d61]
[hydra07:400380] [ 7] /opt/mpi/openmpi-4.1.4//lib/libmpi.so.40(ompi_group_allocate+0x17)[0x7f3b2405d1e7]
[hydra01:873868] [ 2] /lib/x86_64-linux-gnu/libc.so.6(abort+0x123)[0x7f6060223537]
[hydra07:400380] [ 8] /opt/mpi/openmpi-4.1.4//lib/libmpi.so.40(ompi_group_incl_plist+0x65)[0x7f3b2405d915]
[hydra07:400380] [ 9] /opt/mpi/openmpi-4.1.4//lib/libmpi.so.40(PMPI_Group_incl+0x95)[0x7f3b2408e185]
[hydra01:873868] [ 3] /lib/x86_64-linux-gnu/libc.so.6(+0x7a468)[0x7f606027b468]
[hydra07:400381] [ 0] /lib/x86_64-linux-gnu/libc.so.6(+0x38de0)[0x7faaa0725de0]
[hydra07:400380] [10] /home/thesis/jheld/MPI_Syrk_implementation/build/src/MPI_SYRK_implementation(+0x841a)[0x562aa206341a]
[hydra07:400380] [11] /home/thesis/jheld/MPI_Syrk_implementation/build/src/MPI_SYRK_implementation(+0x2ab0)[0x562aa205dab0]
[hydra07:400381] [ 1] /lib/x86_64-linux-gnu/libc.so.6(gsignal+0x141)[0x7faaa0725d61]
[hydra07:400381] [ 2] /lib/x86_64-linux-gnu/libc.so.6(abort+0x123)[0x7faaa070f537]
[hydra01:873868] [ 4] /lib/x86_64-linux-gnu/libc.so.6(+0x8175a)[0x7f606028275a]
[hydra07:400380] [12] /lib/x86_64-linux-gnu/libc.so.6(__libc_start_main+0xea)[0x7f3b2212cd7a]
[hydra07:400380] [13] /home/thesis/jheld/MPI_Syrk_implementation/build/src/MPI_SYRK_implementation(+0x232a)[0x562aa205d32a]
[hydra07:400380] *** End of error message ***
malloc(): invalid size (unsorted)
[hydra07:400381] [ 3] /lib/x86_64-linux-gnu/libc.so.6(+0x7a468)[0x7faaa0767468]
[hydra11:353702] *** Process received signal ***
[hydra07:400381] [ 4] /lib/x86_64-linux-gnu/libc.so.6(+0x8175a)[0x7faaa076e75a]
[hydra11:353702] Signal: Aborted (6)
[hydra11:353702] Signal code:  (-6)
[hydra01:873868] [ 5] /lib/x86_64-linux-gnu/libc.so.6(+0x8483c)[0x7f606028583c]
[hydra07:400381] [ 5] /lib/x86_64-linux-gnu/libc.so.6(+0x8483c)[0x7faaa077183c]
[hydra11:353702] [ 0] /lib/x86_64-linux-gnu/libc.so.6(+0x38de0)[0x7f0c9e107de0]
[hydra01:873868] [ 6] /lib/x86_64-linux-gnu/libc.so.6(__libc_calloc+0x81)[0x7f6060287bd1]
[hydra11:353702] [ 1] /lib/x86_64-linux-gnu/libc.so.6(gsignal+0x141)[0x7f0c9e107d61]
[hydra11:353702] [ 2] /lib/x86_64-linux-gnu/libc.so.6(abort+0x123)[0x7f0c9e0f1537]
[hydra01:873868] [ 7] /opt/mpi/openmpi-4.1.4//lib/libmpi.so.40(ompi_group_allocate+0x17)[0x7f60621551e7]
[hydra11:353702] [ 3] /lib/x86_64-linux-gnu/libc.so.6(+0x7a468)[0x7f0c9e149468]
[hydra01:873868] [ 8] /opt/mpi/openmpi-4.1.4//lib/libmpi.so.40(ompi_group_incl_plist+0x65)[0x7f6062155915]
[hydra09:366987] Signal: Aborted (6)
[hydra09:366987] Signal code:  (-6)
[hydra11:353702] [ 4] /lib/x86_64-linux-gnu/libc.so.6(+0x8175a)[0x7f0c9e15075a]
[hydra09:366987] [ 0] /lib/x86_64-linux-gnu/libc.so.6(+0x38de0)[0x7f75b318ede0]
[hydra11:353702] [ 5] /lib/x86_64-linux-gnu/libc.so.6(+0x8483c)[0x7f0c9e15383c]
malloc(): invalid size (unsorted)
[hydra11:353702] [ 6] /lib/x86_64-linux-gnu/libc.so.6(__libc_calloc+0x81)[0x7f0c9e155bd1]
[hydra01:873868] [ 9] /opt/mpi/openmpi-4.1.4//lib/libmpi.so.40(PMPI_Group_incl+0x95)[0x7f6062186185]
[hydra01:873868] [10] /home/thesis/jheld/MPI_Syrk_implementation/build/src/MPI_SYRK_implementation(+0x841a)[0x5576464fd41a]
[hydra09:366987] [ 1] /lib/x86_64-linux-gnu/libc.so.6(gsignal+0x141)[0x7f75b318ed61]
[hydra09:366987] [ 2] /lib/x86_64-linux-gnu/libc.so.6(abort+0x123)[0x7f75b3178537]
[hydra11:353702] [ 7] /opt/mpi/openmpi-4.1.4//lib/libmpi.so.40(ompi_group_allocate+0x17)[0x7f0ca00231e7]
[hydra01:873868] [11] /home/thesis/jheld/MPI_Syrk_implementation/build/src/MPI_SYRK_implementation(+0x2ab0)[0x5576464f7ab0]
[hydra09:366988] *** Process received signal ***
[hydra09:366988] Signal: Aborted (6)
[hydra09:366988] Signal code:  (-6)
[hydra11:353702] [ 8] /opt/mpi/openmpi-4.1.4//lib/libmpi.so.40(ompi_group_incl_plist+0x65)[0x7f0ca0023915]
[hydra01:873868] [12] /lib/x86_64-linux-gnu/libc.so.6(__libc_start_main+0xea)[0x7f6060224d7a]
[hydra09:366987] [ 3] /lib/x86_64-linux-gnu/libc.so.6(+0x7a468)[0x7f75b31d0468]
[hydra11:353702] [ 9] /opt/mpi/openmpi-4.1.4//lib/libmpi.so.40(PMPI_Group_incl+0x95)[0x7f0ca0054185]
[hydra01:873868] [13] /home/thesis/jheld/MPI_Syrk_implementation/build/src/MPI_SYRK_implementation(+0x232a)[0x5576464f732a]
[hydra01:873868] *** End of error message ***
[hydra09:366987] [ 4] /lib/x86_64-linux-gnu/libc.so.6(+0x8175a)[0x7f75b31d775a]
[hydra06:373997] Signal: Aborted (6)
[hydra06:373997] Signal code:  (-6)
[hydra11:353702] [10] /home/thesis/jheld/MPI_Syrk_implementation/build/src/MPI_SYRK_implementation(+0x841a)[0x564cd35f241a]
[hydra11:353702] [11] /home/thesis/jheld/MPI_Syrk_implementation/build/src/MPI_SYRK_implementation(+0x2ab0)[0x564cd35ecab0]
[hydra09:366987] [ 5] /lib/x86_64-linux-gnu/libc.so.6(+0x8483c)[0x7f75b31da83c]
[hydra06:373997] [ 0] /lib/x86_64-linux-gnu/libc.so.6(+0x38de0)[0x7fba62978de0]
[hydra11:353702] [12] /lib/x86_64-linux-gnu/libc.so.6(__libc_start_main+0xea)[0x7f0c9e0f2d7a]
[hydra09:366987] [ 6] /lib/x86_64-linux-gnu/libc.so.6(__libc_calloc+0x81)[0x7f75b31dcbd1]
[hydra06:373997] [ 1] /lib/x86_64-linux-gnu/libc.so.6(gsignal+0x141)[0x7fba62978d61]
[hydra11:353702] [13] /home/thesis/jheld/MPI_Syrk_implementation/build/src/MPI_SYRK_implementation(+0x232a)[0x564cd35ec32a]
[hydra11:353702] *** End of error message ***
[hydra09:366987] [ 7] /opt/mpi/openmpi-4.1.4//lib/libmpi.so.40(ompi_group_allocate+0x17)[0x7f75b50aa1e7]
[hydra06:373997] [ 2] /lib/x86_64-linux-gnu/libc.so.6(abort+0x123)[0x7fba62962537]
[hydra09:366987] [ 8] /opt/mpi/openmpi-4.1.4//lib/libmpi.so.40(ompi_group_incl_plist+0x65)[0x7f75b50aa915]
[hydra06:373997] [ 3] /lib/x86_64-linux-gnu/libc.so.6(+0x7a468)[0x7fba629ba468]
[hydra09:366988] [ 0] /lib/x86_64-linux-gnu/libc.so.6(+0x38de0)[0x7f12805fade0]
[hydra06:373997] [ 4] /lib/x86_64-linux-gnu/libc.so.6(+0x8175a)[0x7fba629c175a]
[hydra09:366987] [ 9] /opt/mpi/openmpi-4.1.4//lib/libmpi.so.40(PMPI_Group_incl+0x95)[0x7f75b50db185]
[hydra09:366987] [10] /home/thesis/jheld/MPI_Syrk_implementation/build/src/MPI_SYRK_implementation(+0x841a)[0x55989785041a]
[hydra06:373997] [ 5] /lib/x86_64-linux-gnu/libc.so.6(+0x8483c)[0x7fba629c483c]
[hydra09:366988] [ 1] /lib/x86_64-linux-gnu/libc.so.6(gsignal+0x141)[0x7f12805fad61]
[hydra06:373997] [ 6] /lib/x86_64-linux-gnu/libc.so.6(__libc_calloc+0x81)[0x7fba629c6bd1]
[hydra08:375658] Signal: Aborted (6)
[hydra08:375658] Signal code:  (-6)
[hydra09:366987] [11] /home/thesis/jheld/MPI_Syrk_implementation/build/src/MPI_SYRK_implementation(+0x2ab0)[0x55989784aab0]
[hydra06:373997] [ 7] /opt/mpi/openmpi-4.1.4//lib/libmpi.so.40(ompi_group_allocate+0x17)[0x7fba648941e7]
[hydra08:375658] [ 0] /lib/x86_64-linux-gnu/libc.so.6(+0x38de0)[0x7f76123f2de0]
[hydra09:366988] [ 2] /lib/x86_64-linux-gnu/libc.so.6(abort+0x123)[0x7f12805e4537]
[hydra06:373997] [ 8] /opt/mpi/openmpi-4.1.4//lib/libmpi.so.40(ompi_group_incl_plist+0x65)[0x7fba64894915]
[hydra08:375658] [ 1] /lib/x86_64-linux-gnu/libc.so.6(gsignal+0x141)[0x7f76123f2d61]
[hydra09:366987] [12] /lib/x86_64-linux-gnu/libc.so.6(__libc_start_main+0xea)[0x7f75b3179d7a]
[hydra09:366987] [13] /home/thesis/jheld/MPI_Syrk_implementation/build/src/MPI_SYRK_implementation(+0x232a)[0x55989784a32a]
[hydra09:366987] *** End of error message ***
[hydra06:373997] [ 9] /opt/mpi/openmpi-4.1.4//lib/libmpi.so.40(PMPI_Group_incl+0x95)[0x7fba648c5185]
[hydra08:375658] [ 2] /lib/x86_64-linux-gnu/libc.so.6(abort+0x123)[0x7f76123dc537]
[hydra09:366988] [ 3] /lib/x86_64-linux-gnu/libc.so.6(+0x7a468)[0x7f128063c468]
[hydra06:373997] [10] /home/thesis/jheld/MPI_Syrk_implementation/build/src/MPI_SYRK_implementation(+0x841a)[0x55a931dee41a]
[hydra06:373997] [11] /home/thesis/jheld/MPI_Syrk_implementation/build/src/MPI_SYRK_implementation(+0x2ab0)[0x55a931de8ab0]
[hydra08:375658] [ 3] /lib/x86_64-linux-gnu/libc.so.6(+0x7a468)[0x7f7612434468]
[hydra09:366988] [ 4] /lib/x86_64-linux-gnu/libc.so.6(+0x8175a)[0x7f128064375a]
[hydra06:373997] [12] /lib/x86_64-linux-gnu/libc.so.6(__libc_start_main+0xea)[0x7fba62963d7a]
[hydra06:373997] [13] /home/thesis/jheld/MPI_Syrk_implementation/build/src/MPI_SYRK_implementation(+0x232a)[0x55a931de832a]
[hydra08:375658] [ 4] /lib/x86_64-linux-gnu/libc.so.6(+0x8175a)[0x7f761243b75a]
[hydra06:373997] *** End of error message ***
[hydra08:375658] [ 5] /lib/x86_64-linux-gnu/libc.so.6(+0x8483c)[0x7f761243e83c]
[hydra08:375658] [ 6] /lib/x86_64-linux-gnu/libc.so.6(__libc_calloc+0x81)[0x7f7612440bd1]
[hydra08:375658] [ 7] /opt/mpi/openmpi-4.1.4//lib/libmpi.so.40(ompi_group_allocate+0x17)[0x7f761430e1e7]
[hydra08:375658] [ 8] /opt/mpi/openmpi-4.1.4//lib/libmpi.so.40(ompi_group_incl_plist+0x65)[0x7f761430e915]
[hydra08:375658] [ 9] /opt/mpi/openmpi-4.1.4//lib/libmpi.so.40(PMPI_Group_incl+0x95)[0x7f761433f185]
[hydra08:375658] [10] /home/thesis/jheld/MPI_Syrk_implementation/build/src/MPI_SYRK_implementation(+0x841a)[0x55f71167141a]
[hydra08:375658] [11] /home/thesis/jheld/MPI_Syrk_implementation/build/src/MPI_SYRK_implementation(+0x2ab0)[0x55f71166bab0]
[hydra08:375658] [12] /lib/x86_64-linux-gnu/libc.so.6(__libc_start_main+0xea)[0x7f76123ddd7a]
[hydra08:375658] [13] /home/thesis/jheld/MPI_Syrk_implementation/build/src/MPI_SYRK_implementation(+0x232a)[0x55f71166b32a]
[hydra08:375658] *** End of error message ***
[hydra07:400381] [ 6] /lib/x86_64-linux-gnu/libc.so.6(__libc_calloc+0x81)[0x7faaa0773bd1]
[hydra07:400381] [ 7] /opt/mpi/openmpi-4.1.4//lib/libmpi.so.40(ompi_group_allocate+0x17)[0x7faaa26411e7]
[hydra07:400381] [ 8] /opt/mpi/openmpi-4.1.4//lib/libmpi.so.40(ompi_group_incl_plist+0x65)[0x7faaa2641915]
[hydra09:366988] [ 5] /lib/x86_64-linux-gnu/libc.so.6(+0x8483c)[0x7f128064683c]
[hydra07:400381] [ 9] /opt/mpi/openmpi-4.1.4//lib/libmpi.so.40(PMPI_Group_incl+0x95)[0x7faaa2672185]
[hydra02:559289] [ 9] /opt/mpi/openmpi-4.1.4//lib/libmpi.so.40(PMPI_Group_incl+0x95)[0x7fb85025e185]
[hydra02:559289] [10] /home/thesis/jheld/MPI_Syrk_implementation/build/src/MPI_SYRK_implementation(+0x841a)[0x56141148841a]
[hydra02:559289] [11] /home/thesis/jheld/MPI_Syrk_implementation/build/src/MPI_SYRK_implementation(+0x2ab0)[0x561411482ab0]
[hydra09:366988] [ 6] /lib/x86_64-linux-gnu/libc.so.6(__libc_calloc+0x81)[0x7f1280648bd1]
[hydra07:400381] [10] /home/thesis/jheld/MPI_Syrk_implementation/build/src/MPI_SYRK_implementation(+0x841a)[0x55dcba1bc41a]
[hydra07:400381] [11] /home/thesis/jheld/MPI_Syrk_implementation/build/src/MPI_SYRK_implementation(+0x2ab0)[0x55dcba1b6ab0]
[hydra02:559289] [12] /lib/x86_64-linux-gnu/libc.so.6(__libc_start_main+0xea)[0x7fb84e2fcd7a]
[hydra02:559289] [13] /home/thesis/jheld/MPI_Syrk_implementation/build/src/MPI_SYRK_implementation(+0x232a)[0x56141148232a]
[hydra09:366988] [ 7] /opt/mpi/openmpi-4.1.4//lib/libmpi.so.40(ompi_group_allocate+0x17)[0x7f12825161e7]
[hydra07:400381] [12] /lib/x86_64-linux-gnu/libc.so.6(__libc_start_main+0xea)[0x7faaa0710d7a]
[hydra07:400381] [13] /home/thesis/jheld/MPI_Syrk_implementation/build/src/MPI_SYRK_implementation(+0x232a)[0x55dcba1b632a]
[hydra02:559289] *** End of error message ***
[hydra09:366988] [ 8] /opt/mpi/openmpi-4.1.4//lib/libmpi.so.40(ompi_group_incl_plist+0x65)[0x7f1282516915]
[hydra07:400381] *** End of error message ***
[hydra09:366988] [ 9] /opt/mpi/openmpi-4.1.4//lib/libmpi.so.40(PMPI_Group_incl+0x95)[0x7f1282547185]
[hydra09:366988] [10] /home/thesis/jheld/MPI_Syrk_implementation/build/src/MPI_SYRK_implementation(+0x841a)[0x561fcf74e41a]
[hydra09:366988] [11] /home/thesis/jheld/MPI_Syrk_implementation/build/src/MPI_SYRK_implementation(+0x2ab0)[0x561fcf748ab0]
[hydra09:366988] [12] /lib/x86_64-linux-gnu/libc.so.6(__libc_start_main+0xea)[0x7f12805e5d7a]
[hydra09:366988] [13] /home/thesis/jheld/MPI_Syrk_implementation/build/src/MPI_SYRK_implementation(+0x232a)[0x561fcf74832a]
[hydra09:366988] *** End of error message ***
srun: error: hydra04: task 11: Aborted
srun: error: hydra03: task 6: Aborted
srun: error: hydra12: task 35: Aborted
srun: error: hydra05: task 13: Aborted
srun: error: hydra06: task 15: Aborted
srun: error: hydra08: task 23: Aborted
srun: error: hydra10: task 29: Aborted
srun: error: hydra07: tasks 18-19: Aborted
srun: error: hydra09: tasks 24-25: Aborted
srun: error: hydra11: tasks 31-32: Aborted
srun: error: hydra01: tasks 0,2: Aborted
srun: error: hydra02: tasks 3-5: Aborted
slurmstepd: error:  mpi/pmix_v4: _errhandler: hydra08 [7]: pmixp_client_v2.c:211: Error handler invoked: status = -61, source = [slurm.pmix.5008690.12:23]
slurmstepd: error:  mpi/pmix_v4: _errhandler: hydra05 [4]: pmixp_client_v2.c:211: Error handler invoked: status = -61, source = [slurm.pmix.5008690.12:13]
slurmstepd: error:  mpi/pmix_v4: _errhandler: hydra04 [3]: pmixp_client_v2.c:211: Error handler invoked: status = -61, source = [slurm.pmix.5008690.12:11]
slurmstepd: error:  mpi/pmix_v4: _errhandler: hydra12 [11]: pmixp_client_v2.c:211: Error handler invoked: status = -61, source = [slurm.pmix.5008690.12:35]
slurmstepd: error:  mpi/pmix_v4: _errhandler: hydra10 [9]: pmixp_client_v2.c:211: Error handler invoked: status = -61, source = [slurm.pmix.5008690.12:29]
slurmstepd: error: *** STEP 5008690.12 ON hydra01 CANCELLED AT 2025-10-13T15:26:10 ***
slurmstepd: error:  mpi/pmix_v4: _errhandler: hydra06 [5]: pmixp_client_v2.c:211: Error handler invoked: status = -61, source = [slurm.pmix.5008690.12:15]
slurmstepd: error:  mpi/pmix_v4: _errhandler: hydra03 [2]: pmixp_client_v2.c:211: Error handler invoked: status = -61, source = [slurm.pmix.5008690.12:6]
slurmstepd: error:  mpi/pmix_v4: _errhandler: hydra11 [10]: pmixp_client_v2.c:211: Error handler invoked: status = -61, source = [slurm.pmix.5008690.12:32]
slurmstepd: error:  mpi/pmix_v4: _errhandler: hydra09 [8]: pmixp_client_v2.c:211: Error handler invoked: status = -61, source = [slurm.pmix.5008690.12:24]
srun: Job step aborted: Waiting up to 32 seconds for job step to finish.
slurmstepd: error:  mpi/pmix_v4: _errhandler: hydra01 [0]: pmixp_client_v2.c:211: Error handler invoked: status = -61, source = [slurm.pmix.5008690.12:2]
slurmstepd: error:  mpi/pmix_v4: _errhandler: hydra07 [6]: pmixp_client_v2.c:211: Error handler invoked: status = -61, source = [slurm.pmix.5008690.12:18]
srun: error: hydra11: task 30: Killed
srun: error: hydra09: task 26: Killed
srun: error: hydra01: task 1: Killed
srun: error: hydra07: task 20: Killed
srun: error: hydra03: tasks 7-8: Killed
srun: error: hydra12: tasks 33-34: Killed
srun: error: hydra10: tasks 27-28: Killed
srun: error: hydra05: tasks 12,14: Killed
srun: error: hydra08: tasks 21-22: Killed
srun: error: hydra06: tasks 16-17: Killed
srun: error: hydra04: tasks 9-10: Killed
⚠️ Warning: No runtime found for run 13
srun: Warning: can't honor --ntasks-per-node set to 1 which doesn't match the requested tasks 36 with the number of requested nodes 12. Ignoring --ntasks-per-node.
missing input file name --> Generate random input
malloc(): invalid size (unsorted)
[hydra04:389450] *** Process received signal ***
malloc(): invalid size (unsorted)
[hydra03:390668] *** Process received signal ***
[hydra04:389450] Signal: Aborted (6)
[hydra04:389450] Signal code:  (-6)
[hydra03:390668] Signal: Aborted (6)
[hydra03:390668] Signal code:  (-6)
[hydra04:389450] [ 0] /lib/x86_64-linux-gnu/libc.so.6(+0x38de0)[0x7f141c76cde0]
[hydra03:390668] [ 0] /lib/x86_64-linux-gnu/libc.so.6(+0x38de0)[0x7fb890677de0]
[hydra04:389450] [ 1] /lib/x86_64-linux-gnu/libc.so.6(gsignal+0x141)[0x7f141c76cd61]
[hydra03:390668] [ 1] /lib/x86_64-linux-gnu/libc.so.6(gsignal+0x141)[0x7fb890677d61]
[hydra04:389450] [ 2] /lib/x86_64-linux-gnu/libc.so.6(abort+0x123)[0x7f141c756537]
[hydra04:389450] [ 3] /lib/x86_64-linux-gnu/libc.so.6(+0x7a468)[0x7f141c7ae468]
[hydra03:390668] [ 2] /lib/x86_64-linux-gnu/libc.so.6(abort+0x123)[0x7fb890661537]
[hydra04:389450] [ 4] /lib/x86_64-linux-gnu/libc.so.6(+0x8175a)[0x7f141c7b575a]
[hydra03:390668] [ 3] /lib/x86_64-linux-gnu/libc.so.6(+0x7a468)[0x7fb8906b9468]
malloc(): invalid size (unsorted)
[hydra03:390668] [ 4] /lib/x86_64-linux-gnu/libc.so.6(+0x8175a)[0x7fb8906c075a]
[hydra04:389450] [ 5] /lib/x86_64-linux-gnu/libc.so.6(+0x8483c)[0x7f141c7b883c]
[hydra01:873965] *** Process received signal ***
[hydra01:873965] Signal: Aborted (6)
[hydra01:873965] Signal code:  (-6)
[hydra04:389450] [ 6] /lib/x86_64-linux-gnu/libc.so.6(__libc_calloc+0x81)[0x7f141c7babd1]
[hydra03:390668] [ 5] /lib/x86_64-linux-gnu/libc.so.6(+0x8483c)[0x7fb8906c383c]
[hydra04:389450] [ 7] /opt/mpi/openmpi-4.1.4//lib/libmpi.so.40(ompi_group_allocate+0x17)[0x7f141e6881e7]
malloc(): invalid size (unsorted)
[hydra04:389450] [ 8] /opt/mpi/openmpi-4.1.4//lib/libmpi.so.40(ompi_group_incl_plist+0x65)[0x7f141e688915]
[hydra03:390668] [ 6] /lib/x86_64-linux-gnu/libc.so.6(__libc_calloc+0x81)[0x7fb8906c5bd1]
malloc(): invalid size (unsorted)
[hydra11:353773] *** Process received signal ***
[hydra03:390668] [ 7] /opt/mpi/openmpi-4.1.4//lib/libmpi.so.40(ompi_group_allocate+0x17)[0x7fb8925931e7]
[hydra03:390668] [ 8] /opt/mpi/openmpi-4.1.4//lib/libmpi.so.40(ompi_group_incl_plist+0x65)[0x7fb892593915]
[hydra04:389450] [ 9] /opt/mpi/openmpi-4.1.4//lib/libmpi.so.40(PMPI_Group_incl+0x95)[0x7f141e6b9185]
[hydra04:389450] [10] /home/thesis/jheld/MPI_Syrk_implementation/build/src/MPI_SYRK_implementation(+0x841a)[0x55aa4018941a]
[hydra04:389450] [11] /home/thesis/jheld/MPI_Syrk_implementation/build/src/MPI_SYRK_implementation(+0x2ab0)[0x55aa40183ab0]
[hydra04:389450] [12] /lib/x86_64-linux-gnu/libc.so.6(__libc_start_main+0xea)[0x7f141c757d7a]
[hydra03:390668] [ 9] /opt/mpi/openmpi-4.1.4//lib/libmpi.so.40(PMPI_Group_incl+0x95)[0x7fb8925c4185]
[hydra04:389450] [13] /home/thesis/jheld/MPI_Syrk_implementation/build/src/MPI_SYRK_implementation(+0x232a)[0x55aa4018332a]
[hydra04:389450] *** End of error message ***
[hydra11:353773] Signal: Aborted (6)
[hydra11:353773] Signal code:  (-6)
[hydra03:390668] [10] /home/thesis/jheld/MPI_Syrk_implementation/build/src/MPI_SYRK_implementation(+0x841a)[0x555cd27c041a]
[hydra03:390668] [11] /home/thesis/jheld/MPI_Syrk_implementation/build/src/MPI_SYRK_implementation(+0x2ab0)[0x555cd27baab0]
[hydra03:390668] [12] /lib/x86_64-linux-gnu/libc.so.6(__libc_start_main+0xea)[0x7fb890662d7a]
[hydra03:390668] [13] /home/thesis/jheld/MPI_Syrk_implementation/build/src/MPI_SYRK_implementation(+0x232a)[0x555cd27ba32a]
[hydra01:873965] [ 0] /lib/x86_64-linux-gnu/libc.so.6(+0x38de0)[0x7fd9854dcde0]
[hydra11:353773] [ 0] /lib/x86_64-linux-gnu/libc.so.6(+0x38de0)[0x7fce1f427de0]
[hydra03:390668] *** End of error message ***
malloc(): invalid size (unsorted)
[hydra01:873965] [ 1] /lib/x86_64-linux-gnu/libc.so.6(gsignal+0x141)[0x7fd9854dcd61]
[hydra01:873965] [ 2] /lib/x86_64-linux-gnu/libc.so.6(abort+0x123)[0x7fd9854c6537]
[hydra11:353773] [ 1] /lib/x86_64-linux-gnu/libc.so.6(gsignal+0x141)[0x7fce1f427d61]
[hydra11:353773] [ 2] /lib/x86_64-linux-gnu/libc.so.6(abort+0x123)[0x7fce1f411537]
[hydra01:873965] [ 3] /lib/x86_64-linux-gnu/libc.so.6(+0x7a468)[0x7fd98551e468]
[hydra11:353773] [ 3] /lib/x86_64-linux-gnu/libc.so.6(+0x7a468)[0x7fce1f469468]
[hydra01:873965] [ 4] /lib/x86_64-linux-gnu/libc.so.6(+0x8175a)[0x7fd98552575a]
[hydra01:873965] [ 5] /lib/x86_64-linux-gnu/libc.so.6(+0x8483c)[0x7fd98552883c]
[hydra11:353773] [ 4] /lib/x86_64-linux-gnu/libc.so.6(+0x8175a)[0x7fce1f47075a]
malloc(): invalid size (unsorted)
[hydra12:353799] *** Process received signal ***
[hydra01:873965] [ 6] /lib/x86_64-linux-gnu/libc.so.6(__libc_calloc+0x81)[0x7fd98552abd1]
[hydra01:873965] [ 7] /opt/mpi/openmpi-4.1.4//lib/libmpi.so.40(ompi_group_allocate+0x17)[0x7fd9873f81e7]
[hydra01:873965] [ 8] /opt/mpi/openmpi-4.1.4//lib/libmpi.so.40(ompi_group_incl_plist+0x65)[0x7fd9873f8915]
malloc(): invalid size (unsorted)
[hydra10:484797] *** Process received signal ***
[hydra11:353773] [ 5] /lib/x86_64-linux-gnu/libc.so.6(+0x8483c)[0x7fce1f47383c]
[hydra11:353773] [ 6] /lib/x86_64-linux-gnu/libc.so.6(__libc_calloc+0x81)[0x7fce1f475bd1]
[hydra11:353773] [ 7] /opt/mpi/openmpi-4.1.4//lib/libmpi.so.40(ompi_group_allocate+0x17)[0x7fce213431e7]
malloc(): invalid size (unsorted)
[hydra01:873965] [ 9] /opt/mpi/openmpi-4.1.4//lib/libmpi.so.40(PMPI_Group_incl+0x95)[0x7fd987429185]
[hydra01:873965] [10] /home/thesis/jheld/MPI_Syrk_implementation/build/src/MPI_SYRK_implementation(+0x841a)[0x5611a032141a]
[hydra01:873965] [11] /home/thesis/jheld/MPI_Syrk_implementation/build/src/MPI_SYRK_implementation(+0x2ab0)[0x5611a031bab0]
malloc(): invalid size (unsorted)
[hydra11:353775] *** Process received signal ***
[hydra11:353775] Signal: Aborted (6)
[hydra11:353775] Signal code:  (-6)
[hydra01:873965] [12] /lib/x86_64-linux-gnu/libc.so.6(__libc_start_main+0xea)[0x7fd9854c7d7a]
[hydra05:373374] *** Process received signal ***
[hydra01:873965] [13] /home/thesis/jheld/MPI_Syrk_implementation/build/src/MPI_SYRK_implementation(+0x232a)[0x5611a031b32a]
[hydra01:873965] *** End of error message ***
[hydra10:484797] Signal: Aborted (6)
[hydra10:484797] Signal code:  (-6)
[hydra05:373374] Signal: Aborted (6)
[hydra05:373374] Signal code:  (-6)
[hydra10:484797] [ 0] /lib/x86_64-linux-gnu/libc.so.6(+0x38de0)[0x7f703f960de0]
[hydra11:353773] [ 8] /opt/mpi/openmpi-4.1.4//lib/libmpi.so.40(ompi_group_incl_plist+0x65)[0x7fce21343915]
[hydra11:353773] [ 9] /opt/mpi/openmpi-4.1.4//lib/libmpi.so.40(PMPI_Group_incl+0x95)[0x7fce21374185]
[hydra07:400452] *** Process received signal ***
malloc(): invalid size (unsorted)
[hydra02:559375] *** Process received signal ***
[hydra02:559375] Signal: Aborted (6)
[hydra02:559375] Signal code:  (-6)
[hydra10:484797] [ 1] /lib/x86_64-linux-gnu/libc.so.6(gsignal+0x141)[0x7f703f960d61]
[hydra11:353773] [10] /home/thesis/jheld/MPI_Syrk_implementation/build/src/MPI_SYRK_implementation(+0x841a)[0x558e3f19541a]
[hydra11:353773] [11] /home/thesis/jheld/MPI_Syrk_implementation/build/src/MPI_SYRK_implementation(+0x2ab0)[0x558e3f18fab0]
[hydra11:353773] [12] /lib/x86_64-linux-gnu/libc.so.6(__libc_start_main+0xea)[0x7fce1f412d7a]
[hydra07:400452] Signal: Aborted (6)
[hydra07:400452] Signal code:  (-6)
[hydra10:484797] [ 2] /lib/x86_64-linux-gnu/libc.so.6(abort+0x123)[0x7f703f94a537]
[hydra11:353773] [13] /home/thesis/jheld/MPI_Syrk_implementation/build/src/MPI_SYRK_implementation(+0x232a)[0x558e3f18f32a]
[hydra11:353773] *** End of error message ***
[hydra07:400452] [ 0] /lib/x86_64-linux-gnu/libc.so.6(+0x38de0)[0x7f0ae999bde0]
[hydra07:400452] [ 1] /lib/x86_64-linux-gnu/libc.so.6(gsignal+0x141)[0x7f0ae999bd61]
[hydra10:484797] [ 3] /lib/x86_64-linux-gnu/libc.so.6(+0x7a468)[0x7f703f9a2468]
[hydra07:400452] [ 2] /lib/x86_64-linux-gnu/libc.so.6(abort+0x123)[0x7f0ae9985537]
[hydra07:400452] [ 3] /lib/x86_64-linux-gnu/libc.so.6(+0x7a468)[0x7f0ae99dd468]
[hydra05:373374] [ 0] /lib/x86_64-linux-gnu/libc.so.6(+0x38de0)[0x7f0183235de0]
[hydra07:400452] [ 4] /lib/x86_64-linux-gnu/libc.so.6(+0x8175a)[0x7f0ae99e475a]
[hydra10:484797] [ 4] /lib/x86_64-linux-gnu/libc.so.6(+0x8175a)[0x7f703f9a975a]
[hydra11:353775] [ 0] /lib/x86_64-linux-gnu/libc.so.6(+0x38de0)[0x7fb8a0608de0]
[hydra07:400452] [ 5] /lib/x86_64-linux-gnu/libc.so.6(+0x8483c)[0x7f0ae99e783c]
[hydra07:400452] [ 6] /lib/x86_64-linux-gnu/libc.so.6(__libc_calloc+0x81)[0x7f0ae99e9bd1]
malloc(): invalid size (unsorted)
[hydra01:873966] *** Process received signal ***
[hydra10:484797] [ 5] /lib/x86_64-linux-gnu/libc.so.6(+0x8483c)[0x7f703f9ac83c]
[hydra05:373374] [ 1] /lib/x86_64-linux-gnu/libc.so.6(gsignal+0x141)[0x7f0183235d61]
[hydra11:353775] [ 1] /lib/x86_64-linux-gnu/libc.so.6(gsignal+0x141)[0x7fb8a0608d61]
[hydra07:400452] [ 7] /opt/mpi/openmpi-4.1.4//lib/libmpi.so.40(ompi_group_allocate+0x17)[0x7f0aeb8b71e7]
[hydra01:873966] Signal: Aborted (6)
[hydra01:873966] Signal code:  (-6)
[hydra10:484797] [ 6] /lib/x86_64-linux-gnu/libc.so.6(__libc_calloc+0x81)[0x7f703f9aebd1]
[hydra05:373374] [ 2] /lib/x86_64-linux-gnu/libc.so.6(abort+0x123)[0x7f018321f537]
[hydra07:400452] [ 8] /opt/mpi/openmpi-4.1.4//lib/libmpi.so.40(ompi_group_incl_plist+0x65)[0x7f0aeb8b7915]
[hydra10:484797] [ 7] /opt/mpi/openmpi-4.1.4//lib/libmpi.so.40(ompi_group_allocate+0x17)[0x7f704187c1e7]
[hydra05:373374] [ 3] /lib/x86_64-linux-gnu/libc.so.6(+0x7a468)[0x7f0183277468]
[hydra06:374071] *** Process received signal ***
[hydra07:400452] [ 9] /opt/mpi/openmpi-4.1.4//lib/libmpi.so.40(PMPI_Group_incl+0x95)[0x7f0aeb8e8185]
[hydra11:353775] [ 2] /lib/x86_64-linux-gnu/libc.so.6(abort+0x123)[0x7fb8a05f2537]
[hydra06:374071] Signal: Aborted (6)
[hydra06:374071] Signal code:  (-6)
[hydra07:400452] [10] /home/thesis/jheld/MPI_Syrk_implementation/build/src/MPI_SYRK_implementation(+0x841a)[0x5644206e341a]
[hydra07:400452] [11] /home/thesis/jheld/MPI_Syrk_implementation/build/src/MPI_SYRK_implementation(+0x2ab0)[0x5644206ddab0]
[hydra10:484797] [ 8] /opt/mpi/openmpi-4.1.4//lib/libmpi.so.40(ompi_group_incl_plist+0x65)[0x7f704187c915]
[hydra05:373374] [ 4] /lib/x86_64-linux-gnu/libc.so.6(+0x8175a)[0x7f018327e75a]
malloc(): invalid size (unsorted)
[hydra06:374071] [ 0] /lib/x86_64-linux-gnu/libc.so.6(+0x38de0)[0x7f9935f04de0]
[hydra07:400452] [12] /lib/x86_64-linux-gnu/libc.so.6(__libc_start_main+0xea)[0x7f0ae9986d7a]
[hydra07:400452] [13] /home/thesis/jheld/MPI_Syrk_implementation/build/src/MPI_SYRK_implementation(+0x232a)[0x5644206dd32a]
[hydra05:373374] [ 5] /lib/x86_64-linux-gnu/libc.so.6(+0x8483c)[0x7f018328183c]
[hydra11:353775] [ 3] /lib/x86_64-linux-gnu/libc.so.6(+0x7a468)[0x7fb8a064a468]
[hydra06:374071] [ 1] /lib/x86_64-linux-gnu/libc.so.6(gsignal+0x141)[0x7f9935f04d61]
[hydra07:400452] *** End of error message ***
[hydra01:873966] [ 0] /lib/x86_64-linux-gnu/libc.so.6(+0x38de0)[0x7f78c154cde0]
[hydra10:484797] [ 9] /opt/mpi/openmpi-4.1.4//lib/libmpi.so.40(PMPI_Group_incl+0x95)[0x7f70418ad185]
[hydra05:373374] [ 6] /lib/x86_64-linux-gnu/libc.so.6(__libc_calloc+0x81)[0x7f0183283bd1]
[hydra11:353775] [ 4] /lib/x86_64-linux-gnu/libc.so.6(+0x8175a)[0x7fb8a065175a]
[hydra12:353799] Signal: Aborted (6)
[hydra12:353799] Signal code:  (-6)
[hydra06:374071] [ 2] /lib/x86_64-linux-gnu/libc.so.6(abort+0x123)[0x7f9935eee537]
[hydra01:873966] [ 1] /lib/x86_64-linux-gnu/libc.so.6(gsignal+0x141)[0x7f78c154cd61]
[hydra10:484797] [10] /home/thesis/jheld/MPI_Syrk_implementation/build/src/MPI_SYRK_implementation(+0x841a)[0x55cda1b7141a]
[hydra10:484797] [11] /home/thesis/jheld/MPI_Syrk_implementation/build/src/MPI_SYRK_implementation(+0x2ab0)[0x55cda1b6bab0]
[hydra05:373374] [ 7] /opt/mpi/openmpi-4.1.4//lib/libmpi.so.40(ompi_group_allocate+0x17)[0x7f01851511e7]
[hydra11:353775] [ 5] /lib/x86_64-linux-gnu/libc.so.6(+0x8483c)[0x7fb8a065483c]
malloc(): invalid size (unsorted)
[hydra08:375727] *** Process received signal ***
malloc(): invalid size (unsorted)
[hydra06:374071] [ 3] /lib/x86_64-linux-gnu/libc.so.6(+0x7a468)[0x7f9935f46468]
[hydra01:873966] [ 2] /lib/x86_64-linux-gnu/libc.so.6(abort+0x123)[0x7f78c1536537]
[hydra10:484797] [12] /lib/x86_64-linux-gnu/libc.so.6(__libc_start_main+0xea)[0x7f703f94bd7a]
[hydra10:484797] [13] /home/thesis/jheld/MPI_Syrk_implementation/build/src/MPI_SYRK_implementation(+0x232a)[0x55cda1b6b32a]
[hydra05:373374] [ 8] /opt/mpi/openmpi-4.1.4//lib/libmpi.so.40(ompi_group_incl_plist+0x65)[0x7f0185151915]
[hydra11:353775] [ 6] /lib/x86_64-linux-gnu/libc.so.6(__libc_calloc+0x81)[0x7fb8a0656bd1]
[hydra08:375727] Signal: Aborted (6)
[hydra08:375727] Signal code:  (-6)
[hydra12:353800] *** Process received signal ***
[hydra12:353800] Signal: Aborted (6)
[hydra12:353800] Signal code:  (-6)
[hydra06:374071] [ 4] /lib/x86_64-linux-gnu/libc.so.6(+0x8175a)[0x7f9935f4d75a]
[hydra01:873966] [ 3] /lib/x86_64-linux-gnu/libc.so.6(+0x7a468)[0x7f78c158e468]
[hydra10:484797] *** End of error message ***
[hydra05:373374] [ 9] /opt/mpi/openmpi-4.1.4//lib/libmpi.so.40(PMPI_Group_incl+0x95)[0x7f0185182185]
[hydra11:353775] [ 7] /opt/mpi/openmpi-4.1.4//lib/libmpi.so.40(ompi_group_allocate+0x17)[0x7fb8a25241e7]
[hydra12:353799] [ 0] /lib/x86_64-linux-gnu/libc.so.6(+0x38de0)[0x7f906a58cde0]
[hydra06:374071] [ 5] /lib/x86_64-linux-gnu/libc.so.6(+0x8483c)[0x7f9935f5083c]
[hydra01:873966] [ 4] /lib/x86_64-linux-gnu/libc.so.6(+0x8175a)[0x7f78c159575a]
[hydra05:373374] [10] /home/thesis/jheld/MPI_Syrk_implementation/build/src/MPI_SYRK_implementation(+0x841a)[0x5645105d541a]
[hydra11:353775] [ 8] /opt/mpi/openmpi-4.1.4//lib/libmpi.so.40(ompi_group_incl_plist+0x65)[0x7fb8a2524915]
[hydra12:353799] [ 1] /lib/x86_64-linux-gnu/libc.so.6(gsignal+0x141)[0x7f906a58cd61]
[hydra06:374071] [ 6] /lib/x86_64-linux-gnu/libc.so.6(__libc_calloc+0x81)[0x7f9935f52bd1]
[hydra01:873966] [ 5] /lib/x86_64-linux-gnu/libc.so.6(+0x8483c)[0x7f78c159883c]
[hydra05:373374] [11] /home/thesis/jheld/MPI_Syrk_implementation/build/src/MPI_SYRK_implementation(+0x2ab0)[0x5645105cfab0]
[hydra09:367059] *** Process received signal ***
[hydra11:353775] [ 9] /opt/mpi/openmpi-4.1.4//lib/libmpi.so.40(PMPI_Group_incl+0x95)[0x7fb8a2555185]
[hydra11:353775] [10] /home/thesis/jheld/MPI_Syrk_implementation/build/src/MPI_SYRK_implementation(+0x841a)[0x55c91fefd41a]
[hydra12:353799] [ 2] /lib/x86_64-linux-gnu/libc.so.6(abort+0x123)[0x7f906a576537]
[hydra12:353799] [ 3] /lib/x86_64-linux-gnu/libc.so.6(+0x7a468)[0x7f906a5ce468]
[hydra06:374071] [ 7] /opt/mpi/openmpi-4.1.4//lib/libmpi.so.40(ompi_group_allocate+0x17)[0x7f9937e201e7]
[hydra01:873966] [ 6] /lib/x86_64-linux-gnu/libc.so.6(__libc_calloc+0x81)[0x7f78c159abd1]
malloc(): invalid size (unsorted)
[hydra02:559376] *** Process received signal ***
[hydra05:373374] [12] /lib/x86_64-linux-gnu/libc.so.6(__libc_start_main+0xea)[0x7f0183220d7a]
[hydra09:367059] Signal: Aborted (6)
[hydra09:367059] Signal code:  (-6)
[hydra11:353775] [11] /home/thesis/jheld/MPI_Syrk_implementation/build/src/MPI_SYRK_implementation(+0x2ab0)[0x55c91fef7ab0]
[hydra12:353800] [ 0] /lib/x86_64-linux-gnu/libc.so.6(+0x38de0)[0x7fd6d7a4bde0]
[hydra12:353800] [ 1] /lib/x86_64-linux-gnu/libc.so.6(gsignal+0x141)[0x7fd6d7a4bd61]
[hydra06:374071] [ 8] /opt/mpi/openmpi-4.1.4//lib/libmpi.so.40(ompi_group_incl_plist+0x65)[0x7f9937e20915]
[hydra01:873966] [ 7] /opt/mpi/openmpi-4.1.4//lib/libmpi.so.40(ompi_group_allocate+0x17)[0x7f78c34681e7]
[hydra02:559376] Signal: Aborted (6)
[hydra02:559376] Signal code:  (-6)
[hydra05:373374] [13] /home/thesis/jheld/MPI_Syrk_implementation/build/src/MPI_SYRK_implementation(+0x232a)[0x5645105cf32a]
[hydra05:373374] *** End of error message ***
[hydra09:367059] [ 0] /lib/x86_64-linux-gnu/libc.so.6(+0x38de0)[0x7f624f622de0]
[hydra11:353775] [12] /lib/x86_64-linux-gnu/libc.so.6(__libc_start_main+0xea)[0x7fb8a05f3d7a]
[hydra12:353799] [ 4] /lib/x86_64-linux-gnu/libc.so.6(+0x8175a)[0x7f906a5d575a]
[hydra06:374071] [ 9] /opt/mpi/openmpi-4.1.4//lib/libmpi.so.40(PMPI_Group_incl+0x95)[0x7f9937e51185]
[hydra01:873966] [ 8] /opt/mpi/openmpi-4.1.4//lib/libmpi.so.40(ompi_group_incl_plist+0x65)[0x7f78c3468915]
[hydra02:559375] [ 0] /lib/x86_64-linux-gnu/libc.so.6(+0x38de0)[0x7f46e79cdde0]
[hydra09:367059] [ 1] /lib/x86_64-linux-gnu/libc.so.6(gsignal+0x141)[0x7f624f622d61]
[hydra11:353775] [13] /home/thesis/jheld/MPI_Syrk_implementation/build/src/MPI_SYRK_implementation(+0x232a)[0x55c91fef732a]
[hydra11:353775] *** End of error message ***
[hydra08:375727] [ 0] /lib/x86_64-linux-gnu/libc.so.6(+0x38de0)[0x7f1e6e0dbde0]
[hydra12:353800] [ 2] /lib/x86_64-linux-gnu/libc.so.6(abort+0x123)[0x7fd6d7a35537]
[hydra06:374071] [10] /home/thesis/jheld/MPI_Syrk_implementation/build/src/MPI_SYRK_implementation(+0x841a)[0x555f3981f41a]
[hydra01:873966] [ 9] /opt/mpi/openmpi-4.1.4//lib/libmpi.so.40(PMPI_Group_incl+0x95)[0x7f78c3499185]
[hydra02:559375] [ 1] /lib/x86_64-linux-gnu/libc.so.6(gsignal+0x141)[0x7f46e79cdd61]
[hydra09:367059] [ 2] /lib/x86_64-linux-gnu/libc.so.6(abort+0x123)[0x7f624f60c537]
[hydra08:375727] [ 1] /lib/x86_64-linux-gnu/libc.so.6(gsignal+0x141)[0x7f1e6e0dbd61]
[hydra12:353799] [ 5] /lib/x86_64-linux-gnu/libc.so.6(+0x8483c)[0x7f906a5d883c]
[hydra06:374071] [11] /home/thesis/jheld/MPI_Syrk_implementation/build/src/MPI_SYRK_implementation(+0x2ab0)[0x555f39819ab0]
[hydra01:873966] [10] /home/thesis/jheld/MPI_Syrk_implementation/build/src/MPI_SYRK_implementation(+0x841a)[0x562f869f041a]
[hydra01:873966] [11] /home/thesis/jheld/MPI_Syrk_implementation/build/src/MPI_SYRK_implementation(+0x2ab0)[0x562f869eaab0]
[hydra02:559375] [ 2] /lib/x86_64-linux-gnu/libc.so.6(abort+0x123)[0x7f46e79b7537]
[hydra09:367059] [ 3] /lib/x86_64-linux-gnu/libc.so.6(+0x7a468)[0x7f624f664468]
malloc(): invalid size (unsorted)
[hydra12:353800] [ 3] /lib/x86_64-linux-gnu/libc.so.6(+0x7a468)[0x7fd6d7a8d468]
[hydra06:374071] [12] /lib/x86_64-linux-gnu/libc.so.6(__libc_start_main+0xea)[0x7f9935eefd7a]
[hydra06:374071] [13] /home/thesis/jheld/MPI_Syrk_implementation/build/src/MPI_SYRK_implementation(+0x232a)[0x555f3981932a]
[hydra01:873966] [12] /lib/x86_64-linux-gnu/libc.so.6(__libc_start_main+0xea)[0x7f78c1537d7a]
[hydra02:559376] [ 0] /lib/x86_64-linux-gnu/libc.so.6(+0x38de0)[0x7f91e7bf0de0]
[hydra09:367059] [ 4] /lib/x86_64-linux-gnu/libc.so.6(+0x8175a)[0x7f624f66b75a]
[hydra08:375727] [ 2] /lib/x86_64-linux-gnu/libc.so.6(abort+0x123)[0x7f1e6e0c5537]
[hydra12:353799] [ 6] /lib/x86_64-linux-gnu/libc.so.6(__libc_calloc+0x81)[0x7f906a5dabd1]
[hydra06:374071] *** End of error message ***
[hydra01:873966] [13] /home/thesis/jheld/MPI_Syrk_implementation/build/src/MPI_SYRK_implementation(+0x232a)[0x562f869ea32a]
[hydra01:873966] *** End of error message ***
[hydra02:559375] [ 3] /lib/x86_64-linux-gnu/libc.so.6(+0x7a468)[0x7f46e7a0f468]
[hydra09:367059] [ 5] /lib/x86_64-linux-gnu/libc.so.6(+0x8483c)[0x7f624f66e83c]
[hydra08:375727] [ 3] /lib/x86_64-linux-gnu/libc.so.6(+0x7a468)[0x7f1e6e11d468]
[hydra12:353800] [ 4] /lib/x86_64-linux-gnu/libc.so.6(+0x8175a)[0x7fd6d7a9475a]
[hydra02:559376] [ 1] /lib/x86_64-linux-gnu/libc.so.6(gsignal+0x141)[0x7f91e7bf0d61]
[hydra09:367059] [ 6] /lib/x86_64-linux-gnu/libc.so.6(__libc_calloc+0x81)[0x7f624f670bd1]
[hydra08:375728] *** Process received signal ***
[hydra12:353799] [ 7] /opt/mpi/openmpi-4.1.4//lib/libmpi.so.40(ompi_group_allocate+0x17)[0x7f906c4a81e7]
[hydra02:559376] [ 2] /lib/x86_64-linux-gnu/libc.so.6(abort+0x123)[0x7f91e7bda537]
[hydra09:367059] [ 7] /opt/mpi/openmpi-4.1.4//lib/libmpi.so.40(ompi_group_allocate+0x17)[0x7f625153e1e7]
[hydra08:375728] Signal: Aborted (6)
[hydra08:375728] Signal code:  (-6)
[hydra12:353799] [ 8] /opt/mpi/openmpi-4.1.4//lib/libmpi.so.40(ompi_group_incl_plist+0x65)[0x7f906c4a8915]
[hydra02:559375] [ 4] /lib/x86_64-linux-gnu/libc.so.6(+0x8175a)[0x7f46e7a1675a]
[hydra09:367059] [ 8] /opt/mpi/openmpi-4.1.4//lib/libmpi.so.40(ompi_group_incl_plist+0x65)[0x7f625153e915]
[hydra08:375727] [ 4] /lib/x86_64-linux-gnu/libc.so.6(+0x8175a)[0x7f1e6e12475a]
[hydra12:353800] [ 5] /lib/x86_64-linux-gnu/libc.so.6(+0x8483c)[0x7fd6d7a9783c]
[hydra02:559376] [ 3] /lib/x86_64-linux-gnu/libc.so.6(+0x7a468)[0x7f91e7c32468]
[hydra09:367059] [ 9] /opt/mpi/openmpi-4.1.4//lib/libmpi.so.40(PMPI_Group_incl+0x95)[0x7f625156f185]
[hydra08:375727] [ 5] /lib/x86_64-linux-gnu/libc.so.6(+0x8483c)[0x7f1e6e12783c]
[hydra12:353800] [ 6] /lib/x86_64-linux-gnu/libc.so.6(__libc_calloc+0x81)[0x7fd6d7a99bd1]
[hydra02:559375] [ 5] /lib/x86_64-linux-gnu/libc.so.6(+0x8483c)[0x7f46e7a1983c]
[hydra09:367059] [10] /home/thesis/jheld/MPI_Syrk_implementation/build/src/MPI_SYRK_implementation(+0x841a)[0x564f53e7341a]
[hydra08:375727] [ 6] /lib/x86_64-linux-gnu/libc.so.6(__libc_calloc+0x81)[0x7f1e6e129bd1]
[hydra12:353799] [ 9] /opt/mpi/openmpi-4.1.4//lib/libmpi.so.40(PMPI_Group_incl+0x95)[0x7f906c4d9185]
[hydra12:353799] [10] /home/thesis/jheld/MPI_Syrk_implementation/build/src/MPI_SYRK_implementation(+0x841a)[0x55b1b9a5e41a]
[hydra12:353799] [11] /home/thesis/jheld/MPI_Syrk_implementation/build/src/MPI_SYRK_implementation(+0x2ab0)[0x55b1b9a58ab0]
[hydra02:559375] [ 6] /lib/x86_64-linux-gnu/libc.so.6(__libc_calloc+0x81)[0x7f46e7a1bbd1]
[hydra02:559375] [ 7] /opt/mpi/openmpi-4.1.4//lib/libmpi.so.40(ompi_group_allocate+0x17)[0x7f46e98e91e7]
[hydra02:559375] [ 8] /opt/mpi/openmpi-4.1.4//lib/libmpi.so.40(ompi_group_incl_plist+0x65)[0x7f46e98e9915]
[hydra09:367059] [11] /home/thesis/jheld/MPI_Syrk_implementation/build/src/MPI_SYRK_implementation(+0x2ab0)[0x564f53e6dab0]
[hydra08:375727] [ 7] /opt/mpi/openmpi-4.1.4//lib/libmpi.so.40(ompi_group_allocate+0x17)[0x7f1e6fff71e7]
[hydra12:353800] [ 7] /opt/mpi/openmpi-4.1.4//lib/libmpi.so.40(ompi_group_allocate+0x17)[0x7fd6d99671e7]
[hydra02:559376] [ 4] /lib/x86_64-linux-gnu/libc.so.6(+0x8175a)[0x7f91e7c3975a]
[hydra02:559376] [ 5] /lib/x86_64-linux-gnu/libc.so.6(+0x8483c)[0x7f91e7c3c83c]
[hydra02:559376] [ 6] /lib/x86_64-linux-gnu/libc.so.6(__libc_calloc+0x81)[0x7f91e7c3ebd1]
[hydra09:367059] [12] /lib/x86_64-linux-gnu/libc.so.6(__libc_start_main+0xea)[0x7f624f60dd7a]
[hydra08:375727] [ 8] /opt/mpi/openmpi-4.1.4//lib/libmpi.so.40(ompi_group_incl_plist+0x65)[0x7f1e6fff7915]
[hydra12:353799] [12] /lib/x86_64-linux-gnu/libc.so.6(__libc_start_main+0xea)[0x7f906a577d7a]
[hydra02:559375] [ 9] /opt/mpi/openmpi-4.1.4//lib/libmpi.so.40(PMPI_Group_incl+0x95)[0x7f46e991a185]
[hydra02:559375] [10] /home/thesis/jheld/MPI_Syrk_implementation/build/src/MPI_SYRK_implementation(+0x841a)[0x55ced1bd541a]
[hydra02:559375] [11] /home/thesis/jheld/MPI_Syrk_implementation/build/src/MPI_SYRK_implementation(+0x2ab0)[0x55ced1bcfab0]
[hydra09:367059] [13] /home/thesis/jheld/MPI_Syrk_implementation/build/src/MPI_SYRK_implementation(+0x232a)[0x564f53e6d32a]
[hydra09:367059] *** End of error message ***
[hydra08:375727] [ 9] /opt/mpi/openmpi-4.1.4//lib/libmpi.so.40(PMPI_Group_incl+0x95)[0x7f1e70028185]
[hydra02:559376] [ 7] /opt/mpi/openmpi-4.1.4//lib/libmpi.so.40(ompi_group_allocate+0x17)[0x7f91e9b0c1e7]
[hydra02:559376] [ 8] /opt/mpi/openmpi-4.1.4//lib/libmpi.so.40(ompi_group_incl_plist+0x65)[0x7f91e9b0c915]
[hydra08:375727] [10] /home/thesis/jheld/MPI_Syrk_implementation/build/src/MPI_SYRK_implementation(+0x841a)[0x5609e379241a]
[hydra08:375727] [11] /home/thesis/jheld/MPI_Syrk_implementation/build/src/MPI_SYRK_implementation(+0x2ab0)[0x5609e378cab0]
[hydra02:559375] [12] /lib/x86_64-linux-gnu/libc.so.6(__libc_start_main+0xea)[0x7f46e79b8d7a]
[hydra02:559375] [13] /home/thesis/jheld/MPI_Syrk_implementation/build/src/MPI_SYRK_implementation(+0x232a)[0x55ced1bcf32a]
[hydra02:559375] *** End of error message ***
[hydra08:375728] [ 0] /lib/x86_64-linux-gnu/libc.so.6(+0x38de0)[0x7f2c4c9d3de0]
[hydra02:559376] [ 9] /opt/mpi/openmpi-4.1.4//lib/libmpi.so.40(PMPI_Group_incl+0x95)[0x7f91e9b3d185]
[hydra02:559376] [10] /home/thesis/jheld/MPI_Syrk_implementation/build/src/MPI_SYRK_implementation(+0x841a)[0x55d2608cf41a]
[hydra02:559376] [11] /home/thesis/jheld/MPI_Syrk_implementation/build/src/MPI_SYRK_implementation(+0x2ab0)[0x55d2608c9ab0]
[hydra08:375728] [ 1] /lib/x86_64-linux-gnu/libc.so.6(gsignal+0x141)[0x7f2c4c9d3d61]
[hydra02:559376] [12] /lib/x86_64-linux-gnu/libc.so.6(__libc_start_main+0xea)[0x7f91e7bdbd7a]
[hydra02:559376] [13] /home/thesis/jheld/MPI_Syrk_implementation/build/src/MPI_SYRK_implementation(+0x232a)[0x55d2608c932a]
[hydra02:559376] *** End of error message ***
[hydra08:375727] [12] /lib/x86_64-linux-gnu/libc.so.6(__libc_start_main+0xea)[0x7f1e6e0c6d7a]
[hydra08:375727] [13] /home/thesis/jheld/MPI_Syrk_implementation/build/src/MPI_SYRK_implementation(+0x232a)[0x5609e378c32a]
[hydra08:375727] *** End of error message ***
[hydra08:375728] [ 2] /lib/x86_64-linux-gnu/libc.so.6(abort+0x123)[0x7f2c4c9bd537]
[hydra08:375728] [ 3] /lib/x86_64-linux-gnu/libc.so.6(+0x7a468)[0x7f2c4ca15468]
[hydra08:375728] [ 4] /lib/x86_64-linux-gnu/libc.so.6(+0x8175a)[0x7f2c4ca1c75a]
[hydra08:375728] [ 5] /lib/x86_64-linux-gnu/libc.so.6(+0x8483c)[0x7f2c4ca1f83c]
[hydra08:375728] [ 6] /lib/x86_64-linux-gnu/libc.so.6(__libc_calloc+0x81)[0x7f2c4ca21bd1]
[hydra08:375728] [ 7] /opt/mpi/openmpi-4.1.4//lib/libmpi.so.40(ompi_group_allocate+0x17)[0x7f2c4e8ef1e7]
[hydra08:375728] [ 8] /opt/mpi/openmpi-4.1.4//lib/libmpi.so.40(ompi_group_incl_plist+0x65)[0x7f2c4e8ef915]
[hydra08:375728] [ 9] /opt/mpi/openmpi-4.1.4//lib/libmpi.so.40(PMPI_Group_incl+0x95)[0x7f2c4e920185]
[hydra08:375728] [10] /home/thesis/jheld/MPI_Syrk_implementation/build/src/MPI_SYRK_implementation(+0x841a)[0x55870b1e041a]
[hydra08:375728] [11] /home/thesis/jheld/MPI_Syrk_implementation/build/src/MPI_SYRK_implementation(+0x2ab0)[0x55870b1daab0]
[hydra08:375728] [12] /lib/x86_64-linux-gnu/libc.so.6(__libc_start_main+0xea)[0x7f2c4c9bed7a]
[hydra08:375728] [13] /home/thesis/jheld/MPI_Syrk_implementation/build/src/MPI_SYRK_implementation(+0x232a)[0x55870b1da32a]
[hydra08:375728] *** End of error message ***
[hydra12:353799] [13] /home/thesis/jheld/MPI_Syrk_implementation/build/src/MPI_SYRK_implementation(+0x232a)[0x55b1b9a5832a]
[hydra12:353799] *** End of error message ***
[hydra12:353800] [ 8] /opt/mpi/openmpi-4.1.4//lib/libmpi.so.40(ompi_group_incl_plist+0x65)[0x7fd6d9967915]
[hydra12:353800] [ 9] /opt/mpi/openmpi-4.1.4//lib/libmpi.so.40(PMPI_Group_incl+0x95)[0x7fd6d9998185]
[hydra12:353800] [10] /home/thesis/jheld/MPI_Syrk_implementation/build/src/MPI_SYRK_implementation(+0x841a)[0x558991e7041a]
[hydra12:353800] [11] /home/thesis/jheld/MPI_Syrk_implementation/build/src/MPI_SYRK_implementation(+0x2ab0)[0x558991e6aab0]
[hydra12:353800] [12] /lib/x86_64-linux-gnu/libc.so.6(__libc_start_main+0xea)[0x7fd6d7a36d7a]
[hydra12:353800] [13] /home/thesis/jheld/MPI_Syrk_implementation/build/src/MPI_SYRK_implementation(+0x232a)[0x558991e6a32a]
[hydra12:353800] *** End of error message ***
srun: error: hydra05: task 13: Aborted
srun: error: hydra07: task 19: Aborted
srun: error: hydra03: task 7: Aborted
srun: error: hydra10: task 27: Aborted
srun: error: hydra04: task 11: Aborted
srun: error: hydra09: task 25: Aborted
srun: error: hydra06: task 17: Aborted
srun: error: hydra12: tasks 33-34: Aborted
srun: error: hydra11: tasks 30,32: Aborted
srun: error: hydra08: tasks 21-22: Aborted
srun: error: hydra02: tasks 4-5: Aborted
srun: error: hydra01: tasks 1-2: Aborted
slurmstepd: error:  mpi/pmix_v4: _errhandler: hydra04 [3]: pmixp_client_v2.c:211: Error handler invoked: status = -61, source = [slurm.pmix.5008690.13:11]
slurmstepd: error:  mpi/pmix_v4: _errhandler: hydra07 [6]: pmixp_client_v2.c:211: Error handler invoked: status = -61, source = [slurm.pmix.5008690.13:19]
slurmstepd: error:  mpi/pmix_v4: _errhandler: hydra10 [9]: pmixp_client_v2.c:211: Error handler invoked: status = -61, source = [slurm.pmix.5008690.13:27]
slurmstepd: error:  mpi/pmix_v4: _errhandler: hydra03 [2]: pmixp_client_v2.c:211: Error handler invoked: status = -61, source = [slurm.pmix.5008690.13:7]
slurmstepd: error:  mpi/pmix_v4: _errhandler: hydra06 [5]: pmixp_client_v2.c:211: Error handler invoked: status = -61, source = [slurm.pmix.5008690.13:17]
slurmstepd: error:  mpi/pmix_v4: _errhandler: hydra05 [4]: pmixp_client_v2.c:211: Error handler invoked: status = -61, source = [slurm.pmix.5008690.13:13]
slurmstepd: error:  mpi/pmix_v4: _errhandler: hydra09 [8]: pmixp_client_v2.c:211: Error handler invoked: status = -61, source = [slurm.pmix.5008690.13:25]
slurmstepd: error:  mpi/pmix_v4: _errhandler: hydra11 [10]: pmixp_client_v2.c:211: Error handler invoked: status = -61, source = [slurm.pmix.5008690.13:30]
slurmstepd: error:  mpi/pmix_v4: _errhandler: hydra12 [11]: pmixp_client_v2.c:211: Error handler invoked: status = -61, source = [slurm.pmix.5008690.13:33]
slurmstepd: error:  mpi/pmix_v4: _errhandler: hydra02 [1]: pmixp_client_v2.c:211: Error handler invoked: status = -61, source = [slurm.pmix.5008690.13:4]
slurmstepd: error:  mpi/pmix_v4: _errhandler: hydra01 [0]: pmixp_client_v2.c:211: Error handler invoked: status = -61, source = [slurm.pmix.5008690.13:2]
slurmstepd: error:  mpi/pmix_v4: _errhandler: hydra08 [7]: pmixp_client_v2.c:211: Error handler invoked: status = -61, source = [slurm.pmix.5008690.13:21]
slurmstepd: error: *** STEP 5008690.13 ON hydra01 CANCELLED AT 2025-10-13T15:26:21 ***
srun: Job step aborted: Waiting up to 32 seconds for job step to finish.
srun: error: hydra01: task 0: Killed
srun: error: hydra12: task 35: Killed
srun: error: hydra02: task 3: Killed
srun: error: hydra11: task 31: Killed
srun: error: hydra08: task 23: Killed
srun: error: hydra03: tasks 6,8: Killed
srun: error: hydra05: tasks 12,14: Killed
srun: error: hydra10: tasks 28-29: Killed
srun: error: hydra06: tasks 15-16: Killed
srun: error: hydra04: tasks 9-10: Killed
srun: error: hydra07: tasks 18,20: Killed
srun: error: hydra09: tasks 24,26: Killed
⚠️ Warning: No runtime found for run 14
srun: Warning: can't honor --ntasks-per-node set to 1 which doesn't match the requested tasks 36 with the number of requested nodes 12. Ignoring --ntasks-per-node.
missing input file name --> Generate random input
malloc(): invalid size (unsorted)
[hydra01:874064] *** Process received signal ***
malloc(): invalid size (unsorted)
[hydra11:353848] *** Process received signal ***
[hydra01:874064] Signal: Aborted (6)
[hydra01:874064] Signal code:  (-6)
[hydra11:353848] Signal: Aborted (6)
[hydra11:353848] Signal code:  (-6)
[hydra01:874064] [ 0] /lib/x86_64-linux-gnu/libc.so.6(+0x38de0)[0x7fac6a574de0]
malloc(): invalid size (unsorted)
[hydra11:353848] [ 0] /lib/x86_64-linux-gnu/libc.so.6(+0x38de0)[0x7faaf733cde0]
[hydra01:874064] [ 1] /lib/x86_64-linux-gnu/libc.so.6(gsignal+0x141)[0x7fac6a574d61]
[hydra01:874064] [ 2] /lib/x86_64-linux-gnu/libc.so.6(abort+0x123)[0x7fac6a55e537]
[hydra11:353848] [ 1] /lib/x86_64-linux-gnu/libc.so.6(gsignal+0x141)[0x7faaf733cd61]
[hydra12:353873] *** Process received signal ***
[hydra11:353848] [ 2] /lib/x86_64-linux-gnu/libc.so.6(abort+0x123)[0x7faaf7326537]
[hydra12:353873] Signal: Aborted (6)
[hydra12:353873] Signal code:  (-6)
[hydra01:874064] [ 3] /lib/x86_64-linux-gnu/libc.so.6(+0x7a468)[0x7fac6a5b6468]
[hydra11:353848] [ 3] /lib/x86_64-linux-gnu/libc.so.6(+0x7a468)[0x7faaf737e468]
malloc(): invalid size (unsorted)
[hydra01:874064] [ 4] /lib/x86_64-linux-gnu/libc.so.6(+0x8175a)[0x7fac6a5bd75a]
[hydra01:874064] [ 5] /lib/x86_64-linux-gnu/libc.so.6(+0x8483c)[0x7fac6a5c083c]
[hydra11:353848] [ 4] /lib/x86_64-linux-gnu/libc.so.6(+0x8175a)[0x7faaf738575a]
[hydra11:353848] [ 5] /lib/x86_64-linux-gnu/libc.so.6(+0x8483c)[0x7faaf738883c]
[hydra12:353872] *** Process received signal ***
[hydra12:353872] Signal: Aborted (6)
[hydra12:353872] Signal code:  (-6)
[hydra01:874064] [ 6] /lib/x86_64-linux-gnu/libc.so.6(__libc_calloc+0x81)[0x7fac6a5c2bd1]
[hydra11:353848] [ 6] /lib/x86_64-linux-gnu/libc.so.6(__libc_calloc+0x81)[0x7faaf738abd1]
[hydra12:353873] [ 0] /lib/x86_64-linux-gnu/libc.so.6(+0x38de0)[0x7f89ad4d0de0]
[hydra01:874064] [ 7] /opt/mpi/openmpi-4.1.4//lib/libmpi.so.40(ompi_group_allocate+0x17)[0x7fac6c4901e7]
[hydra01:874064] [ 8] /opt/mpi/openmpi-4.1.4//lib/libmpi.so.40(ompi_group_incl_plist+0x65)[0x7fac6c490915]
[hydra11:353848] [ 7] /opt/mpi/openmpi-4.1.4//lib/libmpi.so.40(ompi_group_allocate+0x17)[0x7faaf92581e7]
[hydra12:353873] [ 1] /lib/x86_64-linux-gnu/libc.so.6(gsignal+0x141)[0x7f89ad4d0d61]
[hydra11:353848] [ 8] /opt/mpi/openmpi-4.1.4//lib/libmpi.so.40(ompi_group_incl_plist+0x65)[0x7faaf9258915]
[hydra12:353873] [ 2] /lib/x86_64-linux-gnu/libc.so.6(abort+0x123)[0x7f89ad4ba537]
[hydra01:874064] [ 9] /opt/mpi/openmpi-4.1.4//lib/libmpi.so.40(PMPI_Group_incl+0x95)[0x7fac6c4c1185]
[hydra01:874064] [10] /home/thesis/jheld/MPI_Syrk_implementation/build/src/MPI_SYRK_implementation(+0x841a)[0x556cff14d41a]
[hydra01:874064] [11] /home/thesis/jheld/MPI_Syrk_implementation/build/src/MPI_SYRK_implementation(+0x2ab0)[0x556cff147ab0]
[hydra11:353848] [ 9] /opt/mpi/openmpi-4.1.4//lib/libmpi.so.40(PMPI_Group_incl+0x95)[0x7faaf9289185]
[hydra11:353848] [10] /home/thesis/jheld/MPI_Syrk_implementation/build/src/MPI_SYRK_implementation(+0x841a)[0x5568deff441a]
[hydra12:353873] [ 3] /lib/x86_64-linux-gnu/libc.so.6(+0x7a468)[0x7f89ad512468]
[hydra11:353848] [11] /home/thesis/jheld/MPI_Syrk_implementation/build/src/MPI_SYRK_implementation(+0x2ab0)[0x5568defeeab0]
[hydra12:353872] [ 0] /lib/x86_64-linux-gnu/libc.so.6(+0x38de0)[0x7fd82ba67de0]
[hydra01:874064] [12] /lib/x86_64-linux-gnu/libc.so.6(__libc_start_main+0xea)[0x7fac6a55fd7a]
[hydra01:874064] [13] /home/thesis/jheld/MPI_Syrk_implementation/build/src/MPI_SYRK_implementation(+0x232a)[0x556cff14732a]
[hydra01:874064] *** End of error message ***
[hydra11:353848] [12] /lib/x86_64-linux-gnu/libc.so.6(__libc_start_main+0xea)[0x7faaf7327d7a]
[hydra11:353848] [13] /home/thesis/jheld/MPI_Syrk_implementation/build/src/MPI_SYRK_implementation(+0x232a)[0x5568defee32a]
[hydra11:353848] *** End of error message ***
[hydra12:353872] [ 1] /lib/x86_64-linux-gnu/libc.so.6(gsignal+0x141)[0x7fd82ba67d61]
[hydra12:353873] [ 4] /lib/x86_64-linux-gnu/libc.so.6(+0x8175a)[0x7f89ad51975a]
[hydra12:353872] [ 2] /lib/x86_64-linux-gnu/libc.so.6(abort+0x123)[0x7fd82ba51537]
[hydra12:353873] [ 5] /lib/x86_64-linux-gnu/libc.so.6(+0x8483c)[0x7f89ad51c83c]
[hydra12:353872] [ 3] /lib/x86_64-linux-gnu/libc.so.6(+0x7a468)[0x7fd82baa9468]
malloc(): invalid size (unsorted)
[hydra04:389520] *** Process received signal ***
[hydra12:353873] [ 6] /lib/x86_64-linux-gnu/libc.so.6(__libc_calloc+0x81)[0x7f89ad51ebd1]
[hydra12:353872] [ 4] /lib/x86_64-linux-gnu/libc.so.6(+0x8175a)[0x7fd82bab075a]
malloc(): invalid size (unsorted)
[hydra03:390740] *** Process received signal ***
[hydra04:389520] Signal: Aborted (6)
[hydra04:389520] Signal code:  (-6)
[hydra12:353873] [ 7] /opt/mpi/openmpi-4.1.4//lib/libmpi.so.40(ompi_group_allocate+0x17)[0x7f89af3ec1e7]
[hydra12:353873] [ 8] /opt/mpi/openmpi-4.1.4//lib/libmpi.so.40(ompi_group_incl_plist+0x65)[0x7f89af3ec915]
[hydra12:353872] [ 5] /lib/x86_64-linux-gnu/libc.so.6(+0x8483c)[0x7fd82bab383c]
malloc(): invalid size (unsorted)
[hydra07:400526] *** Process received signal ***
[hydra12:353872] [ 6] /lib/x86_64-linux-gnu/libc.so.6(__libc_calloc+0x81)[0x7fd82bab5bd1]
[hydra12:353873] [ 9] /opt/mpi/openmpi-4.1.4//lib/libmpi.so.40(PMPI_Group_incl+0x95)[0x7f89af41d185]
[hydra12:353873] [10] /home/thesis/jheld/MPI_Syrk_implementation/build/src/MPI_SYRK_implementation(+0x841a)[0x55de2b62b41a]
[hydra03:390740] Signal: Aborted (6)
[hydra03:390740] Signal code:  (-6)
[hydra04:389520] [ 0] /lib/x86_64-linux-gnu/libc.so.6(+0x38de0)[0x7fa35cfdade0]
[hydra12:353873] [11] /home/thesis/jheld/MPI_Syrk_implementation/build/src/MPI_SYRK_implementation(+0x2ab0)[0x55de2b625ab0]
[hydra12:353872] [ 7] /opt/mpi/openmpi-4.1.4//lib/libmpi.so.40(ompi_group_allocate+0x17)[0x7fd82d9831e7]
[hydra04:389520] [ 1] /lib/x86_64-linux-gnu/libc.so.6(gsignal+0x141)[0x7fa35cfdad61]
[hydra03:390740] [ 0] /lib/x86_64-linux-gnu/libc.so.6(+0x38de0)[0x7ff39ceaede0]
[hydra12:353872] [ 8] /opt/mpi/openmpi-4.1.4//lib/libmpi.so.40(ompi_group_incl_plist+0x65)[0x7fd82d983915]
[hydra12:353873] [12] /lib/x86_64-linux-gnu/libc.so.6(__libc_start_main+0xea)[0x7f89ad4bbd7a]
[hydra12:353873] [13] /home/thesis/jheld/MPI_Syrk_implementation/build/src/MPI_SYRK_implementation(+0x232a)[0x55de2b62532a]
[hydra12:353873] *** End of error message ***
[hydra03:390740] [ 1] /lib/x86_64-linux-gnu/libc.so.6(gsignal+0x141)[0x7ff39ceaed61]
[hydra12:353872] [ 9] /opt/mpi/openmpi-4.1.4//lib/libmpi.so.40(PMPI_Group_incl+0x95)[0x7fd82d9b4185]
[hydra04:389520] [ 2] /lib/x86_64-linux-gnu/libc.so.6(abort+0x123)[0x7fa35cfc4537]
[hydra03:390740] [ 2] /lib/x86_64-linux-gnu/libc.so.6(abort+0x123)[0x7ff39ce98537]
malloc(): invalid size (unsorted)
[hydra12:353872] [10] /home/thesis/jheld/MPI_Syrk_implementation/build/src/MPI_SYRK_implementation(+0x841a)[0x565303f3341a]
[hydra12:353872] [11] /home/thesis/jheld/MPI_Syrk_implementation/build/src/MPI_SYRK_implementation(+0x2ab0)[0x565303f2dab0]
[hydra12:353872] [12] /lib/x86_64-linux-gnu/libc.so.6(__libc_start_main+0xea)[0x7fd82ba52d7a]
[hydra12:353872] [13] /home/thesis/jheld/MPI_Syrk_implementation/build/src/MPI_SYRK_implementation(+0x232a)[0x565303f2d32a]
[hydra01:874065] *** Process received signal ***
[hydra01:874065] Signal: Aborted (6)
[hydra01:874065] Signal code:  (-6)
malloc(): invalid size (unsorted)
[hydra02:559464] *** Process received signal ***
[hydra02:559464] Signal: Aborted (6)
[hydra02:559464] Signal code:  (-6)
[hydra12:353872] *** End of error message ***
[hydra04:389520] [ 3] /lib/x86_64-linux-gnu/libc.so.6(+0x7a468)[0x7fa35d01c468]
[hydra03:390740] [ 3] /lib/x86_64-linux-gnu/libc.so.6(+0x7a468)[0x7ff39cef0468]
[hydra04:389520] [ 4] /lib/x86_64-linux-gnu/libc.so.6(+0x8175a)[0x7fa35d02375a]
[hydra03:390740] [ 4] /lib/x86_64-linux-gnu/libc.so.6(+0x8175a)[0x7ff39cef775a]
[hydra04:389520] [ 5] /lib/x86_64-linux-gnu/libc.so.6(+0x8483c)[0x7fa35d02683c]
[hydra03:390740] [ 5] /lib/x86_64-linux-gnu/libc.so.6(+0x8483c)[0x7ff39cefa83c]
[hydra04:389520] [ 6] /lib/x86_64-linux-gnu/libc.so.6(__libc_calloc+0x81)[0x7fa35d028bd1]
[hydra03:390740] [ 6] /lib/x86_64-linux-gnu/libc.so.6(__libc_calloc+0x81)[0x7ff39cefcbd1]
malloc(): invalid size (unsorted)
malloc(): invalid size (unsorted)
[hydra07:400525] *** Process received signal ***
[hydra04:389520] [ 7] /opt/mpi/openmpi-4.1.4//lib/libmpi.so.40(ompi_group_allocate+0x17)[0x7fa35eef61e7]
[hydra03:390740] [ 7] /opt/mpi/openmpi-4.1.4//lib/libmpi.so.40(ompi_group_allocate+0x17)[0x7ff39edca1e7]
[hydra07:400526] Signal: Aborted (6)
[hydra07:400526] Signal code:  (-6)
[hydra04:389520] [ 8] /opt/mpi/openmpi-4.1.4//lib/libmpi.so.40(ompi_group_incl_plist+0x65)[0x7fa35eef6915]
[hydra07:400525] Signal: Aborted (6)
[hydra07:400525] Signal code:  (-6)
[hydra07:400526] [ 0] /lib/x86_64-linux-gnu/libc.so.6(+0x38de0)[0x7f3cf1ba4de0]
[hydra04:389520] [ 9] /opt/mpi/openmpi-4.1.4//lib/libmpi.so.40(PMPI_Group_incl+0x95)[0x7fa35ef27185]
[hydra03:390740] [ 8] /opt/mpi/openmpi-4.1.4//lib/libmpi.so.40(ompi_group_incl_plist+0x65)[0x7ff39edca915]
[hydra07:400525] [ 0] /lib/x86_64-linux-gnu/libc.so.6(+0x38de0)[0x7f43bd23dde0]
[hydra04:389520] [10] /home/thesis/jheld/MPI_Syrk_implementation/build/src/MPI_SYRK_implementation(+0x841a)[0x55833d24941a]
[hydra03:390740] [ 9] /opt/mpi/openmpi-4.1.4//lib/libmpi.so.40(PMPI_Group_incl+0x95)[0x7ff39edfb185]
[hydra07:400526] [ 1] /lib/x86_64-linux-gnu/libc.so.6(gsignal+0x141)[0x7f3cf1ba4d61]
[hydra07:400526] [ 2] /lib/x86_64-linux-gnu/libc.so.6(abort+0x123)[0x7f3cf1b8e537]
[hydra04:389520] [11] /home/thesis/jheld/MPI_Syrk_implementation/build/src/MPI_SYRK_implementation(+0x2ab0)[0x55833d243ab0]
[hydra03:390740] [10] /home/thesis/jheld/MPI_Syrk_implementation/build/src/MPI_SYRK_implementation(+0x841a)[0x563865b9541a]
[hydra03:390740] [11] /home/thesis/jheld/MPI_Syrk_implementation/build/src/MPI_SYRK_implementation(+0x2ab0)[0x563865b8fab0]
[hydra07:400525] [ 1] /lib/x86_64-linux-gnu/libc.so.6(gsignal+0x141)[0x7f43bd23dd61]
[hydra04:389520] [12] /lib/x86_64-linux-gnu/libc.so.6(__libc_start_main+0xea)[0x7fa35cfc5d7a]
[hydra04:389520] [13] /home/thesis/jheld/MPI_Syrk_implementation/build/src/MPI_SYRK_implementation(+0x232a)[0x55833d24332a]
[hydra03:390740] [12] /lib/x86_64-linux-gnu/libc.so.6(__libc_start_main+0xea)[0x7ff39ce99d7a]
[hydra07:400525] [ 2] /lib/x86_64-linux-gnu/libc.so.6(abort+0x123)[0x7f43bd227537]
[hydra04:389520] *** End of error message ***
[hydra03:390740] [13] /home/thesis/jheld/MPI_Syrk_implementation/build/src/MPI_SYRK_implementation(+0x232a)[0x563865b8f32a]
[hydra03:390740] *** End of error message ***
[hydra07:400526] [ 3] /lib/x86_64-linux-gnu/libc.so.6(+0x7a468)[0x7f3cf1be6468]
malloc(): invalid size (unsorted)
[hydra01:874065] [ 0] /lib/x86_64-linux-gnu/libc.so.6(+0x38de0)[0x7f175edc0de0]
[hydra07:400525] [ 3] /lib/x86_64-linux-gnu/libc.so.6(+0x7a468)[0x7f43bd27f468]
[hydra01:874065] [ 1] /lib/x86_64-linux-gnu/libc.so.6(gsignal+0x141)[0x7f175edc0d61]
[hydra07:400526] [ 4] /lib/x86_64-linux-gnu/libc.so.6(+0x8175a)[0x7f3cf1bed75a]
[hydra01:874065] [ 2] /lib/x86_64-linux-gnu/libc.so.6(abort+0x123)[0x7f175edaa537]
[hydra07:400525] [ 4] /lib/x86_64-linux-gnu/libc.so.6(+0x8175a)[0x7f43bd28675a]
[hydra07:400526] [ 5] /lib/x86_64-linux-gnu/libc.so.6(+0x8483c)[0x7f3cf1bf083c]
malloc(): invalid size (unsorted)
[hydra05:373446] *** Process received signal ***
[hydra07:400525] [ 5] /lib/x86_64-linux-gnu/libc.so.6(+0x8483c)[0x7f43bd28983c]
[hydra01:874065] [ 3] /lib/x86_64-linux-gnu/libc.so.6(+0x7a468)[0x7f175ee02468]
[hydra07:400526] [ 6] /lib/x86_64-linux-gnu/libc.so.6(__libc_calloc+0x81)[0x7f3cf1bf2bd1]
[hydra04:389521] *** Process received signal ***
[hydra04:389521] Signal: Aborted (6)
[hydra04:389521] Signal code:  (-6)
[hydra07:400525] [ 6] /lib/x86_64-linux-gnu/libc.so.6(__libc_calloc+0x81)[0x7f43bd28bbd1]
malloc(): invalid size (unsorted)
[hydra02:559465] *** Process received signal ***
[hydra02:559465] Signal: Aborted (6)
[hydra02:559465] Signal code:  (-6)
[hydra07:400526] [ 7] /opt/mpi/openmpi-4.1.4//lib/libmpi.so.40(ompi_group_allocate+0x17)[0x7f3cf3ac01e7]
[hydra01:874065] [ 4] /lib/x86_64-linux-gnu/libc.so.6(+0x8175a)[0x7f175ee0975a]
[hydra02:559464] [ 0] /lib/x86_64-linux-gnu/libc.so.6(+0x38de0)[0x7fc58699ade0]
[hydra07:400526] [ 8] /opt/mpi/openmpi-4.1.4//lib/libmpi.so.40(ompi_group_incl_plist+0x65)[0x7f3cf3ac0915]
[hydra01:874065] [ 5] /lib/x86_64-linux-gnu/libc.so.6(+0x8483c)[0x7f175ee0c83c]
[hydra02:559465] [ 0] /lib/x86_64-linux-gnu/libc.so.6(+0x38de0)[0x7fb932ad4de0]
[hydra07:400525] [ 7] /opt/mpi/openmpi-4.1.4//lib/libmpi.so.40(ompi_group_allocate+0x17)[0x7f43bf1591e7]
[hydra05:373446] Signal: Aborted (6)
[hydra05:373446] Signal code:  (-6)
[hydra04:389521] [ 0] /lib/x86_64-linux-gnu/libc.so.6(+0x38de0)[0x7f72d6ad6de0]
[hydra02:559464] [ 1] /lib/x86_64-linux-gnu/libc.so.6(gsignal+0x141)[0x7fc58699ad61]
[hydra07:400525] [ 8] /opt/mpi/openmpi-4.1.4//lib/libmpi.so.40(ompi_group_incl_plist+0x65)[0x7f43bf159915]
[hydra01:874065] [ 6] /lib/x86_64-linux-gnu/libc.so.6(__libc_calloc+0x81)[0x7f175ee0ebd1]
[hydra02:559465] [ 1] /lib/x86_64-linux-gnu/libc.so.6(gsignal+0x141)[0x7fb932ad4d61]
[hydra01:874065] [ 7] /opt/mpi/openmpi-4.1.4//lib/libmpi.so.40(ompi_group_allocate+0x17)[0x7f1760cdc1e7]
[hydra02:559464] [ 2] /lib/x86_64-linux-gnu/libc.so.6(abort+0x123)[0x7fc586984537]
[hydra04:389521] [ 1] /lib/x86_64-linux-gnu/libc.so.6(gsignal+0x141)[0x7f72d6ad6d61]
[hydra01:874065] [ 8] /opt/mpi/openmpi-4.1.4//lib/libmpi.so.40(ompi_group_incl_plist+0x65)[0x7f1760cdc915]
[hydra02:559465] [ 2] /lib/x86_64-linux-gnu/libc.so.6(abort+0x123)[0x7fb932abe537]
[hydra02:559464] [ 3] /lib/x86_64-linux-gnu/libc.so.6(+0x7a468)[0x7fc5869dc468]
[hydra04:389521] [ 2] /lib/x86_64-linux-gnu/libc.so.6(abort+0x123)[0x7f72d6ac0537]
[hydra01:874065] [ 9] /opt/mpi/openmpi-4.1.4//lib/libmpi.so.40(PMPI_Group_incl+0x95)[0x7f1760d0d185]
[hydra02:559465] [ 3] /lib/x86_64-linux-gnu/libc.so.6(+0x7a468)[0x7fb932b16468]
[hydra01:874065] [10] /home/thesis/jheld/MPI_Syrk_implementation/build/src/MPI_SYRK_implementation(+0x841a)[0x55ff9a4d641a]
[hydra01:874065] [11] /home/thesis/jheld/MPI_Syrk_implementation/build/src/MPI_SYRK_implementation(+0x2ab0)[0x55ff9a4d0ab0]
[hydra02:559464] [ 4] /lib/x86_64-linux-gnu/libc.so.6(+0x8175a)[0x7fc5869e375a]
[hydra04:389521] [ 3] /lib/x86_64-linux-gnu/libc.so.6(+0x7a468)[0x7f72d6b18468]
[hydra10:484876] *** Process received signal ***
[hydra10:484876] Signal: Aborted (6)
[hydra10:484876] Signal code:  (-6)
[hydra02:559465] [ 4] /lib/x86_64-linux-gnu/libc.so.6(+0x8175a)[0x7fb932b1d75a]
[hydra05:373446] [ 0] /lib/x86_64-linux-gnu/libc.so.6(+0x38de0)[0x7f6e19ffede0]
[hydra01:874065] [12] /lib/x86_64-linux-gnu/libc.so.6(__libc_start_main+0xea)[0x7f175edabd7a]
malloc(): invalid size (unsorted)
[hydra08:375800] *** Process received signal ***
[hydra10:484876] [ 0] /lib/x86_64-linux-gnu/libc.so.6(+0x38de0)[0x7fa18986cde0]
[hydra02:559464] [ 5] /lib/x86_64-linux-gnu/libc.so.6(+0x8483c)[0x7fc5869e683c]
[hydra04:389521] [ 4] /lib/x86_64-linux-gnu/libc.so.6(+0x8175a)[0x7f72d6b1f75a]
[hydra01:874065] [13] /home/thesis/jheld/MPI_Syrk_implementation/build/src/MPI_SYRK_implementation(+0x232a)[0x55ff9a4d032a]
[hydra01:874065] *** End of error message ***
[hydra10:484876] [ 1] /lib/x86_64-linux-gnu/libc.so.6(gsignal+0x141)[0x7fa18986cd61]
[hydra02:559465] [ 5] /lib/x86_64-linux-gnu/libc.so.6(+0x8483c)[0x7fb932b2083c]
[hydra05:373446] [ 1] /lib/x86_64-linux-gnu/libc.so.6(gsignal+0x141)[0x7f6e19ffed61]
[hydra04:389521] [ 5] /lib/x86_64-linux-gnu/libc.so.6(+0x8483c)[0x7f72d6b2283c]
[hydra10:484876] [ 2] /lib/x86_64-linux-gnu/libc.so.6(abort+0x123)[0x7fa189856537]
[hydra02:559464] [ 6] /lib/x86_64-linux-gnu/libc.so.6(__libc_calloc+0x81)[0x7fc5869e8bd1]
[hydra10:484876] [ 3] /lib/x86_64-linux-gnu/libc.so.6(+0x7a468)[0x7fa1898ae468]
[hydra02:559465] [ 6] /lib/x86_64-linux-gnu/libc.so.6(__libc_calloc+0x81)[0x7fb932b22bd1]
[hydra05:373446] [ 2] /lib/x86_64-linux-gnu/libc.so.6(abort+0x123)[0x7f6e19fe8537]
[hydra10:484876] [ 4] /lib/x86_64-linux-gnu/libc.so.6(+0x8175a)[0x7fa1898b575a]
[hydra02:559464] [ 7] /opt/mpi/openmpi-4.1.4//lib/libmpi.so.40(ompi_group_allocate+0x17)[0x7fc5888b61e7]
[hydra10:484876] [ 5] /lib/x86_64-linux-gnu/libc.so.6(+0x8483c)[0x7fa1898b883c]
[hydra02:559465] [ 7] /opt/mpi/openmpi-4.1.4//lib/libmpi.so.40(ompi_group_allocate+0x17)[0x7fb9349f01e7]
[hydra04:389521] [ 6] /lib/x86_64-linux-gnu/libc.so.6(__libc_calloc+0x81)[0x7f72d6b24bd1]
[hydra10:484876] [ 6] /lib/x86_64-linux-gnu/libc.so.6(__libc_calloc+0x81)[0x7fa1898babd1]
[hydra02:559464] [ 8] /opt/mpi/openmpi-4.1.4//lib/libmpi.so.40(ompi_group_incl_plist+0x65)[0x7fc5888b6915]
[hydra05:373446] [ 3] /lib/x86_64-linux-gnu/libc.so.6(+0x7a468)[0x7f6e1a040468]
[hydra04:389521] [ 7] /opt/mpi/openmpi-4.1.4//lib/libmpi.so.40(ompi_group_allocate+0x17)[0x7f72d89f21e7]
[hydra10:484876] [ 7] /opt/mpi/openmpi-4.1.4//lib/libmpi.so.40(ompi_group_allocate+0x17)[0x7fa18b7881e7]
[hydra02:559465] [ 8] /opt/mpi/openmpi-4.1.4//lib/libmpi.so.40(ompi_group_incl_plist+0x65)[0x7fb9349f0915]
[hydra04:389521] [ 8] /opt/mpi/openmpi-4.1.4//lib/libmpi.so.40(ompi_group_incl_plist+0x65)[0x7f72d89f2915]
[hydra10:484876] [ 8] /opt/mpi/openmpi-4.1.4//lib/libmpi.so.40(ompi_group_incl_plist+0x65)[0x7fa18b788915]
[hydra05:373446] [ 4] /lib/x86_64-linux-gnu/libc.so.6(+0x8175a)[0x7f6e1a04775a]
[hydra10:484876] [ 9] /opt/mpi/openmpi-4.1.4//lib/libmpi.so.40(PMPI_Group_incl+0x95)[0x7fa18b7b9185]
[hydra10:484876] [10] /home/thesis/jheld/MPI_Syrk_implementation/build/src/MPI_SYRK_implementation(+0x841a)[0x56454993141a]
[hydra10:484876] [11] /home/thesis/jheld/MPI_Syrk_implementation/build/src/MPI_SYRK_implementation(+0x2ab0)[0x56454992bab0]
[hydra10:484876] [12] /lib/x86_64-linux-gnu/libc.so.6(__libc_start_main+0xea)[0x7fa189857d7a]
[hydra10:484876] [13] /home/thesis/jheld/MPI_Syrk_implementation/build/src/MPI_SYRK_implementation(+0x232a)[0x56454992b32a]
[hydra04:389521] [ 9] /opt/mpi/openmpi-4.1.4//lib/libmpi.so.40(PMPI_Group_incl+0x95)[0x7f72d8a23185]
[hydra10:484876] *** End of error message ***
[hydra05:373446] [ 5] /lib/x86_64-linux-gnu/libc.so.6(+0x8483c)[0x7f6e1a04a83c]
[hydra04:389521] [10] /home/thesis/jheld/MPI_Syrk_implementation/build/src/MPI_SYRK_implementation(+0x841a)[0x559096b3a41a]
[hydra04:389521] [11] /home/thesis/jheld/MPI_Syrk_implementation/build/src/MPI_SYRK_implementation(+0x2ab0)[0x559096b34ab0]
malloc(): invalid size (unsorted)
[hydra11:353846] *** Process received signal ***
[hydra05:373446] [ 6] /lib/x86_64-linux-gnu/libc.so.6(__libc_calloc+0x81)[0x7f6e1a04cbd1]
[hydra04:389521] [12] /lib/x86_64-linux-gnu/libc.so.6(__libc_start_main+0xea)[0x7f72d6ac1d7a]
[hydra04:389521] [13] /home/thesis/jheld/MPI_Syrk_implementation/build/src/MPI_SYRK_implementation(+0x232a)[0x559096b3432a]
[hydra04:389521] *** End of error message ***
[hydra05:373446] [ 7] /opt/mpi/openmpi-4.1.4//lib/libmpi.so.40(ompi_group_allocate+0x17)[0x7f6e1bf1a1e7]
[hydra11:353846] Signal: Aborted (6)
[hydra11:353846] Signal code:  (-6)
[hydra05:373446] [ 8] /opt/mpi/openmpi-4.1.4//lib/libmpi.so.40(ompi_group_incl_plist+0x65)[0x7f6e1bf1a915]
[hydra05:373446] [ 9] /opt/mpi/openmpi-4.1.4//lib/libmpi.so.40(PMPI_Group_incl+0x95)[0x7f6e1bf4b185]
[hydra05:373446] [10] /home/thesis/jheld/MPI_Syrk_implementation/build/src/MPI_SYRK_implementation(+0x841a)[0x5629da8ee41a]
[hydra05:373446] [11] /home/thesis/jheld/MPI_Syrk_implementation/build/src/MPI_SYRK_implementation(+0x2ab0)[0x5629da8e8ab0]
[hydra05:373446] [12] /lib/x86_64-linux-gnu/libc.so.6(__libc_start_main+0xea)[0x7f6e19fe9d7a]
[hydra05:373446] [13] /home/thesis/jheld/MPI_Syrk_implementation/build/src/MPI_SYRK_implementation(+0x232a)[0x5629da8e832a]
[hydra05:373446] *** End of error message ***
[hydra08:375800] Signal: Aborted (6)
[hydra08:375800] Signal code:  (-6)
[hydra08:375800] [ 0] /lib/x86_64-linux-gnu/libc.so.6(+0x38de0)[0x7f3aa19bfde0]
malloc(): invalid size (unsorted)
[hydra08:375799] *** Process received signal ***
[hydra08:375800] [ 1] /lib/x86_64-linux-gnu/libc.so.6(gsignal+0x141)[0x7f3aa19bfd61]
[hydra08:375800] [ 2] /lib/x86_64-linux-gnu/libc.so.6(abort+0x123)[0x7f3aa19a9537]
[hydra08:375800] [ 3] /lib/x86_64-linux-gnu/libc.so.6(+0x7a468)[0x7f3aa1a01468]
[hydra08:375799] Signal: Aborted (6)
[hydra08:375799] Signal code:  (-6)
[hydra08:375800] [ 4] /lib/x86_64-linux-gnu/libc.so.6(+0x8175a)[0x7f3aa1a0875a]
[hydra08:375800] [ 5] /lib/x86_64-linux-gnu/libc.so.6(+0x8483c)[0x7f3aa1a0b83c]
[hydra08:375800] [ 6] /lib/x86_64-linux-gnu/libc.so.6(__libc_calloc+0x81)[0x7f3aa1a0dbd1]
[hydra08:375800] [ 7] /opt/mpi/openmpi-4.1.4//lib/libmpi.so.40(ompi_group_allocate+0x17)[0x7f3aa38db1e7]
[hydra11:353846] [ 0] /lib/x86_64-linux-gnu/libc.so.6(+0x38de0)[0x7f3287ce7de0]
[hydra08:375800] [ 8] /opt/mpi/openmpi-4.1.4//lib/libmpi.so.40(ompi_group_incl_plist+0x65)[0x7f3aa38db915]
[hydra08:375800] [ 9] /opt/mpi/openmpi-4.1.4//lib/libmpi.so.40(PMPI_Group_incl+0x95)[0x7f3aa390c185]
[hydra08:375800] [10] /home/thesis/jheld/MPI_Syrk_implementation/build/src/MPI_SYRK_implementation(+0x841a)[0x555e467ab41a]
[hydra08:375800] [11] /home/thesis/jheld/MPI_Syrk_implementation/build/src/MPI_SYRK_implementation(+0x2ab0)[0x555e467a5ab0]
[hydra08:375800] [12] /lib/x86_64-linux-gnu/libc.so.6(__libc_start_main+0xea)[0x7f3aa19aad7a]
[hydra08:375800] [13] /home/thesis/jheld/MPI_Syrk_implementation/build/src/MPI_SYRK_implementation(+0x232a)[0x555e467a532a]
[hydra08:375800] *** End of error message ***
[hydra11:353846] [ 1] /lib/x86_64-linux-gnu/libc.so.6(gsignal+0x141)[0x7f3287ce7d61]
[hydra11:353846] [ 2] /lib/x86_64-linux-gnu/libc.so.6(abort+0x123)[0x7f3287cd1537]
[hydra11:353846] [ 3] /lib/x86_64-linux-gnu/libc.so.6(+0x7a468)[0x7f3287d29468]
[hydra11:353846] [ 4] /lib/x86_64-linux-gnu/libc.so.6(+0x8175a)[0x7f3287d3075a]
[hydra11:353846] [ 5] /lib/x86_64-linux-gnu/libc.so.6(+0x8483c)[0x7f3287d3383c]
[hydra11:353846] [ 6] /lib/x86_64-linux-gnu/libc.so.6(__libc_calloc+0x81)[0x7f3287d35bd1]
[hydra11:353846] [ 7] /opt/mpi/openmpi-4.1.4//lib/libmpi.so.40(ompi_group_allocate+0x17)[0x7f3289c031e7]
[hydra11:353846] [ 8] /opt/mpi/openmpi-4.1.4//lib/libmpi.so.40(ompi_group_incl_plist+0x65)[0x7f3289c03915]
[hydra11:353846] [ 9] /opt/mpi/openmpi-4.1.4//lib/libmpi.so.40(PMPI_Group_incl+0x95)[0x7f3289c34185]
[hydra08:375799] [ 0] /lib/x86_64-linux-gnu/libc.so.6(+0x38de0)[0x7f1aa8be1de0]
[hydra08:375799] [ 1] /lib/x86_64-linux-gnu/libc.so.6(gsignal+0x141)[0x7f1aa8be1d61]
[hydra08:375799] [ 2] /lib/x86_64-linux-gnu/libc.so.6(abort+0x123)[0x7f1aa8bcb537]
[hydra08:375799] [ 3] /lib/x86_64-linux-gnu/libc.so.6(+0x7a468)[0x7f1aa8c23468]
[hydra08:375799] [ 4] /lib/x86_64-linux-gnu/libc.so.6(+0x8175a)[0x7f1aa8c2a75a]
[hydra11:353846] [10] /home/thesis/jheld/MPI_Syrk_implementation/build/src/MPI_SYRK_implementation(+0x841a)[0x55a39cc6241a]
[hydra08:375799] [ 5] /lib/x86_64-linux-gnu/libc.so.6(+0x8483c)[0x7f1aa8c2d83c]
[hydra11:353846] [11] /home/thesis/jheld/MPI_Syrk_implementation/build/src/MPI_SYRK_implementation(+0x2ab0)[0x55a39cc5cab0]
[hydra08:375799] [ 6] /lib/x86_64-linux-gnu/libc.so.6(__libc_calloc+0x81)[0x7f1aa8c2fbd1]
[hydra11:353846] [12] /lib/x86_64-linux-gnu/libc.so.6(__libc_start_main+0xea)[0x7f3287cd2d7a]
[hydra08:375799] [ 7] /opt/mpi/openmpi-4.1.4//lib/libmpi.so.40(ompi_group_allocate+0x17)[0x7f1aaaafd1e7]
[hydra11:353846] [13] /home/thesis/jheld/MPI_Syrk_implementation/build/src/MPI_SYRK_implementation(+0x232a)[0x55a39cc5c32a]
[hydra11:353846] *** End of error message ***
[hydra08:375799] [ 8] /opt/mpi/openmpi-4.1.4//lib/libmpi.so.40(ompi_group_incl_plist+0x65)[0x7f1aaaafd915]
[hydra08:375799] [ 9] /opt/mpi/openmpi-4.1.4//lib/libmpi.so.40(PMPI_Group_incl+0x95)[0x7f1aaab2e185]
[hydra08:375799] [10] /home/thesis/jheld/MPI_Syrk_implementation/build/src/MPI_SYRK_implementation(+0x841a)[0x55927c6ef41a]
[hydra08:375799] [11] /home/thesis/jheld/MPI_Syrk_implementation/build/src/MPI_SYRK_implementation(+0x2ab0)[0x55927c6e9ab0]
[hydra08:375799] [12] /lib/x86_64-linux-gnu/libc.so.6(__libc_start_main+0xea)[0x7f1aa8bccd7a]
malloc(): invalid size (unsorted)
[hydra08:375799] [13] /home/thesis/jheld/MPI_Syrk_implementation/build/src/MPI_SYRK_implementation(+0x232a)[0x55927c6e932a]
[hydra08:375799] *** End of error message ***
[hydra06:374143] *** Process received signal ***
[hydra06:374143] Signal: Aborted (6)
[hydra06:374143] Signal code:  (-6)
[hydra06:374143] [ 0] /lib/x86_64-linux-gnu/libc.so.6(+0x38de0)[0x7f18a7bb8de0]
[hydra06:374143] [ 1] /lib/x86_64-linux-gnu/libc.so.6(gsignal+0x141)[0x7f18a7bb8d61]
[hydra06:374143] [ 2] /lib/x86_64-linux-gnu/libc.so.6(abort+0x123)[0x7f18a7ba2537]
[hydra06:374143] [ 3] /lib/x86_64-linux-gnu/libc.so.6(+0x7a468)[0x7f18a7bfa468]
[hydra06:374143] [ 4] /lib/x86_64-linux-gnu/libc.so.6(+0x8175a)[0x7f18a7c0175a]
[hydra06:374143] [ 5] /lib/x86_64-linux-gnu/libc.so.6(+0x8483c)[0x7f18a7c0483c]
[hydra06:374143] [ 6] /lib/x86_64-linux-gnu/libc.so.6(__libc_calloc+0x81)[0x7f18a7c06bd1]
[hydra06:374143] [ 7] /opt/mpi/openmpi-4.1.4//lib/libmpi.so.40(ompi_group_allocate+0x17)[0x7f18a9ad41e7]
[hydra06:374143] [ 8] /opt/mpi/openmpi-4.1.4//lib/libmpi.so.40(ompi_group_incl_plist+0x65)[0x7f18a9ad4915]
[hydra06:374143] [ 9] /opt/mpi/openmpi-4.1.4//lib/libmpi.so.40(PMPI_Group_incl+0x95)[0x7f18a9b05185]
[hydra06:374143] [10] /home/thesis/jheld/MPI_Syrk_implementation/build/src/MPI_SYRK_implementation(+0x841a)[0x55ed02c4441a]
[hydra06:374143] [11] /home/thesis/jheld/MPI_Syrk_implementation/build/src/MPI_SYRK_implementation(+0x2ab0)[0x55ed02c3eab0]
[hydra06:374143] [12] /lib/x86_64-linux-gnu/libc.so.6(__libc_start_main+0xea)[0x7f18a7ba3d7a]
[hydra06:374143] [13] /home/thesis/jheld/MPI_Syrk_implementation/build/src/MPI_SYRK_implementation(+0x232a)[0x55ed02c3e32a]
[hydra06:374143] *** End of error message ***
[hydra02:559464] [ 9] /opt/mpi/openmpi-4.1.4//lib/libmpi.so.40(PMPI_Group_incl+0x95)[0x7fc5888e7185]
[hydra02:559465] [ 9] /opt/mpi/openmpi-4.1.4//lib/libmpi.so.40(PMPI_Group_incl+0x95)[0x7fb934a21185]
[hydra02:559465] [10] /home/thesis/jheld/MPI_Syrk_implementation/build/src/MPI_SYRK_implementation(+0x841a)[0x5591145ed41a]
[hydra07:400526] [ 9] /opt/mpi/openmpi-4.1.4//lib/libmpi.so.40(PMPI_Group_incl+0x95)[0x7f3cf3af1185]
[hydra07:400526] [10] /home/thesis/jheld/MPI_Syrk_implementation/build/src/MPI_SYRK_implementation(+0x841a)[0x555b31cc041a]
[hydra02:559464] [10] /home/thesis/jheld/MPI_Syrk_implementation/build/src/MPI_SYRK_implementation(+0x841a)[0x557dd853b41a]
[hydra02:559464] [11] /home/thesis/jheld/MPI_Syrk_implementation/build/src/MPI_SYRK_implementation(+0x2ab0)[0x557dd8535ab0]
[hydra07:400526] [11] /home/thesis/jheld/MPI_Syrk_implementation/build/src/MPI_SYRK_implementation(+0x2ab0)[0x555b31cbaab0]
[hydra02:559465] [11] /home/thesis/jheld/MPI_Syrk_implementation/build/src/MPI_SYRK_implementation(+0x2ab0)[0x5591145e7ab0]
[hydra07:400525] [ 9] /opt/mpi/openmpi-4.1.4//lib/libmpi.so.40(PMPI_Group_incl+0x95)[0x7f43bf18a185]
[hydra02:559464] [12] /lib/x86_64-linux-gnu/libc.so.6(__libc_start_main+0xea)[0x7fc586985d7a]
[hydra02:559464] [13] /home/thesis/jheld/MPI_Syrk_implementation/build/src/MPI_SYRK_implementation(+0x232a)[0x557dd853532a]
[hydra02:559464] *** End of error message ***
[hydra07:400525] [10] /home/thesis/jheld/MPI_Syrk_implementation/build/src/MPI_SYRK_implementation(+0x841a)[0x55e3a9cf941a]
[hydra07:400525] [11] /home/thesis/jheld/MPI_Syrk_implementation/build/src/MPI_SYRK_implementation(+0x2ab0)[0x55e3a9cf3ab0]
[hydra02:559465] [12] /lib/x86_64-linux-gnu/libc.so.6(__libc_start_main+0xea)[0x7fb932abfd7a]
[hydra02:559465] [13] /home/thesis/jheld/MPI_Syrk_implementation/build/src/MPI_SYRK_implementation(+0x232a)[0x5591145e732a]
[hydra02:559465] *** End of error message ***
[hydra07:400526] [12] /lib/x86_64-linux-gnu/libc.so.6(__libc_start_main+0xea)[0x7f3cf1b8fd7a]
[hydra07:400526] [13] /home/thesis/jheld/MPI_Syrk_implementation/build/src/MPI_SYRK_implementation(+0x232a)[0x555b31cba32a]
[hydra07:400526] *** End of error message ***
[hydra07:400525] [12] /lib/x86_64-linux-gnu/libc.so.6(__libc_start_main+0xea)[0x7f43bd228d7a]
[hydra07:400525] [13] /home/thesis/jheld/MPI_Syrk_implementation/build/src/MPI_SYRK_implementation(+0x232a)[0x55e3a9cf332a]
[hydra07:400525] *** End of error message ***
srun: error: hydra06: task 15: Aborted
srun: error: hydra10: task 29: Aborted
srun: error: hydra04: tasks 9-10: Aborted
srun: error: hydra03: task 6: Aborted
srun: error: hydra05: task 12: Aborted
srun: error: hydra07: tasks 19-20: Aborted
srun: error: hydra02: tasks 4-5: Aborted
srun: error: hydra11: tasks 30,32: Aborted
srun: error: hydra12: tasks 33-34: Aborted
srun: error: hydra08: tasks 21-22: Aborted
srun: error: hydra01: tasks 0-1: Aborted
slurmstepd: error:  mpi/pmix_v4: _errhandler: hydra01 [0]: pmixp_client_v2.c:211: Error handler invoked: status = -61, source = [slurm.pmix.5008690.14:1]
slurmstepd: error:  mpi/pmix_v4: _errhandler: hydra10 [9]: pmixp_client_v2.c:211: Error handler invoked: status = -61, source = [slurm.pmix.5008690.14:29]
slurmstepd: error:  mpi/pmix_v4: _errhandler: hydra04 [3]: pmixp_client_v2.c:211: Error handler invoked: status = -61, source = [slurm.pmix.5008690.14:9]
slurmstepd: error:  mpi/pmix_v4: _errhandler: hydra05 [4]: pmixp_client_v2.c:211: Error handler invoked: status = -61, source = [slurm.pmix.5008690.14:12]
slurmstepd: error:  mpi/pmix_v4: _errhandler: hydra03 [2]: pmixp_client_v2.c:211: Error handler invoked: status = -61, source = [slurm.pmix.5008690.14:6]
slurmstepd: error:  mpi/pmix_v4: _errhandler: hydra11 [10]: pmixp_client_v2.c:211: Error handler invoked: status = -61, source = [slurm.pmix.5008690.14:32]
slurmstepd: error:  mpi/pmix_v4: _errhandler: hydra08 [7]: pmixp_client_v2.c:211: Error handler invoked: status = -61, source = [slurm.pmix.5008690.14:22]
slurmstepd: error:  mpi/pmix_v4: _errhandler: hydra06 [5]: pmixp_client_v2.c:211: Error handler invoked: status = -61, source = [slurm.pmix.5008690.14:15]
slurmstepd: error: *** STEP 5008690.14 ON hydra01 CANCELLED AT 2025-10-13T15:26:32 ***
srun: Job step aborted: Waiting up to 32 seconds for job step to finish.
slurmstepd: error:  mpi/pmix_v4: _errhandler: hydra12 [11]: pmixp_client_v2.c:211: Error handler invoked: status = -61, source = [slurm.pmix.5008690.14:34]
slurmstepd: error:  mpi/pmix_v4: _errhandler: hydra07 [6]: pmixp_client_v2.c:211: Error handler invoked: status = -61, source = [slurm.pmix.5008690.14:20]
slurmstepd: error:  mpi/pmix_v4: _errhandler: hydra02 [1]: pmixp_client_v2.c:211: Error handler invoked: status = -61, source = [slurm.pmix.5008690.14:4]
srun: error: hydra12: task 35: Killed
srun: error: hydra11: task 31: Killed
srun: error: hydra02: task 3: Killed
srun: error: hydra01: task 2: Killed
srun: error: hydra04: task 11: Killed
srun: error: hydra08: task 23: Killed
srun: error: hydra07: task 18: Killed
srun: error: hydra06: tasks 16-17: Killed
srun: error: hydra10: tasks 27-28: Killed
srun: error: hydra03: tasks 7-8: Killed
srun: error: hydra05: tasks 13-14: Killed
srun: error: hydra09: tasks 24-26: Killed
⚠️ Warning: No runtime found for run 15
srun: Warning: can't honor --ntasks-per-node set to 1 which doesn't match the requested tasks 36 with the number of requested nodes 12. Ignoring --ntasks-per-node.
missing input file name --> Generate random input
malloc(): invalid size (unsorted)
[hydra01:874160] *** Process received signal ***
[hydra01:874160] Signal: Aborted (6)
[hydra01:874160] Signal code:  (-6)
malloc(): invalid size (unsorted)
[hydra01:874160] [ 0] /lib/x86_64-linux-gnu/libc.so.6(+0x38de0)[0x7feef3bd5de0]
[hydra01:874160] [ 1] /lib/x86_64-linux-gnu/libc.so.6(gsignal+0x141)[0x7feef3bd5d61]
[hydra01:874159] *** Process received signal ***
[hydra01:874160] [ 2] /lib/x86_64-linux-gnu/libc.so.6(abort+0x123)[0x7feef3bbf537]
[hydra01:874159] Signal: Aborted (6)
[hydra01:874159] Signal code:  (-6)
[hydra01:874160] [ 3] /lib/x86_64-linux-gnu/libc.so.6(+0x7a468)[0x7feef3c17468]
[hydra01:874160] [ 4] /lib/x86_64-linux-gnu/libc.so.6(+0x8175a)[0x7feef3c1e75a]
malloc(): invalid size (unsorted)
[hydra12:353941] *** Process received signal ***
[hydra01:874160] [ 5] /lib/x86_64-linux-gnu/libc.so.6(+0x8483c)[0x7feef3c2183c]
[hydra01:874159] [ 0] /lib/x86_64-linux-gnu/libc.so.6(+0x38de0)[0x7f19652ecde0]
[hydra01:874160] [ 6] /lib/x86_64-linux-gnu/libc.so.6(__libc_calloc+0x81)[0x7feef3c23bd1]
[hydra01:874159] [ 1] /lib/x86_64-linux-gnu/libc.so.6(gsignal+0x141)[0x7f19652ecd61]
[hydra01:874160] [ 7] /opt/mpi/openmpi-4.1.4//lib/libmpi.so.40(ompi_group_allocate+0x17)[0x7feef5af11e7]
[hydra01:874159] [ 2] /lib/x86_64-linux-gnu/libc.so.6(abort+0x123)[0x7f19652d6537]
[hydra01:874160] [ 8] /opt/mpi/openmpi-4.1.4//lib/libmpi.so.40(ompi_group_incl_plist+0x65)[0x7feef5af1915]
[hydra01:874159] [ 3] /lib/x86_64-linux-gnu/libc.so.6(+0x7a468)[0x7f196532e468]
[hydra01:874160] [ 9] /opt/mpi/openmpi-4.1.4//lib/libmpi.so.40(PMPI_Group_incl+0x95)[0x7feef5b22185]
[hydra01:874160] [10] /home/thesis/jheld/MPI_Syrk_implementation/build/src/MPI_SYRK_implementation(+0x841a)[0x5612bb32241a]
[hydra01:874160] [11] /home/thesis/jheld/MPI_Syrk_implementation/build/src/MPI_SYRK_implementation(+0x2ab0)[0x5612bb31cab0]
[hydra01:874160] [12] /lib/x86_64-linux-gnu/libc.so.6(__libc_start_main+0xea)[0x7feef3bc0d7a]
[hydra01:874159] [ 4] /lib/x86_64-linux-gnu/libc.so.6(+0x8175a)[0x7f196533575a]
[hydra01:874160] [13] /home/thesis/jheld/MPI_Syrk_implementation/build/src/MPI_SYRK_implementation(+0x232a)[0x5612bb31c32a]
[hydra01:874160] *** End of error message ***
malloc(): invalid size (unsorted)
[hydra05:373514] *** Process received signal ***
[hydra01:874159] [ 5] /lib/x86_64-linux-gnu/libc.so.6(+0x8483c)[0x7f196533883c]
[hydra01:874159] [ 6] /lib/x86_64-linux-gnu/libc.so.6(__libc_calloc+0x81)[0x7f196533abd1]
[hydra01:874159] [ 7] /opt/mpi/openmpi-4.1.4//lib/libmpi.so.40(ompi_group_allocate+0x17)[0x7f19672081e7]
[hydra01:874159] [ 8] /opt/mpi/openmpi-4.1.4//lib/libmpi.so.40(ompi_group_incl_plist+0x65)[0x7f1967208915]
[hydra01:874159] [ 9] /opt/mpi/openmpi-4.1.4//lib/libmpi.so.40(PMPI_Group_incl+0x95)[0x7f1967239185]
[hydra01:874159] [10] /home/thesis/jheld/MPI_Syrk_implementation/build/src/MPI_SYRK_implementation(+0x841a)[0x55a32a93441a]
[hydra01:874159] [11] /home/thesis/jheld/MPI_Syrk_implementation/build/src/MPI_SYRK_implementation(+0x2ab0)[0x55a32a92eab0]
[hydra01:874159] [12] /lib/x86_64-linux-gnu/libc.so.6(__libc_start_main+0xea)[0x7f19652d7d7a]
[hydra01:874159] [13] /home/thesis/jheld/MPI_Syrk_implementation/build/src/MPI_SYRK_implementation(+0x232a)[0x55a32a92e32a]
[hydra01:874159] *** End of error message ***
malloc(): invalid size (unsorted)
[hydra11:353917] *** Process received signal ***
[hydra11:353917] Signal: Aborted (6)
[hydra11:353917] Signal code:  (-6)
[hydra12:353941] Signal: Aborted (6)
[hydra12:353941] Signal code:  (-6)
[hydra12:353941] [ 0] /lib/x86_64-linux-gnu/libc.so.6(+0x38de0)[0x7f38b8bcfde0]
[hydra12:353941] [ 1] /lib/x86_64-linux-gnu/libc.so.6(gsignal+0x141)[0x7f38b8bcfd61]
[hydra12:353941] [ 2] /lib/x86_64-linux-gnu/libc.so.6(abort+0x123)[0x7f38b8bb9537]
[hydra12:353941] [ 3] /lib/x86_64-linux-gnu/libc.so.6(+0x7a468)[0x7f38b8c11468]
[hydra12:353941] [ 4] /lib/x86_64-linux-gnu/libc.so.6(+0x8175a)[0x7f38b8c1875a]
[hydra12:353941] [ 5] /lib/x86_64-linux-gnu/libc.so.6(+0x8483c)[0x7f38b8c1b83c]
[hydra12:353941] [ 6] /lib/x86_64-linux-gnu/libc.so.6(__libc_calloc+0x81)[0x7f38b8c1dbd1]
[hydra12:353941] [ 7] /opt/mpi/openmpi-4.1.4//lib/libmpi.so.40(ompi_group_allocate+0x17)[0x7f38baaeb1e7]
[hydra12:353941] [ 8] /opt/mpi/openmpi-4.1.4//lib/libmpi.so.40(ompi_group_incl_plist+0x65)[0x7f38baaeb915]
[hydra11:353917] [ 0] /lib/x86_64-linux-gnu/libc.so.6(+0x38de0)[0x7fedd4f52de0]
[hydra12:353941] [ 9] /opt/mpi/openmpi-4.1.4//lib/libmpi.so.40(PMPI_Group_incl+0x95)[0x7f38bab1c185]
[hydra12:353941] [10] /home/thesis/jheld/MPI_Syrk_implementation/build/src/MPI_SYRK_implementation(+0x841a)[0x55bc6ba7241a]
[hydra12:353941] [11] /home/thesis/jheld/MPI_Syrk_implementation/build/src/MPI_SYRK_implementation(+0x2ab0)[0x55bc6ba6cab0]
[hydra12:353941] [12] /lib/x86_64-linux-gnu/libc.so.6(__libc_start_main+0xea)[0x7f38b8bbad7a]
[hydra12:353941] [13] /home/thesis/jheld/MPI_Syrk_implementation/build/src/MPI_SYRK_implementation(+0x232a)[0x55bc6ba6c32a]
[hydra12:353941] *** End of error message ***
[hydra11:353917] [ 1] /lib/x86_64-linux-gnu/libc.so.6(gsignal+0x141)[0x7fedd4f52d61]
[hydra11:353917] [ 2] /lib/x86_64-linux-gnu/libc.so.6(abort+0x123)[0x7fedd4f3c537]
[hydra11:353917] [ 3] /lib/x86_64-linux-gnu/libc.so.6(+0x7a468)[0x7fedd4f94468]
[hydra11:353917] [ 4] /lib/x86_64-linux-gnu/libc.so.6(+0x8175a)[0x7fedd4f9b75a]
[hydra05:373514] Signal: Aborted (6)
[hydra05:373514] Signal code:  (-6)
[hydra05:373514] [ 0] /lib/x86_64-linux-gnu/libc.so.6(+0x38de0)[0x7ff2fd229de0]
[hydra05:373514] [ 1] /lib/x86_64-linux-gnu/libc.so.6(gsignal+0x141)[0x7ff2fd229d61]
[hydra05:373514] [ 2] /lib/x86_64-linux-gnu/libc.so.6(abort+0x123)[0x7ff2fd213537]
[hydra11:353917] [ 5] /lib/x86_64-linux-gnu/libc.so.6(+0x8483c)[0x7fedd4f9e83c]
[hydra05:373514] [ 3] /lib/x86_64-linux-gnu/libc.so.6(+0x7a468)[0x7ff2fd26b468]
malloc(): invalid size (unsorted)
[hydra05:373514] [ 4] /lib/x86_64-linux-gnu/libc.so.6(+0x8175a)[0x7ff2fd27275a]
[hydra05:373514] [ 5] /lib/x86_64-linux-gnu/libc.so.6(+0x8483c)[0x7ff2fd27583c]
[hydra05:373514] [ 6] /lib/x86_64-linux-gnu/libc.so.6(__libc_calloc+0x81)[0x7ff2fd277bd1]
[hydra11:353917] [ 6] /lib/x86_64-linux-gnu/libc.so.6(__libc_calloc+0x81)[0x7fedd4fa0bd1]
[hydra05:373514] [ 7] /opt/mpi/openmpi-4.1.4//lib/libmpi.so.40(ompi_group_allocate+0x17)[0x7ff2ff1451e7]
[hydra11:353917] [ 7] /opt/mpi/openmpi-4.1.4//lib/libmpi.so.40(ompi_group_allocate+0x17)[0x7fedd6e6e1e7]
[hydra05:373514] [ 8] /opt/mpi/openmpi-4.1.4//lib/libmpi.so.40(ompi_group_incl_plist+0x65)[0x7ff2ff145915]
[hydra05:373514] [ 9] /opt/mpi/openmpi-4.1.4//lib/libmpi.so.40(PMPI_Group_incl+0x95)[0x7ff2ff176185]
[hydra11:353917] [ 8] /opt/mpi/openmpi-4.1.4//lib/libmpi.so.40(ompi_group_incl_plist+0x65)[0x7fedd6e6e915]
[hydra05:373514] [10] /home/thesis/jheld/MPI_Syrk_implementation/build/src/MPI_SYRK_implementation(+0x841a)[0x555ef4fe841a]
[hydra05:373514] [11] /home/thesis/jheld/MPI_Syrk_implementation/build/src/MPI_SYRK_implementation(+0x2ab0)[0x555ef4fe2ab0]
[hydra05:373514] [12] /lib/x86_64-linux-gnu/libc.so.6(__libc_start_main+0xea)[0x7ff2fd214d7a]
[hydra05:373514] [13] /home/thesis/jheld/MPI_Syrk_implementation/build/src/MPI_SYRK_implementation(+0x232a)[0x555ef4fe232a]
[hydra05:373514] *** End of error message ***
[hydra11:353917] [ 9] /opt/mpi/openmpi-4.1.4//lib/libmpi.so.40(PMPI_Group_incl+0x95)[0x7fedd6e9f185]
[hydra11:353917] [10] /home/thesis/jheld/MPI_Syrk_implementation/build/src/MPI_SYRK_implementation(+0x841a)[0x5633ab12741a]
[hydra11:353917] [11] /home/thesis/jheld/MPI_Syrk_implementation/build/src/MPI_SYRK_implementation(+0x2ab0)[0x5633ab121ab0]
[hydra11:353917] [12] /lib/x86_64-linux-gnu/libc.so.6(__libc_start_main+0xea)[0x7fedd4f3dd7a]
malloc(): invalid size (unsorted)
[hydra11:353917] [13] /home/thesis/jheld/MPI_Syrk_implementation/build/src/MPI_SYRK_implementation(+0x232a)[0x5633ab12132a]
[hydra11:353917] *** End of error message ***
malloc(): invalid size (unsorted)
[hydra06:374213] *** Process received signal ***
[hydra06:374213] Signal: Aborted (6)
[hydra06:374213] Signal code:  (-6)
malloc(): invalid size (unsorted)
[hydra12:353942] *** Process received signal ***
[hydra12:353942] Signal: Aborted (6)
[hydra12:353942] Signal code:  (-6)
malloc(): invalid size (unsorted)
[hydra12:353942] [ 0] /lib/x86_64-linux-gnu/libc.so.6(+0x38de0)[0x7f9ae993dde0]
[hydra12:353942] [ 1] /lib/x86_64-linux-gnu/libc.so.6(gsignal+0x141)[0x7f9ae993dd61]
[hydra12:353942] [ 2] /lib/x86_64-linux-gnu/libc.so.6(abort+0x123)[0x7f9ae9927537]
[hydra12:353942] [ 3] /lib/x86_64-linux-gnu/libc.so.6(+0x7a468)[0x7f9ae997f468]
[hydra12:353942] [ 4] /lib/x86_64-linux-gnu/libc.so.6(+0x8175a)[0x7f9ae998675a]
[hydra12:353942] [ 5] /lib/x86_64-linux-gnu/libc.so.6(+0x8483c)[0x7f9ae998983c]
[hydra12:353942] [ 6] /lib/x86_64-linux-gnu/libc.so.6(__libc_calloc+0x81)[0x7f9ae998bbd1]
[hydra12:353942] [ 7] /opt/mpi/openmpi-4.1.4//lib/libmpi.so.40(ompi_group_allocate+0x17)[0x7f9aeb8591e7]
[hydra12:353942] [ 8] /opt/mpi/openmpi-4.1.4//lib/libmpi.so.40(ompi_group_incl_plist+0x65)[0x7f9aeb859915]
[hydra12:353942] [ 9] /opt/mpi/openmpi-4.1.4//lib/libmpi.so.40(PMPI_Group_incl+0x95)[0x7f9aeb88a185]
[hydra12:353942] [10] /home/thesis/jheld/MPI_Syrk_implementation/build/src/MPI_SYRK_implementation(+0x841a)[0x55eeaa3b541a]
[hydra06:374213] [ 0] /lib/x86_64-linux-gnu/libc.so.6(+0x38de0)[0x7f0ceaa4ade0]
[hydra12:353942] [11] /home/thesis/jheld/MPI_Syrk_implementation/build/src/MPI_SYRK_implementation(+0x2ab0)[0x55eeaa3afab0]
malloc(): invalid size (unsorted)
[hydra08:375870] *** Process received signal ***
[hydra12:353942] [12] /lib/x86_64-linux-gnu/libc.so.6(__libc_start_main+0xea)[0x7f9ae9928d7a]
malloc(): invalid size (unsorted)
[hydra07:400593] *** Process received signal ***
[hydra06:374213] [ 1] /lib/x86_64-linux-gnu/libc.so.6(gsignal+0x141)[0x7f0ceaa4ad61]
[hydra12:353942] [13] /home/thesis/jheld/MPI_Syrk_implementation/build/src/MPI_SYRK_implementation(+0x232a)[0x55eeaa3af32a]
[hydra12:353942] *** End of error message ***
[hydra03:390810] *** Process received signal ***
[hydra03:390810] Signal: Aborted (6)
[hydra03:390810] Signal code:  (-6)
[hydra06:374213] [ 2] /lib/x86_64-linux-gnu/libc.so.6(abort+0x123)[0x7f0ceaa34537]
[hydra03:390810] [ 0] /lib/x86_64-linux-gnu/libc.so.6(+0x38de0)[0x7efe499e2de0]
[hydra09:367199] *** Process received signal ***
[hydra03:390810] [ 1] /lib/x86_64-linux-gnu/libc.so.6(gsignal+0x141)[0x7efe499e2d61]
[hydra09:367199] Signal: Aborted (6)
[hydra09:367199] Signal code:  (-6)
[hydra06:374213] [ 3] /lib/x86_64-linux-gnu/libc.so.6(+0x7a468)[0x7f0ceaa8c468]
[hydra03:390810] [ 2] /lib/x86_64-linux-gnu/libc.so.6(abort+0x123)[0x7efe499cc537]
[hydra09:367199] [ 0] /lib/x86_64-linux-gnu/libc.so.6(+0x38de0)[0x7f060c829de0]
[hydra03:390810] [ 3] /lib/x86_64-linux-gnu/libc.so.6(+0x7a468)[0x7efe49a24468]
[hydra09:367199] [ 1] /lib/x86_64-linux-gnu/libc.so.6(gsignal+0x141)[0x7f060c829d61]
[hydra03:390810] [ 4] /lib/x86_64-linux-gnu/libc.so.6(+0x8175a)[0x7efe49a2b75a]
[hydra09:367199] [ 2] /lib/x86_64-linux-gnu/libc.so.6(abort+0x123)[0x7f060c813537]
[hydra06:374213] [ 4] /lib/x86_64-linux-gnu/libc.so.6(+0x8175a)[0x7f0ceaa9375a]
[hydra03:390810] [ 5] /lib/x86_64-linux-gnu/libc.so.6(+0x8483c)[0x7efe49a2e83c]
[hydra09:367199] [ 3] /lib/x86_64-linux-gnu/libc.so.6(+0x7a468)[0x7f060c86b468]
[hydra06:374213] [ 5] /lib/x86_64-linux-gnu/libc.so.6(+0x8483c)[0x7f0ceaa9683c]
[hydra03:390810] [ 6] /lib/x86_64-linux-gnu/libc.so.6(__libc_calloc+0x81)[0x7efe49a30bd1]
[hydra09:367199] [ 4] /lib/x86_64-linux-gnu/libc.so.6(+0x8175a)[0x7f060c87275a]
[hydra03:390810] [ 7] /opt/mpi/openmpi-4.1.4//lib/libmpi.so.40(ompi_group_allocate+0x17)[0x7efe4b8fe1e7]
[hydra09:367199] [ 5] /lib/x86_64-linux-gnu/libc.so.6(+0x8483c)[0x7f060c87583c]
[hydra06:374213] [ 6] /lib/x86_64-linux-gnu/libc.so.6(__libc_calloc+0x81)[0x7f0ceaa98bd1]
[hydra03:390810] [ 8] /opt/mpi/openmpi-4.1.4//lib/libmpi.so.40(ompi_group_incl_plist+0x65)[0x7efe4b8fe915]
[hydra09:367199] [ 6] /lib/x86_64-linux-gnu/libc.so.6(__libc_calloc+0x81)[0x7f060c877bd1]
[hydra03:390810] [ 9] /opt/mpi/openmpi-4.1.4//lib/libmpi.so.40(PMPI_Group_incl+0x95)[0x7efe4b92f185]
[hydra09:367199] [ 7] /opt/mpi/openmpi-4.1.4//lib/libmpi.so.40(ompi_group_allocate+0x17)[0x7f060e7451e7]
[hydra03:390810] [10] /home/thesis/jheld/MPI_Syrk_implementation/build/src/MPI_SYRK_implementation(+0x841a)[0x55e5ab64241a]
[hydra09:367199] [ 8] /opt/mpi/openmpi-4.1.4//lib/libmpi.so.40(ompi_group_incl_plist+0x65)[0x7f060e745915]
[hydra06:374213] [ 7] /opt/mpi/openmpi-4.1.4//lib/libmpi.so.40(ompi_group_allocate+0x17)[0x7f0cec9661e7]
[hydra03:390810] [11] /home/thesis/jheld/MPI_Syrk_implementation/build/src/MPI_SYRK_implementation(+0x2ab0)[0x55e5ab63cab0]
[hydra09:367199] [ 9] /opt/mpi/openmpi-4.1.4//lib/libmpi.so.40(PMPI_Group_incl+0x95)[0x7f060e776185]
[hydra06:374213] [ 8] /opt/mpi/openmpi-4.1.4//lib/libmpi.so.40(ompi_group_incl_plist+0x65)[0x7f0cec966915]
[hydra03:390810] [12] /lib/x86_64-linux-gnu/libc.so.6(__libc_start_main+0xea)[0x7efe499cdd7a]
[hydra03:390810] [13] /home/thesis/jheld/MPI_Syrk_implementation/build/src/MPI_SYRK_implementation(+0x232a)[0x55e5ab63c32a]
[hydra09:367199] [10] /home/thesis/jheld/MPI_Syrk_implementation/build/src/MPI_SYRK_implementation(+0x841a)[0x55f78887f41a]
[hydra03:390810] *** End of error message ***
[hydra09:367199] [11] /home/thesis/jheld/MPI_Syrk_implementation/build/src/MPI_SYRK_implementation(+0x2ab0)[0x55f788879ab0]
[hydra06:374213] [ 9] /opt/mpi/openmpi-4.1.4//lib/libmpi.so.40(PMPI_Group_incl+0x95)[0x7f0cec997185]
[hydra06:374213] [10] /home/thesis/jheld/MPI_Syrk_implementation/build/src/MPI_SYRK_implementation(+0x841a)[0x5599eaa3a41a]
[hydra09:367199] [12] /lib/x86_64-linux-gnu/libc.so.6(__libc_start_main+0xea)[0x7f060c814d7a]
[hydra06:374213] [11] /home/thesis/jheld/MPI_Syrk_implementation/build/src/MPI_SYRK_implementation(+0x2ab0)[0x5599eaa34ab0]
[hydra09:367199] [13] /home/thesis/jheld/MPI_Syrk_implementation/build/src/MPI_SYRK_implementation(+0x232a)[0x55f78887932a]
[hydra09:367199] *** End of error message ***
[hydra06:374213] [12] /lib/x86_64-linux-gnu/libc.so.6(__libc_start_main+0xea)[0x7f0ceaa35d7a]
[hydra06:374213] [13] /home/thesis/jheld/MPI_Syrk_implementation/build/src/MPI_SYRK_implementation(+0x232a)[0x5599eaa3432a]
[hydra06:374213] *** End of error message ***
[hydra07:400593] Signal: Aborted (6)
[hydra07:400593] Signal code:  (-6)
[hydra07:400593] [ 0] /lib/x86_64-linux-gnu/libc.so.6(+0x38de0)[0x7f6955d48de0]
[hydra07:400593] [ 1] /lib/x86_64-linux-gnu/libc.so.6(gsignal+0x141)[0x7f6955d48d61]
[hydra08:375870] Signal: Aborted (6)
[hydra08:375870] Signal code:  (-6)
[hydra07:400593] [ 2] /lib/x86_64-linux-gnu/libc.so.6(abort+0x123)[0x7f6955d32537]
[hydra04:389591] *** Process received signal ***
[hydra08:375870] [ 0] /lib/x86_64-linux-gnu/libc.so.6(+0x38de0)[0x7fce7d0b9de0]
[hydra07:400593] [ 3] /lib/x86_64-linux-gnu/libc.so.6(+0x7a468)[0x7f6955d8a468]
[hydra04:389591] Signal: Aborted (6)
[hydra04:389591] Signal code:  (-6)
[hydra08:375870] [ 1] /lib/x86_64-linux-gnu/libc.so.6(gsignal+0x141)[0x7fce7d0b9d61]
[hydra07:400593] [ 4] /lib/x86_64-linux-gnu/libc.so.6(+0x8175a)[0x7f6955d9175a]
[hydra04:389591] [ 0] /lib/x86_64-linux-gnu/libc.so.6(+0x38de0)[0x7f492c068de0]
[hydra08:375870] [ 2] /lib/x86_64-linux-gnu/libc.so.6(abort+0x123)[0x7fce7d0a3537]
malloc(): invalid size (unsorted)
[hydra01:874161] *** Process received signal ***
[hydra07:400593] [ 5] /lib/x86_64-linux-gnu/libc.so.6(+0x8483c)[0x7f6955d9483c]
[hydra04:389591] [ 1] /lib/x86_64-linux-gnu/libc.so.6(gsignal+0x141)[0x7f492c068d61]
[hydra08:375870] [ 3] /lib/x86_64-linux-gnu/libc.so.6(+0x7a468)[0x7fce7d0fb468]
[hydra01:874161] Signal: Aborted (6)
[hydra01:874161] Signal code:  (-6)
[hydra07:400593] [ 6] /lib/x86_64-linux-gnu/libc.so.6(__libc_calloc+0x81)[0x7f6955d96bd1]
[hydra04:389591] [ 2] /lib/x86_64-linux-gnu/libc.so.6(abort+0x123)[0x7f492c052537]
[hydra08:375870] [ 4] /lib/x86_64-linux-gnu/libc.so.6(+0x8175a)[0x7fce7d10275a]
[hydra07:400593] [ 7] /opt/mpi/openmpi-4.1.4//lib/libmpi.so.40(ompi_group_allocate+0x17)[0x7f6957c641e7]
[hydra04:389591] [ 3] /lib/x86_64-linux-gnu/libc.so.6(+0x7a468)[0x7f492c0aa468]
[hydra08:375870] [ 5] /lib/x86_64-linux-gnu/libc.so.6(+0x8483c)[0x7fce7d10583c]
[hydra07:400593] [ 8] /opt/mpi/openmpi-4.1.4//lib/libmpi.so.40(ompi_group_incl_plist+0x65)[0x7f6957c64915]
[hydra04:389591] [ 4] /lib/x86_64-linux-gnu/libc.so.6(+0x8175a)[0x7f492c0b175a]
[hydra08:375870] [ 6] /lib/x86_64-linux-gnu/libc.so.6(__libc_calloc+0x81)[0x7fce7d107bd1]
[hydra07:400593] [ 9] /opt/mpi/openmpi-4.1.4//lib/libmpi.so.40(PMPI_Group_incl+0x95)[0x7f6957c95185]
[hydra04:389591] [ 5] /lib/x86_64-linux-gnu/libc.so.6(+0x8483c)[0x7f492c0b483c]
[hydra08:375870] [ 7] /opt/mpi/openmpi-4.1.4//lib/libmpi.so.40(ompi_group_allocate+0x17)[0x7fce7efd51e7]
[hydra07:400593] [10] /home/thesis/jheld/MPI_Syrk_implementation/build/src/MPI_SYRK_implementation(+0x841a)[0x555ae755f41a]
[hydra04:389591] [ 6] /lib/x86_64-linux-gnu/libc.so.6(__libc_calloc+0x81)[0x7f492c0b6bd1]
[hydra08:375870] [ 8] /opt/mpi/openmpi-4.1.4//lib/libmpi.so.40(ompi_group_incl_plist+0x65)[0x7fce7efd5915]
[hydra07:400593] [11] /home/thesis/jheld/MPI_Syrk_implementation/build/src/MPI_SYRK_implementation(+0x2ab0)[0x555ae7559ab0]
malloc(): invalid size (unsorted)
[hydra02:559546] *** Process received signal ***
[hydra04:389591] [ 7] /opt/mpi/openmpi-4.1.4//lib/libmpi.so.40(ompi_group_allocate+0x17)[0x7f492df841e7]
[hydra08:375870] [ 9] /opt/mpi/openmpi-4.1.4//lib/libmpi.so.40(PMPI_Group_incl+0x95)[0x7fce7f006185]
[hydra07:400593] [12] /lib/x86_64-linux-gnu/libc.so.6(__libc_start_main+0xea)[0x7f6955d33d7a]
[hydra07:400593] [13] /home/thesis/jheld/MPI_Syrk_implementation/build/src/MPI_SYRK_implementation(+0x232a)[0x555ae755932a]
[hydra04:389591] [ 8] /opt/mpi/openmpi-4.1.4//lib/libmpi.so.40(ompi_group_incl_plist+0x65)[0x7f492df84915]
[hydra08:375870] [10] /home/thesis/jheld/MPI_Syrk_implementation/build/src/MPI_SYRK_implementation(+0x841a)[0x55ec0d3c841a]
[hydra08:375870] [11] /home/thesis/jheld/MPI_Syrk_implementation/build/src/MPI_SYRK_implementation(+0x2ab0)[0x55ec0d3c2ab0]
[hydra07:400593] *** End of error message ***
[hydra04:389591] [ 9] /opt/mpi/openmpi-4.1.4//lib/libmpi.so.40(PMPI_Group_incl+0x95)[0x7f492dfb5185]
[hydra08:375870] [12] /lib/x86_64-linux-gnu/libc.so.6(__libc_start_main+0xea)[0x7fce7d0a4d7a]
[hydra08:375870] [13] /home/thesis/jheld/MPI_Syrk_implementation/build/src/MPI_SYRK_implementation(+0x232a)[0x55ec0d3c232a]
[hydra04:389591] [10] /home/thesis/jheld/MPI_Syrk_implementation/build/src/MPI_SYRK_implementation(+0x841a)[0x564ec893041a]
[hydra08:375870] *** End of error message ***
[hydra04:389591] [11] /home/thesis/jheld/MPI_Syrk_implementation/build/src/MPI_SYRK_implementation(+0x2ab0)[0x564ec892aab0]
[hydra04:389591] [12] /lib/x86_64-linux-gnu/libc.so.6(__libc_start_main+0xea)[0x7f492c053d7a]
[hydra04:389591] [13] /home/thesis/jheld/MPI_Syrk_implementation/build/src/MPI_SYRK_implementation(+0x232a)[0x564ec892a32a]
[hydra04:389591] *** End of error message ***
malloc(): invalid size (unsorted)
[hydra10:484947] *** Process received signal ***
[hydra01:874161] [ 0] /lib/x86_64-linux-gnu/libc.so.6(+0x38de0)[0x7f099cb1ade0]
[hydra01:874161] [ 1] /lib/x86_64-linux-gnu/libc.so.6(gsignal+0x141)[0x7f099cb1ad61]
[hydra01:874161] [ 2] /lib/x86_64-linux-gnu/libc.so.6(abort+0x123)[0x7f099cb04537]
[hydra01:874161] [ 3] /lib/x86_64-linux-gnu/libc.so.6(+0x7a468)[0x7f099cb5c468]
[hydra01:874161] [ 4] /lib/x86_64-linux-gnu/libc.so.6(+0x8175a)[0x7f099cb6375a]
[hydra01:874161] [ 5] /lib/x86_64-linux-gnu/libc.so.6(+0x8483c)[0x7f099cb6683c]
malloc(): invalid size (unsorted)
[hydra01:874161] [ 6] /lib/x86_64-linux-gnu/libc.so.6(__libc_calloc+0x81)[0x7f099cb68bd1]
[hydra01:874161] [ 7] /opt/mpi/openmpi-4.1.4//lib/libmpi.so.40(ompi_group_allocate+0x17)[0x7f099ea361e7]
[hydra11:353916] *** Process received signal ***
[hydra01:874161] [ 8] /opt/mpi/openmpi-4.1.4//lib/libmpi.so.40(ompi_group_incl_plist+0x65)[0x7f099ea36915]
[hydra01:874161] [ 9] /opt/mpi/openmpi-4.1.4//lib/libmpi.so.40(PMPI_Group_incl+0x95)[0x7f099ea67185]
[hydra01:874161] [10] /home/thesis/jheld/MPI_Syrk_implementation/build/src/MPI_SYRK_implementation(+0x841a)[0x55d748d1441a]
[hydra11:353916] Signal: Aborted (6)
[hydra11:353916] Signal code:  (-6)
[hydra01:874161] [11] /home/thesis/jheld/MPI_Syrk_implementation/build/src/MPI_SYRK_implementation(+0x2ab0)[0x55d748d0eab0]
[hydra01:874161] [12] /lib/x86_64-linux-gnu/libc.so.6(__libc_start_main+0xea)[0x7f099cb05d7a]
[hydra01:874161] [13] /home/thesis/jheld/MPI_Syrk_implementation/build/src/MPI_SYRK_implementation(+0x232a)[0x55d748d0e32a]
[hydra01:874161] *** End of error message ***
[hydra11:353916] [ 0] /lib/x86_64-linux-gnu/libc.so.6(+0x38de0)[0x7f12048aede0]
[hydra02:559546] Signal: Aborted (6)
[hydra02:559546] Signal code:  (-6)
[hydra11:353916] [ 1] /lib/x86_64-linux-gnu/libc.so.6(gsignal+0x141)[0x7f12048aed61]
[hydra10:484947] Signal: Aborted (6)
[hydra10:484947] Signal code:  (-6)
[hydra02:559546] [ 0] /lib/x86_64-linux-gnu/libc.so.6(+0x38de0)[0x7f9879105de0]
[hydra11:353916] [ 2] /lib/x86_64-linux-gnu/libc.so.6(abort+0x123)[0x7f1204898537]
[hydra10:484947] [ 0] /lib/x86_64-linux-gnu/libc.so.6(+0x38de0)[0x7f32e11a0de0]
[hydra02:559546] [ 1] /lib/x86_64-linux-gnu/libc.so.6(gsignal+0x141)[0x7f9879105d61]
[hydra10:484947] [ 1] /lib/x86_64-linux-gnu/libc.so.6(gsignal+0x141)[0x7f32e11a0d61]
[hydra02:559546] [ 2] /lib/x86_64-linux-gnu/libc.so.6(abort+0x123)[0x7f98790ef537]
[hydra11:353916] [ 3] /lib/x86_64-linux-gnu/libc.so.6(+0x7a468)[0x7f12048f0468]
[hydra10:484947] [ 2] /lib/x86_64-linux-gnu/libc.so.6(abort+0x123)[0x7f32e118a537]
[hydra02:559546] [ 3] /lib/x86_64-linux-gnu/libc.so.6(+0x7a468)[0x7f9879147468]
[hydra10:484947] [ 3] /lib/x86_64-linux-gnu/libc.so.6(+0x7a468)[0x7f32e11e2468]
[hydra02:559546] [ 4] /lib/x86_64-linux-gnu/libc.so.6(+0x8175a)[0x7f987914e75a]
[hydra10:484947] [ 4] /lib/x86_64-linux-gnu/libc.so.6(+0x8175a)[0x7f32e11e975a]
[hydra02:559546] [ 5] /lib/x86_64-linux-gnu/libc.so.6(+0x8483c)[0x7f987915183c]
[hydra11:353916] [ 4] /lib/x86_64-linux-gnu/libc.so.6(+0x8175a)[0x7f12048f775a]
[hydra10:484947] [ 5] /lib/x86_64-linux-gnu/libc.so.6(+0x8483c)[0x7f32e11ec83c]
[hydra02:559546] [ 6] /lib/x86_64-linux-gnu/libc.so.6(__libc_calloc+0x81)[0x7f9879153bd1]
[hydra10:484947] [ 6] /lib/x86_64-linux-gnu/libc.so.6(__libc_calloc+0x81)[0x7f32e11eebd1]
[hydra02:559546] [ 7] /opt/mpi/openmpi-4.1.4//lib/libmpi.so.40(ompi_group_allocate+0x17)[0x7f987b0211e7]
[hydra10:484947] [ 7] /opt/mpi/openmpi-4.1.4//lib/libmpi.so.40(ompi_group_allocate+0x17)[0x7f32e30bc1e7]
[hydra02:559546] [ 8] /opt/mpi/openmpi-4.1.4//lib/libmpi.so.40(ompi_group_incl_plist+0x65)[0x7f987b021915]
[hydra11:353916] [ 5] /lib/x86_64-linux-gnu/libc.so.6(+0x8483c)[0x7f12048fa83c]
[hydra10:484947] [ 8] /opt/mpi/openmpi-4.1.4//lib/libmpi.so.40(ompi_group_incl_plist+0x65)[0x7f32e30bc915]
[hydra02:559546] [ 9] /opt/mpi/openmpi-4.1.4//lib/libmpi.so.40(PMPI_Group_incl+0x95)[0x7f987b052185]
[hydra11:353916] [ 6] /lib/x86_64-linux-gnu/libc.so.6(__libc_calloc+0x81)[0x7f12048fcbd1]
[hydra10:484947] [ 9] /opt/mpi/openmpi-4.1.4//lib/libmpi.so.40(PMPI_Group_incl+0x95)[0x7f32e30ed185]
[hydra02:559546] [10] /home/thesis/jheld/MPI_Syrk_implementation/build/src/MPI_SYRK_implementation(+0x841a)[0x5601930d741a]
[hydra10:484947] [10] /home/thesis/jheld/MPI_Syrk_implementation/build/src/MPI_SYRK_implementation(+0x841a)[0x55b511fa341a]
[hydra10:484947] [11] /home/thesis/jheld/MPI_Syrk_implementation/build/src/MPI_SYRK_implementation(+0x2ab0)[0x55b511f9dab0]
[hydra02:559546] [11] /home/thesis/jheld/MPI_Syrk_implementation/build/src/MPI_SYRK_implementation(+0x2ab0)[0x5601930d1ab0]
[hydra10:484947] [12] /lib/x86_64-linux-gnu/libc.so.6(__libc_start_main+0xea)[0x7f32e118bd7a]
[hydra10:484947] [13] /home/thesis/jheld/MPI_Syrk_implementation/build/src/MPI_SYRK_implementation(+0x232a)[0x55b511f9d32a]
[hydra02:559546] [12] /lib/x86_64-linux-gnu/libc.so.6(__libc_start_main+0xea)[0x7f98790f0d7a]
[hydra02:559546] [13] /home/thesis/jheld/MPI_Syrk_implementation/build/src/MPI_SYRK_implementation(+0x232a)[0x5601930d132a]
[hydra10:484947] *** End of error message ***
[hydra02:559546] *** End of error message ***
[hydra11:353916] [ 7] /opt/mpi/openmpi-4.1.4//lib/libmpi.so.40(ompi_group_allocate+0x17)[0x7f12067ca1e7]
[hydra11:353916] [ 8] /opt/mpi/openmpi-4.1.4//lib/libmpi.so.40(ompi_group_incl_plist+0x65)[0x7f12067ca915]
[hydra11:353916] [ 9] /opt/mpi/openmpi-4.1.4//lib/libmpi.so.40(PMPI_Group_incl+0x95)[0x7f12067fb185]
[hydra11:353916] [10] /home/thesis/jheld/MPI_Syrk_implementation/build/src/MPI_SYRK_implementation(+0x841a)[0x55db2a88c41a]
[hydra11:353916] [11] /home/thesis/jheld/MPI_Syrk_implementation/build/src/MPI_SYRK_implementation(+0x2ab0)[0x55db2a886ab0]
[hydra11:353916] [12] /lib/x86_64-linux-gnu/libc.so.6(__libc_start_main+0xea)[0x7f1204899d7a]
[hydra11:353916] [13] /home/thesis/jheld/MPI_Syrk_implementation/build/src/MPI_SYRK_implementation(+0x232a)[0x55db2a88632a]
[hydra11:353916] *** End of error message ***
srun: error: hydra08: task 23: Aborted
srun: error: hydra10: task 27: Aborted
srun: error: hydra09: task 25: Aborted
srun: error: hydra05: task 12: Aborted
srun: error: hydra06: task 17: Aborted
srun: error: hydra02: task 3: Aborted
srun: error: hydra04: task 11: Aborted
srun: error: hydra03: task 7: Aborted
srun: error: hydra11: tasks 31-32: Aborted
srun: error: hydra07: task 18: Aborted
srun: error: hydra12: tasks 33-34: Aborted
srun: error: hydra01: tasks 0-2: Aborted
slurmstepd: error:  mpi/pmix_v4: _errhandler: hydra09 [8]: pmixp_client_v2.c:211: Error handler invoked: status = -61, source = [slurm.pmix.5008690.15:25]
slurmstepd: error:  mpi/pmix_v4: _errhandler: hydra05 [4]: pmixp_client_v2.c:211: Error handler invoked: status = -61, source = [slurm.pmix.5008690.15:12]
slurmstepd: error:  mpi/pmix_v4: _errhandler: hydra08 [7]: pmixp_client_v2.c:211: Error handler invoked: status = -61, source = [slurm.pmix.5008690.15:23]
slurmstepd: error:  mpi/pmix_v4: _errhandler: hydra12 [11]: pmixp_client_v2.c:211: Error handler invoked: status = -61, source = [slurm.pmix.5008690.15:33]
srun: Job step aborted: Waiting up to 32 seconds for job step to finish.
slurmstepd: error:  mpi/pmix_v4: _errhandler: hydra06 [5]: pmixp_client_v2.c:211: Error handler invoked: status = -61, source = [slurm.pmix.5008690.15:17]
slurmstepd: error:  mpi/pmix_v4: _errhandler: hydra04 [3]: pmixp_client_v2.c:211: Error handler invoked: status = -61, source = [slurm.pmix.5008690.15:11]
slurmstepd: error:  mpi/pmix_v4: _errhandler: hydra10 [9]: pmixp_client_v2.c:211: Error handler invoked: status = -61, source = [slurm.pmix.5008690.15:27]
slurmstepd: error:  mpi/pmix_v4: _errhandler: hydra02 [1]: pmixp_client_v2.c:211: Error handler invoked: status = -61, source = [slurm.pmix.5008690.15:3]
slurmstepd: error:  mpi/pmix_v4: _errhandler: hydra07 [6]: pmixp_client_v2.c:211: Error handler invoked: status = -61, source = [slurm.pmix.5008690.15:18]
slurmstepd: error:  mpi/pmix_v4: _errhandler: hydra03 [2]: pmixp_client_v2.c:211: Error handler invoked: status = -61, source = [slurm.pmix.5008690.15:7]
slurmstepd: error:  mpi/pmix_v4: _errhandler: hydra11 [10]: pmixp_client_v2.c:211: Error handler invoked: status = -61, source = [slurm.pmix.5008690.15:32]
srun: error: hydra12: task 35: Killed
srun: error: hydra11: task 30: Killed
srun: error: hydra02: tasks 4-5: Killed
srun: error: hydra08: tasks 21-22: Killed
srun: error: hydra10: tasks 28-29: Killed
srun: error: hydra03: tasks 6,8: Killed
srun: error: hydra09: tasks 24,26: Killed
srun: error: hydra07: tasks 19-20: Killed
srun: error: hydra05: tasks 13-14: Killed
srun: error: hydra06: tasks 15-16: Killed
srun: error: hydra04: tasks 9-10: Killed
⚠️ Warning: No runtime found for run 16
srun: Warning: can't honor --ntasks-per-node set to 1 which doesn't match the requested tasks 36 with the number of requested nodes 12. Ignoring --ntasks-per-node.
missing input file name --> Generate random input
malloc(): invalid size (unsorted)
malloc(): invalid size (unsorted)
[hydra11:353989] *** Process received signal ***
[hydra11:353989] Signal: Aborted (6)
[hydra11:353989] Signal code:  (-6)
[hydra11:353989] [ 0] /lib/x86_64-linux-gnu/libc.so.6(+0x38de0)[0x7fa61f61ede0]
[hydra11:353989] [ 1] /lib/x86_64-linux-gnu/libc.so.6(gsignal+0x141)[0x7fa61f61ed61]
[hydra12:354015] *** Process received signal ***
[hydra12:354015] Signal: Aborted (6)
[hydra12:354015] Signal code:  (-6)
[hydra11:353989] [ 2] /lib/x86_64-linux-gnu/libc.so.6(abort+0x123)[0x7fa61f608537]
[hydra12:354015] [ 0] /lib/x86_64-linux-gnu/libc.so.6(+0x38de0)[0x7f29e2865de0]
[hydra11:353989] [ 3] /lib/x86_64-linux-gnu/libc.so.6(+0x7a468)[0x7fa61f660468]
[hydra12:354015] [ 1] /lib/x86_64-linux-gnu/libc.so.6(gsignal+0x141)[0x7f29e2865d61]
[hydra11:353989] [ 4] /lib/x86_64-linux-gnu/libc.so.6(+0x8175a)[0x7fa61f66775a]
[hydra12:354015] [ 2] /lib/x86_64-linux-gnu/libc.so.6(abort+0x123)[0x7f29e284f537]
[hydra11:353989] [ 5] /lib/x86_64-linux-gnu/libc.so.6(+0x8483c)[0x7fa61f66a83c]
[hydra12:354015] [ 3] /lib/x86_64-linux-gnu/libc.so.6(+0x7a468)[0x7f29e28a7468]
[hydra11:353989] [ 6] /lib/x86_64-linux-gnu/libc.so.6(__libc_calloc+0x81)[0x7fa61f66cbd1]
[hydra12:354015] [ 4] /lib/x86_64-linux-gnu/libc.so.6(+0x8175a)[0x7f29e28ae75a]
[hydra11:353989] [ 7] /opt/mpi/openmpi-4.1.4//lib/libmpi.so.40(ompi_group_allocate+0x17)[0x7fa62153a1e7]
[hydra12:354015] [ 5] /lib/x86_64-linux-gnu/libc.so.6(+0x8483c)[0x7f29e28b183c]
[hydra11:353989] [ 8] /opt/mpi/openmpi-4.1.4//lib/libmpi.so.40(ompi_group_incl_plist+0x65)[0x7fa62153a915]
[hydra12:354015] [ 6] /lib/x86_64-linux-gnu/libc.so.6(__libc_calloc+0x81)[0x7f29e28b3bd1]
[hydra11:353989] [ 9] /opt/mpi/openmpi-4.1.4//lib/libmpi.so.40(PMPI_Group_incl+0x95)[0x7fa62156b185]
[hydra12:354015] [ 7] /opt/mpi/openmpi-4.1.4//lib/libmpi.so.40(ompi_group_allocate+0x17)[0x7f29e47811e7]
[hydra11:353989] [10] /home/thesis/jheld/MPI_Syrk_implementation/build/src/MPI_SYRK_implementation(+0x841a)[0x55dc3405b41a]
[hydra11:353989] [11] /home/thesis/jheld/MPI_Syrk_implementation/build/src/MPI_SYRK_implementation(+0x2ab0)[0x55dc34055ab0]
[hydra12:354015] [ 8] /opt/mpi/openmpi-4.1.4//lib/libmpi.so.40(ompi_group_incl_plist+0x65)[0x7f29e4781915]
malloc(): invalid size (unsorted)
[hydra06:374285] *** Process received signal ***
[hydra11:353989] [12] /lib/x86_64-linux-gnu/libc.so.6(__libc_start_main+0xea)[0x7fa61f609d7a]
[hydra11:353989] [13] /home/thesis/jheld/MPI_Syrk_implementation/build/src/MPI_SYRK_implementation(+0x232a)[0x55dc3405532a]
[hydra12:354015] [ 9] /opt/mpi/openmpi-4.1.4//lib/libmpi.so.40(PMPI_Group_incl+0x95)[0x7f29e47b2185]
[hydra11:353989] *** End of error message ***
[hydra12:354015] [10] /home/thesis/jheld/MPI_Syrk_implementation/build/src/MPI_SYRK_implementation(+0x841a)[0x561e229b741a]
[hydra12:354015] [11] /home/thesis/jheld/MPI_Syrk_implementation/build/src/MPI_SYRK_implementation(+0x2ab0)[0x561e229b1ab0]
[hydra12:354015] [12] /lib/x86_64-linux-gnu/libc.so.6(__libc_start_main+0xea)[0x7f29e2850d7a]
[hydra12:354015] [13] /home/thesis/jheld/MPI_Syrk_implementation/build/src/MPI_SYRK_implementation(+0x232a)[0x561e229b132a]
[hydra12:354015] *** End of error message ***
malloc(): invalid size (unsorted)
[hydra03:390881] *** Process received signal ***
[hydra03:390881] Signal: Aborted (6)
[hydra03:390881] Signal code:  (-6)
malloc(): invalid size (unsorted)
[hydra09:367271] *** Process received signal ***
malloc(): invalid size (unsorted)
[hydra06:374285] Signal: Aborted (6)
[hydra06:374285] Signal code:  (-6)
[hydra01:874259] *** Process received signal ***
[hydra06:374285] [ 0] /lib/x86_64-linux-gnu/libc.so.6(+0x38de0)[0x7f3e60542de0]
[hydra01:874259] Signal: Aborted (6)
[hydra01:874259] Signal code:  (-6)
[hydra06:374285] [ 1] /lib/x86_64-linux-gnu/libc.so.6(gsignal+0x141)[0x7f3e60542d61]
[hydra06:374285] [ 2] /lib/x86_64-linux-gnu/libc.so.6(abort+0x123)[0x7f3e6052c537]
[hydra06:374285] [ 3] /lib/x86_64-linux-gnu/libc.so.6(+0x7a468)[0x7f3e60584468]
[hydra06:374285] [ 4] /lib/x86_64-linux-gnu/libc.so.6(+0x8175a)[0x7f3e6058b75a]
[hydra06:374285] [ 5] /lib/x86_64-linux-gnu/libc.so.6(+0x8483c)[0x7f3e6058e83c]
[hydra06:374285] [ 6] /lib/x86_64-linux-gnu/libc.so.6(__libc_calloc+0x81)[0x7f3e60590bd1]
[hydra06:374285] [ 7] /opt/mpi/openmpi-4.1.4//lib/libmpi.so.40(ompi_group_allocate+0x17)[0x7f3e6245e1e7]
[hydra06:374285] [ 8] /opt/mpi/openmpi-4.1.4//lib/libmpi.so.40(ompi_group_incl_plist+0x65)[0x7f3e6245e915]
[hydra06:374285] [ 9] /opt/mpi/openmpi-4.1.4//lib/libmpi.so.40(PMPI_Group_incl+0x95)[0x7f3e6248f185]
[hydra06:374285] [10] /home/thesis/jheld/MPI_Syrk_implementation/build/src/MPI_SYRK_implementation(+0x841a)[0x5613b0da941a]
[hydra06:374285] [11] /home/thesis/jheld/MPI_Syrk_implementation/build/src/MPI_SYRK_implementation(+0x2ab0)[0x5613b0da3ab0]
[hydra06:374285] [12] /lib/x86_64-linux-gnu/libc.so.6(__libc_start_main+0xea)[0x7f3e6052dd7a]
[hydra06:374285] [13] /home/thesis/jheld/MPI_Syrk_implementation/build/src/MPI_SYRK_implementation(+0x232a)[0x5613b0da332a]
[hydra06:374285] *** End of error message ***
[hydra03:390881] [ 0] /lib/x86_64-linux-gnu/libc.so.6(+0x38de0)[0x7f89bb9cede0]
[hydra01:874259] [ 0] /lib/x86_64-linux-gnu/libc.so.6(+0x38de0)[0x7fdddc73bde0]
[hydra03:390881] [ 1] /lib/x86_64-linux-gnu/libc.so.6(gsignal+0x141)[0x7f89bb9ced61]
[hydra03:390881] [ 2] /lib/x86_64-linux-gnu/libc.so.6(abort+0x123)[0x7f89bb9b8537]
[hydra01:874259] [ 1] /lib/x86_64-linux-gnu/libc.so.6(gsignal+0x141)[0x7fdddc73bd61]
[hydra03:390881] [ 3] /lib/x86_64-linux-gnu/libc.so.6(+0x7a468)[0x7f89bba10468]
malloc(): invalid size (unsorted)
[hydra03:390881] [ 4] /lib/x86_64-linux-gnu/libc.so.6(+0x8175a)[0x7f89bba1775a]
[hydra01:874259] [ 2] /lib/x86_64-linux-gnu/libc.so.6(abort+0x123)[0x7fdddc725537]
[hydra03:390881] [ 5] /lib/x86_64-linux-gnu/libc.so.6(+0x8483c)[0x7f89bba1a83c]
[hydra03:390881] [ 6] /lib/x86_64-linux-gnu/libc.so.6(__libc_calloc+0x81)[0x7f89bba1cbd1]
[hydra03:390881] [ 7] /opt/mpi/openmpi-4.1.4//lib/libmpi.so.40(ompi_group_allocate+0x17)[0x7f89bd8ea1e7]
[hydra01:874259] [ 3] /lib/x86_64-linux-gnu/libc.so.6(+0x7a468)[0x7fdddc77d468]
[hydra03:390881] [ 8] /opt/mpi/openmpi-4.1.4//lib/libmpi.so.40(ompi_group_incl_plist+0x65)[0x7f89bd8ea915]
[hydra03:390881] [ 9] /opt/mpi/openmpi-4.1.4//lib/libmpi.so.40(PMPI_Group_incl+0x95)[0x7f89bd91b185]
malloc(): invalid size (unsorted)
[hydra07:400664] *** Process received signal ***
[hydra03:390881] [10] /home/thesis/jheld/MPI_Syrk_implementation/build/src/MPI_SYRK_implementation(+0x841a)[0x559e2e41d41a]
[hydra03:390881] [11] /home/thesis/jheld/MPI_Syrk_implementation/build/src/MPI_SYRK_implementation(+0x2ab0)[0x559e2e417ab0]
[hydra01:874259] [ 4] /lib/x86_64-linux-gnu/libc.so.6(+0x8175a)[0x7fdddc78475a]
[hydra03:390881] [12] /lib/x86_64-linux-gnu/libc.so.6(__libc_start_main+0xea)[0x7f89bb9b9d7a]
[hydra03:390881] [13] /home/thesis/jheld/MPI_Syrk_implementation/build/src/MPI_SYRK_implementation(+0x232a)[0x559e2e41732a]
[hydra03:390881] *** End of error message ***
[hydra01:874259] [ 5] /lib/x86_64-linux-gnu/libc.so.6(+0x8483c)[0x7fdddc78783c]
malloc(): invalid size (unsorted)
[hydra01:874259] [ 6] /lib/x86_64-linux-gnu/libc.so.6(__libc_calloc+0x81)[0x7fdddc789bd1]
[hydra07:400664] Signal: Aborted (6)
[hydra07:400664] Signal code:  (-6)
[hydra01:874259] [ 7] /opt/mpi/openmpi-4.1.4//lib/libmpi.so.40(ompi_group_allocate+0x17)[0x7fddde6571e7]
[hydra01:874259] [ 8] /opt/mpi/openmpi-4.1.4//lib/libmpi.so.40(ompi_group_incl_plist+0x65)[0x7fddde657915]
[hydra09:367271] Signal: Aborted (6)
[hydra09:367271] Signal code:  (-6)
[hydra09:367271] [ 0] /lib/x86_64-linux-gnu/libc.so.6(+0x38de0)[0x7fe84c50bde0]
[hydra09:367271] [ 1] /lib/x86_64-linux-gnu/libc.so.6(gsignal+0x141)[0x7fe84c50bd61]
[hydra09:367271] [ 2] /lib/x86_64-linux-gnu/libc.so.6(abort+0x123)[0x7fe84c4f5537]
[hydra09:367271] [ 3] /lib/x86_64-linux-gnu/libc.so.6(+0x7a468)[0x7fe84c54d468]
[hydra01:874259] [ 9] /opt/mpi/openmpi-4.1.4//lib/libmpi.so.40(PMPI_Group_incl+0x95)[0x7fddde688185]
[hydra09:367271] [ 4] /lib/x86_64-linux-gnu/libc.so.6(+0x8175a)[0x7fe84c55475a]
[hydra01:874259] [10] /home/thesis/jheld/MPI_Syrk_implementation/build/src/MPI_SYRK_implementation(+0x841a)[0x561aaa4f241a]
[hydra07:400664] [ 0] /lib/x86_64-linux-gnu/libc.so.6(+0x38de0)[0x7efe9a003de0]
[hydra09:367271] [ 5] /lib/x86_64-linux-gnu/libc.so.6(+0x8483c)[0x7fe84c55783c]
[hydra09:367271] [ 6] /lib/x86_64-linux-gnu/libc.so.6(__libc_calloc+0x81)[0x7fe84c559bd1]
[hydra01:874259] [11] /home/thesis/jheld/MPI_Syrk_implementation/build/src/MPI_SYRK_implementation(+0x2ab0)[0x561aaa4ecab0]
malloc(): invalid size (unsorted)
[hydra08:375940] *** Process received signal ***
[hydra09:367271] [ 7] /opt/mpi/openmpi-4.1.4//lib/libmpi.so.40(ompi_group_allocate+0x17)[0x7fe84e4271e7]
[hydra01:874259] [12] /lib/x86_64-linux-gnu/libc.so.6(__libc_start_main+0xea)[0x7fdddc726d7a]
[hydra01:874259] [13] /home/thesis/jheld/MPI_Syrk_implementation/build/src/MPI_SYRK_implementation(+0x232a)[0x561aaa4ec32a]
[hydra01:874259] *** End of error message ***
[hydra07:400664] [ 1] /lib/x86_64-linux-gnu/libc.so.6(gsignal+0x141)[0x7efe9a003d61]
[hydra09:367271] [ 8] /opt/mpi/openmpi-4.1.4//lib/libmpi.so.40(ompi_group_incl_plist+0x65)[0x7fe84e427915]
[hydra09:367271] [ 9] /opt/mpi/openmpi-4.1.4//lib/libmpi.so.40(PMPI_Group_incl+0x95)[0x7fe84e458185]
[hydra09:367271] [10] /home/thesis/jheld/MPI_Syrk_implementation/build/src/MPI_SYRK_implementation(+0x841a)[0x56531ad5741a]
[hydra09:367271] [11] /home/thesis/jheld/MPI_Syrk_implementation/build/src/MPI_SYRK_implementation(+0x2ab0)[0x56531ad51ab0]
[hydra09:367271] [12] /lib/x86_64-linux-gnu/libc.so.6(__libc_start_main+0xea)[0x7fe84c4f6d7a]
[hydra09:367271] [13] /home/thesis/jheld/MPI_Syrk_implementation/build/src/MPI_SYRK_implementation(+0x232a)[0x56531ad5132a]
[hydra07:400664] [ 2] /lib/x86_64-linux-gnu/libc.so.6(abort+0x123)[0x7efe99fed537]
[hydra09:367271] *** End of error message ***
[hydra07:400664] [ 3] /lib/x86_64-linux-gnu/libc.so.6(+0x7a468)[0x7efe9a045468]
[hydra04:389663] *** Process received signal ***
[hydra07:400664] [ 4] /lib/x86_64-linux-gnu/libc.so.6(+0x8175a)[0x7efe9a04c75a]
[hydra04:389663] Signal: Aborted (6)
[hydra04:389663] Signal code:  (-6)
[hydra07:400664] [ 5] /lib/x86_64-linux-gnu/libc.so.6(+0x8483c)[0x7efe9a04f83c]
[hydra04:389663] [ 0] /lib/x86_64-linux-gnu/libc.so.6(+0x38de0)[0x7fea4eafcde0]
[hydra04:389663] [ 1] /lib/x86_64-linux-gnu/libc.so.6(gsignal+0x141)[0x7fea4eafcd61]
[hydra07:400664] [ 6] /lib/x86_64-linux-gnu/libc.so.6(__libc_calloc+0x81)[0x7efe9a051bd1]
[hydra04:389663] [ 2] /lib/x86_64-linux-gnu/libc.so.6(abort+0x123)[0x7fea4eae6537]
[hydra04:389663] [ 3] /lib/x86_64-linux-gnu/libc.so.6(+0x7a468)[0x7fea4eb3e468]
[hydra04:389663] [ 4] /lib/x86_64-linux-gnu/libc.so.6(+0x8175a)[0x7fea4eb4575a]
[hydra04:389663] [ 5] /lib/x86_64-linux-gnu/libc.so.6(+0x8483c)[0x7fea4eb4883c]
[hydra04:389663] [ 6] /lib/x86_64-linux-gnu/libc.so.6(__libc_calloc+0x81)[0x7fea4eb4abd1]
[hydra07:400664] [ 7] /opt/mpi/openmpi-4.1.4//lib/libmpi.so.40(ompi_group_allocate+0x17)[0x7efe9bf1f1e7]
[hydra04:389663] [ 7] /opt/mpi/openmpi-4.1.4//lib/libmpi.so.40(ompi_group_allocate+0x17)[0x7fea50a181e7]
[hydra07:400664] [ 8] /opt/mpi/openmpi-4.1.4//lib/libmpi.so.40(ompi_group_incl_plist+0x65)[0x7efe9bf1f915]
[hydra04:389663] [ 8] /opt/mpi/openmpi-4.1.4//lib/libmpi.so.40(ompi_group_incl_plist+0x65)[0x7fea50a18915]
[hydra04:389663] [ 9] /opt/mpi/openmpi-4.1.4//lib/libmpi.so.40(PMPI_Group_incl+0x95)[0x7fea50a49185]
[hydra07:400664] [ 9] /opt/mpi/openmpi-4.1.4//lib/libmpi.so.40(PMPI_Group_incl+0x95)[0x7efe9bf50185]
[hydra04:389663] [10] /home/thesis/jheld/MPI_Syrk_implementation/build/src/MPI_SYRK_implementation(+0x841a)[0x5635f4e4541a]
[hydra04:389663] [11] /home/thesis/jheld/MPI_Syrk_implementation/build/src/MPI_SYRK_implementation(+0x2ab0)[0x5635f4e3fab0]
[hydra07:400664] [10] /home/thesis/jheld/MPI_Syrk_implementation/build/src/MPI_SYRK_implementation(+0x841a)[0x5629007c041a]
[hydra04:389663] [12] /lib/x86_64-linux-gnu/libc.so.6(__libc_start_main+0xea)[0x7fea4eae7d7a]
[hydra04:389663] [13] /home/thesis/jheld/MPI_Syrk_implementation/build/src/MPI_SYRK_implementation(+0x232a)[0x5635f4e3f32a]
[hydra08:375940] Signal: Aborted (6)
[hydra08:375940] Signal code:  (-6)
[hydra04:389663] *** End of error message ***
malloc(): invalid size (unsorted)
[hydra08:375939] *** Process received signal ***
[hydra07:400664] [11] /home/thesis/jheld/MPI_Syrk_implementation/build/src/MPI_SYRK_implementation(+0x2ab0)[0x5629007baab0]
[hydra08:375939] Signal: Aborted (6)
[hydra08:375939] Signal code:  (-6)
[hydra07:400664] [12] /lib/x86_64-linux-gnu/libc.so.6(__libc_start_main+0xea)[0x7efe99feed7a]
[hydra07:400664] [13] /home/thesis/jheld/MPI_Syrk_implementation/build/src/MPI_SYRK_implementation(+0x232a)[0x5629007ba32a]
[hydra08:375939] [ 0] /lib/x86_64-linux-gnu/libc.so.6(+0x38de0)[0x7f5c1525fde0]
[hydra07:400664] *** End of error message ***
[hydra08:375940] [ 0] /lib/x86_64-linux-gnu/libc.so.6(+0x38de0)[0x7fee39f2dde0]
[hydra08:375940] [ 1] /lib/x86_64-linux-gnu/libc.so.6(gsignal+0x141)[0x7fee39f2dd61]
[hydra08:375939] [ 1] /lib/x86_64-linux-gnu/libc.so.6(gsignal+0x141)[0x7f5c1525fd61]
[hydra08:375939] [ 2] /lib/x86_64-linux-gnu/libc.so.6(abort+0x123)[0x7f5c15249537]
[hydra08:375940] [ 2] /lib/x86_64-linux-gnu/libc.so.6(abort+0x123)[0x7fee39f17537]
[hydra08:375939] [ 3] /lib/x86_64-linux-gnu/libc.so.6(+0x7a468)[0x7f5c152a1468]
[hydra08:375940] [ 3] /lib/x86_64-linux-gnu/libc.so.6(+0x7a468)[0x7fee39f6f468]
[hydra08:375939] [ 4] /lib/x86_64-linux-gnu/libc.so.6(+0x8175a)[0x7f5c152a875a]
[hydra02:559632] *** Process received signal ***
[hydra08:375940] [ 4] /lib/x86_64-linux-gnu/libc.so.6(+0x8175a)[0x7fee39f7675a]
[hydra02:559632] Signal: Aborted (6)
[hydra02:559632] Signal code:  (-6)
[hydra08:375939] [ 5] /lib/x86_64-linux-gnu/libc.so.6(+0x8483c)[0x7f5c152ab83c]
[hydra02:559632] [ 0] /lib/x86_64-linux-gnu/libc.so.6(+0x38de0)[0x7ff39246cde0]
[hydra08:375940] [ 5] /lib/x86_64-linux-gnu/libc.so.6(+0x8483c)[0x7fee39f7983c]
[hydra02:559632] [ 1] /lib/x86_64-linux-gnu/libc.so.6(gsignal+0x141)[0x7ff39246cd61]
[hydra08:375939] [ 6] /lib/x86_64-linux-gnu/libc.so.6(__libc_calloc+0x81)[0x7f5c152adbd1]
[hydra02:559632] [ 2] /lib/x86_64-linux-gnu/libc.so.6(abort+0x123)[0x7ff392456537]
[hydra08:375940] [ 6] /lib/x86_64-linux-gnu/libc.so.6(__libc_calloc+0x81)[0x7fee39f7bbd1]
[hydra02:559632] [ 3] /lib/x86_64-linux-gnu/libc.so.6(+0x7a468)[0x7ff3924ae468]
[hydra08:375939] [ 7] /opt/mpi/openmpi-4.1.4//lib/libmpi.so.40(ompi_group_allocate+0x17)[0x7f5c1717b1e7]
[hydra02:559632] [ 4] /lib/x86_64-linux-gnu/libc.so.6(+0x8175a)[0x7ff3924b575a]
[hydra08:375940] [ 7] /opt/mpi/openmpi-4.1.4//lib/libmpi.so.40(ompi_group_allocate+0x17)[0x7fee3be491e7]
[hydra02:559632] [ 5] /lib/x86_64-linux-gnu/libc.so.6(+0x8483c)[0x7ff3924b883c]
[hydra08:375939] [ 8] /opt/mpi/openmpi-4.1.4//lib/libmpi.so.40(ompi_group_incl_plist+0x65)[0x7f5c1717b915]
[hydra02:559632] [ 6] /lib/x86_64-linux-gnu/libc.so.6(__libc_calloc+0x81)[0x7ff3924babd1]
[hydra08:375940] [ 8] /opt/mpi/openmpi-4.1.4//lib/libmpi.so.40(ompi_group_incl_plist+0x65)[0x7fee3be49915]
malloc(): invalid size (unsorted)
[hydra05:373586] *** Process received signal ***
[hydra02:559632] [ 7] /opt/mpi/openmpi-4.1.4//lib/libmpi.so.40(ompi_group_allocate+0x17)[0x7ff3943881e7]
[hydra08:375940] [ 9] /opt/mpi/openmpi-4.1.4//lib/libmpi.so.40(PMPI_Group_incl+0x95)[0x7fee3be7a185]
[hydra02:559632] [ 8] /opt/mpi/openmpi-4.1.4//lib/libmpi.so.40(ompi_group_incl_plist+0x65)[0x7ff394388915]
malloc(): invalid size (unsorted)
[hydra06:374284] *** Process received signal ***
[hydra02:559632] [ 9] /opt/mpi/openmpi-4.1.4//lib/libmpi.so.40(PMPI_Group_incl+0x95)[0x7ff3943b9185]
[hydra06:374284] Signal: Aborted (6)
[hydra06:374284] Signal code:  (-6)
[hydra02:559632] [10] /home/thesis/jheld/MPI_Syrk_implementation/build/src/MPI_SYRK_implementation(+0x841a)[0x559b4d56041a]
[hydra02:559632] [11] /home/thesis/jheld/MPI_Syrk_implementation/build/src/MPI_SYRK_implementation(+0x2ab0)[0x559b4d55aab0]
[hydra06:374284] [ 0] /lib/x86_64-linux-gnu/libc.so.6(+0x38de0)[0x7f76ddb18de0]
[hydra02:559632] [12] /lib/x86_64-linux-gnu/libc.so.6(__libc_start_main+0xea)[0x7ff392457d7a]
[hydra02:559632] [13] /home/thesis/jheld/MPI_Syrk_implementation/build/src/MPI_SYRK_implementation(+0x232a)[0x559b4d55a32a]
[hydra06:374284] [ 1] /lib/x86_64-linux-gnu/libc.so.6(gsignal+0x141)[0x7f76ddb18d61]
[hydra02:559632] *** End of error message ***
[hydra06:374284] [ 2] /lib/x86_64-linux-gnu/libc.so.6(abort+0x123)[0x7f76ddb02537]
[hydra06:374284] [ 3] /lib/x86_64-linux-gnu/libc.so.6(+0x7a468)[0x7f76ddb5a468]
[hydra06:374284] [ 4] /lib/x86_64-linux-gnu/libc.so.6(+0x8175a)[0x7f76ddb6175a]
[hydra06:374284] [ 5] /lib/x86_64-linux-gnu/libc.so.6(+0x8483c)[0x7f76ddb6483c]
[hydra06:374284] [ 6] /lib/x86_64-linux-gnu/libc.so.6(__libc_calloc+0x81)[0x7f76ddb66bd1]
[hydra06:374284] [ 7] /opt/mpi/openmpi-4.1.4//lib/libmpi.so.40(ompi_group_allocate+0x17)[0x7f76dfa341e7]
[hydra06:374284] [ 8] /opt/mpi/openmpi-4.1.4//lib/libmpi.so.40(ompi_group_incl_plist+0x65)[0x7f76dfa34915]
[hydra06:374284] [ 9] /opt/mpi/openmpi-4.1.4//lib/libmpi.so.40(PMPI_Group_incl+0x95)[0x7f76dfa65185]
[hydra06:374284] [10] /home/thesis/jheld/MPI_Syrk_implementation/build/src/MPI_SYRK_implementation(+0x841a)[0x561b935eb41a]
[hydra06:374284] [11] /home/thesis/jheld/MPI_Syrk_implementation/build/src/MPI_SYRK_implementation(+0x2ab0)[0x561b935e5ab0]
[hydra06:374284] [12] /lib/x86_64-linux-gnu/libc.so.6(__libc_start_main+0xea)[0x7f76ddb03d7a]
[hydra06:374284] [13] /home/thesis/jheld/MPI_Syrk_implementation/build/src/MPI_SYRK_implementation(+0x232a)[0x561b935e532a]
[hydra06:374284] *** End of error message ***
[hydra05:373586] Signal: Aborted (6)
[hydra05:373586] Signal code:  (-6)
[hydra05:373586] [ 0] /lib/x86_64-linux-gnu/libc.so.6(+0x38de0)[0x7f57076d4de0]
[hydra05:373586] [ 1] /lib/x86_64-linux-gnu/libc.so.6(gsignal+0x141)[0x7f57076d4d61]
[hydra05:373586] [ 2] /lib/x86_64-linux-gnu/libc.so.6(abort+0x123)[0x7f57076be537]
malloc(): invalid size (unsorted)
[hydra05:373586] [ 3] /lib/x86_64-linux-gnu/libc.so.6(+0x7a468)[0x7f5707716468]
[hydra11:353987] *** Process received signal ***
[hydra05:373586] [ 4] /lib/x86_64-linux-gnu/libc.so.6(+0x8175a)[0x7f570771d75a]
[hydra11:353987] Signal: Aborted (6)
[hydra11:353987] Signal code:  (-6)
[hydra05:373586] [ 5] /lib/x86_64-linux-gnu/libc.so.6(+0x8483c)[0x7f570772083c]
[hydra11:353987] [ 0] /lib/x86_64-linux-gnu/libc.so.6(+0x38de0)[0x7f60ab29bde0]
[hydra05:373586] [ 6] /lib/x86_64-linux-gnu/libc.so.6(__libc_calloc+0x81)[0x7f5707722bd1]
[hydra11:353987] [ 1] /lib/x86_64-linux-gnu/libc.so.6(gsignal+0x141)[0x7f60ab29bd61]
[hydra05:373586] [ 7] /opt/mpi/openmpi-4.1.4//lib/libmpi.so.40(ompi_group_allocate+0x17)[0x7f57095f01e7]
[hydra11:353987] [ 2] /lib/x86_64-linux-gnu/libc.so.6(abort+0x123)[0x7f60ab285537]
[hydra05:373586] [ 8] /opt/mpi/openmpi-4.1.4//lib/libmpi.so.40(ompi_group_incl_plist+0x65)[0x7f57095f0915]
[hydra11:353987] [ 3] /lib/x86_64-linux-gnu/libc.so.6(+0x7a468)[0x7f60ab2dd468]
[hydra05:373586] [ 9] /opt/mpi/openmpi-4.1.4//lib/libmpi.so.40(PMPI_Group_incl+0x95)[0x7f5709621185]
[hydra11:353987] [ 4] /lib/x86_64-linux-gnu/libc.so.6(+0x8175a)[0x7f60ab2e475a]
[hydra05:373586] [10] /home/thesis/jheld/MPI_Syrk_implementation/build/src/MPI_SYRK_implementation(+0x841a)[0x5606a885b41a]
[hydra05:373586] [11] /home/thesis/jheld/MPI_Syrk_implementation/build/src/MPI_SYRK_implementation(+0x2ab0)[0x5606a8855ab0]
[hydra11:353987] [ 5] /lib/x86_64-linux-gnu/libc.so.6(+0x8483c)[0x7f60ab2e783c]
[hydra05:373586] [12] /lib/x86_64-linux-gnu/libc.so.6(__libc_start_main+0xea)[0x7f57076bfd7a]
[hydra05:373586] [13] /home/thesis/jheld/MPI_Syrk_implementation/build/src/MPI_SYRK_implementation(+0x232a)[0x5606a885532a]
[hydra11:353987] [ 6] /lib/x86_64-linux-gnu/libc.so.6(__libc_calloc+0x81)[0x7f60ab2e9bd1]
[hydra05:373586] *** End of error message ***
[hydra11:353987] [ 7] /opt/mpi/openmpi-4.1.4//lib/libmpi.so.40(ompi_group_allocate+0x17)[0x7f60ad1b71e7]
[hydra11:353987] [ 8] /opt/mpi/openmpi-4.1.4//lib/libmpi.so.40(ompi_group_incl_plist+0x65)[0x7f60ad1b7915]
malloc(): invalid size (unsorted)
[hydra11:353987] [ 9] /opt/mpi/openmpi-4.1.4//lib/libmpi.so.40(PMPI_Group_incl+0x95)[0x7f60ad1e8185]
[hydra11:353987] [10] /home/thesis/jheld/MPI_Syrk_implementation/build/src/MPI_SYRK_implementation(+0x841a)[0x5615210b041a]
[hydra11:353987] [11] /home/thesis/jheld/MPI_Syrk_implementation/build/src/MPI_SYRK_implementation(+0x2ab0)[0x5615210aaab0]
[hydra11:353987] [12] /lib/x86_64-linux-gnu/libc.so.6(__libc_start_main+0xea)[0x7f60ab286d7a]
[hydra11:353987] [13] /home/thesis/jheld/MPI_Syrk_implementation/build/src/MPI_SYRK_implementation(+0x232a)[0x5615210aa32a]
[hydra11:353987] *** End of error message ***
[hydra10:485024] *** Process received signal ***
[hydra10:485024] Signal: Aborted (6)
[hydra10:485024] Signal code:  (-6)
[hydra10:485024] [ 0] /lib/x86_64-linux-gnu/libc.so.6(+0x38de0)[0x7f874853bde0]
[hydra10:485024] [ 1] /lib/x86_64-linux-gnu/libc.so.6(gsignal+0x141)[0x7f874853bd61]
[hydra10:485024] [ 2] /lib/x86_64-linux-gnu/libc.so.6(abort+0x123)[0x7f8748525537]
[hydra10:485024] [ 3] /lib/x86_64-linux-gnu/libc.so.6(+0x7a468)[0x7f874857d468]
[hydra10:485024] [ 4] /lib/x86_64-linux-gnu/libc.so.6(+0x8175a)[0x7f874858475a]
[hydra10:485024] [ 5] /lib/x86_64-linux-gnu/libc.so.6(+0x8483c)[0x7f874858783c]
[hydra10:485024] [ 6] /lib/x86_64-linux-gnu/libc.so.6(__libc_calloc+0x81)[0x7f8748589bd1]
[hydra10:485024] [ 7] /opt/mpi/openmpi-4.1.4//lib/libmpi.so.40(ompi_group_allocate+0x17)[0x7f874a4571e7]
[hydra10:485024] [ 8] /opt/mpi/openmpi-4.1.4//lib/libmpi.so.40(ompi_group_incl_plist+0x65)[0x7f874a457915]
[hydra10:485024] [ 9] /opt/mpi/openmpi-4.1.4//lib/libmpi.so.40(PMPI_Group_incl+0x95)[0x7f874a488185]
[hydra10:485024] [10] /home/thesis/jheld/MPI_Syrk_implementation/build/src/MPI_SYRK_implementation(+0x841a)[0x556ab967441a]
[hydra10:485024] [11] /home/thesis/jheld/MPI_Syrk_implementation/build/src/MPI_SYRK_implementation(+0x2ab0)[0x556ab966eab0]
[hydra10:485024] [12] /lib/x86_64-linux-gnu/libc.so.6(__libc_start_main+0xea)[0x7f8748526d7a]
[hydra10:485024] [13] /home/thesis/jheld/MPI_Syrk_implementation/build/src/MPI_SYRK_implementation(+0x232a)[0x556ab966e32a]
[hydra10:485024] *** End of error message ***
malloc(): invalid size (unsorted)
[hydra11:353988] *** Process received signal ***
[hydra11:353988] Signal: Aborted (6)
[hydra11:353988] Signal code:  (-6)
[hydra11:353988] [ 0] /lib/x86_64-linux-gnu/libc.so.6(+0x38de0)[0x7faa61df2de0]
[hydra11:353988] [ 1] /lib/x86_64-linux-gnu/libc.so.6(gsignal+0x141)[0x7faa61df2d61]
[hydra11:353988] [ 2] /lib/x86_64-linux-gnu/libc.so.6(abort+0x123)[0x7faa61ddc537]
[hydra11:353988] [ 3] /lib/x86_64-linux-gnu/libc.so.6(+0x7a468)[0x7faa61e34468]
[hydra11:353988] [ 4] /lib/x86_64-linux-gnu/libc.so.6(+0x8175a)[0x7faa61e3b75a]
[hydra11:353988] [ 5] /lib/x86_64-linux-gnu/libc.so.6(+0x8483c)[0x7faa61e3e83c]
[hydra11:353988] [ 6] /lib/x86_64-linux-gnu/libc.so.6(__libc_calloc+0x81)[0x7faa61e40bd1]
[hydra11:353988] [ 7] /opt/mpi/openmpi-4.1.4//lib/libmpi.so.40(ompi_group_allocate+0x17)[0x7faa63d0e1e7]
[hydra11:353988] [ 8] /opt/mpi/openmpi-4.1.4//lib/libmpi.so.40(ompi_group_incl_plist+0x65)[0x7faa63d0e915]
[hydra11:353988] [ 9] /opt/mpi/openmpi-4.1.4//lib/libmpi.so.40(PMPI_Group_incl+0x95)[0x7faa63d3f185]
[hydra11:353988] [10] /home/thesis/jheld/MPI_Syrk_implementation/build/src/MPI_SYRK_implementation(+0x841a)[0x559950c6041a]
[hydra11:353988] [11] /home/thesis/jheld/MPI_Syrk_implementation/build/src/MPI_SYRK_implementation(+0x2ab0)[0x559950c5aab0]
[hydra11:353988] [12] /lib/x86_64-linux-gnu/libc.so.6(__libc_start_main+0xea)[0x7faa61dddd7a]
[hydra11:353988] [13] /home/thesis/jheld/MPI_Syrk_implementation/build/src/MPI_SYRK_implementation(+0x232a)[0x559950c5a32a]
[hydra11:353988] *** End of error message ***
[hydra08:375939] [ 9] /opt/mpi/openmpi-4.1.4//lib/libmpi.so.40(PMPI_Group_incl+0x95)[0x7f5c171ac185]
[hydra08:375939] [10] /home/thesis/jheld/MPI_Syrk_implementation/build/src/MPI_SYRK_implementation(+0x841a)[0x55e91662f41a]
[hydra08:375940] [10] /home/thesis/jheld/MPI_Syrk_implementation/build/src/MPI_SYRK_implementation(+0x841a)[0x56007c66941a]
[hydra08:375940] [11] /home/thesis/jheld/MPI_Syrk_implementation/build/src/MPI_SYRK_implementation(+0x2ab0)[0x56007c663ab0]
[hydra08:375939] [11] /home/thesis/jheld/MPI_Syrk_implementation/build/src/MPI_SYRK_implementation(+0x2ab0)[0x55e916629ab0]
[hydra08:375940] [12] /lib/x86_64-linux-gnu/libc.so.6(__libc_start_main+0xea)[0x7fee39f18d7a]
[hydra08:375940] [13] /home/thesis/jheld/MPI_Syrk_implementation/build/src/MPI_SYRK_implementation(+0x232a)[0x56007c66332a]
[hydra08:375940] *** End of error message ***
[hydra08:375939] [12] /lib/x86_64-linux-gnu/libc.so.6(__libc_start_main+0xea)[0x7f5c1524ad7a]
[hydra08:375939] [13] /home/thesis/jheld/MPI_Syrk_implementation/build/src/MPI_SYRK_implementation(+0x232a)[0x55e91662932a]
[hydra08:375939] *** End of error message ***
srun: error: hydra09: task 25: Aborted
srun: error: hydra10: task 29: Aborted
srun: error: hydra01: task 1: Aborted
srun: error: hydra12: task 35: Aborted
srun: error: hydra04: task 11: Aborted
srun: error: hydra05: task 12: Aborted
srun: error: hydra07: task 18: Aborted
srun: error: hydra03: task 6: Aborted
srun: error: hydra02: task 3: Aborted
srun: error: hydra06: tasks 16-17: Aborted
srun: error: hydra08: tasks 21-22: Aborted
srun: error: hydra11: tasks 30-32: Aborted
slurmstepd: error:  mpi/pmix_v4: _errhandler: hydra12 [11]: pmixp_client_v2.c:211: Error handler invoked: status = -61, source = [slurm.pmix.5008690.16:35]
slurmstepd: error:  mpi/pmix_v4: _errhandler: hydra03 [2]: pmixp_client_v2.c:211: Error handler invoked: status = -61, source = [slurm.pmix.5008690.16:6]
slurmstepd: error:  mpi/pmix_v4: _errhandler: hydra09 [8]: pmixp_client_v2.c:211: Error handler invoked: status = -61, source = [slurm.pmix.5008690.16:25]
slurmstepd: error:  mpi/pmix_v4: _errhandler: hydra04 [3]: pmixp_client_v2.c:211: Error handler invoked: status = -61, source = [slurm.pmix.5008690.16:11]
slurmstepd: error:  mpi/pmix_v4: _errhandler: hydra01 [0]: pmixp_client_v2.c:211: Error handler invoked: status = -61, source = [slurm.pmix.5008690.16:1]
slurmstepd: error:  mpi/pmix_v4: _errhandler: hydra02 [1]: pmixp_client_v2.c:211: Error handler invoked: status = -61, source = [slurm.pmix.5008690.16:3]
slurmstepd: error:  mpi/pmix_v4: _errhandler: hydra06 [5]: pmixp_client_v2.c:211: Error handler invoked: status = -61, source = [slurm.pmix.5008690.16:17]
slurmstepd: error:  mpi/pmix_v4: _errhandler: hydra05 [4]: pmixp_client_v2.c:211: Error handler invoked: status = -61, source = [slurm.pmix.5008690.16:12]
slurmstepd: error:  mpi/pmix_v4: _errhandler: hydra10 [9]: pmixp_client_v2.c:211: Error handler invoked: status = -61, source = [slurm.pmix.5008690.16:29]
slurmstepd: error:  mpi/pmix_v4: _errhandler: hydra07 [6]: pmixp_client_v2.c:211: Error handler invoked: status = -61, source = [slurm.pmix.5008690.16:18]
slurmstepd: error: *** STEP 5008690.16 ON hydra01 CANCELLED AT 2025-10-13T15:26:54 ***
slurmstepd: error:  mpi/pmix_v4: _errhandler: hydra08 [7]: pmixp_client_v2.c:211: Error handler invoked: status = -61, source = [slurm.pmix.5008690.16:22]
srun: Job step aborted: Waiting up to 32 seconds for job step to finish.
srun: error: hydra06: task 15: Killed
srun: error: hydra08: task 23: Killed
srun: error: hydra10: tasks 27-28: Killed
srun: error: hydra07: tasks 19-20: Killed
srun: error: hydra09: tasks 24,26: Killed
srun: error: hydra03: tasks 7-8: Killed
srun: error: hydra05: tasks 13-14: Killed
srun: error: hydra04: tasks 9-10: Killed
srun: error: hydra12: tasks 33-34: Killed
srun: error: hydra01: tasks 0,2: Killed
srun: error: hydra02: tasks 4-5: Killed
⚠️ Warning: No runtime found for run 17
srun: Warning: can't honor --ntasks-per-node set to 1 which doesn't match the requested tasks 36 with the number of requested nodes 12. Ignoring --ntasks-per-node.
missing input file name --> Generate random input
malloc(): invalid size (unsorted)
[hydra12:354083] *** Process received signal ***
malloc(): invalid size (unsorted)
[hydra11:354046] *** Process received signal ***
[hydra11:354046] Signal: Aborted (6)
[hydra11:354046] Signal code:  (-6)
[hydra12:354083] Signal: Aborted (6)
[hydra12:354083] Signal code:  (-6)
[hydra12:354083] [ 0] /lib/x86_64-linux-gnu/libc.so.6(+0x38de0)[0x7f9d58bc1de0]
[hydra11:354046] [ 0] /lib/x86_64-linux-gnu/libc.so.6(+0x38de0)[0x7f4dccc7ade0]
[hydra12:354083] [ 1] /lib/x86_64-linux-gnu/libc.so.6(gsignal+0x141)[0x7f9d58bc1d61]
malloc(): invalid size (unsorted)
[hydra09:367340] *** Process received signal ***
[hydra11:354046] [ 1] /lib/x86_64-linux-gnu/libc.so.6(gsignal+0x141)[0x7f4dccc7ad61]
[hydra12:354083] [ 2] /lib/x86_64-linux-gnu/libc.so.6(abort+0x123)[0x7f9d58bab537]
[hydra11:354046] [ 2] /lib/x86_64-linux-gnu/libc.so.6(abort+0x123)[0x7f4dccc64537]
[hydra12:354083] [ 3] /lib/x86_64-linux-gnu/libc.so.6(+0x7a468)[0x7f9d58c03468]
[hydra11:354046] [ 3] /lib/x86_64-linux-gnu/libc.so.6(+0x7a468)[0x7f4dcccbc468]
malloc(): invalid size (unsorted)
[hydra05:373655] *** Process received signal ***
[hydra12:354083] [ 4] /lib/x86_64-linux-gnu/libc.so.6(+0x8175a)[0x7f9d58c0a75a]
[hydra11:354046] [ 4] /lib/x86_64-linux-gnu/libc.so.6(+0x8175a)[0x7f4dcccc375a]
[hydra12:354083] [ 5] /lib/x86_64-linux-gnu/libc.so.6(+0x8483c)[0x7f9d58c0d83c]
[hydra11:354046] [ 5] /lib/x86_64-linux-gnu/libc.so.6(+0x8483c)[0x7f4dcccc683c]
[hydra12:354083] [ 6] /lib/x86_64-linux-gnu/libc.so.6(__libc_calloc+0x81)[0x7f9d58c0fbd1]
[hydra11:354046] [ 6] /lib/x86_64-linux-gnu/libc.so.6(__libc_calloc+0x81)[0x7f4dcccc8bd1]
[hydra12:354083] [ 7] /opt/mpi/openmpi-4.1.4//lib/libmpi.so.40(ompi_group_allocate+0x17)[0x7f9d5aadd1e7]
[hydra11:354046] [ 7] /opt/mpi/openmpi-4.1.4//lib/libmpi.so.40(ompi_group_allocate+0x17)[0x7f4dceb961e7]
[hydra12:354083] [ 8] /opt/mpi/openmpi-4.1.4//lib/libmpi.so.40(ompi_group_incl_plist+0x65)[0x7f9d5aadd915]
[hydra11:354046] [ 8] /opt/mpi/openmpi-4.1.4//lib/libmpi.so.40(ompi_group_incl_plist+0x65)[0x7f4dceb96915]
[hydra12:354083] [ 9] /opt/mpi/openmpi-4.1.4//lib/libmpi.so.40(PMPI_Group_incl+0x95)[0x7f9d5ab0e185]
[hydra11:354046] [ 9] /opt/mpi/openmpi-4.1.4//lib/libmpi.so.40(PMPI_Group_incl+0x95)[0x7f4dcebc7185]
[hydra11:354046] [10] /home/thesis/jheld/MPI_Syrk_implementation/build/src/MPI_SYRK_implementation(+0x841a)[0x5567a047841a]
[hydra12:354083] [10] /home/thesis/jheld/MPI_Syrk_implementation/build/src/MPI_SYRK_implementation(+0x841a)[0x562ce91a341a]
[hydra12:354083] [11] /home/thesis/jheld/MPI_Syrk_implementation/build/src/MPI_SYRK_implementation(+0x2ab0)[0x562ce919dab0]
[hydra11:354046] [11] /home/thesis/jheld/MPI_Syrk_implementation/build/src/MPI_SYRK_implementation(+0x2ab0)[0x5567a0472ab0]
[hydra12:354083] [12] /lib/x86_64-linux-gnu/libc.so.6(__libc_start_main+0xea)[0x7f9d58bacd7a]
[hydra12:354083] [13] /home/thesis/jheld/MPI_Syrk_implementation/build/src/MPI_SYRK_implementation(+0x232a)[0x562ce919d32a]
malloc(): invalid size (unsorted)
[hydra04:389732] *** Process received signal ***
[hydra11:354046] [12] /lib/x86_64-linux-gnu/libc.so.6(__libc_start_main+0xea)[0x7f4dccc65d7a]
[hydra11:354046] [13] /home/thesis/jheld/MPI_Syrk_implementation/build/src/MPI_SYRK_implementation(+0x232a)[0x5567a047232a]
[hydra12:354083] *** End of error message ***
[hydra11:354046] *** End of error message ***
[hydra09:367340] Signal: Aborted (6)
[hydra09:367340] Signal code:  (-6)
[hydra09:367340] [ 0] /lib/x86_64-linux-gnu/libc.so.6(+0x38de0)[0x7fc6d7ca1de0]
[hydra09:367340] [ 1] /lib/x86_64-linux-gnu/libc.so.6(gsignal+0x141)[0x7fc6d7ca1d61]
[hydra09:367340] [ 2] /lib/x86_64-linux-gnu/libc.so.6(abort+0x123)[0x7fc6d7c8b537]
[hydra09:367340] [ 3] /lib/x86_64-linux-gnu/libc.so.6(+0x7a468)[0x7fc6d7ce3468]
[hydra09:367340] [ 4] /lib/x86_64-linux-gnu/libc.so.6(+0x8175a)[0x7fc6d7cea75a]
[hydra05:373655] Signal: Aborted (6)
[hydra05:373655] Signal code:  (-6)
[hydra09:367340] [ 5] /lib/x86_64-linux-gnu/libc.so.6(+0x8483c)[0x7fc6d7ced83c]
malloc(): invalid size (unsorted)
[hydra08:376009] *** Process received signal ***
[hydra05:373655] [ 0] /lib/x86_64-linux-gnu/libc.so.6(+0x38de0)[0x7f48e37f3de0]
[hydra09:367340] [ 6] /lib/x86_64-linux-gnu/libc.so.6(__libc_calloc+0x81)[0x7fc6d7cefbd1]
[hydra05:373655] [ 1] /lib/x86_64-linux-gnu/libc.so.6(gsignal+0x141)[0x7f48e37f3d61]
[hydra09:367340] [ 7] /opt/mpi/openmpi-4.1.4//lib/libmpi.so.40(ompi_group_allocate+0x17)[0x7fc6d9bbd1e7]
[hydra05:373655] [ 2] /lib/x86_64-linux-gnu/libc.so.6(abort+0x123)[0x7f48e37dd537]
[hydra09:367340] [ 8] /opt/mpi/openmpi-4.1.4//lib/libmpi.so.40(ompi_group_incl_plist+0x65)[0x7fc6d9bbd915]
[hydra05:373655] [ 3] /lib/x86_64-linux-gnu/libc.so.6(+0x7a468)[0x7f48e3835468]
[hydra09:367340] [ 9] /opt/mpi/openmpi-4.1.4//lib/libmpi.so.40(PMPI_Group_incl+0x95)[0x7fc6d9bee185]
[hydra09:367340] [10] /home/thesis/jheld/MPI_Syrk_implementation/build/src/MPI_SYRK_implementation(+0x841a)[0x56356c30541a]
[hydra04:389732] Signal: Aborted (6)
[hydra04:389732] Signal code:  (-6)
[hydra05:373655] [ 4] /lib/x86_64-linux-gnu/libc.so.6(+0x8175a)[0x7f48e383c75a]
[hydra09:367340] [11] /home/thesis/jheld/MPI_Syrk_implementation/build/src/MPI_SYRK_implementation(+0x2ab0)[0x56356c2ffab0]
[hydra04:389732] [ 0] /lib/x86_64-linux-gnu/libc.so.6(+0x38de0)[0x7f1d58e86de0]
[hydra05:373655] [ 5] /lib/x86_64-linux-gnu/libc.so.6(+0x8483c)[0x7f48e383f83c]
[hydra09:367340] [12] /lib/x86_64-linux-gnu/libc.so.6(__libc_start_main+0xea)[0x7fc6d7c8cd7a]
[hydra09:367340] [13] /home/thesis/jheld/MPI_Syrk_implementation/build/src/MPI_SYRK_implementation(+0x232a)[0x56356c2ff32a]
[hydra04:389732] [ 1] /lib/x86_64-linux-gnu/libc.so.6(gsignal+0x141)[0x7f1d58e86d61]
[hydra05:373655] [ 6] /lib/x86_64-linux-gnu/libc.so.6(__libc_calloc+0x81)[0x7f48e3841bd1]
[hydra09:367340] *** End of error message ***
[hydra04:389732] [ 2] /lib/x86_64-linux-gnu/libc.so.6(abort+0x123)[0x7f1d58e70537]
[hydra05:373655] [ 7] /opt/mpi/openmpi-4.1.4//lib/libmpi.so.40(ompi_group_allocate+0x17)[0x7f48e570f1e7]
[hydra04:389732] [ 3] /lib/x86_64-linux-gnu/libc.so.6(+0x7a468)[0x7f1d58ec8468]
[hydra05:373655] [ 8] /opt/mpi/openmpi-4.1.4//lib/libmpi.so.40(ompi_group_incl_plist+0x65)[0x7f48e570f915]
[hydra04:389732] [ 4] /lib/x86_64-linux-gnu/libc.so.6(+0x8175a)[0x7f1d58ecf75a]
malloc(): invalid size (unsorted)
[hydra05:373655] [ 9] /opt/mpi/openmpi-4.1.4//lib/libmpi.so.40(PMPI_Group_incl+0x95)[0x7f48e5740185]
[hydra04:389732] [ 5] /lib/x86_64-linux-gnu/libc.so.6(+0x8483c)[0x7f1d58ed283c]
[hydra05:373655] [10] /home/thesis/jheld/MPI_Syrk_implementation/build/src/MPI_SYRK_implementation(+0x841a)[0x5557e489341a]
[hydra05:373655] [11] /home/thesis/jheld/MPI_Syrk_implementation/build/src/MPI_SYRK_implementation(+0x2ab0)[0x5557e488dab0]
[hydra04:389732] [ 6] /lib/x86_64-linux-gnu/libc.so.6(__libc_calloc+0x81)[0x7f1d58ed4bd1]
[hydra08:376009] Signal: Aborted (6)
[hydra08:376009] Signal code:  (-6)
[hydra05:373655] [12] /lib/x86_64-linux-gnu/libc.so.6(__libc_start_main+0xea)[0x7f48e37ded7a]
[hydra05:373655] [13] /home/thesis/jheld/MPI_Syrk_implementation/build/src/MPI_SYRK_implementation(+0x232a)[0x5557e488d32a]
[hydra04:389732] [ 7] /opt/mpi/openmpi-4.1.4//lib/libmpi.so.40(ompi_group_allocate+0x17)[0x7f1d5ada21e7]
[hydra05:373655] *** End of error message ***
[hydra04:389732] [ 8] /opt/mpi/openmpi-4.1.4//lib/libmpi.so.40(ompi_group_incl_plist+0x65)[0x7f1d5ada2915]
[hydra04:389732] [ 9] /opt/mpi/openmpi-4.1.4//lib/libmpi.so.40(PMPI_Group_incl+0x95)[0x7f1d5add3185]
[hydra08:376009] [ 0] /lib/x86_64-linux-gnu/libc.so.6(+0x38de0)[0x7f5ff0adede0]
[hydra04:389732] [10] /home/thesis/jheld/MPI_Syrk_implementation/build/src/MPI_SYRK_implementation(+0x841a)[0x5581e236c41a]
[hydra04:389732] [11] /home/thesis/jheld/MPI_Syrk_implementation/build/src/MPI_SYRK_implementation(+0x2ab0)[0x5581e2366ab0]
[hydra08:376009] [ 1] /lib/x86_64-linux-gnu/libc.so.6(gsignal+0x141)[0x7f5ff0aded61]
[hydra04:389732] [12] /lib/x86_64-linux-gnu/libc.so.6(__libc_start_main+0xea)[0x7f1d58e71d7a]
[hydra04:389732] [13] /home/thesis/jheld/MPI_Syrk_implementation/build/src/MPI_SYRK_implementation(+0x232a)[0x5581e236632a]
[hydra08:376009] [ 2] /lib/x86_64-linux-gnu/libc.so.6(abort+0x123)[0x7f5ff0ac8537]
[hydra04:389732] *** End of error message ***
[hydra08:376009] [ 3] /lib/x86_64-linux-gnu/libc.so.6(+0x7a468)[0x7f5ff0b20468]
[hydra08:376009] [ 4] /lib/x86_64-linux-gnu/libc.so.6(+0x8175a)[0x7f5ff0b2775a]
[hydra08:376009] [ 5] /lib/x86_64-linux-gnu/libc.so.6(+0x8483c)[0x7f5ff0b2a83c]
[hydra07:400734] *** Process received signal ***
[hydra07:400734] Signal: Aborted (6)
[hydra07:400734] Signal code:  (-6)
malloc(): invalid size (unsorted)
malloc(): invalid size (unsorted)
[hydra02:559718] *** Process received signal ***
[hydra12:354082] *** Process received signal ***
[hydra08:376009] [ 6] /lib/x86_64-linux-gnu/libc.so.6(__libc_calloc+0x81)[0x7f5ff0b2cbd1]
[hydra12:354082] Signal: Aborted (6)
[hydra12:354082] Signal code:  (-6)
[hydra07:400734] [ 0] /lib/x86_64-linux-gnu/libc.so.6(+0x38de0)[0x7fa4dad58de0]
[hydra08:376009] [ 7] /opt/mpi/openmpi-4.1.4//lib/libmpi.so.40(ompi_group_allocate+0x17)[0x7f5ff29fa1e7]
[hydra12:354082] [ 0] /lib/x86_64-linux-gnu/libc.so.6(+0x38de0)[0x7f7e91652de0]
[hydra07:400734] [ 1] /lib/x86_64-linux-gnu/libc.so.6(gsignal+0x141)[0x7fa4dad58d61]
[hydra12:354082] [ 1] /lib/x86_64-linux-gnu/libc.so.6(gsignal+0x141)[0x7f7e91652d61]
[hydra07:400734] [ 2] /lib/x86_64-linux-gnu/libc.so.6(abort+0x123)[0x7fa4dad42537]
[hydra08:376009] [ 8] /opt/mpi/openmpi-4.1.4//lib/libmpi.so.40(ompi_group_incl_plist+0x65)[0x7f5ff29fa915]
[hydra12:354082] [ 2] /lib/x86_64-linux-gnu/libc.so.6(abort+0x123)[0x7f7e9163c537]
[hydra07:400734] [ 3] /lib/x86_64-linux-gnu/libc.so.6(+0x7a468)[0x7fa4dad9a468]
[hydra12:354082] [ 3] /lib/x86_64-linux-gnu/libc.so.6(+0x7a468)[0x7f7e91694468]
[hydra12:354082] [ 4] /lib/x86_64-linux-gnu/libc.so.6(+0x8175a)[0x7f7e9169b75a]
[hydra08:376009] [ 9] /opt/mpi/openmpi-4.1.4//lib/libmpi.so.40(PMPI_Group_incl+0x95)[0x7f5ff2a2b185]
[hydra12:354082] [ 5] /lib/x86_64-linux-gnu/libc.so.6(+0x8483c)[0x7f7e9169e83c]
[hydra07:400734] [ 4] /lib/x86_64-linux-gnu/libc.so.6(+0x8175a)[0x7fa4dada175a]
[hydra08:376009] [10] /home/thesis/jheld/MPI_Syrk_implementation/build/src/MPI_SYRK_implementation(+0x841a)[0x55d3487e941a]
[hydra08:376009] [11] /home/thesis/jheld/MPI_Syrk_implementation/build/src/MPI_SYRK_implementation(+0x2ab0)[0x55d3487e3ab0]
[hydra12:354082] [ 6] /lib/x86_64-linux-gnu/libc.so.6(__libc_calloc+0x81)[0x7f7e916a0bd1]
[hydra12:354082] [ 7] /opt/mpi/openmpi-4.1.4//lib/libmpi.so.40(ompi_group_allocate+0x17)[0x7f7e9356e1e7]
[hydra12:354082] [ 8] /opt/mpi/openmpi-4.1.4//lib/libmpi.so.40(ompi_group_incl_plist+0x65)[0x7f7e9356e915]
[hydra08:376009] [12] /lib/x86_64-linux-gnu/libc.so.6(__libc_start_main+0xea)[0x7f5ff0ac9d7a]
[hydra08:376009] [13] /home/thesis/jheld/MPI_Syrk_implementation/build/src/MPI_SYRK_implementation(+0x232a)[0x55d3487e332a]
[hydra12:354082] [ 9] /opt/mpi/openmpi-4.1.4//lib/libmpi.so.40(PMPI_Group_incl+0x95)[0x7f7e9359f185]
[hydra07:400734] [ 5] /lib/x86_64-linux-gnu/libc.so.6(+0x8483c)[0x7fa4dada483c]
[hydra08:376009] *** End of error message ***
[hydra12:354082] [10] /home/thesis/jheld/MPI_Syrk_implementation/build/src/MPI_SYRK_implementation(+0x841a)[0x55975ae5141a]
[hydra12:354082] [11] /home/thesis/jheld/MPI_Syrk_implementation/build/src/MPI_SYRK_implementation(+0x2ab0)[0x55975ae4bab0]
[hydra07:400734] [ 6] /lib/x86_64-linux-gnu/libc.so.6(__libc_calloc+0x81)[0x7fa4dada6bd1]
[hydra12:354082] [12] /lib/x86_64-linux-gnu/libc.so.6(__libc_start_main+0xea)[0x7f7e9163dd7a]
[hydra12:354082] [13] /home/thesis/jheld/MPI_Syrk_implementation/build/src/MPI_SYRK_implementation(+0x232a)[0x55975ae4b32a]
[hydra12:354082] *** End of error message ***
[hydra07:400734] [ 7] /opt/mpi/openmpi-4.1.4//lib/libmpi.so.40(ompi_group_allocate+0x17)[0x7fa4dcc741e7]
malloc(): invalid size (unsorted)
[hydra07:400734] [ 8] /opt/mpi/openmpi-4.1.4//lib/libmpi.so.40(ompi_group_incl_plist+0x65)[0x7fa4dcc74915]
malloc(): invalid size (unsorted)
[hydra07:400734] [ 9] /opt/mpi/openmpi-4.1.4//lib/libmpi.so.40(PMPI_Group_incl+0x95)[0x7fa4dcca5185]
[hydra09:367342] *** Process received signal ***
[hydra09:367342] Signal: Aborted (6)
[hydra09:367342] Signal code:  (-6)
malloc(): invalid size (unsorted)
malloc(): invalid size (unsorted)
[hydra09:367342] [ 0] /lib/x86_64-linux-gnu/libc.so.6(+0x38de0)[0x7f233124dde0]
[hydra07:400734] [10] /home/thesis/jheld/MPI_Syrk_implementation/build/src/MPI_SYRK_implementation(+0x841a)[0x55f24191a41a]
[hydra05:373657] *** Process received signal ***
[hydra09:367342] [ 1] /lib/x86_64-linux-gnu/libc.so.6(gsignal+0x141)[0x7f233124dd61]
malloc(): invalid size (unsorted)
[hydra10:485098] *** Process received signal ***
[hydra07:400734] [11] /home/thesis/jheld/MPI_Syrk_implementation/build/src/MPI_SYRK_implementation(+0x2ab0)[0x55f241914ab0]
[hydra08:376008] *** Process received signal ***
[hydra08:376008] Signal: Aborted (6)
[hydra08:376008] Signal code:  (-6)
[hydra05:373657] Signal: Aborted (6)
[hydra05:373657] Signal code:  (-6)
[hydra09:367342] [ 2] /lib/x86_64-linux-gnu/libc.so.6(abort+0x123)[0x7f2331237537]
[hydra07:400734] [12] /lib/x86_64-linux-gnu/libc.so.6(__libc_start_main+0xea)[0x7fa4dad43d7a]
[hydra07:400734] [13] /home/thesis/jheld/MPI_Syrk_implementation/build/src/MPI_SYRK_implementation(+0x232a)[0x55f24191432a]
[hydra07:400734] *** End of error message ***
[hydra05:373657] [ 0] /lib/x86_64-linux-gnu/libc.so.6(+0x38de0)[0x7f354808bde0]
[hydra09:367342] [ 3] /lib/x86_64-linux-gnu/libc.so.6(+0x7a468)[0x7f233128f468]
[hydra05:373657] [ 1] /lib/x86_64-linux-gnu/libc.so.6(gsignal+0x141)[0x7f354808bd61]
[hydra09:367342] [ 4] /lib/x86_64-linux-gnu/libc.so.6(+0x8175a)[0x7f233129675a]
[hydra05:373657] [ 2] /lib/x86_64-linux-gnu/libc.so.6(abort+0x123)[0x7f3548075537]
[hydra09:367342] [ 5] /lib/x86_64-linux-gnu/libc.so.6(+0x8483c)[0x7f233129983c]
[hydra05:373657] [ 3] /lib/x86_64-linux-gnu/libc.so.6(+0x7a468)[0x7f35480cd468]
[hydra09:367342] [ 6] /lib/x86_64-linux-gnu/libc.so.6(__libc_calloc+0x81)[0x7f233129bbd1]
[hydra05:373657] [ 4] /lib/x86_64-linux-gnu/libc.so.6(+0x8175a)[0x7f35480d475a]
[hydra09:367342] [ 7] /opt/mpi/openmpi-4.1.4//lib/libmpi.so.40(ompi_group_allocate+0x17)[0x7f23331691e7]
[hydra05:373657] [ 5] /lib/x86_64-linux-gnu/libc.so.6(+0x8483c)[0x7f35480d783c]
[hydra09:367342] [ 8] /opt/mpi/openmpi-4.1.4//lib/libmpi.so.40(ompi_group_incl_plist+0x65)[0x7f2333169915]
malloc(): invalid size (unsorted)
[hydra03:390950] *** Process received signal ***
[hydra05:373657] [ 6] /lib/x86_64-linux-gnu/libc.so.6(__libc_calloc+0x81)[0x7f35480d9bd1]
[hydra09:367342] [ 9] /opt/mpi/openmpi-4.1.4//lib/libmpi.so.40(PMPI_Group_incl+0x95)[0x7f233319a185]
[hydra05:373657] [ 7] /opt/mpi/openmpi-4.1.4//lib/libmpi.so.40(ompi_group_allocate+0x17)[0x7f3549fa71e7]
[hydra09:367342] [10] /home/thesis/jheld/MPI_Syrk_implementation/build/src/MPI_SYRK_implementation(+0x841a)[0x556a9f0ff41a]
[hydra09:367342] [11] /home/thesis/jheld/MPI_Syrk_implementation/build/src/MPI_SYRK_implementation(+0x2ab0)[0x556a9f0f9ab0]
[hydra05:373657] [ 8] /opt/mpi/openmpi-4.1.4//lib/libmpi.so.40(ompi_group_incl_plist+0x65)[0x7f3549fa7915]
[hydra09:367342] [12] /lib/x86_64-linux-gnu/libc.so.6(__libc_start_main+0xea)[0x7f2331238d7a]
[hydra09:367342] [13] /home/thesis/jheld/MPI_Syrk_implementation/build/src/MPI_SYRK_implementation(+0x232a)[0x556a9f0f932a]
[hydra05:373657] [ 9] /opt/mpi/openmpi-4.1.4//lib/libmpi.so.40(PMPI_Group_incl+0x95)[0x7f3549fd8185]
[hydra09:367342] *** End of error message ***
[hydra02:559718] Signal: Aborted (6)
[hydra02:559718] Signal code:  (-6)
[hydra05:373657] [10] /home/thesis/jheld/MPI_Syrk_implementation/build/src/MPI_SYRK_implementation(+0x841a)[0x56273acf741a]
[hydra05:373657] [11] /home/thesis/jheld/MPI_Syrk_implementation/build/src/MPI_SYRK_implementation(+0x2ab0)[0x56273acf1ab0]
[hydra02:559718] [ 0] /lib/x86_64-linux-gnu/libc.so.6(+0x38de0)[0x7f20fb47bde0]
[hydra05:373657] [12] /lib/x86_64-linux-gnu/libc.so.6(__libc_start_main+0xea)[0x7f3548076d7a]
[hydra05:373657] [13] /home/thesis/jheld/MPI_Syrk_implementation/build/src/MPI_SYRK_implementation(+0x232a)[0x56273acf132a]
[hydra02:559718] [ 1] /lib/x86_64-linux-gnu/libc.so.6(gsignal+0x141)[0x7f20fb47bd61]
[hydra05:373657] *** End of error message ***
[hydra02:559718] [ 2] /lib/x86_64-linux-gnu/libc.so.6(abort+0x123)[0x7f20fb465537]
[hydra08:376008] [ 0] /lib/x86_64-linux-gnu/libc.so.6(+0x38de0)[0x7ff7ec168de0]
[hydra02:559718] [ 3] /lib/x86_64-linux-gnu/libc.so.6(+0x7a468)[0x7f20fb4bd468]
[hydra02:559718] [ 4] /lib/x86_64-linux-gnu/libc.so.6(+0x8175a)[0x7f20fb4c475a]
[hydra02:559718] [ 5] /lib/x86_64-linux-gnu/libc.so.6(+0x8483c)[0x7f20fb4c783c]
[hydra02:559718] [ 6] /lib/x86_64-linux-gnu/libc.so.6(__libc_calloc+0x81)[0x7f20fb4c9bd1]
[hydra08:376008] [ 1] /lib/x86_64-linux-gnu/libc.so.6(gsignal+0x141)[0x7ff7ec168d61]
malloc(): invalid size (unsorted)
[hydra01:874357] *** Process received signal ***
[hydra02:559718] [ 7] /opt/mpi/openmpi-4.1.4//lib/libmpi.so.40(ompi_group_allocate+0x17)[0x7f20fd3971e7]
[hydra01:874357] Signal: Aborted (6)
[hydra01:874357] Signal code:  (-6)
[hydra02:559718] [ 8] /opt/mpi/openmpi-4.1.4//lib/libmpi.so.40(ompi_group_incl_plist+0x65)[0x7f20fd397915]
[hydra02:559718] [ 9] /opt/mpi/openmpi-4.1.4//lib/libmpi.so.40(PMPI_Group_incl+0x95)[0x7f20fd3c8185]
[hydra08:376008] [ 2] /lib/x86_64-linux-gnu/libc.so.6(abort+0x123)[0x7ff7ec152537]
[hydra02:559718] [10] /home/thesis/jheld/MPI_Syrk_implementation/build/src/MPI_SYRK_implementation(+0x841a)[0x55e28090e41a]
[hydra02:559718] [11] /home/thesis/jheld/MPI_Syrk_implementation/build/src/MPI_SYRK_implementation(+0x2ab0)[0x55e280908ab0]
[hydra02:559718] [12] /lib/x86_64-linux-gnu/libc.so.6(__libc_start_main+0xea)[0x7f20fb466d7a]
[hydra02:559718] [13] /home/thesis/jheld/MPI_Syrk_implementation/build/src/MPI_SYRK_implementation(+0x232a)[0x55e28090832a]
[hydra02:559718] *** End of error message ***
[hydra08:376008] [ 3] /lib/x86_64-linux-gnu/libc.so.6(+0x7a468)[0x7ff7ec1aa468]
[hydra08:376008] [ 4] /lib/x86_64-linux-gnu/libc.so.6(+0x8175a)[0x7ff7ec1b175a]
[hydra08:376008] [ 5] /lib/x86_64-linux-gnu/libc.so.6(+0x8483c)[0x7ff7ec1b483c]
[hydra08:376008] [ 6] /lib/x86_64-linux-gnu/libc.so.6(__libc_calloc+0x81)[0x7ff7ec1b6bd1]
[hydra10:485098] Signal: Aborted (6)
[hydra10:485098] Signal code:  (-6)
[hydra10:485098] [ 0] /lib/x86_64-linux-gnu/libc.so.6(+0x38de0)[0x7ff618db5de0]
[hydra10:485098] [ 1] /lib/x86_64-linux-gnu/libc.so.6(gsignal+0x141)[0x7ff618db5d61]
[hydra10:485098] [ 2] /lib/x86_64-linux-gnu/libc.so.6(abort+0x123)[0x7ff618d9f537]
[hydra08:376008] [ 7] /opt/mpi/openmpi-4.1.4//lib/libmpi.so.40(ompi_group_allocate+0x17)[0x7ff7ee0841e7]
[hydra06:374352] *** Process received signal ***
[hydra10:485098] [ 3] /lib/x86_64-linux-gnu/libc.so.6(+0x7a468)[0x7ff618df7468]
[hydra08:376008] [ 8] /opt/mpi/openmpi-4.1.4//lib/libmpi.so.40(ompi_group_incl_plist+0x65)[0x7ff7ee084915]
[hydra06:374352] Signal: Aborted (6)
[hydra06:374352] Signal code:  (-6)
[hydra01:874357] [ 0] /lib/x86_64-linux-gnu/libc.so.6(+0x38de0)[0x7f3cf7e7fde0]
[hydra10:485098] [ 4] /lib/x86_64-linux-gnu/libc.so.6(+0x8175a)[0x7ff618dfe75a]
[hydra06:374352] [ 0] /lib/x86_64-linux-gnu/libc.so.6(+0x38de0)[0x7ff942e72de0]
[hydra01:874357] [ 1] /lib/x86_64-linux-gnu/libc.so.6(gsignal+0x141)[0x7f3cf7e7fd61]
[hydra10:485098] [ 5] /lib/x86_64-linux-gnu/libc.so.6(+0x8483c)[0x7ff618e0183c]
[hydra08:376008] [ 9] /opt/mpi/openmpi-4.1.4//lib/libmpi.so.40(PMPI_Group_incl+0x95)[0x7ff7ee0b5185]
[hydra06:374352] [ 1] /lib/x86_64-linux-gnu/libc.so.6(gsignal+0x141)[0x7ff942e72d61]
[hydra01:874357] [ 2] /lib/x86_64-linux-gnu/libc.so.6(abort+0x123)[0x7f3cf7e69537]
[hydra10:485098] [ 6] /lib/x86_64-linux-gnu/libc.so.6(__libc_calloc+0x81)[0x7ff618e03bd1]
[hydra08:376008] [10] /home/thesis/jheld/MPI_Syrk_implementation/build/src/MPI_SYRK_implementation(+0x841a)[0x556e41c9a41a]
[hydra08:376008] [11] /home/thesis/jheld/MPI_Syrk_implementation/build/src/MPI_SYRK_implementation(+0x2ab0)[0x556e41c94ab0]
[hydra06:374352] [ 2] /lib/x86_64-linux-gnu/libc.so.6(abort+0x123)[0x7ff942e5c537]
[hydra01:874357] [ 3] /lib/x86_64-linux-gnu/libc.so.6(+0x7a468)[0x7f3cf7ec1468]
[hydra10:485098] [ 7] /opt/mpi/openmpi-4.1.4//lib/libmpi.so.40(ompi_group_allocate+0x17)[0x7ff61acd11e7]
[hydra08:376008] [12] /lib/x86_64-linux-gnu/libc.so.6(__libc_start_main+0xea)[0x7ff7ec153d7a]
[hydra08:376008] [13] /home/thesis/jheld/MPI_Syrk_implementation/build/src/MPI_SYRK_implementation(+0x232a)[0x556e41c9432a]
[hydra06:374352] [ 3] /lib/x86_64-linux-gnu/libc.so.6(+0x7a468)[0x7ff942eb4468]
[hydra10:485098] [ 8] /opt/mpi/openmpi-4.1.4//lib/libmpi.so.40(ompi_group_incl_plist+0x65)[0x7ff61acd1915]
[hydra08:376008] *** End of error message ***
[hydra06:374352] [ 4] /lib/x86_64-linux-gnu/libc.so.6(+0x8175a)[0x7ff942ebb75a]
[hydra10:485098] [ 9] /opt/mpi/openmpi-4.1.4//lib/libmpi.so.40(PMPI_Group_incl+0x95)[0x7ff61ad02185]
[hydra06:374352] [ 5] /lib/x86_64-linux-gnu/libc.so.6(+0x8483c)[0x7ff942ebe83c]
[hydra01:874357] [ 4] /lib/x86_64-linux-gnu/libc.so.6(+0x8175a)[0x7f3cf7ec875a]
[hydra10:485098] [10] /home/thesis/jheld/MPI_Syrk_implementation/build/src/MPI_SYRK_implementation(+0x841a)[0x55780623a41a]
[hydra10:485098] [11] /home/thesis/jheld/MPI_Syrk_implementation/build/src/MPI_SYRK_implementation(+0x2ab0)[0x557806234ab0]
[hydra06:374352] [ 6] /lib/x86_64-linux-gnu/libc.so.6(__libc_calloc+0x81)[0x7ff942ec0bd1]
malloc(): invalid size (unsorted)
[hydra01:874357] [ 5] /lib/x86_64-linux-gnu/libc.so.6(+0x8483c)[0x7f3cf7ecb83c]
[hydra10:485098] [12] /lib/x86_64-linux-gnu/libc.so.6(__libc_start_main+0xea)[0x7ff618da0d7a]
[hydra10:485098] [13] /home/thesis/jheld/MPI_Syrk_implementation/build/src/MPI_SYRK_implementation(+0x232a)[0x55780623432a]
[hydra06:374352] [ 7] /opt/mpi/openmpi-4.1.4//lib/libmpi.so.40(ompi_group_allocate+0x17)[0x7ff944d8e1e7]
[hydra11:354045] *** Process received signal ***
[hydra10:485098] *** End of error message ***
[hydra06:374352] [ 8] /opt/mpi/openmpi-4.1.4//lib/libmpi.so.40(ompi_group_incl_plist+0x65)[0x7ff944d8e915]
[hydra11:354045] Signal: Aborted (6)
[hydra11:354045] Signal code:  (-6)
[hydra01:874357] [ 6] /lib/x86_64-linux-gnu/libc.so.6(__libc_calloc+0x81)[0x7f3cf7ecdbd1]
[hydra06:374352] [ 9] /opt/mpi/openmpi-4.1.4//lib/libmpi.so.40(PMPI_Group_incl+0x95)[0x7ff944dbf185]
[hydra11:354045] [ 0] /lib/x86_64-linux-gnu/libc.so.6(+0x38de0)[0x7fcf25ba6de0]
[hydra03:390950] Signal: Aborted (6)
[hydra03:390950] Signal code:  (-6)
[hydra06:374352] [10] /home/thesis/jheld/MPI_Syrk_implementation/build/src/MPI_SYRK_implementation(+0x841a)[0x56051a16641a]
[hydra11:354045] [ 1] /lib/x86_64-linux-gnu/libc.so.6(gsignal+0x141)[0x7fcf25ba6d61]
[hydra01:874357] [ 7] /opt/mpi/openmpi-4.1.4//lib/libmpi.so.40(ompi_group_allocate+0x17)[0x7f3cf9d9b1e7]
[hydra03:390950] [ 0] /lib/x86_64-linux-gnu/libc.so.6(+0x38de0)[0x7f576f374de0]
[hydra06:374352] [11] /home/thesis/jheld/MPI_Syrk_implementation/build/src/MPI_SYRK_implementation(+0x2ab0)[0x56051a160ab0]
[hydra11:354045] [ 2] /lib/x86_64-linux-gnu/libc.so.6(abort+0x123)[0x7fcf25b90537]
[hydra01:874357] [ 8] /opt/mpi/openmpi-4.1.4//lib/libmpi.so.40(ompi_group_incl_plist+0x65)[0x7f3cf9d9b915]
[hydra03:390950] [ 1] /lib/x86_64-linux-gnu/libc.so.6(gsignal+0x141)[0x7f576f374d61]
[hydra06:374352] [12] /lib/x86_64-linux-gnu/libc.so.6(__libc_start_main+0xea)[0x7ff942e5dd7a]
[hydra11:354045] [ 3] /lib/x86_64-linux-gnu/libc.so.6(+0x7a468)[0x7fcf25be8468]
[hydra03:390950] [ 2] /lib/x86_64-linux-gnu/libc.so.6(abort+0x123)[0x7f576f35e537]
[hydra06:374352] [13] /home/thesis/jheld/MPI_Syrk_implementation/build/src/MPI_SYRK_implementation(+0x232a)[0x56051a16032a]
[hydra06:374352] *** End of error message ***
[hydra11:354045] [ 4] /lib/x86_64-linux-gnu/libc.so.6(+0x8175a)[0x7fcf25bef75a]
[hydra01:874357] [ 9] /opt/mpi/openmpi-4.1.4//lib/libmpi.so.40(PMPI_Group_incl+0x95)[0x7f3cf9dcc185]
[hydra03:390950] [ 3] /lib/x86_64-linux-gnu/libc.so.6(+0x7a468)[0x7f576f3b6468]
[hydra11:354045] [ 5] /lib/x86_64-linux-gnu/libc.so.6(+0x8483c)[0x7fcf25bf283c]
[hydra01:874357] [10] /home/thesis/jheld/MPI_Syrk_implementation/build/src/MPI_SYRK_implementation(+0x841a)[0x55c86c97841a]
[hydra01:874357] [11] /home/thesis/jheld/MPI_Syrk_implementation/build/src/MPI_SYRK_implementation(+0x2ab0)[0x55c86c972ab0]
[hydra03:390950] [ 4] /lib/x86_64-linux-gnu/libc.so.6(+0x8175a)[0x7f576f3bd75a]
[hydra11:354045] [ 6] /lib/x86_64-linux-gnu/libc.so.6(__libc_calloc+0x81)[0x7fcf25bf4bd1]
[hydra01:874357] [12] /lib/x86_64-linux-gnu/libc.so.6(__libc_start_main+0xea)[0x7f3cf7e6ad7a]
[hydra01:874357] [13] /home/thesis/jheld/MPI_Syrk_implementation/build/src/MPI_SYRK_implementation(+0x232a)[0x55c86c97232a]
[hydra01:874357] *** End of error message ***
[hydra03:390950] [ 5] /lib/x86_64-linux-gnu/libc.so.6(+0x8483c)[0x7f576f3c083c]
[hydra11:354045] [ 7] /opt/mpi/openmpi-4.1.4//lib/libmpi.so.40(ompi_group_allocate+0x17)[0x7fcf27ac21e7]
[hydra03:390950] [ 6] /lib/x86_64-linux-gnu/libc.so.6(__libc_calloc+0x81)[0x7f576f3c2bd1]
[hydra11:354045] [ 8] /opt/mpi/openmpi-4.1.4//lib/libmpi.so.40(ompi_group_incl_plist+0x65)[0x7fcf27ac2915]
[hydra03:390950] [ 7] /opt/mpi/openmpi-4.1.4//lib/libmpi.so.40(ompi_group_allocate+0x17)[0x7f57712901e7]
[hydra11:354045] [ 9] /opt/mpi/openmpi-4.1.4//lib/libmpi.so.40(PMPI_Group_incl+0x95)[0x7fcf27af3185]
[hydra03:390950] [ 8] /opt/mpi/openmpi-4.1.4//lib/libmpi.so.40(ompi_group_incl_plist+0x65)[0x7f5771290915]
[hydra11:354045] [10] /home/thesis/jheld/MPI_Syrk_implementation/build/src/MPI_SYRK_implementation(+0x841a)[0x558a1518e41a]
[hydra11:354045] [11] /home/thesis/jheld/MPI_Syrk_implementation/build/src/MPI_SYRK_implementation(+0x2ab0)[0x558a15188ab0]
[hydra03:390950] [ 9] /opt/mpi/openmpi-4.1.4//lib/libmpi.so.40(PMPI_Group_incl+0x95)[0x7f57712c1185]
[hydra11:354045] [12] /lib/x86_64-linux-gnu/libc.so.6(__libc_start_main+0xea)[0x7fcf25b91d7a]
[hydra11:354045] [13] /home/thesis/jheld/MPI_Syrk_implementation/build/src/MPI_SYRK_implementation(+0x232a)[0x558a1518832a]
[hydra03:390950] [10] /home/thesis/jheld/MPI_Syrk_implementation/build/src/MPI_SYRK_implementation(+0x841a)[0x55bb408b441a]
[hydra11:354045] *** End of error message ***
[hydra03:390950] [11] /home/thesis/jheld/MPI_Syrk_implementation/build/src/MPI_SYRK_implementation(+0x2ab0)[0x55bb408aeab0]
[hydra03:390950] [12] /lib/x86_64-linux-gnu/libc.so.6(__libc_start_main+0xea)[0x7f576f35fd7a]
[hydra03:390950] [13] /home/thesis/jheld/MPI_Syrk_implementation/build/src/MPI_SYRK_implementation(+0x232a)[0x55bb408ae32a]
[hydra03:390950] *** End of error message ***
srun: error: hydra10: task 29: Aborted
srun: error: hydra07: task 19: Aborted
srun: error: hydra04: task 11: Aborted
srun: error: hydra03: task 6: Aborted
srun: error: hydra06: task 15: Aborted
srun: error: hydra02: task 5: Aborted
srun: error: hydra01: task 2: Aborted
srun: error: hydra09: tasks 24,26: Aborted
srun: error: hydra12: tasks 33-34: Aborted
srun: error: hydra05: tasks 12,14: Aborted
srun: error: hydra08: tasks 21-22: Aborted
srun: error: hydra11: tasks 31-32: Aborted
slurmstepd: error:  mpi/pmix_v4: _errhandler: hydra04 [3]: pmixp_client_v2.c:211: Error handler invoked: status = -61, source = [slurm.pmix.5008690.17:11]
slurmstepd: error:  mpi/pmix_v4: _errhandler: hydra12 [11]: pmixp_client_v2.c:211: Error handler invoked: status = -61, source = [slurm.pmix.5008690.17:34]
slurmstepd: error:  mpi/pmix_v4: _errhandler: hydra10 [9]: pmixp_client_v2.c:211: Error handler invoked: status = -61, source = [slurm.pmix.5008690.17:29]
slurmstepd: error:  mpi/pmix_v4: _errhandler: hydra02 [1]: pmixp_client_v2.c:211: Error handler invoked: status = -61, source = [slurm.pmix.5008690.17:5]
slurmstepd: error:  mpi/pmix_v4: _errhandler: hydra05 [4]: pmixp_client_v2.c:211: Error handler invoked: status = -61, source = [slurm.pmix.5008690.17:12]
slurmstepd: error:  mpi/pmix_v4: _errhandler: hydra06 [5]: pmixp_client_v2.c:211: Error handler invoked: status = -61, source = [slurm.pmix.5008690.17:15]
slurmstepd: error:  mpi/pmix_v4: _errhandler: hydra09 [8]: pmixp_client_v2.c:211: Error handler invoked: status = -61, source = [slurm.pmix.5008690.17:24]
slurmstepd: error:  mpi/pmix_v4: _errhandler: hydra08 [7]: pmixp_client_v2.c:211: Error handler invoked: status = -61, source = [slurm.pmix.5008690.17:22]
slurmstepd: error:  mpi/pmix_v4: _errhandler: hydra01 [0]: pmixp_client_v2.c:211: Error handler invoked: status = -61, source = [slurm.pmix.5008690.17:2]
slurmstepd: error:  mpi/pmix_v4: _errhandler: hydra11 [10]: pmixp_client_v2.c:211: Error handler invoked: status = -61, source = [slurm.pmix.5008690.17:32]
slurmstepd: error:  mpi/pmix_v4: _errhandler: hydra07 [6]: pmixp_client_v2.c:211: Error handler invoked: status = -61, source = [slurm.pmix.5008690.17:19]
slurmstepd: error:  mpi/pmix_v4: _errhandler: hydra03 [2]: pmixp_client_v2.c:211: Error handler invoked: status = -61, source = [slurm.pmix.5008690.17:6]
slurmstepd: error: *** STEP 5008690.17 ON hydra01 CANCELLED AT 2025-10-13T15:27:05 ***
srun: Job step aborted: Waiting up to 32 seconds for job step to finish.
srun: error: hydra11: task 30: Killed
srun: error: hydra09: task 25: Killed
srun: error: hydra12: task 35: Killed
srun: error: hydra08: task 23: Killed
srun: error: hydra05: task 13: Killed
srun: error: hydra01: tasks 0-1: Killed
srun: error: hydra06: tasks 16-17: Killed
srun: error: hydra07: tasks 18,20: Killed
srun: error: hydra03: tasks 7-8: Killed
srun: error: hydra04: tasks 9-10: Killed
srun: error: hydra10: tasks 27-28: Killed
srun: error: hydra02: tasks 3-4: Killed
⚠️ Warning: No runtime found for run 18
srun: Warning: can't honor --ntasks-per-node set to 1 which doesn't match the requested tasks 36 with the number of requested nodes 12. Ignoring --ntasks-per-node.
missing input file name --> Generate random input
malloc(): invalid size (unsorted)
[hydra12:354156] *** Process received signal ***
malloc(): invalid size (unsorted)
[hydra04:389802] *** Process received signal ***
[hydra12:354156] Signal: Aborted (6)
[hydra12:354156] Signal code:  (-6)
malloc(): invalid size (unsorted)
[hydra12:354156] [ 0] /lib/x86_64-linux-gnu/libc.so.6(+0x38de0)[0x7ffb1f2d5de0]
[hydra12:354156] [ 1] /lib/x86_64-linux-gnu/libc.so.6(gsignal+0x141)[0x7ffb1f2d5d61]
[hydra12:354156] [ 2] /lib/x86_64-linux-gnu/libc.so.6(abort+0x123)[0x7ffb1f2bf537]
[hydra12:354156] [ 3] /lib/x86_64-linux-gnu/libc.so.6(+0x7a468)[0x7ffb1f317468]
[hydra12:354156] [ 4] /lib/x86_64-linux-gnu/libc.so.6(+0x8175a)[0x7ffb1f31e75a]
[hydra12:354156] [ 5] /lib/x86_64-linux-gnu/libc.so.6(+0x8483c)[0x7ffb1f32183c]
[hydra12:354156] [ 6] /lib/x86_64-linux-gnu/libc.so.6(__libc_calloc+0x81)[0x7ffb1f323bd1]
[hydra12:354156] [ 7] /opt/mpi/openmpi-4.1.4//lib/libmpi.so.40(ompi_group_allocate+0x17)[0x7ffb211f11e7]
[hydra12:354156] [ 8] /opt/mpi/openmpi-4.1.4//lib/libmpi.so.40(ompi_group_incl_plist+0x65)[0x7ffb211f1915]
[hydra12:354156] [ 9] /opt/mpi/openmpi-4.1.4//lib/libmpi.so.40(PMPI_Group_incl+0x95)[0x7ffb21222185]
[hydra12:354156] [10] /home/thesis/jheld/MPI_Syrk_implementation/build/src/MPI_SYRK_implementation(+0x841a)[0x5564c7ad141a]
[hydra12:354156] [11] /home/thesis/jheld/MPI_Syrk_implementation/build/src/MPI_SYRK_implementation(+0x2ab0)[0x5564c7acbab0]
[hydra04:389802] Signal: Aborted (6)
[hydra04:389802] Signal code:  (-6)
[hydra04:389802] [ 0] /lib/x86_64-linux-gnu/libc.so.6(+0x38de0)[0x7f4daf0afde0]
[hydra04:389802] [ 1] /lib/x86_64-linux-gnu/libc.so.6(gsignal+0x141)[0x7f4daf0afd61]
[hydra12:354156] [12] /lib/x86_64-linux-gnu/libc.so.6(__libc_start_main+0xea)[0x7ffb1f2c0d7a]
[hydra12:354156] [13] /home/thesis/jheld/MPI_Syrk_implementation/build/src/MPI_SYRK_implementation(+0x232a)[0x5564c7acb32a]
malloc(): invalid size (unsorted)
[hydra08:376082] *** Process received signal ***
[hydra04:389802] [ 2] /lib/x86_64-linux-gnu/libc.so.6(abort+0x123)[0x7f4daf099537]
[hydra12:354156] *** End of error message ***
[hydra04:389802] [ 3] /lib/x86_64-linux-gnu/libc.so.6(+0x7a468)[0x7f4daf0f1468]
[hydra08:376082] Signal: Aborted (6)
[hydra08:376082] Signal code:  (-6)
[hydra04:389802] [ 4] /lib/x86_64-linux-gnu/libc.so.6(+0x8175a)[0x7f4daf0f875a]
[hydra04:389802] [ 5] /lib/x86_64-linux-gnu/libc.so.6(+0x8483c)[0x7f4daf0fb83c]
[hydra04:389802] [ 6] /lib/x86_64-linux-gnu/libc.so.6(__libc_calloc+0x81)[0x7f4daf0fdbd1]
malloc(): invalid size (unsorted)
[hydra08:376082] [ 0] /lib/x86_64-linux-gnu/libc.so.6(+0x38de0)[0x7f0a06dbade0]
[hydra04:389802] [ 7] /opt/mpi/openmpi-4.1.4//lib/libmpi.so.40(ompi_group_allocate+0x17)[0x7f4db0fcb1e7]
[hydra01:874453] *** Process received signal ***
[hydra01:874453] Signal: Aborted (6)
[hydra01:874453] Signal code:  (-6)
[hydra04:389802] [ 8] /opt/mpi/openmpi-4.1.4//lib/libmpi.so.40(ompi_group_incl_plist+0x65)[0x7f4db0fcb915]
[hydra02:559803] *** Process received signal ***
[hydra02:559803] Signal: Aborted (6)
[hydra02:559803] Signal code:  (-6)
malloc(): invalid size (unsorted)
[hydra02:559803] [ 0] /lib/x86_64-linux-gnu/libc.so.6(+0x38de0)[0x7f36c606cde0]
[hydra08:376082] [ 1] /lib/x86_64-linux-gnu/libc.so.6(gsignal+0x141)[0x7f0a06dbad61]
[hydra04:389802] [ 9] /opt/mpi/openmpi-4.1.4//lib/libmpi.so.40(PMPI_Group_incl+0x95)[0x7f4db0ffc185]
[hydra04:389802] [10] /home/thesis/jheld/MPI_Syrk_implementation/build/src/MPI_SYRK_implementation(+0x841a)[0x55a39858641a]
[hydra04:389802] [11] /home/thesis/jheld/MPI_Syrk_implementation/build/src/MPI_SYRK_implementation(+0x2ab0)[0x55a398580ab0]
[hydra02:559803] [ 1] /lib/x86_64-linux-gnu/libc.so.6(gsignal+0x141)[0x7f36c606cd61]
[hydra04:389802] [12] /lib/x86_64-linux-gnu/libc.so.6(__libc_start_main+0xea)[0x7f4daf09ad7a]
[hydra04:389802] [13] /home/thesis/jheld/MPI_Syrk_implementation/build/src/MPI_SYRK_implementation(+0x232a)[0x55a39858032a]
[hydra02:559803] [ 2] /lib/x86_64-linux-gnu/libc.so.6(abort+0x123)[0x7f36c6056537]
[hydra08:376082] [ 2] /lib/x86_64-linux-gnu/libc.so.6(abort+0x123)[0x7f0a06da4537]
[hydra04:389802] *** End of error message ***
[hydra02:559803] [ 3] /lib/x86_64-linux-gnu/libc.so.6(+0x7a468)[0x7f36c60ae468]
[hydra08:376082] [ 3] /lib/x86_64-linux-gnu/libc.so.6(+0x7a468)[0x7f0a06dfc468]
[hydra02:559803] [ 4] /lib/x86_64-linux-gnu/libc.so.6(+0x8175a)[0x7f36c60b575a]
[hydra02:559803] [ 5] /lib/x86_64-linux-gnu/libc.so.6(+0x8483c)[0x7f36c60b883c]
[hydra08:376082] [ 4] /lib/x86_64-linux-gnu/libc.so.6(+0x8175a)[0x7f0a06e0375a]
[hydra02:559803] [ 6] /lib/x86_64-linux-gnu/libc.so.6(__libc_calloc+0x81)[0x7f36c60babd1]
[hydra02:559803] [ 7] /opt/mpi/openmpi-4.1.4//lib/libmpi.so.40(ompi_group_allocate+0x17)[0x7f36c7f881e7]
[hydra01:874453] [ 0] /lib/x86_64-linux-gnu/libc.so.6(+0x38de0)[0x7f0329f9bde0]
[hydra02:559803] [ 8] /opt/mpi/openmpi-4.1.4//lib/libmpi.so.40(ompi_group_incl_plist+0x65)[0x7f36c7f88915]
[hydra01:874453] [ 1] /lib/x86_64-linux-gnu/libc.so.6(gsignal+0x141)[0x7f0329f9bd61]
[hydra08:376082] [ 5] /lib/x86_64-linux-gnu/libc.so.6(+0x8483c)[0x7f0a06e0683c]
[hydra02:559803] [ 9] /opt/mpi/openmpi-4.1.4//lib/libmpi.so.40(PMPI_Group_incl+0x95)[0x7f36c7fb9185]
[hydra01:874453] [ 2] /lib/x86_64-linux-gnu/libc.so.6(abort+0x123)[0x7f0329f85537]
[hydra02:559803] [10] /home/thesis/jheld/MPI_Syrk_implementation/build/src/MPI_SYRK_implementation(+0x841a)[0x561b40af841a]
[hydra02:559803] [11] /home/thesis/jheld/MPI_Syrk_implementation/build/src/MPI_SYRK_implementation(+0x2ab0)[0x561b40af2ab0]
[hydra08:376082] [ 6] /lib/x86_64-linux-gnu/libc.so.6(__libc_calloc+0x81)[0x7f0a06e08bd1]
[hydra02:559803] [12] /lib/x86_64-linux-gnu/libc.so.6(__libc_start_main+0xea)[0x7f36c6057d7a]
[hydra02:559803] [13] /home/thesis/jheld/MPI_Syrk_implementation/build/src/MPI_SYRK_implementation(+0x232a)[0x561b40af232a]
[hydra01:874453] [ 3] /lib/x86_64-linux-gnu/libc.so.6(+0x7a468)[0x7f0329fdd468]
[hydra08:376082] [ 7] /opt/mpi/openmpi-4.1.4//lib/libmpi.so.40(ompi_group_allocate+0x17)[0x7f0a08cd61e7]
[hydra02:559803] *** End of error message ***
[hydra01:874453] [ 4] /lib/x86_64-linux-gnu/libc.so.6(+0x8175a)[0x7f0329fe475a]
[hydra08:376082] [ 8] /opt/mpi/openmpi-4.1.4//lib/libmpi.so.40(ompi_group_incl_plist+0x65)[0x7f0a08cd6915]
[hydra01:874453] [ 5] /lib/x86_64-linux-gnu/libc.so.6(+0x8483c)[0x7f0329fe783c]
malloc(): invalid size (unsorted)
[hydra07:400806] *** Process received signal ***
[hydra08:376082] [ 9] /opt/mpi/openmpi-4.1.4//lib/libmpi.so.40(PMPI_Group_incl+0x95)[0x7f0a08d07185]
[hydra01:874453] [ 6] /lib/x86_64-linux-gnu/libc.so.6(__libc_calloc+0x81)[0x7f0329fe9bd1]
[hydra08:376082] [10] /home/thesis/jheld/MPI_Syrk_implementation/build/src/MPI_SYRK_implementation(+0x841a)[0x55c65971d41a]
[hydra08:376082] [11] /home/thesis/jheld/MPI_Syrk_implementation/build/src/MPI_SYRK_implementation(+0x2ab0)[0x55c659717ab0]
[hydra01:874453] [ 7] /opt/mpi/openmpi-4.1.4//lib/libmpi.so.40(ompi_group_allocate+0x17)[0x7f032beb71e7]
[hydra08:376082] [12] /lib/x86_64-linux-gnu/libc.so.6(__libc_start_main+0xea)[0x7f0a06da5d7a]
[hydra08:376082] [13] /home/thesis/jheld/MPI_Syrk_implementation/build/src/MPI_SYRK_implementation(+0x232a)[0x55c65971732a]
[hydra08:376082] *** End of error message ***
malloc(): invalid size (unsorted)
[hydra06:374426] *** Process received signal ***
[hydra01:874453] [ 8] /opt/mpi/openmpi-4.1.4//lib/libmpi.so.40(ompi_group_incl_plist+0x65)[0x7f032beb7915]
[hydra01:874453] [ 9] /opt/mpi/openmpi-4.1.4//lib/libmpi.so.40(PMPI_Group_incl+0x95)[0x7f032bee8185]
[hydra01:874453] [10] /home/thesis/jheld/MPI_Syrk_implementation/build/src/MPI_SYRK_implementation(+0x841a)[0x56441fb0941a]
[hydra01:874453] [11] /home/thesis/jheld/MPI_Syrk_implementation/build/src/MPI_SYRK_implementation(+0x2ab0)[0x56441fb03ab0]
[hydra04:389801] *** Process received signal ***
[hydra04:389801] Signal: Aborted (6)
[hydra04:389801] Signal code:  (-6)
[hydra01:874453] [12] /lib/x86_64-linux-gnu/libc.so.6(__libc_start_main+0xea)[0x7f0329f86d7a]
[hydra01:874453] [13] /home/thesis/jheld/MPI_Syrk_implementation/build/src/MPI_SYRK_implementation(+0x232a)[0x56441fb0332a]
[hydra01:874453] *** End of error message ***
[hydra04:389801] [ 0] /lib/x86_64-linux-gnu/libc.so.6(+0x38de0)[0x7f5bcb200de0]
[hydra04:389801] [ 1] /lib/x86_64-linux-gnu/libc.so.6(gsignal+0x141)[0x7f5bcb200d61]
[hydra04:389801] [ 2] /lib/x86_64-linux-gnu/libc.so.6(abort+0x123)[0x7f5bcb1ea537]
[hydra04:389801] [ 3] /lib/x86_64-linux-gnu/libc.so.6(+0x7a468)[0x7f5bcb242468]
[hydra04:389801] [ 4] /lib/x86_64-linux-gnu/libc.so.6(+0x8175a)[0x7f5bcb24975a]
[hydra04:389801] [ 5] /lib/x86_64-linux-gnu/libc.so.6(+0x8483c)[0x7f5bcb24c83c]
[hydra04:389801] [ 6] /lib/x86_64-linux-gnu/libc.so.6(__libc_calloc+0x81)[0x7f5bcb24ebd1]
[hydra04:389801] [ 7] /opt/mpi/openmpi-4.1.4//lib/libmpi.so.40(ompi_group_allocate+0x17)[0x7f5bcd11c1e7]
[hydra04:389801] [ 8] /opt/mpi/openmpi-4.1.4//lib/libmpi.so.40(ompi_group_incl_plist+0x65)[0x7f5bcd11c915]
malloc(): invalid size (unsorted)
[hydra04:389801] [ 9] /opt/mpi/openmpi-4.1.4//lib/libmpi.so.40(PMPI_Group_incl+0x95)[0x7f5bcd14d185]
[hydra04:389801] [10] /home/thesis/jheld/MPI_Syrk_implementation/build/src/MPI_SYRK_implementation(+0x841a)[0x55f3279fc41a]
[hydra04:389801] [11] /home/thesis/jheld/MPI_Syrk_implementation/build/src/MPI_SYRK_implementation(+0x2ab0)[0x55f3279f6ab0]
[hydra04:389801] [12] /lib/x86_64-linux-gnu/libc.so.6(__libc_start_main+0xea)[0x7f5bcb1ebd7a]
[hydra04:389801] [13] /home/thesis/jheld/MPI_Syrk_implementation/build/src/MPI_SYRK_implementation(+0x232a)[0x55f3279f632a]
[hydra04:389801] *** End of error message ***
malloc(): invalid size (unsorted)
[hydra07:400807] *** Process received signal ***
[hydra07:400807] Signal: Aborted (6)
[hydra07:400807] Signal code:  (-6)
[hydra07:400806] Signal: Aborted (6)
[hydra07:400806] Signal code:  (-6)
[hydra07:400806] [ 0] /lib/x86_64-linux-gnu/libc.so.6(+0x38de0)[0x7f2533072de0]
[hydra07:400807] [ 0] /lib/x86_64-linux-gnu/libc.so.6(+0x38de0)[0x7efff901ade0]
[hydra07:400806] [ 1] /lib/x86_64-linux-gnu/libc.so.6(gsignal+0x141)[0x7f2533072d61]
[hydra07:400807] [ 1] /lib/x86_64-linux-gnu/libc.so.6(gsignal+0x141)[0x7efff901ad61]
[hydra07:400807] [ 2] /lib/x86_64-linux-gnu/libc.so.6(abort+0x123)[0x7efff9004537]
[hydra07:400806] [ 2] /lib/x86_64-linux-gnu/libc.so.6(abort+0x123)[0x7f253305c537]
[hydra07:400806] [ 3] /lib/x86_64-linux-gnu/libc.so.6(+0x7a468)[0x7f25330b4468]
[hydra07:400807] [ 3] /lib/x86_64-linux-gnu/libc.so.6(+0x7a468)[0x7efff905c468]
[hydra07:400806] [ 4] /lib/x86_64-linux-gnu/libc.so.6(+0x8175a)[0x7f25330bb75a]
malloc(): invalid size (unsorted)
[hydra07:400807] [ 4] /lib/x86_64-linux-gnu/libc.so.6(+0x8175a)[0x7efff906375a]
[hydra07:400806] [ 5] /lib/x86_64-linux-gnu/libc.so.6(+0x8483c)[0x7f25330be83c]
[hydra07:400807] [ 5] /lib/x86_64-linux-gnu/libc.so.6(+0x8483c)[0x7efff906683c]
[hydra07:400807] [ 6] /lib/x86_64-linux-gnu/libc.so.6(__libc_calloc+0x81)[0x7efff9068bd1]
[hydra07:400806] [ 6] /lib/x86_64-linux-gnu/libc.so.6(__libc_calloc+0x81)[0x7f25330c0bd1]
[hydra07:400806] [ 7] /opt/mpi/openmpi-4.1.4//lib/libmpi.so.40(ompi_group_allocate+0x17)[0x7f2534f8e1e7]
malloc(): invalid size (unsorted)
[hydra07:400807] [ 7] /opt/mpi/openmpi-4.1.4//lib/libmpi.so.40(ompi_group_allocate+0x17)[0x7efffaf361e7]
[hydra07:400806] [ 8] /opt/mpi/openmpi-4.1.4//lib/libmpi.so.40(ompi_group_incl_plist+0x65)[0x7f2534f8e915]
[hydra07:400807] [ 8] /opt/mpi/openmpi-4.1.4//lib/libmpi.so.40(ompi_group_incl_plist+0x65)[0x7efffaf36915]
[hydra07:400807] [ 9] /opt/mpi/openmpi-4.1.4//lib/libmpi.so.40(PMPI_Group_incl+0x95)[0x7efffaf67185]
[hydra06:374426] Signal: Aborted (6)
[hydra06:374426] Signal code:  (-6)
malloc(): invalid size (unsorted)
[hydra02:559802] *** Process received signal ***
[hydra06:374426] [ 0] /lib/x86_64-linux-gnu/libc.so.6(+0x38de0)[0x7f324f21dde0]
malloc(): invalid size (unsorted)
[hydra11:354115] *** Process received signal ***
[hydra02:559802] Signal: Aborted (6)
[hydra02:559802] Signal code:  (-6)
[hydra06:374426] [ 1] /lib/x86_64-linux-gnu/libc.so.6(gsignal+0x141)[0x7f324f21dd61]
[hydra02:559802] [ 0] /lib/x86_64-linux-gnu/libc.so.6(+0x38de0)[0x7f8b55982de0]
[hydra06:374426] [ 2] /lib/x86_64-linux-gnu/libc.so.6(abort+0x123)[0x7f324f207537]
[hydra02:559802] [ 1] /lib/x86_64-linux-gnu/libc.so.6(gsignal+0x141)[0x7f8b55982d61]
[hydra06:374426] [ 3] /lib/x86_64-linux-gnu/libc.so.6(+0x7a468)[0x7f324f25f468]
malloc(): invalid size (unsorted)
[hydra09:367411] *** Process received signal ***
[hydra02:559802] [ 2] /lib/x86_64-linux-gnu/libc.so.6(abort+0x123)[0x7f8b5596c537]
[hydra06:374426] [ 4] /lib/x86_64-linux-gnu/libc.so.6(+0x8175a)[0x7f324f26675a]
[hydra02:559802] [ 3] /lib/x86_64-linux-gnu/libc.so.6(+0x7a468)[0x7f8b559c4468]
[hydra06:374426] [ 5] /lib/x86_64-linux-gnu/libc.so.6(+0x8483c)[0x7f324f26983c]
[hydra02:559802] [ 4] /lib/x86_64-linux-gnu/libc.so.6(+0x8175a)[0x7f8b559cb75a]
[hydra06:374426] [ 6] /lib/x86_64-linux-gnu/libc.so.6(__libc_calloc+0x81)[0x7f324f26bbd1]
[hydra02:559802] [ 5] /lib/x86_64-linux-gnu/libc.so.6(+0x8483c)[0x7f8b559ce83c]
[hydra06:374426] [ 7] /opt/mpi/openmpi-4.1.4//lib/libmpi.so.40(ompi_group_allocate+0x17)[0x7f32511391e7]
[hydra02:559802] [ 6] /lib/x86_64-linux-gnu/libc.so.6(__libc_calloc+0x81)[0x7f8b559d0bd1]
[hydra06:374426] [ 8] /opt/mpi/openmpi-4.1.4//lib/libmpi.so.40(ompi_group_incl_plist+0x65)[0x7f3251139915]
[hydra02:559802] [ 7] /opt/mpi/openmpi-4.1.4//lib/libmpi.so.40(ompi_group_allocate+0x17)[0x7f8b5789e1e7]
[hydra06:374426] [ 9] /opt/mpi/openmpi-4.1.4//lib/libmpi.so.40(PMPI_Group_incl+0x95)[0x7f325116a185]
[hydra06:374426] [10] /home/thesis/jheld/MPI_Syrk_implementation/build/src/MPI_SYRK_implementation(+0x841a)[0x558ff03b541a]
[hydra02:559802] [ 8] /opt/mpi/openmpi-4.1.4//lib/libmpi.so.40(ompi_group_incl_plist+0x65)[0x7f8b5789e915]
[hydra06:374426] [11] /home/thesis/jheld/MPI_Syrk_implementation/build/src/MPI_SYRK_implementation(+0x2ab0)[0x558ff03afab0]
[hydra05:373727] *** Process received signal ***
[hydra02:559802] [ 9] /opt/mpi/openmpi-4.1.4//lib/libmpi.so.40(PMPI_Group_incl+0x95)[0x7f8b578cf185]
[hydra02:559802] [10] /home/thesis/jheld/MPI_Syrk_implementation/build/src/MPI_SYRK_implementation(+0x841a)[0x56196a9b741a]
[hydra06:374426] [12] /lib/x86_64-linux-gnu/libc.so.6(__libc_start_main+0xea)[0x7f324f208d7a]
[hydra06:374426] [13] /home/thesis/jheld/MPI_Syrk_implementation/build/src/MPI_SYRK_implementation(+0x232a)[0x558ff03af32a]
[hydra05:373727] Signal: Aborted (6)
[hydra05:373727] Signal code:  (-6)
[hydra02:559802] [11] /home/thesis/jheld/MPI_Syrk_implementation/build/src/MPI_SYRK_implementation(+0x2ab0)[0x56196a9b1ab0]
[hydra06:374426] *** End of error message ***
[hydra05:373727] [ 0] /lib/x86_64-linux-gnu/libc.so.6(+0x38de0)[0x7fb8c527ede0]
[hydra02:559802] [12] /lib/x86_64-linux-gnu/libc.so.6(__libc_start_main+0xea)[0x7f8b5596dd7a]
[hydra02:559802] [13] /home/thesis/jheld/MPI_Syrk_implementation/build/src/MPI_SYRK_implementation(+0x232a)[0x56196a9b132a]
[hydra05:373727] [ 1] /lib/x86_64-linux-gnu/libc.so.6(gsignal+0x141)[0x7fb8c527ed61]
[hydra02:559802] *** End of error message ***
[hydra05:373727] [ 2] /lib/x86_64-linux-gnu/libc.so.6(abort+0x123)[0x7fb8c5268537]
[hydra05:373727] [ 3] /lib/x86_64-linux-gnu/libc.so.6(+0x7a468)[0x7fb8c52c0468]
[hydra05:373727] [ 4] /lib/x86_64-linux-gnu/libc.so.6(+0x8175a)[0x7fb8c52c775a]
[hydra05:373727] [ 5] /lib/x86_64-linux-gnu/libc.so.6(+0x8483c)[0x7fb8c52ca83c]
[hydra05:373727] [ 6] /lib/x86_64-linux-gnu/libc.so.6(__libc_calloc+0x81)[0x7fb8c52ccbd1]
[hydra10:485173] *** Process received signal ***
[hydra10:485173] Signal: Aborted (6)
[hydra10:485173] Signal code:  (-6)
[hydra05:373727] [ 7] /opt/mpi/openmpi-4.1.4//lib/libmpi.so.40(ompi_group_allocate+0x17)[0x7fb8c719a1e7]
[hydra10:485173] [ 0] /lib/x86_64-linux-gnu/libc.so.6(+0x38de0)[0x7ff581697de0]
[hydra05:373727] [ 8] /opt/mpi/openmpi-4.1.4//lib/libmpi.so.40(ompi_group_incl_plist+0x65)[0x7fb8c719a915]
[hydra10:485173] [ 1] /lib/x86_64-linux-gnu/libc.so.6(gsignal+0x141)[0x7ff581697d61]
[hydra05:373727] [ 9] /opt/mpi/openmpi-4.1.4//lib/libmpi.so.40(PMPI_Group_incl+0x95)[0x7fb8c71cb185]
[hydra10:485173] [ 2] /lib/x86_64-linux-gnu/libc.so.6(abort+0x123)[0x7ff581681537]
[hydra05:373727] [10] /home/thesis/jheld/MPI_Syrk_implementation/build/src/MPI_SYRK_implementation(+0x841a)[0x55920e4fc41a]
[hydra10:485173] [ 3] /lib/x86_64-linux-gnu/libc.so.6(+0x7a468)[0x7ff5816d9468]
[hydra05:373727] [11] /home/thesis/jheld/MPI_Syrk_implementation/build/src/MPI_SYRK_implementation(+0x2ab0)[0x55920e4f6ab0]
[hydra10:485173] [ 4] /lib/x86_64-linux-gnu/libc.so.6(+0x8175a)[0x7ff5816e075a]
[hydra05:373727] [12] /lib/x86_64-linux-gnu/libc.so.6(__libc_start_main+0xea)[0x7fb8c5269d7a]
[hydra10:485173] [ 5] /lib/x86_64-linux-gnu/libc.so.6(+0x8483c)[0x7ff5816e383c]
[hydra05:373727] [13] /home/thesis/jheld/MPI_Syrk_implementation/build/src/MPI_SYRK_implementation(+0x232a)[0x55920e4f632a]
[hydra05:373727] *** End of error message ***
[hydra10:485173] [ 6] /lib/x86_64-linux-gnu/libc.so.6(__libc_calloc+0x81)[0x7ff5816e5bd1]
[hydra10:485173] [ 7] /opt/mpi/openmpi-4.1.4//lib/libmpi.so.40(ompi_group_allocate+0x17)[0x7ff5835b31e7]
[hydra10:485173] [ 8] /opt/mpi/openmpi-4.1.4//lib/libmpi.so.40(ompi_group_incl_plist+0x65)[0x7ff5835b3915]
[hydra10:485173] [ 9] /opt/mpi/openmpi-4.1.4//lib/libmpi.so.40(PMPI_Group_incl+0x95)[0x7ff5835e4185]
[hydra10:485173] [10] /home/thesis/jheld/MPI_Syrk_implementation/build/src/MPI_SYRK_implementation(+0x841a)[0x562e6369341a]
[hydra10:485173] [11] /home/thesis/jheld/MPI_Syrk_implementation/build/src/MPI_SYRK_implementation(+0x2ab0)[0x562e6368dab0]
[hydra10:485173] [12] /lib/x86_64-linux-gnu/libc.so.6(__libc_start_main+0xea)[0x7ff581682d7a]
[hydra10:485173] [13] /home/thesis/jheld/MPI_Syrk_implementation/build/src/MPI_SYRK_implementation(+0x232a)[0x562e6368d32a]
[hydra10:485173] *** End of error message ***
[hydra11:354115] Signal: Aborted (6)
[hydra11:354115] Signal code:  (-6)
[hydra11:354115] [ 0] /lib/x86_64-linux-gnu/libc.so.6(+0x38de0)[0x7fcb1a83dde0]
[hydra11:354115] [ 1] /lib/x86_64-linux-gnu/libc.so.6(gsignal+0x141)[0x7fcb1a83dd61]
[hydra03:391023] *** Process received signal ***
[hydra11:354115] [ 2] /lib/x86_64-linux-gnu/libc.so.6(abort+0x123)[0x7fcb1a827537]
[hydra03:391023] Signal: Aborted (6)
[hydra03:391023] Signal code:  (-6)
[hydra11:354115] [ 3] /lib/x86_64-linux-gnu/libc.so.6(+0x7a468)[0x7fcb1a87f468]
[hydra09:367411] Signal: Aborted (6)
[hydra09:367411] Signal code:  (-6)
[hydra03:391023] [ 0] /lib/x86_64-linux-gnu/libc.so.6(+0x38de0)[0x7f7234c33de0]
[hydra11:354115] [ 4] /lib/x86_64-linux-gnu/libc.so.6(+0x8175a)[0x7fcb1a88675a]
[hydra09:367411] [ 0] /lib/x86_64-linux-gnu/libc.so.6(+0x38de0)[0x7f78debaade0]
[hydra03:391023] [ 1] /lib/x86_64-linux-gnu/libc.so.6(gsignal+0x141)[0x7f7234c33d61]
[hydra11:354115] [ 5] /lib/x86_64-linux-gnu/libc.so.6(+0x8483c)[0x7fcb1a88983c]
[hydra09:367411] [ 1] /lib/x86_64-linux-gnu/libc.so.6(gsignal+0x141)[0x7f78debaad61]
[hydra03:391023] [ 2] /lib/x86_64-linux-gnu/libc.so.6(abort+0x123)[0x7f7234c1d537]
[hydra11:354115] [ 6] /lib/x86_64-linux-gnu/libc.so.6(__libc_calloc+0x81)[0x7fcb1a88bbd1]
[hydra09:367411] [ 2] /lib/x86_64-linux-gnu/libc.so.6(abort+0x123)[0x7f78deb94537]
[hydra03:391023] [ 3] /lib/x86_64-linux-gnu/libc.so.6(+0x7a468)[0x7f7234c75468]
[hydra11:354115] [ 7] /opt/mpi/openmpi-4.1.4//lib/libmpi.so.40(ompi_group_allocate+0x17)[0x7fcb1c7591e7]
[hydra09:367411] [ 3] /lib/x86_64-linux-gnu/libc.so.6(+0x7a468)[0x7f78debec468]
[hydra03:391023] [ 4] /lib/x86_64-linux-gnu/libc.so.6(+0x8175a)[0x7f7234c7c75a]
[hydra11:354115] [ 8] /opt/mpi/openmpi-4.1.4//lib/libmpi.so.40(ompi_group_incl_plist+0x65)[0x7fcb1c759915]
[hydra09:367411] [ 4] /lib/x86_64-linux-gnu/libc.so.6(+0x8175a)[0x7f78debf375a]
[hydra03:391023] [ 5] /lib/x86_64-linux-gnu/libc.so.6(+0x8483c)[0x7f7234c7f83c]
[hydra11:354115] [ 9] /opt/mpi/openmpi-4.1.4//lib/libmpi.so.40(PMPI_Group_incl+0x95)[0x7fcb1c78a185]
[hydra09:367411] [ 5] /lib/x86_64-linux-gnu/libc.so.6(+0x8483c)[0x7f78debf683c]
[hydra03:391023] [ 6] /lib/x86_64-linux-gnu/libc.so.6(__libc_calloc+0x81)[0x7f7234c81bd1]
[hydra11:354115] [10] /home/thesis/jheld/MPI_Syrk_implementation/build/src/MPI_SYRK_implementation(+0x841a)[0x55709fffb41a]
[hydra11:354115] [11] /home/thesis/jheld/MPI_Syrk_implementation/build/src/MPI_SYRK_implementation(+0x2ab0)[0x55709fff5ab0]
[hydra09:367411] [ 6] /lib/x86_64-linux-gnu/libc.so.6(__libc_calloc+0x81)[0x7f78debf8bd1]
[hydra03:391023] [ 7] /opt/mpi/openmpi-4.1.4//lib/libmpi.so.40(ompi_group_allocate+0x17)[0x7f7236b4f1e7]
[hydra11:354115] [12] /lib/x86_64-linux-gnu/libc.so.6(__libc_start_main+0xea)[0x7fcb1a828d7a]
[hydra11:354115] [13] /home/thesis/jheld/MPI_Syrk_implementation/build/src/MPI_SYRK_implementation(+0x232a)[0x55709fff532a]
[hydra09:367411] [ 7] /opt/mpi/openmpi-4.1.4//lib/libmpi.so.40(ompi_group_allocate+0x17)[0x7f78e0ac61e7]
[hydra03:391023] [ 8] /opt/mpi/openmpi-4.1.4//lib/libmpi.so.40(ompi_group_incl_plist+0x65)[0x7f7236b4f915]
[hydra11:354115] *** End of error message ***
[hydra09:367411] [ 8] /opt/mpi/openmpi-4.1.4//lib/libmpi.so.40(ompi_group_incl_plist+0x65)[0x7f78e0ac6915]
[hydra03:391023] [ 9] /opt/mpi/openmpi-4.1.4//lib/libmpi.so.40(PMPI_Group_incl+0x95)[0x7f7236b80185]
[hydra09:367411] [ 9] /opt/mpi/openmpi-4.1.4//lib/libmpi.so.40(PMPI_Group_incl+0x95)[0x7f78e0af7185]
[hydra03:391023] [10] /home/thesis/jheld/MPI_Syrk_implementation/build/src/MPI_SYRK_implementation(+0x841a)[0x55695e96741a]
[hydra09:367411] [10] /home/thesis/jheld/MPI_Syrk_implementation/build/src/MPI_SYRK_implementation(+0x841a)[0x55e224c7a41a]
[hydra09:367411] [11] /home/thesis/jheld/MPI_Syrk_implementation/build/src/MPI_SYRK_implementation(+0x2ab0)[0x55e224c74ab0]
[hydra03:391023] [11] /home/thesis/jheld/MPI_Syrk_implementation/build/src/MPI_SYRK_implementation(+0x2ab0)[0x55695e961ab0]
[hydra03:391023] [12] /lib/x86_64-linux-gnu/libc.so.6(__libc_start_main+0xea)[0x7f7234c1ed7a]
[hydra09:367411] [12] /lib/x86_64-linux-gnu/libc.so.6(__libc_start_main+0xea)[0x7f78deb95d7a]
[hydra09:367411] [13] /home/thesis/jheld/MPI_Syrk_implementation/build/src/MPI_SYRK_implementation(+0x232a)[0x55e224c7432a]
[hydra03:391023] [13] /home/thesis/jheld/MPI_Syrk_implementation/build/src/MPI_SYRK_implementation(+0x232a)[0x55695e96132a]
[hydra03:391023] *** End of error message ***
[hydra09:367411] *** End of error message ***
malloc(): invalid size (unsorted)
[hydra11:354116] *** Process received signal ***
[hydra11:354116] Signal: Aborted (6)
[hydra11:354116] Signal code:  (-6)
[hydra11:354116] [ 0] /lib/x86_64-linux-gnu/libc.so.6(+0x38de0)[0x7f268e3e3de0]
[hydra11:354116] [ 1] /lib/x86_64-linux-gnu/libc.so.6(gsignal+0x141)[0x7f268e3e3d61]
[hydra11:354116] [ 2] /lib/x86_64-linux-gnu/libc.so.6(abort+0x123)[0x7f268e3cd537]
[hydra11:354116] [ 3] /lib/x86_64-linux-gnu/libc.so.6(+0x7a468)[0x7f268e425468]
[hydra11:354116] [ 4] /lib/x86_64-linux-gnu/libc.so.6(+0x8175a)[0x7f268e42c75a]
[hydra11:354116] [ 5] /lib/x86_64-linux-gnu/libc.so.6(+0x8483c)[0x7f268e42f83c]
[hydra11:354116] [ 6] /lib/x86_64-linux-gnu/libc.so.6(__libc_calloc+0x81)[0x7f268e431bd1]
[hydra11:354116] [ 7] /opt/mpi/openmpi-4.1.4//lib/libmpi.so.40(ompi_group_allocate+0x17)[0x7f26902ff1e7]
[hydra11:354116] [ 8] /opt/mpi/openmpi-4.1.4//lib/libmpi.so.40(ompi_group_incl_plist+0x65)[0x7f26902ff915]
[hydra11:354116] [ 9] /opt/mpi/openmpi-4.1.4//lib/libmpi.so.40(PMPI_Group_incl+0x95)[0x7f2690330185]
[hydra11:354116] [10] /home/thesis/jheld/MPI_Syrk_implementation/build/src/MPI_SYRK_implementation(+0x841a)[0x55d31081541a]
[hydra11:354116] [11] /home/thesis/jheld/MPI_Syrk_implementation/build/src/MPI_SYRK_implementation(+0x2ab0)[0x55d31080fab0]
[hydra11:354116] [12] /lib/x86_64-linux-gnu/libc.so.6(__libc_start_main+0xea)[0x7f268e3ced7a]
[hydra11:354116] [13] /home/thesis/jheld/MPI_Syrk_implementation/build/src/MPI_SYRK_implementation(+0x232a)[0x55d31080f32a]
[hydra11:354116] *** End of error message ***
[hydra07:400806] [ 9] /opt/mpi/openmpi-4.1.4//lib/libmpi.so.40(PMPI_Group_incl+0x95)[0x7f2534fbf185]
[hydra07:400806] [10] /home/thesis/jheld/MPI_Syrk_implementation/build/src/MPI_SYRK_implementation(+0x841a)[0x5615fd13e41a]
[hydra07:400806] [11] /home/thesis/jheld/MPI_Syrk_implementation/build/src/MPI_SYRK_implementation(+0x2ab0)[0x5615fd138ab0]
[hydra07:400807] [10] /home/thesis/jheld/MPI_Syrk_implementation/build/src/MPI_SYRK_implementation(+0x841a)[0x55dea0a4f41a]
[hydra07:400807] [11] /home/thesis/jheld/MPI_Syrk_implementation/build/src/MPI_SYRK_implementation(+0x2ab0)[0x55dea0a49ab0]
[hydra07:400807] [12] /lib/x86_64-linux-gnu/libc.so.6(__libc_start_main+0xea)[0x7efff9005d7a]
[hydra07:400806] [12] /lib/x86_64-linux-gnu/libc.so.6(__libc_start_main+0xea)[0x7f253305dd7a]
[hydra07:400806] [13] /home/thesis/jheld/MPI_Syrk_implementation/build/src/MPI_SYRK_implementation(+0x232a)[0x5615fd13832a]
[hydra07:400806] *** End of error message ***
[hydra07:400807] [13] /home/thesis/jheld/MPI_Syrk_implementation/build/src/MPI_SYRK_implementation(+0x232a)[0x55dea0a4932a]
[hydra07:400807] *** End of error message ***
srun: error: hydra08: task 23: Aborted
srun: error: hydra09: task 24: Aborted
srun: error: hydra03: task 7: Aborted
srun: error: hydra01: task 0: Aborted
srun: error: hydra05: task 13: Aborted
srun: error: hydra10: task 29: Aborted
srun: error: hydra12: task 35: Aborted
srun: error: hydra06: task 17: Aborted
srun: error: hydra02: tasks 4-5: Aborted
srun: error: hydra11: tasks 30-31: Aborted
srun: error: hydra07: tasks 19-20: Aborted
srun: error: hydra04: tasks 9-10: Aborted
slurmstepd: error:  mpi/pmix_v4: _errhandler: hydra05 [4]: pmixp_client_v2.c:211: Error handler invoked: status = -61, source = [slurm.pmix.5008690.18:13]
slurmstepd: error:  mpi/pmix_v4: _errhandler: hydra12 [11]: pmixp_client_v2.c:211: Error handler invoked: status = -61, source = [slurm.pmix.5008690.18:35]
slurmstepd: error:  mpi/pmix_v4: _errhandler: hydra08 [7]: pmixp_client_v2.c:211: Error handler invoked: status = -61, source = [slurm.pmix.5008690.18:23]
slurmstepd: error:  mpi/pmix_v4: _errhandler: hydra10 [9]: pmixp_client_v2.c:211: Error handler invoked: status = -61, source = [slurm.pmix.5008690.18:29]
slurmstepd: error:  mpi/pmix_v4: _errhandler: hydra06 [5]: pmixp_client_v2.c:211: Error handler invoked: status = -61, source = [slurm.pmix.5008690.18:17]
slurmstepd: error:  mpi/pmix_v4: _errhandler: hydra09 [8]: pmixp_client_v2.c:211: Error handler invoked: status = -61, source = [slurm.pmix.5008690.18:24]
slurmstepd: error: *** STEP 5008690.18 ON hydra01 CANCELLED AT 2025-10-13T15:27:16 ***
slurmstepd: error:  mpi/pmix_v4: _errhandler: hydra04 [3]: pmixp_client_v2.c:211: Error handler invoked: status = -61, source = [slurm.pmix.5008690.18:10]
slurmstepd: error:  mpi/pmix_v4: _errhandler: hydra02 [1]: pmixp_client_v2.c:211: Error handler invoked: status = -61, source = [slurm.pmix.5008690.18:5]
slurmstepd: error:  mpi/pmix_v4: _errhandler: hydra03 [2]: pmixp_client_v2.c:211: Error handler invoked: status = -61, source = [slurm.pmix.5008690.18:7]
slurmstepd: error:  mpi/pmix_v4: _errhandler: hydra11 [10]: pmixp_client_v2.c:211: Error handler invoked: status = -61, source = [slurm.pmix.5008690.18:30]
slurmstepd: error:  mpi/pmix_v4: _errhandler: hydra01 [0]: pmixp_client_v2.c:211: Error handler invoked: status = -61, source = [slurm.pmix.5008690.18:0]
srun: Job step aborted: Waiting up to 32 seconds for job step to finish.
srun: error: hydra02: task 3: Killed
srun: error: hydra11: task 32: Killed
srun: error: hydra04: task 11: Killed
srun: error: hydra07: task 18: Killed
srun: error: hydra03: tasks 6,8: Killed
srun: error: hydra01: tasks 1-2: Killed
srun: error: hydra09: tasks 25-26: Killed
srun: error: hydra06: tasks 15-16: Killed
srun: error: hydra12: tasks 33-34: Killed
srun: error: hydra10: tasks 27-28: Killed
srun: error: hydra08: tasks 21-22: Killed
srun: error: hydra05: tasks 12,14: Killed
⚠️ Warning: No runtime found for run 19
srun: Warning: can't honor --ntasks-per-node set to 1 which doesn't match the requested tasks 36 with the number of requested nodes 12. Ignoring --ntasks-per-node.
missing input file name --> Generate random input
malloc(): invalid size (unsorted)
[hydra12:354225] *** Process received signal ***
[hydra12:354225] Signal: Aborted (6)
[hydra12:354225] Signal code:  (-6)
malloc(): invalid size (unsorted)
[hydra07:400876] *** Process received signal ***
[hydra07:400876] Signal: Aborted (6)
[hydra07:400876] Signal code:  (-6)
malloc(): invalid size (unsorted)
[hydra01:874552] *** Process received signal ***
[hydra01:874552] Signal: Aborted (6)
[hydra01:874552] Signal code:  (-6)
[hydra07:400876] [ 0] /lib/x86_64-linux-gnu/libc.so.6(+0x38de0)[0x7f61d7e1dde0]
[hydra07:400876] [ 1] /lib/x86_64-linux-gnu/libc.so.6(gsignal+0x141)[0x7f61d7e1dd61]
[hydra01:874552] [ 0] /lib/x86_64-linux-gnu/libc.so.6(+0x38de0)[0x7f9ce954cde0]
[hydra07:400876] [ 2] /lib/x86_64-linux-gnu/libc.so.6(abort+0x123)[0x7f61d7e07537]
[hydra01:874552] [ 1] /lib/x86_64-linux-gnu/libc.so.6(gsignal+0x141)[0x7f9ce954cd61]
[hydra07:400876] [ 3] /lib/x86_64-linux-gnu/libc.so.6(+0x7a468)[0x7f61d7e5f468]
[hydra01:874552] [ 2] /lib/x86_64-linux-gnu/libc.so.6(abort+0x123)[0x7f9ce9536537]
[hydra01:874552] [ 3] /lib/x86_64-linux-gnu/libc.so.6(+0x7a468)[0x7f9ce958e468]
[hydra07:400876] [ 4] /lib/x86_64-linux-gnu/libc.so.6(+0x8175a)[0x7f61d7e6675a]
[hydra07:400876] [ 5] /lib/x86_64-linux-gnu/libc.so.6(+0x8483c)[0x7f61d7e6983c]
[hydra01:874552] [ 4] /lib/x86_64-linux-gnu/libc.so.6(+0x8175a)[0x7f9ce959575a]
[hydra07:400876] [ 6] /lib/x86_64-linux-gnu/libc.so.6(__libc_calloc+0x81)[0x7f61d7e6bbd1]
[hydra01:874552] [ 5] /lib/x86_64-linux-gnu/libc.so.6(+0x8483c)[0x7f9ce959883c]
[hydra07:400876] [ 7] /opt/mpi/openmpi-4.1.4//lib/libmpi.so.40(ompi_group_allocate+0x17)[0x7f61d9d391e7]
[hydra01:874552] [ 6] /lib/x86_64-linux-gnu/libc.so.6(__libc_calloc+0x81)[0x7f9ce959abd1]
[hydra07:400876] [ 8] /opt/mpi/openmpi-4.1.4//lib/libmpi.so.40(ompi_group_incl_plist+0x65)[0x7f61d9d39915]
malloc(): invalid size (unsorted)
[hydra01:874552] [ 7] /opt/mpi/openmpi-4.1.4//lib/libmpi.so.40(ompi_group_allocate+0x17)[0x7f9ceb4681e7]
[hydra12:354225] [ 0] /lib/x86_64-linux-gnu/libc.so.6(+0x38de0)[0x7f73604a4de0]
[hydra07:400876] [ 9] /opt/mpi/openmpi-4.1.4//lib/libmpi.so.40(PMPI_Group_incl+0x95)[0x7f61d9d6a185]
[hydra01:874552] [ 8] /opt/mpi/openmpi-4.1.4//lib/libmpi.so.40(ompi_group_incl_plist+0x65)[0x7f9ceb468915]
[hydra12:354224] *** Process received signal ***
[hydra07:400876] [10] /home/thesis/jheld/MPI_Syrk_implementation/build/src/MPI_SYRK_implementation(+0x841a)[0x557a3c4d841a]
[hydra07:400876] [11] /home/thesis/jheld/MPI_Syrk_implementation/build/src/MPI_SYRK_implementation(+0x2ab0)[0x557a3c4d2ab0]
[hydra12:354224] Signal: Aborted (6)
[hydra12:354224] Signal code:  (-6)
[hydra12:354225] [ 1] /lib/x86_64-linux-gnu/libc.so.6(gsignal+0x141)[0x7f73604a4d61]
[hydra07:400876] [12] /lib/x86_64-linux-gnu/libc.so.6(__libc_start_main+0xea)[0x7f61d7e08d7a]
[hydra07:400876] [13] /home/thesis/jheld/MPI_Syrk_implementation/build/src/MPI_SYRK_implementation(+0x232a)[0x557a3c4d232a]
[hydra07:400876] *** End of error message ***
[hydra12:354225] [ 2] /lib/x86_64-linux-gnu/libc.so.6(abort+0x123)[0x7f736048e537]
malloc(): invalid size (unsorted)
[hydra01:874552] [ 9] /opt/mpi/openmpi-4.1.4//lib/libmpi.so.40(PMPI_Group_incl+0x95)[0x7f9ceb499185]
[hydra12:354225] [ 3] /lib/x86_64-linux-gnu/libc.so.6(+0x7a468)[0x7f73604e6468]
[hydra01:874552] [10] /home/thesis/jheld/MPI_Syrk_implementation/build/src/MPI_SYRK_implementation(+0x841a)[0x55d9ed55a41a]
[hydra01:874552] [11] /home/thesis/jheld/MPI_Syrk_implementation/build/src/MPI_SYRK_implementation(+0x2ab0)[0x55d9ed554ab0]
[hydra12:354225] [ 4] /lib/x86_64-linux-gnu/libc.so.6(+0x8175a)[0x7f73604ed75a]
[hydra01:874552] [12] /lib/x86_64-linux-gnu/libc.so.6(__libc_start_main+0xea)[0x7f9ce9537d7a]
[hydra01:874552] [13] /home/thesis/jheld/MPI_Syrk_implementation/build/src/MPI_SYRK_implementation(+0x232a)[0x55d9ed55432a]
[hydra01:874552] *** End of error message ***
[hydra12:354225] [ 5] /lib/x86_64-linux-gnu/libc.so.6(+0x8483c)[0x7f73604f083c]
[hydra12:354224] [ 0] /lib/x86_64-linux-gnu/libc.so.6(+0x38de0)[0x7fa663758de0]
[hydra12:354225] [ 6] /lib/x86_64-linux-gnu/libc.so.6(__libc_calloc+0x81)[0x7f73604f2bd1]
[hydra12:354224] [ 1] /lib/x86_64-linux-gnu/libc.so.6(gsignal+0x141)[0x7fa663758d61]
[hydra05:373796] *** Process received signal ***
[hydra05:373796] Signal: Aborted (6)
[hydra05:373796] Signal code:  (-6)
[hydra12:354224] [ 2] /lib/x86_64-linux-gnu/libc.so.6(abort+0x123)[0x7fa663742537]
[hydra05:373796] [ 0] /lib/x86_64-linux-gnu/libc.so.6(+0x38de0)[0x7f5f3803dde0]
[hydra12:354225] [ 7] /opt/mpi/openmpi-4.1.4//lib/libmpi.so.40(ompi_group_allocate+0x17)[0x7f73623c01e7]
[hydra12:354225] [ 8] /opt/mpi/openmpi-4.1.4//lib/libmpi.so.40(ompi_group_incl_plist+0x65)[0x7f73623c0915]
[hydra12:354224] [ 3] /lib/x86_64-linux-gnu/libc.so.6(+0x7a468)[0x7fa66379a468]
[hydra05:373796] [ 1] /lib/x86_64-linux-gnu/libc.so.6(gsignal+0x141)[0x7f5f3803dd61]
[hydra12:354225] [ 9] /opt/mpi/openmpi-4.1.4//lib/libmpi.so.40(PMPI_Group_incl+0x95)[0x7f73623f1185]
[hydra05:373796] [ 2] /lib/x86_64-linux-gnu/libc.so.6(abort+0x123)[0x7f5f38027537]
[hydra12:354224] [ 4] /lib/x86_64-linux-gnu/libc.so.6(+0x8175a)[0x7fa6637a175a]
[hydra12:354225] [10] /home/thesis/jheld/MPI_Syrk_implementation/build/src/MPI_SYRK_implementation(+0x841a)[0x55a0f18f641a]
[hydra12:354225] [11] /home/thesis/jheld/MPI_Syrk_implementation/build/src/MPI_SYRK_implementation(+0x2ab0)[0x55a0f18f0ab0]
[hydra05:373796] [ 3] /lib/x86_64-linux-gnu/libc.so.6(+0x7a468)[0x7f5f3807f468]
[hydra12:354225] [12] /lib/x86_64-linux-gnu/libc.so.6(__libc_start_main+0xea)[0x7f736048fd7a]
[hydra12:354225] [13] /home/thesis/jheld/MPI_Syrk_implementation/build/src/MPI_SYRK_implementation(+0x232a)[0x55a0f18f032a]
[hydra12:354225] *** End of error message ***
malloc(): invalid size (unsorted)
[hydra06:374494] *** Process received signal ***
[hydra06:374494] Signal: Aborted (6)
[hydra06:374494] Signal code:  (-6)
[hydra12:354224] [ 5] /lib/x86_64-linux-gnu/libc.so.6(+0x8483c)[0x7fa6637a483c]
[hydra12:354224] [ 6] /lib/x86_64-linux-gnu/libc.so.6(__libc_calloc+0x81)[0x7fa6637a6bd1]
[hydra05:373796] [ 4] /lib/x86_64-linux-gnu/libc.so.6(+0x8175a)[0x7f5f3808675a]
[hydra12:354224] [ 7] /opt/mpi/openmpi-4.1.4//lib/libmpi.so.40(ompi_group_allocate+0x17)[0x7fa6656741e7]
[hydra05:373796] [ 5] /lib/x86_64-linux-gnu/libc.so.6(+0x8483c)[0x7f5f3808983c]
malloc(): invalid size (unsorted)
[hydra05:373796] [ 6] /lib/x86_64-linux-gnu/libc.so.6(__libc_calloc+0x81)[0x7f5f3808bbd1]
[hydra06:374494] [ 0] /lib/x86_64-linux-gnu/libc.so.6(+0x38de0)[0x7fa1875bdde0]
[hydra05:373796] [ 7] /opt/mpi/openmpi-4.1.4//lib/libmpi.so.40(ompi_group_allocate+0x17)[0x7f5f39f591e7]
[hydra06:374494] [ 1] /lib/x86_64-linux-gnu/libc.so.6(gsignal+0x141)[0x7fa1875bdd61]
malloc(): invalid size (unsorted)
[hydra02:559886] *** Process received signal ***
[hydra05:373796] [ 8] /opt/mpi/openmpi-4.1.4//lib/libmpi.so.40(ompi_group_incl_plist+0x65)[0x7f5f39f59915]
[hydra05:373796] [ 9] /opt/mpi/openmpi-4.1.4//lib/libmpi.so.40(PMPI_Group_incl+0x95)[0x7f5f39f8a185]
[hydra06:374494] [ 2] /lib/x86_64-linux-gnu/libc.so.6(abort+0x123)[0x7fa1875a7537]
malloc(): invalid size (unsorted)
[hydra06:374494] [ 3] /lib/x86_64-linux-gnu/libc.so.6(+0x7a468)[0x7fa1875ff468]
[hydra02:559886] Signal: Aborted (6)
[hydra02:559886] Signal code:  (-6)
malloc(): invalid size (unsorted)
[hydra11:354184] *** Process received signal ***
[hydra05:373796] [10] /home/thesis/jheld/MPI_Syrk_implementation/build/src/MPI_SYRK_implementation(+0x841a)[0x55df7ffbb41a]
[hydra05:373796] [11] /home/thesis/jheld/MPI_Syrk_implementation/build/src/MPI_SYRK_implementation(+0x2ab0)[0x55df7ffb5ab0]
[hydra05:373796] [12] /lib/x86_64-linux-gnu/libc.so.6(__libc_start_main+0xea)[0x7f5f38028d7a]
[hydra05:373796] [13] /home/thesis/jheld/MPI_Syrk_implementation/build/src/MPI_SYRK_implementation(+0x232a)[0x55df7ffb532a]
[hydra06:374494] [ 4] /lib/x86_64-linux-gnu/libc.so.6(+0x8175a)[0x7fa18760675a]
[hydra05:373796] *** End of error message ***
[hydra02:559886] [ 0] /lib/x86_64-linux-gnu/libc.so.6(+0x38de0)[0x7f198fd27de0]
[hydra11:354184] Signal: Aborted (6)
[hydra11:354184] Signal code:  (-6)
[hydra04:389871] *** Process received signal ***
[hydra04:389871] Signal: Aborted (6)
[hydra04:389871] Signal code:  (-6)
[hydra06:374494] [ 5] /lib/x86_64-linux-gnu/libc.so.6(+0x8483c)[0x7fa18760983c]
[hydra09:367482] *** Process received signal ***
[hydra09:367482] Signal: Aborted (6)
[hydra09:367482] Signal code:  (-6)
[hydra02:559886] [ 1] /lib/x86_64-linux-gnu/libc.so.6(gsignal+0x141)[0x7f198fd27d61]
[hydra02:559886] [ 2] /lib/x86_64-linux-gnu/libc.so.6(abort+0x123)[0x7f198fd11537]
[hydra06:374494] [ 6] /lib/x86_64-linux-gnu/libc.so.6(__libc_calloc+0x81)[0x7fa18760bbd1]
[hydra06:374494] [ 7] /opt/mpi/openmpi-4.1.4//lib/libmpi.so.40(ompi_group_allocate+0x17)[0x7fa1894d91e7]
[hydra02:559886] [ 3] /lib/x86_64-linux-gnu/libc.so.6(+0x7a468)[0x7f198fd69468]
malloc(): invalid size (unsorted)
[hydra04:389872] *** Process received signal ***
[hydra04:389872] Signal: Aborted (6)
[hydra04:389872] Signal code:  (-6)
[hydra11:354184] [ 0] /lib/x86_64-linux-gnu/libc.so.6(+0x38de0)[0x7f4e5362bde0]
[hydra04:389871] [ 0] /lib/x86_64-linux-gnu/libc.so.6(+0x38de0)[0x7fed560fcde0]
[hydra06:374494] [ 8] /opt/mpi/openmpi-4.1.4//lib/libmpi.so.40(ompi_group_incl_plist+0x65)[0x7fa1894d9915]
[hydra02:559886] [ 4] /lib/x86_64-linux-gnu/libc.so.6(+0x8175a)[0x7f198fd7075a]
[hydra04:389871] [ 1] /lib/x86_64-linux-gnu/libc.so.6(gsignal+0x141)[0x7fed560fcd61]
[hydra02:559886] [ 5] /lib/x86_64-linux-gnu/libc.so.6(+0x8483c)[0x7f198fd7383c]
[hydra11:354184] [ 1] /lib/x86_64-linux-gnu/libc.so.6(gsignal+0x141)[0x7f4e5362bd61]
[hydra04:389871] [ 2] /lib/x86_64-linux-gnu/libc.so.6(abort+0x123)[0x7fed560e6537]
[hydra06:374494] [ 9] /opt/mpi/openmpi-4.1.4//lib/libmpi.so.40(PMPI_Group_incl+0x95)[0x7fa18950a185]
[hydra02:559886] [ 6] /lib/x86_64-linux-gnu/libc.so.6(__libc_calloc+0x81)[0x7f198fd75bd1]
[hydra04:389871] [ 3] /lib/x86_64-linux-gnu/libc.so.6(+0x7a468)[0x7fed5613e468]
malloc(): invalid size (unsorted)
[hydra03:391093] *** Process received signal ***
[hydra03:391093] Signal: Aborted (6)
[hydra03:391093] Signal code:  (-6)
[hydra06:374494] [10] /home/thesis/jheld/MPI_Syrk_implementation/build/src/MPI_SYRK_implementation(+0x841a)[0x55f36465d41a]
[hydra06:374494] [11] /home/thesis/jheld/MPI_Syrk_implementation/build/src/MPI_SYRK_implementation(+0x2ab0)[0x55f364657ab0]
[hydra11:354184] [ 2] /lib/x86_64-linux-gnu/libc.so.6(abort+0x123)[0x7f4e53615537]
[hydra04:389871] [ 4] /lib/x86_64-linux-gnu/libc.so.6(+0x8175a)[0x7fed5614575a]
[hydra06:374494] [12] /lib/x86_64-linux-gnu/libc.so.6(__libc_start_main+0xea)[0x7fa1875a8d7a]
[hydra06:374494] [13] /home/thesis/jheld/MPI_Syrk_implementation/build/src/MPI_SYRK_implementation(+0x232a)[0x55f36465732a]
[hydra09:367482] [ 0] /lib/x86_64-linux-gnu/libc.so.6(+0x38de0)[0x7f628188ede0]
[hydra06:374494] *** End of error message ***
[hydra02:559886] [ 7] /opt/mpi/openmpi-4.1.4//lib/libmpi.so.40(ompi_group_allocate+0x17)[0x7f1991c431e7]
[hydra04:389871] [ 5] /lib/x86_64-linux-gnu/libc.so.6(+0x8483c)[0x7fed5614883c]
[hydra02:559886] [ 8] /opt/mpi/openmpi-4.1.4//lib/libmpi.so.40(ompi_group_incl_plist+0x65)[0x7f1991c43915]
[hydra11:354184] [ 3] /lib/x86_64-linux-gnu/libc.so.6(+0x7a468)[0x7f4e5366d468]
[hydra04:389871] [ 6] /lib/x86_64-linux-gnu/libc.so.6(__libc_calloc+0x81)[0x7fed5614abd1]
[hydra09:367482] [ 1] /lib/x86_64-linux-gnu/libc.so.6(gsignal+0x141)[0x7f628188ed61]
[hydra02:559886] [ 9] /opt/mpi/openmpi-4.1.4//lib/libmpi.so.40(PMPI_Group_incl+0x95)[0x7f1991c74185]
[hydra04:389871] [ 7] /opt/mpi/openmpi-4.1.4//lib/libmpi.so.40(ompi_group_allocate+0x17)[0x7fed580181e7]
[hydra02:559886] [10] /home/thesis/jheld/MPI_Syrk_implementation/build/src/MPI_SYRK_implementation(+0x841a)[0x55b47280e41a]
[hydra02:559886] [11] /home/thesis/jheld/MPI_Syrk_implementation/build/src/MPI_SYRK_implementation(+0x2ab0)[0x55b472808ab0]
[hydra11:354184] [ 4] /lib/x86_64-linux-gnu/libc.so.6(+0x8175a)[0x7f4e5367475a]
[hydra03:391093] [ 0] /lib/x86_64-linux-gnu/libc.so.6(+0x38de0)[0x7f252ed10de0]
[hydra09:367482] [ 2] /lib/x86_64-linux-gnu/libc.so.6(abort+0x123)[0x7f6281878537]
[hydra02:559886] [12] /lib/x86_64-linux-gnu/libc.so.6(__libc_start_main+0xea)[0x7f198fd12d7a]
[hydra02:559886] [13] /home/thesis/jheld/MPI_Syrk_implementation/build/src/MPI_SYRK_implementation(+0x232a)[0x55b47280832a]
[hydra04:389871] [ 8] /opt/mpi/openmpi-4.1.4//lib/libmpi.so.40(ompi_group_incl_plist+0x65)[0x7fed58018915]
[hydra02:559886] *** End of error message ***
[hydra11:354184] [ 5] /lib/x86_64-linux-gnu/libc.so.6(+0x8483c)[0x7f4e5367783c]
[hydra04:389872] [ 0] /lib/x86_64-linux-gnu/libc.so.6(+0x38de0)[0x7fb678400de0]
[hydra03:391093] [ 1] /lib/x86_64-linux-gnu/libc.so.6(gsignal+0x141)[0x7f252ed10d61]
[hydra09:367482] [ 3] /lib/x86_64-linux-gnu/libc.so.6(+0x7a468)[0x7f62818d0468]
[hydra03:391093] [ 2] /lib/x86_64-linux-gnu/libc.so.6(abort+0x123)[0x7f252ecfa537]
[hydra04:389872] [ 1] /lib/x86_64-linux-gnu/libc.so.6(gsignal+0x141)[0x7fb678400d61]
[hydra11:354184] [ 6] /lib/x86_64-linux-gnu/libc.so.6(__libc_calloc+0x81)[0x7f4e53679bd1]
[hydra04:389871] [ 9] /opt/mpi/openmpi-4.1.4//lib/libmpi.so.40(PMPI_Group_incl+0x95)[0x7fed58049185]
[hydra04:389871] [10] /home/thesis/jheld/MPI_Syrk_implementation/build/src/MPI_SYRK_implementation(+0x841a)[0x5628a220641a]
malloc(): invalid size (unsorted)
[hydra10:485247] *** Process received signal ***
[hydra11:354184] [ 7] /opt/mpi/openmpi-4.1.4//lib/libmpi.so.40(ompi_group_allocate+0x17)[0x7f4e555471e7]
malloc(): invalid size (unsorted)
[hydra07:400877] *** Process received signal ***
[hydra04:389871] [11] /home/thesis/jheld/MPI_Syrk_implementation/build/src/MPI_SYRK_implementation(+0x2ab0)[0x5628a2200ab0]
[hydra03:391093] [ 3] /lib/x86_64-linux-gnu/libc.so.6(+0x7a468)[0x7f252ed52468]
[hydra09:367482] [ 4] /lib/x86_64-linux-gnu/libc.so.6(+0x8175a)[0x7f62818d775a]
[hydra04:389872] [ 2] /lib/x86_64-linux-gnu/libc.so.6(abort+0x123)[0x7fb6783ea537]
[hydra09:367482] [ 5] /lib/x86_64-linux-gnu/libc.so.6(+0x8483c)[0x7f62818da83c]
[hydra11:354184] [ 8] /opt/mpi/openmpi-4.1.4//lib/libmpi.so.40(ompi_group_incl_plist+0x65)[0x7f4e55547915]
[hydra07:400877] Signal: Aborted (6)
[hydra07:400877] Signal code:  (-6)
[hydra04:389871] [12] /lib/x86_64-linux-gnu/libc.so.6(__libc_start_main+0xea)[0x7fed560e7d7a]
[hydra04:389871] [13] /home/thesis/jheld/MPI_Syrk_implementation/build/src/MPI_SYRK_implementation(+0x232a)[0x5628a220032a]
[hydra04:389871] *** End of error message ***
[hydra03:391093] [ 4] /lib/x86_64-linux-gnu/libc.so.6(+0x8175a)[0x7f252ed5975a]
[hydra09:367482] [ 6] /lib/x86_64-linux-gnu/libc.so.6(__libc_calloc+0x81)[0x7f62818dcbd1]
[hydra04:389872] [ 3] /lib/x86_64-linux-gnu/libc.so.6(+0x7a468)[0x7fb678442468]
[hydra11:354184] [ 9] /opt/mpi/openmpi-4.1.4//lib/libmpi.so.40(PMPI_Group_incl+0x95)[0x7f4e55578185]
[hydra04:389872] [ 4] /lib/x86_64-linux-gnu/libc.so.6(+0x8175a)[0x7fb67844975a]
[hydra09:367482] [ 7] /opt/mpi/openmpi-4.1.4//lib/libmpi.so.40(ompi_group_allocate+0x17)[0x7f62837aa1e7]
[hydra10:485247] Signal: Aborted (6)
[hydra10:485247] Signal code:  (-6)
[hydra11:354184] [10] /home/thesis/jheld/MPI_Syrk_implementation/build/src/MPI_SYRK_implementation(+0x841a)[0x565315a0541a]
[hydra04:389872] [ 5] /lib/x86_64-linux-gnu/libc.so.6(+0x8483c)[0x7fb67844c83c]
[hydra03:391093] [ 5] /lib/x86_64-linux-gnu/libc.so.6(+0x8483c)[0x7f252ed5c83c]
[hydra09:367482] [ 8] /opt/mpi/openmpi-4.1.4//lib/libmpi.so.40(ompi_group_incl_plist+0x65)[0x7f62837aa915]
[hydra11:354184] [11] /home/thesis/jheld/MPI_Syrk_implementation/build/src/MPI_SYRK_implementation(+0x2ab0)[0x5653159ffab0]
[hydra09:367482] [ 9] /opt/mpi/openmpi-4.1.4//lib/libmpi.so.40(PMPI_Group_incl+0x95)[0x7f62837db185]
[hydra10:485247] [ 0] /lib/x86_64-linux-gnu/libc.so.6(+0x38de0)[0x7f70d57a0de0]
[hydra11:354184] [12] /lib/x86_64-linux-gnu/libc.so.6(__libc_start_main+0xea)[0x7f4e53616d7a]
[hydra04:389872] [ 6] /lib/x86_64-linux-gnu/libc.so.6(__libc_calloc+0x81)[0x7fb67844ebd1]
[hydra03:391093] [ 6] /lib/x86_64-linux-gnu/libc.so.6(__libc_calloc+0x81)[0x7f252ed5ebd1]
[hydra09:367482] [10] /home/thesis/jheld/MPI_Syrk_implementation/build/src/MPI_SYRK_implementation(+0x841a)[0x55c84a83f41a]
[hydra11:354184] [13] /home/thesis/jheld/MPI_Syrk_implementation/build/src/MPI_SYRK_implementation(+0x232a)[0x5653159ff32a]
[hydra11:354184] *** End of error message ***
[hydra04:389872] [ 7] /opt/mpi/openmpi-4.1.4//lib/libmpi.so.40(ompi_group_allocate+0x17)[0x7fb67a31c1e7]
[hydra03:391093] [ 7] /opt/mpi/openmpi-4.1.4//lib/libmpi.so.40(ompi_group_allocate+0x17)[0x7f2530c2c1e7]
[hydra09:367482] [11] /home/thesis/jheld/MPI_Syrk_implementation/build/src/MPI_SYRK_implementation(+0x2ab0)[0x55c84a839ab0]
[hydra10:485247] [ 1] /lib/x86_64-linux-gnu/libc.so.6(gsignal+0x141)[0x7f70d57a0d61]
[hydra04:389872] [ 8] /opt/mpi/openmpi-4.1.4//lib/libmpi.so.40(ompi_group_incl_plist+0x65)[0x7fb67a31c915]
[hydra03:391093] [ 8] /opt/mpi/openmpi-4.1.4//lib/libmpi.so.40(ompi_group_incl_plist+0x65)[0x7f2530c2c915]
[hydra09:367482] [12] /lib/x86_64-linux-gnu/libc.so.6(__libc_start_main+0xea)[0x7f6281879d7a]
[hydra04:389872] [ 9] /opt/mpi/openmpi-4.1.4//lib/libmpi.so.40(PMPI_Group_incl+0x95)[0x7fb67a34d185]
[hydra09:367482] [13] /home/thesis/jheld/MPI_Syrk_implementation/build/src/MPI_SYRK_implementation(+0x232a)[0x55c84a83932a]
[hydra09:367482] *** End of error message ***
[hydra04:389872] [10] /home/thesis/jheld/MPI_Syrk_implementation/build/src/MPI_SYRK_implementation(+0x841a)[0x562db51c341a]
[hydra03:391093] [ 9] /opt/mpi/openmpi-4.1.4//lib/libmpi.so.40(PMPI_Group_incl+0x95)[0x7f2530c5d185]
[hydra10:485247] [ 2] /lib/x86_64-linux-gnu/libc.so.6(abort+0x123)[0x7f70d578a537]
[hydra04:389872] [11] /home/thesis/jheld/MPI_Syrk_implementation/build/src/MPI_SYRK_implementation(+0x2ab0)[0x562db51bdab0]
[hydra03:391093] [10] /home/thesis/jheld/MPI_Syrk_implementation/build/src/MPI_SYRK_implementation(+0x841a)[0x56420292841a]
[hydra03:391093] [11] /home/thesis/jheld/MPI_Syrk_implementation/build/src/MPI_SYRK_implementation(+0x2ab0)[0x564202922ab0]
[hydra07:400877] [ 0] /lib/x86_64-linux-gnu/libc.so.6(+0x38de0)[0x7ff97ac82de0]
[hydra04:389872] [12] /lib/x86_64-linux-gnu/libc.so.6(__libc_start_main+0xea)[0x7fb6783ebd7a]
[hydra04:389872] [13] /home/thesis/jheld/MPI_Syrk_implementation/build/src/MPI_SYRK_implementation(+0x232a)[0x562db51bd32a]
[hydra04:389872] *** End of error message ***
[hydra10:485247] [ 3] /lib/x86_64-linux-gnu/libc.so.6(+0x7a468)[0x7f70d57e2468]
[hydra03:391093] [12] /lib/x86_64-linux-gnu/libc.so.6(__libc_start_main+0xea)[0x7f252ecfbd7a]
[hydra03:391093] [13] /home/thesis/jheld/MPI_Syrk_implementation/build/src/MPI_SYRK_implementation(+0x232a)[0x56420292232a]
[hydra10:485247] [ 4] /lib/x86_64-linux-gnu/libc.so.6(+0x8175a)[0x7f70d57e975a]
[hydra03:391093] *** End of error message ***
[hydra07:400877] [ 1] /lib/x86_64-linux-gnu/libc.so.6(gsignal+0x141)[0x7ff97ac82d61]
malloc(): invalid size (unsorted)
[hydra08:376152] *** Process received signal ***
[hydra10:485247] [ 5] /lib/x86_64-linux-gnu/libc.so.6(+0x8483c)[0x7f70d57ec83c]
[hydra07:400877] [ 2] /lib/x86_64-linux-gnu/libc.so.6(abort+0x123)[0x7ff97ac6c537]
[hydra10:485247] [ 6] /lib/x86_64-linux-gnu/libc.so.6(__libc_calloc+0x81)[0x7f70d57eebd1]
[hydra07:400877] [ 3] /lib/x86_64-linux-gnu/libc.so.6(+0x7a468)[0x7ff97acc4468]
[hydra10:485247] [ 7] /opt/mpi/openmpi-4.1.4//lib/libmpi.so.40(ompi_group_allocate+0x17)[0x7f70d76bc1e7]
[hydra07:400877] [ 4] /lib/x86_64-linux-gnu/libc.so.6(+0x8175a)[0x7ff97accb75a]
[hydra08:376152] Signal: Aborted (6)
[hydra08:376152] Signal code:  (-6)
[hydra10:485247] [ 8] /opt/mpi/openmpi-4.1.4//lib/libmpi.so.40(ompi_group_incl_plist+0x65)[0x7f70d76bc915]
[hydra07:400877] [ 5] /lib/x86_64-linux-gnu/libc.so.6(+0x8483c)[0x7ff97acce83c]
[hydra08:376152] [ 0] /lib/x86_64-linux-gnu/libc.so.6(+0x38de0)[0x7fd17d3fade0]
[hydra10:485247] [ 9] /opt/mpi/openmpi-4.1.4//lib/libmpi.so.40(PMPI_Group_incl+0x95)[0x7f70d76ed185]
[hydra10:485247] [10] /home/thesis/jheld/MPI_Syrk_implementation/build/src/MPI_SYRK_implementation(+0x841a)[0x55e4d0cdb41a]
[hydra10:485247] [11] /home/thesis/jheld/MPI_Syrk_implementation/build/src/MPI_SYRK_implementation(+0x2ab0)[0x55e4d0cd5ab0]
[hydra08:376152] [ 1] /lib/x86_64-linux-gnu/libc.so.6(gsignal+0x141)[0x7fd17d3fad61]
[hydra10:485247] [12] /lib/x86_64-linux-gnu/libc.so.6(__libc_start_main+0xea)[0x7f70d578bd7a]
[hydra10:485247] [13] /home/thesis/jheld/MPI_Syrk_implementation/build/src/MPI_SYRK_implementation(+0x232a)[0x55e4d0cd532a]
[hydra07:400877] [ 6] /lib/x86_64-linux-gnu/libc.so.6(__libc_calloc+0x81)[0x7ff97acd0bd1]
[hydra08:376152] [ 2] /lib/x86_64-linux-gnu/libc.so.6(abort+0x123)[0x7fd17d3e4537]
[hydra10:485247] *** End of error message ***
[hydra07:400877] [ 7] /opt/mpi/openmpi-4.1.4//lib/libmpi.so.40(ompi_group_allocate+0x17)[0x7ff97cb9e1e7]
[hydra08:376152] [ 3] /lib/x86_64-linux-gnu/libc.so.6(+0x7a468)[0x7fd17d43c468]
[hydra07:400877] [ 8] /opt/mpi/openmpi-4.1.4//lib/libmpi.so.40(ompi_group_incl_plist+0x65)[0x7ff97cb9e915]
[hydra07:400877] [ 9] /opt/mpi/openmpi-4.1.4//lib/libmpi.so.40(PMPI_Group_incl+0x95)[0x7ff97cbcf185]
[hydra07:400877] [10] /home/thesis/jheld/MPI_Syrk_implementation/build/src/MPI_SYRK_implementation(+0x841a)[0x5561abe2841a]
[hydra07:400877] [11] /home/thesis/jheld/MPI_Syrk_implementation/build/src/MPI_SYRK_implementation(+0x2ab0)[0x5561abe22ab0]
[hydra08:376152] [ 4] /lib/x86_64-linux-gnu/libc.so.6(+0x8175a)[0x7fd17d44375a]
[hydra08:376152] [ 5] /lib/x86_64-linux-gnu/libc.so.6(+0x8483c)[0x7fd17d44683c]
[hydra07:400877] [12] /lib/x86_64-linux-gnu/libc.so.6(__libc_start_main+0xea)[0x7ff97ac6dd7a]
[hydra07:400877] [13] /home/thesis/jheld/MPI_Syrk_implementation/build/src/MPI_SYRK_implementation(+0x232a)[0x5561abe2232a]
[hydra08:376152] [ 6] /lib/x86_64-linux-gnu/libc.so.6(__libc_calloc+0x81)[0x7fd17d448bd1]
[hydra07:400877] *** End of error message ***
[hydra08:376152] [ 7] /opt/mpi/openmpi-4.1.4//lib/libmpi.so.40(ompi_group_allocate+0x17)[0x7fd17f3161e7]
[hydra08:376152] [ 8] /opt/mpi/openmpi-4.1.4//lib/libmpi.so.40(ompi_group_incl_plist+0x65)[0x7fd17f316915]
[hydra08:376152] [ 9] /opt/mpi/openmpi-4.1.4//lib/libmpi.so.40(PMPI_Group_incl+0x95)[0x7fd17f347185]
[hydra08:376152] [10] /home/thesis/jheld/MPI_Syrk_implementation/build/src/MPI_SYRK_implementation(+0x841a)[0x55b86ee1241a]
[hydra08:376152] [11] /home/thesis/jheld/MPI_Syrk_implementation/build/src/MPI_SYRK_implementation(+0x2ab0)[0x55b86ee0cab0]
[hydra08:376152] [12] /lib/x86_64-linux-gnu/libc.so.6(__libc_start_main+0xea)[0x7fd17d3e5d7a]
[hydra08:376152] [13] /home/thesis/jheld/MPI_Syrk_implementation/build/src/MPI_SYRK_implementation(+0x232a)[0x55b86ee0c32a]
[hydra08:376152] *** End of error message ***
[hydra12:354224] [ 8] /opt/mpi/openmpi-4.1.4//lib/libmpi.so.40(ompi_group_incl_plist+0x65)[0x7fa665674915]
[hydra12:354224] [ 9] /opt/mpi/openmpi-4.1.4//lib/libmpi.so.40(PMPI_Group_incl+0x95)[0x7fa6656a5185]
[hydra12:354224] [10] /home/thesis/jheld/MPI_Syrk_implementation/build/src/MPI_SYRK_implementation(+0x841a)[0x55a5df06341a]
[hydra12:354224] [11] /home/thesis/jheld/MPI_Syrk_implementation/build/src/MPI_SYRK_implementation(+0x2ab0)[0x55a5df05dab0]
[hydra12:354224] [12] /lib/x86_64-linux-gnu/libc.so.6(__libc_start_main+0xea)[0x7fa663743d7a]
[hydra12:354224] [13] /home/thesis/jheld/MPI_Syrk_implementation/build/src/MPI_SYRK_implementation(+0x232a)[0x55a5df05d32a]
[hydra12:354224] *** End of error message ***
srun: error: hydra05: task 13: Aborted
srun: error: hydra03: task 7: Aborted
srun: error: hydra09: task 25: Aborted
srun: error: hydra02: task 5: Aborted
srun: error: hydra08: task 23: Aborted
srun: error: hydra06: task 15: Aborted
srun: error: hydra01: task 2: Aborted
srun: error: hydra11: task 30: Aborted
srun: error: hydra07: tasks 19-20: Aborted
srun: error: hydra10: task 29: Aborted
srun: error: hydra04: tasks 9-10: Aborted
srun: error: hydra12: tasks 33-34: Aborted
slurmstepd: error:  mpi/pmix_v4: _errhandler: hydra10 [9]: pmixp_client_v2.c:211: Error handler invoked: status = -61, source = [slurm.pmix.5008690.19:29]
slurmstepd: error:  mpi/pmix_v4: _errhandler: hydra01 [0]: pmixp_client_v2.c:211: Error handler invoked: status = -61, source = [slurm.pmix.5008690.19:2]
slurmstepd: error:  mpi/pmix_v4: _errhandler: hydra02 [1]: pmixp_client_v2.c:211: Error handler invoked: status = -61, source = [slurm.pmix.5008690.19:5]
slurmstepd: error:  mpi/pmix_v4: _errhandler: hydra08 [7]: pmixp_client_v2.c:211: Error handler invoked: status = -61, source = [slurm.pmix.5008690.19:23]
slurmstepd: error:  mpi/pmix_v4: _errhandler: hydra05 [4]: pmixp_client_v2.c:211: Error handler invoked: status = -61, source = [slurm.pmix.5008690.19:13]
slurmstepd: error:  mpi/pmix_v4: _errhandler: hydra06 [5]: pmixp_client_v2.c:211: Error handler invoked: status = -61, source = [slurm.pmix.5008690.19:15]
slurmstepd: error:  mpi/pmix_v4: _errhandler: hydra11 [10]: pmixp_client_v2.c:211: Error handler invoked: status = -61, source = [slurm.pmix.5008690.19:30]
slurmstepd: error: *** STEP 5008690.19 ON hydra01 CANCELLED AT 2025-10-13T15:27:27 ***
slurmstepd: error:  mpi/pmix_v4: _errhandler: hydra09 [8]: pmixp_client_v2.c:211: Error handler invoked: status = -61, source = [slurm.pmix.5008690.19:25]
slurmstepd: error:  mpi/pmix_v4: _errhandler: hydra12 [11]: pmixp_client_v2.c:211: Error handler invoked: status = -61, source = [slurm.pmix.5008690.19:34]
slurmstepd: error:  mpi/pmix_v4: _errhandler: hydra03 [2]: pmixp_client_v2.c:211: Error handler invoked: status = -61, source = [slurm.pmix.5008690.19:7]
slurmstepd: error:  mpi/pmix_v4: _errhandler: hydra04 [3]: pmixp_client_v2.c:211: Error handler invoked: status = -61, source = [slurm.pmix.5008690.19:10]
srun: Job step aborted: Waiting up to 32 seconds for job step to finish.
slurmstepd: error:  mpi/pmix_v4: _errhandler: hydra07 [6]: pmixp_client_v2.c:211: Error handler invoked: status = -61, source = [slurm.pmix.5008690.19:19]
srun: error: hydra12: task 35: Killed
srun: error: hydra04: task 11: Killed
srun: error: hydra07: task 18: Killed
srun: error: hydra10: tasks 27-28: Killed
srun: error: hydra09: tasks 24,26: Killed
srun: error: hydra02: tasks 3-4: Killed
srun: error: hydra08: tasks 21-22: Killed
srun: error: hydra03: tasks 6,8: Killed
srun: error: hydra06: tasks 16-17: Killed
srun: error: hydra11: tasks 31-32: Killed
srun: error: hydra01: tasks 0-1: Killed
srun: error: hydra05: tasks 12,14: Killed
⚠️ Warning: No runtime found for run 20
srun: Warning: can't honor --ntasks-per-node set to 1 which doesn't match the requested tasks 36 with the number of requested nodes 12. Ignoring --ntasks-per-node.
missing input file name --> Generate random input
malloc(): invalid size (unsorted)
[hydra12:354296] *** Process received signal ***
[hydra12:354296] Signal: Aborted (6)
[hydra12:354296] Signal code:  (-6)
malloc(): invalid size (unsorted)
[hydra11:354257] *** Process received signal ***
malloc(): invalid size (unsorted)
[hydra11:354257] Signal: Aborted (6)
[hydra11:354257] Signal code:  (-6)
[hydra12:354295] *** Process received signal ***
[hydra11:354257] [ 0] /lib/x86_64-linux-gnu/libc.so.6(+0x38de0)[0x7f88288f5de0]
[hydra12:354295] Signal: Aborted (6)
[hydra12:354295] Signal code:  (-6)
[hydra11:354257] [ 1] /lib/x86_64-linux-gnu/libc.so.6(gsignal+0x141)[0x7f88288f5d61]
[hydra12:354296] [ 0] /lib/x86_64-linux-gnu/libc.so.6(+0x38de0)[0x7fb060f68de0]
[hydra11:354257] [ 2] /lib/x86_64-linux-gnu/libc.so.6(abort+0x123)[0x7f88288df537]
[hydra12:354296] [ 1] /lib/x86_64-linux-gnu/libc.so.6(gsignal+0x141)[0x7fb060f68d61]
[hydra11:354257] [ 3] /lib/x86_64-linux-gnu/libc.so.6(+0x7a468)[0x7f8828937468]
[hydra12:354296] [ 2] /lib/x86_64-linux-gnu/libc.so.6(abort+0x123)[0x7fb060f52537]
[hydra11:354257] [ 4] /lib/x86_64-linux-gnu/libc.so.6(+0x8175a)[0x7f882893e75a]
[hydra12:354296] [ 3] /lib/x86_64-linux-gnu/libc.so.6(+0x7a468)[0x7fb060faa468]
[hydra11:354257] [ 5] /lib/x86_64-linux-gnu/libc.so.6(+0x8483c)[0x7f882894183c]
[hydra12:354295] [ 0] /lib/x86_64-linux-gnu/libc.so.6(+0x38de0)[0x7fefb6895de0]
[hydra11:354257] [ 6] /lib/x86_64-linux-gnu/libc.so.6(__libc_calloc+0x81)[0x7f8828943bd1]
[hydra12:354296] [ 4] /lib/x86_64-linux-gnu/libc.so.6(+0x8175a)[0x7fb060fb175a]
[hydra11:354257] [ 7] /opt/mpi/openmpi-4.1.4//lib/libmpi.so.40(ompi_group_allocate+0x17)[0x7f882a8111e7]
[hydra12:354295] [ 1] /lib/x86_64-linux-gnu/libc.so.6(gsignal+0x141)[0x7fefb6895d61]
[hydra11:354257] [ 8] /opt/mpi/openmpi-4.1.4//lib/libmpi.so.40(ompi_group_incl_plist+0x65)[0x7f882a811915]
[hydra12:354296] [ 5] /lib/x86_64-linux-gnu/libc.so.6(+0x8483c)[0x7fb060fb483c]
[hydra11:354257] [ 9] /opt/mpi/openmpi-4.1.4//lib/libmpi.so.40(PMPI_Group_incl+0x95)[0x7f882a842185]
[hydra12:354295] [ 2] /lib/x86_64-linux-gnu/libc.so.6(abort+0x123)[0x7fefb687f537]
[hydra11:354257] [10] /home/thesis/jheld/MPI_Syrk_implementation/build/src/MPI_SYRK_implementation(+0x841a)[0x558e8f20b41a]
[hydra11:354257] [11] /home/thesis/jheld/MPI_Syrk_implementation/build/src/MPI_SYRK_implementation(+0x2ab0)[0x558e8f205ab0]
[hydra12:354296] [ 6] /lib/x86_64-linux-gnu/libc.so.6(__libc_calloc+0x81)[0x7fb060fb6bd1]
[hydra11:354257] [12] /lib/x86_64-linux-gnu/libc.so.6(__libc_start_main+0xea)[0x7f88288e0d7a]
[hydra11:354257] [13] /home/thesis/jheld/MPI_Syrk_implementation/build/src/MPI_SYRK_implementation(+0x232a)[0x558e8f20532a]
[hydra12:354295] [ 3] /lib/x86_64-linux-gnu/libc.so.6(+0x7a468)[0x7fefb68d7468]
[hydra11:354257] *** End of error message ***
[hydra12:354296] [ 7] /opt/mpi/openmpi-4.1.4//lib/libmpi.so.40(ompi_group_allocate+0x17)[0x7fb062e841e7]
[hydra12:354296] [ 8] /opt/mpi/openmpi-4.1.4//lib/libmpi.so.40(ompi_group_incl_plist+0x65)[0x7fb062e84915]
[hydra12:354295] [ 4] /lib/x86_64-linux-gnu/libc.so.6(+0x8175a)[0x7fefb68de75a]
[hydra12:354296] [ 9] /opt/mpi/openmpi-4.1.4//lib/libmpi.so.40(PMPI_Group_incl+0x95)[0x7fb062eb5185]
[hydra12:354295] [ 5] /lib/x86_64-linux-gnu/libc.so.6(+0x8483c)[0x7fefb68e183c]
[hydra12:354296] [10] /home/thesis/jheld/MPI_Syrk_implementation/build/src/MPI_SYRK_implementation(+0x841a)[0x55b03c72541a]
[hydra12:354296] [11] /home/thesis/jheld/MPI_Syrk_implementation/build/src/MPI_SYRK_implementation(+0x2ab0)[0x55b03c71fab0]
[hydra12:354295] [ 6] /lib/x86_64-linux-gnu/libc.so.6(__libc_calloc+0x81)[0x7fefb68e3bd1]
malloc(): invalid size (unsorted)
[hydra02:559971] *** Process received signal ***
[hydra02:559971] Signal: Aborted (6)
[hydra02:559971] Signal code:  (-6)
[hydra02:559971] [ 0] /lib/x86_64-linux-gnu/libc.so.6(+0x38de0)[0x7ff4fffc8de0]
[hydra02:559971] [ 1] /lib/x86_64-linux-gnu/libc.so.6(gsignal+0x141)[0x7ff4fffc8d61]
[hydra02:559971] [ 2] /lib/x86_64-linux-gnu/libc.so.6(abort+0x123)[0x7ff4fffb2537]
[hydra02:559971] [ 3] /lib/x86_64-linux-gnu/libc.so.6(+0x7a468)[0x7ff50000a468]
[hydra02:559971] [ 4] /lib/x86_64-linux-gnu/libc.so.6(+0x8175a)[0x7ff50001175a]
[hydra02:559971] [ 5] /lib/x86_64-linux-gnu/libc.so.6(+0x8483c)[0x7ff50001483c]
[hydra02:559971] [ 6] /lib/x86_64-linux-gnu/libc.so.6(__libc_calloc+0x81)[0x7ff500016bd1]
[hydra02:559971] [ 7] /opt/mpi/openmpi-4.1.4//lib/libmpi.so.40(ompi_group_allocate+0x17)[0x7ff501ee41e7]
[hydra02:559971] [ 8] /opt/mpi/openmpi-4.1.4//lib/libmpi.so.40(ompi_group_incl_plist+0x65)[0x7ff501ee4915]
malloc(): invalid size (unsorted)
[hydra05:373867] *** Process received signal ***
[hydra02:559971] [ 9] /opt/mpi/openmpi-4.1.4//lib/libmpi.so.40(PMPI_Group_incl+0x95)[0x7ff501f15185]
[hydra02:559971] [10] /home/thesis/jheld/MPI_Syrk_implementation/build/src/MPI_SYRK_implementation(+0x841a)[0x55dc9dc1641a]
[hydra02:559971] [11] /home/thesis/jheld/MPI_Syrk_implementation/build/src/MPI_SYRK_implementation(+0x2ab0)[0x55dc9dc10ab0]
[hydra02:559971] [12] /lib/x86_64-linux-gnu/libc.so.6(__libc_start_main+0xea)[0x7ff4fffb3d7a]
[hydra02:559971] [13] /home/thesis/jheld/MPI_Syrk_implementation/build/src/MPI_SYRK_implementation(+0x232a)[0x55dc9dc1032a]
[hydra02:559971] *** End of error message ***
malloc(): invalid size (unsorted)
[hydra04:389943] *** Process received signal ***
[hydra04:389943] Signal: Aborted (6)
[hydra04:389943] Signal code:  (-6)
malloc(): invalid size (unsorted)
[hydra08:376221] *** Process received signal ***
malloc(): invalid size (unsorted)
[hydra03:391164] *** Process received signal ***
[hydra03:391164] Signal: Aborted (6)
[hydra03:391164] Signal code:  (-6)
malloc(): invalid size (unsorted)
[hydra08:376221] Signal: Aborted (6)
[hydra08:376221] Signal code:  (-6)
[hydra04:389943] [ 0] /lib/x86_64-linux-gnu/libc.so.6(+0x38de0)[0x7f527d786de0]
[hydra08:376221] [ 0] /lib/x86_64-linux-gnu/libc.so.6(+0x38de0)[0x7f286731bde0]
[hydra04:389943] [ 1] /lib/x86_64-linux-gnu/libc.so.6(gsignal+0x141)[0x7f527d786d61]
[hydra08:376221] [ 1] /lib/x86_64-linux-gnu/libc.so.6(gsignal+0x141)[0x7f286731bd61]
[hydra04:389943] [ 2] /lib/x86_64-linux-gnu/libc.so.6(abort+0x123)[0x7f527d770537]
malloc(): invalid size (unsorted)
[hydra06:374566] *** Process received signal ***
[hydra06:374566] Signal: Aborted (6)
[hydra06:374566] Signal code:  (-6)
[hydra08:376221] [ 2] /lib/x86_64-linux-gnu/libc.so.6(abort+0x123)[0x7f2867305537]
[hydra04:389943] [ 3] /lib/x86_64-linux-gnu/libc.so.6(+0x7a468)[0x7f527d7c8468]
[hydra05:373867] Signal: Aborted (6)
[hydra05:373867] Signal code:  (-6)
[hydra08:376221] [ 3] /lib/x86_64-linux-gnu/libc.so.6(+0x7a468)[0x7f286735d468]
[hydra04:389943] [ 4] /lib/x86_64-linux-gnu/libc.so.6(+0x8175a)[0x7f527d7cf75a]
[hydra05:373867] [ 0] /lib/x86_64-linux-gnu/libc.so.6(+0x38de0)[0x7f686aafdde0]
[hydra08:376221] [ 4] /lib/x86_64-linux-gnu/libc.so.6(+0x8175a)[0x7f286736475a]
[hydra04:389943] [ 5] /lib/x86_64-linux-gnu/libc.so.6(+0x8483c)[0x7f527d7d283c]
malloc(): invalid size (unsorted)
[hydra05:373867] [ 1] /lib/x86_64-linux-gnu/libc.so.6(gsignal+0x141)[0x7f686aafdd61]
malloc(): invalid size (unsorted)
[hydra10:485320] *** Process received signal ***
[hydra08:376221] [ 5] /lib/x86_64-linux-gnu/libc.so.6(+0x8483c)[0x7f286736783c]
[hydra04:389943] [ 6] /lib/x86_64-linux-gnu/libc.so.6(__libc_calloc+0x81)[0x7f527d7d4bd1]
[hydra03:391164] [ 0] /lib/x86_64-linux-gnu/libc.so.6(+0x38de0)[0x7f4902c95de0]
[hydra05:373867] [ 2] /lib/x86_64-linux-gnu/libc.so.6(abort+0x123)[0x7f686aae7537]
[hydra08:376221] [ 6] /lib/x86_64-linux-gnu/libc.so.6(__libc_calloc+0x81)[0x7f2867369bd1]
[hydra04:389943] [ 7] /opt/mpi/openmpi-4.1.4//lib/libmpi.so.40(ompi_group_allocate+0x17)[0x7f527f6a21e7]
[hydra03:391166] *** Process received signal ***
[hydra05:373867] [ 3] /lib/x86_64-linux-gnu/libc.so.6(+0x7a468)[0x7f686ab3f468]
[hydra08:376221] [ 7] /opt/mpi/openmpi-4.1.4//lib/libmpi.so.40(ompi_group_allocate+0x17)[0x7f28692371e7]
[hydra04:389943] [ 8] /opt/mpi/openmpi-4.1.4//lib/libmpi.so.40(ompi_group_incl_plist+0x65)[0x7f527f6a2915]
[hydra03:391166] Signal: Aborted (6)
[hydra03:391166] Signal code:  (-6)
[hydra05:373867] [ 4] /lib/x86_64-linux-gnu/libc.so.6(+0x8175a)[0x7f686ab4675a]
[hydra08:376221] [ 8] /opt/mpi/openmpi-4.1.4//lib/libmpi.so.40(ompi_group_incl_plist+0x65)[0x7f2869237915]
[hydra04:389943] [ 9] /opt/mpi/openmpi-4.1.4//lib/libmpi.so.40(PMPI_Group_incl+0x95)[0x7f527f6d3185]
[hydra03:391164] [ 1] /lib/x86_64-linux-gnu/libc.so.6(gsignal+0x141)[0x7f4902c95d61]
[hydra05:373867] [ 5] /lib/x86_64-linux-gnu/libc.so.6(+0x8483c)[0x7f686ab4983c]
[hydra08:376221] [ 9] /opt/mpi/openmpi-4.1.4//lib/libmpi.so.40(PMPI_Group_incl+0x95)[0x7f2869268185]
[hydra04:389943] [10] /home/thesis/jheld/MPI_Syrk_implementation/build/src/MPI_SYRK_implementation(+0x841a)[0x55c526ee241a]
[hydra04:389943] [11] /home/thesis/jheld/MPI_Syrk_implementation/build/src/MPI_SYRK_implementation(+0x2ab0)[0x55c526edcab0]
[hydra03:391164] [ 2] /lib/x86_64-linux-gnu/libc.so.6(abort+0x123)[0x7f4902c7f537]
[hydra05:373867] [ 6] /lib/x86_64-linux-gnu/libc.so.6(__libc_calloc+0x81)[0x7f686ab4bbd1]
[hydra08:376221] [10] /home/thesis/jheld/MPI_Syrk_implementation/build/src/MPI_SYRK_implementation(+0x841a)[0x55b109edf41a]
[hydra08:376221] [11] /home/thesis/jheld/MPI_Syrk_implementation/build/src/MPI_SYRK_implementation(+0x2ab0)[0x55b109ed9ab0]
[hydra04:389943] [12] /lib/x86_64-linux-gnu/libc.so.6(__libc_start_main+0xea)[0x7f527d771d7a]
[hydra04:389943] [13] /home/thesis/jheld/MPI_Syrk_implementation/build/src/MPI_SYRK_implementation(+0x232a)[0x55c526edc32a]
[hydra03:391164] [ 3] /lib/x86_64-linux-gnu/libc.so.6(+0x7a468)[0x7f4902cd7468]
[hydra05:373867] [ 7] /opt/mpi/openmpi-4.1.4//lib/libmpi.so.40(ompi_group_allocate+0x17)[0x7f686ca191e7]
[hydra08:376221] [12] /lib/x86_64-linux-gnu/libc.so.6(__libc_start_main+0xea)[0x7f2867306d7a]
[hydra08:376221] [13] /home/thesis/jheld/MPI_Syrk_implementation/build/src/MPI_SYRK_implementation(+0x232a)[0x55b109ed932a]
[hydra04:389943] *** End of error message ***
[hydra03:391164] [ 4] /lib/x86_64-linux-gnu/libc.so.6(+0x8175a)[0x7f4902cde75a]
[hydra05:373867] [ 8] /opt/mpi/openmpi-4.1.4//lib/libmpi.so.40(ompi_group_incl_plist+0x65)[0x7f686ca19915]
[hydra08:376221] *** End of error message ***
[hydra03:391164] [ 5] /lib/x86_64-linux-gnu/libc.so.6(+0x8483c)[0x7f4902ce183c]
[hydra05:373867] [ 9] /opt/mpi/openmpi-4.1.4//lib/libmpi.so.40(PMPI_Group_incl+0x95)[0x7f686ca4a185]
[hydra03:391164] [ 6] /lib/x86_64-linux-gnu/libc.so.6(__libc_calloc+0x81)[0x7f4902ce3bd1]
[hydra05:373867] [10] /home/thesis/jheld/MPI_Syrk_implementation/build/src/MPI_SYRK_implementation(+0x841a)[0x562679d6441a]
[hydra05:373867] [11] /home/thesis/jheld/MPI_Syrk_implementation/build/src/MPI_SYRK_implementation(+0x2ab0)[0x562679d5eab0]
[hydra03:391164] [ 7] /opt/mpi/openmpi-4.1.4//lib/libmpi.so.40(ompi_group_allocate+0x17)[0x7f4904bb11e7]
[hydra05:373867] [12] /lib/x86_64-linux-gnu/libc.so.6(__libc_start_main+0xea)[0x7f686aae8d7a]
[hydra05:373867] [13] /home/thesis/jheld/MPI_Syrk_implementation/build/src/MPI_SYRK_implementation(+0x232a)[0x562679d5e32a]
[hydra03:391164] [ 8] /opt/mpi/openmpi-4.1.4//lib/libmpi.so.40(ompi_group_incl_plist+0x65)[0x7f4904bb1915]
[hydra05:373867] *** End of error message ***
[hydra03:391166] [ 0] /lib/x86_64-linux-gnu/libc.so.6(+0x38de0)[0x7fe9ff3a4de0]
[hydra03:391166] [ 1] /lib/x86_64-linux-gnu/libc.so.6(gsignal+0x141)[0x7fe9ff3a4d61]
[hydra03:391164] [ 9] /opt/mpi/openmpi-4.1.4//lib/libmpi.so.40(PMPI_Group_incl+0x95)[0x7f4904be2185]
[hydra03:391164] [10] /home/thesis/jheld/MPI_Syrk_implementation/build/src/MPI_SYRK_implementation(+0x841a)[0x560a51e9c41a]
[hydra03:391164] [11] /home/thesis/jheld/MPI_Syrk_implementation/build/src/MPI_SYRK_implementation(+0x2ab0)[0x560a51e96ab0]
[hydra03:391166] [ 2] /lib/x86_64-linux-gnu/libc.so.6(abort+0x123)[0x7fe9ff38e537]
[hydra03:391164] [12] /lib/x86_64-linux-gnu/libc.so.6(__libc_start_main+0xea)[0x7f4902c80d7a]
[hydra03:391164] [13] /home/thesis/jheld/MPI_Syrk_implementation/build/src/MPI_SYRK_implementation(+0x232a)[0x560a51e9632a]
[hydra03:391164] *** End of error message ***
[hydra03:391166] [ 3] /lib/x86_64-linux-gnu/libc.so.6(+0x7a468)[0x7fe9ff3e6468]
[hydra03:391166] [ 4] /lib/x86_64-linux-gnu/libc.so.6(+0x8175a)[0x7fe9ff3ed75a]
[hydra07:400948] *** Process received signal ***
[hydra07:400948] Signal: Aborted (6)
[hydra07:400948] Signal code:  (-6)
[hydra07:400948] [ 0] /lib/x86_64-linux-gnu/libc.so.6(+0x38de0)[0x7f6bc7405de0]
[hydra07:400948] [ 1] /lib/x86_64-linux-gnu/libc.so.6(gsignal+0x141)[0x7f6bc7405d61]
[hydra07:400948] [ 2] /lib/x86_64-linux-gnu/libc.so.6(abort+0x123)[0x7f6bc73ef537]
[hydra07:400948] [ 3] /lib/x86_64-linux-gnu/libc.so.6(+0x7a468)[0x7f6bc7447468]
[hydra07:400948] [ 4] /lib/x86_64-linux-gnu/libc.so.6(+0x8175a)[0x7f6bc744e75a]
[hydra07:400948] [ 5] /lib/x86_64-linux-gnu/libc.so.6(+0x8483c)[0x7f6bc745183c]
[hydra07:400948] [ 6] /lib/x86_64-linux-gnu/libc.so.6(__libc_calloc+0x81)[0x7f6bc7453bd1]
[hydra07:400948] [ 7] /opt/mpi/openmpi-4.1.4//lib/libmpi.so.40(ompi_group_allocate+0x17)[0x7f6bc93211e7]
[hydra07:400948] [ 8] /opt/mpi/openmpi-4.1.4//lib/libmpi.so.40(ompi_group_incl_plist+0x65)[0x7f6bc9321915]
[hydra06:374566] [ 0] /lib/x86_64-linux-gnu/libc.so.6(+0x38de0)[0x7f6be3cbede0]
[hydra07:400948] [ 9] /opt/mpi/openmpi-4.1.4//lib/libmpi.so.40(PMPI_Group_incl+0x95)[0x7f6bc9352185]
[hydra10:485320] Signal: Aborted (6)
[hydra10:485320] Signal code:  (-6)
[hydra06:374566] [ 1] /lib/x86_64-linux-gnu/libc.so.6(gsignal+0x141)[0x7f6be3cbed61]
[hydra07:400948] [10] /home/thesis/jheld/MPI_Syrk_implementation/build/src/MPI_SYRK_implementation(+0x841a)[0x5597c8a8741a]
[hydra07:400948] [11] /home/thesis/jheld/MPI_Syrk_implementation/build/src/MPI_SYRK_implementation(+0x2ab0)[0x5597c8a81ab0]
[hydra10:485320] [ 0] /lib/x86_64-linux-gnu/libc.so.6(+0x38de0)[0x7f3ab199cde0]
[hydra06:374566] [ 2] /lib/x86_64-linux-gnu/libc.so.6(abort+0x123)[0x7f6be3ca8537]
[hydra07:400948] [12] /lib/x86_64-linux-gnu/libc.so.6(__libc_start_main+0xea)[0x7f6bc73f0d7a]
[hydra07:400948] [13] /home/thesis/jheld/MPI_Syrk_implementation/build/src/MPI_SYRK_implementation(+0x232a)[0x5597c8a8132a]
[hydra10:485320] [ 1] /lib/x86_64-linux-gnu/libc.so.6(gsignal+0x141)[0x7f3ab199cd61]
[hydra06:374566] [ 3] /lib/x86_64-linux-gnu/libc.so.6(+0x7a468)[0x7f6be3d00468]
[hydra07:400948] *** End of error message ***
[hydra10:485320] [ 2] /lib/x86_64-linux-gnu/libc.so.6(abort+0x123)[0x7f3ab1986537]
[hydra06:374566] [ 4] /lib/x86_64-linux-gnu/libc.so.6(+0x8175a)[0x7f6be3d0775a]
[hydra10:485320] [ 3] /lib/x86_64-linux-gnu/libc.so.6(+0x7a468)[0x7f3ab19de468]
[hydra06:374566] [ 5] /lib/x86_64-linux-gnu/libc.so.6(+0x8483c)[0x7f6be3d0a83c]
[hydra10:485320] [ 4] /lib/x86_64-linux-gnu/libc.so.6(+0x8175a)[0x7f3ab19e575a]
[hydra06:374566] [ 6] /lib/x86_64-linux-gnu/libc.so.6(__libc_calloc+0x81)[0x7f6be3d0cbd1]
[hydra10:485320] [ 5] /lib/x86_64-linux-gnu/libc.so.6(+0x8483c)[0x7f3ab19e883c]
[hydra06:374566] [ 7] /opt/mpi/openmpi-4.1.4//lib/libmpi.so.40(ompi_group_allocate+0x17)[0x7f6be5bda1e7]
[hydra10:485320] [ 6] /lib/x86_64-linux-gnu/libc.so.6(__libc_calloc+0x81)[0x7f3ab19eabd1]
[hydra06:374566] [ 8] /opt/mpi/openmpi-4.1.4//lib/libmpi.so.40(ompi_group_incl_plist+0x65)[0x7f6be5bda915]
[hydra10:485320] [ 7] /opt/mpi/openmpi-4.1.4//lib/libmpi.so.40(ompi_group_allocate+0x17)[0x7f3ab38b81e7]
[hydra06:374566] [ 9] /opt/mpi/openmpi-4.1.4//lib/libmpi.so.40(PMPI_Group_incl+0x95)[0x7f6be5c0b185]
[hydra10:485320] [ 8] /opt/mpi/openmpi-4.1.4//lib/libmpi.so.40(ompi_group_incl_plist+0x65)[0x7f3ab38b8915]
[hydra06:374566] [10] /home/thesis/jheld/MPI_Syrk_implementation/build/src/MPI_SYRK_implementation(+0x841a)[0x5595e8bd941a]
[hydra06:374566] [11] /home/thesis/jheld/MPI_Syrk_implementation/build/src/MPI_SYRK_implementation(+0x2ab0)[0x5595e8bd3ab0]
[hydra10:485320] [ 9] /opt/mpi/openmpi-4.1.4//lib/libmpi.so.40(PMPI_Group_incl+0x95)[0x7f3ab38e9185]
[hydra06:374566] [12] /lib/x86_64-linux-gnu/libc.so.6(__libc_start_main+0xea)[0x7f6be3ca9d7a]
[hydra06:374566] [13] /home/thesis/jheld/MPI_Syrk_implementation/build/src/MPI_SYRK_implementation(+0x232a)[0x5595e8bd332a]
[hydra10:485320] [10] /home/thesis/jheld/MPI_Syrk_implementation/build/src/MPI_SYRK_implementation(+0x841a)[0x56316e7e841a]
[hydra10:485320] [11] /home/thesis/jheld/MPI_Syrk_implementation/build/src/MPI_SYRK_implementation(+0x2ab0)[0x56316e7e2ab0]
[hydra06:374566] *** End of error message ***
malloc(): invalid size (unsorted)
[hydra10:485320] [12] /lib/x86_64-linux-gnu/libc.so.6(__libc_start_main+0xea)[0x7f3ab1987d7a]
[hydra10:485320] [13] /home/thesis/jheld/MPI_Syrk_implementation/build/src/MPI_SYRK_implementation(+0x232a)[0x56316e7e232a]
[hydra08:376222] *** Process received signal ***
[hydra10:485320] *** End of error message ***
[hydra08:376222] Signal: Aborted (6)
[hydra08:376222] Signal code:  (-6)
[hydra08:376222] [ 0] /lib/x86_64-linux-gnu/libc.so.6(+0x38de0)[0x7fccd5f6cde0]
[hydra08:376222] [ 1] /lib/x86_64-linux-gnu/libc.so.6(gsignal+0x141)[0x7fccd5f6cd61]
[hydra08:376222] [ 2] /lib/x86_64-linux-gnu/libc.so.6(abort+0x123)[0x7fccd5f56537]
[hydra08:376222] [ 3] /lib/x86_64-linux-gnu/libc.so.6(+0x7a468)[0x7fccd5fae468]
[hydra08:376222] [ 4] /lib/x86_64-linux-gnu/libc.so.6(+0x8175a)[0x7fccd5fb575a]
[hydra08:376222] [ 5] /lib/x86_64-linux-gnu/libc.so.6(+0x8483c)[0x7fccd5fb883c]
[hydra08:376222] [ 6] /lib/x86_64-linux-gnu/libc.so.6(__libc_calloc+0x81)[0x7fccd5fbabd1]
[hydra08:376222] [ 7] /opt/mpi/openmpi-4.1.4//lib/libmpi.so.40(ompi_group_allocate+0x17)[0x7fccd7e881e7]
malloc(): invalid size (unsorted)
[hydra08:376222] [ 8] /opt/mpi/openmpi-4.1.4//lib/libmpi.so.40(ompi_group_incl_plist+0x65)[0x7fccd7e88915]
[hydra08:376222] [ 9] /opt/mpi/openmpi-4.1.4//lib/libmpi.so.40(PMPI_Group_incl+0x95)[0x7fccd7eb9185]
[hydra08:376222] [10] /home/thesis/jheld/MPI_Syrk_implementation/build/src/MPI_SYRK_implementation(+0x841a)[0x5628ea85841a]
[hydra08:376222] [11] /home/thesis/jheld/MPI_Syrk_implementation/build/src/MPI_SYRK_implementation(+0x2ab0)[0x5628ea852ab0]
[hydra08:376222] [12] /lib/x86_64-linux-gnu/libc.so.6(__libc_start_main+0xea)[0x7fccd5f57d7a]
[hydra08:376222] [13] /home/thesis/jheld/MPI_Syrk_implementation/build/src/MPI_SYRK_implementation(+0x232a)[0x5628ea85232a]
[hydra08:376222] *** End of error message ***
malloc(): invalid size (unsorted)
[hydra04:389942] *** Process received signal ***
[hydra04:389942] Signal: Aborted (6)
[hydra04:389942] Signal code:  (-6)
[hydra04:389942] [ 0] /lib/x86_64-linux-gnu/libc.so.6(+0x38de0)[0x7f40b8e8bde0]
[hydra04:389942] [ 1] /lib/x86_64-linux-gnu/libc.so.6(gsignal+0x141)[0x7f40b8e8bd61]
[hydra04:389942] [ 2] /lib/x86_64-linux-gnu/libc.so.6(abort+0x123)[0x7f40b8e75537]
[hydra04:389942] [ 3] /lib/x86_64-linux-gnu/libc.so.6(+0x7a468)[0x7f40b8ecd468]
[hydra04:389942] [ 4] /lib/x86_64-linux-gnu/libc.so.6(+0x8175a)[0x7f40b8ed475a]
[hydra09:367554] *** Process received signal ***
[hydra04:389942] [ 5] /lib/x86_64-linux-gnu/libc.so.6(+0x8483c)[0x7f40b8ed783c]
[hydra09:367554] Signal: Aborted (6)
[hydra09:367554] Signal code:  (-6)
[hydra04:389942] [ 6] /lib/x86_64-linux-gnu/libc.so.6(__libc_calloc+0x81)[0x7f40b8ed9bd1]
[hydra04:389942] [ 7] /opt/mpi/openmpi-4.1.4//lib/libmpi.so.40(ompi_group_allocate+0x17)[0x7f40bada71e7]
[hydra04:389942] [ 8] /opt/mpi/openmpi-4.1.4//lib/libmpi.so.40(ompi_group_incl_plist+0x65)[0x7f40bada7915]
[hydra09:367554] [ 0] /lib/x86_64-linux-gnu/libc.so.6(+0x38de0)[0x7efe6a265de0]
[hydra04:389942] [ 9] /opt/mpi/openmpi-4.1.4//lib/libmpi.so.40(PMPI_Group_incl+0x95)[0x7f40badd8185]
[hydra04:389942] [10] /home/thesis/jheld/MPI_Syrk_implementation/build/src/MPI_SYRK_implementation(+0x841a)[0x55d3943c041a]
[hydra04:389942] [11] /home/thesis/jheld/MPI_Syrk_implementation/build/src/MPI_SYRK_implementation(+0x2ab0)[0x55d3943baab0]
[hydra04:389942] [12] /lib/x86_64-linux-gnu/libc.so.6(__libc_start_main+0xea)[0x7f40b8e76d7a]
[hydra09:367554] [ 1] /lib/x86_64-linux-gnu/libc.so.6(gsignal+0x141)[0x7efe6a265d61]
[hydra04:389942] [13] /home/thesis/jheld/MPI_Syrk_implementation/build/src/MPI_SYRK_implementation(+0x232a)[0x55d3943ba32a]
[hydra04:389942] *** End of error message ***
[hydra09:367554] [ 2] /lib/x86_64-linux-gnu/libc.so.6(abort+0x123)[0x7efe6a24f537]
[hydra09:367554] [ 3] /lib/x86_64-linux-gnu/libc.so.6(+0x7a468)[0x7efe6a2a7468]
[hydra09:367554] [ 4] /lib/x86_64-linux-gnu/libc.so.6(+0x8175a)[0x7efe6a2ae75a]
[hydra09:367554] [ 5] /lib/x86_64-linux-gnu/libc.so.6(+0x8483c)[0x7efe6a2b183c]
[hydra09:367554] [ 6] /lib/x86_64-linux-gnu/libc.so.6(__libc_calloc+0x81)[0x7efe6a2b3bd1]
[hydra09:367554] [ 7] /opt/mpi/openmpi-4.1.4//lib/libmpi.so.40(ompi_group_allocate+0x17)[0x7efe6c1811e7]
malloc(): invalid size (unsorted)
[hydra09:367554] [ 8] /opt/mpi/openmpi-4.1.4//lib/libmpi.so.40(ompi_group_incl_plist+0x65)[0x7efe6c181915]
[hydra11:354255] *** Process received signal ***
[hydra11:354255] Signal: Aborted (6)
[hydra11:354255] Signal code:  (-6)
[hydra11:354255] [ 0] /lib/x86_64-linux-gnu/libc.so.6(+0x38de0)[0x7efc92bc9de0]
[hydra09:367554] [ 9] /opt/mpi/openmpi-4.1.4//lib/libmpi.so.40(PMPI_Group_incl+0x95)[0x7efe6c1b2185]
[hydra11:354255] [ 1] /lib/x86_64-linux-gnu/libc.so.6(gsignal+0x141)[0x7efc92bc9d61]
[hydra09:367554] [10] /home/thesis/jheld/MPI_Syrk_implementation/build/src/MPI_SYRK_implementation(+0x841a)[0x55871459241a]
[hydra11:354255] [ 2] /lib/x86_64-linux-gnu/libc.so.6(abort+0x123)[0x7efc92bb3537]
[hydra09:367554] [11] /home/thesis/jheld/MPI_Syrk_implementation/build/src/MPI_SYRK_implementation(+0x2ab0)[0x55871458cab0]
[hydra11:354255] [ 3] /lib/x86_64-linux-gnu/libc.so.6(+0x7a468)[0x7efc92c0b468]
[hydra09:367554] [12] /lib/x86_64-linux-gnu/libc.so.6(__libc_start_main+0xea)[0x7efe6a250d7a]
[hydra11:354255] [ 4] /lib/x86_64-linux-gnu/libc.so.6(+0x8175a)[0x7efc92c1275a]
[hydra09:367554] [13] /home/thesis/jheld/MPI_Syrk_implementation/build/src/MPI_SYRK_implementation(+0x232a)[0x55871458c32a]
[hydra09:367554] *** End of error message ***
[hydra11:354255] [ 5] /lib/x86_64-linux-gnu/libc.so.6(+0x8483c)[0x7efc92c1583c]
[hydra11:354255] [ 6] /lib/x86_64-linux-gnu/libc.so.6(__libc_calloc+0x81)[0x7efc92c17bd1]
[hydra11:354255] [ 7] /opt/mpi/openmpi-4.1.4//lib/libmpi.so.40(ompi_group_allocate+0x17)[0x7efc94ae51e7]
[hydra11:354255] [ 8] /opt/mpi/openmpi-4.1.4//lib/libmpi.so.40(ompi_group_incl_plist+0x65)[0x7efc94ae5915]
[hydra11:354255] [ 9] /opt/mpi/openmpi-4.1.4//lib/libmpi.so.40(PMPI_Group_incl+0x95)[0x7efc94b16185]
[hydra11:354255] [10] /home/thesis/jheld/MPI_Syrk_implementation/build/src/MPI_SYRK_implementation(+0x841a)[0x564d0807141a]
[hydra11:354255] [11] /home/thesis/jheld/MPI_Syrk_implementation/build/src/MPI_SYRK_implementation(+0x2ab0)[0x564d0806bab0]
[hydra11:354255] [12] /lib/x86_64-linux-gnu/libc.so.6(__libc_start_main+0xea)[0x7efc92bb4d7a]
[hydra11:354255] [13] /home/thesis/jheld/MPI_Syrk_implementation/build/src/MPI_SYRK_implementation(+0x232a)[0x564d0806b32a]
[hydra11:354255] *** End of error message ***
malloc(): invalid size (unsorted)
[hydra10:485321] *** Process received signal ***
[hydra10:485321] Signal: Aborted (6)
[hydra10:485321] Signal code:  (-6)
[hydra10:485321] [ 0] /lib/x86_64-linux-gnu/libc.so.6(+0x38de0)[0x7f8361cf8de0]
[hydra10:485321] [ 1] /lib/x86_64-linux-gnu/libc.so.6(gsignal+0x141)[0x7f8361cf8d61]
[hydra10:485321] [ 2] /lib/x86_64-linux-gnu/libc.so.6(abort+0x123)[0x7f8361ce2537]
[hydra10:485321] [ 3] /lib/x86_64-linux-gnu/libc.so.6(+0x7a468)[0x7f8361d3a468]
[hydra10:485321] [ 4] /lib/x86_64-linux-gnu/libc.so.6(+0x8175a)[0x7f8361d4175a]
[hydra10:485321] [ 5] /lib/x86_64-linux-gnu/libc.so.6(+0x8483c)[0x7f8361d4483c]
[hydra10:485321] [ 6] /lib/x86_64-linux-gnu/libc.so.6(__libc_calloc+0x81)[0x7f8361d46bd1]
[hydra10:485321] [ 7] /opt/mpi/openmpi-4.1.4//lib/libmpi.so.40(ompi_group_allocate+0x17)[0x7f8363c141e7]
[hydra10:485321] [ 8] /opt/mpi/openmpi-4.1.4//lib/libmpi.so.40(ompi_group_incl_plist+0x65)[0x7f8363c14915]
[hydra10:485321] [ 9] /opt/mpi/openmpi-4.1.4//lib/libmpi.so.40(PMPI_Group_incl+0x95)[0x7f8363c45185]
[hydra10:485321] [10] /home/thesis/jheld/MPI_Syrk_implementation/build/src/MPI_SYRK_implementation(+0x841a)[0x5637ba85041a]
[hydra10:485321] [11] /home/thesis/jheld/MPI_Syrk_implementation/build/src/MPI_SYRK_implementation(+0x2ab0)[0x5637ba84aab0]
[hydra10:485321] [12] /lib/x86_64-linux-gnu/libc.so.6(__libc_start_main+0xea)[0x7f8361ce3d7a]
[hydra10:485321] [13] /home/thesis/jheld/MPI_Syrk_implementation/build/src/MPI_SYRK_implementation(+0x232a)[0x5637ba84a32a]
[hydra10:485321] *** End of error message ***
[hydra12:354296] [12] /lib/x86_64-linux-gnu/libc.so.6(__libc_start_main+0xea)[0x7fb060f53d7a]
[hydra12:354296] [13] /home/thesis/jheld/MPI_Syrk_implementation/build/src/MPI_SYRK_implementation(+0x232a)[0x55b03c71f32a]
[hydra12:354296] *** End of error message ***
[hydra12:354295] [ 7] /opt/mpi/openmpi-4.1.4//lib/libmpi.so.40(ompi_group_allocate+0x17)[0x7fefb87b11e7]
[hydra03:391166] [ 5] /lib/x86_64-linux-gnu/libc.so.6(+0x8483c)[0x7fe9ff3f083c]
[hydra12:354295] [ 8] /opt/mpi/openmpi-4.1.4//lib/libmpi.so.40(ompi_group_incl_plist+0x65)[0x7fefb87b1915]
[hydra03:391166] [ 6] /lib/x86_64-linux-gnu/libc.so.6(__libc_calloc+0x81)[0x7fe9ff3f2bd1]
[hydra12:354295] [ 9] /opt/mpi/openmpi-4.1.4//lib/libmpi.so.40(PMPI_Group_incl+0x95)[0x7fefb87e2185]
[hydra03:391166] [ 7] /opt/mpi/openmpi-4.1.4//lib/libmpi.so.40(ompi_group_allocate+0x17)[0x7fea012c01e7]
[hydra12:354295] [10] /home/thesis/jheld/MPI_Syrk_implementation/build/src/MPI_SYRK_implementation(+0x841a)[0x556ecec5741a]
[hydra12:354295] [11] /home/thesis/jheld/MPI_Syrk_implementation/build/src/MPI_SYRK_implementation(+0x2ab0)[0x556ecec51ab0]
[hydra03:391166] [ 8] /opt/mpi/openmpi-4.1.4//lib/libmpi.so.40(ompi_group_incl_plist+0x65)[0x7fea012c0915]
[hydra12:354295] [12] /lib/x86_64-linux-gnu/libc.so.6(__libc_start_main+0xea)[0x7fefb6880d7a]
[hydra12:354295] [13] /home/thesis/jheld/MPI_Syrk_implementation/build/src/MPI_SYRK_implementation(+0x232a)[0x556ecec5132a]
[hydra03:391166] [ 9] /opt/mpi/openmpi-4.1.4//lib/libmpi.so.40(PMPI_Group_incl+0x95)[0x7fea012f1185]
[hydra12:354295] *** End of error message ***
[hydra03:391166] [10] /home/thesis/jheld/MPI_Syrk_implementation/build/src/MPI_SYRK_implementation(+0x841a)[0x55e1d597841a]
[hydra03:391166] [11] /home/thesis/jheld/MPI_Syrk_implementation/build/src/MPI_SYRK_implementation(+0x2ab0)[0x55e1d5972ab0]
[hydra03:391166] [12] /lib/x86_64-linux-gnu/libc.so.6(__libc_start_main+0xea)[0x7fe9ff38fd7a]
[hydra03:391166] [13] /home/thesis/jheld/MPI_Syrk_implementation/build/src/MPI_SYRK_implementation(+0x232a)[0x55e1d597232a]
[hydra03:391166] *** End of error message ***
srun: error: hydra05: task 12: Aborted
srun: error: hydra09: task 25: Aborted
srun: error: hydra06: task 15: Aborted
srun: error: hydra02: task 5: Aborted
srun: error: hydra07: task 19: Aborted
srun: error: hydra08: tasks 21-22: Aborted
srun: error: hydra04: tasks 9-10: Aborted
srun: error: hydra03: tasks 6,8: Aborted
srun: error: hydra12: tasks 33-34: Aborted
srun: error: hydra10: tasks 27-28: Aborted
srun: error: hydra11: tasks 30,32: Aborted
slurmstepd: error:  mpi/pmix_v4: _errhandler: hydra02 [1]: pmixp_client_v2.c:211: Error handler invoked: status = -61, source = [slurm.pmix.5008690.20:5]
slurmstepd: error:  mpi/pmix_v4: _errhandler: hydra05 [4]: pmixp_client_v2.c:211: Error handler invoked: status = -61, source = [slurm.pmix.5008690.20:12]
slurmstepd: error:  mpi/pmix_v4: _errhandler: hydra06 [5]: pmixp_client_v2.c:211: Error handler invoked: status = -61, source = [slurm.pmix.5008690.20:15]
slurmstepd: error:  mpi/pmix_v4: _errhandler: hydra12 [11]: pmixp_client_v2.c:211: Error handler invoked: status = -61, source = [slurm.pmix.5008690.20:34]
slurmstepd: error:  mpi/pmix_v4: _errhandler: hydra08 [7]: pmixp_client_v2.c:211: Error handler invoked: status = -61, source = [slurm.pmix.5008690.20:21]
slurmstepd: error:  mpi/pmix_v4: _errhandler: hydra11 [10]: pmixp_client_v2.c:211: Error handler invoked: status = -61, source = [slurm.pmix.5008690.20:32]
slurmstepd: error:  mpi/pmix_v4: _errhandler: hydra09 [8]: pmixp_client_v2.c:211: Error handler invoked: status = -61, source = [slurm.pmix.5008690.20:25]
slurmstepd: error:  mpi/pmix_v4: _errhandler: hydra04 [3]: pmixp_client_v2.c:211: Error handler invoked: status = -61, source = [slurm.pmix.5008690.20:10]
slurmstepd: error:  mpi/pmix_v4: _errhandler: hydra10 [9]: pmixp_client_v2.c:211: Error handler invoked: status = -61, source = [slurm.pmix.5008690.20:27]
slurmstepd: error:  mpi/pmix_v4: _errhandler: hydra07 [6]: pmixp_client_v2.c:211: Error handler invoked: status = -61, source = [slurm.pmix.5008690.20:19]
slurmstepd: error: *** STEP 5008690.20 ON hydra01 CANCELLED AT 2025-10-13T15:27:38 ***
slurmstepd: error:  mpi/pmix_v4: _errhandler: hydra03 [2]: pmixp_client_v2.c:211: Error handler invoked: status = -61, source = [slurm.pmix.5008690.20:6]
srun: Job step aborted: Waiting up to 32 seconds for job step to finish.
srun: error: hydra04: task 11: Killed
srun: error: hydra08: task 23: Killed
srun: error: hydra03: task 7: Killed
srun: error: hydra11: task 31: Killed
srun: error: hydra12: task 35: Killed
srun: error: hydra10: task 29: Killed
srun: error: hydra06: tasks 16-17: Killed
srun: error: hydra07: tasks 18,20: Killed
srun: error: hydra05: tasks 13-14: Killed
srun: error: hydra02: tasks 3-4: Killed
srun: error: hydra09: tasks 24,26: Killed
srun: error: hydra01: tasks 0-2: Killed
⚠️ Warning: No runtime found for run 21
srun: Warning: can't honor --ntasks-per-node set to 1 which doesn't match the requested tasks 36 with the number of requested nodes 12. Ignoring --ntasks-per-node.
missing input file name --> Generate random input
malloc(): invalid size (unsorted)
[hydra05:373935] *** Process received signal ***
malloc(): invalid size (unsorted)
[hydra04:390011] *** Process received signal ***
[hydra04:390011] Signal: Aborted (6)
[hydra04:390011] Signal code:  (-6)
malloc(): invalid size (unsorted)
[hydra02:560053] *** Process received signal ***
malloc(): invalid size (unsorted)
[hydra06:374637] *** Process received signal ***
malloc(): invalid size (unsorted)
[hydra12:354365] *** Process received signal ***
malloc(): invalid size (unsorted)
[hydra07:401015] *** Process received signal ***
malloc(): invalid size (unsorted)
[hydra09:367623] *** Process received signal ***
malloc(): invalid size (unsorted)
[hydra03:391233] *** Process received signal ***
[hydra03:391233] Signal: Aborted (6)
[hydra03:391233] Signal code:  (-6)
[hydra05:373935] Signal: Aborted (6)
[hydra05:373935] Signal code:  (-6)
[hydra02:560053] Signal: Aborted (6)
[hydra02:560053] Signal code:  (-6)
[hydra05:373935] [ 0] /lib/x86_64-linux-gnu/libc.so.6(+0x38de0)[0x7f57a1b8fde0]
[hydra02:560053] [ 0] /lib/x86_64-linux-gnu/libc.so.6(+0x38de0)[0x7f0a1e813de0]
malloc(): invalid size (unsorted)
[hydra11:354325] *** Process received signal ***
[hydra05:373935] [ 1] /lib/x86_64-linux-gnu/libc.so.6(gsignal+0x141)[0x7f57a1b8fd61]
[hydra04:390011] [ 0] /lib/x86_64-linux-gnu/libc.so.6(+0x38de0)[0x7feec0b17de0]
[hydra02:560053] [ 1] /lib/x86_64-linux-gnu/libc.so.6(gsignal+0x141)[0x7f0a1e813d61]
[hydra05:373935] [ 2] /lib/x86_64-linux-gnu/libc.so.6(abort+0x123)[0x7f57a1b79537]
[hydra04:390011] [ 1] /lib/x86_64-linux-gnu/libc.so.6(gsignal+0x141)[0x7feec0b17d61]
[hydra02:560053] [ 2] /lib/x86_64-linux-gnu/libc.so.6(abort+0x123)[0x7f0a1e7fd537]
[hydra06:374637] Signal: Aborted (6)
[hydra06:374637] Signal code:  (-6)
[hydra05:373935] [ 3] /lib/x86_64-linux-gnu/libc.so.6(+0x7a468)[0x7f57a1bd1468]
[hydra04:390011] [ 2] /lib/x86_64-linux-gnu/libc.so.6(abort+0x123)[0x7feec0b01537]
[hydra02:560053] [ 3] /lib/x86_64-linux-gnu/libc.so.6(+0x7a468)[0x7f0a1e855468]
[hydra06:374637] [ 0] /lib/x86_64-linux-gnu/libc.so.6(+0x38de0)[0x7f32da181de0]
[hydra05:373935] [ 4] /lib/x86_64-linux-gnu/libc.so.6(+0x8175a)[0x7f57a1bd875a]
[hydra04:390011] [ 3] /lib/x86_64-linux-gnu/libc.so.6(+0x7a468)[0x7feec0b59468]
[hydra02:560053] [ 4] /lib/x86_64-linux-gnu/libc.so.6(+0x8175a)[0x7f0a1e85c75a]
[hydra06:374637] [ 1] /lib/x86_64-linux-gnu/libc.so.6(gsignal+0x141)[0x7f32da181d61]
[hydra05:373935] [ 5] /lib/x86_64-linux-gnu/libc.so.6(+0x8483c)[0x7f57a1bdb83c]
[hydra04:390011] [ 4] /lib/x86_64-linux-gnu/libc.so.6(+0x8175a)[0x7feec0b6075a]
[hydra02:560053] [ 5] /lib/x86_64-linux-gnu/libc.so.6(+0x8483c)[0x7f0a1e85f83c]
[hydra06:374637] [ 2] /lib/x86_64-linux-gnu/libc.so.6(abort+0x123)[0x7f32da16b537]
[hydra05:373935] [ 6] /lib/x86_64-linux-gnu/libc.so.6(__libc_calloc+0x81)[0x7f57a1bddbd1]
[hydra04:390011] [ 5] /lib/x86_64-linux-gnu/libc.so.6(+0x8483c)[0x7feec0b6383c]
[hydra02:560053] [ 6] /lib/x86_64-linux-gnu/libc.so.6(__libc_calloc+0x81)[0x7f0a1e861bd1]
[hydra06:374637] [ 3] /lib/x86_64-linux-gnu/libc.so.6(+0x7a468)[0x7f32da1c3468]
[hydra05:373935] [ 7] /opt/mpi/openmpi-4.1.4//lib/libmpi.so.40(ompi_group_allocate+0x17)[0x7f57a3aab1e7]
malloc(): invalid size (unsorted)
[hydra02:560053] [ 7] /opt/mpi/openmpi-4.1.4//lib/libmpi.so.40(ompi_group_allocate+0x17)[0x7f0a2072f1e7]
[hydra06:374637] [ 4] /lib/x86_64-linux-gnu/libc.so.6(+0x8175a)[0x7f32da1ca75a]
[hydra12:354365] Signal: Aborted (6)
[hydra12:354365] Signal code:  (-6)
[hydra05:373935] [ 8] /opt/mpi/openmpi-4.1.4//lib/libmpi.so.40(ompi_group_incl_plist+0x65)[0x7f57a3aab915]
[hydra04:390011] [ 6] /lib/x86_64-linux-gnu/libc.so.6(__libc_calloc+0x81)[0x7feec0b65bd1]
[hydra02:560053] [ 8] /opt/mpi/openmpi-4.1.4//lib/libmpi.so.40(ompi_group_incl_plist+0x65)[0x7f0a2072f915]
[hydra06:374637] [ 5] /lib/x86_64-linux-gnu/libc.so.6(+0x8483c)[0x7f32da1cd83c]
[hydra12:354365] [ 0] /lib/x86_64-linux-gnu/libc.so.6(+0x38de0)[0x7f8c22a66de0]
[hydra05:373935] [ 9] /opt/mpi/openmpi-4.1.4//lib/libmpi.so.40(PMPI_Group_incl+0x95)[0x7f57a3adc185]
[hydra04:390011] [ 7] /opt/mpi/openmpi-4.1.4//lib/libmpi.so.40(ompi_group_allocate+0x17)[0x7feec2a331e7]
[hydra02:560053] [ 9] /opt/mpi/openmpi-4.1.4//lib/libmpi.so.40(PMPI_Group_incl+0x95)[0x7f0a20760185]
[hydra06:374637] [ 6] /lib/x86_64-linux-gnu/libc.so.6(__libc_calloc+0x81)[0x7f32da1cfbd1]
[hydra12:354365] [ 1] /lib/x86_64-linux-gnu/libc.so.6(gsignal+0x141)[0x7f8c22a66d61]
[hydra05:373935] [10] /home/thesis/jheld/MPI_Syrk_implementation/build/src/MPI_SYRK_implementation(+0x841a)[0x562b7c78041a]
[hydra04:390010] *** Process received signal ***
[hydra02:560053] [10] /home/thesis/jheld/MPI_Syrk_implementation/build/src/MPI_SYRK_implementation(+0x841a)[0x561e714f541a]
[hydra02:560053] [11] /home/thesis/jheld/MPI_Syrk_implementation/build/src/MPI_SYRK_implementation(+0x2ab0)[0x561e714efab0]
[hydra06:374637] [ 7] /opt/mpi/openmpi-4.1.4//lib/libmpi.so.40(ompi_group_allocate+0x17)[0x7f32dc09d1e7]
[hydra12:354365] [ 2] /lib/x86_64-linux-gnu/libc.so.6(abort+0x123)[0x7f8c22a50537]
[hydra05:373935] [11] /home/thesis/jheld/MPI_Syrk_implementation/build/src/MPI_SYRK_implementation(+0x2ab0)[0x562b7c77aab0]
[hydra04:390011] [ 8] /opt/mpi/openmpi-4.1.4//lib/libmpi.so.40(ompi_group_incl_plist+0x65)[0x7feec2a33915]
[hydra02:560053] [12] /lib/x86_64-linux-gnu/libc.so.6(__libc_start_main+0xea)[0x7f0a1e7fed7a]
[hydra02:560053] [13] /home/thesis/jheld/MPI_Syrk_implementation/build/src/MPI_SYRK_implementation(+0x232a)[0x561e714ef32a]
[hydra06:374637] [ 8] /opt/mpi/openmpi-4.1.4//lib/libmpi.so.40(ompi_group_incl_plist+0x65)[0x7f32dc09d915]
[hydra12:354365] [ 3] /lib/x86_64-linux-gnu/libc.so.6(+0x7a468)[0x7f8c22aa8468]
[hydra05:373935] [12] /lib/x86_64-linux-gnu/libc.so.6(__libc_start_main+0xea)[0x7f57a1b7ad7a]
[hydra05:373935] [13] /home/thesis/jheld/MPI_Syrk_implementation/build/src/MPI_SYRK_implementation(+0x232a)[0x562b7c77a32a]
[hydra04:390010] Signal: Aborted (6)
[hydra04:390010] Signal code:  (-6)
[hydra02:560053] *** End of error message ***
[hydra09:367623] Signal: Aborted (6)
[hydra09:367623] Signal code:  (-6)
[hydra06:374637] [ 9] /opt/mpi/openmpi-4.1.4//lib/libmpi.so.40(PMPI_Group_incl+0x95)[0x7f32dc0ce185]
[hydra12:354365] [ 4] /lib/x86_64-linux-gnu/libc.so.6(+0x8175a)[0x7f8c22aaf75a]
[hydra05:373935] *** End of error message ***
[hydra04:390011] [ 9] /opt/mpi/openmpi-4.1.4//lib/libmpi.so.40(PMPI_Group_incl+0x95)[0x7feec2a64185]
[hydra04:390011] [10] /home/thesis/jheld/MPI_Syrk_implementation/build/src/MPI_SYRK_implementation(+0x841a)[0x55d8a0b6e41a]
[hydra04:390011] [11] /home/thesis/jheld/MPI_Syrk_implementation/build/src/MPI_SYRK_implementation(+0x2ab0)[0x55d8a0b68ab0]
[hydra04:390011] [12] /lib/x86_64-linux-gnu/libc.so.6(__libc_start_main+0xea)[0x7feec0b02d7a]
[hydra04:390011] [13] /home/thesis/jheld/MPI_Syrk_implementation/build/src/MPI_SYRK_implementation(+0x232a)[0x55d8a0b6832a]
[hydra04:390011] *** End of error message ***
malloc(): invalid size (unsorted)
[hydra09:367623] [ 0] /lib/x86_64-linux-gnu/libc.so.6(+0x38de0)[0x7f0ff9915de0]
[hydra06:374637] [10] /home/thesis/jheld/MPI_Syrk_implementation/build/src/MPI_SYRK_implementation(+0x841a)[0x55fae425741a]
[hydra06:374637] [11] /home/thesis/jheld/MPI_Syrk_implementation/build/src/MPI_SYRK_implementation(+0x2ab0)[0x55fae4251ab0]
[hydra12:354365] [ 5] /lib/x86_64-linux-gnu/libc.so.6(+0x8483c)[0x7f8c22ab283c]
[hydra03:391233] [ 0] /lib/x86_64-linux-gnu/libc.so.6(+0x38de0)[0x7fe7f5c24de0]
[hydra09:367623] [ 1] /lib/x86_64-linux-gnu/libc.so.6(gsignal+0x141)[0x7f0ff9915d61]
[hydra06:374637] [12] /lib/x86_64-linux-gnu/libc.so.6(__libc_start_main+0xea)[0x7f32da16cd7a]
[hydra06:374637] [13] /home/thesis/jheld/MPI_Syrk_implementation/build/src/MPI_SYRK_implementation(+0x232a)[0x55fae425132a]
[hydra07:401015] Signal: Aborted (6)
[hydra07:401015] Signal code:  (-6)
[hydra12:354365] [ 6] /lib/x86_64-linux-gnu/libc.so.6(__libc_calloc+0x81)[0x7f8c22ab4bd1]
[hydra03:391233] [ 1] /lib/x86_64-linux-gnu/libc.so.6(gsignal+0x141)[0x7fe7f5c24d61]
[hydra09:367623] [ 2] /lib/x86_64-linux-gnu/libc.so.6(abort+0x123)[0x7f0ff98ff537]
[hydra06:374637] *** End of error message ***
[hydra07:401015] [ 0] /lib/x86_64-linux-gnu/libc.so.6(+0x38de0)[0x7efefde6dde0]
[hydra12:354365] [ 7] /opt/mpi/openmpi-4.1.4//lib/libmpi.so.40(ompi_group_allocate+0x17)[0x7f8c249821e7]
[hydra03:391233] [ 2] /lib/x86_64-linux-gnu/libc.so.6(abort+0x123)[0x7fe7f5c0e537]
[hydra09:367623] [ 3] /lib/x86_64-linux-gnu/libc.so.6(+0x7a468)[0x7f0ff9957468]
[hydra07:401015] [ 1] /lib/x86_64-linux-gnu/libc.so.6(gsignal+0x141)[0x7efefde6dd61]
[hydra12:354365] [ 8] /opt/mpi/openmpi-4.1.4//lib/libmpi.so.40(ompi_group_incl_plist+0x65)[0x7f8c24982915]
[hydra03:391233] [ 3] /lib/x86_64-linux-gnu/libc.so.6(+0x7a468)[0x7fe7f5c66468]
[hydra09:367623] [ 4] /lib/x86_64-linux-gnu/libc.so.6(+0x8175a)[0x7f0ff995e75a]
[hydra07:401015] [ 2] /lib/x86_64-linux-gnu/libc.so.6(abort+0x123)[0x7efefde57537]
[hydra12:354365] [ 9] /opt/mpi/openmpi-4.1.4//lib/libmpi.so.40(PMPI_Group_incl+0x95)[0x7f8c249b3185]
[hydra03:391233] [ 4] /lib/x86_64-linux-gnu/libc.so.6(+0x8175a)[0x7fe7f5c6d75a]
[hydra09:367623] [ 5] /lib/x86_64-linux-gnu/libc.so.6(+0x8483c)[0x7f0ff996183c]
[hydra07:401015] [ 3] /lib/x86_64-linux-gnu/libc.so.6(+0x7a468)[0x7efefdeaf468]
[hydra12:354365] [10] /home/thesis/jheld/MPI_Syrk_implementation/build/src/MPI_SYRK_implementation(+0x841a)[0x55c3a166141a]
[hydra12:354365] [11] /home/thesis/jheld/MPI_Syrk_implementation/build/src/MPI_SYRK_implementation(+0x2ab0)[0x55c3a165bab0]
[hydra03:391233] [ 5] /lib/x86_64-linux-gnu/libc.so.6(+0x8483c)[0x7fe7f5c7083c]
[hydra09:367623] [ 6] /lib/x86_64-linux-gnu/libc.so.6(__libc_calloc+0x81)[0x7f0ff9963bd1]
[hydra07:401015] [ 4] /lib/x86_64-linux-gnu/libc.so.6(+0x8175a)[0x7efefdeb675a]
[hydra12:354365] [12] /lib/x86_64-linux-gnu/libc.so.6(__libc_start_main+0xea)[0x7f8c22a51d7a]
[hydra12:354365] [13] /home/thesis/jheld/MPI_Syrk_implementation/build/src/MPI_SYRK_implementation(+0x232a)[0x55c3a165b32a]
[hydra03:391233] [ 6] /lib/x86_64-linux-gnu/libc.so.6(__libc_calloc+0x81)[0x7fe7f5c72bd1]
[hydra09:367623] [ 7] /opt/mpi/openmpi-4.1.4//lib/libmpi.so.40(ompi_group_allocate+0x17)[0x7f0ffb8311e7]
[hydra07:401015] [ 5] /lib/x86_64-linux-gnu/libc.so.6(+0x8483c)[0x7efefdeb983c]
[hydra12:354365] *** End of error message ***
[hydra03:391233] [ 7] /opt/mpi/openmpi-4.1.4//lib/libmpi.so.40(ompi_group_allocate+0x17)[0x7fe7f7b401e7]
[hydra09:367623] [ 8] /opt/mpi/openmpi-4.1.4//lib/libmpi.so.40(ompi_group_incl_plist+0x65)[0x7f0ffb831915]
[hydra07:401015] [ 6] /lib/x86_64-linux-gnu/libc.so.6(__libc_calloc+0x81)[0x7efefdebbbd1]
[hydra03:391233] [ 8] /opt/mpi/openmpi-4.1.4//lib/libmpi.so.40(ompi_group_incl_plist+0x65)[0x7fe7f7b40915]
[hydra09:367623] [ 9] /opt/mpi/openmpi-4.1.4//lib/libmpi.so.40(PMPI_Group_incl+0x95)[0x7f0ffb862185]
[hydra09:367623] [10] /home/thesis/jheld/MPI_Syrk_implementation/build/src/MPI_SYRK_implementation(+0x841a)[0x561fc1a2b41a]
[hydra07:401015] [ 7] /opt/mpi/openmpi-4.1.4//lib/libmpi.so.40(ompi_group_allocate+0x17)[0x7efeffd891e7]
[hydra03:391233] [ 9] /opt/mpi/openmpi-4.1.4//lib/libmpi.so.40(PMPI_Group_incl+0x95)[0x7fe7f7b71185]
[hydra09:367623] [11] /home/thesis/jheld/MPI_Syrk_implementation/build/src/MPI_SYRK_implementation(+0x2ab0)[0x561fc1a25ab0]
[hydra07:401015] [ 8] /opt/mpi/openmpi-4.1.4//lib/libmpi.so.40(ompi_group_incl_plist+0x65)[0x7efeffd89915]
[hydra03:391233] [10] /home/thesis/jheld/MPI_Syrk_implementation/build/src/MPI_SYRK_implementation(+0x841a)[0x56177fe5a41a]
[hydra03:391233] [11] /home/thesis/jheld/MPI_Syrk_implementation/build/src/MPI_SYRK_implementation(+0x2ab0)[0x56177fe54ab0]
[hydra09:367623] [12] /lib/x86_64-linux-gnu/libc.so.6(__libc_start_main+0xea)[0x7f0ff9900d7a]
[hydra09:367623] [13] /home/thesis/jheld/MPI_Syrk_implementation/build/src/MPI_SYRK_implementation(+0x232a)[0x561fc1a2532a]
[hydra07:401015] [ 9] /opt/mpi/openmpi-4.1.4//lib/libmpi.so.40(PMPI_Group_incl+0x95)[0x7efeffdba185]
[hydra03:391233] [12] /lib/x86_64-linux-gnu/libc.so.6(__libc_start_main+0xea)[0x7fe7f5c0fd7a]
[hydra03:391233] [13] /home/thesis/jheld/MPI_Syrk_implementation/build/src/MPI_SYRK_implementation(+0x232a)[0x56177fe5432a]
[hydra09:367623] *** End of error message ***
[hydra07:401015] [10] /home/thesis/jheld/MPI_Syrk_implementation/build/src/MPI_SYRK_implementation(+0x841a)[0x561222e9841a]
[hydra07:401015] [11] /home/thesis/jheld/MPI_Syrk_implementation/build/src/MPI_SYRK_implementation(+0x2ab0)[0x561222e92ab0]
[hydra03:391233] *** End of error message ***
[hydra07:401015] [12] /lib/x86_64-linux-gnu/libc.so.6(__libc_start_main+0xea)[0x7efefde58d7a]
[hydra07:401015] [13] /home/thesis/jheld/MPI_Syrk_implementation/build/src/MPI_SYRK_implementation(+0x232a)[0x561222e9232a]
malloc(): invalid size (unsorted)
[hydra01:874748] *** Process received signal ***
[hydra07:401015] *** End of error message ***
[hydra04:390010] [ 0] /lib/x86_64-linux-gnu/libc.so.6(+0x38de0)[0x7f2af7723de0]
[hydra01:874748] Signal: Aborted (6)
[hydra01:874748] Signal code:  (-6)
[hydra04:390010] [ 1] /lib/x86_64-linux-gnu/libc.so.6(gsignal+0x141)[0x7f2af7723d61]
[hydra11:354325] Signal: Aborted (6)
[hydra11:354325] Signal code:  (-6)
[hydra04:390010] [ 2] /lib/x86_64-linux-gnu/libc.so.6(abort+0x123)[0x7f2af770d537]
[hydra11:354325] [ 0] /lib/x86_64-linux-gnu/libc.so.6(+0x38de0)[0x7fe2e3d8ede0]
[hydra04:390010] [ 3] /lib/x86_64-linux-gnu/libc.so.6(+0x7a468)[0x7f2af7765468]
[hydra11:354325] [ 1] /lib/x86_64-linux-gnu/libc.so.6(gsignal+0x141)[0x7fe2e3d8ed61]
[hydra04:390010] [ 4] /lib/x86_64-linux-gnu/libc.so.6(+0x8175a)[0x7f2af776c75a]
[hydra11:354325] [ 2] /lib/x86_64-linux-gnu/libc.so.6(abort+0x123)[0x7fe2e3d78537]
[hydra04:390010] [ 5] /lib/x86_64-linux-gnu/libc.so.6(+0x8483c)[0x7f2af776f83c]
[hydra11:354325] [ 3] /lib/x86_64-linux-gnu/libc.so.6(+0x7a468)[0x7fe2e3dd0468]
[hydra04:390010] [ 6] /lib/x86_64-linux-gnu/libc.so.6(__libc_calloc+0x81)[0x7f2af7771bd1]
[hydra11:354325] [ 4] /lib/x86_64-linux-gnu/libc.so.6(+0x8175a)[0x7fe2e3dd775a]
[hydra04:390010] [ 7] /opt/mpi/openmpi-4.1.4//lib/libmpi.so.40(ompi_group_allocate+0x17)[0x7f2af963f1e7]
[hydra11:354325] [ 5] /lib/x86_64-linux-gnu/libc.so.6(+0x8483c)[0x7fe2e3dda83c]
[hydra04:390010] [ 8] /opt/mpi/openmpi-4.1.4//lib/libmpi.so.40(ompi_group_incl_plist+0x65)[0x7f2af963f915]
[hydra11:354325] [ 6] /lib/x86_64-linux-gnu/libc.so.6(__libc_calloc+0x81)[0x7fe2e3ddcbd1]
[hydra04:390010] [ 9] /opt/mpi/openmpi-4.1.4//lib/libmpi.so.40(PMPI_Group_incl+0x95)[0x7f2af9670185]
[hydra11:354325] [ 7] /opt/mpi/openmpi-4.1.4//lib/libmpi.so.40(ompi_group_allocate+0x17)[0x7fe2e5caa1e7]
[hydra04:390010] [10] /home/thesis/jheld/MPI_Syrk_implementation/build/src/MPI_SYRK_implementation(+0x841a)[0x55635b47341a]
[hydra11:354325] [ 8] /opt/mpi/openmpi-4.1.4//lib/libmpi.so.40(ompi_group_incl_plist+0x65)[0x7fe2e5caa915]
[hydra04:390010] [11] /home/thesis/jheld/MPI_Syrk_implementation/build/src/MPI_SYRK_implementation(+0x2ab0)[0x55635b46dab0]
[hydra02:560052] *** Process received signal ***
[hydra02:560052] Signal: Aborted (6)
[hydra02:560052] Signal code:  (-6)
[hydra11:354325] [ 9] /opt/mpi/openmpi-4.1.4//lib/libmpi.so.40(PMPI_Group_incl+0x95)[0x7fe2e5cdb185]
[hydra04:390010] [12] /lib/x86_64-linux-gnu/libc.so.6(__libc_start_main+0xea)[0x7f2af770ed7a]
[hydra02:560052] [ 0] /lib/x86_64-linux-gnu/libc.so.6(+0x38de0)[0x7f1a64532de0]
[hydra11:354325] [10] /home/thesis/jheld/MPI_Syrk_implementation/build/src/MPI_SYRK_implementation(+0x841a)[0x55f3de4cb41a]
[hydra11:354325] [11] /home/thesis/jheld/MPI_Syrk_implementation/build/src/MPI_SYRK_implementation(+0x2ab0)[0x55f3de4c5ab0]
[hydra04:390010] [13] /home/thesis/jheld/MPI_Syrk_implementation/build/src/MPI_SYRK_implementation(+0x232a)[0x55635b46d32a]
[hydra04:390010] *** End of error message ***
[hydra02:560052] [ 1] /lib/x86_64-linux-gnu/libc.so.6(gsignal+0x141)[0x7f1a64532d61]
[hydra11:354325] [12] /lib/x86_64-linux-gnu/libc.so.6(__libc_start_main+0xea)[0x7fe2e3d79d7a]
[hydra11:354325] [13] /home/thesis/jheld/MPI_Syrk_implementation/build/src/MPI_SYRK_implementation(+0x232a)[0x55f3de4c532a]
[hydra02:560052] [ 2] /lib/x86_64-linux-gnu/libc.so.6(abort+0x123)[0x7f1a6451c537]
[hydra11:354325] *** End of error message ***
[hydra02:560052] [ 3] /lib/x86_64-linux-gnu/libc.so.6(+0x7a468)[0x7f1a64574468]
[hydra02:560052] [ 4] /lib/x86_64-linux-gnu/libc.so.6(+0x8175a)[0x7f1a6457b75a]
[hydra01:874748] [ 0] /lib/x86_64-linux-gnu/libc.so.6(+0x38de0)[0x7f62f46d6de0]
[hydra02:560052] [ 5] /lib/x86_64-linux-gnu/libc.so.6(+0x8483c)[0x7f1a6457e83c]
[hydra01:874748] [ 1] /lib/x86_64-linux-gnu/libc.so.6(gsignal+0x141)[0x7f62f46d6d61]
[hydra02:560052] [ 6] /lib/x86_64-linux-gnu/libc.so.6(__libc_calloc+0x81)[0x7f1a64580bd1]
[hydra02:560052] [ 7] /opt/mpi/openmpi-4.1.4//lib/libmpi.so.40(ompi_group_allocate+0x17)[0x7f1a6644e1e7]
[hydra01:874748] [ 2] /lib/x86_64-linux-gnu/libc.so.6(abort+0x123)[0x7f62f46c0537]
[hydra02:560052] [ 8] /opt/mpi/openmpi-4.1.4//lib/libmpi.so.40(ompi_group_incl_plist+0x65)[0x7f1a6644e915]
[hydra02:560052] [ 9] /opt/mpi/openmpi-4.1.4//lib/libmpi.so.40(PMPI_Group_incl+0x95)[0x7f1a6647f185]
[hydra02:560052] [10] /home/thesis/jheld/MPI_Syrk_implementation/build/src/MPI_SYRK_implementation(+0x841a)[0x5575bfe5341a]
[hydra02:560052] [11] /home/thesis/jheld/MPI_Syrk_implementation/build/src/MPI_SYRK_implementation(+0x2ab0)[0x5575bfe4dab0]
[hydra01:874748] [ 3] /lib/x86_64-linux-gnu/libc.so.6(+0x7a468)[0x7f62f4718468]
[hydra02:560052] [12] /lib/x86_64-linux-gnu/libc.so.6(__libc_start_main+0xea)[0x7f1a6451dd7a]
[hydra02:560052] [13] /home/thesis/jheld/MPI_Syrk_implementation/build/src/MPI_SYRK_implementation(+0x232a)[0x5575bfe4d32a]
[hydra02:560052] *** End of error message ***
[hydra01:874748] [ 4] /lib/x86_64-linux-gnu/libc.so.6(+0x8175a)[0x7f62f471f75a]
[hydra01:874748] [ 5] /lib/x86_64-linux-gnu/libc.so.6(+0x8483c)[0x7f62f472283c]
[hydra01:874748] [ 6] /lib/x86_64-linux-gnu/libc.so.6(__libc_calloc+0x81)[0x7f62f4724bd1]
[hydra01:874748] [ 7] /opt/mpi/openmpi-4.1.4//lib/libmpi.so.40(ompi_group_allocate+0x17)[0x7f62f65f21e7]
[hydra01:874748] [ 8] /opt/mpi/openmpi-4.1.4//lib/libmpi.so.40(ompi_group_incl_plist+0x65)[0x7f62f65f2915]
[hydra01:874748] [ 9] /opt/mpi/openmpi-4.1.4//lib/libmpi.so.40(PMPI_Group_incl+0x95)[0x7f62f6623185]
[hydra01:874748] [10] /home/thesis/jheld/MPI_Syrk_implementation/build/src/MPI_SYRK_implementation(+0x841a)[0x556ebc04141a]
malloc(): invalid size (unsorted)
[hydra10:485394] *** Process received signal ***
[hydra01:874748] [11] /home/thesis/jheld/MPI_Syrk_implementation/build/src/MPI_SYRK_implementation(+0x2ab0)[0x556ebc03bab0]
malloc(): invalid size (unsorted)
[hydra01:874748] [12] /lib/x86_64-linux-gnu/libc.so.6(__libc_start_main+0xea)[0x7f62f46c1d7a]
[hydra01:874748] [13] /home/thesis/jheld/MPI_Syrk_implementation/build/src/MPI_SYRK_implementation(+0x232a)[0x556ebc03b32a]
[hydra01:874748] *** End of error message ***
malloc(): invalid size (unsorted)
[hydra11:354324] *** Process received signal ***
[hydra11:354324] Signal: Aborted (6)
[hydra11:354324] Signal code:  (-6)
[hydra11:354324] [ 0] /lib/x86_64-linux-gnu/libc.so.6(+0x38de0)[0x7f6f262d9de0]
[hydra11:354324] [ 1] /lib/x86_64-linux-gnu/libc.so.6(gsignal+0x141)[0x7f6f262d9d61]
[hydra11:354324] [ 2] /lib/x86_64-linux-gnu/libc.so.6(abort+0x123)[0x7f6f262c3537]
[hydra11:354324] [ 3] /lib/x86_64-linux-gnu/libc.so.6(+0x7a468)[0x7f6f2631b468]
[hydra11:354324] [ 4] /lib/x86_64-linux-gnu/libc.so.6(+0x8175a)[0x7f6f2632275a]
[hydra11:354324] [ 5] /lib/x86_64-linux-gnu/libc.so.6(+0x8483c)[0x7f6f2632583c]
[hydra11:354324] [ 6] /lib/x86_64-linux-gnu/libc.so.6(__libc_calloc+0x81)[0x7f6f26327bd1]
[hydra11:354324] [ 7] /opt/mpi/openmpi-4.1.4//lib/libmpi.so.40(ompi_group_allocate+0x17)[0x7f6f281f51e7]
[hydra11:354324] [ 8] /opt/mpi/openmpi-4.1.4//lib/libmpi.so.40(ompi_group_incl_plist+0x65)[0x7f6f281f5915]
[hydra11:354324] [ 9] /opt/mpi/openmpi-4.1.4//lib/libmpi.so.40(PMPI_Group_incl+0x95)[0x7f6f28226185]
[hydra11:354324] [10] /home/thesis/jheld/MPI_Syrk_implementation/build/src/MPI_SYRK_implementation(+0x841a)[0x555c7b49b41a]
[hydra11:354324] [11] /home/thesis/jheld/MPI_Syrk_implementation/build/src/MPI_SYRK_implementation(+0x2ab0)[0x555c7b495ab0]
[hydra11:354324] [12] /lib/x86_64-linux-gnu/libc.so.6(__libc_start_main+0xea)[0x7f6f262c4d7a]
[hydra11:354324] [13] /home/thesis/jheld/MPI_Syrk_implementation/build/src/MPI_SYRK_implementation(+0x232a)[0x555c7b49532a]
[hydra11:354324] *** End of error message ***
malloc(): invalid size (unsorted)
[hydra10:485394] Signal: Aborted (6)
[hydra10:485394] Signal code:  (-6)
[hydra03:391234] *** Process received signal ***
[hydra10:485394] [ 0] /lib/x86_64-linux-gnu/libc.so.6(+0x38de0)[0x7f2d16ea7de0]
[hydra03:391234] Signal: Aborted (6)
[hydra03:391234] Signal code:  (-6)
[hydra10:485394] [ 1] /lib/x86_64-linux-gnu/libc.so.6(gsignal+0x141)[0x7f2d16ea7d61]
[hydra03:391234] [ 0] /lib/x86_64-linux-gnu/libc.so.6(+0x38de0)[0x7fd098c8bde0]
malloc(): invalid size (unsorted)
[hydra03:391234] [ 1] /lib/x86_64-linux-gnu/libc.so.6(gsignal+0x141)[0x7fd098c8bd61]
[hydra10:485394] [ 2] /lib/x86_64-linux-gnu/libc.so.6(abort+0x123)[0x7f2d16e91537]
[hydra03:391234] [ 2] /lib/x86_64-linux-gnu/libc.so.6(abort+0x123)[0x7fd098c75537]
[hydra10:485394] [ 3] /lib/x86_64-linux-gnu/libc.so.6(+0x7a468)[0x7f2d16ee9468]
[hydra03:391234] [ 3] /lib/x86_64-linux-gnu/libc.so.6(+0x7a468)[0x7fd098ccd468]
[hydra10:485393] *** Process received signal ***
[hydra03:391234] [ 4] /lib/x86_64-linux-gnu/libc.so.6(+0x8175a)[0x7fd098cd475a]
[hydra10:485393] Signal: Aborted (6)
[hydra10:485393] Signal code:  (-6)
[hydra03:391234] [ 5] /lib/x86_64-linux-gnu/libc.so.6(+0x8483c)[0x7fd098cd783c]
[hydra10:485394] [ 4] /lib/x86_64-linux-gnu/libc.so.6(+0x8175a)[0x7f2d16ef075a]
[hydra03:391234] [ 6] /lib/x86_64-linux-gnu/libc.so.6(__libc_calloc+0x81)[0x7fd098cd9bd1]
[hydra10:485394] [ 5] /lib/x86_64-linux-gnu/libc.so.6(+0x8483c)[0x7f2d16ef383c]
[hydra03:391234] [ 7] /opt/mpi/openmpi-4.1.4//lib/libmpi.so.40(ompi_group_allocate+0x17)[0x7fd09aba71e7]
[hydra08:376292] *** Process received signal ***
[hydra08:376292] Signal: Aborted (6)
[hydra08:376292] Signal code:  (-6)
[hydra10:485394] [ 6] /lib/x86_64-linux-gnu/libc.so.6(__libc_calloc+0x81)[0x7f2d16ef5bd1]
[hydra03:391234] [ 8] /opt/mpi/openmpi-4.1.4//lib/libmpi.so.40(ompi_group_incl_plist+0x65)[0x7fd09aba7915]
[hydra08:376292] [ 0] /lib/x86_64-linux-gnu/libc.so.6(+0x38de0)[0x7f115590fde0]
[hydra10:485394] [ 7] /opt/mpi/openmpi-4.1.4//lib/libmpi.so.40(ompi_group_allocate+0x17)[0x7f2d18dc31e7]
[hydra03:391234] [ 9] /opt/mpi/openmpi-4.1.4//lib/libmpi.so.40(PMPI_Group_incl+0x95)[0x7fd09abd8185]
[hydra08:376292] [ 1] /lib/x86_64-linux-gnu/libc.so.6(gsignal+0x141)[0x7f115590fd61]
[hydra10:485394] [ 8] /opt/mpi/openmpi-4.1.4//lib/libmpi.so.40(ompi_group_incl_plist+0x65)[0x7f2d18dc3915]
[hydra03:391234] [10] /home/thesis/jheld/MPI_Syrk_implementation/build/src/MPI_SYRK_implementation(+0x841a)[0x560b1aec841a]
[hydra03:391234] [11] /home/thesis/jheld/MPI_Syrk_implementation/build/src/MPI_SYRK_implementation(+0x2ab0)[0x560b1aec2ab0]
[hydra08:376292] [ 2] /lib/x86_64-linux-gnu/libc.so.6(abort+0x123)[0x7f11558f9537]
[hydra10:485394] [ 9] /opt/mpi/openmpi-4.1.4//lib/libmpi.so.40(PMPI_Group_incl+0x95)[0x7f2d18df4185]
[hydra03:391234] [12] /lib/x86_64-linux-gnu/libc.so.6(__libc_start_main+0xea)[0x7fd098c76d7a]
[hydra03:391234] [13] /home/thesis/jheld/MPI_Syrk_implementation/build/src/MPI_SYRK_implementation(+0x232a)[0x560b1aec232a]
[hydra08:376292] [ 3] /lib/x86_64-linux-gnu/libc.so.6(+0x7a468)[0x7f1155951468]
[hydra10:485394] [10] /home/thesis/jheld/MPI_Syrk_implementation/build/src/MPI_SYRK_implementation(+0x841a)[0x55e46d4dc41a]
[hydra10:485394] [11] /home/thesis/jheld/MPI_Syrk_implementation/build/src/MPI_SYRK_implementation(+0x2ab0)[0x55e46d4d6ab0]
[hydra03:391234] *** End of error message ***
[hydra08:376292] [ 4] /lib/x86_64-linux-gnu/libc.so.6(+0x8175a)[0x7f115595875a]
[hydra10:485394] [12] /lib/x86_64-linux-gnu/libc.so.6(__libc_start_main+0xea)[0x7f2d16e92d7a]
[hydra10:485394] [13] /home/thesis/jheld/MPI_Syrk_implementation/build/src/MPI_SYRK_implementation(+0x232a)[0x55e46d4d632a]
[hydra08:376292] [ 5] /lib/x86_64-linux-gnu/libc.so.6(+0x8483c)[0x7f115595b83c]
[hydra10:485394] *** End of error message ***
[hydra08:376292] [ 6] /lib/x86_64-linux-gnu/libc.so.6(__libc_calloc+0x81)[0x7f115595dbd1]
[hydra08:376292] [ 7] /opt/mpi/openmpi-4.1.4//lib/libmpi.so.40(ompi_group_allocate+0x17)[0x7f115782b1e7]
[hydra08:376292] [ 8] /opt/mpi/openmpi-4.1.4//lib/libmpi.so.40(ompi_group_incl_plist+0x65)[0x7f115782b915]
[hydra08:376292] [ 9] /opt/mpi/openmpi-4.1.4//lib/libmpi.so.40(PMPI_Group_incl+0x95)[0x7f115785c185]
[hydra08:376292] [10] /home/thesis/jheld/MPI_Syrk_implementation/build/src/MPI_SYRK_implementation(+0x841a)[0x5563200e341a]
[hydra08:376292] [11] /home/thesis/jheld/MPI_Syrk_implementation/build/src/MPI_SYRK_implementation(+0x2ab0)[0x5563200ddab0]
[hydra08:376292] [12] /lib/x86_64-linux-gnu/libc.so.6(__libc_start_main+0xea)[0x7f11558fad7a]
[hydra08:376292] [13] /home/thesis/jheld/MPI_Syrk_implementation/build/src/MPI_SYRK_implementation(+0x232a)[0x5563200dd32a]
[hydra08:376292] *** End of error message ***
[hydra10:485393] [ 0] /lib/x86_64-linux-gnu/libc.so.6(+0x38de0)[0x7f6ec2e1fde0]
[hydra10:485393] [ 1] /lib/x86_64-linux-gnu/libc.so.6(gsignal+0x141)[0x7f6ec2e1fd61]
[hydra10:485393] [ 2] /lib/x86_64-linux-gnu/libc.so.6(abort+0x123)[0x7f6ec2e09537]
[hydra10:485393] [ 3] /lib/x86_64-linux-gnu/libc.so.6(+0x7a468)[0x7f6ec2e61468]
[hydra10:485393] [ 4] /lib/x86_64-linux-gnu/libc.so.6(+0x8175a)[0x7f6ec2e6875a]
[hydra10:485393] [ 5] /lib/x86_64-linux-gnu/libc.so.6(+0x8483c)[0x7f6ec2e6b83c]
[hydra10:485393] [ 6] /lib/x86_64-linux-gnu/libc.so.6(__libc_calloc+0x81)[0x7f6ec2e6dbd1]
[hydra10:485393] [ 7] /opt/mpi/openmpi-4.1.4//lib/libmpi.so.40(ompi_group_allocate+0x17)[0x7f6ec4d3b1e7]
[hydra10:485393] [ 8] /opt/mpi/openmpi-4.1.4//lib/libmpi.so.40(ompi_group_incl_plist+0x65)[0x7f6ec4d3b915]
[hydra10:485393] [ 9] /opt/mpi/openmpi-4.1.4//lib/libmpi.so.40(PMPI_Group_incl+0x95)[0x7f6ec4d6c185]
[hydra10:485393] [10] /home/thesis/jheld/MPI_Syrk_implementation/build/src/MPI_SYRK_implementation(+0x841a)[0x5627dc52f41a]
[hydra10:485393] [11] /home/thesis/jheld/MPI_Syrk_implementation/build/src/MPI_SYRK_implementation(+0x2ab0)[0x5627dc529ab0]
[hydra10:485393] [12] /lib/x86_64-linux-gnu/libc.so.6(__libc_start_main+0xea)[0x7f6ec2e0ad7a]
[hydra10:485393] [13] /home/thesis/jheld/MPI_Syrk_implementation/build/src/MPI_SYRK_implementation(+0x232a)[0x5627dc52932a]
[hydra10:485393] *** End of error message ***
srun: error: hydra12: task 35: Aborted
srun: error: hydra08: task 23: Aborted
srun: error: hydra06: task 17: Aborted
srun: error: hydra07: task 18: Aborted
srun: error: hydra09: task 25: Aborted
srun: error: hydra05: task 12: Aborted
srun: error: hydra01: task 2: Aborted
srun: error: hydra10: tasks 28-29: Aborted
srun: error: hydra11: tasks 31-32: Aborted
srun: error: hydra03: tasks 6-7: Aborted
srun: error: hydra02: tasks 4-5: Aborted
srun: error: hydra04: tasks 9-10: Aborted
slurmstepd: error:  mpi/pmix_v4: _errhandler: hydra05 [4]: pmixp_client_v2.c:211: Error handler invoked: status = -61, source = [slurm.pmix.5008690.21:12]
slurmstepd: error:  mpi/pmix_v4: _errhandler: hydra09 [8]: pmixp_client_v2.c:211: Error handler invoked: status = -61, source = [slurm.pmix.5008690.21:25]
slurmstepd: error:  mpi/pmix_v4: _errhandler: hydra06 [5]: pmixp_client_v2.c:211: Error handler invoked: status = -61, source = [slurm.pmix.5008690.21:17]
slurmstepd: error:  mpi/pmix_v4: _errhandler: hydra12 [11]: pmixp_client_v2.c:211: Error handler invoked: status = -61, source = [slurm.pmix.5008690.21:35]
slurmstepd: error:  mpi/pmix_v4: _errhandler: hydra04 [3]: pmixp_client_v2.c:211: Error handler invoked: status = -61, source = [slurm.pmix.5008690.21:10]
slurmstepd: error:  mpi/pmix_v4: _errhandler: hydra02 [1]: pmixp_client_v2.c:211: Error handler invoked: status = -61, source = [slurm.pmix.5008690.21:5]
slurmstepd: error:  mpi/pmix_v4: _errhandler: hydra01 [0]: pmixp_client_v2.c:211: Error handler invoked: status = -61, source = [slurm.pmix.5008690.21:2]
slurmstepd: error:  mpi/pmix_v4: _errhandler: hydra08 [7]: pmixp_client_v2.c:211: Error handler invoked: status = -61, source = [slurm.pmix.5008690.21:23]
slurmstepd: error:  mpi/pmix_v4: _errhandler: hydra11 [10]: pmixp_client_v2.c:211: Error handler invoked: status = -61, source = [slurm.pmix.5008690.21:32]
slurmstepd: error:  mpi/pmix_v4: _errhandler: hydra10 [9]: pmixp_client_v2.c:211: Error handler invoked: status = -61, source = [slurm.pmix.5008690.21:29]
slurmstepd: error:  mpi/pmix_v4: _errhandler: hydra07 [6]: pmixp_client_v2.c:211: Error handler invoked: status = -61, source = [slurm.pmix.5008690.21:18]
slurmstepd: error:  mpi/pmix_v4: _errhandler: hydra03 [2]: pmixp_client_v2.c:211: Error handler invoked: status = -61, source = [slurm.pmix.5008690.21:6]
slurmstepd: error: *** STEP 5008690.21 ON hydra01 CANCELLED AT 2025-10-13T15:27:49 ***
srun: Job step aborted: Waiting up to 32 seconds for job step to finish.
srun: error: hydra02: task 3: Killed
srun: error: hydra03: task 8: Killed
srun: error: hydra11: task 30: Killed
srun: error: hydra04: task 11: Killed
srun: error: hydra10: task 27: Killed
srun: error: hydra08: tasks 21-22: Killed
srun: error: hydra12: tasks 33-34: Killed
srun: error: hydra01: tasks 0-1: Killed
srun: error: hydra09: tasks 24,26: Killed
srun: error: hydra05: tasks 13-14: Killed
srun: error: hydra06: tasks 15-16: Killed
srun: error: hydra07: tasks 19-20: Killed
⚠️ Warning: No runtime found for run 22
srun: Warning: can't honor --ntasks-per-node set to 1 which doesn't match the requested tasks 36 with the number of requested nodes 12. Ignoring --ntasks-per-node.
missing input file name --> Generate random input
malloc(): invalid size (unsorted)
[hydra12:354436] *** Process received signal ***
malloc(): invalid size (unsorted)
[hydra11:354397] *** Process received signal ***
malloc(): invalid size (unsorted)
[hydra12:354437] *** Process received signal ***
[hydra12:354437] Signal: Aborted (6)
[hydra12:354437] Signal code:  (-6)
[hydra12:354436] Signal: Aborted (6)
[hydra12:354436] Signal code:  (-6)
[hydra12:354436] [ 0] /lib/x86_64-linux-gnu/libc.so.6(+0x38de0)[0x7f008c46ade0]
[hydra12:354437] [ 0] /lib/x86_64-linux-gnu/libc.so.6(+0x38de0)[0x7f1ae9911de0]
[hydra12:354436] [ 1] /lib/x86_64-linux-gnu/libc.so.6(gsignal+0x141)[0x7f008c46ad61]
[hydra12:354437] [ 1] /lib/x86_64-linux-gnu/libc.so.6(gsignal+0x141)[0x7f1ae9911d61]
[hydra12:354436] [ 2] /lib/x86_64-linux-gnu/libc.so.6(abort+0x123)[0x7f008c454537]
[hydra12:354437] [ 2] /lib/x86_64-linux-gnu/libc.so.6(abort+0x123)[0x7f1ae98fb537]
[hydra12:354436] [ 3] /lib/x86_64-linux-gnu/libc.so.6(+0x7a468)[0x7f008c4ac468]
[hydra12:354437] [ 3] /lib/x86_64-linux-gnu/libc.so.6(+0x7a468)[0x7f1ae9953468]
[hydra12:354436] [ 4] /lib/x86_64-linux-gnu/libc.so.6(+0x8175a)[0x7f008c4b375a]
[hydra12:354437] [ 4] /lib/x86_64-linux-gnu/libc.so.6(+0x8175a)[0x7f1ae995a75a]
[hydra12:354436] [ 5] /lib/x86_64-linux-gnu/libc.so.6(+0x8483c)[0x7f008c4b683c]
[hydra12:354437] [ 5] /lib/x86_64-linux-gnu/libc.so.6(+0x8483c)[0x7f1ae995d83c]
[hydra12:354436] [ 6] /lib/x86_64-linux-gnu/libc.so.6(__libc_calloc+0x81)[0x7f008c4b8bd1]
[hydra12:354437] [ 6] /lib/x86_64-linux-gnu/libc.so.6(__libc_calloc+0x81)[0x7f1ae995fbd1]
[hydra12:354436] [ 7] /opt/mpi/openmpi-4.1.4//lib/libmpi.so.40(ompi_group_allocate+0x17)[0x7f008e3861e7]
[hydra12:354437] [ 7] /opt/mpi/openmpi-4.1.4//lib/libmpi.so.40(ompi_group_allocate+0x17)[0x7f1aeb82d1e7]
[hydra12:354437] [ 8] /opt/mpi/openmpi-4.1.4//lib/libmpi.so.40(ompi_group_incl_plist+0x65)[0x7f1aeb82d915]
[hydra12:354436] [ 8] /opt/mpi/openmpi-4.1.4//lib/libmpi.so.40(ompi_group_incl_plist+0x65)[0x7f008e386915]
[hydra12:354436] [ 9] /opt/mpi/openmpi-4.1.4//lib/libmpi.so.40(PMPI_Group_incl+0x95)[0x7f008e3b7185]
[hydra12:354436] [10] /home/thesis/jheld/MPI_Syrk_implementation/build/src/MPI_SYRK_implementation(+0x841a)[0x5578e2c4d41a]
[hydra12:354436] [11] /home/thesis/jheld/MPI_Syrk_implementation/build/src/MPI_SYRK_implementation(+0x2ab0)[0x5578e2c47ab0]
[hydra11:354397] Signal: Aborted (6)
[hydra11:354397] Signal code:  (-6)
[hydra11:354397] [ 0] /lib/x86_64-linux-gnu/libc.so.6(+0x38de0)[0x7f58aaf00de0]
[hydra11:354397] [ 1] /lib/x86_64-linux-gnu/libc.so.6(gsignal+0x141)[0x7f58aaf00d61]
[hydra11:354397] [ 2] /lib/x86_64-linux-gnu/libc.so.6(abort+0x123)[0x7f58aaeea537]
[hydra11:354397] [ 3] /lib/x86_64-linux-gnu/libc.so.6(+0x7a468)[0x7f58aaf42468]
[hydra11:354397] [ 4] /lib/x86_64-linux-gnu/libc.so.6(+0x8175a)[0x7f58aaf4975a]
[hydra11:354397] [ 5] /lib/x86_64-linux-gnu/libc.so.6(+0x8483c)[0x7f58aaf4c83c]
[hydra11:354397] [ 6] /lib/x86_64-linux-gnu/libc.so.6(__libc_calloc+0x81)[0x7f58aaf4ebd1]
[hydra11:354397] [ 7] /opt/mpi/openmpi-4.1.4//lib/libmpi.so.40(ompi_group_allocate+0x17)[0x7f58ace1c1e7]
[hydra11:354397] [ 8] /opt/mpi/openmpi-4.1.4//lib/libmpi.so.40(ompi_group_incl_plist+0x65)[0x7f58ace1c915]
[hydra11:354397] [ 9] /opt/mpi/openmpi-4.1.4//lib/libmpi.so.40(PMPI_Group_incl+0x95)[0x7f58ace4d185]
[hydra11:354397] [10] /home/thesis/jheld/MPI_Syrk_implementation/build/src/MPI_SYRK_implementation(+0x841a)[0x5645d2cc341a]
[hydra11:354397] [11] /home/thesis/jheld/MPI_Syrk_implementation/build/src/MPI_SYRK_implementation(+0x2ab0)[0x5645d2cbdab0]
[hydra11:354397] [12] /lib/x86_64-linux-gnu/libc.so.6(__libc_start_main+0xea)[0x7f58aaeebd7a]
[hydra11:354397] [13] /home/thesis/jheld/MPI_Syrk_implementation/build/src/MPI_SYRK_implementation(+0x232a)[0x5645d2cbd32a]
malloc(): invalid size (unsorted)
[hydra03:391306] *** Process received signal ***
[hydra03:391306] Signal: Aborted (6)
[hydra03:391306] Signal code:  (-6)
[hydra11:354397] *** End of error message ***
malloc(): invalid size (unsorted)
[hydra07:401088] *** Process received signal ***
malloc(): invalid size (unsorted)
[hydra06:374709] *** Process received signal ***
malloc(): invalid size (unsorted)
[hydra03:391306] [ 0] /lib/x86_64-linux-gnu/libc.so.6(+0x38de0)[0x7fbc559f6de0]
[hydra03:391306] [ 1] /lib/x86_64-linux-gnu/libc.so.6(gsignal+0x141)[0x7fbc559f6d61]
[hydra03:391306] [ 2] /lib/x86_64-linux-gnu/libc.so.6(abort+0x123)[0x7fbc559e0537]
[hydra03:391306] [ 3] /lib/x86_64-linux-gnu/libc.so.6(+0x7a468)[0x7fbc55a38468]
[hydra03:391306] [ 4] /lib/x86_64-linux-gnu/libc.so.6(+0x8175a)[0x7fbc55a3f75a]
[hydra03:391306] [ 5] /lib/x86_64-linux-gnu/libc.so.6(+0x8483c)[0x7fbc55a4283c]
[hydra03:391306] [ 6] /lib/x86_64-linux-gnu/libc.so.6(__libc_calloc+0x81)[0x7fbc55a44bd1]
[hydra03:391306] [ 7] /opt/mpi/openmpi-4.1.4//lib/libmpi.so.40(ompi_group_allocate+0x17)[0x7fbc579121e7]
malloc(): invalid size (unsorted)
[hydra03:391306] [ 8] /opt/mpi/openmpi-4.1.4//lib/libmpi.so.40(ompi_group_incl_plist+0x65)[0x7fbc57912915]
[hydra03:391306] [ 9] /opt/mpi/openmpi-4.1.4//lib/libmpi.so.40(PMPI_Group_incl+0x95)[0x7fbc57943185]
[hydra03:391306] [10] /home/thesis/jheld/MPI_Syrk_implementation/build/src/MPI_SYRK_implementation(+0x841a)[0x55d7825bb41a]
[hydra03:391306] [11] /home/thesis/jheld/MPI_Syrk_implementation/build/src/MPI_SYRK_implementation(+0x2ab0)[0x55d7825b5ab0]
[hydra03:391306] [12] /lib/x86_64-linux-gnu/libc.so.6(__libc_start_main+0xea)[0x7fbc559e1d7a]
[hydra03:391306] [13] /home/thesis/jheld/MPI_Syrk_implementation/build/src/MPI_SYRK_implementation(+0x232a)[0x55d7825b532a]
[hydra03:391306] *** End of error message ***
malloc(): invalid size (unsorted)
[hydra07:401088] Signal: Aborted (6)
[hydra07:401088] Signal code:  (-6)
[hydra07:401088] [ 0] /lib/x86_64-linux-gnu/libc.so.6(+0x38de0)[0x7f479e0e2de0]
[hydra07:401088] [ 1] /lib/x86_64-linux-gnu/libc.so.6(gsignal+0x141)[0x7f479e0e2d61]
[hydra07:401088] [ 2] /lib/x86_64-linux-gnu/libc.so.6(abort+0x123)[0x7f479e0cc537]
[hydra07:401088] [ 3] /lib/x86_64-linux-gnu/libc.so.6(+0x7a468)[0x7f479e124468]
[hydra07:401088] [ 4] /lib/x86_64-linux-gnu/libc.so.6(+0x8175a)[0x7f479e12b75a]
[hydra07:401088] [ 5] /lib/x86_64-linux-gnu/libc.so.6(+0x8483c)[0x7f479e12e83c]
[hydra07:401088] [ 6] /lib/x86_64-linux-gnu/libc.so.6(__libc_calloc+0x81)[0x7f479e130bd1]
[hydra07:401088] [ 7] /opt/mpi/openmpi-4.1.4//lib/libmpi.so.40(ompi_group_allocate+0x17)[0x7f479fffe1e7]
malloc(): invalid size (unsorted)
[hydra09:367694] *** Process received signal ***
[hydra07:401088] [ 8] /opt/mpi/openmpi-4.1.4//lib/libmpi.so.40(ompi_group_incl_plist+0x65)[0x7f479fffe915]
[hydra07:401088] [ 9] /opt/mpi/openmpi-4.1.4//lib/libmpi.so.40(PMPI_Group_incl+0x95)[0x7f47a002f185]
[hydra07:401088] [10] /home/thesis/jheld/MPI_Syrk_implementation/build/src/MPI_SYRK_implementation(+0x841a)[0x559b97fc341a]
[hydra07:401088] [11] /home/thesis/jheld/MPI_Syrk_implementation/build/src/MPI_SYRK_implementation(+0x2ab0)[0x559b97fbdab0]
[hydra06:374709] Signal: Aborted (6)
[hydra06:374709] Signal code:  (-6)
[hydra07:401088] [12] /lib/x86_64-linux-gnu/libc.so.6(__libc_start_main+0xea)[0x7f479e0cdd7a]
[hydra07:401088] [13] /home/thesis/jheld/MPI_Syrk_implementation/build/src/MPI_SYRK_implementation(+0x232a)[0x559b97fbd32a]
[hydra06:374709] [ 0] /lib/x86_64-linux-gnu/libc.so.6(+0x38de0)[0x7fd7e4941de0]
[hydra07:401088] *** End of error message ***
[hydra06:374709] [ 1] /lib/x86_64-linux-gnu/libc.so.6(gsignal+0x141)[0x7fd7e4941d61]
[hydra06:374709] [ 2] /lib/x86_64-linux-gnu/libc.so.6(abort+0x123)[0x7fd7e492b537]
[hydra06:374709] [ 3] /lib/x86_64-linux-gnu/libc.so.6(+0x7a468)[0x7fd7e4983468]
[hydra06:374709] [ 4] /lib/x86_64-linux-gnu/libc.so.6(+0x8175a)[0x7fd7e498a75a]
[hydra06:374709] [ 5] /lib/x86_64-linux-gnu/libc.so.6(+0x8483c)[0x7fd7e498d83c]
[hydra06:374709] [ 6] /lib/x86_64-linux-gnu/libc.so.6(__libc_calloc+0x81)[0x7fd7e498fbd1]
[hydra06:374709] [ 7] /opt/mpi/openmpi-4.1.4//lib/libmpi.so.40(ompi_group_allocate+0x17)[0x7fd7e685d1e7]
[hydra06:374709] [ 8] /opt/mpi/openmpi-4.1.4//lib/libmpi.so.40(ompi_group_incl_plist+0x65)[0x7fd7e685d915]
[hydra06:374709] [ 9] /opt/mpi/openmpi-4.1.4//lib/libmpi.so.40(PMPI_Group_incl+0x95)[0x7fd7e688e185]
[hydra06:374709] [10] /home/thesis/jheld/MPI_Syrk_implementation/build/src/MPI_SYRK_implementation(+0x841a)[0x5602fb04e41a]
[hydra06:374709] [11] /home/thesis/jheld/MPI_Syrk_implementation/build/src/MPI_SYRK_implementation(+0x2ab0)[0x5602fb048ab0]
[hydra06:374709] [12] /lib/x86_64-linux-gnu/libc.so.6(__libc_start_main+0xea)[0x7fd7e492cd7a]
[hydra06:374709] [13] /home/thesis/jheld/MPI_Syrk_implementation/build/src/MPI_SYRK_implementation(+0x232a)[0x5602fb04832a]
[hydra06:374709] *** End of error message ***
[hydra05:374008] *** Process received signal ***
[hydra05:374008] Signal: Aborted (6)
[hydra05:374008] Signal code:  (-6)
[hydra05:374008] [ 0] /lib/x86_64-linux-gnu/libc.so.6(+0x38de0)[0x7f85994b3de0]
[hydra05:374008] [ 1] /lib/x86_64-linux-gnu/libc.so.6(gsignal+0x141)[0x7f85994b3d61]
[hydra05:374008] [ 2] /lib/x86_64-linux-gnu/libc.so.6(abort+0x123)[0x7f859949d537]
[hydra05:374008] [ 3] /lib/x86_64-linux-gnu/libc.so.6(+0x7a468)[0x7f85994f5468]
[hydra05:374008] [ 4] /lib/x86_64-linux-gnu/libc.so.6(+0x8175a)[0x7f85994fc75a]
[hydra05:374008] [ 5] /lib/x86_64-linux-gnu/libc.so.6(+0x8483c)[0x7f85994ff83c]
[hydra05:374008] [ 6] /lib/x86_64-linux-gnu/libc.so.6(__libc_calloc+0x81)[0x7f8599501bd1]
[hydra05:374008] [ 7] /opt/mpi/openmpi-4.1.4//lib/libmpi.so.40(ompi_group_allocate+0x17)[0x7f859b3cf1e7]
[hydra05:374008] [ 8] /opt/mpi/openmpi-4.1.4//lib/libmpi.so.40(ompi_group_incl_plist+0x65)[0x7f859b3cf915]
[hydra05:374008] [ 9] /opt/mpi/openmpi-4.1.4//lib/libmpi.so.40(PMPI_Group_incl+0x95)[0x7f859b400185]
[hydra05:374008] [10] /home/thesis/jheld/MPI_Syrk_implementation/build/src/MPI_SYRK_implementation(+0x841a)[0x559b2e36e41a]
[hydra05:374008] [11] /home/thesis/jheld/MPI_Syrk_implementation/build/src/MPI_SYRK_implementation(+0x2ab0)[0x559b2e368ab0]
[hydra05:374008] [12] /lib/x86_64-linux-gnu/libc.so.6(__libc_start_main+0xea)[0x7f859949ed7a]
[hydra05:374008] [13] /home/thesis/jheld/MPI_Syrk_implementation/build/src/MPI_SYRK_implementation(+0x232a)[0x559b2e36832a]
[hydra05:374008] *** End of error message ***
[hydra04:390085] *** Process received signal ***
malloc(): invalid size (unsorted)
[hydra10:485470] *** Process received signal ***
[hydra04:390085] Signal: Aborted (6)
[hydra04:390085] Signal code:  (-6)
[hydra04:390085] [ 0] /lib/x86_64-linux-gnu/libc.so.6(+0x38de0)[0x7f2a2e32cde0]
[hydra04:390085] [ 1] /lib/x86_64-linux-gnu/libc.so.6(gsignal+0x141)[0x7f2a2e32cd61]
[hydra02:560139] *** Process received signal ***
[hydra04:390085] [ 2] /lib/x86_64-linux-gnu/libc.so.6(abort+0x123)[0x7f2a2e316537]
[hydra02:560139] Signal: Aborted (6)
[hydra02:560139] Signal code:  (-6)
[hydra09:367694] Signal: Aborted (6)
[hydra09:367694] Signal code:  (-6)
[hydra04:390085] [ 3] /lib/x86_64-linux-gnu/libc.so.6(+0x7a468)[0x7f2a2e36e468]
[hydra02:560139] [ 0] /lib/x86_64-linux-gnu/libc.so.6(+0x38de0)[0x7f18e6390de0]
[hydra09:367694] [ 0] /lib/x86_64-linux-gnu/libc.so.6(+0x38de0)[0x7f94a1aa4de0]
[hydra04:390085] [ 4] /lib/x86_64-linux-gnu/libc.so.6(+0x8175a)[0x7f2a2e37575a]
[hydra02:560139] [ 1] /lib/x86_64-linux-gnu/libc.so.6(gsignal+0x141)[0x7f18e6390d61]
[hydra09:367694] [ 1] /lib/x86_64-linux-gnu/libc.so.6(gsignal+0x141)[0x7f94a1aa4d61]
[hydra04:390085] [ 5] /lib/x86_64-linux-gnu/libc.so.6(+0x8483c)[0x7f2a2e37883c]
[hydra02:560139] [ 2] /lib/x86_64-linux-gnu/libc.so.6(abort+0x123)[0x7f18e637a537]
[hydra09:367694] [ 2] /lib/x86_64-linux-gnu/libc.so.6(abort+0x123)[0x7f94a1a8e537]
[hydra04:390085] [ 6] /lib/x86_64-linux-gnu/libc.so.6(__libc_calloc+0x81)[0x7f2a2e37abd1]
[hydra02:560139] [ 3] /lib/x86_64-linux-gnu/libc.so.6(+0x7a468)[0x7f18e63d2468]
[hydra09:367694] [ 3] /lib/x86_64-linux-gnu/libc.so.6(+0x7a468)[0x7f94a1ae6468]
[hydra04:390085] [ 7] /opt/mpi/openmpi-4.1.4//lib/libmpi.so.40(ompi_group_allocate+0x17)[0x7f2a302481e7]
[hydra02:560139] [ 4] /lib/x86_64-linux-gnu/libc.so.6(+0x8175a)[0x7f18e63d975a]
[hydra09:367694] [ 4] /lib/x86_64-linux-gnu/libc.so.6(+0x8175a)[0x7f94a1aed75a]
[hydra04:390085] [ 8] /opt/mpi/openmpi-4.1.4//lib/libmpi.so.40(ompi_group_incl_plist+0x65)[0x7f2a30248915]
[hydra02:560139] [ 5] /lib/x86_64-linux-gnu/libc.so.6(+0x8483c)[0x7f18e63dc83c]
[hydra09:367694] [ 5] /lib/x86_64-linux-gnu/libc.so.6(+0x8483c)[0x7f94a1af083c]
[hydra04:390085] [ 9] /opt/mpi/openmpi-4.1.4//lib/libmpi.so.40(PMPI_Group_incl+0x95)[0x7f2a30279185]
[hydra02:560139] [ 6] /lib/x86_64-linux-gnu/libc.so.6(__libc_calloc+0x81)[0x7f18e63debd1]
[hydra09:367694] [ 6] /lib/x86_64-linux-gnu/libc.so.6(__libc_calloc+0x81)[0x7f94a1af2bd1]
[hydra04:390085] [10] /home/thesis/jheld/MPI_Syrk_implementation/build/src/MPI_SYRK_implementation(+0x841a)[0x560d18c1f41a]
[hydra04:390085] [11] /home/thesis/jheld/MPI_Syrk_implementation/build/src/MPI_SYRK_implementation(+0x2ab0)[0x560d18c19ab0]
[hydra02:560139] [ 7] /opt/mpi/openmpi-4.1.4//lib/libmpi.so.40(ompi_group_allocate+0x17)[0x7f18e82ac1e7]
[hydra09:367694] [ 7] /opt/mpi/openmpi-4.1.4//lib/libmpi.so.40(ompi_group_allocate+0x17)[0x7f94a39c01e7]
[hydra04:390085] [12] /lib/x86_64-linux-gnu/libc.so.6(__libc_start_main+0xea)[0x7f2a2e317d7a]
[hydra04:390085] [13] /home/thesis/jheld/MPI_Syrk_implementation/build/src/MPI_SYRK_implementation(+0x232a)[0x560d18c1932a]
[hydra02:560139] [ 8] /opt/mpi/openmpi-4.1.4//lib/libmpi.so.40(ompi_group_incl_plist+0x65)[0x7f18e82ac915]
[hydra09:367694] [ 8] /opt/mpi/openmpi-4.1.4//lib/libmpi.so.40(ompi_group_incl_plist+0x65)[0x7f94a39c0915]
[hydra04:390085] *** End of error message ***
[hydra02:560139] [ 9] /opt/mpi/openmpi-4.1.4//lib/libmpi.so.40(PMPI_Group_incl+0x95)[0x7f18e82dd185]
[hydra09:367694] [ 9] /opt/mpi/openmpi-4.1.4//lib/libmpi.so.40(PMPI_Group_incl+0x95)[0x7f94a39f1185]
[hydra09:367694] [10] /home/thesis/jheld/MPI_Syrk_implementation/build/src/MPI_SYRK_implementation(+0x841a)[0x55947864341a]
[hydra02:560139] [10] /home/thesis/jheld/MPI_Syrk_implementation/build/src/MPI_SYRK_implementation(+0x841a)[0x561d6097f41a]
[hydra09:367694] [11] /home/thesis/jheld/MPI_Syrk_implementation/build/src/MPI_SYRK_implementation(+0x2ab0)[0x55947863dab0]
[hydra02:560139] [11] /home/thesis/jheld/MPI_Syrk_implementation/build/src/MPI_SYRK_implementation(+0x2ab0)[0x561d60979ab0]
[hydra09:367694] [12] /lib/x86_64-linux-gnu/libc.so.6(__libc_start_main+0xea)[0x7f94a1a8fd7a]
[hydra09:367694] [13] /home/thesis/jheld/MPI_Syrk_implementation/build/src/MPI_SYRK_implementation(+0x232a)[0x55947863d32a]
[hydra02:560139] [12] /lib/x86_64-linux-gnu/libc.so.6(__libc_start_main+0xea)[0x7f18e637bd7a]
malloc(): invalid size (unsorted)
[hydra02:560139] [13] /home/thesis/jheld/MPI_Syrk_implementation/build/src/MPI_SYRK_implementation(+0x232a)[0x561d6097932a]
[hydra02:560139] *** End of error message ***
[hydra09:367694] *** End of error message ***
[hydra09:367696] *** Process received signal ***
[hydra09:367696] Signal: Aborted (6)
[hydra09:367696] Signal code:  (-6)
malloc(): invalid size (unsorted)
[hydra10:485470] Signal: Aborted (6)
[hydra10:485470] Signal code:  (-6)
[hydra10:485470] [ 0] /lib/x86_64-linux-gnu/libc.so.6(+0x38de0)[0x7fe854b6cde0]
[hydra10:485470] [ 1] /lib/x86_64-linux-gnu/libc.so.6(gsignal+0x141)[0x7fe854b6cd61]
[hydra10:485470] [ 2] /lib/x86_64-linux-gnu/libc.so.6(abort+0x123)[0x7fe854b56537]
malloc(): invalid size (unsorted)
[hydra10:485470] [ 3] /lib/x86_64-linux-gnu/libc.so.6(+0x7a468)[0x7fe854bae468]
[hydra09:367695] *** Process received signal ***
[hydra10:485470] [ 4] /lib/x86_64-linux-gnu/libc.so.6(+0x8175a)[0x7fe854bb575a]
[hydra09:367696] [ 0] /lib/x86_64-linux-gnu/libc.so.6(+0x38de0)[0x7ff5d8743de0]
[hydra10:485470] [ 5] /lib/x86_64-linux-gnu/libc.so.6(+0x8483c)[0x7fe854bb883c]
[hydra09:367695] Signal: Aborted (6)
[hydra09:367695] Signal code:  (-6)
[hydra10:485470] [ 6] /lib/x86_64-linux-gnu/libc.so.6(__libc_calloc+0x81)[0x7fe854bbabd1]
[hydra09:367696] [ 1] /lib/x86_64-linux-gnu/libc.so.6(gsignal+0x141)[0x7ff5d8743d61]
[hydra10:485470] [ 7] /opt/mpi/openmpi-4.1.4//lib/libmpi.so.40(ompi_group_allocate+0x17)[0x7fe856a881e7]
[hydra09:367696] [ 2] /lib/x86_64-linux-gnu/libc.so.6(abort+0x123)[0x7ff5d872d537]
[hydra10:485470] [ 8] /opt/mpi/openmpi-4.1.4//lib/libmpi.so.40(ompi_group_incl_plist+0x65)[0x7fe856a88915]
malloc(): invalid size (unsorted)
[hydra06:374710] *** Process received signal ***
[hydra09:367696] [ 3] /lib/x86_64-linux-gnu/libc.so.6(+0x7a468)[0x7ff5d8785468]
[hydra10:485470] [ 9] /opt/mpi/openmpi-4.1.4//lib/libmpi.so.40(PMPI_Group_incl+0x95)[0x7fe856ab9185]
[hydra06:374710] Signal: Aborted (6)
[hydra06:374710] Signal code:  (-6)
[hydra09:367696] [ 4] /lib/x86_64-linux-gnu/libc.so.6(+0x8175a)[0x7ff5d878c75a]
[hydra10:485470] [10] /home/thesis/jheld/MPI_Syrk_implementation/build/src/MPI_SYRK_implementation(+0x841a)[0x5559c39f241a]
[hydra10:485470] [11] /home/thesis/jheld/MPI_Syrk_implementation/build/src/MPI_SYRK_implementation(+0x2ab0)[0x5559c39ecab0]
[hydra06:374710] [ 0] /lib/x86_64-linux-gnu/libc.so.6(+0x38de0)[0x7f15a2940de0]
[hydra09:367696] [ 5] /lib/x86_64-linux-gnu/libc.so.6(+0x8483c)[0x7ff5d878f83c]
[hydra10:485470] [12] /lib/x86_64-linux-gnu/libc.so.6(__libc_start_main+0xea)[0x7fe854b57d7a]
[hydra10:485470] [13] /home/thesis/jheld/MPI_Syrk_implementation/build/src/MPI_SYRK_implementation(+0x232a)[0x5559c39ec32a]
[hydra06:374710] [ 1] /lib/x86_64-linux-gnu/libc.so.6(gsignal+0x141)[0x7f15a2940d61]
[hydra09:367695] [ 0] /lib/x86_64-linux-gnu/libc.so.6(+0x38de0)[0x7f36862bfde0]
[hydra10:485470] *** End of error message ***
[hydra06:374710] [ 2] /lib/x86_64-linux-gnu/libc.so.6(abort+0x123)[0x7f15a292a537]
[hydra09:367696] [ 6] /lib/x86_64-linux-gnu/libc.so.6(__libc_calloc+0x81)[0x7ff5d8791bd1]
[hydra06:374710] [ 3] /lib/x86_64-linux-gnu/libc.so.6(+0x7a468)[0x7f15a2982468]
[hydra09:367695] [ 1] /lib/x86_64-linux-gnu/libc.so.6(gsignal+0x141)[0x7f36862bfd61]
[hydra06:374710] [ 4] /lib/x86_64-linux-gnu/libc.so.6(+0x8175a)[0x7f15a298975a]
[hydra09:367696] [ 7] /opt/mpi/openmpi-4.1.4//lib/libmpi.so.40(ompi_group_allocate+0x17)[0x7ff5da65f1e7]
[hydra06:374710] [ 5] /lib/x86_64-linux-gnu/libc.so.6(+0x8483c)[0x7f15a298c83c]
[hydra09:367696] [ 8] /opt/mpi/openmpi-4.1.4//lib/libmpi.so.40(ompi_group_incl_plist+0x65)[0x7ff5da65f915]
[hydra06:374710] [ 6] /lib/x86_64-linux-gnu/libc.so.6(__libc_calloc+0x81)[0x7f15a298ebd1]
[hydra09:367695] [ 2] /lib/x86_64-linux-gnu/libc.so.6(abort+0x123)[0x7f36862a9537]
[hydra06:374710] [ 7] /opt/mpi/openmpi-4.1.4//lib/libmpi.so.40(ompi_group_allocate+0x17)[0x7f15a485c1e7]
[hydra09:367695] [ 3] /lib/x86_64-linux-gnu/libc.so.6(+0x7a468)[0x7f3686301468]
[hydra06:374710] [ 8] /opt/mpi/openmpi-4.1.4//lib/libmpi.so.40(ompi_group_incl_plist+0x65)[0x7f15a485c915]
[hydra09:367696] [ 9] /opt/mpi/openmpi-4.1.4//lib/libmpi.so.40(PMPI_Group_incl+0x95)[0x7ff5da690185]
[hydra09:367696] [10] /home/thesis/jheld/MPI_Syrk_implementation/build/src/MPI_SYRK_implementation(+0x841a)[0x55f4e61ae41a]
[hydra09:367696] [11] /home/thesis/jheld/MPI_Syrk_implementation/build/src/MPI_SYRK_implementation(+0x2ab0)[0x55f4e61a8ab0]
[hydra06:374710] [ 9] /opt/mpi/openmpi-4.1.4//lib/libmpi.so.40(PMPI_Group_incl+0x95)[0x7f15a488d185]
[hydra09:367695] [ 4] /lib/x86_64-linux-gnu/libc.so.6(+0x8175a)[0x7f368630875a]
[hydra06:374710] [10] /home/thesis/jheld/MPI_Syrk_implementation/build/src/MPI_SYRK_implementation(+0x841a)[0x55e11d82d41a]
[hydra06:374710] [11] /home/thesis/jheld/MPI_Syrk_implementation/build/src/MPI_SYRK_implementation(+0x2ab0)[0x55e11d827ab0]
[hydra09:367696] [12] /lib/x86_64-linux-gnu/libc.so.6(__libc_start_main+0xea)[0x7ff5d872ed7a]
[hydra09:367696] [13] /home/thesis/jheld/MPI_Syrk_implementation/build/src/MPI_SYRK_implementation(+0x232a)[0x55f4e61a832a]
[hydra09:367696] *** End of error message ***
[hydra06:374710] [12] /lib/x86_64-linux-gnu/libc.so.6(__libc_start_main+0xea)[0x7f15a292bd7a]
[hydra06:374710] [13] /home/thesis/jheld/MPI_Syrk_implementation/build/src/MPI_SYRK_implementation(+0x232a)[0x55e11d82732a]
[hydra09:367695] [ 5] /lib/x86_64-linux-gnu/libc.so.6(+0x8483c)[0x7f368630b83c]
[hydra06:374710] *** End of error message ***
[hydra08:376364] *** Process received signal ***
[hydra08:376364] Signal: Aborted (6)
[hydra08:376364] Signal code:  (-6)
[hydra08:376364] [ 0] /lib/x86_64-linux-gnu/libc.so.6(+0x38de0)[0x7f36d1d51de0]
[hydra08:376364] [ 1] /lib/x86_64-linux-gnu/libc.so.6(gsignal+0x141)[0x7f36d1d51d61]
[hydra08:376364] [ 2] /lib/x86_64-linux-gnu/libc.so.6(abort+0x123)[0x7f36d1d3b537]
[hydra08:376364] [ 3] /lib/x86_64-linux-gnu/libc.so.6(+0x7a468)[0x7f36d1d93468]
[hydra08:376364] [ 4] /lib/x86_64-linux-gnu/libc.so.6(+0x8175a)[0x7f36d1d9a75a]
[hydra08:376364] [ 5] /lib/x86_64-linux-gnu/libc.so.6(+0x8483c)[0x7f36d1d9d83c]
[hydra08:376364] [ 6] /lib/x86_64-linux-gnu/libc.so.6(__libc_calloc+0x81)[0x7f36d1d9fbd1]
[hydra08:376364] [ 7] /opt/mpi/openmpi-4.1.4//lib/libmpi.so.40(ompi_group_allocate+0x17)[0x7f36d3c6d1e7]
[hydra08:376364] [ 8] /opt/mpi/openmpi-4.1.4//lib/libmpi.so.40(ompi_group_incl_plist+0x65)[0x7f36d3c6d915]
[hydra08:376364] [ 9] /opt/mpi/openmpi-4.1.4//lib/libmpi.so.40(PMPI_Group_incl+0x95)[0x7f36d3c9e185]
[hydra08:376364] [10] /home/thesis/jheld/MPI_Syrk_implementation/build/src/MPI_SYRK_implementation(+0x841a)[0x55e8c559641a]
[hydra08:376364] [11] /home/thesis/jheld/MPI_Syrk_implementation/build/src/MPI_SYRK_implementation(+0x2ab0)[0x55e8c5590ab0]
[hydra08:376364] [12] /lib/x86_64-linux-gnu/libc.so.6(__libc_start_main+0xea)[0x7f36d1d3cd7a]
[hydra08:376364] [13] /home/thesis/jheld/MPI_Syrk_implementation/build/src/MPI_SYRK_implementation(+0x232a)[0x55e8c559032a]
[hydra08:376364] *** End of error message ***
malloc(): invalid size (unsorted)
[hydra10:485469] *** Process received signal ***
[hydra10:485469] Signal: Aborted (6)
[hydra10:485469] Signal code:  (-6)
[hydra10:485469] [ 0] /lib/x86_64-linux-gnu/libc.so.6(+0x38de0)[0x7ff0af404de0]
[hydra10:485469] [ 1] /lib/x86_64-linux-gnu/libc.so.6(gsignal+0x141)[0x7ff0af404d61]
[hydra10:485469] [ 2] /lib/x86_64-linux-gnu/libc.so.6(abort+0x123)[0x7ff0af3ee537]
[hydra10:485469] [ 3] /lib/x86_64-linux-gnu/libc.so.6(+0x7a468)[0x7ff0af446468]
[hydra10:485469] [ 4] /lib/x86_64-linux-gnu/libc.so.6(+0x8175a)[0x7ff0af44d75a]
[hydra10:485469] [ 5] /lib/x86_64-linux-gnu/libc.so.6(+0x8483c)[0x7ff0af45083c]
[hydra10:485469] [ 6] /lib/x86_64-linux-gnu/libc.so.6(__libc_calloc+0x81)[0x7ff0af452bd1]
[hydra10:485469] [ 7] /opt/mpi/openmpi-4.1.4//lib/libmpi.so.40(ompi_group_allocate+0x17)[0x7ff0b13201e7]
[hydra10:485469] [ 8] /opt/mpi/openmpi-4.1.4//lib/libmpi.so.40(ompi_group_incl_plist+0x65)[0x7ff0b1320915]
[hydra10:485469] [ 9] /opt/mpi/openmpi-4.1.4//lib/libmpi.so.40(PMPI_Group_incl+0x95)[0x7ff0b1351185]
malloc(): invalid size (unsorted)
[hydra10:485469] [10] /home/thesis/jheld/MPI_Syrk_implementation/build/src/MPI_SYRK_implementation(+0x841a)[0x55f1faab441a]
[hydra10:485469] [11] /home/thesis/jheld/MPI_Syrk_implementation/build/src/MPI_SYRK_implementation(+0x2ab0)[0x55f1faaaeab0]
[hydra11:354396] *** Process received signal ***
[hydra11:354396] Signal: Aborted (6)
[hydra11:354396] Signal code:  (-6)
[hydra11:354396] [ 0] /lib/x86_64-linux-gnu/libc.so.6(+0x38de0)[0x7fbc13231de0]
[hydra11:354396] [ 1] /lib/x86_64-linux-gnu/libc.so.6(gsignal+0x141)[0x7fbc13231d61]
[hydra11:354396] [ 2] /lib/x86_64-linux-gnu/libc.so.6(abort+0x123)[0x7fbc1321b537]
[hydra10:485469] [12] /lib/x86_64-linux-gnu/libc.so.6(__libc_start_main+0xea)[0x7ff0af3efd7a]
[hydra10:485469] [13] /home/thesis/jheld/MPI_Syrk_implementation/build/src/MPI_SYRK_implementation(+0x232a)[0x55f1faaae32a]
[hydra11:354396] [ 3] /lib/x86_64-linux-gnu/libc.so.6(+0x7a468)[0x7fbc13273468]
[hydra10:485469] *** End of error message ***
[hydra11:354396] [ 4] /lib/x86_64-linux-gnu/libc.so.6(+0x8175a)[0x7fbc1327a75a]
[hydra11:354396] [ 5] /lib/x86_64-linux-gnu/libc.so.6(+0x8483c)[0x7fbc1327d83c]
[hydra11:354396] [ 6] /lib/x86_64-linux-gnu/libc.so.6(__libc_calloc+0x81)[0x7fbc1327fbd1]
[hydra11:354396] [ 7] /opt/mpi/openmpi-4.1.4//lib/libmpi.so.40(ompi_group_allocate+0x17)[0x7fbc1514d1e7]
[hydra11:354396] [ 8] /opt/mpi/openmpi-4.1.4//lib/libmpi.so.40(ompi_group_incl_plist+0x65)[0x7fbc1514d915]
[hydra11:354396] [ 9] /opt/mpi/openmpi-4.1.4//lib/libmpi.so.40(PMPI_Group_incl+0x95)[0x7fbc1517e185]
[hydra11:354396] [10] /home/thesis/jheld/MPI_Syrk_implementation/build/src/MPI_SYRK_implementation(+0x841a)[0x5561f02d541a]
[hydra11:354396] [11] /home/thesis/jheld/MPI_Syrk_implementation/build/src/MPI_SYRK_implementation(+0x2ab0)[0x5561f02cfab0]
[hydra11:354396] [12] /lib/x86_64-linux-gnu/libc.so.6(__libc_start_main+0xea)[0x7fbc1321cd7a]
[hydra11:354396] [13] /home/thesis/jheld/MPI_Syrk_implementation/build/src/MPI_SYRK_implementation(+0x232a)[0x5561f02cf32a]
[hydra11:354396] *** End of error message ***
[hydra09:367695] [ 6] /lib/x86_64-linux-gnu/libc.so.6(__libc_calloc+0x81)[0x7f368630dbd1]
[hydra12:354437] [ 9] /opt/mpi/openmpi-4.1.4//lib/libmpi.so.40(PMPI_Group_incl+0x95)[0x7f1aeb85e185]
[hydra12:354437] [10] /home/thesis/jheld/MPI_Syrk_implementation/build/src/MPI_SYRK_implementation(+0x841a)[0x55be383ae41a]
[hydra12:354437] [11] /home/thesis/jheld/MPI_Syrk_implementation/build/src/MPI_SYRK_implementation(+0x2ab0)[0x55be383a8ab0]
[hydra09:367695] [ 7] /opt/mpi/openmpi-4.1.4//lib/libmpi.so.40(ompi_group_allocate+0x17)[0x7f36881db1e7]
[hydra12:354436] [12] /lib/x86_64-linux-gnu/libc.so.6(__libc_start_main+0xea)[0x7f008c455d7a]
[hydra09:367695] [ 8] /opt/mpi/openmpi-4.1.4//lib/libmpi.so.40(ompi_group_incl_plist+0x65)[0x7f36881db915]
[hydra12:354437] [12] /lib/x86_64-linux-gnu/libc.so.6(__libc_start_main+0xea)[0x7f1ae98fcd7a]
[hydra12:354437] [13] /home/thesis/jheld/MPI_Syrk_implementation/build/src/MPI_SYRK_implementation(+0x232a)[0x55be383a832a]
[hydra12:354437] *** End of error message ***
[hydra09:367695] [ 9] /opt/mpi/openmpi-4.1.4//lib/libmpi.so.40(PMPI_Group_incl+0x95)[0x7f368820c185]
[hydra12:354436] [13] /home/thesis/jheld/MPI_Syrk_implementation/build/src/MPI_SYRK_implementation(+0x232a)[0x5578e2c4732a]
[hydra12:354436] *** End of error message ***
[hydra09:367695] [10] /home/thesis/jheld/MPI_Syrk_implementation/build/src/MPI_SYRK_implementation(+0x841a)[0x5595761c641a]
[hydra09:367695] [11] /home/thesis/jheld/MPI_Syrk_implementation/build/src/MPI_SYRK_implementation(+0x2ab0)[0x5595761c0ab0]
[hydra09:367695] [12] /lib/x86_64-linux-gnu/libc.so.6(__libc_start_main+0xea)[0x7f36862aad7a]
[hydra09:367695] [13] /home/thesis/jheld/MPI_Syrk_implementation/build/src/MPI_SYRK_implementation(+0x232a)[0x5595761c032a]
[hydra09:367695] *** End of error message ***
srun: error: hydra07: task 18: Aborted
srun: error: hydra08: task 23: Aborted
srun: error: hydra04: task 11: Aborted
srun: error: hydra03: task 7: Aborted
srun: error: hydra05: task 13: Aborted
srun: error: hydra02: task 5: Aborted
srun: error: hydra12: tasks 33-34: Aborted
srun: error: hydra10: tasks 28-29: Aborted
srun: error: hydra11: tasks 31-32: Aborted
srun: error: hydra06: tasks 16-17: Aborted
srun: error: hydra09: tasks 24-26: Aborted
slurmstepd: error:  mpi/pmix_v4: _errhandler: hydra05 [4]: pmixp_client_v2.c:211: Error handler invoked: status = -61, source = [slurm.pmix.5008690.22:13]
slurmstepd: error:  mpi/pmix_v4: _errhandler: hydra07 [6]: pmixp_client_v2.c:211: Error handler invoked: status = -61, source = [slurm.pmix.5008690.22:18]
slurmstepd: error:  mpi/pmix_v4: _errhandler: hydra04 [3]: pmixp_client_v2.c:211: Error handler invoked: status = -61, source = [slurm.pmix.5008690.22:11]
slurmstepd: error:  mpi/pmix_v4: _errhandler: hydra02 [1]: pmixp_client_v2.c:211: Error handler invoked: status = -61, source = [slurm.pmix.5008690.22:5]
slurmstepd: error:  mpi/pmix_v4: _errhandler: hydra03 [2]: pmixp_client_v2.c:211: Error handler invoked: status = -61, source = [slurm.pmix.5008690.22:7]
slurmstepd: error:  mpi/pmix_v4: _errhandler: hydra08 [7]: pmixp_client_v2.c:211: Error handler invoked: status = -61, source = [slurm.pmix.5008690.22:23]
slurmstepd: error:  mpi/pmix_v4: _errhandler: hydra06 [5]: pmixp_client_v2.c:211: Error handler invoked: status = -61, source = [slurm.pmix.5008690.22:16]
slurmstepd: error:  mpi/pmix_v4: _errhandler: hydra11 [10]: pmixp_client_v2.c:211: Error handler invoked: status = -61, source = [slurm.pmix.5008690.22:32]
slurmstepd: error:  mpi/pmix_v4: _errhandler: hydra10 [9]: pmixp_client_v2.c:211: Error handler invoked: status = -61, source = [slurm.pmix.5008690.22:29]
slurmstepd: error: *** STEP 5008690.22 ON hydra01 CANCELLED AT 2025-10-13T15:28:00 ***
slurmstepd: error:  mpi/pmix_v4: _errhandler: hydra12 [11]: pmixp_client_v2.c:211: Error handler invoked: status = -61, source = [slurm.pmix.5008690.22:34]
srun: Job step aborted: Waiting up to 32 seconds for job step to finish.
srun: error: hydra10: task 27: Killed
srun: error: hydra11: task 30: Killed
srun: error: hydra06: task 15: Killed
srun: error: hydra12: task 35: Killed
srun: error: hydra02: tasks 3-4: Killed
srun: error: hydra05: tasks 12,14: Killed
srun: error: hydra08: tasks 21-22: Killed
srun: error: hydra07: tasks 19-20: Killed
srun: error: hydra03: tasks 6,8: Killed
srun: error: hydra04: tasks 9-10: Killed
srun: error: hydra01: tasks 0-2: Killed
⚠️ Warning: No runtime found for run 23
srun: Warning: can't honor --ntasks-per-node set to 1 which doesn't match the requested tasks 36 with the number of requested nodes 12. Ignoring --ntasks-per-node.
missing input file name --> Generate random input
malloc(): invalid size (unsorted)
[hydra12:354504] *** Process received signal ***
malloc(): invalid size (unsorted)
[hydra02:560217] *** Process received signal ***
malloc(): invalid size (unsorted)
[hydra11:354462] *** Process received signal ***
malloc(): invalid size (unsorted)
[hydra03:391372] *** Process received signal ***
[hydra03:391372] Signal: Aborted (6)
[hydra03:391372] Signal code:  (-6)
[hydra12:354504] Signal: Aborted (6)
[hydra12:354504] Signal code:  (-6)
[hydra02:560217] Signal: Aborted (6)
[hydra02:560217] Signal code:  (-6)
[hydra12:354504] [ 0] /lib/x86_64-linux-gnu/libc.so.6(+0x38de0)[0x7f03a0579de0]
malloc(): invalid size (unsorted)
[hydra12:354504] [ 1] /lib/x86_64-linux-gnu/libc.so.6(gsignal+0x141)[0x7f03a0579d61]
[hydra02:560216] *** Process received signal ***
[hydra12:354504] [ 2] /lib/x86_64-linux-gnu/libc.so.6(abort+0x123)[0x7f03a0563537]
[hydra02:560216] Signal: Aborted (6)
[hydra02:560216] Signal code:  (-6)
[hydra12:354504] [ 3] /lib/x86_64-linux-gnu/libc.so.6(+0x7a468)[0x7f03a05bb468]
[hydra02:560217] [ 0] /lib/x86_64-linux-gnu/libc.so.6(+0x38de0)[0x7fd7982bfde0]
[hydra12:354504] [ 4] /lib/x86_64-linux-gnu/libc.so.6(+0x8175a)[0x7f03a05c275a]
[hydra02:560217] [ 1] /lib/x86_64-linux-gnu/libc.so.6(gsignal+0x141)[0x7fd7982bfd61]
[hydra12:354504] [ 5] /lib/x86_64-linux-gnu/libc.so.6(+0x8483c)[0x7f03a05c583c]
[hydra02:560217] [ 2] /lib/x86_64-linux-gnu/libc.so.6(abort+0x123)[0x7fd7982a9537]
[hydra12:354504] [ 6] /lib/x86_64-linux-gnu/libc.so.6(__libc_calloc+0x81)[0x7f03a05c7bd1]
[hydra02:560217] [ 3] /lib/x86_64-linux-gnu/libc.so.6(+0x7a468)[0x7fd798301468]
[hydra12:354504] [ 7] /opt/mpi/openmpi-4.1.4//lib/libmpi.so.40(ompi_group_allocate+0x17)[0x7f03a24951e7]
[hydra02:560217] [ 4] /lib/x86_64-linux-gnu/libc.so.6(+0x8175a)[0x7fd79830875a]
[hydra12:354504] [ 8] /opt/mpi/openmpi-4.1.4//lib/libmpi.so.40(ompi_group_incl_plist+0x65)[0x7f03a2495915]
[hydra02:560216] [ 0] /lib/x86_64-linux-gnu/libc.so.6(+0x38de0)[0x7f5c4b3fede0]
[hydra12:354504] [ 9] /opt/mpi/openmpi-4.1.4//lib/libmpi.so.40(PMPI_Group_incl+0x95)[0x7f03a24c6185]
malloc(): invalid size (unsorted)
[hydra09:367748] *** Process received signal ***
[hydra02:560216] [ 1] /lib/x86_64-linux-gnu/libc.so.6(gsignal+0x141)[0x7f5c4b3fed61]
[hydra12:354504] [10] /home/thesis/jheld/MPI_Syrk_implementation/build/src/MPI_SYRK_implementation(+0x841a)[0x5590e84c641a]
[hydra12:354504] [11] /home/thesis/jheld/MPI_Syrk_implementation/build/src/MPI_SYRK_implementation(+0x2ab0)[0x5590e84c0ab0]
[hydra02:560217] [ 5] /lib/x86_64-linux-gnu/libc.so.6(+0x8483c)[0x7fd79830b83c]
[hydra12:354504] [12] /lib/x86_64-linux-gnu/libc.so.6(__libc_start_main+0xea)[0x7f03a0564d7a]
[hydra12:354504] [13] /home/thesis/jheld/MPI_Syrk_implementation/build/src/MPI_SYRK_implementation(+0x232a)[0x5590e84c032a]
[hydra02:560216] [ 2] /lib/x86_64-linux-gnu/libc.so.6(abort+0x123)[0x7f5c4b3e8537]
[hydra12:354504] *** End of error message ***
[hydra11:354462] Signal: Aborted (6)
[hydra11:354462] Signal code:  (-6)
[hydra02:560217] [ 6] /lib/x86_64-linux-gnu/libc.so.6(__libc_calloc+0x81)[0x7fd79830dbd1]
[hydra11:354462] [ 0] /lib/x86_64-linux-gnu/libc.so.6(+0x38de0)[0x7f9144dd3de0]
[hydra02:560216] [ 3] /lib/x86_64-linux-gnu/libc.so.6(+0x7a468)[0x7f5c4b440468]
[hydra11:354462] [ 1] /lib/x86_64-linux-gnu/libc.so.6(gsignal+0x141)[0x7f9144dd3d61]
[hydra02:560217] [ 7] /opt/mpi/openmpi-4.1.4//lib/libmpi.so.40(ompi_group_allocate+0x17)[0x7fd79a1db1e7]
[hydra11:354462] [ 2] /lib/x86_64-linux-gnu/libc.so.6(abort+0x123)[0x7f9144dbd537]
[hydra02:560217] [ 8] /opt/mpi/openmpi-4.1.4//lib/libmpi.so.40(ompi_group_incl_plist+0x65)[0x7fd79a1db915]
[hydra03:391372] [ 0] /lib/x86_64-linux-gnu/libc.so.6(+0x38de0)[0x7f8ddf4ddde0]
[hydra11:354462] [ 3] /lib/x86_64-linux-gnu/libc.so.6(+0x7a468)[0x7f9144e15468]
[hydra02:560216] [ 4] /lib/x86_64-linux-gnu/libc.so.6(+0x8175a)[0x7f5c4b44775a]
[hydra03:391372] [ 1] /lib/x86_64-linux-gnu/libc.so.6(gsignal+0x141)[0x7f8ddf4ddd61]
[hydra11:354462] [ 4] /lib/x86_64-linux-gnu/libc.so.6(+0x8175a)[0x7f9144e1c75a]
[hydra02:560217] [ 9] /opt/mpi/openmpi-4.1.4//lib/libmpi.so.40(PMPI_Group_incl+0x95)[0x7fd79a20c185]
[hydra03:391372] [ 2] /lib/x86_64-linux-gnu/libc.so.6(abort+0x123)[0x7f8ddf4c7537]
[hydra11:354462] [ 5] /lib/x86_64-linux-gnu/libc.so.6(+0x8483c)[0x7f9144e1f83c]
[hydra02:560217] [10] /home/thesis/jheld/MPI_Syrk_implementation/build/src/MPI_SYRK_implementation(+0x841a)[0x5610e56c241a]
[hydra02:560217] [11] /home/thesis/jheld/MPI_Syrk_implementation/build/src/MPI_SYRK_implementation(+0x2ab0)[0x5610e56bcab0]
[hydra03:391372] [ 3] /lib/x86_64-linux-gnu/libc.so.6(+0x7a468)[0x7f8ddf51f468]
[hydra11:354462] [ 6] /lib/x86_64-linux-gnu/libc.so.6(__libc_calloc+0x81)[0x7f9144e21bd1]
[hydra02:560216] [ 5] /lib/x86_64-linux-gnu/libc.so.6(+0x8483c)[0x7f5c4b44a83c]
[hydra03:391372] [ 4] /lib/x86_64-linux-gnu/libc.so.6(+0x8175a)[0x7f8ddf52675a]
[hydra11:354462] [ 7] /opt/mpi/openmpi-4.1.4//lib/libmpi.so.40(ompi_group_allocate+0x17)[0x7f9146cef1e7]
[hydra02:560217] [12] /lib/x86_64-linux-gnu/libc.so.6(__libc_start_main+0xea)[0x7fd7982aad7a]
[hydra02:560217] [13] /home/thesis/jheld/MPI_Syrk_implementation/build/src/MPI_SYRK_implementation(+0x232a)[0x5610e56bc32a]
[hydra03:391372] [ 5] /lib/x86_64-linux-gnu/libc.so.6(+0x8483c)[0x7f8ddf52983c]
[hydra11:354462] [ 8] /opt/mpi/openmpi-4.1.4//lib/libmpi.so.40(ompi_group_incl_plist+0x65)[0x7f9146cef915]
[hydra02:560216] [ 6] /lib/x86_64-linux-gnu/libc.so.6(__libc_calloc+0x81)[0x7f5c4b44cbd1]
[hydra03:391372] [ 6] /lib/x86_64-linux-gnu/libc.so.6(__libc_calloc+0x81)[0x7f8ddf52bbd1]
[hydra11:354462] [ 9] /opt/mpi/openmpi-4.1.4//lib/libmpi.so.40(PMPI_Group_incl+0x95)[0x7f9146d20185]
[hydra11:354462] [10] /home/thesis/jheld/MPI_Syrk_implementation/build/src/MPI_SYRK_implementation(+0x841a)[0x55968413541a]
[hydra02:560217] *** End of error message ***
malloc(): invalid size (unsorted)
[hydra05:374073] *** Process received signal ***
[hydra03:391372] [ 7] /opt/mpi/openmpi-4.1.4//lib/libmpi.so.40(ompi_group_allocate+0x17)[0x7f8de13f91e7]
[hydra11:354462] [11] /home/thesis/jheld/MPI_Syrk_implementation/build/src/MPI_SYRK_implementation(+0x2ab0)[0x55968412fab0]
[hydra02:560216] [ 7] /opt/mpi/openmpi-4.1.4//lib/libmpi.so.40(ompi_group_allocate+0x17)[0x7f5c4d31a1e7]
[hydra03:391372] [ 8] /opt/mpi/openmpi-4.1.4//lib/libmpi.so.40(ompi_group_incl_plist+0x65)[0x7f8de13f9915]
[hydra11:354462] [12] /lib/x86_64-linux-gnu/libc.so.6(__libc_start_main+0xea)[0x7f9144dbed7a]
[hydra11:354462] [13] /home/thesis/jheld/MPI_Syrk_implementation/build/src/MPI_SYRK_implementation(+0x232a)[0x55968412f32a]
[hydra03:391372] [ 9] /opt/mpi/openmpi-4.1.4//lib/libmpi.so.40(PMPI_Group_incl+0x95)[0x7f8de142a185]
[hydra11:354462] *** End of error message ***
[hydra03:391372] [10] /home/thesis/jheld/MPI_Syrk_implementation/build/src/MPI_SYRK_implementation(+0x841a)[0x55b25106041a]
[hydra03:391372] [11] /home/thesis/jheld/MPI_Syrk_implementation/build/src/MPI_SYRK_implementation(+0x2ab0)[0x55b25105aab0]
[hydra03:391372] [12] /lib/x86_64-linux-gnu/libc.so.6(__libc_start_main+0xea)[0x7f8ddf4c8d7a]
[hydra03:391372] [13] /home/thesis/jheld/MPI_Syrk_implementation/build/src/MPI_SYRK_implementation(+0x232a)[0x55b25105a32a]
[hydra03:391372] *** End of error message ***
malloc(): invalid size (unsorted)
[hydra08:376430] *** Process received signal ***
malloc(): invalid size (unsorted)
[hydra07:401153] *** Process received signal ***
[hydra09:367748] Signal: Aborted (6)
[hydra09:367748] Signal code:  (-6)
[hydra09:367748] [ 0] /lib/x86_64-linux-gnu/libc.so.6(+0x38de0)[0x7fb5061c8de0]
[hydra09:367748] [ 1] /lib/x86_64-linux-gnu/libc.so.6(gsignal+0x141)[0x7fb5061c8d61]
[hydra09:367748] [ 2] /lib/x86_64-linux-gnu/libc.so.6(abort+0x123)[0x7fb5061b2537]
[hydra09:367748] [ 3] /lib/x86_64-linux-gnu/libc.so.6(+0x7a468)[0x7fb50620a468]
malloc(): invalid size (unsorted)
[hydra09:367748] [ 4] /lib/x86_64-linux-gnu/libc.so.6(+0x8175a)[0x7fb50621175a]
malloc(): invalid size (unsorted)
[hydra06:374774] *** Process received signal ***
[hydra06:374774] Signal: Aborted (6)
[hydra06:374774] Signal code:  (-6)
[hydra09:367748] [ 5] /lib/x86_64-linux-gnu/libc.so.6(+0x8483c)[0x7fb50621483c]
[hydra09:367748] [ 6] /lib/x86_64-linux-gnu/libc.so.6(__libc_calloc+0x81)[0x7fb506216bd1]
[hydra09:367748] [ 7] /opt/mpi/openmpi-4.1.4//lib/libmpi.so.40(ompi_group_allocate+0x17)[0x7fb5080e41e7]
[hydra09:367748] [ 8] /opt/mpi/openmpi-4.1.4//lib/libmpi.so.40(ompi_group_incl_plist+0x65)[0x7fb5080e4915]
[hydra09:367748] [ 9] /opt/mpi/openmpi-4.1.4//lib/libmpi.so.40(PMPI_Group_incl+0x95)[0x7fb508115185]
[hydra09:367748] [10] /home/thesis/jheld/MPI_Syrk_implementation/build/src/MPI_SYRK_implementation(+0x841a)[0x55c7f686e41a]
[hydra09:367748] [11] /home/thesis/jheld/MPI_Syrk_implementation/build/src/MPI_SYRK_implementation(+0x2ab0)[0x55c7f6868ab0]
[hydra09:367748] [12] /lib/x86_64-linux-gnu/libc.so.6(__libc_start_main+0xea)[0x7fb5061b3d7a]
[hydra09:367748] [13] /home/thesis/jheld/MPI_Syrk_implementation/build/src/MPI_SYRK_implementation(+0x232a)[0x55c7f686832a]
[hydra09:367748] *** End of error message ***
[hydra05:374073] Signal: Aborted (6)
[hydra05:374073] Signal code:  (-6)
[hydra05:374073] [ 0] /lib/x86_64-linux-gnu/libc.so.6(+0x38de0)[0x7f3013aa9de0]
[hydra05:374073] [ 1] /lib/x86_64-linux-gnu/libc.so.6(gsignal+0x141)[0x7f3013aa9d61]
[hydra05:374073] [ 2] /lib/x86_64-linux-gnu/libc.so.6(abort+0x123)[0x7f3013a93537]
[hydra05:374073] [ 3] /lib/x86_64-linux-gnu/libc.so.6(+0x7a468)[0x7f3013aeb468]
[hydra05:374073] [ 4] /lib/x86_64-linux-gnu/libc.so.6(+0x8175a)[0x7f3013af275a]
[hydra05:374073] [ 5] /lib/x86_64-linux-gnu/libc.so.6(+0x8483c)[0x7f3013af583c]
[hydra07:401153] Signal: Aborted (6)
[hydra07:401153] Signal code:  (-6)
[hydra05:374073] [ 6] /lib/x86_64-linux-gnu/libc.so.6(__libc_calloc+0x81)[0x7f3013af7bd1]
malloc(): invalid size (unsorted)
[hydra07:401155] *** Process received signal ***
[hydra07:401155] Signal: Aborted (6)
[hydra07:401155] Signal code:  (-6)
[hydra05:374073] [ 7] /opt/mpi/openmpi-4.1.4//lib/libmpi.so.40(ompi_group_allocate+0x17)[0x7f30159c51e7]
[hydra07:401153] [ 0] /lib/x86_64-linux-gnu/libc.so.6(+0x38de0)[0x7f0688afcde0]
[hydra08:376430] Signal: Aborted (6)
[hydra08:376430] Signal code:  (-6)
[hydra05:374073] [ 8] /opt/mpi/openmpi-4.1.4//lib/libmpi.so.40(ompi_group_incl_plist+0x65)[0x7f30159c5915]
[hydra07:401153] [ 1] /lib/x86_64-linux-gnu/libc.so.6(gsignal+0x141)[0x7f0688afcd61]
[hydra08:376430] [ 0] /lib/x86_64-linux-gnu/libc.so.6(+0x38de0)[0x7f7e7a58bde0]
[hydra05:374073] [ 9] /opt/mpi/openmpi-4.1.4//lib/libmpi.so.40(PMPI_Group_incl+0x95)[0x7f30159f6185]
[hydra07:401153] [ 2] /lib/x86_64-linux-gnu/libc.so.6(abort+0x123)[0x7f0688ae6537]
[hydra08:376430] [ 1] /lib/x86_64-linux-gnu/libc.so.6(gsignal+0x141)[0x7f7e7a58bd61]
[hydra05:374073] [10] /home/thesis/jheld/MPI_Syrk_implementation/build/src/MPI_SYRK_implementation(+0x841a)[0x55fa673c241a]
[hydra05:374073] [11] /home/thesis/jheld/MPI_Syrk_implementation/build/src/MPI_SYRK_implementation(+0x2ab0)[0x55fa673bcab0]
[hydra07:401155] [ 0] /lib/x86_64-linux-gnu/libc.so.6(+0x38de0)[0x7f71c5a26de0]
[hydra08:376430] [ 2] /lib/x86_64-linux-gnu/libc.so.6(abort+0x123)[0x7f7e7a575537]
[hydra07:401155] [ 1] /lib/x86_64-linux-gnu/libc.so.6(gsignal+0x141)[0x7f71c5a26d61]
[hydra08:376430] [ 3] /lib/x86_64-linux-gnu/libc.so.6(+0x7a468)[0x7f7e7a5cd468]
[hydra07:401153] [ 3] /lib/x86_64-linux-gnu/libc.so.6(+0x7a468)[0x7f0688b3e468]
[hydra08:376430] [ 4] /lib/x86_64-linux-gnu/libc.so.6(+0x8175a)[0x7f7e7a5d475a]
[hydra05:374073] [12] /lib/x86_64-linux-gnu/libc.so.6(__libc_start_main+0xea)[0x7f3013a94d7a]
[hydra05:374073] [13] /home/thesis/jheld/MPI_Syrk_implementation/build/src/MPI_SYRK_implementation(+0x232a)[0x55fa673bc32a]
[hydra07:401155] [ 2] /lib/x86_64-linux-gnu/libc.so.6(abort+0x123)[0x7f71c5a10537]
[hydra08:376430] [ 5] /lib/x86_64-linux-gnu/libc.so.6(+0x8483c)[0x7f7e7a5d783c]
[hydra05:374073] *** End of error message ***
[hydra07:401153] [ 4] /lib/x86_64-linux-gnu/libc.so.6(+0x8175a)[0x7f0688b4575a]
[hydra08:376430] [ 6] /lib/x86_64-linux-gnu/libc.so.6(__libc_calloc+0x81)[0x7f7e7a5d9bd1]
[hydra07:401155] [ 3] /lib/x86_64-linux-gnu/libc.so.6(+0x7a468)[0x7f71c5a68468]
[hydra08:376430] [ 7] /opt/mpi/openmpi-4.1.4//lib/libmpi.so.40(ompi_group_allocate+0x17)[0x7f7e7c4a71e7]
[hydra07:401153] [ 5] /lib/x86_64-linux-gnu/libc.so.6(+0x8483c)[0x7f0688b4883c]
[hydra08:376430] [ 8] /opt/mpi/openmpi-4.1.4//lib/libmpi.so.40(ompi_group_incl_plist+0x65)[0x7f7e7c4a7915]
[hydra07:401153] [ 6] /lib/x86_64-linux-gnu/libc.so.6(__libc_calloc+0x81)[0x7f0688b4abd1]
[hydra08:376430] [ 9] /opt/mpi/openmpi-4.1.4//lib/libmpi.so.40(PMPI_Group_incl+0x95)[0x7f7e7c4d8185]
[hydra07:401155] [ 4] /lib/x86_64-linux-gnu/libc.so.6(+0x8175a)[0x7f71c5a6f75a]
[hydra08:376430] [10] /home/thesis/jheld/MPI_Syrk_implementation/build/src/MPI_SYRK_implementation(+0x841a)[0x564ebdafe41a]
[hydra08:376430] [11] /home/thesis/jheld/MPI_Syrk_implementation/build/src/MPI_SYRK_implementation(+0x2ab0)[0x564ebdaf8ab0]
[hydra07:401153] [ 7] /opt/mpi/openmpi-4.1.4//lib/libmpi.so.40(ompi_group_allocate+0x17)[0x7f068aa181e7]
[hydra08:376430] [12] /lib/x86_64-linux-gnu/libc.so.6(__libc_start_main+0xea)[0x7f7e7a576d7a]
[hydra08:376430] [13] /home/thesis/jheld/MPI_Syrk_implementation/build/src/MPI_SYRK_implementation(+0x232a)[0x564ebdaf832a]
[hydra07:401155] [ 5] /lib/x86_64-linux-gnu/libc.so.6(+0x8483c)[0x7f71c5a7283c]
[hydra08:376430] *** End of error message ***
[hydra07:401153] [ 8] /opt/mpi/openmpi-4.1.4//lib/libmpi.so.40(ompi_group_incl_plist+0x65)[0x7f068aa18915]
[hydra07:401155] [ 6] /lib/x86_64-linux-gnu/libc.so.6(__libc_calloc+0x81)[0x7f71c5a74bd1]
[hydra07:401153] [ 9] /opt/mpi/openmpi-4.1.4//lib/libmpi.so.40(PMPI_Group_incl+0x95)[0x7f068aa49185]
[hydra07:401153] [10] /home/thesis/jheld/MPI_Syrk_implementation/build/src/MPI_SYRK_implementation(+0x841a)[0x56504381141a]
[hydra07:401153] [11] /home/thesis/jheld/MPI_Syrk_implementation/build/src/MPI_SYRK_implementation(+0x2ab0)[0x56504380bab0]
[hydra07:401155] [ 7] /opt/mpi/openmpi-4.1.4//lib/libmpi.so.40(ompi_group_allocate+0x17)[0x7f71c79421e7]
[hydra07:401153] [12] /lib/x86_64-linux-gnu/libc.so.6(__libc_start_main+0xea)[0x7f0688ae7d7a]
[hydra07:401153] [13] /home/thesis/jheld/MPI_Syrk_implementation/build/src/MPI_SYRK_implementation(+0x232a)[0x56504380b32a]
malloc(): invalid size (unsorted)
[hydra03:391370] *** Process received signal ***
[hydra03:391370] Signal: Aborted (6)
[hydra03:391370] Signal code:  (-6)
[hydra06:374774] [ 0] /lib/x86_64-linux-gnu/libc.so.6(+0x38de0)[0x7f68fbc88de0]
[hydra03:391370] [ 0] /lib/x86_64-linux-gnu/libc.so.6(+0x38de0)[0x7f1c84f8fde0]
[hydra06:374774] [ 1] /lib/x86_64-linux-gnu/libc.so.6(gsignal+0x141)[0x7f68fbc88d61]
[hydra04:390150] *** Process received signal ***
[hydra03:391370] [ 1] /lib/x86_64-linux-gnu/libc.so.6(gsignal+0x141)[0x7f1c84f8fd61]
[hydra06:374774] [ 2] /lib/x86_64-linux-gnu/libc.so.6(abort+0x123)[0x7f68fbc72537]
[hydra04:390150] Signal: Aborted (6)
[hydra04:390150] Signal code:  (-6)
[hydra03:391370] [ 2] /lib/x86_64-linux-gnu/libc.so.6(abort+0x123)[0x7f1c84f79537]
[hydra06:374774] [ 3] /lib/x86_64-linux-gnu/libc.so.6(+0x7a468)[0x7f68fbcca468]
[hydra04:390150] [ 0] /lib/x86_64-linux-gnu/libc.so.6(+0x38de0)[0x7fb77f14dde0]
[hydra03:391370] [ 3] /lib/x86_64-linux-gnu/libc.so.6(+0x7a468)[0x7f1c84fd1468]
[hydra06:374774] [ 4] /lib/x86_64-linux-gnu/libc.so.6(+0x8175a)[0x7f68fbcd175a]
[hydra04:390150] [ 1] /lib/x86_64-linux-gnu/libc.so.6(gsignal+0x141)[0x7fb77f14dd61]
[hydra03:391370] [ 4] /lib/x86_64-linux-gnu/libc.so.6(+0x8175a)[0x7f1c84fd875a]
[hydra06:374774] [ 5] /lib/x86_64-linux-gnu/libc.so.6(+0x8483c)[0x7f68fbcd483c]
[hydra04:390150] [ 2] /lib/x86_64-linux-gnu/libc.so.6(abort+0x123)[0x7fb77f137537]
[hydra03:391370] [ 5] /lib/x86_64-linux-gnu/libc.so.6(+0x8483c)[0x7f1c84fdb83c]
[hydra06:374774] [ 6] /lib/x86_64-linux-gnu/libc.so.6(__libc_calloc+0x81)[0x7f68fbcd6bd1]
[hydra04:390150] [ 3] /lib/x86_64-linux-gnu/libc.so.6(+0x7a468)[0x7fb77f18f468]
[hydra03:391370] [ 6] /lib/x86_64-linux-gnu/libc.so.6(__libc_calloc+0x81)[0x7f1c84fddbd1]
[hydra06:374774] [ 7] /opt/mpi/openmpi-4.1.4//lib/libmpi.so.40(ompi_group_allocate+0x17)[0x7f68fdba41e7]
[hydra04:390150] [ 4] /lib/x86_64-linux-gnu/libc.so.6(+0x8175a)[0x7fb77f19675a]
[hydra03:391370] [ 7] /opt/mpi/openmpi-4.1.4//lib/libmpi.so.40(ompi_group_allocate+0x17)[0x7f1c86eab1e7]
[hydra06:374774] [ 8] /opt/mpi/openmpi-4.1.4//lib/libmpi.so.40(ompi_group_incl_plist+0x65)[0x7f68fdba4915]
[hydra04:390150] [ 5] /lib/x86_64-linux-gnu/libc.so.6(+0x8483c)[0x7fb77f19983c]
[hydra03:391370] [ 8] /opt/mpi/openmpi-4.1.4//lib/libmpi.so.40(ompi_group_incl_plist+0x65)[0x7f1c86eab915]
[hydra06:374774] [ 9] /opt/mpi/openmpi-4.1.4//lib/libmpi.so.40(PMPI_Group_incl+0x95)[0x7f68fdbd5185]
[hydra04:390150] [ 6] /lib/x86_64-linux-gnu/libc.so.6(__libc_calloc+0x81)[0x7fb77f19bbd1]
[hydra03:391370] [ 9] /opt/mpi/openmpi-4.1.4//lib/libmpi.so.40(PMPI_Group_incl+0x95)[0x7f1c86edc185]
[hydra06:374774] [10] /home/thesis/jheld/MPI_Syrk_implementation/build/src/MPI_SYRK_implementation(+0x841a)[0x55b897bde41a]
[hydra06:374774] [11] /home/thesis/jheld/MPI_Syrk_implementation/build/src/MPI_SYRK_implementation(+0x2ab0)[0x55b897bd8ab0]
[hydra04:390150] [ 7] /opt/mpi/openmpi-4.1.4//lib/libmpi.so.40(ompi_group_allocate+0x17)[0x7fb7810691e7]
[hydra03:391370] [10] /home/thesis/jheld/MPI_Syrk_implementation/build/src/MPI_SYRK_implementation(+0x841a)[0x5604dfbcc41a]
[hydra06:374774] [12] /lib/x86_64-linux-gnu/libc.so.6(__libc_start_main+0xea)[0x7f68fbc73d7a]
[hydra06:374774] [13] /home/thesis/jheld/MPI_Syrk_implementation/build/src/MPI_SYRK_implementation(+0x232a)[0x55b897bd832a]
[hydra04:390150] [ 8] /opt/mpi/openmpi-4.1.4//lib/libmpi.so.40(ompi_group_incl_plist+0x65)[0x7fb781069915]
[hydra03:391370] [11] /home/thesis/jheld/MPI_Syrk_implementation/build/src/MPI_SYRK_implementation(+0x2ab0)[0x5604dfbc6ab0]
[hydra06:374774] *** End of error message ***
[hydra04:390150] [ 9] /opt/mpi/openmpi-4.1.4//lib/libmpi.so.40(PMPI_Group_incl+0x95)[0x7fb78109a185]
[hydra03:391370] [12] /lib/x86_64-linux-gnu/libc.so.6(__libc_start_main+0xea)[0x7f1c84f7ad7a]
[hydra03:391370] [13] /home/thesis/jheld/MPI_Syrk_implementation/build/src/MPI_SYRK_implementation(+0x232a)[0x5604dfbc632a]
[hydra04:390150] [10] /home/thesis/jheld/MPI_Syrk_implementation/build/src/MPI_SYRK_implementation(+0x841a)[0x5613fc74141a]
[hydra03:391370] *** End of error message ***
[hydra04:390150] [11] /home/thesis/jheld/MPI_Syrk_implementation/build/src/MPI_SYRK_implementation(+0x2ab0)[0x5613fc73bab0]
[hydra04:390150] [12] /lib/x86_64-linux-gnu/libc.so.6(__libc_start_main+0xea)[0x7fb77f138d7a]
[hydra04:390150] [13] /home/thesis/jheld/MPI_Syrk_implementation/build/src/MPI_SYRK_implementation(+0x232a)[0x5613fc73b32a]
[hydra04:390150] *** End of error message ***
malloc(): invalid size (unsorted)
[hydra05:374075] *** Process received signal ***
[hydra05:374075] Signal: Aborted (6)
[hydra05:374075] Signal code:  (-6)
[hydra05:374075] [ 0] /lib/x86_64-linux-gnu/libc.so.6(+0x38de0)[0x7ff9ff8bede0]
malloc(): invalid size (unsorted)
[hydra10:485538] *** Process received signal ***
[hydra05:374075] [ 1] /lib/x86_64-linux-gnu/libc.so.6(gsignal+0x141)[0x7ff9ff8bed61]
[hydra05:374075] [ 2] /lib/x86_64-linux-gnu/libc.so.6(abort+0x123)[0x7ff9ff8a8537]
[hydra05:374075] [ 3] /lib/x86_64-linux-gnu/libc.so.6(+0x7a468)[0x7ff9ff900468]
[hydra05:374075] [ 4] /lib/x86_64-linux-gnu/libc.so.6(+0x8175a)[0x7ff9ff90775a]
[hydra05:374075] [ 5] /lib/x86_64-linux-gnu/libc.so.6(+0x8483c)[0x7ff9ff90a83c]
[hydra05:374075] [ 6] /lib/x86_64-linux-gnu/libc.so.6(__libc_calloc+0x81)[0x7ff9ff90cbd1]
[hydra05:374075] [ 7] /opt/mpi/openmpi-4.1.4//lib/libmpi.so.40(ompi_group_allocate+0x17)[0x7ffa017da1e7]
[hydra05:374075] [ 8] /opt/mpi/openmpi-4.1.4//lib/libmpi.so.40(ompi_group_incl_plist+0x65)[0x7ffa017da915]
[hydra05:374075] [ 9] /opt/mpi/openmpi-4.1.4//lib/libmpi.so.40(PMPI_Group_incl+0x95)[0x7ffa0180b185]
[hydra05:374075] [10] /home/thesis/jheld/MPI_Syrk_implementation/build/src/MPI_SYRK_implementation(+0x841a)[0x55d71902b41a]
[hydra05:374075] [11] /home/thesis/jheld/MPI_Syrk_implementation/build/src/MPI_SYRK_implementation(+0x2ab0)[0x55d719025ab0]
[hydra05:374075] [12] /lib/x86_64-linux-gnu/libc.so.6(__libc_start_main+0xea)[0x7ff9ff8a9d7a]
[hydra05:374075] [13] /home/thesis/jheld/MPI_Syrk_implementation/build/src/MPI_SYRK_implementation(+0x232a)[0x55d71902532a]
[hydra05:374075] *** End of error message ***
[hydra10:485538] Signal: Aborted (6)
[hydra10:485538] Signal code:  (-6)
[hydra10:485538] [ 0] /lib/x86_64-linux-gnu/libc.so.6(+0x38de0)[0x7fd15126ade0]
[hydra10:485538] [ 1] /lib/x86_64-linux-gnu/libc.so.6(gsignal+0x141)[0x7fd15126ad61]
[hydra10:485538] [ 2] /lib/x86_64-linux-gnu/libc.so.6(abort+0x123)[0x7fd151254537]
[hydra10:485538] [ 3] /lib/x86_64-linux-gnu/libc.so.6(+0x7a468)[0x7fd1512ac468]
malloc(): invalid size (unsorted)
[hydra10:485538] [ 4] /lib/x86_64-linux-gnu/libc.so.6(+0x8175a)[0x7fd1512b375a]
[hydra11:354461] *** Process received signal ***
[hydra10:485538] [ 5] /lib/x86_64-linux-gnu/libc.so.6(+0x8483c)[0x7fd1512b683c]
[hydra11:354461] Signal: Aborted (6)
[hydra11:354461] Signal code:  (-6)
[hydra10:485538] [ 6] /lib/x86_64-linux-gnu/libc.so.6(__libc_calloc+0x81)[0x7fd1512b8bd1]
[hydra11:354461] [ 0] /lib/x86_64-linux-gnu/libc.so.6(+0x38de0)[0x7f2acfce5de0]
[hydra10:485538] [ 7] /opt/mpi/openmpi-4.1.4//lib/libmpi.so.40(ompi_group_allocate+0x17)[0x7fd1531861e7]
[hydra11:354461] [ 1] /lib/x86_64-linux-gnu/libc.so.6(gsignal+0x141)[0x7f2acfce5d61]
[hydra10:485538] [ 8] /opt/mpi/openmpi-4.1.4//lib/libmpi.so.40(ompi_group_incl_plist+0x65)[0x7fd153186915]
[hydra11:354461] [ 2] /lib/x86_64-linux-gnu/libc.so.6(abort+0x123)[0x7f2acfccf537]
[hydra10:485538] [ 9] /opt/mpi/openmpi-4.1.4//lib/libmpi.so.40(PMPI_Group_incl+0x95)[0x7fd1531b7185]
[hydra11:354461] [ 3] /lib/x86_64-linux-gnu/libc.so.6(+0x7a468)[0x7f2acfd27468]
[hydra10:485538] [10] /home/thesis/jheld/MPI_Syrk_implementation/build/src/MPI_SYRK_implementation(+0x841a)[0x55eb90ccc41a]
[hydra11:354461] [ 4] /lib/x86_64-linux-gnu/libc.so.6(+0x8175a)[0x7f2acfd2e75a]
[hydra10:485538] [11] /home/thesis/jheld/MPI_Syrk_implementation/build/src/MPI_SYRK_implementation(+0x2ab0)[0x55eb90cc6ab0]
[hydra11:354461] [ 5] /lib/x86_64-linux-gnu/libc.so.6(+0x8483c)[0x7f2acfd3183c]
[hydra10:485538] [12] /lib/x86_64-linux-gnu/libc.so.6(__libc_start_main+0xea)[0x7fd151255d7a]
[hydra10:485538] [13] /home/thesis/jheld/MPI_Syrk_implementation/build/src/MPI_SYRK_implementation(+0x232a)[0x55eb90cc632a]
[hydra11:354461] [ 6] /lib/x86_64-linux-gnu/libc.so.6(__libc_calloc+0x81)[0x7f2acfd33bd1]
[hydra10:485538] *** End of error message ***
[hydra11:354461] [ 7] /opt/mpi/openmpi-4.1.4//lib/libmpi.so.40(ompi_group_allocate+0x17)[0x7f2ad1c011e7]
[hydra11:354461] [ 8] /opt/mpi/openmpi-4.1.4//lib/libmpi.so.40(ompi_group_incl_plist+0x65)[0x7f2ad1c01915]
[hydra11:354461] [ 9] /opt/mpi/openmpi-4.1.4//lib/libmpi.so.40(PMPI_Group_incl+0x95)[0x7f2ad1c32185]
[hydra11:354461] [10] /home/thesis/jheld/MPI_Syrk_implementation/build/src/MPI_SYRK_implementation(+0x841a)[0x55b457de941a]
[hydra11:354461] [11] /home/thesis/jheld/MPI_Syrk_implementation/build/src/MPI_SYRK_implementation(+0x2ab0)[0x55b457de3ab0]
[hydra11:354461] [12] /lib/x86_64-linux-gnu/libc.so.6(__libc_start_main+0xea)[0x7f2acfcd0d7a]
[hydra11:354461] [13] /home/thesis/jheld/MPI_Syrk_implementation/build/src/MPI_SYRK_implementation(+0x232a)[0x55b457de332a]
[hydra11:354461] *** End of error message ***
[hydra02:560216] [ 8] /opt/mpi/openmpi-4.1.4//lib/libmpi.so.40(ompi_group_incl_plist+0x65)[0x7f5c4d31a915]
[hydra02:560216] [ 9] /opt/mpi/openmpi-4.1.4//lib/libmpi.so.40(PMPI_Group_incl+0x95)[0x7f5c4d34b185]
[hydra02:560216] [10] /home/thesis/jheld/MPI_Syrk_implementation/build/src/MPI_SYRK_implementation(+0x841a)[0x5564b3a5341a]
[hydra02:560216] [11] /home/thesis/jheld/MPI_Syrk_implementation/build/src/MPI_SYRK_implementation(+0x2ab0)[0x5564b3a4dab0]
[hydra02:560216] [12] /lib/x86_64-linux-gnu/libc.so.6(__libc_start_main+0xea)[0x7f5c4b3e9d7a]
[hydra02:560216] [13] /home/thesis/jheld/MPI_Syrk_implementation/build/src/MPI_SYRK_implementation(+0x232a)[0x5564b3a4d32a]
[hydra07:401155] [ 8] /opt/mpi/openmpi-4.1.4//lib/libmpi.so.40(ompi_group_incl_plist+0x65)[0x7f71c7942915]
[hydra02:560216] *** End of error message ***
[hydra07:401153] *** End of error message ***
[hydra07:401155] [ 9] /opt/mpi/openmpi-4.1.4//lib/libmpi.so.40(PMPI_Group_incl+0x95)[0x7f71c7973185]
[hydra07:401155] [10] /home/thesis/jheld/MPI_Syrk_implementation/build/src/MPI_SYRK_implementation(+0x841a)[0x55f031c9f41a]
[hydra07:401155] [11] /home/thesis/jheld/MPI_Syrk_implementation/build/src/MPI_SYRK_implementation(+0x2ab0)[0x55f031c99ab0]
[hydra07:401155] [12] /lib/x86_64-linux-gnu/libc.so.6(__libc_start_main+0xea)[0x7f71c5a11d7a]
[hydra07:401155] [13] /home/thesis/jheld/MPI_Syrk_implementation/build/src/MPI_SYRK_implementation(+0x232a)[0x55f031c9932a]
[hydra07:401155] *** End of error message ***
srun: error: hydra09: task 24: Aborted
srun: error: hydra04: task 11: Aborted
srun: error: hydra10: task 27: Aborted
srun: error: hydra06: task 16: Aborted
srun: error: hydra12: task 35: Aborted
srun: error: hydra08: task 23: Aborted
srun: error: hydra11: tasks 31-32: Aborted
srun: error: hydra03: tasks 6,8: Aborted
srun: error: hydra07: tasks 18,20: Aborted
srun: error: hydra05: tasks 12,14: Aborted
srun: error: hydra02: tasks 3-4: Aborted
slurmstepd: error:  mpi/pmix_v4: _errhandler: hydra12 [11]: pmixp_client_v2.c:211: Error handler invoked: status = -61, source = [slurm.pmix.5008690.23:35]
slurmstepd: error:  mpi/pmix_v4: _errhandler: hydra09 [8]: pmixp_client_v2.c:211: Error handler invoked: status = -61, source = [slurm.pmix.5008690.23:24]
slurmstepd: error:  mpi/pmix_v4: _errhandler: hydra08 [7]: pmixp_client_v2.c:211: Error handler invoked: status = -61, source = [slurm.pmix.5008690.23:23]
slurmstepd: error:  mpi/pmix_v4: _errhandler: hydra04 [3]: pmixp_client_v2.c:211: Error handler invoked: status = -61, source = [slurm.pmix.5008690.23:11]
slurmstepd: error:  mpi/pmix_v4: _errhandler: hydra06 [5]: pmixp_client_v2.c:211: Error handler invoked: status = -61, source = [slurm.pmix.5008690.23:16]
slurmstepd: error:  mpi/pmix_v4: _errhandler: hydra03 [2]: pmixp_client_v2.c:211: Error handler invoked: status = -61, source = [slurm.pmix.5008690.23:8]
slurmstepd: error:  mpi/pmix_v4: _errhandler: hydra07 [6]: pmixp_client_v2.c:211: Error handler invoked: status = -61, source = [slurm.pmix.5008690.23:20]
slurmstepd: error:  mpi/pmix_v4: _errhandler: hydra02 [1]: pmixp_client_v2.c:211: Error handler invoked: status = -61, source = [slurm.pmix.5008690.23:4]
slurmstepd: error:  mpi/pmix_v4: _errhandler: hydra10 [9]: pmixp_client_v2.c:211: Error handler invoked: status = -61, source = [slurm.pmix.5008690.23:27]
slurmstepd: error:  mpi/pmix_v4: _errhandler: hydra05 [4]: pmixp_client_v2.c:211: Error handler invoked: status = -61, source = [slurm.pmix.5008690.23:12]
slurmstepd: error:  mpi/pmix_v4: _errhandler: hydra11 [10]: pmixp_client_v2.c:211: Error handler invoked: status = -61, source = [slurm.pmix.5008690.23:32]
slurmstepd: error: *** STEP 5008690.23 ON hydra01 CANCELLED AT 2025-10-13T15:28:11 ***
srun: Job step aborted: Waiting up to 32 seconds for job step to finish.
srun: error: hydra02: task 5: Killed
srun: error: hydra11: task 30: Killed
srun: error: hydra05: task 13: Killed
srun: error: hydra03: task 7: Killed
srun: error: hydra07: task 19: Killed
srun: error: hydra04: tasks 9-10: Killed
srun: error: hydra09: tasks 25-26: Killed
srun: error: hydra06: tasks 15,17: Killed
srun: error: hydra12: tasks 33-34: Killed
srun: error: hydra10: tasks 28-29: Killed
srun: error: hydra08: tasks 21-22: Killed
srun: error: hydra01: tasks 0-2: Killed
⚠️ Warning: No runtime found for run 24
srun: Warning: can't honor --ntasks-per-node set to 1 which doesn't match the requested tasks 36 with the number of requested nodes 12. Ignoring --ntasks-per-node.
missing input file name --> Generate random input
malloc(): invalid size (unsorted)
[hydra01:875037] *** Process received signal ***
malloc(): invalid size (unsorted)
[hydra01:875037] Signal: Aborted (6)
[hydra01:875037] Signal code:  (-6)
malloc(): invalid size (unsorted)
[hydra04:390217] *** Process received signal ***
[hydra04:390217] Signal: Aborted (6)
[hydra04:390217] Signal code:  (-6)
malloc(): invalid size (unsorted)
[hydra05:374144] *** Process received signal ***
[hydra01:875037] [ 0] /lib/x86_64-linux-gnu/libc.so.6(+0x38de0)[0x7f237cf8fde0]
[hydra01:875037] [ 1] /lib/x86_64-linux-gnu/libc.so.6(gsignal+0x141)[0x7f237cf8fd61]
[hydra01:875037] [ 2] /lib/x86_64-linux-gnu/libc.so.6(abort+0x123)[0x7f237cf79537]
[hydra01:875037] [ 3] /lib/x86_64-linux-gnu/libc.so.6(+0x7a468)[0x7f237cfd1468]
malloc(): invalid size (unsorted)
[hydra03:391440] *** Process received signal ***
[hydra01:875037] [ 4] /lib/x86_64-linux-gnu/libc.so.6(+0x8175a)[0x7f237cfd875a]
[hydra01:875037] [ 5] /lib/x86_64-linux-gnu/libc.so.6(+0x8483c)[0x7f237cfdb83c]
malloc(): invalid size (unsorted)
[hydra02:560300] *** Process received signal ***
[hydra02:560300] Signal: Aborted (6)
[hydra02:560300] Signal code:  (-6)
[hydra02:560299] *** Process received signal ***
[hydra02:560299] Signal: Aborted (6)
[hydra02:560299] Signal code:  (-6)
[hydra01:875037] [ 6] /lib/x86_64-linux-gnu/libc.so.6(__libc_calloc+0x81)[0x7f237cfddbd1]
[hydra02:560299] [ 0] /lib/x86_64-linux-gnu/libc.so.6(+0x38de0)[0x7f54e840dde0]
[hydra02:560300] [ 0] /lib/x86_64-linux-gnu/libc.so.6(+0x38de0)[0x7f9567d54de0]
[hydra02:560299] [ 1] /lib/x86_64-linux-gnu/libc.so.6(gsignal+0x141)[0x7f54e840dd61]
malloc(): invalid size (unsorted)
[hydra10:485612] *** Process received signal ***
[hydra10:485612] Signal: Aborted (6)
[hydra10:485612] Signal code:  (-6)
[hydra01:875037] [ 7] /opt/mpi/openmpi-4.1.4//lib/libmpi.so.40(ompi_group_allocate+0x17)[0x7f237eeab1e7]
[hydra02:560300] [ 1] /lib/x86_64-linux-gnu/libc.so.6(gsignal+0x141)[0x7f9567d54d61]
[hydra01:875037] [ 8] /opt/mpi/openmpi-4.1.4//lib/libmpi.so.40(ompi_group_incl_plist+0x65)[0x7f237eeab915]
[hydra02:560299] [ 2] /lib/x86_64-linux-gnu/libc.so.6(abort+0x123)[0x7f54e83f7537]
[hydra02:560300] [ 2] /lib/x86_64-linux-gnu/libc.so.6(abort+0x123)[0x7f9567d3e537]
[hydra02:560299] [ 3] /lib/x86_64-linux-gnu/libc.so.6(+0x7a468)[0x7f54e844f468]
[hydra01:875037] [ 9] /opt/mpi/openmpi-4.1.4//lib/libmpi.so.40(PMPI_Group_incl+0x95)[0x7f237eedc185]
[hydra02:560300] [ 3] /lib/x86_64-linux-gnu/libc.so.6(+0x7a468)[0x7f9567d96468]
malloc(): invalid size (unsorted)
[hydra01:875037] [10] /home/thesis/jheld/MPI_Syrk_implementation/build/src/MPI_SYRK_implementation(+0x841a)[0x556bad32241a]
[hydra01:875037] [11] /home/thesis/jheld/MPI_Syrk_implementation/build/src/MPI_SYRK_implementation(+0x2ab0)[0x556bad31cab0]
[hydra02:560299] [ 4] /lib/x86_64-linux-gnu/libc.so.6(+0x8175a)[0x7f54e845675a]
malloc(): invalid size (unsorted)
[hydra07:401222] *** Process received signal ***
[hydra01:875037] [12] /lib/x86_64-linux-gnu/libc.so.6(__libc_start_main+0xea)[0x7f237cf7ad7a]
[hydra01:875037] [13] /home/thesis/jheld/MPI_Syrk_implementation/build/src/MPI_SYRK_implementation(+0x232a)[0x556bad31c32a]
[hydra01:875037] *** End of error message ***
[hydra02:560300] [ 4] /lib/x86_64-linux-gnu/libc.so.6(+0x8175a)[0x7f9567d9d75a]
[hydra02:560299] [ 5] /lib/x86_64-linux-gnu/libc.so.6(+0x8483c)[0x7f54e845983c]
[hydra02:560300] [ 5] /lib/x86_64-linux-gnu/libc.so.6(+0x8483c)[0x7f9567da083c]
[hydra02:560299] [ 6] /lib/x86_64-linux-gnu/libc.so.6(__libc_calloc+0x81)[0x7f54e845bbd1]
[hydra02:560300] [ 6] /lib/x86_64-linux-gnu/libc.so.6(__libc_calloc+0x81)[0x7f9567da2bd1]
[hydra04:390217] [ 0] /lib/x86_64-linux-gnu/libc.so.6(+0x38de0)[0x7f97c2254de0]
[hydra02:560299] [ 7] /opt/mpi/openmpi-4.1.4//lib/libmpi.so.40(ompi_group_allocate+0x17)[0x7f54ea3291e7]
[hydra05:374144] Signal: Aborted (6)
[hydra05:374144] Signal code:  (-6)
[hydra04:390217] [ 1] /lib/x86_64-linux-gnu/libc.so.6(gsignal+0x141)[0x7f97c2254d61]
[hydra02:560300] [ 7] /opt/mpi/openmpi-4.1.4//lib/libmpi.so.40(ompi_group_allocate+0x17)[0x7f9569c701e7]
[hydra05:374144] [ 0] /lib/x86_64-linux-gnu/libc.so.6(+0x38de0)[0x7ffb85d2ade0]
[hydra04:390217] [ 2] /lib/x86_64-linux-gnu/libc.so.6(abort+0x123)[0x7f97c223e537]
[hydra02:560299] [ 8] /opt/mpi/openmpi-4.1.4//lib/libmpi.so.40(ompi_group_incl_plist+0x65)[0x7f54ea329915]
[hydra05:374144] [ 1] /lib/x86_64-linux-gnu/libc.so.6(gsignal+0x141)[0x7ffb85d2ad61]
[hydra04:390217] [ 3] /lib/x86_64-linux-gnu/libc.so.6(+0x7a468)[0x7f97c2296468]
[hydra05:374144] [ 2] /lib/x86_64-linux-gnu/libc.so.6(abort+0x123)[0x7ffb85d14537]
[hydra04:390217] [ 4] /lib/x86_64-linux-gnu/libc.so.6(+0x8175a)[0x7f97c229d75a]
[hydra05:374144] [ 3] /lib/x86_64-linux-gnu/libc.so.6(+0x7a468)[0x7ffb85d6c468]
[hydra04:390217] [ 5] /lib/x86_64-linux-gnu/libc.so.6(+0x8483c)[0x7f97c22a083c]
[hydra05:374144] [ 4] /lib/x86_64-linux-gnu/libc.so.6(+0x8175a)[0x7ffb85d7375a]
[hydra03:391440] Signal: Aborted (6)
[hydra03:391440] Signal code:  (-6)
[hydra04:390217] [ 6] /lib/x86_64-linux-gnu/libc.so.6(__libc_calloc+0x81)[0x7f97c22a2bd1]
[hydra05:374144] [ 5] /lib/x86_64-linux-gnu/libc.so.6(+0x8483c)[0x7ffb85d7683c]
malloc(): invalid size (unsorted)
[hydra04:390217] [ 7] /opt/mpi/openmpi-4.1.4//lib/libmpi.so.40(ompi_group_allocate+0x17)[0x7f97c41701e7]
[hydra05:374144] [ 6] /lib/x86_64-linux-gnu/libc.so.6(__libc_calloc+0x81)[0x7ffb85d78bd1]
[hydra03:391439] *** Process received signal ***
[hydra04:390217] [ 8] /opt/mpi/openmpi-4.1.4//lib/libmpi.so.40(ompi_group_incl_plist+0x65)[0x7f97c4170915]
malloc(): invalid size (unsorted)
[hydra03:391440] [ 0] /lib/x86_64-linux-gnu/libc.so.6(+0x38de0)[0x7f78fc1c4de0]
[hydra04:390217] [ 9] /opt/mpi/openmpi-4.1.4//lib/libmpi.so.40(PMPI_Group_incl+0x95)[0x7f97c41a1185]
[hydra05:374144] [ 7] /opt/mpi/openmpi-4.1.4//lib/libmpi.so.40(ompi_group_allocate+0x17)[0x7ffb87c461e7]
malloc(): invalid size (unsorted)
[hydra03:391439] Signal: Aborted (6)
[hydra03:391439] Signal code:  (-6)
[hydra04:390217] [10] /home/thesis/jheld/MPI_Syrk_implementation/build/src/MPI_SYRK_implementation(+0x841a)[0x55e4b21ea41a]
[hydra04:390217] [11] /home/thesis/jheld/MPI_Syrk_implementation/build/src/MPI_SYRK_implementation(+0x2ab0)[0x55e4b21e4ab0]
[hydra05:374144] [ 8] /opt/mpi/openmpi-4.1.4//lib/libmpi.so.40(ompi_group_incl_plist+0x65)[0x7ffb87c46915]
[hydra03:391440] [ 1] /lib/x86_64-linux-gnu/libc.so.6(gsignal+0x141)[0x7f78fc1c4d61]
[hydra04:390217] [12] /lib/x86_64-linux-gnu/libc.so.6(__libc_start_main+0xea)[0x7f97c223fd7a]
[hydra04:390217] [13] /home/thesis/jheld/MPI_Syrk_implementation/build/src/MPI_SYRK_implementation(+0x232a)[0x55e4b21e432a]
[hydra05:374142] *** Process received signal ***
malloc(): invalid size (unsorted)
[hydra03:391440] [ 2] /lib/x86_64-linux-gnu/libc.so.6(abort+0x123)[0x7f78fc1ae537]
[hydra04:390217] *** End of error message ***
[hydra05:374144] [ 9] /opt/mpi/openmpi-4.1.4//lib/libmpi.so.40(PMPI_Group_incl+0x95)[0x7ffb87c77185]
[hydra05:374144] [10] /home/thesis/jheld/MPI_Syrk_implementation/build/src/MPI_SYRK_implementation(+0x841a)[0x56115a17341a]
[hydra10:485613] *** Process received signal ***
[hydra03:391440] [ 3] /lib/x86_64-linux-gnu/libc.so.6(+0x7a468)[0x7f78fc206468]
[hydra05:374144] [11] /home/thesis/jheld/MPI_Syrk_implementation/build/src/MPI_SYRK_implementation(+0x2ab0)[0x56115a16dab0]
[hydra10:485613] Signal: Aborted (6)
[hydra10:485613] Signal code:  (-6)
[hydra03:391440] [ 4] /lib/x86_64-linux-gnu/libc.so.6(+0x8175a)[0x7f78fc20d75a]
malloc(): invalid size (unsorted)
[hydra05:374142] Signal: Aborted (6)
[hydra05:374142] Signal code:  (-6)
[hydra10:485612] [ 0] /lib/x86_64-linux-gnu/libc.so.6(+0x38de0)[0x7f32daf3ede0]
[hydra03:391439] [ 0] /lib/x86_64-linux-gnu/libc.so.6(+0x38de0)[0x7fbca2abbde0]
[hydra05:374144] [12] /lib/x86_64-linux-gnu/libc.so.6(__libc_start_main+0xea)[0x7ffb85d15d7a]
[hydra05:374144] [13] /home/thesis/jheld/MPI_Syrk_implementation/build/src/MPI_SYRK_implementation(+0x232a)[0x56115a16d32a]
[hydra05:374144] *** End of error message ***
[hydra10:485612] [ 1] /lib/x86_64-linux-gnu/libc.so.6(gsignal+0x141)[0x7f32daf3ed61]
[hydra03:391440] [ 5] /lib/x86_64-linux-gnu/libc.so.6(+0x8483c)[0x7f78fc21083c]
[hydra10:485612] [ 2] /lib/x86_64-linux-gnu/libc.so.6(abort+0x123)[0x7f32daf28537]
[hydra03:391439] [ 1] /lib/x86_64-linux-gnu/libc.so.6(gsignal+0x141)[0x7fbca2abbd61]
[hydra10:485612] [ 3] /lib/x86_64-linux-gnu/libc.so.6(+0x7a468)[0x7f32daf80468]
[hydra03:391439] [ 2] /lib/x86_64-linux-gnu/libc.so.6(abort+0x123)[0x7fbca2aa5537]
[hydra10:485613] [ 0] /lib/x86_64-linux-gnu/libc.so.6(+0x38de0)[0x7f6dab592de0]
[hydra03:391440] [ 6] /lib/x86_64-linux-gnu/libc.so.6(__libc_calloc+0x81)[0x7f78fc212bd1]
[hydra10:485613] [ 1] /lib/x86_64-linux-gnu/libc.so.6(gsignal+0x141)[0x7f6dab592d61]
[hydra03:391440] [ 7] /opt/mpi/openmpi-4.1.4//lib/libmpi.so.40(ompi_group_allocate+0x17)[0x7f78fe0e01e7]
[hydra10:485612] [ 4] /lib/x86_64-linux-gnu/libc.so.6(+0x8175a)[0x7f32daf8775a]
[hydra03:391439] [ 3] /lib/x86_64-linux-gnu/libc.so.6(+0x7a468)[0x7fbca2afd468]
malloc(): invalid size (unsorted)
[hydra08:376498] *** Process received signal ***
[hydra10:485613] [ 2] /lib/x86_64-linux-gnu/libc.so.6(abort+0x123)[0x7f6dab57c537]
[hydra03:391440] [ 8] /opt/mpi/openmpi-4.1.4//lib/libmpi.so.40(ompi_group_incl_plist+0x65)[0x7f78fe0e0915]
[hydra10:485612] [ 5] /lib/x86_64-linux-gnu/libc.so.6(+0x8483c)[0x7f32daf8a83c]
[hydra03:391439] [ 4] /lib/x86_64-linux-gnu/libc.so.6(+0x8175a)[0x7fbca2b0475a]
[hydra10:485613] [ 3] /lib/x86_64-linux-gnu/libc.so.6(+0x7a468)[0x7f6dab5d4468]
[hydra03:391440] [ 9] /opt/mpi/openmpi-4.1.4//lib/libmpi.so.40(PMPI_Group_incl+0x95)[0x7f78fe111185]
[hydra10:485612] [ 6] /lib/x86_64-linux-gnu/libc.so.6(__libc_calloc+0x81)[0x7f32daf8cbd1]
[hydra03:391440] [10] /home/thesis/jheld/MPI_Syrk_implementation/build/src/MPI_SYRK_implementation(+0x841a)[0x55f5e5b3e41a]
[hydra03:391440] [11] /home/thesis/jheld/MPI_Syrk_implementation/build/src/MPI_SYRK_implementation(+0x2ab0)[0x55f5e5b38ab0]
[hydra10:485612] [ 7] /opt/mpi/openmpi-4.1.4//lib/libmpi.so.40(ompi_group_allocate+0x17)[0x7f32dce5a1e7]
[hydra03:391439] [ 5] /lib/x86_64-linux-gnu/libc.so.6(+0x8483c)[0x7fbca2b0783c]
[hydra10:485613] [ 4] /lib/x86_64-linux-gnu/libc.so.6(+0x8175a)[0x7f6dab5db75a]
[hydra03:391440] [12] /lib/x86_64-linux-gnu/libc.so.6(__libc_start_main+0xea)[0x7f78fc1afd7a]
[hydra03:391440] [13] /home/thesis/jheld/MPI_Syrk_implementation/build/src/MPI_SYRK_implementation(+0x232a)[0x55f5e5b3832a]
[hydra10:485612] [ 8] /opt/mpi/openmpi-4.1.4//lib/libmpi.so.40(ompi_group_incl_plist+0x65)[0x7f32dce5a915]
[hydra03:391439] [ 6] /lib/x86_64-linux-gnu/libc.so.6(__libc_calloc+0x81)[0x7fbca2b09bd1]
[hydra10:485613] [ 5] /lib/x86_64-linux-gnu/libc.so.6(+0x8483c)[0x7f6dab5de83c]
[hydra03:391440] *** End of error message ***
[hydra10:485612] [ 9] /opt/mpi/openmpi-4.1.4//lib/libmpi.so.40(PMPI_Group_incl+0x95)[0x7f32dce8b185]
[hydra10:485612] [10] /home/thesis/jheld/MPI_Syrk_implementation/build/src/MPI_SYRK_implementation(+0x841a)[0x55c43f8dc41a]
[hydra10:485612] [11] /home/thesis/jheld/MPI_Syrk_implementation/build/src/MPI_SYRK_implementation(+0x2ab0)[0x55c43f8d6ab0]
[hydra10:485613] [ 6] /lib/x86_64-linux-gnu/libc.so.6(__libc_calloc+0x81)[0x7f6dab5e0bd1]
[hydra12:354572] *** Process received signal ***
[hydra12:354572] Signal: Aborted (6)
[hydra12:354572] Signal code:  (-6)
malloc(): invalid size (unsorted)
[hydra10:485612] [12] /lib/x86_64-linux-gnu/libc.so.6(__libc_start_main+0xea)[0x7f32daf29d7a]
[hydra07:401222] Signal: Aborted (6)
[hydra07:401222] Signal code:  (-6)
[hydra12:354572] [ 0] /lib/x86_64-linux-gnu/libc.so.6(+0x38de0)[0x7f8581661de0]
[hydra10:485613] [ 7] /opt/mpi/openmpi-4.1.4//lib/libmpi.so.40(ompi_group_allocate+0x17)[0x7f6dad4ae1e7]
[hydra07:401222] [ 0] /lib/x86_64-linux-gnu/libc.so.6(+0x38de0)[0x7ff96debdde0]
[hydra12:354572] [ 1] /lib/x86_64-linux-gnu/libc.so.6(gsignal+0x141)[0x7f8581661d61]
[hydra10:485612] [13] /home/thesis/jheld/MPI_Syrk_implementation/build/src/MPI_SYRK_implementation(+0x232a)[0x55c43f8d632a]
[hydra10:485612] *** End of error message ***
[hydra07:401222] [ 1] /lib/x86_64-linux-gnu/libc.so.6(gsignal+0x141)[0x7ff96debdd61]
[hydra12:354572] [ 2] /lib/x86_64-linux-gnu/libc.so.6(abort+0x123)[0x7f858164b537]
[hydra10:485613] [ 8] /opt/mpi/openmpi-4.1.4//lib/libmpi.so.40(ompi_group_incl_plist+0x65)[0x7f6dad4ae915]
[hydra07:401222] [ 2] /lib/x86_64-linux-gnu/libc.so.6(abort+0x123)[0x7ff96dea7537]
[hydra12:354572] [ 3] /lib/x86_64-linux-gnu/libc.so.6(+0x7a468)[0x7f85816a3468]
[hydra05:374142] [ 0] /lib/x86_64-linux-gnu/libc.so.6(+0x38de0)[0x7f5d24841de0]
[hydra10:485613] [ 9] /opt/mpi/openmpi-4.1.4//lib/libmpi.so.40(PMPI_Group_incl+0x95)[0x7f6dad4df185]
[hydra07:401222] [ 3] /lib/x86_64-linux-gnu/libc.so.6(+0x7a468)[0x7ff96deff468]
[hydra12:354572] [ 4] /lib/x86_64-linux-gnu/libc.so.6(+0x8175a)[0x7f85816aa75a]
[hydra05:374142] [ 1] /lib/x86_64-linux-gnu/libc.so.6(gsignal+0x141)[0x7f5d24841d61]
[hydra05:374142] [ 2] /lib/x86_64-linux-gnu/libc.so.6(abort+0x123)[0x7f5d2482b537]
[hydra10:485613] [10] /home/thesis/jheld/MPI_Syrk_implementation/build/src/MPI_SYRK_implementation(+0x841a)[0x5613c2b9541a]
[hydra10:485613] [11] /home/thesis/jheld/MPI_Syrk_implementation/build/src/MPI_SYRK_implementation(+0x2ab0)[0x5613c2b8fab0]
[hydra07:401222] [ 4] /lib/x86_64-linux-gnu/libc.so.6(+0x8175a)[0x7ff96df0675a]
[hydra12:354572] [ 5] /lib/x86_64-linux-gnu/libc.so.6(+0x8483c)[0x7f85816ad83c]
[hydra05:374142] [ 3] /lib/x86_64-linux-gnu/libc.so.6(+0x7a468)[0x7f5d24883468]
[hydra10:485613] [12] /lib/x86_64-linux-gnu/libc.so.6(__libc_start_main+0xea)[0x7f6dab57dd7a]
[hydra10:485613] [13] /home/thesis/jheld/MPI_Syrk_implementation/build/src/MPI_SYRK_implementation(+0x232a)[0x5613c2b8f32a]
[hydra10:485613] *** End of error message ***
[hydra07:401222] [ 5] /lib/x86_64-linux-gnu/libc.so.6(+0x8483c)[0x7ff96df0983c]
[hydra12:354572] [ 6] /lib/x86_64-linux-gnu/libc.so.6(__libc_calloc+0x81)[0x7f85816afbd1]
[hydra05:374142] [ 4] /lib/x86_64-linux-gnu/libc.so.6(+0x8175a)[0x7f5d2488a75a]
[hydra07:401222] [ 6] /lib/x86_64-linux-gnu/libc.so.6(__libc_calloc+0x81)[0x7ff96df0bbd1]
[hydra12:354572] [ 7] /opt/mpi/openmpi-4.1.4//lib/libmpi.so.40(ompi_group_allocate+0x17)[0x7f858357d1e7]
[hydra05:374142] [ 5] /lib/x86_64-linux-gnu/libc.so.6(+0x8483c)[0x7f5d2488d83c]
[hydra07:401222] [ 7] /opt/mpi/openmpi-4.1.4//lib/libmpi.so.40(ompi_group_allocate+0x17)[0x7ff96fdd91e7]
[hydra12:354572] [ 8] /opt/mpi/openmpi-4.1.4//lib/libmpi.so.40(ompi_group_incl_plist+0x65)[0x7f858357d915]
[hydra05:374142] [ 6] /lib/x86_64-linux-gnu/libc.so.6(__libc_calloc+0x81)[0x7f5d2488fbd1]
[hydra07:401222] [ 8] /opt/mpi/openmpi-4.1.4//lib/libmpi.so.40(ompi_group_incl_plist+0x65)[0x7ff96fdd9915]
[hydra12:354572] [ 9] /opt/mpi/openmpi-4.1.4//lib/libmpi.so.40(PMPI_Group_incl+0x95)[0x7f85835ae185]
[hydra12:354572] [10] /home/thesis/jheld/MPI_Syrk_implementation/build/src/MPI_SYRK_implementation(+0x841a)[0x5603513da41a]
[hydra05:374142] [ 7] /opt/mpi/openmpi-4.1.4//lib/libmpi.so.40(ompi_group_allocate+0x17)[0x7f5d2675d1e7]
[hydra07:401222] [ 9] /opt/mpi/openmpi-4.1.4//lib/libmpi.so.40(PMPI_Group_incl+0x95)[0x7ff96fe0a185]
[hydra12:354572] [11] /home/thesis/jheld/MPI_Syrk_implementation/build/src/MPI_SYRK_implementation(+0x2ab0)[0x5603513d4ab0]
[hydra05:374142] [ 8] /opt/mpi/openmpi-4.1.4//lib/libmpi.so.40(ompi_group_incl_plist+0x65)[0x7f5d2675d915]
[hydra07:401222] [10] /home/thesis/jheld/MPI_Syrk_implementation/build/src/MPI_SYRK_implementation(+0x841a)[0x55750061441a]
[hydra12:354572] [12] /lib/x86_64-linux-gnu/libc.so.6(__libc_start_main+0xea)[0x7f858164cd7a]
[hydra12:354572] [13] /home/thesis/jheld/MPI_Syrk_implementation/build/src/MPI_SYRK_implementation(+0x232a)[0x5603513d432a]
[hydra05:374142] [ 9] /opt/mpi/openmpi-4.1.4//lib/libmpi.so.40(PMPI_Group_incl+0x95)[0x7f5d2678e185]
[hydra07:401222] [11] /home/thesis/jheld/MPI_Syrk_implementation/build/src/MPI_SYRK_implementation(+0x2ab0)[0x55750060eab0]
[hydra12:354572] *** End of error message ***
[hydra05:374142] [10] /home/thesis/jheld/MPI_Syrk_implementation/build/src/MPI_SYRK_implementation(+0x841a)[0x55edaeec041a]
[hydra05:374142] [11] /home/thesis/jheld/MPI_Syrk_implementation/build/src/MPI_SYRK_implementation(+0x2ab0)[0x55edaeebaab0]
[hydra06:374843] *** Process received signal ***
[hydra06:374843] Signal: Aborted (6)
[hydra06:374843] Signal code:  (-6)
[hydra07:401222] [12] /lib/x86_64-linux-gnu/libc.so.6(__libc_start_main+0xea)[0x7ff96dea8d7a]
[hydra07:401222] [13] /home/thesis/jheld/MPI_Syrk_implementation/build/src/MPI_SYRK_implementation(+0x232a)[0x55750060e32a]
[hydra05:374142] [12] /lib/x86_64-linux-gnu/libc.so.6(__libc_start_main+0xea)[0x7f5d2482cd7a]
[hydra05:374142] [13] /home/thesis/jheld/MPI_Syrk_implementation/build/src/MPI_SYRK_implementation(+0x232a)[0x55edaeeba32a]
[hydra06:374843] [ 0] /lib/x86_64-linux-gnu/libc.so.6(+0x38de0)[0x7f8201537de0]
[hydra07:401222] *** End of error message ***
[hydra05:374142] *** End of error message ***
[hydra06:374843] [ 1] /lib/x86_64-linux-gnu/libc.so.6(gsignal+0x141)[0x7f8201537d61]
malloc(): invalid size (unsorted)
[hydra06:374843] [ 2] /lib/x86_64-linux-gnu/libc.so.6(abort+0x123)[0x7f8201521537]
[hydra07:401224] *** Process received signal ***
[hydra06:374843] [ 3] /lib/x86_64-linux-gnu/libc.so.6(+0x7a468)[0x7f8201579468]
[hydra07:401224] Signal: Aborted (6)
[hydra07:401224] Signal code:  (-6)
[hydra06:374843] [ 4] /lib/x86_64-linux-gnu/libc.so.6(+0x8175a)[0x7f820158075a]
[hydra08:376498] Signal: Aborted (6)
[hydra08:376498] Signal code:  (-6)
[hydra06:374843] [ 5] /lib/x86_64-linux-gnu/libc.so.6(+0x8483c)[0x7f820158383c]
malloc(): invalid size (unsorted)
[hydra06:374843] [ 6] /lib/x86_64-linux-gnu/libc.so.6(__libc_calloc+0x81)[0x7f8201585bd1]
[hydra09:367817] *** Process received signal ***
[hydra09:367817] Signal: Aborted (6)
[hydra09:367817] Signal code:  (-6)
[hydra08:376497] *** Process received signal ***
[hydra06:374843] [ 7] /opt/mpi/openmpi-4.1.4//lib/libmpi.so.40(ompi_group_allocate+0x17)[0x7f82034531e7]
[hydra09:367817] [ 0] /lib/x86_64-linux-gnu/libc.so.6(+0x38de0)[0x7f6a0a760de0]
[hydra08:376497] Signal: Aborted (6)
[hydra08:376497] Signal code:  (-6)
[hydra06:374843] [ 8] /opt/mpi/openmpi-4.1.4//lib/libmpi.so.40(ompi_group_incl_plist+0x65)[0x7f8203453915]
[hydra09:367817] [ 1] /lib/x86_64-linux-gnu/libc.so.6(gsignal+0x141)[0x7f6a0a760d61]
[hydra08:376498] [ 0] /lib/x86_64-linux-gnu/libc.so.6(+0x38de0)[0x7f212bf45de0]
[hydra06:374843] [ 9] /opt/mpi/openmpi-4.1.4//lib/libmpi.so.40(PMPI_Group_incl+0x95)[0x7f8203484185]
[hydra09:367817] [ 2] /lib/x86_64-linux-gnu/libc.so.6(abort+0x123)[0x7f6a0a74a537]
[hydra08:376498] [ 1] /lib/x86_64-linux-gnu/libc.so.6(gsignal+0x141)[0x7f212bf45d61]
[hydra06:374843] [10] /home/thesis/jheld/MPI_Syrk_implementation/build/src/MPI_SYRK_implementation(+0x841a)[0x55b5852b441a]
[hydra09:367817] [ 3] /lib/x86_64-linux-gnu/libc.so.6(+0x7a468)[0x7f6a0a7a2468]
[hydra08:376498] [ 2] /lib/x86_64-linux-gnu/libc.so.6(abort+0x123)[0x7f212bf2f537]
[hydra06:374843] [11] /home/thesis/jheld/MPI_Syrk_implementation/build/src/MPI_SYRK_implementation(+0x2ab0)[0x55b5852aeab0]
malloc(): invalid size (unsorted)
[hydra09:367817] [ 4] /lib/x86_64-linux-gnu/libc.so.6(+0x8175a)[0x7f6a0a7a975a]
[hydra08:376498] [ 3] /lib/x86_64-linux-gnu/libc.so.6(+0x7a468)[0x7f212bf87468]
[hydra06:374843] [12] /lib/x86_64-linux-gnu/libc.so.6(__libc_start_main+0xea)[0x7f8201522d7a]
[hydra04:390216] *** Process received signal ***
[hydra09:367817] [ 5] /lib/x86_64-linux-gnu/libc.so.6(+0x8483c)[0x7f6a0a7ac83c]
[hydra08:376498] [ 4] /lib/x86_64-linux-gnu/libc.so.6(+0x8175a)[0x7f212bf8e75a]
[hydra06:374843] [13] /home/thesis/jheld/MPI_Syrk_implementation/build/src/MPI_SYRK_implementation(+0x232a)[0x55b5852ae32a]
[hydra06:374843] *** End of error message ***
[hydra04:390216] Signal: Aborted (6)
[hydra04:390216] Signal code:  (-6)
[hydra09:367817] [ 6] /lib/x86_64-linux-gnu/libc.so.6(__libc_calloc+0x81)[0x7f6a0a7aebd1]
[hydra08:376498] [ 5] /lib/x86_64-linux-gnu/libc.so.6(+0x8483c)[0x7f212bf9183c]
[hydra04:390216] [ 0] /lib/x86_64-linux-gnu/libc.so.6(+0x38de0)[0x7f0f138b6de0]
[hydra09:367817] [ 7] /opt/mpi/openmpi-4.1.4//lib/libmpi.so.40(ompi_group_allocate+0x17)[0x7f6a0c67c1e7]
[hydra08:376498] [ 6] /lib/x86_64-linux-gnu/libc.so.6(__libc_calloc+0x81)[0x7f212bf93bd1]
[hydra04:390216] [ 1] /lib/x86_64-linux-gnu/libc.so.6(gsignal+0x141)[0x7f0f138b6d61]
[hydra09:367817] [ 8] /opt/mpi/openmpi-4.1.4//lib/libmpi.so.40(ompi_group_incl_plist+0x65)[0x7f6a0c67c915]
[hydra08:376498] [ 7] /opt/mpi/openmpi-4.1.4//lib/libmpi.so.40(ompi_group_allocate+0x17)[0x7f212de611e7]
[hydra04:390216] [ 2] /lib/x86_64-linux-gnu/libc.so.6(abort+0x123)[0x7f0f138a0537]
[hydra09:367817] [ 9] /opt/mpi/openmpi-4.1.4//lib/libmpi.so.40(PMPI_Group_incl+0x95)[0x7f6a0c6ad185]
[hydra08:376497] [ 0] /lib/x86_64-linux-gnu/libc.so.6(+0x38de0)[0x7efc06769de0]
[hydra04:390216] [ 3] /lib/x86_64-linux-gnu/libc.so.6(+0x7a468)[0x7f0f138f8468]
[hydra09:367817] [10] /home/thesis/jheld/MPI_Syrk_implementation/build/src/MPI_SYRK_implementation(+0x841a)[0x55d25d3d141a]
[hydra08:376498] [ 8] /opt/mpi/openmpi-4.1.4//lib/libmpi.so.40(ompi_group_incl_plist+0x65)[0x7f212de61915]
[hydra04:390216] [ 4] /lib/x86_64-linux-gnu/libc.so.6(+0x8175a)[0x7f0f138ff75a]
[hydra09:367817] [11] /home/thesis/jheld/MPI_Syrk_implementation/build/src/MPI_SYRK_implementation(+0x2ab0)[0x55d25d3cbab0]
[hydra08:376497] [ 1] /lib/x86_64-linux-gnu/libc.so.6(gsignal+0x141)[0x7efc06769d61]
[hydra04:390216] [ 5] /lib/x86_64-linux-gnu/libc.so.6(+0x8483c)[0x7f0f1390283c]
[hydra09:367817] [12] /lib/x86_64-linux-gnu/libc.so.6(__libc_start_main+0xea)[0x7f6a0a74bd7a]
[hydra08:376498] [ 9] /opt/mpi/openmpi-4.1.4//lib/libmpi.so.40(PMPI_Group_incl+0x95)[0x7f212de92185]
[hydra08:376498] [10] /home/thesis/jheld/MPI_Syrk_implementation/build/src/MPI_SYRK_implementation(+0x841a)[0x563a0e3a041a]
[hydra08:376498] [11] /home/thesis/jheld/MPI_Syrk_implementation/build/src/MPI_SYRK_implementation(+0x2ab0)[0x563a0e39aab0]
[hydra04:390216] [ 6] /lib/x86_64-linux-gnu/libc.so.6(__libc_calloc+0x81)[0x7f0f13904bd1]
[hydra09:367817] [13] /home/thesis/jheld/MPI_Syrk_implementation/build/src/MPI_SYRK_implementation(+0x232a)[0x55d25d3cb32a]
[hydra09:367817] *** End of error message ***
[hydra07:401224] [ 0] /lib/x86_64-linux-gnu/libc.so.6(+0x38de0)[0x7f0427c26de0]
[hydra08:376497] [ 2] /lib/x86_64-linux-gnu/libc.so.6(abort+0x123)[0x7efc06753537]
[hydra11:354530] *** Process received signal ***
[hydra04:390216] [ 7] /opt/mpi/openmpi-4.1.4//lib/libmpi.so.40(ompi_group_allocate+0x17)[0x7f0f157d21e7]
[hydra07:401224] [ 1] /lib/x86_64-linux-gnu/libc.so.6(gsignal+0x141)[0x7f0427c26d61]
[hydra08:376498] [12] /lib/x86_64-linux-gnu/libc.so.6(__libc_start_main+0xea)[0x7f212bf30d7a]
[hydra08:376498] [13] /home/thesis/jheld/MPI_Syrk_implementation/build/src/MPI_SYRK_implementation(+0x232a)[0x563a0e39a32a]
[hydra08:376498] *** End of error message ***
[hydra11:354530] Signal: Aborted (6)
[hydra11:354530] Signal code:  (-6)
[hydra04:390216] [ 8] /opt/mpi/openmpi-4.1.4//lib/libmpi.so.40(ompi_group_incl_plist+0x65)[0x7f0f157d2915]
[hydra07:401224] [ 2] /lib/x86_64-linux-gnu/libc.so.6(abort+0x123)[0x7f0427c10537]
[hydra08:376497] [ 3] /lib/x86_64-linux-gnu/libc.so.6(+0x7a468)[0x7efc067ab468]
[hydra11:354530] [ 0] /lib/x86_64-linux-gnu/libc.so.6(+0x38de0)[0x7fcfd05acde0]
[hydra04:390216] [ 9] /opt/mpi/openmpi-4.1.4//lib/libmpi.so.40(PMPI_Group_incl+0x95)[0x7f0f15803185]
[hydra07:401224] [ 3] /lib/x86_64-linux-gnu/libc.so.6(+0x7a468)[0x7f0427c68468]
[hydra08:376497] [ 4] /lib/x86_64-linux-gnu/libc.so.6(+0x8175a)[0x7efc067b275a]
[hydra11:354530] [ 1] /lib/x86_64-linux-gnu/libc.so.6(gsignal+0x141)[0x7fcfd05acd61]
[hydra04:390216] [10] /home/thesis/jheld/MPI_Syrk_implementation/build/src/MPI_SYRK_implementation(+0x841a)[0x5652f4a1141a]
[hydra04:390216] [11] /home/thesis/jheld/MPI_Syrk_implementation/build/src/MPI_SYRK_implementation(+0x2ab0)[0x5652f4a0bab0]
[hydra07:401224] [ 4] /lib/x86_64-linux-gnu/libc.so.6(+0x8175a)[0x7f0427c6f75a]
[hydra11:354530] [ 2] /lib/x86_64-linux-gnu/libc.so.6(abort+0x123)[0x7fcfd0596537]
[hydra04:390216] [12] /lib/x86_64-linux-gnu/libc.so.6(__libc_start_main+0xea)[0x7f0f138a1d7a]
[hydra04:390216] [13] /home/thesis/jheld/MPI_Syrk_implementation/build/src/MPI_SYRK_implementation(+0x232a)[0x5652f4a0b32a]
[hydra07:401224] [ 5] /lib/x86_64-linux-gnu/libc.so.6(+0x8483c)[0x7f0427c7283c]
[hydra11:354530] [ 3] /lib/x86_64-linux-gnu/libc.so.6(+0x7a468)[0x7fcfd05ee468]
[hydra04:390216] *** End of error message ***
[hydra07:401224] [ 6] /lib/x86_64-linux-gnu/libc.so.6(__libc_calloc+0x81)[0x7f0427c74bd1]
[hydra11:354530] [ 4] /lib/x86_64-linux-gnu/libc.so.6(+0x8175a)[0x7fcfd05f575a]
[hydra07:401224] [ 7] /opt/mpi/openmpi-4.1.4//lib/libmpi.so.40(ompi_group_allocate+0x17)[0x7f0429b421e7]
[hydra11:354530] [ 5] /lib/x86_64-linux-gnu/libc.so.6(+0x8483c)[0x7fcfd05f883c]
[hydra07:401224] [ 8] /opt/mpi/openmpi-4.1.4//lib/libmpi.so.40(ompi_group_incl_plist+0x65)[0x7f0429b42915]
[hydra11:354530] [ 6] /lib/x86_64-linux-gnu/libc.so.6(__libc_calloc+0x81)[0x7fcfd05fabd1]
[hydra07:401224] [ 9] /opt/mpi/openmpi-4.1.4//lib/libmpi.so.40(PMPI_Group_incl+0x95)[0x7f0429b73185]
[hydra11:354530] [ 7] /opt/mpi/openmpi-4.1.4//lib/libmpi.so.40(ompi_group_allocate+0x17)[0x7fcfd24c81e7]
[hydra07:401224] [10] /home/thesis/jheld/MPI_Syrk_implementation/build/src/MPI_SYRK_implementation(+0x841a)[0x55696ac6b41a]
[hydra07:401224] [11] /home/thesis/jheld/MPI_Syrk_implementation/build/src/MPI_SYRK_implementation(+0x2ab0)[0x55696ac65ab0]
[hydra11:354530] [ 8] /opt/mpi/openmpi-4.1.4//lib/libmpi.so.40(ompi_group_incl_plist+0x65)[0x7fcfd24c8915]
[hydra07:401224] [12] /lib/x86_64-linux-gnu/libc.so.6(__libc_start_main+0xea)[0x7f0427c11d7a]
[hydra11:354530] [ 9] /opt/mpi/openmpi-4.1.4//lib/libmpi.so.40(PMPI_Group_incl+0x95)[0x7fcfd24f9185]
[hydra07:401224] [13] /home/thesis/jheld/MPI_Syrk_implementation/build/src/MPI_SYRK_implementation(+0x232a)[0x55696ac6532a]
[hydra07:401224] *** End of error message ***
[hydra11:354530] [10] /home/thesis/jheld/MPI_Syrk_implementation/build/src/MPI_SYRK_implementation(+0x841a)[0x560f0465141a]
[hydra11:354530] [11] /home/thesis/jheld/MPI_Syrk_implementation/build/src/MPI_SYRK_implementation(+0x2ab0)[0x560f0464bab0]
[hydra11:354530] [12] /lib/x86_64-linux-gnu/libc.so.6(__libc_start_main+0xea)[0x7fcfd0597d7a]
[hydra11:354530] [13] /home/thesis/jheld/MPI_Syrk_implementation/build/src/MPI_SYRK_implementation(+0x232a)[0x560f0464b32a]
[hydra11:354530] *** End of error message ***
[hydra02:560300] [ 8] /opt/mpi/openmpi-4.1.4//lib/libmpi.so.40(ompi_group_incl_plist+0x65)[0x7f9569c70915]
[hydra02:560299] [ 9] /opt/mpi/openmpi-4.1.4//lib/libmpi.so.40(PMPI_Group_incl+0x95)[0x7f54ea35a185]
[hydra02:560299] [10] /home/thesis/jheld/MPI_Syrk_implementation/build/src/MPI_SYRK_implementation(+0x841a)[0x55e01418a41a]
[hydra02:560300] [ 9] /opt/mpi/openmpi-4.1.4//lib/libmpi.so.40(PMPI_Group_incl+0x95)[0x7f9569ca1185]
[hydra02:560300] [10] /home/thesis/jheld/MPI_Syrk_implementation/build/src/MPI_SYRK_implementation(+0x841a)[0x55a3cf6a841a]
[hydra02:560300] [11] /home/thesis/jheld/MPI_Syrk_implementation/build/src/MPI_SYRK_implementation(+0x2ab0)[0x55a3cf6a2ab0]
[hydra02:560299] [11] /home/thesis/jheld/MPI_Syrk_implementation/build/src/MPI_SYRK_implementation(+0x2ab0)[0x55e014184ab0]
[hydra02:560299] [12] /lib/x86_64-linux-gnu/libc.so.6(__libc_start_main+0xea)[0x7f54e83f8d7a]
[hydra02:560299] [13] /home/thesis/jheld/MPI_Syrk_implementation/build/src/MPI_SYRK_implementation(+0x232a)[0x55e01418432a]
[hydra02:560300] [12] /lib/x86_64-linux-gnu/libc.so.6(__libc_start_main+0xea)[0x7f9567d3fd7a]
[hydra02:560300] [13] /home/thesis/jheld/MPI_Syrk_implementation/build/src/MPI_SYRK_implementation(+0x232a)[0x55a3cf6a232a]
[hydra02:560300] *** End of error message ***
[hydra02:560299] *** End of error message ***
[hydra03:391439] [ 7] /opt/mpi/openmpi-4.1.4//lib/libmpi.so.40(ompi_group_allocate+0x17)[0x7fbca49d71e7]
[hydra08:376497] [ 5] /lib/x86_64-linux-gnu/libc.so.6(+0x8483c)[0x7efc067b583c]
[hydra03:391439] [ 8] /opt/mpi/openmpi-4.1.4//lib/libmpi.so.40(ompi_group_incl_plist+0x65)[0x7fbca49d7915]
[hydra08:376497] [ 6] /lib/x86_64-linux-gnu/libc.so.6(__libc_calloc+0x81)[0x7efc067b7bd1]
[hydra03:391439] [ 9] /opt/mpi/openmpi-4.1.4//lib/libmpi.so.40(PMPI_Group_incl+0x95)[0x7fbca4a08185]
[hydra08:376497] [ 7] /opt/mpi/openmpi-4.1.4//lib/libmpi.so.40(ompi_group_allocate+0x17)[0x7efc086851e7]
[hydra03:391439] [10] /home/thesis/jheld/MPI_Syrk_implementation/build/src/MPI_SYRK_implementation(+0x841a)[0x563f3d62e41a]
[hydra03:391439] [11] /home/thesis/jheld/MPI_Syrk_implementation/build/src/MPI_SYRK_implementation(+0x2ab0)[0x563f3d628ab0]
[hydra08:376497] [ 8] /opt/mpi/openmpi-4.1.4//lib/libmpi.so.40(ompi_group_incl_plist+0x65)[0x7efc08685915]
[hydra03:391439] [12] /lib/x86_64-linux-gnu/libc.so.6(__libc_start_main+0xea)[0x7fbca2aa6d7a]
[hydra03:391439] [13] /home/thesis/jheld/MPI_Syrk_implementation/build/src/MPI_SYRK_implementation(+0x232a)[0x563f3d62832a]
[hydra08:376497] [ 9] /opt/mpi/openmpi-4.1.4//lib/libmpi.so.40(PMPI_Group_incl+0x95)[0x7efc086b6185]
[hydra03:391439] *** End of error message ***
[hydra08:376497] [10] /home/thesis/jheld/MPI_Syrk_implementation/build/src/MPI_SYRK_implementation(+0x841a)[0x55cf3821941a]
[hydra08:376497] [11] /home/thesis/jheld/MPI_Syrk_implementation/build/src/MPI_SYRK_implementation(+0x2ab0)[0x55cf38213ab0]
[hydra08:376497] [12] /lib/x86_64-linux-gnu/libc.so.6(__libc_start_main+0xea)[0x7efc06754d7a]
[hydra08:376497] [13] /home/thesis/jheld/MPI_Syrk_implementation/build/src/MPI_SYRK_implementation(+0x232a)[0x55cf3821332a]
[hydra08:376497] *** End of error message ***
srun: error: hydra11: task 31: Aborted
srun: error: hydra06: task 17: Aborted
srun: error: hydra09: task 25: Aborted
srun: error: hydra01: task 1: Aborted
srun: error: hydra12: task 35: Aborted
srun: error: hydra04: tasks 9-10: Aborted
srun: error: hydra10: tasks 28-29: Aborted
srun: error: hydra07: tasks 18,20: Aborted
srun: error: hydra03: tasks 7-8: Aborted
srun: error: hydra02: tasks 3-4: Aborted
srun: error: hydra05: tasks 12,14: Aborted
srun: error: hydra08: tasks 21-22: Aborted
slurmstepd: error:  mpi/pmix_v4: _errhandler: hydra12 [11]: pmixp_client_v2.c:211: Error handler invoked: status = -61, source = [slurm.pmix.5008690.24:35]
slurmstepd: error:  mpi/pmix_v4: _errhandler: hydra01 [0]: pmixp_client_v2.c:211: Error handler invoked: status = -61, source = [slurm.pmix.5008690.24:1]
slurmstepd: error: *** STEP 5008690.24 ON hydra01 CANCELLED AT 2025-10-13T15:28:22 ***
slurmstepd: error:  mpi/pmix_v4: _errhandler: hydra06 [5]: pmixp_client_v2.c:211: Error handler invoked: status = -61, source = [slurm.pmix.5008690.24:17]
srun: Job step aborted: Waiting up to 32 seconds for job step to finish.
slurmstepd: error:  mpi/pmix_v4: _errhandler: hydra09 [8]: pmixp_client_v2.c:211: Error handler invoked: status = -61, source = [slurm.pmix.5008690.24:25]
slurmstepd: error:  mpi/pmix_v4: _errhandler: hydra05 [4]: pmixp_client_v2.c:211: Error handler invoked: status = -61, source = [slurm.pmix.5008690.24:14]
slurmstepd: error:  mpi/pmix_v4: _errhandler: hydra07 [6]: pmixp_client_v2.c:211: Error handler invoked: status = -61, source = [slurm.pmix.5008690.24:18]
slurmstepd: error:  mpi/pmix_v4: _errhandler: hydra11 [10]: pmixp_client_v2.c:211: Error handler invoked: status = -61, source = [slurm.pmix.5008690.24:31]
slurmstepd: error:  mpi/pmix_v4: _errhandler: hydra10 [9]: pmixp_client_v2.c:211: Error handler invoked: status = -61, source = [slurm.pmix.5008690.24:28]
slurmstepd: error:  mpi/pmix_v4: _errhandler: hydra04 [3]: pmixp_client_v2.c:211: Error handler invoked: status = -61, source = [slurm.pmix.5008690.24:10]
slurmstepd: error:  mpi/pmix_v4: _errhandler: hydra08 [7]: pmixp_client_v2.c:211: Error handler invoked: status = -61, source = [slurm.pmix.5008690.24:22]
slurmstepd: error:  mpi/pmix_v4: _errhandler: hydra03 [2]: pmixp_client_v2.c:211: Error handler invoked: status = -61, source = [slurm.pmix.5008690.24:7]
slurmstepd: error:  mpi/pmix_v4: _errhandler: hydra02 [1]: pmixp_client_v2.c:211: Error handler invoked: status = -61, source = [slurm.pmix.5008690.24:4]
srun: error: hydra08: task 23: Killed
srun: error: hydra04: task 11: Killed
srun: error: hydra07: task 19: Killed
srun: error: hydra02: task 5: Killed
srun: error: hydra05: task 13: Killed
srun: error: hydra10: task 27: Killed
srun: error: hydra03: task 6: Killed
srun: error: hydra09: tasks 24,26: Killed
srun: error: hydra06: tasks 15-16: Killed
srun: error: hydra12: tasks 33-34: Killed
srun: error: hydra01: tasks 0,2: Killed
srun: error: hydra11: tasks 30,32: Killed
⚠️ Warning: No runtime found for run 25
srun: Warning: can't honor --ntasks-per-node set to 1 which doesn't match the requested tasks 36 with the number of requested nodes 12. Ignoring --ntasks-per-node.
missing input file name --> Generate random input
malloc(): invalid size (unsorted)
[hydra01:875137] *** Process received signal ***
[hydra01:875137] Signal: Aborted (6)
[hydra01:875137] Signal code:  (-6)
malloc(): invalid size (unsorted)
[hydra07:401296] *** Process received signal ***
[hydra01:875137] [ 0] /lib/x86_64-linux-gnu/libc.so.6(+0x38de0)[0x7f07ece2ede0]
[hydra01:875137] [ 1] /lib/x86_64-linux-gnu/libc.so.6(gsignal+0x141)[0x7f07ece2ed61]
[hydra01:875137] [ 2] /lib/x86_64-linux-gnu/libc.so.6(abort+0x123)[0x7f07ece18537]
[hydra01:875137] [ 3] /lib/x86_64-linux-gnu/libc.so.6(+0x7a468)[0x7f07ece70468]
[hydra01:875137] [ 4] /lib/x86_64-linux-gnu/libc.so.6(+0x8175a)[0x7f07ece7775a]
[hydra01:875137] [ 5] /lib/x86_64-linux-gnu/libc.so.6(+0x8483c)[0x7f07ece7a83c]
[hydra01:875137] [ 6] /lib/x86_64-linux-gnu/libc.so.6(__libc_calloc+0x81)[0x7f07ece7cbd1]
malloc(): invalid size (unsorted)
[hydra09:367888] *** Process received signal ***
[hydra09:367888] Signal: Aborted (6)
[hydra09:367888] Signal code:  (-6)
[hydra01:875137] [ 7] /opt/mpi/openmpi-4.1.4//lib/libmpi.so.40(ompi_group_allocate+0x17)[0x7f07eed4a1e7]
[hydra01:875137] [ 8] /opt/mpi/openmpi-4.1.4//lib/libmpi.so.40(ompi_group_incl_plist+0x65)[0x7f07eed4a915]
malloc(): invalid size (unsorted)
[hydra01:875137] [ 9] /opt/mpi/openmpi-4.1.4//lib/libmpi.so.40(PMPI_Group_incl+0x95)[0x7f07eed7b185]
[hydra09:367889] *** Process received signal ***
[hydra01:875137] [10] /home/thesis/jheld/MPI_Syrk_implementation/build/src/MPI_SYRK_implementation(+0x841a)[0x56355e96941a]
[hydra01:875137] [11] /home/thesis/jheld/MPI_Syrk_implementation/build/src/MPI_SYRK_implementation(+0x2ab0)[0x56355e963ab0]
[hydra09:367889] Signal: Aborted (6)
[hydra09:367889] Signal code:  (-6)
[hydra09:367888] [ 0] /lib/x86_64-linux-gnu/libc.so.6(+0x38de0)[0x7f88863afde0]
[hydra01:875137] [12] /lib/x86_64-linux-gnu/libc.so.6(__libc_start_main+0xea)[0x7f07ece19d7a]
[hydra07:401296] Signal: Aborted (6)
[hydra07:401296] Signal code:  (-6)
[hydra01:875137] [13] /home/thesis/jheld/MPI_Syrk_implementation/build/src/MPI_SYRK_implementation(+0x232a)[0x56355e96332a]
[hydra01:875137] *** End of error message ***
[hydra07:401296] [ 0] /lib/x86_64-linux-gnu/libc.so.6(+0x38de0)[0x7ff5d597fde0]
malloc(): invalid size (unsorted)
malloc(): invalid size (unsorted)
[hydra07:401296] [ 1] /lib/x86_64-linux-gnu/libc.so.6(gsignal+0x141)[0x7ff5d597fd61]
[hydra09:367888] [ 1] /lib/x86_64-linux-gnu/libc.so.6(gsignal+0x141)[0x7f88863afd61]
[hydra07:401296] [ 2] /lib/x86_64-linux-gnu/libc.so.6(abort+0x123)[0x7ff5d5969537]
[hydra09:367888] [ 2] /lib/x86_64-linux-gnu/libc.so.6(abort+0x123)[0x7f8886399537]
[hydra07:401295] *** Process received signal ***
[hydra09:367888] [ 3] /lib/x86_64-linux-gnu/libc.so.6(+0x7a468)[0x7f88863f1468]
[hydra07:401295] Signal: Aborted (6)
[hydra07:401295] Signal code:  (-6)
[hydra07:401296] [ 3] /lib/x86_64-linux-gnu/libc.so.6(+0x7a468)[0x7ff5d59c1468]
[hydra09:367889] [ 0] /lib/x86_64-linux-gnu/libc.so.6(+0x38de0)[0x7f3078c55de0]
[hydra07:401296] [ 4] /lib/x86_64-linux-gnu/libc.so.6(+0x8175a)[0x7ff5d59c875a]
[hydra09:367889] [ 1] /lib/x86_64-linux-gnu/libc.so.6(gsignal+0x141)[0x7f3078c55d61]
[hydra07:401296] [ 5] /lib/x86_64-linux-gnu/libc.so.6(+0x8483c)[0x7ff5d59cb83c]
[hydra09:367888] [ 4] /lib/x86_64-linux-gnu/libc.so.6(+0x8175a)[0x7f88863f875a]
[hydra07:401296] [ 6] /lib/x86_64-linux-gnu/libc.so.6(__libc_calloc+0x81)[0x7ff5d59cdbd1]
[hydra09:367889] [ 2] /lib/x86_64-linux-gnu/libc.so.6(abort+0x123)[0x7f3078c3f537]
[hydra07:401295] [ 0] /lib/x86_64-linux-gnu/libc.so.6(+0x38de0)[0x7f57fddcade0]
[hydra09:367888] [ 5] /lib/x86_64-linux-gnu/libc.so.6(+0x8483c)[0x7f88863fb83c]
[hydra07:401296] [ 7] /opt/mpi/openmpi-4.1.4//lib/libmpi.so.40(ompi_group_allocate+0x17)[0x7ff5d789b1e7]
[hydra09:367889] [ 3] /lib/x86_64-linux-gnu/libc.so.6(+0x7a468)[0x7f3078c97468]
[hydra07:401296] [ 8] /opt/mpi/openmpi-4.1.4//lib/libmpi.so.40(ompi_group_incl_plist+0x65)[0x7ff5d789b915]
[hydra09:367888] [ 6] /lib/x86_64-linux-gnu/libc.so.6(__libc_calloc+0x81)[0x7f88863fdbd1]
malloc(): invalid size (unsorted)
[hydra09:367889] [ 4] /lib/x86_64-linux-gnu/libc.so.6(+0x8175a)[0x7f3078c9e75a]
[hydra07:401295] [ 1] /lib/x86_64-linux-gnu/libc.so.6(gsignal+0x141)[0x7f57fddcad61]
[hydra09:367888] [ 7] /opt/mpi/openmpi-4.1.4//lib/libmpi.so.40(ompi_group_allocate+0x17)[0x7f88882cb1e7]
[hydra07:401295] [ 2] /lib/x86_64-linux-gnu/libc.so.6(abort+0x123)[0x7f57fddb4537]
[hydra07:401296] [ 9] /opt/mpi/openmpi-4.1.4//lib/libmpi.so.40(PMPI_Group_incl+0x95)[0x7ff5d78cc185]
[hydra07:401296] [10] /home/thesis/jheld/MPI_Syrk_implementation/build/src/MPI_SYRK_implementation(+0x841a)[0x5639db75241a]
[hydra07:401296] [11] /home/thesis/jheld/MPI_Syrk_implementation/build/src/MPI_SYRK_implementation(+0x2ab0)[0x5639db74cab0]
[hydra07:401295] [ 3] /lib/x86_64-linux-gnu/libc.so.6(+0x7a468)[0x7f57fde0c468]
[hydra07:401294] *** Process received signal ***
[hydra07:401296] [12] /lib/x86_64-linux-gnu/libc.so.6(__libc_start_main+0xea)[0x7ff5d596ad7a]
[hydra07:401296] [13] /home/thesis/jheld/MPI_Syrk_implementation/build/src/MPI_SYRK_implementation(+0x232a)[0x5639db74c32a]
[hydra07:401296] *** End of error message ***
[hydra09:367889] [ 5] /lib/x86_64-linux-gnu/libc.so.6(+0x8483c)[0x7f3078ca183c]
[hydra07:401294] Signal: Aborted (6)
[hydra07:401294] Signal code:  (-6)
[hydra09:367888] [ 8] /opt/mpi/openmpi-4.1.4//lib/libmpi.so.40(ompi_group_incl_plist+0x65)[0x7f88882cb915]
[hydra07:401295] [ 4] /lib/x86_64-linux-gnu/libc.so.6(+0x8175a)[0x7f57fde1375a]
[hydra09:367889] [ 6] /lib/x86_64-linux-gnu/libc.so.6(__libc_calloc+0x81)[0x7f3078ca3bd1]
[hydra07:401295] [ 5] /lib/x86_64-linux-gnu/libc.so.6(+0x8483c)[0x7f57fde1683c]
[hydra09:367888] [ 9] /opt/mpi/openmpi-4.1.4//lib/libmpi.so.40(PMPI_Group_incl+0x95)[0x7f88882fc185]
[hydra09:367888] [10] /home/thesis/jheld/MPI_Syrk_implementation/build/src/MPI_SYRK_implementation(+0x841a)[0x55659e29941a]
[hydra07:401295] [ 6] /lib/x86_64-linux-gnu/libc.so.6(__libc_calloc+0x81)[0x7f57fde18bd1]
[hydra09:367888] [11] /home/thesis/jheld/MPI_Syrk_implementation/build/src/MPI_SYRK_implementation(+0x2ab0)[0x55659e293ab0]
[hydra09:367889] [ 7] /opt/mpi/openmpi-4.1.4//lib/libmpi.so.40(ompi_group_allocate+0x17)[0x7f307ab711e7]
[hydra09:367888] [12] /lib/x86_64-linux-gnu/libc.so.6(__libc_start_main+0xea)[0x7f888639ad7a]
[hydra09:367888] [13] /home/thesis/jheld/MPI_Syrk_implementation/build/src/MPI_SYRK_implementation(+0x232a)[0x55659e29332a]
[hydra09:367888] *** End of error message ***
[hydra09:367889] [ 8] /opt/mpi/openmpi-4.1.4//lib/libmpi.so.40(ompi_group_incl_plist+0x65)[0x7f307ab71915]
[hydra09:367889] [ 9] /opt/mpi/openmpi-4.1.4//lib/libmpi.so.40(PMPI_Group_incl+0x95)[0x7f307aba2185]
[hydra09:367889] [10] /home/thesis/jheld/MPI_Syrk_implementation/build/src/MPI_SYRK_implementation(+0x841a)[0x55778375541a]
[hydra09:367889] [11] /home/thesis/jheld/MPI_Syrk_implementation/build/src/MPI_SYRK_implementation(+0x2ab0)[0x55778374fab0]
[hydra09:367889] [12] /lib/x86_64-linux-gnu/libc.so.6(__libc_start_main+0xea)[0x7f3078c40d7a]
[hydra09:367889] [13] /home/thesis/jheld/MPI_Syrk_implementation/build/src/MPI_SYRK_implementation(+0x232a)[0x55778374f32a]
malloc(): invalid size (unsorted)
[hydra08:376570] *** Process received signal ***
[hydra09:367889] *** End of error message ***
malloc(): invalid size (unsorted)
[hydra07:401295] [ 7] /opt/mpi/openmpi-4.1.4//lib/libmpi.so.40(ompi_group_allocate+0x17)[0x7f57ffce61e7]
[hydra08:376570] Signal: Aborted (6)
[hydra08:376570] Signal code:  (-6)
[hydra07:401295] [ 8] /opt/mpi/openmpi-4.1.4//lib/libmpi.so.40(ompi_group_incl_plist+0x65)[0x7f57ffce6915]
[hydra07:401295] [ 9] /opt/mpi/openmpi-4.1.4//lib/libmpi.so.40(PMPI_Group_incl+0x95)[0x7f57ffd17185]
[hydra07:401295] [10] /home/thesis/jheld/MPI_Syrk_implementation/build/src/MPI_SYRK_implementation(+0x841a)[0x5650759b641a]
[hydra07:401295] [11] /home/thesis/jheld/MPI_Syrk_implementation/build/src/MPI_SYRK_implementation(+0x2ab0)[0x5650759b0ab0]
malloc(): invalid size (unsorted)
[hydra08:376570] [ 0] /lib/x86_64-linux-gnu/libc.so.6(+0x38de0)[0x7f9de177fde0]
[hydra07:401295] [12] /lib/x86_64-linux-gnu/libc.so.6(__libc_start_main+0xea)[0x7f57fddb5d7a]
[hydra07:401295] [13] /home/thesis/jheld/MPI_Syrk_implementation/build/src/MPI_SYRK_implementation(+0x232a)[0x5650759b032a]
[hydra07:401295] *** End of error message ***
[hydra07:401294] [ 0] /lib/x86_64-linux-gnu/libc.so.6(+0x38de0)[0x7f76b1ef6de0]
[hydra07:401294] [ 1] /lib/x86_64-linux-gnu/libc.so.6(gsignal+0x141)[0x7f76b1ef6d61]
[hydra07:401294] [ 2] /lib/x86_64-linux-gnu/libc.so.6(abort+0x123)[0x7f76b1ee0537]
[hydra03:391511] *** Process received signal ***
[hydra03:391511] Signal: Aborted (6)
[hydra03:391511] Signal code:  (-6)
[hydra07:401294] [ 3] /lib/x86_64-linux-gnu/libc.so.6(+0x7a468)[0x7f76b1f38468]
[hydra08:376570] [ 1] /lib/x86_64-linux-gnu/libc.so.6(gsignal+0x141)[0x7f9de177fd61]
[hydra03:391511] [ 0] /lib/x86_64-linux-gnu/libc.so.6(+0x38de0)[0x7f7483901de0]
[hydra07:401294] [ 4] /lib/x86_64-linux-gnu/libc.so.6(+0x8175a)[0x7f76b1f3f75a]
malloc(): invalid size (unsorted)
[hydra03:391511] [ 1] /lib/x86_64-linux-gnu/libc.so.6(gsignal+0x141)[0x7f7483901d61]
[hydra07:401294] [ 5] /lib/x86_64-linux-gnu/libc.so.6(+0x8483c)[0x7f76b1f4283c]
[hydra03:391511] [ 2] /lib/x86_64-linux-gnu/libc.so.6(abort+0x123)[0x7f74838eb537]
[hydra07:401294] [ 6] /lib/x86_64-linux-gnu/libc.so.6(__libc_calloc+0x81)[0x7f76b1f44bd1]
[hydra08:376570] [ 2] /lib/x86_64-linux-gnu/libc.so.6(abort+0x123)[0x7f9de1769537]
[hydra03:391511] [ 3] /lib/x86_64-linux-gnu/libc.so.6(+0x7a468)[0x7f7483943468]
[hydra07:401294] [ 7] /opt/mpi/openmpi-4.1.4//lib/libmpi.so.40(ompi_group_allocate+0x17)[0x7f76b3e121e7]
[hydra08:376570] [ 3] /lib/x86_64-linux-gnu/libc.so.6(+0x7a468)[0x7f9de17c1468]
[hydra03:391511] [ 4] /lib/x86_64-linux-gnu/libc.so.6(+0x8175a)[0x7f748394a75a]
[hydra07:401294] [ 8] /opt/mpi/openmpi-4.1.4//lib/libmpi.so.40(ompi_group_incl_plist+0x65)[0x7f76b3e12915]
[hydra08:376571] *** Process received signal ***
[hydra03:391511] [ 5] /lib/x86_64-linux-gnu/libc.so.6(+0x8483c)[0x7f748394d83c]
malloc(): invalid size (unsorted)
[hydra04:390292] *** Process received signal ***
[hydra08:376571] Signal: Aborted (6)
[hydra08:376571] Signal code:  (-6)
[hydra03:391511] [ 6] /lib/x86_64-linux-gnu/libc.so.6(__libc_calloc+0x81)[0x7f748394fbd1]
[hydra08:376570] [ 4] /lib/x86_64-linux-gnu/libc.so.6(+0x8175a)[0x7f9de17c875a]
[hydra03:391511] [ 7] /opt/mpi/openmpi-4.1.4//lib/libmpi.so.40(ompi_group_allocate+0x17)[0x7f748581d1e7]
[hydra08:376570] [ 5] /lib/x86_64-linux-gnu/libc.so.6(+0x8483c)[0x7f9de17cb83c]
[hydra03:391511] [ 8] /opt/mpi/openmpi-4.1.4//lib/libmpi.so.40(ompi_group_incl_plist+0x65)[0x7f748581d915]
[hydra08:376570] [ 6] /lib/x86_64-linux-gnu/libc.so.6(__libc_calloc+0x81)[0x7f9de17cdbd1]
[hydra03:391511] [ 9] /opt/mpi/openmpi-4.1.4//lib/libmpi.so.40(PMPI_Group_incl+0x95)[0x7f748584e185]
[hydra03:391511] [10] /home/thesis/jheld/MPI_Syrk_implementation/build/src/MPI_SYRK_implementation(+0x841a)[0x563bfb32a41a]
[hydra03:391511] [11] /home/thesis/jheld/MPI_Syrk_implementation/build/src/MPI_SYRK_implementation(+0x2ab0)[0x563bfb324ab0]
[hydra08:376570] [ 7] /opt/mpi/openmpi-4.1.4//lib/libmpi.so.40(ompi_group_allocate+0x17)[0x7f9de369b1e7]
[hydra03:391511] [12] /lib/x86_64-linux-gnu/libc.so.6(__libc_start_main+0xea)[0x7f74838ecd7a]
[hydra03:391511] [13] /home/thesis/jheld/MPI_Syrk_implementation/build/src/MPI_SYRK_implementation(+0x232a)[0x563bfb32432a]
[hydra03:391511] *** End of error message ***
[hydra08:376570] [ 8] /opt/mpi/openmpi-4.1.4//lib/libmpi.so.40(ompi_group_incl_plist+0x65)[0x7f9de369b915]
[hydra04:390292] Signal: Aborted (6)
[hydra04:390292] Signal code:  (-6)
[hydra04:390292] [ 0] /lib/x86_64-linux-gnu/libc.so.6(+0x38de0)[0x7f71e2169de0]
[hydra08:376570] [ 9] /opt/mpi/openmpi-4.1.4//lib/libmpi.so.40(PMPI_Group_incl+0x95)[0x7f9de36cc185]
[hydra04:390292] [ 1] /lib/x86_64-linux-gnu/libc.so.6(gsignal+0x141)[0x7f71e2169d61]
[hydra08:376571] [ 0] /lib/x86_64-linux-gnu/libc.so.6(+0x38de0)[0x7fb801e58de0]
malloc(): invalid size (unsorted)
[hydra02:560388] *** Process received signal ***
[hydra04:390292] [ 2] /lib/x86_64-linux-gnu/libc.so.6(abort+0x123)[0x7f71e2153537]
[hydra08:376570] [10] /home/thesis/jheld/MPI_Syrk_implementation/build/src/MPI_SYRK_implementation(+0x841a)[0x560e689d541a]
[hydra08:376570] [11] /home/thesis/jheld/MPI_Syrk_implementation/build/src/MPI_SYRK_implementation(+0x2ab0)[0x560e689cfab0]
[hydra04:390292] [ 3] /lib/x86_64-linux-gnu/libc.so.6(+0x7a468)[0x7f71e21ab468]
[hydra08:376571] [ 1] /lib/x86_64-linux-gnu/libc.so.6(gsignal+0x141)[0x7fb801e58d61]
[hydra08:376570] [12] /lib/x86_64-linux-gnu/libc.so.6(__libc_start_main+0xea)[0x7f9de176ad7a]
[hydra08:376570] [13] /home/thesis/jheld/MPI_Syrk_implementation/build/src/MPI_SYRK_implementation(+0x232a)[0x560e689cf32a]
[hydra08:376570] *** End of error message ***
malloc(): invalid size (unsorted)
[hydra11:354602] *** Process received signal ***
[hydra08:376571] [ 2] /lib/x86_64-linux-gnu/libc.so.6(abort+0x123)[0x7fb801e42537]
[hydra08:376571] [ 3] /lib/x86_64-linux-gnu/libc.so.6(+0x7a468)[0x7fb801e9a468]
[hydra04:390292] [ 4] /lib/x86_64-linux-gnu/libc.so.6(+0x8175a)[0x7f71e21b275a]
[hydra04:390292] [ 5] /lib/x86_64-linux-gnu/libc.so.6(+0x8483c)[0x7f71e21b583c]
[hydra04:390292] [ 6] /lib/x86_64-linux-gnu/libc.so.6(__libc_calloc+0x81)[0x7f71e21b7bd1]
[hydra08:376571] [ 4] /lib/x86_64-linux-gnu/libc.so.6(+0x8175a)[0x7fb801ea175a]
[hydra08:376571] [ 5] /lib/x86_64-linux-gnu/libc.so.6(+0x8483c)[0x7fb801ea483c]
[hydra04:390292] [ 7] /opt/mpi/openmpi-4.1.4//lib/libmpi.so.40(ompi_group_allocate+0x17)[0x7f71e40851e7]
[hydra04:390292] [ 8] /opt/mpi/openmpi-4.1.4//lib/libmpi.so.40(ompi_group_incl_plist+0x65)[0x7f71e4085915]
[hydra12:354644] *** Process received signal ***
[hydra08:376571] [ 6] /lib/x86_64-linux-gnu/libc.so.6(__libc_calloc+0x81)[0x7fb801ea6bd1]
[hydra08:376571] [ 7] /opt/mpi/openmpi-4.1.4//lib/libmpi.so.40(ompi_group_allocate+0x17)[0x7fb803d741e7]
[hydra12:354644] Signal: Aborted (6)
[hydra12:354644] Signal code:  (-6)
[hydra04:390292] [ 9] /opt/mpi/openmpi-4.1.4//lib/libmpi.so.40(PMPI_Group_incl+0x95)[0x7f71e40b6185]
[hydra12:354644] [ 0] /lib/x86_64-linux-gnu/libc.so.6(+0x38de0)[0x7f71d33fbde0]
[hydra04:390292] [10] /home/thesis/jheld/MPI_Syrk_implementation/build/src/MPI_SYRK_implementation(+0x841a)[0x55837f3b441a]
[hydra04:390292] [11] /home/thesis/jheld/MPI_Syrk_implementation/build/src/MPI_SYRK_implementation(+0x2ab0)[0x55837f3aeab0]
[hydra12:354644] [ 1] /lib/x86_64-linux-gnu/libc.so.6(gsignal+0x141)[0x7f71d33fbd61]
[hydra12:354644] [ 2] /lib/x86_64-linux-gnu/libc.so.6(abort+0x123)[0x7f71d33e5537]
[hydra06:374915] *** Process received signal ***
[hydra12:354644] [ 3] /lib/x86_64-linux-gnu/libc.so.6(+0x7a468)[0x7f71d343d468]
[hydra04:390292] [12] /lib/x86_64-linux-gnu/libc.so.6(__libc_start_main+0xea)[0x7f71e2154d7a]
[hydra04:390292] [13] /home/thesis/jheld/MPI_Syrk_implementation/build/src/MPI_SYRK_implementation(+0x232a)[0x55837f3ae32a]
[hydra06:374915] Signal: Aborted (6)
[hydra06:374915] Signal code:  (-6)
[hydra12:354644] [ 4] /lib/x86_64-linux-gnu/libc.so.6(+0x8175a)[0x7f71d344475a]
[hydra04:390292] *** End of error message ***
[hydra08:376571] [ 8] /opt/mpi/openmpi-4.1.4//lib/libmpi.so.40(ompi_group_incl_plist+0x65)[0x7fb803d74915]
[hydra06:374915] [ 0] /lib/x86_64-linux-gnu/libc.so.6(+0x38de0)[0x7f27394d6de0]
[hydra12:354644] [ 5] /lib/x86_64-linux-gnu/libc.so.6(+0x8483c)[0x7f71d344783c]
[hydra08:376571] [ 9] /opt/mpi/openmpi-4.1.4//lib/libmpi.so.40(PMPI_Group_incl+0x95)[0x7fb803da5185]
[hydra08:376571] [10] /home/thesis/jheld/MPI_Syrk_implementation/build/src/MPI_SYRK_implementation(+0x841a)[0x56076fc1241a]
[hydra06:374915] [ 1] /lib/x86_64-linux-gnu/libc.so.6(gsignal+0x141)[0x7f27394d6d61]
[hydra12:354644] [ 6] /lib/x86_64-linux-gnu/libc.so.6(__libc_calloc+0x81)[0x7f71d3449bd1]
[hydra08:376571] [11] /home/thesis/jheld/MPI_Syrk_implementation/build/src/MPI_SYRK_implementation(+0x2ab0)[0x56076fc0cab0]
[hydra06:374915] [ 2] /lib/x86_64-linux-gnu/libc.so.6(abort+0x123)[0x7f27394c0537]
[hydra12:354644] [ 7] /opt/mpi/openmpi-4.1.4//lib/libmpi.so.40(ompi_group_allocate+0x17)[0x7f71d53171e7]
[hydra08:376571] [12] /lib/x86_64-linux-gnu/libc.so.6(__libc_start_main+0xea)[0x7fb801e43d7a]
[hydra06:374915] [ 3] /lib/x86_64-linux-gnu/libc.so.6(+0x7a468)[0x7f2739518468]
[hydra12:354644] [ 8] /opt/mpi/openmpi-4.1.4//lib/libmpi.so.40(ompi_group_incl_plist+0x65)[0x7f71d5317915]
[hydra08:376571] [13] /home/thesis/jheld/MPI_Syrk_implementation/build/src/MPI_SYRK_implementation(+0x232a)[0x56076fc0c32a]
[hydra08:376571] *** End of error message ***
[hydra06:374915] [ 4] /lib/x86_64-linux-gnu/libc.so.6(+0x8175a)[0x7f273951f75a]
[hydra12:354644] [ 9] /opt/mpi/openmpi-4.1.4//lib/libmpi.so.40(PMPI_Group_incl+0x95)[0x7f71d5348185]
[hydra06:374915] [ 5] /lib/x86_64-linux-gnu/libc.so.6(+0x8483c)[0x7f273952283c]
[hydra12:354644] [10] /home/thesis/jheld/MPI_Syrk_implementation/build/src/MPI_SYRK_implementation(+0x841a)[0x5557fef8341a]
[hydra06:374915] [ 6] /lib/x86_64-linux-gnu/libc.so.6(__libc_calloc+0x81)[0x7f2739524bd1]
[hydra12:354644] [11] /home/thesis/jheld/MPI_Syrk_implementation/build/src/MPI_SYRK_implementation(+0x2ab0)[0x5557fef7dab0]
[hydra06:374915] [ 7] /opt/mpi/openmpi-4.1.4//lib/libmpi.so.40(ompi_group_allocate+0x17)[0x7f273b3f21e7]
[hydra12:354644] [12] /lib/x86_64-linux-gnu/libc.so.6(__libc_start_main+0xea)[0x7f71d33e6d7a]
[hydra06:374915] [ 8] /opt/mpi/openmpi-4.1.4//lib/libmpi.so.40(ompi_group_incl_plist+0x65)[0x7f273b3f2915]
[hydra12:354644] [13] /home/thesis/jheld/MPI_Syrk_implementation/build/src/MPI_SYRK_implementation(+0x232a)[0x5557fef7d32a]
[hydra12:354644] *** End of error message ***
[hydra06:374915] [ 9] /opt/mpi/openmpi-4.1.4//lib/libmpi.so.40(PMPI_Group_incl+0x95)[0x7f273b423185]
[hydra02:560388] Signal: Aborted (6)
[hydra02:560388] Signal code:  (-6)
[hydra06:374915] [10] /home/thesis/jheld/MPI_Syrk_implementation/build/src/MPI_SYRK_implementation(+0x841a)[0x560d116b241a]
[hydra02:560388] [ 0] /lib/x86_64-linux-gnu/libc.so.6(+0x38de0)[0x7f5f62b29de0]
[hydra06:374915] [11] /home/thesis/jheld/MPI_Syrk_implementation/build/src/MPI_SYRK_implementation(+0x2ab0)[0x560d116acab0]
[hydra02:560388] [ 1] /lib/x86_64-linux-gnu/libc.so.6(gsignal+0x141)[0x7f5f62b29d61]
[hydra06:374915] [12] /lib/x86_64-linux-gnu/libc.so.6(__libc_start_main+0xea)[0x7f27394c1d7a]
[hydra02:560388] [ 2] /lib/x86_64-linux-gnu/libc.so.6(abort+0x123)[0x7f5f62b13537]
[hydra06:374915] [13] /home/thesis/jheld/MPI_Syrk_implementation/build/src/MPI_SYRK_implementation(+0x232a)[0x560d116ac32a]
[hydra06:374915] *** End of error message ***
[hydra02:560388] [ 3] /lib/x86_64-linux-gnu/libc.so.6(+0x7a468)[0x7f5f62b6b468]
[hydra02:560388] [ 4] /lib/x86_64-linux-gnu/libc.so.6(+0x8175a)[0x7f5f62b7275a]
[hydra02:560388] [ 5] /lib/x86_64-linux-gnu/libc.so.6(+0x8483c)[0x7f5f62b7583c]
[hydra02:560388] [ 6] /lib/x86_64-linux-gnu/libc.so.6(__libc_calloc+0x81)[0x7f5f62b77bd1]
[hydra02:560388] [ 7] /opt/mpi/openmpi-4.1.4//lib/libmpi.so.40(ompi_group_allocate+0x17)[0x7f5f64a451e7]
[hydra02:560388] [ 8] /opt/mpi/openmpi-4.1.4//lib/libmpi.so.40(ompi_group_incl_plist+0x65)[0x7f5f64a45915]
[hydra02:560388] [ 9] /opt/mpi/openmpi-4.1.4//lib/libmpi.so.40(PMPI_Group_incl+0x95)[0x7f5f64a76185]
[hydra11:354602] Signal: Aborted (6)
[hydra11:354602] Signal code:  (-6)
[hydra02:560388] [10] /home/thesis/jheld/MPI_Syrk_implementation/build/src/MPI_SYRK_implementation(+0x841a)[0x55a25bedb41a]
[hydra02:560388] [11] /home/thesis/jheld/MPI_Syrk_implementation/build/src/MPI_SYRK_implementation(+0x2ab0)[0x55a25bed5ab0]
[hydra11:354602] [ 0] /lib/x86_64-linux-gnu/libc.so.6(+0x38de0)[0x7efefcb58de0]
[hydra02:560388] [12] /lib/x86_64-linux-gnu/libc.so.6(__libc_start_main+0xea)[0x7f5f62b14d7a]
[hydra02:560388] [13] /home/thesis/jheld/MPI_Syrk_implementation/build/src/MPI_SYRK_implementation(+0x232a)[0x55a25bed532a]
[hydra11:354602] [ 1] /lib/x86_64-linux-gnu/libc.so.6(gsignal+0x141)[0x7efefcb58d61]
[hydra02:560388] *** End of error message ***
[hydra11:354602] [ 2] /lib/x86_64-linux-gnu/libc.so.6(abort+0x123)[0x7efefcb42537]
[hydra11:354602] [ 3] /lib/x86_64-linux-gnu/libc.so.6(+0x7a468)[0x7efefcb9a468]
[hydra11:354602] [ 4] /lib/x86_64-linux-gnu/libc.so.6(+0x8175a)[0x7efefcba175a]
[hydra11:354602] [ 5] /lib/x86_64-linux-gnu/libc.so.6(+0x8483c)[0x7efefcba483c]
[hydra11:354602] [ 6] /lib/x86_64-linux-gnu/libc.so.6(__libc_calloc+0x81)[0x7efefcba6bd1]
[hydra11:354602] [ 7] /opt/mpi/openmpi-4.1.4//lib/libmpi.so.40(ompi_group_allocate+0x17)[0x7efefea741e7]
[hydra11:354602] [ 8] /opt/mpi/openmpi-4.1.4//lib/libmpi.so.40(ompi_group_incl_plist+0x65)[0x7efefea74915]
[hydra11:354602] [ 9] /opt/mpi/openmpi-4.1.4//lib/libmpi.so.40(PMPI_Group_incl+0x95)[0x7efefeaa5185]
[hydra11:354602] [10] /home/thesis/jheld/MPI_Syrk_implementation/build/src/MPI_SYRK_implementation(+0x841a)[0x560640fb441a]
[hydra11:354602] [11] /home/thesis/jheld/MPI_Syrk_implementation/build/src/MPI_SYRK_implementation(+0x2ab0)[0x560640faeab0]
[hydra11:354602] [12] /lib/x86_64-linux-gnu/libc.so.6(__libc_start_main+0xea)[0x7efefcb43d7a]
[hydra11:354602] [13] /home/thesis/jheld/MPI_Syrk_implementation/build/src/MPI_SYRK_implementation(+0x232a)[0x560640fae32a]
[hydra11:354602] *** End of error message ***
malloc(): invalid size (unsorted)
[hydra09:367890] *** Process received signal ***
[hydra09:367890] Signal: Aborted (6)
[hydra09:367890] Signal code:  (-6)
[hydra09:367890] [ 0] /lib/x86_64-linux-gnu/libc.so.6(+0x38de0)[0x7f4b71c43de0]
[hydra09:367890] [ 1] /lib/x86_64-linux-gnu/libc.so.6(gsignal+0x141)[0x7f4b71c43d61]
[hydra09:367890] [ 2] /lib/x86_64-linux-gnu/libc.so.6(abort+0x123)[0x7f4b71c2d537]
[hydra09:367890] [ 3] /lib/x86_64-linux-gnu/libc.so.6(+0x7a468)[0x7f4b71c85468]
[hydra09:367890] [ 4] /lib/x86_64-linux-gnu/libc.so.6(+0x8175a)[0x7f4b71c8c75a]
[hydra09:367890] [ 5] /lib/x86_64-linux-gnu/libc.so.6(+0x8483c)[0x7f4b71c8f83c]
[hydra09:367890] [ 6] /lib/x86_64-linux-gnu/libc.so.6(__libc_calloc+0x81)[0x7f4b71c91bd1]
[hydra09:367890] [ 7] /opt/mpi/openmpi-4.1.4//lib/libmpi.so.40(ompi_group_allocate+0x17)[0x7f4b73b5f1e7]
[hydra09:367890] [ 8] /opt/mpi/openmpi-4.1.4//lib/libmpi.so.40(ompi_group_incl_plist+0x65)[0x7f4b73b5f915]
[hydra09:367890] [ 9] /opt/mpi/openmpi-4.1.4//lib/libmpi.so.40(PMPI_Group_incl+0x95)[0x7f4b73b90185]
[hydra09:367890] [10] /home/thesis/jheld/MPI_Syrk_implementation/build/src/MPI_SYRK_implementation(+0x841a)[0x5647eb5a741a]
[hydra09:367890] [11] /home/thesis/jheld/MPI_Syrk_implementation/build/src/MPI_SYRK_implementation(+0x2ab0)[0x5647eb5a1ab0]
[hydra09:367890] [12] /lib/x86_64-linux-gnu/libc.so.6(__libc_start_main+0xea)[0x7f4b71c2ed7a]
[hydra09:367890] [13] /home/thesis/jheld/MPI_Syrk_implementation/build/src/MPI_SYRK_implementation(+0x232a)[0x5647eb5a132a]
[hydra09:367890] *** End of error message ***
[hydra07:401294] [ 9] /opt/mpi/openmpi-4.1.4//lib/libmpi.so.40(PMPI_Group_incl+0x95)[0x7f76b3e43185]
[hydra07:401294] [10] /home/thesis/jheld/MPI_Syrk_implementation/build/src/MPI_SYRK_implementation(+0x841a)[0x55bd512dc41a]
[hydra07:401294] [11] /home/thesis/jheld/MPI_Syrk_implementation/build/src/MPI_SYRK_implementation(+0x2ab0)[0x55bd512d6ab0]
[hydra07:401294] [12] /lib/x86_64-linux-gnu/libc.so.6(__libc_start_main+0xea)[0x7f76b1ee1d7a]
[hydra07:401294] [13] /home/thesis/jheld/MPI_Syrk_implementation/build/src/MPI_SYRK_implementation(+0x232a)[0x55bd512d632a]
[hydra07:401294] *** End of error message ***
srun: error: hydra06: task 17: Aborted
srun: error: hydra03: task 7: Aborted
srun: error: hydra01: task 1: Aborted
srun: error: hydra02: task 5: Aborted
srun: error: hydra04: task 11: Aborted
srun: error: hydra11: task 30: Aborted
srun: error: hydra12: task 35: Aborted
srun: error: hydra08: tasks 21-22: Aborted
srun: error: hydra07: tasks 18-20: Aborted
srun: error: hydra09: tasks 24-26: Aborted
slurmstepd: error:  mpi/pmix_v4: _errhandler: hydra01 [0]: pmixp_client_v2.c:211: Error handler invoked: status = -61, source = [slurm.pmix.5008690.25:1]
slurmstepd: error:  mpi/pmix_v4: _errhandler: hydra04 [3]: pmixp_client_v2.c:211: Error handler invoked: status = -61, source = [slurm.pmix.5008690.25:11]
slurmstepd: error:  mpi/pmix_v4: _errhandler: hydra06 [5]: pmixp_client_v2.c:211: Error handler invoked: status = -61, source = [slurm.pmix.5008690.25:17]
slurmstepd: error:  mpi/pmix_v4: _errhandler: hydra02 [1]: pmixp_client_v2.c:211: Error handler invoked: status = -61, source = [slurm.pmix.5008690.25:5]
slurmstepd: error:  mpi/pmix_v4: _errhandler: hydra12 [11]: pmixp_client_v2.c:211: Error handler invoked: status = -61, source = [slurm.pmix.5008690.25:35]
slurmstepd: error:  mpi/pmix_v4: _errhandler: hydra11 [10]: pmixp_client_v2.c:211: Error handler invoked: status = -61, source = [slurm.pmix.5008690.25:30]
slurmstepd: error:  mpi/pmix_v4: _errhandler: hydra08 [7]: pmixp_client_v2.c:211: Error handler invoked: status = -61, source = [slurm.pmix.5008690.25:22]
slurmstepd: error: *** STEP 5008690.25 ON hydra01 CANCELLED AT 2025-10-13T15:28:33 ***
slurmstepd: error:  mpi/pmix_v4: _errhandler: hydra03 [2]: pmixp_client_v2.c:211: Error handler invoked: status = -61, source = [slurm.pmix.5008690.25:7]
srun: Job step aborted: Waiting up to 32 seconds for job step to finish.
srun: error: hydra08: task 23: Killed
srun: error: hydra11: tasks 31-32: Killed
srun: error: hydra06: tasks 15-16: Killed
srun: error: hydra12: tasks 33-34: Killed
srun: error: hydra01: tasks 0,2: Killed
srun: error: hydra04: tasks 9-10: Killed
srun: error: hydra03: tasks 6,8: Killed
srun: error: hydra02: tasks 3-4: Killed
srun: error: hydra05: tasks 12-14: Killed
srun: error: hydra10: tasks 27-29: Killed
⚠️ Warning: No runtime found for run 26
srun: Warning: can't honor --ntasks-per-node set to 1 which doesn't match the requested tasks 36 with the number of requested nodes 12. Ignoring --ntasks-per-node.
missing input file name --> Generate random input
malloc(): invalid size (unsorted)
[hydra12:354704] *** Process received signal ***
[hydra12:354704] Signal: Aborted (6)
[hydra12:354704] Signal code:  (-6)
[hydra12:354704] [ 0] /lib/x86_64-linux-gnu/libc.so.6(+0x38de0)[0x7f5f54ef2de0]
[hydra12:354704] [ 1] /lib/x86_64-linux-gnu/libc.so.6(gsignal+0x141)[0x7f5f54ef2d61]
[hydra12:354704] [ 2] /lib/x86_64-linux-gnu/libc.so.6(abort+0x123)[0x7f5f54edc537]
[hydra12:354704] [ 3] /lib/x86_64-linux-gnu/libc.so.6(+0x7a468)[0x7f5f54f34468]
[hydra12:354704] [ 4] /lib/x86_64-linux-gnu/libc.so.6(+0x8175a)[0x7f5f54f3b75a]
[hydra12:354704] [ 5] /lib/x86_64-linux-gnu/libc.so.6(+0x8483c)[0x7f5f54f3e83c]
malloc(): invalid size (unsorted)
[hydra06:374974] *** Process received signal ***
[hydra06:374974] Signal: Aborted (6)
[hydra06:374974] Signal code:  (-6)
[hydra12:354704] [ 6] /lib/x86_64-linux-gnu/libc.so.6(__libc_calloc+0x81)[0x7f5f54f40bd1]
[hydra12:354704] [ 7] /opt/mpi/openmpi-4.1.4//lib/libmpi.so.40(ompi_group_allocate+0x17)[0x7f5f56e0e1e7]
[hydra12:354704] [ 8] /opt/mpi/openmpi-4.1.4//lib/libmpi.so.40(ompi_group_incl_plist+0x65)[0x7f5f56e0e915]
[hydra06:374974] [ 0] /lib/x86_64-linux-gnu/libc.so.6(+0x38de0)[0x7f48c25b7de0]
[hydra12:354704] [ 9] /opt/mpi/openmpi-4.1.4//lib/libmpi.so.40(PMPI_Group_incl+0x95)[0x7f5f56e3f185]
[hydra06:374974] [ 1] /lib/x86_64-linux-gnu/libc.so.6(gsignal+0x141)[0x7f48c25b7d61]
[hydra12:354704] [10] /home/thesis/jheld/MPI_Syrk_implementation/build/src/MPI_SYRK_implementation(+0x841a)[0x55cc6e68041a]
[hydra12:354704] [11] /home/thesis/jheld/MPI_Syrk_implementation/build/src/MPI_SYRK_implementation(+0x2ab0)[0x55cc6e67aab0]
[hydra12:354704] [12] /lib/x86_64-linux-gnu/libc.so.6(__libc_start_main+0xea)[0x7f5f54eddd7a]
[hydra12:354704] [13] /home/thesis/jheld/MPI_Syrk_implementation/build/src/MPI_SYRK_implementation(+0x232a)[0x55cc6e67a32a]
[hydra06:374974] [ 2] /lib/x86_64-linux-gnu/libc.so.6(abort+0x123)[0x7f48c25a1537]
[hydra12:354704] *** End of error message ***
[hydra06:374974] [ 3] /lib/x86_64-linux-gnu/libc.so.6(+0x7a468)[0x7f48c25f9468]
[hydra06:374974] [ 4] /lib/x86_64-linux-gnu/libc.so.6(+0x8175a)[0x7f48c260075a]
[hydra06:374974] [ 5] /lib/x86_64-linux-gnu/libc.so.6(+0x8483c)[0x7f48c260383c]
[hydra06:374974] [ 6] /lib/x86_64-linux-gnu/libc.so.6(__libc_calloc+0x81)[0x7f48c2605bd1]
[hydra06:374974] [ 7] /opt/mpi/openmpi-4.1.4//lib/libmpi.so.40(ompi_group_allocate+0x17)[0x7f48c44d31e7]
[hydra06:374974] [ 8] /opt/mpi/openmpi-4.1.4//lib/libmpi.so.40(ompi_group_incl_plist+0x65)[0x7f48c44d3915]
[hydra06:374974] [ 9] /opt/mpi/openmpi-4.1.4//lib/libmpi.so.40(PMPI_Group_incl+0x95)[0x7f48c4504185]
[hydra06:374974] [10] /home/thesis/jheld/MPI_Syrk_implementation/build/src/MPI_SYRK_implementation(+0x841a)[0x55971720141a]
[hydra06:374974] [11] /home/thesis/jheld/MPI_Syrk_implementation/build/src/MPI_SYRK_implementation(+0x2ab0)[0x5597171fbab0]
malloc(): invalid size (unsorted)
[hydra06:374974] [12] /lib/x86_64-linux-gnu/libc.so.6(__libc_start_main+0xea)[0x7f48c25a2d7a]
[hydra06:374974] [13] /home/thesis/jheld/MPI_Syrk_implementation/build/src/MPI_SYRK_implementation(+0x232a)[0x5597171fb32a]
[hydra06:374974] *** End of error message ***
[hydra06:374975] *** Process received signal ***
[hydra06:374975] Signal: Aborted (6)
[hydra06:374975] Signal code:  (-6)
malloc(): invalid size (unsorted)
malloc(): invalid size (unsorted)
[hydra06:374975] [ 0] /lib/x86_64-linux-gnu/libc.so.6(+0x38de0)[0x7fad2fb5ede0]
[hydra06:374975] [ 1] /lib/x86_64-linux-gnu/libc.so.6(gsignal+0x141)[0x7fad2fb5ed61]
[hydra07:401345] *** Process received signal ***
[hydra07:401345] Signal: Aborted (6)
[hydra07:401345] Signal code:  (-6)
[hydra05:374276] *** Process received signal ***
[hydra05:374276] Signal: Aborted (6)
[hydra05:374276] Signal code:  (-6)
[hydra06:374975] [ 2] /lib/x86_64-linux-gnu/libc.so.6(abort+0x123)[0x7fad2fb48537]
[hydra06:374975] [ 3] /lib/x86_64-linux-gnu/libc.so.6(+0x7a468)[0x7fad2fba0468]
malloc(): invalid size (unsorted)
[hydra06:374975] [ 4] /lib/x86_64-linux-gnu/libc.so.6(+0x8175a)[0x7fad2fba775a]
[hydra07:401345] [ 0] /lib/x86_64-linux-gnu/libc.so.6(+0x38de0)[0x7f3b09991de0]
[hydra09:367939] *** Process received signal ***
[hydra09:367939] Signal: Aborted (6)
[hydra09:367939] Signal code:  (-6)
[hydra06:374975] [ 5] /lib/x86_64-linux-gnu/libc.so.6(+0x8483c)[0x7fad2fbaa83c]
[hydra06:374975] [ 6] /lib/x86_64-linux-gnu/libc.so.6(__libc_calloc+0x81)[0x7fad2fbacbd1]
malloc(): invalid size (unsorted)
malloc(): invalid size (unsorted)
malloc(): invalid size (unsorted)
[hydra08:376631] *** Process received signal ***
[hydra05:374276] [ 0] /lib/x86_64-linux-gnu/libc.so.6(+0x38de0)[0x7f550864cde0]
[hydra07:401345] [ 1] /lib/x86_64-linux-gnu/libc.so.6(gsignal+0x141)[0x7f3b09991d61]
[hydra06:374975] [ 7] /opt/mpi/openmpi-4.1.4//lib/libmpi.so.40(ompi_group_allocate+0x17)[0x7fad31a7a1e7]
[hydra12:354702] *** Process received signal ***
[hydra07:401345] [ 2] /lib/x86_64-linux-gnu/libc.so.6(abort+0x123)[0x7f3b0997b537]
[hydra12:354702] Signal: Aborted (6)
[hydra12:354702] Signal code:  (-6)
[hydra07:401345] [ 3] /lib/x86_64-linux-gnu/libc.so.6(+0x7a468)[0x7f3b099d3468]
[hydra09:367939] [ 0] /lib/x86_64-linux-gnu/libc.so.6(+0x38de0)[0x7f589eecbde0]
[hydra05:374276] [ 1] /lib/x86_64-linux-gnu/libc.so.6(gsignal+0x141)[0x7f550864cd61]
[hydra06:374975] [ 8] /opt/mpi/openmpi-4.1.4//lib/libmpi.so.40(ompi_group_incl_plist+0x65)[0x7fad31a7a915]
[hydra05:374276] [ 2] /lib/x86_64-linux-gnu/libc.so.6(abort+0x123)[0x7f5508636537]
[hydra09:367939] [ 1] /lib/x86_64-linux-gnu/libc.so.6(gsignal+0x141)[0x7f589eecbd61]
[hydra08:376631] Signal: Aborted (6)
[hydra08:376631] Signal code:  (-6)
[hydra05:374276] [ 3] /lib/x86_64-linux-gnu/libc.so.6(+0x7a468)[0x7f550868e468]
[hydra07:401345] [ 4] /lib/x86_64-linux-gnu/libc.so.6(+0x8175a)[0x7f3b099da75a]
[hydra09:367939] [ 2] /lib/x86_64-linux-gnu/libc.so.6(abort+0x123)[0x7f589eeb5537]
malloc(): invalid size (unsorted)
[hydra03:391569] *** Process received signal ***
[hydra03:391569] Signal: Aborted (6)
[hydra03:391569] Signal code:  (-6)
[hydra07:401345] [ 5] /lib/x86_64-linux-gnu/libc.so.6(+0x8483c)[0x7f3b099dd83c]
[hydra09:367939] [ 3] /lib/x86_64-linux-gnu/libc.so.6(+0x7a468)[0x7f589ef0d468]
[hydra05:374276] [ 4] /lib/x86_64-linux-gnu/libc.so.6(+0x8175a)[0x7f550869575a]
[hydra07:401345] [ 6] /lib/x86_64-linux-gnu/libc.so.6(__libc_calloc+0x81)[0x7f3b099dfbd1]
malloc(): invalid size (unsorted)
[hydra06:374975] [ 9] /opt/mpi/openmpi-4.1.4//lib/libmpi.so.40(PMPI_Group_incl+0x95)[0x7fad31aab185]
[hydra08:376631] [ 0] /lib/x86_64-linux-gnu/libc.so.6(+0x38de0)[0x7f35de607de0]
[hydra06:374975] [10] /home/thesis/jheld/MPI_Syrk_implementation/build/src/MPI_SYRK_implementation(+0x841a)[0x56156fcc641a]
[hydra06:374975] [11] /home/thesis/jheld/MPI_Syrk_implementation/build/src/MPI_SYRK_implementation(+0x2ab0)[0x56156fcc0ab0]
[hydra09:367939] [ 4] /lib/x86_64-linux-gnu/libc.so.6(+0x8175a)[0x7f589ef1475a]
[hydra08:376631] [ 1] /lib/x86_64-linux-gnu/libc.so.6(gsignal+0x141)[0x7f35de607d61]
[hydra05:374276] [ 5] /lib/x86_64-linux-gnu/libc.so.6(+0x8483c)[0x7f550869883c]
[hydra06:374975] [12] /lib/x86_64-linux-gnu/libc.so.6(__libc_start_main+0xea)[0x7fad2fb49d7a]
[hydra06:374975] [13] /home/thesis/jheld/MPI_Syrk_implementation/build/src/MPI_SYRK_implementation(+0x232a)[0x56156fcc032a]
[hydra07:401345] [ 7] /opt/mpi/openmpi-4.1.4//lib/libmpi.so.40(ompi_group_allocate+0x17)[0x7f3b0b8ad1e7]
[hydra04:390351] *** Process received signal ***
[hydra05:374276] [ 6] /lib/x86_64-linux-gnu/libc.so.6(__libc_calloc+0x81)[0x7f550869abd1]
[hydra06:374975] *** End of error message ***
[hydra03:391569] [ 0] /lib/x86_64-linux-gnu/libc.so.6(+0x38de0)[0x7f72d8cffde0]
[hydra07:401345] [ 8] /opt/mpi/openmpi-4.1.4//lib/libmpi.so.40(ompi_group_incl_plist+0x65)[0x7f3b0b8ad915]
[hydra09:367939] [ 5] /lib/x86_64-linux-gnu/libc.so.6(+0x8483c)[0x7f589ef1783c]
[hydra04:390351] Signal: Aborted (6)
[hydra04:390351] Signal code:  (-6)
[hydra05:374276] [ 7] /opt/mpi/openmpi-4.1.4//lib/libmpi.so.40(ompi_group_allocate+0x17)[0x7f550a5681e7]
[hydra07:401345] [ 9] /opt/mpi/openmpi-4.1.4//lib/libmpi.so.40(PMPI_Group_incl+0x95)[0x7f3b0b8de185]
[hydra09:367938] *** Process received signal ***
[hydra03:391569] [ 1] /lib/x86_64-linux-gnu/libc.so.6(gsignal+0x141)[0x7f72d8cffd61]
[hydra07:401345] [10] /home/thesis/jheld/MPI_Syrk_implementation/build/src/MPI_SYRK_implementation(+0x841a)[0x5642f263941a]
[hydra07:401345] [11] /home/thesis/jheld/MPI_Syrk_implementation/build/src/MPI_SYRK_implementation(+0x2ab0)[0x5642f2633ab0]
[hydra09:367938] Signal: Aborted (6)
[hydra09:367938] Signal code:  (-6)
[hydra08:376631] [ 2] /lib/x86_64-linux-gnu/libc.so.6(abort+0x123)[0x7f35de5f1537]
[hydra03:391569] [ 2] /lib/x86_64-linux-gnu/libc.so.6(abort+0x123)[0x7f72d8ce9537]
[hydra07:401345] [12] /lib/x86_64-linux-gnu/libc.so.6(__libc_start_main+0xea)[0x7f3b0997cd7a]
[hydra07:401345] [13] /home/thesis/jheld/MPI_Syrk_implementation/build/src/MPI_SYRK_implementation(+0x232a)[0x5642f263332a]
[hydra09:367939] [ 6] /lib/x86_64-linux-gnu/libc.so.6(__libc_calloc+0x81)[0x7f589ef19bd1]
[hydra08:376631] [ 3] /lib/x86_64-linux-gnu/libc.so.6(+0x7a468)[0x7f35de649468]
[hydra05:374276] [ 8] /opt/mpi/openmpi-4.1.4//lib/libmpi.so.40(ompi_group_incl_plist+0x65)[0x7f550a568915]
[hydra03:391569] [ 3] /lib/x86_64-linux-gnu/libc.so.6(+0x7a468)[0x7f72d8d41468]
[hydra12:354702] [ 0] /lib/x86_64-linux-gnu/libc.so.6(+0x38de0)[0x7fdfb9c2bde0]
[hydra07:401345] *** End of error message ***
[hydra09:367939] [ 7] /opt/mpi/openmpi-4.1.4//lib/libmpi.so.40(ompi_group_allocate+0x17)[0x7f58a0de71e7]
[hydra08:376631] [ 4] /lib/x86_64-linux-gnu/libc.so.6(+0x8175a)[0x7f35de65075a]
[hydra09:367939] [ 8] /opt/mpi/openmpi-4.1.4//lib/libmpi.so.40(ompi_group_incl_plist+0x65)[0x7f58a0de7915]
[hydra04:390351] [ 0] /lib/x86_64-linux-gnu/libc.so.6(+0x38de0)[0x7f17bf7b8de0]
[hydra05:374276] [ 9] /opt/mpi/openmpi-4.1.4//lib/libmpi.so.40(PMPI_Group_incl+0x95)[0x7f550a599185]
[hydra12:354702] [ 1] /lib/x86_64-linux-gnu/libc.so.6(gsignal+0x141)[0x7fdfb9c2bd61]
[hydra09:367939] [ 9] /opt/mpi/openmpi-4.1.4//lib/libmpi.so.40(PMPI_Group_incl+0x95)[0x7f58a0e18185]
[hydra08:376631] [ 5] /lib/x86_64-linux-gnu/libc.so.6(+0x8483c)[0x7f35de65383c]
[hydra05:374276] [10] /home/thesis/jheld/MPI_Syrk_implementation/build/src/MPI_SYRK_implementation(+0x841a)[0x5621c655c41a]
[hydra05:374276] [11] /home/thesis/jheld/MPI_Syrk_implementation/build/src/MPI_SYRK_implementation(+0x2ab0)[0x5621c6556ab0]
[hydra03:391569] [ 4] /lib/x86_64-linux-gnu/libc.so.6(+0x8175a)[0x7f72d8d4875a]
[hydra12:354702] [ 2] /lib/x86_64-linux-gnu/libc.so.6(abort+0x123)[0x7fdfb9c15537]
[hydra09:367939] [10] /home/thesis/jheld/MPI_Syrk_implementation/build/src/MPI_SYRK_implementation(+0x841a)[0x5633ad4c341a]
[hydra09:367939] [11] /home/thesis/jheld/MPI_Syrk_implementation/build/src/MPI_SYRK_implementation(+0x2ab0)[0x5633ad4bdab0]
[hydra04:390351] [ 1] /lib/x86_64-linux-gnu/libc.so.6(gsignal+0x141)[0x7f17bf7b8d61]
[hydra08:376631] [ 6] /lib/x86_64-linux-gnu/libc.so.6(__libc_calloc+0x81)[0x7f35de655bd1]
[hydra05:374276] [12] /lib/x86_64-linux-gnu/libc.so.6(__libc_start_main+0xea)[0x7f5508637d7a]
[hydra05:374276] [13] /home/thesis/jheld/MPI_Syrk_implementation/build/src/MPI_SYRK_implementation(+0x232a)[0x5621c655632a]
[hydra03:391569] [ 5] /lib/x86_64-linux-gnu/libc.so.6(+0x8483c)[0x7f72d8d4b83c]
[hydra12:354702] [ 3] /lib/x86_64-linux-gnu/libc.so.6(+0x7a468)[0x7fdfb9c6d468]
[hydra09:367939] [12] /lib/x86_64-linux-gnu/libc.so.6(__libc_start_main+0xea)[0x7f589eeb6d7a]
[hydra08:376631] [ 7] /opt/mpi/openmpi-4.1.4//lib/libmpi.so.40(ompi_group_allocate+0x17)[0x7f35e05231e7]
[hydra05:374276] *** End of error message ***
[hydra09:367939] [13] /home/thesis/jheld/MPI_Syrk_implementation/build/src/MPI_SYRK_implementation(+0x232a)[0x5633ad4bd32a]
[hydra09:367939] *** End of error message ***
[hydra04:390351] [ 2] /lib/x86_64-linux-gnu/libc.so.6(abort+0x123)[0x7f17bf7a2537]
[hydra04:390351] [ 3] /lib/x86_64-linux-gnu/libc.so.6(+0x7a468)[0x7f17bf7fa468]
[hydra03:391569] [ 6] /lib/x86_64-linux-gnu/libc.so.6(__libc_calloc+0x81)[0x7f72d8d4dbd1]
[hydra12:354702] [ 4] /lib/x86_64-linux-gnu/libc.so.6(+0x8175a)[0x7fdfb9c7475a]
[hydra08:376631] [ 8] /opt/mpi/openmpi-4.1.4//lib/libmpi.so.40(ompi_group_incl_plist+0x65)[0x7f35e0523915]
[hydra03:391569] [ 7] /opt/mpi/openmpi-4.1.4//lib/libmpi.so.40(ompi_group_allocate+0x17)[0x7f72dac1b1e7]
[hydra04:390351] [ 4] /lib/x86_64-linux-gnu/libc.so.6(+0x8175a)[0x7f17bf80175a]
[hydra08:376631] [ 9] /opt/mpi/openmpi-4.1.4//lib/libmpi.so.40(PMPI_Group_incl+0x95)[0x7f35e0554185]
[hydra08:376631] [10] /home/thesis/jheld/MPI_Syrk_implementation/build/src/MPI_SYRK_implementation(+0x841a)[0x55da8985641a]
[hydra08:376631] [11] /home/thesis/jheld/MPI_Syrk_implementation/build/src/MPI_SYRK_implementation(+0x2ab0)[0x55da89850ab0]
malloc(): invalid size (unsorted)
[hydra02:560459] *** Process received signal ***
[hydra03:391569] [ 8] /opt/mpi/openmpi-4.1.4//lib/libmpi.so.40(ompi_group_incl_plist+0x65)[0x7f72dac1b915]
[hydra12:354702] [ 5] /lib/x86_64-linux-gnu/libc.so.6(+0x8483c)[0x7fdfb9c7783c]
[hydra12:354702] [ 6] /lib/x86_64-linux-gnu/libc.so.6(__libc_calloc+0x81)[0x7fdfb9c79bd1]
[hydra04:390351] [ 5] /lib/x86_64-linux-gnu/libc.so.6(+0x8483c)[0x7f17bf80483c]
[hydra08:376631] [12] /lib/x86_64-linux-gnu/libc.so.6(__libc_start_main+0xea)[0x7f35de5f2d7a]
[hydra08:376631] [13] /home/thesis/jheld/MPI_Syrk_implementation/build/src/MPI_SYRK_implementation(+0x232a)[0x55da8985032a]
[hydra09:367938] [ 0] /lib/x86_64-linux-gnu/libc.so.6(+0x38de0)[0x7f35993abde0]
[hydra09:367938] [ 1] /lib/x86_64-linux-gnu/libc.so.6(gsignal+0x141)[0x7f35993abd61]
[hydra08:376631] *** End of error message ***
[hydra04:390351] [ 6] /lib/x86_64-linux-gnu/libc.so.6(__libc_calloc+0x81)[0x7f17bf806bd1]
[hydra04:390351] [ 7] /opt/mpi/openmpi-4.1.4//lib/libmpi.so.40(ompi_group_allocate+0x17)[0x7f17c16d41e7]
[hydra03:391569] [ 9] /opt/mpi/openmpi-4.1.4//lib/libmpi.so.40(PMPI_Group_incl+0x95)[0x7f72dac4c185]
[hydra12:354702] [ 7] /opt/mpi/openmpi-4.1.4//lib/libmpi.so.40(ompi_group_allocate+0x17)[0x7fdfbbb471e7]
[hydra02:560459] Signal: Aborted (6)
[hydra02:560459] Signal code:  (-6)
[hydra03:391569] [10] /home/thesis/jheld/MPI_Syrk_implementation/build/src/MPI_SYRK_implementation(+0x841a)[0x55e08310541a]
[hydra12:354702] [ 8] /opt/mpi/openmpi-4.1.4//lib/libmpi.so.40(ompi_group_incl_plist+0x65)[0x7fdfbbb47915]
[hydra09:367938] [ 2] /lib/x86_64-linux-gnu/libc.so.6(abort+0x123)[0x7f3599395537]
[hydra04:390351] [ 8] /opt/mpi/openmpi-4.1.4//lib/libmpi.so.40(ompi_group_incl_plist+0x65)[0x7f17c16d4915]
[hydra03:391569] [11] /home/thesis/jheld/MPI_Syrk_implementation/build/src/MPI_SYRK_implementation(+0x2ab0)[0x55e0830ffab0]
[hydra09:367938] [ 3] /lib/x86_64-linux-gnu/libc.so.6(+0x7a468)[0x7f35993ed468]
[hydra03:391569] [12] /lib/x86_64-linux-gnu/libc.so.6(__libc_start_main+0xea)[0x7f72d8cead7a]
[hydra09:367938] [ 4] /lib/x86_64-linux-gnu/libc.so.6(+0x8175a)[0x7f35993f475a]
[hydra03:391569] [13] /home/thesis/jheld/MPI_Syrk_implementation/build/src/MPI_SYRK_implementation(+0x232a)[0x55e0830ff32a]
[hydra03:391569] *** End of error message ***
[hydra04:390351] [ 9] /opt/mpi/openmpi-4.1.4//lib/libmpi.so.40(PMPI_Group_incl+0x95)[0x7f17c1705185]
[hydra02:560459] [ 0] /lib/x86_64-linux-gnu/libc.so.6(+0x38de0)[0x7f8e8f508de0]
[hydra04:390351] [10] /home/thesis/jheld/MPI_Syrk_implementation/build/src/MPI_SYRK_implementation(+0x841a)[0x5596f005841a]
[hydra12:354702] [ 9] /opt/mpi/openmpi-4.1.4//lib/libmpi.so.40(PMPI_Group_incl+0x95)[0x7fdfbbb78185]
[hydra04:390351] [11] /home/thesis/jheld/MPI_Syrk_implementation/build/src/MPI_SYRK_implementation(+0x2ab0)[0x5596f0052ab0]
[hydra12:354702] [10] /home/thesis/jheld/MPI_Syrk_implementation/build/src/MPI_SYRK_implementation(+0x841a)[0x555c3563441a]
[hydra12:354702] [11] /home/thesis/jheld/MPI_Syrk_implementation/build/src/MPI_SYRK_implementation(+0x2ab0)[0x555c3562eab0]
[hydra09:367938] [ 5] /lib/x86_64-linux-gnu/libc.so.6(+0x8483c)[0x7f35993f783c]
[hydra04:390351] [12] /lib/x86_64-linux-gnu/libc.so.6(__libc_start_main+0xea)[0x7f17bf7a3d7a]
[hydra02:560459] [ 1] /lib/x86_64-linux-gnu/libc.so.6(gsignal+0x141)[0x7f8e8f508d61]
[hydra12:354702] [12] /lib/x86_64-linux-gnu/libc.so.6(__libc_start_main+0xea)[0x7fdfb9c16d7a]
[hydra09:367938] [ 6] /lib/x86_64-linux-gnu/libc.so.6(__libc_calloc+0x81)[0x7f35993f9bd1]
[hydra04:390351] [13] /home/thesis/jheld/MPI_Syrk_implementation/build/src/MPI_SYRK_implementation(+0x232a)[0x5596f005232a]
[hydra04:390351] *** End of error message ***
[hydra12:354702] [13] /home/thesis/jheld/MPI_Syrk_implementation/build/src/MPI_SYRK_implementation(+0x232a)[0x555c3562e32a]
[hydra12:354702] *** End of error message ***
[hydra09:367938] [ 7] /opt/mpi/openmpi-4.1.4//lib/libmpi.so.40(ompi_group_allocate+0x17)[0x7f359b2c71e7]
[hydra09:367938] [ 8] /opt/mpi/openmpi-4.1.4//lib/libmpi.so.40(ompi_group_incl_plist+0x65)[0x7f359b2c7915]
[hydra02:560459] [ 2] /lib/x86_64-linux-gnu/libc.so.6(abort+0x123)[0x7f8e8f4f2537]
[hydra09:367938] [ 9] /opt/mpi/openmpi-4.1.4//lib/libmpi.so.40(PMPI_Group_incl+0x95)[0x7f359b2f8185]
[hydra09:367938] [10] /home/thesis/jheld/MPI_Syrk_implementation/build/src/MPI_SYRK_implementation(+0x841a)[0x560de70d041a]
[hydra09:367938] [11] /home/thesis/jheld/MPI_Syrk_implementation/build/src/MPI_SYRK_implementation(+0x2ab0)[0x560de70caab0]
[hydra02:560459] [ 3] /lib/x86_64-linux-gnu/libc.so.6(+0x7a468)[0x7f8e8f54a468]
[hydra09:367938] [12] /lib/x86_64-linux-gnu/libc.so.6(__libc_start_main+0xea)[0x7f3599396d7a]
[hydra09:367938] [13] /home/thesis/jheld/MPI_Syrk_implementation/build/src/MPI_SYRK_implementation(+0x232a)[0x560de70ca32a]
[hydra09:367938] *** End of error message ***
[hydra02:560459] [ 4] /lib/x86_64-linux-gnu/libc.so.6(+0x8175a)[0x7f8e8f55175a]
[hydra02:560459] [ 5] /lib/x86_64-linux-gnu/libc.so.6(+0x8483c)[0x7f8e8f55483c]
[hydra02:560459] [ 6] /lib/x86_64-linux-gnu/libc.so.6(__libc_calloc+0x81)[0x7f8e8f556bd1]
[hydra02:560459] [ 7] /opt/mpi/openmpi-4.1.4//lib/libmpi.so.40(ompi_group_allocate+0x17)[0x7f8e914241e7]
[hydra02:560459] [ 8] /opt/mpi/openmpi-4.1.4//lib/libmpi.so.40(ompi_group_incl_plist+0x65)[0x7f8e91424915]
[hydra02:560459] [ 9] /opt/mpi/openmpi-4.1.4//lib/libmpi.so.40(PMPI_Group_incl+0x95)[0x7f8e91455185]
[hydra02:560459] [10] /home/thesis/jheld/MPI_Syrk_implementation/build/src/MPI_SYRK_implementation(+0x841a)[0x56316d9b141a]
[hydra02:560459] [11] /home/thesis/jheld/MPI_Syrk_implementation/build/src/MPI_SYRK_implementation(+0x2ab0)[0x56316d9abab0]
[hydra02:560459] [12] /lib/x86_64-linux-gnu/libc.so.6(__libc_start_main+0xea)[0x7f8e8f4f3d7a]
[hydra02:560459] [13] /home/thesis/jheld/MPI_Syrk_implementation/build/src/MPI_SYRK_implementation(+0x232a)[0x56316d9ab32a]
malloc(): invalid size (unsorted)
[hydra11:354662] *** Process received signal ***
[hydra02:560459] *** End of error message ***
[hydra11:354662] Signal: Aborted (6)
[hydra11:354662] Signal code:  (-6)
[hydra11:354662] [ 0] /lib/x86_64-linux-gnu/libc.so.6(+0x38de0)[0x7f78bf7d9de0]
[hydra11:354662] [ 1] /lib/x86_64-linux-gnu/libc.so.6(gsignal+0x141)[0x7f78bf7d9d61]
[hydra11:354662] [ 2] /lib/x86_64-linux-gnu/libc.so.6(abort+0x123)[0x7f78bf7c3537]
[hydra11:354662] [ 3] /lib/x86_64-linux-gnu/libc.so.6(+0x7a468)[0x7f78bf81b468]
[hydra11:354662] [ 4] /lib/x86_64-linux-gnu/libc.so.6(+0x8175a)[0x7f78bf82275a]
[hydra11:354662] [ 5] /lib/x86_64-linux-gnu/libc.so.6(+0x8483c)[0x7f78bf82583c]
[hydra11:354662] [ 6] /lib/x86_64-linux-gnu/libc.so.6(__libc_calloc+0x81)[0x7f78bf827bd1]
[hydra11:354662] [ 7] /opt/mpi/openmpi-4.1.4//lib/libmpi.so.40(ompi_group_allocate+0x17)[0x7f78c16f51e7]
[hydra11:354662] [ 8] /opt/mpi/openmpi-4.1.4//lib/libmpi.so.40(ompi_group_incl_plist+0x65)[0x7f78c16f5915]
malloc(): invalid size (unsorted)
[hydra11:354662] [ 9] /opt/mpi/openmpi-4.1.4//lib/libmpi.so.40(PMPI_Group_incl+0x95)[0x7f78c1726185]
[hydra11:354662] [10] /home/thesis/jheld/MPI_Syrk_implementation/build/src/MPI_SYRK_implementation(+0x841a)[0x55aaea42541a]
[hydra11:354662] [11] /home/thesis/jheld/MPI_Syrk_implementation/build/src/MPI_SYRK_implementation(+0x2ab0)[0x55aaea41fab0]
[hydra10:485750] *** Process received signal ***
[hydra11:354662] [12] /lib/x86_64-linux-gnu/libc.so.6(__libc_start_main+0xea)[0x7f78bf7c4d7a]
[hydra11:354662] [13] /home/thesis/jheld/MPI_Syrk_implementation/build/src/MPI_SYRK_implementation(+0x232a)[0x55aaea41f32a]
[hydra10:485750] Signal: Aborted (6)
[hydra10:485750] Signal code:  (-6)
[hydra11:354662] *** End of error message ***
[hydra10:485750] [ 0] /lib/x86_64-linux-gnu/libc.so.6(+0x38de0)[0x7f97c15b0de0]
[hydra10:485750] [ 1] /lib/x86_64-linux-gnu/libc.so.6(gsignal+0x141)[0x7f97c15b0d61]
[hydra10:485750] [ 2] /lib/x86_64-linux-gnu/libc.so.6(abort+0x123)[0x7f97c159a537]
[hydra10:485750] [ 3] /lib/x86_64-linux-gnu/libc.so.6(+0x7a468)[0x7f97c15f2468]
[hydra10:485750] [ 4] /lib/x86_64-linux-gnu/libc.so.6(+0x8175a)[0x7f97c15f975a]
[hydra10:485750] [ 5] /lib/x86_64-linux-gnu/libc.so.6(+0x8483c)[0x7f97c15fc83c]
[hydra10:485750] [ 6] /lib/x86_64-linux-gnu/libc.so.6(__libc_calloc+0x81)[0x7f97c15febd1]
[hydra10:485750] [ 7] /opt/mpi/openmpi-4.1.4//lib/libmpi.so.40(ompi_group_allocate+0x17)[0x7f97c34cc1e7]
[hydra10:485750] [ 8] /opt/mpi/openmpi-4.1.4//lib/libmpi.so.40(ompi_group_incl_plist+0x65)[0x7f97c34cc915]
[hydra10:485750] [ 9] /opt/mpi/openmpi-4.1.4//lib/libmpi.so.40(PMPI_Group_incl+0x95)[0x7f97c34fd185]
[hydra10:485750] [10] /home/thesis/jheld/MPI_Syrk_implementation/build/src/MPI_SYRK_implementation(+0x841a)[0x555b4bfe841a]
[hydra10:485750] [11] /home/thesis/jheld/MPI_Syrk_implementation/build/src/MPI_SYRK_implementation(+0x2ab0)[0x555b4bfe2ab0]
[hydra10:485750] [12] /lib/x86_64-linux-gnu/libc.so.6(__libc_start_main+0xea)[0x7f97c159bd7a]
[hydra10:485750] [13] /home/thesis/jheld/MPI_Syrk_implementation/build/src/MPI_SYRK_implementation(+0x232a)[0x555b4bfe232a]
[hydra10:485750] *** End of error message ***
srun: error: hydra02: task 3: Aborted
srun: error: hydra10: task 27: Aborted
srun: error: hydra07: task 19: Aborted
srun: error: hydra04: task 11: Aborted
srun: error: hydra11: task 30: Aborted
srun: error: hydra05: task 13: Aborted
srun: error: hydra08: task 23: Aborted
srun: error: hydra03: task 6: Aborted
srun: error: hydra09: tasks 24-25: Aborted
srun: error: hydra06: tasks 16-17: Aborted
srun: error: hydra12: tasks 33,35: Aborted
slurmstepd: error:  mpi/pmix_v4: _errhandler: hydra08 [7]: pmixp_client_v2.c:211: Error handler invoked: status = -61, source = [slurm.pmix.5008690.26:23]
slurmstepd: error:  mpi/pmix_v4: _errhandler: hydra05 [4]: pmixp_client_v2.c:211: Error handler invoked: status = -61, source = [slurm.pmix.5008690.26:13]
slurmstepd: error:  mpi/pmix_v4: _errhandler: hydra12 [11]: pmixp_client_v2.c:211: Error handler invoked: status = -61, source = [slurm.pmix.5008690.26:35]
slurmstepd: error:  mpi/pmix_v4: _errhandler: hydra04 [3]: pmixp_client_v2.c:211: Error handler invoked: status = -61, source = [slurm.pmix.5008690.26:11]
slurmstepd: error:  mpi/pmix_v4: _errhandler: hydra09 [8]: pmixp_client_v2.c:211: Error handler invoked: status = -61, source = [slurm.pmix.5008690.26:25]
slurmstepd: error:  mpi/pmix_v4: _errhandler: hydra02 [1]: pmixp_client_v2.c:211: Error handler invoked: status = -61, source = [slurm.pmix.5008690.26:3]
slurmstepd: error:  mpi/pmix_v4: _errhandler: hydra07 [6]: pmixp_client_v2.c:211: Error handler invoked: status = -61, source = [slurm.pmix.5008690.26:19]
slurmstepd: error:  mpi/pmix_v4: _errhandler: hydra06 [5]: pmixp_client_v2.c:211: Error handler invoked: status = -61, source = [slurm.pmix.5008690.26:16]
slurmstepd: error:  mpi/pmix_v4: _errhandler: hydra11 [10]: pmixp_client_v2.c:211: Error handler invoked: status = -61, source = [slurm.pmix.5008690.26:30]
slurmstepd: error:  mpi/pmix_v4: _errhandler: hydra03 [2]: pmixp_client_v2.c:211: Error handler invoked: status = -61, source = [slurm.pmix.5008690.26:6]
slurmstepd: error:  mpi/pmix_v4: _errhandler: hydra10 [9]: pmixp_client_v2.c:211: Error handler invoked: status = -61, source = [slurm.pmix.5008690.26:27]
slurmstepd: error: *** STEP 5008690.26 ON hydra01 CANCELLED AT 2025-10-13T15:28:44 ***
srun: Job step aborted: Waiting up to 32 seconds for job step to finish.
srun: error: hydra06: task 15: Killed
srun: error: hydra09: task 26: Killed
srun: error: hydra12: task 34: Killed
srun: error: hydra03: tasks 7-8: Killed
srun: error: hydra05: tasks 12,14: Killed
srun: error: hydra02: tasks 4-5: Killed
srun: error: hydra07: tasks 18,20: Killed
srun: error: hydra10: tasks 28-29: Killed
srun: error: hydra08: tasks 21-22: Killed
srun: error: hydra04: tasks 9-10: Killed
srun: error: hydra11: tasks 31-32: Killed
srun: error: hydra01: tasks 0-2: Killed
⚠️ Warning: No runtime found for run 27
srun: Warning: can't honor --ntasks-per-node set to 1 which doesn't match the requested tasks 36 with the number of requested nodes 12. Ignoring --ntasks-per-node.
missing input file name --> Generate random input
malloc(): invalid size (unsorted)
[hydra05:374343] *** Process received signal ***
[hydra05:374343] Signal: Aborted (6)
[hydra05:374343] Signal code:  (-6)
[hydra05:374343] [ 0] /lib/x86_64-linux-gnu/libc.so.6(+0x38de0)[0x7f9cc8e25de0]
[hydra05:374343] [ 1] /lib/x86_64-linux-gnu/libc.so.6(gsignal+0x141)[0x7f9cc8e25d61]
[hydra05:374343] [ 2] /lib/x86_64-linux-gnu/libc.so.6(abort+0x123)[0x7f9cc8e0f537]
[hydra05:374343] [ 3] /lib/x86_64-linux-gnu/libc.so.6(+0x7a468)[0x7f9cc8e67468]
[hydra05:374343] [ 4] /lib/x86_64-linux-gnu/libc.so.6(+0x8175a)[0x7f9cc8e6e75a]
[hydra05:374343] [ 5] /lib/x86_64-linux-gnu/libc.so.6(+0x8483c)[0x7f9cc8e7183c]
[hydra05:374343] [ 6] /lib/x86_64-linux-gnu/libc.so.6(__libc_calloc+0x81)[0x7f9cc8e73bd1]
malloc(): invalid size (unsorted)
[hydra12:354771] *** Process received signal ***
[hydra05:374343] [ 7] /opt/mpi/openmpi-4.1.4//lib/libmpi.so.40(ompi_group_allocate+0x17)[0x7f9ccad411e7]
[hydra05:374343] [ 8] /opt/mpi/openmpi-4.1.4//lib/libmpi.so.40(ompi_group_incl_plist+0x65)[0x7f9ccad41915]
[hydra05:374343] [ 9] /opt/mpi/openmpi-4.1.4//lib/libmpi.so.40(PMPI_Group_incl+0x95)[0x7f9ccad72185]
[hydra05:374343] [10] /home/thesis/jheld/MPI_Syrk_implementation/build/src/MPI_SYRK_implementation(+0x841a)[0x563c39b7641a]
[hydra05:374343] [11] /home/thesis/jheld/MPI_Syrk_implementation/build/src/MPI_SYRK_implementation(+0x2ab0)[0x563c39b70ab0]
[hydra05:374343] [12] /lib/x86_64-linux-gnu/libc.so.6(__libc_start_main+0xea)[0x7f9cc8e10d7a]
[hydra05:374343] [13] /home/thesis/jheld/MPI_Syrk_implementation/build/src/MPI_SYRK_implementation(+0x232a)[0x563c39b7032a]
[hydra05:374343] *** End of error message ***
malloc(): invalid size (unsorted)
[hydra01:875320] *** Process received signal ***
[hydra01:875320] Signal: Aborted (6)
[hydra01:875320] Signal code:  (-6)
[hydra01:875320] [ 0] /lib/x86_64-linux-gnu/libc.so.6(+0x38de0)[0x7f9f0292ade0]
[hydra01:875320] [ 1] /lib/x86_64-linux-gnu/libc.so.6(gsignal+0x141)[0x7f9f0292ad61]
[hydra01:875320] [ 2] /lib/x86_64-linux-gnu/libc.so.6(abort+0x123)[0x7f9f02914537]
malloc(): invalid size (unsorted)
[hydra04:390418] *** Process received signal ***
[hydra01:875320] [ 3] /lib/x86_64-linux-gnu/libc.so.6(+0x7a468)[0x7f9f0296c468]
malloc(): invalid size (unsorted)
[hydra06:375041] *** Process received signal ***
[hydra12:354771] Signal: Aborted (6)
[hydra12:354771] Signal code:  (-6)
[hydra01:875320] [ 4] /lib/x86_64-linux-gnu/libc.so.6(+0x8175a)[0x7f9f0297375a]
malloc(): invalid size (unsorted)
[hydra12:354772] *** Process received signal ***
[hydra01:875320] [ 5] /lib/x86_64-linux-gnu/libc.so.6(+0x8483c)[0x7f9f0297683c]
[hydra12:354772] Signal: Aborted (6)
[hydra12:354772] Signal code:  (-6)
[hydra04:390418] Signal: Aborted (6)
[hydra04:390418] Signal code:  (-6)
[hydra12:354771] [ 0] /lib/x86_64-linux-gnu/libc.so.6(+0x38de0)[0x7f7a0e925de0]
[hydra04:390418] [ 0] /lib/x86_64-linux-gnu/libc.so.6(+0x38de0)[0x7fbd16374de0]
[hydra12:354771] [ 1] /lib/x86_64-linux-gnu/libc.so.6(gsignal+0x141)[0x7f7a0e925d61]
[hydra06:375041] Signal: Aborted (6)
[hydra06:375041] Signal code:  (-6)
[hydra01:875320] [ 6] /lib/x86_64-linux-gnu/libc.so.6(__libc_calloc+0x81)[0x7f9f02978bd1]
[hydra12:354771] [ 2] /lib/x86_64-linux-gnu/libc.so.6(abort+0x123)[0x7f7a0e90f537]
[hydra04:390418] [ 1] /lib/x86_64-linux-gnu/libc.so.6(gsignal+0x141)[0x7fbd16374d61]
[hydra12:354771] [ 3] /lib/x86_64-linux-gnu/libc.so.6(+0x7a468)[0x7f7a0e967468]
[hydra06:375041] [ 0] /lib/x86_64-linux-gnu/libc.so.6(+0x38de0)[0x7f71981f2de0]
[hydra04:390418] [ 2] /lib/x86_64-linux-gnu/libc.so.6(abort+0x123)[0x7fbd1635e537]
[hydra01:875320] [ 7] /opt/mpi/openmpi-4.1.4//lib/libmpi.so.40(ompi_group_allocate+0x17)[0x7f9f048461e7]
[hydra12:354772] [ 0] /lib/x86_64-linux-gnu/libc.so.6(+0x38de0)[0x7f32b324ade0]
[hydra04:390418] [ 3] /lib/x86_64-linux-gnu/libc.so.6(+0x7a468)[0x7fbd163b6468]
[hydra01:875320] [ 8] /opt/mpi/openmpi-4.1.4//lib/libmpi.so.40(ompi_group_incl_plist+0x65)[0x7f9f04846915]
[hydra12:354771] [ 4] /lib/x86_64-linux-gnu/libc.so.6(+0x8175a)[0x7f7a0e96e75a]
[hydra06:375041] [ 1] /lib/x86_64-linux-gnu/libc.so.6(gsignal+0x141)[0x7f71981f2d61]
[hydra01:875320] [ 9] /opt/mpi/openmpi-4.1.4//lib/libmpi.so.40(PMPI_Group_incl+0x95)[0x7f9f04877185]
[hydra01:875320] [10] /home/thesis/jheld/MPI_Syrk_implementation/build/src/MPI_SYRK_implementation(+0x841a)[0x55a97d87741a]
[hydra12:354772] [ 1] /lib/x86_64-linux-gnu/libc.so.6(gsignal+0x141)[0x7f32b324ad61]
[hydra04:390418] [ 4] /lib/x86_64-linux-gnu/libc.so.6(+0x8175a)[0x7fbd163bd75a]
[hydra01:875320] [11] /home/thesis/jheld/MPI_Syrk_implementation/build/src/MPI_SYRK_implementation(+0x2ab0)[0x55a97d871ab0]
[hydra12:354772] [ 2] /lib/x86_64-linux-gnu/libc.so.6(abort+0x123)[0x7f32b3234537]
[hydra01:875320] [12] /lib/x86_64-linux-gnu/libc.so.6(__libc_start_main+0xea)[0x7f9f02915d7a]
[hydra01:875320] [13] /home/thesis/jheld/MPI_Syrk_implementation/build/src/MPI_SYRK_implementation(+0x232a)[0x55a97d87132a]
[hydra01:875320] *** End of error message ***
[hydra12:354771] [ 5] /lib/x86_64-linux-gnu/libc.so.6(+0x8483c)[0x7f7a0e97183c]
[hydra06:375041] [ 2] /lib/x86_64-linux-gnu/libc.so.6(abort+0x123)[0x7f71981dc537]
[hydra12:354771] [ 6] /lib/x86_64-linux-gnu/libc.so.6(__libc_calloc+0x81)[0x7f7a0e973bd1]
malloc(): invalid size (unsorted)
[hydra11:354733] *** Process received signal ***
[hydra06:375041] [ 3] /lib/x86_64-linux-gnu/libc.so.6(+0x7a468)[0x7f7198234468]
[hydra04:390418] [ 5] /lib/x86_64-linux-gnu/libc.so.6(+0x8483c)[0x7fbd163c083c]
[hydra12:354772] [ 3] /lib/x86_64-linux-gnu/libc.so.6(+0x7a468)[0x7f32b328c468]
[hydra06:375041] [ 4] /lib/x86_64-linux-gnu/libc.so.6(+0x8175a)[0x7f719823b75a]
malloc(): invalid size (unsorted)
[hydra12:354771] [ 7] /opt/mpi/openmpi-4.1.4//lib/libmpi.so.40(ompi_group_allocate+0x17)[0x7f7a108411e7]
[hydra04:390418] [ 6] /lib/x86_64-linux-gnu/libc.so.6(__libc_calloc+0x81)[0x7fbd163c2bd1]
[hydra12:354772] [ 4] /lib/x86_64-linux-gnu/libc.so.6(+0x8175a)[0x7f32b329375a]
[hydra04:390418] [ 7] /opt/mpi/openmpi-4.1.4//lib/libmpi.so.40(ompi_group_allocate+0x17)[0x7fbd182901e7]
[hydra12:354771] [ 8] /opt/mpi/openmpi-4.1.4//lib/libmpi.so.40(ompi_group_incl_plist+0x65)[0x7f7a10841915]
[hydra06:375041] [ 5] /lib/x86_64-linux-gnu/libc.so.6(+0x8483c)[0x7f719823e83c]
[hydra04:390419] *** Process received signal ***
[hydra12:354772] [ 5] /lib/x86_64-linux-gnu/libc.so.6(+0x8483c)[0x7f32b329683c]
[hydra04:390418] [ 8] /opt/mpi/openmpi-4.1.4//lib/libmpi.so.40(ompi_group_incl_plist+0x65)[0x7fbd18290915]
[hydra12:354771] [ 9] /opt/mpi/openmpi-4.1.4//lib/libmpi.so.40(PMPI_Group_incl+0x95)[0x7f7a10872185]
[hydra06:375041] [ 6] /lib/x86_64-linux-gnu/libc.so.6(__libc_calloc+0x81)[0x7f7198240bd1]
[hydra12:354771] [10] /home/thesis/jheld/MPI_Syrk_implementation/build/src/MPI_SYRK_implementation(+0x841a)[0x561cbed6341a]
[hydra12:354771] [11] /home/thesis/jheld/MPI_Syrk_implementation/build/src/MPI_SYRK_implementation(+0x2ab0)[0x561cbed5dab0]
[hydra06:375041] [ 7] /opt/mpi/openmpi-4.1.4//lib/libmpi.so.40(ompi_group_allocate+0x17)[0x7f719a10e1e7]
[hydra06:375041] [ 8] /opt/mpi/openmpi-4.1.4//lib/libmpi.so.40(ompi_group_incl_plist+0x65)[0x7f719a10e915]
[hydra06:375041] [ 9] /opt/mpi/openmpi-4.1.4//lib/libmpi.so.40(PMPI_Group_incl+0x95)[0x7f719a13f185]
[hydra06:375041] [10] /home/thesis/jheld/MPI_Syrk_implementation/build/src/MPI_SYRK_implementation(+0x841a)[0x55e46030a41a]
[hydra06:375041] [11] /home/thesis/jheld/MPI_Syrk_implementation/build/src/MPI_SYRK_implementation(+0x2ab0)[0x55e460304ab0]
[hydra06:375041] [12] /lib/x86_64-linux-gnu/libc.so.6(__libc_start_main+0xea)[0x7f71981ddd7a]
[hydra06:375041] [13] /home/thesis/jheld/MPI_Syrk_implementation/build/src/MPI_SYRK_implementation(+0x232a)[0x55e46030432a]
[hydra04:390418] [ 9] /opt/mpi/openmpi-4.1.4//lib/libmpi.so.40(PMPI_Group_incl+0x95)[0x7fbd182c1185]
[hydra04:390418] [10] /home/thesis/jheld/MPI_Syrk_implementation/build/src/MPI_SYRK_implementation(+0x841a)[0x5570e1cea41a]
[hydra04:390418] [11] /home/thesis/jheld/MPI_Syrk_implementation/build/src/MPI_SYRK_implementation(+0x2ab0)[0x5570e1ce4ab0]
[hydra04:390418] [12] /lib/x86_64-linux-gnu/libc.so.6(__libc_start_main+0xea)[0x7fbd1635fd7a]
[hydra04:390418] [13] /home/thesis/jheld/MPI_Syrk_implementation/build/src/MPI_SYRK_implementation(+0x232a)[0x5570e1ce432a]
[hydra04:390418] *** End of error message ***
malloc(): invalid size (unsorted)
[hydra07:401413] *** Process received signal ***
[hydra06:375041] *** End of error message ***
[hydra04:390419] Signal: Aborted (6)
[hydra04:390419] Signal code:  (-6)
[hydra04:390419] [ 0] /lib/x86_64-linux-gnu/libc.so.6(+0x38de0)[0x7f6f758c1de0]
[hydra04:390419] [ 1] /lib/x86_64-linux-gnu/libc.so.6(gsignal+0x141)[0x7f6f758c1d61]
[hydra07:401413] Signal: Aborted (6)
[hydra07:401413] Signal code:  (-6)
[hydra04:390419] [ 2] /lib/x86_64-linux-gnu/libc.so.6(abort+0x123)[0x7f6f758ab537]
[hydra04:390419] [ 3] /lib/x86_64-linux-gnu/libc.so.6(+0x7a468)[0x7f6f75903468]
[hydra07:401413] [ 0] /lib/x86_64-linux-gnu/libc.so.6(+0x38de0)[0x7fba733bede0]
[hydra07:401413] [ 1] /lib/x86_64-linux-gnu/libc.so.6(gsignal+0x141)[0x7fba733bed61]
[hydra04:390419] [ 4] /lib/x86_64-linux-gnu/libc.so.6(+0x8175a)[0x7f6f7590a75a]
[hydra07:401413] [ 2] /lib/x86_64-linux-gnu/libc.so.6(abort+0x123)[0x7fba733a8537]
malloc(): invalid size (unsorted)
[hydra03:391639] *** Process received signal ***
[hydra11:354733] Signal: Aborted (6)
[hydra11:354733] Signal code:  (-6)
[hydra11:354733] [ 0] /lib/x86_64-linux-gnu/libc.so.6(+0x38de0)[0x7fb7a2349de0]
[hydra04:390419] [ 5] /lib/x86_64-linux-gnu/libc.so.6(+0x8483c)[0x7f6f7590d83c]
[hydra07:401413] [ 3] /lib/x86_64-linux-gnu/libc.so.6(+0x7a468)[0x7fba73400468]
[hydra11:354733] [ 1] /lib/x86_64-linux-gnu/libc.so.6(gsignal+0x141)[0x7fb7a2349d61]
[hydra07:401413] [ 4] /lib/x86_64-linux-gnu/libc.so.6(+0x8175a)[0x7fba7340775a]
[hydra11:354733] [ 2] /lib/x86_64-linux-gnu/libc.so.6(abort+0x123)[0x7fb7a2333537]
[hydra04:390419] [ 6] /lib/x86_64-linux-gnu/libc.so.6(__libc_calloc+0x81)[0x7f6f7590fbd1]
[hydra07:401413] [ 5] /lib/x86_64-linux-gnu/libc.so.6(+0x8483c)[0x7fba7340a83c]
[hydra11:354733] [ 3] /lib/x86_64-linux-gnu/libc.so.6(+0x7a468)[0x7fb7a238b468]
[hydra04:390419] [ 7] /opt/mpi/openmpi-4.1.4//lib/libmpi.so.40(ompi_group_allocate+0x17)[0x7f6f777dd1e7]
[hydra11:354733] [ 4] /lib/x86_64-linux-gnu/libc.so.6(+0x8175a)[0x7fb7a239275a]
[hydra11:354733] [ 5] /lib/x86_64-linux-gnu/libc.so.6(+0x8483c)[0x7fb7a239583c]
[hydra07:401413] [ 6] /lib/x86_64-linux-gnu/libc.so.6(__libc_calloc+0x81)[0x7fba7340cbd1]
[hydra11:354733] [ 6] /lib/x86_64-linux-gnu/libc.so.6(__libc_calloc+0x81)[0x7fb7a2397bd1]
[hydra04:390419] [ 8] /opt/mpi/openmpi-4.1.4//lib/libmpi.so.40(ompi_group_incl_plist+0x65)[0x7f6f777dd915]
[hydra07:401413] [ 7] /opt/mpi/openmpi-4.1.4//lib/libmpi.so.40(ompi_group_allocate+0x17)[0x7fba752da1e7]
[hydra11:354733] [ 7] /opt/mpi/openmpi-4.1.4//lib/libmpi.so.40(ompi_group_allocate+0x17)[0x7fb7a42651e7]
[hydra11:354733] [ 8] /opt/mpi/openmpi-4.1.4//lib/libmpi.so.40(ompi_group_incl_plist+0x65)[0x7fb7a4265915]
[hydra11:354733] [ 9] /opt/mpi/openmpi-4.1.4//lib/libmpi.so.40(PMPI_Group_incl+0x95)[0x7fb7a4296185]
[hydra11:354733] [10] /home/thesis/jheld/MPI_Syrk_implementation/build/src/MPI_SYRK_implementation(+0x841a)[0x56112593d41a]
[hydra04:390419] [ 9] /opt/mpi/openmpi-4.1.4//lib/libmpi.so.40(PMPI_Group_incl+0x95)[0x7f6f7780e185]
[hydra07:401413] [ 8] /opt/mpi/openmpi-4.1.4//lib/libmpi.so.40(ompi_group_incl_plist+0x65)[0x7fba752da915]
[hydra11:354733] [11] /home/thesis/jheld/MPI_Syrk_implementation/build/src/MPI_SYRK_implementation(+0x2ab0)[0x561125937ab0]
[hydra04:390419] [10] /home/thesis/jheld/MPI_Syrk_implementation/build/src/MPI_SYRK_implementation(+0x841a)[0x5573ebb2941a]
[hydra11:354733] [12] /lib/x86_64-linux-gnu/libc.so.6(__libc_start_main+0xea)[0x7fb7a2334d7a]
[hydra11:354733] [13] /home/thesis/jheld/MPI_Syrk_implementation/build/src/MPI_SYRK_implementation(+0x232a)[0x56112593732a]
[hydra04:390419] [11] /home/thesis/jheld/MPI_Syrk_implementation/build/src/MPI_SYRK_implementation(+0x2ab0)[0x5573ebb23ab0]
[hydra11:354733] *** End of error message ***
[hydra04:390419] [12] /lib/x86_64-linux-gnu/libc.so.6(__libc_start_main+0xea)[0x7f6f758acd7a]
[hydra07:401413] [ 9] /opt/mpi/openmpi-4.1.4//lib/libmpi.so.40(PMPI_Group_incl+0x95)[0x7fba7530b185]
[hydra04:390419] [13] /home/thesis/jheld/MPI_Syrk_implementation/build/src/MPI_SYRK_implementation(+0x232a)[0x5573ebb2332a]
[hydra04:390419] *** End of error message ***
[hydra07:401413] [10] /home/thesis/jheld/MPI_Syrk_implementation/build/src/MPI_SYRK_implementation(+0x841a)[0x558c5066b41a]
[hydra07:401413] [11] /home/thesis/jheld/MPI_Syrk_implementation/build/src/MPI_SYRK_implementation(+0x2ab0)[0x558c50665ab0]
[hydra07:401413] [12] /lib/x86_64-linux-gnu/libc.so.6(__libc_start_main+0xea)[0x7fba733a9d7a]
[hydra07:401413] [13] /home/thesis/jheld/MPI_Syrk_implementation/build/src/MPI_SYRK_implementation(+0x232a)[0x558c5066532a]
[hydra07:401413] *** End of error message ***
malloc(): invalid size (unsorted)
[hydra03:391639] Signal: Aborted (6)
[hydra03:391639] Signal code:  (-6)
[hydra03:391639] [ 0] /lib/x86_64-linux-gnu/libc.so.6(+0x38de0)[0x7fa116823de0]
[hydra03:391639] [ 1] /lib/x86_64-linux-gnu/libc.so.6(gsignal+0x141)[0x7fa116823d61]
[hydra03:391639] [ 2] /lib/x86_64-linux-gnu/libc.so.6(abort+0x123)[0x7fa11680d537]
[hydra03:391639] [ 3] /lib/x86_64-linux-gnu/libc.so.6(+0x7a468)[0x7fa116865468]
[hydra03:391639] [ 4] /lib/x86_64-linux-gnu/libc.so.6(+0x8175a)[0x7fa11686c75a]
[hydra03:391639] [ 5] /lib/x86_64-linux-gnu/libc.so.6(+0x8483c)[0x7fa11686f83c]
[hydra03:391639] [ 6] /lib/x86_64-linux-gnu/libc.so.6(__libc_calloc+0x81)[0x7fa116871bd1]
[hydra03:391639] [ 7] /opt/mpi/openmpi-4.1.4//lib/libmpi.so.40(ompi_group_allocate+0x17)[0x7fa11873f1e7]
[hydra03:391639] [ 8] /opt/mpi/openmpi-4.1.4//lib/libmpi.so.40(ompi_group_incl_plist+0x65)[0x7fa11873f915]
[hydra03:391639] [ 9] /opt/mpi/openmpi-4.1.4//lib/libmpi.so.40(PMPI_Group_incl+0x95)[0x7fa118770185]
[hydra03:391639] [10] /home/thesis/jheld/MPI_Syrk_implementation/build/src/MPI_SYRK_implementation(+0x841a)[0x560ad26cf41a]
[hydra03:391639] [11] /home/thesis/jheld/MPI_Syrk_implementation/build/src/MPI_SYRK_implementation(+0x2ab0)[0x560ad26c9ab0]
[hydra03:391639] [12] /lib/x86_64-linux-gnu/libc.so.6(__libc_start_main+0xea)[0x7fa11680ed7a]
[hydra03:391639] [13] /home/thesis/jheld/MPI_Syrk_implementation/build/src/MPI_SYRK_implementation(+0x232a)[0x560ad26c932a]
[hydra03:391639] *** End of error message ***
[hydra02:560544] *** Process received signal ***
[hydra02:560544] Signal: Aborted (6)
[hydra02:560544] Signal code:  (-6)
[hydra02:560544] [ 0] /lib/x86_64-linux-gnu/libc.so.6(+0x38de0)[0x7fa9116dcde0]
[hydra02:560544] [ 1] /lib/x86_64-linux-gnu/libc.so.6(gsignal+0x141)[0x7fa9116dcd61]
[hydra02:560544] [ 2] /lib/x86_64-linux-gnu/libc.so.6(abort+0x123)[0x7fa9116c6537]
[hydra02:560544] [ 3] /lib/x86_64-linux-gnu/libc.so.6(+0x7a468)[0x7fa91171e468]
[hydra02:560544] [ 4] /lib/x86_64-linux-gnu/libc.so.6(+0x8175a)[0x7fa91172575a]
malloc(): invalid size (unsorted)
[hydra08:376700] *** Process received signal ***
[hydra02:560544] [ 5] /lib/x86_64-linux-gnu/libc.so.6(+0x8483c)[0x7fa91172883c]
[hydra02:560544] [ 6] /lib/x86_64-linux-gnu/libc.so.6(__libc_calloc+0x81)[0x7fa91172abd1]
[hydra02:560544] [ 7] /opt/mpi/openmpi-4.1.4//lib/libmpi.so.40(ompi_group_allocate+0x17)[0x7fa9135f81e7]
[hydra02:560544] [ 8] /opt/mpi/openmpi-4.1.4//lib/libmpi.so.40(ompi_group_incl_plist+0x65)[0x7fa9135f8915]
[hydra02:560544] [ 9] /opt/mpi/openmpi-4.1.4//lib/libmpi.so.40(PMPI_Group_incl+0x95)[0x7fa913629185]
[hydra02:560544] [10] /home/thesis/jheld/MPI_Syrk_implementation/build/src/MPI_SYRK_implementation(+0x841a)[0x563c0ccba41a]
[hydra02:560544] [11] /home/thesis/jheld/MPI_Syrk_implementation/build/src/MPI_SYRK_implementation(+0x2ab0)[0x563c0ccb4ab0]
[hydra02:560544] [12] /lib/x86_64-linux-gnu/libc.so.6(__libc_start_main+0xea)[0x7fa9116c7d7a]
[hydra02:560544] [13] /home/thesis/jheld/MPI_Syrk_implementation/build/src/MPI_SYRK_implementation(+0x232a)[0x563c0ccb432a]
[hydra02:560544] *** End of error message ***
malloc(): invalid size (unsorted)
[hydra07:401415] *** Process received signal ***
[hydra07:401415] Signal: Aborted (6)
[hydra07:401415] Signal code:  (-6)
[hydra07:401415] [ 0] /lib/x86_64-linux-gnu/libc.so.6(+0x38de0)[0x7f6c78a0ede0]
[hydra07:401415] [ 1] /lib/x86_64-linux-gnu/libc.so.6(gsignal+0x141)[0x7f6c78a0ed61]
[hydra08:376700] Signal: Aborted (6)
[hydra08:376700] Signal code:  (-6)
malloc(): invalid size (unsorted)
[hydra07:401415] [ 2] /lib/x86_64-linux-gnu/libc.so.6(abort+0x123)[0x7f6c789f8537]
[hydra08:376700] [ 0] /lib/x86_64-linux-gnu/libc.so.6(+0x38de0)[0x7f8a7fbc9de0]
[hydra08:376700] [ 1] /lib/x86_64-linux-gnu/libc.so.6(gsignal+0x141)[0x7f8a7fbc9d61]
[hydra08:376700] [ 2] /lib/x86_64-linux-gnu/libc.so.6(abort+0x123)[0x7f8a7fbb3537]
[hydra08:376700] [ 3] /lib/x86_64-linux-gnu/libc.so.6(+0x7a468)[0x7f8a7fc0b468]
[hydra07:401415] [ 3] /lib/x86_64-linux-gnu/libc.so.6(+0x7a468)[0x7f6c78a50468]
[hydra08:376700] [ 4] /lib/x86_64-linux-gnu/libc.so.6(+0x8175a)[0x7f8a7fc1275a]
[hydra08:376700] [ 5] /lib/x86_64-linux-gnu/libc.so.6(+0x8483c)[0x7f8a7fc1583c]
[hydra08:376700] [ 6] /lib/x86_64-linux-gnu/libc.so.6(__libc_calloc+0x81)[0x7f8a7fc17bd1]
[hydra08:376700] [ 7] /opt/mpi/openmpi-4.1.4//lib/libmpi.so.40(ompi_group_allocate+0x17)[0x7f8a81ae51e7]
[hydra07:401415] [ 4] /lib/x86_64-linux-gnu/libc.so.6(+0x8175a)[0x7f6c78a5775a]
[hydra08:376700] [ 8] /opt/mpi/openmpi-4.1.4//lib/libmpi.so.40(ompi_group_incl_plist+0x65)[0x7f8a81ae5915]
[hydra07:401415] [ 5] /lib/x86_64-linux-gnu/libc.so.6(+0x8483c)[0x7f6c78a5a83c]
[hydra08:376700] [ 9] /opt/mpi/openmpi-4.1.4//lib/libmpi.so.40(PMPI_Group_incl+0x95)[0x7f8a81b16185]
[hydra08:376700] [10] /home/thesis/jheld/MPI_Syrk_implementation/build/src/MPI_SYRK_implementation(+0x841a)[0x5624a0d2741a]
[hydra08:376700] [11] /home/thesis/jheld/MPI_Syrk_implementation/build/src/MPI_SYRK_implementation(+0x2ab0)[0x5624a0d21ab0]
[hydra08:376700] [12] /lib/x86_64-linux-gnu/libc.so.6(__libc_start_main+0xea)[0x7f8a7fbb4d7a]
[hydra08:376700] [13] /home/thesis/jheld/MPI_Syrk_implementation/build/src/MPI_SYRK_implementation(+0x232a)[0x5624a0d2132a]
[hydra07:401415] [ 6] /lib/x86_64-linux-gnu/libc.so.6(__libc_calloc+0x81)[0x7f6c78a5cbd1]
[hydra08:376700] *** End of error message ***
[hydra07:401415] [ 7] /opt/mpi/openmpi-4.1.4//lib/libmpi.so.40(ompi_group_allocate+0x17)[0x7f6c7a92a1e7]
[hydra07:401415] [ 8] /opt/mpi/openmpi-4.1.4//lib/libmpi.so.40(ompi_group_incl_plist+0x65)[0x7f6c7a92a915]
[hydra07:401415] [ 9] /opt/mpi/openmpi-4.1.4//lib/libmpi.so.40(PMPI_Group_incl+0x95)[0x7f6c7a95b185]
[hydra07:401415] [10] /home/thesis/jheld/MPI_Syrk_implementation/build/src/MPI_SYRK_implementation(+0x841a)[0x55c9851a341a]
[hydra07:401415] [11] /home/thesis/jheld/MPI_Syrk_implementation/build/src/MPI_SYRK_implementation(+0x2ab0)[0x55c98519dab0]
[hydra07:401415] [12] /lib/x86_64-linux-gnu/libc.so.6(__libc_start_main+0xea)[0x7f6c789f9d7a]
[hydra07:401415] [13] /home/thesis/jheld/MPI_Syrk_implementation/build/src/MPI_SYRK_implementation(+0x232a)[0x55c98519d32a]
[hydra07:401415] *** End of error message ***
malloc(): invalid size (unsorted)
[hydra09:368006] *** Process received signal ***
[hydra09:368006] Signal: Aborted (6)
[hydra09:368006] Signal code:  (-6)
[hydra09:368006] [ 0] /lib/x86_64-linux-gnu/libc.so.6(+0x38de0)[0x7fdc715b9de0]
[hydra09:368006] [ 1] /lib/x86_64-linux-gnu/libc.so.6(gsignal+0x141)[0x7fdc715b9d61]
[hydra09:368006] [ 2] /lib/x86_64-linux-gnu/libc.so.6(abort+0x123)[0x7fdc715a3537]
[hydra09:368006] [ 3] /lib/x86_64-linux-gnu/libc.so.6(+0x7a468)[0x7fdc715fb468]
[hydra09:368006] [ 4] /lib/x86_64-linux-gnu/libc.so.6(+0x8175a)[0x7fdc7160275a]
[hydra09:368006] [ 5] /lib/x86_64-linux-gnu/libc.so.6(+0x8483c)[0x7fdc7160583c]
[hydra09:368006] [ 6] /lib/x86_64-linux-gnu/libc.so.6(__libc_calloc+0x81)[0x7fdc71607bd1]
[hydra09:368006] [ 7] /opt/mpi/openmpi-4.1.4//lib/libmpi.so.40(ompi_group_allocate+0x17)[0x7fdc734d51e7]
[hydra09:368006] [ 8] /opt/mpi/openmpi-4.1.4//lib/libmpi.so.40(ompi_group_incl_plist+0x65)[0x7fdc734d5915]
[hydra09:368006] [ 9] /opt/mpi/openmpi-4.1.4//lib/libmpi.so.40(PMPI_Group_incl+0x95)[0x7fdc73506185]
[hydra09:368006] [10] /home/thesis/jheld/MPI_Syrk_implementation/build/src/MPI_SYRK_implementation(+0x841a)[0x5574844b341a]
[hydra09:368006] [11] /home/thesis/jheld/MPI_Syrk_implementation/build/src/MPI_SYRK_implementation(+0x2ab0)[0x5574844adab0]
[hydra09:368006] [12] /lib/x86_64-linux-gnu/libc.so.6(__libc_start_main+0xea)[0x7fdc715a4d7a]
[hydra09:368006] [13] /home/thesis/jheld/MPI_Syrk_implementation/build/src/MPI_SYRK_implementation(+0x232a)[0x5574844ad32a]
[hydra09:368006] *** End of error message ***
[hydra10:485824] *** Process received signal ***
[hydra10:485824] Signal: Aborted (6)
[hydra10:485824] Signal code:  (-6)
[hydra10:485824] [ 0] /lib/x86_64-linux-gnu/libc.so.6(+0x38de0)[0x7f29285ccde0]
[hydra10:485824] [ 1] /lib/x86_64-linux-gnu/libc.so.6(gsignal+0x141)[0x7f29285ccd61]
[hydra10:485824] [ 2] /lib/x86_64-linux-gnu/libc.so.6(abort+0x123)[0x7f29285b6537]
[hydra10:485824] [ 3] /lib/x86_64-linux-gnu/libc.so.6(+0x7a468)[0x7f292860e468]
[hydra10:485824] [ 4] /lib/x86_64-linux-gnu/libc.so.6(+0x8175a)[0x7f292861575a]
[hydra10:485824] [ 5] /lib/x86_64-linux-gnu/libc.so.6(+0x8483c)[0x7f292861883c]
[hydra10:485824] [ 6] /lib/x86_64-linux-gnu/libc.so.6(__libc_calloc+0x81)[0x7f292861abd1]
[hydra10:485824] [ 7] /opt/mpi/openmpi-4.1.4//lib/libmpi.so.40(ompi_group_allocate+0x17)[0x7f292a4e81e7]
[hydra10:485824] [ 8] /opt/mpi/openmpi-4.1.4//lib/libmpi.so.40(ompi_group_incl_plist+0x65)[0x7f292a4e8915]
[hydra10:485824] [ 9] /opt/mpi/openmpi-4.1.4//lib/libmpi.so.40(PMPI_Group_incl+0x95)[0x7f292a519185]
[hydra10:485824] [10] /home/thesis/jheld/MPI_Syrk_implementation/build/src/MPI_SYRK_implementation(+0x841a)[0x55f143ca941a]
[hydra10:485824] [11] /home/thesis/jheld/MPI_Syrk_implementation/build/src/MPI_SYRK_implementation(+0x2ab0)[0x55f143ca3ab0]
[hydra10:485824] [12] /lib/x86_64-linux-gnu/libc.so.6(__libc_start_main+0xea)[0x7f29285b7d7a]
[hydra10:485824] [13] /home/thesis/jheld/MPI_Syrk_implementation/build/src/MPI_SYRK_implementation(+0x232a)[0x55f143ca332a]
[hydra10:485824] *** End of error message ***
malloc(): invalid size (unsorted)
[hydra11:354732] *** Process received signal ***
[hydra11:354732] Signal: Aborted (6)
[hydra11:354732] Signal code:  (-6)
[hydra11:354732] [ 0] /lib/x86_64-linux-gnu/libc.so.6(+0x38de0)[0x7f81c7d46de0]
[hydra11:354732] [ 1] /lib/x86_64-linux-gnu/libc.so.6(gsignal+0x141)[0x7f81c7d46d61]
[hydra11:354732] [ 2] /lib/x86_64-linux-gnu/libc.so.6(abort+0x123)[0x7f81c7d30537]
[hydra11:354732] [ 3] /lib/x86_64-linux-gnu/libc.so.6(+0x7a468)[0x7f81c7d88468]
[hydra11:354732] [ 4] /lib/x86_64-linux-gnu/libc.so.6(+0x8175a)[0x7f81c7d8f75a]
[hydra11:354732] [ 5] /lib/x86_64-linux-gnu/libc.so.6(+0x8483c)[0x7f81c7d9283c]
[hydra11:354732] [ 6] /lib/x86_64-linux-gnu/libc.so.6(__libc_calloc+0x81)[0x7f81c7d94bd1]
[hydra11:354732] [ 7] /opt/mpi/openmpi-4.1.4//lib/libmpi.so.40(ompi_group_allocate+0x17)[0x7f81c9c621e7]
[hydra11:354732] [ 8] /opt/mpi/openmpi-4.1.4//lib/libmpi.so.40(ompi_group_incl_plist+0x65)[0x7f81c9c62915]
[hydra11:354732] [ 9] /opt/mpi/openmpi-4.1.4//lib/libmpi.so.40(PMPI_Group_incl+0x95)[0x7f81c9c93185]
[hydra11:354732] [10] /home/thesis/jheld/MPI_Syrk_implementation/build/src/MPI_SYRK_implementation(+0x841a)[0x55d9cf57241a]
[hydra11:354732] [11] /home/thesis/jheld/MPI_Syrk_implementation/build/src/MPI_SYRK_implementation(+0x2ab0)[0x55d9cf56cab0]
[hydra11:354732] [12] /lib/x86_64-linux-gnu/libc.so.6(__libc_start_main+0xea)[0x7f81c7d31d7a]
[hydra11:354732] [13] /home/thesis/jheld/MPI_Syrk_implementation/build/src/MPI_SYRK_implementation(+0x232a)[0x55d9cf56c32a]
[hydra11:354732] *** End of error message ***
[hydra12:354772] [ 6] /lib/x86_64-linux-gnu/libc.so.6(__libc_calloc+0x81)[0x7f32b3298bd1]
[hydra12:354771] [12] /lib/x86_64-linux-gnu/libc.so.6(__libc_start_main+0xea)[0x7f7a0e910d7a]
[hydra12:354771] [13] /home/thesis/jheld/MPI_Syrk_implementation/build/src/MPI_SYRK_implementation(+0x232a)[0x561cbed5d32a]
[hydra12:354771] *** End of error message ***
[hydra12:354772] [ 7] /opt/mpi/openmpi-4.1.4//lib/libmpi.so.40(ompi_group_allocate+0x17)[0x7f32b51661e7]
[hydra12:354772] [ 8] /opt/mpi/openmpi-4.1.4//lib/libmpi.so.40(ompi_group_incl_plist+0x65)[0x7f32b5166915]
[hydra12:354772] [ 9] /opt/mpi/openmpi-4.1.4//lib/libmpi.so.40(PMPI_Group_incl+0x95)[0x7f32b5197185]
[hydra12:354772] [10] /home/thesis/jheld/MPI_Syrk_implementation/build/src/MPI_SYRK_implementation(+0x841a)[0x55e90aa3f41a]
[hydra12:354772] [11] /home/thesis/jheld/MPI_Syrk_implementation/build/src/MPI_SYRK_implementation(+0x2ab0)[0x55e90aa39ab0]
[hydra12:354772] [12] /lib/x86_64-linux-gnu/libc.so.6(__libc_start_main+0xea)[0x7f32b3235d7a]
[hydra12:354772] [13] /home/thesis/jheld/MPI_Syrk_implementation/build/src/MPI_SYRK_implementation(+0x232a)[0x55e90aa3932a]
[hydra12:354772] *** End of error message ***
srun: error: hydra10: task 29: Aborted
srun: error: hydra01: task 2: Aborted
srun: error: hydra09: task 24: Aborted
srun: error: hydra08: task 23: Aborted
srun: error: hydra02: task 5: Aborted
srun: error: hydra03: task 7: Aborted
srun: error: hydra06: task 15: Aborted
srun: error: hydra05: task 12: Aborted
srun: error: hydra11: tasks 31-32: Aborted
srun: error: hydra07: tasks 18,20: Aborted
srun: error: hydra12: tasks 33-34: Aborted
srun: error: hydra04: tasks 9-10: Aborted
slurmstepd: error:  mpi/pmix_v4: _errhandler: hydra09 [8]: pmixp_client_v2.c:211: Error handler invoked: status = -61, source = [slurm.pmix.5008690.27:24]
slurmstepd: error:  mpi/pmix_v4: _errhandler: hydra05 [4]: pmixp_client_v2.c:211: Error handler invoked: status = -61, source = [slurm.pmix.5008690.27:12]
slurmstepd: error:  mpi/pmix_v4: _errhandler: hydra01 [0]: pmixp_client_v2.c:211: Error handler invoked: status = -61, source = [slurm.pmix.5008690.27:2]
slurmstepd: error:  mpi/pmix_v4: _errhandler: hydra06 [5]: pmixp_client_v2.c:211: Error handler invoked: status = -61, source = [slurm.pmix.5008690.27:15]
slurmstepd: error:  mpi/pmix_v4: _errhandler: hydra12 [11]: pmixp_client_v2.c:211: Error handler invoked: status = -61, source = [slurm.pmix.5008690.27:33]
slurmstepd: error:  mpi/pmix_v4: _errhandler: hydra04 [3]: pmixp_client_v2.c:211: Error handler invoked: status = -61, source = [slurm.pmix.5008690.27:9]
slurmstepd: error:  mpi/pmix_v4: _errhandler: hydra02 [1]: pmixp_client_v2.c:211: Error handler invoked: status = -61, source = [slurm.pmix.5008690.27:5]
slurmstepd: error:  mpi/pmix_v4: _errhandler: hydra03 [2]: pmixp_client_v2.c:211: Error handler invoked: status = -61, source = [slurm.pmix.5008690.27:7]
slurmstepd: error:  mpi/pmix_v4: _errhandler: hydra08 [7]: pmixp_client_v2.c:211: Error handler invoked: status = -61, source = [slurm.pmix.5008690.27:23]
slurmstepd: error: *** STEP 5008690.27 ON hydra01 CANCELLED AT 2025-10-13T15:28:55 ***
slurmstepd: error:  mpi/pmix_v4: _errhandler: hydra10 [9]: pmixp_client_v2.c:211: Error handler invoked: status = -61, source = [slurm.pmix.5008690.27:29]
slurmstepd: error:  mpi/pmix_v4: _errhandler: hydra11 [10]: pmixp_client_v2.c:211: Error handler invoked: status = -61, source = [slurm.pmix.5008690.27:32]
slurmstepd: error:  mpi/pmix_v4: _errhandler: hydra07 [6]: pmixp_client_v2.c:211: Error handler invoked: status = -61, source = [slurm.pmix.5008690.27:18]
srun: Job step aborted: Waiting up to 32 seconds for job step to finish.
srun: error: hydra12: task 35: Killed
srun: error: hydra07: task 19: Killed
srun: error: hydra11: task 30: Killed
srun: error: hydra04: task 11: Killed
srun: error: hydra09: tasks 25-26: Killed
srun: error: hydra05: tasks 13-14: Killed
srun: error: hydra03: tasks 6,8: Killed
srun: error: hydra10: tasks 27-28: Killed
srun: error: hydra06: tasks 16-17: Killed
srun: error: hydra02: tasks 3-4: Killed
srun: error: hydra08: tasks 21-22: Killed
srun: error: hydra01: tasks 0-1: Killed
⚠️ Warning: No runtime found for run 28
srun: Warning: can't honor --ntasks-per-node set to 1 which doesn't match the requested tasks 36 with the number of requested nodes 12. Ignoring --ntasks-per-node.
missing input file name --> Generate random input
malloc(): invalid size (unsorted)
[hydra12:354844] *** Process received signal ***
malloc(): invalid size (unsorted)
[hydra01:875420] *** Process received signal ***
[hydra01:875420] Signal: Aborted (6)
[hydra01:875420] Signal code:  (-6)
[hydra01:875420] [ 0] /lib/x86_64-linux-gnu/libc.so.6(+0x38de0)[0x7f45e9019de0]
[hydra01:875420] [ 1] /lib/x86_64-linux-gnu/libc.so.6(gsignal+0x141)[0x7f45e9019d61]
[hydra01:875420] [ 2] /lib/x86_64-linux-gnu/libc.so.6(abort+0x123)[0x7f45e9003537]
[hydra12:354844] Signal: Aborted (6)
[hydra12:354844] Signal code:  (-6)
[hydra01:875420] [ 3] /lib/x86_64-linux-gnu/libc.so.6(+0x7a468)[0x7f45e905b468]
[hydra12:354844] [ 0] /lib/x86_64-linux-gnu/libc.so.6(+0x38de0)[0x7f1f1b6c4de0]
[hydra12:354844] [ 1] /lib/x86_64-linux-gnu/libc.so.6(gsignal+0x141)[0x7f1f1b6c4d61]
[hydra12:354844] [ 2] /lib/x86_64-linux-gnu/libc.so.6(abort+0x123)[0x7f1f1b6ae537]
[hydra01:875420] [ 4] /lib/x86_64-linux-gnu/libc.so.6(+0x8175a)[0x7f45e906275a]
[hydra12:354844] [ 3] /lib/x86_64-linux-gnu/libc.so.6(+0x7a468)[0x7f1f1b706468]
[hydra12:354844] [ 4] /lib/x86_64-linux-gnu/libc.so.6(+0x8175a)[0x7f1f1b70d75a]
[hydra12:354844] [ 5] /lib/x86_64-linux-gnu/libc.so.6(+0x8483c)[0x7f1f1b71083c]
[hydra01:875420] [ 5] /lib/x86_64-linux-gnu/libc.so.6(+0x8483c)[0x7f45e906583c]
[hydra12:354844] [ 6] /lib/x86_64-linux-gnu/libc.so.6(__libc_calloc+0x81)[0x7f1f1b712bd1]
[hydra12:354844] [ 7] /opt/mpi/openmpi-4.1.4//lib/libmpi.so.40(ompi_group_allocate+0x17)[0x7f1f1d5e01e7]
[hydra12:354844] [ 8] /opt/mpi/openmpi-4.1.4//lib/libmpi.so.40(ompi_group_incl_plist+0x65)[0x7f1f1d5e0915]
[hydra01:875420] [ 6] /lib/x86_64-linux-gnu/libc.so.6(__libc_calloc+0x81)[0x7f45e9067bd1]
[hydra12:354844] [ 9] /opt/mpi/openmpi-4.1.4//lib/libmpi.so.40(PMPI_Group_incl+0x95)[0x7f1f1d611185]
[hydra01:875420] [ 7] /opt/mpi/openmpi-4.1.4//lib/libmpi.so.40(ompi_group_allocate+0x17)[0x7f45eaf351e7]
[hydra12:354844] [10] /home/thesis/jheld/MPI_Syrk_implementation/build/src/MPI_SYRK_implementation(+0x841a)[0x55c38f35d41a]
[hydra12:354844] [11] /home/thesis/jheld/MPI_Syrk_implementation/build/src/MPI_SYRK_implementation(+0x2ab0)[0x55c38f357ab0]
[hydra12:354844] [12] /lib/x86_64-linux-gnu/libc.so.6(__libc_start_main+0xea)[0x7f1f1b6afd7a]
[hydra12:354844] [13] /home/thesis/jheld/MPI_Syrk_implementation/build/src/MPI_SYRK_implementation(+0x232a)[0x55c38f35732a]
[hydra12:354844] *** End of error message ***
[hydra01:875420] [ 8] /opt/mpi/openmpi-4.1.4//lib/libmpi.so.40(ompi_group_incl_plist+0x65)[0x7f45eaf35915]
malloc(): invalid size (unsorted)
[hydra05:374416] *** Process received signal ***
[hydra01:875420] [ 9] /opt/mpi/openmpi-4.1.4//lib/libmpi.so.40(PMPI_Group_incl+0x95)[0x7f45eaf66185]
[hydra01:875420] [10] /home/thesis/jheld/MPI_Syrk_implementation/build/src/MPI_SYRK_implementation(+0x841a)[0x5557dcd6741a]
[hydra01:875420] [11] /home/thesis/jheld/MPI_Syrk_implementation/build/src/MPI_SYRK_implementation(+0x2ab0)[0x5557dcd61ab0]
[hydra01:875420] [12] /lib/x86_64-linux-gnu/libc.so.6(__libc_start_main+0xea)[0x7f45e9004d7a]
[hydra01:875420] [13] /home/thesis/jheld/MPI_Syrk_implementation/build/src/MPI_SYRK_implementation(+0x232a)[0x5557dcd6132a]
[hydra01:875420] *** End of error message ***
[hydra05:374416] Signal: Aborted (6)
[hydra05:374416] Signal code:  (-6)
[hydra05:374416] [ 0] /lib/x86_64-linux-gnu/libc.so.6(+0x38de0)[0x7fd6422fcde0]
[hydra05:374416] [ 1] /lib/x86_64-linux-gnu/libc.so.6(gsignal+0x141)[0x7fd6422fcd61]
malloc(): invalid size (unsorted)
[hydra09:368079] *** Process received signal ***
[hydra05:374416] [ 2] /lib/x86_64-linux-gnu/libc.so.6(abort+0x123)[0x7fd6422e6537]
[hydra05:374416] [ 3] /lib/x86_64-linux-gnu/libc.so.6(+0x7a468)[0x7fd64233e468]
malloc(): invalid size (unsorted)
[hydra01:875419] *** Process received signal ***
[hydra05:374416] [ 4] /lib/x86_64-linux-gnu/libc.so.6(+0x8175a)[0x7fd64234575a]
[hydra01:875419] Signal: Aborted (6)
[hydra01:875419] Signal code:  (-6)
malloc(): invalid size (unsorted)
[hydra05:374416] [ 5] /lib/x86_64-linux-gnu/libc.so.6(+0x8483c)[0x7fd64234883c]
[hydra05:374416] [ 6] /lib/x86_64-linux-gnu/libc.so.6(__libc_calloc+0x81)[0x7fd64234abd1]
[hydra05:374416] [ 7] /opt/mpi/openmpi-4.1.4//lib/libmpi.so.40(ompi_group_allocate+0x17)[0x7fd6442181e7]
[hydra05:374416] [ 8] /opt/mpi/openmpi-4.1.4//lib/libmpi.so.40(ompi_group_incl_plist+0x65)[0x7fd644218915]
[hydra05:374416] [ 9] /opt/mpi/openmpi-4.1.4//lib/libmpi.so.40(PMPI_Group_incl+0x95)[0x7fd644249185]
[hydra05:374416] [10] /home/thesis/jheld/MPI_Syrk_implementation/build/src/MPI_SYRK_implementation(+0x841a)[0x55c6b68a441a]
[hydra05:374416] [11] /home/thesis/jheld/MPI_Syrk_implementation/build/src/MPI_SYRK_implementation(+0x2ab0)[0x55c6b689eab0]
[hydra05:374416] [12] /lib/x86_64-linux-gnu/libc.so.6(__libc_start_main+0xea)[0x7fd6422e7d7a]
[hydra05:374416] [13] /home/thesis/jheld/MPI_Syrk_implementation/build/src/MPI_SYRK_implementation(+0x232a)[0x55c6b689e32a]
[hydra05:374416] *** End of error message ***
malloc(): invalid size (unsorted)
[hydra04:390492] *** Process received signal ***
malloc(): invalid size (unsorted)
[hydra01:875421] *** Process received signal ***
[hydra01:875421] Signal: Aborted (6)
[hydra01:875421] Signal code:  (-6)
malloc(): invalid size (unsorted)
[hydra07:401488] *** Process received signal ***
[hydra07:401488] Signal: Aborted (6)
[hydra07:401488] Signal code:  (-6)
malloc(): invalid size (unsorted)
[hydra08:376770] *** Process received signal ***
[hydra07:401487] *** Process received signal ***
[hydra07:401487] Signal: Aborted (6)
[hydra07:401487] Signal code:  (-6)
[hydra07:401488] [ 0] /lib/x86_64-linux-gnu/libc.so.6(+0x38de0)[0x7f8a878bade0]
[hydra07:401488] [ 1] /lib/x86_64-linux-gnu/libc.so.6(gsignal+0x141)[0x7f8a878bad61]
[hydra01:875419] [ 0] /lib/x86_64-linux-gnu/libc.so.6(+0x38de0)[0x7f5c80b2cde0]
[hydra07:401488] [ 2] /lib/x86_64-linux-gnu/libc.so.6(abort+0x123)[0x7f8a878a4537]
[hydra07:401488] [ 3] /lib/x86_64-linux-gnu/libc.so.6(+0x7a468)[0x7f8a878fc468]
[hydra01:875419] [ 1] /lib/x86_64-linux-gnu/libc.so.6(gsignal+0x141)[0x7f5c80b2cd61]
[hydra07:401487] [ 0] /lib/x86_64-linux-gnu/libc.so.6(+0x38de0)[0x7f93b49aade0]
[hydra08:376770] Signal: Aborted (6)
[hydra08:376770] Signal code:  (-6)
[hydra01:875419] [ 2] /lib/x86_64-linux-gnu/libc.so.6(abort+0x123)[0x7f5c80b16537]
[hydra07:401488] [ 4] /lib/x86_64-linux-gnu/libc.so.6(+0x8175a)[0x7f8a8790375a]
[hydra08:376770] [ 0] /lib/x86_64-linux-gnu/libc.so.6(+0x38de0)[0x7efee3ebfde0]
[hydra04:390492] Signal: Aborted (6)
[hydra04:390492] Signal code:  (-6)
[hydra01:875419] [ 3] /lib/x86_64-linux-gnu/libc.so.6(+0x7a468)[0x7f5c80b6e468]
[hydra07:401487] [ 1] /lib/x86_64-linux-gnu/libc.so.6(gsignal+0x141)[0x7f93b49aad61]
[hydra08:376770] [ 1] /lib/x86_64-linux-gnu/libc.so.6(gsignal+0x141)[0x7efee3ebfd61]
[hydra04:390492] [ 0] /lib/x86_64-linux-gnu/libc.so.6(+0x38de0)[0x7fe1f23edde0]
[hydra07:401488] [ 5] /lib/x86_64-linux-gnu/libc.so.6(+0x8483c)[0x7f8a8790683c]
[hydra08:376770] [ 2] /lib/x86_64-linux-gnu/libc.so.6(abort+0x123)[0x7efee3ea9537]
[hydra04:390492] [ 1] /lib/x86_64-linux-gnu/libc.so.6(gsignal+0x141)[0x7fe1f23edd61]
[hydra01:875419] [ 4] /lib/x86_64-linux-gnu/libc.so.6(+0x8175a)[0x7f5c80b7575a]
[hydra07:401487] [ 2] /lib/x86_64-linux-gnu/libc.so.6(abort+0x123)[0x7f93b4994537]
[hydra08:376770] [ 3] /lib/x86_64-linux-gnu/libc.so.6(+0x7a468)[0x7efee3f01468]
[hydra04:390492] [ 2] /lib/x86_64-linux-gnu/libc.so.6(abort+0x123)[0x7fe1f23d7537]
[hydra09:368079] Signal: Aborted (6)
[hydra09:368079] Signal code:  (-6)
[hydra07:401487] [ 3] /lib/x86_64-linux-gnu/libc.so.6(+0x7a468)[0x7f93b49ec468]
[hydra08:376770] [ 4] /lib/x86_64-linux-gnu/libc.so.6(+0x8175a)[0x7efee3f0875a]
[hydra04:390492] [ 3] /lib/x86_64-linux-gnu/libc.so.6(+0x7a468)[0x7fe1f242f468]
[hydra09:368079] [ 0] /lib/x86_64-linux-gnu/libc.so.6(+0x38de0)[0x7f6afff65de0]
[hydra01:875419] [ 5] /lib/x86_64-linux-gnu/libc.so.6(+0x8483c)[0x7f5c80b7883c]
[hydra07:401488] [ 6] /lib/x86_64-linux-gnu/libc.so.6(__libc_calloc+0x81)[0x7f8a87908bd1]
[hydra08:376770] [ 5] /lib/x86_64-linux-gnu/libc.so.6(+0x8483c)[0x7efee3f0b83c]
[hydra04:390492] [ 4] /lib/x86_64-linux-gnu/libc.so.6(+0x8175a)[0x7fe1f243675a]
[hydra09:368079] [ 1] /lib/x86_64-linux-gnu/libc.so.6(gsignal+0x141)[0x7f6afff65d61]
malloc(): invalid size (unsorted)
[hydra10:485898] *** Process received signal ***
[hydra01:875421] [ 0] /lib/x86_64-linux-gnu/libc.so.6(+0x38de0)[0x7fb462905de0]
[hydra07:401488] [ 7] /opt/mpi/openmpi-4.1.4//lib/libmpi.so.40(ompi_group_allocate+0x17)[0x7f8a897d61e7]
[hydra08:376770] [ 6] /lib/x86_64-linux-gnu/libc.so.6(__libc_calloc+0x81)[0x7efee3f0dbd1]
[hydra04:390492] [ 5] /lib/x86_64-linux-gnu/libc.so.6(+0x8483c)[0x7fe1f243983c]
malloc(): invalid size (unsorted)
[hydra09:368079] [ 2] /lib/x86_64-linux-gnu/libc.so.6(abort+0x123)[0x7f6afff4f537]
[hydra01:875419] [ 6] /lib/x86_64-linux-gnu/libc.so.6(__libc_calloc+0x81)[0x7f5c80b7abd1]
[hydra07:401487] [ 4] /lib/x86_64-linux-gnu/libc.so.6(+0x8175a)[0x7f93b49f375a]
[hydra08:376770] [ 7] /opt/mpi/openmpi-4.1.4//lib/libmpi.so.40(ompi_group_allocate+0x17)[0x7efee5ddb1e7]
[hydra04:390492] [ 6] /lib/x86_64-linux-gnu/libc.so.6(__libc_calloc+0x81)[0x7fe1f243bbd1]
[hydra09:368079] [ 3] /lib/x86_64-linux-gnu/libc.so.6(+0x7a468)[0x7f6afffa7468]
[hydra01:875421] [ 1] /lib/x86_64-linux-gnu/libc.so.6(gsignal+0x141)[0x7fb462905d61]
[hydra07:401488] [ 8] /opt/mpi/openmpi-4.1.4//lib/libmpi.so.40(ompi_group_incl_plist+0x65)[0x7f8a897d6915]
[hydra08:376770] [ 8] /opt/mpi/openmpi-4.1.4//lib/libmpi.so.40(ompi_group_incl_plist+0x65)[0x7efee5ddb915]
[hydra04:390492] [ 7] /opt/mpi/openmpi-4.1.4//lib/libmpi.so.40(ompi_group_allocate+0x17)[0x7fe1f43091e7]
[hydra09:368079] [ 4] /lib/x86_64-linux-gnu/libc.so.6(+0x8175a)[0x7f6afffae75a]
[hydra01:875419] [ 7] /opt/mpi/openmpi-4.1.4//lib/libmpi.so.40(ompi_group_allocate+0x17)[0x7f5c82a481e7]
[hydra07:401487] [ 5] /lib/x86_64-linux-gnu/libc.so.6(+0x8483c)[0x7f93b49f683c]
[hydra08:376770] [ 9] /opt/mpi/openmpi-4.1.4//lib/libmpi.so.40(PMPI_Group_incl+0x95)[0x7efee5e0c185]
[hydra04:390492] [ 8] /opt/mpi/openmpi-4.1.4//lib/libmpi.so.40(ompi_group_incl_plist+0x65)[0x7fe1f4309915]
[hydra09:368079] [ 5] /lib/x86_64-linux-gnu/libc.so.6(+0x8483c)[0x7f6afffb183c]
[hydra01:875421] [ 2] /lib/x86_64-linux-gnu/libc.so.6(abort+0x123)[0x7fb4628ef537]
[hydra07:401488] [ 9] /opt/mpi/openmpi-4.1.4//lib/libmpi.so.40(PMPI_Group_incl+0x95)[0x7f8a89807185]
[hydra07:401488] [10] /home/thesis/jheld/MPI_Syrk_implementation/build/src/MPI_SYRK_implementation(+0x841a)[0x56391269841a]
[hydra07:401488] [11] /home/thesis/jheld/MPI_Syrk_implementation/build/src/MPI_SYRK_implementation(+0x2ab0)[0x563912692ab0]
[hydra08:376770] [10] /home/thesis/jheld/MPI_Syrk_implementation/build/src/MPI_SYRK_implementation(+0x841a)[0x55bce9b8641a]
[hydra08:376770] [11] /home/thesis/jheld/MPI_Syrk_implementation/build/src/MPI_SYRK_implementation(+0x2ab0)[0x55bce9b80ab0]
[hydra09:368079] [ 6] /lib/x86_64-linux-gnu/libc.so.6(__libc_calloc+0x81)[0x7f6afffb3bd1]
[hydra01:875419] [ 8] /opt/mpi/openmpi-4.1.4//lib/libmpi.so.40(ompi_group_incl_plist+0x65)[0x7f5c82a48915]
[hydra07:401487] [ 6] /lib/x86_64-linux-gnu/libc.so.6(__libc_calloc+0x81)[0x7f93b49f8bd1]
[hydra08:376770] [12] /lib/x86_64-linux-gnu/libc.so.6(__libc_start_main+0xea)[0x7efee3eaad7a]
[hydra08:376770] [13] /home/thesis/jheld/MPI_Syrk_implementation/build/src/MPI_SYRK_implementation(+0x232a)[0x55bce9b8032a]
[hydra04:390492] [ 9] /opt/mpi/openmpi-4.1.4//lib/libmpi.so.40(PMPI_Group_incl+0x95)[0x7fe1f433a185]
[hydra09:368079] [ 7] /opt/mpi/openmpi-4.1.4//lib/libmpi.so.40(ompi_group_allocate+0x17)[0x7f6b01e811e7]
[hydra01:875421] [ 3] /lib/x86_64-linux-gnu/libc.so.6(+0x7a468)[0x7fb462947468]
[hydra07:401488] [12] /lib/x86_64-linux-gnu/libc.so.6(__libc_start_main+0xea)[0x7f8a878a5d7a]
[hydra08:376770] *** End of error message ***
[hydra04:390492] [10] /home/thesis/jheld/MPI_Syrk_implementation/build/src/MPI_SYRK_implementation(+0x841a)[0x55ed3226941a]
[hydra09:368079] [ 8] /opt/mpi/openmpi-4.1.4//lib/libmpi.so.40(ompi_group_incl_plist+0x65)[0x7f6b01e81915]
malloc(): invalid size (unsorted)
[hydra02:560630] *** Process received signal ***
[hydra01:875419] [ 9] /opt/mpi/openmpi-4.1.4//lib/libmpi.so.40(PMPI_Group_incl+0x95)[0x7f5c82a79185]
malloc(): invalid size (unsorted)
[hydra07:401487] [ 7] /opt/mpi/openmpi-4.1.4//lib/libmpi.so.40(ompi_group_allocate+0x17)[0x7f93b68c61e7]
[hydra04:390492] [11] /home/thesis/jheld/MPI_Syrk_implementation/build/src/MPI_SYRK_implementation(+0x2ab0)[0x55ed32263ab0]
[hydra09:368079] [ 9] /opt/mpi/openmpi-4.1.4//lib/libmpi.so.40(PMPI_Group_incl+0x95)[0x7f6b01eb2185]
[hydra01:875419] [10] /home/thesis/jheld/MPI_Syrk_implementation/build/src/MPI_SYRK_implementation(+0x841a)[0x562ef73a241a]
[hydra01:875419] [11] /home/thesis/jheld/MPI_Syrk_implementation/build/src/MPI_SYRK_implementation(+0x2ab0)[0x562ef739cab0]
[hydra12:354843] *** Process received signal ***
[hydra12:354843] Signal: Aborted (6)
[hydra12:354843] Signal code:  (-6)
[hydra07:401488] [13] /home/thesis/jheld/MPI_Syrk_implementation/build/src/MPI_SYRK_implementation(+0x232a)[0x56391269232a]
[hydra07:401488] *** End of error message ***
[hydra04:390492] [12] /lib/x86_64-linux-gnu/libc.so.6(__libc_start_main+0xea)[0x7fe1f23d8d7a]
[hydra09:368079] [10] /home/thesis/jheld/MPI_Syrk_implementation/build/src/MPI_SYRK_implementation(+0x841a)[0x55b71579341a]
[hydra09:368079] [11] /home/thesis/jheld/MPI_Syrk_implementation/build/src/MPI_SYRK_implementation(+0x2ab0)[0x55b71578dab0]
[hydra01:875421] [ 4] /lib/x86_64-linux-gnu/libc.so.6(+0x8175a)[0x7fb46294e75a]
[hydra12:354843] [ 0] /lib/x86_64-linux-gnu/libc.so.6(+0x38de0)[0x7fc54d1d8de0]
[hydra07:401487] [ 8] /opt/mpi/openmpi-4.1.4//lib/libmpi.so.40(ompi_group_incl_plist+0x65)[0x7f93b68c6915]
[hydra04:390492] [13] /home/thesis/jheld/MPI_Syrk_implementation/build/src/MPI_SYRK_implementation(+0x232a)[0x55ed3226332a]
[hydra04:390492] *** End of error message ***
[hydra09:368079] [12] /lib/x86_64-linux-gnu/libc.so.6(__libc_start_main+0xea)[0x7f6afff50d7a]
[hydra09:368079] [13] /home/thesis/jheld/MPI_Syrk_implementation/build/src/MPI_SYRK_implementation(+0x232a)[0x55b71578d32a]
[hydra01:875419] [12] /lib/x86_64-linux-gnu/libc.so.6(__libc_start_main+0xea)[0x7f5c80b17d7a]
[hydra01:875419] [13] /home/thesis/jheld/MPI_Syrk_implementation/build/src/MPI_SYRK_implementation(+0x232a)[0x562ef739c32a]
[hydra01:875419] *** End of error message ***
[hydra12:354843] [ 1] /lib/x86_64-linux-gnu/libc.so.6(gsignal+0x141)[0x7fc54d1d8d61]
[hydra07:401487] [ 9] /opt/mpi/openmpi-4.1.4//lib/libmpi.so.40(PMPI_Group_incl+0x95)[0x7f93b68f7185]
[hydra09:368079] *** End of error message ***
[hydra01:875421] [ 5] /lib/x86_64-linux-gnu/libc.so.6(+0x8483c)[0x7fb46295183c]
[hydra12:354843] [ 2] /lib/x86_64-linux-gnu/libc.so.6(abort+0x123)[0x7fc54d1c2537]
[hydra07:401487] [10] /home/thesis/jheld/MPI_Syrk_implementation/build/src/MPI_SYRK_implementation(+0x841a)[0x55b3a2f0741a]
[hydra07:401487] [11] /home/thesis/jheld/MPI_Syrk_implementation/build/src/MPI_SYRK_implementation(+0x2ab0)[0x55b3a2f01ab0]
[hydra01:875421] [ 6] /lib/x86_64-linux-gnu/libc.so.6(__libc_calloc+0x81)[0x7fb462953bd1]
[hydra12:354843] [ 3] /lib/x86_64-linux-gnu/libc.so.6(+0x7a468)[0x7fc54d21a468]
[hydra07:401487] [12] /lib/x86_64-linux-gnu/libc.so.6(__libc_start_main+0xea)[0x7f93b4995d7a]
[hydra07:401487] [13] /home/thesis/jheld/MPI_Syrk_implementation/build/src/MPI_SYRK_implementation(+0x232a)[0x55b3a2f0132a]
[hydra07:401487] *** End of error message ***
[hydra01:875421] [ 7] /opt/mpi/openmpi-4.1.4//lib/libmpi.so.40(ompi_group_allocate+0x17)[0x7fb4648211e7]
[hydra12:354843] [ 4] /lib/x86_64-linux-gnu/libc.so.6(+0x8175a)[0x7fc54d22175a]
[hydra01:875421] [ 8] /opt/mpi/openmpi-4.1.4//lib/libmpi.so.40(ompi_group_incl_plist+0x65)[0x7fb464821915]
[hydra12:354843] [ 5] /lib/x86_64-linux-gnu/libc.so.6(+0x8483c)[0x7fc54d22483c]
[hydra01:875421] [ 9] /opt/mpi/openmpi-4.1.4//lib/libmpi.so.40(PMPI_Group_incl+0x95)[0x7fb464852185]
[hydra01:875421] [10] /home/thesis/jheld/MPI_Syrk_implementation/build/src/MPI_SYRK_implementation(+0x841a)[0x5594d674941a]
[hydra12:354843] [ 6] /lib/x86_64-linux-gnu/libc.so.6(__libc_calloc+0x81)[0x7fc54d226bd1]
[hydra01:875421] [11] /home/thesis/jheld/MPI_Syrk_implementation/build/src/MPI_SYRK_implementation(+0x2ab0)[0x5594d6743ab0]
[hydra12:354843] [ 7] /opt/mpi/openmpi-4.1.4//lib/libmpi.so.40(ompi_group_allocate+0x17)[0x7fc54f0f41e7]
[hydra01:875421] [12] /lib/x86_64-linux-gnu/libc.so.6(__libc_start_main+0xea)[0x7fb4628f0d7a]
[hydra12:354843] [ 8] /opt/mpi/openmpi-4.1.4//lib/libmpi.so.40(ompi_group_incl_plist+0x65)[0x7fc54f0f4915]
[hydra01:875421] [13] /home/thesis/jheld/MPI_Syrk_implementation/build/src/MPI_SYRK_implementation(+0x232a)[0x5594d674332a]
[hydra01:875421] *** End of error message ***
[hydra12:354843] [ 9] /opt/mpi/openmpi-4.1.4//lib/libmpi.so.40(PMPI_Group_incl+0x95)[0x7fc54f125185]
[hydra10:485898] Signal: Aborted (6)
[hydra10:485898] Signal code:  (-6)
[hydra12:354843] [10] /home/thesis/jheld/MPI_Syrk_implementation/build/src/MPI_SYRK_implementation(+0x841a)[0x556c6ec3941a]
[hydra10:485898] [ 0] /lib/x86_64-linux-gnu/libc.so.6(+0x38de0)[0x7fa5a5750de0]
[hydra12:354843] [11] /home/thesis/jheld/MPI_Syrk_implementation/build/src/MPI_SYRK_implementation(+0x2ab0)[0x556c6ec33ab0]
[hydra10:485898] [ 1] /lib/x86_64-linux-gnu/libc.so.6(gsignal+0x141)[0x7fa5a5750d61]
[hydra12:354843] [12] /lib/x86_64-linux-gnu/libc.so.6(__libc_start_main+0xea)[0x7fc54d1c3d7a]
[hydra10:485898] [ 2] /lib/x86_64-linux-gnu/libc.so.6(abort+0x123)[0x7fa5a573a537]
[hydra12:354843] [13] /home/thesis/jheld/MPI_Syrk_implementation/build/src/MPI_SYRK_implementation(+0x232a)[0x556c6ec3332a]
[hydra12:354843] *** End of error message ***
[hydra10:485898] [ 3] /lib/x86_64-linux-gnu/libc.so.6(+0x7a468)[0x7fa5a5792468]
[hydra10:485898] [ 4] /lib/x86_64-linux-gnu/libc.so.6(+0x8175a)[0x7fa5a579975a]
[hydra10:485898] [ 5] /lib/x86_64-linux-gnu/libc.so.6(+0x8483c)[0x7fa5a579c83c]
[hydra10:485898] [ 6] /lib/x86_64-linux-gnu/libc.so.6(__libc_calloc+0x81)[0x7fa5a579ebd1]
[hydra10:485898] [ 7] /opt/mpi/openmpi-4.1.4//lib/libmpi.so.40(ompi_group_allocate+0x17)[0x7fa5a766c1e7]
[hydra10:485898] [ 8] /opt/mpi/openmpi-4.1.4//lib/libmpi.so.40(ompi_group_incl_plist+0x65)[0x7fa5a766c915]
[hydra10:485898] [ 9] /opt/mpi/openmpi-4.1.4//lib/libmpi.so.40(PMPI_Group_incl+0x95)[0x7fa5a769d185]
[hydra03:391710] *** Process received signal ***
[hydra03:391710] Signal: Aborted (6)
[hydra03:391710] Signal code:  (-6)
[hydra10:485898] [10] /home/thesis/jheld/MPI_Syrk_implementation/build/src/MPI_SYRK_implementation(+0x841a)[0x55cc96f0241a]
[hydra10:485898] [11] /home/thesis/jheld/MPI_Syrk_implementation/build/src/MPI_SYRK_implementation(+0x2ab0)[0x55cc96efcab0]
[hydra03:391710] [ 0] /lib/x86_64-linux-gnu/libc.so.6(+0x38de0)[0x7f46c7c57de0]
[hydra10:485898] [12] /lib/x86_64-linux-gnu/libc.so.6(__libc_start_main+0xea)[0x7fa5a573bd7a]
[hydra10:485898] [13] /home/thesis/jheld/MPI_Syrk_implementation/build/src/MPI_SYRK_implementation(+0x232a)[0x55cc96efc32a]
[hydra03:391710] [ 1] /lib/x86_64-linux-gnu/libc.so.6(gsignal+0x141)[0x7f46c7c57d61]
[hydra10:485898] *** End of error message ***
[hydra03:391710] [ 2] /lib/x86_64-linux-gnu/libc.so.6(abort+0x123)[0x7f46c7c41537]
[hydra03:391710] [ 3] /lib/x86_64-linux-gnu/libc.so.6(+0x7a468)[0x7f46c7c99468]
[hydra03:391710] [ 4] /lib/x86_64-linux-gnu/libc.so.6(+0x8175a)[0x7f46c7ca075a]
[hydra03:391710] [ 5] /lib/x86_64-linux-gnu/libc.so.6(+0x8483c)[0x7f46c7ca383c]
[hydra03:391710] [ 6] /lib/x86_64-linux-gnu/libc.so.6(__libc_calloc+0x81)[0x7f46c7ca5bd1]
[hydra03:391710] [ 7] /opt/mpi/openmpi-4.1.4//lib/libmpi.so.40(ompi_group_allocate+0x17)[0x7f46c9b731e7]
[hydra03:391710] [ 8] /opt/mpi/openmpi-4.1.4//lib/libmpi.so.40(ompi_group_incl_plist+0x65)[0x7f46c9b73915]
[hydra03:391710] [ 9] /opt/mpi/openmpi-4.1.4//lib/libmpi.so.40(PMPI_Group_incl+0x95)[0x7f46c9ba4185]
[hydra03:391710] [10] /home/thesis/jheld/MPI_Syrk_implementation/build/src/MPI_SYRK_implementation(+0x841a)[0x5640c0a6141a]
[hydra03:391710] [11] /home/thesis/jheld/MPI_Syrk_implementation/build/src/MPI_SYRK_implementation(+0x2ab0)[0x5640c0a5bab0]
[hydra03:391710] [12] /lib/x86_64-linux-gnu/libc.so.6(__libc_start_main+0xea)[0x7f46c7c42d7a]
[hydra03:391710] [13] /home/thesis/jheld/MPI_Syrk_implementation/build/src/MPI_SYRK_implementation(+0x232a)[0x5640c0a5b32a]
[hydra02:560630] Signal: Aborted (6)
[hydra02:560630] Signal code:  (-6)
[hydra03:391710] *** End of error message ***
[hydra02:560630] [ 0] /lib/x86_64-linux-gnu/libc.so.6(+0x38de0)[0x7f4483c94de0]
[hydra02:560630] [ 1] /lib/x86_64-linux-gnu/libc.so.6(gsignal+0x141)[0x7f4483c94d61]
[hydra02:560630] [ 2] /lib/x86_64-linux-gnu/libc.so.6(abort+0x123)[0x7f4483c7e537]
[hydra02:560630] [ 3] /lib/x86_64-linux-gnu/libc.so.6(+0x7a468)[0x7f4483cd6468]
[hydra02:560630] [ 4] /lib/x86_64-linux-gnu/libc.so.6(+0x8175a)[0x7f4483cdd75a]
[hydra02:560630] [ 5] /lib/x86_64-linux-gnu/libc.so.6(+0x8483c)[0x7f4483ce083c]
[hydra02:560630] [ 6] /lib/x86_64-linux-gnu/libc.so.6(__libc_calloc+0x81)[0x7f4483ce2bd1]
[hydra02:560630] [ 7] /opt/mpi/openmpi-4.1.4//lib/libmpi.so.40(ompi_group_allocate+0x17)[0x7f4485bb01e7]
[hydra02:560630] [ 8] /opt/mpi/openmpi-4.1.4//lib/libmpi.so.40(ompi_group_incl_plist+0x65)[0x7f4485bb0915]
[hydra02:560630] [ 9] /opt/mpi/openmpi-4.1.4//lib/libmpi.so.40(PMPI_Group_incl+0x95)[0x7f4485be1185]
[hydra02:560630] [10] /home/thesis/jheld/MPI_Syrk_implementation/build/src/MPI_SYRK_implementation(+0x841a)[0x564aeb4b641a]
[hydra02:560630] [11] /home/thesis/jheld/MPI_Syrk_implementation/build/src/MPI_SYRK_implementation(+0x2ab0)[0x564aeb4b0ab0]
[hydra02:560630] [12] /lib/x86_64-linux-gnu/libc.so.6(__libc_start_main+0xea)[0x7f4483c7fd7a]
[hydra02:560630] [13] /home/thesis/jheld/MPI_Syrk_implementation/build/src/MPI_SYRK_implementation(+0x232a)[0x564aeb4b032a]
[hydra02:560630] *** End of error message ***
malloc(): invalid size (unsorted)
[hydra11:354803] *** Process received signal ***
[hydra11:354803] Signal: Aborted (6)
[hydra11:354803] Signal code:  (-6)
[hydra11:354803] [ 0] /lib/x86_64-linux-gnu/libc.so.6(+0x38de0)[0x7fc647de6de0]
[hydra11:354803] [ 1] /lib/x86_64-linux-gnu/libc.so.6(gsignal+0x141)[0x7fc647de6d61]
[hydra11:354803] [ 2] /lib/x86_64-linux-gnu/libc.so.6(abort+0x123)[0x7fc647dd0537]
[hydra11:354803] [ 3] /lib/x86_64-linux-gnu/libc.so.6(+0x7a468)[0x7fc647e28468]
[hydra11:354803] [ 4] /lib/x86_64-linux-gnu/libc.so.6(+0x8175a)[0x7fc647e2f75a]
[hydra11:354803] [ 5] /lib/x86_64-linux-gnu/libc.so.6(+0x8483c)[0x7fc647e3283c]
[hydra11:354803] [ 6] /lib/x86_64-linux-gnu/libc.so.6(__libc_calloc+0x81)[0x7fc647e34bd1]
[hydra11:354803] [ 7] /opt/mpi/openmpi-4.1.4//lib/libmpi.so.40(ompi_group_allocate+0x17)[0x7fc649d021e7]
[hydra11:354803] [ 8] /opt/mpi/openmpi-4.1.4//lib/libmpi.so.40(ompi_group_incl_plist+0x65)[0x7fc649d02915]
[hydra11:354803] [ 9] /opt/mpi/openmpi-4.1.4//lib/libmpi.so.40(PMPI_Group_incl+0x95)[0x7fc649d33185]
[hydra11:354803] [10] /home/thesis/jheld/MPI_Syrk_implementation/build/src/MPI_SYRK_implementation(+0x841a)[0x5632da94541a]
[hydra11:354803] [11] /home/thesis/jheld/MPI_Syrk_implementation/build/src/MPI_SYRK_implementation(+0x2ab0)[0x5632da93fab0]
[hydra11:354803] [12] /lib/x86_64-linux-gnu/libc.so.6(__libc_start_main+0xea)[0x7fc647dd1d7a]
[hydra11:354803] [13] /home/thesis/jheld/MPI_Syrk_implementation/build/src/MPI_SYRK_implementation(+0x232a)[0x5632da93f32a]
[hydra11:354803] *** End of error message ***
malloc(): invalid size (unsorted)
[hydra10:485899] *** Process received signal ***
[hydra10:485899] Signal: Aborted (6)
[hydra10:485899] Signal code:  (-6)
[hydra10:485899] [ 0] /lib/x86_64-linux-gnu/libc.so.6(+0x38de0)[0x7ff2a1510de0]
[hydra10:485899] [ 1] /lib/x86_64-linux-gnu/libc.so.6(gsignal+0x141)[0x7ff2a1510d61]
[hydra10:485899] [ 2] /lib/x86_64-linux-gnu/libc.so.6(abort+0x123)[0x7ff2a14fa537]
[hydra10:485899] [ 3] /lib/x86_64-linux-gnu/libc.so.6(+0x7a468)[0x7ff2a1552468]
[hydra10:485899] [ 4] /lib/x86_64-linux-gnu/libc.so.6(+0x8175a)[0x7ff2a155975a]
[hydra10:485899] [ 5] /lib/x86_64-linux-gnu/libc.so.6(+0x8483c)[0x7ff2a155c83c]
[hydra10:485899] [ 6] /lib/x86_64-linux-gnu/libc.so.6(__libc_calloc+0x81)[0x7ff2a155ebd1]
[hydra10:485899] [ 7] /opt/mpi/openmpi-4.1.4//lib/libmpi.so.40(ompi_group_allocate+0x17)[0x7ff2a342c1e7]
[hydra10:485899] [ 8] /opt/mpi/openmpi-4.1.4//lib/libmpi.so.40(ompi_group_incl_plist+0x65)[0x7ff2a342c915]
[hydra10:485899] [ 9] /opt/mpi/openmpi-4.1.4//lib/libmpi.so.40(PMPI_Group_incl+0x95)[0x7ff2a345d185]
[hydra10:485899] [10] /home/thesis/jheld/MPI_Syrk_implementation/build/src/MPI_SYRK_implementation(+0x841a)[0x55ce12afb41a]
[hydra10:485899] [11] /home/thesis/jheld/MPI_Syrk_implementation/build/src/MPI_SYRK_implementation(+0x2ab0)[0x55ce12af5ab0]
[hydra10:485899] [12] /lib/x86_64-linux-gnu/libc.so.6(__libc_start_main+0xea)[0x7ff2a14fbd7a]
[hydra10:485899] [13] /home/thesis/jheld/MPI_Syrk_implementation/build/src/MPI_SYRK_implementation(+0x232a)[0x55ce12af532a]
[hydra10:485899] *** End of error message ***
srun: error: hydra04: task 10: Aborted
srun: error: hydra05: task 13: Aborted
srun: error: hydra11: task 30: Aborted
srun: error: hydra03: task 6: Aborted
srun: error: hydra09: task 25: Aborted
srun: error: hydra02: task 3: Aborted
srun: error: hydra08: task 21: Aborted
srun: error: hydra12: tasks 33-34: Aborted
srun: error: hydra10: tasks 27-28: Aborted
srun: error: hydra07: tasks 19-20: Aborted
srun: error: hydra01: tasks 0-2: Aborted
slurmstepd: error:  mpi/pmix_v4: _errhandler: hydra05 [4]: pmixp_client_v2.c:211: Error handler invoked: status = -61, source = [slurm.pmix.5008690.28:13]
slurmstepd: error:  mpi/pmix_v4: _errhandler: hydra09 [8]: pmixp_client_v2.c:211: Error handler invoked: status = -61, source = [slurm.pmix.5008690.28:25]
slurmstepd: error:  mpi/pmix_v4: _errhandler: hydra08 [7]: pmixp_client_v2.c:211: Error handler invoked: status = -61, source = [slurm.pmix.5008690.28:21]
slurmstepd: error:  mpi/pmix_v4: _errhandler: hydra04 [3]: pmixp_client_v2.c:211: Error handler invoked: status = -61, source = [slurm.pmix.5008690.28:10]
slurmstepd: error:  mpi/pmix_v4: _errhandler: hydra03 [2]: pmixp_client_v2.c:211: Error handler invoked: status = -61, source = [slurm.pmix.5008690.28:6]
slurmstepd: error:  mpi/pmix_v4: _errhandler: hydra12 [11]: pmixp_client_v2.c:211: Error handler invoked: status = -61, source = [slurm.pmix.5008690.28:34]
slurmstepd: error:  mpi/pmix_v4: _errhandler: hydra02 [1]: pmixp_client_v2.c:211: Error handler invoked: status = -61, source = [slurm.pmix.5008690.28:3]
slurmstepd: error:  mpi/pmix_v4: _errhandler: hydra11 [10]: pmixp_client_v2.c:211: Error handler invoked: status = -61, source = [slurm.pmix.5008690.28:30]
slurmstepd: error:  mpi/pmix_v4: _errhandler: hydra10 [9]: pmixp_client_v2.c:211: Error handler invoked: status = -61, source = [slurm.pmix.5008690.28:27]
slurmstepd: error:  mpi/pmix_v4: _errhandler: hydra07 [6]: pmixp_client_v2.c:211: Error handler invoked: status = -61, source = [slurm.pmix.5008690.28:20]
srun: Job step aborted: Waiting up to 32 seconds for job step to finish.
srun: error: hydra12: task 35: Killed
srun: error: hydra10: task 29: Killed
srun: error: hydra07: task 18: Killed
srun: error: hydra11: tasks 31-32: Killed
srun: error: hydra04: tasks 9,11: Killed
srun: error: hydra03: tasks 7-8: Killed
srun: error: hydra02: tasks 4-5: Killed
srun: error: hydra08: tasks 22-23: Killed
srun: error: hydra05: tasks 12,14: Killed
srun: error: hydra09: tasks 24,26: Killed
srun: error: hydra06: tasks 15-17: Killed
⚠️ Warning: No runtime found for run 29
srun: Warning: can't honor --ntasks-per-node set to 1 which doesn't match the requested tasks 36 with the number of requested nodes 12. Ignoring --ntasks-per-node.
missing input file name --> Generate random input
malloc(): invalid size (unsorted)
[hydra12:354913] *** Process received signal ***
malloc(): invalid size (unsorted)
[hydra01:875516] *** Process received signal ***
[hydra01:875516] Signal: Aborted (6)
[hydra01:875516] Signal code:  (-6)
[hydra01:875516] [ 0] /lib/x86_64-linux-gnu/libc.so.6(+0x38de0)[0x7fbe245a7de0]
[hydra01:875516] [ 1] /lib/x86_64-linux-gnu/libc.so.6(gsignal+0x141)[0x7fbe245a7d61]
[hydra01:875516] [ 2] /lib/x86_64-linux-gnu/libc.so.6(abort+0x123)[0x7fbe24591537]
[hydra12:354913] Signal: Aborted (6)
[hydra12:354913] Signal code:  (-6)
malloc(): invalid size (unsorted)
[hydra12:354915] *** Process received signal ***
[hydra01:875516] [ 3] /lib/x86_64-linux-gnu/libc.so.6(+0x7a468)[0x7fbe245e9468]
[hydra12:354915] Signal: Aborted (6)
[hydra12:354915] Signal code:  (-6)
[hydra12:354913] [ 0] /lib/x86_64-linux-gnu/libc.so.6(+0x38de0)[0x7f8319bb7de0]
[hydra12:354913] [ 1] /lib/x86_64-linux-gnu/libc.so.6(gsignal+0x141)[0x7f8319bb7d61]
[hydra12:354913] [ 2] /lib/x86_64-linux-gnu/libc.so.6(abort+0x123)[0x7f8319ba1537]
[hydra01:875516] [ 4] /lib/x86_64-linux-gnu/libc.so.6(+0x8175a)[0x7fbe245f075a]
[hydra12:354913] [ 3] /lib/x86_64-linux-gnu/libc.so.6(+0x7a468)[0x7f8319bf9468]
[hydra12:354915] [ 0] /lib/x86_64-linux-gnu/libc.so.6(+0x38de0)[0x7fc3c6842de0]
[hydra12:354913] [ 4] /lib/x86_64-linux-gnu/libc.so.6(+0x8175a)[0x7f8319c0075a]
[hydra01:875516] [ 5] /lib/x86_64-linux-gnu/libc.so.6(+0x8483c)[0x7fbe245f383c]
[hydra12:354915] [ 1] /lib/x86_64-linux-gnu/libc.so.6(gsignal+0x141)[0x7fc3c6842d61]
[hydra12:354913] [ 5] /lib/x86_64-linux-gnu/libc.so.6(+0x8483c)[0x7f8319c0383c]
[hydra12:354915] [ 2] /lib/x86_64-linux-gnu/libc.so.6(abort+0x123)[0x7fc3c682c537]
[hydra12:354913] [ 6] /lib/x86_64-linux-gnu/libc.so.6(__libc_calloc+0x81)[0x7f8319c05bd1]
[hydra01:875516] [ 6] /lib/x86_64-linux-gnu/libc.so.6(__libc_calloc+0x81)[0x7fbe245f5bd1]
[hydra12:354915] [ 3] /lib/x86_64-linux-gnu/libc.so.6(+0x7a468)[0x7fc3c6884468]
[hydra12:354913] [ 7] /opt/mpi/openmpi-4.1.4//lib/libmpi.so.40(ompi_group_allocate+0x17)[0x7f831bad31e7]
[hydra01:875516] [ 7] /opt/mpi/openmpi-4.1.4//lib/libmpi.so.40(ompi_group_allocate+0x17)[0x7fbe264c31e7]
[hydra12:354915] [ 4] /lib/x86_64-linux-gnu/libc.so.6(+0x8175a)[0x7fc3c688b75a]
[hydra12:354913] [ 8] /opt/mpi/openmpi-4.1.4//lib/libmpi.so.40(ompi_group_incl_plist+0x65)[0x7f831bad3915]
[hydra01:875516] [ 8] /opt/mpi/openmpi-4.1.4//lib/libmpi.so.40(ompi_group_incl_plist+0x65)[0x7fbe264c3915]
[hydra12:354915] [ 5] /lib/x86_64-linux-gnu/libc.so.6(+0x8483c)[0x7fc3c688e83c]
[hydra12:354913] [ 9] /opt/mpi/openmpi-4.1.4//lib/libmpi.so.40(PMPI_Group_incl+0x95)[0x7f831bb04185]
[hydra12:354913] [10] /home/thesis/jheld/MPI_Syrk_implementation/build/src/MPI_SYRK_implementation(+0x841a)[0x555dd687941a]
[hydra12:354913] [11] /home/thesis/jheld/MPI_Syrk_implementation/build/src/MPI_SYRK_implementation(+0x2ab0)[0x555dd6873ab0]
[hydra01:875516] [ 9] /opt/mpi/openmpi-4.1.4//lib/libmpi.so.40(PMPI_Group_incl+0x95)[0x7fbe264f4185]
[hydra01:875516] [10] /home/thesis/jheld/MPI_Syrk_implementation/build/src/MPI_SYRK_implementation(+0x841a)[0x55cf3844f41a]
[hydra01:875516] [11] /home/thesis/jheld/MPI_Syrk_implementation/build/src/MPI_SYRK_implementation(+0x2ab0)[0x55cf38449ab0]
malloc(): invalid size (unsorted)
[hydra01:875516] [12] /lib/x86_64-linux-gnu/libc.so.6(__libc_start_main+0xea)[0x7fbe24592d7a]
[hydra01:875516] [13] /home/thesis/jheld/MPI_Syrk_implementation/build/src/MPI_SYRK_implementation(+0x232a)[0x55cf3844932a]
[hydra01:875516] *** End of error message ***
malloc(): invalid size (unsorted)
malloc(): invalid size (unsorted)
[hydra10:485971] *** Process received signal ***
malloc(): invalid size (unsorted)
[hydra09:368147] *** Process received signal ***
malloc(): invalid size (unsorted)
[hydra11:354873] *** Process received signal ***
malloc(): invalid size (unsorted)
[hydra02:560712] *** Process received signal ***
[hydra02:560712] Signal: Aborted (6)
[hydra02:560712] Signal code:  (-6)
[hydra07:401556] *** Process received signal ***
[hydra07:401556] Signal: Aborted (6)
[hydra07:401556] Signal code:  (-6)
[hydra02:560712] [ 0] /lib/x86_64-linux-gnu/libc.so.6(+0x38de0)[0x7f194a326de0]
[hydra07:401556] [ 0] /lib/x86_64-linux-gnu/libc.so.6(+0x38de0)[0x7fbd2674dde0]
[hydra02:560712] [ 1] /lib/x86_64-linux-gnu/libc.so.6(gsignal+0x141)[0x7f194a326d61]
malloc(): invalid size (unsorted)
[hydra07:401556] [ 1] /lib/x86_64-linux-gnu/libc.so.6(gsignal+0x141)[0x7fbd2674dd61]
[hydra02:560712] [ 2] /lib/x86_64-linux-gnu/libc.so.6(abort+0x123)[0x7f194a310537]
[hydra07:401556] [ 2] /lib/x86_64-linux-gnu/libc.so.6(abort+0x123)[0x7fbd26737537]
[hydra02:560712] [ 3] /lib/x86_64-linux-gnu/libc.so.6(+0x7a468)[0x7f194a368468]
[hydra07:401556] [ 3] /lib/x86_64-linux-gnu/libc.so.6(+0x7a468)[0x7fbd2678f468]
[hydra02:560712] [ 4] /lib/x86_64-linux-gnu/libc.so.6(+0x8175a)[0x7f194a36f75a]
[hydra07:401556] [ 4] /lib/x86_64-linux-gnu/libc.so.6(+0x8175a)[0x7fbd2679675a]
[hydra02:560712] [ 5] /lib/x86_64-linux-gnu/libc.so.6(+0x8483c)[0x7f194a37283c]
[hydra07:401556] [ 5] /lib/x86_64-linux-gnu/libc.so.6(+0x8483c)[0x7fbd2679983c]
[hydra10:485971] Signal: Aborted (6)
[hydra10:485971] Signal code:  (-6)
malloc(): invalid size (unsorted)
[hydra02:560712] [ 6] /lib/x86_64-linux-gnu/libc.so.6(__libc_calloc+0x81)[0x7f194a374bd1]
[hydra07:401556] [ 6] /lib/x86_64-linux-gnu/libc.so.6(__libc_calloc+0x81)[0x7fbd2679bbd1]
[hydra10:485971] [ 0] /lib/x86_64-linux-gnu/libc.so.6(+0x38de0)[0x7f8838573de0]
[hydra02:560712] [ 7] /opt/mpi/openmpi-4.1.4//lib/libmpi.so.40(ompi_group_allocate+0x17)[0x7f194c2421e7]
[hydra07:401556] [ 7] /opt/mpi/openmpi-4.1.4//lib/libmpi.so.40(ompi_group_allocate+0x17)[0x7fbd286691e7]
[hydra10:485971] [ 1] /lib/x86_64-linux-gnu/libc.so.6(gsignal+0x141)[0x7f8838573d61]
[hydra02:560712] [ 8] /opt/mpi/openmpi-4.1.4//lib/libmpi.so.40(ompi_group_incl_plist+0x65)[0x7f194c242915]
[hydra07:401556] [ 8] /opt/mpi/openmpi-4.1.4//lib/libmpi.so.40(ompi_group_incl_plist+0x65)[0x7fbd28669915]
[hydra10:485971] [ 2] /lib/x86_64-linux-gnu/libc.so.6(abort+0x123)[0x7f883855d537]
[hydra02:560712] [ 9] /opt/mpi/openmpi-4.1.4//lib/libmpi.so.40(PMPI_Group_incl+0x95)[0x7f194c273185]
[hydra07:401556] [ 9] /opt/mpi/openmpi-4.1.4//lib/libmpi.so.40(PMPI_Group_incl+0x95)[0x7fbd2869a185]
[hydra10:485971] [ 3] /lib/x86_64-linux-gnu/libc.so.6(+0x7a468)[0x7f88385b5468]
[hydra02:560712] [10] /home/thesis/jheld/MPI_Syrk_implementation/build/src/MPI_SYRK_implementation(+0x841a)[0x55c18be6f41a]
[hydra02:560712] [11] /home/thesis/jheld/MPI_Syrk_implementation/build/src/MPI_SYRK_implementation(+0x2ab0)[0x55c18be69ab0]
[hydra09:368147] Signal: Aborted (6)
[hydra09:368147] Signal code:  (-6)
[hydra07:401556] [10] /home/thesis/jheld/MPI_Syrk_implementation/build/src/MPI_SYRK_implementation(+0x841a)[0x55f2dc7c041a]
[hydra07:401556] [11] /home/thesis/jheld/MPI_Syrk_implementation/build/src/MPI_SYRK_implementation(+0x2ab0)[0x55f2dc7baab0]
[hydra10:485971] [ 4] /lib/x86_64-linux-gnu/libc.so.6(+0x8175a)[0x7f88385bc75a]
[hydra02:560712] [12] /lib/x86_64-linux-gnu/libc.so.6(__libc_start_main+0xea)[0x7f194a311d7a]
[hydra02:560712] [13] /home/thesis/jheld/MPI_Syrk_implementation/build/src/MPI_SYRK_implementation(+0x232a)[0x55c18be6932a]
[hydra09:368147] [ 0] /lib/x86_64-linux-gnu/libc.so.6(+0x38de0)[0x7f897e250de0]
[hydra07:401556] [12] /lib/x86_64-linux-gnu/libc.so.6(__libc_start_main+0xea)[0x7fbd26738d7a]
[hydra07:401556] [13] /home/thesis/jheld/MPI_Syrk_implementation/build/src/MPI_SYRK_implementation(+0x232a)[0x55f2dc7ba32a]
[hydra10:485971] [ 5] /lib/x86_64-linux-gnu/libc.so.6(+0x8483c)[0x7f88385bf83c]
[hydra02:560712] *** End of error message ***
[hydra09:368147] [ 1] /lib/x86_64-linux-gnu/libc.so.6(gsignal+0x141)[0x7f897e250d61]
malloc(): invalid size (unsorted)
[hydra10:485971] [ 6] /lib/x86_64-linux-gnu/libc.so.6(__libc_calloc+0x81)[0x7f88385c1bd1]
[hydra09:368147] [ 2] /lib/x86_64-linux-gnu/libc.so.6(abort+0x123)[0x7f897e23a537]
[hydra07:401556] *** End of error message ***
[hydra10:485971] [ 7] /opt/mpi/openmpi-4.1.4//lib/libmpi.so.40(ompi_group_allocate+0x17)[0x7f883a48f1e7]
[hydra09:368147] [ 3] /lib/x86_64-linux-gnu/libc.so.6(+0x7a468)[0x7f897e292468]
[hydra07:401557] *** Process received signal ***
[hydra10:485971] [ 8] /opt/mpi/openmpi-4.1.4//lib/libmpi.so.40(ompi_group_incl_plist+0x65)[0x7f883a48f915]
[hydra09:368147] [ 4] /lib/x86_64-linux-gnu/libc.so.6(+0x8175a)[0x7f897e29975a]
[hydra07:401557] Signal: Aborted (6)
[hydra07:401557] Signal code:  (-6)
[hydra10:485971] [ 9] /opt/mpi/openmpi-4.1.4//lib/libmpi.so.40(PMPI_Group_incl+0x95)[0x7f883a4c0185]
[hydra10:485971] [10] /home/thesis/jheld/MPI_Syrk_implementation/build/src/MPI_SYRK_implementation(+0x841a)[0x55d09ef3b41a]
[hydra09:368147] [ 5] /lib/x86_64-linux-gnu/libc.so.6(+0x8483c)[0x7f897e29c83c]
[hydra10:485971] [11] /home/thesis/jheld/MPI_Syrk_implementation/build/src/MPI_SYRK_implementation(+0x2ab0)[0x55d09ef35ab0]
[hydra09:368147] [ 6] /lib/x86_64-linux-gnu/libc.so.6(__libc_calloc+0x81)[0x7f897e29ebd1]
[hydra10:485971] [12] /lib/x86_64-linux-gnu/libc.so.6(__libc_start_main+0xea)[0x7f883855ed7a]
[hydra10:485971] [13] /home/thesis/jheld/MPI_Syrk_implementation/build/src/MPI_SYRK_implementation(+0x232a)[0x55d09ef3532a]
[hydra09:368147] [ 7] /opt/mpi/openmpi-4.1.4//lib/libmpi.so.40(ompi_group_allocate+0x17)[0x7f898016c1e7]
[hydra10:485971] *** End of error message ***
[hydra09:368147] [ 8] /opt/mpi/openmpi-4.1.4//lib/libmpi.so.40(ompi_group_incl_plist+0x65)[0x7f898016c915]
malloc(): invalid size (unsorted)
[hydra09:368147] [ 9] /opt/mpi/openmpi-4.1.4//lib/libmpi.so.40(PMPI_Group_incl+0x95)[0x7f898019d185]
[hydra09:368147] [10] /home/thesis/jheld/MPI_Syrk_implementation/build/src/MPI_SYRK_implementation(+0x841a)[0x55d08606b41a]
[hydra09:368147] [11] /home/thesis/jheld/MPI_Syrk_implementation/build/src/MPI_SYRK_implementation(+0x2ab0)[0x55d086065ab0]
malloc(): invalid size (unsorted)
[hydra04:390561] *** Process received signal ***
[hydra04:390561] Signal: Aborted (6)
[hydra04:390561] Signal code:  (-6)
[hydra09:368147] [12] /lib/x86_64-linux-gnu/libc.so.6(__libc_start_main+0xea)[0x7f897e23bd7a]
[hydra09:368147] [13] /home/thesis/jheld/MPI_Syrk_implementation/build/src/MPI_SYRK_implementation(+0x232a)[0x55d08606532a]
[hydra04:390560] *** Process received signal ***
[hydra04:390560] Signal: Aborted (6)
[hydra04:390560] Signal code:  (-6)
[hydra11:354873] Signal: Aborted (6)
[hydra11:354873] Signal code:  (-6)
[hydra09:368147] *** End of error message ***
[hydra03:391779] *** Process received signal ***
[hydra03:391779] Signal: Aborted (6)
[hydra03:391779] Signal code:  (-6)
[hydra04:390560] [ 0] /lib/x86_64-linux-gnu/libc.so.6(+0x38de0)[0x7f391dba8de0]
[hydra04:390560] [ 1] /lib/x86_64-linux-gnu/libc.so.6(gsignal+0x141)[0x7f391dba8d61]
[hydra11:354873] [ 0] /lib/x86_64-linux-gnu/libc.so.6(+0x38de0)[0x7ff608449de0]
[hydra03:391779] [ 0] /lib/x86_64-linux-gnu/libc.so.6(+0x38de0)[0x7faf99ae6de0]
[hydra04:390560] [ 2] /lib/x86_64-linux-gnu/libc.so.6(abort+0x123)[0x7f391db92537]
[hydra11:354873] [ 1] /lib/x86_64-linux-gnu/libc.so.6(gsignal+0x141)[0x7ff608449d61]
[hydra03:391779] [ 1] /lib/x86_64-linux-gnu/libc.so.6(gsignal+0x141)[0x7faf99ae6d61]
[hydra04:390561] [ 0] /lib/x86_64-linux-gnu/libc.so.6(+0x38de0)[0x7fc5a22a7de0]
[hydra11:354873] [ 2] /lib/x86_64-linux-gnu/libc.so.6(abort+0x123)[0x7ff608433537]
[hydra03:391779] [ 2] /lib/x86_64-linux-gnu/libc.so.6(abort+0x123)[0x7faf99ad0537]
[hydra04:390560] [ 3] /lib/x86_64-linux-gnu/libc.so.6(+0x7a468)[0x7f391dbea468]
[hydra11:354873] [ 3] /lib/x86_64-linux-gnu/libc.so.6(+0x7a468)[0x7ff60848b468]
[hydra03:391779] [ 3] /lib/x86_64-linux-gnu/libc.so.6(+0x7a468)[0x7faf99b28468]
[hydra04:390561] [ 1] /lib/x86_64-linux-gnu/libc.so.6(gsignal+0x141)[0x7fc5a22a7d61]
[hydra11:354873] [ 4] /lib/x86_64-linux-gnu/libc.so.6(+0x8175a)[0x7ff60849275a]
[hydra03:391779] [ 4] /lib/x86_64-linux-gnu/libc.so.6(+0x8175a)[0x7faf99b2f75a]
[hydra04:390560] [ 4] /lib/x86_64-linux-gnu/libc.so.6(+0x8175a)[0x7f391dbf175a]
[hydra11:354873] [ 5] /lib/x86_64-linux-gnu/libc.so.6(+0x8483c)[0x7ff60849583c]
[hydra03:391779] [ 5] /lib/x86_64-linux-gnu/libc.so.6(+0x8483c)[0x7faf99b3283c]
[hydra04:390561] [ 2] /lib/x86_64-linux-gnu/libc.so.6(abort+0x123)[0x7fc5a2291537]
[hydra11:354873] [ 6] /lib/x86_64-linux-gnu/libc.so.6(__libc_calloc+0x81)[0x7ff608497bd1]
[hydra03:391779] [ 6] /lib/x86_64-linux-gnu/libc.so.6(__libc_calloc+0x81)[0x7faf99b34bd1]
[hydra04:390560] [ 5] /lib/x86_64-linux-gnu/libc.so.6(+0x8483c)[0x7f391dbf483c]
[hydra11:354873] [ 7] /opt/mpi/openmpi-4.1.4//lib/libmpi.so.40(ompi_group_allocate+0x17)[0x7ff60a3651e7]
[hydra07:401557] [ 0] /lib/x86_64-linux-gnu/libc.so.6(+0x38de0)[0x7f5b0dbb5de0]
malloc(): invalid size (unsorted)
[hydra03:391779] [ 7] /opt/mpi/openmpi-4.1.4//lib/libmpi.so.40(ompi_group_allocate+0x17)[0x7faf9ba021e7]
[hydra04:390561] [ 3] /lib/x86_64-linux-gnu/libc.so.6(+0x7a468)[0x7fc5a22e9468]
[hydra11:354873] [ 8] /opt/mpi/openmpi-4.1.4//lib/libmpi.so.40(ompi_group_incl_plist+0x65)[0x7ff60a365915]
[hydra07:401557] [ 1] /lib/x86_64-linux-gnu/libc.so.6(gsignal+0x141)[0x7f5b0dbb5d61]
[hydra03:391779] [ 8] /opt/mpi/openmpi-4.1.4//lib/libmpi.so.40(ompi_group_incl_plist+0x65)[0x7faf9ba02915]
[hydra04:390560] [ 6] /lib/x86_64-linux-gnu/libc.so.6(__libc_calloc+0x81)[0x7f391dbf6bd1]
[hydra11:354873] [ 9] /opt/mpi/openmpi-4.1.4//lib/libmpi.so.40(PMPI_Group_incl+0x95)[0x7ff60a396185]
[hydra07:401557] [ 2] /lib/x86_64-linux-gnu/libc.so.6(abort+0x123)[0x7f5b0db9f537]
[hydra03:391779] [ 9] /opt/mpi/openmpi-4.1.4//lib/libmpi.so.40(PMPI_Group_incl+0x95)[0x7faf9ba33185]
[hydra04:390561] [ 4] /lib/x86_64-linux-gnu/libc.so.6(+0x8175a)[0x7fc5a22f075a]
[hydra11:354873] [10] /home/thesis/jheld/MPI_Syrk_implementation/build/src/MPI_SYRK_implementation(+0x841a)[0x557b7936841a]
[hydra11:354873] [11] /home/thesis/jheld/MPI_Syrk_implementation/build/src/MPI_SYRK_implementation(+0x2ab0)[0x557b79362ab0]
[hydra07:401557] [ 3] /lib/x86_64-linux-gnu/libc.so.6(+0x7a468)[0x7f5b0dbf7468]
[hydra03:391779] [10] /home/thesis/jheld/MPI_Syrk_implementation/build/src/MPI_SYRK_implementation(+0x841a)[0x55fb71f5b41a]
[hydra03:391779] [11] /home/thesis/jheld/MPI_Syrk_implementation/build/src/MPI_SYRK_implementation(+0x2ab0)[0x55fb71f55ab0]
[hydra04:390560] [ 7] /opt/mpi/openmpi-4.1.4//lib/libmpi.so.40(ompi_group_allocate+0x17)[0x7f391fac41e7]
[hydra11:354873] [12] /lib/x86_64-linux-gnu/libc.so.6(__libc_start_main+0xea)[0x7ff608434d7a]
[hydra11:354873] [13] /home/thesis/jheld/MPI_Syrk_implementation/build/src/MPI_SYRK_implementation(+0x232a)[0x557b7936232a]
[hydra07:401557] [ 4] /lib/x86_64-linux-gnu/libc.so.6(+0x8175a)[0x7f5b0dbfe75a]
[hydra03:391779] [12] /lib/x86_64-linux-gnu/libc.so.6(__libc_start_main+0xea)[0x7faf99ad1d7a]
[hydra03:391779] [13] /home/thesis/jheld/MPI_Syrk_implementation/build/src/MPI_SYRK_implementation(+0x232a)[0x55fb71f5532a]
[hydra04:390560] [ 8] /opt/mpi/openmpi-4.1.4//lib/libmpi.so.40(ompi_group_incl_plist+0x65)[0x7f391fac4915]
[hydra11:354873] *** End of error message ***
[hydra07:401557] [ 5] /lib/x86_64-linux-gnu/libc.so.6(+0x8483c)[0x7f5b0dc0183c]
[hydra03:391779] *** End of error message ***
[hydra04:390561] [ 5] /lib/x86_64-linux-gnu/libc.so.6(+0x8483c)[0x7fc5a22f383c]
[hydra07:401557] [ 6] /lib/x86_64-linux-gnu/libc.so.6(__libc_calloc+0x81)[0x7f5b0dc03bd1]
[hydra04:390560] [ 9] /opt/mpi/openmpi-4.1.4//lib/libmpi.so.40(PMPI_Group_incl+0x95)[0x7f391faf5185]
[hydra07:401557] [ 7] /opt/mpi/openmpi-4.1.4//lib/libmpi.so.40(ompi_group_allocate+0x17)[0x7f5b0fad11e7]
[hydra10:485970] *** Process received signal ***
[hydra04:390561] [ 6] /lib/x86_64-linux-gnu/libc.so.6(__libc_calloc+0x81)[0x7fc5a22f5bd1]
[hydra07:401557] [ 8] /opt/mpi/openmpi-4.1.4//lib/libmpi.so.40(ompi_group_incl_plist+0x65)[0x7f5b0fad1915]
[hydra10:485970] Signal: Aborted (6)
[hydra10:485970] Signal code:  (-6)
[hydra05:374484] *** Process received signal ***
[hydra04:390560] [10] /home/thesis/jheld/MPI_Syrk_implementation/build/src/MPI_SYRK_implementation(+0x841a)[0x5580ffb5b41a]
[hydra04:390560] [11] /home/thesis/jheld/MPI_Syrk_implementation/build/src/MPI_SYRK_implementation(+0x2ab0)[0x5580ffb55ab0]
[hydra07:401557] [ 9] /opt/mpi/openmpi-4.1.4//lib/libmpi.so.40(PMPI_Group_incl+0x95)[0x7f5b0fb02185]
[hydra10:485970] [ 0] /lib/x86_64-linux-gnu/libc.so.6(+0x38de0)[0x7fe7bf161de0]
[hydra05:374484] Signal: Aborted (6)
[hydra05:374484] Signal code:  (-6)
[hydra07:401557] [10] /home/thesis/jheld/MPI_Syrk_implementation/build/src/MPI_SYRK_implementation(+0x841a)[0x5570b082a41a]
[hydra07:401557] [11] /home/thesis/jheld/MPI_Syrk_implementation/build/src/MPI_SYRK_implementation(+0x2ab0)[0x5570b0824ab0]
[hydra10:485970] [ 1] /lib/x86_64-linux-gnu/libc.so.6(gsignal+0x141)[0x7fe7bf161d61]
[hydra05:374484] [ 0] /lib/x86_64-linux-gnu/libc.so.6(+0x38de0)[0x7f0dffca4de0]
[hydra07:401557] [12] /lib/x86_64-linux-gnu/libc.so.6(__libc_start_main+0xea)[0x7f5b0dba0d7a]
[hydra10:485970] [ 2] /lib/x86_64-linux-gnu/libc.so.6(abort+0x123)[0x7fe7bf14b537]
[hydra05:374484] [ 1] /lib/x86_64-linux-gnu/libc.so.6(gsignal+0x141)[0x7f0dffca4d61]
[hydra07:401557] [13] /home/thesis/jheld/MPI_Syrk_implementation/build/src/MPI_SYRK_implementation(+0x232a)[0x5570b082432a]
[hydra07:401557] *** End of error message ***
[hydra10:485970] [ 3] /lib/x86_64-linux-gnu/libc.so.6(+0x7a468)[0x7fe7bf1a3468]
[hydra05:374484] [ 2] /lib/x86_64-linux-gnu/libc.so.6(abort+0x123)[0x7f0dffc8e537]
[hydra10:485970] [ 4] /lib/x86_64-linux-gnu/libc.so.6(+0x8175a)[0x7fe7bf1aa75a]
[hydra05:374484] [ 3] /lib/x86_64-linux-gnu/libc.so.6(+0x7a468)[0x7f0dffce6468]
[hydra10:485970] [ 5] /lib/x86_64-linux-gnu/libc.so.6(+0x8483c)[0x7fe7bf1ad83c]
[hydra05:374484] [ 4] /lib/x86_64-linux-gnu/libc.so.6(+0x8175a)[0x7f0dffced75a]
[hydra10:485970] [ 6] /lib/x86_64-linux-gnu/libc.so.6(__libc_calloc+0x81)[0x7fe7bf1afbd1]
[hydra05:374484] [ 5] /lib/x86_64-linux-gnu/libc.so.6(+0x8483c)[0x7f0dffcf083c]
[hydra10:485970] [ 7] /opt/mpi/openmpi-4.1.4//lib/libmpi.so.40(ompi_group_allocate+0x17)[0x7fe7c107d1e7]
[hydra05:374484] [ 6] /lib/x86_64-linux-gnu/libc.so.6(__libc_calloc+0x81)[0x7f0dffcf2bd1]
[hydra10:485970] [ 8] /opt/mpi/openmpi-4.1.4//lib/libmpi.so.40(ompi_group_incl_plist+0x65)[0x7fe7c107d915]
[hydra05:374484] [ 7] /opt/mpi/openmpi-4.1.4//lib/libmpi.so.40(ompi_group_allocate+0x17)[0x7f0e01bc01e7]
[hydra10:485970] [ 9] /opt/mpi/openmpi-4.1.4//lib/libmpi.so.40(PMPI_Group_incl+0x95)[0x7fe7c10ae185]
[hydra05:374484] [ 8] /opt/mpi/openmpi-4.1.4//lib/libmpi.so.40(ompi_group_incl_plist+0x65)[0x7f0e01bc0915]
[hydra10:485970] [10] /home/thesis/jheld/MPI_Syrk_implementation/build/src/MPI_SYRK_implementation(+0x841a)[0x55b02282e41a]
[hydra10:485970] [11] /home/thesis/jheld/MPI_Syrk_implementation/build/src/MPI_SYRK_implementation(+0x2ab0)[0x55b022828ab0]
[hydra05:374484] [ 9] /opt/mpi/openmpi-4.1.4//lib/libmpi.so.40(PMPI_Group_incl+0x95)[0x7f0e01bf1185]
[hydra10:485970] [12] /lib/x86_64-linux-gnu/libc.so.6(__libc_start_main+0xea)[0x7fe7bf14cd7a]
[hydra10:485970] [13] /home/thesis/jheld/MPI_Syrk_implementation/build/src/MPI_SYRK_implementation(+0x232a)[0x55b02282832a]
[hydra05:374484] [10] /home/thesis/jheld/MPI_Syrk_implementation/build/src/MPI_SYRK_implementation(+0x841a)[0x556347c7c41a]
[hydra10:485970] *** End of error message ***
[hydra05:374484] [11] /home/thesis/jheld/MPI_Syrk_implementation/build/src/MPI_SYRK_implementation(+0x2ab0)[0x556347c76ab0]
[hydra05:374484] [12] /lib/x86_64-linux-gnu/libc.so.6(__libc_start_main+0xea)[0x7f0dffc8fd7a]
[hydra05:374484] [13] /home/thesis/jheld/MPI_Syrk_implementation/build/src/MPI_SYRK_implementation(+0x232a)[0x556347c7632a]
[hydra05:374484] *** End of error message ***
[hydra08:376840] *** Process received signal ***
[hydra08:376840] Signal: Aborted (6)
[hydra08:376840] Signal code:  (-6)
[hydra08:376840] [ 0] /lib/x86_64-linux-gnu/libc.so.6(+0x38de0)[0x7f843486ede0]
[hydra08:376840] [ 1] /lib/x86_64-linux-gnu/libc.so.6(gsignal+0x141)[0x7f843486ed61]
[hydra08:376840] [ 2] /lib/x86_64-linux-gnu/libc.so.6(abort+0x123)[0x7f8434858537]
[hydra08:376840] [ 3] /lib/x86_64-linux-gnu/libc.so.6(+0x7a468)[0x7f84348b0468]
[hydra08:376840] [ 4] /lib/x86_64-linux-gnu/libc.so.6(+0x8175a)[0x7f84348b775a]
[hydra08:376840] [ 5] /lib/x86_64-linux-gnu/libc.so.6(+0x8483c)[0x7f84348ba83c]
[hydra08:376840] [ 6] /lib/x86_64-linux-gnu/libc.so.6(__libc_calloc+0x81)[0x7f84348bcbd1]
[hydra08:376840] [ 7] /opt/mpi/openmpi-4.1.4//lib/libmpi.so.40(ompi_group_allocate+0x17)[0x7f843678a1e7]
[hydra08:376840] [ 8] /opt/mpi/openmpi-4.1.4//lib/libmpi.so.40(ompi_group_incl_plist+0x65)[0x7f843678a915]
[hydra08:376840] [ 9] /opt/mpi/openmpi-4.1.4//lib/libmpi.so.40(PMPI_Group_incl+0x95)[0x7f84367bb185]
[hydra08:376840] [10] /home/thesis/jheld/MPI_Syrk_implementation/build/src/MPI_SYRK_implementation(+0x841a)[0x55b1eed4f41a]
[hydra08:376840] [11] /home/thesis/jheld/MPI_Syrk_implementation/build/src/MPI_SYRK_implementation(+0x2ab0)[0x55b1eed49ab0]
[hydra08:376840] [12] /lib/x86_64-linux-gnu/libc.so.6(__libc_start_main+0xea)[0x7f8434859d7a]
[hydra08:376840] [13] /home/thesis/jheld/MPI_Syrk_implementation/build/src/MPI_SYRK_implementation(+0x232a)[0x55b1eed4932a]
[hydra08:376840] *** End of error message ***
[hydra12:354915] [ 6] /lib/x86_64-linux-gnu/libc.so.6(__libc_calloc+0x81)[0x7fc3c6890bd1]
[hydra12:354913] [12] /lib/x86_64-linux-gnu/libc.so.6(__libc_start_main+0xea)[0x7f8319ba2d7a]
[hydra12:354913] [13] /home/thesis/jheld/MPI_Syrk_implementation/build/src/MPI_SYRK_implementation(+0x232a)[0x555dd687332a]
[hydra12:354913] *** End of error message ***
[hydra12:354915] [ 7] /opt/mpi/openmpi-4.1.4//lib/libmpi.so.40(ompi_group_allocate+0x17)[0x7fc3c875e1e7]
[hydra12:354915] [ 8] /opt/mpi/openmpi-4.1.4//lib/libmpi.so.40(ompi_group_incl_plist+0x65)[0x7fc3c875e915]
[hydra12:354915] [ 9] /opt/mpi/openmpi-4.1.4//lib/libmpi.so.40(PMPI_Group_incl+0x95)[0x7fc3c878f185]
[hydra12:354915] [10] /home/thesis/jheld/MPI_Syrk_implementation/build/src/MPI_SYRK_implementation(+0x841a)[0x55d95e92e41a]
[hydra12:354915] [11] /home/thesis/jheld/MPI_Syrk_implementation/build/src/MPI_SYRK_implementation(+0x2ab0)[0x55d95e928ab0]
[hydra12:354915] [12] /lib/x86_64-linux-gnu/libc.so.6(__libc_start_main+0xea)[0x7fc3c682dd7a]
[hydra12:354915] [13] /home/thesis/jheld/MPI_Syrk_implementation/build/src/MPI_SYRK_implementation(+0x232a)[0x55d95e92832a]
[hydra12:354915] *** End of error message ***
[hydra04:390561] [ 7] /opt/mpi/openmpi-4.1.4//lib/libmpi.so.40(ompi_group_allocate+0x17)[0x7fc5a41c31e7]
[hydra04:390560] [12] /lib/x86_64-linux-gnu/libc.so.6(__libc_start_main+0xea)[0x7f391db93d7a]
[hydra04:390560] [13] /home/thesis/jheld/MPI_Syrk_implementation/build/src/MPI_SYRK_implementation(+0x232a)[0x5580ffb5532a]
[hydra04:390560] *** End of error message ***
[hydra04:390561] [ 8] /opt/mpi/openmpi-4.1.4//lib/libmpi.so.40(ompi_group_incl_plist+0x65)[0x7fc5a41c3915]
[hydra04:390561] [ 9] /opt/mpi/openmpi-4.1.4//lib/libmpi.so.40(PMPI_Group_incl+0x95)[0x7fc5a41f4185]
[hydra04:390561] [10] /home/thesis/jheld/MPI_Syrk_implementation/build/src/MPI_SYRK_implementation(+0x841a)[0x55f819df241a]
[hydra04:390561] [11] /home/thesis/jheld/MPI_Syrk_implementation/build/src/MPI_SYRK_implementation(+0x2ab0)[0x55f819decab0]
[hydra04:390561] [12] /lib/x86_64-linux-gnu/libc.so.6(__libc_start_main+0xea)[0x7fc5a2292d7a]
[hydra04:390561] [13] /home/thesis/jheld/MPI_Syrk_implementation/build/src/MPI_SYRK_implementation(+0x232a)[0x55f819dec32a]
[hydra04:390561] *** End of error message ***
srun: error: hydra05: task 12: Aborted
srun: error: hydra09: task 24: Aborted
srun: error: hydra03: task 7: Aborted
srun: error: hydra02: task 3: Aborted
srun: error: hydra01: task 1: Aborted
srun: error: hydra08: task 23: Aborted
srun: error: hydra11: task 31: Aborted
srun: error: hydra04: tasks 9-10: Aborted
srun: error: hydra12: tasks 33,35: Aborted
srun: error: hydra07: tasks 19-20: Aborted
srun: error: hydra10: tasks 27-28: Aborted
slurmstepd: error:  mpi/pmix_v4: _errhandler: hydra08 [7]: pmixp_client_v2.c:211: Error handler invoked: status = -61, source = [slurm.pmix.5008690.29:23]
slurmstepd: error:  mpi/pmix_v4: _errhandler: hydra01 [0]: pmixp_client_v2.c:211: Error handler invoked: status = -61, source = [slurm.pmix.5008690.29:1]
slurmstepd: error:  mpi/pmix_v4: _errhandler: hydra02 [1]: pmixp_client_v2.c:211: Error handler invoked: status = -61, source = [slurm.pmix.5008690.29:3]
slurmstepd: error:  mpi/pmix_v4: _errhandler: hydra09 [8]: pmixp_client_v2.c:211: Error handler invoked: status = -61, source = [slurm.pmix.5008690.29:24]
slurmstepd: error:  mpi/pmix_v4: _errhandler: hydra11 [10]: pmixp_client_v2.c:211: Error handler invoked: status = -61, source = [slurm.pmix.5008690.29:31]
slurmstepd: error: *** STEP 5008690.29 ON hydra01 CANCELLED AT 2025-10-13T15:29:16 ***
slurmstepd: error:  mpi/pmix_v4: _errhandler: hydra12 [11]: pmixp_client_v2.c:211: Error handler invoked: status = -61, source = [slurm.pmix.5008690.29:33]
slurmstepd: error:  mpi/pmix_v4: _errhandler: hydra03 [2]: pmixp_client_v2.c:211: Error handler invoked: status = -61, source = [slurm.pmix.5008690.29:7]
slurmstepd: error:  mpi/pmix_v4: _errhandler: hydra05 [4]: pmixp_client_v2.c:211: Error handler invoked: status = -61, source = [slurm.pmix.5008690.29:12]
slurmstepd: error:  mpi/pmix_v4: _errhandler: hydra10 [9]: pmixp_client_v2.c:211: Error handler invoked: status = -61, source = [slurm.pmix.5008690.29:28]
slurmstepd: error:  mpi/pmix_v4: _errhandler: hydra04 [3]: pmixp_client_v2.c:211: Error handler invoked: status = -61, source = [slurm.pmix.5008690.29:10]
srun: Job step aborted: Waiting up to 32 seconds for job step to finish.
slurmstepd: error:  mpi/pmix_v4: _errhandler: hydra07 [6]: pmixp_client_v2.c:211: Error handler invoked: status = -61, source = [slurm.pmix.5008690.29:19]
srun: error: hydra12: task 34: Killed
srun: error: hydra04: task 11: Killed
srun: error: hydra10: task 29: Killed
srun: error: hydra07: task 18: Killed
srun: error: hydra11: tasks 30,32: Killed
srun: error: hydra03: tasks 6,8: Killed
srun: error: hydra05: tasks 13-14: Killed
srun: error: hydra09: tasks 25-26: Killed
srun: error: hydra06: tasks 15-17: Killed
srun: error: hydra01: tasks 0,2: Killed
srun: error: hydra02: tasks 4-5: Killed
srun: error: hydra08: tasks 21-22: Killed
⚠️ Warning: No runtime found for run 30
