srun: Warning: can't honor --ntasks-per-node set to 1 which doesn't match the requested tasks 36 with the number of requested nodes 12. Ignoring --ntasks-per-node.
missing input file name --> Generate random input
malloc(): invalid size (unsorted)
[hydra12:372735] *** Process received signal ***
[hydra12:372735] Signal: Aborted (6)
[hydra12:372735] Signal code:  (-6)
malloc(): invalid size (unsorted)
[hydra01:901069] *** Process received signal ***
[hydra01:901069] Signal: Aborted (6)
[hydra01:901069] Signal code:  (-6)
malloc(): invalid size (unsorted)
[hydra05:392368] *** Process received signal ***
[hydra05:392368] Signal: Aborted (6)
[hydra05:392368] Signal code:  (-6)
[hydra01:901069] [ 0] /lib/x86_64-linux-gnu/libc.so.6(+0x38de0)[0x7f149224bde0]
[hydra01:901069] [ 1] /lib/x86_64-linux-gnu/libc.so.6(gsignal+0x141)[0x7f149224bd61]
malloc(): invalid size (unsorted)
[hydra04:408421] *** Process received signal ***
[hydra04:408421] Signal: Aborted (6)
[hydra04:408421] Signal code:  (-6)
[hydra01:901069] [ 2] /lib/x86_64-linux-gnu/libc.so.6(abort+0x123)[0x7f1492235537]
malloc(): invalid size (unsorted)
[hydra03:409698] *** Process received signal ***
[hydra03:409698] Signal: Aborted (6)
[hydra03:409698] Signal code:  (-6)
malloc(): invalid size (unsorted)
[hydra07:419436] *** Process received signal ***
[hydra07:419436] Signal: Aborted (6)
[hydra07:419436] Signal code:  (-6)
malloc(): invalid size (unsorted)
[hydra02:582590] *** Process received signal ***
[hydra02:582590] Signal: Aborted (6)
[hydra02:582590] Signal code:  (-6)
malloc(): invalid size (unsorted)
[hydra06:393053] *** Process received signal ***
[hydra06:393053] Signal: Aborted (6)
[hydra06:393053] Signal code:  (-6)
[hydra01:901069] [ 3] /lib/x86_64-linux-gnu/libc.so.6(+0x7a468)[0x7f149228d468]
malloc(): invalid size (unsorted)
[hydra08:394720] *** Process received signal ***
[hydra08:394720] Signal: Aborted (6)
[hydra08:394720] Signal code:  (-6)
[hydra01:901069] [ 4] /lib/x86_64-linux-gnu/libc.so.6(+0x8175a)[0x7f149229475a]
malloc(): invalid size (unsorted)
[hydra12:372734] *** Process received signal ***
[hydra12:372734] Signal: Aborted (6)
[hydra12:372734] Signal code:  (-6)
[hydra12:372735] [ 0] /lib/x86_64-linux-gnu/libc.so.6(+0x38de0)[0x7fb936862de0]
[hydra01:901069] [ 5] /lib/x86_64-linux-gnu/libc.so.6(+0x8483c)[0x7f149229783c]
[hydra12:372734] [ 0] /lib/x86_64-linux-gnu/libc.so.6(+0x38de0)[0x7f09b48f0de0]
[hydra12:372735] [ 1] /lib/x86_64-linux-gnu/libc.so.6(gsignal+0x141)[0x7fb936862d61]
[hydra01:901069] [ 6] /lib/x86_64-linux-gnu/libc.so.6(__libc_calloc+0x81)[0x7f1492299bd1]
[hydra12:372734] [ 1] /lib/x86_64-linux-gnu/libc.so.6(gsignal+0x141)[0x7f09b48f0d61]
[hydra12:372735] [ 2] /lib/x86_64-linux-gnu/libc.so.6(abort+0x123)[0x7fb93684c537]
[hydra01:901069] [ 7] /opt/mpi/openmpi-4.1.4//lib/libmpi.so.40(ompi_group_allocate+0x17)[0x7f14941671e7]
[hydra12:372734] [ 2] /lib/x86_64-linux-gnu/libc.so.6(abort+0x123)[0x7f09b48da537]
malloc(): invalid size (unsorted)
[hydra12:372735] [ 3] /lib/x86_64-linux-gnu/libc.so.6(+0x7a468)[0x7fb9368a4468]
[hydra01:901069] [ 8] /opt/mpi/openmpi-4.1.4//lib/libmpi.so.40(ompi_group_incl_plist+0x65)[0x7f1494167915]
malloc(): invalid size (unsorted)
[hydra11:372769] *** Process received signal ***
[hydra11:372769] Signal: Aborted (6)
[hydra11:372769] Signal code:  (-6)
[hydra12:372734] [ 3] /lib/x86_64-linux-gnu/libc.so.6(+0x7a468)[0x7f09b4932468]
[hydra12:372735] [ 4] /lib/x86_64-linux-gnu/libc.so.6(+0x8175a)[0x7fb9368ab75a]
[hydra12:372734] [ 4] /lib/x86_64-linux-gnu/libc.so.6(+0x8175a)[0x7f09b493975a]
[hydra01:901069] [ 9] /opt/mpi/openmpi-4.1.4//lib/libmpi.so.40(PMPI_Group_incl+0x95)[0x7f1494198185]
[hydra12:372735] [ 5] /lib/x86_64-linux-gnu/libc.so.6(+0x8483c)[0x7fb9368ae83c]
[hydra01:901069] [10] /home/thesis/jheld/MPI_Syrk_implementation/build/src/MPI_SYRK_implementation(+0x841a)[0x55e1f65ca41a]
[hydra01:901069] [11] /home/thesis/jheld/MPI_Syrk_implementation/build/src/MPI_SYRK_implementation(+0x2ab0)[0x55e1f65c4ab0]
[hydra12:372734] [ 5] /lib/x86_64-linux-gnu/libc.so.6(+0x8483c)[0x7f09b493c83c]
[hydra01:901069] [12] /lib/x86_64-linux-gnu/libc.so.6(__libc_start_main+0xea)[0x7f1492236d7a]
[hydra01:901069] [13] /home/thesis/jheld/MPI_Syrk_implementation/build/src/MPI_SYRK_implementation(+0x232a)[0x55e1f65c432a]
[hydra01:901069] *** End of error message ***
[hydra12:372735] [ 6] /lib/x86_64-linux-gnu/libc.so.6(__libc_calloc+0x81)[0x7fb9368b0bd1]
[hydra12:372735] [ 7] /opt/mpi/openmpi-4.1.4//lib/libmpi.so.40(ompi_group_allocate+0x17)[0x7fb93877e1e7]
[hydra12:372734] [ 6] /lib/x86_64-linux-gnu/libc.so.6(__libc_calloc+0x81)[0x7f09b493ebd1]
[hydra12:372735] [ 8] /opt/mpi/openmpi-4.1.4//lib/libmpi.so.40(ompi_group_incl_plist+0x65)[0x7fb93877e915]
[hydra05:392368] [ 0] /lib/x86_64-linux-gnu/libc.so.6(+0x38de0)[0x7fcf99640de0]
[hydra12:372734] [ 7] /opt/mpi/openmpi-4.1.4//lib/libmpi.so.40(ompi_group_allocate+0x17)[0x7f09b680c1e7]
[hydra05:392368] [ 1] /lib/x86_64-linux-gnu/libc.so.6(gsignal+0x141)[0x7fcf99640d61]
[hydra12:372734] [ 8] /opt/mpi/openmpi-4.1.4//lib/libmpi.so.40(ompi_group_incl_plist+0x65)[0x7f09b680c915]
[hydra05:392368] [ 2] /lib/x86_64-linux-gnu/libc.so.6(abort+0x123)[0x7fcf9962a537]
[hydra05:392368] [ 3] /lib/x86_64-linux-gnu/libc.so.6(+0x7a468)[0x7fcf99682468]
[hydra05:392368] [ 4] /lib/x86_64-linux-gnu/libc.so.6(+0x8175a)[0x7fcf9968975a]
[hydra04:408421] [ 0] /lib/x86_64-linux-gnu/libc.so.6(+0x38de0)[0x7f6658c92de0]
[hydra05:392368] [ 5] /lib/x86_64-linux-gnu/libc.so.6(+0x8483c)[0x7fcf9968c83c]
[hydra04:408421] [ 1] /lib/x86_64-linux-gnu/libc.so.6(gsignal+0x141)[0x7f6658c92d61]
malloc(): invalid size (unsorted)
[hydra05:392368] [ 6] /lib/x86_64-linux-gnu/libc.so.6(__libc_calloc+0x81)[0x7fcf9968ebd1]
[hydra04:408421] [ 2] /lib/x86_64-linux-gnu/libc.so.6(abort+0x123)[0x7f6658c7c537]
[hydra07:419438] *** Process received signal ***
[hydra05:392368] [ 7] /opt/mpi/openmpi-4.1.4//lib/libmpi.so.40(ompi_group_allocate+0x17)[0x7fcf9b55c1e7]
[hydra03:409698] [ 0] /lib/x86_64-linux-gnu/libc.so.6(+0x38de0)[0x7f5ddca9cde0]
malloc(): invalid size (unsorted)
[hydra04:408421] [ 3] /lib/x86_64-linux-gnu/libc.so.6(+0x7a468)[0x7f6658cd4468]
[hydra07:419438] Signal: Aborted (6)
[hydra07:419438] Signal code:  (-6)
[hydra02:582590] [ 0] /lib/x86_64-linux-gnu/libc.so.6(+0x38de0)[0x7fc0accd3de0]
[hydra05:392368] [ 8] /opt/mpi/openmpi-4.1.4//lib/libmpi.so.40(ompi_group_incl_plist+0x65)[0x7fcf9b55c915]
[hydra03:409698] [ 1] /lib/x86_64-linux-gnu/libc.so.6(gsignal+0x141)[0x7f5ddca9cd61]
[hydra06:393051] *** Process received signal ***
[hydra06:393051] Signal: Aborted (6)
[hydra06:393051] Signal code:  (-6)
[hydra04:408421] [ 4] /lib/x86_64-linux-gnu/libc.so.6(+0x8175a)[0x7f6658cdb75a]
[hydra07:419436] [ 0] /lib/x86_64-linux-gnu/libc.so.6(+0x38de0)[0x7f1bd1305de0]
[hydra02:582590] [ 1] /lib/x86_64-linux-gnu/libc.so.6(gsignal+0x141)[0x7fc0accd3d61]
[hydra05:392368] [ 9] /opt/mpi/openmpi-4.1.4//lib/libmpi.so.40(PMPI_Group_incl+0x95)[0x7fcf9b58d185]
[hydra03:409698] [ 2] /lib/x86_64-linux-gnu/libc.so.6(abort+0x123)[0x7f5ddca86537]
[hydra06:393053] [ 0] /lib/x86_64-linux-gnu/libc.so.6(+0x38de0)[0x7f42d4d6fde0]
[hydra04:408421] [ 5] /lib/x86_64-linux-gnu/libc.so.6(+0x8483c)[0x7f6658cde83c]
[hydra07:419436] [ 1] /lib/x86_64-linux-gnu/libc.so.6(gsignal+0x141)[0x7f1bd1305d61]
[hydra02:582590] [ 2] /lib/x86_64-linux-gnu/libc.so.6(abort+0x123)[0x7fc0accbd537]
[hydra08:394720] [ 0] /lib/x86_64-linux-gnu/libc.so.6(+0x38de0)[0x7f6065f3ade0]
[hydra05:392368] [10] /home/thesis/jheld/MPI_Syrk_implementation/build/src/MPI_SYRK_implementation(+0x841a)[0x555b32a6941a]
[hydra05:392368] [11] /home/thesis/jheld/MPI_Syrk_implementation/build/src/MPI_SYRK_implementation(+0x2ab0)[0x555b32a63ab0]
[hydra03:409698] [ 3] /lib/x86_64-linux-gnu/libc.so.6(+0x7a468)[0x7f5ddcade468]
[hydra06:393053] [ 1] /lib/x86_64-linux-gnu/libc.so.6(gsignal+0x141)[0x7f42d4d6fd61]
[hydra04:408421] [ 6] /lib/x86_64-linux-gnu/libc.so.6(__libc_calloc+0x81)[0x7f6658ce0bd1]
[hydra07:419436] [ 2] /lib/x86_64-linux-gnu/libc.so.6(abort+0x123)[0x7f1bd12ef537]
[hydra02:582590] [ 3] /lib/x86_64-linux-gnu/libc.so.6(+0x7a468)[0x7fc0acd15468]
[hydra08:394720] [ 1] /lib/x86_64-linux-gnu/libc.so.6(gsignal+0x141)[0x7f6065f3ad61]
[hydra05:392368] [12] /lib/x86_64-linux-gnu/libc.so.6(__libc_start_main+0xea)[0x7fcf9962bd7a]
[hydra05:392368] [13] /home/thesis/jheld/MPI_Syrk_implementation/build/src/MPI_SYRK_implementation(+0x232a)[0x555b32a6332a]
[hydra03:409698] [ 4] /lib/x86_64-linux-gnu/libc.so.6(+0x8175a)[0x7f5ddcae575a]
[hydra06:393053] [ 2] /lib/x86_64-linux-gnu/libc.so.6(abort+0x123)[0x7f42d4d59537]
[hydra04:408421] [ 7] /opt/mpi/openmpi-4.1.4//lib/libmpi.so.40(ompi_group_allocate+0x17)[0x7f665abae1e7]
[hydra07:419436] [ 3] /lib/x86_64-linux-gnu/libc.so.6(+0x7a468)[0x7f1bd1347468]
[hydra02:582590] [ 4] /lib/x86_64-linux-gnu/libc.so.6(+0x8175a)[0x7fc0acd1c75a]
[hydra08:394720] [ 2] /lib/x86_64-linux-gnu/libc.so.6(abort+0x123)[0x7f6065f24537]
[hydra05:392368] *** End of error message ***
[hydra03:409698] [ 5] /lib/x86_64-linux-gnu/libc.so.6(+0x8483c)[0x7f5ddcae883c]
[hydra06:393051] [ 0] /lib/x86_64-linux-gnu/libc.so.6(+0x38de0)[0x7f1c2d4e7de0]
[hydra04:408421] [ 8] /opt/mpi/openmpi-4.1.4//lib/libmpi.so.40(ompi_group_incl_plist+0x65)[0x7f665abae915]
malloc(): invalid size (unsorted)
[hydra10:505133] *** Process received signal ***
[hydra10:505133] Signal: Aborted (6)
[hydra10:505133] Signal code:  (-6)
[hydra07:419436] [ 4] /lib/x86_64-linux-gnu/libc.so.6(+0x8175a)[0x7f1bd134e75a]
[hydra07:419436] [ 5] /lib/x86_64-linux-gnu/libc.so.6(+0x8483c)[0x7f1bd135183c]
[hydra02:582590] [ 5] /lib/x86_64-linux-gnu/libc.so.6(+0x8483c)[0x7fc0acd1f83c]
[hydra08:394720] [ 3] /lib/x86_64-linux-gnu/libc.so.6(+0x7a468)[0x7f6065f7c468]
[hydra11:372769] [ 0] /lib/x86_64-linux-gnu/libc.so.6(+0x38de0)[0x7fbf274a8de0]
[hydra03:409698] [ 6] /lib/x86_64-linux-gnu/libc.so.6(__libc_calloc+0x81)[0x7f5ddcaeabd1]
[hydra06:393051] [ 1] /lib/x86_64-linux-gnu/libc.so.6(gsignal+0x141)[0x7f1c2d4e7d61]
[hydra06:393051] [ 2] /lib/x86_64-linux-gnu/libc.so.6(abort+0x123)[0x7f1c2d4d1537]
[hydra04:408421] [ 9] /opt/mpi/openmpi-4.1.4//lib/libmpi.so.40(PMPI_Group_incl+0x95)[0x7f665abdf185]
[hydra10:505132] *** Process received signal ***
[hydra10:505132] Signal: Aborted (6)
[hydra10:505132] Signal code:  (-6)
[hydra07:419438] [ 0] /lib/x86_64-linux-gnu/libc.so.6(+0x38de0)[0x7fb5a1aa3de0]
[hydra07:419438] [ 1] /lib/x86_64-linux-gnu/libc.so.6(gsignal+0x141)[0x7fb5a1aa3d61]
[hydra07:419438] [ 2] /lib/x86_64-linux-gnu/libc.so.6(abort+0x123)[0x7fb5a1a8d537]
[hydra02:582590] [ 6] /lib/x86_64-linux-gnu/libc.so.6(__libc_calloc+0x81)[0x7fc0acd21bd1]
[hydra08:394720] [ 4] /lib/x86_64-linux-gnu/libc.so.6(+0x8175a)[0x7f6065f8375a]
[hydra11:372769] [ 1] /lib/x86_64-linux-gnu/libc.so.6(gsignal+0x141)[0x7fbf274a8d61]
[hydra03:409698] [ 7] /opt/mpi/openmpi-4.1.4//lib/libmpi.so.40(ompi_group_allocate+0x17)[0x7f5dde9b81e7]
[hydra06:393053] [ 3] /lib/x86_64-linux-gnu/libc.so.6(+0x7a468)[0x7f42d4db1468]
[hydra06:393053] [ 4] /lib/x86_64-linux-gnu/libc.so.6(+0x8175a)[0x7f42d4db875a]
[hydra06:393053] [ 5] /lib/x86_64-linux-gnu/libc.so.6(+0x8483c)[0x7f42d4dbb83c]
[hydra04:408421] [10] /home/thesis/jheld/MPI_Syrk_implementation/build/src/MPI_SYRK_implementation(+0x841a)[0x562a4a2f341a]
[hydra04:408421] [11] /home/thesis/jheld/MPI_Syrk_implementation/build/src/MPI_SYRK_implementation(+0x2ab0)[0x562a4a2edab0]
[hydra10:505133] [ 0] /lib/x86_64-linux-gnu/libc.so.6(+0x38de0)[0x7fc794153de0]
[hydra07:419436] [ 6] /lib/x86_64-linux-gnu/libc.so.6(__libc_calloc+0x81)[0x7f1bd1353bd1]
[hydra07:419436] [ 7] /opt/mpi/openmpi-4.1.4//lib/libmpi.so.40(ompi_group_allocate+0x17)[0x7f1bd32211e7]
[hydra02:582590] [ 7] /opt/mpi/openmpi-4.1.4//lib/libmpi.so.40(ompi_group_allocate+0x17)[0x7fc0aebef1e7]
[hydra08:394720] [ 5] /lib/x86_64-linux-gnu/libc.so.6(+0x8483c)[0x7f6065f8683c]
[hydra11:372769] [ 2] /lib/x86_64-linux-gnu/libc.so.6(abort+0x123)[0x7fbf27492537]
[hydra03:409698] [ 8] /opt/mpi/openmpi-4.1.4//lib/libmpi.so.40(ompi_group_incl_plist+0x65)[0x7f5dde9b8915]
[hydra06:393051] [ 3] /lib/x86_64-linux-gnu/libc.so.6(+0x7a468)[0x7f1c2d529468]
[hydra06:393051] [ 4] /lib/x86_64-linux-gnu/libc.so.6(+0x8175a)[0x7f1c2d53075a]
[hydra04:408421] [12] /lib/x86_64-linux-gnu/libc.so.6(__libc_start_main+0xea)[0x7f6658c7dd7a]
[hydra10:505133] [ 1] /lib/x86_64-linux-gnu/libc.so.6(gsignal+0x141)[0x7fc794153d61]
[hydra07:419438] [ 3] /lib/x86_64-linux-gnu/libc.so.6(+0x7a468)[0x7fb5a1ae5468]
[hydra02:582590] [ 8] /opt/mpi/openmpi-4.1.4//lib/libmpi.so.40(ompi_group_incl_plist+0x65)[0x7fc0aebef915]
[hydra08:394720] [ 6] /lib/x86_64-linux-gnu/libc.so.6(__libc_calloc+0x81)[0x7f6065f88bd1]
[hydra11:372769] [ 3] /lib/x86_64-linux-gnu/libc.so.6(+0x7a468)[0x7fbf274ea468]
[hydra03:409698] [ 9] /opt/mpi/openmpi-4.1.4//lib/libmpi.so.40(PMPI_Group_incl+0x95)[0x7f5dde9e9185]
[hydra06:393053] [ 6] /lib/x86_64-linux-gnu/libc.so.6(__libc_calloc+0x81)[0x7f42d4dbdbd1]
[hydra04:408421] [13] /home/thesis/jheld/MPI_Syrk_implementation/build/src/MPI_SYRK_implementation(+0x232a)[0x562a4a2ed32a]
[hydra04:408421] *** End of error message ***
[hydra10:505132] [ 0] /lib/x86_64-linux-gnu/libc.so.6(+0x38de0)[0x7f55559a6de0]
[hydra07:419436] [ 8] /opt/mpi/openmpi-4.1.4//lib/libmpi.so.40(ompi_group_incl_plist+0x65)[0x7f1bd3221915]
[hydra02:582590] [ 9] /opt/mpi/openmpi-4.1.4//lib/libmpi.so.40(PMPI_Group_incl+0x95)[0x7fc0aec20185]
[hydra08:394720] [ 7] /opt/mpi/openmpi-4.1.4//lib/libmpi.so.40(ompi_group_allocate+0x17)[0x7f6067e561e7]
[hydra11:372769] [ 4] /lib/x86_64-linux-gnu/libc.so.6(+0x8175a)[0x7fbf274f175a]
[hydra03:409698] [10] /home/thesis/jheld/MPI_Syrk_implementation/build/src/MPI_SYRK_implementation(+0x841a)[0x5567ea93f41a]
[hydra03:409698] [11] /home/thesis/jheld/MPI_Syrk_implementation/build/src/MPI_SYRK_implementation(+0x2ab0)[0x5567ea939ab0]
[hydra06:393051] [ 5] /lib/x86_64-linux-gnu/libc.so.6(+0x8483c)[0x7f1c2d53383c]
[hydra10:505133] [ 2] /lib/x86_64-linux-gnu/libc.so.6(abort+0x123)[0x7fc79413d537]
[hydra07:419438] [ 4] /lib/x86_64-linux-gnu/libc.so.6(+0x8175a)[0x7fb5a1aec75a]
[hydra02:582590] [10] /home/thesis/jheld/MPI_Syrk_implementation/build/src/MPI_SYRK_implementation(+0x841a)[0x55a948ca041a]
[hydra02:582590] [11] /home/thesis/jheld/MPI_Syrk_implementation/build/src/MPI_SYRK_implementation(+0x2ab0)[0x55a948c9aab0]
[hydra08:394720] [ 8] /opt/mpi/openmpi-4.1.4//lib/libmpi.so.40(ompi_group_incl_plist+0x65)[0x7f6067e56915]
[hydra11:372769] [ 5] /lib/x86_64-linux-gnu/libc.so.6(+0x8483c)[0x7fbf274f483c]
[hydra03:409698] [12] /lib/x86_64-linux-gnu/libc.so.6(__libc_start_main+0xea)[0x7f5ddca87d7a]
[hydra03:409698] [13] /home/thesis/jheld/MPI_Syrk_implementation/build/src/MPI_SYRK_implementation(+0x232a)[0x5567ea93932a]
[hydra06:393053] [ 7] /opt/mpi/openmpi-4.1.4//lib/libmpi.so.40(ompi_group_allocate+0x17)[0x7f42d6c8b1e7]
[hydra10:505132] [ 1] /lib/x86_64-linux-gnu/libc.so.6(gsignal+0x141)[0x7f55559a6d61]
[hydra07:419436] [ 9] /opt/mpi/openmpi-4.1.4//lib/libmpi.so.40(PMPI_Group_incl+0x95)[0x7f1bd3252185]
[hydra02:582590] [12] /lib/x86_64-linux-gnu/libc.so.6(__libc_start_main+0xea)[0x7fc0accbed7a]
[hydra02:582590] [13] /home/thesis/jheld/MPI_Syrk_implementation/build/src/MPI_SYRK_implementation(+0x232a)[0x55a948c9a32a]
[hydra08:394720] [ 9] /opt/mpi/openmpi-4.1.4//lib/libmpi.so.40(PMPI_Group_incl+0x95)[0x7f6067e87185]
[hydra11:372769] [ 6] /lib/x86_64-linux-gnu/libc.so.6(__libc_calloc+0x81)[0x7fbf274f6bd1]
[hydra03:409698] *** End of error message ***
[hydra06:393053] [ 8] /opt/mpi/openmpi-4.1.4//lib/libmpi.so.40(ompi_group_incl_plist+0x65)[0x7f42d6c8b915]
[hydra10:505133] [ 3] /lib/x86_64-linux-gnu/libc.so.6(+0x7a468)[0x7fc794195468]
[hydra07:419436] [10] /home/thesis/jheld/MPI_Syrk_implementation/build/src/MPI_SYRK_implementation(+0x841a)[0x55e8aa17841a]
[hydra07:419436] [11] /home/thesis/jheld/MPI_Syrk_implementation/build/src/MPI_SYRK_implementation(+0x2ab0)[0x55e8aa172ab0]
[hydra02:582590] *** End of error message ***
[hydra08:394720] [10] /home/thesis/jheld/MPI_Syrk_implementation/build/src/MPI_SYRK_implementation(+0x841a)[0x55e256d2341a]
[hydra08:394720] [11] /home/thesis/jheld/MPI_Syrk_implementation/build/src/MPI_SYRK_implementation(+0x2ab0)[0x55e256d1dab0]
[hydra11:372769] [ 7] /opt/mpi/openmpi-4.1.4//lib/libmpi.so.40(ompi_group_allocate+0x17)[0x7fbf293c41e7]
[hydra06:393051] [ 6] /lib/x86_64-linux-gnu/libc.so.6(__libc_calloc+0x81)[0x7f1c2d535bd1]
[hydra10:505132] [ 2] /lib/x86_64-linux-gnu/libc.so.6(abort+0x123)[0x7f5555990537]
[hydra07:419438] [ 5] /lib/x86_64-linux-gnu/libc.so.6(+0x8483c)[0x7fb5a1aef83c]
[hydra08:394720] [12] /lib/x86_64-linux-gnu/libc.so.6(__libc_start_main+0xea)[0x7f6065f25d7a]
[hydra11:372769] [ 8] /opt/mpi/openmpi-4.1.4//lib/libmpi.so.40(ompi_group_incl_plist+0x65)[0x7fbf293c4915]
[hydra06:393051] [ 7] /opt/mpi/openmpi-4.1.4//lib/libmpi.so.40(ompi_group_allocate+0x17)[0x7f1c2f4031e7]
[hydra10:505133] [ 4] /lib/x86_64-linux-gnu/libc.so.6(+0x8175a)[0x7fc79419c75a]
[hydra07:419436] [12] /lib/x86_64-linux-gnu/libc.so.6(__libc_start_main+0xea)[0x7f1bd12f0d7a]
[hydra08:394720] [13] /home/thesis/jheld/MPI_Syrk_implementation/build/src/MPI_SYRK_implementation(+0x232a)[0x55e256d1d32a]
[hydra08:394720] *** End of error message ***
[hydra11:372769] [ 9] /opt/mpi/openmpi-4.1.4//lib/libmpi.so.40(PMPI_Group_incl+0x95)[0x7fbf293f5185]
[hydra06:393053] [ 9] /opt/mpi/openmpi-4.1.4//lib/libmpi.so.40(PMPI_Group_incl+0x95)[0x7f42d6cbc185]
[hydra06:393053] [10] /home/thesis/jheld/MPI_Syrk_implementation/build/src/MPI_SYRK_implementation(+0x841a)[0x55d74aecb41a]
[hydra06:393053] [11] /home/thesis/jheld/MPI_Syrk_implementation/build/src/MPI_SYRK_implementation(+0x2ab0)[0x55d74aec5ab0]
[hydra10:505132] [ 3] /lib/x86_64-linux-gnu/libc.so.6(+0x7a468)[0x7f55559e8468]
[hydra07:419436] [13] /home/thesis/jheld/MPI_Syrk_implementation/build/src/MPI_SYRK_implementation(+0x232a)[0x55e8aa17232a]
[hydra07:419436] *** End of error message ***
[hydra11:372769] [10] /home/thesis/jheld/MPI_Syrk_implementation/build/src/MPI_SYRK_implementation(+0x841a)[0x5652a9b5341a]
[hydra11:372769] [11] /home/thesis/jheld/MPI_Syrk_implementation/build/src/MPI_SYRK_implementation(+0x2ab0)[0x5652a9b4dab0]
[hydra06:393051] [ 8] /opt/mpi/openmpi-4.1.4//lib/libmpi.so.40(ompi_group_incl_plist+0x65)[0x7f1c2f403915]
[hydra10:505133] [ 5] /lib/x86_64-linux-gnu/libc.so.6(+0x8483c)[0x7fc79419f83c]
[hydra07:419438] [ 6] /lib/x86_64-linux-gnu/libc.so.6(__libc_calloc+0x81)[0x7fb5a1af1bd1]
[hydra11:372769] [12] /lib/x86_64-linux-gnu/libc.so.6(__libc_start_main+0xea)[0x7fbf27493d7a]
[hydra11:372769] [13] /home/thesis/jheld/MPI_Syrk_implementation/build/src/MPI_SYRK_implementation(+0x232a)[0x5652a9b4d32a]
[hydra06:393053] [12] /lib/x86_64-linux-gnu/libc.so.6(__libc_start_main+0xea)[0x7f42d4d5ad7a]
[hydra06:393053] [13] /home/thesis/jheld/MPI_Syrk_implementation/build/src/MPI_SYRK_implementation(+0x232a)[0x55d74aec532a]
[hydra06:393053] *** End of error message ***
[hydra10:505132] [ 4] /lib/x86_64-linux-gnu/libc.so.6(+0x8175a)[0x7f55559ef75a]
[hydra11:372769] *** End of error message ***
[hydra06:393051] [ 9] /opt/mpi/openmpi-4.1.4//lib/libmpi.so.40(PMPI_Group_incl+0x95)[0x7f1c2f434185]
[hydra10:505133] [ 6] /lib/x86_64-linux-gnu/libc.so.6(__libc_calloc+0x81)[0x7fc7941a1bd1]
[hydra06:393051] [10] /home/thesis/jheld/MPI_Syrk_implementation/build/src/MPI_SYRK_implementation(+0x841a)[0x55954975141a]
[hydra06:393051] [11] /home/thesis/jheld/MPI_Syrk_implementation/build/src/MPI_SYRK_implementation(+0x2ab0)[0x55954974bab0]
[hydra10:505132] [ 5] /lib/x86_64-linux-gnu/libc.so.6(+0x8483c)[0x7f55559f283c]
[hydra06:393051] [12] /lib/x86_64-linux-gnu/libc.so.6(__libc_start_main+0xea)[0x7f1c2d4d2d7a]
[hydra06:393051] [13] /home/thesis/jheld/MPI_Syrk_implementation/build/src/MPI_SYRK_implementation(+0x232a)[0x55954974b32a]
[hydra06:393051] *** End of error message ***
[hydra10:505133] [ 7] /opt/mpi/openmpi-4.1.4//lib/libmpi.so.40(ompi_group_allocate+0x17)[0x7fc79606f1e7]
[hydra10:505132] [ 6] /lib/x86_64-linux-gnu/libc.so.6(__libc_calloc+0x81)[0x7f55559f4bd1]
[hydra10:505133] [ 8] /opt/mpi/openmpi-4.1.4//lib/libmpi.so.40(ompi_group_incl_plist+0x65)[0x7fc79606f915]
[hydra10:505132] [ 7] /opt/mpi/openmpi-4.1.4//lib/libmpi.so.40(ompi_group_allocate+0x17)[0x7f55578c21e7]
[hydra10:505133] [ 9] /opt/mpi/openmpi-4.1.4//lib/libmpi.so.40(PMPI_Group_incl+0x95)[0x7fc7960a0185]
[hydra10:505132] [ 8] /opt/mpi/openmpi-4.1.4//lib/libmpi.so.40(ompi_group_incl_plist+0x65)[0x7f55578c2915]
[hydra10:505133] [10] /home/thesis/jheld/MPI_Syrk_implementation/build/src/MPI_SYRK_implementation(+0x841a)[0x559be298741a]
[hydra10:505133] [11] /home/thesis/jheld/MPI_Syrk_implementation/build/src/MPI_SYRK_implementation(+0x2ab0)[0x559be2981ab0]
[hydra10:505133] [12] /lib/x86_64-linux-gnu/libc.so.6(__libc_start_main+0xea)[0x7fc79413ed7a]
[hydra10:505133] [13] /home/thesis/jheld/MPI_Syrk_implementation/build/src/MPI_SYRK_implementation(+0x232a)[0x559be298132a]
[hydra10:505132] [ 9] /opt/mpi/openmpi-4.1.4//lib/libmpi.so.40(PMPI_Group_incl+0x95)[0x7f55578f3185]
[hydra10:505132] [10] /home/thesis/jheld/MPI_Syrk_implementation/build/src/MPI_SYRK_implementation(+0x841a)[0x5556f5d1441a]
[hydra10:505132] [11] /home/thesis/jheld/MPI_Syrk_implementation/build/src/MPI_SYRK_implementation(+0x2ab0)[0x5556f5d0eab0]
[hydra10:505133] *** End of error message ***
[hydra10:505132] [12] /lib/x86_64-linux-gnu/libc.so.6(__libc_start_main+0xea)[0x7f5555991d7a]
[hydra10:505132] [13] /home/thesis/jheld/MPI_Syrk_implementation/build/src/MPI_SYRK_implementation(+0x232a)[0x5556f5d0e32a]
[hydra10:505132] *** End of error message ***
[hydra07:419438] [ 7] /opt/mpi/openmpi-4.1.4//lib/libmpi.so.40(ompi_group_allocate+0x17)[0x7fb5a39bf1e7]
[hydra12:372735] [ 9] /opt/mpi/openmpi-4.1.4//lib/libmpi.so.40(PMPI_Group_incl+0x95)[0x7fb9387af185]
[hydra12:372735] [10] /home/thesis/jheld/MPI_Syrk_implementation/build/src/MPI_SYRK_implementation(+0x841a)[0x56385729841a]
[hydra12:372735] [11] /home/thesis/jheld/MPI_Syrk_implementation/build/src/MPI_SYRK_implementation(+0x2ab0)[0x563857292ab0]
[hydra07:419438] [ 8] /opt/mpi/openmpi-4.1.4//lib/libmpi.so.40(ompi_group_incl_plist+0x65)[0x7fb5a39bf915]
[hydra12:372734] [ 9] /opt/mpi/openmpi-4.1.4//lib/libmpi.so.40(PMPI_Group_incl+0x95)[0x7f09b683d185]
[hydra12:372734] [10] /home/thesis/jheld/MPI_Syrk_implementation/build/src/MPI_SYRK_implementation(+0x841a)[0x55ead714341a]
[hydra12:372734] [11] /home/thesis/jheld/MPI_Syrk_implementation/build/src/MPI_SYRK_implementation(+0x2ab0)[0x55ead713dab0]
[hydra07:419438] [ 9] /opt/mpi/openmpi-4.1.4//lib/libmpi.so.40(PMPI_Group_incl+0x95)[0x7fb5a39f0185]
[hydra12:372735] [12] /lib/x86_64-linux-gnu/libc.so.6(__libc_start_main+0xea)[0x7fb93684dd7a]
[hydra12:372735] [13] /home/thesis/jheld/MPI_Syrk_implementation/build/src/MPI_SYRK_implementation(+0x232a)[0x56385729232a]
[hydra12:372735] *** End of error message ***
[hydra07:419438] [10] /home/thesis/jheld/MPI_Syrk_implementation/build/src/MPI_SYRK_implementation(+0x841a)[0x55fd3de1a41a]
[hydra07:419438] [11] /home/thesis/jheld/MPI_Syrk_implementation/build/src/MPI_SYRK_implementation(+0x2ab0)[0x55fd3de14ab0]
[hydra12:372734] [12] /lib/x86_64-linux-gnu/libc.so.6(__libc_start_main+0xea)[0x7f09b48dbd7a]
[hydra07:419438] [12] /lib/x86_64-linux-gnu/libc.so.6(__libc_start_main+0xea)[0x7fb5a1a8ed7a]
[hydra12:372734] [13] /home/thesis/jheld/MPI_Syrk_implementation/build/src/MPI_SYRK_implementation(+0x232a)[0x55ead713d32a]
[hydra12:372734] *** End of error message ***
[hydra07:419438] [13] /home/thesis/jheld/MPI_Syrk_implementation/build/src/MPI_SYRK_implementation(+0x232a)[0x55fd3de1432a]
[hydra07:419438] *** End of error message ***
srun: error: hydra01: task 1: Aborted
srun: error: hydra08: task 23: Aborted
srun: error: hydra11: task 30: Aborted
srun: error: hydra02: task 3: Aborted
srun: error: hydra05: task 13: Aborted
srun: error: hydra04: task 10: Aborted
srun: error: hydra03: task 6: Aborted
srun: error: hydra10: tasks 28-29: Aborted
srun: error: hydra12: tasks 33-34: Aborted
srun: error: hydra06: tasks 15,17: Aborted
srun: error: hydra07: tasks 18,20: Aborted
slurmstepd: error:  mpi/pmix_v4: _errhandler: hydra04 [3]: pmixp_client_v2.c:211: Error handler invoked: status = -61, source = [slurm.pmix.5008700.0:10]
slurmstepd: error:  mpi/pmix_v4: _errhandler: hydra08 [7]: pmixp_client_v2.c:211: Error handler invoked: status = -61, source = [slurm.pmix.5008700.0:23]
slurmstepd: error:  mpi/pmix_v4: _errhandler: hydra05 [4]: pmixp_client_v2.c:211: Error handler invoked: status = -61, source = [slurm.pmix.5008700.0:13]
slurmstepd: error:  mpi/pmix_v4: _errhandler: hydra02 [1]: pmixp_client_v2.c:211: Error handler invoked: status = -61, source = [slurm.pmix.5008700.0:3]
slurmstepd: error:  mpi/pmix_v4: _errhandler: hydra12 [11]: pmixp_client_v2.c:211: Error handler invoked: status = -61, source = [slurm.pmix.5008700.0:34]
slurmstepd: error:  mpi/pmix_v4: _errhandler: hydra01 [0]: pmixp_client_v2.c:211: Error handler invoked: status = -61, source = [slurm.pmix.5008700.0:1]
slurmstepd: error:  mpi/pmix_v4: _errhandler: hydra11 [10]: pmixp_client_v2.c:211: Error handler invoked: status = -61, source = [slurm.pmix.5008700.0:30]
slurmstepd: error:  mpi/pmix_v4: _errhandler: hydra07 [6]: pmixp_client_v2.c:211: Error handler invoked: status = -61, source = [slurm.pmix.5008700.0:20]
slurmstepd: error:  mpi/pmix_v4: _errhandler: hydra06 [5]: pmixp_client_v2.c:211: Error handler invoked: status = -61, source = [slurm.pmix.5008700.0:15]
slurmstepd: error:  mpi/pmix_v4: _errhandler: hydra10 [9]: pmixp_client_v2.c:211: Error handler invoked: status = -61, source = [slurm.pmix.5008700.0:29]
slurmstepd: error:  mpi/pmix_v4: _errhandler: hydra03 [2]: pmixp_client_v2.c:211: Error handler invoked: status = -61, source = [slurm.pmix.5008700.0:6]
slurmstepd: error: *** STEP 5008700.0 ON hydra01 CANCELLED AT 2025-10-13T15:37:46 ***
srun: Job step aborted: Waiting up to 32 seconds for job step to finish.
srun: error: hydra10: task 27: Killed
srun: error: hydra07: task 19: Killed
srun: error: hydra12: task 35: Killed
srun: error: hydra06: task 16: Killed
srun: error: hydra04: tasks 9,11: Killed
srun: error: hydra01: tasks 0,2: Killed
srun: error: hydra02: tasks 4-5: Killed
srun: error: hydra11: tasks 31-32: Killed
srun: error: hydra08: tasks 21-22: Killed
srun: error: hydra03: tasks 7-8: Killed
srun: error: hydra05: tasks 12,14: Killed
srun: error: hydra09: tasks 24-26: Killed
⚠️ Warning: No runtime found for run 1
srun: Warning: can't honor --ntasks-per-node set to 1 which doesn't match the requested tasks 36 with the number of requested nodes 12. Ignoring --ntasks-per-node.
missing input file name --> Generate random input
malloc(): invalid size (unsorted)
[hydra12:372804] *** Process received signal ***
[hydra12:372804] Signal: Aborted (6)
[hydra12:372804] Signal code:  (-6)
[hydra12:372804] [ 0] /lib/x86_64-linux-gnu/libc.so.6(+0x38de0)[0x7fc30f7d7de0]
[hydra12:372804] [ 1] /lib/x86_64-linux-gnu/libc.so.6(gsignal+0x141)[0x7fc30f7d7d61]
[hydra12:372804] [ 2] /lib/x86_64-linux-gnu/libc.so.6(abort+0x123)[0x7fc30f7c1537]
[hydra12:372804] [ 3] /lib/x86_64-linux-gnu/libc.so.6(+0x7a468)[0x7fc30f819468]
malloc(): invalid size (unsorted)
[hydra09:385800] *** Process received signal ***
[hydra09:385800] Signal: Aborted (6)
[hydra09:385800] Signal code:  (-6)
malloc(): invalid size (unsorted)
[hydra06:393120] *** Process received signal ***
[hydra06:393120] Signal: Aborted (6)
[hydra06:393120] Signal code:  (-6)
[hydra12:372804] [ 4] /lib/x86_64-linux-gnu/libc.so.6(+0x8175a)[0x7fc30f82075a]
malloc(): invalid size (unsorted)
[hydra03:409766] *** Process received signal ***
[hydra03:409766] Signal: Aborted (6)
[hydra03:409766] Signal code:  (-6)
malloc(): invalid size (unsorted)
[hydra07:419505] *** Process received signal ***
[hydra07:419505] Signal: Aborted (6)
[hydra07:419505] Signal code:  (-6)
[hydra12:372804] [ 5] /lib/x86_64-linux-gnu/libc.so.6(+0x8483c)[0x7fc30f82383c]
malloc(): invalid size (unsorted)
[hydra05:392436] *** Process received signal ***
[hydra05:392436] Signal: Aborted (6)
[hydra05:392436] Signal code:  (-6)
malloc(): invalid size (unsorted)
[hydra02:582675] *** Process received signal ***
[hydra02:582675] Signal: Aborted (6)
[hydra02:582675] Signal code:  (-6)
[hydra12:372804] [ 6] /lib/x86_64-linux-gnu/libc.so.6(__libc_calloc+0x81)[0x7fc30f825bd1]
malloc(): invalid size (unsorted)
[hydra08:394787] *** Process received signal ***
[hydra08:394787] Signal: Aborted (6)
[hydra08:394787] Signal code:  (-6)
malloc(): invalid size (unsorted)
[hydra06:393121] *** Process received signal ***
[hydra06:393121] Signal: Aborted (6)
[hydra06:393121] Signal code:  (-6)
[hydra03:409766] [ 0] /lib/x86_64-linux-gnu/libc.so.6(+0x38de0)[0x7f6f87551de0]
malloc(): invalid size (unsorted)
[hydra07:419506] *** Process received signal ***
[hydra12:372804] [ 7] /opt/mpi/openmpi-4.1.4//lib/libmpi.so.40(ompi_group_allocate+0x17)[0x7fc3116f31e7]
[hydra07:419506] Signal: Aborted (6)
[hydra07:419506] Signal code:  (-6)
[hydra12:372804] [ 8] /opt/mpi/openmpi-4.1.4//lib/libmpi.so.40(ompi_group_incl_plist+0x65)[0x7fc3116f3915]
[hydra07:419505] [ 0] /lib/x86_64-linux-gnu/libc.so.6(+0x38de0)[0x7f9942078de0]
[hydra03:409766] [ 1] /lib/x86_64-linux-gnu/libc.so.6(gsignal+0x141)[0x7f6f87551d61]
[hydra05:392436] [ 0] /lib/x86_64-linux-gnu/libc.so.6(+0x38de0)[0x7feaa7708de0]
[hydra07:419505] [ 1] /lib/x86_64-linux-gnu/libc.so.6(gsignal+0x141)[0x7f9942078d61]
[hydra12:372804] [ 9] /opt/mpi/openmpi-4.1.4//lib/libmpi.so.40(PMPI_Group_incl+0x95)[0x7fc311724185]
[hydra12:372804] [10] /home/thesis/jheld/MPI_Syrk_implementation/build/src/MPI_SYRK_implementation(+0x841a)[0x55dcd7dbf41a]
malloc(): invalid size (unsorted)
[hydra04:408490] *** Process received signal ***
[hydra04:408490] Signal: Aborted (6)
[hydra04:408490] Signal code:  (-6)
malloc(): invalid size (unsorted)
[hydra08:394786] *** Process received signal ***
malloc(): invalid size (unsorted)
[hydra10:505205] *** Process received signal ***
[hydra10:505205] Signal: Aborted (6)
[hydra10:505205] Signal code:  (-6)
[hydra07:419505] [ 2] /lib/x86_64-linux-gnu/libc.so.6(abort+0x123)[0x7f9942062537]
[hydra06:393120] [ 0] /lib/x86_64-linux-gnu/libc.so.6(+0x38de0)[0x7f909ae18de0]
[hydra12:372804] [11] /home/thesis/jheld/MPI_Syrk_implementation/build/src/MPI_SYRK_implementation(+0x2ab0)[0x55dcd7db9ab0]
[hydra03:409766] [ 2] /lib/x86_64-linux-gnu/libc.so.6(abort+0x123)[0x7f6f8753b537]
[hydra05:392436] [ 1] /lib/x86_64-linux-gnu/libc.so.6(gsignal+0x141)[0x7feaa7708d61]
malloc(): invalid size (unsorted)
[hydra11:372838] *** Process received signal ***
[hydra11:372838] Signal: Aborted (6)
[hydra11:372838] Signal code:  (-6)
[hydra08:394786] Signal: Aborted (6)
[hydra08:394786] Signal code:  (-6)
[hydra07:419505] [ 3] /lib/x86_64-linux-gnu/libc.so.6(+0x7a468)[0x7f99420ba468]
[hydra06:393121] [ 0] /lib/x86_64-linux-gnu/libc.so.6(+0x38de0)[0x7f9074bbcde0]
[hydra12:372804] [12] /lib/x86_64-linux-gnu/libc.so.6(__libc_start_main+0xea)[0x7fc30f7c2d7a]
[hydra04:408490] [ 0] /lib/x86_64-linux-gnu/libc.so.6(+0x38de0)[0x7fc1acc10de0]
[hydra03:409766] [ 3] /lib/x86_64-linux-gnu/libc.so.6(+0x7a468)[0x7f6f87593468]
[hydra05:392436] [ 2] /lib/x86_64-linux-gnu/libc.so.6(abort+0x123)[0x7feaa76f2537]
[hydra08:394787] [ 0] /lib/x86_64-linux-gnu/libc.so.6(+0x38de0)[0x7f25051dede0]
[hydra07:419506] [ 0] /lib/x86_64-linux-gnu/libc.so.6(+0x38de0)[0x7febb188cde0]
[hydra07:419506] [ 1] /lib/x86_64-linux-gnu/libc.so.6(gsignal+0x141)[0x7febb188cd61]
[hydra06:393121] [ 1] /lib/x86_64-linux-gnu/libc.so.6(gsignal+0x141)[0x7f9074bbcd61]
[hydra12:372804] [13] /home/thesis/jheld/MPI_Syrk_implementation/build/src/MPI_SYRK_implementation(+0x232a)[0x55dcd7db932a]
[hydra12:372804] *** End of error message ***
[hydra04:408490] [ 1] /lib/x86_64-linux-gnu/libc.so.6(gsignal+0x141)[0x7fc1acc10d61]
[hydra05:392436] [ 3] /lib/x86_64-linux-gnu/libc.so.6(+0x7a468)[0x7feaa774a468]
[hydra08:394787] [ 1] /lib/x86_64-linux-gnu/libc.so.6(gsignal+0x141)[0x7f25051ded61]
[hydra07:419505] [ 4] /lib/x86_64-linux-gnu/libc.so.6(+0x8175a)[0x7f99420c175a]
[hydra06:393120] [ 1] /lib/x86_64-linux-gnu/libc.so.6(gsignal+0x141)[0x7f909ae18d61]
[hydra04:408490] [ 2] /lib/x86_64-linux-gnu/libc.so.6(abort+0x123)[0x7fc1acbfa537]
[hydra03:409766] [ 4] /lib/x86_64-linux-gnu/libc.so.6(+0x8175a)[0x7f6f8759a75a]
[hydra05:392436] [ 4] /lib/x86_64-linux-gnu/libc.so.6(+0x8175a)[0x7feaa775175a]
[hydra11:372838] [ 0] /lib/x86_64-linux-gnu/libc.so.6(+0x38de0)[0x7f44e6091de0]
[hydra08:394787] [ 2] /lib/x86_64-linux-gnu/libc.so.6(abort+0x123)[0x7f25051c8537]
[hydra07:419506] [ 2] /lib/x86_64-linux-gnu/libc.so.6(abort+0x123)[0x7febb1876537]
[hydra06:393121] [ 2] /lib/x86_64-linux-gnu/libc.so.6(abort+0x123)[0x7f9074ba6537]
[hydra04:408490] [ 3] /lib/x86_64-linux-gnu/libc.so.6(+0x7a468)[0x7fc1acc52468]
[hydra03:409766] [ 5] /lib/x86_64-linux-gnu/libc.so.6(+0x8483c)[0x7f6f8759d83c]
[hydra05:392436] [ 5] /lib/x86_64-linux-gnu/libc.so.6(+0x8483c)[0x7feaa775483c]
[hydra08:394786] [ 0] /lib/x86_64-linux-gnu/libc.so.6(+0x38de0)[0x7f7bc3d60de0]
[hydra07:419505] [ 5] /lib/x86_64-linux-gnu/libc.so.6(+0x8483c)[0x7f99420c483c]
[hydra06:393120] [ 2] /lib/x86_64-linux-gnu/libc.so.6(abort+0x123)[0x7f909ae02537]
[hydra04:408490] [ 4] /lib/x86_64-linux-gnu/libc.so.6(+0x8175a)[0x7fc1acc5975a]
[hydra03:409766] [ 6] /lib/x86_64-linux-gnu/libc.so.6(__libc_calloc+0x81)[0x7f6f8759fbd1]
[hydra05:392436] [ 6] /lib/x86_64-linux-gnu/libc.so.6(__libc_calloc+0x81)[0x7feaa7756bd1]
[hydra08:394786] [ 1] /lib/x86_64-linux-gnu/libc.so.6(gsignal+0x141)[0x7f7bc3d60d61]
[hydra07:419506] [ 3] /lib/x86_64-linux-gnu/libc.so.6(+0x7a468)[0x7febb18ce468]
[hydra06:393121] [ 3] /lib/x86_64-linux-gnu/libc.so.6(+0x7a468)[0x7f9074bfe468]
[hydra04:408490] [ 5] /lib/x86_64-linux-gnu/libc.so.6(+0x8483c)[0x7fc1acc5c83c]
[hydra03:409766] [ 7] /opt/mpi/openmpi-4.1.4//lib/libmpi.so.40(ompi_group_allocate+0x17)[0x7f6f8946d1e7]
[hydra05:392436] [ 7] /opt/mpi/openmpi-4.1.4//lib/libmpi.so.40(ompi_group_allocate+0x17)[0x7feaa96241e7]
[hydra11:372838] [ 1] /lib/x86_64-linux-gnu/libc.so.6(gsignal+0x141)[0x7f44e6091d61]
[hydra08:394787] [ 3] /lib/x86_64-linux-gnu/libc.so.6(+0x7a468)[0x7f2505220468]
[hydra07:419505] [ 6] /lib/x86_64-linux-gnu/libc.so.6(__libc_calloc+0x81)[0x7f99420c6bd1]
[hydra06:393120] [ 3] /lib/x86_64-linux-gnu/libc.so.6(+0x7a468)[0x7f909ae5a468]
[hydra04:408490] [ 6] /lib/x86_64-linux-gnu/libc.so.6(__libc_calloc+0x81)[0x7fc1acc5ebd1]
[hydra03:409766] [ 8] /opt/mpi/openmpi-4.1.4//lib/libmpi.so.40(ompi_group_incl_plist+0x65)[0x7f6f8946d915]
[hydra05:392436] [ 8] /opt/mpi/openmpi-4.1.4//lib/libmpi.so.40(ompi_group_incl_plist+0x65)[0x7feaa9624915]
[hydra11:372838] [ 2] /lib/x86_64-linux-gnu/libc.so.6(abort+0x123)[0x7f44e607b537]
[hydra08:394786] [ 2] /lib/x86_64-linux-gnu/libc.so.6(abort+0x123)[0x7f7bc3d4a537]
[hydra09:385800] [ 0] /lib/x86_64-linux-gnu/libc.so.6(+0x38de0)[0x7f2bbc173de0]
[hydra07:419506] [ 4] /lib/x86_64-linux-gnu/libc.so.6(+0x8175a)[0x7febb18d575a]
[hydra06:393121] [ 4] /lib/x86_64-linux-gnu/libc.so.6(+0x8175a)[0x7f9074c0575a]
[hydra04:408490] [ 7] /opt/mpi/openmpi-4.1.4//lib/libmpi.so.40(ompi_group_allocate+0x17)[0x7fc1aeb2c1e7]
[hydra05:392436] [ 9] /opt/mpi/openmpi-4.1.4//lib/libmpi.so.40(PMPI_Group_incl+0x95)[0x7feaa9655185]
[hydra05:392436] [10] /home/thesis/jheld/MPI_Syrk_implementation/build/src/MPI_SYRK_implementation(+0x841a)[0x560951ca341a]
[hydra11:372838] [ 3] /lib/x86_64-linux-gnu/libc.so.6(+0x7a468)[0x7f44e60d3468]
[hydra08:394787] [ 4] /lib/x86_64-linux-gnu/libc.so.6(+0x8175a)[0x7f250522775a]
[hydra02:582675] [ 0] /lib/x86_64-linux-gnu/libc.so.6(+0x38de0)[0x7fdb6a3d2de0]
[hydra09:385800] [ 1] /lib/x86_64-linux-gnu/libc.so.6(gsignal+0x141)[0x7f2bbc173d61]
[hydra07:419505] [ 7] /opt/mpi/openmpi-4.1.4//lib/libmpi.so.40(ompi_group_allocate+0x17)[0x7f9943f941e7]
[hydra06:393120] [ 4] /lib/x86_64-linux-gnu/libc.so.6(+0x8175a)[0x7f909ae6175a]
[hydra04:408490] [ 8] /opt/mpi/openmpi-4.1.4//lib/libmpi.so.40(ompi_group_incl_plist+0x65)[0x7fc1aeb2c915]
[hydra03:409766] [ 9] /opt/mpi/openmpi-4.1.4//lib/libmpi.so.40(PMPI_Group_incl+0x95)[0x7f6f8949e185]
[hydra05:392436] [11] /home/thesis/jheld/MPI_Syrk_implementation/build/src/MPI_SYRK_implementation(+0x2ab0)[0x560951c9dab0]
[hydra11:372838] [ 4] /lib/x86_64-linux-gnu/libc.so.6(+0x8175a)[0x7f44e60da75a]
[hydra08:394786] [ 3] /lib/x86_64-linux-gnu/libc.so.6(+0x7a468)[0x7f7bc3da2468]
[hydra02:582675] [ 1] /lib/x86_64-linux-gnu/libc.so.6(gsignal+0x141)[0x7fdb6a3d2d61]
[hydra09:385800] [ 2] /lib/x86_64-linux-gnu/libc.so.6(abort+0x123)[0x7f2bbc15d537]
[hydra07:419505] [ 8] /opt/mpi/openmpi-4.1.4//lib/libmpi.so.40(ompi_group_incl_plist+0x65)[0x7f9943f94915]
[hydra06:393121] [ 5] /lib/x86_64-linux-gnu/libc.so.6(+0x8483c)[0x7f9074c0883c]
[hydra04:408490] [ 9] /opt/mpi/openmpi-4.1.4//lib/libmpi.so.40(PMPI_Group_incl+0x95)[0x7fc1aeb5d185]
[hydra04:408490] [10] /home/thesis/jheld/MPI_Syrk_implementation/build/src/MPI_SYRK_implementation(+0x841a)[0x561c09abf41a]
[hydra03:409766] [10] /home/thesis/jheld/MPI_Syrk_implementation/build/src/MPI_SYRK_implementation(+0x841a)[0x55e9a105c41a]
[hydra03:409766] [11] /home/thesis/jheld/MPI_Syrk_implementation/build/src/MPI_SYRK_implementation(+0x2ab0)[0x55e9a1056ab0]
[hydra05:392436] [12] /lib/x86_64-linux-gnu/libc.so.6(__libc_start_main+0xea)[0x7feaa76f3d7a]
[hydra11:372838] [ 5] /lib/x86_64-linux-gnu/libc.so.6(+0x8483c)[0x7f44e60dd83c]
[hydra08:394787] [ 5] /lib/x86_64-linux-gnu/libc.so.6(+0x8483c)[0x7f250522a83c]
[hydra02:582675] [ 2] /lib/x86_64-linux-gnu/libc.so.6(abort+0x123)[0x7fdb6a3bc537]
[hydra09:385800] [ 3] /lib/x86_64-linux-gnu/libc.so.6(+0x7a468)[0x7f2bbc1b5468]
[hydra07:419506] [ 5] /lib/x86_64-linux-gnu/libc.so.6(+0x8483c)[0x7febb18d883c]
[hydra06:393120] [ 5] /lib/x86_64-linux-gnu/libc.so.6(+0x8483c)[0x7f909ae6483c]
[hydra04:408490] [11] /home/thesis/jheld/MPI_Syrk_implementation/build/src/MPI_SYRK_implementation(+0x2ab0)[0x561c09ab9ab0]
[hydra03:409766] [12] /lib/x86_64-linux-gnu/libc.so.6(__libc_start_main+0xea)[0x7f6f8753cd7a]
[hydra03:409766] [13] /home/thesis/jheld/MPI_Syrk_implementation/build/src/MPI_SYRK_implementation(+0x232a)[0x55e9a105632a]
[hydra05:392436] [13] /home/thesis/jheld/MPI_Syrk_implementation/build/src/MPI_SYRK_implementation(+0x232a)[0x560951c9d32a]
[hydra05:392436] *** End of error message ***
[hydra11:372838] [ 6] /lib/x86_64-linux-gnu/libc.so.6(__libc_calloc+0x81)[0x7f44e60dfbd1]
[hydra08:394786] [ 4] /lib/x86_64-linux-gnu/libc.so.6(+0x8175a)[0x7f7bc3da975a]
[hydra02:582675] [ 3] /lib/x86_64-linux-gnu/libc.so.6(+0x7a468)[0x7fdb6a414468]
[hydra09:385800] [ 4] /lib/x86_64-linux-gnu/libc.so.6(+0x8175a)[0x7f2bbc1bc75a]
[hydra07:419505] [ 9] /opt/mpi/openmpi-4.1.4//lib/libmpi.so.40(PMPI_Group_incl+0x95)[0x7f9943fc5185]
[hydra07:419505] [10] /home/thesis/jheld/MPI_Syrk_implementation/build/src/MPI_SYRK_implementation(+0x841a)[0x55930816241a]
[hydra07:419505] [11] /home/thesis/jheld/MPI_Syrk_implementation/build/src/MPI_SYRK_implementation(+0x2ab0)[0x55930815cab0]
[hydra06:393121] [ 6] /lib/x86_64-linux-gnu/libc.so.6(__libc_calloc+0x81)[0x7f9074c0abd1]
[hydra04:408490] [12] /lib/x86_64-linux-gnu/libc.so.6(__libc_start_main+0xea)[0x7fc1acbfbd7a]
[hydra04:408490] [13] /home/thesis/jheld/MPI_Syrk_implementation/build/src/MPI_SYRK_implementation(+0x232a)[0x561c09ab932a]
[hydra03:409766] *** End of error message ***
[hydra11:372838] [ 7] /opt/mpi/openmpi-4.1.4//lib/libmpi.so.40(ompi_group_allocate+0x17)[0x7f44e7fad1e7]
[hydra08:394787] [ 6] /lib/x86_64-linux-gnu/libc.so.6(__libc_calloc+0x81)[0x7f250522cbd1]
[hydra08:394787] [ 7] /opt/mpi/openmpi-4.1.4//lib/libmpi.so.40(ompi_group_allocate+0x17)[0x7f25070fa1e7]
[hydra02:582675] [ 4] /lib/x86_64-linux-gnu/libc.so.6(+0x8175a)[0x7fdb6a41b75a]
[hydra09:385800] [ 5] /lib/x86_64-linux-gnu/libc.so.6(+0x8483c)[0x7f2bbc1bf83c]
[hydra07:419506] [ 6] /lib/x86_64-linux-gnu/libc.so.6(__libc_calloc+0x81)[0x7febb18dabd1]
[hydra06:393121] [ 7] /opt/mpi/openmpi-4.1.4//lib/libmpi.so.40(ompi_group_allocate+0x17)[0x7f9076ad81e7]
[hydra04:408490] *** End of error message ***
[hydra11:372838] [ 8] /opt/mpi/openmpi-4.1.4//lib/libmpi.so.40(ompi_group_incl_plist+0x65)[0x7f44e7fad915]
[hydra08:394786] [ 5] /lib/x86_64-linux-gnu/libc.so.6(+0x8483c)[0x7f7bc3dac83c]
[hydra08:394786] [ 6] /lib/x86_64-linux-gnu/libc.so.6(__libc_calloc+0x81)[0x7f7bc3daebd1]
[hydra10:505205] [ 0] /lib/x86_64-linux-gnu/libc.so.6(+0x38de0)[0x7f5c62630de0]
[hydra02:582675] [ 5] /lib/x86_64-linux-gnu/libc.so.6(+0x8483c)[0x7fdb6a41e83c]
[hydra09:385800] [ 6] /lib/x86_64-linux-gnu/libc.so.6(__libc_calloc+0x81)[0x7f2bbc1c1bd1]
[hydra07:419506] [ 7] /opt/mpi/openmpi-4.1.4//lib/libmpi.so.40(ompi_group_allocate+0x17)[0x7febb37a81e7]
[hydra06:393120] [ 6] /lib/x86_64-linux-gnu/libc.so.6(__libc_calloc+0x81)[0x7f909ae66bd1]
[hydra11:372838] [ 9] /opt/mpi/openmpi-4.1.4//lib/libmpi.so.40(PMPI_Group_incl+0x95)[0x7f44e7fde185]
[hydra11:372838] [10] /home/thesis/jheld/MPI_Syrk_implementation/build/src/MPI_SYRK_implementation(+0x841a)[0x55b1ac8f741a]
[hydra08:394787] [ 8] /opt/mpi/openmpi-4.1.4//lib/libmpi.so.40(ompi_group_incl_plist+0x65)[0x7f25070fa915]
[hydra10:505205] [ 1] /lib/x86_64-linux-gnu/libc.so.6(gsignal+0x141)[0x7f5c62630d61]
[hydra02:582675] [ 6] /lib/x86_64-linux-gnu/libc.so.6(__libc_calloc+0x81)[0x7fdb6a420bd1]
[hydra09:385800] [ 7] /opt/mpi/openmpi-4.1.4//lib/libmpi.so.40(ompi_group_allocate+0x17)[0x7f2bbe08f1e7]
[hydra07:419505] [12] /lib/x86_64-linux-gnu/libc.so.6(__libc_start_main+0xea)[0x7f9942063d7a]
[hydra07:419505] [13] /home/thesis/jheld/MPI_Syrk_implementation/build/src/MPI_SYRK_implementation(+0x232a)[0x55930815c32a]
[hydra07:419505] *** End of error message ***
[hydra06:393121] [ 8] /opt/mpi/openmpi-4.1.4//lib/libmpi.so.40(ompi_group_incl_plist+0x65)[0x7f9076ad8915]
[hydra11:372838] [11] /home/thesis/jheld/MPI_Syrk_implementation/build/src/MPI_SYRK_implementation(+0x2ab0)[0x55b1ac8f1ab0]
[hydra08:394786] [ 7] /opt/mpi/openmpi-4.1.4//lib/libmpi.so.40(ompi_group_allocate+0x17)[0x7f7bc5c7c1e7]
[hydra10:505205] [ 2] /lib/x86_64-linux-gnu/libc.so.6(abort+0x123)[0x7f5c6261a537]
[hydra02:582675] [ 7] /opt/mpi/openmpi-4.1.4//lib/libmpi.so.40(ompi_group_allocate+0x17)[0x7fdb6c2ee1e7]
[hydra09:385800] [ 8] /opt/mpi/openmpi-4.1.4//lib/libmpi.so.40(ompi_group_incl_plist+0x65)[0x7f2bbe08f915]
[hydra07:419506] [ 8] /opt/mpi/openmpi-4.1.4//lib/libmpi.so.40(ompi_group_incl_plist+0x65)[0x7febb37a8915]
[hydra06:393120] [ 7] /opt/mpi/openmpi-4.1.4//lib/libmpi.so.40(ompi_group_allocate+0x17)[0x7f909cd341e7]
[hydra11:372838] [12] /lib/x86_64-linux-gnu/libc.so.6(__libc_start_main+0xea)[0x7f44e607cd7a]
[hydra11:372838] [13] /home/thesis/jheld/MPI_Syrk_implementation/build/src/MPI_SYRK_implementation(+0x232a)[0x55b1ac8f132a]
[hydra08:394787] [ 9] /opt/mpi/openmpi-4.1.4//lib/libmpi.so.40(PMPI_Group_incl+0x95)[0x7f250712b185]
[hydra08:394787] [10] /home/thesis/jheld/MPI_Syrk_implementation/build/src/MPI_SYRK_implementation(+0x841a)[0x55a02ed4241a]
[hydra08:394787] [11] /home/thesis/jheld/MPI_Syrk_implementation/build/src/MPI_SYRK_implementation(+0x2ab0)[0x55a02ed3cab0]
[hydra10:505205] [ 3] /lib/x86_64-linux-gnu/libc.so.6(+0x7a468)[0x7f5c62672468]
[hydra02:582675] [ 8] /opt/mpi/openmpi-4.1.4//lib/libmpi.so.40(ompi_group_incl_plist+0x65)[0x7fdb6c2ee915]
[hydra09:385800] [ 9] /opt/mpi/openmpi-4.1.4//lib/libmpi.so.40(PMPI_Group_incl+0x95)[0x7f2bbe0c0185]
[hydra07:419506] [ 9] /opt/mpi/openmpi-4.1.4//lib/libmpi.so.40(PMPI_Group_incl+0x95)[0x7febb37d9185]
[hydra06:393121] [ 9] /opt/mpi/openmpi-4.1.4//lib/libmpi.so.40(PMPI_Group_incl+0x95)[0x7f9076b09185]
[hydra06:393121] [10] /home/thesis/jheld/MPI_Syrk_implementation/build/src/MPI_SYRK_implementation(+0x841a)[0x5649ed71e41a]
[hydra11:372838] *** End of error message ***
[hydra08:394786] [ 8] /opt/mpi/openmpi-4.1.4//lib/libmpi.so.40(ompi_group_incl_plist+0x65)[0x7f7bc5c7c915]
[hydra10:505205] [ 4] /lib/x86_64-linux-gnu/libc.so.6(+0x8175a)[0x7f5c6267975a]
[hydra02:582675] [ 9] /opt/mpi/openmpi-4.1.4//lib/libmpi.so.40(PMPI_Group_incl+0x95)[0x7fdb6c31f185]
[hydra02:582675] [10] /home/thesis/jheld/MPI_Syrk_implementation/build/src/MPI_SYRK_implementation(+0x841a)[0x564bcde2c41a]
[hydra09:385800] [10] /home/thesis/jheld/MPI_Syrk_implementation/build/src/MPI_SYRK_implementation(+0x841a)[0x563d824ba41a]
[hydra09:385800] [11] /home/thesis/jheld/MPI_Syrk_implementation/build/src/MPI_SYRK_implementation(+0x2ab0)[0x563d824b4ab0]
[hydra07:419506] [10] /home/thesis/jheld/MPI_Syrk_implementation/build/src/MPI_SYRK_implementation(+0x841a)[0x55a8c486b41a]
[hydra07:419506] [11] /home/thesis/jheld/MPI_Syrk_implementation/build/src/MPI_SYRK_implementation(+0x2ab0)[0x55a8c4865ab0]
[hydra06:393120] [ 8] /opt/mpi/openmpi-4.1.4//lib/libmpi.so.40(ompi_group_incl_plist+0x65)[0x7f909cd34915]
[hydra08:394787] [12] /lib/x86_64-linux-gnu/libc.so.6(__libc_start_main+0xea)[0x7f25051c9d7a]
[hydra08:394787] [13] /home/thesis/jheld/MPI_Syrk_implementation/build/src/MPI_SYRK_implementation(+0x232a)[0x55a02ed3c32a]
[hydra08:394787] *** End of error message ***
[hydra10:505205] [ 5] /lib/x86_64-linux-gnu/libc.so.6(+0x8483c)[0x7f5c6267c83c]
[hydra02:582675] [11] /home/thesis/jheld/MPI_Syrk_implementation/build/src/MPI_SYRK_implementation(+0x2ab0)[0x564bcde26ab0]
[hydra09:385800] [12] /lib/x86_64-linux-gnu/libc.so.6(__libc_start_main+0xea)[0x7f2bbc15ed7a]
[hydra09:385800] [13] /home/thesis/jheld/MPI_Syrk_implementation/build/src/MPI_SYRK_implementation(+0x232a)[0x563d824b432a]
[hydra07:419506] [12] /lib/x86_64-linux-gnu/libc.so.6(__libc_start_main+0xea)[0x7febb1877d7a]
[hydra07:419506] [13] /home/thesis/jheld/MPI_Syrk_implementation/build/src/MPI_SYRK_implementation(+0x232a)[0x55a8c486532a]
[hydra06:393121] [11] /home/thesis/jheld/MPI_Syrk_implementation/build/src/MPI_SYRK_implementation(+0x2ab0)[0x5649ed718ab0]
[hydra08:394786] [ 9] /opt/mpi/openmpi-4.1.4//lib/libmpi.so.40(PMPI_Group_incl+0x95)[0x7f7bc5cad185]
[hydra10:505205] [ 6] /lib/x86_64-linux-gnu/libc.so.6(__libc_calloc+0x81)[0x7f5c6267ebd1]
[hydra02:582675] [12] /lib/x86_64-linux-gnu/libc.so.6(__libc_start_main+0xea)[0x7fdb6a3bdd7a]
[hydra09:385800] *** End of error message ***
[hydra07:419506] *** End of error message ***
[hydra06:393121] [12] /lib/x86_64-linux-gnu/libc.so.6(__libc_start_main+0xea)[0x7f9074ba7d7a]
[hydra08:394786] [10] /home/thesis/jheld/MPI_Syrk_implementation/build/src/MPI_SYRK_implementation(+0x841a)[0x55a19361d41a]
[hydra08:394786] [11] /home/thesis/jheld/MPI_Syrk_implementation/build/src/MPI_SYRK_implementation(+0x2ab0)[0x55a193617ab0]
[hydra10:505205] [ 7] /opt/mpi/openmpi-4.1.4//lib/libmpi.so.40(ompi_group_allocate+0x17)[0x7f5c6454c1e7]
[hydra02:582675] [13] /home/thesis/jheld/MPI_Syrk_implementation/build/src/MPI_SYRK_implementation(+0x232a)[0x564bcde2632a]
[hydra02:582675] *** End of error message ***
[hydra06:393121] [13] /home/thesis/jheld/MPI_Syrk_implementation/build/src/MPI_SYRK_implementation(+0x232a)[0x5649ed71832a]
[hydra06:393121] *** End of error message ***
[hydra08:394786] [12] /lib/x86_64-linux-gnu/libc.so.6(__libc_start_main+0xea)[0x7f7bc3d4bd7a]
[hydra10:505205] [ 8] /opt/mpi/openmpi-4.1.4//lib/libmpi.so.40(ompi_group_incl_plist+0x65)[0x7f5c6454c915]
[hydra06:393120] [ 9] /opt/mpi/openmpi-4.1.4//lib/libmpi.so.40(PMPI_Group_incl+0x95)[0x7f909cd65185]
[hydra06:393120] [10] /home/thesis/jheld/MPI_Syrk_implementation/build/src/MPI_SYRK_implementation(+0x841a)[0x56123eccd41a]
[hydra08:394786] [13] /home/thesis/jheld/MPI_Syrk_implementation/build/src/MPI_SYRK_implementation(+0x232a)[0x55a19361732a]
[hydra08:394786] *** End of error message ***
[hydra10:505205] [ 9] /opt/mpi/openmpi-4.1.4//lib/libmpi.so.40(PMPI_Group_incl+0x95)[0x7f5c6457d185]
[hydra06:393120] [11] /home/thesis/jheld/MPI_Syrk_implementation/build/src/MPI_SYRK_implementation(+0x2ab0)[0x56123ecc7ab0]
[hydra10:505205] [10] /home/thesis/jheld/MPI_Syrk_implementation/build/src/MPI_SYRK_implementation(+0x841a)[0x55d61176f41a]
[hydra10:505205] [11] /home/thesis/jheld/MPI_Syrk_implementation/build/src/MPI_SYRK_implementation(+0x2ab0)[0x55d611769ab0]
[hydra06:393120] [12] /lib/x86_64-linux-gnu/libc.so.6(__libc_start_main+0xea)[0x7f909ae03d7a]
[hydra10:505205] [12] /lib/x86_64-linux-gnu/libc.so.6(__libc_start_main+0xea)[0x7f5c6261bd7a]
[hydra10:505205] [13] /home/thesis/jheld/MPI_Syrk_implementation/build/src/MPI_SYRK_implementation(+0x232a)[0x55d61176932a]
[hydra06:393120] [13] /home/thesis/jheld/MPI_Syrk_implementation/build/src/MPI_SYRK_implementation(+0x232a)[0x56123ecc732a]
[hydra06:393120] *** End of error message ***
[hydra10:505205] *** End of error message ***
srun: error: hydra05: task 12: Aborted
srun: error: hydra04: task 11: Aborted
srun: error: hydra12: task 35: Aborted
srun: error: hydra09: task 25: Aborted
srun: error: hydra10: task 29: Aborted
srun: error: hydra11: task 31: Aborted
srun: error: hydra03: task 6: Aborted
srun: error: hydra02: task 5: Aborted
srun: error: hydra08: tasks 21-22: Aborted
srun: error: hydra06: tasks 16-17: Aborted
srun: error: hydra07: tasks 19-20: Aborted
slurmstepd: error:  mpi/pmix_v4: _errhandler: hydra12 [11]: pmixp_client_v2.c:211: Error handler invoked: status = -61, source = [slurm.pmix.5008700.1:35]
slurmstepd: error:  mpi/pmix_v4: _errhandler: hydra09 [8]: pmixp_client_v2.c:211: Error handler invoked: status = -61, source = [slurm.pmix.5008700.1:25]
slurmstepd: error:  mpi/pmix_v4: _errhandler: hydra02 [1]: pmixp_client_v2.c:211: Error handler invoked: status = -61, source = [slurm.pmix.5008700.1:5]
slurmstepd: error:  mpi/pmix_v4: _errhandler: hydra04 [3]: pmixp_client_v2.c:211: Error handler invoked: status = -61, source = [slurm.pmix.5008700.1:11]
slurmstepd: error:  mpi/pmix_v4: _errhandler: hydra05 [4]: pmixp_client_v2.c:211: Error handler invoked: status = -61, source = [slurm.pmix.5008700.1:12]
slurmstepd: error:  mpi/pmix_v4: _errhandler: hydra06 [5]: pmixp_client_v2.c:211: Error handler invoked: status = -61, source = [slurm.pmix.5008700.1:16]
slurmstepd: error:  mpi/pmix_v4: _errhandler: hydra10 [9]: pmixp_client_v2.c:211: Error handler invoked: status = -61, source = [slurm.pmix.5008700.1:29]
slurmstepd: error:  mpi/pmix_v4: _errhandler: hydra11 [10]: pmixp_client_v2.c:211: Error handler invoked: status = -61, source = [slurm.pmix.5008700.1:31]
slurmstepd: error:  mpi/pmix_v4: _errhandler: hydra08 [7]: pmixp_client_v2.c:211: Error handler invoked: status = -61, source = [slurm.pmix.5008700.1:22]
slurmstepd: error:  mpi/pmix_v4: _errhandler: hydra07 [6]: pmixp_client_v2.c:211: Error handler invoked: status = -61, source = [slurm.pmix.5008700.1:20]
slurmstepd: error:  mpi/pmix_v4: _errhandler: hydra03 [2]: pmixp_client_v2.c:211: Error handler invoked: status = -61, source = [slurm.pmix.5008700.1:6]
slurmstepd: error: *** STEP 5008700.1 ON hydra01 CANCELLED AT 2025-10-13T15:37:48 ***
srun: Job step aborted: Waiting up to 32 seconds for job step to finish.
srun: error: hydra08: task 23: Killed
srun: error: hydra07: task 18: Killed
srun: error: hydra06: task 15: Killed
srun: error: hydra04: tasks 9-10: Killed
srun: error: hydra10: tasks 27-28: Killed
srun: error: hydra03: tasks 7-8: Killed
srun: error: hydra05: tasks 13-14: Killed
srun: error: hydra12: tasks 33-34: Killed
srun: error: hydra11: tasks 30,32: Killed
srun: error: hydra09: tasks 24,26: Killed
srun: error: hydra01: tasks 0-2: Killed
srun: error: hydra02: tasks 3-4: Killed
⚠️ Warning: No runtime found for run 2
srun: Warning: can't honor --ntasks-per-node set to 1 which doesn't match the requested tasks 36 with the number of requested nodes 12. Ignoring --ntasks-per-node.
missing input file name --> Generate random input
malloc(): invalid size (unsorted)
[hydra12:372871] *** Process received signal ***
[hydra12:372871] Signal: Aborted (6)
[hydra12:372871] Signal code:  (-6)
malloc(): invalid size (unsorted)
[hydra05:392506] *** Process received signal ***
[hydra05:392506] Signal: Aborted (6)
[hydra05:392506] Signal code:  (-6)
malloc(): invalid size (unsorted)
[hydra04:408558] *** Process received signal ***
[hydra04:408558] Signal: Aborted (6)
[hydra04:408558] Signal code:  (-6)
malloc(): invalid size (unsorted)
[hydra03:409835] *** Process received signal ***
[hydra03:409835] Signal: Aborted (6)
[hydra03:409835] Signal code:  (-6)
malloc(): invalid size (unsorted)
[hydra07:419572] *** Process received signal ***
[hydra07:419572] Signal: Aborted (6)
[hydra07:419572] Signal code:  (-6)
malloc(): invalid size (unsorted)
[hydra02:582757] *** Process received signal ***
[hydra02:582757] Signal: Aborted (6)
[hydra02:582757] Signal code:  (-6)
malloc(): invalid size (unsorted)
[hydra06:393187] *** Process received signal ***
[hydra06:393187] Signal: Aborted (6)
[hydra06:393187] Signal code:  (-6)
[hydra07:419572] [ 0] /lib/x86_64-linux-gnu/libc.so.6(+0x38de0)[0x7ff21bd31de0]
[hydra07:419572] [ 1] /lib/x86_64-linux-gnu/libc.so.6(gsignal+0x141)[0x7ff21bd31d61]
[hydra06:393187] [ 0] /lib/x86_64-linux-gnu/libc.so.6(+0x38de0)[0x7ff31b7cede0]
[hydra07:419572] [ 2] /lib/x86_64-linux-gnu/libc.so.6(abort+0x123)[0x7ff21bd1b537]
malloc(): invalid size (unsorted)
[hydra11:372906] *** Process received signal ***
[hydra11:372906] Signal: Aborted (6)
[hydra11:372906] Signal code:  (-6)
[hydra06:393187] [ 1] /lib/x86_64-linux-gnu/libc.so.6(gsignal+0x141)[0x7ff31b7ced61]
[hydra07:419572] [ 3] /lib/x86_64-linux-gnu/libc.so.6(+0x7a468)[0x7ff21bd73468]
malloc(): invalid size (unsorted)
[hydra12:372870] *** Process received signal ***
[hydra12:372870] Signal: Aborted (6)
[hydra12:372870] Signal code:  (-6)
[hydra12:372871] [ 0] /lib/x86_64-linux-gnu/libc.so.6(+0x38de0)[0x7f7a0dd06de0]
[hydra06:393187] [ 2] /lib/x86_64-linux-gnu/libc.so.6(abort+0x123)[0x7ff31b7b8537]
[hydra07:419572] [ 4] /lib/x86_64-linux-gnu/libc.so.6(+0x8175a)[0x7ff21bd7a75a]
[hydra12:372871] [ 1] /lib/x86_64-linux-gnu/libc.so.6(gsignal+0x141)[0x7f7a0dd06d61]
[hydra06:393187] [ 3] /lib/x86_64-linux-gnu/libc.so.6(+0x7a468)[0x7ff31b810468]
[hydra07:419572] [ 5] /lib/x86_64-linux-gnu/libc.so.6(+0x8483c)[0x7ff21bd7d83c]
[hydra12:372870] [ 0] /lib/x86_64-linux-gnu/libc.so.6(+0x38de0)[0x7fa2584fcde0]
[hydra06:393187] [ 4] /lib/x86_64-linux-gnu/libc.so.6(+0x8175a)[0x7ff31b81775a]
[hydra07:419572] [ 6] /lib/x86_64-linux-gnu/libc.so.6(__libc_calloc+0x81)[0x7ff21bd7fbd1]
[hydra12:372871] [ 2] /lib/x86_64-linux-gnu/libc.so.6(abort+0x123)[0x7f7a0dcf0537]
[hydra12:372871] [ 3] /lib/x86_64-linux-gnu/libc.so.6(+0x7a468)[0x7f7a0dd48468]
[hydra12:372871] [ 4] /lib/x86_64-linux-gnu/libc.so.6(+0x8175a)[0x7f7a0dd4f75a]
[hydra12:372870] [ 1] /lib/x86_64-linux-gnu/libc.so.6(gsignal+0x141)[0x7fa2584fcd61]
[hydra12:372870] [ 2] /lib/x86_64-linux-gnu/libc.so.6(abort+0x123)[0x7fa2584e6537]
[hydra12:372871] [ 5] /lib/x86_64-linux-gnu/libc.so.6(+0x8483c)[0x7f7a0dd5283c]
[hydra12:372870] [ 3] /lib/x86_64-linux-gnu/libc.so.6(+0x7a468)[0x7fa25853e468]
[hydra05:392506] [ 0] /lib/x86_64-linux-gnu/libc.so.6(+0x38de0)[0x7f968d387de0]
[hydra06:393187] [ 5] /lib/x86_64-linux-gnu/libc.so.6(+0x8483c)[0x7ff31b81a83c]
[hydra07:419572] [ 7] /opt/mpi/openmpi-4.1.4//lib/libmpi.so.40(ompi_group_allocate+0x17)[0x7ff21dc4d1e7]
[hydra12:372871] [ 6] /lib/x86_64-linux-gnu/libc.so.6(__libc_calloc+0x81)[0x7f7a0dd54bd1]
[hydra05:392506] [ 1] /lib/x86_64-linux-gnu/libc.so.6(gsignal+0x141)[0x7f968d387d61]
[hydra07:419572] [ 8] /opt/mpi/openmpi-4.1.4//lib/libmpi.so.40(ompi_group_incl_plist+0x65)[0x7ff21dc4d915]
[hydra12:372870] [ 4] /lib/x86_64-linux-gnu/libc.so.6(+0x8175a)[0x7fa25854575a]
[hydra05:392506] [ 2] /lib/x86_64-linux-gnu/libc.so.6(abort+0x123)[0x7f968d371537]
[hydra06:393187] [ 6] /lib/x86_64-linux-gnu/libc.so.6(__libc_calloc+0x81)[0x7ff31b81cbd1]
[hydra07:419572] [ 9] /opt/mpi/openmpi-4.1.4//lib/libmpi.so.40(PMPI_Group_incl+0x95)[0x7ff21dc7e185]
[hydra07:419572] [10] /home/thesis/jheld/MPI_Syrk_implementation/build/src/MPI_SYRK_implementation(+0x841a)[0x564f92b3b41a]
[hydra12:372871] [ 7] /opt/mpi/openmpi-4.1.4//lib/libmpi.so.40(ompi_group_allocate+0x17)[0x7f7a0fc221e7]
[hydra05:392506] [ 3] /lib/x86_64-linux-gnu/libc.so.6(+0x7a468)[0x7f968d3c9468]
[hydra06:393187] [ 7] /opt/mpi/openmpi-4.1.4//lib/libmpi.so.40(ompi_group_allocate+0x17)[0x7ff31d6ea1e7]
[hydra07:419572] [11] /home/thesis/jheld/MPI_Syrk_implementation/build/src/MPI_SYRK_implementation(+0x2ab0)[0x564f92b35ab0]
[hydra12:372870] [ 5] /lib/x86_64-linux-gnu/libc.so.6(+0x8483c)[0x7fa25854883c]
[hydra05:392506] [ 4] /lib/x86_64-linux-gnu/libc.so.6(+0x8175a)[0x7f968d3d075a]
[hydra06:393187] [ 8] /opt/mpi/openmpi-4.1.4//lib/libmpi.so.40(ompi_group_incl_plist+0x65)[0x7ff31d6ea915]
[hydra07:419572] [12] /lib/x86_64-linux-gnu/libc.so.6(__libc_start_main+0xea)[0x7ff21bd1cd7a]
[hydra07:419572] [13] /home/thesis/jheld/MPI_Syrk_implementation/build/src/MPI_SYRK_implementation(+0x232a)[0x564f92b3532a]
[hydra12:372871] [ 8] /opt/mpi/openmpi-4.1.4//lib/libmpi.so.40(ompi_group_incl_plist+0x65)[0x7f7a0fc22915]
[hydra05:392506] [ 5] /lib/x86_64-linux-gnu/libc.so.6(+0x8483c)[0x7f968d3d383c]
[hydra02:582757] [ 0] /lib/x86_64-linux-gnu/libc.so.6(+0x38de0)[0x7fee2f502de0]
[hydra07:419572] *** End of error message ***
[hydra12:372870] [ 6] /lib/x86_64-linux-gnu/libc.so.6(__libc_calloc+0x81)[0x7fa25854abd1]
[hydra05:392506] [ 6] /lib/x86_64-linux-gnu/libc.so.6(__libc_calloc+0x81)[0x7f968d3d5bd1]
[hydra02:582757] [ 1] /lib/x86_64-linux-gnu/libc.so.6(gsignal+0x141)[0x7fee2f502d61]
[hydra06:393187] [ 9] /opt/mpi/openmpi-4.1.4//lib/libmpi.so.40(PMPI_Group_incl+0x95)[0x7ff31d71b185]
[hydra06:393187] [10] /home/thesis/jheld/MPI_Syrk_implementation/build/src/MPI_SYRK_implementation(+0x841a)[0x5600128d941a]
[hydra12:372871] [ 9] /opt/mpi/openmpi-4.1.4//lib/libmpi.so.40(PMPI_Group_incl+0x95)[0x7f7a0fc53185]
[hydra12:372871] [10] /home/thesis/jheld/MPI_Syrk_implementation/build/src/MPI_SYRK_implementation(+0x841a)[0x55f33d5ef41a]
[hydra05:392506] [ 7] /opt/mpi/openmpi-4.1.4//lib/libmpi.so.40(ompi_group_allocate+0x17)[0x7f968f2a31e7]
[hydra02:582757] [ 2] /lib/x86_64-linux-gnu/libc.so.6(abort+0x123)[0x7fee2f4ec537]
[hydra06:393187] [11] /home/thesis/jheld/MPI_Syrk_implementation/build/src/MPI_SYRK_implementation(+0x2ab0)[0x5600128d3ab0]
[hydra12:372870] [ 7] /opt/mpi/openmpi-4.1.4//lib/libmpi.so.40(ompi_group_allocate+0x17)[0x7fa25a4181e7]
[hydra05:392506] [ 8] /opt/mpi/openmpi-4.1.4//lib/libmpi.so.40(ompi_group_incl_plist+0x65)[0x7f968f2a3915]
[hydra02:582757] [ 3] /lib/x86_64-linux-gnu/libc.so.6(+0x7a468)[0x7fee2f544468]
[hydra03:409835] [ 0] /lib/x86_64-linux-gnu/libc.so.6(+0x38de0)[0x7f6934a5ade0]
[hydra06:393187] [12] /lib/x86_64-linux-gnu/libc.so.6(__libc_start_main+0xea)[0x7ff31b7b9d7a]
[hydra12:372871] [11] /home/thesis/jheld/MPI_Syrk_implementation/build/src/MPI_SYRK_implementation(+0x2ab0)[0x55f33d5e9ab0]
[hydra05:392506] [ 9] /opt/mpi/openmpi-4.1.4//lib/libmpi.so.40(PMPI_Group_incl+0x95)[0x7f968f2d4185]
[hydra05:392506] [10] /home/thesis/jheld/MPI_Syrk_implementation/build/src/MPI_SYRK_implementation(+0x841a)[0x562fed1a341a]
[hydra04:408558] [ 0] /lib/x86_64-linux-gnu/libc.so.6(+0x38de0)[0x7f3cc4a7bde0]
[hydra02:582757] [ 4] /lib/x86_64-linux-gnu/libc.so.6(+0x8175a)[0x7fee2f54b75a]
[hydra03:409835] [ 1] /lib/x86_64-linux-gnu/libc.so.6(gsignal+0x141)[0x7f6934a5ad61]
[hydra06:393187] [13] /home/thesis/jheld/MPI_Syrk_implementation/build/src/MPI_SYRK_implementation(+0x232a)[0x5600128d332a]
[hydra06:393187] *** End of error message ***
[hydra12:372871] [12] /lib/x86_64-linux-gnu/libc.so.6(__libc_start_main+0xea)[0x7f7a0dcf1d7a]
[hydra12:372871] [13] /home/thesis/jheld/MPI_Syrk_implementation/build/src/MPI_SYRK_implementation(+0x232a)[0x55f33d5e932a]
[hydra12:372871] *** End of error message ***
[hydra05:392506] [11] /home/thesis/jheld/MPI_Syrk_implementation/build/src/MPI_SYRK_implementation(+0x2ab0)[0x562fed19dab0]
[hydra04:408558] [ 1] /lib/x86_64-linux-gnu/libc.so.6(gsignal+0x141)[0x7f3cc4a7bd61]
[hydra11:372906] [ 0] /lib/x86_64-linux-gnu/libc.so.6(+0x38de0)[0x7f7fabde8de0]
[hydra02:582757] [ 5] /lib/x86_64-linux-gnu/libc.so.6(+0x8483c)[0x7fee2f54e83c]
[hydra03:409835] [ 2] /lib/x86_64-linux-gnu/libc.so.6(abort+0x123)[0x7f6934a44537]
[hydra12:372870] [ 8] /opt/mpi/openmpi-4.1.4//lib/libmpi.so.40(ompi_group_incl_plist+0x65)[0x7fa25a418915]
[hydra05:392506] [12] /lib/x86_64-linux-gnu/libc.so.6(__libc_start_main+0xea)[0x7f968d372d7a]
[hydra05:392506] [13] /home/thesis/jheld/MPI_Syrk_implementation/build/src/MPI_SYRK_implementation(+0x232a)[0x562fed19d32a]
[hydra04:408558] [ 2] /lib/x86_64-linux-gnu/libc.so.6(abort+0x123)[0x7f3cc4a65537]
[hydra11:372906] [ 1] /lib/x86_64-linux-gnu/libc.so.6(gsignal+0x141)[0x7f7fabde8d61]
[hydra02:582757] [ 6] /lib/x86_64-linux-gnu/libc.so.6(__libc_calloc+0x81)[0x7fee2f550bd1]
[hydra03:409835] [ 3] /lib/x86_64-linux-gnu/libc.so.6(+0x7a468)[0x7f6934a9c468]
[hydra12:372870] [ 9] /opt/mpi/openmpi-4.1.4//lib/libmpi.so.40(PMPI_Group_incl+0x95)[0x7fa25a449185]
[hydra12:372870] [10] /home/thesis/jheld/MPI_Syrk_implementation/build/src/MPI_SYRK_implementation(+0x841a)[0x563a9e18441a]
[hydra05:392506] *** End of error message ***
[hydra04:408558] [ 3] /lib/x86_64-linux-gnu/libc.so.6(+0x7a468)[0x7f3cc4abd468]
[hydra11:372906] [ 2] /lib/x86_64-linux-gnu/libc.so.6(abort+0x123)[0x7f7fabdd2537]
[hydra02:582757] [ 7] /opt/mpi/openmpi-4.1.4//lib/libmpi.so.40(ompi_group_allocate+0x17)[0x7fee3141e1e7]
[hydra03:409835] [ 4] /lib/x86_64-linux-gnu/libc.so.6(+0x8175a)[0x7f6934aa375a]
[hydra12:372870] [11] /home/thesis/jheld/MPI_Syrk_implementation/build/src/MPI_SYRK_implementation(+0x2ab0)[0x563a9e17eab0]
[hydra04:408558] [ 4] /lib/x86_64-linux-gnu/libc.so.6(+0x8175a)[0x7f3cc4ac475a]
[hydra11:372906] [ 3] /lib/x86_64-linux-gnu/libc.so.6(+0x7a468)[0x7f7fabe2a468]
[hydra02:582757] [ 8] /opt/mpi/openmpi-4.1.4//lib/libmpi.so.40(ompi_group_incl_plist+0x65)[0x7fee3141e915]
[hydra03:409835] [ 5] /lib/x86_64-linux-gnu/libc.so.6(+0x8483c)[0x7f6934aa683c]
[hydra12:372870] [12] /lib/x86_64-linux-gnu/libc.so.6(__libc_start_main+0xea)[0x7fa2584e7d7a]
[hydra04:408558] [ 5] /lib/x86_64-linux-gnu/libc.so.6(+0x8483c)[0x7f3cc4ac783c]
[hydra11:372906] [ 4] /lib/x86_64-linux-gnu/libc.so.6(+0x8175a)[0x7f7fabe3175a]
[hydra02:582757] [ 9] /opt/mpi/openmpi-4.1.4//lib/libmpi.so.40(PMPI_Group_incl+0x95)[0x7fee3144f185]
[hydra03:409835] [ 6] /lib/x86_64-linux-gnu/libc.so.6(__libc_calloc+0x81)[0x7f6934aa8bd1]
[hydra12:372870] [13] /home/thesis/jheld/MPI_Syrk_implementation/build/src/MPI_SYRK_implementation(+0x232a)[0x563a9e17e32a]
[hydra12:372870] *** End of error message ***
[hydra04:408558] [ 6] /lib/x86_64-linux-gnu/libc.so.6(__libc_calloc+0x81)[0x7f3cc4ac9bd1]
[hydra11:372906] [ 5] /lib/x86_64-linux-gnu/libc.so.6(+0x8483c)[0x7f7fabe3483c]
[hydra02:582757] [10] /home/thesis/jheld/MPI_Syrk_implementation/build/src/MPI_SYRK_implementation(+0x841a)[0x55bd5bcea41a]
[hydra02:582757] [11] /home/thesis/jheld/MPI_Syrk_implementation/build/src/MPI_SYRK_implementation(+0x2ab0)[0x55bd5bce4ab0]
[hydra03:409835] [ 7] /opt/mpi/openmpi-4.1.4//lib/libmpi.so.40(ompi_group_allocate+0x17)[0x7f69369761e7]
[hydra04:408558] [ 7] /opt/mpi/openmpi-4.1.4//lib/libmpi.so.40(ompi_group_allocate+0x17)[0x7f3cc69971e7]
[hydra11:372906] [ 6] /lib/x86_64-linux-gnu/libc.so.6(__libc_calloc+0x81)[0x7f7fabe36bd1]
[hydra02:582757] [12] /lib/x86_64-linux-gnu/libc.so.6(__libc_start_main+0xea)[0x7fee2f4edd7a]
[hydra03:409835] [ 8] /opt/mpi/openmpi-4.1.4//lib/libmpi.so.40(ompi_group_incl_plist+0x65)[0x7f6936976915]
[hydra04:408558] [ 8] /opt/mpi/openmpi-4.1.4//lib/libmpi.so.40(ompi_group_incl_plist+0x65)[0x7f3cc6997915]
[hydra11:372906] [ 7] /opt/mpi/openmpi-4.1.4//lib/libmpi.so.40(ompi_group_allocate+0x17)[0x7f7fadd041e7]
[hydra02:582757] [13] /home/thesis/jheld/MPI_Syrk_implementation/build/src/MPI_SYRK_implementation(+0x232a)[0x55bd5bce432a]
[hydra02:582757] *** End of error message ***
[hydra03:409835] [ 9] /opt/mpi/openmpi-4.1.4//lib/libmpi.so.40(PMPI_Group_incl+0x95)[0x7f69369a7185]
[hydra04:408558] [ 9] /opt/mpi/openmpi-4.1.4//lib/libmpi.so.40(PMPI_Group_incl+0x95)[0x7f3cc69c8185]
[hydra11:372906] [ 8] /opt/mpi/openmpi-4.1.4//lib/libmpi.so.40(ompi_group_incl_plist+0x65)[0x7f7fadd04915]
[hydra03:409835] [10] /home/thesis/jheld/MPI_Syrk_implementation/build/src/MPI_SYRK_implementation(+0x841a)[0x55f4b2d6f41a]
[hydra03:409835] [11] /home/thesis/jheld/MPI_Syrk_implementation/build/src/MPI_SYRK_implementation(+0x2ab0)[0x55f4b2d69ab0]
[hydra04:408558] [10] /home/thesis/jheld/MPI_Syrk_implementation/build/src/MPI_SYRK_implementation(+0x841a)[0x55f2356be41a]
[hydra04:408558] [11] /home/thesis/jheld/MPI_Syrk_implementation/build/src/MPI_SYRK_implementation(+0x2ab0)[0x55f2356b8ab0]
[hydra11:372906] [ 9] /opt/mpi/openmpi-4.1.4//lib/libmpi.so.40(PMPI_Group_incl+0x95)[0x7f7fadd35185]
[hydra03:409835] [12] /lib/x86_64-linux-gnu/libc.so.6(__libc_start_main+0xea)[0x7f6934a45d7a]
[hydra03:409835] [13] /home/thesis/jheld/MPI_Syrk_implementation/build/src/MPI_SYRK_implementation(+0x232a)[0x55f4b2d6932a]
[hydra04:408558] [12] /lib/x86_64-linux-gnu/libc.so.6(__libc_start_main+0xea)[0x7f3cc4a66d7a]
[hydra11:372906] [10] /home/thesis/jheld/MPI_Syrk_implementation/build/src/MPI_SYRK_implementation(+0x841a)[0x55c1a4b6641a]
[hydra11:372906] [11] /home/thesis/jheld/MPI_Syrk_implementation/build/src/MPI_SYRK_implementation(+0x2ab0)[0x55c1a4b60ab0]
[hydra03:409835] *** End of error message ***
[hydra04:408558] [13] /home/thesis/jheld/MPI_Syrk_implementation/build/src/MPI_SYRK_implementation(+0x232a)[0x55f2356b832a]
[hydra04:408558] *** End of error message ***
[hydra11:372906] [12] /lib/x86_64-linux-gnu/libc.so.6(__libc_start_main+0xea)[0x7f7fabdd3d7a]
[hydra11:372906] [13] /home/thesis/jheld/MPI_Syrk_implementation/build/src/MPI_SYRK_implementation(+0x232a)[0x55c1a4b6032a]
[hydra11:372906] *** End of error message ***
srun: error: hydra02: task 5: Aborted
srun: error: hydra05: task 13: Aborted
srun: error: hydra04: task 11: Aborted
srun: error: hydra06: task 15: Aborted
srun: error: hydra07: task 18: Aborted
srun: error: hydra11: task 31: Aborted
srun: error: hydra03: task 7: Aborted
srun: error: hydra12: tasks 33-34: Aborted
slurmstepd: error:  mpi/pmix_v4: _errhandler: hydra04 [3]: pmixp_client_v2.c:211: Error handler invoked: status = -61, source = [slurm.pmix.5008700.2:11]
slurmstepd: error:  mpi/pmix_v4: _errhandler: hydra05 [4]: pmixp_client_v2.c:211: Error handler invoked: status = -61, source = [slurm.pmix.5008700.2:13]
slurmstepd: error:  mpi/pmix_v4: _errhandler: hydra06 [5]: pmixp_client_v2.c:211: Error handler invoked: status = -61, source = [slurm.pmix.5008700.2:15]
slurmstepd: error:  mpi/pmix_v4: _errhandler: hydra11 [10]: pmixp_client_v2.c:211: Error handler invoked: status = -61, source = [slurm.pmix.5008700.2:31]
slurmstepd: error:  mpi/pmix_v4: _errhandler: hydra02 [1]: pmixp_client_v2.c:211: Error handler invoked: status = -61, source = [slurm.pmix.5008700.2:5]
slurmstepd: error:  mpi/pmix_v4: _errhandler: hydra12 [11]: pmixp_client_v2.c:211: Error handler invoked: status = -61, source = [slurm.pmix.5008700.2:34]
slurmstepd: error:  mpi/pmix_v4: _errhandler: hydra07 [6]: pmixp_client_v2.c:211: Error handler invoked: status = -61, source = [slurm.pmix.5008700.2:18]
slurmstepd: error:  mpi/pmix_v4: _errhandler: hydra03 [2]: pmixp_client_v2.c:211: Error handler invoked: status = -61, source = [slurm.pmix.5008700.2:7]
slurmstepd: error: *** STEP 5008700.2 ON hydra01 CANCELLED AT 2025-10-13T15:37:50 ***
srun: Job step aborted: Waiting up to 32 seconds for job step to finish.
srun: error: hydra12: task 35: Killed
srun: error: hydra11: tasks 30,32: Killed
srun: error: hydra03: tasks 6,8: Killed
srun: error: hydra05: tasks 12,14: Killed
srun: error: hydra06: tasks 16-17: Killed
srun: error: hydra04: tasks 9-10: Killed
srun: error: hydra07: tasks 19-20: Killed
srun: error: hydra02: tasks 3-4: Killed
srun: error: hydra09: tasks 24-26: Killed
srun: error: hydra01: tasks 0-2: Killed
srun: error: hydra10: tasks 27-29: Killed
srun: error: hydra08: tasks 21-23: Killed
⚠️ Warning: No runtime found for run 3
srun: Warning: can't honor --ntasks-per-node set to 1 which doesn't match the requested tasks 36 with the number of requested nodes 12. Ignoring --ntasks-per-node.
missing input file name --> Generate random input
malloc(): invalid size (unsorted)
malloc(): invalid size (unsorted)
[hydra11:372966] *** Process received signal ***
[hydra11:372966] Signal: Aborted (6)
[hydra11:372966] Signal code:  (-6)
malloc(): invalid size (unsorted)
[hydra01:901345] *** Process received signal ***
[hydra01:901345] Signal: Aborted (6)
[hydra01:901345] Signal code:  (-6)
malloc(): invalid size (unsorted)
[hydra12:372930] *** Process received signal ***
[hydra12:372930] Signal: Aborted (6)
[hydra12:372930] Signal code:  (-6)
[hydra01:901345] [ 0] /lib/x86_64-linux-gnu/libc.so.6(+0x38de0)[0x7f048d3d4de0]
[hydra12:372929] *** Process received signal ***
[hydra12:372929] Signal: Aborted (6)
[hydra12:372929] Signal code:  (-6)
[hydra01:901345] [ 1] /lib/x86_64-linux-gnu/libc.so.6(gsignal+0x141)[0x7f048d3d4d61]
[hydra12:372930] [ 0] /lib/x86_64-linux-gnu/libc.so.6(+0x38de0)[0x7f8dde8c6de0]
malloc(): invalid size (unsorted)
[hydra05:392565] *** Process received signal ***
[hydra05:392565] Signal: Aborted (6)
[hydra05:392565] Signal code:  (-6)
[hydra01:901345] [ 2] /lib/x86_64-linux-gnu/libc.so.6(abort+0x123)[0x7f048d3be537]
[hydra12:372929] [ 0] /lib/x86_64-linux-gnu/libc.so.6(+0x38de0)[0x7f8849474de0]
malloc(): invalid size (unsorted)
[hydra02:582830] *** Process received signal ***
[hydra02:582830] Signal: Aborted (6)
[hydra02:582830] Signal code:  (-6)
[hydra12:372930] [ 1] /lib/x86_64-linux-gnu/libc.so.6(gsignal+0x141)[0x7f8dde8c6d61]
malloc(): invalid size (unsorted)
[hydra03:409893] *** Process received signal ***
[hydra03:409893] Signal: Aborted (6)
[hydra03:409893] Signal code:  (-6)
malloc(): invalid size (unsorted)
[hydra07:419632] *** Process received signal ***
[hydra07:419632] Signal: Aborted (6)
[hydra07:419632] Signal code:  (-6)
[hydra01:901345] [ 3] /lib/x86_64-linux-gnu/libc.so.6(+0x7a468)[0x7f048d416468]
[hydra12:372929] [ 1] /lib/x86_64-linux-gnu/libc.so.6(gsignal+0x141)[0x7f8849474d61]
malloc(): invalid size (unsorted)
[hydra04:408616] *** Process received signal ***
[hydra04:408616] Signal: Aborted (6)
[hydra04:408616] Signal code:  (-6)
malloc(): invalid size (unsorted)
[hydra06:393248] *** Process received signal ***
[hydra06:393248] Signal: Aborted (6)
[hydra06:393248] Signal code:  (-6)
malloc(): invalid size (unsorted)
[hydra09:385927] *** Process received signal ***
[hydra09:385927] Signal: Aborted (6)
[hydra09:385927] Signal code:  (-6)
[hydra12:372929] [ 2] /lib/x86_64-linux-gnu/libc.so.6(abort+0x123)[0x7f884945e537]
[hydra01:901345] [ 4] /lib/x86_64-linux-gnu/libc.so.6(+0x8175a)[0x7f048d41d75a]
[hydra12:372930] [ 2] /lib/x86_64-linux-gnu/libc.so.6(abort+0x123)[0x7f8dde8b0537]
[hydra12:372930] [ 3] /lib/x86_64-linux-gnu/libc.so.6(+0x7a468)[0x7f8dde908468]
[hydra01:901345] [ 5] /lib/x86_64-linux-gnu/libc.so.6(+0x8483c)[0x7f048d42083c]
[hydra12:372929] [ 3] /lib/x86_64-linux-gnu/libc.so.6(+0x7a468)[0x7f88494b6468]
[hydra12:372929] [ 4] /lib/x86_64-linux-gnu/libc.so.6(+0x8175a)[0x7f88494bd75a]
[hydra01:901345] [ 6] /lib/x86_64-linux-gnu/libc.so.6(__libc_calloc+0x81)[0x7f048d422bd1]
[hydra12:372930] [ 4] /lib/x86_64-linux-gnu/libc.so.6(+0x8175a)[0x7f8dde90f75a]
[hydra12:372930] [ 5] /lib/x86_64-linux-gnu/libc.so.6(+0x8483c)[0x7f8dde91283c]
[hydra01:901345] [ 7] /opt/mpi/openmpi-4.1.4//lib/libmpi.so.40(ompi_group_allocate+0x17)[0x7f048f2f01e7]
[hydra12:372929] [ 5] /lib/x86_64-linux-gnu/libc.so.6(+0x8483c)[0x7f88494c083c]
[hydra12:372930] [ 6] /lib/x86_64-linux-gnu/libc.so.6(__libc_calloc+0x81)[0x7f8dde914bd1]
[hydra01:901345] [ 8] /opt/mpi/openmpi-4.1.4//lib/libmpi.so.40(ompi_group_incl_plist+0x65)[0x7f048f2f0915]
malloc(): invalid size (unsorted)
[hydra08:394915] *** Process received signal ***
[hydra08:394915] Signal: Aborted (6)
[hydra08:394915] Signal code:  (-6)
[hydra12:372929] [ 6] /lib/x86_64-linux-gnu/libc.so.6(__libc_calloc+0x81)[0x7f88494c2bd1]
[hydra01:901345] [ 9] /opt/mpi/openmpi-4.1.4//lib/libmpi.so.40(PMPI_Group_incl+0x95)[0x7f048f321185]
[hydra01:901345] [10] /home/thesis/jheld/MPI_Syrk_implementation/build/src/MPI_SYRK_implementation(+0x841a)[0x557f04ff041a]
[hydra12:372930] [ 7] /opt/mpi/openmpi-4.1.4//lib/libmpi.so.40(ompi_group_allocate+0x17)[0x7f8de07e21e7]
[hydra01:901345] [11] /home/thesis/jheld/MPI_Syrk_implementation/build/src/MPI_SYRK_implementation(+0x2ab0)[0x557f04feaab0]
malloc(): invalid size (unsorted)
[hydra10:505338] *** Process received signal ***
[hydra10:505338] Signal: Aborted (6)
[hydra10:505338] Signal code:  (-6)
[hydra12:372929] [ 7] /opt/mpi/openmpi-4.1.4//lib/libmpi.so.40(ompi_group_allocate+0x17)[0x7f884b3901e7]
[hydra01:901345] [12] /lib/x86_64-linux-gnu/libc.so.6(__libc_start_main+0xea)[0x7f048d3bfd7a]
[hydra01:901345] [13] /home/thesis/jheld/MPI_Syrk_implementation/build/src/MPI_SYRK_implementation(+0x232a)[0x557f04fea32a]
[hydra01:901345] *** End of error message ***
[hydra09:385927] [ 0] /lib/x86_64-linux-gnu/libc.so.6(+0x38de0)[0x7f5187651de0]
[hydra09:385927] [ 1] /lib/x86_64-linux-gnu/libc.so.6(gsignal+0x141)[0x7f5187651d61]
[hydra09:385927] [ 2] /lib/x86_64-linux-gnu/libc.so.6(abort+0x123)[0x7f518763b537]
[hydra12:372930] [ 8] /opt/mpi/openmpi-4.1.4//lib/libmpi.so.40(ompi_group_incl_plist+0x65)[0x7f8de07e2915]
[hydra12:372929] [ 8] /opt/mpi/openmpi-4.1.4//lib/libmpi.so.40(ompi_group_incl_plist+0x65)[0x7f884b390915]
[hydra11:372966] [ 0] /lib/x86_64-linux-gnu/libc.so.6(+0x38de0)[0x7fccf0690de0]
malloc(): invalid size (unsorted)
[hydra09:385928] *** Process received signal ***
[hydra09:385928] Signal: Aborted (6)
[hydra09:385928] Signal code:  (-6)
[hydra12:372930] [ 9] /opt/mpi/openmpi-4.1.4//lib/libmpi.so.40(PMPI_Group_incl+0x95)[0x7f8de0813185]
[hydra11:372966] [ 1] /lib/x86_64-linux-gnu/libc.so.6(gsignal+0x141)[0x7fccf0690d61]
[hydra09:385927] [ 3] /lib/x86_64-linux-gnu/libc.so.6(+0x7a468)[0x7f5187693468]
[hydra12:372930] [10] /home/thesis/jheld/MPI_Syrk_implementation/build/src/MPI_SYRK_implementation(+0x841a)[0x558028b3141a]
[hydra12:372930] [11] /home/thesis/jheld/MPI_Syrk_implementation/build/src/MPI_SYRK_implementation(+0x2ab0)[0x558028b2bab0]
[hydra11:372966] [ 2] /lib/x86_64-linux-gnu/libc.so.6(abort+0x123)[0x7fccf067a537]
[hydra12:372929] [ 9] /opt/mpi/openmpi-4.1.4//lib/libmpi.so.40(PMPI_Group_incl+0x95)[0x7f884b3c1185]
[hydra12:372929] [10] /home/thesis/jheld/MPI_Syrk_implementation/build/src/MPI_SYRK_implementation(+0x841a)[0x5557880ba41a]
[hydra12:372929] [11] /home/thesis/jheld/MPI_Syrk_implementation/build/src/MPI_SYRK_implementation(+0x2ab0)[0x5557880b4ab0]
[hydra11:372966] [ 3] /lib/x86_64-linux-gnu/libc.so.6(+0x7a468)[0x7fccf06d2468]
[hydra09:385927] [ 4] /lib/x86_64-linux-gnu/libc.so.6(+0x8175a)[0x7f518769a75a]
[hydra12:372930] [12] /lib/x86_64-linux-gnu/libc.so.6(__libc_start_main+0xea)[0x7f8dde8b1d7a]
[hydra12:372930] [13] /home/thesis/jheld/MPI_Syrk_implementation/build/src/MPI_SYRK_implementation(+0x232a)[0x558028b2b32a]
[hydra12:372930] *** End of error message ***
[hydra11:372966] [ 4] /lib/x86_64-linux-gnu/libc.so.6(+0x8175a)[0x7fccf06d975a]
[hydra09:385927] [ 5] /lib/x86_64-linux-gnu/libc.so.6(+0x8483c)[0x7f518769d83c]
[hydra12:372929] [12] /lib/x86_64-linux-gnu/libc.so.6(__libc_start_main+0xea)[0x7f884945fd7a]
[hydra12:372929] [13] /home/thesis/jheld/MPI_Syrk_implementation/build/src/MPI_SYRK_implementation(+0x232a)[0x5557880b432a]
[hydra12:372929] *** End of error message ***
malloc(): invalid size (unsorted)
[hydra04:408615] *** Process received signal ***
[hydra04:408615] Signal: Aborted (6)
[hydra04:408615] Signal code:  (-6)
malloc(): invalid size (unsorted)
[hydra05:392565] [ 0] /lib/x86_64-linux-gnu/libc.so.6(+0x38de0)[0x7fddba244de0]
[hydra09:385928] [ 0] /lib/x86_64-linux-gnu/libc.so.6(+0x38de0)[0x7f55a44b0de0]
[hydra03:409893] [ 0] /lib/x86_64-linux-gnu/libc.so.6(+0x38de0)[0x7f45e71f3de0]
[hydra04:408615] [ 0] /lib/x86_64-linux-gnu/libc.so.6(+0x38de0)[0x7f440bbe2de0]
[hydra11:372966] [ 5] /lib/x86_64-linux-gnu/libc.so.6(+0x8483c)[0x7fccf06dc83c]
[hydra05:392565] [ 1] /lib/x86_64-linux-gnu/libc.so.6(gsignal+0x141)[0x7fddba244d61]
[hydra09:385927] [ 6] /lib/x86_64-linux-gnu/libc.so.6(__libc_calloc+0x81)[0x7f518769fbd1]
[hydra03:409893] [ 1] /lib/x86_64-linux-gnu/libc.so.6(gsignal+0x141)[0x7f45e71f3d61]
[hydra04:408616] [ 0] /lib/x86_64-linux-gnu/libc.so.6(+0x38de0)[0x7f699f087de0]
[hydra04:408616] [ 1] /lib/x86_64-linux-gnu/libc.so.6(gsignal+0x141)[0x7f699f087d61]
[hydra04:408616] [ 2] /lib/x86_64-linux-gnu/libc.so.6(abort+0x123)[0x7f699f071537]
[hydra11:372965] *** Process received signal ***
[hydra05:392565] [ 2] /lib/x86_64-linux-gnu/libc.so.6(abort+0x123)[0x7fddba22e537]
[hydra09:385928] [ 1] /lib/x86_64-linux-gnu/libc.so.6(gsignal+0x141)[0x7f55a44b0d61]
[hydra03:409893] [ 2] /lib/x86_64-linux-gnu/libc.so.6(abort+0x123)[0x7f45e71dd537]
[hydra04:408615] [ 1] /lib/x86_64-linux-gnu/libc.so.6(gsignal+0x141)[0x7f440bbe2d61]
[hydra04:408615] [ 2] /lib/x86_64-linux-gnu/libc.so.6(abort+0x123)[0x7f440bbcc537]
[hydra11:372965] Signal: Aborted (6)
[hydra11:372965] Signal code:  (-6)
[hydra02:582830] [ 0] /lib/x86_64-linux-gnu/libc.so.6(+0x38de0)[0x7f15ccbb5de0]
[hydra05:392565] [ 3] /lib/x86_64-linux-gnu/libc.so.6(+0x7a468)[0x7fddba286468]
[hydra06:393248] [ 0] /lib/x86_64-linux-gnu/libc.so.6(+0x38de0)[0x7f8e12ae1de0]
[hydra07:419632] [ 0] /lib/x86_64-linux-gnu/libc.so.6(+0x38de0)[0x7fa2202d5de0]
[hydra09:385927] [ 7] /opt/mpi/openmpi-4.1.4//lib/libmpi.so.40(ompi_group_allocate+0x17)[0x7f518956d1e7]
[hydra03:409893] [ 3] /lib/x86_64-linux-gnu/libc.so.6(+0x7a468)[0x7f45e7235468]
[hydra04:408616] [ 3] /lib/x86_64-linux-gnu/libc.so.6(+0x7a468)[0x7f699f0c9468]
[hydra11:372966] [ 6] /lib/x86_64-linux-gnu/libc.so.6(__libc_calloc+0x81)[0x7fccf06debd1]
[hydra02:582830] [ 1] /lib/x86_64-linux-gnu/libc.so.6(gsignal+0x141)[0x7f15ccbb5d61]
[hydra05:392565] [ 4] /lib/x86_64-linux-gnu/libc.so.6(+0x8175a)[0x7fddba28d75a]
[hydra06:393248] [ 1] /lib/x86_64-linux-gnu/libc.so.6(gsignal+0x141)[0x7f8e12ae1d61]
[hydra07:419632] [ 1] /lib/x86_64-linux-gnu/libc.so.6(gsignal+0x141)[0x7fa2202d5d61]
[hydra09:385928] [ 2] /lib/x86_64-linux-gnu/libc.so.6(abort+0x123)[0x7f55a449a537]
[hydra03:409893] [ 4] /lib/x86_64-linux-gnu/libc.so.6(+0x8175a)[0x7f45e723c75a]
[hydra04:408615] [ 3] /lib/x86_64-linux-gnu/libc.so.6(+0x7a468)[0x7f440bc24468]
[hydra11:372966] [ 7] /opt/mpi/openmpi-4.1.4//lib/libmpi.so.40(ompi_group_allocate+0x17)[0x7fccf25ac1e7]
[hydra02:582830] [ 2] /lib/x86_64-linux-gnu/libc.so.6(abort+0x123)[0x7f15ccb9f537]
[hydra05:392565] [ 5] /lib/x86_64-linux-gnu/libc.so.6(+0x8483c)[0x7fddba29083c]
[hydra06:393248] [ 2] /lib/x86_64-linux-gnu/libc.so.6(abort+0x123)[0x7f8e12acb537]
[hydra07:419632] [ 2] /lib/x86_64-linux-gnu/libc.so.6(abort+0x123)[0x7fa2202bf537]
[hydra09:385927] [ 8] /opt/mpi/openmpi-4.1.4//lib/libmpi.so.40(ompi_group_incl_plist+0x65)[0x7f518956d915]
[hydra03:409893] [ 5] /lib/x86_64-linux-gnu/libc.so.6(+0x8483c)[0x7f45e723f83c]
[hydra04:408616] [ 4] /lib/x86_64-linux-gnu/libc.so.6(+0x8175a)[0x7f699f0d075a]
[hydra11:372966] [ 8] /opt/mpi/openmpi-4.1.4//lib/libmpi.so.40(ompi_group_incl_plist+0x65)[0x7fccf25ac915]
[hydra02:582830] [ 3] /lib/x86_64-linux-gnu/libc.so.6(+0x7a468)[0x7f15ccbf7468]
[hydra05:392565] [ 6] /lib/x86_64-linux-gnu/libc.so.6(__libc_calloc+0x81)[0x7fddba292bd1]
[hydra06:393248] [ 3] /lib/x86_64-linux-gnu/libc.so.6(+0x7a468)[0x7f8e12b23468]
malloc(): invalid size (unsorted)
[hydra08:394915] [ 0] /lib/x86_64-linux-gnu/libc.so.6(+0x38de0)[0x7f8350a9ade0]
[hydra09:385928] [ 3] /lib/x86_64-linux-gnu/libc.so.6(+0x7a468)[0x7f55a44f2468]
[hydra03:409893] [ 6] /lib/x86_64-linux-gnu/libc.so.6(__libc_calloc+0x81)[0x7f45e7241bd1]
[hydra04:408615] [ 4] /lib/x86_64-linux-gnu/libc.so.6(+0x8175a)[0x7f440bc2b75a]
[hydra11:372966] [ 9] /opt/mpi/openmpi-4.1.4//lib/libmpi.so.40(PMPI_Group_incl+0x95)[0x7fccf25dd185]
[hydra02:582830] [ 4] /lib/x86_64-linux-gnu/libc.so.6(+0x8175a)[0x7f15ccbfe75a]
[hydra05:392565] [ 7] /opt/mpi/openmpi-4.1.4//lib/libmpi.so.40(ompi_group_allocate+0x17)[0x7fddbc1601e7]
[hydra06:393248] [ 4] /lib/x86_64-linux-gnu/libc.so.6(+0x8175a)[0x7f8e12b2a75a]
[hydra07:419632] [ 3] /lib/x86_64-linux-gnu/libc.so.6(+0x7a468)[0x7fa220317468]
[hydra08:394915] [ 1] /lib/x86_64-linux-gnu/libc.so.6(gsignal+0x141)[0x7f8350a9ad61]
[hydra09:385927] [ 9] /opt/mpi/openmpi-4.1.4//lib/libmpi.so.40(PMPI_Group_incl+0x95)[0x7f518959e185]
[hydra03:409893] [ 7] /opt/mpi/openmpi-4.1.4//lib/libmpi.so.40(ompi_group_allocate+0x17)[0x7f45e910f1e7]
[hydra04:408616] [ 5] /lib/x86_64-linux-gnu/libc.so.6(+0x8483c)[0x7f699f0d383c]
[hydra11:372965] [ 0] /lib/x86_64-linux-gnu/libc.so.6(+0x38de0)[0x7f602c5d3de0]
[hydra02:582830] [ 5] /lib/x86_64-linux-gnu/libc.so.6(+0x8483c)[0x7f15ccc0183c]
[hydra05:392565] [ 8] /opt/mpi/openmpi-4.1.4//lib/libmpi.so.40(ompi_group_incl_plist+0x65)[0x7fddbc160915]
[hydra06:393248] [ 5] /lib/x86_64-linux-gnu/libc.so.6(+0x8483c)[0x7f8e12b2d83c]
[hydra07:419633] *** Process received signal ***
[hydra07:419633] Signal: Aborted (6)
[hydra07:419633] Signal code:  (-6)
[hydra08:394915] [ 2] /lib/x86_64-linux-gnu/libc.so.6(abort+0x123)[0x7f8350a84537]
[hydra09:385927] [10] /home/thesis/jheld/MPI_Syrk_implementation/build/src/MPI_SYRK_implementation(+0x841a)[0x56336b5f041a]
[hydra09:385927] [11] /home/thesis/jheld/MPI_Syrk_implementation/build/src/MPI_SYRK_implementation(+0x2ab0)[0x56336b5eaab0]
[hydra03:409893] [ 8] /opt/mpi/openmpi-4.1.4//lib/libmpi.so.40(ompi_group_incl_plist+0x65)[0x7f45e910f915]
[hydra04:408615] [ 5] /lib/x86_64-linux-gnu/libc.so.6(+0x8483c)[0x7f440bc2e83c]
[hydra11:372966] [10] /home/thesis/jheld/MPI_Syrk_implementation/build/src/MPI_SYRK_implementation(+0x841a)[0x55df143ad41a]
[hydra11:372966] [11] /home/thesis/jheld/MPI_Syrk_implementation/build/src/MPI_SYRK_implementation(+0x2ab0)[0x55df143a7ab0]
[hydra02:582830] [ 6] /lib/x86_64-linux-gnu/libc.so.6(__libc_calloc+0x81)[0x7f15ccc03bd1]
[hydra05:392565] [ 9] /opt/mpi/openmpi-4.1.4//lib/libmpi.so.40(PMPI_Group_incl+0x95)[0x7fddbc191185]
[hydra06:393248] [ 6] /lib/x86_64-linux-gnu/libc.so.6(__libc_calloc+0x81)[0x7f8e12b2fbd1]
[hydra07:419632] [ 4] /lib/x86_64-linux-gnu/libc.so.6(+0x8175a)[0x7fa22031e75a]
[hydra10:505338] [ 0] /lib/x86_64-linux-gnu/libc.so.6(+0x38de0)[0x7fe21cf2cde0]
[hydra08:394915] [ 3] /lib/x86_64-linux-gnu/libc.so.6(+0x7a468)[0x7f8350adc468]
[hydra09:385928] [ 4] /lib/x86_64-linux-gnu/libc.so.6(+0x8175a)[0x7f55a44f975a]
[hydra03:409893] [ 9] /opt/mpi/openmpi-4.1.4//lib/libmpi.so.40(PMPI_Group_incl+0x95)[0x7f45e9140185]
[hydra04:408616] [ 6] /lib/x86_64-linux-gnu/libc.so.6(__libc_calloc+0x81)[0x7f699f0d5bd1]
[hydra11:372965] [ 1] /lib/x86_64-linux-gnu/libc.so.6(gsignal+0x141)[0x7f602c5d3d61]
[hydra02:582830] [ 7] /opt/mpi/openmpi-4.1.4//lib/libmpi.so.40(ompi_group_allocate+0x17)[0x7f15cead11e7]
[hydra05:392565] [10] /home/thesis/jheld/MPI_Syrk_implementation/build/src/MPI_SYRK_implementation(+0x841a)[0x55fbe268941a]
[hydra05:392565] [11] /home/thesis/jheld/MPI_Syrk_implementation/build/src/MPI_SYRK_implementation(+0x2ab0)[0x55fbe2683ab0]
[hydra06:393248] [ 7] /opt/mpi/openmpi-4.1.4//lib/libmpi.so.40(ompi_group_allocate+0x17)[0x7f8e149fd1e7]
[hydra07:419632] [ 5] /lib/x86_64-linux-gnu/libc.so.6(+0x8483c)[0x7fa22032183c]
[hydra10:505338] [ 1] /lib/x86_64-linux-gnu/libc.so.6(gsignal+0x141)[0x7fe21cf2cd61]
[hydra08:394915] [ 4] /lib/x86_64-linux-gnu/libc.so.6(+0x8175a)[0x7f8350ae375a]
[hydra09:385927] [12] /lib/x86_64-linux-gnu/libc.so.6(__libc_start_main+0xea)[0x7f518763cd7a]
[hydra09:385927] [13] /home/thesis/jheld/MPI_Syrk_implementation/build/src/MPI_SYRK_implementation(+0x232a)[0x56336b5ea32a]
[hydra09:385927] *** End of error message ***
[hydra03:409893] [10] /home/thesis/jheld/MPI_Syrk_implementation/build/src/MPI_SYRK_implementation(+0x841a)[0x560c3e8a141a]
[hydra03:409893] [11] /home/thesis/jheld/MPI_Syrk_implementation/build/src/MPI_SYRK_implementation(+0x2ab0)[0x560c3e89bab0]
[hydra04:408615] [ 6] /lib/x86_64-linux-gnu/libc.so.6(__libc_calloc+0x81)[0x7f440bc30bd1]
[hydra11:372966] [12] /lib/x86_64-linux-gnu/libc.so.6(__libc_start_main+0xea)[0x7fccf067bd7a]
[hydra11:372966] [13] /home/thesis/jheld/MPI_Syrk_implementation/build/src/MPI_SYRK_implementation(+0x232a)[0x55df143a732a]
[hydra11:372966] *** End of error message ***
[hydra02:582830] [ 8] /opt/mpi/openmpi-4.1.4//lib/libmpi.so.40(ompi_group_incl_plist+0x65)[0x7f15cead1915]
[hydra05:392565] [12] /lib/x86_64-linux-gnu/libc.so.6(__libc_start_main+0xea)[0x7fddba22fd7a]
[hydra06:393248] [ 8] /opt/mpi/openmpi-4.1.4//lib/libmpi.so.40(ompi_group_incl_plist+0x65)[0x7f8e149fd915]
[hydra07:419632] [ 6] /lib/x86_64-linux-gnu/libc.so.6(__libc_calloc+0x81)[0x7fa220323bd1]
[hydra10:505338] [ 2] /lib/x86_64-linux-gnu/libc.so.6(abort+0x123)[0x7fe21cf16537]
[hydra08:394915] [ 5] /lib/x86_64-linux-gnu/libc.so.6(+0x8483c)[0x7f8350ae683c]
[hydra09:385928] [ 5] /lib/x86_64-linux-gnu/libc.so.6(+0x8483c)[0x7f55a44fc83c]
[hydra03:409893] [12] /lib/x86_64-linux-gnu/libc.so.6(__libc_start_main+0xea)[0x7f45e71ded7a]
[hydra03:409893] [13] /home/thesis/jheld/MPI_Syrk_implementation/build/src/MPI_SYRK_implementation(+0x232a)[0x560c3e89b32a]
[hydra04:408616] [ 7] /opt/mpi/openmpi-4.1.4//lib/libmpi.so.40(ompi_group_allocate+0x17)[0x7f69a0fa31e7]
[hydra11:372965] [ 2] /lib/x86_64-linux-gnu/libc.so.6(abort+0x123)[0x7f602c5bd537]
[hydra02:582830] [ 9] /opt/mpi/openmpi-4.1.4//lib/libmpi.so.40(PMPI_Group_incl+0x95)[0x7f15ceb02185]
[hydra02:582830] [10] /home/thesis/jheld/MPI_Syrk_implementation/build/src/MPI_SYRK_implementation(+0x841a)[0x56209ab3d41a]
[hydra05:392565] [13] /home/thesis/jheld/MPI_Syrk_implementation/build/src/MPI_SYRK_implementation(+0x232a)[0x55fbe268332a]
[hydra05:392565] *** End of error message ***
[hydra06:393248] [ 9] /opt/mpi/openmpi-4.1.4//lib/libmpi.so.40(PMPI_Group_incl+0x95)[0x7f8e14a2e185]
[hydra06:393248] [10] /home/thesis/jheld/MPI_Syrk_implementation/build/src/MPI_SYRK_implementation(+0x841a)[0x56158035641a]
[hydra07:419632] [ 7] /opt/mpi/openmpi-4.1.4//lib/libmpi.so.40(ompi_group_allocate+0x17)[0x7fa2221f11e7]
[hydra10:505338] [ 3] /lib/x86_64-linux-gnu/libc.so.6(+0x7a468)[0x7fe21cf6e468]
[hydra08:394915] [ 6] /lib/x86_64-linux-gnu/libc.so.6(__libc_calloc+0x81)[0x7f8350ae8bd1]
[hydra09:385928] [ 6] /lib/x86_64-linux-gnu/libc.so.6(__libc_calloc+0x81)[0x7f55a44febd1]
[hydra03:409893] *** End of error message ***
[hydra04:408616] [ 8] /opt/mpi/openmpi-4.1.4//lib/libmpi.so.40(ompi_group_incl_plist+0x65)[0x7f69a0fa3915]
[hydra11:372965] [ 3] /lib/x86_64-linux-gnu/libc.so.6(+0x7a468)[0x7f602c615468]
[hydra02:582830] [11] /home/thesis/jheld/MPI_Syrk_implementation/build/src/MPI_SYRK_implementation(+0x2ab0)[0x56209ab37ab0]
[hydra06:393248] [11] /home/thesis/jheld/MPI_Syrk_implementation/build/src/MPI_SYRK_implementation(+0x2ab0)[0x561580350ab0]
[hydra07:419633] [ 0] /lib/x86_64-linux-gnu/libc.so.6(+0x38de0)[0x7f8d3eecede0]
[hydra10:505338] [ 4] /lib/x86_64-linux-gnu/libc.so.6(+0x8175a)[0x7fe21cf7575a]
[hydra08:394915] [ 7] /opt/mpi/openmpi-4.1.4//lib/libmpi.so.40(ompi_group_allocate+0x17)[0x7f83529b61e7]
[hydra09:385928] [ 7] /opt/mpi/openmpi-4.1.4//lib/libmpi.so.40(ompi_group_allocate+0x17)[0x7f55a63cc1e7]
[hydra04:408615] [ 7] /opt/mpi/openmpi-4.1.4//lib/libmpi.so.40(ompi_group_allocate+0x17)[0x7f440dafe1e7]
[hydra11:372965] [ 4] /lib/x86_64-linux-gnu/libc.so.6(+0x8175a)[0x7f602c61c75a]
[hydra02:582830] [12] /lib/x86_64-linux-gnu/libc.so.6(__libc_start_main+0xea)[0x7f15ccba0d7a]
[hydra02:582830] [13] /home/thesis/jheld/MPI_Syrk_implementation/build/src/MPI_SYRK_implementation(+0x232a)[0x56209ab3732a]
[hydra06:393248] [12] /lib/x86_64-linux-gnu/libc.so.6(__libc_start_main+0xea)[0x7f8e12accd7a]
[hydra07:419632] [ 8] /opt/mpi/openmpi-4.1.4//lib/libmpi.so.40(ompi_group_incl_plist+0x65)[0x7fa2221f1915]
[hydra10:505338] [ 5] /lib/x86_64-linux-gnu/libc.so.6(+0x8483c)[0x7fe21cf7883c]
[hydra08:394915] [ 8] /opt/mpi/openmpi-4.1.4//lib/libmpi.so.40(ompi_group_incl_plist+0x65)[0x7f83529b6915]
[hydra09:385928] [ 8] /opt/mpi/openmpi-4.1.4//lib/libmpi.so.40(ompi_group_incl_plist+0x65)[0x7f55a63cc915]
[hydra04:408615] [ 8] /opt/mpi/openmpi-4.1.4//lib/libmpi.so.40(ompi_group_incl_plist+0x65)[0x7f440dafe915]
[hydra02:582830] *** End of error message ***
[hydra06:393248] [13] /home/thesis/jheld/MPI_Syrk_implementation/build/src/MPI_SYRK_implementation(+0x232a)[0x56158035032a]
[hydra06:393248] *** End of error message ***
[hydra07:419633] [ 1] /lib/x86_64-linux-gnu/libc.so.6(gsignal+0x141)[0x7f8d3eeced61]
[hydra10:505338] [ 6] /lib/x86_64-linux-gnu/libc.so.6(__libc_calloc+0x81)[0x7fe21cf7abd1]
[hydra08:394915] [ 9] /opt/mpi/openmpi-4.1.4//lib/libmpi.so.40(PMPI_Group_incl+0x95)[0x7f83529e7185]
[hydra09:385928] [ 9] /opt/mpi/openmpi-4.1.4//lib/libmpi.so.40(PMPI_Group_incl+0x95)[0x7f55a63fd185]
[hydra09:385928] [10] /home/thesis/jheld/MPI_Syrk_implementation/build/src/MPI_SYRK_implementation(+0x841a)[0x559f61aca41a]
[hydra07:419633] [ 2] /lib/x86_64-linux-gnu/libc.so.6(abort+0x123)[0x7f8d3eeb8537]
[hydra10:505338] [ 7] /opt/mpi/openmpi-4.1.4//lib/libmpi.so.40(ompi_group_allocate+0x17)[0x7fe21ee481e7]
[hydra08:394915] [10] /home/thesis/jheld/MPI_Syrk_implementation/build/src/MPI_SYRK_implementation(+0x841a)[0x55c419ca441a]
[hydra08:394915] [11] /home/thesis/jheld/MPI_Syrk_implementation/build/src/MPI_SYRK_implementation(+0x2ab0)[0x55c419c9eab0]
[hydra09:385928] [11] /home/thesis/jheld/MPI_Syrk_implementation/build/src/MPI_SYRK_implementation(+0x2ab0)[0x559f61ac4ab0]
[hydra07:419632] [ 9] /opt/mpi/openmpi-4.1.4//lib/libmpi.so.40(PMPI_Group_incl+0x95)[0x7fa222222185]
[hydra07:419632] [10] /home/thesis/jheld/MPI_Syrk_implementation/build/src/MPI_SYRK_implementation(+0x841a)[0x5635c873341a]
[hydra07:419632] [11] /home/thesis/jheld/MPI_Syrk_implementation/build/src/MPI_SYRK_implementation(+0x2ab0)[0x5635c872dab0]
[hydra10:505338] [ 8] /opt/mpi/openmpi-4.1.4//lib/libmpi.so.40(ompi_group_incl_plist+0x65)[0x7fe21ee48915]
[hydra08:394915] [12] /lib/x86_64-linux-gnu/libc.so.6(__libc_start_main+0xea)[0x7f8350a85d7a]
[hydra09:385928] [12] /lib/x86_64-linux-gnu/libc.so.6(__libc_start_main+0xea)[0x7f55a449bd7a]
[hydra07:419632] [12] /lib/x86_64-linux-gnu/libc.so.6(__libc_start_main+0xea)[0x7fa2202c0d7a]
[hydra07:419632] [13] /home/thesis/jheld/MPI_Syrk_implementation/build/src/MPI_SYRK_implementation(+0x232a)[0x5635c872d32a]
[hydra10:505338] [ 9] /opt/mpi/openmpi-4.1.4//lib/libmpi.so.40(PMPI_Group_incl+0x95)[0x7fe21ee79185]
[hydra08:394915] [13] /home/thesis/jheld/MPI_Syrk_implementation/build/src/MPI_SYRK_implementation(+0x232a)[0x55c419c9e32a]
[hydra08:394915] *** End of error message ***
[hydra09:385928] [13] /home/thesis/jheld/MPI_Syrk_implementation/build/src/MPI_SYRK_implementation(+0x232a)[0x559f61ac432a]
[hydra09:385928] *** End of error message ***
[hydra07:419633] [ 3] /lib/x86_64-linux-gnu/libc.so.6(+0x7a468)[0x7f8d3ef10468]
[hydra10:505338] [10] /home/thesis/jheld/MPI_Syrk_implementation/build/src/MPI_SYRK_implementation(+0x841a)[0x55bf229ea41a]
[hydra10:505338] [11] /home/thesis/jheld/MPI_Syrk_implementation/build/src/MPI_SYRK_implementation(+0x2ab0)[0x55bf229e4ab0]
[hydra07:419632] *** End of error message ***
[hydra10:505338] [12] /lib/x86_64-linux-gnu/libc.so.6(__libc_start_main+0xea)[0x7fe21cf17d7a]
[hydra07:419633] [ 4] /lib/x86_64-linux-gnu/libc.so.6(+0x8175a)[0x7f8d3ef1775a]
[hydra10:505338] [13] /home/thesis/jheld/MPI_Syrk_implementation/build/src/MPI_SYRK_implementation(+0x232a)[0x55bf229e432a]
[hydra10:505338] *** End of error message ***
[hydra07:419633] [ 5] /lib/x86_64-linux-gnu/libc.so.6(+0x8483c)[0x7f8d3ef1a83c]
[hydra07:419633] [ 6] /lib/x86_64-linux-gnu/libc.so.6(__libc_calloc+0x81)[0x7f8d3ef1cbd1]
[hydra07:419633] [ 7] /opt/mpi/openmpi-4.1.4//lib/libmpi.so.40(ompi_group_allocate+0x17)[0x7f8d40dea1e7]
[hydra07:419633] [ 8] /opt/mpi/openmpi-4.1.4//lib/libmpi.so.40(ompi_group_incl_plist+0x65)[0x7f8d40dea915]
[hydra07:419633] [ 9] /opt/mpi/openmpi-4.1.4//lib/libmpi.so.40(PMPI_Group_incl+0x95)[0x7f8d40e1b185]
[hydra07:419633] [10] /home/thesis/jheld/MPI_Syrk_implementation/build/src/MPI_SYRK_implementation(+0x841a)[0x55bf2bee141a]
[hydra07:419633] [11] /home/thesis/jheld/MPI_Syrk_implementation/build/src/MPI_SYRK_implementation(+0x2ab0)[0x55bf2bedbab0]
[hydra04:408616] [ 9] /opt/mpi/openmpi-4.1.4//lib/libmpi.so.40(PMPI_Group_incl+0x95)[0x7f69a0fd4185]
[hydra04:408616] [10] /home/thesis/jheld/MPI_Syrk_implementation/build/src/MPI_SYRK_implementation(+0x841a)[0x5608d0dc641a]
[hydra04:408616] [11] /home/thesis/jheld/MPI_Syrk_implementation/build/src/MPI_SYRK_implementation(+0x2ab0)[0x5608d0dc0ab0]
[hydra07:419633] [12] /lib/x86_64-linux-gnu/libc.so.6(__libc_start_main+0xea)[0x7f8d3eeb9d7a]
[hydra07:419633] [13] /home/thesis/jheld/MPI_Syrk_implementation/build/src/MPI_SYRK_implementation(+0x232a)[0x55bf2bedb32a]
[hydra04:408615] [ 9] /opt/mpi/openmpi-4.1.4//lib/libmpi.so.40(PMPI_Group_incl+0x95)[0x7f440db2f185]
[hydra07:419633] *** End of error message ***
[hydra04:408615] [10] /home/thesis/jheld/MPI_Syrk_implementation/build/src/MPI_SYRK_implementation(+0x841a)[0x560b8019841a]
[hydra04:408615] [11] /home/thesis/jheld/MPI_Syrk_implementation/build/src/MPI_SYRK_implementation(+0x2ab0)[0x560b80192ab0]
[hydra04:408616] [12] /lib/x86_64-linux-gnu/libc.so.6(__libc_start_main+0xea)[0x7f699f072d7a]
[hydra04:408616] [13] /home/thesis/jheld/MPI_Syrk_implementation/build/src/MPI_SYRK_implementation(+0x232a)[0x5608d0dc032a]
[hydra04:408616] *** End of error message ***
[hydra04:408615] [12] /lib/x86_64-linux-gnu/libc.so.6(__libc_start_main+0xea)[0x7f440bbcdd7a]
[hydra04:408615] [13] /home/thesis/jheld/MPI_Syrk_implementation/build/src/MPI_SYRK_implementation(+0x232a)[0x560b8019232a]
[hydra04:408615] *** End of error message ***
[hydra11:372965] [ 5] /lib/x86_64-linux-gnu/libc.so.6(+0x8483c)[0x7f602c61f83c]
[hydra11:372965] [ 6] /lib/x86_64-linux-gnu/libc.so.6(__libc_calloc+0x81)[0x7f602c621bd1]
[hydra11:372965] [ 7] /opt/mpi/openmpi-4.1.4//lib/libmpi.so.40(ompi_group_allocate+0x17)[0x7f602e4ef1e7]
[hydra11:372965] [ 8] /opt/mpi/openmpi-4.1.4//lib/libmpi.so.40(ompi_group_incl_plist+0x65)[0x7f602e4ef915]
[hydra11:372965] [ 9] /opt/mpi/openmpi-4.1.4//lib/libmpi.so.40(PMPI_Group_incl+0x95)[0x7f602e520185]
[hydra11:372965] [10] /home/thesis/jheld/MPI_Syrk_implementation/build/src/MPI_SYRK_implementation(+0x841a)[0x5629e35db41a]
[hydra11:372965] [11] /home/thesis/jheld/MPI_Syrk_implementation/build/src/MPI_SYRK_implementation(+0x2ab0)[0x5629e35d5ab0]
[hydra11:372965] [12] /lib/x86_64-linux-gnu/libc.so.6(__libc_start_main+0xea)[0x7f602c5bed7a]
[hydra11:372965] [13] /home/thesis/jheld/MPI_Syrk_implementation/build/src/MPI_SYRK_implementation(+0x232a)[0x5629e35d532a]
[hydra11:372965] *** End of error message ***
srun: error: hydra08: task 23: Aborted
srun: error: hydra03: task 6: Aborted
srun: error: hydra06: task 17: Aborted
srun: error: hydra02: task 5: Aborted
srun: error: hydra01: task 1: Aborted
srun: error: hydra05: task 13: Aborted
srun: error: hydra10: task 27: Aborted
srun: error: hydra11: tasks 31-32: Aborted
srun: error: hydra12: tasks 33-34: Aborted
srun: error: hydra07: tasks 19-20: Aborted
srun: error: hydra09: tasks 25-26: Aborted
srun: error: hydra04: tasks 9-10: Aborted
slurmstepd: error:  mpi/pmix_v4: _errhandler: hydra01 [0]: pmixp_client_v2.c:211: Error handler invoked: status = -61, source = [slurm.pmix.5008700.3:1]
slurmstepd: error:  mpi/pmix_v4: _errhandler: hydra10 [9]: pmixp_client_v2.c:211: Error handler invoked: status = -61, source = [slurm.pmix.5008700.3:27]
slurmstepd: error:  mpi/pmix_v4: _errhandler: hydra05 [4]: pmixp_client_v2.c:211: Error handler invoked: status = -61, source = [slurm.pmix.5008700.3:13]
slurmstepd: error:  mpi/pmix_v4: _errhandler: hydra06 [5]: pmixp_client_v2.c:211: Error handler invoked: status = -61, source = [slurm.pmix.5008700.3:17]
slurmstepd: error:  mpi/pmix_v4: _errhandler: hydra08 [7]: pmixp_client_v2.c:211: Error handler invoked: status = -61, source = [slurm.pmix.5008700.3:23]
slurmstepd: error:  mpi/pmix_v4: _errhandler: hydra02 [1]: pmixp_client_v2.c:211: Error handler invoked: status = -61, source = [slurm.pmix.5008700.3:5]
slurmstepd: error:  mpi/pmix_v4: _errhandler: hydra11 [10]: pmixp_client_v2.c:211: Error handler invoked: status = -61, source = [slurm.pmix.5008700.3:32]
slurmstepd: error:  mpi/pmix_v4: _errhandler: hydra07 [6]: pmixp_client_v2.c:211: Error handler invoked: status = -61, source = [slurm.pmix.5008700.3:19]
slurmstepd: error:  mpi/pmix_v4: _errhandler: hydra09 [8]: pmixp_client_v2.c:211: Error handler invoked: status = -61, source = [slurm.pmix.5008700.3:26]
slurmstepd: error:  mpi/pmix_v4: _errhandler: hydra03 [2]: pmixp_client_v2.c:211: Error handler invoked: status = -61, source = [slurm.pmix.5008700.3:6]
slurmstepd: error: *** STEP 5008700.3 ON hydra01 CANCELLED AT 2025-10-13T15:37:52 ***
srun: Job step aborted: Waiting up to 32 seconds for job step to finish.
srun: error: hydra11: task 30: Killed
srun: error: hydra09: task 24: Killed
srun: error: hydra04: task 11: Killed
srun: error: hydra07: task 18: Killed
srun: error: hydra12: task 35: Killed
srun: error: hydra01: tasks 0,2: Killed
srun: error: hydra10: tasks 28-29: Killed
srun: error: hydra08: tasks 21-22: Killed
srun: error: hydra02: tasks 3-4: Killed
srun: error: hydra05: tasks 12,14: Killed
srun: error: hydra06: tasks 15-16: Killed
srun: error: hydra03: tasks 7-8: Killed
⚠️ Warning: No runtime found for run 4
srun: Warning: can't honor --ntasks-per-node set to 1 which doesn't match the requested tasks 36 with the number of requested nodes 12. Ignoring --ntasks-per-node.
missing input file name --> Generate random input
malloc(): invalid size (unsorted)
[hydra01:901436] *** Process received signal ***
[hydra01:901436] Signal: Aborted (6)
[hydra01:901436] Signal code:  (-6)
malloc(): invalid size (unsorted)
[hydra11:373031] *** Process received signal ***
[hydra11:373031] Signal: Aborted (6)
[hydra11:373031] Signal code:  (-6)
malloc(): invalid size (unsorted)
[hydra12:372997] *** Process received signal ***
[hydra12:372997] Signal: Aborted (6)
[hydra12:372997] Signal code:  (-6)
malloc(): invalid size (unsorted)
[hydra01:901436] [ 0] /lib/x86_64-linux-gnu/libc.so.6(+0x38de0)[0x7fd4dd667de0]
[hydra01:901438] *** Process received signal ***
[hydra01:901438] Signal: Aborted (6)
[hydra01:901438] Signal code:  (-6)
[hydra01:901436] [ 1] /lib/x86_64-linux-gnu/libc.so.6(gsignal+0x141)[0x7fd4dd667d61]
[hydra01:901436] [ 2] /lib/x86_64-linux-gnu/libc.so.6(abort+0x123)[0x7fd4dd651537]
malloc(): invalid size (unsorted)
[hydra05:392630] *** Process received signal ***
[hydra05:392630] Signal: Aborted (6)
[hydra05:392630] Signal code:  (-6)
malloc(): invalid size (unsorted)
[hydra07:419697] *** Process received signal ***
[hydra07:419697] Signal: Aborted (6)
[hydra07:419697] Signal code:  (-6)
[hydra01:901436] [ 3] /lib/x86_64-linux-gnu/libc.so.6(+0x7a468)[0x7fd4dd6a9468]
malloc(): invalid size (unsorted)
[hydra06:393314] *** Process received signal ***
[hydra06:393314] Signal: Aborted (6)
[hydra06:393314] Signal code:  (-6)
[hydra01:901438] [ 0] /lib/x86_64-linux-gnu/libc.so.6(+0x38de0)[0x7f7bfdaf8de0]
malloc(): invalid size (unsorted)
[hydra09:385991] *** Process received signal ***
[hydra09:385991] Signal: Aborted (6)
[hydra09:385991] Signal code:  (-6)
[hydra01:901436] [ 4] /lib/x86_64-linux-gnu/libc.so.6(+0x8175a)[0x7fd4dd6b075a]
malloc(): invalid size (unsorted)
[hydra04:408682] *** Process received signal ***
[hydra04:408682] Signal: Aborted (6)
[hydra04:408682] Signal code:  (-6)
malloc(): invalid size (unsorted)
[hydra02:582909] *** Process received signal ***
[hydra02:582909] Signal: Aborted (6)
[hydra02:582909] Signal code:  (-6)
[hydra01:901438] [ 1] /lib/x86_64-linux-gnu/libc.so.6(gsignal+0x141)[0x7f7bfdaf8d61]
malloc(): invalid size (unsorted)
[hydra03:409958] *** Process received signal ***
[hydra03:409958] Signal: Aborted (6)
[hydra03:409958] Signal code:  (-6)
[hydra01:901436] [ 5] /lib/x86_64-linux-gnu/libc.so.6(+0x8483c)[0x7fd4dd6b383c]
malloc(): invalid size (unsorted)
[hydra08:394980] *** Process received signal ***
[hydra08:394980] Signal: Aborted (6)
[hydra08:394980] Signal code:  (-6)
[hydra01:901438] [ 2] /lib/x86_64-linux-gnu/libc.so.6(abort+0x123)[0x7f7bfdae2537]
[hydra09:385991] [ 0] /lib/x86_64-linux-gnu/libc.so.6(+0x38de0)[0x7fc38397bde0]
[hydra01:901436] [ 6] /lib/x86_64-linux-gnu/libc.so.6(__libc_calloc+0x81)[0x7fd4dd6b5bd1]
[hydra04:408682] [ 0] /lib/x86_64-linux-gnu/libc.so.6(+0x38de0)[0x7fadc4f47de0]
[hydra01:901438] [ 3] /lib/x86_64-linux-gnu/libc.so.6(+0x7a468)[0x7f7bfdb3a468]
[hydra01:901436] [ 7] /opt/mpi/openmpi-4.1.4//lib/libmpi.so.40(ompi_group_allocate+0x17)[0x7fd4df5831e7]
[hydra09:385991] [ 1] /lib/x86_64-linux-gnu/libc.so.6(gsignal+0x141)[0x7fc38397bd61]
[hydra01:901438] [ 4] /lib/x86_64-linux-gnu/libc.so.6(+0x8175a)[0x7f7bfdb4175a]
[hydra04:408682] [ 1] /lib/x86_64-linux-gnu/libc.so.6(gsignal+0x141)[0x7fadc4f47d61]
malloc(): invalid size (unsorted)
[hydra12:372997] [ 0] /lib/x86_64-linux-gnu/libc.so.6(+0x38de0)[0x7f6ab424bde0]
[hydra01:901436] [ 8] /opt/mpi/openmpi-4.1.4//lib/libmpi.so.40(ompi_group_incl_plist+0x65)[0x7fd4df583915]
[hydra04:408682] [ 2] /lib/x86_64-linux-gnu/libc.so.6(abort+0x123)[0x7fadc4f31537]
[hydra09:385991] [ 2] /lib/x86_64-linux-gnu/libc.so.6(abort+0x123)[0x7fc383965537]
[hydra12:372997] [ 1] /lib/x86_64-linux-gnu/libc.so.6(gsignal+0x141)[0x7f6ab424bd61]
[hydra01:901438] [ 5] /lib/x86_64-linux-gnu/libc.so.6(+0x8483c)[0x7f7bfdb4483c]
[hydra09:385993] *** Process received signal ***
[hydra11:373031] [ 0] /lib/x86_64-linux-gnu/libc.so.6(+0x38de0)[0x7ff6539d0de0]
[hydra12:372997] [ 2] /lib/x86_64-linux-gnu/libc.so.6(abort+0x123)[0x7f6ab4235537]
[hydra01:901436] [ 9] /opt/mpi/openmpi-4.1.4//lib/libmpi.so.40(PMPI_Group_incl+0x95)[0x7fd4df5b4185]
[hydra04:408682] [ 3] /lib/x86_64-linux-gnu/libc.so.6(+0x7a468)[0x7fadc4f89468]
[hydra09:385991] [ 3] /lib/x86_64-linux-gnu/libc.so.6(+0x7a468)[0x7fc3839bd468]
[hydra11:373031] [ 1] /lib/x86_64-linux-gnu/libc.so.6(gsignal+0x141)[0x7ff6539d0d61]
[hydra12:372997] [ 3] /lib/x86_64-linux-gnu/libc.so.6(+0x7a468)[0x7f6ab428d468]
[hydra01:901436] [10] /home/thesis/jheld/MPI_Syrk_implementation/build/src/MPI_SYRK_implementation(+0x841a)[0x56409d61241a]
[hydra01:901436] [11] /home/thesis/jheld/MPI_Syrk_implementation/build/src/MPI_SYRK_implementation(+0x2ab0)[0x56409d60cab0]
[hydra04:408682] [ 4] /lib/x86_64-linux-gnu/libc.so.6(+0x8175a)[0x7fadc4f9075a]
[hydra09:385993] Signal: Aborted (6)
[hydra09:385993] Signal code:  (-6)
[hydra11:373031] [ 2] /lib/x86_64-linux-gnu/libc.so.6(abort+0x123)[0x7ff6539ba537]
[hydra12:372997] [ 4] /lib/x86_64-linux-gnu/libc.so.6(+0x8175a)[0x7f6ab429475a]
[hydra01:901438] [ 6] /lib/x86_64-linux-gnu/libc.so.6(__libc_calloc+0x81)[0x7f7bfdb46bd1]
[hydra04:408682] [ 5] /lib/x86_64-linux-gnu/libc.so.6(+0x8483c)[0x7fadc4f9383c]
[hydra09:385991] [ 4] /lib/x86_64-linux-gnu/libc.so.6(+0x8175a)[0x7fc3839c475a]
[hydra11:373031] [ 3] /lib/x86_64-linux-gnu/libc.so.6(+0x7a468)[0x7ff653a12468]
[hydra12:372997] [ 5] /lib/x86_64-linux-gnu/libc.so.6(+0x8483c)[0x7f6ab429783c]
malloc(): invalid size (unsorted)
[hydra10:505409] *** Process received signal ***
[hydra10:505409] Signal: Aborted (6)
[hydra10:505409] Signal code:  (-6)
[hydra01:901436] [12] /lib/x86_64-linux-gnu/libc.so.6(__libc_start_main+0xea)[0x7fd4dd652d7a]
[hydra04:408682] [ 6] /lib/x86_64-linux-gnu/libc.so.6(__libc_calloc+0x81)[0x7fadc4f95bd1]
[hydra09:385991] [ 5] /lib/x86_64-linux-gnu/libc.so.6(+0x8483c)[0x7fc3839c783c]
[hydra11:373031] [ 4] /lib/x86_64-linux-gnu/libc.so.6(+0x8175a)[0x7ff653a1975a]
[hydra12:372997] [ 6] /lib/x86_64-linux-gnu/libc.so.6(__libc_calloc+0x81)[0x7f6ab4299bd1]
[hydra01:901438] [ 7] /opt/mpi/openmpi-4.1.4//lib/libmpi.so.40(ompi_group_allocate+0x17)[0x7f7bffa141e7]
[hydra04:408682] [ 7] /opt/mpi/openmpi-4.1.4//lib/libmpi.so.40(ompi_group_allocate+0x17)[0x7fadc6e631e7]
[hydra09:385991] [ 6] /lib/x86_64-linux-gnu/libc.so.6(__libc_calloc+0x81)[0x7fc3839c9bd1]
malloc(): invalid size (unsorted)
[hydra11:373031] [ 5] /lib/x86_64-linux-gnu/libc.so.6(+0x8483c)[0x7ff653a1c83c]
[hydra12:372997] [ 7] /opt/mpi/openmpi-4.1.4//lib/libmpi.so.40(ompi_group_allocate+0x17)[0x7f6ab61671e7]
[hydra05:392630] [ 0] /lib/x86_64-linux-gnu/libc.so.6(+0x38de0)[0x7ffaaa577de0]
[hydra01:901436] [13] /home/thesis/jheld/MPI_Syrk_implementation/build/src/MPI_SYRK_implementation(+0x232a)[0x56409d60c32a]
[hydra01:901436] *** End of error message ***
[hydra04:408682] [ 8] /opt/mpi/openmpi-4.1.4//lib/libmpi.so.40(ompi_group_incl_plist+0x65)[0x7fadc6e63915]
[hydra09:385993] [ 0] /lib/x86_64-linux-gnu/libc.so.6(+0x38de0)[0x7f9aea7f1de0]
[hydra07:419698] *** Process received signal ***
[hydra11:373031] [ 6] /lib/x86_64-linux-gnu/libc.so.6(__libc_calloc+0x81)[0x7ff653a1ebd1]
[hydra12:372997] [ 8] /opt/mpi/openmpi-4.1.4//lib/libmpi.so.40(ompi_group_incl_plist+0x65)[0x7f6ab6167915]
[hydra05:392630] [ 1] /lib/x86_64-linux-gnu/libc.so.6(gsignal+0x141)[0x7ffaaa577d61]
[hydra06:393314] [ 0] /lib/x86_64-linux-gnu/libc.so.6(+0x38de0)[0x7f0711449de0]
malloc(): invalid size (unsorted)
[hydra01:901438] [ 8] /opt/mpi/openmpi-4.1.4//lib/libmpi.so.40(ompi_group_incl_plist+0x65)[0x7f7bffa14915]
[hydra04:408682] [ 9] /opt/mpi/openmpi-4.1.4//lib/libmpi.so.40(PMPI_Group_incl+0x95)[0x7fadc6e94185]
[hydra04:408682] [10] /home/thesis/jheld/MPI_Syrk_implementation/build/src/MPI_SYRK_implementation(+0x841a)[0x559b496f741a]
[hydra09:385991] [ 7] /opt/mpi/openmpi-4.1.4//lib/libmpi.so.40(ompi_group_allocate+0x17)[0x7fc3858971e7]
[hydra07:419698] Signal: Aborted (6)
[hydra07:419698] Signal code:  (-6)
[hydra11:373031] [ 7] /opt/mpi/openmpi-4.1.4//lib/libmpi.so.40(ompi_group_allocate+0x17)[0x7ff6558ec1e7]
[hydra12:372997] [ 9] /opt/mpi/openmpi-4.1.4//lib/libmpi.so.40(PMPI_Group_incl+0x95)[0x7f6ab6198185]
[hydra12:372997] [10] /home/thesis/jheld/MPI_Syrk_implementation/build/src/MPI_SYRK_implementation(+0x841a)[0x55622db0a41a]
[hydra05:392630] [ 2] /lib/x86_64-linux-gnu/libc.so.6(abort+0x123)[0x7ffaaa561537]
[hydra06:393314] [ 1] /lib/x86_64-linux-gnu/libc.so.6(gsignal+0x141)[0x7f0711449d61]
[hydra03:409960] *** Process received signal ***
[hydra01:901438] [ 9] /opt/mpi/openmpi-4.1.4//lib/libmpi.so.40(PMPI_Group_incl+0x95)[0x7f7bffa45185]
[hydra04:408682] [11] /home/thesis/jheld/MPI_Syrk_implementation/build/src/MPI_SYRK_implementation(+0x2ab0)[0x559b496f1ab0]
[hydra09:385993] [ 1] /lib/x86_64-linux-gnu/libc.so.6(gsignal+0x141)[0x7f9aea7f1d61]
[hydra07:419697] [ 0] /lib/x86_64-linux-gnu/libc.so.6(+0x38de0)[0x7fc86aaf2de0]
[hydra11:373031] [ 8] /opt/mpi/openmpi-4.1.4//lib/libmpi.so.40(ompi_group_incl_plist+0x65)[0x7ff6558ec915]
[hydra12:372997] [11] /home/thesis/jheld/MPI_Syrk_implementation/build/src/MPI_SYRK_implementation(+0x2ab0)[0x55622db04ab0]
[hydra02:582909] [ 0] /lib/x86_64-linux-gnu/libc.so.6(+0x38de0)[0x7f92b9454de0]
[hydra05:392630] [ 3] /lib/x86_64-linux-gnu/libc.so.6(+0x7a468)[0x7ffaaa5b9468]
[hydra06:393314] [ 2] /lib/x86_64-linux-gnu/libc.so.6(abort+0x123)[0x7f0711433537]
[hydra03:409960] Signal: Aborted (6)
[hydra03:409960] Signal code:  (-6)
[hydra01:901438] [10] /home/thesis/jheld/MPI_Syrk_implementation/build/src/MPI_SYRK_implementation(+0x841a)[0x565521bc241a]
[hydra01:901438] [11] /home/thesis/jheld/MPI_Syrk_implementation/build/src/MPI_SYRK_implementation(+0x2ab0)[0x565521bbcab0]
[hydra04:408682] [12] /lib/x86_64-linux-gnu/libc.so.6(__libc_start_main+0xea)[0x7fadc4f32d7a]
[hydra09:385991] [ 8] /opt/mpi/openmpi-4.1.4//lib/libmpi.so.40(ompi_group_incl_plist+0x65)[0x7fc385897915]
[hydra07:419697] [ 1] /lib/x86_64-linux-gnu/libc.so.6(gsignal+0x141)[0x7fc86aaf2d61]
[hydra08:394980] [ 0] /lib/x86_64-linux-gnu/libc.so.6(+0x38de0)[0x7f681abe4de0]
[hydra11:373031] [ 9] /opt/mpi/openmpi-4.1.4//lib/libmpi.so.40(PMPI_Group_incl+0x95)[0x7ff65591d185]
[hydra11:373031] [10] /home/thesis/jheld/MPI_Syrk_implementation/build/src/MPI_SYRK_implementation(+0x841a)[0x55d30ff5e41a]
[hydra12:372997] [12] /lib/x86_64-linux-gnu/libc.so.6(__libc_start_main+0xea)[0x7f6ab4236d7a]
[hydra12:372997] [13] /home/thesis/jheld/MPI_Syrk_implementation/build/src/MPI_SYRK_implementation(+0x232a)[0x55622db0432a]
[hydra02:582909] [ 1] /lib/x86_64-linux-gnu/libc.so.6(gsignal+0x141)[0x7f92b9454d61]
[hydra05:392630] [ 4] /lib/x86_64-linux-gnu/libc.so.6(+0x8175a)[0x7ffaaa5c075a]
[hydra06:393314] [ 3] /lib/x86_64-linux-gnu/libc.so.6(+0x7a468)[0x7f071148b468]
[hydra03:409958] [ 0] /lib/x86_64-linux-gnu/libc.so.6(+0x38de0)[0x7f8e2c523de0]
[hydra01:901438] [12] /lib/x86_64-linux-gnu/libc.so.6(__libc_start_main+0xea)[0x7f7bfdae3d7a]
[hydra01:901438] [13] /home/thesis/jheld/MPI_Syrk_implementation/build/src/MPI_SYRK_implementation(+0x232a)[0x565521bbc32a]
[hydra04:408682] [13] /home/thesis/jheld/MPI_Syrk_implementation/build/src/MPI_SYRK_implementation(+0x232a)[0x559b496f132a]
[hydra04:408682] *** End of error message ***
[hydra09:385993] [ 2] /lib/x86_64-linux-gnu/libc.so.6(abort+0x123)[0x7f9aea7db537]
[hydra07:419697] [ 2] /lib/x86_64-linux-gnu/libc.so.6(abort+0x123)[0x7fc86aadc537]
[hydra08:394980] [ 1] /lib/x86_64-linux-gnu/libc.so.6(gsignal+0x141)[0x7f681abe4d61]
[hydra11:373031] [11] /home/thesis/jheld/MPI_Syrk_implementation/build/src/MPI_SYRK_implementation(+0x2ab0)[0x55d30ff58ab0]
[hydra12:372997] *** End of error message ***
[hydra02:582909] [ 2] /lib/x86_64-linux-gnu/libc.so.6(abort+0x123)[0x7f92b943e537]
[hydra05:392630] [ 5] /lib/x86_64-linux-gnu/libc.so.6(+0x8483c)[0x7ffaaa5c383c]
[hydra06:393314] [ 4] /lib/x86_64-linux-gnu/libc.so.6(+0x8175a)[0x7f071149275a]
[hydra03:409958] [ 1] /lib/x86_64-linux-gnu/libc.so.6(gsignal+0x141)[0x7f8e2c523d61]
[hydra01:901438] *** End of error message ***
[hydra09:385991] [ 9] /opt/mpi/openmpi-4.1.4//lib/libmpi.so.40(PMPI_Group_incl+0x95)[0x7fc3858c8185]
[hydra07:419697] [ 3] /lib/x86_64-linux-gnu/libc.so.6(+0x7a468)[0x7fc86ab34468]
[hydra08:394980] [ 2] /lib/x86_64-linux-gnu/libc.so.6(abort+0x123)[0x7f681abce537]
[hydra11:373031] [12] /lib/x86_64-linux-gnu/libc.so.6(__libc_start_main+0xea)[0x7ff6539bbd7a]
[hydra02:582909] [ 3] /lib/x86_64-linux-gnu/libc.so.6(+0x7a468)[0x7f92b9496468]
[hydra05:392630] [ 6] /lib/x86_64-linux-gnu/libc.so.6(__libc_calloc+0x81)[0x7ffaaa5c5bd1]
[hydra06:393314] [ 5] /lib/x86_64-linux-gnu/libc.so.6(+0x8483c)[0x7f071149583c]
[hydra03:409958] [ 2] /lib/x86_64-linux-gnu/libc.so.6(abort+0x123)[0x7f8e2c50d537]
[hydra09:385991] [10] /home/thesis/jheld/MPI_Syrk_implementation/build/src/MPI_SYRK_implementation(+0x841a)[0x5640938e441a]
[hydra09:385991] [11] /home/thesis/jheld/MPI_Syrk_implementation/build/src/MPI_SYRK_implementation(+0x2ab0)[0x5640938deab0]
[hydra07:419698] [ 0] /lib/x86_64-linux-gnu/libc.so.6(+0x38de0)[0x7f1798862de0]
[hydra08:394980] [ 3] /lib/x86_64-linux-gnu/libc.so.6(+0x7a468)[0x7f681ac26468]
[hydra11:373031] [13] /home/thesis/jheld/MPI_Syrk_implementation/build/src/MPI_SYRK_implementation(+0x232a)[0x55d30ff5832a]
[hydra11:373031] *** End of error message ***
[hydra02:582909] [ 4] /lib/x86_64-linux-gnu/libc.so.6(+0x8175a)[0x7f92b949d75a]
[hydra05:392630] [ 7] /opt/mpi/openmpi-4.1.4//lib/libmpi.so.40(ompi_group_allocate+0x17)[0x7ffaac4931e7]
[hydra06:393314] [ 6] /lib/x86_64-linux-gnu/libc.so.6(__libc_calloc+0x81)[0x7f0711497bd1]
[hydra03:409958] [ 3] /lib/x86_64-linux-gnu/libc.so.6(+0x7a468)[0x7f8e2c565468]
[hydra03:409958] [ 4] /lib/x86_64-linux-gnu/libc.so.6(+0x8175a)[0x7f8e2c56c75a]
[hydra09:385993] [ 3] /lib/x86_64-linux-gnu/libc.so.6(+0x7a468)[0x7f9aea833468]
[hydra07:419697] [ 4] /lib/x86_64-linux-gnu/libc.so.6(+0x8175a)[0x7fc86ab3b75a]
[hydra08:394980] [ 4] /lib/x86_64-linux-gnu/libc.so.6(+0x8175a)[0x7f681ac2d75a]
malloc(): invalid size (unsorted)
[hydra02:582909] [ 5] /lib/x86_64-linux-gnu/libc.so.6(+0x8483c)[0x7f92b94a083c]
[hydra05:392630] [ 8] /opt/mpi/openmpi-4.1.4//lib/libmpi.so.40(ompi_group_incl_plist+0x65)[0x7ffaac493915]
[hydra06:393314] [ 7] /opt/mpi/openmpi-4.1.4//lib/libmpi.so.40(ompi_group_allocate+0x17)[0x7f07133651e7]
[hydra03:409960] [ 0] /lib/x86_64-linux-gnu/libc.so.6(+0x38de0)[0x7f3e0bf3ade0]
[hydra03:409960] [ 1] /lib/x86_64-linux-gnu/libc.so.6(gsignal+0x141)[0x7f3e0bf3ad61]
[hydra09:385991] [12] /lib/x86_64-linux-gnu/libc.so.6(__libc_start_main+0xea)[0x7fc383966d7a]
[hydra07:419698] [ 1] /lib/x86_64-linux-gnu/libc.so.6(gsignal+0x141)[0x7f1798862d61]
[hydra08:394980] [ 5] /lib/x86_64-linux-gnu/libc.so.6(+0x8483c)[0x7f681ac3083c]
[hydra11:373030] *** Process received signal ***
[hydra02:582909] [ 6] /lib/x86_64-linux-gnu/libc.so.6(__libc_calloc+0x81)[0x7f92b94a2bd1]
[hydra10:505409] [ 0] /lib/x86_64-linux-gnu/libc.so.6(+0x38de0)[0x7f68199b7de0]
[hydra05:392630] [ 9] /opt/mpi/openmpi-4.1.4//lib/libmpi.so.40(PMPI_Group_incl+0x95)[0x7ffaac4c4185]
[hydra05:392630] [10] /home/thesis/jheld/MPI_Syrk_implementation/build/src/MPI_SYRK_implementation(+0x841a)[0x55d368aca41a]
[hydra06:393314] [ 8] /opt/mpi/openmpi-4.1.4//lib/libmpi.so.40(ompi_group_incl_plist+0x65)[0x7f0713365915]
[hydra03:409958] [ 5] /lib/x86_64-linux-gnu/libc.so.6(+0x8483c)[0x7f8e2c56f83c]
[hydra09:385991] [13] /home/thesis/jheld/MPI_Syrk_implementation/build/src/MPI_SYRK_implementation(+0x232a)[0x5640938de32a]
[hydra09:385991] *** End of error message ***
[hydra07:419697] [ 5] /lib/x86_64-linux-gnu/libc.so.6(+0x8483c)[0x7fc86ab3e83c]
[hydra08:394980] [ 6] /lib/x86_64-linux-gnu/libc.so.6(__libc_calloc+0x81)[0x7f681ac32bd1]
[hydra11:373030] Signal: Aborted (6)
[hydra11:373030] Signal code:  (-6)
[hydra02:582909] [ 7] /opt/mpi/openmpi-4.1.4//lib/libmpi.so.40(ompi_group_allocate+0x17)[0x7f92bb3701e7]
[hydra10:505409] [ 1] /lib/x86_64-linux-gnu/libc.so.6(gsignal+0x141)[0x7f68199b7d61]
[hydra05:392630] [11] /home/thesis/jheld/MPI_Syrk_implementation/build/src/MPI_SYRK_implementation(+0x2ab0)[0x55d368ac4ab0]
[hydra06:393314] [ 9] /opt/mpi/openmpi-4.1.4//lib/libmpi.so.40(PMPI_Group_incl+0x95)[0x7f0713396185]
[hydra03:409960] [ 2] /lib/x86_64-linux-gnu/libc.so.6(abort+0x123)[0x7f3e0bf24537]
[hydra09:385993] [ 4] /lib/x86_64-linux-gnu/libc.so.6(+0x8175a)[0x7f9aea83a75a]
[hydra07:419698] [ 2] /lib/x86_64-linux-gnu/libc.so.6(abort+0x123)[0x7f179884c537]
[hydra08:394980] [ 7] /opt/mpi/openmpi-4.1.4//lib/libmpi.so.40(ompi_group_allocate+0x17)[0x7f681cb001e7]
[hydra11:373030] [ 0] /lib/x86_64-linux-gnu/libc.so.6(+0x38de0)[0x7f403e862de0]
[hydra02:582909] [ 8] /opt/mpi/openmpi-4.1.4//lib/libmpi.so.40(ompi_group_incl_plist+0x65)[0x7f92bb370915]
[hydra10:505409] [ 2] /lib/x86_64-linux-gnu/libc.so.6(abort+0x123)[0x7f68199a1537]
[hydra05:392630] [12] /lib/x86_64-linux-gnu/libc.so.6(__libc_start_main+0xea)[0x7ffaaa562d7a]
[hydra05:392630] [13] /home/thesis/jheld/MPI_Syrk_implementation/build/src/MPI_SYRK_implementation(+0x232a)[0x55d368ac432a]
[hydra06:393314] [10] /home/thesis/jheld/MPI_Syrk_implementation/build/src/MPI_SYRK_implementation(+0x841a)[0x55c16581b41a]
[hydra06:393314] [11] /home/thesis/jheld/MPI_Syrk_implementation/build/src/MPI_SYRK_implementation(+0x2ab0)[0x55c165815ab0]
[hydra03:409958] [ 6] /lib/x86_64-linux-gnu/libc.so.6(__libc_calloc+0x81)[0x7f8e2c571bd1]
[hydra09:385993] [ 5] /lib/x86_64-linux-gnu/libc.so.6(+0x8483c)[0x7f9aea83d83c]
[hydra07:419697] [ 6] /lib/x86_64-linux-gnu/libc.so.6(__libc_calloc+0x81)[0x7fc86ab40bd1]
[hydra08:394980] [ 8] /opt/mpi/openmpi-4.1.4//lib/libmpi.so.40(ompi_group_incl_plist+0x65)[0x7f681cb00915]
[hydra11:373030] [ 1] /lib/x86_64-linux-gnu/libc.so.6(gsignal+0x141)[0x7f403e862d61]
[hydra02:582909] [ 9] /opt/mpi/openmpi-4.1.4//lib/libmpi.so.40(PMPI_Group_incl+0x95)[0x7f92bb3a1185]
[hydra02:582909] [10] /home/thesis/jheld/MPI_Syrk_implementation/build/src/MPI_SYRK_implementation(+0x841a)[0x55ff73ab141a]
[hydra10:505409] [ 3] /lib/x86_64-linux-gnu/libc.so.6(+0x7a468)[0x7f68199f9468]
[hydra05:392630] *** End of error message ***
[hydra06:393314] [12] /lib/x86_64-linux-gnu/libc.so.6(__libc_start_main+0xea)[0x7f0711434d7a]
[hydra03:409960] [ 3] /lib/x86_64-linux-gnu/libc.so.6(+0x7a468)[0x7f3e0bf7c468]
[hydra09:385993] [ 6] /lib/x86_64-linux-gnu/libc.so.6(__libc_calloc+0x81)[0x7f9aea83fbd1]
[hydra09:385993] [ 7] /opt/mpi/openmpi-4.1.4//lib/libmpi.so.40(ompi_group_allocate+0x17)[0x7f9aec70d1e7]
[hydra09:385993] [ 8] /opt/mpi/openmpi-4.1.4//lib/libmpi.so.40(ompi_group_incl_plist+0x65)[0x7f9aec70d915]
[hydra07:419698] [ 3] /lib/x86_64-linux-gnu/libc.so.6(+0x7a468)[0x7f17988a4468]
[hydra08:394980] [ 9] /opt/mpi/openmpi-4.1.4//lib/libmpi.so.40(PMPI_Group_incl+0x95)[0x7f681cb31185]
[hydra11:373030] [ 2] /lib/x86_64-linux-gnu/libc.so.6(abort+0x123)[0x7f403e84c537]
[hydra02:582909] [11] /home/thesis/jheld/MPI_Syrk_implementation/build/src/MPI_SYRK_implementation(+0x2ab0)[0x55ff73aabab0]
[hydra10:505409] [ 4] /lib/x86_64-linux-gnu/libc.so.6(+0x8175a)[0x7f6819a0075a]
[hydra06:393314] [13] /home/thesis/jheld/MPI_Syrk_implementation/build/src/MPI_SYRK_implementation(+0x232a)[0x55c16581532a]
[hydra06:393314] *** End of error message ***
[hydra03:409958] [ 7] /opt/mpi/openmpi-4.1.4//lib/libmpi.so.40(ompi_group_allocate+0x17)[0x7f8e2e43f1e7]
[hydra09:385993] [ 9] /opt/mpi/openmpi-4.1.4//lib/libmpi.so.40(PMPI_Group_incl+0x95)[0x7f9aec73e185]
[hydra07:419697] [ 7] /opt/mpi/openmpi-4.1.4//lib/libmpi.so.40(ompi_group_allocate+0x17)[0x7fc86ca0e1e7]
[hydra08:394980] [10] /home/thesis/jheld/MPI_Syrk_implementation/build/src/MPI_SYRK_implementation(+0x841a)[0x5589f7c7d41a]
[hydra08:394980] [11] /home/thesis/jheld/MPI_Syrk_implementation/build/src/MPI_SYRK_implementation(+0x2ab0)[0x5589f7c77ab0]
[hydra11:373030] [ 3] /lib/x86_64-linux-gnu/libc.so.6(+0x7a468)[0x7f403e8a4468]
[hydra02:582909] [12] /lib/x86_64-linux-gnu/libc.so.6(__libc_start_main+0xea)[0x7f92b943fd7a]
[hydra02:582909] [13] /home/thesis/jheld/MPI_Syrk_implementation/build/src/MPI_SYRK_implementation(+0x232a)[0x55ff73aab32a]
[hydra10:505409] [ 5] /lib/x86_64-linux-gnu/libc.so.6(+0x8483c)[0x7f6819a0383c]
[hydra03:409958] [ 8] /opt/mpi/openmpi-4.1.4//lib/libmpi.so.40(ompi_group_incl_plist+0x65)[0x7f8e2e43f915]
[hydra09:385993] [10] /home/thesis/jheld/MPI_Syrk_implementation/build/src/MPI_SYRK_implementation(+0x841a)[0x561a1c1ab41a]
[hydra09:385993] [11] /home/thesis/jheld/MPI_Syrk_implementation/build/src/MPI_SYRK_implementation(+0x2ab0)[0x561a1c1a5ab0]
[hydra09:385993] [12] /lib/x86_64-linux-gnu/libc.so.6(__libc_start_main+0xea)[0x7f9aea7dcd7a]
[hydra07:419698] [ 4] /lib/x86_64-linux-gnu/libc.so.6(+0x8175a)[0x7f17988ab75a]
[hydra08:394980] [12] /lib/x86_64-linux-gnu/libc.so.6(__libc_start_main+0xea)[0x7f681abcfd7a]
[hydra11:373030] [ 4] /lib/x86_64-linux-gnu/libc.so.6(+0x8175a)[0x7f403e8ab75a]
[hydra02:582909] *** End of error message ***
[hydra10:505409] [ 6] /lib/x86_64-linux-gnu/libc.so.6(__libc_calloc+0x81)[0x7f6819a05bd1]
[hydra03:409960] [ 4] /lib/x86_64-linux-gnu/libc.so.6(+0x8175a)[0x7f3e0bf8375a]
[hydra09:385993] [13] /home/thesis/jheld/MPI_Syrk_implementation/build/src/MPI_SYRK_implementation(+0x232a)[0x561a1c1a532a]
[hydra09:385993] *** End of error message ***
[hydra07:419697] [ 8] /opt/mpi/openmpi-4.1.4//lib/libmpi.so.40(ompi_group_incl_plist+0x65)[0x7fc86ca0e915]
[hydra08:394980] [13] /home/thesis/jheld/MPI_Syrk_implementation/build/src/MPI_SYRK_implementation(+0x232a)[0x5589f7c7732a]
[hydra08:394980] *** End of error message ***
[hydra11:373030] [ 5] /lib/x86_64-linux-gnu/libc.so.6(+0x8483c)[0x7f403e8ae83c]
[hydra10:505409] [ 7] /opt/mpi/openmpi-4.1.4//lib/libmpi.so.40(ompi_group_allocate+0x17)[0x7f681b8d31e7]
[hydra03:409958] [ 9] /opt/mpi/openmpi-4.1.4//lib/libmpi.so.40(PMPI_Group_incl+0x95)[0x7f8e2e470185]
[hydra07:419698] [ 5] /lib/x86_64-linux-gnu/libc.so.6(+0x8483c)[0x7f17988ae83c]
[hydra11:373030] [ 6] /lib/x86_64-linux-gnu/libc.so.6(__libc_calloc+0x81)[0x7f403e8b0bd1]
[hydra10:505409] [ 8] /opt/mpi/openmpi-4.1.4//lib/libmpi.so.40(ompi_group_incl_plist+0x65)[0x7f681b8d3915]
[hydra03:409960] [ 5] /lib/x86_64-linux-gnu/libc.so.6(+0x8483c)[0x7f3e0bf8683c]
[hydra07:419697] [ 9] /opt/mpi/openmpi-4.1.4//lib/libmpi.so.40(PMPI_Group_incl+0x95)[0x7fc86ca3f185]
[hydra07:419697] [10] /home/thesis/jheld/MPI_Syrk_implementation/build/src/MPI_SYRK_implementation(+0x841a)[0x5566868f841a]
[hydra11:373030] [ 7] /opt/mpi/openmpi-4.1.4//lib/libmpi.so.40(ompi_group_allocate+0x17)[0x7f404077e1e7]
[hydra10:505409] [ 9] /opt/mpi/openmpi-4.1.4//lib/libmpi.so.40(PMPI_Group_incl+0x95)[0x7f681b904185]
[hydra10:505409] [10] /home/thesis/jheld/MPI_Syrk_implementation/build/src/MPI_SYRK_implementation(+0x841a)[0x5555ed5a341a]
[hydra03:409958] [10] /home/thesis/jheld/MPI_Syrk_implementation/build/src/MPI_SYRK_implementation(+0x841a)[0x56150e9df41a]
[hydra03:409958] [11] /home/thesis/jheld/MPI_Syrk_implementation/build/src/MPI_SYRK_implementation(+0x2ab0)[0x56150e9d9ab0]
[hydra07:419697] [11] /home/thesis/jheld/MPI_Syrk_implementation/build/src/MPI_SYRK_implementation(+0x2ab0)[0x5566868f2ab0]
[hydra11:373030] [ 8] /opt/mpi/openmpi-4.1.4//lib/libmpi.so.40(ompi_group_incl_plist+0x65)[0x7f404077e915]
[hydra10:505409] [11] /home/thesis/jheld/MPI_Syrk_implementation/build/src/MPI_SYRK_implementation(+0x2ab0)[0x5555ed59dab0]
[hydra03:409958] [12] /lib/x86_64-linux-gnu/libc.so.6(__libc_start_main+0xea)[0x7f8e2c50ed7a]
[hydra03:409958] [13] /home/thesis/jheld/MPI_Syrk_implementation/build/src/MPI_SYRK_implementation(+0x232a)[0x56150e9d932a]
[hydra03:409958] *** End of error message ***
[hydra07:419698] [ 6] /lib/x86_64-linux-gnu/libc.so.6(__libc_calloc+0x81)[0x7f17988b0bd1]
[hydra11:373030] [ 9] /opt/mpi/openmpi-4.1.4//lib/libmpi.so.40(PMPI_Group_incl+0x95)[0x7f40407af185]
[hydra10:505409] [12] /lib/x86_64-linux-gnu/libc.so.6(__libc_start_main+0xea)[0x7f68199a2d7a]
[hydra10:505409] [13] /home/thesis/jheld/MPI_Syrk_implementation/build/src/MPI_SYRK_implementation(+0x232a)[0x5555ed59d32a]
[hydra03:409960] [ 6] /lib/x86_64-linux-gnu/libc.so.6(__libc_calloc+0x81)[0x7f3e0bf88bd1]
[hydra03:409960] [ 7] /opt/mpi/openmpi-4.1.4//lib/libmpi.so.40(ompi_group_allocate+0x17)[0x7f3e0de561e7]
[hydra07:419697] [12] /lib/x86_64-linux-gnu/libc.so.6(__libc_start_main+0xea)[0x7fc86aaddd7a]
[hydra07:419697] [13] /home/thesis/jheld/MPI_Syrk_implementation/build/src/MPI_SYRK_implementation(+0x232a)[0x5566868f232a]
[hydra07:419697] *** End of error message ***
[hydra11:373030] [10] /home/thesis/jheld/MPI_Syrk_implementation/build/src/MPI_SYRK_implementation(+0x841a)[0x55b46c04441a]
[hydra11:373030] [11] /home/thesis/jheld/MPI_Syrk_implementation/build/src/MPI_SYRK_implementation(+0x2ab0)[0x55b46c03eab0]
[hydra10:505409] *** End of error message ***
[hydra03:409960] [ 8] /opt/mpi/openmpi-4.1.4//lib/libmpi.so.40(ompi_group_incl_plist+0x65)[0x7f3e0de56915]
[hydra07:419698] [ 7] /opt/mpi/openmpi-4.1.4//lib/libmpi.so.40(ompi_group_allocate+0x17)[0x7f179a77e1e7]
[hydra11:373030] [12] /lib/x86_64-linux-gnu/libc.so.6(__libc_start_main+0xea)[0x7f403e84dd7a]
[hydra11:373030] [13] /home/thesis/jheld/MPI_Syrk_implementation/build/src/MPI_SYRK_implementation(+0x232a)[0x55b46c03e32a]
[hydra03:409960] [ 9] /opt/mpi/openmpi-4.1.4//lib/libmpi.so.40(PMPI_Group_incl+0x95)[0x7f3e0de87185]
[hydra03:409960] [10] /home/thesis/jheld/MPI_Syrk_implementation/build/src/MPI_SYRK_implementation(+0x841a)[0x55c56606e41a]
[hydra11:373030] *** End of error message ***
[hydra07:419698] [ 8] /opt/mpi/openmpi-4.1.4//lib/libmpi.so.40(ompi_group_incl_plist+0x65)[0x7f179a77e915]
[hydra07:419698] [ 9] /opt/mpi/openmpi-4.1.4//lib/libmpi.so.40(PMPI_Group_incl+0x95)[0x7f179a7af185]
[hydra07:419698] [10] /home/thesis/jheld/MPI_Syrk_implementation/build/src/MPI_SYRK_implementation(+0x841a)[0x561d3a17041a]
[hydra07:419698] [11] /home/thesis/jheld/MPI_Syrk_implementation/build/src/MPI_SYRK_implementation(+0x2ab0)[0x561d3a16aab0]
[hydra07:419698] [12] /lib/x86_64-linux-gnu/libc.so.6(__libc_start_main+0xea)[0x7f179884dd7a]
[hydra07:419698] [13] /home/thesis/jheld/MPI_Syrk_implementation/build/src/MPI_SYRK_implementation(+0x232a)[0x561d3a16a32a]
[hydra07:419698] *** End of error message ***
[hydra03:409960] [11] /home/thesis/jheld/MPI_Syrk_implementation/build/src/MPI_SYRK_implementation(+0x2ab0)[0x55c566068ab0]
[hydra03:409960] [12] /lib/x86_64-linux-gnu/libc.so.6(__libc_start_main+0xea)[0x7f3e0bf25d7a]
[hydra03:409960] [13] /home/thesis/jheld/MPI_Syrk_implementation/build/src/MPI_SYRK_implementation(+0x232a)[0x55c56606832a]
[hydra03:409960] *** End of error message ***
srun: error: hydra12: task 35: Aborted
srun: error: hydra02: task 5: Aborted
srun: error: hydra05: task 13: Aborted
srun: error: hydra06: task 17: Aborted
srun: error: hydra08: task 23: Aborted
srun: error: hydra04: task 11: Aborted
srun: error: hydra10: task 29: Aborted
srun: error: hydra03: tasks 6,8: Aborted
srun: error: hydra07: tasks 19-20: Aborted
srun: error: hydra01: tasks 0,2: Aborted
srun: error: hydra09: tasks 24,26: Aborted
srun: error: hydra11: tasks 31-32: Aborted
slurmstepd: error:  mpi/pmix_v4: _errhandler: hydra02 [1]: pmixp_client_v2.c:211: Error handler invoked: status = -61, source = [slurm.pmix.5008700.4:5]
slurmstepd: error:  mpi/pmix_v4: _errhandler: hydra01 [0]: pmixp_client_v2.c:211: Error handler invoked: status = -61, source = [slurm.pmix.5008700.4:2]
slurmstepd: error: *** STEP 5008700.4 ON hydra01 CANCELLED AT 2025-10-13T15:37:54 ***
slurmstepd: error:  mpi/pmix_v4: _errhandler: hydra04 [3]: pmixp_client_v2.c:211: Error handler invoked: status = -61, source = [slurm.pmix.5008700.4:11]
slurmstepd: error:  mpi/pmix_v4: _errhandler: hydra12 [11]: pmixp_client_v2.c:211: Error handler invoked: status = -61, source = [slurm.pmix.5008700.4:35]
slurmstepd: error:  mpi/pmix_v4: _errhandler: hydra05 [4]: pmixp_client_v2.c:211: Error handler invoked: status = -61, source = [slurm.pmix.5008700.4:13]
slurmstepd: error:  mpi/pmix_v4: _errhandler: hydra08 [7]: pmixp_client_v2.c:211: Error handler invoked: status = -61, source = [slurm.pmix.5008700.4:23]
slurmstepd: error:  mpi/pmix_v4: _errhandler: hydra06 [5]: pmixp_client_v2.c:211: Error handler invoked: status = -61, source = [slurm.pmix.5008700.4:17]
slurmstepd: error:  mpi/pmix_v4: _errhandler: hydra10 [9]: pmixp_client_v2.c:211: Error handler invoked: status = -61, source = [slurm.pmix.5008700.4:29]
slurmstepd: error:  mpi/pmix_v4: _errhandler: hydra11 [10]: pmixp_client_v2.c:211: Error handler invoked: status = -61, source = [slurm.pmix.5008700.4:32]
slurmstepd: error:  mpi/pmix_v4: _errhandler: hydra09 [8]: pmixp_client_v2.c:211: Error handler invoked: status = -61, source = [slurm.pmix.5008700.4:26]
slurmstepd: error:  mpi/pmix_v4: _errhandler: hydra07 [6]: pmixp_client_v2.c:211: Error handler invoked: status = -61, source = [slurm.pmix.5008700.4:19]
slurmstepd: error:  mpi/pmix_v4: _errhandler: hydra03 [2]: pmixp_client_v2.c:211: Error handler invoked: status = -61, source = [slurm.pmix.5008700.4:6]
srun: Job step aborted: Waiting up to 32 seconds for job step to finish.
srun: error: hydra01: task 1: Killed
srun: error: hydra11: task 30: Killed
srun: error: hydra07: task 18: Killed
srun: error: hydra09: task 25: Killed
srun: error: hydra03: task 7: Killed
srun: error: hydra05: tasks 12,14: Killed
srun: error: hydra10: tasks 27-28: Killed
srun: error: hydra04: tasks 9-10: Killed
srun: error: hydra06: tasks 15-16: Killed
srun: error: hydra08: tasks 21-22: Killed
srun: error: hydra02: tasks 3-4: Killed
srun: error: hydra12: tasks 33-34: Killed
⚠️ Warning: No runtime found for run 5
srun: Warning: can't honor --ntasks-per-node set to 1 which doesn't match the requested tasks 36 with the number of requested nodes 12. Ignoring --ntasks-per-node.
missing input file name --> Generate random input
malloc(): invalid size (unsorted)
[hydra11:373102] *** Process received signal ***
[hydra11:373102] Signal: Aborted (6)
[hydra11:373102] Signal code:  (-6)
malloc(): invalid size (unsorted)
[hydra12:373068] *** Process received signal ***
[hydra12:373068] Signal: Aborted (6)
[hydra12:373068] Signal code:  (-6)
malloc(): invalid size (unsorted)
[hydra01:901535] *** Process received signal ***
[hydra01:901535] Signal: Aborted (6)
[hydra01:901535] Signal code:  (-6)
[hydra11:373102] [ 0] /lib/x86_64-linux-gnu/libc.so.6(+0x38de0)[0x7f88faea1de0]
[hydra11:373102] [ 1] /lib/x86_64-linux-gnu/libc.so.6(gsignal+0x141)[0x7f88faea1d61]
malloc(): invalid size (unsorted)
[hydra07:419768] *** Process received signal ***
[hydra07:419768] Signal: Aborted (6)
[hydra07:419768] Signal code:  (-6)
malloc(): invalid size (unsorted)
[hydra03:410030] *** Process received signal ***
[hydra03:410030] Signal: Aborted (6)
[hydra03:410030] Signal code:  (-6)
malloc(): invalid size (unsorted)
[hydra02:582993] *** Process received signal ***
[hydra02:582993] Signal: Aborted (6)
[hydra02:582993] Signal code:  (-6)
malloc(): invalid size (unsorted)
[hydra05:392701] *** Process received signal ***
[hydra05:392701] Signal: Aborted (6)
[hydra05:392701] Signal code:  (-6)
[hydra11:373102] [ 2] /lib/x86_64-linux-gnu/libc.so.6(abort+0x123)[0x7f88fae8b537]
[hydra01:901535] [ 0] /lib/x86_64-linux-gnu/libc.so.6(+0x38de0)[0x7f1b8e070de0]
[hydra11:373102] [ 3] /lib/x86_64-linux-gnu/libc.so.6(+0x7a468)[0x7f88faee3468]
[hydra07:419768] [ 0] /lib/x86_64-linux-gnu/libc.so.6(+0x38de0)[0x7f4af0f39de0]
malloc(): invalid size (unsorted)
[hydra04:408752] *** Process received signal ***
[hydra04:408752] Signal: Aborted (6)
[hydra04:408752] Signal code:  (-6)
[hydra01:901535] [ 1] /lib/x86_64-linux-gnu/libc.so.6(gsignal+0x141)[0x7f1b8e070d61]
[hydra01:901535] [ 2] /lib/x86_64-linux-gnu/libc.so.6(abort+0x123)[0x7f1b8e05a537]
[hydra11:373102] [ 4] /lib/x86_64-linux-gnu/libc.so.6(+0x8175a)[0x7f88faeea75a]
[hydra03:410030] [ 0] /lib/x86_64-linux-gnu/libc.so.6(+0x38de0)[0x7fbb16a4fde0]
malloc(): invalid size (unsorted)
[hydra09:386062] *** Process received signal ***
malloc(): invalid size (unsorted)
[hydra04:408751] *** Process received signal ***
[hydra04:408751] Signal: Aborted (6)
[hydra04:408751] Signal code:  (-6)
[hydra01:901535] [ 3] /lib/x86_64-linux-gnu/libc.so.6(+0x7a468)[0x7f1b8e0b2468]
malloc(): invalid size (unsorted)
[hydra07:419768] [ 1] /lib/x86_64-linux-gnu/libc.so.6(gsignal+0x141)[0x7f4af0f39d61]
[hydra03:410030] [ 1] /lib/x86_64-linux-gnu/libc.so.6(gsignal+0x141)[0x7fbb16a4fd61]
[hydra04:408752] [ 0] /lib/x86_64-linux-gnu/libc.so.6(+0x38de0)[0x7f6ae4dc7de0]
malloc(): invalid size (unsorted)
[hydra08:395051] *** Process received signal ***
[hydra08:395051] Signal: Aborted (6)
[hydra08:395051] Signal code:  (-6)
malloc(): invalid size (unsorted)
[hydra12:373069] *** Process received signal ***
[hydra12:373069] Signal: Aborted (6)
[hydra12:373069] Signal code:  (-6)
[hydra01:901535] [ 4] /lib/x86_64-linux-gnu/libc.so.6(+0x8175a)[0x7f1b8e0b975a]
malloc(): invalid size (unsorted)
[hydra06:393384] *** Process received signal ***
[hydra06:393384] Signal: Aborted (6)
[hydra06:393384] Signal code:  (-6)
malloc(): invalid size (unsorted)
[hydra10:505483] *** Process received signal ***
[hydra10:505483] Signal: Aborted (6)
[hydra10:505483] Signal code:  (-6)
[hydra11:373102] [ 5] /lib/x86_64-linux-gnu/libc.so.6(+0x8483c)[0x7f88faeed83c]
[hydra07:419768] [ 2] /lib/x86_64-linux-gnu/libc.so.6(abort+0x123)[0x7f4af0f23537]
[hydra03:410030] [ 2] /lib/x86_64-linux-gnu/libc.so.6(abort+0x123)[0x7fbb16a39537]
malloc(): invalid size (unsorted)
[hydra09:386063] *** Process received signal ***
[hydra09:386063] Signal: Aborted (6)
[hydra09:386063] Signal code:  (-6)
[hydra04:408751] [ 0] /lib/x86_64-linux-gnu/libc.so.6(+0x38de0)[0x7f5d8174ade0]
malloc(): invalid size (unsorted)
[hydra12:373067] *** Process received signal ***
[hydra12:373067] Signal: Aborted (6)
[hydra12:373067] Signal code:  (-6)
[hydra01:901535] [ 5] /lib/x86_64-linux-gnu/libc.so.6(+0x8483c)[0x7f1b8e0bc83c]
[hydra11:373101] *** Process received signal ***
[hydra07:419768] [ 3] /lib/x86_64-linux-gnu/libc.so.6(+0x7a468)[0x7f4af0f7b468]
[hydra03:410030] [ 3] /lib/x86_64-linux-gnu/libc.so.6(+0x7a468)[0x7fbb16a91468]
[hydra09:386062] Signal: Aborted (6)
[hydra09:386062] Signal code:  (-6)
[hydra04:408752] [ 1] /lib/x86_64-linux-gnu/libc.so.6(gsignal+0x141)[0x7f6ae4dc7d61]
[hydra04:408752] [ 2] /lib/x86_64-linux-gnu/libc.so.6(abort+0x123)[0x7f6ae4db1537]
[hydra12:373068] [ 0] /lib/x86_64-linux-gnu/libc.so.6(+0x38de0)[0x7f092647ade0]
[hydra01:901535] [ 6] /lib/x86_64-linux-gnu/libc.so.6(__libc_calloc+0x81)[0x7f1b8e0bebd1]
[hydra11:373102] [ 6] /lib/x86_64-linux-gnu/libc.so.6(__libc_calloc+0x81)[0x7f88faeefbd1]
[hydra07:419768] [ 4] /lib/x86_64-linux-gnu/libc.so.6(+0x8175a)[0x7f4af0f8275a]
[hydra03:410030] [ 4] /lib/x86_64-linux-gnu/libc.so.6(+0x8175a)[0x7fbb16a9875a]
malloc(): invalid size (unsorted)
[hydra04:408751] [ 1] /lib/x86_64-linux-gnu/libc.so.6(gsignal+0x141)[0x7f5d8174ad61]
[hydra12:373068] [ 1] /lib/x86_64-linux-gnu/libc.so.6(gsignal+0x141)[0x7f092647ad61]
[hydra01:901535] [ 7] /opt/mpi/openmpi-4.1.4//lib/libmpi.so.40(ompi_group_allocate+0x17)[0x7f1b8ff8c1e7]
malloc(): invalid size (unsorted)
[hydra10:505484] *** Process received signal ***
[hydra10:505484] Signal: Aborted (6)
[hydra10:505484] Signal code:  (-6)
[hydra11:373101] Signal: Aborted (6)
[hydra11:373101] Signal code:  (-6)
[hydra07:419768] [ 5] /lib/x86_64-linux-gnu/libc.so.6(+0x8483c)[0x7f4af0f8583c]
[hydra03:410030] [ 5] /lib/x86_64-linux-gnu/libc.so.6(+0x8483c)[0x7fbb16a9b83c]
[hydra09:386063] [ 0] /lib/x86_64-linux-gnu/libc.so.6(+0x38de0)[0x7ff0913a1de0]
[hydra04:408752] [ 3] /lib/x86_64-linux-gnu/libc.so.6(+0x7a468)[0x7f6ae4e09468]
[hydra12:373067] [ 0] /lib/x86_64-linux-gnu/libc.so.6(+0x38de0)[0x7f191faabde0]
[hydra01:901535] [ 8] /opt/mpi/openmpi-4.1.4//lib/libmpi.so.40(ompi_group_incl_plist+0x65)[0x7f1b8ff8c915]
[hydra10:505483] [ 0] /lib/x86_64-linux-gnu/libc.so.6(+0x38de0)[0x7fe6be158de0]
[hydra11:373102] [ 7] /opt/mpi/openmpi-4.1.4//lib/libmpi.so.40(ompi_group_allocate+0x17)[0x7f88fcdbd1e7]
[hydra07:419768] [ 6] /lib/x86_64-linux-gnu/libc.so.6(__libc_calloc+0x81)[0x7f4af0f87bd1]
[hydra03:410030] [ 6] /lib/x86_64-linux-gnu/libc.so.6(__libc_calloc+0x81)[0x7fbb16a9dbd1]
[hydra09:386064] *** Process received signal ***
[hydra04:408751] [ 2] /lib/x86_64-linux-gnu/libc.so.6(abort+0x123)[0x7f5d81734537]
[hydra12:373069] [ 0] /lib/x86_64-linux-gnu/libc.so.6(+0x38de0)[0x7f96d1b8fde0]
[hydra01:901535] [ 9] /opt/mpi/openmpi-4.1.4//lib/libmpi.so.40(PMPI_Group_incl+0x95)[0x7f1b8ffbd185]
[hydra01:901535] [10] /home/thesis/jheld/MPI_Syrk_implementation/build/src/MPI_SYRK_implementation(+0x841a)[0x564dbc8b841a]
[hydra10:505484] [ 0] /lib/x86_64-linux-gnu/libc.so.6(+0x38de0)[0x7f7abc9bade0]
[hydra11:373102] [ 8] /opt/mpi/openmpi-4.1.4//lib/libmpi.so.40(ompi_group_incl_plist+0x65)[0x7f88fcdbd915]
[hydra07:419768] [ 7] /opt/mpi/openmpi-4.1.4//lib/libmpi.so.40(ompi_group_allocate+0x17)[0x7f4af2e551e7]
[hydra03:410030] [ 7] /opt/mpi/openmpi-4.1.4//lib/libmpi.so.40(ompi_group_allocate+0x17)[0x7fbb1896b1e7]
[hydra09:386062] [ 0] /lib/x86_64-linux-gnu/libc.so.6(+0x38de0)[0x7f786fc47de0]
[hydra04:408751] [ 3] /lib/x86_64-linux-gnu/libc.so.6(+0x7a468)[0x7f5d8178c468]
malloc(): invalid size (unsorted)
[hydra02:582994] *** Process received signal ***
[hydra02:582994] Signal: Aborted (6)
[hydra02:582994] Signal code:  (-6)
malloc(): invalid size (unsorted)
[hydra12:373067] [ 1] /lib/x86_64-linux-gnu/libc.so.6(gsignal+0x141)[0x7f191faabd61]
[hydra01:901535] [11] /home/thesis/jheld/MPI_Syrk_implementation/build/src/MPI_SYRK_implementation(+0x2ab0)[0x564dbc8b2ab0]
[hydra10:505483] [ 1] /lib/x86_64-linux-gnu/libc.so.6(gsignal+0x141)[0x7fe6be158d61]
[hydra11:373102] [ 9] /opt/mpi/openmpi-4.1.4//lib/libmpi.so.40(PMPI_Group_incl+0x95)[0x7f88fcdee185]
[hydra11:373102] [10] /home/thesis/jheld/MPI_Syrk_implementation/build/src/MPI_SYRK_implementation(+0x841a)[0x559eb2a7041a]
[hydra07:419768] [ 8] /opt/mpi/openmpi-4.1.4//lib/libmpi.so.40(ompi_group_incl_plist+0x65)[0x7f4af2e55915]
[hydra03:410030] [ 8] /opt/mpi/openmpi-4.1.4//lib/libmpi.so.40(ompi_group_incl_plist+0x65)[0x7fbb1896b915]
[hydra09:386064] Signal: Aborted (6)
[hydra09:386064] Signal code:  (-6)
[hydra04:408752] [ 4] /lib/x86_64-linux-gnu/libc.so.6(+0x8175a)[0x7f6ae4e1075a]
[hydra02:582993] [ 0] /lib/x86_64-linux-gnu/libc.so.6(+0x38de0)[0x7f518aeb3de0]
[hydra05:392702] *** Process received signal ***
[hydra05:392702] Signal: Aborted (6)
[hydra05:392702] Signal code:  (-6)
[hydra12:373068] [ 2] /lib/x86_64-linux-gnu/libc.so.6(abort+0x123)[0x7f0926464537]
[hydra01:901535] [12] /lib/x86_64-linux-gnu/libc.so.6(__libc_start_main+0xea)[0x7f1b8e05bd7a]
[hydra01:901535] [13] /home/thesis/jheld/MPI_Syrk_implementation/build/src/MPI_SYRK_implementation(+0x232a)[0x564dbc8b232a]
[hydra01:901535] *** End of error message ***
[hydra10:505484] [ 1] /lib/x86_64-linux-gnu/libc.so.6(gsignal+0x141)[0x7f7abc9bad61]
[hydra11:373102] [11] /home/thesis/jheld/MPI_Syrk_implementation/build/src/MPI_SYRK_implementation(+0x2ab0)[0x559eb2a6aab0]
[hydra07:419768] [ 9] /opt/mpi/openmpi-4.1.4//lib/libmpi.so.40(PMPI_Group_incl+0x95)[0x7f4af2e86185]
[hydra07:419768] [10] /home/thesis/jheld/MPI_Syrk_implementation/build/src/MPI_SYRK_implementation(+0x841a)[0x563fcbfbf41a]
[hydra03:410030] [ 9] /opt/mpi/openmpi-4.1.4//lib/libmpi.so.40(PMPI_Group_incl+0x95)[0x7fbb1899c185]
[hydra03:410030] [10] /home/thesis/jheld/MPI_Syrk_implementation/build/src/MPI_SYRK_implementation(+0x841a)[0x5585b6fbe41a]
[hydra09:386063] [ 1] /lib/x86_64-linux-gnu/libc.so.6(gsignal+0x141)[0x7ff0913a1d61]
[hydra04:408752] [ 5] /lib/x86_64-linux-gnu/libc.so.6(+0x8483c)[0x7f6ae4e1383c]
[hydra02:582994] [ 0] /lib/x86_64-linux-gnu/libc.so.6(+0x38de0)[0x7fd7ad249de0]
[hydra05:392701] [ 0] /lib/x86_64-linux-gnu/libc.so.6(+0x38de0)[0x7fc6a8819de0]
[hydra12:373069] [ 1] /lib/x86_64-linux-gnu/libc.so.6(gsignal+0x141)[0x7f96d1b8fd61]
[hydra10:505483] [ 2] /lib/x86_64-linux-gnu/libc.so.6(abort+0x123)[0x7fe6be142537]
[hydra11:373101] [ 0] /lib/x86_64-linux-gnu/libc.so.6(+0x38de0)[0x7f0d14c82de0]
[hydra07:419768] [11] /home/thesis/jheld/MPI_Syrk_implementation/build/src/MPI_SYRK_implementation(+0x2ab0)[0x563fcbfb9ab0]
[hydra03:410030] [11] /home/thesis/jheld/MPI_Syrk_implementation/build/src/MPI_SYRK_implementation(+0x2ab0)[0x5585b6fb8ab0]
[hydra09:386062] [ 1] /lib/x86_64-linux-gnu/libc.so.6(gsignal+0x141)[0x7f786fc47d61]
[hydra04:408751] [ 4] /lib/x86_64-linux-gnu/libc.so.6(+0x8175a)[0x7f5d8179375a]
[hydra02:582994] [ 1] /lib/x86_64-linux-gnu/libc.so.6(gsignal+0x141)[0x7fd7ad249d61]
[hydra08:395051] [ 0] /lib/x86_64-linux-gnu/libc.so.6(+0x38de0)[0x7fd238fb1de0]
[hydra05:392701] [ 1] /lib/x86_64-linux-gnu/libc.so.6(gsignal+0x141)[0x7fc6a8819d61]
[hydra12:373067] [ 2] /lib/x86_64-linux-gnu/libc.so.6(abort+0x123)[0x7f191fa95537]
[hydra10:505484] [ 2] /lib/x86_64-linux-gnu/libc.so.6(abort+0x123)[0x7f7abc9a4537]
[hydra11:373102] [12] /lib/x86_64-linux-gnu/libc.so.6(__libc_start_main+0xea)[0x7f88fae8cd7a]
[hydra11:373102] [13] /home/thesis/jheld/MPI_Syrk_implementation/build/src/MPI_SYRK_implementation(+0x232a)[0x559eb2a6a32a]
[hydra11:373102] *** End of error message ***
[hydra07:419768] [12] /lib/x86_64-linux-gnu/libc.so.6(__libc_start_main+0xea)[0x7f4af0f24d7a]
[hydra07:419768] [13] /home/thesis/jheld/MPI_Syrk_implementation/build/src/MPI_SYRK_implementation(+0x232a)[0x563fcbfb932a]
[hydra03:410030] [12] /lib/x86_64-linux-gnu/libc.so.6(__libc_start_main+0xea)[0x7fbb16a3ad7a]
[hydra09:386063] [ 2] /lib/x86_64-linux-gnu/libc.so.6(abort+0x123)[0x7ff09138b537]
[hydra04:408752] [ 6] /lib/x86_64-linux-gnu/libc.so.6(__libc_calloc+0x81)[0x7f6ae4e15bd1]
[hydra02:582993] [ 1] /lib/x86_64-linux-gnu/libc.so.6(gsignal+0x141)[0x7f518aeb3d61]
[hydra08:395051] [ 1] /lib/x86_64-linux-gnu/libc.so.6(gsignal+0x141)[0x7fd238fb1d61]
[hydra05:392701] [ 2] /lib/x86_64-linux-gnu/libc.so.6(abort+0x123)[0x7fc6a8803537]
[hydra12:373069] [ 2] /lib/x86_64-linux-gnu/libc.so.6(abort+0x123)[0x7f96d1b79537]
[hydra06:393384] [ 0] /lib/x86_64-linux-gnu/libc.so.6(+0x38de0)[0x7f41fc6e5de0]
[hydra10:505483] [ 3] /lib/x86_64-linux-gnu/libc.so.6(+0x7a468)[0x7fe6be19a468]
[hydra11:373101] [ 1] /lib/x86_64-linux-gnu/libc.so.6(gsignal+0x141)[0x7f0d14c82d61]
[hydra07:419768] *** End of error message ***
[hydra03:410030] [13] /home/thesis/jheld/MPI_Syrk_implementation/build/src/MPI_SYRK_implementation(+0x232a)[0x5585b6fb832a]
[hydra03:410030] *** End of error message ***
[hydra09:386062] [ 2] /lib/x86_64-linux-gnu/libc.so.6(abort+0x123)[0x7f786fc31537]
[hydra04:408751] [ 5] /lib/x86_64-linux-gnu/libc.so.6(+0x8483c)[0x7f5d8179683c]
[hydra02:582993] [ 2] /lib/x86_64-linux-gnu/libc.so.6(abort+0x123)[0x7f518ae9d537]
[hydra08:395051] [ 2] /lib/x86_64-linux-gnu/libc.so.6(abort+0x123)[0x7fd238f9b537]
[hydra05:392701] [ 3] /lib/x86_64-linux-gnu/libc.so.6(+0x7a468)[0x7fc6a885b468]
[hydra05:392701] [ 4] /lib/x86_64-linux-gnu/libc.so.6(+0x8175a)[0x7fc6a886275a]
[hydra12:373068] [ 3] /lib/x86_64-linux-gnu/libc.so.6(+0x7a468)[0x7f09264bc468]
[hydra06:393384] [ 1] /lib/x86_64-linux-gnu/libc.so.6(gsignal+0x141)[0x7f41fc6e5d61]
[hydra10:505484] [ 3] /lib/x86_64-linux-gnu/libc.so.6(+0x7a468)[0x7f7abc9fc468]
[hydra11:373101] [ 2] /lib/x86_64-linux-gnu/libc.so.6(abort+0x123)[0x7f0d14c6c537]
[hydra09:386063] [ 3] /lib/x86_64-linux-gnu/libc.so.6(+0x7a468)[0x7ff0913e3468]
[hydra04:408752] [ 7] /opt/mpi/openmpi-4.1.4//lib/libmpi.so.40(ompi_group_allocate+0x17)[0x7f6ae6ce31e7]
[hydra02:582994] [ 2] /lib/x86_64-linux-gnu/libc.so.6(abort+0x123)[0x7fd7ad233537]
[hydra08:395051] [ 3] /lib/x86_64-linux-gnu/libc.so.6(+0x7a468)[0x7fd238ff3468]
[hydra05:392702] [ 0] /lib/x86_64-linux-gnu/libc.so.6(+0x38de0)[0x7fdf7d002de0]
[hydra05:392702] [ 1] /lib/x86_64-linux-gnu/libc.so.6(gsignal+0x141)[0x7fdf7d002d61]
[hydra05:392702] [ 2] /lib/x86_64-linux-gnu/libc.so.6(abort+0x123)[0x7fdf7cfec537]
[hydra12:373067] [ 3] /lib/x86_64-linux-gnu/libc.so.6(+0x7a468)[0x7f191faed468]
[hydra06:393384] [ 2] /lib/x86_64-linux-gnu/libc.so.6(abort+0x123)[0x7f41fc6cf537]
[hydra10:505483] [ 4] /lib/x86_64-linux-gnu/libc.so.6(+0x8175a)[0x7fe6be1a175a]
[hydra11:373101] [ 3] /lib/x86_64-linux-gnu/libc.so.6(+0x7a468)[0x7f0d14cc4468]
[hydra09:386062] [ 3] /lib/x86_64-linux-gnu/libc.so.6(+0x7a468)[0x7f786fc89468]
[hydra04:408751] [ 6] /lib/x86_64-linux-gnu/libc.so.6(__libc_calloc+0x81)[0x7f5d81798bd1]
[hydra02:582993] [ 3] /lib/x86_64-linux-gnu/libc.so.6(+0x7a468)[0x7f518aef5468]
[hydra08:395051] [ 4] /lib/x86_64-linux-gnu/libc.so.6(+0x8175a)[0x7fd238ffa75a]
[hydra05:392701] [ 5] /lib/x86_64-linux-gnu/libc.so.6(+0x8483c)[0x7fc6a886583c]
[hydra12:373068] [ 4] /lib/x86_64-linux-gnu/libc.so.6(+0x8175a)[0x7f09264c375a]
[hydra06:393384] [ 3] /lib/x86_64-linux-gnu/libc.so.6(+0x7a468)[0x7f41fc727468]
[hydra10:505484] [ 4] /lib/x86_64-linux-gnu/libc.so.6(+0x8175a)[0x7f7abca0375a]
[hydra11:373101] [ 4] /lib/x86_64-linux-gnu/libc.so.6(+0x8175a)[0x7f0d14ccb75a]
[hydra09:386063] [ 4] /lib/x86_64-linux-gnu/libc.so.6(+0x8175a)[0x7ff0913ea75a]
[hydra04:408752] [ 8] /opt/mpi/openmpi-4.1.4//lib/libmpi.so.40(ompi_group_incl_plist+0x65)[0x7f6ae6ce3915]
[hydra02:582994] [ 3] /lib/x86_64-linux-gnu/libc.so.6(+0x7a468)[0x7fd7ad28b468]
[hydra08:395051] [ 5] /lib/x86_64-linux-gnu/libc.so.6(+0x8483c)[0x7fd238ffd83c]
[hydra05:392702] [ 3] /lib/x86_64-linux-gnu/libc.so.6(+0x7a468)[0x7fdf7d044468]
[hydra12:373069] [ 3] /lib/x86_64-linux-gnu/libc.so.6(+0x7a468)[0x7f96d1bd1468]
[hydra06:393384] [ 4] /lib/x86_64-linux-gnu/libc.so.6(+0x8175a)[0x7f41fc72e75a]
[hydra10:505483] [ 5] /lib/x86_64-linux-gnu/libc.so.6(+0x8483c)[0x7fe6be1a483c]
[hydra11:373101] [ 5] /lib/x86_64-linux-gnu/libc.so.6(+0x8483c)[0x7f0d14cce83c]
[hydra09:386064] [ 0] /lib/x86_64-linux-gnu/libc.so.6(+0x38de0)[0x7f1a20660de0]
[hydra04:408751] [ 7] /opt/mpi/openmpi-4.1.4//lib/libmpi.so.40(ompi_group_allocate+0x17)[0x7f5d836661e7]
[hydra02:582993] [ 4] /lib/x86_64-linux-gnu/libc.so.6(+0x8175a)[0x7f518aefc75a]
[hydra08:395051] [ 6] /lib/x86_64-linux-gnu/libc.so.6(__libc_calloc+0x81)[0x7fd238fffbd1]
[hydra05:392701] [ 6] /lib/x86_64-linux-gnu/libc.so.6(__libc_calloc+0x81)[0x7fc6a8867bd1]
[hydra12:373068] [ 5] /lib/x86_64-linux-gnu/libc.so.6(+0x8483c)[0x7f09264c683c]
[hydra06:393384] [ 5] /lib/x86_64-linux-gnu/libc.so.6(+0x8483c)[0x7f41fc73183c]
[hydra10:505484] [ 5] /lib/x86_64-linux-gnu/libc.so.6(+0x8483c)[0x7f7abca0683c]
[hydra11:373101] [ 6] /lib/x86_64-linux-gnu/libc.so.6(__libc_calloc+0x81)[0x7f0d14cd0bd1]
[hydra09:386062] [ 4] /lib/x86_64-linux-gnu/libc.so.6(+0x8175a)[0x7f786fc9075a]
[hydra04:408752] [ 9] /opt/mpi/openmpi-4.1.4//lib/libmpi.so.40(PMPI_Group_incl+0x95)[0x7f6ae6d14185]
[hydra02:582994] [ 4] /lib/x86_64-linux-gnu/libc.so.6(+0x8175a)[0x7fd7ad29275a]
[hydra08:395051] [ 7] /opt/mpi/openmpi-4.1.4//lib/libmpi.so.40(ompi_group_allocate+0x17)[0x7fd23aecd1e7]
[hydra05:392702] [ 4] /lib/x86_64-linux-gnu/libc.so.6(+0x8175a)[0x7fdf7d04b75a]
[hydra12:373067] [ 4] /lib/x86_64-linux-gnu/libc.so.6(+0x8175a)[0x7f191faf475a]
[hydra06:393384] [ 6] /lib/x86_64-linux-gnu/libc.so.6(__libc_calloc+0x81)[0x7f41fc733bd1]
[hydra10:505483] [ 6] /lib/x86_64-linux-gnu/libc.so.6(__libc_calloc+0x81)[0x7fe6be1a6bd1]
[hydra11:373101] [ 7] /opt/mpi/openmpi-4.1.4//lib/libmpi.so.40(ompi_group_allocate+0x17)[0x7f0d16b9e1e7]
[hydra09:386063] [ 5] /lib/x86_64-linux-gnu/libc.so.6(+0x8483c)[0x7ff0913ed83c]
[hydra04:408751] [ 8] /opt/mpi/openmpi-4.1.4//lib/libmpi.so.40(ompi_group_incl_plist+0x65)[0x7f5d83666915]
[hydra02:582993] [ 5] /lib/x86_64-linux-gnu/libc.so.6(+0x8483c)[0x7f518aeff83c]
[hydra08:395051] [ 8] /opt/mpi/openmpi-4.1.4//lib/libmpi.so.40(ompi_group_incl_plist+0x65)[0x7fd23aecd915]
[hydra05:392701] [ 7] /opt/mpi/openmpi-4.1.4//lib/libmpi.so.40(ompi_group_allocate+0x17)[0x7fc6aa7351e7]
[hydra12:373069] [ 4] /lib/x86_64-linux-gnu/libc.so.6(+0x8175a)[0x7f96d1bd875a]
[hydra06:393384] [ 7] /opt/mpi/openmpi-4.1.4//lib/libmpi.so.40(ompi_group_allocate+0x17)[0x7f41fe6011e7]
[hydra10:505484] [ 6] /lib/x86_64-linux-gnu/libc.so.6(__libc_calloc+0x81)[0x7f7abca08bd1]
[hydra11:373101] [ 8] /opt/mpi/openmpi-4.1.4//lib/libmpi.so.40(ompi_group_incl_plist+0x65)[0x7f0d16b9e915]
[hydra09:386064] [ 1] /lib/x86_64-linux-gnu/libc.so.6(gsignal+0x141)[0x7f1a20660d61]
[hydra04:408752] [10] /home/thesis/jheld/MPI_Syrk_implementation/build/src/MPI_SYRK_implementation(+0x841a)[0x562f806a641a]
[hydra04:408752] [11] /home/thesis/jheld/MPI_Syrk_implementation/build/src/MPI_SYRK_implementation(+0x2ab0)[0x562f806a0ab0]
[hydra02:582994] [ 5] /lib/x86_64-linux-gnu/libc.so.6(+0x8483c)[0x7fd7ad29583c]
[hydra08:395051] [ 9] /opt/mpi/openmpi-4.1.4//lib/libmpi.so.40(PMPI_Group_incl+0x95)[0x7fd23aefe185]
[hydra05:392702] [ 5] /lib/x86_64-linux-gnu/libc.so.6(+0x8483c)[0x7fdf7d04e83c]
[hydra12:373068] [ 6] /lib/x86_64-linux-gnu/libc.so.6(__libc_calloc+0x81)[0x7f09264c8bd1]
[hydra06:393384] [ 8] /opt/mpi/openmpi-4.1.4//lib/libmpi.so.40(ompi_group_incl_plist+0x65)[0x7f41fe601915]
[hydra10:505483] [ 7] /opt/mpi/openmpi-4.1.4//lib/libmpi.so.40(ompi_group_allocate+0x17)[0x7fe6c00741e7]
[hydra11:373101] [ 9] /opt/mpi/openmpi-4.1.4//lib/libmpi.so.40(PMPI_Group_incl+0x95)[0x7f0d16bcf185]
[hydra11:373101] [10] /home/thesis/jheld/MPI_Syrk_implementation/build/src/MPI_SYRK_implementation(+0x841a)[0x558181caa41a]
[hydra09:386062] [ 5] /lib/x86_64-linux-gnu/libc.so.6(+0x8483c)[0x7f786fc9383c]
[hydra04:408752] [12] /lib/x86_64-linux-gnu/libc.so.6(__libc_start_main+0xea)[0x7f6ae4db2d7a]
[hydra02:582993] [ 6] /lib/x86_64-linux-gnu/libc.so.6(__libc_calloc+0x81)[0x7f518af01bd1]
[hydra08:395051] [10] /home/thesis/jheld/MPI_Syrk_implementation/build/src/MPI_SYRK_implementation(+0x841a)[0x55f11bd9b41a]
[hydra08:395051] [11] /home/thesis/jheld/MPI_Syrk_implementation/build/src/MPI_SYRK_implementation(+0x2ab0)[0x55f11bd95ab0]
[hydra05:392701] [ 8] /opt/mpi/openmpi-4.1.4//lib/libmpi.so.40(ompi_group_incl_plist+0x65)[0x7fc6aa735915]
[hydra12:373067] [ 5] /lib/x86_64-linux-gnu/libc.so.6(+0x8483c)[0x7f191faf783c]
[hydra06:393384] [ 9] /opt/mpi/openmpi-4.1.4//lib/libmpi.so.40(PMPI_Group_incl+0x95)[0x7f41fe632185]
[hydra10:505484] [ 7] /opt/mpi/openmpi-4.1.4//lib/libmpi.so.40(ompi_group_allocate+0x17)[0x7f7abe8d61e7]
[hydra11:373101] [11] /home/thesis/jheld/MPI_Syrk_implementation/build/src/MPI_SYRK_implementation(+0x2ab0)[0x558181ca4ab0]
[hydra09:386063] [ 6] /lib/x86_64-linux-gnu/libc.so.6(__libc_calloc+0x81)[0x7ff0913efbd1]
[hydra04:408751] [ 9] /opt/mpi/openmpi-4.1.4//lib/libmpi.so.40(PMPI_Group_incl+0x95)[0x7f5d83697185]
[hydra04:408751] [10] /home/thesis/jheld/MPI_Syrk_implementation/build/src/MPI_SYRK_implementation(+0x841a)[0x56420837441a]
[hydra04:408751] [11] /home/thesis/jheld/MPI_Syrk_implementation/build/src/MPI_SYRK_implementation(+0x2ab0)[0x56420836eab0]
[hydra02:582994] [ 6] /lib/x86_64-linux-gnu/libc.so.6(__libc_calloc+0x81)[0x7fd7ad297bd1]
[hydra08:395051] [12] /lib/x86_64-linux-gnu/libc.so.6(__libc_start_main+0xea)[0x7fd238f9cd7a]
[hydra05:392702] [ 6] /lib/x86_64-linux-gnu/libc.so.6(__libc_calloc+0x81)[0x7fdf7d050bd1]
[hydra12:373069] [ 5] /lib/x86_64-linux-gnu/libc.so.6(+0x8483c)[0x7f96d1bdb83c]
[hydra06:393384] [10] /home/thesis/jheld/MPI_Syrk_implementation/build/src/MPI_SYRK_implementation(+0x841a)[0x5576ef60541a]
[hydra06:393384] [11] /home/thesis/jheld/MPI_Syrk_implementation/build/src/MPI_SYRK_implementation(+0x2ab0)[0x5576ef5ffab0]
[hydra10:505483] [ 8] /opt/mpi/openmpi-4.1.4//lib/libmpi.so.40(ompi_group_incl_plist+0x65)[0x7fe6c0074915]
[hydra11:373101] [12] /lib/x86_64-linux-gnu/libc.so.6(__libc_start_main+0xea)[0x7f0d14c6dd7a]
[hydra11:373101] [13] /home/thesis/jheld/MPI_Syrk_implementation/build/src/MPI_SYRK_implementation(+0x232a)[0x558181ca432a]
[hydra09:386064] [ 2] /lib/x86_64-linux-gnu/libc.so.6(abort+0x123)[0x7f1a2064a537]
[hydra04:408752] [13] /home/thesis/jheld/MPI_Syrk_implementation/build/src/MPI_SYRK_implementation(+0x232a)[0x562f806a032a]
[hydra04:408752] *** End of error message ***
[hydra02:582993] [ 7] /opt/mpi/openmpi-4.1.4//lib/libmpi.so.40(ompi_group_allocate+0x17)[0x7f518cdcf1e7]
[hydra08:395051] [13] /home/thesis/jheld/MPI_Syrk_implementation/build/src/MPI_SYRK_implementation(+0x232a)[0x55f11bd9532a]
[hydra08:395051] *** End of error message ***
[hydra05:392701] [ 9] /opt/mpi/openmpi-4.1.4//lib/libmpi.so.40(PMPI_Group_incl+0x95)[0x7fc6aa766185]
[hydra05:392701] [10] /home/thesis/jheld/MPI_Syrk_implementation/build/src/MPI_SYRK_implementation(+0x841a)[0x563ca626041a]
[hydra05:392701] [11] /home/thesis/jheld/MPI_Syrk_implementation/build/src/MPI_SYRK_implementation(+0x2ab0)[0x563ca625aab0]
[hydra12:373067] [ 6] /lib/x86_64-linux-gnu/libc.so.6(__libc_calloc+0x81)[0x7f191faf9bd1]
[hydra06:393384] [12] /lib/x86_64-linux-gnu/libc.so.6(__libc_start_main+0xea)[0x7f41fc6d0d7a]
[hydra06:393384] [13] /home/thesis/jheld/MPI_Syrk_implementation/build/src/MPI_SYRK_implementation(+0x232a)[0x5576ef5ff32a]
[hydra10:505484] [ 8] /opt/mpi/openmpi-4.1.4//lib/libmpi.so.40(ompi_group_incl_plist+0x65)[0x7f7abe8d6915]
[hydra11:373101] *** End of error message ***
[hydra09:386062] [ 6] /lib/x86_64-linux-gnu/libc.so.6(__libc_calloc+0x81)[0x7f786fc95bd1]
[hydra04:408751] [12] /lib/x86_64-linux-gnu/libc.so.6(__libc_start_main+0xea)[0x7f5d81735d7a]
[hydra04:408751] [13] /home/thesis/jheld/MPI_Syrk_implementation/build/src/MPI_SYRK_implementation(+0x232a)[0x56420836e32a]
[hydra02:582994] [ 7] /opt/mpi/openmpi-4.1.4//lib/libmpi.so.40(ompi_group_allocate+0x17)[0x7fd7af1651e7]
[hydra05:392702] [ 7] /opt/mpi/openmpi-4.1.4//lib/libmpi.so.40(ompi_group_allocate+0x17)[0x7fdf7ef1e1e7]
[hydra12:373068] [ 7] /opt/mpi/openmpi-4.1.4//lib/libmpi.so.40(ompi_group_allocate+0x17)[0x7f09283961e7]
[hydra06:393384] *** End of error message ***
[hydra10:505483] [ 9] /opt/mpi/openmpi-4.1.4//lib/libmpi.so.40(PMPI_Group_incl+0x95)[0x7fe6c00a5185]
[hydra09:386063] [ 7] /opt/mpi/openmpi-4.1.4//lib/libmpi.so.40(ompi_group_allocate+0x17)[0x7ff0932bd1e7]
[hydra04:408751] *** End of error message ***
[hydra02:582993] [ 8] /opt/mpi/openmpi-4.1.4//lib/libmpi.so.40(ompi_group_incl_plist+0x65)[0x7f518cdcf915]
[hydra05:392701] [12] /lib/x86_64-linux-gnu/libc.so.6(__libc_start_main+0xea)[0x7fc6a8804d7a]
[hydra05:392701] [13] /home/thesis/jheld/MPI_Syrk_implementation/build/src/MPI_SYRK_implementation(+0x232a)[0x563ca625a32a]
[hydra05:392701] *** End of error message ***
[hydra12:373069] [ 6] /lib/x86_64-linux-gnu/libc.so.6(__libc_calloc+0x81)[0x7f96d1bddbd1]
[hydra10:505484] [ 9] /opt/mpi/openmpi-4.1.4//lib/libmpi.so.40(PMPI_Group_incl+0x95)[0x7f7abe907185]
[hydra10:505484] [10] /home/thesis/jheld/MPI_Syrk_implementation/build/src/MPI_SYRK_implementation(+0x841a)[0x55fd5282341a]
[hydra10:505484] [11] /home/thesis/jheld/MPI_Syrk_implementation/build/src/MPI_SYRK_implementation(+0x2ab0)[0x55fd5281dab0]
[hydra09:386062] [ 7] /opt/mpi/openmpi-4.1.4//lib/libmpi.so.40(ompi_group_allocate+0x17)[0x7f7871b631e7]
[hydra02:582994] [ 8] /opt/mpi/openmpi-4.1.4//lib/libmpi.so.40(ompi_group_incl_plist+0x65)[0x7fd7af165915]
[hydra05:392702] [ 8] /opt/mpi/openmpi-4.1.4//lib/libmpi.so.40(ompi_group_incl_plist+0x65)[0x7fdf7ef1e915]
[hydra12:373067] [ 7] /opt/mpi/openmpi-4.1.4//lib/libmpi.so.40(ompi_group_allocate+0x17)[0x7f19219c71e7]
[hydra10:505483] [10] /home/thesis/jheld/MPI_Syrk_implementation/build/src/MPI_SYRK_implementation(+0x841a)[0x55f53541841a]
[hydra10:505483] [11] /home/thesis/jheld/MPI_Syrk_implementation/build/src/MPI_SYRK_implementation(+0x2ab0)[0x55f535412ab0]
[hydra09:386063] [ 8] /opt/mpi/openmpi-4.1.4//lib/libmpi.so.40(ompi_group_incl_plist+0x65)[0x7ff0932bd915]
[hydra02:582993] [ 9] /opt/mpi/openmpi-4.1.4//lib/libmpi.so.40(PMPI_Group_incl+0x95)[0x7f518ce00185]
[hydra02:582993] [10] /home/thesis/jheld/MPI_Syrk_implementation/build/src/MPI_SYRK_implementation(+0x841a)[0x560afeb0141a]
[hydra05:392702] [ 9] /opt/mpi/openmpi-4.1.4//lib/libmpi.so.40(PMPI_Group_incl+0x95)[0x7fdf7ef4f185]
[hydra12:373068] [ 8] /opt/mpi/openmpi-4.1.4//lib/libmpi.so.40(ompi_group_incl_plist+0x65)[0x7f0928396915]
[hydra10:505484] [12] /lib/x86_64-linux-gnu/libc.so.6(__libc_start_main+0xea)[0x7f7abc9a5d7a]
[hydra09:386064] [ 3] /lib/x86_64-linux-gnu/libc.so.6(+0x7a468)[0x7f1a206a2468]
[hydra02:582994] [ 9] /opt/mpi/openmpi-4.1.4//lib/libmpi.so.40(PMPI_Group_incl+0x95)[0x7fd7af196185]
[hydra02:582994] [10] /home/thesis/jheld/MPI_Syrk_implementation/build/src/MPI_SYRK_implementation(+0x841a)[0x558df061441a]
[hydra02:582994] [11] /home/thesis/jheld/MPI_Syrk_implementation/build/src/MPI_SYRK_implementation(+0x2ab0)[0x558df060eab0]
[hydra12:373069] [ 7] /opt/mpi/openmpi-4.1.4//lib/libmpi.so.40(ompi_group_allocate+0x17)[0x7f96d3aab1e7]
[hydra10:505483] [12] /lib/x86_64-linux-gnu/libc.so.6(__libc_start_main+0xea)[0x7fe6be143d7a]
[hydra10:505483] [13] /home/thesis/jheld/MPI_Syrk_implementation/build/src/MPI_SYRK_implementation(+0x232a)[0x55f53541232a]
[hydra10:505483] *** End of error message ***
[hydra09:386062] [ 8] /opt/mpi/openmpi-4.1.4//lib/libmpi.so.40(ompi_group_incl_plist+0x65)[0x7f7871b63915]
[hydra02:582993] [11] /home/thesis/jheld/MPI_Syrk_implementation/build/src/MPI_SYRK_implementation(+0x2ab0)[0x560afeafbab0]
[hydra12:373067] [ 8] /opt/mpi/openmpi-4.1.4//lib/libmpi.so.40(ompi_group_incl_plist+0x65)[0x7f19219c7915]
[hydra10:505484] [13] /home/thesis/jheld/MPI_Syrk_implementation/build/src/MPI_SYRK_implementation(+0x232a)[0x55fd5281d32a]
[hydra10:505484] *** End of error message ***
[hydra09:386063] [ 9] /opt/mpi/openmpi-4.1.4//lib/libmpi.so.40(PMPI_Group_incl+0x95)[0x7ff0932ee185]
[hydra09:386063] [10] /home/thesis/jheld/MPI_Syrk_implementation/build/src/MPI_SYRK_implementation(+0x841a)[0x564ff45e841a]
[hydra09:386063] [11] /home/thesis/jheld/MPI_Syrk_implementation/build/src/MPI_SYRK_implementation(+0x2ab0)[0x564ff45e2ab0]
[hydra02:582993] [12] /lib/x86_64-linux-gnu/libc.so.6(__libc_start_main+0xea)[0x7f518ae9ed7a]
[hydra02:582993] [13] /home/thesis/jheld/MPI_Syrk_implementation/build/src/MPI_SYRK_implementation(+0x232a)[0x560afeafb32a]
[hydra12:373068] [ 9] /opt/mpi/openmpi-4.1.4//lib/libmpi.so.40(PMPI_Group_incl+0x95)[0x7f09283c7185]
[hydra12:373068] [10] /home/thesis/jheld/MPI_Syrk_implementation/build/src/MPI_SYRK_implementation(+0x841a)[0x562c1be0541a]
[hydra12:373068] [11] /home/thesis/jheld/MPI_Syrk_implementation/build/src/MPI_SYRK_implementation(+0x2ab0)[0x562c1bdffab0]
[hydra09:386064] [ 4] /lib/x86_64-linux-gnu/libc.so.6(+0x8175a)[0x7f1a206a975a]
[hydra02:582994] [12] /lib/x86_64-linux-gnu/libc.so.6(__libc_start_main+0xea)[0x7fd7ad234d7a]
[hydra02:582994] [13] /home/thesis/jheld/MPI_Syrk_implementation/build/src/MPI_SYRK_implementation(+0x232a)[0x558df060e32a]
[hydra02:582994] *** End of error message ***
[hydra12:373069] [ 8] /opt/mpi/openmpi-4.1.4//lib/libmpi.so.40(ompi_group_incl_plist+0x65)[0x7f96d3aab915]
[hydra09:386062] [ 9] /opt/mpi/openmpi-4.1.4//lib/libmpi.so.40(PMPI_Group_incl+0x95)[0x7f7871b94185]
[hydra09:386062] [10] /home/thesis/jheld/MPI_Syrk_implementation/build/src/MPI_SYRK_implementation(+0x841a)[0x556af37dd41a]
[hydra02:582993] *** End of error message ***
[hydra12:373067] [ 9] /opt/mpi/openmpi-4.1.4//lib/libmpi.so.40(PMPI_Group_incl+0x95)[0x7f19219f8185]
[hydra12:373067] [10] /home/thesis/jheld/MPI_Syrk_implementation/build/src/MPI_SYRK_implementation(+0x841a)[0x55fd7847a41a]
[hydra09:386063] [12] /lib/x86_64-linux-gnu/libc.so.6(__libc_start_main+0xea)[0x7ff09138cd7a]
[hydra09:386063] [13] /home/thesis/jheld/MPI_Syrk_implementation/build/src/MPI_SYRK_implementation(+0x232a)[0x564ff45e232a]
[hydra12:373068] [12] /lib/x86_64-linux-gnu/libc.so.6(__libc_start_main+0xea)[0x7f0926465d7a]
[hydra12:373068] [13] /home/thesis/jheld/MPI_Syrk_implementation/build/src/MPI_SYRK_implementation(+0x232a)[0x562c1bdff32a]
[hydra12:373068] *** End of error message ***
[hydra09:386064] [ 5] /lib/x86_64-linux-gnu/libc.so.6(+0x8483c)[0x7f1a206ac83c]
[hydra12:373069] [ 9] /opt/mpi/openmpi-4.1.4//lib/libmpi.so.40(PMPI_Group_incl+0x95)[0x7f96d3adc185]
[hydra12:373069] [10] /home/thesis/jheld/MPI_Syrk_implementation/build/src/MPI_SYRK_implementation(+0x841a)[0x55f42150b41a]
[hydra12:373069] [11] /home/thesis/jheld/MPI_Syrk_implementation/build/src/MPI_SYRK_implementation(+0x2ab0)[0x55f421505ab0]
[hydra09:386062] [11] /home/thesis/jheld/MPI_Syrk_implementation/build/src/MPI_SYRK_implementation(+0x2ab0)[0x556af37d7ab0]
[hydra09:386062] [12] /lib/x86_64-linux-gnu/libc.so.6(__libc_start_main+0xea)[0x7f786fc32d7a]
[hydra12:373067] [11] /home/thesis/jheld/MPI_Syrk_implementation/build/src/MPI_SYRK_implementation(+0x2ab0)[0x55fd78474ab0]
[hydra12:373067] [12] /lib/x86_64-linux-gnu/libc.so.6(__libc_start_main+0xea)[0x7f191fa96d7a]
[hydra12:373067] [13] /home/thesis/jheld/MPI_Syrk_implementation/build/src/MPI_SYRK_implementation(+0x232a)[0x55fd7847432a]
[hydra12:373067] *** End of error message ***
[hydra09:386063] *** End of error message ***
[hydra12:373069] [12] /lib/x86_64-linux-gnu/libc.so.6(__libc_start_main+0xea)[0x7f96d1b7ad7a]
[hydra12:373069] [13] /home/thesis/jheld/MPI_Syrk_implementation/build/src/MPI_SYRK_implementation(+0x232a)[0x55f42150532a]
[hydra12:373069] *** End of error message ***
[hydra09:386064] [ 6] /lib/x86_64-linux-gnu/libc.so.6(__libc_calloc+0x81)[0x7f1a206aebd1]
[hydra09:386062] [13] /home/thesis/jheld/MPI_Syrk_implementation/build/src/MPI_SYRK_implementation(+0x232a)[0x556af37d732a]
[hydra09:386062] *** End of error message ***
[hydra09:386064] [ 7] /opt/mpi/openmpi-4.1.4//lib/libmpi.so.40(ompi_group_allocate+0x17)[0x7f1a2257c1e7]
[hydra09:386064] [ 8] /opt/mpi/openmpi-4.1.4//lib/libmpi.so.40(ompi_group_incl_plist+0x65)[0x7f1a2257c915]
[hydra09:386064] [ 9] /opt/mpi/openmpi-4.1.4//lib/libmpi.so.40(PMPI_Group_incl+0x95)[0x7f1a225ad185]
[hydra09:386064] [10] /home/thesis/jheld/MPI_Syrk_implementation/build/src/MPI_SYRK_implementation(+0x841a)[0x55d43581141a]
[hydra09:386064] [11] /home/thesis/jheld/MPI_Syrk_implementation/build/src/MPI_SYRK_implementation(+0x2ab0)[0x55d43580bab0]
[hydra09:386064] [12] /lib/x86_64-linux-gnu/libc.so.6(__libc_start_main+0xea)[0x7f1a2064bd7a]
[hydra09:386064] [13] /home/thesis/jheld/MPI_Syrk_implementation/build/src/MPI_SYRK_implementation(+0x232a)[0x55d43580b32a]
[hydra09:386064] *** End of error message ***
[hydra05:392702] [10] /home/thesis/jheld/MPI_Syrk_implementation/build/src/MPI_SYRK_implementation(+0x841a)[0x56291d3e441a]
[hydra05:392702] [11] /home/thesis/jheld/MPI_Syrk_implementation/build/src/MPI_SYRK_implementation(+0x2ab0)[0x56291d3deab0]
[hydra05:392702] [12] /lib/x86_64-linux-gnu/libc.so.6(__libc_start_main+0xea)[0x7fdf7cfedd7a]
[hydra05:392702] [13] /home/thesis/jheld/MPI_Syrk_implementation/build/src/MPI_SYRK_implementation(+0x232a)[0x56291d3de32a]
[hydra05:392702] *** End of error message ***
srun: error: hydra06: task 15: Aborted
srun: error: hydra07: task 19: Aborted
srun: error: hydra08: task 23: Aborted
srun: error: hydra03: task 7: Aborted
srun: error: hydra01: task 1: Aborted
srun: error: hydra05: tasks 13-14: Aborted
srun: error: hydra02: tasks 4-5: Aborted
srun: error: hydra04: tasks 9-10: Aborted
srun: error: hydra11: tasks 31-32: Aborted
srun: error: hydra10: tasks 28-29: Aborted
srun: error: hydra09: tasks 24-26: Aborted
srun: error: hydra12: tasks 33-35: Aborted
slurmstepd: error:  mpi/pmix_v4: _errhandler: hydra01 [0]: pmixp_client_v2.c:211: Error handler invoked: status = -61, source = [slurm.pmix.5008700.5:1]
slurmstepd: error: *** STEP 5008700.5 ON hydra01 CANCELLED AT 2025-10-13T15:37:56 ***
slurmstepd: error:  mpi/pmix_v4: _errhandler: hydra07 [6]: pmixp_client_v2.c:211: Error handler invoked: status = -61, source = [slurm.pmix.5008700.5:19]
slurmstepd: error:  mpi/pmix_v4: _errhandler: hydra08 [7]: pmixp_client_v2.c:211: Error handler invoked: status = -61, source = [slurm.pmix.5008700.5:23]
slurmstepd: error:  mpi/pmix_v4: _errhandler: hydra11 [10]: pmixp_client_v2.c:211: Error handler invoked: status = -61, source = [slurm.pmix.5008700.5:32]
slurmstepd: error:  mpi/pmix_v4: _errhandler: hydra06 [5]: pmixp_client_v2.c:211: Error handler invoked: status = -61, source = [slurm.pmix.5008700.5:15]
srun: Job step aborted: Waiting up to 32 seconds for job step to finish.
slurmstepd: error:  mpi/pmix_v4: _errhandler: hydra05 [4]: pmixp_client_v2.c:211: Error handler invoked: status = -61, source = [slurm.pmix.5008700.5:14]
slurmstepd: error:  mpi/pmix_v4: _errhandler: hydra03 [2]: pmixp_client_v2.c:211: Error handler invoked: status = -61, source = [slurm.pmix.5008700.5:7]
srun: error: hydra05: task 12: Killed
srun: error: hydra02: task 3: Killed
srun: error: hydra10: task 27: Killed
srun: error: hydra11: task 30: Killed
srun: error: hydra04: task 11: Killed
srun: error: hydra01: tasks 0,2: Killed
srun: error: hydra07: tasks 18,20: Killed
srun: error: hydra03: tasks 6,8: Killed
srun: error: hydra08: tasks 21-22: Killed
srun: error: hydra06: tasks 16-17: Killed
⚠️ Warning: No runtime found for run 6
srun: Warning: can't honor --ntasks-per-node set to 1 which doesn't match the requested tasks 36 with the number of requested nodes 12. Ignoring --ntasks-per-node.
missing input file name --> Generate random input
malloc(): invalid size (unsorted)
[hydra11:373158] *** Process received signal ***
[hydra11:373158] Signal: Aborted (6)
[hydra11:373158] Signal code:  (-6)
malloc(): invalid size (unsorted)
[hydra12:373117] *** Process received signal ***
[hydra12:373117] Signal: Aborted (6)
[hydra12:373117] Signal code:  (-6)
malloc(): invalid size (unsorted)
[hydra07:419823] *** Process received signal ***
[hydra07:419823] Signal: Aborted (6)
[hydra07:419823] Signal code:  (-6)
malloc(): invalid size (unsorted)
[hydra03:410085] *** Process received signal ***
[hydra03:410085] Signal: Aborted (6)
[hydra03:410085] Signal code:  (-6)
malloc(): invalid size (unsorted)
[hydra05:392757] *** Process received signal ***
[hydra05:392757] Signal: Aborted (6)
[hydra05:392757] Signal code:  (-6)
malloc(): invalid size (unsorted)
[hydra06:393441] *** Process received signal ***
[hydra06:393441] Signal: Aborted (6)
[hydra06:393441] Signal code:  (-6)
malloc(): invalid size (unsorted)
malloc(): invalid size (unsorted)
[hydra02:583062] *** Process received signal ***
[hydra02:583062] Signal: Aborted (6)
[hydra02:583062] Signal code:  (-6)
[hydra07:419823] [ 0] /lib/x86_64-linux-gnu/libc.so.6(+0x38de0)[0x7f4cd12b6de0]
[hydra07:419825] *** Process received signal ***
malloc(): invalid size (unsorted)
[hydra08:395105] *** Process received signal ***
[hydra08:395105] Signal: Aborted (6)
[hydra08:395105] Signal code:  (-6)
[hydra07:419823] [ 1] /lib/x86_64-linux-gnu/libc.so.6(gsignal+0x141)[0x7f4cd12b6d61]
malloc(): invalid size (unsorted)
[hydra04:408807] *** Process received signal ***
[hydra04:408807] Signal: Aborted (6)
[hydra04:408807] Signal code:  (-6)
malloc(): invalid size (unsorted)
[hydra10:505542] *** Process received signal ***
[hydra10:505542] Signal: Aborted (6)
[hydra10:505542] Signal code:  (-6)
[hydra07:419825] Signal: Aborted (6)
[hydra07:419825] Signal code:  (-6)
[hydra07:419823] [ 2] /lib/x86_64-linux-gnu/libc.so.6(abort+0x123)[0x7f4cd12a0537]
[hydra07:419823] [ 3] /lib/x86_64-linux-gnu/libc.so.6(+0x7a468)[0x7f4cd12f8468]
[hydra02:583062] [ 0] /lib/x86_64-linux-gnu/libc.so.6(+0x38de0)[0x7f38ee3aade0]
[hydra12:373117] [ 0] /lib/x86_64-linux-gnu/libc.so.6(+0x38de0)[0x7faad3179de0]
malloc(): invalid size (unsorted)
[hydra04:408808] *** Process received signal ***
[hydra04:408808] Signal: Aborted (6)
[hydra04:408808] Signal code:  (-6)
[hydra12:373117] [ 1] /lib/x86_64-linux-gnu/libc.so.6(gsignal+0x141)[0x7faad3179d61]
[hydra07:419823] [ 4] /lib/x86_64-linux-gnu/libc.so.6(+0x8175a)[0x7f4cd12ff75a]
[hydra02:583062] [ 1] /lib/x86_64-linux-gnu/libc.so.6(gsignal+0x141)[0x7f38ee3aad61]
[hydra11:373158] [ 0] /lib/x86_64-linux-gnu/libc.so.6(+0x38de0)[0x7f75327f1de0]
[hydra12:373117] [ 2] /lib/x86_64-linux-gnu/libc.so.6(abort+0x123)[0x7faad3163537]
[hydra02:583062] [ 2] /lib/x86_64-linux-gnu/libc.so.6(abort+0x123)[0x7f38ee394537]
[hydra11:373158] [ 1] /lib/x86_64-linux-gnu/libc.so.6(gsignal+0x141)[0x7f75327f1d61]
[hydra12:373117] [ 3] /lib/x86_64-linux-gnu/libc.so.6(+0x7a468)[0x7faad31bb468]
[hydra02:583062] [ 3] /lib/x86_64-linux-gnu/libc.so.6(+0x7a468)[0x7f38ee3ec468]
[hydra11:373158] [ 2] /lib/x86_64-linux-gnu/libc.so.6(abort+0x123)[0x7f75327db537]
[hydra12:373117] [ 4] /lib/x86_64-linux-gnu/libc.so.6(+0x8175a)[0x7faad31c275a]
[hydra02:583062] [ 4] /lib/x86_64-linux-gnu/libc.so.6(+0x8175a)[0x7f38ee3f375a]
[hydra11:373158] [ 3] /lib/x86_64-linux-gnu/libc.so.6(+0x7a468)[0x7f7532833468]
[hydra12:373117] [ 5] /lib/x86_64-linux-gnu/libc.so.6(+0x8483c)[0x7faad31c583c]
[hydra11:373158] [ 4] /lib/x86_64-linux-gnu/libc.so.6(+0x8175a)[0x7f753283a75a]
[hydra12:373117] [ 6] /lib/x86_64-linux-gnu/libc.so.6(__libc_calloc+0x81)[0x7faad31c7bd1]
[hydra04:408807] [ 0] /lib/x86_64-linux-gnu/libc.so.6(+0x38de0)[0x7f9556ec2de0]
[hydra04:408807] [ 1] /lib/x86_64-linux-gnu/libc.so.6(gsignal+0x141)[0x7f9556ec2d61]
[hydra04:408807] [ 2] /lib/x86_64-linux-gnu/libc.so.6(abort+0x123)[0x7f9556eac537]
malloc(): invalid size (unsorted)
[hydra11:373157] *** Process received signal ***
[hydra11:373157] Signal: Aborted (6)
[hydra11:373157] Signal code:  (-6)
[hydra12:373117] [ 7] /opt/mpi/openmpi-4.1.4//lib/libmpi.so.40(ompi_group_allocate+0x17)[0x7faad50951e7]
[hydra07:419823] [ 5] /lib/x86_64-linux-gnu/libc.so.6(+0x8483c)[0x7f4cd130283c]
[hydra07:419823] [ 6] /lib/x86_64-linux-gnu/libc.so.6(__libc_calloc+0x81)[0x7f4cd1304bd1]
[hydra02:583062] [ 5] /lib/x86_64-linux-gnu/libc.so.6(+0x8483c)[0x7f38ee3f683c]
malloc(): invalid size (unsorted)
[hydra11:373158] [ 5] /lib/x86_64-linux-gnu/libc.so.6(+0x8483c)[0x7f753283d83c]
[hydra11:373158] [ 6] /lib/x86_64-linux-gnu/libc.so.6(__libc_calloc+0x81)[0x7f753283fbd1]
[hydra11:373158] [ 7] /opt/mpi/openmpi-4.1.4//lib/libmpi.so.40(ompi_group_allocate+0x17)[0x7f753470d1e7]
[hydra12:373117] [ 8] /opt/mpi/openmpi-4.1.4//lib/libmpi.so.40(ompi_group_incl_plist+0x65)[0x7faad5095915]
malloc(): invalid size (unsorted)
[hydra04:408808] [ 0] /lib/x86_64-linux-gnu/libc.so.6(+0x38de0)[0x7f3b13874de0]
[hydra04:408808] [ 1] /lib/x86_64-linux-gnu/libc.so.6(gsignal+0x141)[0x7f3b13874d61]
[hydra02:583062] [ 6] /lib/x86_64-linux-gnu/libc.so.6(__libc_calloc+0x81)[0x7f38ee3f8bd1]
[hydra05:392757] [ 0] /lib/x86_64-linux-gnu/libc.so.6(+0x38de0)[0x7f11112d2de0]
[hydra11:373158] [ 8] /opt/mpi/openmpi-4.1.4//lib/libmpi.so.40(ompi_group_incl_plist+0x65)[0x7f753470d915]
[hydra12:373117] [ 9] /opt/mpi/openmpi-4.1.4//lib/libmpi.so.40(PMPI_Group_incl+0x95)[0x7faad50c6185]
[hydra12:373117] [10] /home/thesis/jheld/MPI_Syrk_implementation/build/src/MPI_SYRK_implementation(+0x841a)[0x555d2c6d741a]
[hydra03:410085] [ 0] /lib/x86_64-linux-gnu/libc.so.6(+0x38de0)[0x7f95cbd39de0]
[hydra06:393440] *** Process received signal ***
[hydra07:419825] [ 0] /lib/x86_64-linux-gnu/libc.so.6(+0x38de0)[0x7f11c1af6de0]
[hydra07:419825] [ 1] /lib/x86_64-linux-gnu/libc.so.6(gsignal+0x141)[0x7f11c1af6d61]
[hydra04:408807] [ 3] /lib/x86_64-linux-gnu/libc.so.6(+0x7a468)[0x7f9556f04468]
[hydra02:583062] [ 7] /opt/mpi/openmpi-4.1.4//lib/libmpi.so.40(ompi_group_allocate+0x17)[0x7f38f02c61e7]
[hydra05:392758] *** Process received signal ***
[hydra11:373158] [ 9] /opt/mpi/openmpi-4.1.4//lib/libmpi.so.40(PMPI_Group_incl+0x95)[0x7f753473e185]
[hydra11:373158] [10] /home/thesis/jheld/MPI_Syrk_implementation/build/src/MPI_SYRK_implementation(+0x841a)[0x557d9e2fa41a]
[hydra12:373117] [11] /home/thesis/jheld/MPI_Syrk_implementation/build/src/MPI_SYRK_implementation(+0x2ab0)[0x555d2c6d1ab0]
[hydra03:410085] [ 1] /lib/x86_64-linux-gnu/libc.so.6(gsignal+0x141)[0x7f95cbd39d61]
[hydra06:393440] Signal: Aborted (6)
[hydra06:393440] Signal code:  (-6)
[hydra07:419823] [ 7] /opt/mpi/openmpi-4.1.4//lib/libmpi.so.40(ompi_group_allocate+0x17)[0x7f4cd31d21e7]
[hydra07:419823] [ 8] /opt/mpi/openmpi-4.1.4//lib/libmpi.so.40(ompi_group_incl_plist+0x65)[0x7f4cd31d2915]
[hydra04:408808] [ 2] /lib/x86_64-linux-gnu/libc.so.6(abort+0x123)[0x7f3b1385e537]
[hydra02:583062] [ 8] /opt/mpi/openmpi-4.1.4//lib/libmpi.so.40(ompi_group_incl_plist+0x65)[0x7f38f02c6915]
[hydra05:392757] [ 1] /lib/x86_64-linux-gnu/libc.so.6(gsignal+0x141)[0x7f11112d2d61]
[hydra11:373158] [11] /home/thesis/jheld/MPI_Syrk_implementation/build/src/MPI_SYRK_implementation(+0x2ab0)[0x557d9e2f4ab0]
[hydra12:373117] [12] /lib/x86_64-linux-gnu/libc.so.6(__libc_start_main+0xea)[0x7faad3164d7a]
[hydra03:410085] [ 2] /lib/x86_64-linux-gnu/libc.so.6(abort+0x123)[0x7f95cbd23537]
[hydra06:393441] [ 0] /lib/x86_64-linux-gnu/libc.so.6(+0x38de0)[0x7f0fe1e03de0]
[hydra07:419825] [ 2] /lib/x86_64-linux-gnu/libc.so.6(abort+0x123)[0x7f11c1ae0537]
[hydra04:408807] [ 4] /lib/x86_64-linux-gnu/libc.so.6(+0x8175a)[0x7f9556f0b75a]
[hydra02:583062] [ 9] /opt/mpi/openmpi-4.1.4//lib/libmpi.so.40(PMPI_Group_incl+0x95)[0x7f38f02f7185]
[hydra05:392758] Signal: Aborted (6)
[hydra05:392758] Signal code:  (-6)
[hydra11:373158] [12] /lib/x86_64-linux-gnu/libc.so.6(__libc_start_main+0xea)[0x7f75327dcd7a]
[hydra12:373117] [13] /home/thesis/jheld/MPI_Syrk_implementation/build/src/MPI_SYRK_implementation(+0x232a)[0x555d2c6d132a]
[hydra12:373117] *** End of error message ***
[hydra03:410085] [ 3] /lib/x86_64-linux-gnu/libc.so.6(+0x7a468)[0x7f95cbd7b468]
[hydra06:393441] [ 1] /lib/x86_64-linux-gnu/libc.so.6(gsignal+0x141)[0x7f0fe1e03d61]
[hydra07:419823] [ 9] /opt/mpi/openmpi-4.1.4//lib/libmpi.so.40(PMPI_Group_incl+0x95)[0x7f4cd3203185]
[hydra07:419823] [10] /home/thesis/jheld/MPI_Syrk_implementation/build/src/MPI_SYRK_implementation(+0x841a)[0x55624c85741a]
[hydra07:419823] [11] /home/thesis/jheld/MPI_Syrk_implementation/build/src/MPI_SYRK_implementation(+0x2ab0)[0x55624c851ab0]
[hydra04:408808] [ 3] /lib/x86_64-linux-gnu/libc.so.6(+0x7a468)[0x7f3b138b6468]
[hydra02:583062] [10] /home/thesis/jheld/MPI_Syrk_implementation/build/src/MPI_SYRK_implementation(+0x841a)[0x558a7c2a241a]
[hydra02:583062] [11] /home/thesis/jheld/MPI_Syrk_implementation/build/src/MPI_SYRK_implementation(+0x2ab0)[0x558a7c29cab0]
[hydra05:392757] [ 2] /lib/x86_64-linux-gnu/libc.so.6(abort+0x123)[0x7f11112bc537]
[hydra11:373158] [13] /home/thesis/jheld/MPI_Syrk_implementation/build/src/MPI_SYRK_implementation(+0x232a)[0x557d9e2f432a]
[hydra11:373158] *** End of error message ***
[hydra03:410085] [ 4] /lib/x86_64-linux-gnu/libc.so.6(+0x8175a)[0x7f95cbd8275a]
[hydra06:393441] [ 2] /lib/x86_64-linux-gnu/libc.so.6(abort+0x123)[0x7f0fe1ded537]
[hydra07:419825] [ 3] /lib/x86_64-linux-gnu/libc.so.6(+0x7a468)[0x7f11c1b38468]
[hydra04:408807] [ 5] /lib/x86_64-linux-gnu/libc.so.6(+0x8483c)[0x7f9556f0e83c]
[hydra02:583062] [12] /lib/x86_64-linux-gnu/libc.so.6(__libc_start_main+0xea)[0x7f38ee395d7a]
[hydra05:392757] [ 3] /lib/x86_64-linux-gnu/libc.so.6(+0x7a468)[0x7f1111314468]
[hydra11:373157] [ 0] /lib/x86_64-linux-gnu/libc.so.6(+0x38de0)[0x7ff91e0fbde0]
[hydra03:410085] [ 5] /lib/x86_64-linux-gnu/libc.so.6(+0x8483c)[0x7f95cbd8583c]
[hydra08:395105] [ 0] /lib/x86_64-linux-gnu/libc.so.6(+0x38de0)[0x7f50f21e7de0]
[hydra06:393441] [ 3] /lib/x86_64-linux-gnu/libc.so.6(+0x7a468)[0x7f0fe1e45468]
[hydra07:419823] [12] /lib/x86_64-linux-gnu/libc.so.6(__libc_start_main+0xea)[0x7f4cd12a1d7a]
[hydra07:419823] [13] /home/thesis/jheld/MPI_Syrk_implementation/build/src/MPI_SYRK_implementation(+0x232a)[0x55624c85132a]
[hydra07:419823] *** End of error message ***
[hydra04:408808] [ 4] /lib/x86_64-linux-gnu/libc.so.6(+0x8175a)[0x7f3b138bd75a]
[hydra02:583062] [13] /home/thesis/jheld/MPI_Syrk_implementation/build/src/MPI_SYRK_implementation(+0x232a)[0x558a7c29c32a]
[hydra02:583062] *** End of error message ***
[hydra05:392757] [ 4] /lib/x86_64-linux-gnu/libc.so.6(+0x8175a)[0x7f111131b75a]
[hydra11:373157] [ 1] /lib/x86_64-linux-gnu/libc.so.6(gsignal+0x141)[0x7ff91e0fbd61]
malloc(): invalid size (unsorted)
[hydra10:505543] *** Process received signal ***
[hydra10:505543] Signal: Aborted (6)
[hydra10:505543] Signal code:  (-6)
[hydra03:410085] [ 6] /lib/x86_64-linux-gnu/libc.so.6(__libc_calloc+0x81)[0x7f95cbd87bd1]
[hydra08:395105] [ 1] /lib/x86_64-linux-gnu/libc.so.6(gsignal+0x141)[0x7f50f21e7d61]
[hydra06:393440] [ 0] /lib/x86_64-linux-gnu/libc.so.6(+0x38de0)[0x7ff255041de0]
[hydra07:419825] [ 4] /lib/x86_64-linux-gnu/libc.so.6(+0x8175a)[0x7f11c1b3f75a]
[hydra04:408807] [ 6] /lib/x86_64-linux-gnu/libc.so.6(__libc_calloc+0x81)[0x7f9556f10bd1]
[hydra05:392758] [ 0] /lib/x86_64-linux-gnu/libc.so.6(+0x38de0)[0x7f5a33e8cde0]
[hydra11:373157] [ 2] /lib/x86_64-linux-gnu/libc.so.6(abort+0x123)[0x7ff91e0e5537]
[hydra10:505543] [ 0] /lib/x86_64-linux-gnu/libc.so.6(+0x38de0)[0x7fa7a8a99de0]
[hydra03:410085] [ 7] /opt/mpi/openmpi-4.1.4//lib/libmpi.so.40(ompi_group_allocate+0x17)[0x7f95cdc551e7]
[hydra08:395105] [ 2] /lib/x86_64-linux-gnu/libc.so.6(abort+0x123)[0x7f50f21d1537]
[hydra06:393441] [ 4] /lib/x86_64-linux-gnu/libc.so.6(+0x8175a)[0x7f0fe1e4c75a]
[hydra07:419825] [ 5] /lib/x86_64-linux-gnu/libc.so.6(+0x8483c)[0x7f11c1b4283c]
[hydra04:408808] [ 5] /lib/x86_64-linux-gnu/libc.so.6(+0x8483c)[0x7f3b138c083c]
[hydra05:392757] [ 5] /lib/x86_64-linux-gnu/libc.so.6(+0x8483c)[0x7f111131e83c]
[hydra10:505542] [ 0] /lib/x86_64-linux-gnu/libc.so.6(+0x38de0)[0x7f519d613de0]
[hydra03:410085] [ 8] /opt/mpi/openmpi-4.1.4//lib/libmpi.so.40(ompi_group_incl_plist+0x65)[0x7f95cdc55915]
[hydra08:395105] [ 3] /lib/x86_64-linux-gnu/libc.so.6(+0x7a468)[0x7f50f2229468]
[hydra06:393440] [ 1] /lib/x86_64-linux-gnu/libc.so.6(gsignal+0x141)[0x7ff255041d61]
[hydra07:419825] [ 6] /lib/x86_64-linux-gnu/libc.so.6(__libc_calloc+0x81)[0x7f11c1b44bd1]
[hydra04:408807] [ 7] /opt/mpi/openmpi-4.1.4//lib/libmpi.so.40(ompi_group_allocate+0x17)[0x7f9558dde1e7]
[hydra05:392758] [ 1] /lib/x86_64-linux-gnu/libc.so.6(gsignal+0x141)[0x7f5a33e8cd61]
[hydra10:505543] [ 1] /lib/x86_64-linux-gnu/libc.so.6(gsignal+0x141)[0x7fa7a8a99d61]
[hydra03:410085] [ 9] /opt/mpi/openmpi-4.1.4//lib/libmpi.so.40(PMPI_Group_incl+0x95)[0x7f95cdc86185]
[hydra08:395105] [ 4] /lib/x86_64-linux-gnu/libc.so.6(+0x8175a)[0x7f50f223075a]
[hydra06:393441] [ 5] /lib/x86_64-linux-gnu/libc.so.6(+0x8483c)[0x7f0fe1e4f83c]
[hydra07:419825] [ 7] /opt/mpi/openmpi-4.1.4//lib/libmpi.so.40(ompi_group_allocate+0x17)[0x7f11c3a121e7]
[hydra04:408808] [ 6] /lib/x86_64-linux-gnu/libc.so.6(__libc_calloc+0x81)[0x7f3b138c2bd1]
[hydra05:392758] [ 2] /lib/x86_64-linux-gnu/libc.so.6(abort+0x123)[0x7f5a33e76537]
[hydra10:505543] [ 2] /lib/x86_64-linux-gnu/libc.so.6(abort+0x123)[0x7fa7a8a83537]
[hydra03:410085] [10] /home/thesis/jheld/MPI_Syrk_implementation/build/src/MPI_SYRK_implementation(+0x841a)[0x555ab602641a]
[hydra03:410085] [11] /home/thesis/jheld/MPI_Syrk_implementation/build/src/MPI_SYRK_implementation(+0x2ab0)[0x555ab6020ab0]
[hydra08:395105] [ 5] /lib/x86_64-linux-gnu/libc.so.6(+0x8483c)[0x7f50f223383c]
[hydra06:393440] [ 2] /lib/x86_64-linux-gnu/libc.so.6(abort+0x123)[0x7ff25502b537]
[hydra07:419825] [ 8] /opt/mpi/openmpi-4.1.4//lib/libmpi.so.40(ompi_group_incl_plist+0x65)[0x7f11c3a12915]
[hydra04:408807] [ 8] /opt/mpi/openmpi-4.1.4//lib/libmpi.so.40(ompi_group_incl_plist+0x65)[0x7f9558dde915]
[hydra05:392757] [ 6] /lib/x86_64-linux-gnu/libc.so.6(__libc_calloc+0x81)[0x7f1111320bd1]
[hydra10:505542] [ 1] /lib/x86_64-linux-gnu/libc.so.6(gsignal+0x141)[0x7f519d613d61]
[hydra03:410085] [12] /lib/x86_64-linux-gnu/libc.so.6(__libc_start_main+0xea)[0x7f95cbd24d7a]
[hydra03:410085] [13] /home/thesis/jheld/MPI_Syrk_implementation/build/src/MPI_SYRK_implementation(+0x232a)[0x555ab602032a]
[hydra08:395105] [ 6] /lib/x86_64-linux-gnu/libc.so.6(__libc_calloc+0x81)[0x7f50f2235bd1]
[hydra06:393441] [ 6] /lib/x86_64-linux-gnu/libc.so.6(__libc_calloc+0x81)[0x7f0fe1e51bd1]
[hydra07:419825] [ 9] /opt/mpi/openmpi-4.1.4//lib/libmpi.so.40(PMPI_Group_incl+0x95)[0x7f11c3a43185]
[hydra04:408808] [ 7] /opt/mpi/openmpi-4.1.4//lib/libmpi.so.40(ompi_group_allocate+0x17)[0x7f3b157901e7]
[hydra05:392757] [ 7] /opt/mpi/openmpi-4.1.4//lib/libmpi.so.40(ompi_group_allocate+0x17)[0x7f11131ee1e7]
[hydra10:505542] [ 2] /lib/x86_64-linux-gnu/libc.so.6(abort+0x123)[0x7f519d5fd537]
[hydra03:410085] *** End of error message ***
[hydra08:395105] [ 7] /opt/mpi/openmpi-4.1.4//lib/libmpi.so.40(ompi_group_allocate+0x17)[0x7f50f41031e7]
[hydra06:393440] [ 3] /lib/x86_64-linux-gnu/libc.so.6(+0x7a468)[0x7ff255083468]
[hydra07:419825] [10] /home/thesis/jheld/MPI_Syrk_implementation/build/src/MPI_SYRK_implementation(+0x841a)[0x55bb0fa4241a]
[hydra04:408808] [ 8] /opt/mpi/openmpi-4.1.4//lib/libmpi.so.40(ompi_group_incl_plist+0x65)[0x7f3b15790915]
[hydra05:392758] [ 3] /lib/x86_64-linux-gnu/libc.so.6(+0x7a468)[0x7f5a33ece468]
[hydra10:505543] [ 3] /lib/x86_64-linux-gnu/libc.so.6(+0x7a468)[0x7fa7a8adb468]
[hydra08:395105] [ 8] /opt/mpi/openmpi-4.1.4//lib/libmpi.so.40(ompi_group_incl_plist+0x65)[0x7f50f4103915]
[hydra06:393441] [ 7] /opt/mpi/openmpi-4.1.4//lib/libmpi.so.40(ompi_group_allocate+0x17)[0x7f0fe3d1f1e7]
[hydra07:419825] [11] /home/thesis/jheld/MPI_Syrk_implementation/build/src/MPI_SYRK_implementation(+0x2ab0)[0x55bb0fa3cab0]
[hydra04:408807] [ 9] /opt/mpi/openmpi-4.1.4//lib/libmpi.so.40(PMPI_Group_incl+0x95)[0x7f9558e0f185]
[hydra04:408807] [10] /home/thesis/jheld/MPI_Syrk_implementation/build/src/MPI_SYRK_implementation(+0x841a)[0x557c2185241a]
[hydra04:408807] [11] /home/thesis/jheld/MPI_Syrk_implementation/build/src/MPI_SYRK_implementation(+0x2ab0)[0x557c2184cab0]
[hydra05:392757] [ 8] /opt/mpi/openmpi-4.1.4//lib/libmpi.so.40(ompi_group_incl_plist+0x65)[0x7f11131ee915]
[hydra10:505542] [ 3] /lib/x86_64-linux-gnu/libc.so.6(+0x7a468)[0x7f519d655468]
[hydra08:395105] [ 9] /opt/mpi/openmpi-4.1.4//lib/libmpi.so.40(PMPI_Group_incl+0x95)[0x7f50f4134185]
[hydra06:393440] [ 4] /lib/x86_64-linux-gnu/libc.so.6(+0x8175a)[0x7ff25508a75a]
[hydra07:419825] [12] /lib/x86_64-linux-gnu/libc.so.6(__libc_start_main+0xea)[0x7f11c1ae1d7a]
[hydra07:419825] [13] /home/thesis/jheld/MPI_Syrk_implementation/build/src/MPI_SYRK_implementation(+0x232a)[0x55bb0fa3c32a]
[hydra04:408808] [ 9] /opt/mpi/openmpi-4.1.4//lib/libmpi.so.40(PMPI_Group_incl+0x95)[0x7f3b157c1185]
[hydra04:408808] [10] /home/thesis/jheld/MPI_Syrk_implementation/build/src/MPI_SYRK_implementation(+0x841a)[0x55e0f0d9541a]
[hydra05:392758] [ 4] /lib/x86_64-linux-gnu/libc.so.6(+0x8175a)[0x7f5a33ed575a]
[hydra10:505543] [ 4] /lib/x86_64-linux-gnu/libc.so.6(+0x8175a)[0x7fa7a8ae275a]
[hydra08:395105] [10] /home/thesis/jheld/MPI_Syrk_implementation/build/src/MPI_SYRK_implementation(+0x841a)[0x55583bd1741a]
[hydra08:395105] [11] /home/thesis/jheld/MPI_Syrk_implementation/build/src/MPI_SYRK_implementation(+0x2ab0)[0x55583bd11ab0]
[hydra06:393441] [ 8] /opt/mpi/openmpi-4.1.4//lib/libmpi.so.40(ompi_group_incl_plist+0x65)[0x7f0fe3d1f915]
[hydra07:419825] *** End of error message ***
[hydra04:408807] [12] /lib/x86_64-linux-gnu/libc.so.6(__libc_start_main+0xea)[0x7f9556eadd7a]
[hydra04:408807] [13] /home/thesis/jheld/MPI_Syrk_implementation/build/src/MPI_SYRK_implementation(+0x232a)[0x557c2184c32a]
[hydra04:408807] *** End of error message ***
[hydra05:392757] [ 9] /opt/mpi/openmpi-4.1.4//lib/libmpi.so.40(PMPI_Group_incl+0x95)[0x7f111321f185]
[hydra10:505542] [ 4] /lib/x86_64-linux-gnu/libc.so.6(+0x8175a)[0x7f519d65c75a]
[hydra10:505542] [ 5] /lib/x86_64-linux-gnu/libc.so.6(+0x8483c)[0x7f519d65f83c]
[hydra08:395105] [12] /lib/x86_64-linux-gnu/libc.so.6(__libc_start_main+0xea)[0x7f50f21d2d7a]
[hydra08:395105] [13] /home/thesis/jheld/MPI_Syrk_implementation/build/src/MPI_SYRK_implementation(+0x232a)[0x55583bd1132a]
[hydra06:393440] [ 5] /lib/x86_64-linux-gnu/libc.so.6(+0x8483c)[0x7ff25508d83c]
[hydra04:408808] [11] /home/thesis/jheld/MPI_Syrk_implementation/build/src/MPI_SYRK_implementation(+0x2ab0)[0x55e0f0d8fab0]
[hydra05:392757] [10] /home/thesis/jheld/MPI_Syrk_implementation/build/src/MPI_SYRK_implementation(+0x841a)[0x56392477441a]
[hydra05:392757] [11] /home/thesis/jheld/MPI_Syrk_implementation/build/src/MPI_SYRK_implementation(+0x2ab0)[0x56392476eab0]
[hydra10:505543] [ 5] /lib/x86_64-linux-gnu/libc.so.6(+0x8483c)[0x7fa7a8ae583c]
[hydra10:505543] [ 6] /lib/x86_64-linux-gnu/libc.so.6(__libc_calloc+0x81)[0x7fa7a8ae7bd1]
[hydra10:505543] [ 7] /opt/mpi/openmpi-4.1.4//lib/libmpi.so.40(ompi_group_allocate+0x17)[0x7fa7aa9b51e7]
[hydra08:395105] *** End of error message ***
[hydra06:393441] [ 9] /opt/mpi/openmpi-4.1.4//lib/libmpi.so.40(PMPI_Group_incl+0x95)[0x7f0fe3d50185]
[hydra06:393441] [10] /home/thesis/jheld/MPI_Syrk_implementation/build/src/MPI_SYRK_implementation(+0x841a)[0x562cc6ab541a]
[hydra06:393441] [11] /home/thesis/jheld/MPI_Syrk_implementation/build/src/MPI_SYRK_implementation(+0x2ab0)[0x562cc6aafab0]
[hydra04:408808] [12] /lib/x86_64-linux-gnu/libc.so.6(__libc_start_main+0xea)[0x7f3b1385fd7a]
[hydra04:408808] [13] /home/thesis/jheld/MPI_Syrk_implementation/build/src/MPI_SYRK_implementation(+0x232a)[0x55e0f0d8f32a]
[hydra04:408808] *** End of error message ***
[hydra05:392758] [ 5] /lib/x86_64-linux-gnu/libc.so.6(+0x8483c)[0x7f5a33ed883c]
[hydra10:505542] [ 6] /lib/x86_64-linux-gnu/libc.so.6(__libc_calloc+0x81)[0x7f519d661bd1]
[hydra06:393440] [ 6] /lib/x86_64-linux-gnu/libc.so.6(__libc_calloc+0x81)[0x7ff25508fbd1]
[hydra05:392757] [12] /lib/x86_64-linux-gnu/libc.so.6(__libc_start_main+0xea)[0x7f11112bdd7a]
[hydra05:392757] [13] /home/thesis/jheld/MPI_Syrk_implementation/build/src/MPI_SYRK_implementation(+0x232a)[0x56392476e32a]
[hydra05:392757] *** End of error message ***
[hydra10:505543] [ 8] /opt/mpi/openmpi-4.1.4//lib/libmpi.so.40(ompi_group_incl_plist+0x65)[0x7fa7aa9b5915]
[hydra06:393441] [12] /lib/x86_64-linux-gnu/libc.so.6(__libc_start_main+0xea)[0x7f0fe1deed7a]
[hydra06:393441] [13] /home/thesis/jheld/MPI_Syrk_implementation/build/src/MPI_SYRK_implementation(+0x232a)[0x562cc6aaf32a]
[hydra06:393441] *** End of error message ***
[hydra05:392758] [ 6] /lib/x86_64-linux-gnu/libc.so.6(__libc_calloc+0x81)[0x7f5a33edabd1]
[hydra10:505542] [ 7] /opt/mpi/openmpi-4.1.4//lib/libmpi.so.40(ompi_group_allocate+0x17)[0x7f519f52f1e7]
[hydra10:505542] [ 8] /opt/mpi/openmpi-4.1.4//lib/libmpi.so.40(ompi_group_incl_plist+0x65)[0x7f519f52f915]
[hydra06:393440] [ 7] /opt/mpi/openmpi-4.1.4//lib/libmpi.so.40(ompi_group_allocate+0x17)[0x7ff256f5d1e7]
[hydra05:392758] [ 7] /opt/mpi/openmpi-4.1.4//lib/libmpi.so.40(ompi_group_allocate+0x17)[0x7f5a35da81e7]
[hydra10:505543] [ 9] /opt/mpi/openmpi-4.1.4//lib/libmpi.so.40(PMPI_Group_incl+0x95)[0x7fa7aa9e6185]
[hydra10:505543] [10] /home/thesis/jheld/MPI_Syrk_implementation/build/src/MPI_SYRK_implementation(+0x841a)[0x563ed156e41a]
[hydra10:505543] [11] /home/thesis/jheld/MPI_Syrk_implementation/build/src/MPI_SYRK_implementation(+0x2ab0)[0x563ed1568ab0]
[hydra06:393440] [ 8] /opt/mpi/openmpi-4.1.4//lib/libmpi.so.40(ompi_group_incl_plist+0x65)[0x7ff256f5d915]
[hydra10:505542] [ 9] /opt/mpi/openmpi-4.1.4//lib/libmpi.so.40(PMPI_Group_incl+0x95)[0x7f519f560185]
[hydra10:505542] [10] /home/thesis/jheld/MPI_Syrk_implementation/build/src/MPI_SYRK_implementation(+0x841a)[0x562fd204541a]
[hydra10:505542] [11] /home/thesis/jheld/MPI_Syrk_implementation/build/src/MPI_SYRK_implementation(+0x2ab0)[0x562fd203fab0]
[hydra10:505543] [12] /lib/x86_64-linux-gnu/libc.so.6(__libc_start_main+0xea)[0x7fa7a8a84d7a]
[hydra10:505543] [13] /home/thesis/jheld/MPI_Syrk_implementation/build/src/MPI_SYRK_implementation(+0x232a)[0x563ed156832a]
[hydra10:505543] *** End of error message ***
[hydra10:505542] [12] /lib/x86_64-linux-gnu/libc.so.6(__libc_start_main+0xea)[0x7f519d5fed7a]
[hydra10:505542] [13] /home/thesis/jheld/MPI_Syrk_implementation/build/src/MPI_SYRK_implementation(+0x232a)[0x562fd203f32a]
[hydra10:505542] *** End of error message ***
[hydra05:392758] [ 8] /opt/mpi/openmpi-4.1.4//lib/libmpi.so.40(ompi_group_incl_plist+0x65)[0x7f5a35da8915]
[hydra11:373157] [ 3] /lib/x86_64-linux-gnu/libc.so.6(+0x7a468)[0x7ff91e13d468]
[hydra05:392758] [ 9] /opt/mpi/openmpi-4.1.4//lib/libmpi.so.40(PMPI_Group_incl+0x95)[0x7f5a35dd9185]
[hydra05:392758] [10] /home/thesis/jheld/MPI_Syrk_implementation/build/src/MPI_SYRK_implementation(+0x841a)[0x5641efaa741a]
[hydra11:373157] [ 4] /lib/x86_64-linux-gnu/libc.so.6(+0x8175a)[0x7ff91e14475a]
[hydra05:392758] [11] /home/thesis/jheld/MPI_Syrk_implementation/build/src/MPI_SYRK_implementation(+0x2ab0)[0x5641efaa1ab0]
[hydra11:373157] [ 5] /lib/x86_64-linux-gnu/libc.so.6(+0x8483c)[0x7ff91e14783c]
[hydra05:392758] [12] /lib/x86_64-linux-gnu/libc.so.6(__libc_start_main+0xea)[0x7f5a33e77d7a]
[hydra05:392758] [13] /home/thesis/jheld/MPI_Syrk_implementation/build/src/MPI_SYRK_implementation(+0x232a)[0x5641efaa132a]
[hydra11:373157] [ 6] /lib/x86_64-linux-gnu/libc.so.6(__libc_calloc+0x81)[0x7ff91e149bd1]
[hydra06:393440] [ 9] /opt/mpi/openmpi-4.1.4//lib/libmpi.so.40(PMPI_Group_incl+0x95)[0x7ff256f8e185]
[hydra06:393440] [10] /home/thesis/jheld/MPI_Syrk_implementation/build/src/MPI_SYRK_implementation(+0x841a)[0x55957515041a]
[hydra05:392758] *** End of error message ***
[hydra11:373157] [ 7] /opt/mpi/openmpi-4.1.4//lib/libmpi.so.40(ompi_group_allocate+0x17)[0x7ff9200171e7]
[hydra06:393440] [11] /home/thesis/jheld/MPI_Syrk_implementation/build/src/MPI_SYRK_implementation(+0x2ab0)[0x55957514aab0]
[hydra11:373157] [ 8] /opt/mpi/openmpi-4.1.4//lib/libmpi.so.40(ompi_group_incl_plist+0x65)[0x7ff920017915]
[hydra06:393440] [12] /lib/x86_64-linux-gnu/libc.so.6(__libc_start_main+0xea)[0x7ff25502cd7a]
[hydra11:373157] [ 9] /opt/mpi/openmpi-4.1.4//lib/libmpi.so.40(PMPI_Group_incl+0x95)[0x7ff920048185]
[hydra06:393440] [13] /home/thesis/jheld/MPI_Syrk_implementation/build/src/MPI_SYRK_implementation(+0x232a)[0x55957514a32a]
[hydra06:393440] *** End of error message ***
[hydra11:373157] [10] /home/thesis/jheld/MPI_Syrk_implementation/build/src/MPI_SYRK_implementation(+0x841a)[0x55907d0a441a]
[hydra11:373157] [11] /home/thesis/jheld/MPI_Syrk_implementation/build/src/MPI_SYRK_implementation(+0x2ab0)[0x55907d09eab0]
[hydra11:373157] [12] /lib/x86_64-linux-gnu/libc.so.6(__libc_start_main+0xea)[0x7ff91e0e6d7a]
[hydra11:373157] [13] /home/thesis/jheld/MPI_Syrk_implementation/build/src/MPI_SYRK_implementation(+0x232a)[0x55907d09e32a]
[hydra11:373157] *** End of error message ***
srun: error: hydra08: task 21: Aborted
srun: error: hydra03: task 6: Aborted
srun: error: hydra02: task 3: Aborted
srun: error: hydra07: tasks 18,20: Aborted
srun: error: hydra04: tasks 9-10: Aborted
srun: error: hydra12: task 35: Aborted
srun: error: hydra06: tasks 15-16: Aborted
srun: error: hydra10: tasks 27-28: Aborted
srun: error: hydra05: tasks 13-14: Aborted
srun: error: hydra11: tasks 31-32: Aborted
slurmstepd: error:  mpi/pmix_v4: _errhandler: hydra12 [11]: pmixp_client_v2.c:211: Error handler invoked: status = -61, source = [slurm.pmix.5008700.6:35]
slurmstepd: error:  mpi/pmix_v4: _errhandler: hydra03 [2]: pmixp_client_v2.c:211: Error handler invoked: status = -61, source = [slurm.pmix.5008700.6:6]
slurmstepd: error:  mpi/pmix_v4: _errhandler: hydra08 [7]: pmixp_client_v2.c:211: Error handler invoked: status = -61, source = [slurm.pmix.5008700.6:21]
slurmstepd: error:  mpi/pmix_v4: _errhandler: hydra02 [1]: pmixp_client_v2.c:211: Error handler invoked: status = -61, source = [slurm.pmix.5008700.6:3]
slurmstepd: error:  mpi/pmix_v4: _errhandler: hydra06 [5]: pmixp_client_v2.c:211: Error handler invoked: status = -61, source = [slurm.pmix.5008700.6:16]
slurmstepd: error:  mpi/pmix_v4: _errhandler: hydra05 [4]: pmixp_client_v2.c:211: Error handler invoked: status = -61, source = [slurm.pmix.5008700.6:13]
slurmstepd: error:  mpi/pmix_v4: _errhandler: hydra11 [10]: pmixp_client_v2.c:211: Error handler invoked: status = -61, source = [slurm.pmix.5008700.6:32]
slurmstepd: error:  mpi/pmix_v4: _errhandler: hydra04 [3]: pmixp_client_v2.c:211: Error handler invoked: status = -61, source = [slurm.pmix.5008700.6:9]
slurmstepd: error:  mpi/pmix_v4: _errhandler: hydra10 [9]: pmixp_client_v2.c:211: Error handler invoked: status = -61, source = [slurm.pmix.5008700.6:28]
slurmstepd: error:  mpi/pmix_v4: _errhandler: hydra07 [6]: pmixp_client_v2.c:211: Error handler invoked: status = -61, source = [slurm.pmix.5008700.6:18]
slurmstepd: error: *** STEP 5008700.6 ON hydra01 CANCELLED AT 2025-10-13T15:37:58 ***
srun: Job step aborted: Waiting up to 32 seconds for job step to finish.
srun: error: hydra05: task 12: Killed
srun: error: hydra07: task 19: Killed
srun: error: hydra10: task 29: Killed
srun: error: hydra06: task 17: Killed
srun: error: hydra11: task 30: Killed
srun: error: hydra04: task 11: Killed
srun: error: hydra03: tasks 7-8: Killed
srun: error: hydra12: tasks 33-34: Killed
srun: error: hydra08: tasks 22-23: Killed
srun: error: hydra02: tasks 4-5: Killed
srun: error: hydra09: tasks 24-26: Killed
srun: error: hydra01: tasks 0-2: Killed
⚠️ Warning: No runtime found for run 7
srun: Warning: can't honor --ntasks-per-node set to 1 which doesn't match the requested tasks 36 with the number of requested nodes 12. Ignoring --ntasks-per-node.
missing input file name --> Generate random input
malloc(): invalid size (unsorted)
[hydra01:901710] *** Process received signal ***
[hydra01:901710] Signal: Aborted (6)
[hydra01:901710] Signal code:  (-6)
malloc(): invalid size (unsorted)
[hydra12:373181] *** Process received signal ***
[hydra12:373181] Signal: Aborted (6)
[hydra12:373181] Signal code:  (-6)
malloc(): invalid size (unsorted)
[hydra01:901710] [ 0] /lib/x86_64-linux-gnu/libc.so.6(+0x38de0)[0x7f2e00928de0]
malloc(): invalid size (unsorted)
[hydra05:392822] *** Process received signal ***
[hydra05:392822] Signal: Aborted (6)
[hydra05:392822] Signal code:  (-6)
malloc(): invalid size (unsorted)
[hydra02:583143] *** Process received signal ***
[hydra02:583143] Signal: Aborted (6)
[hydra02:583143] Signal code:  (-6)
[hydra01:901711] *** Process received signal ***
[hydra01:901711] Signal: Aborted (6)
[hydra01:901711] Signal code:  (-6)
[hydra01:901710] [ 1] /lib/x86_64-linux-gnu/libc.so.6(gsignal+0x141)[0x7f2e00928d61]
malloc(): invalid size (unsorted)
[hydra03:410150] *** Process received signal ***
[hydra03:410150] Signal: Aborted (6)
[hydra03:410150] Signal code:  (-6)
[hydra01:901710] [ 2] /lib/x86_64-linux-gnu/libc.so.6(abort+0x123)[0x7f2e00912537]
malloc(): invalid size (unsorted)
[hydra07:419888] *** Process received signal ***
[hydra07:419888] Signal: Aborted (6)
[hydra07:419888] Signal code:  (-6)
malloc(): invalid size (unsorted)
[hydra04:408874] *** Process received signal ***
[hydra04:408874] Signal: Aborted (6)
[hydra04:408874] Signal code:  (-6)
[hydra01:901710] [ 3] /lib/x86_64-linux-gnu/libc.so.6(+0x7a468)[0x7f2e0096a468]
[hydra01:901710] [ 4] /lib/x86_64-linux-gnu/libc.so.6(+0x8175a)[0x7f2e0097175a]
malloc(): invalid size (unsorted)
[hydra06:393507] *** Process received signal ***
[hydra06:393507] Signal: Aborted (6)
[hydra06:393507] Signal code:  (-6)
[hydra01:901711] [ 0] /lib/x86_64-linux-gnu/libc.so.6(+0x38de0)[0x7f22432cade0]
[hydra01:901711] [ 1] /lib/x86_64-linux-gnu/libc.so.6(gsignal+0x141)[0x7f22432cad61]
[hydra01:901710] [ 5] /lib/x86_64-linux-gnu/libc.so.6(+0x8483c)[0x7f2e0097483c]
[hydra01:901711] [ 2] /lib/x86_64-linux-gnu/libc.so.6(abort+0x123)[0x7f22432b4537]
malloc(): invalid size (unsorted)
[hydra11:373222] *** Process received signal ***
[hydra11:373222] Signal: Aborted (6)
[hydra11:373222] Signal code:  (-6)
[hydra01:901710] [ 6] /lib/x86_64-linux-gnu/libc.so.6(__libc_calloc+0x81)[0x7f2e00976bd1]
[hydra01:901710] [ 7] /opt/mpi/openmpi-4.1.4//lib/libmpi.so.40(ompi_group_allocate+0x17)[0x7f2e028441e7]
malloc(): invalid size (unsorted)
[hydra12:373183] *** Process received signal ***
[hydra12:373183] Signal: Aborted (6)
[hydra12:373183] Signal code:  (-6)
malloc(): invalid size (unsorted)
[hydra10:505611] *** Process received signal ***
[hydra10:505611] Signal: Aborted (6)
[hydra10:505611] Signal code:  (-6)
[hydra12:373181] [ 0] /lib/x86_64-linux-gnu/libc.so.6(+0x38de0)[0x7f536c1afde0]
[hydra01:901711] [ 3] /lib/x86_64-linux-gnu/libc.so.6(+0x7a468)[0x7f224330c468]
[hydra12:373183] [ 0] /lib/x86_64-linux-gnu/libc.so.6(+0x38de0)[0x7f119dc99de0]
[hydra12:373183] [ 1] /lib/x86_64-linux-gnu/libc.so.6(gsignal+0x141)[0x7f119dc99d61]
[hydra12:373183] [ 2] /lib/x86_64-linux-gnu/libc.so.6(abort+0x123)[0x7f119dc83537]
[hydra01:901710] [ 8] /opt/mpi/openmpi-4.1.4//lib/libmpi.so.40(ompi_group_incl_plist+0x65)[0x7f2e02844915]
[hydra12:373181] [ 1] /lib/x86_64-linux-gnu/libc.so.6(gsignal+0x141)[0x7f536c1afd61]
[hydra12:373181] [ 2] /lib/x86_64-linux-gnu/libc.so.6(abort+0x123)[0x7f536c199537]
[hydra01:901711] [ 4] /lib/x86_64-linux-gnu/libc.so.6(+0x8175a)[0x7f224331375a]
[hydra12:373183] [ 3] /lib/x86_64-linux-gnu/libc.so.6(+0x7a468)[0x7f119dcdb468]
[hydra12:373181] [ 3] /lib/x86_64-linux-gnu/libc.so.6(+0x7a468)[0x7f536c1f1468]
[hydra01:901710] [ 9] /opt/mpi/openmpi-4.1.4//lib/libmpi.so.40(PMPI_Group_incl+0x95)[0x7f2e02875185]
[hydra01:901710] [10] /home/thesis/jheld/MPI_Syrk_implementation/build/src/MPI_SYRK_implementation(+0x841a)[0x55a69c03041a]
[hydra01:901710] [11] /home/thesis/jheld/MPI_Syrk_implementation/build/src/MPI_SYRK_implementation(+0x2ab0)[0x55a69c02aab0]
[hydra12:373183] [ 4] /lib/x86_64-linux-gnu/libc.so.6(+0x8175a)[0x7f119dce275a]
[hydra01:901711] [ 5] /lib/x86_64-linux-gnu/libc.so.6(+0x8483c)[0x7f224331683c]
[hydra12:373181] [ 4] /lib/x86_64-linux-gnu/libc.so.6(+0x8175a)[0x7f536c1f875a]
malloc(): invalid size (unsorted)
[hydra03:410151] *** Process received signal ***
[hydra03:410151] Signal: Aborted (6)
[hydra03:410151] Signal code:  (-6)
[hydra01:901710] [12] /lib/x86_64-linux-gnu/libc.so.6(__libc_start_main+0xea)[0x7f2e00913d7a]
[hydra12:373183] [ 5] /lib/x86_64-linux-gnu/libc.so.6(+0x8483c)[0x7f119dce583c]
malloc(): invalid size (unsorted)
[hydra03:410152] *** Process received signal ***
[hydra01:901710] [13] /home/thesis/jheld/MPI_Syrk_implementation/build/src/MPI_SYRK_implementation(+0x232a)[0x55a69c02a32a]
[hydra01:901710] *** End of error message ***
[hydra05:392822] [ 0] /lib/x86_64-linux-gnu/libc.so.6(+0x38de0)[0x7fc1e839dde0]
[hydra12:373181] [ 5] /lib/x86_64-linux-gnu/libc.so.6(+0x8483c)[0x7f536c1fb83c]
[hydra03:410152] Signal: Aborted (6)
[hydra03:410152] Signal code:  (-6)
[hydra01:901711] [ 6] /lib/x86_64-linux-gnu/libc.so.6(__libc_calloc+0x81)[0x7f2243318bd1]
malloc(): invalid size (unsorted)
[hydra05:392822] [ 1] /lib/x86_64-linux-gnu/libc.so.6(gsignal+0x141)[0x7fc1e839dd61]
[hydra12:373183] [ 6] /lib/x86_64-linux-gnu/libc.so.6(__libc_calloc+0x81)[0x7f119dce7bd1]
[hydra03:410150] [ 0] /lib/x86_64-linux-gnu/libc.so.6(+0x38de0)[0x7f4177f48de0]
[hydra01:901711] [ 7] /opt/mpi/openmpi-4.1.4//lib/libmpi.so.40(ompi_group_allocate+0x17)[0x7f22451e61e7]
[hydra07:419890] *** Process received signal ***
malloc(): invalid size (unsorted)
[hydra12:373183] [ 7] /opt/mpi/openmpi-4.1.4//lib/libmpi.so.40(ompi_group_allocate+0x17)[0x7f119fbb51e7]
[hydra03:410150] [ 1] /lib/x86_64-linux-gnu/libc.so.6(gsignal+0x141)[0x7f4177f48d61]
[hydra01:901711] [ 8] /opt/mpi/openmpi-4.1.4//lib/libmpi.so.40(ompi_group_incl_plist+0x65)[0x7f22451e6915]
[hydra07:419890] Signal: Aborted (6)
[hydra07:419890] Signal code:  (-6)
[hydra06:393507] [ 0] /lib/x86_64-linux-gnu/libc.so.6(+0x38de0)[0x7f1001270de0]
[hydra05:392822] [ 2] /lib/x86_64-linux-gnu/libc.so.6(abort+0x123)[0x7fc1e8387537]
[hydra12:373181] [ 6] /lib/x86_64-linux-gnu/libc.so.6(__libc_calloc+0x81)[0x7f536c1fdbd1]
[hydra04:408874] [ 0] /lib/x86_64-linux-gnu/libc.so.6(+0x38de0)[0x7fcb22b59de0]
[hydra03:410151] [ 0] /lib/x86_64-linux-gnu/libc.so.6(+0x38de0)[0x7fea7c9edde0]
[hydra01:901711] [ 9] /opt/mpi/openmpi-4.1.4//lib/libmpi.so.40(PMPI_Group_incl+0x95)[0x7f2245217185]
[hydra07:419888] [ 0] /lib/x86_64-linux-gnu/libc.so.6(+0x38de0)[0x7f6103952de0]
malloc(): invalid size (unsorted)
[hydra05:392823] *** Process received signal ***
[hydra12:373183] [ 8] /opt/mpi/openmpi-4.1.4//lib/libmpi.so.40(ompi_group_incl_plist+0x65)[0x7f119fbb5915]
[hydra04:408874] [ 1] /lib/x86_64-linux-gnu/libc.so.6(gsignal+0x141)[0x7fcb22b59d61]
[hydra03:410150] [ 2] /lib/x86_64-linux-gnu/libc.so.6(abort+0x123)[0x7f4177f32537]
[hydra01:901711] [10] /home/thesis/jheld/MPI_Syrk_implementation/build/src/MPI_SYRK_implementation(+0x841a)[0x55f0f314641a]
[hydra01:901711] [11] /home/thesis/jheld/MPI_Syrk_implementation/build/src/MPI_SYRK_implementation(+0x2ab0)[0x55f0f3140ab0]
[hydra07:419888] [ 1] /lib/x86_64-linux-gnu/libc.so.6(gsignal+0x141)[0x7f6103952d61]
[hydra06:393507] [ 1] /lib/x86_64-linux-gnu/libc.so.6(gsignal+0x141)[0x7f1001270d61]
[hydra05:392823] Signal: Aborted (6)
[hydra05:392823] Signal code:  (-6)
[hydra02:583143] [ 0] /lib/x86_64-linux-gnu/libc.so.6(+0x38de0)[0x7f8d2f257de0]
[hydra12:373181] [ 7] /opt/mpi/openmpi-4.1.4//lib/libmpi.so.40(ompi_group_allocate+0x17)[0x7f536e0cb1e7]
[hydra04:408874] [ 2] /lib/x86_64-linux-gnu/libc.so.6(abort+0x123)[0x7fcb22b43537]
[hydra03:410151] [ 1] /lib/x86_64-linux-gnu/libc.so.6(gsignal+0x141)[0x7fea7c9edd61]
[hydra01:901711] [12] /lib/x86_64-linux-gnu/libc.so.6(__libc_start_main+0xea)[0x7f22432b5d7a]
[hydra07:419888] [ 2] /lib/x86_64-linux-gnu/libc.so.6(abort+0x123)[0x7f610393c537]
[hydra06:393505] *** Process received signal ***
[hydra05:392822] [ 3] /lib/x86_64-linux-gnu/libc.so.6(+0x7a468)[0x7fc1e83df468]
[hydra02:583143] [ 1] /lib/x86_64-linux-gnu/libc.so.6(gsignal+0x141)[0x7f8d2f257d61]
[hydra12:373181] [ 8] /opt/mpi/openmpi-4.1.4//lib/libmpi.so.40(ompi_group_incl_plist+0x65)[0x7f536e0cb915]
[hydra04:408874] [ 3] /lib/x86_64-linux-gnu/libc.so.6(+0x7a468)[0x7fcb22b9b468]
[hydra03:410152] [ 0] /lib/x86_64-linux-gnu/libc.so.6(+0x38de0)[0x7f0286188de0]
[hydra01:901711] [13] /home/thesis/jheld/MPI_Syrk_implementation/build/src/MPI_SYRK_implementation(+0x232a)[0x55f0f314032a]
[hydra01:901711] *** End of error message ***
[hydra07:419888] [ 3] /lib/x86_64-linux-gnu/libc.so.6(+0x7a468)[0x7f6103994468]
[hydra06:393507] [ 2] /lib/x86_64-linux-gnu/libc.so.6(abort+0x123)[0x7f100125a537]
[hydra05:392822] [ 4] /lib/x86_64-linux-gnu/libc.so.6(+0x8175a)[0x7fc1e83e675a]
[hydra02:583143] [ 2] /lib/x86_64-linux-gnu/libc.so.6(abort+0x123)[0x7f8d2f241537]
[hydra12:373183] [ 9] /opt/mpi/openmpi-4.1.4//lib/libmpi.so.40(PMPI_Group_incl+0x95)[0x7f119fbe6185]
[hydra12:373183] [10] /home/thesis/jheld/MPI_Syrk_implementation/build/src/MPI_SYRK_implementation(+0x841a)[0x55da970e641a]
[hydra12:373183] [11] /home/thesis/jheld/MPI_Syrk_implementation/build/src/MPI_SYRK_implementation(+0x2ab0)[0x55da970e0ab0]
[hydra04:408874] [ 4] /lib/x86_64-linux-gnu/libc.so.6(+0x8175a)[0x7fcb22ba275a]
[hydra03:410150] [ 3] /lib/x86_64-linux-gnu/libc.so.6(+0x7a468)[0x7f4177f8a468]
[hydra07:419890] [ 0] /lib/x86_64-linux-gnu/libc.so.6(+0x38de0)[0x7ff9a9847de0]
[hydra06:393505] Signal: Aborted (6)
[hydra06:393505] Signal code:  (-6)
[hydra05:392822] [ 5] /lib/x86_64-linux-gnu/libc.so.6(+0x8483c)[0x7fc1e83e983c]
[hydra02:583143] [ 3] /lib/x86_64-linux-gnu/libc.so.6(+0x7a468)[0x7f8d2f299468]
[hydra12:373181] [ 9] /opt/mpi/openmpi-4.1.4//lib/libmpi.so.40(PMPI_Group_incl+0x95)[0x7f536e0fc185]
[hydra04:408874] [ 5] /lib/x86_64-linux-gnu/libc.so.6(+0x8483c)[0x7fcb22ba583c]
[hydra03:410151] [ 2] /lib/x86_64-linux-gnu/libc.so.6(abort+0x123)[0x7fea7c9d7537]
[hydra07:419890] [ 1] /lib/x86_64-linux-gnu/libc.so.6(gsignal+0x141)[0x7ff9a9847d61]
[hydra06:393507] [ 3] /lib/x86_64-linux-gnu/libc.so.6(+0x7a468)[0x7f10012b2468]
[hydra05:392822] [ 6] /lib/x86_64-linux-gnu/libc.so.6(__libc_calloc+0x81)[0x7fc1e83ebbd1]
[hydra05:392822] [ 7] /opt/mpi/openmpi-4.1.4//lib/libmpi.so.40(ompi_group_allocate+0x17)[0x7fc1ea2b91e7]
[hydra05:392822] [ 8] /opt/mpi/openmpi-4.1.4//lib/libmpi.so.40(ompi_group_incl_plist+0x65)[0x7fc1ea2b9915]
[hydra02:583143] [ 4] /lib/x86_64-linux-gnu/libc.so.6(+0x8175a)[0x7f8d2f2a075a]
[hydra12:373181] [10] /home/thesis/jheld/MPI_Syrk_implementation/build/src/MPI_SYRK_implementation(+0x841a)[0x55fa3c04c41a]
[hydra12:373181] [11] /home/thesis/jheld/MPI_Syrk_implementation/build/src/MPI_SYRK_implementation(+0x2ab0)[0x55fa3c046ab0]
[hydra04:408874] [ 6] /lib/x86_64-linux-gnu/libc.so.6(__libc_calloc+0x81)[0x7fcb22ba7bd1]
[hydra03:410152] [ 1] /lib/x86_64-linux-gnu/libc.so.6(gsignal+0x141)[0x7f0286188d61]
[hydra07:419888] [ 4] /lib/x86_64-linux-gnu/libc.so.6(+0x8175a)[0x7f610399b75a]
[hydra06:393507] [ 4] /lib/x86_64-linux-gnu/libc.so.6(+0x8175a)[0x7f10012b975a]
[hydra05:392823] [ 0] /lib/x86_64-linux-gnu/libc.so.6(+0x38de0)[0x7f79ff7b0de0]
[hydra05:392823] [ 1] /lib/x86_64-linux-gnu/libc.so.6(gsignal+0x141)[0x7f79ff7b0d61]
[hydra05:392823] [ 2] /lib/x86_64-linux-gnu/libc.so.6(abort+0x123)[0x7f79ff79a537]
[hydra02:583143] [ 5] /lib/x86_64-linux-gnu/libc.so.6(+0x8483c)[0x7f8d2f2a383c]
[hydra12:373183] [12] /lib/x86_64-linux-gnu/libc.so.6(__libc_start_main+0xea)[0x7f119dc84d7a]
[hydra12:373183] [13] /home/thesis/jheld/MPI_Syrk_implementation/build/src/MPI_SYRK_implementation(+0x232a)[0x55da970e032a]
[hydra12:373183] *** End of error message ***
[hydra04:408874] [ 7] /opt/mpi/openmpi-4.1.4//lib/libmpi.so.40(ompi_group_allocate+0x17)[0x7fcb24a751e7]
[hydra10:505611] [ 0] /lib/x86_64-linux-gnu/libc.so.6(+0x38de0)[0x7fd6fe002de0]
[hydra03:410152] [ 2] /lib/x86_64-linux-gnu/libc.so.6(abort+0x123)[0x7f0286172537]
[hydra07:419890] [ 2] /lib/x86_64-linux-gnu/libc.so.6(abort+0x123)[0x7ff9a9831537]
[hydra06:393507] [ 5] /lib/x86_64-linux-gnu/libc.so.6(+0x8483c)[0x7f10012bc83c]
[hydra05:392822] [ 9] /opt/mpi/openmpi-4.1.4//lib/libmpi.so.40(PMPI_Group_incl+0x95)[0x7fc1ea2ea185]
[hydra05:392822] [10] /home/thesis/jheld/MPI_Syrk_implementation/build/src/MPI_SYRK_implementation(+0x841a)[0x558fe141441a]
[hydra05:392822] [11] /home/thesis/jheld/MPI_Syrk_implementation/build/src/MPI_SYRK_implementation(+0x2ab0)[0x558fe140eab0]
[hydra02:583143] [ 6] /lib/x86_64-linux-gnu/libc.so.6(__libc_calloc+0x81)[0x7f8d2f2a5bd1]
[hydra11:373222] [ 0] /lib/x86_64-linux-gnu/libc.so.6(+0x38de0)[0x7fb84631ede0]
[hydra12:373181] [12] /lib/x86_64-linux-gnu/libc.so.6(__libc_start_main+0xea)[0x7f536c19ad7a]
[hydra04:408874] [ 8] /opt/mpi/openmpi-4.1.4//lib/libmpi.so.40(ompi_group_incl_plist+0x65)[0x7fcb24a75915]
[hydra10:505611] [ 1] /lib/x86_64-linux-gnu/libc.so.6(gsignal+0x141)[0x7fd6fe002d61]
[hydra03:410150] [ 4] /lib/x86_64-linux-gnu/libc.so.6(+0x8175a)[0x7f4177f9175a]
[hydra07:419888] [ 5] /lib/x86_64-linux-gnu/libc.so.6(+0x8483c)[0x7f610399e83c]
[hydra06:393505] [ 0] /lib/x86_64-linux-gnu/libc.so.6(+0x38de0)[0x7fcf38fb7de0]
[hydra05:392822] [12] /lib/x86_64-linux-gnu/libc.so.6(__libc_start_main+0xea)[0x7fc1e8388d7a]
[hydra02:583143] [ 7] /opt/mpi/openmpi-4.1.4//lib/libmpi.so.40(ompi_group_allocate+0x17)[0x7f8d311731e7]
[hydra11:373222] [ 1] /lib/x86_64-linux-gnu/libc.so.6(gsignal+0x141)[0x7fb84631ed61]
[hydra12:373181] [13] /home/thesis/jheld/MPI_Syrk_implementation/build/src/MPI_SYRK_implementation(+0x232a)[0x55fa3c04632a]
[hydra12:373181] *** End of error message ***
[hydra04:408874] [ 9] /opt/mpi/openmpi-4.1.4//lib/libmpi.so.40(PMPI_Group_incl+0x95)[0x7fcb24aa6185]
[hydra10:505611] [ 2] /lib/x86_64-linux-gnu/libc.so.6(abort+0x123)[0x7fd6fdfec537]
[hydra03:410151] [ 3] /lib/x86_64-linux-gnu/libc.so.6(+0x7a468)[0x7fea7ca2f468]
[hydra07:419890] [ 3] /lib/x86_64-linux-gnu/libc.so.6(+0x7a468)[0x7ff9a9889468]
[hydra06:393507] [ 6] /lib/x86_64-linux-gnu/libc.so.6(__libc_calloc+0x81)[0x7f10012bebd1]
[hydra05:392823] [ 3] /lib/x86_64-linux-gnu/libc.so.6(+0x7a468)[0x7f79ff7f2468]
[hydra02:583143] [ 8] /opt/mpi/openmpi-4.1.4//lib/libmpi.so.40(ompi_group_incl_plist+0x65)[0x7f8d31173915]
[hydra11:373222] [ 2] /lib/x86_64-linux-gnu/libc.so.6(abort+0x123)[0x7fb846308537]
[hydra04:408874] [10] /home/thesis/jheld/MPI_Syrk_implementation/build/src/MPI_SYRK_implementation(+0x841a)[0x55a53742b41a]
[hydra04:408874] [11] /home/thesis/jheld/MPI_Syrk_implementation/build/src/MPI_SYRK_implementation(+0x2ab0)[0x55a537425ab0]
[hydra10:505611] [ 3] /lib/x86_64-linux-gnu/libc.so.6(+0x7a468)[0x7fd6fe044468]
[hydra03:410152] [ 3] /lib/x86_64-linux-gnu/libc.so.6(+0x7a468)[0x7f02861ca468]
[hydra07:419888] [ 6] /lib/x86_64-linux-gnu/libc.so.6(__libc_calloc+0x81)[0x7f61039a0bd1]
[hydra06:393507] [ 7] /opt/mpi/openmpi-4.1.4//lib/libmpi.so.40(ompi_group_allocate+0x17)[0x7f100318c1e7]
[hydra05:392822] [13] /home/thesis/jheld/MPI_Syrk_implementation/build/src/MPI_SYRK_implementation(+0x232a)[0x558fe140e32a]
[hydra05:392822] *** End of error message ***
[hydra02:583143] [ 9] /opt/mpi/openmpi-4.1.4//lib/libmpi.so.40(PMPI_Group_incl+0x95)[0x7f8d311a4185]
[hydra02:583143] [10] /home/thesis/jheld/MPI_Syrk_implementation/build/src/MPI_SYRK_implementation(+0x841a)[0x5609a6de941a]
[hydra11:373222] [ 3] /lib/x86_64-linux-gnu/libc.so.6(+0x7a468)[0x7fb846360468]
[hydra04:408874] [12] /lib/x86_64-linux-gnu/libc.so.6(__libc_start_main+0xea)[0x7fcb22b44d7a]
[hydra04:408874] [13] /home/thesis/jheld/MPI_Syrk_implementation/build/src/MPI_SYRK_implementation(+0x232a)[0x55a53742532a]
[hydra10:505611] [ 4] /lib/x86_64-linux-gnu/libc.so.6(+0x8175a)[0x7fd6fe04b75a]
[hydra03:410150] [ 5] /lib/x86_64-linux-gnu/libc.so.6(+0x8483c)[0x7f4177f9483c]
[hydra07:419888] [ 7] /opt/mpi/openmpi-4.1.4//lib/libmpi.so.40(ompi_group_allocate+0x17)[0x7f610586e1e7]
[hydra06:393505] [ 1] /lib/x86_64-linux-gnu/libc.so.6(gsignal+0x141)[0x7fcf38fb7d61]
[hydra05:392823] [ 4] /lib/x86_64-linux-gnu/libc.so.6(+0x8175a)[0x7f79ff7f975a]
[hydra02:583143] [11] /home/thesis/jheld/MPI_Syrk_implementation/build/src/MPI_SYRK_implementation(+0x2ab0)[0x5609a6de3ab0]
[hydra11:373222] [ 4] /lib/x86_64-linux-gnu/libc.so.6(+0x8175a)[0x7fb84636775a]
[hydra04:408874] *** End of error message ***
[hydra10:505611] [ 5] /lib/x86_64-linux-gnu/libc.so.6(+0x8483c)[0x7fd6fe04e83c]
[hydra03:410151] [ 4] /lib/x86_64-linux-gnu/libc.so.6(+0x8175a)[0x7fea7ca3675a]
[hydra07:419890] [ 4] /lib/x86_64-linux-gnu/libc.so.6(+0x8175a)[0x7ff9a989075a]
[hydra06:393507] [ 8] /opt/mpi/openmpi-4.1.4//lib/libmpi.so.40(ompi_group_incl_plist+0x65)[0x7f100318c915]
[hydra05:392823] [ 5] /lib/x86_64-linux-gnu/libc.so.6(+0x8483c)[0x7f79ff7fc83c]
[hydra02:583143] [12] /lib/x86_64-linux-gnu/libc.so.6(__libc_start_main+0xea)[0x7f8d2f242d7a]
[hydra02:583143] [13] /home/thesis/jheld/MPI_Syrk_implementation/build/src/MPI_SYRK_implementation(+0x232a)[0x5609a6de332a]
[hydra11:373222] [ 5] /lib/x86_64-linux-gnu/libc.so.6(+0x8483c)[0x7fb84636a83c]
[hydra10:505611] [ 6] /lib/x86_64-linux-gnu/libc.so.6(__libc_calloc+0x81)[0x7fd6fe050bd1]
[hydra03:410152] [ 4] /lib/x86_64-linux-gnu/libc.so.6(+0x8175a)[0x7f02861d175a]
[hydra07:419888] [ 8] /opt/mpi/openmpi-4.1.4//lib/libmpi.so.40(ompi_group_incl_plist+0x65)[0x7f610586e915]
[hydra06:393505] [ 2] /lib/x86_64-linux-gnu/libc.so.6(abort+0x123)[0x7fcf38fa1537]
[hydra02:583143] *** End of error message ***
[hydra11:373222] [ 6] /lib/x86_64-linux-gnu/libc.so.6(__libc_calloc+0x81)[0x7fb84636cbd1]
[hydra10:505611] [ 7] /opt/mpi/openmpi-4.1.4//lib/libmpi.so.40(ompi_group_allocate+0x17)[0x7fd6fff1e1e7]
[hydra03:410150] [ 6] /lib/x86_64-linux-gnu/libc.so.6(__libc_calloc+0x81)[0x7f4177f96bd1]
[hydra07:419890] [ 5] /lib/x86_64-linux-gnu/libc.so.6(+0x8483c)[0x7ff9a989383c]
[hydra06:393505] [ 3] /lib/x86_64-linux-gnu/libc.so.6(+0x7a468)[0x7fcf38ff9468]
[hydra11:373222] [ 7] /opt/mpi/openmpi-4.1.4//lib/libmpi.so.40(ompi_group_allocate+0x17)[0x7fb84823a1e7]
[hydra10:505611] [ 8] /opt/mpi/openmpi-4.1.4//lib/libmpi.so.40(ompi_group_incl_plist+0x65)[0x7fd6fff1e915]
[hydra03:410151] [ 5] /lib/x86_64-linux-gnu/libc.so.6(+0x8483c)[0x7fea7ca3983c]
[hydra07:419888] [ 9] /opt/mpi/openmpi-4.1.4//lib/libmpi.so.40(PMPI_Group_incl+0x95)[0x7f610589f185]
[hydra07:419888] [10] /home/thesis/jheld/MPI_Syrk_implementation/build/src/MPI_SYRK_implementation(+0x841a)[0x55f78a2b941a]
[hydra06:393507] [ 9] /opt/mpi/openmpi-4.1.4//lib/libmpi.so.40(PMPI_Group_incl+0x95)[0x7f10031bd185]
[hydra06:393507] [10] /home/thesis/jheld/MPI_Syrk_implementation/build/src/MPI_SYRK_implementation(+0x841a)[0x5634b6e1141a]
[hydra06:393507] [11] /home/thesis/jheld/MPI_Syrk_implementation/build/src/MPI_SYRK_implementation(+0x2ab0)[0x5634b6e0bab0]
[hydra11:373222] [ 8] /opt/mpi/openmpi-4.1.4//lib/libmpi.so.40(ompi_group_incl_plist+0x65)[0x7fb84823a915]
[hydra10:505611] [ 9] /opt/mpi/openmpi-4.1.4//lib/libmpi.so.40(PMPI_Group_incl+0x95)[0x7fd6fff4f185]
[hydra03:410150] [ 7] /opt/mpi/openmpi-4.1.4//lib/libmpi.so.40(ompi_group_allocate+0x17)[0x7f4179e641e7]
[hydra06:393505] [ 4] /lib/x86_64-linux-gnu/libc.so.6(+0x8175a)[0x7fcf3900075a]
[hydra11:373222] [ 9] /opt/mpi/openmpi-4.1.4//lib/libmpi.so.40(PMPI_Group_incl+0x95)[0x7fb84826b185]
[hydra11:373222] [10] /home/thesis/jheld/MPI_Syrk_implementation/build/src/MPI_SYRK_implementation(+0x841a)[0x562160f1f41a]
[hydra10:505611] [10] /home/thesis/jheld/MPI_Syrk_implementation/build/src/MPI_SYRK_implementation(+0x841a)[0x55dfc1a5541a]
[hydra10:505611] [11] /home/thesis/jheld/MPI_Syrk_implementation/build/src/MPI_SYRK_implementation(+0x2ab0)[0x55dfc1a4fab0]
[hydra03:410152] [ 5] /lib/x86_64-linux-gnu/libc.so.6(+0x8483c)[0x7f02861d483c]
[hydra06:393507] [12] /lib/x86_64-linux-gnu/libc.so.6(__libc_start_main+0xea)[0x7f100125bd7a]
[hydra06:393507] [13] /home/thesis/jheld/MPI_Syrk_implementation/build/src/MPI_SYRK_implementation(+0x232a)[0x5634b6e0b32a]
[hydra06:393507] *** End of error message ***
[hydra11:373222] [11] /home/thesis/jheld/MPI_Syrk_implementation/build/src/MPI_SYRK_implementation(+0x2ab0)[0x562160f19ab0]
[hydra10:505611] [12] /lib/x86_64-linux-gnu/libc.so.6(__libc_start_main+0xea)[0x7fd6fdfedd7a]
[hydra10:505611] [13] /home/thesis/jheld/MPI_Syrk_implementation/build/src/MPI_SYRK_implementation(+0x232a)[0x55dfc1a4f32a]
[hydra03:410150] [ 8] /opt/mpi/openmpi-4.1.4//lib/libmpi.so.40(ompi_group_incl_plist+0x65)[0x7f4179e64915]
[hydra06:393505] [ 5] /lib/x86_64-linux-gnu/libc.so.6(+0x8483c)[0x7fcf3900383c]
[hydra11:373222] [12] /lib/x86_64-linux-gnu/libc.so.6(__libc_start_main+0xea)[0x7fb846309d7a]
[hydra11:373222] [13] /home/thesis/jheld/MPI_Syrk_implementation/build/src/MPI_SYRK_implementation(+0x232a)[0x562160f1932a]
[hydra10:505611] *** End of error message ***
[hydra03:410151] [ 6] /lib/x86_64-linux-gnu/libc.so.6(__libc_calloc+0x81)[0x7fea7ca3bbd1]
[hydra03:410151] [ 7] /opt/mpi/openmpi-4.1.4//lib/libmpi.so.40(ompi_group_allocate+0x17)[0x7fea7e9091e7]
[hydra11:373222] *** End of error message ***
[hydra03:410152] [ 6] /lib/x86_64-linux-gnu/libc.so.6(__libc_calloc+0x81)[0x7f02861d6bd1]
[hydra03:410150] [ 9] /opt/mpi/openmpi-4.1.4//lib/libmpi.so.40(PMPI_Group_incl+0x95)[0x7f4179e95185]
[hydra03:410151] [ 8] /opt/mpi/openmpi-4.1.4//lib/libmpi.so.40(ompi_group_incl_plist+0x65)[0x7fea7e909915]
[hydra03:410152] [ 7] /opt/mpi/openmpi-4.1.4//lib/libmpi.so.40(ompi_group_allocate+0x17)[0x7f02880a41e7]
[hydra03:410152] [ 8] /opt/mpi/openmpi-4.1.4//lib/libmpi.so.40(ompi_group_incl_plist+0x65)[0x7f02880a4915]
[hydra03:410150] [10] /home/thesis/jheld/MPI_Syrk_implementation/build/src/MPI_SYRK_implementation(+0x841a)[0x5604af4ad41a]
[hydra03:410150] [11] /home/thesis/jheld/MPI_Syrk_implementation/build/src/MPI_SYRK_implementation(+0x2ab0)[0x5604af4a7ab0]
[hydra03:410151] [ 9] /opt/mpi/openmpi-4.1.4//lib/libmpi.so.40(PMPI_Group_incl+0x95)[0x7fea7e93a185]
[hydra03:410151] [10] /home/thesis/jheld/MPI_Syrk_implementation/build/src/MPI_SYRK_implementation(+0x841a)[0x55fdcb85c41a]
[hydra03:410151] [11] /home/thesis/jheld/MPI_Syrk_implementation/build/src/MPI_SYRK_implementation(+0x2ab0)[0x55fdcb856ab0]
[hydra03:410150] [12] /lib/x86_64-linux-gnu/libc.so.6(__libc_start_main+0xea)[0x7f4177f33d7a]
[hydra03:410150] [13] /home/thesis/jheld/MPI_Syrk_implementation/build/src/MPI_SYRK_implementation(+0x232a)[0x5604af4a732a]
[hydra03:410150] *** End of error message ***
[hydra03:410152] [ 9] /opt/mpi/openmpi-4.1.4//lib/libmpi.so.40(PMPI_Group_incl+0x95)[0x7f02880d5185]
[hydra03:410152] [10] /home/thesis/jheld/MPI_Syrk_implementation/build/src/MPI_SYRK_implementation(+0x841a)[0x5647e0d5541a]
[hydra03:410152] [11] /home/thesis/jheld/MPI_Syrk_implementation/build/src/MPI_SYRK_implementation(+0x2ab0)[0x5647e0d4fab0]
[hydra03:410151] [12] /lib/x86_64-linux-gnu/libc.so.6(__libc_start_main+0xea)[0x7fea7c9d8d7a]
[hydra03:410151] [13] /home/thesis/jheld/MPI_Syrk_implementation/build/src/MPI_SYRK_implementation(+0x232a)[0x55fdcb85632a]
[hydra03:410151] *** End of error message ***
[hydra03:410152] [12] /lib/x86_64-linux-gnu/libc.so.6(__libc_start_main+0xea)[0x7f0286173d7a]
[hydra03:410152] [13] /home/thesis/jheld/MPI_Syrk_implementation/build/src/MPI_SYRK_implementation(+0x232a)[0x5647e0d4f32a]
[hydra03:410152] *** End of error message ***
[hydra06:393505] [ 6] /lib/x86_64-linux-gnu/libc.so.6(__libc_calloc+0x81)[0x7fcf39005bd1]
[hydra06:393505] [ 7] /opt/mpi/openmpi-4.1.4//lib/libmpi.so.40(ompi_group_allocate+0x17)[0x7fcf3aed31e7]
[hydra06:393505] [ 8] /opt/mpi/openmpi-4.1.4//lib/libmpi.so.40(ompi_group_incl_plist+0x65)[0x7fcf3aed3915]
[hydra05:392823] [ 6] /lib/x86_64-linux-gnu/libc.so.6(__libc_calloc+0x81)[0x7f79ff7febd1]
[hydra06:393505] [ 9] /opt/mpi/openmpi-4.1.4//lib/libmpi.so.40(PMPI_Group_incl+0x95)[0x7fcf3af04185]
[hydra06:393505] [10] /home/thesis/jheld/MPI_Syrk_implementation/build/src/MPI_SYRK_implementation(+0x841a)[0x556a9a1a541a]
[hydra06:393505] [11] /home/thesis/jheld/MPI_Syrk_implementation/build/src/MPI_SYRK_implementation(+0x2ab0)[0x556a9a19fab0]
[hydra05:392823] [ 7] /opt/mpi/openmpi-4.1.4//lib/libmpi.so.40(ompi_group_allocate+0x17)[0x7f7a016cc1e7]
[hydra07:419888] [11] /home/thesis/jheld/MPI_Syrk_implementation/build/src/MPI_SYRK_implementation(+0x2ab0)[0x55f78a2b3ab0]
[hydra06:393505] [12] /lib/x86_64-linux-gnu/libc.so.6(__libc_start_main+0xea)[0x7fcf38fa2d7a]
[hydra06:393505] [13] /home/thesis/jheld/MPI_Syrk_implementation/build/src/MPI_SYRK_implementation(+0x232a)[0x556a9a19f32a]
[hydra05:392823] [ 8] /opt/mpi/openmpi-4.1.4//lib/libmpi.so.40(ompi_group_incl_plist+0x65)[0x7f7a016cc915]
[hydra07:419890] [ 6] /lib/x86_64-linux-gnu/libc.so.6(__libc_calloc+0x81)[0x7ff9a9895bd1]
[hydra06:393505] *** End of error message ***
[hydra05:392823] [ 9] /opt/mpi/openmpi-4.1.4//lib/libmpi.so.40(PMPI_Group_incl+0x95)[0x7f7a016fd185]
[hydra05:392823] [10] /home/thesis/jheld/MPI_Syrk_implementation/build/src/MPI_SYRK_implementation(+0x841a)[0x5569526b641a]
[hydra07:419888] [12] /lib/x86_64-linux-gnu/libc.so.6(__libc_start_main+0xea)[0x7f610393dd7a]
[hydra07:419888] [13] /home/thesis/jheld/MPI_Syrk_implementation/build/src/MPI_SYRK_implementation(+0x232a)[0x55f78a2b332a]
[hydra05:392823] [11] /home/thesis/jheld/MPI_Syrk_implementation/build/src/MPI_SYRK_implementation(+0x2ab0)[0x5569526b0ab0]
[hydra07:419890] [ 7] /opt/mpi/openmpi-4.1.4//lib/libmpi.so.40(ompi_group_allocate+0x17)[0x7ff9ab7631e7]
[hydra05:392823] [12] /lib/x86_64-linux-gnu/libc.so.6(__libc_start_main+0xea)[0x7f79ff79bd7a]
[hydra07:419888] *** End of error message ***
[hydra05:392823] [13] /home/thesis/jheld/MPI_Syrk_implementation/build/src/MPI_SYRK_implementation(+0x232a)[0x5569526b032a]
[hydra05:392823] *** End of error message ***
[hydra07:419890] [ 8] /opt/mpi/openmpi-4.1.4//lib/libmpi.so.40(ompi_group_incl_plist+0x65)[0x7ff9ab763915]
[hydra07:419890] [ 9] /opt/mpi/openmpi-4.1.4//lib/libmpi.so.40(PMPI_Group_incl+0x95)[0x7ff9ab794185]
[hydra07:419890] [10] /home/thesis/jheld/MPI_Syrk_implementation/build/src/MPI_SYRK_implementation(+0x841a)[0x55cc4957141a]
[hydra07:419890] [11] /home/thesis/jheld/MPI_Syrk_implementation/build/src/MPI_SYRK_implementation(+0x2ab0)[0x55cc4956bab0]
[hydra07:419890] [12] /lib/x86_64-linux-gnu/libc.so.6(__libc_start_main+0xea)[0x7ff9a9832d7a]
[hydra07:419890] [13] /home/thesis/jheld/MPI_Syrk_implementation/build/src/MPI_SYRK_implementation(+0x232a)[0x55cc4956b32a]
[hydra07:419890] *** End of error message ***
srun: error: hydra11: task 31: Aborted
srun: error: hydra10: task 27: Aborted
srun: error: hydra04: task 11: Aborted
srun: error: hydra02: task 5: Aborted
srun: error: hydra06: tasks 15,17: Aborted
srun: error: hydra05: tasks 13-14: Aborted
srun: error: hydra12: tasks 33,35: Aborted
srun: error: hydra07: tasks 18,20: Aborted
srun: error: hydra01: tasks 1-2: Aborted
srun: error: hydra03: tasks 6-8: Aborted
slurmstepd: error:  mpi/pmix_v4: _errhandler: hydra02 [1]: pmixp_client_v2.c:211: Error handler invoked: status = -61, source = [slurm.pmix.5008700.7:5]
slurmstepd: error:  mpi/pmix_v4: _errhandler: hydra11 [10]: pmixp_client_v2.c:211: Error handler invoked: status = -61, source = [slurm.pmix.5008700.7:31]
slurmstepd: error:  mpi/pmix_v4: _errhandler: hydra01 [0]: pmixp_client_v2.c:211: Error handler invoked: status = -61, source = [slurm.pmix.5008700.7:1]
slurmstepd: error:  mpi/pmix_v4: _errhandler: hydra04 [3]: pmixp_client_v2.c:211: Error handler invoked: status = -61, source = [slurm.pmix.5008700.7:11]
slurmstepd: error:  mpi/pmix_v4: _errhandler: hydra10 [9]: pmixp_client_v2.c:211: Error handler invoked: status = -61, source = [slurm.pmix.5008700.7:27]
slurmstepd: error:  mpi/pmix_v4: _errhandler: hydra12 [11]: pmixp_client_v2.c:211: Error handler invoked: status = -61, source = [slurm.pmix.5008700.7:35]
slurmstepd: error:  mpi/pmix_v4: _errhandler: hydra05 [4]: pmixp_client_v2.c:211: Error handler invoked: status = -61, source = [slurm.pmix.5008700.7:13]
slurmstepd: error:  mpi/pmix_v4: _errhandler: hydra06 [5]: pmixp_client_v2.c:211: Error handler invoked: status = -61, source = [slurm.pmix.5008700.7:17]
slurmstepd: error:  mpi/pmix_v4: _errhandler: hydra07 [6]: pmixp_client_v2.c:211: Error handler invoked: status = -61, source = [slurm.pmix.5008700.7:20]
slurmstepd: error: *** STEP 5008700.7 ON hydra01 CANCELLED AT 2025-10-13T15:38:00 ***
srun: Job step aborted: Waiting up to 32 seconds for job step to finish.
srun: error: hydra12: task 34: Killed
srun: error: hydra07: task 19: Killed
srun: error: hydra01: task 0: Killed
srun: error: hydra06: task 16: Killed
srun: error: hydra05: task 12: Killed
srun: error: hydra02: tasks 3-4: Killed
srun: error: hydra10: tasks 28-29: Killed
srun: error: hydra11: tasks 30,32: Killed
srun: error: hydra04: tasks 9-10: Killed
srun: error: hydra09: tasks 24-26: Killed
srun: error: hydra08: tasks 21-23: Killed
⚠️ Warning: No runtime found for run 8
srun: Warning: can't honor --ntasks-per-node set to 1 which doesn't match the requested tasks 36 with the number of requested nodes 12. Ignoring --ntasks-per-node.
missing input file name --> Generate random input
malloc(): invalid size (unsorted)
[hydra11:373285] *** Process received signal ***
[hydra11:373285] Signal: Aborted (6)
[hydra11:373285] Signal code:  (-6)
malloc(): invalid size (unsorted)
[hydra12:373245] *** Process received signal ***
[hydra12:373245] Signal: Aborted (6)
[hydra12:373245] Signal code:  (-6)
malloc(): invalid size (unsorted)
[hydra01:901800] *** Process received signal ***
[hydra01:901800] Signal: Aborted (6)
[hydra01:901800] Signal code:  (-6)
malloc(): invalid size (unsorted)
[hydra05:392883] *** Process received signal ***
[hydra05:392883] Signal: Aborted (6)
[hydra05:392883] Signal code:  (-6)
[hydra01:901800] [ 0] /lib/x86_64-linux-gnu/libc.so.6(+0x38de0)[0x7ff1fc03cde0]
[hydra01:901800] [ 1] /lib/x86_64-linux-gnu/libc.so.6(gsignal+0x141)[0x7ff1fc03cd61]
[hydra05:392883] [ 0] /lib/x86_64-linux-gnu/libc.so.6(+0x38de0)[0x7f7c18658de0]
malloc(): invalid size (unsorted)
[hydra08:395234] *** Process received signal ***
[hydra08:395234] Signal: Aborted (6)
[hydra08:395234] Signal code:  (-6)
[hydra01:901800] [ 2] /lib/x86_64-linux-gnu/libc.so.6(abort+0x123)[0x7ff1fc026537]
malloc(): invalid size (unsorted)
[hydra02:583219] *** Process received signal ***
[hydra02:583219] Signal: Aborted (6)
[hydra02:583219] Signal code:  (-6)
malloc(): invalid size (unsorted)
[hydra06:393569] *** Process received signal ***
[hydra06:393569] Signal: Aborted (6)
[hydra06:393569] Signal code:  (-6)
malloc(): invalid size (unsorted)
[hydra03:410203] *** Process received signal ***
[hydra03:410203] Signal: Aborted (6)
[hydra03:410203] Signal code:  (-6)
malloc(): invalid size (unsorted)
[hydra04:408937] *** Process received signal ***
[hydra04:408937] Signal: Aborted (6)
[hydra04:408937] Signal code:  (-6)
malloc(): invalid size (unsorted)
[hydra07:419950] *** Process received signal ***
[hydra07:419950] Signal: Aborted (6)
[hydra07:419950] Signal code:  (-6)
[hydra05:392883] [ 1] /lib/x86_64-linux-gnu/libc.so.6(gsignal+0x141)[0x7f7c18658d61]
[hydra01:901800] [ 3] /lib/x86_64-linux-gnu/libc.so.6(+0x7a468)[0x7ff1fc07e468]
malloc(): invalid size (unsorted)
[hydra09:386240] *** Process received signal ***
[hydra09:386240] Signal: Aborted (6)
[hydra09:386240] Signal code:  (-6)
[hydra05:392883] [ 2] /lib/x86_64-linux-gnu/libc.so.6(abort+0x123)[0x7f7c18642537]
[hydra01:901800] [ 4] /lib/x86_64-linux-gnu/libc.so.6(+0x8175a)[0x7ff1fc08575a]
[hydra02:583219] [ 0] /lib/x86_64-linux-gnu/libc.so.6(+0x38de0)[0x7f84546a7de0]
[hydra05:392883] [ 3] /lib/x86_64-linux-gnu/libc.so.6(+0x7a468)[0x7f7c1869a468]
[hydra05:392883] [ 4] /lib/x86_64-linux-gnu/libc.so.6(+0x8175a)[0x7f7c186a175a]
malloc(): invalid size (unsorted)
[hydra10:505679] *** Process received signal ***
[hydra10:505679] Signal: Aborted (6)
[hydra10:505679] Signal code:  (-6)
[hydra01:901800] [ 5] /lib/x86_64-linux-gnu/libc.so.6(+0x8483c)[0x7ff1fc08883c]
[hydra07:419950] [ 0] /lib/x86_64-linux-gnu/libc.so.6(+0x38de0)[0x7f0dbef3dde0]
[hydra02:583219] [ 1] /lib/x86_64-linux-gnu/libc.so.6(gsignal+0x141)[0x7f84546a7d61]
[hydra01:901800] [ 6] /lib/x86_64-linux-gnu/libc.so.6(__libc_calloc+0x81)[0x7ff1fc08abd1]
[hydra07:419950] [ 1] /lib/x86_64-linux-gnu/libc.so.6(gsignal+0x141)[0x7f0dbef3dd61]
[hydra02:583219] [ 2] /lib/x86_64-linux-gnu/libc.so.6(abort+0x123)[0x7f8454691537]
[hydra05:392883] [ 5] /lib/x86_64-linux-gnu/libc.so.6(+0x8483c)[0x7f7c186a483c]
[hydra01:901800] [ 7] /opt/mpi/openmpi-4.1.4//lib/libmpi.so.40(ompi_group_allocate+0x17)[0x7ff1fdf581e7]
[hydra02:583219] [ 3] /lib/x86_64-linux-gnu/libc.so.6(+0x7a468)[0x7f84546e9468]
[hydra05:392883] [ 6] /lib/x86_64-linux-gnu/libc.so.6(__libc_calloc+0x81)[0x7f7c186a6bd1]
[hydra12:373245] [ 0] /lib/x86_64-linux-gnu/libc.so.6(+0x38de0)[0x7fb14a7a8de0]
[hydra01:901800] [ 8] /opt/mpi/openmpi-4.1.4//lib/libmpi.so.40(ompi_group_incl_plist+0x65)[0x7ff1fdf58915]
[hydra07:419950] [ 2] /lib/x86_64-linux-gnu/libc.so.6(abort+0x123)[0x7f0dbef27537]
[hydra02:583219] [ 4] /lib/x86_64-linux-gnu/libc.so.6(+0x8175a)[0x7f84546f075a]
[hydra05:392883] [ 7] /opt/mpi/openmpi-4.1.4//lib/libmpi.so.40(ompi_group_allocate+0x17)[0x7f7c1a5741e7]
[hydra11:373285] [ 0] /lib/x86_64-linux-gnu/libc.so.6(+0x38de0)[0x7f5deae52de0]
[hydra12:373245] [ 1] /lib/x86_64-linux-gnu/libc.so.6(gsignal+0x141)[0x7fb14a7a8d61]
[hydra01:901800] [ 9] /opt/mpi/openmpi-4.1.4//lib/libmpi.so.40(PMPI_Group_incl+0x95)[0x7ff1fdf89185]
[hydra07:419950] [ 3] /lib/x86_64-linux-gnu/libc.so.6(+0x7a468)[0x7f0dbef7f468]
[hydra02:583219] [ 5] /lib/x86_64-linux-gnu/libc.so.6(+0x8483c)[0x7f84546f383c]
[hydra05:392883] [ 8] /opt/mpi/openmpi-4.1.4//lib/libmpi.so.40(ompi_group_incl_plist+0x65)[0x7f7c1a574915]
[hydra11:373285] [ 1] /lib/x86_64-linux-gnu/libc.so.6(gsignal+0x141)[0x7f5deae52d61]
[hydra12:373245] [ 2] /lib/x86_64-linux-gnu/libc.so.6(abort+0x123)[0x7fb14a792537]
[hydra01:901800] [10] /home/thesis/jheld/MPI_Syrk_implementation/build/src/MPI_SYRK_implementation(+0x841a)[0x55656156441a]
[hydra01:901800] [11] /home/thesis/jheld/MPI_Syrk_implementation/build/src/MPI_SYRK_implementation(+0x2ab0)[0x55656155eab0]
[hydra07:419950] [ 4] /lib/x86_64-linux-gnu/libc.so.6(+0x8175a)[0x7f0dbef8675a]
[hydra02:583219] [ 6] /lib/x86_64-linux-gnu/libc.so.6(__libc_calloc+0x81)[0x7f84546f5bd1]
[hydra05:392883] [ 9] /opt/mpi/openmpi-4.1.4//lib/libmpi.so.40(PMPI_Group_incl+0x95)[0x7f7c1a5a5185]
[hydra05:392883] [10] /home/thesis/jheld/MPI_Syrk_implementation/build/src/MPI_SYRK_implementation(+0x841a)[0x55fe16d6f41a]
[hydra11:373285] [ 2] /lib/x86_64-linux-gnu/libc.so.6(abort+0x123)[0x7f5deae3c537]
[hydra12:373245] [ 3] /lib/x86_64-linux-gnu/libc.so.6(+0x7a468)[0x7fb14a7ea468]
[hydra01:901800] [12] /lib/x86_64-linux-gnu/libc.so.6(__libc_start_main+0xea)[0x7ff1fc027d7a]
[hydra01:901800] [13] /home/thesis/jheld/MPI_Syrk_implementation/build/src/MPI_SYRK_implementation(+0x232a)[0x55656155e32a]
[hydra01:901800] *** End of error message ***
[hydra07:419950] [ 5] /lib/x86_64-linux-gnu/libc.so.6(+0x8483c)[0x7f0dbef8983c]
[hydra02:583219] [ 7] /opt/mpi/openmpi-4.1.4//lib/libmpi.so.40(ompi_group_allocate+0x17)[0x7f84565c31e7]
[hydra05:392883] [11] /home/thesis/jheld/MPI_Syrk_implementation/build/src/MPI_SYRK_implementation(+0x2ab0)[0x55fe16d69ab0]
[hydra11:373285] [ 3] /lib/x86_64-linux-gnu/libc.so.6(+0x7a468)[0x7f5deae94468]
[hydra12:373245] [ 4] /lib/x86_64-linux-gnu/libc.so.6(+0x8175a)[0x7fb14a7f175a]
[hydra07:419950] [ 6] /lib/x86_64-linux-gnu/libc.so.6(__libc_calloc+0x81)[0x7f0dbef8bbd1]
[hydra05:392883] [12] /lib/x86_64-linux-gnu/libc.so.6(__libc_start_main+0xea)[0x7f7c18643d7a]
[hydra11:373285] [ 4] /lib/x86_64-linux-gnu/libc.so.6(+0x8175a)[0x7f5deae9b75a]
[hydra12:373245] [ 5] /lib/x86_64-linux-gnu/libc.so.6(+0x8483c)[0x7fb14a7f483c]
[hydra07:419950] [ 7] /opt/mpi/openmpi-4.1.4//lib/libmpi.so.40(ompi_group_allocate+0x17)[0x7f0dc0e591e7]
[hydra02:583219] [ 8] /opt/mpi/openmpi-4.1.4//lib/libmpi.so.40(ompi_group_incl_plist+0x65)[0x7f84565c3915]
[hydra05:392883] [13] /home/thesis/jheld/MPI_Syrk_implementation/build/src/MPI_SYRK_implementation(+0x232a)[0x55fe16d6932a]
[hydra05:392883] *** End of error message ***
[hydra11:373285] [ 5] /lib/x86_64-linux-gnu/libc.so.6(+0x8483c)[0x7f5deae9e83c]
[hydra12:373245] [ 6] /lib/x86_64-linux-gnu/libc.so.6(__libc_calloc+0x81)[0x7fb14a7f6bd1]
[hydra07:419950] [ 8] /opt/mpi/openmpi-4.1.4//lib/libmpi.so.40(ompi_group_incl_plist+0x65)[0x7f0dc0e59915]
malloc(): invalid size (unsorted)
[hydra12:373245] [ 7] /opt/mpi/openmpi-4.1.4//lib/libmpi.so.40(ompi_group_allocate+0x17)[0x7fb14c6c41e7]
[hydra07:419950] [ 9] /opt/mpi/openmpi-4.1.4//lib/libmpi.so.40(PMPI_Group_incl+0x95)[0x7f0dc0e8a185]
[hydra07:419950] [10] /home/thesis/jheld/MPI_Syrk_implementation/build/src/MPI_SYRK_implementation(+0x841a)[0x558ca138341a]
[hydra02:583219] [ 9] /opt/mpi/openmpi-4.1.4//lib/libmpi.so.40(PMPI_Group_incl+0x95)[0x7f84565f4185]
[hydra11:373285] [ 6] /lib/x86_64-linux-gnu/libc.so.6(__libc_calloc+0x81)[0x7f5deaea0bd1]
[hydra12:373245] [ 8] /opt/mpi/openmpi-4.1.4//lib/libmpi.so.40(ompi_group_incl_plist+0x65)[0x7fb14c6c4915]
[hydra04:408937] [ 0] /lib/x86_64-linux-gnu/libc.so.6(+0x38de0)[0x7f1af63fede0]
[hydra08:395234] [ 0] /lib/x86_64-linux-gnu/libc.so.6(+0x38de0)[0x7f64415e1de0]
[hydra07:419950] [11] /home/thesis/jheld/MPI_Syrk_implementation/build/src/MPI_SYRK_implementation(+0x2ab0)[0x558ca137dab0]
[hydra02:583219] [10] /home/thesis/jheld/MPI_Syrk_implementation/build/src/MPI_SYRK_implementation(+0x841a)[0x55e36bd9241a]
[hydra02:583219] [11] /home/thesis/jheld/MPI_Syrk_implementation/build/src/MPI_SYRK_implementation(+0x2ab0)[0x55e36bd8cab0]
[hydra06:393569] [ 0] /lib/x86_64-linux-gnu/libc.so.6(+0x38de0)[0x7f9f27d6cde0]
[hydra11:373283] *** Process received signal ***
[hydra11:373283] Signal: Aborted (6)
[hydra11:373283] Signal code:  (-6)
[hydra09:386240] [ 0] /lib/x86_64-linux-gnu/libc.so.6(+0x38de0)[0x7eff4c1dade0]
[hydra12:373245] [ 9] /opt/mpi/openmpi-4.1.4//lib/libmpi.so.40(PMPI_Group_incl+0x95)[0x7fb14c6f5185]
[hydra12:373245] [10] /home/thesis/jheld/MPI_Syrk_implementation/build/src/MPI_SYRK_implementation(+0x841a)[0x55662331141a]
[hydra04:408937] [ 1] /lib/x86_64-linux-gnu/libc.so.6(gsignal+0x141)[0x7f1af63fed61]
[hydra08:395234] [ 1] /lib/x86_64-linux-gnu/libc.so.6(gsignal+0x141)[0x7f64415e1d61]
[hydra07:419950] [12] /lib/x86_64-linux-gnu/libc.so.6(__libc_start_main+0xea)[0x7f0dbef28d7a]
[hydra02:583219] [12] /lib/x86_64-linux-gnu/libc.so.6(__libc_start_main+0xea)[0x7f8454692d7a]
[hydra06:393569] [ 1] /lib/x86_64-linux-gnu/libc.so.6(gsignal+0x141)[0x7f9f27d6cd61]
[hydra03:410203] [ 0] /lib/x86_64-linux-gnu/libc.so.6(+0x38de0)[0x7fec7c2b9de0]
[hydra11:373285] [ 7] /opt/mpi/openmpi-4.1.4//lib/libmpi.so.40(ompi_group_allocate+0x17)[0x7f5decd6e1e7]
[hydra09:386240] [ 1] /lib/x86_64-linux-gnu/libc.so.6(gsignal+0x141)[0x7eff4c1dad61]
[hydra12:373245] [11] /home/thesis/jheld/MPI_Syrk_implementation/build/src/MPI_SYRK_implementation(+0x2ab0)[0x55662330bab0]
[hydra04:408937] [ 2] /lib/x86_64-linux-gnu/libc.so.6(abort+0x123)[0x7f1af63e8537]
[hydra08:395234] [ 2] /lib/x86_64-linux-gnu/libc.so.6(abort+0x123)[0x7f64415cb537]
[hydra07:419950] [13] /home/thesis/jheld/MPI_Syrk_implementation/build/src/MPI_SYRK_implementation(+0x232a)[0x558ca137d32a]
[hydra07:419950] *** End of error message ***
[hydra02:583219] [13] /home/thesis/jheld/MPI_Syrk_implementation/build/src/MPI_SYRK_implementation(+0x232a)[0x55e36bd8c32a]
[hydra02:583219] *** End of error message ***
[hydra06:393569] [ 2] /lib/x86_64-linux-gnu/libc.so.6(abort+0x123)[0x7f9f27d56537]
[hydra03:410203] [ 1] /lib/x86_64-linux-gnu/libc.so.6(gsignal+0x141)[0x7fec7c2b9d61]
[hydra11:373285] [ 8] /opt/mpi/openmpi-4.1.4//lib/libmpi.so.40(ompi_group_incl_plist+0x65)[0x7f5decd6e915]
[hydra09:386240] [ 2] /lib/x86_64-linux-gnu/libc.so.6(abort+0x123)[0x7eff4c1c4537]
[hydra12:373245] [12] /lib/x86_64-linux-gnu/libc.so.6(__libc_start_main+0xea)[0x7fb14a793d7a]
[hydra12:373245] [13] /home/thesis/jheld/MPI_Syrk_implementation/build/src/MPI_SYRK_implementation(+0x232a)[0x55662330b32a]
[hydra04:408937] [ 3] /lib/x86_64-linux-gnu/libc.so.6(+0x7a468)[0x7f1af6440468]
[hydra08:395234] [ 3] /lib/x86_64-linux-gnu/libc.so.6(+0x7a468)[0x7f6441623468]
[hydra10:505679] [ 0] /lib/x86_64-linux-gnu/libc.so.6(+0x38de0)[0x7fbe40450de0]
[hydra06:393569] [ 3] /lib/x86_64-linux-gnu/libc.so.6(+0x7a468)[0x7f9f27dae468]
[hydra03:410203] [ 2] /lib/x86_64-linux-gnu/libc.so.6(abort+0x123)[0x7fec7c2a3537]
[hydra11:373285] [ 9] /opt/mpi/openmpi-4.1.4//lib/libmpi.so.40(PMPI_Group_incl+0x95)[0x7f5decd9f185]
[hydra11:373285] [10] /home/thesis/jheld/MPI_Syrk_implementation/build/src/MPI_SYRK_implementation(+0x841a)[0x55a20591c41a]
[hydra09:386240] [ 3] /lib/x86_64-linux-gnu/libc.so.6(+0x7a468)[0x7eff4c21c468]
[hydra12:373245] *** End of error message ***
[hydra04:408937] [ 4] /lib/x86_64-linux-gnu/libc.so.6(+0x8175a)[0x7f1af644775a]
[hydra08:395234] [ 4] /lib/x86_64-linux-gnu/libc.so.6(+0x8175a)[0x7f644162a75a]
[hydra10:505679] [ 1] /lib/x86_64-linux-gnu/libc.so.6(gsignal+0x141)[0x7fbe40450d61]
[hydra06:393569] [ 4] /lib/x86_64-linux-gnu/libc.so.6(+0x8175a)[0x7f9f27db575a]
[hydra03:410203] [ 3] /lib/x86_64-linux-gnu/libc.so.6(+0x7a468)[0x7fec7c2fb468]
[hydra11:373285] [11] /home/thesis/jheld/MPI_Syrk_implementation/build/src/MPI_SYRK_implementation(+0x2ab0)[0x55a205916ab0]
[hydra09:386240] [ 4] /lib/x86_64-linux-gnu/libc.so.6(+0x8175a)[0x7eff4c22375a]
[hydra04:408937] [ 5] /lib/x86_64-linux-gnu/libc.so.6(+0x8483c)[0x7f1af644a83c]
[hydra08:395234] [ 5] /lib/x86_64-linux-gnu/libc.so.6(+0x8483c)[0x7f644162d83c]
[hydra10:505679] [ 2] /lib/x86_64-linux-gnu/libc.so.6(abort+0x123)[0x7fbe4043a537]
[hydra06:393569] [ 5] /lib/x86_64-linux-gnu/libc.so.6(+0x8483c)[0x7f9f27db883c]
[hydra03:410203] [ 4] /lib/x86_64-linux-gnu/libc.so.6(+0x8175a)[0x7fec7c30275a]
[hydra11:373283] [ 0] /lib/x86_64-linux-gnu/libc.so.6(+0x38de0)[0x7ff57774ade0]
[hydra09:386240] [ 5] /lib/x86_64-linux-gnu/libc.so.6(+0x8483c)[0x7eff4c22683c]
[hydra04:408937] [ 6] /lib/x86_64-linux-gnu/libc.so.6(__libc_calloc+0x81)[0x7f1af644cbd1]
[hydra08:395234] [ 6] /lib/x86_64-linux-gnu/libc.so.6(__libc_calloc+0x81)[0x7f644162fbd1]
[hydra10:505679] [ 3] /lib/x86_64-linux-gnu/libc.so.6(+0x7a468)[0x7fbe40492468]
[hydra06:393569] [ 6] /lib/x86_64-linux-gnu/libc.so.6(__libc_calloc+0x81)[0x7f9f27dbabd1]
[hydra03:410203] [ 5] /lib/x86_64-linux-gnu/libc.so.6(+0x8483c)[0x7fec7c30583c]
[hydra11:373285] [12] /lib/x86_64-linux-gnu/libc.so.6(__libc_start_main+0xea)[0x7f5deae3dd7a]
[hydra11:373285] [13] /home/thesis/jheld/MPI_Syrk_implementation/build/src/MPI_SYRK_implementation(+0x232a)[0x55a20591632a]
[hydra11:373285] *** End of error message ***
[hydra09:386240] [ 6] /lib/x86_64-linux-gnu/libc.so.6(__libc_calloc+0x81)[0x7eff4c228bd1]
[hydra04:408937] [ 7] /opt/mpi/openmpi-4.1.4//lib/libmpi.so.40(ompi_group_allocate+0x17)[0x7f1af831a1e7]
[hydra08:395234] [ 7] /opt/mpi/openmpi-4.1.4//lib/libmpi.so.40(ompi_group_allocate+0x17)[0x7f64434fd1e7]
[hydra10:505679] [ 4] /lib/x86_64-linux-gnu/libc.so.6(+0x8175a)[0x7fbe4049975a]
[hydra06:393569] [ 7] /opt/mpi/openmpi-4.1.4//lib/libmpi.so.40(ompi_group_allocate+0x17)[0x7f9f29c881e7]
[hydra03:410203] [ 6] /lib/x86_64-linux-gnu/libc.so.6(__libc_calloc+0x81)[0x7fec7c307bd1]
[hydra11:373283] [ 1] /lib/x86_64-linux-gnu/libc.so.6(gsignal+0x141)[0x7ff57774ad61]
[hydra09:386240] [ 7] /opt/mpi/openmpi-4.1.4//lib/libmpi.so.40(ompi_group_allocate+0x17)[0x7eff4e0f61e7]
[hydra04:408937] [ 8] /opt/mpi/openmpi-4.1.4//lib/libmpi.so.40(ompi_group_incl_plist+0x65)[0x7f1af831a915]
[hydra08:395234] [ 8] /opt/mpi/openmpi-4.1.4//lib/libmpi.so.40(ompi_group_incl_plist+0x65)[0x7f64434fd915]
[hydra10:505679] [ 5] /lib/x86_64-linux-gnu/libc.so.6(+0x8483c)[0x7fbe4049c83c]
[hydra06:393569] [ 8] /opt/mpi/openmpi-4.1.4//lib/libmpi.so.40(ompi_group_incl_plist+0x65)[0x7f9f29c88915]
[hydra03:410203] [ 7] /opt/mpi/openmpi-4.1.4//lib/libmpi.so.40(ompi_group_allocate+0x17)[0x7fec7e1d51e7]
[hydra11:373283] [ 2] /lib/x86_64-linux-gnu/libc.so.6(abort+0x123)[0x7ff577734537]
[hydra09:386240] [ 8] /opt/mpi/openmpi-4.1.4//lib/libmpi.so.40(ompi_group_incl_plist+0x65)[0x7eff4e0f6915]
[hydra04:408937] [ 9] /opt/mpi/openmpi-4.1.4//lib/libmpi.so.40(PMPI_Group_incl+0x95)[0x7f1af834b185]
[hydra04:408937] [10] /home/thesis/jheld/MPI_Syrk_implementation/build/src/MPI_SYRK_implementation(+0x841a)[0x5652c5bd541a]
[hydra08:395234] [ 9] /opt/mpi/openmpi-4.1.4//lib/libmpi.so.40(PMPI_Group_incl+0x95)[0x7f644352e185]
[hydra08:395234] [10] /home/thesis/jheld/MPI_Syrk_implementation/build/src/MPI_SYRK_implementation(+0x841a)[0x55bd3d5e341a]
[hydra10:505679] [ 6] /lib/x86_64-linux-gnu/libc.so.6(__libc_calloc+0x81)[0x7fbe4049ebd1]
[hydra06:393569] [ 9] /opt/mpi/openmpi-4.1.4//lib/libmpi.so.40(PMPI_Group_incl+0x95)[0x7f9f29cb9185]
[hydra06:393569] [10] /home/thesis/jheld/MPI_Syrk_implementation/build/src/MPI_SYRK_implementation(+0x841a)[0x55828d04c41a]
[hydra03:410203] [ 8] /opt/mpi/openmpi-4.1.4//lib/libmpi.so.40(ompi_group_incl_plist+0x65)[0x7fec7e1d5915]
[hydra11:373283] [ 3] /lib/x86_64-linux-gnu/libc.so.6(+0x7a468)[0x7ff57778c468]
[hydra09:386240] [ 9] /opt/mpi/openmpi-4.1.4//lib/libmpi.so.40(PMPI_Group_incl+0x95)[0x7eff4e127185]
[hydra04:408937] [11] /home/thesis/jheld/MPI_Syrk_implementation/build/src/MPI_SYRK_implementation(+0x2ab0)[0x5652c5bcfab0]
[hydra08:395234] [11] /home/thesis/jheld/MPI_Syrk_implementation/build/src/MPI_SYRK_implementation(+0x2ab0)[0x55bd3d5ddab0]
[hydra10:505679] [ 7] /opt/mpi/openmpi-4.1.4//lib/libmpi.so.40(ompi_group_allocate+0x17)[0x7fbe4236c1e7]
[hydra06:393569] [11] /home/thesis/jheld/MPI_Syrk_implementation/build/src/MPI_SYRK_implementation(+0x2ab0)[0x55828d046ab0]
[hydra03:410203] [ 9] /opt/mpi/openmpi-4.1.4//lib/libmpi.so.40(PMPI_Group_incl+0x95)[0x7fec7e206185]
[hydra03:410203] [10] /home/thesis/jheld/MPI_Syrk_implementation/build/src/MPI_SYRK_implementation(+0x841a)[0x559d7ea2541a]
[hydra09:386240] [10] /home/thesis/jheld/MPI_Syrk_implementation/build/src/MPI_SYRK_implementation(+0x841a)[0x561b9d8d141a]
[hydra09:386240] [11] /home/thesis/jheld/MPI_Syrk_implementation/build/src/MPI_SYRK_implementation(+0x2ab0)[0x561b9d8cbab0]
[hydra04:408937] [12] /lib/x86_64-linux-gnu/libc.so.6(__libc_start_main+0xea)[0x7f1af63e9d7a]
[hydra08:395234] [12] /lib/x86_64-linux-gnu/libc.so.6(__libc_start_main+0xea)[0x7f64415ccd7a]
[hydra08:395234] [13] /home/thesis/jheld/MPI_Syrk_implementation/build/src/MPI_SYRK_implementation(+0x232a)[0x55bd3d5dd32a]
[hydra10:505679] [ 8] /opt/mpi/openmpi-4.1.4//lib/libmpi.so.40(ompi_group_incl_plist+0x65)[0x7fbe4236c915]
[hydra06:393569] [12] /lib/x86_64-linux-gnu/libc.so.6(__libc_start_main+0xea)[0x7f9f27d57d7a]
[hydra06:393569] [13] /home/thesis/jheld/MPI_Syrk_implementation/build/src/MPI_SYRK_implementation(+0x232a)[0x55828d04632a]
[hydra03:410203] [11] /home/thesis/jheld/MPI_Syrk_implementation/build/src/MPI_SYRK_implementation(+0x2ab0)[0x559d7ea1fab0]
[hydra09:386240] [12] /lib/x86_64-linux-gnu/libc.so.6(__libc_start_main+0xea)[0x7eff4c1c5d7a]
[hydra04:408937] [13] /home/thesis/jheld/MPI_Syrk_implementation/build/src/MPI_SYRK_implementation(+0x232a)[0x5652c5bcf32a]
[hydra04:408937] *** End of error message ***
[hydra08:395234] *** End of error message ***
[hydra10:505679] [ 9] /opt/mpi/openmpi-4.1.4//lib/libmpi.so.40(PMPI_Group_incl+0x95)[0x7fbe4239d185]
[hydra06:393569] *** End of error message ***
[hydra03:410203] [12] /lib/x86_64-linux-gnu/libc.so.6(__libc_start_main+0xea)[0x7fec7c2a4d7a]
[hydra03:410203] [13] /home/thesis/jheld/MPI_Syrk_implementation/build/src/MPI_SYRK_implementation(+0x232a)[0x559d7ea1f32a]
[hydra09:386240] [13] /home/thesis/jheld/MPI_Syrk_implementation/build/src/MPI_SYRK_implementation(+0x232a)[0x561b9d8cb32a]
[hydra09:386240] *** End of error message ***
[hydra10:505679] [10] /home/thesis/jheld/MPI_Syrk_implementation/build/src/MPI_SYRK_implementation(+0x841a)[0x5583c944841a]
[hydra10:505679] [11] /home/thesis/jheld/MPI_Syrk_implementation/build/src/MPI_SYRK_implementation(+0x2ab0)[0x5583c9442ab0]
[hydra03:410203] *** End of error message ***
[hydra10:505679] [12] /lib/x86_64-linux-gnu/libc.so.6(__libc_start_main+0xea)[0x7fbe4043bd7a]
[hydra10:505679] [13] /home/thesis/jheld/MPI_Syrk_implementation/build/src/MPI_SYRK_implementation(+0x232a)[0x5583c944232a]
[hydra10:505679] *** End of error message ***
[hydra11:373283] [ 4] /lib/x86_64-linux-gnu/libc.so.6(+0x8175a)[0x7ff57779375a]
[hydra11:373283] [ 5] /lib/x86_64-linux-gnu/libc.so.6(+0x8483c)[0x7ff57779683c]
[hydra11:373283] [ 6] /lib/x86_64-linux-gnu/libc.so.6(__libc_calloc+0x81)[0x7ff577798bd1]
[hydra11:373283] [ 7] /opt/mpi/openmpi-4.1.4//lib/libmpi.so.40(ompi_group_allocate+0x17)[0x7ff5796661e7]
[hydra11:373283] [ 8] /opt/mpi/openmpi-4.1.4//lib/libmpi.so.40(ompi_group_incl_plist+0x65)[0x7ff579666915]
[hydra11:373283] [ 9] /opt/mpi/openmpi-4.1.4//lib/libmpi.so.40(PMPI_Group_incl+0x95)[0x7ff579697185]
[hydra11:373283] [10] /home/thesis/jheld/MPI_Syrk_implementation/build/src/MPI_SYRK_implementation(+0x841a)[0x55bfb7be041a]
[hydra11:373283] [11] /home/thesis/jheld/MPI_Syrk_implementation/build/src/MPI_SYRK_implementation(+0x2ab0)[0x55bfb7bdaab0]
[hydra11:373283] [12] /lib/x86_64-linux-gnu/libc.so.6(__libc_start_main+0xea)[0x7ff577735d7a]
[hydra11:373283] [13] /home/thesis/jheld/MPI_Syrk_implementation/build/src/MPI_SYRK_implementation(+0x232a)[0x55bfb7bda32a]
[hydra11:373283] *** End of error message ***
srun: error: hydra10: task 29: Aborted
srun: error: hydra03: task 7: Aborted
srun: error: hydra12: task 34: Aborted
srun: error: hydra01: task 1: Aborted
srun: error: hydra08: task 23: Aborted
srun: error: hydra06: task 17: Aborted
srun: error: hydra07: task 18: Aborted
srun: error: hydra09: task 25: Aborted
srun: error: hydra02: task 5: Aborted
srun: error: hydra05: task 12: Aborted
srun: error: hydra04: task 11: Aborted
srun: error: hydra11: tasks 30,32: Aborted
slurmstepd: error:  mpi/pmix_v4: _errhandler: hydra12 [11]: pmixp_client_v2.c:211: Error handler invoked: status = -61, source = [slurm.pmix.5008700.8:34]
slurmstepd: error:  mpi/pmix_v4: _errhandler: hydra05 [4]: pmixp_client_v2.c:211: Error handler invoked: status = -61, source = [slurm.pmix.5008700.8:12]
slurmstepd: error:  mpi/pmix_v4: _errhandler: hydra04 [3]: pmixp_client_v2.c:211: Error handler invoked: status = -61, source = [slurm.pmix.5008700.8:11]
slurmstepd: error:  mpi/pmix_v4: _errhandler: hydra10 [9]: pmixp_client_v2.c:211: Error handler invoked: status = -61, source = [slurm.pmix.5008700.8:29]
slurmstepd: error:  mpi/pmix_v4: _errhandler: hydra06 [5]: pmixp_client_v2.c:211: Error handler invoked: status = -61, source = [slurm.pmix.5008700.8:17]
slurmstepd: error:  mpi/pmix_v4: _errhandler: hydra08 [7]: pmixp_client_v2.c:211: Error handler invoked: status = -61, source = [slurm.pmix.5008700.8:23]
slurmstepd: error:  mpi/pmix_v4: _errhandler: hydra01 [0]: pmixp_client_v2.c:211: Error handler invoked: status = -61, source = [slurm.pmix.5008700.8:1]
slurmstepd: error:  mpi/pmix_v4: _errhandler: hydra11 [10]: pmixp_client_v2.c:211: Error handler invoked: status = -61, source = [slurm.pmix.5008700.8:32]
slurmstepd: error:  mpi/pmix_v4: _errhandler: hydra09 [8]: pmixp_client_v2.c:211: Error handler invoked: status = -61, source = [slurm.pmix.5008700.8:25]
slurmstepd: error:  mpi/pmix_v4: _errhandler: hydra02 [1]: pmixp_client_v2.c:211: Error handler invoked: status = -61, source = [slurm.pmix.5008700.8:5]
slurmstepd: error:  mpi/pmix_v4: _errhandler: hydra07 [6]: pmixp_client_v2.c:211: Error handler invoked: status = -61, source = [slurm.pmix.5008700.8:18]
slurmstepd: error:  mpi/pmix_v4: _errhandler: hydra03 [2]: pmixp_client_v2.c:211: Error handler invoked: status = -61, source = [slurm.pmix.5008700.8:7]
slurmstepd: error: *** STEP 5008700.8 ON hydra01 CANCELLED AT 2025-10-13T15:38:02 ***
srun: Job step aborted: Waiting up to 32 seconds for job step to finish.
srun: error: hydra11: task 31: Killed
srun: error: hydra06: tasks 15-16: Killed
srun: error: hydra08: tasks 21-22: Killed
srun: error: hydra07: tasks 19-20: Killed
srun: error: hydra09: tasks 24,26: Killed
srun: error: hydra01: tasks 0,2: Killed
srun: error: hydra10: tasks 27-28: Killed
srun: error: hydra04: tasks 9-10: Killed
srun: error: hydra03: tasks 6,8: Killed
srun: error: hydra12: tasks 33,35: Killed
srun: error: hydra02: tasks 3-4: Killed
srun: error: hydra05: tasks 13-14: Killed
⚠️ Warning: No runtime found for run 9
srun: Warning: can't honor --ntasks-per-node set to 1 which doesn't match the requested tasks 36 with the number of requested nodes 12. Ignoring --ntasks-per-node.
missing input file name --> Generate random input
malloc(): invalid size (unsorted)
[hydra12:373315] *** Process received signal ***
malloc(): invalid size (unsorted)
[hydra01:901899] *** Process received signal ***
[hydra01:901899] Signal: Aborted (6)
[hydra01:901899] Signal code:  (-6)
malloc(): invalid size (unsorted)
[hydra01:901900] *** Process received signal ***
[hydra01:901900] Signal: Aborted (6)
[hydra01:901900] Signal code:  (-6)
malloc(): invalid size (unsorted)
[hydra05:392955] *** Process received signal ***
[hydra05:392955] Signal: Aborted (6)
[hydra05:392955] Signal code:  (-6)
[hydra01:901899] [ 0] /lib/x86_64-linux-gnu/libc.so.6(+0x38de0)[0x7fd398649de0]
malloc(): invalid size (unsorted)
[hydra04:409007] *** Process received signal ***
[hydra04:409007] Signal: Aborted (6)
[hydra04:409007] Signal code:  (-6)
[hydra01:901899] [ 1] /lib/x86_64-linux-gnu/libc.so.6(gsignal+0x141)[0x7fd398649d61]
[hydra01:901899] [ 2] /lib/x86_64-linux-gnu/libc.so.6(abort+0x123)[0x7fd398633537]
malloc(): invalid size (unsorted)
[hydra06:393640] *** Process received signal ***
[hydra06:393640] Signal: Aborted (6)
[hydra06:393640] Signal code:  (-6)
[hydra01:901900] [ 0] /lib/x86_64-linux-gnu/libc.so.6(+0x38de0)[0x7f80e1f2cde0]
malloc(): invalid size (unsorted)
[hydra02:583305] *** Process received signal ***
[hydra02:583305] Signal: Aborted (6)
[hydra02:583305] Signal code:  (-6)
malloc(): invalid size (unsorted)
[hydra12:373316] *** Process received signal ***
[hydra12:373316] Signal: Aborted (6)
[hydra12:373316] Signal code:  (-6)
[hydra01:901899] [ 3] /lib/x86_64-linux-gnu/libc.so.6(+0x7a468)[0x7fd39868b468]
[hydra12:373315] Signal: Aborted (6)
[hydra12:373315] Signal code:  (-6)
malloc(): invalid size (unsorted)
[hydra08:395304] *** Process received signal ***
[hydra08:395304] Signal: Aborted (6)
[hydra08:395304] Signal code:  (-6)
[hydra01:901900] [ 1] /lib/x86_64-linux-gnu/libc.so.6(gsignal+0x141)[0x7f80e1f2cd61]
[hydra12:373316] [ 0] /lib/x86_64-linux-gnu/libc.so.6(+0x38de0)[0x7f399891bde0]
malloc(): invalid size (unsorted)
[hydra03:410275] *** Process received signal ***
[hydra03:410275] Signal: Aborted (6)
[hydra03:410275] Signal code:  (-6)
malloc(): invalid size (unsorted)
[hydra07:420021] *** Process received signal ***
[hydra07:420021] Signal: Aborted (6)
[hydra07:420021] Signal code:  (-6)
[hydra01:901899] [ 4] /lib/x86_64-linux-gnu/libc.so.6(+0x8175a)[0x7fd39869275a]
[hydra12:373316] [ 1] /lib/x86_64-linux-gnu/libc.so.6(gsignal+0x141)[0x7f399891bd61]
[hydra01:901900] [ 2] /lib/x86_64-linux-gnu/libc.so.6(abort+0x123)[0x7f80e1f16537]
[hydra12:373315] [ 0] /lib/x86_64-linux-gnu/libc.so.6(+0x38de0)[0x7f46c69a0de0]
[hydra01:901899] [ 5] /lib/x86_64-linux-gnu/libc.so.6(+0x8483c)[0x7fd39869583c]
[hydra12:373316] [ 2] /lib/x86_64-linux-gnu/libc.so.6(abort+0x123)[0x7f3998905537]
[hydra01:901900] [ 3] /lib/x86_64-linux-gnu/libc.so.6(+0x7a468)[0x7f80e1f6e468]
[hydra12:373315] [ 1] /lib/x86_64-linux-gnu/libc.so.6(gsignal+0x141)[0x7f46c69a0d61]
[hydra01:901899] [ 6] /lib/x86_64-linux-gnu/libc.so.6(__libc_calloc+0x81)[0x7fd398697bd1]
[hydra12:373316] [ 3] /lib/x86_64-linux-gnu/libc.so.6(+0x7a468)[0x7f399895d468]
[hydra01:901900] [ 4] /lib/x86_64-linux-gnu/libc.so.6(+0x8175a)[0x7f80e1f7575a]
malloc(): invalid size (unsorted)
[hydra10:505754] *** Process received signal ***
[hydra10:505754] Signal: Aborted (6)
[hydra10:505754] Signal code:  (-6)
[hydra12:373315] [ 2] /lib/x86_64-linux-gnu/libc.so.6(abort+0x123)[0x7f46c698a537]
[hydra01:901899] [ 7] /opt/mpi/openmpi-4.1.4//lib/libmpi.so.40(ompi_group_allocate+0x17)[0x7fd39a5651e7]
malloc(): invalid size (unsorted)
[hydra11:373355] *** Process received signal ***
[hydra11:373355] Signal: Aborted (6)
[hydra11:373355] Signal code:  (-6)
[hydra12:373315] [ 3] /lib/x86_64-linux-gnu/libc.so.6(+0x7a468)[0x7f46c69e2468]
malloc(): invalid size (unsorted)
[hydra04:409006] *** Process received signal ***
[hydra04:409006] Signal: Aborted (6)
[hydra04:409006] Signal code:  (-6)
[hydra01:901899] [ 8] /opt/mpi/openmpi-4.1.4//lib/libmpi.so.40(ompi_group_incl_plist+0x65)[0x7fd39a565915]
[hydra12:373316] [ 4] /lib/x86_64-linux-gnu/libc.so.6(+0x8175a)[0x7f399896475a]
[hydra04:409007] [ 0] /lib/x86_64-linux-gnu/libc.so.6(+0x38de0)[0x7f9002a50de0]
[hydra01:901900] [ 5] /lib/x86_64-linux-gnu/libc.so.6(+0x8483c)[0x7f80e1f7883c]
[hydra12:373316] [ 5] /lib/x86_64-linux-gnu/libc.so.6(+0x8483c)[0x7f399896783c]
[hydra04:409006] [ 0] /lib/x86_64-linux-gnu/libc.so.6(+0x38de0)[0x7f2e1c3c6de0]
[hydra01:901900] [ 6] /lib/x86_64-linux-gnu/libc.so.6(__libc_calloc+0x81)[0x7f80e1f7abd1]
[hydra11:373355] [ 0] /lib/x86_64-linux-gnu/libc.so.6(+0x38de0)[0x7f3f19b1bde0]
[hydra12:373315] [ 4] /lib/x86_64-linux-gnu/libc.so.6(+0x8175a)[0x7f46c69e975a]
[hydra04:409007] [ 1] /lib/x86_64-linux-gnu/libc.so.6(gsignal+0x141)[0x7f9002a50d61]
[hydra01:901899] [ 9] /opt/mpi/openmpi-4.1.4//lib/libmpi.so.40(PMPI_Group_incl+0x95)[0x7fd39a596185]
[hydra01:901899] [10] /home/thesis/jheld/MPI_Syrk_implementation/build/src/MPI_SYRK_implementation(+0x841a)[0x55f6eb7af41a]
[hydra12:373316] [ 6] /lib/x86_64-linux-gnu/libc.so.6(__libc_calloc+0x81)[0x7f3998969bd1]
[hydra04:409006] [ 1] /lib/x86_64-linux-gnu/libc.so.6(gsignal+0x141)[0x7f2e1c3c6d61]
[hydra01:901899] [11] /home/thesis/jheld/MPI_Syrk_implementation/build/src/MPI_SYRK_implementation(+0x2ab0)[0x55f6eb7a9ab0]
[hydra11:373355] [ 1] /lib/x86_64-linux-gnu/libc.so.6(gsignal+0x141)[0x7f3f19b1bd61]
[hydra12:373315] [ 5] /lib/x86_64-linux-gnu/libc.so.6(+0x8483c)[0x7f46c69ec83c]
[hydra04:409007] [ 2] /lib/x86_64-linux-gnu/libc.so.6(abort+0x123)[0x7f9002a3a537]
[hydra05:392955] [ 0] /lib/x86_64-linux-gnu/libc.so.6(+0x38de0)[0x7f5900340de0]
[hydra01:901900] [ 7] /opt/mpi/openmpi-4.1.4//lib/libmpi.so.40(ompi_group_allocate+0x17)[0x7f80e3e481e7]
[hydra12:373316] [ 7] /opt/mpi/openmpi-4.1.4//lib/libmpi.so.40(ompi_group_allocate+0x17)[0x7f399a8371e7]
[hydra04:409006] [ 2] /lib/x86_64-linux-gnu/libc.so.6(abort+0x123)[0x7f2e1c3b0537]
malloc(): invalid size (unsorted)
[hydra08:395303] *** Process received signal ***
[hydra08:395303] Signal: Aborted (6)
[hydra08:395303] Signal code:  (-6)
[hydra05:392955] [ 1] /lib/x86_64-linux-gnu/libc.so.6(gsignal+0x141)[0x7f5900340d61]
malloc(): invalid size (unsorted)
[hydra06:393641] *** Process received signal ***
[hydra06:393641] Signal: Aborted (6)
[hydra06:393641] Signal code:  (-6)
[hydra01:901899] [12] /lib/x86_64-linux-gnu/libc.so.6(__libc_start_main+0xea)[0x7fd398634d7a]
[hydra01:901899] [13] /home/thesis/jheld/MPI_Syrk_implementation/build/src/MPI_SYRK_implementation(+0x232a)[0x55f6eb7a932a]
[hydra01:901899] *** End of error message ***
[hydra11:373355] [ 2] /lib/x86_64-linux-gnu/libc.so.6(abort+0x123)[0x7f3f19b05537]
[hydra12:373315] [ 6] /lib/x86_64-linux-gnu/libc.so.6(__libc_calloc+0x81)[0x7f46c69eebd1]
[hydra04:409007] [ 3] /lib/x86_64-linux-gnu/libc.so.6(+0x7a468)[0x7f9002a92468]
[hydra08:395304] [ 0] /lib/x86_64-linux-gnu/libc.so.6(+0x38de0)[0x7fcbcd597de0]
[hydra05:392955] [ 2] /lib/x86_64-linux-gnu/libc.so.6(abort+0x123)[0x7f590032a537]
[hydra06:393640] [ 0] /lib/x86_64-linux-gnu/libc.so.6(+0x38de0)[0x7fe2a46c3de0]
[hydra01:901900] [ 8] /opt/mpi/openmpi-4.1.4//lib/libmpi.so.40(ompi_group_incl_plist+0x65)[0x7f80e3e48915]
[hydra11:373355] [ 3] /lib/x86_64-linux-gnu/libc.so.6(+0x7a468)[0x7f3f19b5d468]
[hydra12:373316] [ 8] /opt/mpi/openmpi-4.1.4//lib/libmpi.so.40(ompi_group_incl_plist+0x65)[0x7f399a837915]
[hydra02:583305] [ 0] /lib/x86_64-linux-gnu/libc.so.6(+0x38de0)[0x7ff7a9357de0]
[hydra04:409006] [ 3] /lib/x86_64-linux-gnu/libc.so.6(+0x7a468)[0x7f2e1c408468]
[hydra08:395304] [ 1] /lib/x86_64-linux-gnu/libc.so.6(gsignal+0x141)[0x7fcbcd597d61]
[hydra05:392955] [ 3] /lib/x86_64-linux-gnu/libc.so.6(+0x7a468)[0x7f5900382468]
[hydra06:393640] [ 1] /lib/x86_64-linux-gnu/libc.so.6(gsignal+0x141)[0x7fe2a46c3d61]
[hydra01:901900] [ 9] /opt/mpi/openmpi-4.1.4//lib/libmpi.so.40(PMPI_Group_incl+0x95)[0x7f80e3e79185]
[hydra11:373355] [ 4] /lib/x86_64-linux-gnu/libc.so.6(+0x8175a)[0x7f3f19b6475a]
[hydra12:373315] [ 7] /opt/mpi/openmpi-4.1.4//lib/libmpi.so.40(ompi_group_allocate+0x17)[0x7f46c88bc1e7]
[hydra02:583305] [ 1] /lib/x86_64-linux-gnu/libc.so.6(gsignal+0x141)[0x7ff7a9357d61]
[hydra04:409007] [ 4] /lib/x86_64-linux-gnu/libc.so.6(+0x8175a)[0x7f9002a9975a]
[hydra08:395303] [ 0] /lib/x86_64-linux-gnu/libc.so.6(+0x38de0)[0x7f63925bdde0]
[hydra05:392955] [ 4] /lib/x86_64-linux-gnu/libc.so.6(+0x8175a)[0x7f590038975a]
[hydra06:393641] [ 0] /lib/x86_64-linux-gnu/libc.so.6(+0x38de0)[0x7f46c2957de0]
[hydra01:901900] [10] /home/thesis/jheld/MPI_Syrk_implementation/build/src/MPI_SYRK_implementation(+0x841a)[0x56491fe8d41a]
[hydra01:901900] [11] /home/thesis/jheld/MPI_Syrk_implementation/build/src/MPI_SYRK_implementation(+0x2ab0)[0x56491fe87ab0]
[hydra11:373355] [ 5] /lib/x86_64-linux-gnu/libc.so.6(+0x8483c)[0x7f3f19b6783c]
[hydra12:373315] [ 8] /opt/mpi/openmpi-4.1.4//lib/libmpi.so.40(ompi_group_incl_plist+0x65)[0x7f46c88bc915]
[hydra02:583305] [ 2] /lib/x86_64-linux-gnu/libc.so.6(abort+0x123)[0x7ff7a9341537]
[hydra04:409006] [ 4] /lib/x86_64-linux-gnu/libc.so.6(+0x8175a)[0x7f2e1c40f75a]
[hydra08:395304] [ 2] /lib/x86_64-linux-gnu/libc.so.6(abort+0x123)[0x7fcbcd581537]
[hydra05:392955] [ 5] /lib/x86_64-linux-gnu/libc.so.6(+0x8483c)[0x7f590038c83c]
[hydra06:393640] [ 2] /lib/x86_64-linux-gnu/libc.so.6(abort+0x123)[0x7fe2a46ad537]
[hydra07:420021] [ 0] /lib/x86_64-linux-gnu/libc.so.6(+0x38de0)[0x7fdc505ecde0]
[hydra01:901900] [12] /lib/x86_64-linux-gnu/libc.so.6(__libc_start_main+0xea)[0x7f80e1f17d7a]
[hydra11:373355] [ 6] /lib/x86_64-linux-gnu/libc.so.6(__libc_calloc+0x81)[0x7f3f19b69bd1]
[hydra12:373316] [ 9] /opt/mpi/openmpi-4.1.4//lib/libmpi.so.40(PMPI_Group_incl+0x95)[0x7f399a868185]
[hydra12:373316] [10] /home/thesis/jheld/MPI_Syrk_implementation/build/src/MPI_SYRK_implementation(+0x841a)[0x55b9d8aff41a]
[hydra12:373316] [11] /home/thesis/jheld/MPI_Syrk_implementation/build/src/MPI_SYRK_implementation(+0x2ab0)[0x55b9d8af9ab0]
[hydra02:583305] [ 3] /lib/x86_64-linux-gnu/libc.so.6(+0x7a468)[0x7ff7a9399468]
[hydra04:409007] [ 5] /lib/x86_64-linux-gnu/libc.so.6(+0x8483c)[0x7f9002a9c83c]
[hydra08:395303] [ 1] /lib/x86_64-linux-gnu/libc.so.6(gsignal+0x141)[0x7f63925bdd61]
[hydra05:392955] [ 6] /lib/x86_64-linux-gnu/libc.so.6(__libc_calloc+0x81)[0x7f590038ebd1]
[hydra03:410275] [ 0] /lib/x86_64-linux-gnu/libc.so.6(+0x38de0)[0x7faaa2d90de0]
[hydra06:393641] [ 1] /lib/x86_64-linux-gnu/libc.so.6(gsignal+0x141)[0x7f46c2957d61]
[hydra07:420021] [ 1] /lib/x86_64-linux-gnu/libc.so.6(gsignal+0x141)[0x7fdc505ecd61]
[hydra01:901900] [13] /home/thesis/jheld/MPI_Syrk_implementation/build/src/MPI_SYRK_implementation(+0x232a)[0x56491fe8732a]
[hydra01:901900] *** End of error message ***
[hydra11:373355] [ 7] /opt/mpi/openmpi-4.1.4//lib/libmpi.so.40(ompi_group_allocate+0x17)[0x7f3f1ba371e7]
[hydra02:583305] [ 4] /lib/x86_64-linux-gnu/libc.so.6(+0x8175a)[0x7ff7a93a075a]
[hydra04:409006] [ 5] /lib/x86_64-linux-gnu/libc.so.6(+0x8483c)[0x7f2e1c41283c]
[hydra08:395303] [ 2] /lib/x86_64-linux-gnu/libc.so.6(abort+0x123)[0x7f63925a7537]
[hydra05:392955] [ 7] /opt/mpi/openmpi-4.1.4//lib/libmpi.so.40(ompi_group_allocate+0x17)[0x7f590225c1e7]
[hydra03:410275] [ 1] /lib/x86_64-linux-gnu/libc.so.6(gsignal+0x141)[0x7faaa2d90d61]
[hydra06:393640] [ 3] /lib/x86_64-linux-gnu/libc.so.6(+0x7a468)[0x7fe2a4705468]
[hydra06:393640] [ 4] /lib/x86_64-linux-gnu/libc.so.6(+0x8175a)[0x7fe2a470c75a]
[hydra07:420021] [ 2] /lib/x86_64-linux-gnu/libc.so.6(abort+0x123)[0x7fdc505d6537]
[hydra11:373355] [ 8] /opt/mpi/openmpi-4.1.4//lib/libmpi.so.40(ompi_group_incl_plist+0x65)[0x7f3f1ba37915]
[hydra02:583305] [ 5] /lib/x86_64-linux-gnu/libc.so.6(+0x8483c)[0x7ff7a93a383c]
[hydra04:409007] [ 6] /lib/x86_64-linux-gnu/libc.so.6(__libc_calloc+0x81)[0x7f9002a9ebd1]
[hydra08:395304] [ 3] /lib/x86_64-linux-gnu/libc.so.6(+0x7a468)[0x7fcbcd5d9468]
[hydra05:392955] [ 8] /opt/mpi/openmpi-4.1.4//lib/libmpi.so.40(ompi_group_incl_plist+0x65)[0x7f590225c915]
[hydra03:410275] [ 2] /lib/x86_64-linux-gnu/libc.so.6(abort+0x123)[0x7faaa2d7a537]
[hydra06:393641] [ 2] /lib/x86_64-linux-gnu/libc.so.6(abort+0x123)[0x7f46c2941537]
[hydra06:393641] [ 3] /lib/x86_64-linux-gnu/libc.so.6(+0x7a468)[0x7f46c2999468]
[hydra06:393641] [ 4] /lib/x86_64-linux-gnu/libc.so.6(+0x8175a)[0x7f46c29a075a]
[hydra07:420021] [ 3] /lib/x86_64-linux-gnu/libc.so.6(+0x7a468)[0x7fdc5062e468]
[hydra11:373355] [ 9] /opt/mpi/openmpi-4.1.4//lib/libmpi.so.40(PMPI_Group_incl+0x95)[0x7f3f1ba68185]
[hydra02:583305] [ 6] /lib/x86_64-linux-gnu/libc.so.6(__libc_calloc+0x81)[0x7ff7a93a5bd1]
[hydra04:409007] [ 7] /opt/mpi/openmpi-4.1.4//lib/libmpi.so.40(ompi_group_allocate+0x17)[0x7f900496c1e7]
[hydra08:395303] [ 3] /lib/x86_64-linux-gnu/libc.so.6(+0x7a468)[0x7f63925ff468]
[hydra05:392955] [ 9] /opt/mpi/openmpi-4.1.4//lib/libmpi.so.40(PMPI_Group_incl+0x95)[0x7f590228d185]
[hydra03:410275] [ 3] /lib/x86_64-linux-gnu/libc.so.6(+0x7a468)[0x7faaa2dd2468]
[hydra06:393640] [ 5] /lib/x86_64-linux-gnu/libc.so.6(+0x8483c)[0x7fe2a470f83c]
[hydra06:393640] [ 6] /lib/x86_64-linux-gnu/libc.so.6(__libc_calloc+0x81)[0x7fe2a4711bd1]
[hydra07:420021] [ 4] /lib/x86_64-linux-gnu/libc.so.6(+0x8175a)[0x7fdc5063575a]
[hydra11:373355] [10] /home/thesis/jheld/MPI_Syrk_implementation/build/src/MPI_SYRK_implementation(+0x841a)[0x56488cea041a]
[hydra11:373355] [11] /home/thesis/jheld/MPI_Syrk_implementation/build/src/MPI_SYRK_implementation(+0x2ab0)[0x56488ce9aab0]
[hydra10:505754] [ 0] /lib/x86_64-linux-gnu/libc.so.6(+0x38de0)[0x7fb56c826de0]
[hydra02:583305] [ 7] /opt/mpi/openmpi-4.1.4//lib/libmpi.so.40(ompi_group_allocate+0x17)[0x7ff7ab2731e7]
[hydra04:409006] [ 6] /lib/x86_64-linux-gnu/libc.so.6(__libc_calloc+0x81)[0x7f2e1c414bd1]
[hydra08:395304] [ 4] /lib/x86_64-linux-gnu/libc.so.6(+0x8175a)[0x7fcbcd5e075a]
[hydra05:392955] [10] /home/thesis/jheld/MPI_Syrk_implementation/build/src/MPI_SYRK_implementation(+0x841a)[0x55b1347d341a]
[hydra05:392955] [11] /home/thesis/jheld/MPI_Syrk_implementation/build/src/MPI_SYRK_implementation(+0x2ab0)[0x55b1347cdab0]
[hydra03:410275] [ 4] /lib/x86_64-linux-gnu/libc.so.6(+0x8175a)[0x7faaa2dd975a]
[hydra06:393641] [ 5] /lib/x86_64-linux-gnu/libc.so.6(+0x8483c)[0x7f46c29a383c]
[hydra07:420021] [ 5] /lib/x86_64-linux-gnu/libc.so.6(+0x8483c)[0x7fdc5063883c]
[hydra11:373355] [12] /lib/x86_64-linux-gnu/libc.so.6(__libc_start_main+0xea)[0x7f3f19b06d7a]
[hydra11:373355] [13] /home/thesis/jheld/MPI_Syrk_implementation/build/src/MPI_SYRK_implementation(+0x232a)[0x56488ce9a32a]
[hydra10:505754] [ 1] /lib/x86_64-linux-gnu/libc.so.6(gsignal+0x141)[0x7fb56c826d61]
[hydra02:583305] [ 8] /opt/mpi/openmpi-4.1.4//lib/libmpi.so.40(ompi_group_incl_plist+0x65)[0x7ff7ab273915]
[hydra04:409007] [ 8] /opt/mpi/openmpi-4.1.4//lib/libmpi.so.40(ompi_group_incl_plist+0x65)[0x7f900496c915]
[hydra08:395303] [ 4] /lib/x86_64-linux-gnu/libc.so.6(+0x8175a)[0x7f639260675a]
[hydra05:392955] [12] /lib/x86_64-linux-gnu/libc.so.6(__libc_start_main+0xea)[0x7f590032bd7a]
[hydra05:392955] [13] /home/thesis/jheld/MPI_Syrk_implementation/build/src/MPI_SYRK_implementation(+0x232a)[0x55b1347cd32a]
[hydra03:410275] [ 5] /lib/x86_64-linux-gnu/libc.so.6(+0x8483c)[0x7faaa2ddc83c]
[hydra06:393640] [ 7] /opt/mpi/openmpi-4.1.4//lib/libmpi.so.40(ompi_group_allocate+0x17)[0x7fe2a65df1e7]
[hydra07:420021] [ 6] /lib/x86_64-linux-gnu/libc.so.6(__libc_calloc+0x81)[0x7fdc5063abd1]
[hydra11:373355] *** End of error message ***
[hydra10:505754] [ 2] /lib/x86_64-linux-gnu/libc.so.6(abort+0x123)[0x7fb56c810537]
[hydra02:583305] [ 9] /opt/mpi/openmpi-4.1.4//lib/libmpi.so.40(PMPI_Group_incl+0x95)[0x7ff7ab2a4185]
[hydra02:583305] [10] /home/thesis/jheld/MPI_Syrk_implementation/build/src/MPI_SYRK_implementation(+0x841a)[0x56318a9b441a]
[hydra04:409006] [ 7] /opt/mpi/openmpi-4.1.4//lib/libmpi.so.40(ompi_group_allocate+0x17)[0x7f2e1e2e21e7]
[hydra08:395304] [ 5] /lib/x86_64-linux-gnu/libc.so.6(+0x8483c)[0x7fcbcd5e383c]
[hydra05:392955] *** End of error message ***
[hydra03:410275] [ 6] /lib/x86_64-linux-gnu/libc.so.6(__libc_calloc+0x81)[0x7faaa2ddebd1]
[hydra06:393641] [ 6] /lib/x86_64-linux-gnu/libc.so.6(__libc_calloc+0x81)[0x7f46c29a5bd1]
[hydra07:420021] [ 7] /opt/mpi/openmpi-4.1.4//lib/libmpi.so.40(ompi_group_allocate+0x17)[0x7fdc525081e7]
[hydra10:505754] [ 3] /lib/x86_64-linux-gnu/libc.so.6(+0x7a468)[0x7fb56c868468]
[hydra02:583305] [11] /home/thesis/jheld/MPI_Syrk_implementation/build/src/MPI_SYRK_implementation(+0x2ab0)[0x56318a9aeab0]
[hydra04:409006] [ 8] /opt/mpi/openmpi-4.1.4//lib/libmpi.so.40(ompi_group_incl_plist+0x65)[0x7f2e1e2e2915]
[hydra08:395303] [ 5] /lib/x86_64-linux-gnu/libc.so.6(+0x8483c)[0x7f639260983c]
[hydra03:410275] [ 7] /opt/mpi/openmpi-4.1.4//lib/libmpi.so.40(ompi_group_allocate+0x17)[0x7faaa4cac1e7]
[hydra06:393640] [ 8] /opt/mpi/openmpi-4.1.4//lib/libmpi.so.40(ompi_group_incl_plist+0x65)[0x7fe2a65df915]
[hydra07:420021] [ 8] /opt/mpi/openmpi-4.1.4//lib/libmpi.so.40(ompi_group_incl_plist+0x65)[0x7fdc52508915]
[hydra10:505754] [ 4] /lib/x86_64-linux-gnu/libc.so.6(+0x8175a)[0x7fb56c86f75a]
[hydra02:583305] [12] /lib/x86_64-linux-gnu/libc.so.6(__libc_start_main+0xea)[0x7ff7a9342d7a]
[hydra04:409007] [ 9] /opt/mpi/openmpi-4.1.4//lib/libmpi.so.40(PMPI_Group_incl+0x95)[0x7f900499d185]
[hydra04:409007] [10] /home/thesis/jheld/MPI_Syrk_implementation/build/src/MPI_SYRK_implementation(+0x841a)[0x55582173541a]
[hydra04:409007] [11] /home/thesis/jheld/MPI_Syrk_implementation/build/src/MPI_SYRK_implementation(+0x2ab0)[0x55582172fab0]
[hydra08:395304] [ 6] /lib/x86_64-linux-gnu/libc.so.6(__libc_calloc+0x81)[0x7fcbcd5e5bd1]
[hydra03:410275] [ 8] /opt/mpi/openmpi-4.1.4//lib/libmpi.so.40(ompi_group_incl_plist+0x65)[0x7faaa4cac915]
[hydra06:393641] [ 7] /opt/mpi/openmpi-4.1.4//lib/libmpi.so.40(ompi_group_allocate+0x17)[0x7f46c48731e7]
[hydra07:420021] [ 9] /opt/mpi/openmpi-4.1.4//lib/libmpi.so.40(PMPI_Group_incl+0x95)[0x7fdc52539185]
[hydra10:505754] [ 5] /lib/x86_64-linux-gnu/libc.so.6(+0x8483c)[0x7fb56c87283c]
[hydra02:583305] [13] /home/thesis/jheld/MPI_Syrk_implementation/build/src/MPI_SYRK_implementation(+0x232a)[0x56318a9ae32a]
[hydra02:583305] *** End of error message ***
[hydra04:409006] [ 9] /opt/mpi/openmpi-4.1.4//lib/libmpi.so.40(PMPI_Group_incl+0x95)[0x7f2e1e313185]
[hydra08:395304] [ 7] /opt/mpi/openmpi-4.1.4//lib/libmpi.so.40(ompi_group_allocate+0x17)[0x7fcbcf4b31e7]
[hydra03:410275] [ 9] /opt/mpi/openmpi-4.1.4//lib/libmpi.so.40(PMPI_Group_incl+0x95)[0x7faaa4cdd185]
[hydra06:393640] [ 9] /opt/mpi/openmpi-4.1.4//lib/libmpi.so.40(PMPI_Group_incl+0x95)[0x7fe2a6610185]
[hydra07:420021] [10] /home/thesis/jheld/MPI_Syrk_implementation/build/src/MPI_SYRK_implementation(+0x841a)[0x55df74c0241a]
[hydra07:420021] [11] /home/thesis/jheld/MPI_Syrk_implementation/build/src/MPI_SYRK_implementation(+0x2ab0)[0x55df74bfcab0]
[hydra10:505754] [ 6] /lib/x86_64-linux-gnu/libc.so.6(__libc_calloc+0x81)[0x7fb56c874bd1]
[hydra08:395303] [ 6] /lib/x86_64-linux-gnu/libc.so.6(__libc_calloc+0x81)[0x7f639260bbd1]
[hydra03:410275] [10] /home/thesis/jheld/MPI_Syrk_implementation/build/src/MPI_SYRK_implementation(+0x841a)[0x561d039cd41a]
[hydra03:410275] [11] /home/thesis/jheld/MPI_Syrk_implementation/build/src/MPI_SYRK_implementation(+0x2ab0)[0x561d039c7ab0]
[hydra06:393640] [10] /home/thesis/jheld/MPI_Syrk_implementation/build/src/MPI_SYRK_implementation(+0x841a)[0x55d02ac9441a]
[hydra06:393640] [11] /home/thesis/jheld/MPI_Syrk_implementation/build/src/MPI_SYRK_implementation(+0x2ab0)[0x55d02ac8eab0]
[hydra07:420021] [12] /lib/x86_64-linux-gnu/libc.so.6(__libc_start_main+0xea)[0x7fdc505d7d7a]
[hydra07:420021] [13] /home/thesis/jheld/MPI_Syrk_implementation/build/src/MPI_SYRK_implementation(+0x232a)[0x55df74bfc32a]
[hydra10:505754] [ 7] /opt/mpi/openmpi-4.1.4//lib/libmpi.so.40(ompi_group_allocate+0x17)[0x7fb56e7421e7]
[hydra08:395304] [ 8] /opt/mpi/openmpi-4.1.4//lib/libmpi.so.40(ompi_group_incl_plist+0x65)[0x7fcbcf4b3915]
[hydra03:410275] [12] /lib/x86_64-linux-gnu/libc.so.6(__libc_start_main+0xea)[0x7faaa2d7bd7a]
[hydra06:393641] [ 8] /opt/mpi/openmpi-4.1.4//lib/libmpi.so.40(ompi_group_incl_plist+0x65)[0x7f46c4873915]
[hydra07:420021] *** End of error message ***
[hydra10:505754] [ 8] /opt/mpi/openmpi-4.1.4//lib/libmpi.so.40(ompi_group_incl_plist+0x65)[0x7fb56e742915]
[hydra08:395303] [ 7] /opt/mpi/openmpi-4.1.4//lib/libmpi.so.40(ompi_group_allocate+0x17)[0x7f63944d91e7]
[hydra03:410275] [13] /home/thesis/jheld/MPI_Syrk_implementation/build/src/MPI_SYRK_implementation(+0x232a)[0x561d039c732a]
[hydra03:410275] *** End of error message ***
[hydra06:393640] [12] /lib/x86_64-linux-gnu/libc.so.6(__libc_start_main+0xea)[0x7fe2a46aed7a]
[hydra06:393640] [13] /home/thesis/jheld/MPI_Syrk_implementation/build/src/MPI_SYRK_implementation(+0x232a)[0x55d02ac8e32a]
[hydra06:393640] *** End of error message ***
[hydra10:505754] [ 9] /opt/mpi/openmpi-4.1.4//lib/libmpi.so.40(PMPI_Group_incl+0x95)[0x7fb56e773185]
[hydra10:505754] [10] /home/thesis/jheld/MPI_Syrk_implementation/build/src/MPI_SYRK_implementation(+0x841a)[0x55ae80a1a41a]
[hydra08:395303] [ 8] /opt/mpi/openmpi-4.1.4//lib/libmpi.so.40(ompi_group_incl_plist+0x65)[0x7f63944d9915]
[hydra06:393641] [ 9] /opt/mpi/openmpi-4.1.4//lib/libmpi.so.40(PMPI_Group_incl+0x95)[0x7f46c48a4185]
[hydra06:393641] [10] /home/thesis/jheld/MPI_Syrk_implementation/build/src/MPI_SYRK_implementation(+0x841a)[0x56388234741a]
[hydra06:393641] [11] /home/thesis/jheld/MPI_Syrk_implementation/build/src/MPI_SYRK_implementation(+0x2ab0)[0x563882341ab0]
[hydra10:505754] [11] /home/thesis/jheld/MPI_Syrk_implementation/build/src/MPI_SYRK_implementation(+0x2ab0)[0x55ae80a14ab0]
[hydra08:395304] [ 9] /opt/mpi/openmpi-4.1.4//lib/libmpi.so.40(PMPI_Group_incl+0x95)[0x7fcbcf4e4185]
[hydra08:395304] [10] /home/thesis/jheld/MPI_Syrk_implementation/build/src/MPI_SYRK_implementation(+0x841a)[0x55816414241a]
[hydra06:393641] [12] /lib/x86_64-linux-gnu/libc.so.6(__libc_start_main+0xea)[0x7f46c2942d7a]
[hydra10:505754] [12] /lib/x86_64-linux-gnu/libc.so.6(__libc_start_main+0xea)[0x7fb56c811d7a]
[hydra10:505754] [13] /home/thesis/jheld/MPI_Syrk_implementation/build/src/MPI_SYRK_implementation(+0x232a)[0x55ae80a1432a]
[hydra08:395304] [11] /home/thesis/jheld/MPI_Syrk_implementation/build/src/MPI_SYRK_implementation(+0x2ab0)[0x55816413cab0]
[hydra06:393641] [13] /home/thesis/jheld/MPI_Syrk_implementation/build/src/MPI_SYRK_implementation(+0x232a)[0x56388234132a]
[hydra06:393641] *** End of error message ***
[hydra10:505754] *** End of error message ***
[hydra08:395303] [ 9] /opt/mpi/openmpi-4.1.4//lib/libmpi.so.40(PMPI_Group_incl+0x95)[0x7f639450a185]
[hydra08:395303] [10] /home/thesis/jheld/MPI_Syrk_implementation/build/src/MPI_SYRK_implementation(+0x841a)[0x55fbfb8ea41a]
[hydra08:395303] [11] /home/thesis/jheld/MPI_Syrk_implementation/build/src/MPI_SYRK_implementation(+0x2ab0)[0x55fbfb8e4ab0]
[hydra12:373315] [ 9] /opt/mpi/openmpi-4.1.4//lib/libmpi.so.40(PMPI_Group_incl+0x95)[0x7f46c88ed185]
[hydra12:373315] [10] /home/thesis/jheld/MPI_Syrk_implementation/build/src/MPI_SYRK_implementation(+0x841a)[0x56309799e41a]
[hydra08:395304] [12] /lib/x86_64-linux-gnu/libc.so.6(__libc_start_main+0xea)[0x7fcbcd582d7a]
[hydra08:395304] [13] /home/thesis/jheld/MPI_Syrk_implementation/build/src/MPI_SYRK_implementation(+0x232a)[0x55816413c32a]
[hydra08:395304] *** End of error message ***
[hydra12:373316] [12] /lib/x86_64-linux-gnu/libc.so.6(__libc_start_main+0xea)[0x7f3998906d7a]
[hydra12:373316] [13] /home/thesis/jheld/MPI_Syrk_implementation/build/src/MPI_SYRK_implementation(+0x232a)[0x55b9d8af932a]
[hydra12:373316] *** End of error message ***
[hydra08:395303] [12] /lib/x86_64-linux-gnu/libc.so.6(__libc_start_main+0xea)[0x7f63925a8d7a]
[hydra12:373315] [11] /home/thesis/jheld/MPI_Syrk_implementation/build/src/MPI_SYRK_implementation(+0x2ab0)[0x563097998ab0]
[hydra08:395303] [13] /home/thesis/jheld/MPI_Syrk_implementation/build/src/MPI_SYRK_implementation(+0x232a)[0x55fbfb8e432a]
[hydra08:395303] *** End of error message ***
[hydra12:373315] [12] /lib/x86_64-linux-gnu/libc.so.6(__libc_start_main+0xea)[0x7f46c698bd7a]
[hydra12:373315] [13] /home/thesis/jheld/MPI_Syrk_implementation/build/src/MPI_SYRK_implementation(+0x232a)[0x56309799832a]
[hydra12:373315] *** End of error message ***
[hydra04:409006] [10] /home/thesis/jheld/MPI_Syrk_implementation/build/src/MPI_SYRK_implementation(+0x841a)[0x55d59bb5841a]
[hydra04:409006] [11] /home/thesis/jheld/MPI_Syrk_implementation/build/src/MPI_SYRK_implementation(+0x2ab0)[0x55d59bb52ab0]
[hydra04:409007] [12] /lib/x86_64-linux-gnu/libc.so.6(__libc_start_main+0xea)[0x7f9002a3bd7a]
[hydra04:409007] [13] /home/thesis/jheld/MPI_Syrk_implementation/build/src/MPI_SYRK_implementation(+0x232a)[0x55582172f32a]
[hydra04:409007] *** End of error message ***
[hydra04:409006] [12] /lib/x86_64-linux-gnu/libc.so.6(__libc_start_main+0xea)[0x7f2e1c3b1d7a]
[hydra04:409006] [13] /home/thesis/jheld/MPI_Syrk_implementation/build/src/MPI_SYRK_implementation(+0x232a)[0x55d59bb5232a]
[hydra04:409006] *** End of error message ***
srun: error: hydra11: task 31: Aborted
srun: error: hydra03: task 7: Aborted
srun: error: hydra02: task 5: Aborted
srun: error: hydra10: task 29: Aborted
srun: error: hydra05: task 13: Aborted
srun: error: hydra07: task 18: Aborted
srun: error: hydra06: tasks 16-17: Aborted
srun: error: hydra01: tasks 1-2: Aborted
srun: error: hydra12: tasks 33-34: Aborted
srun: error: hydra08: tasks 21-22: Aborted
srun: error: hydra04: tasks 9-10: Aborted
slurmstepd: error:  mpi/pmix_v4: _errhandler: hydra02 [1]: pmixp_client_v2.c:211: Error handler invoked: status = -61, source = [slurm.pmix.5008700.9:5]
slurmstepd: error:  mpi/pmix_v4: _errhandler: hydra11 [10]: pmixp_client_v2.c:211: Error handler invoked: status = -61, source = [slurm.pmix.5008700.9:31]
slurmstepd: error:  mpi/pmix_v4: _errhandler: hydra05 [4]: pmixp_client_v2.c:211: Error handler invoked: status = -61, source = [slurm.pmix.5008700.9:13]
slurmstepd: error:  mpi/pmix_v4: _errhandler: hydra03 [2]: pmixp_client_v2.c:211: Error handler invoked: status = -61, source = [slurm.pmix.5008700.9:7]
slurmstepd: error:  mpi/pmix_v4: _errhandler: hydra12 [11]: pmixp_client_v2.c:211: Error handler invoked: status = -61, source = [slurm.pmix.5008700.9:34]
slurmstepd: error:  mpi/pmix_v4: _errhandler: hydra10 [9]: pmixp_client_v2.c:211: Error handler invoked: status = -61, source = [slurm.pmix.5008700.9:29]
slurmstepd: error:  mpi/pmix_v4: _errhandler: hydra01 [0]: pmixp_client_v2.c:211: Error handler invoked: status = -61, source = [slurm.pmix.5008700.9:2]
slurmstepd: error:  mpi/pmix_v4: _errhandler: hydra06 [5]: pmixp_client_v2.c:211: Error handler invoked: status = -61, source = [slurm.pmix.5008700.9:16]
slurmstepd: error:  mpi/pmix_v4: _errhandler: hydra07 [6]: pmixp_client_v2.c:211: Error handler invoked: status = -61, source = [slurm.pmix.5008700.9:18]
slurmstepd: error: *** STEP 5008700.9 ON hydra01 CANCELLED AT 2025-10-13T15:38:04 ***
srun: Job step aborted: Waiting up to 32 seconds for job step to finish.
srun: error: hydra04: task 11: Killed
srun: error: hydra01: task 0: Killed
srun: error: hydra06: task 15: Killed
srun: error: hydra12: task 35: Killed
srun: error: hydra08: task 23: Killed
srun: error: hydra03: tasks 6,8: Killed
srun: error: hydra07: tasks 19-20: Killed
srun: error: hydra02: tasks 3-4: Killed
srun: error: hydra11: tasks 30,32: Killed
srun: error: hydra05: tasks 12,14: Killed
srun: error: hydra10: tasks 27-28: Killed
srun: error: hydra09: tasks 24-26: Killed
⚠️ Warning: No runtime found for run 10
srun: Warning: can't honor --ntasks-per-node set to 1 which doesn't match the requested tasks 36 with the number of requested nodes 12. Ignoring --ntasks-per-node.
missing input file name --> Generate random input
malloc(): invalid size (unsorted)
[hydra12:373379] *** Process received signal ***
[hydra12:373379] Signal: Aborted (6)
[hydra12:373379] Signal code:  (-6)
malloc(): invalid size (unsorted)
malloc(): invalid size (unsorted)
[hydra01:901987] *** Process received signal ***
[hydra01:901987] Signal: Aborted (6)
[hydra01:901987] Signal code:  (-6)
malloc(): invalid size (unsorted)
[hydra01:901988] *** Process received signal ***
[hydra01:901988] Signal: Aborted (6)
[hydra01:901988] Signal code:  (-6)
[hydra01:901987] [ 0] /lib/x86_64-linux-gnu/libc.so.6(+0x38de0)[0x7fda7421fde0]
malloc(): invalid size (unsorted)
[hydra05:393017] *** Process received signal ***
[hydra05:393017] Signal: Aborted (6)
[hydra05:393017] Signal code:  (-6)
[hydra01:901988] [ 0] /lib/x86_64-linux-gnu/libc.so.6(+0x38de0)[0x7f6ece66cde0]
malloc(): invalid size (unsorted)
[hydra03:410336] *** Process received signal ***
[hydra01:901987] [ 1] /lib/x86_64-linux-gnu/libc.so.6(gsignal+0x141)[0x7fda7421fd61]
malloc(): invalid size (unsorted)
[hydra02:583380] *** Process received signal ***
[hydra02:583380] Signal: Aborted (6)
[hydra02:583380] Signal code:  (-6)
[hydra01:901988] [ 1] /lib/x86_64-linux-gnu/libc.so.6(gsignal+0x141)[0x7f6ece66cd61]
malloc(): invalid size (unsorted)
[hydra09:386373] *** Process received signal ***
[hydra09:386373] Signal: Aborted (6)
[hydra09:386373] Signal code:  (-6)
malloc(): invalid size (unsorted)
[hydra06:393702] *** Process received signal ***
[hydra06:393702] Signal: Aborted (6)
[hydra06:393702] Signal code:  (-6)
[hydra01:901987] [ 2] /lib/x86_64-linux-gnu/libc.so.6(abort+0x123)[0x7fda74209537]
malloc(): invalid size (unsorted)
[hydra07:420085] *** Process received signal ***
[hydra07:420085] Signal: Aborted (6)
[hydra07:420085] Signal code:  (-6)
[hydra01:901988] [ 2] /lib/x86_64-linux-gnu/libc.so.6(abort+0x123)[0x7f6ece656537]
malloc(): invalid size (unsorted)
[hydra01:901989] *** Process received signal ***
[hydra01:901989] Signal: Aborted (6)
[hydra01:901989] Signal code:  (-6)
[hydra01:901987] [ 3] /lib/x86_64-linux-gnu/libc.so.6(+0x7a468)[0x7fda74261468]
malloc(): invalid size (unsorted)
[hydra04:409068] *** Process received signal ***
[hydra04:409068] Signal: Aborted (6)
[hydra04:409068] Signal code:  (-6)
malloc(): invalid size (unsorted)
[hydra08:395367] *** Process received signal ***
[hydra08:395367] Signal: Aborted (6)
[hydra08:395367] Signal code:  (-6)
malloc(): invalid size (unsorted)
[hydra06:393703] *** Process received signal ***
[hydra06:393703] Signal: Aborted (6)
[hydra06:393703] Signal code:  (-6)
[hydra01:901988] [ 3] /lib/x86_64-linux-gnu/libc.so.6(+0x7a468)[0x7f6ece6ae468]
malloc(): invalid size (unsorted)
[hydra06:393702] [ 0] /lib/x86_64-linux-gnu/libc.so.6(+0x38de0)[0x7fe32eb9bde0]
[hydra01:901987] [ 4] /lib/x86_64-linux-gnu/libc.so.6(+0x8175a)[0x7fda7426875a]
[hydra06:393703] [ 0] /lib/x86_64-linux-gnu/libc.so.6(+0x38de0)[0x7f1011ab0de0]
[hydra12:373379] [ 0] /lib/x86_64-linux-gnu/libc.so.6(+0x38de0)[0x7fdec0f68de0]
[hydra06:393701] *** Process received signal ***
[hydra06:393701] Signal: Aborted (6)
[hydra06:393701] Signal code:  (-6)
[hydra12:373379] [ 1] /lib/x86_64-linux-gnu/libc.so.6(gsignal+0x141)[0x7fdec0f68d61]
[hydra06:393702] [ 1] /lib/x86_64-linux-gnu/libc.so.6(gsignal+0x141)[0x7fe32eb9bd61]
[hydra12:373379] [ 2] /lib/x86_64-linux-gnu/libc.so.6(abort+0x123)[0x7fdec0f52537]
[hydra01:901988] [ 4] /lib/x86_64-linux-gnu/libc.so.6(+0x8175a)[0x7f6ece6b575a]
[hydra06:393703] [ 1] /lib/x86_64-linux-gnu/libc.so.6(gsignal+0x141)[0x7f1011ab0d61]
[hydra12:373379] [ 3] /lib/x86_64-linux-gnu/libc.so.6(+0x7a468)[0x7fdec0faa468]
malloc(): invalid size (unsorted)
[hydra10:505820] *** Process received signal ***
[hydra10:505820] Signal: Aborted (6)
[hydra10:505820] Signal code:  (-6)
[hydra06:393702] [ 2] /lib/x86_64-linux-gnu/libc.so.6(abort+0x123)[0x7fe32eb85537]
[hydra12:373379] [ 4] /lib/x86_64-linux-gnu/libc.so.6(+0x8175a)[0x7fdec0fb175a]
[hydra11:373418] *** Process received signal ***
[hydra11:373418] Signal: Aborted (6)
[hydra11:373418] Signal code:  (-6)
[hydra01:901987] [ 5] /lib/x86_64-linux-gnu/libc.so.6(+0x8483c)[0x7fda7426b83c]
[hydra06:393703] [ 2] /lib/x86_64-linux-gnu/libc.so.6(abort+0x123)[0x7f1011a9a537]
[hydra12:373379] [ 5] /lib/x86_64-linux-gnu/libc.so.6(+0x8483c)[0x7fdec0fb483c]
[hydra11:373418] [ 0] /lib/x86_64-linux-gnu/libc.so.6(+0x38de0)[0x7fad91504de0]
[hydra01:901988] [ 5] /lib/x86_64-linux-gnu/libc.so.6(+0x8483c)[0x7f6ece6b883c]
[hydra06:393702] [ 3] /lib/x86_64-linux-gnu/libc.so.6(+0x7a468)[0x7fe32ebdd468]
[hydra12:373379] [ 6] /lib/x86_64-linux-gnu/libc.so.6(__libc_calloc+0x81)[0x7fdec0fb6bd1]
[hydra11:373418] [ 1] /lib/x86_64-linux-gnu/libc.so.6(gsignal+0x141)[0x7fad91504d61]
[hydra01:901987] [ 6] /lib/x86_64-linux-gnu/libc.so.6(__libc_calloc+0x81)[0x7fda7426dbd1]
malloc(): invalid size (unsorted)
[hydra03:410337] *** Process received signal ***
[hydra03:410337] Signal: Aborted (6)
[hydra03:410337] Signal code:  (-6)
[hydra06:393703] [ 3] /lib/x86_64-linux-gnu/libc.so.6(+0x7a468)[0x7f1011af2468]
malloc(): invalid size (unsorted)
[hydra02:583379] *** Process received signal ***
[hydra12:373379] [ 7] /opt/mpi/openmpi-4.1.4//lib/libmpi.so.40(ompi_group_allocate+0x17)[0x7fdec2e841e7]
[hydra11:373418] [ 2] /lib/x86_64-linux-gnu/libc.so.6(abort+0x123)[0x7fad914ee537]
[hydra01:901988] [ 6] /lib/x86_64-linux-gnu/libc.so.6(__libc_calloc+0x81)[0x7f6ece6babd1]
[hydra03:410336] Signal: Aborted (6)
[hydra03:410336] Signal code:  (-6)
[hydra06:393702] [ 4] /lib/x86_64-linux-gnu/libc.so.6(+0x8175a)[0x7fe32ebe475a]
[hydra02:583379] Signal: Aborted (6)
[hydra02:583379] Signal code:  (-6)
[hydra12:373379] [ 8] /opt/mpi/openmpi-4.1.4//lib/libmpi.so.40(ompi_group_incl_plist+0x65)[0x7fdec2e84915]
[hydra11:373418] [ 3] /lib/x86_64-linux-gnu/libc.so.6(+0x7a468)[0x7fad91546468]
malloc(): invalid size (unsorted)
[hydra01:901989] [ 0] /lib/x86_64-linux-gnu/libc.so.6(+0x38de0)[0x7eff5f83ede0]
[hydra05:393017] [ 0] /lib/x86_64-linux-gnu/libc.so.6(+0x38de0)[0x7f07e98dede0]
[hydra03:410337] [ 0] /lib/x86_64-linux-gnu/libc.so.6(+0x38de0)[0x7f1f05d30de0]
[hydra06:393703] [ 4] /lib/x86_64-linux-gnu/libc.so.6(+0x8175a)[0x7f1011af975a]
[hydra02:583380] [ 0] /lib/x86_64-linux-gnu/libc.so.6(+0x38de0)[0x7f0c083dfde0]
[hydra12:373379] [ 9] /opt/mpi/openmpi-4.1.4//lib/libmpi.so.40(PMPI_Group_incl+0x95)[0x7fdec2eb5185]
[hydra12:373379] [10] /home/thesis/jheld/MPI_Syrk_implementation/build/src/MPI_SYRK_implementation(+0x841a)[0x55f85eb9541a]
[hydra11:373418] [ 4] /lib/x86_64-linux-gnu/libc.so.6(+0x8175a)[0x7fad9154d75a]
[hydra07:420086] *** Process received signal ***
[hydra07:420086] Signal: Aborted (6)
[hydra07:420086] Signal code:  (-6)
[hydra01:901987] [ 7] /opt/mpi/openmpi-4.1.4//lib/libmpi.so.40(ompi_group_allocate+0x17)[0x7fda7613b1e7]
[hydra01:901987] [ 8] /opt/mpi/openmpi-4.1.4//lib/libmpi.so.40(ompi_group_incl_plist+0x65)[0x7fda7613b915]
[hydra05:393017] [ 1] /lib/x86_64-linux-gnu/libc.so.6(gsignal+0x141)[0x7f07e98ded61]
[hydra03:410336] [ 0] /lib/x86_64-linux-gnu/libc.so.6(+0x38de0)[0x7fb3657f1de0]
[hydra06:393701] [ 0] /lib/x86_64-linux-gnu/libc.so.6(+0x38de0)[0x7f0002e63de0]
[hydra06:393701] [ 1] /lib/x86_64-linux-gnu/libc.so.6(gsignal+0x141)[0x7f0002e63d61]
[hydra06:393701] [ 2] /lib/x86_64-linux-gnu/libc.so.6(abort+0x123)[0x7f0002e4d537]
[hydra02:583380] [ 1] /lib/x86_64-linux-gnu/libc.so.6(gsignal+0x141)[0x7f0c083dfd61]
[hydra12:373379] [11] /home/thesis/jheld/MPI_Syrk_implementation/build/src/MPI_SYRK_implementation(+0x2ab0)[0x55f85eb8fab0]
malloc(): invalid size (unsorted)
[hydra07:420085] [ 0] /lib/x86_64-linux-gnu/libc.so.6(+0x38de0)[0x7f1916e0dde0]
[hydra01:901988] [ 7] /opt/mpi/openmpi-4.1.4//lib/libmpi.so.40(ompi_group_allocate+0x17)[0x7f6ed05881e7]
[hydra01:901988] [ 8] /opt/mpi/openmpi-4.1.4//lib/libmpi.so.40(ompi_group_incl_plist+0x65)[0x7f6ed0588915]
[hydra05:393017] [ 2] /lib/x86_64-linux-gnu/libc.so.6(abort+0x123)[0x7f07e98c8537]
malloc(): invalid size (unsorted)
[hydra08:395366] *** Process received signal ***
[hydra08:395366] Signal: Aborted (6)
[hydra08:395366] Signal code:  (-6)
[hydra03:410337] [ 1] /lib/x86_64-linux-gnu/libc.so.6(gsignal+0x141)[0x7f1f05d30d61]
[hydra09:386373] [ 0] /lib/x86_64-linux-gnu/libc.so.6(+0x38de0)[0x7f86f3cdcde0]
[hydra06:393702] [ 5] /lib/x86_64-linux-gnu/libc.so.6(+0x8483c)[0x7fe32ebe783c]
[hydra06:393702] [ 6] /lib/x86_64-linux-gnu/libc.so.6(__libc_calloc+0x81)[0x7fe32ebe9bd1]
[hydra06:393702] [ 7] /opt/mpi/openmpi-4.1.4//lib/libmpi.so.40(ompi_group_allocate+0x17)[0x7fe330ab71e7]
[hydra02:583380] [ 2] /lib/x86_64-linux-gnu/libc.so.6(abort+0x123)[0x7f0c083c9537]
[hydra12:373379] [12] /lib/x86_64-linux-gnu/libc.so.6(__libc_start_main+0xea)[0x7fdec0f53d7a]
[hydra11:373418] [ 5] /lib/x86_64-linux-gnu/libc.so.6(+0x8483c)[0x7fad9155083c]
[hydra07:420085] [ 1] /lib/x86_64-linux-gnu/libc.so.6(gsignal+0x141)[0x7f1916e0dd61]
[hydra01:901989] [ 1] /lib/x86_64-linux-gnu/libc.so.6(gsignal+0x141)[0x7eff5f83ed61]
[hydra01:901989] [ 2] /lib/x86_64-linux-gnu/libc.so.6(abort+0x123)[0x7eff5f828537]
malloc(): invalid size (unsorted)
[hydra04:409069] *** Process received signal ***
[hydra04:409069] Signal: Aborted (6)
[hydra04:409069] Signal code:  (-6)
[hydra05:393017] [ 3] /lib/x86_64-linux-gnu/libc.so.6(+0x7a468)[0x7f07e9920468]
[hydra08:395367] [ 0] /lib/x86_64-linux-gnu/libc.so.6(+0x38de0)[0x7fee61c3dde0]
[hydra03:410336] [ 1] /lib/x86_64-linux-gnu/libc.so.6(gsignal+0x141)[0x7fb3657f1d61]
[hydra09:386373] [ 1] /lib/x86_64-linux-gnu/libc.so.6(gsignal+0x141)[0x7f86f3cdcd61]
[hydra06:393703] [ 5] /lib/x86_64-linux-gnu/libc.so.6(+0x8483c)[0x7f1011afc83c]
[hydra06:393703] [ 6] /lib/x86_64-linux-gnu/libc.so.6(__libc_calloc+0x81)[0x7f1011afebd1]
[hydra06:393703] [ 7] /opt/mpi/openmpi-4.1.4//lib/libmpi.so.40(ompi_group_allocate+0x17)[0x7f10139cc1e7]
[hydra06:393703] [ 8] /opt/mpi/openmpi-4.1.4//lib/libmpi.so.40(ompi_group_incl_plist+0x65)[0x7f10139cc915]
[hydra02:583379] [ 0] /lib/x86_64-linux-gnu/libc.so.6(+0x38de0)[0x7f44c0844de0]
[hydra12:373379] [13] /home/thesis/jheld/MPI_Syrk_implementation/build/src/MPI_SYRK_implementation(+0x232a)[0x55f85eb8f32a]
[hydra12:373379] *** End of error message ***
[hydra11:373418] [ 6] /lib/x86_64-linux-gnu/libc.so.6(__libc_calloc+0x81)[0x7fad91552bd1]
[hydra07:420085] [ 2] /lib/x86_64-linux-gnu/libc.so.6(abort+0x123)[0x7f1916df7537]
[hydra01:901987] [ 9] /opt/mpi/openmpi-4.1.4//lib/libmpi.so.40(PMPI_Group_incl+0x95)[0x7fda7616c185]
[hydra01:901987] [10] /home/thesis/jheld/MPI_Syrk_implementation/build/src/MPI_SYRK_implementation(+0x841a)[0x5654d5f9741a]
[hydra01:901987] [11] /home/thesis/jheld/MPI_Syrk_implementation/build/src/MPI_SYRK_implementation(+0x2ab0)[0x5654d5f91ab0]
[hydra04:409068] [ 0] /lib/x86_64-linux-gnu/libc.so.6(+0x38de0)[0x7fc89aa90de0]
[hydra04:409068] [ 1] /lib/x86_64-linux-gnu/libc.so.6(gsignal+0x141)[0x7fc89aa90d61]
[hydra04:409068] [ 2] /lib/x86_64-linux-gnu/libc.so.6(abort+0x123)[0x7fc89aa7a537]
[hydra05:393017] [ 4] /lib/x86_64-linux-gnu/libc.so.6(+0x8175a)[0x7f07e992775a]
[hydra08:395367] [ 1] /lib/x86_64-linux-gnu/libc.so.6(gsignal+0x141)[0x7fee61c3dd61]
[hydra03:410337] [ 2] /lib/x86_64-linux-gnu/libc.so.6(abort+0x123)[0x7f1f05d1a537]
[hydra09:386373] [ 2] /lib/x86_64-linux-gnu/libc.so.6(abort+0x123)[0x7f86f3cc6537]
[hydra06:393701] [ 3] /lib/x86_64-linux-gnu/libc.so.6(+0x7a468)[0x7f0002ea5468]
[hydra02:583380] [ 3] /lib/x86_64-linux-gnu/libc.so.6(+0x7a468)[0x7f0c08421468]
[hydra11:373416] *** Process received signal ***
[hydra07:420085] [ 3] /lib/x86_64-linux-gnu/libc.so.6(+0x7a468)[0x7f1916e4f468]
[hydra01:901988] [ 9] /opt/mpi/openmpi-4.1.4//lib/libmpi.so.40(PMPI_Group_incl+0x95)[0x7f6ed05b9185]
[hydra01:901988] [10] /home/thesis/jheld/MPI_Syrk_implementation/build/src/MPI_SYRK_implementation(+0x841a)[0x563fefb6341a]
[hydra01:901988] [11] /home/thesis/jheld/MPI_Syrk_implementation/build/src/MPI_SYRK_implementation(+0x2ab0)[0x563fefb5dab0]
[hydra04:409069] [ 0] /lib/x86_64-linux-gnu/libc.so.6(+0x38de0)[0x7f25f4259de0]
[hydra04:409069] [ 1] /lib/x86_64-linux-gnu/libc.so.6(gsignal+0x141)[0x7f25f4259d61]
[hydra04:409069] [ 2] /lib/x86_64-linux-gnu/libc.so.6(abort+0x123)[0x7f25f4243537]
[hydra05:393017] [ 5] /lib/x86_64-linux-gnu/libc.so.6(+0x8483c)[0x7f07e992a83c]
[hydra08:395366] [ 0] /lib/x86_64-linux-gnu/libc.so.6(+0x38de0)[0x7fd405871de0]
[hydra03:410336] [ 2] /lib/x86_64-linux-gnu/libc.so.6(abort+0x123)[0x7fb3657db537]
[hydra09:386373] [ 3] /lib/x86_64-linux-gnu/libc.so.6(+0x7a468)[0x7f86f3d1e468]
[hydra06:393702] [ 8] /opt/mpi/openmpi-4.1.4//lib/libmpi.so.40(ompi_group_incl_plist+0x65)[0x7fe330ab7915]
[hydra06:393702] [ 9] /opt/mpi/openmpi-4.1.4//lib/libmpi.so.40(PMPI_Group_incl+0x95)[0x7fe330ae8185]
[hydra02:583379] [ 1] /lib/x86_64-linux-gnu/libc.so.6(gsignal+0x141)[0x7f44c0844d61]
[hydra11:373416] Signal: Aborted (6)
[hydra11:373416] Signal code:  (-6)
[hydra07:420086] [ 0] /lib/x86_64-linux-gnu/libc.so.6(+0x38de0)[0x7f9870c8cde0]
[hydra01:901989] [ 3] /lib/x86_64-linux-gnu/libc.so.6(+0x7a468)[0x7eff5f880468]
[hydra04:409068] [ 3] /lib/x86_64-linux-gnu/libc.so.6(+0x7a468)[0x7fc89aad2468]
[hydra05:393017] [ 6] /lib/x86_64-linux-gnu/libc.so.6(__libc_calloc+0x81)[0x7f07e992cbd1]
[hydra08:395367] [ 2] /lib/x86_64-linux-gnu/libc.so.6(abort+0x123)[0x7fee61c27537]
[hydra03:410337] [ 3] /lib/x86_64-linux-gnu/libc.so.6(+0x7a468)[0x7f1f05d72468]
[hydra10:505820] [ 0] /lib/x86_64-linux-gnu/libc.so.6(+0x38de0)[0x7fc5ac012de0]
[hydra09:386373] [ 4] /lib/x86_64-linux-gnu/libc.so.6(+0x8175a)[0x7f86f3d2575a]
[hydra06:393701] [ 4] /lib/x86_64-linux-gnu/libc.so.6(+0x8175a)[0x7f0002eac75a]
[hydra02:583380] [ 4] /lib/x86_64-linux-gnu/libc.so.6(+0x8175a)[0x7f0c0842875a]
[hydra11:373418] [ 7] /opt/mpi/openmpi-4.1.4//lib/libmpi.so.40(ompi_group_allocate+0x17)[0x7fad934201e7]
[hydra07:420086] [ 1] /lib/x86_64-linux-gnu/libc.so.6(gsignal+0x141)[0x7f9870c8cd61]
[hydra01:901987] [12] /lib/x86_64-linux-gnu/libc.so.6(__libc_start_main+0xea)[0x7fda7420ad7a]
[hydra01:901987] [13] /home/thesis/jheld/MPI_Syrk_implementation/build/src/MPI_SYRK_implementation(+0x232a)[0x5654d5f9132a]
[hydra01:901987] *** End of error message ***
[hydra04:409069] [ 3] /lib/x86_64-linux-gnu/libc.so.6(+0x7a468)[0x7f25f429b468]
[hydra05:393017] [ 7] /opt/mpi/openmpi-4.1.4//lib/libmpi.so.40(ompi_group_allocate+0x17)[0x7f07eb7fa1e7]
[hydra08:395366] [ 1] /lib/x86_64-linux-gnu/libc.so.6(gsignal+0x141)[0x7fd405871d61]
[hydra03:410336] [ 3] /lib/x86_64-linux-gnu/libc.so.6(+0x7a468)[0x7fb365833468]
[hydra10:505820] [ 1] /lib/x86_64-linux-gnu/libc.so.6(gsignal+0x141)[0x7fc5ac012d61]
[hydra09:386373] [ 5] /lib/x86_64-linux-gnu/libc.so.6(+0x8483c)[0x7f86f3d2883c]
[hydra06:393702] [10] /home/thesis/jheld/MPI_Syrk_implementation/build/src/MPI_SYRK_implementation(+0x841a)[0x5624a1b4341a]
[hydra06:393702] [11] /home/thesis/jheld/MPI_Syrk_implementation/build/src/MPI_SYRK_implementation(+0x2ab0)[0x5624a1b3dab0]
[hydra06:393702] [12] /lib/x86_64-linux-gnu/libc.so.6(__libc_start_main+0xea)[0x7fe32eb86d7a]
[hydra02:583379] [ 2] /lib/x86_64-linux-gnu/libc.so.6(abort+0x123)[0x7f44c082e537]
[hydra11:373418] [ 8] /opt/mpi/openmpi-4.1.4//lib/libmpi.so.40(ompi_group_incl_plist+0x65)[0x7fad93420915]
[hydra07:420085] [ 4] /lib/x86_64-linux-gnu/libc.so.6(+0x8175a)[0x7f1916e5675a]
[hydra01:901988] [12] /lib/x86_64-linux-gnu/libc.so.6(__libc_start_main+0xea)[0x7f6ece657d7a]
[hydra01:901988] [13] /home/thesis/jheld/MPI_Syrk_implementation/build/src/MPI_SYRK_implementation(+0x232a)[0x563fefb5d32a]
[hydra01:901988] *** End of error message ***
[hydra04:409068] [ 4] /lib/x86_64-linux-gnu/libc.so.6(+0x8175a)[0x7fc89aad975a]
[hydra05:393017] [ 8] /opt/mpi/openmpi-4.1.4//lib/libmpi.so.40(ompi_group_incl_plist+0x65)[0x7f07eb7fa915]
[hydra08:395366] [ 2] /lib/x86_64-linux-gnu/libc.so.6(abort+0x123)[0x7fd40585b537]
[hydra03:410337] [ 4] /lib/x86_64-linux-gnu/libc.so.6(+0x8175a)[0x7f1f05d7975a]
[hydra10:505820] [ 2] /lib/x86_64-linux-gnu/libc.so.6(abort+0x123)[0x7fc5abffc537]
[hydra09:386373] [ 6] /lib/x86_64-linux-gnu/libc.so.6(__libc_calloc+0x81)[0x7f86f3d2abd1]
[hydra06:393703] [ 9] /opt/mpi/openmpi-4.1.4//lib/libmpi.so.40(PMPI_Group_incl+0x95)[0x7f10139fd185]
[hydra06:393703] [10] /home/thesis/jheld/MPI_Syrk_implementation/build/src/MPI_SYRK_implementation(+0x841a)[0x555c0008941a]
[hydra06:393703] [11] /home/thesis/jheld/MPI_Syrk_implementation/build/src/MPI_SYRK_implementation(+0x2ab0)[0x555c00083ab0]
[hydra06:393703] [12] /lib/x86_64-linux-gnu/libc.so.6(__libc_start_main+0xea)[0x7f1011a9bd7a]
[hydra06:393703] [13] /home/thesis/jheld/MPI_Syrk_implementation/build/src/MPI_SYRK_implementation(+0x232a)[0x555c0008332a]
[hydra06:393703] *** End of error message ***
[hydra02:583380] [ 5] /lib/x86_64-linux-gnu/libc.so.6(+0x8483c)[0x7f0c0842b83c]
[hydra11:373418] [ 9] /opt/mpi/openmpi-4.1.4//lib/libmpi.so.40(PMPI_Group_incl+0x95)[0x7fad93451185]
[hydra11:373418] [10] /home/thesis/jheld/MPI_Syrk_implementation/build/src/MPI_SYRK_implementation(+0x841a)[0x56116fc8b41a]
[hydra07:420086] [ 2] /lib/x86_64-linux-gnu/libc.so.6(abort+0x123)[0x7f9870c76537]
[hydra01:901989] [ 4] /lib/x86_64-linux-gnu/libc.so.6(+0x8175a)[0x7eff5f88775a]
[hydra04:409069] [ 4] /lib/x86_64-linux-gnu/libc.so.6(+0x8175a)[0x7f25f42a275a]
[hydra05:393017] [ 9] /opt/mpi/openmpi-4.1.4//lib/libmpi.so.40(PMPI_Group_incl+0x95)[0x7f07eb82b185]
[hydra05:393017] [10] /home/thesis/jheld/MPI_Syrk_implementation/build/src/MPI_SYRK_implementation(+0x841a)[0x556c25c0341a]
[hydra08:395367] [ 3] /lib/x86_64-linux-gnu/libc.so.6(+0x7a468)[0x7fee61c7f468]
[hydra03:410336] [ 4] /lib/x86_64-linux-gnu/libc.so.6(+0x8175a)[0x7fb36583a75a]
[hydra10:505820] [ 3] /lib/x86_64-linux-gnu/libc.so.6(+0x7a468)[0x7fc5ac054468]
[hydra09:386373] [ 7] /opt/mpi/openmpi-4.1.4//lib/libmpi.so.40(ompi_group_allocate+0x17)[0x7f86f5bf81e7]
[hydra06:393701] [ 5] /lib/x86_64-linux-gnu/libc.so.6(+0x8483c)[0x7f0002eaf83c]
[hydra06:393701] [ 6] /lib/x86_64-linux-gnu/libc.so.6(__libc_calloc+0x81)[0x7f0002eb1bd1]
[hydra02:583379] [ 3] /lib/x86_64-linux-gnu/libc.so.6(+0x7a468)[0x7f44c0886468]
[hydra11:373418] [11] /home/thesis/jheld/MPI_Syrk_implementation/build/src/MPI_SYRK_implementation(+0x2ab0)[0x56116fc85ab0]
[hydra07:420085] [ 5] /lib/x86_64-linux-gnu/libc.so.6(+0x8483c)[0x7f1916e5983c]
[hydra01:901989] [ 5] /lib/x86_64-linux-gnu/libc.so.6(+0x8483c)[0x7eff5f88a83c]
[hydra04:409068] [ 5] /lib/x86_64-linux-gnu/libc.so.6(+0x8483c)[0x7fc89aadc83c]
[hydra05:393017] [11] /home/thesis/jheld/MPI_Syrk_implementation/build/src/MPI_SYRK_implementation(+0x2ab0)[0x556c25bfdab0]
[hydra08:395366] [ 3] /lib/x86_64-linux-gnu/libc.so.6(+0x7a468)[0x7fd4058b3468]
[hydra03:410337] [ 5] /lib/x86_64-linux-gnu/libc.so.6(+0x8483c)[0x7f1f05d7c83c]
[hydra10:505820] [ 4] /lib/x86_64-linux-gnu/libc.so.6(+0x8175a)[0x7fc5ac05b75a]
[hydra09:386373] [ 8] /opt/mpi/openmpi-4.1.4//lib/libmpi.so.40(ompi_group_incl_plist+0x65)[0x7f86f5bf8915]
[hydra06:393702] [13] /home/thesis/jheld/MPI_Syrk_implementation/build/src/MPI_SYRK_implementation(+0x232a)[0x5624a1b3d32a]
[hydra06:393702] *** End of error message ***
[hydra02:583380] [ 6] /lib/x86_64-linux-gnu/libc.so.6(__libc_calloc+0x81)[0x7f0c0842dbd1]
[hydra11:373418] [12] /lib/x86_64-linux-gnu/libc.so.6(__libc_start_main+0xea)[0x7fad914efd7a]
[hydra11:373418] [13] /home/thesis/jheld/MPI_Syrk_implementation/build/src/MPI_SYRK_implementation(+0x232a)[0x56116fc8532a]
[hydra07:420086] [ 3] /lib/x86_64-linux-gnu/libc.so.6(+0x7a468)[0x7f9870cce468]
[hydra01:901989] [ 6] /lib/x86_64-linux-gnu/libc.so.6(__libc_calloc+0x81)[0x7eff5f88cbd1]
[hydra04:409069] [ 5] /lib/x86_64-linux-gnu/libc.so.6(+0x8483c)[0x7f25f42a583c]
[hydra05:393017] [12] /lib/x86_64-linux-gnu/libc.so.6(__libc_start_main+0xea)[0x7f07e98c9d7a]
[hydra05:393017] [13] /home/thesis/jheld/MPI_Syrk_implementation/build/src/MPI_SYRK_implementation(+0x232a)[0x556c25bfd32a]
[hydra08:395367] [ 4] /lib/x86_64-linux-gnu/libc.so.6(+0x8175a)[0x7fee61c8675a]
[hydra03:410336] [ 5] /lib/x86_64-linux-gnu/libc.so.6(+0x8483c)[0x7fb36583d83c]
[hydra10:505820] [ 5] /lib/x86_64-linux-gnu/libc.so.6(+0x8483c)[0x7fc5ac05e83c]
[hydra09:386373] [ 9] /opt/mpi/openmpi-4.1.4//lib/libmpi.so.40(PMPI_Group_incl+0x95)[0x7f86f5c29185]
[hydra06:393701] [ 7] /opt/mpi/openmpi-4.1.4//lib/libmpi.so.40(ompi_group_allocate+0x17)[0x7f0004d7f1e7]
[hydra02:583379] [ 4] /lib/x86_64-linux-gnu/libc.so.6(+0x8175a)[0x7f44c088d75a]
[hydra11:373418] *** End of error message ***
[hydra07:420085] [ 6] /lib/x86_64-linux-gnu/libc.so.6(__libc_calloc+0x81)[0x7f1916e5bbd1]
[hydra01:901989] [ 7] /opt/mpi/openmpi-4.1.4//lib/libmpi.so.40(ompi_group_allocate+0x17)[0x7eff6175a1e7]
[hydra04:409068] [ 6] /lib/x86_64-linux-gnu/libc.so.6(__libc_calloc+0x81)[0x7fc89aadebd1]
[hydra05:393017] *** End of error message ***
[hydra08:395367] [ 5] /lib/x86_64-linux-gnu/libc.so.6(+0x8483c)[0x7fee61c8983c]
[hydra03:410337] [ 6] /lib/x86_64-linux-gnu/libc.so.6(__libc_calloc+0x81)[0x7f1f05d7ebd1]
[hydra10:505820] [ 6] /lib/x86_64-linux-gnu/libc.so.6(__libc_calloc+0x81)[0x7fc5ac060bd1]
[hydra09:386373] [10] /home/thesis/jheld/MPI_Syrk_implementation/build/src/MPI_SYRK_implementation(+0x841a)[0x557072ce741a]
[hydra09:386373] [11] /home/thesis/jheld/MPI_Syrk_implementation/build/src/MPI_SYRK_implementation(+0x2ab0)[0x557072ce1ab0]
[hydra06:393701] [ 8] /opt/mpi/openmpi-4.1.4//lib/libmpi.so.40(ompi_group_incl_plist+0x65)[0x7f0004d7f915]
[hydra02:583380] [ 7] /opt/mpi/openmpi-4.1.4//lib/libmpi.so.40(ompi_group_allocate+0x17)[0x7f0c0a2fb1e7]
[hydra11:373416] [ 0] /lib/x86_64-linux-gnu/libc.so.6(+0x38de0)[0x7fbf1a282de0]
[hydra11:373416] [ 1] /lib/x86_64-linux-gnu/libc.so.6(gsignal+0x141)[0x7fbf1a282d61]
[hydra11:373416] [ 2] /lib/x86_64-linux-gnu/libc.so.6(abort+0x123)[0x7fbf1a26c537]
[hydra07:420085] [ 7] /opt/mpi/openmpi-4.1.4//lib/libmpi.so.40(ompi_group_allocate+0x17)[0x7f1918d291e7]
[hydra01:901989] [ 8] /opt/mpi/openmpi-4.1.4//lib/libmpi.so.40(ompi_group_incl_plist+0x65)[0x7eff6175a915]
[hydra04:409069] [ 6] /lib/x86_64-linux-gnu/libc.so.6(__libc_calloc+0x81)[0x7f25f42a7bd1]
[hydra08:395366] [ 4] /lib/x86_64-linux-gnu/libc.so.6(+0x8175a)[0x7fd4058ba75a]
[hydra03:410336] [ 6] /lib/x86_64-linux-gnu/libc.so.6(__libc_calloc+0x81)[0x7fb36583fbd1]
[hydra10:505820] [ 7] /opt/mpi/openmpi-4.1.4//lib/libmpi.so.40(ompi_group_allocate+0x17)[0x7fc5adf2e1e7]
[hydra09:386373] [12] /lib/x86_64-linux-gnu/libc.so.6(__libc_start_main+0xea)[0x7f86f3cc7d7a]
[hydra09:386373] [13] /home/thesis/jheld/MPI_Syrk_implementation/build/src/MPI_SYRK_implementation(+0x232a)[0x557072ce132a]
[hydra06:393701] [ 9] /opt/mpi/openmpi-4.1.4//lib/libmpi.so.40(PMPI_Group_incl+0x95)[0x7f0004db0185]
[hydra02:583379] [ 5] /lib/x86_64-linux-gnu/libc.so.6(+0x8483c)[0x7f44c089083c]
[hydra11:373416] [ 3] /lib/x86_64-linux-gnu/libc.so.6(+0x7a468)[0x7fbf1a2c4468]
[hydra07:420086] [ 4] /lib/x86_64-linux-gnu/libc.so.6(+0x8175a)[0x7f9870cd575a]
[hydra01:901989] [ 9] /opt/mpi/openmpi-4.1.4//lib/libmpi.so.40(PMPI_Group_incl+0x95)[0x7eff6178b185]
[hydra04:409068] [ 7] /opt/mpi/openmpi-4.1.4//lib/libmpi.so.40(ompi_group_allocate+0x17)[0x7fc89c9ac1e7]
[hydra08:395366] [ 5] /lib/x86_64-linux-gnu/libc.so.6(+0x8483c)[0x7fd4058bd83c]
[hydra03:410336] [ 7] /opt/mpi/openmpi-4.1.4//lib/libmpi.so.40(ompi_group_allocate+0x17)[0x7fb36770d1e7]
[hydra10:505820] [ 8] /opt/mpi/openmpi-4.1.4//lib/libmpi.so.40(ompi_group_incl_plist+0x65)[0x7fc5adf2e915]
[hydra09:386373] *** End of error message ***
[hydra06:393701] [10] /home/thesis/jheld/MPI_Syrk_implementation/build/src/MPI_SYRK_implementation(+0x841a)[0x5613b3d9141a]
[hydra06:393701] [11] /home/thesis/jheld/MPI_Syrk_implementation/build/src/MPI_SYRK_implementation(+0x2ab0)[0x5613b3d8bab0]
[hydra02:583380] [ 8] /opt/mpi/openmpi-4.1.4//lib/libmpi.so.40(ompi_group_incl_plist+0x65)[0x7f0c0a2fb915]
[hydra11:373416] [ 4] /lib/x86_64-linux-gnu/libc.so.6(+0x8175a)[0x7fbf1a2cb75a]
[hydra07:420085] [ 8] /opt/mpi/openmpi-4.1.4//lib/libmpi.so.40(ompi_group_incl_plist+0x65)[0x7f1918d29915]
[hydra01:901989] [10] /home/thesis/jheld/MPI_Syrk_implementation/build/src/MPI_SYRK_implementation(+0x841a)[0x55fd5b44741a]
[hydra01:901989] [11] /home/thesis/jheld/MPI_Syrk_implementation/build/src/MPI_SYRK_implementation(+0x2ab0)[0x55fd5b441ab0]
[hydra04:409069] [ 7] /opt/mpi/openmpi-4.1.4//lib/libmpi.so.40(ompi_group_allocate+0x17)[0x7f25f61751e7]
[hydra08:395367] [ 6] /lib/x86_64-linux-gnu/libc.so.6(__libc_calloc+0x81)[0x7fee61c8bbd1]
[hydra03:410337] [ 7] /opt/mpi/openmpi-4.1.4//lib/libmpi.so.40(ompi_group_allocate+0x17)[0x7f1f07c4c1e7]
[hydra10:505820] [ 9] /opt/mpi/openmpi-4.1.4//lib/libmpi.so.40(PMPI_Group_incl+0x95)[0x7fc5adf5f185]
[hydra06:393701] [12] /lib/x86_64-linux-gnu/libc.so.6(__libc_start_main+0xea)[0x7f0002e4ed7a]
[hydra06:393701] [13] /home/thesis/jheld/MPI_Syrk_implementation/build/src/MPI_SYRK_implementation(+0x232a)[0x5613b3d8b32a]
[hydra02:583379] [ 6] /lib/x86_64-linux-gnu/libc.so.6(__libc_calloc+0x81)[0x7f44c0892bd1]
[hydra11:373416] [ 5] /lib/x86_64-linux-gnu/libc.so.6(+0x8483c)[0x7fbf1a2ce83c]
[hydra07:420086] [ 5] /lib/x86_64-linux-gnu/libc.so.6(+0x8483c)[0x7f9870cd883c]
[hydra01:901989] [12] /lib/x86_64-linux-gnu/libc.so.6(__libc_start_main+0xea)[0x7eff5f829d7a]
[hydra04:409068] [ 8] /opt/mpi/openmpi-4.1.4//lib/libmpi.so.40(ompi_group_incl_plist+0x65)[0x7fc89c9ac915]
[hydra08:395367] [ 7] /opt/mpi/openmpi-4.1.4//lib/libmpi.so.40(ompi_group_allocate+0x17)[0x7fee63b591e7]
[hydra03:410337] [ 8] /opt/mpi/openmpi-4.1.4//lib/libmpi.so.40(ompi_group_incl_plist+0x65)[0x7f1f07c4c915]
[hydra10:505820] [10] /home/thesis/jheld/MPI_Syrk_implementation/build/src/MPI_SYRK_implementation(+0x841a)[0x563d9138641a]
[hydra10:505820] [11] /home/thesis/jheld/MPI_Syrk_implementation/build/src/MPI_SYRK_implementation(+0x2ab0)[0x563d91380ab0]
[hydra06:393701] *** End of error message ***
[hydra02:583380] [ 9] /opt/mpi/openmpi-4.1.4//lib/libmpi.so.40(PMPI_Group_incl+0x95)[0x7f0c0a32c185]
[hydra11:373416] [ 6] /lib/x86_64-linux-gnu/libc.so.6(__libc_calloc+0x81)[0x7fbf1a2d0bd1]
[hydra07:420085] [ 9] /opt/mpi/openmpi-4.1.4//lib/libmpi.so.40(PMPI_Group_incl+0x95)[0x7f1918d5a185]
[hydra07:420085] [10] /home/thesis/jheld/MPI_Syrk_implementation/build/src/MPI_SYRK_implementation(+0x841a)[0x55fab5ba841a]
[hydra01:901989] [13] /home/thesis/jheld/MPI_Syrk_implementation/build/src/MPI_SYRK_implementation(+0x232a)[0x55fd5b44132a]
[hydra01:901989] *** End of error message ***
[hydra04:409069] [ 8] /opt/mpi/openmpi-4.1.4//lib/libmpi.so.40(ompi_group_incl_plist+0x65)[0x7f25f6175915]
[hydra08:395366] [ 6] /lib/x86_64-linux-gnu/libc.so.6(__libc_calloc+0x81)[0x7fd4058bfbd1]
[hydra03:410336] [ 8] /opt/mpi/openmpi-4.1.4//lib/libmpi.so.40(ompi_group_incl_plist+0x65)[0x7fb36770d915]
[hydra10:505820] [12] /lib/x86_64-linux-gnu/libc.so.6(__libc_start_main+0xea)[0x7fc5abffdd7a]
[hydra10:505820] [13] /home/thesis/jheld/MPI_Syrk_implementation/build/src/MPI_SYRK_implementation(+0x232a)[0x563d9138032a]
[hydra02:583380] [10] /home/thesis/jheld/MPI_Syrk_implementation/build/src/MPI_SYRK_implementation(+0x841a)[0x55fe1976e41a]
[hydra02:583380] [11] /home/thesis/jheld/MPI_Syrk_implementation/build/src/MPI_SYRK_implementation(+0x2ab0)[0x55fe19768ab0]
[hydra11:373416] [ 7] /opt/mpi/openmpi-4.1.4//lib/libmpi.so.40(ompi_group_allocate+0x17)[0x7fbf1c19e1e7]
[hydra07:420086] [ 6] /lib/x86_64-linux-gnu/libc.so.6(__libc_calloc+0x81)[0x7f9870cdabd1]
[hydra04:409068] [ 9] /opt/mpi/openmpi-4.1.4//lib/libmpi.so.40(PMPI_Group_incl+0x95)[0x7fc89c9dd185]
[hydra04:409068] [10] /home/thesis/jheld/MPI_Syrk_implementation/build/src/MPI_SYRK_implementation(+0x841a)[0x55efed7c641a]
[hydra08:395367] [ 8] /opt/mpi/openmpi-4.1.4//lib/libmpi.so.40(ompi_group_incl_plist+0x65)[0x7fee63b59915]
[hydra03:410337] [ 9] /opt/mpi/openmpi-4.1.4//lib/libmpi.so.40(PMPI_Group_incl+0x95)[0x7f1f07c7d185]
[hydra10:505820] *** End of error message ***
[hydra02:583379] [ 7] /opt/mpi/openmpi-4.1.4//lib/libmpi.so.40(ompi_group_allocate+0x17)[0x7f44c27601e7]
[hydra11:373416] [ 8] /opt/mpi/openmpi-4.1.4//lib/libmpi.so.40(ompi_group_incl_plist+0x65)[0x7fbf1c19e915]
[hydra07:420085] [11] /home/thesis/jheld/MPI_Syrk_implementation/build/src/MPI_SYRK_implementation(+0x2ab0)[0x55fab5ba2ab0]
[hydra04:409069] [ 9] /opt/mpi/openmpi-4.1.4//lib/libmpi.so.40(PMPI_Group_incl+0x95)[0x7f25f61a6185]
[hydra04:409069] [10] /home/thesis/jheld/MPI_Syrk_implementation/build/src/MPI_SYRK_implementation(+0x841a)[0x55a2b1f7e41a]
[hydra04:409069] [11] /home/thesis/jheld/MPI_Syrk_implementation/build/src/MPI_SYRK_implementation(+0x2ab0)[0x55a2b1f78ab0]
[hydra08:395366] [ 7] /opt/mpi/openmpi-4.1.4//lib/libmpi.so.40(ompi_group_allocate+0x17)[0x7fd40778d1e7]
[hydra02:583379] [ 8] /opt/mpi/openmpi-4.1.4//lib/libmpi.so.40(ompi_group_incl_plist+0x65)[0x7f44c2760915]
[hydra11:373416] [ 9] /opt/mpi/openmpi-4.1.4//lib/libmpi.so.40(PMPI_Group_incl+0x95)[0x7fbf1c1cf185]
[hydra11:373416] [10] /home/thesis/jheld/MPI_Syrk_implementation/build/src/MPI_SYRK_implementation(+0x841a)[0x55b2a966941a]
[hydra07:420085] [12] /lib/x86_64-linux-gnu/libc.so.6(__libc_start_main+0xea)[0x7f1916df8d7a]
[hydra04:409068] [11] /home/thesis/jheld/MPI_Syrk_implementation/build/src/MPI_SYRK_implementation(+0x2ab0)[0x55efed7c0ab0]
[hydra08:395366] [ 8] /opt/mpi/openmpi-4.1.4//lib/libmpi.so.40(ompi_group_incl_plist+0x65)[0x7fd40778d915]
[hydra02:583380] [12] /lib/x86_64-linux-gnu/libc.so.6(__libc_start_main+0xea)[0x7f0c083cad7a]
[hydra02:583380] [13] /home/thesis/jheld/MPI_Syrk_implementation/build/src/MPI_SYRK_implementation(+0x232a)[0x55fe1976832a]
[hydra02:583380] *** End of error message ***
[hydra11:373416] [11] /home/thesis/jheld/MPI_Syrk_implementation/build/src/MPI_SYRK_implementation(+0x2ab0)[0x55b2a9663ab0]
[hydra07:420086] [ 7] /opt/mpi/openmpi-4.1.4//lib/libmpi.so.40(ompi_group_allocate+0x17)[0x7f9872ba81e7]
[hydra04:409069] [12] /lib/x86_64-linux-gnu/libc.so.6(__libc_start_main+0xea)[0x7f25f4244d7a]
[hydra08:395367] [ 9] /opt/mpi/openmpi-4.1.4//lib/libmpi.so.40(PMPI_Group_incl+0x95)[0x7fee63b8a185]
[hydra08:395367] [10] /home/thesis/jheld/MPI_Syrk_implementation/build/src/MPI_SYRK_implementation(+0x841a)[0x5562855d541a]
[hydra08:395367] [11] /home/thesis/jheld/MPI_Syrk_implementation/build/src/MPI_SYRK_implementation(+0x2ab0)[0x5562855cfab0]
[hydra11:373416] [12] /lib/x86_64-linux-gnu/libc.so.6(__libc_start_main+0xea)[0x7fbf1a26dd7a]
[hydra11:373416] [13] /home/thesis/jheld/MPI_Syrk_implementation/build/src/MPI_SYRK_implementation(+0x232a)[0x55b2a966332a]
[hydra07:420085] [13] /home/thesis/jheld/MPI_Syrk_implementation/build/src/MPI_SYRK_implementation(+0x232a)[0x55fab5ba232a]
[hydra07:420085] *** End of error message ***
[hydra04:409068] [12] /lib/x86_64-linux-gnu/libc.so.6(__libc_start_main+0xea)[0x7fc89aa7bd7a]
[hydra04:409068] [13] /home/thesis/jheld/MPI_Syrk_implementation/build/src/MPI_SYRK_implementation(+0x232a)[0x55efed7c032a]
[hydra04:409068] *** End of error message ***
[hydra08:395366] [ 9] /opt/mpi/openmpi-4.1.4//lib/libmpi.so.40(PMPI_Group_incl+0x95)[0x7fd4077be185]
[hydra11:373416] *** End of error message ***
[hydra04:409069] [13] /home/thesis/jheld/MPI_Syrk_implementation/build/src/MPI_SYRK_implementation(+0x232a)[0x55a2b1f7832a]
[hydra04:409069] *** End of error message ***
[hydra08:395367] [12] /lib/x86_64-linux-gnu/libc.so.6(__libc_start_main+0xea)[0x7fee61c28d7a]
[hydra08:395367] [13] /home/thesis/jheld/MPI_Syrk_implementation/build/src/MPI_SYRK_implementation(+0x232a)[0x5562855cf32a]
[hydra08:395367] *** End of error message ***
[hydra08:395366] [10] /home/thesis/jheld/MPI_Syrk_implementation/build/src/MPI_SYRK_implementation(+0x841a)[0x55f3778ea41a]
[hydra08:395366] [11] /home/thesis/jheld/MPI_Syrk_implementation/build/src/MPI_SYRK_implementation(+0x2ab0)[0x55f3778e4ab0]
[hydra08:395366] [12] /lib/x86_64-linux-gnu/libc.so.6(__libc_start_main+0xea)[0x7fd40585cd7a]
[hydra08:395366] [13] /home/thesis/jheld/MPI_Syrk_implementation/build/src/MPI_SYRK_implementation(+0x232a)[0x55f3778e432a]
[hydra08:395366] *** End of error message ***
[hydra07:420086] [ 8] /opt/mpi/openmpi-4.1.4//lib/libmpi.so.40(ompi_group_incl_plist+0x65)[0x7f9872ba8915]
[hydra07:420086] [ 9] /opt/mpi/openmpi-4.1.4//lib/libmpi.so.40(PMPI_Group_incl+0x95)[0x7f9872bd9185]
[hydra02:583379] [ 9] /opt/mpi/openmpi-4.1.4//lib/libmpi.so.40(PMPI_Group_incl+0x95)[0x7f44c2791185]
[hydra02:583379] [10] /home/thesis/jheld/MPI_Syrk_implementation/build/src/MPI_SYRK_implementation(+0x841a)[0x56031ba3041a]
[hydra07:420086] [10] /home/thesis/jheld/MPI_Syrk_implementation/build/src/MPI_SYRK_implementation(+0x841a)[0x55a9b474c41a]
[hydra07:420086] [11] /home/thesis/jheld/MPI_Syrk_implementation/build/src/MPI_SYRK_implementation(+0x2ab0)[0x55a9b4746ab0]
[hydra02:583379] [11] /home/thesis/jheld/MPI_Syrk_implementation/build/src/MPI_SYRK_implementation(+0x2ab0)[0x56031ba2aab0]
[hydra07:420086] [12] /lib/x86_64-linux-gnu/libc.so.6(__libc_start_main+0xea)[0x7f9870c77d7a]
[hydra07:420086] [13] /home/thesis/jheld/MPI_Syrk_implementation/build/src/MPI_SYRK_implementation(+0x232a)[0x55a9b474632a]
[hydra02:583379] [12] /lib/x86_64-linux-gnu/libc.so.6(__libc_start_main+0xea)[0x7f44c082fd7a]
[hydra07:420086] *** End of error message ***
[hydra03:410336] [ 9] /opt/mpi/openmpi-4.1.4//lib/libmpi.so.40(PMPI_Group_incl+0x95)[0x7fb36773e185]
[hydra03:410336] [10] /home/thesis/jheld/MPI_Syrk_implementation/build/src/MPI_SYRK_implementation(+0x841a)[0x55a279f5e41a]
[hydra02:583379] [13] /home/thesis/jheld/MPI_Syrk_implementation/build/src/MPI_SYRK_implementation(+0x232a)[0x56031ba2a32a]
[hydra02:583379] *** End of error message ***
[hydra03:410337] [10] /home/thesis/jheld/MPI_Syrk_implementation/build/src/MPI_SYRK_implementation(+0x841a)[0x55dfb574241a]
[hydra03:410337] [11] /home/thesis/jheld/MPI_Syrk_implementation/build/src/MPI_SYRK_implementation(+0x2ab0)[0x55dfb573cab0]
[hydra03:410336] [11] /home/thesis/jheld/MPI_Syrk_implementation/build/src/MPI_SYRK_implementation(+0x2ab0)[0x55a279f58ab0]
[hydra03:410337] [12] /lib/x86_64-linux-gnu/libc.so.6(__libc_start_main+0xea)[0x7f1f05d1bd7a]
[hydra03:410337] [13] /home/thesis/jheld/MPI_Syrk_implementation/build/src/MPI_SYRK_implementation(+0x232a)[0x55dfb573c32a]
[hydra03:410337] *** End of error message ***
[hydra03:410336] [12] /lib/x86_64-linux-gnu/libc.so.6(__libc_start_main+0xea)[0x7fb3657dcd7a]
[hydra03:410336] [13] /home/thesis/jheld/MPI_Syrk_implementation/build/src/MPI_SYRK_implementation(+0x232a)[0x55a279f5832a]
[hydra03:410336] *** End of error message ***
srun: error: hydra10: task 29: Aborted
srun: error: hydra05: task 13: Aborted
srun: error: hydra12: task 35: Aborted
srun: error: hydra09: task 24: Aborted
srun: error: hydra11: tasks 30,32: Aborted
srun: error: hydra03: tasks 6-7: Aborted
srun: error: hydra02: tasks 3-4: Aborted
srun: error: hydra07: tasks 19-20: Aborted
srun: error: hydra08: tasks 21-22: Aborted
srun: error: hydra04: tasks 9-10: Aborted
srun: error: hydra01: tasks 0-2: Aborted
srun: error: hydra06: tasks 15-17: Aborted
slurmstepd: error:  mpi/pmix_v4: _errhandler: hydra12 [11]: pmixp_client_v2.c:211: Error handler invoked: status = -61, source = [slurm.pmix.5008700.10:35]
slurmstepd: error:  mpi/pmix_v4: _errhandler: hydra05 [4]: pmixp_client_v2.c:211: Error handler invoked: status = -61, source = [slurm.pmix.5008700.10:13]
slurmstepd: error:  mpi/pmix_v4: _errhandler: hydra09 [8]: pmixp_client_v2.c:211: Error handler invoked: status = -61, source = [slurm.pmix.5008700.10:24]
slurmstepd: error:  mpi/pmix_v4: _errhandler: hydra02 [1]: pmixp_client_v2.c:211: Error handler invoked: status = -61, source = [slurm.pmix.5008700.10:4]
slurmstepd: error:  mpi/pmix_v4: _errhandler: hydra10 [9]: pmixp_client_v2.c:211: Error handler invoked: status = -61, source = [slurm.pmix.5008700.10:29]
slurmstepd: error:  mpi/pmix_v4: _errhandler: hydra11 [10]: pmixp_client_v2.c:211: Error handler invoked: status = -61, source = [slurm.pmix.5008700.10:32]
slurmstepd: error:  mpi/pmix_v4: _errhandler: hydra07 [6]: pmixp_client_v2.c:211: Error handler invoked: status = -61, source = [slurm.pmix.5008700.10:19]
srun: Job step aborted: Waiting up to 32 seconds for job step to finish.
srun: error: hydra11: task 31: Killed
srun: error: hydra08: task 23: Killed
srun: error: hydra03: task 8: Killed
srun: error: hydra02: task 5: Killed
srun: error: hydra07: task 18: Killed
srun: error: hydra04: task 11: Killed
srun: error: hydra12: tasks 33-34: Killed
srun: error: hydra10: tasks 27-28: Killed
srun: error: hydra09: tasks 25-26: Killed
srun: error: hydra05: tasks 12,14: Killed
⚠️ Warning: No runtime found for run 11
srun: Warning: can't honor --ntasks-per-node set to 1 which doesn't match the requested tasks 36 with the number of requested nodes 12. Ignoring --ntasks-per-node.
missing input file name --> Generate random input
malloc(): invalid size (unsorted)
[hydra12:373437] *** Process received signal ***
[hydra12:373437] Signal: Aborted (6)
[hydra12:373437] Signal code:  (-6)
malloc(): invalid size (unsorted)
[hydra01:902073] *** Process received signal ***
[hydra01:902073] Signal: Aborted (6)
[hydra01:902073] Signal code:  (-6)
malloc(): invalid size (unsorted)
[hydra01:902074] *** Process received signal ***
[hydra01:902074] Signal: Aborted (6)
[hydra01:902074] Signal code:  (-6)
malloc(): invalid size (unsorted)
[hydra01:902073] [ 0] /lib/x86_64-linux-gnu/libc.so.6(+0x38de0)[0x7f280915fde0]
[hydra01:902074] [ 0] /lib/x86_64-linux-gnu/libc.so.6(+0x38de0)[0x7f62cdce3de0]
malloc(): invalid size (unsorted)
[hydra05:393075] *** Process received signal ***
[hydra05:393075] Signal: Aborted (6)
[hydra05:393075] Signal code:  (-6)
[hydra01:902073] [ 1] /lib/x86_64-linux-gnu/libc.so.6(gsignal+0x141)[0x7f280915fd61]
[hydra01:902074] [ 1] /lib/x86_64-linux-gnu/libc.so.6(gsignal+0x141)[0x7f62cdce3d61]
[hydra01:902075] *** Process received signal ***
[hydra01:902075] Signal: Aborted (6)
[hydra01:902075] Signal code:  (-6)
malloc(): invalid size (unsorted)
[hydra09:386432] *** Process received signal ***
[hydra09:386432] Signal: Aborted (6)
[hydra09:386432] Signal code:  (-6)
[hydra05:393075] [ 0] /lib/x86_64-linux-gnu/libc.so.6(+0x38de0)[0x7f391e8fdde0]
[hydra01:902073] [ 2] /lib/x86_64-linux-gnu/libc.so.6(abort+0x123)[0x7f2809149537]
malloc(): invalid size (unsorted)
[hydra02:583452] *** Process received signal ***
[hydra02:583452] Signal: Aborted (6)
[hydra02:583452] Signal code:  (-6)
malloc(): invalid size (unsorted)
[hydra03:410396] *** Process received signal ***
[hydra03:410396] Signal: Aborted (6)
[hydra03:410396] Signal code:  (-6)
malloc(): invalid size (unsorted)
[hydra07:420144] *** Process received signal ***
[hydra07:420144] Signal: Aborted (6)
[hydra07:420144] Signal code:  (-6)
[hydra01:902074] [ 2] /lib/x86_64-linux-gnu/libc.so.6(abort+0x123)[0x7f62cdccd537]
[hydra05:393075] [ 1] /lib/x86_64-linux-gnu/libc.so.6(gsignal+0x141)[0x7f391e8fdd61]
[hydra01:902073] [ 3] /lib/x86_64-linux-gnu/libc.so.6(+0x7a468)[0x7f28091a1468]
malloc(): invalid size (unsorted)
[hydra04:409129] *** Process received signal ***
[hydra04:409129] Signal: Aborted (6)
[hydra04:409129] Signal code:  (-6)
malloc(): invalid size (unsorted)
[hydra08:395427] *** Process received signal ***
[hydra08:395427] Signal: Aborted (6)
[hydra08:395427] Signal code:  (-6)
[hydra01:902074] [ 3] /lib/x86_64-linux-gnu/libc.so.6(+0x7a468)[0x7f62cdd25468]
[hydra05:393075] [ 2] /lib/x86_64-linux-gnu/libc.so.6(abort+0x123)[0x7f391e8e7537]
malloc(): invalid size (unsorted)
[hydra01:902074] [ 4] /lib/x86_64-linux-gnu/libc.so.6(+0x8175a)[0x7f62cdd2c75a]
malloc(): invalid size (unsorted)
[hydra10:505881] *** Process received signal ***
[hydra10:505881] Signal: Aborted (6)
[hydra10:505881] Signal code:  (-6)
[hydra12:373437] [ 0] /lib/x86_64-linux-gnu/libc.so.6(+0x38de0)[0x7f3e030cbde0]
[hydra05:393075] [ 3] /lib/x86_64-linux-gnu/libc.so.6(+0x7a468)[0x7f391e93f468]
[hydra12:373436] *** Process received signal ***
malloc(): invalid size (unsorted)
[hydra06:393751] *** Process received signal ***
[hydra06:393751] Signal: Aborted (6)
[hydra06:393751] Signal code:  (-6)
[hydra01:902075] [ 0] /lib/x86_64-linux-gnu/libc.so.6(+0x38de0)[0x7fc9a7dd8de0]
[hydra12:373436] Signal: Aborted (6)
[hydra12:373436] Signal code:  (-6)
[hydra12:373437] [ 1] /lib/x86_64-linux-gnu/libc.so.6(gsignal+0x141)[0x7f3e030cbd61]
[hydra05:393075] [ 4] /lib/x86_64-linux-gnu/libc.so.6(+0x8175a)[0x7f391e94675a]
[hydra12:373437] [ 2] /lib/x86_64-linux-gnu/libc.so.6(abort+0x123)[0x7f3e030b5537]
malloc(): invalid size (unsorted)
[hydra11:373475] *** Process received signal ***
[hydra11:373475] Signal: Aborted (6)
[hydra11:373475] Signal code:  (-6)
[hydra01:902073] [ 4] /lib/x86_64-linux-gnu/libc.so.6(+0x8175a)[0x7f28091a875a]
[hydra05:393075] [ 5] /lib/x86_64-linux-gnu/libc.so.6(+0x8483c)[0x7f391e94983c]
[hydra12:373437] [ 3] /lib/x86_64-linux-gnu/libc.so.6(+0x7a468)[0x7f3e0310d468]
[hydra01:902075] [ 1] /lib/x86_64-linux-gnu/libc.so.6(gsignal+0x141)[0x7fc9a7dd8d61]
[hydra12:373436] [ 0] /lib/x86_64-linux-gnu/libc.so.6(+0x38de0)[0x7f04bbdd1de0]
[hydra01:902073] [ 5] /lib/x86_64-linux-gnu/libc.so.6(+0x8483c)[0x7f28091ab83c]
[hydra05:393075] [ 6] /lib/x86_64-linux-gnu/libc.so.6(__libc_calloc+0x81)[0x7f391e94bbd1]
[hydra12:373437] [ 4] /lib/x86_64-linux-gnu/libc.so.6(+0x8175a)[0x7f3e0311475a]
[hydra12:373437] [ 5] /lib/x86_64-linux-gnu/libc.so.6(+0x8483c)[0x7f3e0311783c]
[hydra12:373437] [ 6] /lib/x86_64-linux-gnu/libc.so.6(__libc_calloc+0x81)[0x7f3e03119bd1]
[hydra01:902074] [ 5] /lib/x86_64-linux-gnu/libc.so.6(+0x8483c)[0x7f62cdd2f83c]
[hydra01:902074] [ 6] /lib/x86_64-linux-gnu/libc.so.6(__libc_calloc+0x81)[0x7f62cdd31bd1]
[hydra12:373436] [ 1] /lib/x86_64-linux-gnu/libc.so.6(gsignal+0x141)[0x7f04bbdd1d61]
[hydra12:373436] [ 2] /lib/x86_64-linux-gnu/libc.so.6(abort+0x123)[0x7f04bbdbb537]
[hydra01:902073] [ 6] /lib/x86_64-linux-gnu/libc.so.6(__libc_calloc+0x81)[0x7f28091adbd1]
[hydra12:373437] [ 7] /opt/mpi/openmpi-4.1.4//lib/libmpi.so.40(ompi_group_allocate+0x17)[0x7f3e04fe71e7]
[hydra01:902075] [ 2] /lib/x86_64-linux-gnu/libc.so.6(abort+0x123)[0x7fc9a7dc2537]
[hydra01:902075] [ 3] /lib/x86_64-linux-gnu/libc.so.6(+0x7a468)[0x7fc9a7e1a468]
[hydra05:393075] [ 7] /opt/mpi/openmpi-4.1.4//lib/libmpi.so.40(ompi_group_allocate+0x17)[0x7f39208191e7]
malloc(): invalid size (unsorted)
[hydra12:373436] [ 3] /lib/x86_64-linux-gnu/libc.so.6(+0x7a468)[0x7f04bbe13468]
[hydra01:902073] [ 7] /opt/mpi/openmpi-4.1.4//lib/libmpi.so.40(ompi_group_allocate+0x17)[0x7f280b07b1e7]
[hydra05:393075] [ 8] /opt/mpi/openmpi-4.1.4//lib/libmpi.so.40(ompi_group_incl_plist+0x65)[0x7f3920819915]
[hydra07:420145] *** Process received signal ***
[hydra07:420145] Signal: Aborted (6)
[hydra07:420145] Signal code:  (-6)
[hydra12:373437] [ 8] /opt/mpi/openmpi-4.1.4//lib/libmpi.so.40(ompi_group_incl_plist+0x65)[0x7f3e04fe7915]
[hydra01:902074] [ 7] /opt/mpi/openmpi-4.1.4//lib/libmpi.so.40(ompi_group_allocate+0x17)[0x7f62cfbff1e7]
[hydra01:902074] [ 8] /opt/mpi/openmpi-4.1.4//lib/libmpi.so.40(ompi_group_incl_plist+0x65)[0x7f62cfbff915]
malloc(): invalid size (unsorted)
[hydra07:420144] [ 0] /lib/x86_64-linux-gnu/libc.so.6(+0x38de0)[0x7fdf4d8c8de0]
[hydra12:373437] [ 9] /opt/mpi/openmpi-4.1.4//lib/libmpi.so.40(PMPI_Group_incl+0x95)[0x7f3e05018185]
[hydra01:902073] [ 8] /opt/mpi/openmpi-4.1.4//lib/libmpi.so.40(ompi_group_incl_plist+0x65)[0x7f280b07b915]
[hydra05:393075] [ 9] /opt/mpi/openmpi-4.1.4//lib/libmpi.so.40(PMPI_Group_incl+0x95)[0x7f392084a185]
[hydra05:393075] [10] /home/thesis/jheld/MPI_Syrk_implementation/build/src/MPI_SYRK_implementation(+0x841a)[0x56431d14641a]
[hydra03:410398] *** Process received signal ***
[hydra07:420144] [ 1] /lib/x86_64-linux-gnu/libc.so.6(gsignal+0x141)[0x7fdf4d8c8d61]
[hydra12:373436] [ 4] /lib/x86_64-linux-gnu/libc.so.6(+0x8175a)[0x7f04bbe1a75a]
[hydra01:902075] [ 4] /lib/x86_64-linux-gnu/libc.so.6(+0x8175a)[0x7fc9a7e2175a]
[hydra05:393075] [11] /home/thesis/jheld/MPI_Syrk_implementation/build/src/MPI_SYRK_implementation(+0x2ab0)[0x56431d140ab0]
[hydra03:410398] Signal: Aborted (6)
[hydra03:410398] Signal code:  (-6)
[hydra07:420144] [ 2] /lib/x86_64-linux-gnu/libc.so.6(abort+0x123)[0x7fdf4d8b2537]
[hydra12:373437] [10] /home/thesis/jheld/MPI_Syrk_implementation/build/src/MPI_SYRK_implementation(+0x841a)[0x5580b100a41a]
[hydra12:373437] [11] /home/thesis/jheld/MPI_Syrk_implementation/build/src/MPI_SYRK_implementation(+0x2ab0)[0x5580b1004ab0]
[hydra02:583452] [ 0] /lib/x86_64-linux-gnu/libc.so.6(+0x38de0)[0x7f2f057bbde0]
[hydra01:902073] [ 9] /opt/mpi/openmpi-4.1.4//lib/libmpi.so.40(PMPI_Group_incl+0x95)[0x7f280b0ac185]
[hydra01:902073] [10] /home/thesis/jheld/MPI_Syrk_implementation/build/src/MPI_SYRK_implementation(+0x841a)[0x55ee68a3a41a]
[hydra01:902073] [11] /home/thesis/jheld/MPI_Syrk_implementation/build/src/MPI_SYRK_implementation(+0x2ab0)[0x55ee68a34ab0]
[hydra09:386432] [ 0] /lib/x86_64-linux-gnu/libc.so.6(+0x38de0)[0x7fd51c61fde0]
[hydra05:393075] [12] /lib/x86_64-linux-gnu/libc.so.6(__libc_start_main+0xea)[0x7f391e8e8d7a]
[hydra03:410396] [ 0] /lib/x86_64-linux-gnu/libc.so.6(+0x38de0)[0x7f293f4a3de0]
[hydra07:420145] [ 0] /lib/x86_64-linux-gnu/libc.so.6(+0x38de0)[0x7f2a8a46ade0]
malloc(): invalid size (unsorted)
[hydra12:373436] [ 5] /lib/x86_64-linux-gnu/libc.so.6(+0x8483c)[0x7f04bbe1d83c]
[hydra02:583452] [ 1] /lib/x86_64-linux-gnu/libc.so.6(gsignal+0x141)[0x7f2f057bbd61]
[hydra01:902074] [ 9] /opt/mpi/openmpi-4.1.4//lib/libmpi.so.40(PMPI_Group_incl+0x95)[0x7f62cfc30185]
[hydra01:902074] [10] /home/thesis/jheld/MPI_Syrk_implementation/build/src/MPI_SYRK_implementation(+0x841a)[0x5600c3c4c41a]
[hydra01:902074] [11] /home/thesis/jheld/MPI_Syrk_implementation/build/src/MPI_SYRK_implementation(+0x2ab0)[0x5600c3c46ab0]
[hydra09:386432] [ 1] /lib/x86_64-linux-gnu/libc.so.6(gsignal+0x141)[0x7fd51c61fd61]
[hydra05:393075] [13] /home/thesis/jheld/MPI_Syrk_implementation/build/src/MPI_SYRK_implementation(+0x232a)[0x56431d14032a]
[hydra05:393075] *** End of error message ***
[hydra03:410396] [ 1] /lib/x86_64-linux-gnu/libc.so.6(gsignal+0x141)[0x7f293f4a3d61]
[hydra07:420144] [ 3] /lib/x86_64-linux-gnu/libc.so.6(+0x7a468)[0x7fdf4d90a468]
malloc(): invalid size (unsorted)
[hydra10:505883] *** Process received signal ***
[hydra04:409129] [ 0] /lib/x86_64-linux-gnu/libc.so.6(+0x38de0)[0x7f635e66ede0]
[hydra12:373437] [12] /lib/x86_64-linux-gnu/libc.so.6(__libc_start_main+0xea)[0x7f3e030b6d7a]
[hydra12:373437] [13] /home/thesis/jheld/MPI_Syrk_implementation/build/src/MPI_SYRK_implementation(+0x232a)[0x5580b100432a]
[hydra12:373437] *** End of error message ***
[hydra02:583452] [ 2] /lib/x86_64-linux-gnu/libc.so.6(abort+0x123)[0x7f2f057a5537]
[hydra01:902075] [ 5] /lib/x86_64-linux-gnu/libc.so.6(+0x8483c)[0x7fc9a7e2483c]
[hydra09:386432] [ 2] /lib/x86_64-linux-gnu/libc.so.6(abort+0x123)[0x7fd51c609537]
[hydra03:410396] [ 2] /lib/x86_64-linux-gnu/libc.so.6(abort+0x123)[0x7f293f48d537]
[hydra07:420145] [ 1] /lib/x86_64-linux-gnu/libc.so.6(gsignal+0x141)[0x7f2a8a46ad61]
[hydra10:505882] *** Process received signal ***
[hydra10:505882] Signal: Aborted (6)
[hydra10:505882] Signal code:  (-6)
[hydra04:409129] [ 1] /lib/x86_64-linux-gnu/libc.so.6(gsignal+0x141)[0x7f635e66ed61]
[hydra12:373436] [ 6] /lib/x86_64-linux-gnu/libc.so.6(__libc_calloc+0x81)[0x7f04bbe1fbd1]
[hydra02:583452] [ 3] /lib/x86_64-linux-gnu/libc.so.6(+0x7a468)[0x7f2f057fd468]
[hydra01:902073] [12] /lib/x86_64-linux-gnu/libc.so.6(__libc_start_main+0xea)[0x7f280914ad7a]
[hydra01:902073] [13] /home/thesis/jheld/MPI_Syrk_implementation/build/src/MPI_SYRK_implementation(+0x232a)[0x55ee68a3432a]
[hydra01:902073] *** End of error message ***
[hydra09:386432] [ 3] /lib/x86_64-linux-gnu/libc.so.6(+0x7a468)[0x7fd51c661468]
[hydra03:410396] [ 3] /lib/x86_64-linux-gnu/libc.so.6(+0x7a468)[0x7f293f4e5468]
[hydra03:410396] [ 4] /lib/x86_64-linux-gnu/libc.so.6(+0x8175a)[0x7f293f4ec75a]
[hydra07:420144] [ 4] /lib/x86_64-linux-gnu/libc.so.6(+0x8175a)[0x7fdf4d91175a]
[hydra10:505883] Signal: Aborted (6)
[hydra10:505883] Signal code:  (-6)
[hydra04:409129] [ 2] /lib/x86_64-linux-gnu/libc.so.6(abort+0x123)[0x7f635e658537]
[hydra12:373436] [ 7] /opt/mpi/openmpi-4.1.4//lib/libmpi.so.40(ompi_group_allocate+0x17)[0x7f04bdced1e7]
[hydra06:393751] [ 0] /lib/x86_64-linux-gnu/libc.so.6(+0x38de0)[0x7f5d21cf2de0]
[hydra02:583452] [ 4] /lib/x86_64-linux-gnu/libc.so.6(+0x8175a)[0x7f2f0580475a]
[hydra01:902074] [12] /lib/x86_64-linux-gnu/libc.so.6(__libc_start_main+0xea)[0x7f62cdcced7a]
[hydra01:902074] [13] /home/thesis/jheld/MPI_Syrk_implementation/build/src/MPI_SYRK_implementation(+0x232a)[0x5600c3c4632a]
[hydra01:902074] *** End of error message ***
[hydra09:386432] [ 4] /lib/x86_64-linux-gnu/libc.so.6(+0x8175a)[0x7fd51c66875a]
[hydra03:410398] [ 0] /lib/x86_64-linux-gnu/libc.so.6(+0x38de0)[0x7ffa5da6dde0]
[hydra03:410398] [ 1] /lib/x86_64-linux-gnu/libc.so.6(gsignal+0x141)[0x7ffa5da6dd61]
[hydra03:410398] [ 2] /lib/x86_64-linux-gnu/libc.so.6(abort+0x123)[0x7ffa5da57537]
[hydra07:420145] [ 2] /lib/x86_64-linux-gnu/libc.so.6(abort+0x123)[0x7f2a8a454537]
[hydra10:505881] [ 0] /lib/x86_64-linux-gnu/libc.so.6(+0x38de0)[0x7f3e9922fde0]
[hydra04:409129] [ 3] /lib/x86_64-linux-gnu/libc.so.6(+0x7a468)[0x7f635e6b0468]
[hydra08:395427] [ 0] /lib/x86_64-linux-gnu/libc.so.6(+0x38de0)[0x7ff50b1ebde0]
[hydra12:373436] [ 8] /opt/mpi/openmpi-4.1.4//lib/libmpi.so.40(ompi_group_incl_plist+0x65)[0x7f04bdced915]
[hydra06:393751] [ 1] /lib/x86_64-linux-gnu/libc.so.6(gsignal+0x141)[0x7f5d21cf2d61]
[hydra02:583452] [ 5] /lib/x86_64-linux-gnu/libc.so.6(+0x8483c)[0x7f2f0580783c]
[hydra01:902075] [ 6] /lib/x86_64-linux-gnu/libc.so.6(__libc_calloc+0x81)[0x7fc9a7e26bd1]
[hydra01:902075] [ 7] /opt/mpi/openmpi-4.1.4//lib/libmpi.so.40(ompi_group_allocate+0x17)[0x7fc9a9cf41e7]
[hydra09:386432] [ 5] /lib/x86_64-linux-gnu/libc.so.6(+0x8483c)[0x7fd51c66b83c]
[hydra03:410396] [ 5] /lib/x86_64-linux-gnu/libc.so.6(+0x8483c)[0x7f293f4ef83c]
[hydra07:420144] [ 5] /lib/x86_64-linux-gnu/libc.so.6(+0x8483c)[0x7fdf4d91483c]
[hydra10:505881] [ 1] /lib/x86_64-linux-gnu/libc.so.6(gsignal+0x141)[0x7f3e9922fd61]
[hydra04:409129] [ 4] /lib/x86_64-linux-gnu/libc.so.6(+0x8175a)[0x7f635e6b775a]
[hydra08:395427] [ 1] /lib/x86_64-linux-gnu/libc.so.6(gsignal+0x141)[0x7ff50b1ebd61]
[hydra06:393751] [ 2] /lib/x86_64-linux-gnu/libc.so.6(abort+0x123)[0x7f5d21cdc537]
[hydra02:583452] [ 6] /lib/x86_64-linux-gnu/libc.so.6(__libc_calloc+0x81)[0x7f2f05809bd1]
[hydra01:902075] [ 8] /opt/mpi/openmpi-4.1.4//lib/libmpi.so.40(ompi_group_incl_plist+0x65)[0x7fc9a9cf4915]
[hydra09:386432] [ 6] /lib/x86_64-linux-gnu/libc.so.6(__libc_calloc+0x81)[0x7fd51c66dbd1]
[hydra03:410398] [ 3] /lib/x86_64-linux-gnu/libc.so.6(+0x7a468)[0x7ffa5daaf468]
[hydra07:420145] [ 3] /lib/x86_64-linux-gnu/libc.so.6(+0x7a468)[0x7f2a8a4ac468]
[hydra10:505881] [ 2] /lib/x86_64-linux-gnu/libc.so.6(abort+0x123)[0x7f3e99219537]
[hydra04:409129] [ 5] /lib/x86_64-linux-gnu/libc.so.6(+0x8483c)[0x7f635e6ba83c]
[hydra08:395427] [ 2] /lib/x86_64-linux-gnu/libc.so.6(abort+0x123)[0x7ff50b1d5537]
[hydra06:393751] [ 3] /lib/x86_64-linux-gnu/libc.so.6(+0x7a468)[0x7f5d21d34468]
[hydra02:583452] [ 7] /opt/mpi/openmpi-4.1.4//lib/libmpi.so.40(ompi_group_allocate+0x17)[0x7f2f076d71e7]
[hydra01:902075] [ 9] /opt/mpi/openmpi-4.1.4//lib/libmpi.so.40(PMPI_Group_incl+0x95)[0x7fc9a9d25185]
[hydra09:386432] [ 7] /opt/mpi/openmpi-4.1.4//lib/libmpi.so.40(ompi_group_allocate+0x17)[0x7fd51e53b1e7]
[hydra03:410396] [ 6] /lib/x86_64-linux-gnu/libc.so.6(__libc_calloc+0x81)[0x7f293f4f1bd1]
[hydra07:420144] [ 6] /lib/x86_64-linux-gnu/libc.so.6(__libc_calloc+0x81)[0x7fdf4d916bd1]
[hydra10:505883] [ 0] /lib/x86_64-linux-gnu/libc.so.6(+0x38de0)[0x7f7e12638de0]
[hydra04:409129] [ 6] /lib/x86_64-linux-gnu/libc.so.6(__libc_calloc+0x81)[0x7f635e6bcbd1]
[hydra08:395427] [ 3] /lib/x86_64-linux-gnu/libc.so.6(+0x7a468)[0x7ff50b22d468]
[hydra06:393751] [ 4] /lib/x86_64-linux-gnu/libc.so.6(+0x8175a)[0x7f5d21d3b75a]
[hydra02:583452] [ 8] /opt/mpi/openmpi-4.1.4//lib/libmpi.so.40(ompi_group_incl_plist+0x65)[0x7f2f076d7915]
[hydra01:902075] [10] /home/thesis/jheld/MPI_Syrk_implementation/build/src/MPI_SYRK_implementation(+0x841a)[0x55ca5ccf841a]
[hydra01:902075] [11] /home/thesis/jheld/MPI_Syrk_implementation/build/src/MPI_SYRK_implementation(+0x2ab0)[0x55ca5ccf2ab0]
[hydra09:386432] [ 8] /opt/mpi/openmpi-4.1.4//lib/libmpi.so.40(ompi_group_incl_plist+0x65)[0x7fd51e53b915]
[hydra03:410396] [ 7] /opt/mpi/openmpi-4.1.4//lib/libmpi.so.40(ompi_group_allocate+0x17)[0x7f29413bf1e7]
[hydra07:420145] [ 4] /lib/x86_64-linux-gnu/libc.so.6(+0x8175a)[0x7f2a8a4b375a]
[hydra10:505882] [ 0] /lib/x86_64-linux-gnu/libc.so.6(+0x38de0)[0x7f3263984de0]
[hydra04:409129] [ 7] /opt/mpi/openmpi-4.1.4//lib/libmpi.so.40(ompi_group_allocate+0x17)[0x7f636058a1e7]
[hydra08:395427] [ 4] /lib/x86_64-linux-gnu/libc.so.6(+0x8175a)[0x7ff50b23475a]
[hydra06:393751] [ 5] /lib/x86_64-linux-gnu/libc.so.6(+0x8483c)[0x7f5d21d3e83c]
[hydra11:373475] [ 0] /lib/x86_64-linux-gnu/libc.so.6(+0x38de0)[0x7f1c2bcc4de0]
[hydra02:583452] [ 9] /opt/mpi/openmpi-4.1.4//lib/libmpi.so.40(PMPI_Group_incl+0x95)[0x7f2f07708185]
[hydra02:583452] [10] /home/thesis/jheld/MPI_Syrk_implementation/build/src/MPI_SYRK_implementation(+0x841a)[0x55c45877a41a]
[hydra01:902075] [12] /lib/x86_64-linux-gnu/libc.so.6(__libc_start_main+0xea)[0x7fc9a7dc3d7a]
[hydra09:386432] [ 9] /opt/mpi/openmpi-4.1.4//lib/libmpi.so.40(PMPI_Group_incl+0x95)[0x7fd51e56c185]
[hydra09:386432] [10] /home/thesis/jheld/MPI_Syrk_implementation/build/src/MPI_SYRK_implementation(+0x841a)[0x562da5d6a41a]
[hydra03:410398] [ 4] /lib/x86_64-linux-gnu/libc.so.6(+0x8175a)[0x7ffa5dab675a]
[hydra07:420144] [ 7] /opt/mpi/openmpi-4.1.4//lib/libmpi.so.40(ompi_group_allocate+0x17)[0x7fdf4f7e41e7]
[hydra10:505881] [ 3] /lib/x86_64-linux-gnu/libc.so.6(+0x7a468)[0x7f3e99271468]
[hydra04:409129] [ 8] /opt/mpi/openmpi-4.1.4//lib/libmpi.so.40(ompi_group_incl_plist+0x65)[0x7f636058a915]
[hydra08:395427] [ 5] /lib/x86_64-linux-gnu/libc.so.6(+0x8483c)[0x7ff50b23783c]
[hydra06:393751] [ 6] /lib/x86_64-linux-gnu/libc.so.6(__libc_calloc+0x81)[0x7f5d21d40bd1]
[hydra11:373475] [ 1] /lib/x86_64-linux-gnu/libc.so.6(gsignal+0x141)[0x7f1c2bcc4d61]
[hydra02:583452] [11] /home/thesis/jheld/MPI_Syrk_implementation/build/src/MPI_SYRK_implementation(+0x2ab0)[0x55c458774ab0]
[hydra01:902075] [13] /home/thesis/jheld/MPI_Syrk_implementation/build/src/MPI_SYRK_implementation(+0x232a)[0x55ca5ccf232a]
[hydra01:902075] *** End of error message ***
[hydra09:386432] [11] /home/thesis/jheld/MPI_Syrk_implementation/build/src/MPI_SYRK_implementation(+0x2ab0)[0x562da5d64ab0]
[hydra03:410396] [ 8] /opt/mpi/openmpi-4.1.4//lib/libmpi.so.40(ompi_group_incl_plist+0x65)[0x7f29413bf915]
[hydra07:420145] [ 5] /lib/x86_64-linux-gnu/libc.so.6(+0x8483c)[0x7f2a8a4b683c]
[hydra10:505883] [ 1] /lib/x86_64-linux-gnu/libc.so.6(gsignal+0x141)[0x7f7e12638d61]
[hydra04:409129] [ 9] /opt/mpi/openmpi-4.1.4//lib/libmpi.so.40(PMPI_Group_incl+0x95)[0x7f63605bb185]
[hydra04:409129] [10] /home/thesis/jheld/MPI_Syrk_implementation/build/src/MPI_SYRK_implementation(+0x841a)[0x559eb4bed41a]
[hydra08:395427] [ 6] /lib/x86_64-linux-gnu/libc.so.6(__libc_calloc+0x81)[0x7ff50b239bd1]
[hydra06:393751] [ 7] /opt/mpi/openmpi-4.1.4//lib/libmpi.so.40(ompi_group_allocate+0x17)[0x7f5d23c0e1e7]
[hydra11:373475] [ 2] /lib/x86_64-linux-gnu/libc.so.6(abort+0x123)[0x7f1c2bcae537]
[hydra02:583452] [12] /lib/x86_64-linux-gnu/libc.so.6(__libc_start_main+0xea)[0x7f2f057a6d7a]
[hydra02:583452] [13] /home/thesis/jheld/MPI_Syrk_implementation/build/src/MPI_SYRK_implementation(+0x232a)[0x55c45877432a]
[hydra09:386432] [12] /lib/x86_64-linux-gnu/libc.so.6(__libc_start_main+0xea)[0x7fd51c60ad7a]
[hydra09:386432] [13] /home/thesis/jheld/MPI_Syrk_implementation/build/src/MPI_SYRK_implementation(+0x232a)[0x562da5d6432a]
[hydra03:410398] [ 5] /lib/x86_64-linux-gnu/libc.so.6(+0x8483c)[0x7ffa5dab983c]
[hydra07:420144] [ 8] /opt/mpi/openmpi-4.1.4//lib/libmpi.so.40(ompi_group_incl_plist+0x65)[0x7fdf4f7e4915]
[hydra10:505882] [ 1] /lib/x86_64-linux-gnu/libc.so.6(gsignal+0x141)[0x7f3263984d61]
[hydra04:409129] [11] /home/thesis/jheld/MPI_Syrk_implementation/build/src/MPI_SYRK_implementation(+0x2ab0)[0x559eb4be7ab0]
[hydra08:395427] [ 7] /opt/mpi/openmpi-4.1.4//lib/libmpi.so.40(ompi_group_allocate+0x17)[0x7ff50d1071e7]
[hydra06:393751] [ 8] /opt/mpi/openmpi-4.1.4//lib/libmpi.so.40(ompi_group_incl_plist+0x65)[0x7f5d23c0e915]
[hydra11:373475] [ 3] /lib/x86_64-linux-gnu/libc.so.6(+0x7a468)[0x7f1c2bd06468]
[hydra02:583452] *** End of error message ***
[hydra09:386432] *** End of error message ***
[hydra03:410396] [ 9] /opt/mpi/openmpi-4.1.4//lib/libmpi.so.40(PMPI_Group_incl+0x95)[0x7f29413f0185]
[hydra07:420145] [ 6] /lib/x86_64-linux-gnu/libc.so.6(__libc_calloc+0x81)[0x7f2a8a4b8bd1]
[hydra10:505883] [ 2] /lib/x86_64-linux-gnu/libc.so.6(abort+0x123)[0x7f7e12622537]
[hydra04:409129] [12] /lib/x86_64-linux-gnu/libc.so.6(__libc_start_main+0xea)[0x7f635e659d7a]
[hydra08:395427] [ 8] /opt/mpi/openmpi-4.1.4//lib/libmpi.so.40(ompi_group_incl_plist+0x65)[0x7ff50d107915]
[hydra06:393751] [ 9] /opt/mpi/openmpi-4.1.4//lib/libmpi.so.40(PMPI_Group_incl+0x95)[0x7f5d23c3f185]
[hydra11:373475] [ 4] /lib/x86_64-linux-gnu/libc.so.6(+0x8175a)[0x7f1c2bd0d75a]
[hydra03:410398] [ 6] /lib/x86_64-linux-gnu/libc.so.6(__libc_calloc+0x81)[0x7ffa5dabbbd1]
[hydra07:420144] [ 9] /opt/mpi/openmpi-4.1.4//lib/libmpi.so.40(PMPI_Group_incl+0x95)[0x7fdf4f815185]
[hydra07:420144] [10] /home/thesis/jheld/MPI_Syrk_implementation/build/src/MPI_SYRK_implementation(+0x841a)[0x5585434b241a]
[hydra10:505881] [ 4] /lib/x86_64-linux-gnu/libc.so.6(+0x8175a)[0x7f3e9927875a]
[hydra04:409129] [13] /home/thesis/jheld/MPI_Syrk_implementation/build/src/MPI_SYRK_implementation(+0x232a)[0x559eb4be732a]
[hydra04:409129] *** End of error message ***
[hydra08:395427] [ 9] /opt/mpi/openmpi-4.1.4//lib/libmpi.so.40(PMPI_Group_incl+0x95)[0x7ff50d138185]
[hydra06:393751] [10] /home/thesis/jheld/MPI_Syrk_implementation/build/src/MPI_SYRK_implementation(+0x841a)[0x557968ef941a]
[hydra06:393751] [11] /home/thesis/jheld/MPI_Syrk_implementation/build/src/MPI_SYRK_implementation(+0x2ab0)[0x557968ef3ab0]
[hydra11:373475] [ 5] /lib/x86_64-linux-gnu/libc.so.6(+0x8483c)[0x7f1c2bd1083c]
[hydra03:410396] [10] /home/thesis/jheld/MPI_Syrk_implementation/build/src/MPI_SYRK_implementation(+0x841a)[0x55560954141a]
[hydra03:410396] [11] /home/thesis/jheld/MPI_Syrk_implementation/build/src/MPI_SYRK_implementation(+0x2ab0)[0x55560953bab0]
[hydra03:410396] [12] /lib/x86_64-linux-gnu/libc.so.6(__libc_start_main+0xea)[0x7f293f48ed7a]
[hydra07:420144] [11] /home/thesis/jheld/MPI_Syrk_implementation/build/src/MPI_SYRK_implementation(+0x2ab0)[0x5585434acab0]
[hydra10:505882] [ 2] /lib/x86_64-linux-gnu/libc.so.6(abort+0x123)[0x7f326396e537]
[hydra08:395427] [10] /home/thesis/jheld/MPI_Syrk_implementation/build/src/MPI_SYRK_implementation(+0x841a)[0x55979b30241a]
[hydra08:395427] [11] /home/thesis/jheld/MPI_Syrk_implementation/build/src/MPI_SYRK_implementation(+0x2ab0)[0x55979b2fcab0]
[hydra06:393751] [12] /lib/x86_64-linux-gnu/libc.so.6(__libc_start_main+0xea)[0x7f5d21cddd7a]
[hydra11:373475] [ 6] /lib/x86_64-linux-gnu/libc.so.6(__libc_calloc+0x81)[0x7f1c2bd12bd1]
[hydra03:410398] [ 7] /opt/mpi/openmpi-4.1.4//lib/libmpi.so.40(ompi_group_allocate+0x17)[0x7ffa5f9891e7]
[hydra10:505883] [ 3] /lib/x86_64-linux-gnu/libc.so.6(+0x7a468)[0x7f7e1267a468]
[hydra08:395427] [12] /lib/x86_64-linux-gnu/libc.so.6(__libc_start_main+0xea)[0x7ff50b1d6d7a]
[hydra08:395427] [13] /home/thesis/jheld/MPI_Syrk_implementation/build/src/MPI_SYRK_implementation(+0x232a)[0x55979b2fc32a]
[hydra06:393751] [13] /home/thesis/jheld/MPI_Syrk_implementation/build/src/MPI_SYRK_implementation(+0x232a)[0x557968ef332a]
[hydra06:393751] *** End of error message ***
[hydra11:373475] [ 7] /opt/mpi/openmpi-4.1.4//lib/libmpi.so.40(ompi_group_allocate+0x17)[0x7f1c2dbe01e7]
[hydra03:410396] [13] /home/thesis/jheld/MPI_Syrk_implementation/build/src/MPI_SYRK_implementation(+0x232a)[0x55560953b32a]
[hydra03:410396] *** End of error message ***
[hydra10:505881] [ 5] /lib/x86_64-linux-gnu/libc.so.6(+0x8483c)[0x7f3e9927b83c]
[hydra08:395427] *** End of error message ***
[hydra11:373475] [ 8] /opt/mpi/openmpi-4.1.4//lib/libmpi.so.40(ompi_group_incl_plist+0x65)[0x7f1c2dbe0915]
[hydra03:410398] [ 8] /opt/mpi/openmpi-4.1.4//lib/libmpi.so.40(ompi_group_incl_plist+0x65)[0x7ffa5f989915]
[hydra10:505882] [ 3] /lib/x86_64-linux-gnu/libc.so.6(+0x7a468)[0x7f32639c6468]
[hydra11:373475] [ 9] /opt/mpi/openmpi-4.1.4//lib/libmpi.so.40(PMPI_Group_incl+0x95)[0x7f1c2dc11185]
[hydra11:373475] [10] /home/thesis/jheld/MPI_Syrk_implementation/build/src/MPI_SYRK_implementation(+0x841a)[0x55db4d3f041a]
[hydra03:410398] [ 9] /opt/mpi/openmpi-4.1.4//lib/libmpi.so.40(PMPI_Group_incl+0x95)[0x7ffa5f9ba185]
[hydra03:410398] [10] /home/thesis/jheld/MPI_Syrk_implementation/build/src/MPI_SYRK_implementation(+0x841a)[0x5622beafa41a]
[hydra10:505881] [ 6] /lib/x86_64-linux-gnu/libc.so.6(__libc_calloc+0x81)[0x7f3e9927dbd1]
[hydra11:373475] [11] /home/thesis/jheld/MPI_Syrk_implementation/build/src/MPI_SYRK_implementation(+0x2ab0)[0x55db4d3eaab0]
[hydra03:410398] [11] /home/thesis/jheld/MPI_Syrk_implementation/build/src/MPI_SYRK_implementation(+0x2ab0)[0x5622beaf4ab0]
[hydra10:505883] [ 4] /lib/x86_64-linux-gnu/libc.so.6(+0x8175a)[0x7f7e1268175a]
[hydra11:373475] [12] /lib/x86_64-linux-gnu/libc.so.6(__libc_start_main+0xea)[0x7f1c2bcafd7a]
[hydra03:410398] [12] /lib/x86_64-linux-gnu/libc.so.6(__libc_start_main+0xea)[0x7ffa5da58d7a]
[hydra03:410398] [13] /home/thesis/jheld/MPI_Syrk_implementation/build/src/MPI_SYRK_implementation(+0x232a)[0x5622beaf432a]
[hydra10:505882] [ 4] /lib/x86_64-linux-gnu/libc.so.6(+0x8175a)[0x7f32639cd75a]
[hydra11:373475] [13] /home/thesis/jheld/MPI_Syrk_implementation/build/src/MPI_SYRK_implementation(+0x232a)[0x55db4d3ea32a]
[hydra11:373475] *** End of error message ***
[hydra03:410398] *** End of error message ***
[hydra10:505881] [ 7] /opt/mpi/openmpi-4.1.4//lib/libmpi.so.40(ompi_group_allocate+0x17)[0x7f3e9b14b1e7]
[hydra10:505883] [ 5] /lib/x86_64-linux-gnu/libc.so.6(+0x8483c)[0x7f7e1268483c]
[hydra10:505881] [ 8] /opt/mpi/openmpi-4.1.4//lib/libmpi.so.40(ompi_group_incl_plist+0x65)[0x7f3e9b14b915]
[hydra10:505882] [ 5] /lib/x86_64-linux-gnu/libc.so.6(+0x8483c)[0x7f32639d083c]
[hydra10:505883] [ 6] /lib/x86_64-linux-gnu/libc.so.6(__libc_calloc+0x81)[0x7f7e12686bd1]
[hydra10:505882] [ 6] /lib/x86_64-linux-gnu/libc.so.6(__libc_calloc+0x81)[0x7f32639d2bd1]
[hydra10:505883] [ 7] /opt/mpi/openmpi-4.1.4//lib/libmpi.so.40(ompi_group_allocate+0x17)[0x7f7e145541e7]
[hydra10:505881] [ 9] /opt/mpi/openmpi-4.1.4//lib/libmpi.so.40(PMPI_Group_incl+0x95)[0x7f3e9b17c185]
[hydra10:505881] [10] /home/thesis/jheld/MPI_Syrk_implementation/build/src/MPI_SYRK_implementation(+0x841a)[0x5566d3b1441a]
[hydra10:505881] [11] /home/thesis/jheld/MPI_Syrk_implementation/build/src/MPI_SYRK_implementation(+0x2ab0)[0x5566d3b0eab0]
[hydra10:505883] [ 8] /opt/mpi/openmpi-4.1.4//lib/libmpi.so.40(ompi_group_incl_plist+0x65)[0x7f7e14554915]
[hydra10:505881] [12] /lib/x86_64-linux-gnu/libc.so.6(__libc_start_main+0xea)[0x7f3e9921ad7a]
[hydra10:505881] [13] /home/thesis/jheld/MPI_Syrk_implementation/build/src/MPI_SYRK_implementation(+0x232a)[0x5566d3b0e32a]
[hydra10:505881] *** End of error message ***
[hydra10:505882] [ 7] /opt/mpi/openmpi-4.1.4//lib/libmpi.so.40(ompi_group_allocate+0x17)[0x7f32658a01e7]
[hydra10:505882] [ 8] /opt/mpi/openmpi-4.1.4//lib/libmpi.so.40(ompi_group_incl_plist+0x65)[0x7f32658a0915]
[hydra10:505883] [ 9] /opt/mpi/openmpi-4.1.4//lib/libmpi.so.40(PMPI_Group_incl+0x95)[0x7f7e14585185]
[hydra10:505883] [10] /home/thesis/jheld/MPI_Syrk_implementation/build/src/MPI_SYRK_implementation(+0x841a)[0x55f4c415241a]
[hydra10:505883] [11] /home/thesis/jheld/MPI_Syrk_implementation/build/src/MPI_SYRK_implementation(+0x2ab0)[0x55f4c414cab0]
[hydra10:505882] [ 9] /opt/mpi/openmpi-4.1.4//lib/libmpi.so.40(PMPI_Group_incl+0x95)[0x7f32658d1185]
[hydra10:505882] [10] /home/thesis/jheld/MPI_Syrk_implementation/build/src/MPI_SYRK_implementation(+0x841a)[0x555aee21641a]
[hydra10:505882] [11] /home/thesis/jheld/MPI_Syrk_implementation/build/src/MPI_SYRK_implementation(+0x2ab0)[0x555aee210ab0]
[hydra10:505883] [12] /lib/x86_64-linux-gnu/libc.so.6(__libc_start_main+0xea)[0x7f7e12623d7a]
[hydra10:505883] [13] /home/thesis/jheld/MPI_Syrk_implementation/build/src/MPI_SYRK_implementation(+0x232a)[0x55f4c414c32a]
[hydra10:505883] *** End of error message ***
[hydra10:505882] [12] /lib/x86_64-linux-gnu/libc.so.6(__libc_start_main+0xea)[0x7f326396fd7a]
[hydra10:505882] [13] /home/thesis/jheld/MPI_Syrk_implementation/build/src/MPI_SYRK_implementation(+0x232a)[0x555aee21032a]
[hydra10:505882] *** End of error message ***
[hydra12:373436] [ 9] /opt/mpi/openmpi-4.1.4//lib/libmpi.so.40(PMPI_Group_incl+0x95)[0x7f04bdd1e185]
[hydra12:373436] [10] /home/thesis/jheld/MPI_Syrk_implementation/build/src/MPI_SYRK_implementation(+0x841a)[0x5619b88e341a]
[hydra12:373436] [11] /home/thesis/jheld/MPI_Syrk_implementation/build/src/MPI_SYRK_implementation(+0x2ab0)[0x5619b88ddab0]
[hydra07:420145] [ 7] /opt/mpi/openmpi-4.1.4//lib/libmpi.so.40(ompi_group_allocate+0x17)[0x7f2a8c3861e7]
[hydra12:373436] [12] /lib/x86_64-linux-gnu/libc.so.6(__libc_start_main+0xea)[0x7f04bbdbcd7a]
[hydra12:373436] [13] /home/thesis/jheld/MPI_Syrk_implementation/build/src/MPI_SYRK_implementation(+0x232a)[0x5619b88dd32a]
[hydra07:420144] [12] /lib/x86_64-linux-gnu/libc.so.6(__libc_start_main+0xea)[0x7fdf4d8b3d7a]
[hydra07:420144] [13] /home/thesis/jheld/MPI_Syrk_implementation/build/src/MPI_SYRK_implementation(+0x232a)[0x5585434ac32a]
[hydra07:420144] *** End of error message ***
[hydra12:373436] *** End of error message ***
[hydra07:420145] [ 8] /opt/mpi/openmpi-4.1.4//lib/libmpi.so.40(ompi_group_incl_plist+0x65)[0x7f2a8c386915]
[hydra07:420145] [ 9] /opt/mpi/openmpi-4.1.4//lib/libmpi.so.40(PMPI_Group_incl+0x95)[0x7f2a8c3b7185]
[hydra07:420145] [10] /home/thesis/jheld/MPI_Syrk_implementation/build/src/MPI_SYRK_implementation(+0x841a)[0x559a6298941a]
[hydra07:420145] [11] /home/thesis/jheld/MPI_Syrk_implementation/build/src/MPI_SYRK_implementation(+0x2ab0)[0x559a62983ab0]
[hydra07:420145] [12] /lib/x86_64-linux-gnu/libc.so.6(__libc_start_main+0xea)[0x7f2a8a455d7a]
[hydra07:420145] [13] /home/thesis/jheld/MPI_Syrk_implementation/build/src/MPI_SYRK_implementation(+0x232a)[0x559a6298332a]
[hydra07:420145] *** End of error message ***
srun: error: hydra08: task 23: Aborted
srun: error: hydra02: task 3: Aborted
srun: error: hydra05: task 12: Aborted
srun: error: hydra04: task 11: Aborted
srun: error: hydra09: task 24: Aborted
srun: error: hydra06: task 15: Aborted
srun: error: hydra11: task 30: Aborted
srun: error: hydra12: tasks 33-34: Aborted
srun: error: hydra03: tasks 6,8: Aborted
srun: error: hydra07: tasks 19-20: Aborted
srun: error: hydra10: tasks 27-29: Aborted
srun: error: hydra01: tasks 0-2: Aborted
slurmstepd: error:  mpi/pmix_v4: _errhandler: hydra05 [4]: pmixp_client_v2.c:211: Error handler invoked: status = -61, source = [slurm.pmix.5008700.11:12]
slurmstepd: error:  mpi/pmix_v4: _errhandler: hydra07 [6]: pmixp_client_v2.c:211: Error handler invoked: status = -61, source = [slurm.pmix.5008700.11:19]
slurmstepd: error:  mpi/pmix_v4: _errhandler: hydra02 [1]: pmixp_client_v2.c:211: Error handler invoked: status = -61, source = [slurm.pmix.5008700.11:3]
slurmstepd: error:  mpi/pmix_v4: _errhandler: hydra04 [3]: pmixp_client_v2.c:211: Error handler invoked: status = -61, source = [slurm.pmix.5008700.11:11]
slurmstepd: error:  mpi/pmix_v4: _errhandler: hydra06 [5]: pmixp_client_v2.c:211: Error handler invoked: status = -61, source = [slurm.pmix.5008700.11:15]
slurmstepd: error:  mpi/pmix_v4: _errhandler: hydra11 [10]: pmixp_client_v2.c:211: Error handler invoked: status = -61, source = [slurm.pmix.5008700.11:30]
slurmstepd: error:  mpi/pmix_v4: _errhandler: hydra09 [8]: pmixp_client_v2.c:211: Error handler invoked: status = -61, source = [slurm.pmix.5008700.11:24]
slurmstepd: error:  mpi/pmix_v4: _errhandler: hydra08 [7]: pmixp_client_v2.c:211: Error handler invoked: status = -61, source = [slurm.pmix.5008700.11:23]
slurmstepd: error:  mpi/pmix_v4: _errhandler: hydra03 [2]: pmixp_client_v2.c:211: Error handler invoked: status = -61, source = [slurm.pmix.5008700.11:6]
slurmstepd: error:  mpi/pmix_v4: _errhandler: hydra12 [11]: pmixp_client_v2.c:211: Error handler invoked: status = -61, source = [slurm.pmix.5008700.11:33]
srun: Job step aborted: Waiting up to 32 seconds for job step to finish.
srun: error: hydra03: task 7: Killed
srun: error: hydra12: task 35: Killed
srun: error: hydra07: task 18: Killed
srun: error: hydra09: tasks 25-26: Killed
srun: error: hydra06: tasks 16-17: Killed
srun: error: hydra11: tasks 31-32: Killed
srun: error: hydra05: tasks 13-14: Killed
srun: error: hydra08: tasks 21-22: Killed
srun: error: hydra04: tasks 9-10: Killed
srun: error: hydra02: tasks 4-5: Killed
⚠️ Warning: No runtime found for run 12
srun: Warning: can't honor --ntasks-per-node set to 1 which doesn't match the requested tasks 36 with the number of requested nodes 12. Ignoring --ntasks-per-node.
missing input file name --> Generate random input
malloc(): invalid size (unsorted)
[hydra12:373509] *** Process received signal ***
[hydra12:373509] Signal: Aborted (6)
[hydra12:373509] Signal code:  (-6)
malloc(): invalid size (unsorted)
[hydra06:393824] *** Process received signal ***
[hydra06:393824] Signal: Aborted (6)
[hydra06:393824] Signal code:  (-6)
malloc(): invalid size (unsorted)
[hydra09:386504] *** Process received signal ***
[hydra09:386504] Signal: Aborted (6)
[hydra09:386504] Signal code:  (-6)
malloc(): invalid size (unsorted)
[hydra07:420215] *** Process received signal ***
[hydra07:420215] Signal: Aborted (6)
[hydra07:420215] Signal code:  (-6)
malloc(): invalid size (unsorted)
[hydra05:393148] *** Process received signal ***
[hydra05:393148] Signal: Aborted (6)
[hydra05:393148] Signal code:  (-6)
malloc(): invalid size (unsorted)
[hydra02:583539] *** Process received signal ***
[hydra02:583539] Signal: Aborted (6)
[hydra02:583539] Signal code:  (-6)
malloc(): invalid size (unsorted)
[hydra08:395497] *** Process received signal ***
[hydra08:395497] Signal: Aborted (6)
[hydra08:395497] Signal code:  (-6)
malloc(): invalid size (unsorted)
[hydra04:409200] *** Process received signal ***
[hydra04:409200] Signal: Aborted (6)
[hydra04:409200] Signal code:  (-6)
[hydra07:420215] [ 0] /lib/x86_64-linux-gnu/libc.so.6(+0x38de0)[0x7f28cec08de0]
malloc(): invalid size (unsorted)
[hydra03:410468] *** Process received signal ***
[hydra03:410468] Signal: Aborted (6)
[hydra03:410468] Signal code:  (-6)
[hydra07:420215] [ 1] /lib/x86_64-linux-gnu/libc.so.6(gsignal+0x141)[0x7f28cec08d61]
[hydra02:583539] [ 0] /lib/x86_64-linux-gnu/libc.so.6(+0x38de0)[0x7fd1e13fede0]
[hydra07:420215] [ 2] /lib/x86_64-linux-gnu/libc.so.6(abort+0x123)[0x7f28cebf2537]
malloc(): invalid size (unsorted)
[hydra10:505956] *** Process received signal ***
[hydra10:505956] Signal: Aborted (6)
[hydra10:505956] Signal code:  (-6)
[hydra02:583539] [ 1] /lib/x86_64-linux-gnu/libc.so.6(gsignal+0x141)[0x7fd1e13fed61]
[hydra07:420215] [ 3] /lib/x86_64-linux-gnu/libc.so.6(+0x7a468)[0x7f28cec4a468]
[hydra02:583539] [ 2] /lib/x86_64-linux-gnu/libc.so.6(abort+0x123)[0x7fd1e13e8537]
[hydra02:583539] [ 3] /lib/x86_64-linux-gnu/libc.so.6(+0x7a468)[0x7fd1e1440468]
[hydra07:420215] [ 4] /lib/x86_64-linux-gnu/libc.so.6(+0x8175a)[0x7f28cec5175a]
[hydra12:373509] [ 0] /lib/x86_64-linux-gnu/libc.so.6(+0x38de0)[0x7f7d1bda0de0]
malloc(): invalid size (unsorted)
[hydra11:373548] *** Process received signal ***
[hydra11:373548] Signal: Aborted (6)
[hydra11:373548] Signal code:  (-6)
[hydra07:420215] [ 5] /lib/x86_64-linux-gnu/libc.so.6(+0x8483c)[0x7f28cec5483c]
[hydra02:583539] [ 4] /lib/x86_64-linux-gnu/libc.so.6(+0x8175a)[0x7fd1e144775a]
[hydra12:373509] [ 1] /lib/x86_64-linux-gnu/libc.so.6(gsignal+0x141)[0x7f7d1bda0d61]
[hydra07:420215] [ 6] /lib/x86_64-linux-gnu/libc.so.6(__libc_calloc+0x81)[0x7f28cec56bd1]
[hydra12:373509] [ 2] /lib/x86_64-linux-gnu/libc.so.6(abort+0x123)[0x7f7d1bd8a537]
[hydra12:373509] [ 3] /lib/x86_64-linux-gnu/libc.so.6(+0x7a468)[0x7f7d1bde2468]
[hydra02:583539] [ 5] /lib/x86_64-linux-gnu/libc.so.6(+0x8483c)[0x7fd1e144a83c]
[hydra12:373509] [ 4] /lib/x86_64-linux-gnu/libc.so.6(+0x8175a)[0x7f7d1bde975a]
[hydra12:373509] [ 5] /lib/x86_64-linux-gnu/libc.so.6(+0x8483c)[0x7f7d1bdec83c]
[hydra07:420215] [ 7] /opt/mpi/openmpi-4.1.4//lib/libmpi.so.40(ompi_group_allocate+0x17)[0x7f28d0b241e7]
[hydra12:373509] [ 6] /lib/x86_64-linux-gnu/libc.so.6(__libc_calloc+0x81)[0x7f7d1bdeebd1]
[hydra07:420215] [ 8] /opt/mpi/openmpi-4.1.4//lib/libmpi.so.40(ompi_group_incl_plist+0x65)[0x7f28d0b24915]
[hydra02:583539] [ 6] /lib/x86_64-linux-gnu/libc.so.6(__libc_calloc+0x81)[0x7fd1e144cbd1]
[hydra12:373509] [ 7] /opt/mpi/openmpi-4.1.4//lib/libmpi.so.40(ompi_group_allocate+0x17)[0x7f7d1dcbc1e7]
[hydra02:583539] [ 7] /opt/mpi/openmpi-4.1.4//lib/libmpi.so.40(ompi_group_allocate+0x17)[0x7fd1e331a1e7]
malloc(): invalid size (unsorted)
[hydra08:395496] *** Process received signal ***
[hydra12:373509] [ 8] /opt/mpi/openmpi-4.1.4//lib/libmpi.so.40(ompi_group_incl_plist+0x65)[0x7f7d1dcbc915]
[hydra07:420215] [ 9] /opt/mpi/openmpi-4.1.4//lib/libmpi.so.40(PMPI_Group_incl+0x95)[0x7f28d0b55185]
[hydra07:420215] [10] /home/thesis/jheld/MPI_Syrk_implementation/build/src/MPI_SYRK_implementation(+0x841a)[0x56022570341a]
[hydra08:395496] Signal: Aborted (6)
[hydra08:395496] Signal code:  (-6)
[hydra12:373509] [ 9] /opt/mpi/openmpi-4.1.4//lib/libmpi.so.40(PMPI_Group_incl+0x95)[0x7f7d1dced185]
[hydra12:373509] [10] /home/thesis/jheld/MPI_Syrk_implementation/build/src/MPI_SYRK_implementation(+0x841a)[0x56244974141a]
[hydra07:420215] [11] /home/thesis/jheld/MPI_Syrk_implementation/build/src/MPI_SYRK_implementation(+0x2ab0)[0x5602256fdab0]
[hydra02:583539] [ 8] /opt/mpi/openmpi-4.1.4//lib/libmpi.so.40(ompi_group_incl_plist+0x65)[0x7fd1e331a915]
[hydra08:395497] [ 0] /lib/x86_64-linux-gnu/libc.so.6(+0x38de0)[0x7ffbe0adcde0]
[hydra12:373509] [11] /home/thesis/jheld/MPI_Syrk_implementation/build/src/MPI_SYRK_implementation(+0x2ab0)[0x56244973bab0]
[hydra06:393824] [ 0] /lib/x86_64-linux-gnu/libc.so.6(+0x38de0)[0x7f13b3e30de0]
[hydra07:420215] [12] /lib/x86_64-linux-gnu/libc.so.6(__libc_start_main+0xea)[0x7f28cebf3d7a]
[hydra08:395497] [ 1] /lib/x86_64-linux-gnu/libc.so.6(gsignal+0x141)[0x7ffbe0adcd61]
[hydra12:373509] [12] /lib/x86_64-linux-gnu/libc.so.6(__libc_start_main+0xea)[0x7f7d1bd8bd7a]
[hydra12:373509] [13] /home/thesis/jheld/MPI_Syrk_implementation/build/src/MPI_SYRK_implementation(+0x232a)[0x56244973b32a]
[hydra06:393824] [ 1] /lib/x86_64-linux-gnu/libc.so.6(gsignal+0x141)[0x7f13b3e30d61]
[hydra07:420215] [13] /home/thesis/jheld/MPI_Syrk_implementation/build/src/MPI_SYRK_implementation(+0x232a)[0x5602256fd32a]
[hydra07:420215] *** End of error message ***
[hydra02:583539] [ 9] /opt/mpi/openmpi-4.1.4//lib/libmpi.so.40(PMPI_Group_incl+0x95)[0x7fd1e334b185]
[hydra02:583539] [10] /home/thesis/jheld/MPI_Syrk_implementation/build/src/MPI_SYRK_implementation(+0x841a)[0x5642613bb41a]
[hydra08:395496] [ 0] /lib/x86_64-linux-gnu/libc.so.6(+0x38de0)[0x7f0a03d5dde0]
[hydra12:373509] *** End of error message ***
[hydra06:393824] [ 2] /lib/x86_64-linux-gnu/libc.so.6(abort+0x123)[0x7f13b3e1a537]
[hydra09:386504] [ 0] /lib/x86_64-linux-gnu/libc.so.6(+0x38de0)[0x7ff4a4791de0]
[hydra02:583539] [11] /home/thesis/jheld/MPI_Syrk_implementation/build/src/MPI_SYRK_implementation(+0x2ab0)[0x5642613b5ab0]
[hydra08:395497] [ 2] /lib/x86_64-linux-gnu/libc.so.6(abort+0x123)[0x7ffbe0ac6537]
[hydra06:393824] [ 3] /lib/x86_64-linux-gnu/libc.so.6(+0x7a468)[0x7f13b3e72468]
[hydra09:386504] [ 1] /lib/x86_64-linux-gnu/libc.so.6(gsignal+0x141)[0x7ff4a4791d61]
[hydra02:583539] [12] /lib/x86_64-linux-gnu/libc.so.6(__libc_start_main+0xea)[0x7fd1e13e9d7a]
[hydra08:395496] [ 1] /lib/x86_64-linux-gnu/libc.so.6(gsignal+0x141)[0x7f0a03d5dd61]
[hydra03:410468] [ 0] /lib/x86_64-linux-gnu/libc.so.6(+0x38de0)[0x7f91e531bde0]
[hydra06:393824] [ 4] /lib/x86_64-linux-gnu/libc.so.6(+0x8175a)[0x7f13b3e7975a]
[hydra09:386504] [ 2] /lib/x86_64-linux-gnu/libc.so.6(abort+0x123)[0x7ff4a477b537]
[hydra05:393148] [ 0] /lib/x86_64-linux-gnu/libc.so.6(+0x38de0)[0x7f2910cadde0]
[hydra02:583539] [13] /home/thesis/jheld/MPI_Syrk_implementation/build/src/MPI_SYRK_implementation(+0x232a)[0x5642613b532a]
[hydra02:583539] *** End of error message ***
[hydra04:409200] [ 0] /lib/x86_64-linux-gnu/libc.so.6(+0x38de0)[0x7f681e2f8de0]
[hydra08:395496] [ 2] /lib/x86_64-linux-gnu/libc.so.6(abort+0x123)[0x7f0a03d47537]
[hydra03:410468] [ 1] /lib/x86_64-linux-gnu/libc.so.6(gsignal+0x141)[0x7f91e531bd61]
[hydra06:393824] [ 5] /lib/x86_64-linux-gnu/libc.so.6(+0x8483c)[0x7f13b3e7c83c]
[hydra09:386504] [ 3] /lib/x86_64-linux-gnu/libc.so.6(+0x7a468)[0x7ff4a47d3468]
[hydra05:393148] [ 1] /lib/x86_64-linux-gnu/libc.so.6(gsignal+0x141)[0x7f2910cadd61]
[hydra04:409200] [ 1] /lib/x86_64-linux-gnu/libc.so.6(gsignal+0x141)[0x7f681e2f8d61]
malloc(): invalid size (unsorted)
[hydra10:505957] *** Process received signal ***
[hydra10:505957] Signal: Aborted (6)
[hydra10:505957] Signal code:  (-6)
[hydra08:395497] [ 3] /lib/x86_64-linux-gnu/libc.so.6(+0x7a468)[0x7ffbe0b1e468]
[hydra03:410468] [ 2] /lib/x86_64-linux-gnu/libc.so.6(abort+0x123)[0x7f91e5305537]
[hydra06:393824] [ 6] /lib/x86_64-linux-gnu/libc.so.6(__libc_calloc+0x81)[0x7f13b3e7ebd1]
[hydra09:386504] [ 4] /lib/x86_64-linux-gnu/libc.so.6(+0x8175a)[0x7ff4a47da75a]
[hydra05:393148] [ 2] /lib/x86_64-linux-gnu/libc.so.6(abort+0x123)[0x7f2910c97537]
[hydra04:409200] [ 2] /lib/x86_64-linux-gnu/libc.so.6(abort+0x123)[0x7f681e2e2537]
[hydra10:505956] [ 0] /lib/x86_64-linux-gnu/libc.so.6(+0x38de0)[0x7f459ee3ade0]
[hydra08:395496] [ 3] /lib/x86_64-linux-gnu/libc.so.6(+0x7a468)[0x7f0a03d9f468]
[hydra03:410468] [ 3] /lib/x86_64-linux-gnu/libc.so.6(+0x7a468)[0x7f91e535d468]
[hydra06:393824] [ 7] /opt/mpi/openmpi-4.1.4//lib/libmpi.so.40(ompi_group_allocate+0x17)[0x7f13b5d4c1e7]
[hydra09:386504] [ 5] /lib/x86_64-linux-gnu/libc.so.6(+0x8483c)[0x7ff4a47dd83c]
[hydra05:393148] [ 3] /lib/x86_64-linux-gnu/libc.so.6(+0x7a468)[0x7f2910cef468]
[hydra04:409200] [ 3] /lib/x86_64-linux-gnu/libc.so.6(+0x7a468)[0x7f681e33a468]
[hydra10:505957] [ 0] /lib/x86_64-linux-gnu/libc.so.6(+0x38de0)[0x7f08a7baede0]
[hydra10:505957] [ 1] /lib/x86_64-linux-gnu/libc.so.6(gsignal+0x141)[0x7f08a7baed61]
[hydra08:395497] [ 4] /lib/x86_64-linux-gnu/libc.so.6(+0x8175a)[0x7ffbe0b2575a]
[hydra03:410468] [ 4] /lib/x86_64-linux-gnu/libc.so.6(+0x8175a)[0x7f91e536475a]
[hydra06:393824] [ 8] /opt/mpi/openmpi-4.1.4//lib/libmpi.so.40(ompi_group_incl_plist+0x65)[0x7f13b5d4c915]
[hydra09:386504] [ 6] /lib/x86_64-linux-gnu/libc.so.6(__libc_calloc+0x81)[0x7ff4a47dfbd1]
[hydra05:393148] [ 4] /lib/x86_64-linux-gnu/libc.so.6(+0x8175a)[0x7f2910cf675a]
[hydra04:409200] [ 4] /lib/x86_64-linux-gnu/libc.so.6(+0x8175a)[0x7f681e34175a]
[hydra10:505956] [ 1] /lib/x86_64-linux-gnu/libc.so.6(gsignal+0x141)[0x7f459ee3ad61]
[hydra10:505956] [ 2] /lib/x86_64-linux-gnu/libc.so.6(abort+0x123)[0x7f459ee24537]
[hydra08:395497] [ 5] /lib/x86_64-linux-gnu/libc.so.6(+0x8483c)[0x7ffbe0b2883c]
[hydra03:410468] [ 5] /lib/x86_64-linux-gnu/libc.so.6(+0x8483c)[0x7f91e536783c]
[hydra06:393824] [ 9] /opt/mpi/openmpi-4.1.4//lib/libmpi.so.40(PMPI_Group_incl+0x95)[0x7f13b5d7d185]
[hydra06:393824] [10] /home/thesis/jheld/MPI_Syrk_implementation/build/src/MPI_SYRK_implementation(+0x841a)[0x565084fd641a]
[hydra09:386504] [ 7] /opt/mpi/openmpi-4.1.4//lib/libmpi.so.40(ompi_group_allocate+0x17)[0x7ff4a66ad1e7]
[hydra05:393148] [ 5] /lib/x86_64-linux-gnu/libc.so.6(+0x8483c)[0x7f2910cf983c]
[hydra04:409200] [ 5] /lib/x86_64-linux-gnu/libc.so.6(+0x8483c)[0x7f681e34483c]
[hydra10:505957] [ 2] /lib/x86_64-linux-gnu/libc.so.6(abort+0x123)[0x7f08a7b98537]
[hydra08:395496] [ 4] /lib/x86_64-linux-gnu/libc.so.6(+0x8175a)[0x7f0a03da675a]
[hydra03:410468] [ 6] /lib/x86_64-linux-gnu/libc.so.6(__libc_calloc+0x81)[0x7f91e5369bd1]
[hydra06:393824] [11] /home/thesis/jheld/MPI_Syrk_implementation/build/src/MPI_SYRK_implementation(+0x2ab0)[0x565084fd0ab0]
[hydra09:386504] [ 8] /opt/mpi/openmpi-4.1.4//lib/libmpi.so.40(ompi_group_incl_plist+0x65)[0x7ff4a66ad915]
[hydra05:393148] [ 6] /lib/x86_64-linux-gnu/libc.so.6(__libc_calloc+0x81)[0x7f2910cfbbd1]
[hydra11:373548] [ 0] /lib/x86_64-linux-gnu/libc.so.6(+0x38de0)[0x7f86cea86de0]
[hydra04:409200] [ 6] /lib/x86_64-linux-gnu/libc.so.6(__libc_calloc+0x81)[0x7f681e346bd1]
[hydra10:505956] [ 3] /lib/x86_64-linux-gnu/libc.so.6(+0x7a468)[0x7f459ee7c468]
[hydra08:395496] [ 5] /lib/x86_64-linux-gnu/libc.so.6(+0x8483c)[0x7f0a03da983c]
[hydra03:410468] [ 7] /opt/mpi/openmpi-4.1.4//lib/libmpi.so.40(ompi_group_allocate+0x17)[0x7f91e72371e7]
[hydra06:393824] [12] /lib/x86_64-linux-gnu/libc.so.6(__libc_start_main+0xea)[0x7f13b3e1bd7a]
[hydra09:386504] [ 9] /opt/mpi/openmpi-4.1.4//lib/libmpi.so.40(PMPI_Group_incl+0x95)[0x7ff4a66de185]
[hydra05:393148] [ 7] /opt/mpi/openmpi-4.1.4//lib/libmpi.so.40(ompi_group_allocate+0x17)[0x7f2912bc91e7]
[hydra11:373548] [ 1] /lib/x86_64-linux-gnu/libc.so.6(gsignal+0x141)[0x7f86cea86d61]
[hydra04:409200] [ 7] /opt/mpi/openmpi-4.1.4//lib/libmpi.so.40(ompi_group_allocate+0x17)[0x7f68202141e7]
[hydra10:505957] [ 3] /lib/x86_64-linux-gnu/libc.so.6(+0x7a468)[0x7f08a7bf0468]
[hydra08:395497] [ 6] /lib/x86_64-linux-gnu/libc.so.6(__libc_calloc+0x81)[0x7ffbe0b2abd1]
[hydra03:410468] [ 8] /opt/mpi/openmpi-4.1.4//lib/libmpi.so.40(ompi_group_incl_plist+0x65)[0x7f91e7237915]
[hydra06:393824] [13] /home/thesis/jheld/MPI_Syrk_implementation/build/src/MPI_SYRK_implementation(+0x232a)[0x565084fd032a]
[hydra06:393824] *** End of error message ***
[hydra09:386504] [10] /home/thesis/jheld/MPI_Syrk_implementation/build/src/MPI_SYRK_implementation(+0x841a)[0x55dff734b41a]
[hydra09:386504] [11] /home/thesis/jheld/MPI_Syrk_implementation/build/src/MPI_SYRK_implementation(+0x2ab0)[0x55dff7345ab0]
[hydra05:393148] [ 8] /opt/mpi/openmpi-4.1.4//lib/libmpi.so.40(ompi_group_incl_plist+0x65)[0x7f2912bc9915]
[hydra11:373548] [ 2] /lib/x86_64-linux-gnu/libc.so.6(abort+0x123)[0x7f86cea70537]
[hydra04:409200] [ 8] /opt/mpi/openmpi-4.1.4//lib/libmpi.so.40(ompi_group_incl_plist+0x65)[0x7f6820214915]
[hydra10:505956] [ 4] /lib/x86_64-linux-gnu/libc.so.6(+0x8175a)[0x7f459ee8375a]
[hydra08:395497] [ 7] /opt/mpi/openmpi-4.1.4//lib/libmpi.so.40(ompi_group_allocate+0x17)[0x7ffbe29f81e7]
[hydra03:410468] [ 9] /opt/mpi/openmpi-4.1.4//lib/libmpi.so.40(PMPI_Group_incl+0x95)[0x7f91e7268185]
[hydra09:386504] [12] /lib/x86_64-linux-gnu/libc.so.6(__libc_start_main+0xea)[0x7ff4a477cd7a]
[hydra09:386504] [13] /home/thesis/jheld/MPI_Syrk_implementation/build/src/MPI_SYRK_implementation(+0x232a)[0x55dff734532a]
[hydra05:393148] [ 9] /opt/mpi/openmpi-4.1.4//lib/libmpi.so.40(PMPI_Group_incl+0x95)[0x7f2912bfa185]
[hydra11:373548] [ 3] /lib/x86_64-linux-gnu/libc.so.6(+0x7a468)[0x7f86ceac8468]
[hydra04:409200] [ 9] /opt/mpi/openmpi-4.1.4//lib/libmpi.so.40(PMPI_Group_incl+0x95)[0x7f6820245185]
[hydra10:505957] [ 4] /lib/x86_64-linux-gnu/libc.so.6(+0x8175a)[0x7f08a7bf775a]
[hydra08:395496] [ 6] /lib/x86_64-linux-gnu/libc.so.6(__libc_calloc+0x81)[0x7f0a03dabbd1]
[hydra03:410468] [10] /home/thesis/jheld/MPI_Syrk_implementation/build/src/MPI_SYRK_implementation(+0x841a)[0x559ea617441a]
[hydra03:410468] [11] /home/thesis/jheld/MPI_Syrk_implementation/build/src/MPI_SYRK_implementation(+0x2ab0)[0x559ea616eab0]
[hydra09:386504] *** End of error message ***
[hydra05:393148] [10] /home/thesis/jheld/MPI_Syrk_implementation/build/src/MPI_SYRK_implementation(+0x841a)[0x560191e0441a]
[hydra05:393148] [11] /home/thesis/jheld/MPI_Syrk_implementation/build/src/MPI_SYRK_implementation(+0x2ab0)[0x560191dfeab0]
[hydra11:373548] [ 4] /lib/x86_64-linux-gnu/libc.so.6(+0x8175a)[0x7f86ceacf75a]
[hydra04:409200] [10] /home/thesis/jheld/MPI_Syrk_implementation/build/src/MPI_SYRK_implementation(+0x841a)[0x55db2f00641a]
[hydra04:409200] [11] /home/thesis/jheld/MPI_Syrk_implementation/build/src/MPI_SYRK_implementation(+0x2ab0)[0x55db2f000ab0]
[hydra10:505956] [ 5] /lib/x86_64-linux-gnu/libc.so.6(+0x8483c)[0x7f459ee8683c]
[hydra08:395497] [ 8] /opt/mpi/openmpi-4.1.4//lib/libmpi.so.40(ompi_group_incl_plist+0x65)[0x7ffbe29f8915]
[hydra03:410468] [12] /lib/x86_64-linux-gnu/libc.so.6(__libc_start_main+0xea)[0x7f91e5306d7a]
[hydra03:410468] [13] /home/thesis/jheld/MPI_Syrk_implementation/build/src/MPI_SYRK_implementation(+0x232a)[0x559ea616e32a]
[hydra05:393148] [12] /lib/x86_64-linux-gnu/libc.so.6(__libc_start_main+0xea)[0x7f2910c98d7a]
[hydra05:393148] [13] /home/thesis/jheld/MPI_Syrk_implementation/build/src/MPI_SYRK_implementation(+0x232a)[0x560191dfe32a]
[hydra11:373548] [ 5] /lib/x86_64-linux-gnu/libc.so.6(+0x8483c)[0x7f86cead283c]
[hydra04:409200] [12] /lib/x86_64-linux-gnu/libc.so.6(__libc_start_main+0xea)[0x7f681e2e3d7a]
[hydra10:505957] [ 5] /lib/x86_64-linux-gnu/libc.so.6(+0x8483c)[0x7f08a7bfa83c]
[hydra08:395496] [ 7] /opt/mpi/openmpi-4.1.4//lib/libmpi.so.40(ompi_group_allocate+0x17)[0x7f0a05c791e7]
[hydra03:410468] *** End of error message ***
[hydra05:393148] *** End of error message ***
[hydra11:373548] [ 6] /lib/x86_64-linux-gnu/libc.so.6(__libc_calloc+0x81)[0x7f86cead4bd1]
[hydra04:409200] [13] /home/thesis/jheld/MPI_Syrk_implementation/build/src/MPI_SYRK_implementation(+0x232a)[0x55db2f00032a]
[hydra04:409200] *** End of error message ***
[hydra10:505956] [ 6] /lib/x86_64-linux-gnu/libc.so.6(__libc_calloc+0x81)[0x7f459ee88bd1]
[hydra08:395496] [ 8] /opt/mpi/openmpi-4.1.4//lib/libmpi.so.40(ompi_group_incl_plist+0x65)[0x7f0a05c79915]
[hydra11:373548] [ 7] /opt/mpi/openmpi-4.1.4//lib/libmpi.so.40(ompi_group_allocate+0x17)[0x7f86d09a21e7]
[hydra10:505957] [ 6] /lib/x86_64-linux-gnu/libc.so.6(__libc_calloc+0x81)[0x7f08a7bfcbd1]
[hydra08:395497] [ 9] /opt/mpi/openmpi-4.1.4//lib/libmpi.so.40(PMPI_Group_incl+0x95)[0x7ffbe2a29185]
[hydra08:395497] [10] /home/thesis/jheld/MPI_Syrk_implementation/build/src/MPI_SYRK_implementation(+0x841a)[0x55edf179041a]
[hydra08:395497] [11] /home/thesis/jheld/MPI_Syrk_implementation/build/src/MPI_SYRK_implementation(+0x2ab0)[0x55edf178aab0]
[hydra11:373548] [ 8] /opt/mpi/openmpi-4.1.4//lib/libmpi.so.40(ompi_group_incl_plist+0x65)[0x7f86d09a2915]
[hydra10:505956] [ 7] /opt/mpi/openmpi-4.1.4//lib/libmpi.so.40(ompi_group_allocate+0x17)[0x7f45a0d561e7]
[hydra08:395496] [ 9] /opt/mpi/openmpi-4.1.4//lib/libmpi.so.40(PMPI_Group_incl+0x95)[0x7f0a05caa185]
[hydra08:395496] [10] /home/thesis/jheld/MPI_Syrk_implementation/build/src/MPI_SYRK_implementation(+0x841a)[0x556f8f54a41a]
[hydra11:373548] [ 9] /opt/mpi/openmpi-4.1.4//lib/libmpi.so.40(PMPI_Group_incl+0x95)[0x7f86d09d3185]
[hydra10:505957] [ 7] /opt/mpi/openmpi-4.1.4//lib/libmpi.so.40(ompi_group_allocate+0x17)[0x7f08a9aca1e7]
[hydra11:373548] [10] /home/thesis/jheld/MPI_Syrk_implementation/build/src/MPI_SYRK_implementation(+0x841a)[0x55c8a6fef41a]
[hydra11:373548] [11] /home/thesis/jheld/MPI_Syrk_implementation/build/src/MPI_SYRK_implementation(+0x2ab0)[0x55c8a6fe9ab0]
[hydra10:505956] [ 8] /opt/mpi/openmpi-4.1.4//lib/libmpi.so.40(ompi_group_incl_plist+0x65)[0x7f45a0d56915]
[hydra11:373548] [12] /lib/x86_64-linux-gnu/libc.so.6(__libc_start_main+0xea)[0x7f86cea71d7a]
[hydra11:373548] [13] /home/thesis/jheld/MPI_Syrk_implementation/build/src/MPI_SYRK_implementation(+0x232a)[0x55c8a6fe932a]
[hydra10:505957] [ 8] /opt/mpi/openmpi-4.1.4//lib/libmpi.so.40(ompi_group_incl_plist+0x65)[0x7f08a9aca915]
[hydra11:373548] *** End of error message ***
[hydra10:505956] [ 9] /opt/mpi/openmpi-4.1.4//lib/libmpi.so.40(PMPI_Group_incl+0x95)[0x7f45a0d87185]
[hydra10:505956] [10] /home/thesis/jheld/MPI_Syrk_implementation/build/src/MPI_SYRK_implementation(+0x841a)[0x55bdd776c41a]
[hydra10:505957] [ 9] /opt/mpi/openmpi-4.1.4//lib/libmpi.so.40(PMPI_Group_incl+0x95)[0x7f08a9afb185]
[hydra10:505957] [10] /home/thesis/jheld/MPI_Syrk_implementation/build/src/MPI_SYRK_implementation(+0x841a)[0x55884c91b41a]
[hydra10:505957] [11] /home/thesis/jheld/MPI_Syrk_implementation/build/src/MPI_SYRK_implementation(+0x2ab0)[0x55884c915ab0]
[hydra10:505956] [11] /home/thesis/jheld/MPI_Syrk_implementation/build/src/MPI_SYRK_implementation(+0x2ab0)[0x55bdd7766ab0]
[hydra10:505956] [12] /lib/x86_64-linux-gnu/libc.so.6(__libc_start_main+0xea)[0x7f459ee25d7a]
[hydra10:505956] [13] /home/thesis/jheld/MPI_Syrk_implementation/build/src/MPI_SYRK_implementation(+0x232a)[0x55bdd776632a]
[hydra10:505956] *** End of error message ***
[hydra10:505957] [12] /lib/x86_64-linux-gnu/libc.so.6(__libc_start_main+0xea)[0x7f08a7b99d7a]
[hydra10:505957] [13] /home/thesis/jheld/MPI_Syrk_implementation/build/src/MPI_SYRK_implementation(+0x232a)[0x55884c91532a]
[hydra10:505957] *** End of error message ***
[hydra08:395497] [12] /lib/x86_64-linux-gnu/libc.so.6(__libc_start_main+0xea)[0x7ffbe0ac7d7a]
[hydra08:395497] [13] /home/thesis/jheld/MPI_Syrk_implementation/build/src/MPI_SYRK_implementation(+0x232a)[0x55edf178a32a]
[hydra08:395497] *** End of error message ***
[hydra08:395496] [11] /home/thesis/jheld/MPI_Syrk_implementation/build/src/MPI_SYRK_implementation(+0x2ab0)[0x556f8f544ab0]
[hydra08:395496] [12] /lib/x86_64-linux-gnu/libc.so.6(__libc_start_main+0xea)[0x7f0a03d48d7a]
[hydra08:395496] [13] /home/thesis/jheld/MPI_Syrk_implementation/build/src/MPI_SYRK_implementation(+0x232a)[0x556f8f54432a]
[hydra08:395496] *** End of error message ***
srun: error: hydra12: task 35: Aborted
srun: error: hydra07: task 19: Aborted
srun: error: hydra04: task 11: Aborted
srun: error: hydra03: task 7: Aborted
srun: error: hydra09: task 25: Aborted
srun: error: hydra05: task 13: Aborted
srun: error: hydra11: task 31: Aborted
srun: error: hydra06: task 17: Aborted
srun: error: hydra08: tasks 21-22: Aborted
srun: error: hydra02: task 5: Aborted
srun: error: hydra10: tasks 27-28: Aborted
slurmstepd: error:  mpi/pmix_v4: _errhandler: hydra04 [3]: pmixp_client_v2.c:211: Error handler invoked: status = -61, source = [slurm.pmix.5008700.12:11]
slurmstepd: error:  mpi/pmix_v4: _errhandler: hydra02 [1]: pmixp_client_v2.c:211: Error handler invoked: status = -61, source = [slurm.pmix.5008700.12:5]
slurmstepd: error:  mpi/pmix_v4: _errhandler: hydra12 [11]: pmixp_client_v2.c:211: Error handler invoked: status = -61, source = [slurm.pmix.5008700.12:35]
slurmstepd: error:  mpi/pmix_v4: _errhandler: hydra06 [5]: pmixp_client_v2.c:211: Error handler invoked: status = -61, source = [slurm.pmix.5008700.12:17]
slurmstepd: error:  mpi/pmix_v4: _errhandler: hydra09 [8]: pmixp_client_v2.c:211: Error handler invoked: status = -61, source = [slurm.pmix.5008700.12:25]
slurmstepd: error:  mpi/pmix_v4: _errhandler: hydra03 [2]: pmixp_client_v2.c:211: Error handler invoked: status = -61, source = [slurm.pmix.5008700.12:7]
slurmstepd: error:  mpi/pmix_v4: _errhandler: hydra11 [10]: pmixp_client_v2.c:211: Error handler invoked: status = -61, source = [slurm.pmix.5008700.12:31]
slurmstepd: error: *** STEP 5008700.12 ON hydra01 CANCELLED AT 2025-10-13T15:38:10 ***
slurmstepd: error:  mpi/pmix_v4: _errhandler: hydra05 [4]: pmixp_client_v2.c:211: Error handler invoked: status = -61, source = [slurm.pmix.5008700.12:13]
srun: Job step aborted: Waiting up to 32 seconds for job step to finish.
slurmstepd: error:  mpi/pmix_v4: _errhandler: hydra07 [6]: pmixp_client_v2.c:211: Error handler invoked: status = -61, source = [slurm.pmix.5008700.12:19]
srun: error: hydra10: task 29: Killed
srun: error: hydra08: task 23: Killed
srun: error: hydra03: tasks 6,8: Killed
srun: error: hydra05: tasks 12,14: Killed
srun: error: hydra04: tasks 9-10: Killed
srun: error: hydra09: tasks 24,26: Killed
srun: error: hydra11: tasks 30,32: Killed
srun: error: hydra06: tasks 15-16: Killed
srun: error: hydra02: tasks 3-4: Killed
srun: error: hydra07: tasks 18,20: Killed
srun: error: hydra12: tasks 33-34: Killed
srun: error: hydra01: tasks 0-2: Killed
⚠️ Warning: No runtime found for run 13
srun: Warning: can't honor --ntasks-per-node set to 1 which doesn't match the requested tasks 36 with the number of requested nodes 12. Ignoring --ntasks-per-node.
missing input file name --> Generate random input
malloc(): invalid size (unsorted)
[hydra12:373570] *** Process received signal ***
[hydra12:373570] Signal: Aborted (6)
[hydra12:373570] Signal code:  (-6)
malloc(): invalid size (unsorted)
[hydra12:373569] *** Process received signal ***
[hydra12:373569] Signal: Aborted (6)
[hydra12:373569] Signal code:  (-6)
[hydra12:373570] [ 0] /lib/x86_64-linux-gnu/libc.so.6(+0x38de0)[0x7f50d8f08de0]
[hydra12:373570] [ 1] /lib/x86_64-linux-gnu/libc.so.6(gsignal+0x141)[0x7f50d8f08d61]
[hydra12:373569] [ 0] /lib/x86_64-linux-gnu/libc.so.6(+0x38de0)[0x7efe18d7fde0]
malloc(): invalid size (unsorted)
[hydra05:393211] *** Process received signal ***
[hydra05:393211] Signal: Aborted (6)
[hydra05:393211] Signal code:  (-6)
[hydra12:373570] [ 2] /lib/x86_64-linux-gnu/libc.so.6(abort+0x123)[0x7f50d8ef2537]
malloc(): invalid size (unsorted)
[hydra02:583615] *** Process received signal ***
[hydra02:583615] Signal: Aborted (6)
[hydra02:583615] Signal code:  (-6)
[hydra12:373569] [ 1] /lib/x86_64-linux-gnu/libc.so.6(gsignal+0x141)[0x7efe18d7fd61]
malloc(): invalid size (unsorted)
[hydra06:393885] *** Process received signal ***
[hydra06:393885] Signal: Aborted (6)
[hydra06:393885] Signal code:  (-6)
[hydra05:393211] [ 0] /lib/x86_64-linux-gnu/libc.so.6(+0x38de0)[0x7f35fa34bde0]
[hydra12:373570] [ 3] /lib/x86_64-linux-gnu/libc.so.6(+0x7a468)[0x7f50d8f4a468]
malloc(): invalid size (unsorted)
[hydra04:409261] *** Process received signal ***
[hydra04:409261] Signal: Aborted (6)
[hydra04:409261] Signal code:  (-6)
malloc(): invalid size (unsorted)
[hydra07:420276] *** Process received signal ***
[hydra07:420276] Signal: Aborted (6)
[hydra07:420276] Signal code:  (-6)
[hydra12:373569] [ 2] /lib/x86_64-linux-gnu/libc.so.6(abort+0x123)[0x7efe18d69537]
malloc(): invalid size (unsorted)
[hydra09:386567] *** Process received signal ***
[hydra09:386567] Signal: Aborted (6)
[hydra09:386567] Signal code:  (-6)
malloc(): invalid size (unsorted)
[hydra03:410530] *** Process received signal ***
[hydra03:410530] Signal: Aborted (6)
[hydra03:410530] Signal code:  (-6)
[hydra05:393211] [ 1] /lib/x86_64-linux-gnu/libc.so.6(gsignal+0x141)[0x7f35fa34bd61]
[hydra12:373570] [ 4] /lib/x86_64-linux-gnu/libc.so.6(+0x8175a)[0x7f50d8f5175a]
[hydra02:583615] [ 0] /lib/x86_64-linux-gnu/libc.so.6(+0x38de0)[0x7f2335431de0]
[hydra05:393211] [ 2] /lib/x86_64-linux-gnu/libc.so.6(abort+0x123)[0x7f35fa335537]
malloc(): invalid size (unsorted)
[hydra08:395560] *** Process received signal ***
[hydra08:395560] Signal: Aborted (6)
[hydra08:395560] Signal code:  (-6)
[hydra12:373570] [ 5] /lib/x86_64-linux-gnu/libc.so.6(+0x8483c)[0x7f50d8f5483c]
[hydra06:393885] [ 0] /lib/x86_64-linux-gnu/libc.so.6(+0x38de0)[0x7f49b96a0de0]
[hydra05:393211] [ 3] /lib/x86_64-linux-gnu/libc.so.6(+0x7a468)[0x7f35fa38d468]
malloc(): invalid size (unsorted)
[hydra11:373610] *** Process received signal ***
[hydra11:373610] Signal: Aborted (6)
[hydra11:373610] Signal code:  (-6)
malloc(): invalid size (unsorted)
[hydra12:373569] [ 3] /lib/x86_64-linux-gnu/libc.so.6(+0x7a468)[0x7efe18dc1468]
[hydra02:583615] [ 1] /lib/x86_64-linux-gnu/libc.so.6(gsignal+0x141)[0x7f2335431d61]
malloc(): invalid size (unsorted)
[hydra10:506024] *** Process received signal ***
[hydra10:506024] Signal: Aborted (6)
[hydra10:506024] Signal code:  (-6)
malloc(): invalid size (unsorted)
[hydra05:393211] [ 4] /lib/x86_64-linux-gnu/libc.so.6(+0x8175a)[0x7f35fa39475a]
[hydra07:420278] *** Process received signal ***
[hydra08:395560] [ 0] /lib/x86_64-linux-gnu/libc.so.6(+0x38de0)[0x7fc422011de0]
[hydra12:373570] [ 6] /lib/x86_64-linux-gnu/libc.so.6(__libc_calloc+0x81)[0x7f50d8f56bd1]
[hydra02:583615] [ 2] /lib/x86_64-linux-gnu/libc.so.6(abort+0x123)[0x7f233541b537]
[hydra03:410531] *** Process received signal ***
[hydra03:410531] Signal: Aborted (6)
[hydra03:410531] Signal code:  (-6)
malloc(): invalid size (unsorted)
[hydra06:393884] *** Process received signal ***
[hydra06:393884] Signal: Aborted (6)
[hydra06:393884] Signal code:  (-6)
[hydra05:393211] [ 5] /lib/x86_64-linux-gnu/libc.so.6(+0x8483c)[0x7f35fa39783c]
[hydra11:373610] [ 0] /lib/x86_64-linux-gnu/libc.so.6(+0x38de0)[0x7f973ad6ade0]
[hydra07:420278] Signal: Aborted (6)
[hydra07:420278] Signal code:  (-6)
[hydra12:373569] [ 4] /lib/x86_64-linux-gnu/libc.so.6(+0x8175a)[0x7efe18dc875a]
[hydra02:583615] [ 3] /lib/x86_64-linux-gnu/libc.so.6(+0x7a468)[0x7f2335473468]
[hydra03:410530] [ 0] /lib/x86_64-linux-gnu/libc.so.6(+0x38de0)[0x7f034c0e0de0]
[hydra06:393885] [ 1] /lib/x86_64-linux-gnu/libc.so.6(gsignal+0x141)[0x7f49b96a0d61]
[hydra06:393885] [ 2] /lib/x86_64-linux-gnu/libc.so.6(abort+0x123)[0x7f49b968a537]
[hydra06:393885] [ 3] /lib/x86_64-linux-gnu/libc.so.6(+0x7a468)[0x7f49b96e2468]
[hydra05:393211] [ 6] /lib/x86_64-linux-gnu/libc.so.6(__libc_calloc+0x81)[0x7f35fa399bd1]
[hydra11:373610] [ 1] /lib/x86_64-linux-gnu/libc.so.6(gsignal+0x141)[0x7f973ad6ad61]
[hydra07:420276] [ 0] /lib/x86_64-linux-gnu/libc.so.6(+0x38de0)[0x7f2571ef3de0]
[hydra08:395560] [ 1] /lib/x86_64-linux-gnu/libc.so.6(gsignal+0x141)[0x7fc422011d61]
[hydra12:373570] [ 7] /opt/mpi/openmpi-4.1.4//lib/libmpi.so.40(ompi_group_allocate+0x17)[0x7f50dae241e7]
[hydra02:583615] [ 4] /lib/x86_64-linux-gnu/libc.so.6(+0x8175a)[0x7f233547a75a]
[hydra03:410530] [ 1] /lib/x86_64-linux-gnu/libc.so.6(gsignal+0x141)[0x7f034c0e0d61]
[hydra06:393885] [ 4] /lib/x86_64-linux-gnu/libc.so.6(+0x8175a)[0x7f49b96e975a]
[hydra05:393211] [ 7] /opt/mpi/openmpi-4.1.4//lib/libmpi.so.40(ompi_group_allocate+0x17)[0x7f35fc2671e7]
[hydra11:373610] [ 2] /lib/x86_64-linux-gnu/libc.so.6(abort+0x123)[0x7f973ad54537]
[hydra07:420276] [ 1] /lib/x86_64-linux-gnu/libc.so.6(gsignal+0x141)[0x7f2571ef3d61]
[hydra08:395560] [ 2] /lib/x86_64-linux-gnu/libc.so.6(abort+0x123)[0x7fc421ffb537]
[hydra12:373570] [ 8] /opt/mpi/openmpi-4.1.4//lib/libmpi.so.40(ompi_group_incl_plist+0x65)[0x7f50dae24915]
[hydra02:583615] [ 5] /lib/x86_64-linux-gnu/libc.so.6(+0x8483c)[0x7f233547d83c]
[hydra03:410530] [ 2] /lib/x86_64-linux-gnu/libc.so.6(abort+0x123)[0x7f034c0ca537]
[hydra06:393885] [ 5] /lib/x86_64-linux-gnu/libc.so.6(+0x8483c)[0x7f49b96ec83c]
[hydra05:393211] [ 8] /opt/mpi/openmpi-4.1.4//lib/libmpi.so.40(ompi_group_incl_plist+0x65)[0x7f35fc267915]
[hydra11:373610] [ 3] /lib/x86_64-linux-gnu/libc.so.6(+0x7a468)[0x7f973adac468]
[hydra07:420276] [ 2] /lib/x86_64-linux-gnu/libc.so.6(abort+0x123)[0x7f2571edd537]
[hydra08:395560] [ 3] /lib/x86_64-linux-gnu/libc.so.6(+0x7a468)[0x7fc422053468]
[hydra12:373569] [ 5] /lib/x86_64-linux-gnu/libc.so.6(+0x8483c)[0x7efe18dcb83c]
[hydra02:583615] [ 6] /lib/x86_64-linux-gnu/libc.so.6(__libc_calloc+0x81)[0x7f233547fbd1]
[hydra03:410531] [ 0] /lib/x86_64-linux-gnu/libc.so.6(+0x38de0)[0x7f08f0cb1de0]
[hydra06:393884] [ 0] /lib/x86_64-linux-gnu/libc.so.6(+0x38de0)[0x7f62af338de0]
[hydra05:393211] [ 9] /opt/mpi/openmpi-4.1.4//lib/libmpi.so.40(PMPI_Group_incl+0x95)[0x7f35fc298185]
[hydra05:393211] [10] /home/thesis/jheld/MPI_Syrk_implementation/build/src/MPI_SYRK_implementation(+0x841a)[0x55b13999241a]
[hydra11:373610] [ 4] /lib/x86_64-linux-gnu/libc.so.6(+0x8175a)[0x7f973adb375a]
[hydra07:420276] [ 3] /lib/x86_64-linux-gnu/libc.so.6(+0x7a468)[0x7f2571f35468]
[hydra08:395560] [ 4] /lib/x86_64-linux-gnu/libc.so.6(+0x8175a)[0x7fc42205a75a]
[hydra12:373570] [ 9] /opt/mpi/openmpi-4.1.4//lib/libmpi.so.40(PMPI_Group_incl+0x95)[0x7f50dae55185]
[hydra12:373570] [10] /home/thesis/jheld/MPI_Syrk_implementation/build/src/MPI_SYRK_implementation(+0x841a)[0x5570c7caa41a]
[hydra02:583615] [ 7] /opt/mpi/openmpi-4.1.4//lib/libmpi.so.40(ompi_group_allocate+0x17)[0x7f233734d1e7]
malloc(): invalid size (unsorted)
[hydra03:410530] [ 3] /lib/x86_64-linux-gnu/libc.so.6(+0x7a468)[0x7f034c122468]
[hydra06:393885] [ 6] /lib/x86_64-linux-gnu/libc.so.6(__libc_calloc+0x81)[0x7f49b96eebd1]
[hydra05:393211] [11] /home/thesis/jheld/MPI_Syrk_implementation/build/src/MPI_SYRK_implementation(+0x2ab0)[0x55b13998cab0]
[hydra11:373610] [ 5] /lib/x86_64-linux-gnu/libc.so.6(+0x8483c)[0x7f973adb683c]
[hydra07:420278] [ 0] /lib/x86_64-linux-gnu/libc.so.6(+0x38de0)[0x7fb25cc20de0]
[hydra08:395560] [ 5] /lib/x86_64-linux-gnu/libc.so.6(+0x8483c)[0x7fc42205d83c]
[hydra12:373569] [ 6] /lib/x86_64-linux-gnu/libc.so.6(__libc_calloc+0x81)[0x7efe18dcdbd1]
[hydra02:583615] [ 8] /opt/mpi/openmpi-4.1.4//lib/libmpi.so.40(ompi_group_incl_plist+0x65)[0x7f233734d915]
[hydra09:386567] [ 0] /lib/x86_64-linux-gnu/libc.so.6(+0x38de0)[0x7f3144f5cde0]
[hydra04:409260] *** Process received signal ***
[hydra04:409260] Signal: Aborted (6)
[hydra04:409260] Signal code:  (-6)
[hydra03:410531] [ 1] /lib/x86_64-linux-gnu/libc.so.6(gsignal+0x141)[0x7f08f0cb1d61]
[hydra06:393884] [ 1] /lib/x86_64-linux-gnu/libc.so.6(gsignal+0x141)[0x7f62af338d61]
[hydra05:393211] [12] /lib/x86_64-linux-gnu/libc.so.6(__libc_start_main+0xea)[0x7f35fa336d7a]
[hydra11:373610] [ 6] /lib/x86_64-linux-gnu/libc.so.6(__libc_calloc+0x81)[0x7f973adb8bd1]
[hydra07:420278] [ 1] /lib/x86_64-linux-gnu/libc.so.6(gsignal+0x141)[0x7fb25cc20d61]
[hydra08:395560] [ 6] /lib/x86_64-linux-gnu/libc.so.6(__libc_calloc+0x81)[0x7fc42205fbd1]
[hydra12:373570] [11] /home/thesis/jheld/MPI_Syrk_implementation/build/src/MPI_SYRK_implementation(+0x2ab0)[0x5570c7ca4ab0]
[hydra02:583615] [ 9] /opt/mpi/openmpi-4.1.4//lib/libmpi.so.40(PMPI_Group_incl+0x95)[0x7f233737e185]
[hydra09:386567] [ 1] /lib/x86_64-linux-gnu/libc.so.6(gsignal+0x141)[0x7f3144f5cd61]
[hydra04:409261] [ 0] /lib/x86_64-linux-gnu/libc.so.6(+0x38de0)[0x7f87612e1de0]
[hydra03:410531] [ 2] /lib/x86_64-linux-gnu/libc.so.6(abort+0x123)[0x7f08f0c9b537]
[hydra06:393885] [ 7] /opt/mpi/openmpi-4.1.4//lib/libmpi.so.40(ompi_group_allocate+0x17)[0x7f49bb5bc1e7]
[hydra06:393885] [ 8] /opt/mpi/openmpi-4.1.4//lib/libmpi.so.40(ompi_group_incl_plist+0x65)[0x7f49bb5bc915]
[hydra05:393211] [13] /home/thesis/jheld/MPI_Syrk_implementation/build/src/MPI_SYRK_implementation(+0x232a)[0x55b13998c32a]
[hydra05:393211] *** End of error message ***
[hydra11:373610] [ 7] /opt/mpi/openmpi-4.1.4//lib/libmpi.so.40(ompi_group_allocate+0x17)[0x7f973cc861e7]
[hydra07:420276] [ 4] /lib/x86_64-linux-gnu/libc.so.6(+0x8175a)[0x7f2571f3c75a]
[hydra08:395560] [ 7] /opt/mpi/openmpi-4.1.4//lib/libmpi.so.40(ompi_group_allocate+0x17)[0x7fc423f2d1e7]
[hydra12:373570] [12] /lib/x86_64-linux-gnu/libc.so.6(__libc_start_main+0xea)[0x7f50d8ef3d7a]
[hydra02:583615] [10] /home/thesis/jheld/MPI_Syrk_implementation/build/src/MPI_SYRK_implementation(+0x841a)[0x55c048ef041a]
[hydra02:583615] [11] /home/thesis/jheld/MPI_Syrk_implementation/build/src/MPI_SYRK_implementation(+0x2ab0)[0x55c048eeaab0]
[hydra09:386567] [ 2] /lib/x86_64-linux-gnu/libc.so.6(abort+0x123)[0x7f3144f46537]
[hydra04:409261] [ 1] /lib/x86_64-linux-gnu/libc.so.6(gsignal+0x141)[0x7f87612e1d61]
[hydra03:410530] [ 4] /lib/x86_64-linux-gnu/libc.so.6(+0x8175a)[0x7f034c12975a]
[hydra06:393884] [ 2] /lib/x86_64-linux-gnu/libc.so.6(abort+0x123)[0x7f62af322537]
[hydra11:373610] [ 8] /opt/mpi/openmpi-4.1.4//lib/libmpi.so.40(ompi_group_incl_plist+0x65)[0x7f973cc86915]
[hydra07:420278] [ 2] /lib/x86_64-linux-gnu/libc.so.6(abort+0x123)[0x7fb25cc0a537]
[hydra08:395560] [ 8] /opt/mpi/openmpi-4.1.4//lib/libmpi.so.40(ompi_group_incl_plist+0x65)[0x7fc423f2d915]
[hydra12:373569] [ 7] /opt/mpi/openmpi-4.1.4//lib/libmpi.so.40(ompi_group_allocate+0x17)[0x7efe1ac9b1e7]
[hydra02:583615] [12] /lib/x86_64-linux-gnu/libc.so.6(__libc_start_main+0xea)[0x7f233541cd7a]
[hydra10:506024] [ 0] /lib/x86_64-linux-gnu/libc.so.6(+0x38de0)[0x7fd312dfdde0]
[hydra09:386567] [ 3] /lib/x86_64-linux-gnu/libc.so.6(+0x7a468)[0x7f3144f9e468]
[hydra04:409261] [ 2] /lib/x86_64-linux-gnu/libc.so.6(abort+0x123)[0x7f87612cb537]
[hydra03:410531] [ 3] /lib/x86_64-linux-gnu/libc.so.6(+0x7a468)[0x7f08f0cf3468]
[hydra06:393885] [ 9] /opt/mpi/openmpi-4.1.4//lib/libmpi.so.40(PMPI_Group_incl+0x95)[0x7f49bb5ed185]
[hydra11:373610] [ 9] /opt/mpi/openmpi-4.1.4//lib/libmpi.so.40(PMPI_Group_incl+0x95)[0x7f973ccb7185]
[hydra07:420276] [ 5] /lib/x86_64-linux-gnu/libc.so.6(+0x8483c)[0x7f2571f3f83c]
[hydra08:395560] [ 9] /opt/mpi/openmpi-4.1.4//lib/libmpi.so.40(PMPI_Group_incl+0x95)[0x7fc423f5e185]
[hydra08:395560] [10] /home/thesis/jheld/MPI_Syrk_implementation/build/src/MPI_SYRK_implementation(+0x841a)[0x55917e36341a]
[hydra12:373570] [13] /home/thesis/jheld/MPI_Syrk_implementation/build/src/MPI_SYRK_implementation(+0x232a)[0x5570c7ca432a]
[hydra12:373570] *** End of error message ***
[hydra02:583615] [13] /home/thesis/jheld/MPI_Syrk_implementation/build/src/MPI_SYRK_implementation(+0x232a)[0x55c048eea32a]
[hydra02:583615] *** End of error message ***
[hydra10:506024] [ 1] /lib/x86_64-linux-gnu/libc.so.6(gsignal+0x141)[0x7fd312dfdd61]
[hydra09:386567] [ 4] /lib/x86_64-linux-gnu/libc.so.6(+0x8175a)[0x7f3144fa575a]
[hydra04:409260] [ 0] /lib/x86_64-linux-gnu/libc.so.6(+0x38de0)[0x7f49adf5dde0]
[hydra03:410530] [ 5] /lib/x86_64-linux-gnu/libc.so.6(+0x8483c)[0x7f034c12c83c]
[hydra06:393884] [ 3] /lib/x86_64-linux-gnu/libc.so.6(+0x7a468)[0x7f62af37a468]
[hydra11:373610] [10] /home/thesis/jheld/MPI_Syrk_implementation/build/src/MPI_SYRK_implementation(+0x841a)[0x5641b809241a]
[hydra11:373610] [11] /home/thesis/jheld/MPI_Syrk_implementation/build/src/MPI_SYRK_implementation(+0x2ab0)[0x5641b808cab0]
[hydra07:420278] [ 3] /lib/x86_64-linux-gnu/libc.so.6(+0x7a468)[0x7fb25cc62468]
[hydra08:395560] [11] /home/thesis/jheld/MPI_Syrk_implementation/build/src/MPI_SYRK_implementation(+0x2ab0)[0x55917e35dab0]
[hydra12:373569] [ 8] /opt/mpi/openmpi-4.1.4//lib/libmpi.so.40(ompi_group_incl_plist+0x65)[0x7efe1ac9b915]
[hydra10:506024] [ 2] /lib/x86_64-linux-gnu/libc.so.6(abort+0x123)[0x7fd312de7537]
[hydra09:386567] [ 5] /lib/x86_64-linux-gnu/libc.so.6(+0x8483c)[0x7f3144fa883c]
[hydra04:409260] [ 1] /lib/x86_64-linux-gnu/libc.so.6(gsignal+0x141)[0x7f49adf5dd61]
[hydra04:409260] [ 2] /lib/x86_64-linux-gnu/libc.so.6(abort+0x123)[0x7f49adf47537]
[hydra03:410530] [ 6] /lib/x86_64-linux-gnu/libc.so.6(__libc_calloc+0x81)[0x7f034c12ebd1]
[hydra03:410530] [ 7] /opt/mpi/openmpi-4.1.4//lib/libmpi.so.40(ompi_group_allocate+0x17)[0x7f034dffc1e7]
[hydra03:410530] [ 8] /opt/mpi/openmpi-4.1.4//lib/libmpi.so.40(ompi_group_incl_plist+0x65)[0x7f034dffc915]
[hydra06:393885] [10] /home/thesis/jheld/MPI_Syrk_implementation/build/src/MPI_SYRK_implementation(+0x841a)[0x55f22995241a]
[hydra06:393885] [11] /home/thesis/jheld/MPI_Syrk_implementation/build/src/MPI_SYRK_implementation(+0x2ab0)[0x55f22994cab0]
[hydra11:373610] [12] /lib/x86_64-linux-gnu/libc.so.6(__libc_start_main+0xea)[0x7f973ad55d7a]
[hydra07:420276] [ 6] /lib/x86_64-linux-gnu/libc.so.6(__libc_calloc+0x81)[0x7f2571f41bd1]
[hydra08:395560] [12] /lib/x86_64-linux-gnu/libc.so.6(__libc_start_main+0xea)[0x7fc421ffcd7a]
[hydra12:373569] [ 9] /opt/mpi/openmpi-4.1.4//lib/libmpi.so.40(PMPI_Group_incl+0x95)[0x7efe1accc185]
[hydra10:506024] [ 3] /lib/x86_64-linux-gnu/libc.so.6(+0x7a468)[0x7fd312e3f468]
[hydra09:386567] [ 6] /lib/x86_64-linux-gnu/libc.so.6(__libc_calloc+0x81)[0x7f3144faabd1]
[hydra04:409261] [ 3] /lib/x86_64-linux-gnu/libc.so.6(+0x7a468)[0x7f8761323468]
[hydra04:409261] [ 4] /lib/x86_64-linux-gnu/libc.so.6(+0x8175a)[0x7f876132a75a]
[hydra04:409261] [ 5] /lib/x86_64-linux-gnu/libc.so.6(+0x8483c)[0x7f876132d83c]
[hydra03:410531] [ 4] /lib/x86_64-linux-gnu/libc.so.6(+0x8175a)[0x7f08f0cfa75a]
[hydra03:410531] [ 5] /lib/x86_64-linux-gnu/libc.so.6(+0x8483c)[0x7f08f0cfd83c]
[hydra03:410531] [ 6] /lib/x86_64-linux-gnu/libc.so.6(__libc_calloc+0x81)[0x7f08f0cffbd1]
[hydra06:393885] [12] /lib/x86_64-linux-gnu/libc.so.6(__libc_start_main+0xea)[0x7f49b968bd7a]
[hydra11:373610] [13] /home/thesis/jheld/MPI_Syrk_implementation/build/src/MPI_SYRK_implementation(+0x232a)[0x5641b808c32a]
[hydra11:373610] *** End of error message ***
[hydra07:420276] [ 7] /opt/mpi/openmpi-4.1.4//lib/libmpi.so.40(ompi_group_allocate+0x17)[0x7f2573e0f1e7]
[hydra08:395560] [13] /home/thesis/jheld/MPI_Syrk_implementation/build/src/MPI_SYRK_implementation(+0x232a)[0x55917e35d32a]
[hydra08:395560] *** End of error message ***
[hydra12:373569] [10] /home/thesis/jheld/MPI_Syrk_implementation/build/src/MPI_SYRK_implementation(+0x841a)[0x560a67dc841a]
[hydra10:506024] [ 4] /lib/x86_64-linux-gnu/libc.so.6(+0x8175a)[0x7fd312e4675a]
[hydra09:386567] [ 7] /opt/mpi/openmpi-4.1.4//lib/libmpi.so.40(ompi_group_allocate+0x17)[0x7f3146e781e7]
[hydra04:409260] [ 3] /lib/x86_64-linux-gnu/libc.so.6(+0x7a468)[0x7f49adf9f468]
[hydra04:409260] [ 4] /lib/x86_64-linux-gnu/libc.so.6(+0x8175a)[0x7f49adfa675a]
[hydra03:410530] [ 9] /opt/mpi/openmpi-4.1.4//lib/libmpi.so.40(PMPI_Group_incl+0x95)[0x7f034e02d185]
[hydra03:410530] [10] /home/thesis/jheld/MPI_Syrk_implementation/build/src/MPI_SYRK_implementation(+0x841a)[0x55a34151d41a]
[hydra03:410530] [11] /home/thesis/jheld/MPI_Syrk_implementation/build/src/MPI_SYRK_implementation(+0x2ab0)[0x55a341517ab0]
[hydra06:393884] [ 4] /lib/x86_64-linux-gnu/libc.so.6(+0x8175a)[0x7f62af38175a]
[hydra07:420278] [ 4] /lib/x86_64-linux-gnu/libc.so.6(+0x8175a)[0x7fb25cc6975a]
[hydra12:373569] [11] /home/thesis/jheld/MPI_Syrk_implementation/build/src/MPI_SYRK_implementation(+0x2ab0)[0x560a67dc2ab0]
[hydra10:506024] [ 5] /lib/x86_64-linux-gnu/libc.so.6(+0x8483c)[0x7fd312e4983c]
[hydra09:386567] [ 8] /opt/mpi/openmpi-4.1.4//lib/libmpi.so.40(ompi_group_incl_plist+0x65)[0x7f3146e78915]
[hydra04:409261] [ 6] /lib/x86_64-linux-gnu/libc.so.6(__libc_calloc+0x81)[0x7f876132fbd1]
[hydra03:410531] [ 7] /opt/mpi/openmpi-4.1.4//lib/libmpi.so.40(ompi_group_allocate+0x17)[0x7f08f2bcd1e7]
[hydra03:410531] [ 8] /opt/mpi/openmpi-4.1.4//lib/libmpi.so.40(ompi_group_incl_plist+0x65)[0x7f08f2bcd915]
[hydra06:393885] [13] /home/thesis/jheld/MPI_Syrk_implementation/build/src/MPI_SYRK_implementation(+0x232a)[0x55f22994c32a]
[hydra06:393885] *** End of error message ***
[hydra07:420276] [ 8] /opt/mpi/openmpi-4.1.4//lib/libmpi.so.40(ompi_group_incl_plist+0x65)[0x7f2573e0f915]
[hydra12:373569] [12] /lib/x86_64-linux-gnu/libc.so.6(__libc_start_main+0xea)[0x7efe18d6ad7a]
[hydra10:506024] [ 6] /lib/x86_64-linux-gnu/libc.so.6(__libc_calloc+0x81)[0x7fd312e4bbd1]
[hydra09:386567] [ 9] /opt/mpi/openmpi-4.1.4//lib/libmpi.so.40(PMPI_Group_incl+0x95)[0x7f3146ea9185]
[hydra04:409260] [ 5] /lib/x86_64-linux-gnu/libc.so.6(+0x8483c)[0x7f49adfa983c]
[hydra03:410530] [12] /lib/x86_64-linux-gnu/libc.so.6(__libc_start_main+0xea)[0x7f034c0cbd7a]
[hydra03:410530] [13] /home/thesis/jheld/MPI_Syrk_implementation/build/src/MPI_SYRK_implementation(+0x232a)[0x55a34151732a]
[hydra03:410530] *** End of error message ***
[hydra06:393884] [ 5] /lib/x86_64-linux-gnu/libc.so.6(+0x8483c)[0x7f62af38483c]
[hydra07:420278] [ 5] /lib/x86_64-linux-gnu/libc.so.6(+0x8483c)[0x7fb25cc6c83c]
[hydra12:373569] [13] /home/thesis/jheld/MPI_Syrk_implementation/build/src/MPI_SYRK_implementation(+0x232a)[0x560a67dc232a]
[hydra12:373569] *** End of error message ***
[hydra10:506024] [ 7] /opt/mpi/openmpi-4.1.4//lib/libmpi.so.40(ompi_group_allocate+0x17)[0x7fd314d191e7]
[hydra09:386567] [10] /home/thesis/jheld/MPI_Syrk_implementation/build/src/MPI_SYRK_implementation(+0x841a)[0x55eed473441a]
[hydra09:386567] [11] /home/thesis/jheld/MPI_Syrk_implementation/build/src/MPI_SYRK_implementation(+0x2ab0)[0x55eed472eab0]
[hydra04:409261] [ 7] /opt/mpi/openmpi-4.1.4//lib/libmpi.so.40(ompi_group_allocate+0x17)[0x7f87631fd1e7]
[hydra03:410531] [ 9] /opt/mpi/openmpi-4.1.4//lib/libmpi.so.40(PMPI_Group_incl+0x95)[0x7f08f2bfe185]
[hydra03:410531] [10] /home/thesis/jheld/MPI_Syrk_implementation/build/src/MPI_SYRK_implementation(+0x841a)[0x561f4803d41a]
[hydra03:410531] [11] /home/thesis/jheld/MPI_Syrk_implementation/build/src/MPI_SYRK_implementation(+0x2ab0)[0x561f48037ab0]
[hydra06:393884] [ 6] /lib/x86_64-linux-gnu/libc.so.6(__libc_calloc+0x81)[0x7f62af386bd1]
[hydra07:420276] [ 9] /opt/mpi/openmpi-4.1.4//lib/libmpi.so.40(PMPI_Group_incl+0x95)[0x7f2573e40185]
[hydra10:506024] [ 8] /opt/mpi/openmpi-4.1.4//lib/libmpi.so.40(ompi_group_incl_plist+0x65)[0x7fd314d19915]
[hydra09:386567] [12] /lib/x86_64-linux-gnu/libc.so.6(__libc_start_main+0xea)[0x7f3144f47d7a]
[hydra09:386567] [13] /home/thesis/jheld/MPI_Syrk_implementation/build/src/MPI_SYRK_implementation(+0x232a)[0x55eed472e32a]
[hydra04:409261] [ 8] /opt/mpi/openmpi-4.1.4//lib/libmpi.so.40(ompi_group_incl_plist+0x65)[0x7f87631fd915]
[hydra03:410531] [12] /lib/x86_64-linux-gnu/libc.so.6(__libc_start_main+0xea)[0x7f08f0c9cd7a]
[hydra03:410531] [13] /home/thesis/jheld/MPI_Syrk_implementation/build/src/MPI_SYRK_implementation(+0x232a)[0x561f4803732a]
[hydra06:393884] [ 7] /opt/mpi/openmpi-4.1.4//lib/libmpi.so.40(ompi_group_allocate+0x17)[0x7f62b12541e7]
[hydra07:420278] [ 6] /lib/x86_64-linux-gnu/libc.so.6(__libc_calloc+0x81)[0x7fb25cc6ebd1]
[hydra10:506024] [ 9] /opt/mpi/openmpi-4.1.4//lib/libmpi.so.40(PMPI_Group_incl+0x95)[0x7fd314d4a185]
[hydra09:386567] *** End of error message ***
[hydra04:409260] [ 6] /lib/x86_64-linux-gnu/libc.so.6(__libc_calloc+0x81)[0x7f49adfabbd1]
[hydra03:410531] *** End of error message ***
[hydra06:393884] [ 8] /opt/mpi/openmpi-4.1.4//lib/libmpi.so.40(ompi_group_incl_plist+0x65)[0x7f62b1254915]
[hydra07:420276] [10] /home/thesis/jheld/MPI_Syrk_implementation/build/src/MPI_SYRK_implementation(+0x841a)[0x5560feef441a]
[hydra07:420276] [11] /home/thesis/jheld/MPI_Syrk_implementation/build/src/MPI_SYRK_implementation(+0x2ab0)[0x5560feeeeab0]
[hydra10:506024] [10] /home/thesis/jheld/MPI_Syrk_implementation/build/src/MPI_SYRK_implementation(+0x841a)[0x55e0079b141a]
[hydra10:506024] [11] /home/thesis/jheld/MPI_Syrk_implementation/build/src/MPI_SYRK_implementation(+0x2ab0)[0x55e0079abab0]
[hydra04:409261] [ 9] /opt/mpi/openmpi-4.1.4//lib/libmpi.so.40(PMPI_Group_incl+0x95)[0x7f876322e185]
[hydra06:393884] [ 9] /opt/mpi/openmpi-4.1.4//lib/libmpi.so.40(PMPI_Group_incl+0x95)[0x7f62b1285185]
[hydra06:393884] [10] /home/thesis/jheld/MPI_Syrk_implementation/build/src/MPI_SYRK_implementation(+0x841a)[0x559e5698241a]
[hydra07:420276] [12] /lib/x86_64-linux-gnu/libc.so.6(__libc_start_main+0xea)[0x7f2571eded7a]
[hydra07:420276] [13] /home/thesis/jheld/MPI_Syrk_implementation/build/src/MPI_SYRK_implementation(+0x232a)[0x5560feeee32a]
[hydra10:506024] [12] /lib/x86_64-linux-gnu/libc.so.6(__libc_start_main+0xea)[0x7fd312de8d7a]
[hydra10:506024] [13] /home/thesis/jheld/MPI_Syrk_implementation/build/src/MPI_SYRK_implementation(+0x232a)[0x55e0079ab32a]
[hydra04:409260] [ 7] /opt/mpi/openmpi-4.1.4//lib/libmpi.so.40(ompi_group_allocate+0x17)[0x7f49afe791e7]
[hydra04:409260] [ 8] /opt/mpi/openmpi-4.1.4//lib/libmpi.so.40(ompi_group_incl_plist+0x65)[0x7f49afe79915]
[hydra06:393884] [11] /home/thesis/jheld/MPI_Syrk_implementation/build/src/MPI_SYRK_implementation(+0x2ab0)[0x559e5697cab0]
[hydra07:420278] [ 7] /opt/mpi/openmpi-4.1.4//lib/libmpi.so.40(ompi_group_allocate+0x17)[0x7fb25eb3c1e7]
[hydra10:506024] *** End of error message ***
[hydra04:409261] [10] /home/thesis/jheld/MPI_Syrk_implementation/build/src/MPI_SYRK_implementation(+0x841a)[0x55ce8153741a]
[hydra04:409261] [11] /home/thesis/jheld/MPI_Syrk_implementation/build/src/MPI_SYRK_implementation(+0x2ab0)[0x55ce81531ab0]
[hydra06:393884] [12] /lib/x86_64-linux-gnu/libc.so.6(__libc_start_main+0xea)[0x7f62af323d7a]
[hydra07:420276] *** End of error message ***
[hydra04:409261] [12] /lib/x86_64-linux-gnu/libc.so.6(__libc_start_main+0xea)[0x7f87612ccd7a]
[hydra04:409261] [13] /home/thesis/jheld/MPI_Syrk_implementation/build/src/MPI_SYRK_implementation(+0x232a)[0x55ce8153132a]
[hydra04:409261] *** End of error message ***
[hydra06:393884] [13] /home/thesis/jheld/MPI_Syrk_implementation/build/src/MPI_SYRK_implementation(+0x232a)[0x559e5697c32a]
[hydra06:393884] *** End of error message ***
[hydra07:420278] [ 8] /opt/mpi/openmpi-4.1.4//lib/libmpi.so.40(ompi_group_incl_plist+0x65)[0x7fb25eb3c915]
[hydra04:409260] [ 9] /opt/mpi/openmpi-4.1.4//lib/libmpi.so.40(PMPI_Group_incl+0x95)[0x7f49afeaa185]
[hydra04:409260] [10] /home/thesis/jheld/MPI_Syrk_implementation/build/src/MPI_SYRK_implementation(+0x841a)[0x55a37608741a]
[hydra07:420278] [ 9] /opt/mpi/openmpi-4.1.4//lib/libmpi.so.40(PMPI_Group_incl+0x95)[0x7fb25eb6d185]
[hydra04:409260] [11] /home/thesis/jheld/MPI_Syrk_implementation/build/src/MPI_SYRK_implementation(+0x2ab0)[0x55a376081ab0]
[hydra07:420278] [10] /home/thesis/jheld/MPI_Syrk_implementation/build/src/MPI_SYRK_implementation(+0x841a)[0x56489555341a]
[hydra07:420278] [11] /home/thesis/jheld/MPI_Syrk_implementation/build/src/MPI_SYRK_implementation(+0x2ab0)[0x56489554dab0]
[hydra04:409260] [12] /lib/x86_64-linux-gnu/libc.so.6(__libc_start_main+0xea)[0x7f49adf48d7a]
[hydra07:420278] [12] /lib/x86_64-linux-gnu/libc.so.6(__libc_start_main+0xea)[0x7fb25cc0bd7a]
[hydra04:409260] [13] /home/thesis/jheld/MPI_Syrk_implementation/build/src/MPI_SYRK_implementation(+0x232a)[0x55a37608132a]
[hydra04:409260] *** End of error message ***
[hydra07:420278] [13] /home/thesis/jheld/MPI_Syrk_implementation/build/src/MPI_SYRK_implementation(+0x232a)[0x56489554d32a]
[hydra07:420278] *** End of error message ***
srun: error: hydra05: task 13: Aborted
srun: error: hydra02: task 5: Aborted
srun: error: hydra09: task 25: Aborted
srun: error: hydra11: task 31: Aborted
srun: error: hydra10: task 29: Aborted
srun: error: hydra08: task 23: Aborted
srun: error: hydra12: tasks 33-34: Aborted
srun: error: hydra04: tasks 9-10: Aborted
srun: error: hydra03: tasks 7-8: Aborted
srun: error: hydra07: tasks 18,20: Aborted
srun: error: hydra06: tasks 15-16: Aborted
slurmstepd: error:  mpi/pmix_v4: _errhandler: hydra02 [1]: pmixp_client_v2.c:211: Error handler invoked: status = -61, source = [slurm.pmix.5008700.13:5]
slurmstepd: error:  mpi/pmix_v4: _errhandler: hydra09 [8]: pmixp_client_v2.c:211: Error handler invoked: status = -61, source = [slurm.pmix.5008700.13:25]
slurmstepd: error:  mpi/pmix_v4: _errhandler: hydra11 [10]: pmixp_client_v2.c:211: Error handler invoked: status = -61, source = [slurm.pmix.5008700.13:31]
slurmstepd: error:  mpi/pmix_v4: _errhandler: hydra12 [11]: pmixp_client_v2.c:211: Error handler invoked: status = -61, source = [slurm.pmix.5008700.13:34]
slurmstepd: error:  mpi/pmix_v4: _errhandler: hydra10 [9]: pmixp_client_v2.c:211: Error handler invoked: status = -61, source = [slurm.pmix.5008700.13:29]
slurmstepd: error:  mpi/pmix_v4: _errhandler: hydra05 [4]: pmixp_client_v2.c:211: Error handler invoked: status = -61, source = [slurm.pmix.5008700.13:13]
slurmstepd: error:  mpi/pmix_v4: _errhandler: hydra08 [7]: pmixp_client_v2.c:211: Error handler invoked: status = -61, source = [slurm.pmix.5008700.13:23]
slurmstepd: error:  mpi/pmix_v4: _errhandler: hydra06 [5]: pmixp_client_v2.c:211: Error handler invoked: status = -61, source = [slurm.pmix.5008700.13:16]
slurmstepd: error:  mpi/pmix_v4: _errhandler: hydra04 [3]: pmixp_client_v2.c:211: Error handler invoked: status = -61, source = [slurm.pmix.5008700.13:9]
slurmstepd: error:  mpi/pmix_v4: _errhandler: hydra07 [6]: pmixp_client_v2.c:211: Error handler invoked: status = -61, source = [slurm.pmix.5008700.13:20]
slurmstepd: error:  mpi/pmix_v4: _errhandler: hydra03 [2]: pmixp_client_v2.c:211: Error handler invoked: status = -61, source = [slurm.pmix.5008700.13:7]
slurmstepd: error: *** STEP 5008700.13 ON hydra01 CANCELLED AT 2025-10-13T15:38:12 ***
srun: Job step aborted: Waiting up to 32 seconds for job step to finish.
srun: error: hydra07: task 19: Killed
srun: error: hydra06: task 17: Killed
srun: error: hydra12: task 35: Killed
srun: error: hydra04: task 11: Killed
srun: error: hydra03: task 6: Killed
srun: error: hydra02: tasks 3-4: Killed
srun: error: hydra11: tasks 30,32: Killed
srun: error: hydra05: tasks 12,14: Killed
srun: error: hydra09: tasks 24,26: Killed
srun: error: hydra08: tasks 21-22: Killed
srun: error: hydra10: tasks 27-28: Killed
srun: error: hydra01: tasks 0-2: Killed
⚠️ Warning: No runtime found for run 14
srun: Warning: can't honor --ntasks-per-node set to 1 which doesn't match the requested tasks 36 with the number of requested nodes 12. Ignoring --ntasks-per-node.
missing input file name --> Generate random input
malloc(): invalid size (unsorted)
[hydra12:373638] *** Process received signal ***
[hydra12:373638] Signal: Aborted (6)
[hydra12:373638] Signal code:  (-6)
malloc(): invalid size (unsorted)
malloc(): invalid size (unsorted)
[hydra11:373679] *** Process received signal ***
[hydra11:373679] Signal: Aborted (6)
[hydra11:373679] Signal code:  (-6)
malloc(): invalid size (unsorted)
[hydra05:393278] *** Process received signal ***
[hydra05:393278] Signal: Aborted (6)
[hydra05:393278] Signal code:  (-6)
malloc(): invalid size (unsorted)
[hydra02:583695] *** Process received signal ***
[hydra02:583695] Signal: Aborted (6)
[hydra02:583695] Signal code:  (-6)
[hydra12:373637] *** Process received signal ***
[hydra12:373637] Signal: Aborted (6)
[hydra12:373637] Signal code:  (-6)
malloc(): invalid size (unsorted)
[hydra04:409330] *** Process received signal ***
[hydra04:409330] Signal: Aborted (6)
[hydra04:409330] Signal code:  (-6)
[hydra12:373638] [ 0] /lib/x86_64-linux-gnu/libc.so.6(+0x38de0)[0x7faa083c4de0]
[hydra11:373679] [ 0] /lib/x86_64-linux-gnu/libc.so.6(+0x38de0)[0x7fc1bc2cdde0]
[hydra04:409330] [ 0] /lib/x86_64-linux-gnu/libc.so.6(+0x38de0)[0x7fd58cc1ade0]
malloc(): invalid size (unsorted)
[hydra03:410597] *** Process received signal ***
[hydra03:410597] Signal: Aborted (6)
[hydra03:410597] Signal code:  (-6)
[hydra12:373638] [ 1] /lib/x86_64-linux-gnu/libc.so.6(gsignal+0x141)[0x7faa083c4d61]
[hydra12:373638] [ 2] /lib/x86_64-linux-gnu/libc.so.6(abort+0x123)[0x7faa083ae537]
[hydra11:373679] [ 1] /lib/x86_64-linux-gnu/libc.so.6(gsignal+0x141)[0x7fc1bc2cdd61]
[hydra04:409330] [ 1] /lib/x86_64-linux-gnu/libc.so.6(gsignal+0x141)[0x7fd58cc1ad61]
[hydra03:410597] [ 0] /lib/x86_64-linux-gnu/libc.so.6(+0x38de0)[0x7f5affcbdde0]
malloc(): invalid size (unsorted)
[hydra06:393952] *** Process received signal ***
[hydra06:393952] Signal: Aborted (6)
[hydra06:393952] Signal code:  (-6)
[hydra02:583695] [ 0] /lib/x86_64-linux-gnu/libc.so.6(+0x38de0)[0x7fa183b93de0]
[hydra12:373637] [ 0] /lib/x86_64-linux-gnu/libc.so.6(+0x38de0)[0x7fa9ea327de0]
[hydra12:373637] [ 1] /lib/x86_64-linux-gnu/libc.so.6(gsignal+0x141)[0x7fa9ea327d61]
[hydra12:373637] [ 2] /lib/x86_64-linux-gnu/libc.so.6(abort+0x123)[0x7fa9ea311537]
malloc(): invalid size (unsorted)
[hydra07:420344] *** Process received signal ***
[hydra07:420344] Signal: Aborted (6)
[hydra07:420344] Signal code:  (-6)
[hydra02:583695] [ 1] /lib/x86_64-linux-gnu/libc.so.6(gsignal+0x141)[0x7fa183b93d61]
[hydra12:373638] [ 3] /lib/x86_64-linux-gnu/libc.so.6(+0x7a468)[0x7faa08406468]
[hydra12:373638] [ 4] /lib/x86_64-linux-gnu/libc.so.6(+0x8175a)[0x7faa0840d75a]
[hydra12:373638] [ 5] /lib/x86_64-linux-gnu/libc.so.6(+0x8483c)[0x7faa0841083c]
malloc(): invalid size (unsorted)
[hydra10:506097] *** Process received signal ***
[hydra10:506097] Signal: Aborted (6)
[hydra10:506097] Signal code:  (-6)
malloc(): invalid size (unsorted)
[hydra04:409330] [ 2] /lib/x86_64-linux-gnu/libc.so.6(abort+0x123)[0x7fd58cc04537]
[hydra05:393278] [ 0] /lib/x86_64-linux-gnu/libc.so.6(+0x38de0)[0x7f1c5ac46de0]
[hydra03:410597] [ 1] /lib/x86_64-linux-gnu/libc.so.6(gsignal+0x141)[0x7f5affcbdd61]
[hydra06:393952] [ 0] /lib/x86_64-linux-gnu/libc.so.6(+0x38de0)[0x7f573a02ade0]
[hydra02:583695] [ 2] /lib/x86_64-linux-gnu/libc.so.6(abort+0x123)[0x7fa183b7d537]
[hydra12:373637] [ 3] /lib/x86_64-linux-gnu/libc.so.6(+0x7a468)[0x7fa9ea369468]
[hydra11:373679] [ 2] /lib/x86_64-linux-gnu/libc.so.6(abort+0x123)[0x7fc1bc2b7537]
[hydra04:409330] [ 3] /lib/x86_64-linux-gnu/libc.so.6(+0x7a468)[0x7fd58cc5c468]
malloc(): invalid size (unsorted)
[hydra05:393280] *** Process received signal ***
[hydra05:393280] Signal: Aborted (6)
[hydra05:393280] Signal code:  (-6)
[hydra07:420344] [ 0] /lib/x86_64-linux-gnu/libc.so.6(+0x38de0)[0x7f159e667de0]
[hydra03:410597] [ 2] /lib/x86_64-linux-gnu/libc.so.6(abort+0x123)[0x7f5affca7537]
[hydra06:393952] [ 1] /lib/x86_64-linux-gnu/libc.so.6(gsignal+0x141)[0x7f573a02ad61]
[hydra02:583695] [ 3] /lib/x86_64-linux-gnu/libc.so.6(+0x7a468)[0x7fa183bd5468]
[hydra12:373638] [ 6] /lib/x86_64-linux-gnu/libc.so.6(__libc_calloc+0x81)[0x7faa08412bd1]
[hydra10:506097] [ 0] /lib/x86_64-linux-gnu/libc.so.6(+0x38de0)[0x7f9d89a2ede0]
[hydra11:373678] *** Process received signal ***
[hydra04:409330] [ 4] /lib/x86_64-linux-gnu/libc.so.6(+0x8175a)[0x7fd58cc6375a]
[hydra05:393278] [ 1] /lib/x86_64-linux-gnu/libc.so.6(gsignal+0x141)[0x7f1c5ac46d61]
[hydra05:393278] [ 2] /lib/x86_64-linux-gnu/libc.so.6(abort+0x123)[0x7f1c5ac30537]
[hydra07:420344] [ 1] /lib/x86_64-linux-gnu/libc.so.6(gsignal+0x141)[0x7f159e667d61]
[hydra03:410597] [ 3] /lib/x86_64-linux-gnu/libc.so.6(+0x7a468)[0x7f5affcff468]
malloc(): invalid size (unsorted)
[hydra09:386636] *** Process received signal ***
[hydra09:386636] Signal: Aborted (6)
[hydra09:386636] Signal code:  (-6)
[hydra06:393952] [ 2] /lib/x86_64-linux-gnu/libc.so.6(abort+0x123)[0x7f573a014537]
malloc(): invalid size (unsorted)
[hydra02:583695] [ 4] /lib/x86_64-linux-gnu/libc.so.6(+0x8175a)[0x7fa183bdc75a]
[hydra12:373637] [ 4] /lib/x86_64-linux-gnu/libc.so.6(+0x8175a)[0x7fa9ea37075a]
[hydra10:506097] [ 1] /lib/x86_64-linux-gnu/libc.so.6(gsignal+0x141)[0x7f9d89a2ed61]
[hydra11:373678] Signal: Aborted (6)
[hydra11:373678] Signal code:  (-6)
[hydra04:409330] [ 5] /lib/x86_64-linux-gnu/libc.so.6(+0x8483c)[0x7fd58cc6683c]
[hydra05:393278] [ 3] /lib/x86_64-linux-gnu/libc.so.6(+0x7a468)[0x7f1c5ac88468]
[hydra07:420344] [ 2] /lib/x86_64-linux-gnu/libc.so.6(abort+0x123)[0x7f159e651537]
[hydra03:410597] [ 4] /lib/x86_64-linux-gnu/libc.so.6(+0x8175a)[0x7f5affd0675a]
[hydra09:386636] [ 0] /lib/x86_64-linux-gnu/libc.so.6(+0x38de0)[0x7f17cfb2fde0]
[hydra06:393952] [ 3] /lib/x86_64-linux-gnu/libc.so.6(+0x7a468)[0x7f573a06c468]
malloc(): invalid size (unsorted)
[hydra08:395627] *** Process received signal ***
[hydra08:395627] Signal: Aborted (6)
[hydra08:395627] Signal code:  (-6)
[hydra02:583695] [ 5] /lib/x86_64-linux-gnu/libc.so.6(+0x8483c)[0x7fa183bdf83c]
[hydra12:373638] [ 7] /opt/mpi/openmpi-4.1.4//lib/libmpi.so.40(ompi_group_allocate+0x17)[0x7faa0a2e01e7]
[hydra12:373638] [ 8] /opt/mpi/openmpi-4.1.4//lib/libmpi.so.40(ompi_group_incl_plist+0x65)[0x7faa0a2e0915]
[hydra10:506097] [ 2] /lib/x86_64-linux-gnu/libc.so.6(abort+0x123)[0x7f9d89a18537]
[hydra11:373679] [ 3] /lib/x86_64-linux-gnu/libc.so.6(+0x7a468)[0x7fc1bc30f468]
[hydra04:409330] [ 6] /lib/x86_64-linux-gnu/libc.so.6(__libc_calloc+0x81)[0x7fd58cc68bd1]
[hydra05:393278] [ 4] /lib/x86_64-linux-gnu/libc.so.6(+0x8175a)[0x7f1c5ac8f75a]
[hydra07:420344] [ 3] /lib/x86_64-linux-gnu/libc.so.6(+0x7a468)[0x7f159e6a9468]
[hydra03:410597] [ 5] /lib/x86_64-linux-gnu/libc.so.6(+0x8483c)[0x7f5affd0983c]
[hydra09:386636] [ 1] /lib/x86_64-linux-gnu/libc.so.6(gsignal+0x141)[0x7f17cfb2fd61]
[hydra06:393952] [ 4] /lib/x86_64-linux-gnu/libc.so.6(+0x8175a)[0x7f573a07375a]
[hydra08:395626] *** Process received signal ***
[hydra08:395626] Signal: Aborted (6)
[hydra08:395626] Signal code:  (-6)
[hydra02:583695] [ 6] /lib/x86_64-linux-gnu/libc.so.6(__libc_calloc+0x81)[0x7fa183be1bd1]
[hydra12:373637] [ 5] /lib/x86_64-linux-gnu/libc.so.6(+0x8483c)[0x7fa9ea37383c]
[hydra10:506097] [ 3] /lib/x86_64-linux-gnu/libc.so.6(+0x7a468)[0x7f9d89a70468]
[hydra11:373679] [ 4] /lib/x86_64-linux-gnu/libc.so.6(+0x8175a)[0x7fc1bc31675a]
[hydra04:409330] [ 7] /opt/mpi/openmpi-4.1.4//lib/libmpi.so.40(ompi_group_allocate+0x17)[0x7fd58eb361e7]
[hydra05:393280] [ 0] /lib/x86_64-linux-gnu/libc.so.6(+0x38de0)[0x7f220f3ccde0]
[hydra07:420344] [ 4] /lib/x86_64-linux-gnu/libc.so.6(+0x8175a)[0x7f159e6b075a]
[hydra03:410597] [ 6] /lib/x86_64-linux-gnu/libc.so.6(__libc_calloc+0x81)[0x7f5affd0bbd1]
[hydra09:386636] [ 2] /lib/x86_64-linux-gnu/libc.so.6(abort+0x123)[0x7f17cfb19537]
[hydra06:393952] [ 5] /lib/x86_64-linux-gnu/libc.so.6(+0x8483c)[0x7f573a07683c]
[hydra08:395627] [ 0] /lib/x86_64-linux-gnu/libc.so.6(+0x38de0)[0x7feb32fb3de0]
[hydra02:583695] [ 7] /opt/mpi/openmpi-4.1.4//lib/libmpi.so.40(ompi_group_allocate+0x17)[0x7fa185aaf1e7]
[hydra12:373637] [ 6] /lib/x86_64-linux-gnu/libc.so.6(__libc_calloc+0x81)[0x7fa9ea375bd1]
[hydra10:506097] [ 4] /lib/x86_64-linux-gnu/libc.so.6(+0x8175a)[0x7f9d89a7775a]
[hydra11:373679] [ 5] /lib/x86_64-linux-gnu/libc.so.6(+0x8483c)[0x7fc1bc31983c]
[hydra04:409330] [ 8] /opt/mpi/openmpi-4.1.4//lib/libmpi.so.40(ompi_group_incl_plist+0x65)[0x7fd58eb36915]
[hydra05:393280] [ 1] /lib/x86_64-linux-gnu/libc.so.6(gsignal+0x141)[0x7f220f3ccd61]
[hydra07:420344] [ 5] /lib/x86_64-linux-gnu/libc.so.6(+0x8483c)[0x7f159e6b383c]
[hydra03:410597] [ 7] /opt/mpi/openmpi-4.1.4//lib/libmpi.so.40(ompi_group_allocate+0x17)[0x7f5b01bd91e7]
[hydra09:386636] [ 3] /lib/x86_64-linux-gnu/libc.so.6(+0x7a468)[0x7f17cfb71468]
[hydra06:393952] [ 6] /lib/x86_64-linux-gnu/libc.so.6(__libc_calloc+0x81)[0x7f573a078bd1]
[hydra08:395627] [ 1] /lib/x86_64-linux-gnu/libc.so.6(gsignal+0x141)[0x7feb32fb3d61]
[hydra02:583695] [ 8] /opt/mpi/openmpi-4.1.4//lib/libmpi.so.40(ompi_group_incl_plist+0x65)[0x7fa185aaf915]
[hydra12:373638] [ 9] /opt/mpi/openmpi-4.1.4//lib/libmpi.so.40(PMPI_Group_incl+0x95)[0x7faa0a311185]
[hydra12:373638] [10] /home/thesis/jheld/MPI_Syrk_implementation/build/src/MPI_SYRK_implementation(+0x841a)[0x5568aad6a41a]
[hydra12:373638] [11] /home/thesis/jheld/MPI_Syrk_implementation/build/src/MPI_SYRK_implementation(+0x2ab0)[0x5568aad64ab0]
[hydra10:506097] [ 5] /lib/x86_64-linux-gnu/libc.so.6(+0x8483c)[0x7f9d89a7a83c]
[hydra11:373679] [ 6] /lib/x86_64-linux-gnu/libc.so.6(__libc_calloc+0x81)[0x7fc1bc31bbd1]
[hydra11:373679] [ 7] /opt/mpi/openmpi-4.1.4//lib/libmpi.so.40(ompi_group_allocate+0x17)[0x7fc1be1e91e7]
[hydra04:409330] [ 9] /opt/mpi/openmpi-4.1.4//lib/libmpi.so.40(PMPI_Group_incl+0x95)[0x7fd58eb67185]
[hydra04:409330] [10] /home/thesis/jheld/MPI_Syrk_implementation/build/src/MPI_SYRK_implementation(+0x841a)[0x5653a9c4c41a]
[hydra05:393278] [ 5] /lib/x86_64-linux-gnu/libc.so.6(+0x8483c)[0x7f1c5ac9283c]
[hydra07:420344] [ 6] /lib/x86_64-linux-gnu/libc.so.6(__libc_calloc+0x81)[0x7f159e6b5bd1]
[hydra03:410597] [ 8] /opt/mpi/openmpi-4.1.4//lib/libmpi.so.40(ompi_group_incl_plist+0x65)[0x7f5b01bd9915]
[hydra09:386636] [ 4] /lib/x86_64-linux-gnu/libc.so.6(+0x8175a)[0x7f17cfb7875a]
[hydra06:393952] [ 7] /opt/mpi/openmpi-4.1.4//lib/libmpi.so.40(ompi_group_allocate+0x17)[0x7f573bf461e7]
[hydra08:395627] [ 2] /lib/x86_64-linux-gnu/libc.so.6(abort+0x123)[0x7feb32f9d537]
[hydra02:583695] [ 9] /opt/mpi/openmpi-4.1.4//lib/libmpi.so.40(PMPI_Group_incl+0x95)[0x7fa185ae0185]
[hydra02:583695] [10] /home/thesis/jheld/MPI_Syrk_implementation/build/src/MPI_SYRK_implementation(+0x841a)[0x5578bd92e41a]
[hydra12:373637] [ 7] /opt/mpi/openmpi-4.1.4//lib/libmpi.so.40(ompi_group_allocate+0x17)[0x7fa9ec2431e7]
[hydra10:506097] [ 6] /lib/x86_64-linux-gnu/libc.so.6(__libc_calloc+0x81)[0x7f9d89a7cbd1]
[hydra11:373678] [ 0] /lib/x86_64-linux-gnu/libc.so.6(+0x38de0)[0x7f42d501ade0]
[hydra11:373678] [ 1] /lib/x86_64-linux-gnu/libc.so.6(gsignal+0x141)[0x7f42d501ad61]
[hydra04:409330] [11] /home/thesis/jheld/MPI_Syrk_implementation/build/src/MPI_SYRK_implementation(+0x2ab0)[0x5653a9c46ab0]
[hydra05:393280] [ 2] /lib/x86_64-linux-gnu/libc.so.6(abort+0x123)[0x7f220f3b6537]
[hydra07:420344] [ 7] /opt/mpi/openmpi-4.1.4//lib/libmpi.so.40(ompi_group_allocate+0x17)[0x7f15a05831e7]
[hydra03:410597] [ 9] /opt/mpi/openmpi-4.1.4//lib/libmpi.so.40(PMPI_Group_incl+0x95)[0x7f5b01c0a185]
[hydra09:386636] [ 5] /lib/x86_64-linux-gnu/libc.so.6(+0x8483c)[0x7f17cfb7b83c]
[hydra06:393952] [ 8] /opt/mpi/openmpi-4.1.4//lib/libmpi.so.40(ompi_group_incl_plist+0x65)[0x7f573bf46915]
[hydra08:395626] [ 0] /lib/x86_64-linux-gnu/libc.so.6(+0x38de0)[0x7f430cc32de0]
[hydra02:583695] [11] /home/thesis/jheld/MPI_Syrk_implementation/build/src/MPI_SYRK_implementation(+0x2ab0)[0x5578bd928ab0]
[hydra12:373638] [12] /lib/x86_64-linux-gnu/libc.so.6(__libc_start_main+0xea)[0x7faa083afd7a]
[hydra12:373638] [13] /home/thesis/jheld/MPI_Syrk_implementation/build/src/MPI_SYRK_implementation(+0x232a)[0x5568aad6432a]
[hydra12:373638] *** End of error message ***
[hydra10:506097] [ 7] /opt/mpi/openmpi-4.1.4//lib/libmpi.so.40(ompi_group_allocate+0x17)[0x7f9d8b94a1e7]
[hydra11:373679] [ 8] /opt/mpi/openmpi-4.1.4//lib/libmpi.so.40(ompi_group_incl_plist+0x65)[0x7fc1be1e9915]
[hydra04:409330] [12] /lib/x86_64-linux-gnu/libc.so.6(__libc_start_main+0xea)[0x7fd58cc05d7a]
[hydra05:393278] [ 6] /lib/x86_64-linux-gnu/libc.so.6(__libc_calloc+0x81)[0x7f1c5ac94bd1]
[hydra07:420344] [ 8] /opt/mpi/openmpi-4.1.4//lib/libmpi.so.40(ompi_group_incl_plist+0x65)[0x7f15a0583915]
[hydra03:410597] [10] /home/thesis/jheld/MPI_Syrk_implementation/build/src/MPI_SYRK_implementation(+0x841a)[0x5583ce99841a]
[hydra03:410597] [11] /home/thesis/jheld/MPI_Syrk_implementation/build/src/MPI_SYRK_implementation(+0x2ab0)[0x5583ce992ab0]
[hydra09:386636] [ 6] /lib/x86_64-linux-gnu/libc.so.6(__libc_calloc+0x81)[0x7f17cfb7dbd1]
[hydra06:393952] [ 9] /opt/mpi/openmpi-4.1.4//lib/libmpi.so.40(PMPI_Group_incl+0x95)[0x7f573bf77185]
[hydra06:393952] [10] /home/thesis/jheld/MPI_Syrk_implementation/build/src/MPI_SYRK_implementation(+0x841a)[0x559ee150541a]
[hydra08:395627] [ 3] /lib/x86_64-linux-gnu/libc.so.6(+0x7a468)[0x7feb32ff5468]
[hydra02:583695] [12] /lib/x86_64-linux-gnu/libc.so.6(__libc_start_main+0xea)[0x7fa183b7ed7a]
[hydra12:373637] [ 8] /opt/mpi/openmpi-4.1.4//lib/libmpi.so.40(ompi_group_incl_plist+0x65)[0x7fa9ec243915]
[hydra10:506097] [ 8] /opt/mpi/openmpi-4.1.4//lib/libmpi.so.40(ompi_group_incl_plist+0x65)[0x7f9d8b94a915]
[hydra11:373678] [ 2] /lib/x86_64-linux-gnu/libc.so.6(abort+0x123)[0x7f42d5004537]
[hydra04:409330] [13] /home/thesis/jheld/MPI_Syrk_implementation/build/src/MPI_SYRK_implementation(+0x232a)[0x5653a9c4632a]
[hydra04:409330] *** End of error message ***
[hydra05:393280] [ 3] /lib/x86_64-linux-gnu/libc.so.6(+0x7a468)[0x7f220f40e468]
[hydra07:420344] [ 9] /opt/mpi/openmpi-4.1.4//lib/libmpi.so.40(PMPI_Group_incl+0x95)[0x7f15a05b4185]
[hydra03:410597] [12] /lib/x86_64-linux-gnu/libc.so.6(__libc_start_main+0xea)[0x7f5affca8d7a]
[hydra09:386636] [ 7] /opt/mpi/openmpi-4.1.4//lib/libmpi.so.40(ompi_group_allocate+0x17)[0x7f17d1a4b1e7]
[hydra06:393952] [11] /home/thesis/jheld/MPI_Syrk_implementation/build/src/MPI_SYRK_implementation(+0x2ab0)[0x559ee14ffab0]
[hydra08:395626] [ 1] /lib/x86_64-linux-gnu/libc.so.6(gsignal+0x141)[0x7f430cc32d61]
[hydra02:583695] [13] /home/thesis/jheld/MPI_Syrk_implementation/build/src/MPI_SYRK_implementation(+0x232a)[0x5578bd92832a]
[hydra02:583695] *** End of error message ***
[hydra12:373637] [ 9] /opt/mpi/openmpi-4.1.4//lib/libmpi.so.40(PMPI_Group_incl+0x95)[0x7fa9ec274185]
[hydra10:506097] [ 9] /opt/mpi/openmpi-4.1.4//lib/libmpi.so.40(PMPI_Group_incl+0x95)[0x7f9d8b97b185]
[hydra10:506097] [10] /home/thesis/jheld/MPI_Syrk_implementation/build/src/MPI_SYRK_implementation(+0x841a)[0x5608fe3a041a]
[hydra11:373679] [ 9] /opt/mpi/openmpi-4.1.4//lib/libmpi.so.40(PMPI_Group_incl+0x95)[0x7fc1be21a185]
[hydra11:373679] [10] /home/thesis/jheld/MPI_Syrk_implementation/build/src/MPI_SYRK_implementation(+0x841a)[0x5557c81d741a]
[hydra11:373679] [11] /home/thesis/jheld/MPI_Syrk_implementation/build/src/MPI_SYRK_implementation(+0x2ab0)[0x5557c81d1ab0]
[hydra05:393278] [ 7] /opt/mpi/openmpi-4.1.4//lib/libmpi.so.40(ompi_group_allocate+0x17)[0x7f1c5cb621e7]
[hydra07:420344] [10] /home/thesis/jheld/MPI_Syrk_implementation/build/src/MPI_SYRK_implementation(+0x841a)[0x563c1353641a]
[hydra07:420344] [11] /home/thesis/jheld/MPI_Syrk_implementation/build/src/MPI_SYRK_implementation(+0x2ab0)[0x563c13530ab0]
[hydra03:410597] [13] /home/thesis/jheld/MPI_Syrk_implementation/build/src/MPI_SYRK_implementation(+0x232a)[0x5583ce99232a]
[hydra03:410597] *** End of error message ***
[hydra09:386636] [ 8] /opt/mpi/openmpi-4.1.4//lib/libmpi.so.40(ompi_group_incl_plist+0x65)[0x7f17d1a4b915]
[hydra06:393952] [12] /lib/x86_64-linux-gnu/libc.so.6(__libc_start_main+0xea)[0x7f573a015d7a]
[hydra08:395626] [ 2] /lib/x86_64-linux-gnu/libc.so.6(abort+0x123)[0x7f430cc1c537]
[hydra12:373637] [10] /home/thesis/jheld/MPI_Syrk_implementation/build/src/MPI_SYRK_implementation(+0x841a)[0x55700bafc41a]
[hydra12:373637] [11] /home/thesis/jheld/MPI_Syrk_implementation/build/src/MPI_SYRK_implementation(+0x2ab0)[0x55700baf6ab0]
[hydra10:506097] [11] /home/thesis/jheld/MPI_Syrk_implementation/build/src/MPI_SYRK_implementation(+0x2ab0)[0x5608fe39aab0]
[hydra11:373678] [ 3] /lib/x86_64-linux-gnu/libc.so.6(+0x7a468)[0x7f42d505c468]
[hydra05:393278] [ 8] /opt/mpi/openmpi-4.1.4//lib/libmpi.so.40(ompi_group_incl_plist+0x65)[0x7f1c5cb62915]
[hydra07:420344] [12] /lib/x86_64-linux-gnu/libc.so.6(__libc_start_main+0xea)[0x7f159e652d7a]
[hydra09:386636] [ 9] /opt/mpi/openmpi-4.1.4//lib/libmpi.so.40(PMPI_Group_incl+0x95)[0x7f17d1a7c185]
[hydra09:386636] [10] /home/thesis/jheld/MPI_Syrk_implementation/build/src/MPI_SYRK_implementation(+0x841a)[0x55a1ee09741a]
[hydra06:393952] [13] /home/thesis/jheld/MPI_Syrk_implementation/build/src/MPI_SYRK_implementation(+0x232a)[0x559ee14ff32a]
[hydra06:393952] *** End of error message ***
[hydra08:395627] [ 4] /lib/x86_64-linux-gnu/libc.so.6(+0x8175a)[0x7feb32ffc75a]
[hydra12:373637] [12] /lib/x86_64-linux-gnu/libc.so.6(__libc_start_main+0xea)[0x7fa9ea312d7a]
[hydra12:373637] [13] /home/thesis/jheld/MPI_Syrk_implementation/build/src/MPI_SYRK_implementation(+0x232a)[0x55700baf632a]
[hydra12:373637] *** End of error message ***
[hydra10:506097] [12] /lib/x86_64-linux-gnu/libc.so.6(__libc_start_main+0xea)[0x7f9d89a19d7a]
[hydra11:373679] [12] /lib/x86_64-linux-gnu/libc.so.6(__libc_start_main+0xea)[0x7fc1bc2b8d7a]
[hydra11:373679] [13] /home/thesis/jheld/MPI_Syrk_implementation/build/src/MPI_SYRK_implementation(+0x232a)[0x5557c81d132a]
[hydra11:373679] *** End of error message ***
[hydra05:393280] [ 4] /lib/x86_64-linux-gnu/libc.so.6(+0x8175a)[0x7f220f41575a]
[hydra07:420344] [13] /home/thesis/jheld/MPI_Syrk_implementation/build/src/MPI_SYRK_implementation(+0x232a)[0x563c1353032a]
[hydra07:420344] *** End of error message ***
[hydra09:386636] [11] /home/thesis/jheld/MPI_Syrk_implementation/build/src/MPI_SYRK_implementation(+0x2ab0)[0x55a1ee091ab0]
[hydra08:395627] [ 5] /lib/x86_64-linux-gnu/libc.so.6(+0x8483c)[0x7feb32fff83c]
[hydra10:506097] [13] /home/thesis/jheld/MPI_Syrk_implementation/build/src/MPI_SYRK_implementation(+0x232a)[0x5608fe39a32a]
[hydra10:506097] *** End of error message ***
[hydra11:373678] [ 4] /lib/x86_64-linux-gnu/libc.so.6(+0x8175a)[0x7f42d506375a]
[hydra05:393278] [ 9] /opt/mpi/openmpi-4.1.4//lib/libmpi.so.40(PMPI_Group_incl+0x95)[0x7f1c5cb93185]
[hydra05:393278] [10] /home/thesis/jheld/MPI_Syrk_implementation/build/src/MPI_SYRK_implementation(+0x841a)[0x55a95e77d41a]
[hydra09:386636] [12] /lib/x86_64-linux-gnu/libc.so.6(__libc_start_main+0xea)[0x7f17cfb1ad7a]
[hydra09:386636] [13] /home/thesis/jheld/MPI_Syrk_implementation/build/src/MPI_SYRK_implementation(+0x232a)[0x55a1ee09132a]
[hydra08:395626] [ 3] /lib/x86_64-linux-gnu/libc.so.6(+0x7a468)[0x7f430cc74468]
[hydra11:373678] [ 5] /lib/x86_64-linux-gnu/libc.so.6(+0x8483c)[0x7f42d506683c]
[hydra05:393280] [ 5] /lib/x86_64-linux-gnu/libc.so.6(+0x8483c)[0x7f220f41883c]
[hydra09:386636] *** End of error message ***
[hydra08:395627] [ 6] /lib/x86_64-linux-gnu/libc.so.6(__libc_calloc+0x81)[0x7feb33001bd1]
[hydra11:373678] [ 6] /lib/x86_64-linux-gnu/libc.so.6(__libc_calloc+0x81)[0x7f42d5068bd1]
[hydra05:393278] [11] /home/thesis/jheld/MPI_Syrk_implementation/build/src/MPI_SYRK_implementation(+0x2ab0)[0x55a95e777ab0]
[hydra08:395626] [ 4] /lib/x86_64-linux-gnu/libc.so.6(+0x8175a)[0x7f430cc7b75a]
[hydra11:373678] [ 7] /opt/mpi/openmpi-4.1.4//lib/libmpi.so.40(ompi_group_allocate+0x17)[0x7f42d6f361e7]
[hydra05:393278] [12] /lib/x86_64-linux-gnu/libc.so.6(__libc_start_main+0xea)[0x7f1c5ac31d7a]
[hydra05:393278] [13] /home/thesis/jheld/MPI_Syrk_implementation/build/src/MPI_SYRK_implementation(+0x232a)[0x55a95e77732a]
[hydra08:395627] [ 7] /opt/mpi/openmpi-4.1.4//lib/libmpi.so.40(ompi_group_allocate+0x17)[0x7feb34ecf1e7]
[hydra11:373678] [ 8] /opt/mpi/openmpi-4.1.4//lib/libmpi.so.40(ompi_group_incl_plist+0x65)[0x7f42d6f36915]
[hydra05:393280] [ 6] /lib/x86_64-linux-gnu/libc.so.6(__libc_calloc+0x81)[0x7f220f41abd1]
[hydra08:395626] [ 5] /lib/x86_64-linux-gnu/libc.so.6(+0x8483c)[0x7f430cc7e83c]
[hydra11:373678] [ 9] /opt/mpi/openmpi-4.1.4//lib/libmpi.so.40(PMPI_Group_incl+0x95)[0x7f42d6f67185]
[hydra11:373678] [10] /home/thesis/jheld/MPI_Syrk_implementation/build/src/MPI_SYRK_implementation(+0x841a)[0x5559dc05041a]
[hydra11:373678] [11] /home/thesis/jheld/MPI_Syrk_implementation/build/src/MPI_SYRK_implementation(+0x2ab0)[0x5559dc04aab0]
[hydra05:393278] *** End of error message ***
[hydra08:395627] [ 8] /opt/mpi/openmpi-4.1.4//lib/libmpi.so.40(ompi_group_incl_plist+0x65)[0x7feb34ecf915]
[hydra11:373678] [12] /lib/x86_64-linux-gnu/libc.so.6(__libc_start_main+0xea)[0x7f42d5005d7a]
[hydra11:373678] [13] /home/thesis/jheld/MPI_Syrk_implementation/build/src/MPI_SYRK_implementation(+0x232a)[0x5559dc04a32a]
[hydra05:393280] [ 7] /opt/mpi/openmpi-4.1.4//lib/libmpi.so.40(ompi_group_allocate+0x17)[0x7f22112e81e7]
[hydra08:395626] [ 6] /lib/x86_64-linux-gnu/libc.so.6(__libc_calloc+0x81)[0x7f430cc80bd1]
[hydra11:373678] *** End of error message ***
[hydra05:393280] [ 8] /opt/mpi/openmpi-4.1.4//lib/libmpi.so.40(ompi_group_incl_plist+0x65)[0x7f22112e8915]
[hydra08:395627] [ 9] /opt/mpi/openmpi-4.1.4//lib/libmpi.so.40(PMPI_Group_incl+0x95)[0x7feb34f00185]
[hydra08:395627] [10] /home/thesis/jheld/MPI_Syrk_implementation/build/src/MPI_SYRK_implementation(+0x841a)[0x55a8f2eec41a]
[hydra08:395627] [11] /home/thesis/jheld/MPI_Syrk_implementation/build/src/MPI_SYRK_implementation(+0x2ab0)[0x55a8f2ee6ab0]
[hydra05:393280] [ 9] /opt/mpi/openmpi-4.1.4//lib/libmpi.so.40(PMPI_Group_incl+0x95)[0x7f2211319185]
[hydra05:393280] [10] /home/thesis/jheld/MPI_Syrk_implementation/build/src/MPI_SYRK_implementation(+0x841a)[0x55896aa7841a]
[hydra08:395626] [ 7] /opt/mpi/openmpi-4.1.4//lib/libmpi.so.40(ompi_group_allocate+0x17)[0x7f430eb4e1e7]
[hydra05:393280] [11] /home/thesis/jheld/MPI_Syrk_implementation/build/src/MPI_SYRK_implementation(+0x2ab0)[0x55896aa72ab0]
[hydra08:395626] [ 8] /opt/mpi/openmpi-4.1.4//lib/libmpi.so.40(ompi_group_incl_plist+0x65)[0x7f430eb4e915]
[hydra05:393280] [12] /lib/x86_64-linux-gnu/libc.so.6(__libc_start_main+0xea)[0x7f220f3b7d7a]
[hydra08:395627] [12] /lib/x86_64-linux-gnu/libc.so.6(__libc_start_main+0xea)[0x7feb32f9ed7a]
[hydra08:395627] [13] /home/thesis/jheld/MPI_Syrk_implementation/build/src/MPI_SYRK_implementation(+0x232a)[0x55a8f2ee632a]
[hydra08:395627] *** End of error message ***
[hydra05:393280] [13] /home/thesis/jheld/MPI_Syrk_implementation/build/src/MPI_SYRK_implementation(+0x232a)[0x55896aa7232a]
[hydra05:393280] *** End of error message ***
[hydra08:395626] [ 9] /opt/mpi/openmpi-4.1.4//lib/libmpi.so.40(PMPI_Group_incl+0x95)[0x7f430eb7f185]
[hydra08:395626] [10] /home/thesis/jheld/MPI_Syrk_implementation/build/src/MPI_SYRK_implementation(+0x841a)[0x55b6b81a641a]
[hydra08:395626] [11] /home/thesis/jheld/MPI_Syrk_implementation/build/src/MPI_SYRK_implementation(+0x2ab0)[0x55b6b81a0ab0]
[hydra08:395626] [12] /lib/x86_64-linux-gnu/libc.so.6(__libc_start_main+0xea)[0x7f430cc1dd7a]
[hydra08:395626] [13] /home/thesis/jheld/MPI_Syrk_implementation/build/src/MPI_SYRK_implementation(+0x232a)[0x55b6b81a032a]
[hydra08:395626] *** End of error message ***
srun: error: hydra02: task 3: Aborted
srun: error: hydra03: task 6: Aborted
srun: error: hydra07: task 18: Aborted
srun: error: hydra09: task 26: Aborted
srun: error: hydra04: task 11: Aborted
srun: error: hydra06: task 15: Aborted
srun: error: hydra10: task 29: Aborted
srun: error: hydra05: tasks 12,14: Aborted
srun: error: hydra11: tasks 31-32: Aborted
srun: error: hydra08: tasks 21-22: Aborted
srun: error: hydra12: tasks 33-34: Aborted
slurmstepd: error:  mpi/pmix_v4: _errhandler: hydra04 [3]: pmixp_client_v2.c:211: Error handler invoked: status = -61, source = [slurm.pmix.5008700.14:11]
slurmstepd: error:  mpi/pmix_v4: _errhandler: hydra02 [1]: pmixp_client_v2.c:211: Error handler invoked: status = -61, source = [slurm.pmix.5008700.14:3]
slurmstepd: error:  mpi/pmix_v4: _errhandler: hydra06 [5]: pmixp_client_v2.c:211: Error handler invoked: status = -61, source = [slurm.pmix.5008700.14:15]
slurmstepd: error:  mpi/pmix_v4: _errhandler: hydra09 [8]: pmixp_client_v2.c:211: Error handler invoked: status = -61, source = [slurm.pmix.5008700.14:26]
slurmstepd: error:  mpi/pmix_v4: _errhandler: hydra10 [9]: pmixp_client_v2.c:211: Error handler invoked: status = -61, source = [slurm.pmix.5008700.14:29]
slurmstepd: error:  mpi/pmix_v4: _errhandler: hydra12 [11]: pmixp_client_v2.c:211: Error handler invoked: status = -61, source = [slurm.pmix.5008700.14:34]
slurmstepd: error:  mpi/pmix_v4: _errhandler: hydra05 [4]: pmixp_client_v2.c:211: Error handler invoked: status = -61, source = [slurm.pmix.5008700.14:12]
slurmstepd: error:  mpi/pmix_v4: _errhandler: hydra11 [10]: pmixp_client_v2.c:211: Error handler invoked: status = -61, source = [slurm.pmix.5008700.14:31]
slurmstepd: error:  mpi/pmix_v4: _errhandler: hydra07 [6]: pmixp_client_v2.c:211: Error handler invoked: status = -61, source = [slurm.pmix.5008700.14:18]
slurmstepd: error:  mpi/pmix_v4: _errhandler: hydra08 [7]: pmixp_client_v2.c:211: Error handler invoked: status = -61, source = [slurm.pmix.5008700.14:22]
slurmstepd: error:  mpi/pmix_v4: _errhandler: hydra03 [2]: pmixp_client_v2.c:211: Error handler invoked: status = -61, source = [slurm.pmix.5008700.14:6]
slurmstepd: error: *** STEP 5008700.14 ON hydra01 CANCELLED AT 2025-10-13T15:38:14 ***
srun: Job step aborted: Waiting up to 32 seconds for job step to finish.
srun: error: hydra12: task 35: Killed
srun: error: hydra08: task 23: Killed
srun: error: hydra11: task 30: Killed
srun: error: hydra05: task 13: Killed
srun: error: hydra04: tasks 9-10: Killed
srun: error: hydra09: tasks 24-25: Killed
srun: error: hydra06: tasks 16-17: Killed
srun: error: hydra07: tasks 19-20: Killed
srun: error: hydra03: tasks 7-8: Killed
srun: error: hydra02: tasks 4-5: Killed
srun: error: hydra10: tasks 27-28: Killed
srun: error: hydra01: tasks 0-2: Killed
⚠️ Warning: No runtime found for run 15
srun: Warning: can't honor --ntasks-per-node set to 1 which doesn't match the requested tasks 36 with the number of requested nodes 12. Ignoring --ntasks-per-node.
missing input file name --> Generate random input
malloc(): invalid size (unsorted)
[hydra12:373707] *** Process received signal ***
[hydra12:373707] Signal: Aborted (6)
[hydra12:373707] Signal code:  (-6)
malloc(): invalid size (unsorted)
[hydra11:373747] *** Process received signal ***
[hydra11:373747] Signal: Aborted (6)
[hydra11:373747] Signal code:  (-6)
[hydra11:373747] [ 0] /lib/x86_64-linux-gnu/libc.so.6(+0x38de0)[0x7f2ab89cfde0]
malloc(): invalid size (unsorted)
[hydra01:902451] *** Process received signal ***
[hydra01:902451] Signal: Aborted (6)
[hydra01:902451] Signal code:  (-6)
[hydra11:373747] [ 1] /lib/x86_64-linux-gnu/libc.so.6(gsignal+0x141)[0x7f2ab89cfd61]
malloc(): invalid size (unsorted)
[hydra11:373747] [ 2] /lib/x86_64-linux-gnu/libc.so.6(abort+0x123)[0x7f2ab89b9537]
[hydra01:902452] *** Process received signal ***
[hydra01:902452] Signal: Aborted (6)
[hydra01:902452] Signal code:  (-6)
malloc(): invalid size (unsorted)
[hydra05:393347] *** Process received signal ***
[hydra05:393347] Signal: Aborted (6)
[hydra05:393347] Signal code:  (-6)
[hydra11:373747] [ 3] /lib/x86_64-linux-gnu/libc.so.6(+0x7a468)[0x7f2ab8a11468]
[hydra01:902451] [ 0] /lib/x86_64-linux-gnu/libc.so.6(+0x38de0)[0x7f39ca48ade0]
malloc(): invalid size (unsorted)
[hydra09:386702] *** Process received signal ***
[hydra09:386702] Signal: Aborted (6)
[hydra09:386702] Signal code:  (-6)
[hydra01:902451] [ 1] /lib/x86_64-linux-gnu/libc.so.6(gsignal+0x141)[0x7f39ca48ad61]
[hydra01:902451] [ 2] /lib/x86_64-linux-gnu/libc.so.6(abort+0x123)[0x7f39ca474537]
malloc(): invalid size (unsorted)
[hydra02:583777] *** Process received signal ***
[hydra02:583777] Signal: Aborted (6)
[hydra02:583777] Signal code:  (-6)
[hydra11:373747] [ 4] /lib/x86_64-linux-gnu/libc.so.6(+0x8175a)[0x7f2ab8a1875a]
[hydra01:902451] [ 3] /lib/x86_64-linux-gnu/libc.so.6(+0x7a468)[0x7f39ca4cc468]
malloc(): invalid size (unsorted)
[hydra04:409397] *** Process received signal ***
[hydra04:409397] Signal: Aborted (6)
[hydra04:409397] Signal code:  (-6)
malloc(): invalid size (unsorted)
[hydra06:394020] *** Process received signal ***
[hydra06:394020] Signal: Aborted (6)
[hydra06:394020] Signal code:  (-6)
[hydra01:902452] [ 0] /lib/x86_64-linux-gnu/libc.so.6(+0x38de0)[0x7fc9d6cafde0]
[hydra11:373747] [ 5] /lib/x86_64-linux-gnu/libc.so.6(+0x8483c)[0x7f2ab8a1b83c]
malloc(): invalid size (unsorted)
[hydra08:395696] *** Process received signal ***
[hydra08:395696] Signal: Aborted (6)
[hydra08:395696] Signal code:  (-6)
[hydra01:902452] [ 1] /lib/x86_64-linux-gnu/libc.so.6(gsignal+0x141)[0x7fc9d6cafd61]
[hydra09:386702] [ 0] /lib/x86_64-linux-gnu/libc.so.6(+0x38de0)[0x7fd986a70de0]
[hydra01:902451] [ 4] /lib/x86_64-linux-gnu/libc.so.6(+0x8175a)[0x7f39ca4d375a]
malloc(): invalid size (unsorted)
[hydra03:410666] *** Process received signal ***
[hydra03:410666] Signal: Aborted (6)
[hydra03:410666] Signal code:  (-6)
[hydra11:373747] [ 6] /lib/x86_64-linux-gnu/libc.so.6(__libc_calloc+0x81)[0x7f2ab8a1dbd1]
[hydra01:902452] [ 2] /lib/x86_64-linux-gnu/libc.so.6(abort+0x123)[0x7fc9d6c99537]
malloc(): invalid size (unsorted)
[hydra07:420412] *** Process received signal ***
[hydra07:420412] Signal: Aborted (6)
[hydra07:420412] Signal code:  (-6)
[hydra09:386702] [ 1] /lib/x86_64-linux-gnu/libc.so.6(gsignal+0x141)[0x7fd986a70d61]
[hydra01:902451] [ 5] /lib/x86_64-linux-gnu/libc.so.6(+0x8483c)[0x7f39ca4d683c]
[hydra11:373747] [ 7] /opt/mpi/openmpi-4.1.4//lib/libmpi.so.40(ompi_group_allocate+0x17)[0x7f2aba8eb1e7]
[hydra01:902452] [ 3] /lib/x86_64-linux-gnu/libc.so.6(+0x7a468)[0x7fc9d6cf1468]
malloc(): invalid size (unsorted)
[hydra09:386702] [ 2] /lib/x86_64-linux-gnu/libc.so.6(abort+0x123)[0x7fd986a5a537]
[hydra01:902451] [ 6] /lib/x86_64-linux-gnu/libc.so.6(__libc_calloc+0x81)[0x7f39ca4d8bd1]
[hydra12:373707] [ 0] /lib/x86_64-linux-gnu/libc.so.6(+0x38de0)[0x7f4be21d0de0]
[hydra11:373747] [ 8] /opt/mpi/openmpi-4.1.4//lib/libmpi.so.40(ompi_group_incl_plist+0x65)[0x7f2aba8eb915]
malloc(): invalid size (unsorted)
[hydra08:395695] *** Process received signal ***
[hydra08:395695] Signal: Aborted (6)
[hydra08:395695] Signal code:  (-6)
[hydra01:902451] [ 7] /opt/mpi/openmpi-4.1.4//lib/libmpi.so.40(ompi_group_allocate+0x17)[0x7f39cc3a61e7]
[hydra12:373707] [ 1] /lib/x86_64-linux-gnu/libc.so.6(gsignal+0x141)[0x7f4be21d0d61]
[hydra11:373745] *** Process received signal ***
malloc(): invalid size (unsorted)
[hydra10:506167] *** Process received signal ***
[hydra10:506167] Signal: Aborted (6)
[hydra10:506167] Signal code:  (-6)
[hydra09:386702] [ 3] /lib/x86_64-linux-gnu/libc.so.6(+0x7a468)[0x7fd986ab2468]
[hydra01:902451] [ 8] /opt/mpi/openmpi-4.1.4//lib/libmpi.so.40(ompi_group_incl_plist+0x65)[0x7f39cc3a6915]
[hydra12:373707] [ 2] /lib/x86_64-linux-gnu/libc.so.6(abort+0x123)[0x7f4be21ba537]
[hydra11:373745] Signal: Aborted (6)
[hydra11:373745] Signal code:  (-6)
[hydra08:395696] [ 0] /lib/x86_64-linux-gnu/libc.so.6(+0x38de0)[0x7fdf703b2de0]
[hydra08:395696] [ 1] /lib/x86_64-linux-gnu/libc.so.6(gsignal+0x141)[0x7fdf703b2d61]
[hydra09:386702] [ 4] /lib/x86_64-linux-gnu/libc.so.6(+0x8175a)[0x7fd986ab975a]
[hydra01:902452] [ 4] /lib/x86_64-linux-gnu/libc.so.6(+0x8175a)[0x7fc9d6cf875a]
[hydra12:373707] [ 3] /lib/x86_64-linux-gnu/libc.so.6(+0x7a468)[0x7f4be2212468]
[hydra11:373747] [ 9] /opt/mpi/openmpi-4.1.4//lib/libmpi.so.40(PMPI_Group_incl+0x95)[0x7f2aba91c185]
[hydra11:373747] [10] /home/thesis/jheld/MPI_Syrk_implementation/build/src/MPI_SYRK_implementation(+0x841a)[0x55d5ee41a41a]
[hydra11:373747] [11] /home/thesis/jheld/MPI_Syrk_implementation/build/src/MPI_SYRK_implementation(+0x2ab0)[0x55d5ee414ab0]
[hydra10:506167] [ 0] /lib/x86_64-linux-gnu/libc.so.6(+0x38de0)[0x7fb4b0f6ade0]
[hydra08:395696] [ 2] /lib/x86_64-linux-gnu/libc.so.6(abort+0x123)[0x7fdf7039c537]
[hydra09:386702] [ 5] /lib/x86_64-linux-gnu/libc.so.6(+0x8483c)[0x7fd986abc83c]
[hydra01:902452] [ 5] /lib/x86_64-linux-gnu/libc.so.6(+0x8483c)[0x7fc9d6cfb83c]
[hydra12:373707] [ 4] /lib/x86_64-linux-gnu/libc.so.6(+0x8175a)[0x7f4be221975a]
[hydra11:373747] [12] /lib/x86_64-linux-gnu/libc.so.6(__libc_start_main+0xea)[0x7f2ab89bad7a]
[hydra11:373747] [13] /home/thesis/jheld/MPI_Syrk_implementation/build/src/MPI_SYRK_implementation(+0x232a)[0x55d5ee41432a]
[hydra10:506167] [ 1] /lib/x86_64-linux-gnu/libc.so.6(gsignal+0x141)[0x7fb4b0f6ad61]
[hydra08:395696] [ 3] /lib/x86_64-linux-gnu/libc.so.6(+0x7a468)[0x7fdf703f4468]
[hydra09:386702] [ 6] /lib/x86_64-linux-gnu/libc.so.6(__libc_calloc+0x81)[0x7fd986abebd1]
[hydra01:902451] [ 9] /opt/mpi/openmpi-4.1.4//lib/libmpi.so.40(PMPI_Group_incl+0x95)[0x7f39cc3d7185]
[hydra01:902451] [10] /home/thesis/jheld/MPI_Syrk_implementation/build/src/MPI_SYRK_implementation(+0x841a)[0x55d17d62641a]
[hydra01:902451] [11] /home/thesis/jheld/MPI_Syrk_implementation/build/src/MPI_SYRK_implementation(+0x2ab0)[0x55d17d620ab0]
[hydra12:373707] [ 5] /lib/x86_64-linux-gnu/libc.so.6(+0x8483c)[0x7f4be221c83c]
malloc(): invalid size (unsorted)
[hydra11:373747] *** End of error message ***
[hydra10:506167] [ 2] /lib/x86_64-linux-gnu/libc.so.6(abort+0x123)[0x7fb4b0f54537]
[hydra08:395695] [ 0] /lib/x86_64-linux-gnu/libc.so.6(+0x38de0)[0x7f5dab0adde0]
[hydra09:386702] [ 7] /opt/mpi/openmpi-4.1.4//lib/libmpi.so.40(ompi_group_allocate+0x17)[0x7fd98898c1e7]
[hydra01:902452] [ 6] /lib/x86_64-linux-gnu/libc.so.6(__libc_calloc+0x81)[0x7fc9d6cfdbd1]
[hydra12:373707] [ 6] /lib/x86_64-linux-gnu/libc.so.6(__libc_calloc+0x81)[0x7f4be221ebd1]
[hydra04:409396] *** Process received signal ***
[hydra04:409396] Signal: Aborted (6)
[hydra04:409396] Signal code:  (-6)
[hydra11:373745] [ 0] /lib/x86_64-linux-gnu/libc.so.6(+0x38de0)[0x7ff9f7a8bde0]
[hydra10:506167] [ 3] /lib/x86_64-linux-gnu/libc.so.6(+0x7a468)[0x7fb4b0fac468]
[hydra08:395696] [ 4] /lib/x86_64-linux-gnu/libc.so.6(+0x8175a)[0x7fdf703fb75a]
[hydra09:386702] [ 8] /opt/mpi/openmpi-4.1.4//lib/libmpi.so.40(ompi_group_incl_plist+0x65)[0x7fd98898c915]
malloc(): invalid size (unsorted)
[hydra06:394021] *** Process received signal ***
[hydra06:394021] Signal: Aborted (6)
[hydra06:394021] Signal code:  (-6)
[hydra01:902451] [12] /lib/x86_64-linux-gnu/libc.so.6(__libc_start_main+0xea)[0x7f39ca475d7a]
[hydra01:902451] [13] /home/thesis/jheld/MPI_Syrk_implementation/build/src/MPI_SYRK_implementation(+0x232a)[0x55d17d62032a]
[hydra01:902451] *** End of error message ***
[hydra12:373707] [ 7] /opt/mpi/openmpi-4.1.4//lib/libmpi.so.40(ompi_group_allocate+0x17)[0x7f4be40ec1e7]
[hydra04:409397] [ 0] /lib/x86_64-linux-gnu/libc.so.6(+0x38de0)[0x7f3289393de0]
[hydra05:393347] [ 0] /lib/x86_64-linux-gnu/libc.so.6(+0x38de0)[0x7f4bcfc78de0]
[hydra02:583777] [ 0] /lib/x86_64-linux-gnu/libc.so.6(+0x38de0)[0x7f4cafb03de0]
[hydra11:373745] [ 1] /lib/x86_64-linux-gnu/libc.so.6(gsignal+0x141)[0x7ff9f7a8bd61]
[hydra11:373745] [ 2] /lib/x86_64-linux-gnu/libc.so.6(abort+0x123)[0x7ff9f7a75537]
[hydra10:506167] [ 4] /lib/x86_64-linux-gnu/libc.so.6(+0x8175a)[0x7fb4b0fb375a]
[hydra08:395695] [ 1] /lib/x86_64-linux-gnu/libc.so.6(gsignal+0x141)[0x7f5dab0add61]
[hydra09:386702] [ 9] /opt/mpi/openmpi-4.1.4//lib/libmpi.so.40(PMPI_Group_incl+0x95)[0x7fd9889bd185]
[hydra06:394020] [ 0] /lib/x86_64-linux-gnu/libc.so.6(+0x38de0)[0x7efcc0f2bde0]
[hydra06:394020] [ 1] /lib/x86_64-linux-gnu/libc.so.6(gsignal+0x141)[0x7efcc0f2bd61]
[hydra06:394020] [ 2] /lib/x86_64-linux-gnu/libc.so.6(abort+0x123)[0x7efcc0f15537]
[hydra01:902452] [ 7] /opt/mpi/openmpi-4.1.4//lib/libmpi.so.40(ompi_group_allocate+0x17)[0x7fc9d8bcb1e7]
[hydra12:373707] [ 8] /opt/mpi/openmpi-4.1.4//lib/libmpi.so.40(ompi_group_incl_plist+0x65)[0x7f4be40ec915]
[hydra04:409397] [ 1] /lib/x86_64-linux-gnu/libc.so.6(gsignal+0x141)[0x7f3289393d61]
[hydra05:393347] [ 1] /lib/x86_64-linux-gnu/libc.so.6(gsignal+0x141)[0x7f4bcfc78d61]
[hydra02:583777] [ 1] /lib/x86_64-linux-gnu/libc.so.6(gsignal+0x141)[0x7f4cafb03d61]
[hydra11:373745] [ 3] /lib/x86_64-linux-gnu/libc.so.6(+0x7a468)[0x7ff9f7acd468]
[hydra10:506167] [ 5] /lib/x86_64-linux-gnu/libc.so.6(+0x8483c)[0x7fb4b0fb683c]
[hydra08:395696] [ 5] /lib/x86_64-linux-gnu/libc.so.6(+0x8483c)[0x7fdf703fe83c]
[hydra09:386702] [10] /home/thesis/jheld/MPI_Syrk_implementation/build/src/MPI_SYRK_implementation(+0x841a)[0x55d40e79e41a]
[hydra09:386702] [11] /home/thesis/jheld/MPI_Syrk_implementation/build/src/MPI_SYRK_implementation(+0x2ab0)[0x55d40e798ab0]
[hydra06:394021] [ 0] /lib/x86_64-linux-gnu/libc.so.6(+0x38de0)[0x7ff636255de0]
[hydra06:394021] [ 1] /lib/x86_64-linux-gnu/libc.so.6(gsignal+0x141)[0x7ff636255d61]
[hydra06:394021] [ 2] /lib/x86_64-linux-gnu/libc.so.6(abort+0x123)[0x7ff63623f537]
[hydra01:902452] [ 8] /opt/mpi/openmpi-4.1.4//lib/libmpi.so.40(ompi_group_incl_plist+0x65)[0x7fc9d8bcb915]
[hydra12:373707] [ 9] /opt/mpi/openmpi-4.1.4//lib/libmpi.so.40(PMPI_Group_incl+0x95)[0x7f4be411d185]
[hydra04:409397] [ 2] /lib/x86_64-linux-gnu/libc.so.6(abort+0x123)[0x7f328937d537]
[hydra03:410666] [ 0] /lib/x86_64-linux-gnu/libc.so.6(+0x38de0)[0x7f24bc5eade0]
[hydra05:393347] [ 2] /lib/x86_64-linux-gnu/libc.so.6(abort+0x123)[0x7f4bcfc62537]
[hydra02:583777] [ 2] /lib/x86_64-linux-gnu/libc.so.6(abort+0x123)[0x7f4cafaed537]
[hydra11:373745] [ 4] /lib/x86_64-linux-gnu/libc.so.6(+0x8175a)[0x7ff9f7ad475a]
[hydra10:506167] [ 6] /lib/x86_64-linux-gnu/libc.so.6(__libc_calloc+0x81)[0x7fb4b0fb8bd1]
[hydra08:395695] [ 2] /lib/x86_64-linux-gnu/libc.so.6(abort+0x123)[0x7f5dab097537]
[hydra09:386702] [12] /lib/x86_64-linux-gnu/libc.so.6(__libc_start_main+0xea)[0x7fd986a5bd7a]
[hydra06:394020] [ 3] /lib/x86_64-linux-gnu/libc.so.6(+0x7a468)[0x7efcc0f6d468]
[hydra01:902452] [ 9] /opt/mpi/openmpi-4.1.4//lib/libmpi.so.40(PMPI_Group_incl+0x95)[0x7fc9d8bfc185]
[hydra01:902452] [10] /home/thesis/jheld/MPI_Syrk_implementation/build/src/MPI_SYRK_implementation(+0x841a)[0x563d5e2e541a]
[hydra01:902452] [11] /home/thesis/jheld/MPI_Syrk_implementation/build/src/MPI_SYRK_implementation(+0x2ab0)[0x563d5e2dfab0]
[hydra12:373707] [10] /home/thesis/jheld/MPI_Syrk_implementation/build/src/MPI_SYRK_implementation(+0x841a)[0x55f7c573841a]
[hydra12:373707] [11] /home/thesis/jheld/MPI_Syrk_implementation/build/src/MPI_SYRK_implementation(+0x2ab0)[0x55f7c5732ab0]
[hydra04:409396] [ 0] /lib/x86_64-linux-gnu/libc.so.6(+0x38de0)[0x7f9ce0532de0]
[hydra03:410666] [ 1] /lib/x86_64-linux-gnu/libc.so.6(gsignal+0x141)[0x7f24bc5ead61]
[hydra05:393347] [ 3] /lib/x86_64-linux-gnu/libc.so.6(+0x7a468)[0x7f4bcfcba468]
[hydra02:583777] [ 3] /lib/x86_64-linux-gnu/libc.so.6(+0x7a468)[0x7f4cafb45468]
malloc(): invalid size (unsorted)
[hydra07:420414] *** Process received signal ***
[hydra07:420414] Signal: Aborted (6)
[hydra07:420414] Signal code:  (-6)
[hydra11:373745] [ 5] /lib/x86_64-linux-gnu/libc.so.6(+0x8483c)[0x7ff9f7ad783c]
[hydra10:506167] [ 7] /opt/mpi/openmpi-4.1.4//lib/libmpi.so.40(ompi_group_allocate+0x17)[0x7fb4b2e861e7]
[hydra08:395696] [ 6] /lib/x86_64-linux-gnu/libc.so.6(__libc_calloc+0x81)[0x7fdf70400bd1]
[hydra09:386702] [13] /home/thesis/jheld/MPI_Syrk_implementation/build/src/MPI_SYRK_implementation(+0x232a)[0x55d40e79832a]
[hydra09:386702] *** End of error message ***
[hydra06:394021] [ 3] /lib/x86_64-linux-gnu/libc.so.6(+0x7a468)[0x7ff636297468]
[hydra01:902452] [12] /lib/x86_64-linux-gnu/libc.so.6(__libc_start_main+0xea)[0x7fc9d6c9ad7a]
[hydra01:902452] [13] /home/thesis/jheld/MPI_Syrk_implementation/build/src/MPI_SYRK_implementation(+0x232a)[0x563d5e2df32a]
[hydra01:902452] *** End of error message ***
[hydra12:373707] [12] /lib/x86_64-linux-gnu/libc.so.6(__libc_start_main+0xea)[0x7f4be21bbd7a]
[hydra12:373707] [13] /home/thesis/jheld/MPI_Syrk_implementation/build/src/MPI_SYRK_implementation(+0x232a)[0x55f7c573232a]
[hydra04:409397] [ 3] /lib/x86_64-linux-gnu/libc.so.6(+0x7a468)[0x7f32893d5468]
[hydra03:410666] [ 2] /lib/x86_64-linux-gnu/libc.so.6(abort+0x123)[0x7f24bc5d4537]
[hydra05:393347] [ 4] /lib/x86_64-linux-gnu/libc.so.6(+0x8175a)[0x7f4bcfcc175a]
[hydra02:583777] [ 4] /lib/x86_64-linux-gnu/libc.so.6(+0x8175a)[0x7f4cafb4c75a]
[hydra07:420412] [ 0] /lib/x86_64-linux-gnu/libc.so.6(+0x38de0)[0x7f65dad8ede0]
[hydra11:373745] [ 6] /lib/x86_64-linux-gnu/libc.so.6(__libc_calloc+0x81)[0x7ff9f7ad9bd1]
[hydra10:506167] [ 8] /opt/mpi/openmpi-4.1.4//lib/libmpi.so.40(ompi_group_incl_plist+0x65)[0x7fb4b2e86915]
[hydra08:395695] [ 3] /lib/x86_64-linux-gnu/libc.so.6(+0x7a468)[0x7f5dab0ef468]
[hydra06:394020] [ 4] /lib/x86_64-linux-gnu/libc.so.6(+0x8175a)[0x7efcc0f7475a]
[hydra12:373707] *** End of error message ***
[hydra04:409396] [ 1] /lib/x86_64-linux-gnu/libc.so.6(gsignal+0x141)[0x7f9ce0532d61]
[hydra03:410666] [ 3] /lib/x86_64-linux-gnu/libc.so.6(+0x7a468)[0x7f24bc62c468]
[hydra05:393347] [ 5] /lib/x86_64-linux-gnu/libc.so.6(+0x8483c)[0x7f4bcfcc483c]
[hydra02:583777] [ 5] /lib/x86_64-linux-gnu/libc.so.6(+0x8483c)[0x7f4cafb4f83c]
[hydra07:420412] [ 1] /lib/x86_64-linux-gnu/libc.so.6(gsignal+0x141)[0x7f65dad8ed61]
[hydra11:373745] [ 7] /opt/mpi/openmpi-4.1.4//lib/libmpi.so.40(ompi_group_allocate+0x17)[0x7ff9f99a71e7]
[hydra10:506167] [ 9] /opt/mpi/openmpi-4.1.4//lib/libmpi.so.40(PMPI_Group_incl+0x95)[0x7fb4b2eb7185]
[hydra10:506167] [10] /home/thesis/jheld/MPI_Syrk_implementation/build/src/MPI_SYRK_implementation(+0x841a)[0x55eb3d75941a]
[hydra08:395696] [ 7] /opt/mpi/openmpi-4.1.4//lib/libmpi.so.40(ompi_group_allocate+0x17)[0x7fdf722ce1e7]
[hydra06:394021] [ 4] /lib/x86_64-linux-gnu/libc.so.6(+0x8175a)[0x7ff63629e75a]
[hydra04:409396] [ 2] /lib/x86_64-linux-gnu/libc.so.6(abort+0x123)[0x7f9ce051c537]
[hydra03:410666] [ 4] /lib/x86_64-linux-gnu/libc.so.6(+0x8175a)[0x7f24bc63375a]
[hydra05:393347] [ 6] /lib/x86_64-linux-gnu/libc.so.6(__libc_calloc+0x81)[0x7f4bcfcc6bd1]
[hydra02:583777] [ 6] /lib/x86_64-linux-gnu/libc.so.6(__libc_calloc+0x81)[0x7f4cafb51bd1]
[hydra07:420412] [ 2] /lib/x86_64-linux-gnu/libc.so.6(abort+0x123)[0x7f65dad78537]
[hydra11:373745] [ 8] /opt/mpi/openmpi-4.1.4//lib/libmpi.so.40(ompi_group_incl_plist+0x65)[0x7ff9f99a7915]
[hydra10:506167] [11] /home/thesis/jheld/MPI_Syrk_implementation/build/src/MPI_SYRK_implementation(+0x2ab0)[0x55eb3d753ab0]
[hydra08:395695] [ 4] /lib/x86_64-linux-gnu/libc.so.6(+0x8175a)[0x7f5dab0f675a]
[hydra06:394020] [ 5] /lib/x86_64-linux-gnu/libc.so.6(+0x8483c)[0x7efcc0f7783c]
[hydra04:409397] [ 4] /lib/x86_64-linux-gnu/libc.so.6(+0x8175a)[0x7f32893dc75a]
[hydra03:410666] [ 5] /lib/x86_64-linux-gnu/libc.so.6(+0x8483c)[0x7f24bc63683c]
[hydra05:393347] [ 7] /opt/mpi/openmpi-4.1.4//lib/libmpi.so.40(ompi_group_allocate+0x17)[0x7f4bd1b941e7]
[hydra02:583777] [ 7] /opt/mpi/openmpi-4.1.4//lib/libmpi.so.40(ompi_group_allocate+0x17)[0x7f4cb1a1f1e7]
[hydra07:420412] [ 3] /lib/x86_64-linux-gnu/libc.so.6(+0x7a468)[0x7f65dadd0468]
[hydra07:420412] [ 4] /lib/x86_64-linux-gnu/libc.so.6(+0x8175a)[0x7f65dadd775a]
[hydra11:373745] [ 9] /opt/mpi/openmpi-4.1.4//lib/libmpi.so.40(PMPI_Group_incl+0x95)[0x7ff9f99d8185]
[hydra11:373745] [10] /home/thesis/jheld/MPI_Syrk_implementation/build/src/MPI_SYRK_implementation(+0x841a)[0x561332a3941a]
[hydra10:506167] [12] /lib/x86_64-linux-gnu/libc.so.6(__libc_start_main+0xea)[0x7fb4b0f55d7a]
[hydra10:506167] [13] /home/thesis/jheld/MPI_Syrk_implementation/build/src/MPI_SYRK_implementation(+0x232a)[0x55eb3d75332a]
[hydra08:395696] [ 8] /opt/mpi/openmpi-4.1.4//lib/libmpi.so.40(ompi_group_incl_plist+0x65)[0x7fdf722ce915]
[hydra06:394021] [ 5] /lib/x86_64-linux-gnu/libc.so.6(+0x8483c)[0x7ff6362a183c]
[hydra04:409397] [ 5] /lib/x86_64-linux-gnu/libc.so.6(+0x8483c)[0x7f32893df83c]
[hydra03:410666] [ 6] /lib/x86_64-linux-gnu/libc.so.6(__libc_calloc+0x81)[0x7f24bc638bd1]
[hydra05:393347] [ 8] /opt/mpi/openmpi-4.1.4//lib/libmpi.so.40(ompi_group_incl_plist+0x65)[0x7f4bd1b94915]
[hydra02:583777] [ 8] /opt/mpi/openmpi-4.1.4//lib/libmpi.so.40(ompi_group_incl_plist+0x65)[0x7f4cb1a1f915]
[hydra07:420414] [ 0] /lib/x86_64-linux-gnu/libc.so.6(+0x38de0)[0x7f64c3751de0]
[hydra07:420414] [ 1] /lib/x86_64-linux-gnu/libc.so.6(gsignal+0x141)[0x7f64c3751d61]
[hydra11:373745] [11] /home/thesis/jheld/MPI_Syrk_implementation/build/src/MPI_SYRK_implementation(+0x2ab0)[0x561332a33ab0]
[hydra10:506167] *** End of error message ***
[hydra08:395695] [ 5] /lib/x86_64-linux-gnu/libc.so.6(+0x8483c)[0x7f5dab0f983c]
[hydra06:394020] [ 6] /lib/x86_64-linux-gnu/libc.so.6(__libc_calloc+0x81)[0x7efcc0f79bd1]
[hydra04:409396] [ 3] /lib/x86_64-linux-gnu/libc.so.6(+0x7a468)[0x7f9ce0574468]
[hydra03:410666] [ 7] /opt/mpi/openmpi-4.1.4//lib/libmpi.so.40(ompi_group_allocate+0x17)[0x7f24be5061e7]
[hydra05:393347] [ 9] /opt/mpi/openmpi-4.1.4//lib/libmpi.so.40(PMPI_Group_incl+0x95)[0x7f4bd1bc5185]
[hydra05:393347] [10] /home/thesis/jheld/MPI_Syrk_implementation/build/src/MPI_SYRK_implementation(+0x841a)[0x55a3cbfc141a]
[hydra02:583777] [ 9] /opt/mpi/openmpi-4.1.4//lib/libmpi.so.40(PMPI_Group_incl+0x95)[0x7f4cb1a50185]
[hydra02:583777] [10] /home/thesis/jheld/MPI_Syrk_implementation/build/src/MPI_SYRK_implementation(+0x841a)[0x55e28300841a]
[hydra07:420412] [ 5] /lib/x86_64-linux-gnu/libc.so.6(+0x8483c)[0x7f65dadda83c]
[hydra11:373745] [12] /lib/x86_64-linux-gnu/libc.so.6(__libc_start_main+0xea)[0x7ff9f7a76d7a]
[hydra08:395696] [ 9] /opt/mpi/openmpi-4.1.4//lib/libmpi.so.40(PMPI_Group_incl+0x95)[0x7fdf722ff185]
[hydra08:395696] [10] /home/thesis/jheld/MPI_Syrk_implementation/build/src/MPI_SYRK_implementation(+0x841a)[0x55b602c3741a]
[hydra08:395696] [11] /home/thesis/jheld/MPI_Syrk_implementation/build/src/MPI_SYRK_implementation(+0x2ab0)[0x55b602c31ab0]
[hydra06:394021] [ 6] /lib/x86_64-linux-gnu/libc.so.6(__libc_calloc+0x81)[0x7ff6362a3bd1]
[hydra04:409397] [ 6] /lib/x86_64-linux-gnu/libc.so.6(__libc_calloc+0x81)[0x7f32893e1bd1]
[hydra03:410666] [ 8] /opt/mpi/openmpi-4.1.4//lib/libmpi.so.40(ompi_group_incl_plist+0x65)[0x7f24be506915]
[hydra05:393347] [11] /home/thesis/jheld/MPI_Syrk_implementation/build/src/MPI_SYRK_implementation(+0x2ab0)[0x55a3cbfbbab0]
[hydra02:583777] [11] /home/thesis/jheld/MPI_Syrk_implementation/build/src/MPI_SYRK_implementation(+0x2ab0)[0x55e283002ab0]
[hydra07:420414] [ 2] /lib/x86_64-linux-gnu/libc.so.6(abort+0x123)[0x7f64c373b537]
[hydra11:373745] [13] /home/thesis/jheld/MPI_Syrk_implementation/build/src/MPI_SYRK_implementation(+0x232a)[0x561332a3332a]
[hydra11:373745] *** End of error message ***
[hydra08:395695] [ 6] /lib/x86_64-linux-gnu/libc.so.6(__libc_calloc+0x81)[0x7f5dab0fbbd1]
[hydra06:394020] [ 7] /opt/mpi/openmpi-4.1.4//lib/libmpi.so.40(ompi_group_allocate+0x17)[0x7efcc2e471e7]
[hydra04:409396] [ 4] /lib/x86_64-linux-gnu/libc.so.6(+0x8175a)[0x7f9ce057b75a]
[hydra03:410666] [ 9] /opt/mpi/openmpi-4.1.4//lib/libmpi.so.40(PMPI_Group_incl+0x95)[0x7f24be537185]
[hydra03:410666] [10] /home/thesis/jheld/MPI_Syrk_implementation/build/src/MPI_SYRK_implementation(+0x841a)[0x56102cf6641a]
[hydra05:393347] [12] /lib/x86_64-linux-gnu/libc.so.6(__libc_start_main+0xea)[0x7f4bcfc63d7a]
[hydra05:393347] [13] /home/thesis/jheld/MPI_Syrk_implementation/build/src/MPI_SYRK_implementation(+0x232a)[0x55a3cbfbb32a]
[hydra02:583777] [12] /lib/x86_64-linux-gnu/libc.so.6(__libc_start_main+0xea)[0x7f4cafaeed7a]
[hydra02:583777] [13] /home/thesis/jheld/MPI_Syrk_implementation/build/src/MPI_SYRK_implementation(+0x232a)[0x55e28300232a]
[hydra07:420412] [ 6] /lib/x86_64-linux-gnu/libc.so.6(__libc_calloc+0x81)[0x7f65daddcbd1]
[hydra08:395696] [12] /lib/x86_64-linux-gnu/libc.so.6(__libc_start_main+0xea)[0x7fdf7039dd7a]
[hydra08:395696] [13] /home/thesis/jheld/MPI_Syrk_implementation/build/src/MPI_SYRK_implementation(+0x232a)[0x55b602c3132a]
[hydra08:395696] *** End of error message ***
[hydra06:394021] [ 7] /opt/mpi/openmpi-4.1.4//lib/libmpi.so.40(ompi_group_allocate+0x17)[0x7ff6381711e7]
[hydra04:409397] [ 7] /opt/mpi/openmpi-4.1.4//lib/libmpi.so.40(ompi_group_allocate+0x17)[0x7f328b2af1e7]
[hydra03:410666] [11] /home/thesis/jheld/MPI_Syrk_implementation/build/src/MPI_SYRK_implementation(+0x2ab0)[0x56102cf60ab0]
[hydra05:393347] *** End of error message ***
[hydra02:583777] *** End of error message ***
[hydra07:420414] [ 3] /lib/x86_64-linux-gnu/libc.so.6(+0x7a468)[0x7f64c3793468]
[hydra08:395695] [ 7] /opt/mpi/openmpi-4.1.4//lib/libmpi.so.40(ompi_group_allocate+0x17)[0x7f5dacfc91e7]
[hydra06:394020] [ 8] /opt/mpi/openmpi-4.1.4//lib/libmpi.so.40(ompi_group_incl_plist+0x65)[0x7efcc2e47915]
[hydra04:409396] [ 5] /lib/x86_64-linux-gnu/libc.so.6(+0x8483c)[0x7f9ce057e83c]
[hydra03:410666] [12] /lib/x86_64-linux-gnu/libc.so.6(__libc_start_main+0xea)[0x7f24bc5d5d7a]
[hydra03:410666] [13] /home/thesis/jheld/MPI_Syrk_implementation/build/src/MPI_SYRK_implementation(+0x232a)[0x56102cf6032a]
[hydra07:420412] [ 7] /opt/mpi/openmpi-4.1.4//lib/libmpi.so.40(ompi_group_allocate+0x17)[0x7f65dccaa1e7]
[hydra08:395695] [ 8] /opt/mpi/openmpi-4.1.4//lib/libmpi.so.40(ompi_group_incl_plist+0x65)[0x7f5dacfc9915]
[hydra04:409397] [ 8] /opt/mpi/openmpi-4.1.4//lib/libmpi.so.40(ompi_group_incl_plist+0x65)[0x7f328b2af915]
[hydra03:410666] *** End of error message ***
[hydra07:420412] [ 8] /opt/mpi/openmpi-4.1.4//lib/libmpi.so.40(ompi_group_incl_plist+0x65)[0x7f65dccaa915]
[hydra08:395695] [ 9] /opt/mpi/openmpi-4.1.4//lib/libmpi.so.40(PMPI_Group_incl+0x95)[0x7f5dacffa185]
[hydra08:395695] [10] /home/thesis/jheld/MPI_Syrk_implementation/build/src/MPI_SYRK_implementation(+0x841a)[0x56337d91241a]
[hydra08:395695] [11] /home/thesis/jheld/MPI_Syrk_implementation/build/src/MPI_SYRK_implementation(+0x2ab0)[0x56337d90cab0]
[hydra04:409396] [ 6] /lib/x86_64-linux-gnu/libc.so.6(__libc_calloc+0x81)[0x7f9ce0580bd1]
[hydra07:420414] [ 4] /lib/x86_64-linux-gnu/libc.so.6(+0x8175a)[0x7f64c379a75a]
[hydra08:395695] [12] /lib/x86_64-linux-gnu/libc.so.6(__libc_start_main+0xea)[0x7f5dab098d7a]
[hydra08:395695] [13] /home/thesis/jheld/MPI_Syrk_implementation/build/src/MPI_SYRK_implementation(+0x232a)[0x56337d90c32a]
[hydra04:409397] [ 9] /opt/mpi/openmpi-4.1.4//lib/libmpi.so.40(PMPI_Group_incl+0x95)[0x7f328b2e0185]
[hydra04:409397] [10] /home/thesis/jheld/MPI_Syrk_implementation/build/src/MPI_SYRK_implementation(+0x841a)[0x55edb0d2d41a]
[hydra07:420412] [ 9] /opt/mpi/openmpi-4.1.4//lib/libmpi.so.40(PMPI_Group_incl+0x95)[0x7f65dccdb185]
[hydra08:395695] *** End of error message ***
[hydra04:409396] [ 7] /opt/mpi/openmpi-4.1.4//lib/libmpi.so.40(ompi_group_allocate+0x17)[0x7f9ce244e1e7]
[hydra07:420414] [ 5] /lib/x86_64-linux-gnu/libc.so.6(+0x8483c)[0x7f64c379d83c]
[hydra04:409397] [11] /home/thesis/jheld/MPI_Syrk_implementation/build/src/MPI_SYRK_implementation(+0x2ab0)[0x55edb0d27ab0]
[hydra07:420412] [10] /home/thesis/jheld/MPI_Syrk_implementation/build/src/MPI_SYRK_implementation(+0x841a)[0x55bd9c53e41a]
[hydra07:420412] [11] /home/thesis/jheld/MPI_Syrk_implementation/build/src/MPI_SYRK_implementation(+0x2ab0)[0x55bd9c538ab0]
[hydra04:409396] [ 8] /opt/mpi/openmpi-4.1.4//lib/libmpi.so.40(ompi_group_incl_plist+0x65)[0x7f9ce244e915]
[hydra07:420414] [ 6] /lib/x86_64-linux-gnu/libc.so.6(__libc_calloc+0x81)[0x7f64c379fbd1]
[hydra04:409397] [12] /lib/x86_64-linux-gnu/libc.so.6(__libc_start_main+0xea)[0x7f328937ed7a]
[hydra04:409397] [13] /home/thesis/jheld/MPI_Syrk_implementation/build/src/MPI_SYRK_implementation(+0x232a)[0x55edb0d2732a]
[hydra04:409397] *** End of error message ***
[hydra07:420412] [12] /lib/x86_64-linux-gnu/libc.so.6(__libc_start_main+0xea)[0x7f65dad79d7a]
[hydra07:420412] [13] /home/thesis/jheld/MPI_Syrk_implementation/build/src/MPI_SYRK_implementation(+0x232a)[0x55bd9c53832a]
[hydra07:420412] *** End of error message ***
[hydra07:420414] [ 7] /opt/mpi/openmpi-4.1.4//lib/libmpi.so.40(ompi_group_allocate+0x17)[0x7f64c566d1e7]
[hydra07:420414] [ 8] /opt/mpi/openmpi-4.1.4//lib/libmpi.so.40(ompi_group_incl_plist+0x65)[0x7f64c566d915]
[hydra07:420414] [ 9] /opt/mpi/openmpi-4.1.4//lib/libmpi.so.40(PMPI_Group_incl+0x95)[0x7f64c569e185]
[hydra07:420414] [10] /home/thesis/jheld/MPI_Syrk_implementation/build/src/MPI_SYRK_implementation(+0x841a)[0x55e68391b41a]
[hydra07:420414] [11] /home/thesis/jheld/MPI_Syrk_implementation/build/src/MPI_SYRK_implementation(+0x2ab0)[0x55e683915ab0]
[hydra07:420414] [12] /lib/x86_64-linux-gnu/libc.so.6(__libc_start_main+0xea)[0x7f64c373cd7a]
[hydra07:420414] [13] /home/thesis/jheld/MPI_Syrk_implementation/build/src/MPI_SYRK_implementation(+0x232a)[0x55e68391532a]
[hydra07:420414] *** End of error message ***
[hydra06:394021] [ 8] /opt/mpi/openmpi-4.1.4//lib/libmpi.so.40(ompi_group_incl_plist+0x65)[0x7ff638171915]
[hydra04:409396] [ 9] /opt/mpi/openmpi-4.1.4//lib/libmpi.so.40(PMPI_Group_incl+0x95)[0x7f9ce247f185]
[hydra04:409396] [10] /home/thesis/jheld/MPI_Syrk_implementation/build/src/MPI_SYRK_implementation(+0x841a)[0x56073d48941a]
[hydra06:394021] [ 9] /opt/mpi/openmpi-4.1.4//lib/libmpi.so.40(PMPI_Group_incl+0x95)[0x7ff6381a2185]
[hydra04:409396] [11] /home/thesis/jheld/MPI_Syrk_implementation/build/src/MPI_SYRK_implementation(+0x2ab0)[0x56073d483ab0]
[hydra06:394020] [ 9] /opt/mpi/openmpi-4.1.4//lib/libmpi.so.40(PMPI_Group_incl+0x95)[0x7efcc2e78185]
[hydra06:394020] [10] /home/thesis/jheld/MPI_Syrk_implementation/build/src/MPI_SYRK_implementation(+0x841a)[0x55865203341a]
[hydra06:394020] [11] /home/thesis/jheld/MPI_Syrk_implementation/build/src/MPI_SYRK_implementation(+0x2ab0)[0x55865202dab0]
[hydra04:409396] [12] /lib/x86_64-linux-gnu/libc.so.6(__libc_start_main+0xea)[0x7f9ce051dd7a]
[hydra04:409396] [13] /home/thesis/jheld/MPI_Syrk_implementation/build/src/MPI_SYRK_implementation(+0x232a)[0x56073d48332a]
[hydra06:394021] [10] /home/thesis/jheld/MPI_Syrk_implementation/build/src/MPI_SYRK_implementation(+0x841a)[0x561524de941a]
[hydra06:394021] [11] /home/thesis/jheld/MPI_Syrk_implementation/build/src/MPI_SYRK_implementation(+0x2ab0)[0x561524de3ab0]
[hydra04:409396] *** End of error message ***
[hydra06:394020] [12] /lib/x86_64-linux-gnu/libc.so.6(__libc_start_main+0xea)[0x7efcc0f16d7a]
[hydra06:394020] [13] /home/thesis/jheld/MPI_Syrk_implementation/build/src/MPI_SYRK_implementation(+0x232a)[0x55865202d32a]
[hydra06:394021] [12] /lib/x86_64-linux-gnu/libc.so.6(__libc_start_main+0xea)[0x7ff636240d7a]
[hydra06:394021] [13] /home/thesis/jheld/MPI_Syrk_implementation/build/src/MPI_SYRK_implementation(+0x232a)[0x561524de332a]
[hydra06:394021] *** End of error message ***
[hydra06:394020] *** End of error message ***
srun: error: hydra05: task 13: Aborted
srun: error: hydra10: task 27: Aborted
srun: error: hydra02: task 3: Aborted
srun: error: hydra03: task 7: Aborted
srun: error: hydra09: task 24: Aborted
srun: error: hydra12: task 35: Aborted
srun: error: hydra06: tasks 15-16: Aborted
srun: error: hydra07: tasks 18,20: Aborted
srun: error: hydra11: tasks 30,32: Aborted
srun: error: hydra08: tasks 21-22: Aborted
srun: error: hydra04: tasks 9-10: Aborted
srun: error: hydra01: tasks 1-2: Aborted
slurmstepd: error:  mpi/pmix_v4: _errhandler: hydra05 [4]: pmixp_client_v2.c:211: Error handler invoked: status = -61, source = [slurm.pmix.5008700.15:13]
slurmstepd: error:  mpi/pmix_v4: _errhandler: hydra12 [11]: pmixp_client_v2.c:211: Error handler invoked: status = -61, source = [slurm.pmix.5008700.15:35]
slurmstepd: error: *** STEP 5008700.15 ON hydra01 CANCELLED AT 2025-10-13T15:38:16 ***
slurmstepd: error:  mpi/pmix_v4: _errhandler: hydra02 [1]: pmixp_client_v2.c:211: Error handler invoked: status = -61, source = [slurm.pmix.5008700.15:3]
slurmstepd: error:  mpi/pmix_v4: _errhandler: hydra09 [8]: pmixp_client_v2.c:211: Error handler invoked: status = -61, source = [slurm.pmix.5008700.15:24]
slurmstepd: error:  mpi/pmix_v4: _errhandler: hydra03 [2]: pmixp_client_v2.c:211: Error handler invoked: status = -61, source = [slurm.pmix.5008700.15:7]
slurmstepd: error:  mpi/pmix_v4: _errhandler: hydra10 [9]: pmixp_client_v2.c:211: Error handler invoked: status = -61, source = [slurm.pmix.5008700.15:27]
slurmstepd: error:  mpi/pmix_v4: _errhandler: hydra04 [3]: pmixp_client_v2.c:211: Error handler invoked: status = -61, source = [slurm.pmix.5008700.15:10]
slurmstepd: error:  mpi/pmix_v4: _errhandler: hydra01 [0]: pmixp_client_v2.c:211: Error handler invoked: status = -61, source = [slurm.pmix.5008700.15:2]
slurmstepd: error:  mpi/pmix_v4: _errhandler: hydra11 [10]: pmixp_client_v2.c:211: Error handler invoked: status = -61, source = [slurm.pmix.5008700.15:32]
slurmstepd: error:  mpi/pmix_v4: _errhandler: hydra08 [7]: pmixp_client_v2.c:211: Error handler invoked: status = -61, source = [slurm.pmix.5008700.15:21]
srun: Job step aborted: Waiting up to 32 seconds for job step to finish.
slurmstepd: error:  mpi/pmix_v4: _errhandler: hydra07 [6]: pmixp_client_v2.c:211: Error handler invoked: status = -61, source = [slurm.pmix.5008700.15:18]
srun: error: hydra06: task 17: Killed
srun: error: hydra04: task 11: Killed
srun: error: hydra01: task 0: Killed
srun: error: hydra08: task 23: Killed
srun: error: hydra07: task 19: Killed
srun: error: hydra11: task 31: Killed
srun: error: hydra10: tasks 28-29: Killed
srun: error: hydra02: tasks 4-5: Killed
srun: error: hydra05: tasks 12,14: Killed
srun: error: hydra03: tasks 6,8: Killed
srun: error: hydra09: tasks 25-26: Killed
srun: error: hydra12: tasks 33-34: Killed
⚠️ Warning: No runtime found for run 16
srun: Warning: can't honor --ntasks-per-node set to 1 which doesn't match the requested tasks 36 with the number of requested nodes 12. Ignoring --ntasks-per-node.
missing input file name --> Generate random input
malloc(): invalid size (unsorted)
[hydra12:373776] *** Process received signal ***
malloc(): invalid size (unsorted)
[hydra01:902547] *** Process received signal ***
[hydra01:902547] Signal: Aborted (6)
[hydra01:902547] Signal code:  (-6)
malloc(): invalid size (unsorted)
[hydra11:373817] *** Process received signal ***
[hydra11:373817] Signal: Aborted (6)
[hydra11:373817] Signal code:  (-6)
malloc(): invalid size (unsorted)
[hydra05:393415] *** Process received signal ***
[hydra05:393415] Signal: Aborted (6)
[hydra05:393415] Signal code:  (-6)
malloc(): invalid size (unsorted)
[hydra06:394091] *** Process received signal ***
[hydra06:394091] Signal: Aborted (6)
[hydra06:394091] Signal code:  (-6)
malloc(): invalid size (unsorted)
[hydra09:386772] *** Process received signal ***
[hydra09:386772] Signal: Aborted (6)
[hydra09:386772] Signal code:  (-6)
malloc(): invalid size (unsorted)
[hydra07:420481] *** Process received signal ***
[hydra07:420481] Signal: Aborted (6)
[hydra07:420481] Signal code:  (-6)
malloc(): invalid size (unsorted)
[hydra02:583860] *** Process received signal ***
[hydra02:583860] Signal: Aborted (6)
[hydra02:583860] Signal code:  (-6)
malloc(): invalid size (unsorted)
[hydra04:409465] *** Process received signal ***
[hydra04:409465] Signal: Aborted (6)
[hydra04:409465] Signal code:  (-6)
[hydra06:394091] [ 0] /lib/x86_64-linux-gnu/libc.so.6(+0x38de0)[0x7f9f48a84de0]
[hydra01:902547] [ 0] /lib/x86_64-linux-gnu/libc.so.6(+0x38de0)[0x7fe479da6de0]
[hydra01:902547] [ 1] /lib/x86_64-linux-gnu/libc.so.6(gsignal+0x141)[0x7fe479da6d61]
malloc(): invalid size (unsorted)
[hydra03:410736] *** Process received signal ***
[hydra03:410736] Signal: Aborted (6)
[hydra03:410736] Signal code:  (-6)
[hydra06:394091] [ 1] /lib/x86_64-linux-gnu/libc.so.6(gsignal+0x141)[0x7f9f48a84d61]
malloc(): invalid size (unsorted)
[hydra01:902549] *** Process received signal ***
[hydra01:902549] Signal: Aborted (6)
[hydra01:902549] Signal code:  (-6)
[hydra01:902547] [ 2] /lib/x86_64-linux-gnu/libc.so.6(abort+0x123)[0x7fe479d90537]
[hydra01:902547] [ 3] /lib/x86_64-linux-gnu/libc.so.6(+0x7a468)[0x7fe479de8468]
malloc(): invalid size (unsorted)
[hydra08:395766] *** Process received signal ***
[hydra08:395766] Signal: Aborted (6)
[hydra08:395766] Signal code:  (-6)
[hydra06:394091] [ 2] /lib/x86_64-linux-gnu/libc.so.6(abort+0x123)[0x7f9f48a6e537]
[hydra01:902547] [ 4] /lib/x86_64-linux-gnu/libc.so.6(+0x8175a)[0x7fe479def75a]
[hydra01:902549] [ 0] /lib/x86_64-linux-gnu/libc.so.6(+0x38de0)[0x7fc5bd61ade0]
[hydra01:902547] [ 5] /lib/x86_64-linux-gnu/libc.so.6(+0x8483c)[0x7fe479df283c]
[hydra06:394091] [ 3] /lib/x86_64-linux-gnu/libc.so.6(+0x7a468)[0x7f9f48ac6468]
[hydra01:902549] [ 1] /lib/x86_64-linux-gnu/libc.so.6(gsignal+0x141)[0x7fc5bd61ad61]
[hydra01:902547] [ 6] /lib/x86_64-linux-gnu/libc.so.6(__libc_calloc+0x81)[0x7fe479df4bd1]
[hydra08:395766] [ 0] /lib/x86_64-linux-gnu/libc.so.6(+0x38de0)[0x7f6ffe198de0]
[hydra06:394091] [ 4] /lib/x86_64-linux-gnu/libc.so.6(+0x8175a)[0x7f9f48acd75a]
[hydra12:373776] Signal: Aborted (6)
[hydra12:373776] Signal code:  (-6)
[hydra01:902549] [ 2] /lib/x86_64-linux-gnu/libc.so.6(abort+0x123)[0x7fc5bd604537]
[hydra08:395766] [ 1] /lib/x86_64-linux-gnu/libc.so.6(gsignal+0x141)[0x7f6ffe198d61]
[hydra06:394091] [ 5] /lib/x86_64-linux-gnu/libc.so.6(+0x8483c)[0x7f9f48ad083c]
[hydra12:373776] [ 0] /lib/x86_64-linux-gnu/libc.so.6(+0x38de0)[0x7f058b300de0]
[hydra01:902547] [ 7] /opt/mpi/openmpi-4.1.4//lib/libmpi.so.40(ompi_group_allocate+0x17)[0x7fe47bcc21e7]
malloc(): invalid size (unsorted)
[hydra10:506243] *** Process received signal ***
[hydra10:506243] Signal: Aborted (6)
[hydra10:506243] Signal code:  (-6)
[hydra08:395766] [ 2] /lib/x86_64-linux-gnu/libc.so.6(abort+0x123)[0x7f6ffe182537]
[hydra06:394091] [ 6] /lib/x86_64-linux-gnu/libc.so.6(__libc_calloc+0x81)[0x7f9f48ad2bd1]
[hydra12:373776] [ 1] /lib/x86_64-linux-gnu/libc.so.6(gsignal+0x141)[0x7f058b300d61]
[hydra01:902549] [ 3] /lib/x86_64-linux-gnu/libc.so.6(+0x7a468)[0x7fc5bd65c468]
[hydra08:395766] [ 3] /lib/x86_64-linux-gnu/libc.so.6(+0x7a468)[0x7f6ffe1da468]
[hydra11:373817] [ 0] /lib/x86_64-linux-gnu/libc.so.6(+0x38de0)[0x7efc4c176de0]
[hydra12:373776] [ 2] /lib/x86_64-linux-gnu/libc.so.6(abort+0x123)[0x7f058b2ea537]
[hydra01:902547] [ 8] /opt/mpi/openmpi-4.1.4//lib/libmpi.so.40(ompi_group_incl_plist+0x65)[0x7fe47bcc2915]
[hydra08:395766] [ 4] /lib/x86_64-linux-gnu/libc.so.6(+0x8175a)[0x7f6ffe1e175a]
[hydra11:373817] [ 1] /lib/x86_64-linux-gnu/libc.so.6(gsignal+0x141)[0x7efc4c176d61]
[hydra12:373776] [ 3] /lib/x86_64-linux-gnu/libc.so.6(+0x7a468)[0x7f058b342468]
[hydra01:902549] [ 4] /lib/x86_64-linux-gnu/libc.so.6(+0x8175a)[0x7fc5bd66375a]
[hydra10:506243] [ 0] /lib/x86_64-linux-gnu/libc.so.6(+0x38de0)[0x7f5b561b3de0]
[hydra06:394091] [ 7] /opt/mpi/openmpi-4.1.4//lib/libmpi.so.40(ompi_group_allocate+0x17)[0x7f9f4a9a01e7]
[hydra11:373817] [ 2] /lib/x86_64-linux-gnu/libc.so.6(abort+0x123)[0x7efc4c160537]
[hydra12:373776] [ 4] /lib/x86_64-linux-gnu/libc.so.6(+0x8175a)[0x7f058b34975a]
[hydra01:902547] [ 9] /opt/mpi/openmpi-4.1.4//lib/libmpi.so.40(PMPI_Group_incl+0x95)[0x7fe47bcf3185]
[hydra01:902547] [10] /home/thesis/jheld/MPI_Syrk_implementation/build/src/MPI_SYRK_implementation(+0x841a)[0x55d2dee3141a]
[hydra01:902547] [11] /home/thesis/jheld/MPI_Syrk_implementation/build/src/MPI_SYRK_implementation(+0x2ab0)[0x55d2dee2bab0]
malloc(): invalid size (unsorted)
[hydra04:409466] *** Process received signal ***
[hydra04:409466] Signal: Aborted (6)
[hydra04:409466] Signal code:  (-6)
[hydra08:395766] [ 5] /lib/x86_64-linux-gnu/libc.so.6(+0x8483c)[0x7f6ffe1e483c]
[hydra06:394091] [ 8] /opt/mpi/openmpi-4.1.4//lib/libmpi.so.40(ompi_group_incl_plist+0x65)[0x7f9f4a9a0915]
[hydra11:373817] [ 3] /lib/x86_64-linux-gnu/libc.so.6(+0x7a468)[0x7efc4c1b8468]
[hydra12:373776] [ 5] /lib/x86_64-linux-gnu/libc.so.6(+0x8483c)[0x7f058b34c83c]
[hydra01:902549] [ 5] /lib/x86_64-linux-gnu/libc.so.6(+0x8483c)[0x7fc5bd66683c]
[hydra04:409466] [ 0] /lib/x86_64-linux-gnu/libc.so.6(+0x38de0)[0x7fd393eabde0]
malloc(): invalid size (unsorted)
[hydra08:395766] [ 6] /lib/x86_64-linux-gnu/libc.so.6(__libc_calloc+0x81)[0x7f6ffe1e6bd1]
[hydra06:394091] [ 9] /opt/mpi/openmpi-4.1.4//lib/libmpi.so.40(PMPI_Group_incl+0x95)[0x7f9f4a9d1185]
[hydra06:394091] [10] /home/thesis/jheld/MPI_Syrk_implementation/build/src/MPI_SYRK_implementation(+0x841a)[0x564e2665841a]
[hydra11:373817] [ 4] /lib/x86_64-linux-gnu/libc.so.6(+0x8175a)[0x7efc4c1bf75a]
[hydra12:373776] [ 6] /lib/x86_64-linux-gnu/libc.so.6(__libc_calloc+0x81)[0x7f058b34ebd1]
[hydra01:902547] [12] /lib/x86_64-linux-gnu/libc.so.6(__libc_start_main+0xea)[0x7fe479d91d7a]
[hydra01:902547] [13] /home/thesis/jheld/MPI_Syrk_implementation/build/src/MPI_SYRK_implementation(+0x232a)[0x55d2dee2b32a]
[hydra01:902547] *** End of error message ***
[hydra04:409465] [ 0] /lib/x86_64-linux-gnu/libc.so.6(+0x38de0)[0x7f1b91740de0]
[hydra07:420481] [ 0] /lib/x86_64-linux-gnu/libc.so.6(+0x38de0)[0x7fa8a7cbcde0]
[hydra09:386772] [ 0] /lib/x86_64-linux-gnu/libc.so.6(+0x38de0)[0x7f59867c1de0]
[hydra08:395766] [ 7] /opt/mpi/openmpi-4.1.4//lib/libmpi.so.40(ompi_group_allocate+0x17)[0x7f70000b41e7]
[hydra06:394091] [11] /home/thesis/jheld/MPI_Syrk_implementation/build/src/MPI_SYRK_implementation(+0x2ab0)[0x564e26652ab0]
[hydra11:373817] [ 5] /lib/x86_64-linux-gnu/libc.so.6(+0x8483c)[0x7efc4c1c283c]
[hydra12:373776] [ 7] /opt/mpi/openmpi-4.1.4//lib/libmpi.so.40(ompi_group_allocate+0x17)[0x7f058d21c1e7]
[hydra01:902549] [ 6] /lib/x86_64-linux-gnu/libc.so.6(__libc_calloc+0x81)[0x7fc5bd668bd1]
[hydra04:409466] [ 1] /lib/x86_64-linux-gnu/libc.so.6(gsignal+0x141)[0x7fd393eabd61]
[hydra07:420481] [ 1] /lib/x86_64-linux-gnu/libc.so.6(gsignal+0x141)[0x7fa8a7cbcd61]
[hydra09:386773] *** Process received signal ***
[hydra08:395766] [ 8] /opt/mpi/openmpi-4.1.4//lib/libmpi.so.40(ompi_group_incl_plist+0x65)[0x7f70000b4915]
[hydra06:394091] [12] /lib/x86_64-linux-gnu/libc.so.6(__libc_start_main+0xea)[0x7f9f48a6fd7a]
[hydra11:373817] [ 6] /lib/x86_64-linux-gnu/libc.so.6(__libc_calloc+0x81)[0x7efc4c1c4bd1]
[hydra12:373776] [ 8] /opt/mpi/openmpi-4.1.4//lib/libmpi.so.40(ompi_group_incl_plist+0x65)[0x7f058d21c915]
[hydra01:902549] [ 7] /opt/mpi/openmpi-4.1.4//lib/libmpi.so.40(ompi_group_allocate+0x17)[0x7fc5bf5361e7]
[hydra04:409465] [ 1] /lib/x86_64-linux-gnu/libc.so.6(gsignal+0x141)[0x7f1b91740d61]
[hydra07:420481] [ 2] /lib/x86_64-linux-gnu/libc.so.6(abort+0x123)[0x7fa8a7ca6537]
[hydra09:386773] Signal: Aborted (6)
[hydra09:386773] Signal code:  (-6)
[hydra10:506243] [ 1] /lib/x86_64-linux-gnu/libc.so.6(gsignal+0x141)[0x7f5b561b3d61]
[hydra06:394091] [13] /home/thesis/jheld/MPI_Syrk_implementation/build/src/MPI_SYRK_implementation(+0x232a)[0x564e2665232a]
[hydra06:394091] *** End of error message ***
malloc(): invalid size (unsorted)
[hydra12:373776] [ 9] /opt/mpi/openmpi-4.1.4//lib/libmpi.so.40(PMPI_Group_incl+0x95)[0x7f058d24d185]
[hydra12:373776] [10] /home/thesis/jheld/MPI_Syrk_implementation/build/src/MPI_SYRK_implementation(+0x841a)[0x558f0434a41a]
[hydra01:902549] [ 8] /opt/mpi/openmpi-4.1.4//lib/libmpi.so.40(ompi_group_incl_plist+0x65)[0x7fc5bf536915]
[hydra03:410736] [ 0] /lib/x86_64-linux-gnu/libc.so.6(+0x38de0)[0x7f32db0eede0]
[hydra02:583860] [ 0] /lib/x86_64-linux-gnu/libc.so.6(+0x38de0)[0x7f9a949bdde0]
[hydra04:409466] [ 2] /lib/x86_64-linux-gnu/libc.so.6(abort+0x123)[0x7fd393e95537]
[hydra07:420481] [ 3] /lib/x86_64-linux-gnu/libc.so.6(+0x7a468)[0x7fa8a7cfe468]
[hydra05:393415] [ 0] /lib/x86_64-linux-gnu/libc.so.6(+0x38de0)[0x7f27169a0de0]
malloc(): invalid size (unsorted)
[hydra10:506243] [ 2] /lib/x86_64-linux-gnu/libc.so.6(abort+0x123)[0x7f5b5619d537]
[hydra08:395766] [ 9] /opt/mpi/openmpi-4.1.4//lib/libmpi.so.40(PMPI_Group_incl+0x95)[0x7f70000e5185]
[hydra08:395766] [10] /home/thesis/jheld/MPI_Syrk_implementation/build/src/MPI_SYRK_implementation(+0x841a)[0x559a7702041a]
[hydra11:373817] [ 7] /opt/mpi/openmpi-4.1.4//lib/libmpi.so.40(ompi_group_allocate+0x17)[0x7efc4e0921e7]
[hydra12:373776] [11] /home/thesis/jheld/MPI_Syrk_implementation/build/src/MPI_SYRK_implementation(+0x2ab0)[0x558f04344ab0]
[hydra01:902549] [ 9] /opt/mpi/openmpi-4.1.4//lib/libmpi.so.40(PMPI_Group_incl+0x95)[0x7fc5bf567185]
[hydra03:410736] [ 1] /lib/x86_64-linux-gnu/libc.so.6(gsignal+0x141)[0x7f32db0eed61]
[hydra02:583860] [ 1] /lib/x86_64-linux-gnu/libc.so.6(gsignal+0x141)[0x7f9a949bdd61]
[hydra04:409465] [ 2] /lib/x86_64-linux-gnu/libc.so.6(abort+0x123)[0x7f1b9172a537]
[hydra07:420481] [ 4] /lib/x86_64-linux-gnu/libc.so.6(+0x8175a)[0x7fa8a7d0575a]
[hydra05:393415] [ 1] /lib/x86_64-linux-gnu/libc.so.6(gsignal+0x141)[0x7f27169a0d61]
[hydra09:386772] [ 1] /lib/x86_64-linux-gnu/libc.so.6(gsignal+0x141)[0x7f59867c1d61]
[hydra10:506243] [ 3] /lib/x86_64-linux-gnu/libc.so.6(+0x7a468)[0x7f5b561f5468]
[hydra08:395766] [11] /home/thesis/jheld/MPI_Syrk_implementation/build/src/MPI_SYRK_implementation(+0x2ab0)[0x559a7701aab0]
[hydra11:373815] *** Process received signal ***
[hydra12:373776] [12] /lib/x86_64-linux-gnu/libc.so.6(__libc_start_main+0xea)[0x7f058b2ebd7a]
[hydra12:373776] [13] /home/thesis/jheld/MPI_Syrk_implementation/build/src/MPI_SYRK_implementation(+0x232a)[0x558f0434432a]
[hydra01:902549] [10] /home/thesis/jheld/MPI_Syrk_implementation/build/src/MPI_SYRK_implementation(+0x841a)[0x556d3204041a]
[hydra01:902549] [11] /home/thesis/jheld/MPI_Syrk_implementation/build/src/MPI_SYRK_implementation(+0x2ab0)[0x556d3203aab0]
[hydra03:410736] [ 2] /lib/x86_64-linux-gnu/libc.so.6(abort+0x123)[0x7f32db0d8537]
[hydra02:583860] [ 2] /lib/x86_64-linux-gnu/libc.so.6(abort+0x123)[0x7f9a949a7537]
[hydra04:409466] [ 3] /lib/x86_64-linux-gnu/libc.so.6(+0x7a468)[0x7fd393eed468]
[hydra07:420481] [ 5] /lib/x86_64-linux-gnu/libc.so.6(+0x8483c)[0x7fa8a7d0883c]
[hydra05:393415] [ 2] /lib/x86_64-linux-gnu/libc.so.6(abort+0x123)[0x7f271698a537]
[hydra09:386772] [ 2] /lib/x86_64-linux-gnu/libc.so.6(abort+0x123)[0x7f59867ab537]
[hydra10:506243] [ 4] /lib/x86_64-linux-gnu/libc.so.6(+0x8175a)[0x7f5b561fc75a]
[hydra08:395766] [12] /lib/x86_64-linux-gnu/libc.so.6(__libc_start_main+0xea)[0x7f6ffe183d7a]
[hydra11:373817] [ 8] /opt/mpi/openmpi-4.1.4//lib/libmpi.so.40(ompi_group_incl_plist+0x65)[0x7efc4e092915]
[hydra12:373776] *** End of error message ***
[hydra01:902549] [12] /lib/x86_64-linux-gnu/libc.so.6(__libc_start_main+0xea)[0x7fc5bd605d7a]
[hydra03:410736] [ 3] /lib/x86_64-linux-gnu/libc.so.6(+0x7a468)[0x7f32db130468]
[hydra02:583860] [ 3] /lib/x86_64-linux-gnu/libc.so.6(+0x7a468)[0x7f9a949ff468]
[hydra04:409465] [ 3] /lib/x86_64-linux-gnu/libc.so.6(+0x7a468)[0x7f1b91782468]
[hydra07:420481] [ 6] /lib/x86_64-linux-gnu/libc.so.6(__libc_calloc+0x81)[0x7fa8a7d0abd1]
[hydra05:393415] [ 3] /lib/x86_64-linux-gnu/libc.so.6(+0x7a468)[0x7f27169e2468]
[hydra09:386771] *** Process received signal ***
[hydra10:506243] [ 5] /lib/x86_64-linux-gnu/libc.so.6(+0x8483c)[0x7f5b561ff83c]
[hydra08:395766] [13] /home/thesis/jheld/MPI_Syrk_implementation/build/src/MPI_SYRK_implementation(+0x232a)[0x559a7701a32a]
[hydra08:395766] *** End of error message ***
[hydra11:373815] Signal: Aborted (6)
[hydra11:373815] Signal code:  (-6)
[hydra01:902549] [13] /home/thesis/jheld/MPI_Syrk_implementation/build/src/MPI_SYRK_implementation(+0x232a)[0x556d3203a32a]
[hydra01:902549] *** End of error message ***
[hydra03:410736] [ 4] /lib/x86_64-linux-gnu/libc.so.6(+0x8175a)[0x7f32db13775a]
[hydra02:583860] [ 4] /lib/x86_64-linux-gnu/libc.so.6(+0x8175a)[0x7f9a94a0675a]
[hydra04:409466] [ 4] /lib/x86_64-linux-gnu/libc.so.6(+0x8175a)[0x7fd393ef475a]
[hydra07:420481] [ 7] /opt/mpi/openmpi-4.1.4//lib/libmpi.so.40(ompi_group_allocate+0x17)[0x7fa8a9bd81e7]
[hydra05:393415] [ 4] /lib/x86_64-linux-gnu/libc.so.6(+0x8175a)[0x7f27169e975a]
[hydra09:386771] Signal: Aborted (6)
[hydra09:386771] Signal code:  (-6)
[hydra10:506243] [ 6] /lib/x86_64-linux-gnu/libc.so.6(__libc_calloc+0x81)[0x7f5b56201bd1]
[hydra11:373817] [ 9] /opt/mpi/openmpi-4.1.4//lib/libmpi.so.40(PMPI_Group_incl+0x95)[0x7efc4e0c3185]
[hydra03:410736] [ 5] /lib/x86_64-linux-gnu/libc.so.6(+0x8483c)[0x7f32db13a83c]
[hydra02:583860] [ 5] /lib/x86_64-linux-gnu/libc.so.6(+0x8483c)[0x7f9a94a0983c]
[hydra04:409465] [ 4] /lib/x86_64-linux-gnu/libc.so.6(+0x8175a)[0x7f1b9178975a]
[hydra07:420481] [ 8] /opt/mpi/openmpi-4.1.4//lib/libmpi.so.40(ompi_group_incl_plist+0x65)[0x7fa8a9bd8915]
[hydra05:393415] [ 5] /lib/x86_64-linux-gnu/libc.so.6(+0x8483c)[0x7f27169ec83c]
[hydra09:386772] [ 3] /lib/x86_64-linux-gnu/libc.so.6(+0x7a468)[0x7f5986803468]
[hydra10:506243] [ 7] /opt/mpi/openmpi-4.1.4//lib/libmpi.so.40(ompi_group_allocate+0x17)[0x7f5b580cf1e7]
[hydra11:373817] [10] /home/thesis/jheld/MPI_Syrk_implementation/build/src/MPI_SYRK_implementation(+0x841a)[0x556b1cfe641a]
[hydra11:373817] [11] /home/thesis/jheld/MPI_Syrk_implementation/build/src/MPI_SYRK_implementation(+0x2ab0)[0x556b1cfe0ab0]
[hydra03:410736] [ 6] /lib/x86_64-linux-gnu/libc.so.6(__libc_calloc+0x81)[0x7f32db13cbd1]
[hydra02:583860] [ 6] /lib/x86_64-linux-gnu/libc.so.6(__libc_calloc+0x81)[0x7f9a94a0bbd1]
[hydra04:409466] [ 5] /lib/x86_64-linux-gnu/libc.so.6(+0x8483c)[0x7fd393ef783c]
[hydra07:420481] [ 9] /opt/mpi/openmpi-4.1.4//lib/libmpi.so.40(PMPI_Group_incl+0x95)[0x7fa8a9c09185]
[hydra05:393415] [ 6] /lib/x86_64-linux-gnu/libc.so.6(__libc_calloc+0x81)[0x7f27169eebd1]
[hydra09:386772] [ 4] /lib/x86_64-linux-gnu/libc.so.6(+0x8175a)[0x7f598680a75a]
[hydra10:506243] [ 8] /opt/mpi/openmpi-4.1.4//lib/libmpi.so.40(ompi_group_incl_plist+0x65)[0x7f5b580cf915]
[hydra11:373817] [12] /lib/x86_64-linux-gnu/libc.so.6(__libc_start_main+0xea)[0x7efc4c161d7a]
[hydra11:373817] [13] /home/thesis/jheld/MPI_Syrk_implementation/build/src/MPI_SYRK_implementation(+0x232a)[0x556b1cfe032a]
[hydra03:410736] [ 7] /opt/mpi/openmpi-4.1.4//lib/libmpi.so.40(ompi_group_allocate+0x17)[0x7f32dd00a1e7]
[hydra02:583860] [ 7] /opt/mpi/openmpi-4.1.4//lib/libmpi.so.40(ompi_group_allocate+0x17)[0x7f9a968d91e7]
[hydra04:409465] [ 5] /lib/x86_64-linux-gnu/libc.so.6(+0x8483c)[0x7f1b9178c83c]
[hydra07:420481] [10] /home/thesis/jheld/MPI_Syrk_implementation/build/src/MPI_SYRK_implementation(+0x841a)[0x56361dd2141a]
[hydra07:420481] [11] /home/thesis/jheld/MPI_Syrk_implementation/build/src/MPI_SYRK_implementation(+0x2ab0)[0x56361dd1bab0]
[hydra05:393415] [ 7] /opt/mpi/openmpi-4.1.4//lib/libmpi.so.40(ompi_group_allocate+0x17)[0x7f27188bc1e7]
[hydra09:386773] [ 0] /lib/x86_64-linux-gnu/libc.so.6(+0x38de0)[0x7f308ed98de0]
[hydra10:506243] [ 9] /opt/mpi/openmpi-4.1.4//lib/libmpi.so.40(PMPI_Group_incl+0x95)[0x7f5b58100185]
[hydra10:506243] [10] /home/thesis/jheld/MPI_Syrk_implementation/build/src/MPI_SYRK_implementation(+0x841a)[0x55cc6db7341a]
[hydra11:373817] *** End of error message ***
[hydra03:410736] [ 8] /opt/mpi/openmpi-4.1.4//lib/libmpi.so.40(ompi_group_incl_plist+0x65)[0x7f32dd00a915]
[hydra02:583860] [ 8] /opt/mpi/openmpi-4.1.4//lib/libmpi.so.40(ompi_group_incl_plist+0x65)[0x7f9a968d9915]
[hydra04:409466] [ 6] /lib/x86_64-linux-gnu/libc.so.6(__libc_calloc+0x81)[0x7fd393ef9bd1]
[hydra07:420481] [12] /lib/x86_64-linux-gnu/libc.so.6(__libc_start_main+0xea)[0x7fa8a7ca7d7a]
[hydra07:420481] [13] /home/thesis/jheld/MPI_Syrk_implementation/build/src/MPI_SYRK_implementation(+0x232a)[0x56361dd1b32a]
[hydra05:393415] [ 8] /opt/mpi/openmpi-4.1.4//lib/libmpi.so.40(ompi_group_incl_plist+0x65)[0x7f27188bc915]
[hydra09:386772] [ 5] /lib/x86_64-linux-gnu/libc.so.6(+0x8483c)[0x7f598680d83c]
[hydra10:506243] [11] /home/thesis/jheld/MPI_Syrk_implementation/build/src/MPI_SYRK_implementation(+0x2ab0)[0x55cc6db6dab0]
[hydra11:373815] [ 0] /lib/x86_64-linux-gnu/libc.so.6(+0x38de0)[0x7fd206ee7de0]
[hydra11:373815] [ 1] /lib/x86_64-linux-gnu/libc.so.6(gsignal+0x141)[0x7fd206ee7d61]
[hydra11:373815] [ 2] /lib/x86_64-linux-gnu/libc.so.6(abort+0x123)[0x7fd206ed1537]
[hydra03:410736] [ 9] /opt/mpi/openmpi-4.1.4//lib/libmpi.so.40(PMPI_Group_incl+0x95)[0x7f32dd03b185]
[hydra02:583860] [ 9] /opt/mpi/openmpi-4.1.4//lib/libmpi.so.40(PMPI_Group_incl+0x95)[0x7f9a9690a185]
[hydra02:583860] [10] /home/thesis/jheld/MPI_Syrk_implementation/build/src/MPI_SYRK_implementation(+0x841a)[0x557c6e6f541a]
[hydra04:409465] [ 6] /lib/x86_64-linux-gnu/libc.so.6(__libc_calloc+0x81)[0x7f1b9178ebd1]
[hydra07:420481] *** End of error message ***
[hydra05:393415] [ 9] /opt/mpi/openmpi-4.1.4//lib/libmpi.so.40(PMPI_Group_incl+0x95)[0x7f27188ed185]
[hydra09:386773] [ 1] /lib/x86_64-linux-gnu/libc.so.6(gsignal+0x141)[0x7f308ed98d61]
[hydra10:506243] [12] /lib/x86_64-linux-gnu/libc.so.6(__libc_start_main+0xea)[0x7f5b5619ed7a]
[hydra11:373815] [ 3] /lib/x86_64-linux-gnu/libc.so.6(+0x7a468)[0x7fd206f29468]
[hydra03:410736] [10] /home/thesis/jheld/MPI_Syrk_implementation/build/src/MPI_SYRK_implementation(+0x841a)[0x55dcc256c41a]
[hydra03:410736] [11] /home/thesis/jheld/MPI_Syrk_implementation/build/src/MPI_SYRK_implementation(+0x2ab0)[0x55dcc2566ab0]
[hydra02:583860] [11] /home/thesis/jheld/MPI_Syrk_implementation/build/src/MPI_SYRK_implementation(+0x2ab0)[0x557c6e6efab0]
[hydra04:409466] [ 7] /opt/mpi/openmpi-4.1.4//lib/libmpi.so.40(ompi_group_allocate+0x17)[0x7fd395dc71e7]
[hydra05:393415] [10] /home/thesis/jheld/MPI_Syrk_implementation/build/src/MPI_SYRK_implementation(+0x841a)[0x564a10b4d41a]
[hydra05:393415] [11] /home/thesis/jheld/MPI_Syrk_implementation/build/src/MPI_SYRK_implementation(+0x2ab0)[0x564a10b47ab0]
[hydra09:386772] [ 6] /lib/x86_64-linux-gnu/libc.so.6(__libc_calloc+0x81)[0x7f598680fbd1]
[hydra10:506243] [13] /home/thesis/jheld/MPI_Syrk_implementation/build/src/MPI_SYRK_implementation(+0x232a)[0x55cc6db6d32a]
[hydra10:506243] *** End of error message ***
[hydra11:373815] [ 4] /lib/x86_64-linux-gnu/libc.so.6(+0x8175a)[0x7fd206f3075a]
[hydra03:410736] [12] /lib/x86_64-linux-gnu/libc.so.6(__libc_start_main+0xea)[0x7f32db0d9d7a]
[hydra03:410736] [13] /home/thesis/jheld/MPI_Syrk_implementation/build/src/MPI_SYRK_implementation(+0x232a)[0x55dcc256632a]
[hydra02:583860] [12] /lib/x86_64-linux-gnu/libc.so.6(__libc_start_main+0xea)[0x7f9a949a8d7a]
[hydra04:409465] [ 7] /opt/mpi/openmpi-4.1.4//lib/libmpi.so.40(ompi_group_allocate+0x17)[0x7f1b9365c1e7]
[hydra05:393415] [12] /lib/x86_64-linux-gnu/libc.so.6(__libc_start_main+0xea)[0x7f271698bd7a]
[hydra05:393415] [13] /home/thesis/jheld/MPI_Syrk_implementation/build/src/MPI_SYRK_implementation(+0x232a)[0x564a10b4732a]
[hydra09:386773] [ 2] /lib/x86_64-linux-gnu/libc.so.6(abort+0x123)[0x7f308ed82537]
[hydra11:373815] [ 5] /lib/x86_64-linux-gnu/libc.so.6(+0x8483c)[0x7fd206f3383c]
[hydra03:410736] *** End of error message ***
[hydra02:583860] [13] /home/thesis/jheld/MPI_Syrk_implementation/build/src/MPI_SYRK_implementation(+0x232a)[0x557c6e6ef32a]
[hydra02:583860] *** End of error message ***
[hydra04:409466] [ 8] /opt/mpi/openmpi-4.1.4//lib/libmpi.so.40(ompi_group_incl_plist+0x65)[0x7fd395dc7915]
[hydra05:393415] *** End of error message ***
[hydra09:386771] [ 0] /lib/x86_64-linux-gnu/libc.so.6(+0x38de0)[0x7fe37bbdade0]
[hydra11:373815] [ 6] /lib/x86_64-linux-gnu/libc.so.6(__libc_calloc+0x81)[0x7fd206f35bd1]
[hydra04:409465] [ 8] /opt/mpi/openmpi-4.1.4//lib/libmpi.so.40(ompi_group_incl_plist+0x65)[0x7f1b9365c915]
[hydra09:386772] [ 7] /opt/mpi/openmpi-4.1.4//lib/libmpi.so.40(ompi_group_allocate+0x17)[0x7f59886dd1e7]
[hydra11:373815] [ 7] /opt/mpi/openmpi-4.1.4//lib/libmpi.so.40(ompi_group_allocate+0x17)[0x7fd208e031e7]
[hydra04:409466] [ 9] /opt/mpi/openmpi-4.1.4//lib/libmpi.so.40(PMPI_Group_incl+0x95)[0x7fd395df8185]
[hydra04:409466] [10] /home/thesis/jheld/MPI_Syrk_implementation/build/src/MPI_SYRK_implementation(+0x841a)[0x5636682e141a]
[hydra09:386771] [ 1] /lib/x86_64-linux-gnu/libc.so.6(gsignal+0x141)[0x7fe37bbdad61]
[hydra11:373815] [ 8] /opt/mpi/openmpi-4.1.4//lib/libmpi.so.40(ompi_group_incl_plist+0x65)[0x7fd208e03915]
[hydra04:409466] [11] /home/thesis/jheld/MPI_Syrk_implementation/build/src/MPI_SYRK_implementation(+0x2ab0)[0x5636682dbab0]
[hydra09:386773] [ 3] /lib/x86_64-linux-gnu/libc.so.6(+0x7a468)[0x7f308edda468]
[hydra11:373815] [ 9] /opt/mpi/openmpi-4.1.4//lib/libmpi.so.40(PMPI_Group_incl+0x95)[0x7fd208e34185]
[hydra11:373815] [10] /home/thesis/jheld/MPI_Syrk_implementation/build/src/MPI_SYRK_implementation(+0x841a)[0x55a4ff61d41a]
[hydra09:386772] [ 8] /opt/mpi/openmpi-4.1.4//lib/libmpi.so.40(ompi_group_incl_plist+0x65)[0x7f59886dd915]
[hydra11:373815] [11] /home/thesis/jheld/MPI_Syrk_implementation/build/src/MPI_SYRK_implementation(+0x2ab0)[0x55a4ff617ab0]
[hydra09:386771] [ 2] /lib/x86_64-linux-gnu/libc.so.6(abort+0x123)[0x7fe37bbc4537]
[hydra11:373815] [12] /lib/x86_64-linux-gnu/libc.so.6(__libc_start_main+0xea)[0x7fd206ed2d7a]
[hydra11:373815] [13] /home/thesis/jheld/MPI_Syrk_implementation/build/src/MPI_SYRK_implementation(+0x232a)[0x55a4ff61732a]
[hydra09:386773] [ 4] /lib/x86_64-linux-gnu/libc.so.6(+0x8175a)[0x7f308ede175a]
[hydra11:373815] *** End of error message ***
[hydra09:386772] [ 9] /opt/mpi/openmpi-4.1.4//lib/libmpi.so.40(PMPI_Group_incl+0x95)[0x7f598870e185]
[hydra09:386772] [10] /home/thesis/jheld/MPI_Syrk_implementation/build/src/MPI_SYRK_implementation(+0x841a)[0x55cec84ab41a]
[hydra09:386772] [11] /home/thesis/jheld/MPI_Syrk_implementation/build/src/MPI_SYRK_implementation(+0x2ab0)[0x55cec84a5ab0]
[hydra09:386773] [ 5] /lib/x86_64-linux-gnu/libc.so.6(+0x8483c)[0x7f308ede483c]
[hydra09:386771] [ 3] /lib/x86_64-linux-gnu/libc.so.6(+0x7a468)[0x7fe37bc1c468]
[hydra09:386772] [12] /lib/x86_64-linux-gnu/libc.so.6(__libc_start_main+0xea)[0x7f59867acd7a]
[hydra09:386772] [13] /home/thesis/jheld/MPI_Syrk_implementation/build/src/MPI_SYRK_implementation(+0x232a)[0x55cec84a532a]
[hydra09:386772] *** End of error message ***
[hydra09:386771] [ 4] /lib/x86_64-linux-gnu/libc.so.6(+0x8175a)[0x7fe37bc2375a]
[hydra09:386773] [ 6] /lib/x86_64-linux-gnu/libc.so.6(__libc_calloc+0x81)[0x7f308ede6bd1]
[hydra09:386773] [ 7] /opt/mpi/openmpi-4.1.4//lib/libmpi.so.40(ompi_group_allocate+0x17)[0x7f3090cb41e7]
[hydra09:386771] [ 5] /lib/x86_64-linux-gnu/libc.so.6(+0x8483c)[0x7fe37bc2683c]
[hydra09:386773] [ 8] /opt/mpi/openmpi-4.1.4//lib/libmpi.so.40(ompi_group_incl_plist+0x65)[0x7f3090cb4915]
[hydra09:386771] [ 6] /lib/x86_64-linux-gnu/libc.so.6(__libc_calloc+0x81)[0x7fe37bc28bd1]
[hydra09:386773] [ 9] /opt/mpi/openmpi-4.1.4//lib/libmpi.so.40(PMPI_Group_incl+0x95)[0x7f3090ce5185]
[hydra09:386773] [10] /home/thesis/jheld/MPI_Syrk_implementation/build/src/MPI_SYRK_implementation(+0x841a)[0x55596a14a41a]
[hydra09:386773] [11] /home/thesis/jheld/MPI_Syrk_implementation/build/src/MPI_SYRK_implementation(+0x2ab0)[0x55596a144ab0]
[hydra09:386771] [ 7] /opt/mpi/openmpi-4.1.4//lib/libmpi.so.40(ompi_group_allocate+0x17)[0x7fe37daf61e7]
[hydra09:386773] [12] /lib/x86_64-linux-gnu/libc.so.6(__libc_start_main+0xea)[0x7f308ed83d7a]
[hydra09:386773] [13] /home/thesis/jheld/MPI_Syrk_implementation/build/src/MPI_SYRK_implementation(+0x232a)[0x55596a14432a]
[hydra09:386773] *** End of error message ***
[hydra09:386771] [ 8] /opt/mpi/openmpi-4.1.4//lib/libmpi.so.40(ompi_group_incl_plist+0x65)[0x7fe37daf6915]
[hydra09:386771] [ 9] /opt/mpi/openmpi-4.1.4//lib/libmpi.so.40(PMPI_Group_incl+0x95)[0x7fe37db27185]
[hydra09:386771] [10] /home/thesis/jheld/MPI_Syrk_implementation/build/src/MPI_SYRK_implementation(+0x841a)[0x564b538cc41a]
[hydra09:386771] [11] /home/thesis/jheld/MPI_Syrk_implementation/build/src/MPI_SYRK_implementation(+0x2ab0)[0x564b538c6ab0]
[hydra09:386771] [12] /lib/x86_64-linux-gnu/libc.so.6(__libc_start_main+0xea)[0x7fe37bbc5d7a]
[hydra09:386771] [13] /home/thesis/jheld/MPI_Syrk_implementation/build/src/MPI_SYRK_implementation(+0x232a)[0x564b538c632a]
[hydra09:386771] *** End of error message ***
[hydra04:409465] [ 9] /opt/mpi/openmpi-4.1.4//lib/libmpi.so.40(PMPI_Group_incl+0x95)[0x7f1b9368d185]
[hydra04:409465] [10] /home/thesis/jheld/MPI_Syrk_implementation/build/src/MPI_SYRK_implementation(+0x841a)[0x55e36b53c41a]
[hydra04:409465] [11] /home/thesis/jheld/MPI_Syrk_implementation/build/src/MPI_SYRK_implementation(+0x2ab0)[0x55e36b536ab0]
[hydra04:409466] [12] /lib/x86_64-linux-gnu/libc.so.6(__libc_start_main+0xea)[0x7fd393e96d7a]
[hydra04:409466] [13] /home/thesis/jheld/MPI_Syrk_implementation/build/src/MPI_SYRK_implementation(+0x232a)[0x5636682db32a]
[hydra04:409466] *** End of error message ***
[hydra04:409465] [12] /lib/x86_64-linux-gnu/libc.so.6(__libc_start_main+0xea)[0x7f1b9172bd7a]
[hydra04:409465] [13] /home/thesis/jheld/MPI_Syrk_implementation/build/src/MPI_SYRK_implementation(+0x232a)[0x55e36b53632a]
[hydra04:409465] *** End of error message ***
srun: error: hydra12: task 35: Aborted
srun: error: hydra02: task 3: Aborted
srun: error: hydra06: task 17: Aborted
srun: error: hydra08: task 23: Aborted
srun: error: hydra07: task 18: Aborted
srun: error: hydra05: task 12: Aborted
srun: error: hydra10: task 29: Aborted
srun: error: hydra03: task 7: Aborted
srun: error: hydra01: tasks 0,2: Aborted
srun: error: hydra04: tasks 9-10: Aborted
srun: error: hydra11: tasks 30,32: Aborted
srun: error: hydra09: tasks 24-26: Aborted
slurmstepd: error:  mpi/pmix_v4: _errhandler: hydra12 [11]: pmixp_client_v2.c:211: Error handler invoked: status = -61, source = [slurm.pmix.5008700.16:35]
slurmstepd: error:  mpi/pmix_v4: _errhandler: hydra05 [4]: pmixp_client_v2.c:211: Error handler invoked: status = -61, source = [slurm.pmix.5008700.16:12]
slurmstepd: error:  mpi/pmix_v4: _errhandler: hydra06 [5]: pmixp_client_v2.c:211: Error handler invoked: status = -61, source = [slurm.pmix.5008700.16:17]
slurmstepd: error:  mpi/pmix_v4: _errhandler: hydra02 [1]: pmixp_client_v2.c:211: Error handler invoked: status = -61, source = [slurm.pmix.5008700.16:3]
slurmstepd: error:  mpi/pmix_v4: _errhandler: hydra08 [7]: pmixp_client_v2.c:211: Error handler invoked: status = -61, source = [slurm.pmix.5008700.16:23]
slurmstepd: error:  mpi/pmix_v4: _errhandler: hydra10 [9]: pmixp_client_v2.c:211: Error handler invoked: status = -61, source = [slurm.pmix.5008700.16:29]
slurmstepd: error:  mpi/pmix_v4: _errhandler: hydra07 [6]: pmixp_client_v2.c:211: Error handler invoked: status = -61, source = [slurm.pmix.5008700.16:18]
slurmstepd: error:  mpi/pmix_v4: _errhandler: hydra11 [10]: pmixp_client_v2.c:211: Error handler invoked: status = -61, source = [slurm.pmix.5008700.16:32]
slurmstepd: error:  mpi/pmix_v4: _errhandler: hydra01 [0]: pmixp_client_v2.c:211: Error handler invoked: status = -61, source = [slurm.pmix.5008700.16:2]
slurmstepd: error:  mpi/pmix_v4: _errhandler: hydra03 [2]: pmixp_client_v2.c:211: Error handler invoked: status = -61, source = [slurm.pmix.5008700.16:7]
slurmstepd: error: *** STEP 5008700.16 ON hydra01 CANCELLED AT 2025-10-13T15:38:18 ***
srun: Job step aborted: Waiting up to 32 seconds for job step to finish.
srun: error: hydra04: task 11: Killed
srun: error: hydra11: task 31: Killed
srun: error: hydra01: task 1: Killed
srun: error: hydra03: tasks 6,8: Killed
srun: error: hydra06: tasks 15-16: Killed
srun: error: hydra08: tasks 21-22: Killed
srun: error: hydra07: tasks 19-20: Killed
srun: error: hydra02: tasks 4-5: Killed
srun: error: hydra12: tasks 33-34: Killed
srun: error: hydra05: tasks 13-14: Killed
srun: error: hydra10: tasks 27-28: Killed
⚠️ Warning: No runtime found for run 17
srun: Warning: can't honor --ntasks-per-node set to 1 which doesn't match the requested tasks 36 with the number of requested nodes 12. Ignoring --ntasks-per-node.
missing input file name --> Generate random input
malloc(): invalid size (unsorted)
[hydra11:373882] *** Process received signal ***
[hydra11:373882] Signal: Aborted (6)
[hydra11:373882] Signal code:  (-6)
malloc(): invalid size (unsorted)
[hydra12:373840] *** Process received signal ***
[hydra12:373840] Signal: Aborted (6)
[hydra12:373840] Signal code:  (-6)
malloc(): invalid size (unsorted)
[hydra07:420546] *** Process received signal ***
[hydra07:420546] Signal: Aborted (6)
[hydra07:420546] Signal code:  (-6)
malloc(): invalid size (unsorted)
[hydra12:373841] *** Process received signal ***
[hydra12:373841] Signal: Aborted (6)
[hydra12:373841] Signal code:  (-6)
malloc(): invalid size (unsorted)
malloc(): invalid size (unsorted)
[hydra05:393481] *** Process received signal ***
[hydra05:393481] Signal: Aborted (6)
[hydra05:393481] Signal code:  (-6)
[hydra12:373839] *** Process received signal ***
[hydra12:373839] Signal: Aborted (6)
[hydra12:373839] Signal code:  (-6)
malloc(): invalid size (unsorted)
[hydra09:386826] *** Process received signal ***
[hydra09:386826] Signal: Aborted (6)
[hydra09:386826] Signal code:  (-6)
[hydra12:373840] [ 0] /lib/x86_64-linux-gnu/libc.so.6(+0x38de0)[0x7f319075ade0]
[hydra12:373841] [ 0] /lib/x86_64-linux-gnu/libc.so.6(+0x38de0)[0x7f857bb62de0]
malloc(): invalid size (unsorted)
[hydra08:395831] *** Process received signal ***
[hydra08:395831] Signal: Aborted (6)
[hydra08:395831] Signal code:  (-6)
[hydra12:373840] [ 1] /lib/x86_64-linux-gnu/libc.so.6(gsignal+0x141)[0x7f319075ad61]
[hydra12:373841] [ 1] /lib/x86_64-linux-gnu/libc.so.6(gsignal+0x141)[0x7f857bb62d61]
malloc(): invalid size (unsorted)
[hydra04:409530] *** Process received signal ***
[hydra12:373840] [ 2] /lib/x86_64-linux-gnu/libc.so.6(abort+0x123)[0x7f3190744537]
[hydra12:373841] [ 2] /lib/x86_64-linux-gnu/libc.so.6(abort+0x123)[0x7f857bb4c537]
malloc(): invalid size (unsorted)
[hydra03:410801] *** Process received signal ***
[hydra03:410801] Signal: Aborted (6)
[hydra03:410801] Signal code:  (-6)
malloc(): invalid size (unsorted)
[hydra02:583941] *** Process received signal ***
[hydra02:583941] Signal: Aborted (6)
[hydra02:583941] Signal code:  (-6)
[hydra12:373840] [ 3] /lib/x86_64-linux-gnu/libc.so.6(+0x7a468)[0x7f319079c468]
malloc(): invalid size (unsorted)
[hydra10:506310] *** Process received signal ***
[hydra10:506310] Signal: Aborted (6)
[hydra10:506310] Signal code:  (-6)
[hydra08:395831] [ 0] /lib/x86_64-linux-gnu/libc.so.6(+0x38de0)[0x7f5717fc5de0]
[hydra12:373841] [ 3] /lib/x86_64-linux-gnu/libc.so.6(+0x7a468)[0x7f857bba4468]
[hydra12:373840] [ 4] /lib/x86_64-linux-gnu/libc.so.6(+0x8175a)[0x7f31907a375a]
[hydra12:373839] [ 0] /lib/x86_64-linux-gnu/libc.so.6(+0x38de0)[0x7ff4d72f1de0]
malloc(): invalid size (unsorted)
[hydra06:394154] *** Process received signal ***
[hydra06:394154] Signal: Aborted (6)
[hydra06:394154] Signal code:  (-6)
[hydra08:395831] [ 1] /lib/x86_64-linux-gnu/libc.so.6(gsignal+0x141)[0x7f5717fc5d61]
[hydra12:373841] [ 4] /lib/x86_64-linux-gnu/libc.so.6(+0x8175a)[0x7f857bbab75a]
[hydra12:373839] [ 1] /lib/x86_64-linux-gnu/libc.so.6(gsignal+0x141)[0x7ff4d72f1d61]
[hydra12:373840] [ 5] /lib/x86_64-linux-gnu/libc.so.6(+0x8483c)[0x7f31907a683c]
[hydra08:395831] [ 2] /lib/x86_64-linux-gnu/libc.so.6(abort+0x123)[0x7f5717faf537]
[hydra12:373841] [ 5] /lib/x86_64-linux-gnu/libc.so.6(+0x8483c)[0x7f857bbae83c]
[hydra12:373839] [ 2] /lib/x86_64-linux-gnu/libc.so.6(abort+0x123)[0x7ff4d72db537]
[hydra12:373840] [ 6] /lib/x86_64-linux-gnu/libc.so.6(__libc_calloc+0x81)[0x7f31907a8bd1]
[hydra08:395831] [ 3] /lib/x86_64-linux-gnu/libc.so.6(+0x7a468)[0x7f5718007468]
[hydra12:373839] [ 3] /lib/x86_64-linux-gnu/libc.so.6(+0x7a468)[0x7ff4d7333468]
[hydra12:373840] [ 7] /opt/mpi/openmpi-4.1.4//lib/libmpi.so.40(ompi_group_allocate+0x17)[0x7f31926761e7]
malloc(): invalid size (unsorted)
[hydra12:373841] [ 6] /lib/x86_64-linux-gnu/libc.so.6(__libc_calloc+0x81)[0x7f857bbb0bd1]
[hydra12:373841] [ 7] /opt/mpi/openmpi-4.1.4//lib/libmpi.so.40(ompi_group_allocate+0x17)[0x7f857da7e1e7]
malloc(): invalid size (unsorted)
[hydra09:386827] *** Process received signal ***
[hydra09:386827] Signal: Aborted (6)
[hydra09:386827] Signal code:  (-6)
[hydra05:393481] [ 0] /lib/x86_64-linux-gnu/libc.so.6(+0x38de0)[0x7f4bd6e94de0]
[hydra12:373840] [ 8] /opt/mpi/openmpi-4.1.4//lib/libmpi.so.40(ompi_group_incl_plist+0x65)[0x7f3192676915]
[hydra08:395831] [ 4] /lib/x86_64-linux-gnu/libc.so.6(+0x8175a)[0x7f571800e75a]
malloc(): invalid size (unsorted)
[hydra05:393482] *** Process received signal ***
[hydra12:373839] [ 4] /lib/x86_64-linux-gnu/libc.so.6(+0x8175a)[0x7ff4d733a75a]
[hydra08:395831] [ 5] /lib/x86_64-linux-gnu/libc.so.6(+0x8483c)[0x7f571801183c]
malloc(): invalid size (unsorted)
[hydra04:409531] *** Process received signal ***
[hydra04:409531] Signal: Aborted (6)
[hydra04:409531] Signal code:  (-6)
[hydra09:386826] [ 0] /lib/x86_64-linux-gnu/libc.so.6(+0x38de0)[0x7fe4ce599de0]
[hydra11:373882] [ 0] /lib/x86_64-linux-gnu/libc.so.6(+0x38de0)[0x7f0479d88de0]
[hydra05:393482] Signal: Aborted (6)
[hydra05:393482] Signal code:  (-6)
[hydra12:373841] [ 8] /opt/mpi/openmpi-4.1.4//lib/libmpi.so.40(ompi_group_incl_plist+0x65)[0x7f857da7e915]
[hydra08:395831] [ 6] /lib/x86_64-linux-gnu/libc.so.6(__libc_calloc+0x81)[0x7f5718013bd1]
[hydra04:409530] Signal: Aborted (6)
[hydra04:409530] Signal code:  (-6)
[hydra09:386827] [ 0] /lib/x86_64-linux-gnu/libc.so.6(+0x38de0)[0x7f86bfb17de0]
[hydra11:373882] [ 1] /lib/x86_64-linux-gnu/libc.so.6(gsignal+0x141)[0x7f0479d88d61]
[hydra05:393481] [ 1] /lib/x86_64-linux-gnu/libc.so.6(gsignal+0x141)[0x7f4bd6e94d61]
[hydra07:420546] [ 0] /lib/x86_64-linux-gnu/libc.so.6(+0x38de0)[0x7f68d651bde0]
[hydra12:373840] [ 9] /opt/mpi/openmpi-4.1.4//lib/libmpi.so.40(PMPI_Group_incl+0x95)[0x7f31926a7185]
[hydra12:373840] [10] /home/thesis/jheld/MPI_Syrk_implementation/build/src/MPI_SYRK_implementation(+0x841a)[0x560f8c2f041a]
[hydra12:373840] [11] /home/thesis/jheld/MPI_Syrk_implementation/build/src/MPI_SYRK_implementation(+0x2ab0)[0x560f8c2eaab0]
[hydra04:409531] [ 0] /lib/x86_64-linux-gnu/libc.so.6(+0x38de0)[0x7f2f9e4dade0]
[hydra09:386828] *** Process received signal ***
[hydra09:386828] Signal: Aborted (6)
[hydra09:386828] Signal code:  (-6)
[hydra11:373882] [ 2] /lib/x86_64-linux-gnu/libc.so.6(abort+0x123)[0x7f0479d72537]
[hydra05:393481] [ 2] /lib/x86_64-linux-gnu/libc.so.6(abort+0x123)[0x7f4bd6e7e537]
malloc(): invalid size (unsorted)
[hydra03:410802] *** Process received signal ***
[hydra03:410802] Signal: Aborted (6)
[hydra03:410802] Signal code:  (-6)
[hydra07:420546] [ 1] /lib/x86_64-linux-gnu/libc.so.6(gsignal+0x141)[0x7f68d651bd61]
[hydra12:373839] [ 5] /lib/x86_64-linux-gnu/libc.so.6(+0x8483c)[0x7ff4d733d83c]
[hydra08:395831] [ 7] /opt/mpi/openmpi-4.1.4//lib/libmpi.so.40(ompi_group_allocate+0x17)[0x7f5719ee11e7]
[hydra04:409531] [ 1] /lib/x86_64-linux-gnu/libc.so.6(gsignal+0x141)[0x7f2f9e4dad61]
[hydra09:386826] [ 1] /lib/x86_64-linux-gnu/libc.so.6(gsignal+0x141)[0x7fe4ce599d61]
[hydra11:373882] [ 3] /lib/x86_64-linux-gnu/libc.so.6(+0x7a468)[0x7f0479dca468]
[hydra05:393481] [ 3] /lib/x86_64-linux-gnu/libc.so.6(+0x7a468)[0x7f4bd6ed6468]
[hydra03:410801] [ 0] /lib/x86_64-linux-gnu/libc.so.6(+0x38de0)[0x7fbc8d36ade0]
malloc(): invalid size (unsorted)
[hydra12:373841] [ 9] /opt/mpi/openmpi-4.1.4//lib/libmpi.so.40(PMPI_Group_incl+0x95)[0x7f857daaf185]
[hydra12:373841] [10] /home/thesis/jheld/MPI_Syrk_implementation/build/src/MPI_SYRK_implementation(+0x841a)[0x5558cd4fa41a]
[hydra12:373841] [11] /home/thesis/jheld/MPI_Syrk_implementation/build/src/MPI_SYRK_implementation(+0x2ab0)[0x5558cd4f4ab0]
[hydra08:395831] [ 8] /opt/mpi/openmpi-4.1.4//lib/libmpi.so.40(ompi_group_incl_plist+0x65)[0x7f5719ee1915]
[hydra04:409530] [ 0] /lib/x86_64-linux-gnu/libc.so.6(+0x38de0)[0x7fa4c2925de0]
[hydra09:386827] [ 1] /lib/x86_64-linux-gnu/libc.so.6(gsignal+0x141)[0x7f86bfb17d61]
[hydra11:373882] [ 4] /lib/x86_64-linux-gnu/libc.so.6(+0x8175a)[0x7f0479dd175a]
[hydra05:393481] [ 4] /lib/x86_64-linux-gnu/libc.so.6(+0x8175a)[0x7f4bd6edd75a]
[hydra03:410802] [ 0] /lib/x86_64-linux-gnu/libc.so.6(+0x38de0)[0x7f89228c1de0]
[hydra07:420546] [ 2] /lib/x86_64-linux-gnu/libc.so.6(abort+0x123)[0x7f68d6505537]
[hydra12:373839] [ 6] /lib/x86_64-linux-gnu/libc.so.6(__libc_calloc+0x81)[0x7ff4d733fbd1]
[hydra08:395831] [ 9] /opt/mpi/openmpi-4.1.4//lib/libmpi.so.40(PMPI_Group_incl+0x95)[0x7f5719f12185]
[hydra08:395831] [10] /home/thesis/jheld/MPI_Syrk_implementation/build/src/MPI_SYRK_implementation(+0x841a)[0x555bac26e41a]
[hydra04:409531] [ 2] /lib/x86_64-linux-gnu/libc.so.6(abort+0x123)[0x7f2f9e4c4537]
[hydra09:386826] [ 2] /lib/x86_64-linux-gnu/libc.so.6(abort+0x123)[0x7fe4ce583537]
[hydra11:373882] [ 5] /lib/x86_64-linux-gnu/libc.so.6(+0x8483c)[0x7f0479dd483c]
[hydra05:393482] [ 0] /lib/x86_64-linux-gnu/libc.so.6(+0x38de0)[0x7f8c9e83ede0]
[hydra03:410801] [ 1] /lib/x86_64-linux-gnu/libc.so.6(gsignal+0x141)[0x7fbc8d36ad61]
[hydra02:583941] [ 0] /lib/x86_64-linux-gnu/libc.so.6(+0x38de0)[0x7fec0b423de0]
[hydra07:420548] *** Process received signal ***
[hydra12:373840] [12] /lib/x86_64-linux-gnu/libc.so.6(__libc_start_main+0xea)[0x7f3190745d7a]
[hydra12:373840] [13] /home/thesis/jheld/MPI_Syrk_implementation/build/src/MPI_SYRK_implementation(+0x232a)[0x560f8c2ea32a]
[hydra12:373840] *** End of error message ***
[hydra08:395831] [11] /home/thesis/jheld/MPI_Syrk_implementation/build/src/MPI_SYRK_implementation(+0x2ab0)[0x555bac268ab0]
[hydra04:409530] [ 1] /lib/x86_64-linux-gnu/libc.so.6(gsignal+0x141)[0x7fa4c2925d61]
[hydra09:386827] [ 2] /lib/x86_64-linux-gnu/libc.so.6(abort+0x123)[0x7f86bfb01537]
[hydra11:373882] [ 6] /lib/x86_64-linux-gnu/libc.so.6(__libc_calloc+0x81)[0x7f0479dd6bd1]
[hydra05:393482] [ 1] /lib/x86_64-linux-gnu/libc.so.6(gsignal+0x141)[0x7f8c9e83ed61]
[hydra03:410802] [ 1] /lib/x86_64-linux-gnu/libc.so.6(gsignal+0x141)[0x7f89228c1d61]
[hydra02:583941] [ 1] /lib/x86_64-linux-gnu/libc.so.6(gsignal+0x141)[0x7fec0b423d61]
[hydra07:420546] [ 3] /lib/x86_64-linux-gnu/libc.so.6(+0x7a468)[0x7f68d655d468]
[hydra12:373841] [12] /lib/x86_64-linux-gnu/libc.so.6(__libc_start_main+0xea)[0x7f857bb4dd7a]
[hydra12:373841] [13] /home/thesis/jheld/MPI_Syrk_implementation/build/src/MPI_SYRK_implementation(+0x232a)[0x5558cd4f432a]
[hydra12:373841] *** End of error message ***
[hydra10:506310] [ 0] /lib/x86_64-linux-gnu/libc.so.6(+0x38de0)[0x7f84cf5d6de0]
[hydra08:395831] [12] /lib/x86_64-linux-gnu/libc.so.6(__libc_start_main+0xea)[0x7f5717fb0d7a]
[hydra08:395831] [13] /home/thesis/jheld/MPI_Syrk_implementation/build/src/MPI_SYRK_implementation(+0x232a)[0x555bac26832a]
[hydra04:409531] [ 3] /lib/x86_64-linux-gnu/libc.so.6(+0x7a468)[0x7f2f9e51c468]
[hydra09:386826] [ 3] /lib/x86_64-linux-gnu/libc.so.6(+0x7a468)[0x7fe4ce5db468]
[hydra11:373882] [ 7] /opt/mpi/openmpi-4.1.4//lib/libmpi.so.40(ompi_group_allocate+0x17)[0x7f047bca41e7]
[hydra05:393481] [ 5] /lib/x86_64-linux-gnu/libc.so.6(+0x8483c)[0x7f4bd6ee083c]
[hydra03:410801] [ 2] /lib/x86_64-linux-gnu/libc.so.6(abort+0x123)[0x7fbc8d354537]
[hydra02:583941] [ 2] /lib/x86_64-linux-gnu/libc.so.6(abort+0x123)[0x7fec0b40d537]
[hydra07:420548] Signal: Aborted (6)
[hydra07:420548] Signal code:  (-6)
[hydra12:373839] [ 7] /opt/mpi/openmpi-4.1.4//lib/libmpi.so.40(ompi_group_allocate+0x17)[0x7ff4d920d1e7]
[hydra10:506310] [ 1] /lib/x86_64-linux-gnu/libc.so.6(gsignal+0x141)[0x7f84cf5d6d61]
[hydra08:395831] *** End of error message ***
[hydra04:409530] [ 2] /lib/x86_64-linux-gnu/libc.so.6(abort+0x123)[0x7fa4c290f537]
[hydra09:386827] [ 3] /lib/x86_64-linux-gnu/libc.so.6(+0x7a468)[0x7f86bfb59468]
[hydra11:373882] [ 8] /opt/mpi/openmpi-4.1.4//lib/libmpi.so.40(ompi_group_incl_plist+0x65)[0x7f047bca4915]
[hydra05:393482] [ 2] /lib/x86_64-linux-gnu/libc.so.6(abort+0x123)[0x7f8c9e828537]
[hydra03:410802] [ 2] /lib/x86_64-linux-gnu/libc.so.6(abort+0x123)[0x7f89228ab537]
[hydra02:583941] [ 3] /lib/x86_64-linux-gnu/libc.so.6(+0x7a468)[0x7fec0b465468]
[hydra07:420546] [ 4] /lib/x86_64-linux-gnu/libc.so.6(+0x8175a)[0x7f68d656475a]
[hydra12:373839] [ 8] /opt/mpi/openmpi-4.1.4//lib/libmpi.so.40(ompi_group_incl_plist+0x65)[0x7ff4d920d915]
[hydra10:506310] [ 2] /lib/x86_64-linux-gnu/libc.so.6(abort+0x123)[0x7f84cf5c0537]
[hydra04:409530] [ 3] /lib/x86_64-linux-gnu/libc.so.6(+0x7a468)[0x7fa4c2967468]
[hydra09:386826] [ 4] /lib/x86_64-linux-gnu/libc.so.6(+0x8175a)[0x7fe4ce5e275a]
[hydra11:373882] [ 9] /opt/mpi/openmpi-4.1.4//lib/libmpi.so.40(PMPI_Group_incl+0x95)[0x7f047bcd5185]
[hydra05:393481] [ 6] /lib/x86_64-linux-gnu/libc.so.6(__libc_calloc+0x81)[0x7f4bd6ee2bd1]
[hydra03:410801] [ 3] /lib/x86_64-linux-gnu/libc.so.6(+0x7a468)[0x7fbc8d3ac468]
[hydra02:583941] [ 4] /lib/x86_64-linux-gnu/libc.so.6(+0x8175a)[0x7fec0b46c75a]
[hydra07:420546] [ 5] /lib/x86_64-linux-gnu/libc.so.6(+0x8483c)[0x7f68d656783c]
[hydra12:373839] [ 9] /opt/mpi/openmpi-4.1.4//lib/libmpi.so.40(PMPI_Group_incl+0x95)[0x7ff4d923e185]
[hydra10:506310] [ 3] /lib/x86_64-linux-gnu/libc.so.6(+0x7a468)[0x7f84cf618468]
[hydra04:409531] [ 4] /lib/x86_64-linux-gnu/libc.so.6(+0x8175a)[0x7f2f9e52375a]
[hydra09:386827] [ 4] /lib/x86_64-linux-gnu/libc.so.6(+0x8175a)[0x7f86bfb6075a]
[hydra11:373882] [10] /home/thesis/jheld/MPI_Syrk_implementation/build/src/MPI_SYRK_implementation(+0x841a)[0x563d0e77041a]
[hydra11:373882] [11] /home/thesis/jheld/MPI_Syrk_implementation/build/src/MPI_SYRK_implementation(+0x2ab0)[0x563d0e76aab0]
[hydra05:393481] [ 7] /opt/mpi/openmpi-4.1.4//lib/libmpi.so.40(ompi_group_allocate+0x17)[0x7f4bd8db01e7]
[hydra03:410802] [ 3] /lib/x86_64-linux-gnu/libc.so.6(+0x7a468)[0x7f8922903468]
[hydra02:583941] [ 5] /lib/x86_64-linux-gnu/libc.so.6(+0x8483c)[0x7fec0b46f83c]
[hydra07:420546] [ 6] /lib/x86_64-linux-gnu/libc.so.6(__libc_calloc+0x81)[0x7f68d6569bd1]
[hydra07:420546] [ 7] /opt/mpi/openmpi-4.1.4//lib/libmpi.so.40(ompi_group_allocate+0x17)[0x7f68d84371e7]
[hydra07:420546] [ 8] /opt/mpi/openmpi-4.1.4//lib/libmpi.so.40(ompi_group_incl_plist+0x65)[0x7f68d8437915]
[hydra12:373839] [10] /home/thesis/jheld/MPI_Syrk_implementation/build/src/MPI_SYRK_implementation(+0x841a)[0x55937442e41a]
[hydra12:373839] [11] /home/thesis/jheld/MPI_Syrk_implementation/build/src/MPI_SYRK_implementation(+0x2ab0)[0x559374428ab0]
[hydra06:394154] [ 0] /lib/x86_64-linux-gnu/libc.so.6(+0x38de0)[0x7fb2fcd23de0]
[hydra10:506310] [ 4] /lib/x86_64-linux-gnu/libc.so.6(+0x8175a)[0x7f84cf61f75a]
[hydra04:409531] [ 5] /lib/x86_64-linux-gnu/libc.so.6(+0x8483c)[0x7f2f9e52683c]
[hydra09:386828] [ 0] /lib/x86_64-linux-gnu/libc.so.6(+0x38de0)[0x7faacfdbcde0]
[hydra11:373882] [12] /lib/x86_64-linux-gnu/libc.so.6(__libc_start_main+0xea)[0x7f0479d73d7a]
[hydra05:393482] [ 3] /lib/x86_64-linux-gnu/libc.so.6(+0x7a468)[0x7f8c9e880468]
[hydra03:410801] [ 4] /lib/x86_64-linux-gnu/libc.so.6(+0x8175a)[0x7fbc8d3b375a]
[hydra02:583941] [ 6] /lib/x86_64-linux-gnu/libc.so.6(__libc_calloc+0x81)[0x7fec0b471bd1]
[hydra07:420548] [ 0] /lib/x86_64-linux-gnu/libc.so.6(+0x38de0)[0x7f7eeddcfde0]
[hydra07:420548] [ 1] /lib/x86_64-linux-gnu/libc.so.6(gsignal+0x141)[0x7f7eeddcfd61]
[hydra06:394154] [ 1] /lib/x86_64-linux-gnu/libc.so.6(gsignal+0x141)[0x7fb2fcd23d61]
[hydra10:506310] [ 5] /lib/x86_64-linux-gnu/libc.so.6(+0x8483c)[0x7f84cf62283c]
[hydra04:409530] [ 4] /lib/x86_64-linux-gnu/libc.so.6(+0x8175a)[0x7fa4c296e75a]
[hydra09:386826] [ 5] /lib/x86_64-linux-gnu/libc.so.6(+0x8483c)[0x7fe4ce5e583c]
malloc(): invalid size (unsorted)
[hydra05:393481] [ 8] /opt/mpi/openmpi-4.1.4//lib/libmpi.so.40(ompi_group_incl_plist+0x65)[0x7f4bd8db0915]
[hydra03:410802] [ 4] /lib/x86_64-linux-gnu/libc.so.6(+0x8175a)[0x7f892290a75a]
[hydra02:583941] [ 7] /opt/mpi/openmpi-4.1.4//lib/libmpi.so.40(ompi_group_allocate+0x17)[0x7fec0d33f1e7]
[hydra07:420546] [ 9] /opt/mpi/openmpi-4.1.4//lib/libmpi.so.40(PMPI_Group_incl+0x95)[0x7f68d8468185]
[hydra07:420546] [10] /home/thesis/jheld/MPI_Syrk_implementation/build/src/MPI_SYRK_implementation(+0x841a)[0x560044e1141a]
[hydra07:420546] [11] /home/thesis/jheld/MPI_Syrk_implementation/build/src/MPI_SYRK_implementation(+0x2ab0)[0x560044e0bab0]
[hydra06:394154] [ 2] /lib/x86_64-linux-gnu/libc.so.6(abort+0x123)[0x7fb2fcd0d537]
[hydra10:506310] [ 6] /lib/x86_64-linux-gnu/libc.so.6(__libc_calloc+0x81)[0x7f84cf624bd1]
[hydra04:409530] [ 5] /lib/x86_64-linux-gnu/libc.so.6(+0x8483c)[0x7fa4c297183c]
[hydra09:386827] [ 5] /lib/x86_64-linux-gnu/libc.so.6(+0x8483c)[0x7f86bfb6383c]
[hydra11:373882] [13] /home/thesis/jheld/MPI_Syrk_implementation/build/src/MPI_SYRK_implementation(+0x232a)[0x563d0e76a32a]
[hydra11:373882] *** End of error message ***
[hydra05:393482] [ 4] /lib/x86_64-linux-gnu/libc.so.6(+0x8175a)[0x7f8c9e88775a]
[hydra03:410801] [ 5] /lib/x86_64-linux-gnu/libc.so.6(+0x8483c)[0x7fbc8d3b683c]
[hydra02:583941] [ 8] /opt/mpi/openmpi-4.1.4//lib/libmpi.so.40(ompi_group_incl_plist+0x65)[0x7fec0d33f915]
[hydra07:420548] [ 2] /lib/x86_64-linux-gnu/libc.so.6(abort+0x123)[0x7f7eeddb9537]
[hydra06:394154] [ 3] /lib/x86_64-linux-gnu/libc.so.6(+0x7a468)[0x7fb2fcd65468]
[hydra10:506310] [ 7] /opt/mpi/openmpi-4.1.4//lib/libmpi.so.40(ompi_group_allocate+0x17)[0x7f84d14f21e7]
[hydra04:409531] [ 6] /lib/x86_64-linux-gnu/libc.so.6(__libc_calloc+0x81)[0x7f2f9e528bd1]
[hydra09:386828] [ 1] /lib/x86_64-linux-gnu/libc.so.6(gsignal+0x141)[0x7faacfdbcd61]
[hydra11:373880] *** Process received signal ***
[hydra05:393481] [ 9] /opt/mpi/openmpi-4.1.4//lib/libmpi.so.40(PMPI_Group_incl+0x95)[0x7f4bd8de1185]
[hydra05:393481] [10] /home/thesis/jheld/MPI_Syrk_implementation/build/src/MPI_SYRK_implementation(+0x841a)[0x562752e0741a]
[hydra03:410802] [ 5] /lib/x86_64-linux-gnu/libc.so.6(+0x8483c)[0x7f892290d83c]
[hydra02:583941] [ 9] /opt/mpi/openmpi-4.1.4//lib/libmpi.so.40(PMPI_Group_incl+0x95)[0x7fec0d370185]
[hydra02:583941] [10] /home/thesis/jheld/MPI_Syrk_implementation/build/src/MPI_SYRK_implementation(+0x841a)[0x55f07cfaa41a]
[hydra07:420546] [12] /lib/x86_64-linux-gnu/libc.so.6(__libc_start_main+0xea)[0x7f68d6506d7a]
[hydra07:420546] [13] /home/thesis/jheld/MPI_Syrk_implementation/build/src/MPI_SYRK_implementation(+0x232a)[0x560044e0b32a]
[hydra06:394154] [ 4] /lib/x86_64-linux-gnu/libc.so.6(+0x8175a)[0x7fb2fcd6c75a]
[hydra10:506310] [ 8] /opt/mpi/openmpi-4.1.4//lib/libmpi.so.40(ompi_group_incl_plist+0x65)[0x7f84d14f2915]
[hydra04:409531] [ 7] /opt/mpi/openmpi-4.1.4//lib/libmpi.so.40(ompi_group_allocate+0x17)[0x7f2fa03f61e7]
[hydra09:386828] [ 2] /lib/x86_64-linux-gnu/libc.so.6(abort+0x123)[0x7faacfda6537]
[hydra11:373880] Signal: Aborted (6)
[hydra11:373880] Signal code:  (-6)
[hydra05:393481] [11] /home/thesis/jheld/MPI_Syrk_implementation/build/src/MPI_SYRK_implementation(+0x2ab0)[0x562752e01ab0]
[hydra03:410801] [ 6] /lib/x86_64-linux-gnu/libc.so.6(__libc_calloc+0x81)[0x7fbc8d3b8bd1]
[hydra02:583941] [11] /home/thesis/jheld/MPI_Syrk_implementation/build/src/MPI_SYRK_implementation(+0x2ab0)[0x55f07cfa4ab0]
[hydra07:420548] [ 3] /lib/x86_64-linux-gnu/libc.so.6(+0x7a468)[0x7f7eede11468]
[hydra06:394154] [ 5] /lib/x86_64-linux-gnu/libc.so.6(+0x8483c)[0x7fb2fcd6f83c]
[hydra10:506310] [ 9] /opt/mpi/openmpi-4.1.4//lib/libmpi.so.40(PMPI_Group_incl+0x95)[0x7f84d1523185]
[hydra04:409530] [ 6] /lib/x86_64-linux-gnu/libc.so.6(__libc_calloc+0x81)[0x7fa4c2973bd1]
[hydra09:386826] [ 6] /lib/x86_64-linux-gnu/libc.so.6(__libc_calloc+0x81)[0x7fe4ce5e7bd1]
[hydra11:373880] [ 0] /lib/x86_64-linux-gnu/libc.so.6(+0x38de0)[0x7f3a2519dde0]
[hydra11:373880] [ 1] /lib/x86_64-linux-gnu/libc.so.6(gsignal+0x141)[0x7f3a2519dd61]
[hydra05:393482] [ 5] /lib/x86_64-linux-gnu/libc.so.6(+0x8483c)[0x7f8c9e88a83c]
[hydra03:410802] [ 6] /lib/x86_64-linux-gnu/libc.so.6(__libc_calloc+0x81)[0x7f892290fbd1]
[hydra02:583941] [12] /lib/x86_64-linux-gnu/libc.so.6(__libc_start_main+0xea)[0x7fec0b40ed7a]
[hydra02:583941] [13] /home/thesis/jheld/MPI_Syrk_implementation/build/src/MPI_SYRK_implementation(+0x232a)[0x55f07cfa432a]
[hydra07:420546] *** End of error message ***
[hydra06:394154] [ 6] /lib/x86_64-linux-gnu/libc.so.6(__libc_calloc+0x81)[0x7fb2fcd71bd1]
[hydra10:506310] [10] /home/thesis/jheld/MPI_Syrk_implementation/build/src/MPI_SYRK_implementation(+0x841a)[0x5632ba5d141a]
[hydra10:506310] [11] /home/thesis/jheld/MPI_Syrk_implementation/build/src/MPI_SYRK_implementation(+0x2ab0)[0x5632ba5cbab0]
[hydra04:409531] [ 8] /opt/mpi/openmpi-4.1.4//lib/libmpi.so.40(ompi_group_incl_plist+0x65)[0x7f2fa03f6915]
[hydra09:386827] [ 6] /lib/x86_64-linux-gnu/libc.so.6(__libc_calloc+0x81)[0x7f86bfb65bd1]
[hydra11:373880] [ 2] /lib/x86_64-linux-gnu/libc.so.6(abort+0x123)[0x7f3a25187537]
[hydra05:393481] [12] /lib/x86_64-linux-gnu/libc.so.6(__libc_start_main+0xea)[0x7f4bd6e7fd7a]
[hydra05:393481] [13] /home/thesis/jheld/MPI_Syrk_implementation/build/src/MPI_SYRK_implementation(+0x232a)[0x562752e0132a]
[hydra05:393481] *** End of error message ***
[hydra03:410801] [ 7] /opt/mpi/openmpi-4.1.4//lib/libmpi.so.40(ompi_group_allocate+0x17)[0x7fbc8f2861e7]
[hydra02:583941] *** End of error message ***
[hydra07:420548] [ 4] /lib/x86_64-linux-gnu/libc.so.6(+0x8175a)[0x7f7eede1875a]
[hydra06:394154] [ 7] /opt/mpi/openmpi-4.1.4//lib/libmpi.so.40(ompi_group_allocate+0x17)[0x7fb2fec3f1e7]
[hydra10:506310] [12] /lib/x86_64-linux-gnu/libc.so.6(__libc_start_main+0xea)[0x7f84cf5c1d7a]
[hydra10:506310] [13] /home/thesis/jheld/MPI_Syrk_implementation/build/src/MPI_SYRK_implementation(+0x232a)[0x5632ba5cb32a]
[hydra04:409530] [ 7] /opt/mpi/openmpi-4.1.4//lib/libmpi.so.40(ompi_group_allocate+0x17)[0x7fa4c48411e7]
[hydra09:386826] [ 7] /opt/mpi/openmpi-4.1.4//lib/libmpi.so.40(ompi_group_allocate+0x17)[0x7fe4d04b51e7]
[hydra11:373880] [ 3] /lib/x86_64-linux-gnu/libc.so.6(+0x7a468)[0x7f3a251df468]
[hydra05:393482] [ 6] /lib/x86_64-linux-gnu/libc.so.6(__libc_calloc+0x81)[0x7f8c9e88cbd1]
[hydra03:410802] [ 7] /opt/mpi/openmpi-4.1.4//lib/libmpi.so.40(ompi_group_allocate+0x17)[0x7f89247dd1e7]
[hydra07:420548] [ 5] /lib/x86_64-linux-gnu/libc.so.6(+0x8483c)[0x7f7eede1b83c]
[hydra06:394154] [ 8] /opt/mpi/openmpi-4.1.4//lib/libmpi.so.40(ompi_group_incl_plist+0x65)[0x7fb2fec3f915]
[hydra10:506310] *** End of error message ***
[hydra04:409531] [ 9] /opt/mpi/openmpi-4.1.4//lib/libmpi.so.40(PMPI_Group_incl+0x95)[0x7f2fa0427185]
[hydra09:386827] [ 7] /opt/mpi/openmpi-4.1.4//lib/libmpi.so.40(ompi_group_allocate+0x17)[0x7f86c1a331e7]
[hydra11:373880] [ 4] /lib/x86_64-linux-gnu/libc.so.6(+0x8175a)[0x7f3a251e675a]
[hydra05:393482] [ 7] /opt/mpi/openmpi-4.1.4//lib/libmpi.so.40(ompi_group_allocate+0x17)[0x7f8ca075a1e7]
[hydra03:410801] [ 8] /opt/mpi/openmpi-4.1.4//lib/libmpi.so.40(ompi_group_incl_plist+0x65)[0x7fbc8f286915]
[hydra07:420548] [ 6] /lib/x86_64-linux-gnu/libc.so.6(__libc_calloc+0x81)[0x7f7eede1dbd1]
[hydra06:394154] [ 9] /opt/mpi/openmpi-4.1.4//lib/libmpi.so.40(PMPI_Group_incl+0x95)[0x7fb2fec70185]
[hydra09:386828] [ 3] /lib/x86_64-linux-gnu/libc.so.6(+0x7a468)[0x7faacfdfe468]
[hydra11:373880] [ 5] /lib/x86_64-linux-gnu/libc.so.6(+0x8483c)[0x7f3a251e983c]
[hydra03:410802] [ 8] /opt/mpi/openmpi-4.1.4//lib/libmpi.so.40(ompi_group_incl_plist+0x65)[0x7f89247dd915]
[hydra06:394154] [10] /home/thesis/jheld/MPI_Syrk_implementation/build/src/MPI_SYRK_implementation(+0x841a)[0x5648501f641a]
[hydra06:394154] [11] /home/thesis/jheld/MPI_Syrk_implementation/build/src/MPI_SYRK_implementation(+0x2ab0)[0x5648501f0ab0]
[hydra09:386826] [ 8] /opt/mpi/openmpi-4.1.4//lib/libmpi.so.40(ompi_group_incl_plist+0x65)[0x7fe4d04b5915]
[hydra11:373880] [ 6] /lib/x86_64-linux-gnu/libc.so.6(__libc_calloc+0x81)[0x7f3a251ebbd1]
[hydra03:410801] [ 9] /opt/mpi/openmpi-4.1.4//lib/libmpi.so.40(PMPI_Group_incl+0x95)[0x7fbc8f2b7185]
[hydra06:394154] [12] /lib/x86_64-linux-gnu/libc.so.6(__libc_start_main+0xea)[0x7fb2fcd0ed7a]
[hydra06:394154] [13] /home/thesis/jheld/MPI_Syrk_implementation/build/src/MPI_SYRK_implementation(+0x232a)[0x5648501f032a]
[hydra09:386827] [ 8] /opt/mpi/openmpi-4.1.4//lib/libmpi.so.40(ompi_group_incl_plist+0x65)[0x7f86c1a33915]
[hydra11:373880] [ 7] /opt/mpi/openmpi-4.1.4//lib/libmpi.so.40(ompi_group_allocate+0x17)[0x7f3a270b91e7]
[hydra03:410802] [ 9] /opt/mpi/openmpi-4.1.4//lib/libmpi.so.40(PMPI_Group_incl+0x95)[0x7f892480e185]
[hydra03:410802] [10] /home/thesis/jheld/MPI_Syrk_implementation/build/src/MPI_SYRK_implementation(+0x841a)[0x5610a0dc341a]
[hydra03:410802] [11] /home/thesis/jheld/MPI_Syrk_implementation/build/src/MPI_SYRK_implementation(+0x2ab0)[0x5610a0dbdab0]
[hydra06:394154] *** End of error message ***
[hydra09:386828] [ 4] /lib/x86_64-linux-gnu/libc.so.6(+0x8175a)[0x7faacfe0575a]
[hydra11:373880] [ 8] /opt/mpi/openmpi-4.1.4//lib/libmpi.so.40(ompi_group_incl_plist+0x65)[0x7f3a270b9915]
[hydra03:410801] [10] /home/thesis/jheld/MPI_Syrk_implementation/build/src/MPI_SYRK_implementation(+0x841a)[0x556a277a541a]
[hydra03:410801] [11] /home/thesis/jheld/MPI_Syrk_implementation/build/src/MPI_SYRK_implementation(+0x2ab0)[0x556a2779fab0]
[hydra09:386826] [ 9] /opt/mpi/openmpi-4.1.4//lib/libmpi.so.40(PMPI_Group_incl+0x95)[0x7fe4d04e6185]
[hydra09:386826] [10] /home/thesis/jheld/MPI_Syrk_implementation/build/src/MPI_SYRK_implementation(+0x841a)[0x5574d616f41a]
[hydra11:373880] [ 9] /opt/mpi/openmpi-4.1.4//lib/libmpi.so.40(PMPI_Group_incl+0x95)[0x7f3a270ea185]
[hydra11:373880] [10] /home/thesis/jheld/MPI_Syrk_implementation/build/src/MPI_SYRK_implementation(+0x841a)[0x556d1d0ca41a]
[hydra03:410802] [12] /lib/x86_64-linux-gnu/libc.so.6(__libc_start_main+0xea)[0x7f89228acd7a]
[hydra09:386827] [ 9] /opt/mpi/openmpi-4.1.4//lib/libmpi.so.40(PMPI_Group_incl+0x95)[0x7f86c1a64185]
[hydra09:386827] [10] /home/thesis/jheld/MPI_Syrk_implementation/build/src/MPI_SYRK_implementation(+0x841a)[0x56489da3541a]
[hydra09:386827] [11] /home/thesis/jheld/MPI_Syrk_implementation/build/src/MPI_SYRK_implementation(+0x2ab0)[0x56489da2fab0]
[hydra11:373880] [11] /home/thesis/jheld/MPI_Syrk_implementation/build/src/MPI_SYRK_implementation(+0x2ab0)[0x556d1d0c4ab0]
[hydra03:410801] [12] /lib/x86_64-linux-gnu/libc.so.6(__libc_start_main+0xea)[0x7fbc8d355d7a]
[hydra03:410801] [13] /home/thesis/jheld/MPI_Syrk_implementation/build/src/MPI_SYRK_implementation(+0x232a)[0x556a2779f32a]
[hydra03:410801] *** End of error message ***
[hydra09:386826] [11] /home/thesis/jheld/MPI_Syrk_implementation/build/src/MPI_SYRK_implementation(+0x2ab0)[0x5574d6169ab0]
[hydra09:386826] [12] /lib/x86_64-linux-gnu/libc.so.6(__libc_start_main+0xea)[0x7fe4ce584d7a]
[hydra11:373880] [12] /lib/x86_64-linux-gnu/libc.so.6(__libc_start_main+0xea)[0x7f3a25188d7a]
[hydra11:373880] [13] /home/thesis/jheld/MPI_Syrk_implementation/build/src/MPI_SYRK_implementation(+0x232a)[0x556d1d0c432a]
[hydra03:410802] [13] /home/thesis/jheld/MPI_Syrk_implementation/build/src/MPI_SYRK_implementation(+0x232a)[0x5610a0dbd32a]
[hydra03:410802] *** End of error message ***
[hydra09:386827] [12] /lib/x86_64-linux-gnu/libc.so.6(__libc_start_main+0xea)[0x7f86bfb02d7a]
[hydra09:386827] [13] /home/thesis/jheld/MPI_Syrk_implementation/build/src/MPI_SYRK_implementation(+0x232a)[0x56489da2f32a]
[hydra09:386827] *** End of error message ***
[hydra11:373880] *** End of error message ***
[hydra09:386828] [ 5] /lib/x86_64-linux-gnu/libc.so.6(+0x8483c)[0x7faacfe0883c]
[hydra09:386828] [ 6] /lib/x86_64-linux-gnu/libc.so.6(__libc_calloc+0x81)[0x7faacfe0abd1]
[hydra09:386826] [13] /home/thesis/jheld/MPI_Syrk_implementation/build/src/MPI_SYRK_implementation(+0x232a)[0x5574d616932a]
[hydra09:386826] *** End of error message ***
[hydra09:386828] [ 7] /opt/mpi/openmpi-4.1.4//lib/libmpi.so.40(ompi_group_allocate+0x17)[0x7faad1cd81e7]
[hydra09:386828] [ 8] /opt/mpi/openmpi-4.1.4//lib/libmpi.so.40(ompi_group_incl_plist+0x65)[0x7faad1cd8915]
[hydra09:386828] [ 9] /opt/mpi/openmpi-4.1.4//lib/libmpi.so.40(PMPI_Group_incl+0x95)[0x7faad1d09185]
[hydra09:386828] [10] /home/thesis/jheld/MPI_Syrk_implementation/build/src/MPI_SYRK_implementation(+0x841a)[0x55f21524341a]
[hydra09:386828] [11] /home/thesis/jheld/MPI_Syrk_implementation/build/src/MPI_SYRK_implementation(+0x2ab0)[0x55f21523dab0]
[hydra09:386828] [12] /lib/x86_64-linux-gnu/libc.so.6(__libc_start_main+0xea)[0x7faacfda7d7a]
[hydra09:386828] [13] /home/thesis/jheld/MPI_Syrk_implementation/build/src/MPI_SYRK_implementation(+0x232a)[0x55f21523d32a]
[hydra09:386828] *** End of error message ***
[hydra07:420548] [ 7] /opt/mpi/openmpi-4.1.4//lib/libmpi.so.40(ompi_group_allocate+0x17)[0x7f7eefceb1e7]
[hydra07:420548] [ 8] /opt/mpi/openmpi-4.1.4//lib/libmpi.so.40(ompi_group_incl_plist+0x65)[0x7f7eefceb915]
[hydra07:420548] [ 9] /opt/mpi/openmpi-4.1.4//lib/libmpi.so.40(PMPI_Group_incl+0x95)[0x7f7eefd1c185]
[hydra07:420548] [10] /home/thesis/jheld/MPI_Syrk_implementation/build/src/MPI_SYRK_implementation(+0x841a)[0x55969fa2241a]
[hydra07:420548] [11] /home/thesis/jheld/MPI_Syrk_implementation/build/src/MPI_SYRK_implementation(+0x2ab0)[0x55969fa1cab0]
[hydra07:420548] [12] /lib/x86_64-linux-gnu/libc.so.6(__libc_start_main+0xea)[0x7f7eeddbad7a]
[hydra07:420548] [13] /home/thesis/jheld/MPI_Syrk_implementation/build/src/MPI_SYRK_implementation(+0x232a)[0x55969fa1c32a]
[hydra07:420548] *** End of error message ***
[hydra04:409530] [ 8] /opt/mpi/openmpi-4.1.4//lib/libmpi.so.40(ompi_group_incl_plist+0x65)[0x7fa4c4841915]
[hydra05:393482] [ 8] /opt/mpi/openmpi-4.1.4//lib/libmpi.so.40(ompi_group_incl_plist+0x65)[0x7f8ca075a915]
[hydra04:409531] [10] /home/thesis/jheld/MPI_Syrk_implementation/build/src/MPI_SYRK_implementation(+0x841a)[0x55d1f211941a]
[hydra04:409531] [11] /home/thesis/jheld/MPI_Syrk_implementation/build/src/MPI_SYRK_implementation(+0x2ab0)[0x55d1f2113ab0]
[hydra05:393482] [ 9] /opt/mpi/openmpi-4.1.4//lib/libmpi.so.40(PMPI_Group_incl+0x95)[0x7f8ca078b185]
[hydra05:393482] [10] /home/thesis/jheld/MPI_Syrk_implementation/build/src/MPI_SYRK_implementation(+0x841a)[0x557cf5a9041a]
[hydra04:409531] [12] /lib/x86_64-linux-gnu/libc.so.6(__libc_start_main+0xea)[0x7f2f9e4c5d7a]
[hydra05:393482] [11] /home/thesis/jheld/MPI_Syrk_implementation/build/src/MPI_SYRK_implementation(+0x2ab0)[0x557cf5a8aab0]
[hydra04:409530] [ 9] /opt/mpi/openmpi-4.1.4//lib/libmpi.so.40(PMPI_Group_incl+0x95)[0x7fa4c4872185]
[hydra04:409530] [10] /home/thesis/jheld/MPI_Syrk_implementation/build/src/MPI_SYRK_implementation(+0x841a)[0x55bec206441a]
[hydra04:409530] [11] /home/thesis/jheld/MPI_Syrk_implementation/build/src/MPI_SYRK_implementation(+0x2ab0)[0x55bec205eab0]
[hydra05:393482] [12] /lib/x86_64-linux-gnu/libc.so.6(__libc_start_main+0xea)[0x7f8c9e829d7a]
[hydra05:393482] [13] /home/thesis/jheld/MPI_Syrk_implementation/build/src/MPI_SYRK_implementation(+0x232a)[0x557cf5a8a32a]
[hydra12:373839] [12] /lib/x86_64-linux-gnu/libc.so.6(__libc_start_main+0xea)[0x7ff4d72dcd7a]
[hydra12:373839] [13] /home/thesis/jheld/MPI_Syrk_implementation/build/src/MPI_SYRK_implementation(+0x232a)[0x55937442832a]
[hydra04:409531] [13] /home/thesis/jheld/MPI_Syrk_implementation/build/src/MPI_SYRK_implementation(+0x232a)[0x55d1f211332a]
[hydra04:409531] *** End of error message ***
[hydra05:393482] *** End of error message ***
[hydra12:373839] *** End of error message ***
[hydra04:409530] [12] /lib/x86_64-linux-gnu/libc.so.6(__libc_start_main+0xea)[0x7fa4c2910d7a]
[hydra04:409530] [13] /home/thesis/jheld/MPI_Syrk_implementation/build/src/MPI_SYRK_implementation(+0x232a)[0x55bec205e32a]
[hydra04:409530] *** End of error message ***
srun: error: hydra10: task 27: Aborted
srun: error: hydra06: task 15: Aborted
srun: error: hydra08: task 23: Aborted
srun: error: hydra02: task 5: Aborted
srun: error: hydra05: tasks 13-14: Aborted
srun: error: hydra04: tasks 9-10: Aborted
srun: error: hydra07: tasks 18,20: Aborted
srun: error: hydra03: tasks 7-8: Aborted
srun: error: hydra11: tasks 30,32: Aborted
srun: error: hydra12: tasks 33-35: Aborted
srun: error: hydra09: tasks 24-26: Aborted
slurmstepd: error:  mpi/pmix_v4: _errhandler: hydra06 [5]: pmixp_client_v2.c:211: Error handler invoked: status = -61, source = [slurm.pmix.5008700.17:15]
slurmstepd: error:  mpi/pmix_v4: _errhandler: hydra08 [7]: pmixp_client_v2.c:211: Error handler invoked: status = -61, source = [slurm.pmix.5008700.17:23]
slurmstepd: error:  mpi/pmix_v4: _errhandler: hydra05 [4]: pmixp_client_v2.c:211: Error handler invoked: status = -61, source = [slurm.pmix.5008700.17:13]
slurmstepd: error:  mpi/pmix_v4: _errhandler: hydra10 [9]: pmixp_client_v2.c:211: Error handler invoked: status = -61, source = [slurm.pmix.5008700.17:27]
slurmstepd: error:  mpi/pmix_v4: _errhandler: hydra02 [1]: pmixp_client_v2.c:211: Error handler invoked: status = -61, source = [slurm.pmix.5008700.17:5]
slurmstepd: error:  mpi/pmix_v4: _errhandler: hydra04 [3]: pmixp_client_v2.c:211: Error handler invoked: status = -61, source = [slurm.pmix.5008700.17:10]
slurmstepd: error:  mpi/pmix_v4: _errhandler: hydra11 [10]: pmixp_client_v2.c:211: Error handler invoked: status = -61, source = [slurm.pmix.5008700.17:32]
slurmstepd: error:  mpi/pmix_v4: _errhandler: hydra07 [6]: pmixp_client_v2.c:211: Error handler invoked: status = -61, source = [slurm.pmix.5008700.17:18]
slurmstepd: error: *** STEP 5008700.17 ON hydra01 CANCELLED AT 2025-10-13T15:38:20 ***
slurmstepd: error: *** STEP 5008700.17 ON hydra01 CANCELLED AT 2025-10-13T15:38:20 ***
srun: Job step aborted: Waiting up to 32 seconds for job step to finish.
srun: error: hydra11: task 31: Killed
srun: error: hydra05: task 12: Killed
srun: error: hydra04: task 11: Killed
srun: error: hydra07: task 19: Killed
srun: error: hydra03: task 6: Killed
srun: error: hydra10: tasks 28-29: Killed
srun: error: hydra08: tasks 21-22: Killed
srun: error: hydra06: tasks 16-17: Killed
srun: error: hydra02: tasks 3-4: Killed
srun: error: hydra01: tasks 0-2: Killed
⚠️ Warning: No runtime found for run 18
srun: Warning: can't honor --ntasks-per-node set to 1 which doesn't match the requested tasks 36 with the number of requested nodes 12. Ignoring --ntasks-per-node.
missing input file name --> Generate random input
malloc(): invalid size (unsorted)
[hydra12:373891] *** Process received signal ***
[hydra12:373891] Signal: Aborted (6)
[hydra12:373891] Signal code:  (-6)
malloc(): invalid size (unsorted)
[hydra11:373941] *** Process received signal ***
[hydra11:373941] Signal: Aborted (6)
[hydra11:373941] Signal code:  (-6)
malloc(): invalid size (unsorted)
[hydra06:394214] *** Process received signal ***
[hydra06:394214] Signal: Aborted (6)
[hydra06:394214] Signal code:  (-6)
malloc(): invalid size (unsorted)
[hydra03:410859] *** Process received signal ***
[hydra03:410859] Signal: Aborted (6)
[hydra03:410859] Signal code:  (-6)
malloc(): invalid size (unsorted)
[hydra09:386876] *** Process received signal ***
[hydra09:386876] Signal: Aborted (6)
[hydra09:386876] Signal code:  (-6)
malloc(): invalid size (unsorted)
[hydra07:420605] *** Process received signal ***
[hydra07:420605] Signal: Aborted (6)
[hydra07:420605] Signal code:  (-6)
malloc(): invalid size (unsorted)
[hydra04:409589] *** Process received signal ***
[hydra04:409589] Signal: Aborted (6)
[hydra04:409589] Signal code:  (-6)
malloc(): invalid size (unsorted)
[hydra02:584014] *** Process received signal ***
[hydra02:584014] Signal: Aborted (6)
[hydra02:584014] Signal code:  (-6)
malloc(): invalid size (unsorted)
[hydra05:393539] *** Process received signal ***
[hydra05:393539] Signal: Aborted (6)
[hydra05:393539] Signal code:  (-6)
malloc(): invalid size (unsorted)
[hydra10:506375] *** Process received signal ***
[hydra10:506375] Signal: Aborted (6)
[hydra10:506375] Signal code:  (-6)
malloc(): invalid size (unsorted)
[hydra08:395888] *** Process received signal ***
malloc(): invalid size (unsorted)
[hydra04:409590] *** Process received signal ***
[hydra04:409590] Signal: Aborted (6)
[hydra04:409590] Signal code:  (-6)
[hydra04:409589] [ 0] /lib/x86_64-linux-gnu/libc.so.6(+0x38de0)[0x7f406ba3bde0]
[hydra04:409590] [ 0] /lib/x86_64-linux-gnu/libc.so.6(+0x38de0)[0x7f82db755de0]
[hydra04:409589] [ 1] /lib/x86_64-linux-gnu/libc.so.6(gsignal+0x141)[0x7f406ba3bd61]
[hydra04:409590] [ 1] /lib/x86_64-linux-gnu/libc.so.6(gsignal+0x141)[0x7f82db755d61]
[hydra04:409589] [ 2] /lib/x86_64-linux-gnu/libc.so.6(abort+0x123)[0x7f406ba25537]
[hydra04:409590] [ 2] /lib/x86_64-linux-gnu/libc.so.6(abort+0x123)[0x7f82db73f537]
[hydra04:409589] [ 3] /lib/x86_64-linux-gnu/libc.so.6(+0x7a468)[0x7f406ba7d468]
[hydra04:409590] [ 3] /lib/x86_64-linux-gnu/libc.so.6(+0x7a468)[0x7f82db797468]
[hydra04:409590] [ 4] /lib/x86_64-linux-gnu/libc.so.6(+0x8175a)[0x7f82db79e75a]
[hydra04:409589] [ 4] /lib/x86_64-linux-gnu/libc.so.6(+0x8175a)[0x7f406ba8475a]
[hydra12:373891] [ 0] /lib/x86_64-linux-gnu/libc.so.6(+0x38de0)[0x7fe526dd0de0]
[hydra04:409589] [ 5] /lib/x86_64-linux-gnu/libc.so.6(+0x8483c)[0x7f406ba8783c]
[hydra12:373891] [ 1] /lib/x86_64-linux-gnu/libc.so.6(gsignal+0x141)[0x7fe526dd0d61]
[hydra04:409590] [ 5] /lib/x86_64-linux-gnu/libc.so.6(+0x8483c)[0x7f82db7a183c]
[hydra12:373891] [ 2] /lib/x86_64-linux-gnu/libc.so.6(abort+0x123)[0x7fe526dba537]
[hydra12:373891] [ 3] /lib/x86_64-linux-gnu/libc.so.6(+0x7a468)[0x7fe526e12468]
[hydra12:373891] [ 4] /lib/x86_64-linux-gnu/libc.so.6(+0x8175a)[0x7fe526e1975a]
[hydra04:409589] [ 6] /lib/x86_64-linux-gnu/libc.so.6(__libc_calloc+0x81)[0x7f406ba89bd1]
[hydra12:373891] [ 5] /lib/x86_64-linux-gnu/libc.so.6(+0x8483c)[0x7fe526e1c83c]
[hydra04:409590] [ 6] /lib/x86_64-linux-gnu/libc.so.6(__libc_calloc+0x81)[0x7f82db7a3bd1]
[hydra12:373891] [ 6] /lib/x86_64-linux-gnu/libc.so.6(__libc_calloc+0x81)[0x7fe526e1ebd1]
malloc(): invalid size (unsorted)
[hydra12:373891] [ 7] /opt/mpi/openmpi-4.1.4//lib/libmpi.so.40(ompi_group_allocate+0x17)[0x7fe528cec1e7]
[hydra09:386876] [ 0] /lib/x86_64-linux-gnu/libc.so.6(+0x38de0)[0x7faf84854de0]
[hydra04:409589] [ 7] /opt/mpi/openmpi-4.1.4//lib/libmpi.so.40(ompi_group_allocate+0x17)[0x7f406d9571e7]
[hydra12:373891] [ 8] /opt/mpi/openmpi-4.1.4//lib/libmpi.so.40(ompi_group_incl_plist+0x65)[0x7fe528cec915]
[hydra09:386878] *** Process received signal ***
[hydra04:409590] [ 7] /opt/mpi/openmpi-4.1.4//lib/libmpi.so.40(ompi_group_allocate+0x17)[0x7f82dd6711e7]
[hydra12:373891] [ 9] /opt/mpi/openmpi-4.1.4//lib/libmpi.so.40(PMPI_Group_incl+0x95)[0x7fe528d1d185]
[hydra12:373891] [10] /home/thesis/jheld/MPI_Syrk_implementation/build/src/MPI_SYRK_implementation(+0x841a)[0x55a59931441a]
[hydra09:386878] Signal: Aborted (6)
[hydra09:386878] Signal code:  (-6)
malloc(): invalid size (unsorted)
[hydra04:409589] [ 8] /opt/mpi/openmpi-4.1.4//lib/libmpi.so.40(ompi_group_incl_plist+0x65)[0x7f406d957915]
[hydra12:373891] [11] /home/thesis/jheld/MPI_Syrk_implementation/build/src/MPI_SYRK_implementation(+0x2ab0)[0x55a59930eab0]
[hydra09:386876] [ 1] /lib/x86_64-linux-gnu/libc.so.6(gsignal+0x141)[0x7faf84854d61]
malloc(): invalid size (unsorted)
[hydra02:584012] *** Process received signal ***
[hydra02:584012] Signal: Aborted (6)
[hydra02:584012] Signal code:  (-6)
[hydra11:373941] [ 0] /lib/x86_64-linux-gnu/libc.so.6(+0x38de0)[0x7f5f28a8cde0]
malloc(): invalid size (unsorted)
[hydra12:373891] [12] /lib/x86_64-linux-gnu/libc.so.6(__libc_start_main+0xea)[0x7fe526dbbd7a]
[hydra12:373891] [13] /home/thesis/jheld/MPI_Syrk_implementation/build/src/MPI_SYRK_implementation(+0x232a)[0x55a59930e32a]
[hydra09:386876] [ 2] /lib/x86_64-linux-gnu/libc.so.6(abort+0x123)[0x7faf8483e537]
[hydra03:410861] *** Process received signal ***
[hydra02:584014] [ 0] /lib/x86_64-linux-gnu/libc.so.6(+0x38de0)[0x7fc6f0fddde0]
[hydra11:373941] [ 1] /lib/x86_64-linux-gnu/libc.so.6(gsignal+0x141)[0x7f5f28a8cd61]
[hydra06:394213] *** Process received signal ***
[hydra04:409590] [ 8] /opt/mpi/openmpi-4.1.4//lib/libmpi.so.40(ompi_group_incl_plist+0x65)[0x7f82dd671915]
[hydra12:373891] *** End of error message ***
[hydra09:386876] [ 3] /lib/x86_64-linux-gnu/libc.so.6(+0x7a468)[0x7faf84896468]
[hydra03:410861] Signal: Aborted (6)
[hydra03:410861] Signal code:  (-6)
[hydra02:584014] [ 1] /lib/x86_64-linux-gnu/libc.so.6(gsignal+0x141)[0x7fc6f0fddd61]
[hydra11:373941] [ 2] /lib/x86_64-linux-gnu/libc.so.6(abort+0x123)[0x7f5f28a76537]
[hydra06:394213] Signal: Aborted (6)
[hydra06:394213] Signal code:  (-6)
[hydra04:409589] [ 9] /opt/mpi/openmpi-4.1.4//lib/libmpi.so.40(PMPI_Group_incl+0x95)[0x7f406d988185]
[hydra09:386876] [ 4] /lib/x86_64-linux-gnu/libc.so.6(+0x8175a)[0x7faf8489d75a]
[hydra03:410859] [ 0] /lib/x86_64-linux-gnu/libc.so.6(+0x38de0)[0x7f4a9fc49de0]
[hydra02:584014] [ 2] /lib/x86_64-linux-gnu/libc.so.6(abort+0x123)[0x7fc6f0fc7537]
malloc(): invalid size (unsorted)
[hydra06:394214] [ 0] /lib/x86_64-linux-gnu/libc.so.6(+0x38de0)[0x7f349d0c4de0]
[hydra04:409590] [ 9] /opt/mpi/openmpi-4.1.4//lib/libmpi.so.40(PMPI_Group_incl+0x95)[0x7f82dd6a2185]
[hydra04:409590] [10] /home/thesis/jheld/MPI_Syrk_implementation/build/src/MPI_SYRK_implementation(+0x841a)[0x562e5e3c441a]
[hydra04:409590] [11] /home/thesis/jheld/MPI_Syrk_implementation/build/src/MPI_SYRK_implementation(+0x2ab0)[0x562e5e3beab0]
[hydra09:386878] [ 0] /lib/x86_64-linux-gnu/libc.so.6(+0x38de0)[0x7f865b591de0]
[hydra03:410859] [ 1] /lib/x86_64-linux-gnu/libc.so.6(gsignal+0x141)[0x7f4a9fc49d61]
[hydra02:584012] [ 0] /lib/x86_64-linux-gnu/libc.so.6(+0x38de0)[0x7f98d0e85de0]
[hydra02:584012] [ 1] /lib/x86_64-linux-gnu/libc.so.6(gsignal+0x141)[0x7f98d0e85d61]
[hydra02:584012] [ 2] /lib/x86_64-linux-gnu/libc.so.6(abort+0x123)[0x7f98d0e6f537]
[hydra11:373941] [ 3] /lib/x86_64-linux-gnu/libc.so.6(+0x7a468)[0x7f5f28ace468]
[hydra06:394214] [ 1] /lib/x86_64-linux-gnu/libc.so.6(gsignal+0x141)[0x7f349d0c4d61]
[hydra05:393539] [ 0] /lib/x86_64-linux-gnu/libc.so.6(+0x38de0)[0x7f6979241de0]
[hydra04:409589] [10] /home/thesis/jheld/MPI_Syrk_implementation/build/src/MPI_SYRK_implementation(+0x841a)[0x55efee68041a]
[hydra04:409589] [11] /home/thesis/jheld/MPI_Syrk_implementation/build/src/MPI_SYRK_implementation(+0x2ab0)[0x55efee67aab0]
[hydra04:409589] [12] /lib/x86_64-linux-gnu/libc.so.6(__libc_start_main+0xea)[0x7f406ba26d7a]
[hydra09:386876] [ 5] /lib/x86_64-linux-gnu/libc.so.6(+0x8483c)[0x7faf848a083c]
[hydra03:410859] [ 2] /lib/x86_64-linux-gnu/libc.so.6(abort+0x123)[0x7f4a9fc33537]
[hydra02:584014] [ 3] /lib/x86_64-linux-gnu/libc.so.6(+0x7a468)[0x7fc6f101f468]
[hydra02:584014] [ 4] /lib/x86_64-linux-gnu/libc.so.6(+0x8175a)[0x7fc6f102675a]
[hydra02:584014] [ 5] /lib/x86_64-linux-gnu/libc.so.6(+0x8483c)[0x7fc6f102983c]
[hydra10:506375] [ 0] /lib/x86_64-linux-gnu/libc.so.6(+0x38de0)[0x7f62b5526de0]
[hydra11:373940] *** Process received signal ***
[hydra06:394214] [ 2] /lib/x86_64-linux-gnu/libc.so.6(abort+0x123)[0x7f349d0ae537]
[hydra05:393539] [ 1] /lib/x86_64-linux-gnu/libc.so.6(gsignal+0x141)[0x7f6979241d61]
[hydra04:409590] [12] /lib/x86_64-linux-gnu/libc.so.6(__libc_start_main+0xea)[0x7f82db740d7a]
[hydra04:409590] [13] /home/thesis/jheld/MPI_Syrk_implementation/build/src/MPI_SYRK_implementation(+0x232a)[0x562e5e3be32a]
[hydra04:409590] *** End of error message ***
[hydra09:386878] [ 1] /lib/x86_64-linux-gnu/libc.so.6(gsignal+0x141)[0x7f865b591d61]
[hydra03:410859] [ 3] /lib/x86_64-linux-gnu/libc.so.6(+0x7a468)[0x7f4a9fc8b468]
[hydra02:584012] [ 3] /lib/x86_64-linux-gnu/libc.so.6(+0x7a468)[0x7f98d0ec7468]
[hydra10:506375] [ 1] /lib/x86_64-linux-gnu/libc.so.6(gsignal+0x141)[0x7f62b5526d61]
[hydra11:373941] [ 4] /lib/x86_64-linux-gnu/libc.so.6(+0x8175a)[0x7f5f28ad575a]
[hydra06:394214] [ 3] /lib/x86_64-linux-gnu/libc.so.6(+0x7a468)[0x7f349d106468]
[hydra05:393539] [ 2] /lib/x86_64-linux-gnu/libc.so.6(abort+0x123)[0x7f697922b537]
[hydra07:420605] [ 0] /lib/x86_64-linux-gnu/libc.so.6(+0x38de0)[0x7f042c7d5de0]
[hydra04:409589] [13] /home/thesis/jheld/MPI_Syrk_implementation/build/src/MPI_SYRK_implementation(+0x232a)[0x55efee67a32a]
[hydra04:409589] *** End of error message ***
[hydra09:386876] [ 6] /lib/x86_64-linux-gnu/libc.so.6(__libc_calloc+0x81)[0x7faf848a2bd1]
[hydra03:410859] [ 4] /lib/x86_64-linux-gnu/libc.so.6(+0x8175a)[0x7f4a9fc9275a]
[hydra02:584014] [ 6] /lib/x86_64-linux-gnu/libc.so.6(__libc_calloc+0x81)[0x7fc6f102bbd1]
[hydra10:506375] [ 2] /lib/x86_64-linux-gnu/libc.so.6(abort+0x123)[0x7f62b5510537]
[hydra11:373940] Signal: Aborted (6)
[hydra11:373940] Signal code:  (-6)
[hydra06:394213] [ 0] /lib/x86_64-linux-gnu/libc.so.6(+0x38de0)[0x7fb2d3a8bde0]
[hydra05:393539] [ 3] /lib/x86_64-linux-gnu/libc.so.6(+0x7a468)[0x7f6979283468]
[hydra07:420605] [ 1] /lib/x86_64-linux-gnu/libc.so.6(gsignal+0x141)[0x7f042c7d5d61]
[hydra09:386878] [ 2] /lib/x86_64-linux-gnu/libc.so.6(abort+0x123)[0x7f865b57b537]
[hydra03:410861] [ 0] /lib/x86_64-linux-gnu/libc.so.6(+0x38de0)[0x7f38ad50fde0]
[hydra02:584012] [ 4] /lib/x86_64-linux-gnu/libc.so.6(+0x8175a)[0x7f98d0ece75a]
[hydra10:506375] [ 3] /lib/x86_64-linux-gnu/libc.so.6(+0x7a468)[0x7f62b5568468]
[hydra11:373941] [ 5] /lib/x86_64-linux-gnu/libc.so.6(+0x8483c)[0x7f5f28ad883c]
[hydra06:394214] [ 4] /lib/x86_64-linux-gnu/libc.so.6(+0x8175a)[0x7f349d10d75a]
[hydra05:393539] [ 4] /lib/x86_64-linux-gnu/libc.so.6(+0x8175a)[0x7f697928a75a]
malloc(): invalid size (unsorted)
[hydra08:395889] *** Process received signal ***
[hydra08:395889] Signal: Aborted (6)
[hydra08:395889] Signal code:  (-6)
[hydra07:420605] [ 2] /lib/x86_64-linux-gnu/libc.so.6(abort+0x123)[0x7f042c7bf537]
[hydra09:386876] [ 7] /opt/mpi/openmpi-4.1.4//lib/libmpi.so.40(ompi_group_allocate+0x17)[0x7faf867701e7]
[hydra03:410861] [ 1] /lib/x86_64-linux-gnu/libc.so.6(gsignal+0x141)[0x7f38ad50fd61]
[hydra02:584014] [ 7] /opt/mpi/openmpi-4.1.4//lib/libmpi.so.40(ompi_group_allocate+0x17)[0x7fc6f2ef91e7]
[hydra10:506375] [ 4] /lib/x86_64-linux-gnu/libc.so.6(+0x8175a)[0x7f62b556f75a]
[hydra11:373941] [ 6] /lib/x86_64-linux-gnu/libc.so.6(__libc_calloc+0x81)[0x7f5f28adabd1]
[hydra06:394213] [ 1] /lib/x86_64-linux-gnu/libc.so.6(gsignal+0x141)[0x7fb2d3a8bd61]
[hydra05:393539] [ 5] /lib/x86_64-linux-gnu/libc.so.6(+0x8483c)[0x7f697928d83c]
[hydra08:395888] Signal: Aborted (6)
[hydra08:395888] Signal code:  (-6)
[hydra07:420605] [ 3] /lib/x86_64-linux-gnu/libc.so.6(+0x7a468)[0x7f042c817468]
[hydra09:386878] [ 3] /lib/x86_64-linux-gnu/libc.so.6(+0x7a468)[0x7f865b5d3468]
[hydra03:410859] [ 5] /lib/x86_64-linux-gnu/libc.so.6(+0x8483c)[0x7f4a9fc9583c]
[hydra02:584012] [ 5] /lib/x86_64-linux-gnu/libc.so.6(+0x8483c)[0x7f98d0ed183c]
[hydra10:506375] [ 5] /lib/x86_64-linux-gnu/libc.so.6(+0x8483c)[0x7f62b557283c]
[hydra11:373941] [ 7] /opt/mpi/openmpi-4.1.4//lib/libmpi.so.40(ompi_group_allocate+0x17)[0x7f5f2a9a81e7]
[hydra06:394214] [ 5] /lib/x86_64-linux-gnu/libc.so.6(+0x8483c)[0x7f349d11083c]
[hydra05:393539] [ 6] /lib/x86_64-linux-gnu/libc.so.6(__libc_calloc+0x81)[0x7f697928fbd1]
[hydra08:395889] [ 0] /lib/x86_64-linux-gnu/libc.so.6(+0x38de0)[0x7f01e718ade0]
[hydra07:420605] [ 4] /lib/x86_64-linux-gnu/libc.so.6(+0x8175a)[0x7f042c81e75a]
[hydra09:386876] [ 8] /opt/mpi/openmpi-4.1.4//lib/libmpi.so.40(ompi_group_incl_plist+0x65)[0x7faf86770915]
[hydra03:410861] [ 2] /lib/x86_64-linux-gnu/libc.so.6(abort+0x123)[0x7f38ad4f9537]
[hydra02:584014] [ 8] /opt/mpi/openmpi-4.1.4//lib/libmpi.so.40(ompi_group_incl_plist+0x65)[0x7fc6f2ef9915]
[hydra10:506375] [ 6] /lib/x86_64-linux-gnu/libc.so.6(__libc_calloc+0x81)[0x7f62b5574bd1]
[hydra11:373940] [ 0] /lib/x86_64-linux-gnu/libc.so.6(+0x38de0)[0x7fe984308de0]
[hydra11:373940] [ 1] /lib/x86_64-linux-gnu/libc.so.6(gsignal+0x141)[0x7fe984308d61]
[hydra11:373940] [ 2] /lib/x86_64-linux-gnu/libc.so.6(abort+0x123)[0x7fe9842f2537]
[hydra06:394213] [ 2] /lib/x86_64-linux-gnu/libc.so.6(abort+0x123)[0x7fb2d3a75537]
[hydra05:393539] [ 7] /opt/mpi/openmpi-4.1.4//lib/libmpi.so.40(ompi_group_allocate+0x17)[0x7f697b15d1e7]
[hydra08:395889] [ 1] /lib/x86_64-linux-gnu/libc.so.6(gsignal+0x141)[0x7f01e718ad61]
[hydra07:420605] [ 5] /lib/x86_64-linux-gnu/libc.so.6(+0x8483c)[0x7f042c82183c]
[hydra09:386878] [ 4] /lib/x86_64-linux-gnu/libc.so.6(+0x8175a)[0x7f865b5da75a]
[hydra03:410859] [ 6] /lib/x86_64-linux-gnu/libc.so.6(__libc_calloc+0x81)[0x7f4a9fc97bd1]
[hydra02:584012] [ 6] /lib/x86_64-linux-gnu/libc.so.6(__libc_calloc+0x81)[0x7f98d0ed3bd1]
[hydra10:506375] [ 7] /opt/mpi/openmpi-4.1.4//lib/libmpi.so.40(ompi_group_allocate+0x17)[0x7f62b74421e7]
[hydra11:373941] [ 8] /opt/mpi/openmpi-4.1.4//lib/libmpi.so.40(ompi_group_incl_plist+0x65)[0x7f5f2a9a8915]
[hydra11:373941] [ 9] /opt/mpi/openmpi-4.1.4//lib/libmpi.so.40(PMPI_Group_incl+0x95)[0x7f5f2a9d9185]
[hydra11:373941] [10] /home/thesis/jheld/MPI_Syrk_implementation/build/src/MPI_SYRK_implementation(+0x841a)[0x561ab83c641a]
[hydra11:373941] [11] /home/thesis/jheld/MPI_Syrk_implementation/build/src/MPI_SYRK_implementation(+0x2ab0)[0x561ab83c0ab0]
[hydra11:373941] [12] /lib/x86_64-linux-gnu/libc.so.6(__libc_start_main+0xea)[0x7f5f28a77d7a]
[hydra11:373941] [13] /home/thesis/jheld/MPI_Syrk_implementation/build/src/MPI_SYRK_implementation(+0x232a)[0x561ab83c032a]
[hydra11:373941] *** End of error message ***
[hydra06:394214] [ 6] /lib/x86_64-linux-gnu/libc.so.6(__libc_calloc+0x81)[0x7f349d112bd1]
[hydra05:393539] [ 8] /opt/mpi/openmpi-4.1.4//lib/libmpi.so.40(ompi_group_incl_plist+0x65)[0x7f697b15d915]
[hydra08:395888] [ 0] /lib/x86_64-linux-gnu/libc.so.6(+0x38de0)[0x7ff2401c1de0]
[hydra07:420605] [ 6] /lib/x86_64-linux-gnu/libc.so.6(__libc_calloc+0x81)[0x7f042c823bd1]
[hydra09:386876] [ 9] /opt/mpi/openmpi-4.1.4//lib/libmpi.so.40(PMPI_Group_incl+0x95)[0x7faf867a1185]
[hydra09:386876] [10] /home/thesis/jheld/MPI_Syrk_implementation/build/src/MPI_SYRK_implementation(+0x841a)[0x55e1a63bd41a]
[hydra09:386876] [11] /home/thesis/jheld/MPI_Syrk_implementation/build/src/MPI_SYRK_implementation(+0x2ab0)[0x55e1a63b7ab0]
[hydra03:410859] [ 7] /opt/mpi/openmpi-4.1.4//lib/libmpi.so.40(ompi_group_allocate+0x17)[0x7f4aa1b651e7]
[hydra02:584014] [ 9] /opt/mpi/openmpi-4.1.4//lib/libmpi.so.40(PMPI_Group_incl+0x95)[0x7fc6f2f2a185]
[hydra02:584014] [10] /home/thesis/jheld/MPI_Syrk_implementation/build/src/MPI_SYRK_implementation(+0x841a)[0x560e04e6041a]
[hydra10:506375] [ 8] /opt/mpi/openmpi-4.1.4//lib/libmpi.so.40(ompi_group_incl_plist+0x65)[0x7f62b7442915]
[hydra11:373940] [ 3] /lib/x86_64-linux-gnu/libc.so.6(+0x7a468)[0x7fe98434a468]
[hydra06:394213] [ 3] /lib/x86_64-linux-gnu/libc.so.6(+0x7a468)[0x7fb2d3acd468]
[hydra06:394213] [ 4] /lib/x86_64-linux-gnu/libc.so.6(+0x8175a)[0x7fb2d3ad475a]
[hydra05:393539] [ 9] /opt/mpi/openmpi-4.1.4//lib/libmpi.so.40(PMPI_Group_incl+0x95)[0x7f697b18e185]
[hydra08:395889] [ 2] /lib/x86_64-linux-gnu/libc.so.6(abort+0x123)[0x7f01e7174537]
[hydra07:420605] [ 7] /opt/mpi/openmpi-4.1.4//lib/libmpi.so.40(ompi_group_allocate+0x17)[0x7f042e6f11e7]
[hydra09:386878] [ 5] /lib/x86_64-linux-gnu/libc.so.6(+0x8483c)[0x7f865b5dd83c]
[hydra03:410861] [ 3] /lib/x86_64-linux-gnu/libc.so.6(+0x7a468)[0x7f38ad551468]
[hydra02:584012] [ 7] /opt/mpi/openmpi-4.1.4//lib/libmpi.so.40(ompi_group_allocate+0x17)[0x7f98d2da11e7]
[hydra10:506375] [ 9] /opt/mpi/openmpi-4.1.4//lib/libmpi.so.40(PMPI_Group_incl+0x95)[0x7f62b7473185]
[hydra10:506375] [10] /home/thesis/jheld/MPI_Syrk_implementation/build/src/MPI_SYRK_implementation(+0x841a)[0x559d3dafe41a]
[hydra11:373940] [ 4] /lib/x86_64-linux-gnu/libc.so.6(+0x8175a)[0x7fe98435175a]
[hydra06:394214] [ 7] /opt/mpi/openmpi-4.1.4//lib/libmpi.so.40(ompi_group_allocate+0x17)[0x7f349efe01e7]
[hydra06:394214] [ 8] /opt/mpi/openmpi-4.1.4//lib/libmpi.so.40(ompi_group_incl_plist+0x65)[0x7f349efe0915]
[hydra06:394214] [ 9] /opt/mpi/openmpi-4.1.4//lib/libmpi.so.40(PMPI_Group_incl+0x95)[0x7f349f011185]
[hydra06:394214] [10] /home/thesis/jheld/MPI_Syrk_implementation/build/src/MPI_SYRK_implementation(+0x841a)[0x561805acd41a]
[hydra06:394214] [11] /home/thesis/jheld/MPI_Syrk_implementation/build/src/MPI_SYRK_implementation(+0x2ab0)[0x561805ac7ab0]
[hydra05:393539] [10] /home/thesis/jheld/MPI_Syrk_implementation/build/src/MPI_SYRK_implementation(+0x841a)[0x557aada3541a]
[hydra05:393539] [11] /home/thesis/jheld/MPI_Syrk_implementation/build/src/MPI_SYRK_implementation(+0x2ab0)[0x557aada2fab0]
[hydra08:395888] [ 1] /lib/x86_64-linux-gnu/libc.so.6(gsignal+0x141)[0x7ff2401c1d61]
[hydra07:420605] [ 8] /opt/mpi/openmpi-4.1.4//lib/libmpi.so.40(ompi_group_incl_plist+0x65)[0x7f042e6f1915]
[hydra09:386876] [12] /lib/x86_64-linux-gnu/libc.so.6(__libc_start_main+0xea)[0x7faf8483fd7a]
[hydra09:386876] [13] /home/thesis/jheld/MPI_Syrk_implementation/build/src/MPI_SYRK_implementation(+0x232a)[0x55e1a63b732a]
[hydra09:386876] *** End of error message ***
[hydra03:410859] [ 8] /opt/mpi/openmpi-4.1.4//lib/libmpi.so.40(ompi_group_incl_plist+0x65)[0x7f4aa1b65915]
[hydra02:584014] [11] /home/thesis/jheld/MPI_Syrk_implementation/build/src/MPI_SYRK_implementation(+0x2ab0)[0x560e04e5aab0]
[hydra02:584014] [12] /lib/x86_64-linux-gnu/libc.so.6(__libc_start_main+0xea)[0x7fc6f0fc8d7a]
[hydra02:584014] [13] /home/thesis/jheld/MPI_Syrk_implementation/build/src/MPI_SYRK_implementation(+0x232a)[0x560e04e5a32a]
[hydra10:506375] [11] /home/thesis/jheld/MPI_Syrk_implementation/build/src/MPI_SYRK_implementation(+0x2ab0)[0x559d3daf8ab0]
[hydra11:373940] [ 5] /lib/x86_64-linux-gnu/libc.so.6(+0x8483c)[0x7fe98435483c]
[hydra06:394213] [ 5] /lib/x86_64-linux-gnu/libc.so.6(+0x8483c)[0x7fb2d3ad783c]
[hydra06:394213] [ 6] /lib/x86_64-linux-gnu/libc.so.6(__libc_calloc+0x81)[0x7fb2d3ad9bd1]
[hydra05:393539] [12] /lib/x86_64-linux-gnu/libc.so.6(__libc_start_main+0xea)[0x7f697922cd7a]
[hydra05:393539] [13] /home/thesis/jheld/MPI_Syrk_implementation/build/src/MPI_SYRK_implementation(+0x232a)[0x557aada2f32a]
[hydra08:395889] [ 3] /lib/x86_64-linux-gnu/libc.so.6(+0x7a468)[0x7f01e71cc468]
[hydra07:420605] [ 9] /opt/mpi/openmpi-4.1.4//lib/libmpi.so.40(PMPI_Group_incl+0x95)[0x7f042e722185]
[hydra09:386878] [ 6] /lib/x86_64-linux-gnu/libc.so.6(__libc_calloc+0x81)[0x7f865b5dfbd1]
[hydra03:410861] [ 4] /lib/x86_64-linux-gnu/libc.so.6(+0x8175a)[0x7f38ad55875a]
[hydra02:584012] [ 8] /opt/mpi/openmpi-4.1.4//lib/libmpi.so.40(ompi_group_incl_plist+0x65)[0x7f98d2da1915]
[hydra10:506375] [12] /lib/x86_64-linux-gnu/libc.so.6(__libc_start_main+0xea)[0x7f62b5511d7a]
[hydra10:506375] [13] /home/thesis/jheld/MPI_Syrk_implementation/build/src/MPI_SYRK_implementation(+0x232a)[0x559d3daf832a]
[hydra11:373940] [ 6] /lib/x86_64-linux-gnu/libc.so.6(__libc_calloc+0x81)[0x7fe984356bd1]
[hydra06:394214] [12] /lib/x86_64-linux-gnu/libc.so.6(__libc_start_main+0xea)[0x7f349d0afd7a]
[hydra06:394214] [13] /home/thesis/jheld/MPI_Syrk_implementation/build/src/MPI_SYRK_implementation(+0x232a)[0x561805ac732a]
[hydra06:394214] *** End of error message ***
[hydra05:393539] *** End of error message ***
[hydra08:395888] [ 2] /lib/x86_64-linux-gnu/libc.so.6(abort+0x123)[0x7ff2401ab537]
[hydra07:420605] [10] /home/thesis/jheld/MPI_Syrk_implementation/build/src/MPI_SYRK_implementation(+0x841a)[0x555c7d78641a]
[hydra07:420605] [11] /home/thesis/jheld/MPI_Syrk_implementation/build/src/MPI_SYRK_implementation(+0x2ab0)[0x555c7d780ab0]
[hydra03:410859] [ 9] /opt/mpi/openmpi-4.1.4//lib/libmpi.so.40(PMPI_Group_incl+0x95)[0x7f4aa1b96185]
[hydra02:584014] *** End of error message ***
[hydra10:506375] *** End of error message ***
[hydra11:373940] [ 7] /opt/mpi/openmpi-4.1.4//lib/libmpi.so.40(ompi_group_allocate+0x17)[0x7fe9862241e7]
[hydra06:394213] [ 7] /opt/mpi/openmpi-4.1.4//lib/libmpi.so.40(ompi_group_allocate+0x17)[0x7fb2d59a71e7]
[hydra08:395889] [ 4] /lib/x86_64-linux-gnu/libc.so.6(+0x8175a)[0x7f01e71d375a]
[hydra07:420605] [12] /lib/x86_64-linux-gnu/libc.so.6(__libc_start_main+0xea)[0x7f042c7c0d7a]
[hydra07:420605] [13] /home/thesis/jheld/MPI_Syrk_implementation/build/src/MPI_SYRK_implementation(+0x232a)[0x555c7d78032a]
[hydra03:410859] [10] /home/thesis/jheld/MPI_Syrk_implementation/build/src/MPI_SYRK_implementation(+0x841a)[0x564d754aa41a]
[hydra03:410859] [11] /home/thesis/jheld/MPI_Syrk_implementation/build/src/MPI_SYRK_implementation(+0x2ab0)[0x564d754a4ab0]
[hydra02:584012] [ 9] /opt/mpi/openmpi-4.1.4//lib/libmpi.so.40(PMPI_Group_incl+0x95)[0x7f98d2dd2185]
[hydra11:373940] [ 8] /opt/mpi/openmpi-4.1.4//lib/libmpi.so.40(ompi_group_incl_plist+0x65)[0x7fe986224915]
[hydra06:394213] [ 8] /opt/mpi/openmpi-4.1.4//lib/libmpi.so.40(ompi_group_incl_plist+0x65)[0x7fb2d59a7915]
[hydra08:395888] [ 3] /lib/x86_64-linux-gnu/libc.so.6(+0x7a468)[0x7ff240203468]
[hydra07:420605] *** End of error message ***
[hydra03:410861] [ 5] /lib/x86_64-linux-gnu/libc.so.6(+0x8483c)[0x7f38ad55b83c]
[hydra08:395889] [ 5] /lib/x86_64-linux-gnu/libc.so.6(+0x8483c)[0x7f01e71d683c]
[hydra03:410859] [12] /lib/x86_64-linux-gnu/libc.so.6(__libc_start_main+0xea)[0x7f4a9fc34d7a]
[hydra08:395888] [ 4] /lib/x86_64-linux-gnu/libc.so.6(+0x8175a)[0x7ff24020a75a]
[hydra08:395888] [ 5] /lib/x86_64-linux-gnu/libc.so.6(+0x8483c)[0x7ff24020d83c]
[hydra03:410859] [13] /home/thesis/jheld/MPI_Syrk_implementation/build/src/MPI_SYRK_implementation(+0x232a)[0x564d754a432a]
[hydra03:410859] *** End of error message ***
[hydra08:395889] [ 6] /lib/x86_64-linux-gnu/libc.so.6(__libc_calloc+0x81)[0x7f01e71d8bd1]
[hydra08:395889] [ 7] /opt/mpi/openmpi-4.1.4//lib/libmpi.so.40(ompi_group_allocate+0x17)[0x7f01e90a61e7]
[hydra08:395889] [ 8] /opt/mpi/openmpi-4.1.4//lib/libmpi.so.40(ompi_group_incl_plist+0x65)[0x7f01e90a6915]
[hydra03:410861] [ 6] /lib/x86_64-linux-gnu/libc.so.6(__libc_calloc+0x81)[0x7f38ad55dbd1]
[hydra08:395888] [ 6] /lib/x86_64-linux-gnu/libc.so.6(__libc_calloc+0x81)[0x7ff24020fbd1]
[hydra08:395888] [ 7] /opt/mpi/openmpi-4.1.4//lib/libmpi.so.40(ompi_group_allocate+0x17)[0x7ff2420dd1e7]
[hydra03:410861] [ 7] /opt/mpi/openmpi-4.1.4//lib/libmpi.so.40(ompi_group_allocate+0x17)[0x7f38af42b1e7]
[hydra08:395889] [ 9] /opt/mpi/openmpi-4.1.4//lib/libmpi.so.40(PMPI_Group_incl+0x95)[0x7f01e90d7185]
[hydra08:395889] [10] /home/thesis/jheld/MPI_Syrk_implementation/build/src/MPI_SYRK_implementation(+0x841a)[0x55d256e5141a]
[hydra08:395889] [11] /home/thesis/jheld/MPI_Syrk_implementation/build/src/MPI_SYRK_implementation(+0x2ab0)[0x55d256e4bab0]
[hydra03:410861] [ 8] /opt/mpi/openmpi-4.1.4//lib/libmpi.so.40(ompi_group_incl_plist+0x65)[0x7f38af42b915]
[hydra08:395888] [ 8] /opt/mpi/openmpi-4.1.4//lib/libmpi.so.40(ompi_group_incl_plist+0x65)[0x7ff2420dd915]
[hydra08:395889] [12] /lib/x86_64-linux-gnu/libc.so.6(__libc_start_main+0xea)[0x7f01e7175d7a]
[hydra08:395889] [13] /home/thesis/jheld/MPI_Syrk_implementation/build/src/MPI_SYRK_implementation(+0x232a)[0x55d256e4b32a]
[hydra08:395889] *** End of error message ***
[hydra08:395888] [ 9] /opt/mpi/openmpi-4.1.4//lib/libmpi.so.40(PMPI_Group_incl+0x95)[0x7ff24210e185]
[hydra08:395888] [10] /home/thesis/jheld/MPI_Syrk_implementation/build/src/MPI_SYRK_implementation(+0x841a)[0x56177020341a]
[hydra08:395888] [11] /home/thesis/jheld/MPI_Syrk_implementation/build/src/MPI_SYRK_implementation(+0x2ab0)[0x5617701fdab0]
[hydra08:395888] [12] /lib/x86_64-linux-gnu/libc.so.6(__libc_start_main+0xea)[0x7ff2401acd7a]
[hydra08:395888] [13] /home/thesis/jheld/MPI_Syrk_implementation/build/src/MPI_SYRK_implementation(+0x232a)[0x5617701fd32a]
[hydra08:395888] *** End of error message ***
[hydra06:394213] [ 9] /opt/mpi/openmpi-4.1.4//lib/libmpi.so.40(PMPI_Group_incl+0x95)[0x7fb2d59d8185]
[hydra06:394213] [10] /home/thesis/jheld/MPI_Syrk_implementation/build/src/MPI_SYRK_implementation(+0x841a)[0x56091c39741a]
[hydra06:394213] [11] /home/thesis/jheld/MPI_Syrk_implementation/build/src/MPI_SYRK_implementation(+0x2ab0)[0x56091c391ab0]
[hydra09:386878] [ 7] /opt/mpi/openmpi-4.1.4//lib/libmpi.so.40(ompi_group_allocate+0x17)[0x7f865d4ad1e7]
[hydra11:373940] [ 9] /opt/mpi/openmpi-4.1.4//lib/libmpi.so.40(PMPI_Group_incl+0x95)[0x7fe986255185]
[hydra11:373940] [10] /home/thesis/jheld/MPI_Syrk_implementation/build/src/MPI_SYRK_implementation(+0x841a)[0x55aa5145141a]
[hydra06:394213] [12] /lib/x86_64-linux-gnu/libc.so.6(__libc_start_main+0xea)[0x7fb2d3a76d7a]
[hydra09:386878] [ 8] /opt/mpi/openmpi-4.1.4//lib/libmpi.so.40(ompi_group_incl_plist+0x65)[0x7f865d4ad915]
[hydra02:584012] [10] /home/thesis/jheld/MPI_Syrk_implementation/build/src/MPI_SYRK_implementation(+0x841a)[0x56273aeef41a]
[hydra02:584012] [11] /home/thesis/jheld/MPI_Syrk_implementation/build/src/MPI_SYRK_implementation(+0x2ab0)[0x56273aee9ab0]
[hydra11:373940] [11] /home/thesis/jheld/MPI_Syrk_implementation/build/src/MPI_SYRK_implementation(+0x2ab0)[0x55aa5144bab0]
[hydra06:394213] [13] /home/thesis/jheld/MPI_Syrk_implementation/build/src/MPI_SYRK_implementation(+0x232a)[0x56091c39132a]
[hydra06:394213] *** End of error message ***
[hydra09:386878] [ 9] /opt/mpi/openmpi-4.1.4//lib/libmpi.so.40(PMPI_Group_incl+0x95)[0x7f865d4de185]
[hydra09:386878] [10] /home/thesis/jheld/MPI_Syrk_implementation/build/src/MPI_SYRK_implementation(+0x841a)[0x55bf7af1c41a]
[hydra03:410861] [ 9] /opt/mpi/openmpi-4.1.4//lib/libmpi.so.40(PMPI_Group_incl+0x95)[0x7f38af45c185]
[hydra03:410861] [10] /home/thesis/jheld/MPI_Syrk_implementation/build/src/MPI_SYRK_implementation(+0x841a)[0x55dacd07c41a]
[hydra03:410861] [11] /home/thesis/jheld/MPI_Syrk_implementation/build/src/MPI_SYRK_implementation(+0x2ab0)[0x55dacd076ab0]
[hydra03:410861] [12] /lib/x86_64-linux-gnu/libc.so.6(__libc_start_main+0xea)[0x7f38ad4fad7a]
[hydra03:410861] [13] /home/thesis/jheld/MPI_Syrk_implementation/build/src/MPI_SYRK_implementation(+0x232a)[0x55dacd07632a]
[hydra03:410861] *** End of error message ***
[hydra02:584012] [12] /lib/x86_64-linux-gnu/libc.so.6(__libc_start_main+0xea)[0x7f98d0e70d7a]
[hydra02:584012] [13] /home/thesis/jheld/MPI_Syrk_implementation/build/src/MPI_SYRK_implementation(+0x232a)[0x56273aee932a]
[hydra11:373940] [12] /lib/x86_64-linux-gnu/libc.so.6(__libc_start_main+0xea)[0x7fe9842f3d7a]
[hydra09:386878] [11] /home/thesis/jheld/MPI_Syrk_implementation/build/src/MPI_SYRK_implementation(+0x2ab0)[0x55bf7af16ab0]
[hydra02:584012] *** End of error message ***
[hydra11:373940] [13] /home/thesis/jheld/MPI_Syrk_implementation/build/src/MPI_SYRK_implementation(+0x232a)[0x55aa5144b32a]
[hydra11:373940] *** End of error message ***
[hydra09:386878] [12] /lib/x86_64-linux-gnu/libc.so.6(__libc_start_main+0xea)[0x7f865b57cd7a]
[hydra09:386878] [13] /home/thesis/jheld/MPI_Syrk_implementation/build/src/MPI_SYRK_implementation(+0x232a)[0x55bf7af1632a]
[hydra09:386878] *** End of error message ***
srun: error: hydra07: task 18: Aborted
srun: error: hydra10: task 29: Aborted
srun: error: hydra12: task 35: Aborted
srun: error: hydra05: task 12: Aborted
srun: error: hydra04: tasks 9-10: Aborted
srun: error: hydra11: tasks 31-32: Aborted
srun: error: hydra08: tasks 21-22: Aborted
srun: error: hydra09: tasks 24,26: Aborted
srun: error: hydra03: tasks 6,8: Aborted
srun: error: hydra06: tasks 15-16: Aborted
srun: error: hydra02: tasks 3,5: Aborted
slurmstepd: error:  mpi/pmix_v4: _errhandler: hydra12 [11]: pmixp_client_v2.c:211: Error handler invoked: status = -61, source = [slurm.pmix.5008700.18:35]
slurmstepd: error:  mpi/pmix_v4: _errhandler: hydra10 [9]: pmixp_client_v2.c:211: Error handler invoked: status = -61, source = [slurm.pmix.5008700.18:29]
slurmstepd: error:  mpi/pmix_v4: _errhandler: hydra05 [4]: pmixp_client_v2.c:211: Error handler invoked: status = -61, source = [slurm.pmix.5008700.18:12]
slurmstepd: error:  mpi/pmix_v4: _errhandler: hydra09 [8]: pmixp_client_v2.c:211: Error handler invoked: status = -61, source = [slurm.pmix.5008700.18:24]
slurmstepd: error:  mpi/pmix_v4: _errhandler: hydra02 [1]: pmixp_client_v2.c:211: Error handler invoked: status = -61, source = [slurm.pmix.5008700.18:5]
slurmstepd: error:  mpi/pmix_v4: _errhandler: hydra11 [10]: pmixp_client_v2.c:211: Error handler invoked: status = -61, source = [slurm.pmix.5008700.18:32]
slurmstepd: error:  mpi/pmix_v4: _errhandler: hydra04 [3]: pmixp_client_v2.c:211: Error handler invoked: status = -61, source = [slurm.pmix.5008700.18:10]
slurmstepd: error:  mpi/pmix_v4: _errhandler: hydra06 [5]: pmixp_client_v2.c:211: Error handler invoked: status = -61, source = [slurm.pmix.5008700.18:16]
slurmstepd: error:  mpi/pmix_v4: _errhandler: hydra08 [7]: pmixp_client_v2.c:211: Error handler invoked: status = -61, source = [slurm.pmix.5008700.18:22]
slurmstepd: error:  mpi/pmix_v4: _errhandler: hydra07 [6]: pmixp_client_v2.c:211: Error handler invoked: status = -61, source = [slurm.pmix.5008700.18:18]
slurmstepd: error: *** STEP 5008700.18 ON hydra01 CANCELLED AT 2025-10-13T15:38:22 ***
slurmstepd: error:  mpi/pmix_v4: _errhandler: hydra03 [2]: pmixp_client_v2.c:211: Error handler invoked: status = -61, source = [slurm.pmix.5008700.18:8]
srun: Job step aborted: Waiting up to 32 seconds for job step to finish.
srun: error: hydra06: task 17: Killed
srun: error: hydra09: task 25: Killed
srun: error: hydra08: task 23: Killed
srun: error: hydra02: task 4: Killed
srun: error: hydra04: task 11: Killed
srun: error: hydra03: task 7: Killed
srun: error: hydra11: task 30: Killed
srun: error: hydra07: tasks 19-20: Killed
srun: error: hydra05: tasks 13-14: Killed
srun: error: hydra10: tasks 27-28: Killed
srun: error: hydra12: tasks 33-34: Killed
srun: error: hydra01: tasks 0-2: Killed
⚠️ Warning: No runtime found for run 19
srun: Warning: can't honor --ntasks-per-node set to 1 which doesn't match the requested tasks 36 with the number of requested nodes 12. Ignoring --ntasks-per-node.
missing input file name --> Generate random input
malloc(): invalid size (unsorted)
[hydra12:373959] *** Process received signal ***
[hydra12:373959] Signal: Aborted (6)
[hydra12:373959] Signal code:  (-6)
malloc(): invalid size (unsorted)
[hydra05:393607] *** Process received signal ***
[hydra05:393607] Signal: Aborted (6)
[hydra05:393607] Signal code:  (-6)
malloc(): invalid size (unsorted)
[hydra04:409659] *** Process received signal ***
[hydra04:409659] Signal: Aborted (6)
[hydra04:409659] Signal code:  (-6)
malloc(): invalid size (unsorted)
[hydra03:410928] *** Process received signal ***
[hydra03:410928] Signal: Aborted (6)
[hydra03:410928] Signal code:  (-6)
malloc(): invalid size (unsorted)
[hydra09:386944] *** Process received signal ***
[hydra09:386944] Signal: Aborted (6)
[hydra09:386944] Signal code:  (-6)
malloc(): invalid size (unsorted)
[hydra06:394282] *** Process received signal ***
[hydra06:394282] Signal: Aborted (6)
[hydra06:394282] Signal code:  (-6)
[hydra04:409659] [ 0] /lib/x86_64-linux-gnu/libc.so.6(+0x38de0)[0x7f9df277bde0]
malloc(): invalid size (unsorted)
[hydra05:393608] *** Process received signal ***
[hydra05:393608] Signal: Aborted (6)
[hydra05:393608] Signal code:  (-6)
[hydra05:393607] [ 0] /lib/x86_64-linux-gnu/libc.so.6(+0x38de0)[0x7f077e736de0]
[hydra05:393608] [ 0] /lib/x86_64-linux-gnu/libc.so.6(+0x38de0)[0x7f1bd2d2ede0]
[hydra03:410928] [ 0] /lib/x86_64-linux-gnu/libc.so.6(+0x38de0)[0x7f08cb215de0]
malloc(): invalid size (unsorted)
[hydra09:386945] *** Process received signal ***
[hydra09:386945] Signal: Aborted (6)
[hydra09:386945] Signal code:  (-6)
[hydra05:393607] [ 1] /lib/x86_64-linux-gnu/libc.so.6(gsignal+0x141)[0x7f077e736d61]
[hydra03:410928] [ 1] /lib/x86_64-linux-gnu/libc.so.6(gsignal+0x141)[0x7f08cb215d61]
malloc(): invalid size (unsorted)
[hydra02:584095] *** Process received signal ***
[hydra02:584095] Signal: Aborted (6)
[hydra02:584095] Signal code:  (-6)
malloc(): invalid size (unsorted)
[hydra07:420673] *** Process received signal ***
[hydra07:420673] Signal: Aborted (6)
[hydra07:420673] Signal code:  (-6)
[hydra04:409659] [ 1] /lib/x86_64-linux-gnu/libc.so.6(gsignal+0x141)[0x7f9df277bd61]
malloc(): invalid size (unsorted)
[hydra08:395957] *** Process received signal ***
[hydra08:395957] Signal: Aborted (6)
[hydra08:395957] Signal code:  (-6)
malloc(): invalid size (unsorted)
[hydra10:506447] *** Process received signal ***
[hydra10:506447] Signal: Aborted (6)
[hydra10:506447] Signal code:  (-6)
[hydra05:393608] [ 1] /lib/x86_64-linux-gnu/libc.so.6(gsignal+0x141)[0x7f1bd2d2ed61]
[hydra03:410928] [ 2] /lib/x86_64-linux-gnu/libc.so.6(abort+0x123)[0x7f08cb1ff537]
[hydra04:409659] [ 2] /lib/x86_64-linux-gnu/libc.so.6(abort+0x123)[0x7f9df2765537]
[hydra09:386944] [ 0] /lib/x86_64-linux-gnu/libc.so.6(+0x38de0)[0x7ff888e85de0]
[hydra05:393607] [ 2] /lib/x86_64-linux-gnu/libc.so.6(abort+0x123)[0x7f077e720537]
[hydra06:394282] [ 0] /lib/x86_64-linux-gnu/libc.so.6(+0x38de0)[0x7fb784dfdde0]
malloc(): invalid size (unsorted)
[hydra11:374007] *** Process received signal ***
[hydra11:374007] Signal: Aborted (6)
[hydra11:374007] Signal code:  (-6)
[hydra04:409659] [ 3] /lib/x86_64-linux-gnu/libc.so.6(+0x7a468)[0x7f9df27bd468]
[hydra09:386945] [ 0] /lib/x86_64-linux-gnu/libc.so.6(+0x38de0)[0x7f723381bde0]
[hydra05:393608] [ 2] /lib/x86_64-linux-gnu/libc.so.6(abort+0x123)[0x7f1bd2d18537]
[hydra06:394282] [ 1] /lib/x86_64-linux-gnu/libc.so.6(gsignal+0x141)[0x7fb784dfdd61]
[hydra03:410928] [ 3] /lib/x86_64-linux-gnu/libc.so.6(+0x7a468)[0x7f08cb257468]
[hydra04:409659] [ 4] /lib/x86_64-linux-gnu/libc.so.6(+0x8175a)[0x7f9df27c475a]
[hydra10:506447] [ 0] /lib/x86_64-linux-gnu/libc.so.6(+0x38de0)[0x7fbbd2089de0]
[hydra09:386944] [ 1] /lib/x86_64-linux-gnu/libc.so.6(gsignal+0x141)[0x7ff888e85d61]
[hydra05:393607] [ 3] /lib/x86_64-linux-gnu/libc.so.6(+0x7a468)[0x7f077e778468]
[hydra06:394282] [ 2] /lib/x86_64-linux-gnu/libc.so.6(abort+0x123)[0x7fb784de7537]
[hydra03:410928] [ 4] /lib/x86_64-linux-gnu/libc.so.6(+0x8175a)[0x7f08cb25e75a]
[hydra04:409659] [ 5] /lib/x86_64-linux-gnu/libc.so.6(+0x8483c)[0x7f9df27c783c]
[hydra09:386945] [ 1] /lib/x86_64-linux-gnu/libc.so.6(gsignal+0x141)[0x7f723381bd61]
[hydra05:393608] [ 3] /lib/x86_64-linux-gnu/libc.so.6(+0x7a468)[0x7f1bd2d70468]
[hydra06:394282] [ 3] /lib/x86_64-linux-gnu/libc.so.6(+0x7a468)[0x7fb784e3f468]
[hydra03:410928] [ 5] /lib/x86_64-linux-gnu/libc.so.6(+0x8483c)[0x7f08cb26183c]
[hydra12:373959] [ 0] /lib/x86_64-linux-gnu/libc.so.6(+0x38de0)[0x7f683a975de0]
[hydra11:374007] [ 0] /lib/x86_64-linux-gnu/libc.so.6(+0x38de0)[0x7f0cc2cb8de0]
malloc(): invalid size (unsorted)
[hydra08:395956] *** Process received signal ***
[hydra08:395956] Signal: Aborted (6)
[hydra08:395956] Signal code:  (-6)
[hydra10:506447] [ 1] /lib/x86_64-linux-gnu/libc.so.6(gsignal+0x141)[0x7fbbd2089d61]
[hydra09:386944] [ 2] /lib/x86_64-linux-gnu/libc.so.6(abort+0x123)[0x7ff888e6f537]
[hydra05:393607] [ 4] /lib/x86_64-linux-gnu/libc.so.6(+0x8175a)[0x7f077e77f75a]
[hydra06:394282] [ 4] /lib/x86_64-linux-gnu/libc.so.6(+0x8175a)[0x7fb784e4675a]
[hydra03:410928] [ 6] /lib/x86_64-linux-gnu/libc.so.6(__libc_calloc+0x81)[0x7f08cb263bd1]
[hydra12:373959] [ 1] /lib/x86_64-linux-gnu/libc.so.6(gsignal+0x141)[0x7f683a975d61]
[hydra11:374007] [ 1] /lib/x86_64-linux-gnu/libc.so.6(gsignal+0x141)[0x7f0cc2cb8d61]
[hydra04:409659] [ 6] /lib/x86_64-linux-gnu/libc.so.6(__libc_calloc+0x81)[0x7f9df27c9bd1]
[hydra08:395957] [ 0] /lib/x86_64-linux-gnu/libc.so.6(+0x38de0)[0x7fe220992de0]
[hydra08:395957] [ 1] /lib/x86_64-linux-gnu/libc.so.6(gsignal+0x141)[0x7fe220992d61]
[hydra10:506447] [ 2] /lib/x86_64-linux-gnu/libc.so.6(abort+0x123)[0x7fbbd2073537]
[hydra09:386945] [ 2] /lib/x86_64-linux-gnu/libc.so.6(abort+0x123)[0x7f7233805537]
[hydra05:393608] [ 4] /lib/x86_64-linux-gnu/libc.so.6(+0x8175a)[0x7f1bd2d7775a]
[hydra06:394282] [ 5] /lib/x86_64-linux-gnu/libc.so.6(+0x8483c)[0x7fb784e4983c]
[hydra03:410928] [ 7] /opt/mpi/openmpi-4.1.4//lib/libmpi.so.40(ompi_group_allocate+0x17)[0x7f08cd1311e7]
[hydra12:373959] [ 2] /lib/x86_64-linux-gnu/libc.so.6(abort+0x123)[0x7f683a95f537]
[hydra11:374007] [ 2] /lib/x86_64-linux-gnu/libc.so.6(abort+0x123)[0x7f0cc2ca2537]
[hydra04:409659] [ 7] /opt/mpi/openmpi-4.1.4//lib/libmpi.so.40(ompi_group_allocate+0x17)[0x7f9df46971e7]
[hydra08:395957] [ 2] /lib/x86_64-linux-gnu/libc.so.6(abort+0x123)[0x7fe22097c537]
[hydra10:506447] [ 3] /lib/x86_64-linux-gnu/libc.so.6(+0x7a468)[0x7fbbd20cb468]
[hydra09:386945] [ 3] /lib/x86_64-linux-gnu/libc.so.6(+0x7a468)[0x7f723385d468]
[hydra05:393607] [ 5] /lib/x86_64-linux-gnu/libc.so.6(+0x8483c)[0x7f077e78283c]
[hydra06:394282] [ 6] /lib/x86_64-linux-gnu/libc.so.6(__libc_calloc+0x81)[0x7fb784e4bbd1]
[hydra03:410928] [ 8] /opt/mpi/openmpi-4.1.4//lib/libmpi.so.40(ompi_group_incl_plist+0x65)[0x7f08cd131915]
[hydra12:373959] [ 3] /lib/x86_64-linux-gnu/libc.so.6(+0x7a468)[0x7f683a9b7468]
[hydra11:374007] [ 3] /lib/x86_64-linux-gnu/libc.so.6(+0x7a468)[0x7f0cc2cfa468]
[hydra04:409659] [ 8] /opt/mpi/openmpi-4.1.4//lib/libmpi.so.40(ompi_group_incl_plist+0x65)[0x7f9df4697915]
[hydra08:395957] [ 3] /lib/x86_64-linux-gnu/libc.so.6(+0x7a468)[0x7fe2209d4468]
[hydra10:506447] [ 4] /lib/x86_64-linux-gnu/libc.so.6(+0x8175a)[0x7fbbd20d275a]
[hydra09:386944] [ 3] /lib/x86_64-linux-gnu/libc.so.6(+0x7a468)[0x7ff888ec7468]
[hydra05:393608] [ 5] /lib/x86_64-linux-gnu/libc.so.6(+0x8483c)[0x7f1bd2d7a83c]
[hydra06:394282] [ 7] /opt/mpi/openmpi-4.1.4//lib/libmpi.so.40(ompi_group_allocate+0x17)[0x7fb786d191e7]
[hydra03:410928] [ 9] /opt/mpi/openmpi-4.1.4//lib/libmpi.so.40(PMPI_Group_incl+0x95)[0x7f08cd162185]
[hydra03:410928] [10] /home/thesis/jheld/MPI_Syrk_implementation/build/src/MPI_SYRK_implementation(+0x841a)[0x55618535a41a]
[hydra12:373959] [ 4] /lib/x86_64-linux-gnu/libc.so.6(+0x8175a)[0x7f683a9be75a]
[hydra11:374007] [ 4] /lib/x86_64-linux-gnu/libc.so.6(+0x8175a)[0x7f0cc2d0175a]
[hydra04:409659] [ 9] /opt/mpi/openmpi-4.1.4//lib/libmpi.so.40(PMPI_Group_incl+0x95)[0x7f9df46c8185]
[hydra08:395957] [ 4] /lib/x86_64-linux-gnu/libc.so.6(+0x8175a)[0x7fe2209db75a]
[hydra10:506447] [ 5] /lib/x86_64-linux-gnu/libc.so.6(+0x8483c)[0x7fbbd20d583c]
malloc(): invalid size (unsorted)
[hydra05:393607] [ 6] /lib/x86_64-linux-gnu/libc.so.6(__libc_calloc+0x81)[0x7f077e784bd1]
[hydra06:394282] [ 8] /opt/mpi/openmpi-4.1.4//lib/libmpi.so.40(ompi_group_incl_plist+0x65)[0x7fb786d19915]
[hydra03:410928] [11] /home/thesis/jheld/MPI_Syrk_implementation/build/src/MPI_SYRK_implementation(+0x2ab0)[0x556185354ab0]
[hydra12:373959] [ 5] /lib/x86_64-linux-gnu/libc.so.6(+0x8483c)[0x7f683a9c183c]
[hydra11:374007] [ 5] /lib/x86_64-linux-gnu/libc.so.6(+0x8483c)[0x7f0cc2d0483c]
[hydra04:409659] [10] /home/thesis/jheld/MPI_Syrk_implementation/build/src/MPI_SYRK_implementation(+0x841a)[0x56244573e41a]
[hydra04:409659] [11] /home/thesis/jheld/MPI_Syrk_implementation/build/src/MPI_SYRK_implementation(+0x2ab0)[0x562445738ab0]
[hydra08:395956] [ 0] /lib/x86_64-linux-gnu/libc.so.6(+0x38de0)[0x7f52c7d96de0]
[hydra10:506447] [ 6] /lib/x86_64-linux-gnu/libc.so.6(__libc_calloc+0x81)[0x7fbbd20d7bd1]
[hydra09:386945] [ 4] /lib/x86_64-linux-gnu/libc.so.6(+0x8175a)[0x7f723386475a]
[hydra05:393608] [ 6] /lib/x86_64-linux-gnu/libc.so.6(__libc_calloc+0x81)[0x7f1bd2d7cbd1]
[hydra06:394282] [ 9] /opt/mpi/openmpi-4.1.4//lib/libmpi.so.40(PMPI_Group_incl+0x95)[0x7fb786d4a185]
[hydra06:394282] [10] /home/thesis/jheld/MPI_Syrk_implementation/build/src/MPI_SYRK_implementation(+0x841a)[0x55d2335b741a]
[hydra03:410928] [12] /lib/x86_64-linux-gnu/libc.so.6(__libc_start_main+0xea)[0x7f08cb200d7a]
[hydra12:373959] [ 6] /lib/x86_64-linux-gnu/libc.so.6(__libc_calloc+0x81)[0x7f683a9c3bd1]
[hydra11:374007] [ 6] /lib/x86_64-linux-gnu/libc.so.6(__libc_calloc+0x81)[0x7f0cc2d06bd1]
[hydra04:409659] [12] /lib/x86_64-linux-gnu/libc.so.6(__libc_start_main+0xea)[0x7f9df2766d7a]
[hydra08:395956] [ 1] /lib/x86_64-linux-gnu/libc.so.6(gsignal+0x141)[0x7f52c7d96d61]
[hydra10:506447] [ 7] /opt/mpi/openmpi-4.1.4//lib/libmpi.so.40(ompi_group_allocate+0x17)[0x7fbbd3fa51e7]
[hydra09:386944] [ 4] /lib/x86_64-linux-gnu/libc.so.6(+0x8175a)[0x7ff888ece75a]
[hydra05:393607] [ 7] /opt/mpi/openmpi-4.1.4//lib/libmpi.so.40(ompi_group_allocate+0x17)[0x7f07806521e7]
[hydra06:394282] [11] /home/thesis/jheld/MPI_Syrk_implementation/build/src/MPI_SYRK_implementation(+0x2ab0)[0x55d2335b1ab0]
[hydra03:410928] [13] /home/thesis/jheld/MPI_Syrk_implementation/build/src/MPI_SYRK_implementation(+0x232a)[0x55618535432a]
[hydra03:410928] *** End of error message ***
[hydra02:584095] [ 0] /lib/x86_64-linux-gnu/libc.so.6(+0x38de0)[0x7f78c8910de0]
[hydra12:373959] [ 7] /opt/mpi/openmpi-4.1.4//lib/libmpi.so.40(ompi_group_allocate+0x17)[0x7f683c8911e7]
[hydra07:420673] [ 0] /lib/x86_64-linux-gnu/libc.so.6(+0x38de0)[0x7fd559976de0]
[hydra11:374007] [ 7] /opt/mpi/openmpi-4.1.4//lib/libmpi.so.40(ompi_group_allocate+0x17)[0x7f0cc4bd41e7]
[hydra04:409659] [13] /home/thesis/jheld/MPI_Syrk_implementation/build/src/MPI_SYRK_implementation(+0x232a)[0x56244573832a]
[hydra04:409659] *** End of error message ***
[hydra08:395957] [ 5] /lib/x86_64-linux-gnu/libc.so.6(+0x8483c)[0x7fe2209de83c]
[hydra10:506447] [ 8] /opt/mpi/openmpi-4.1.4//lib/libmpi.so.40(ompi_group_incl_plist+0x65)[0x7fbbd3fa5915]
[hydra09:386946] *** Process received signal ***
[hydra09:386946] Signal: Aborted (6)
[hydra09:386946] Signal code:  (-6)
[hydra05:393608] [ 7] /opt/mpi/openmpi-4.1.4//lib/libmpi.so.40(ompi_group_allocate+0x17)[0x7f1bd4c4a1e7]
[hydra06:394282] [12] /lib/x86_64-linux-gnu/libc.so.6(__libc_start_main+0xea)[0x7fb784de8d7a]
[hydra02:584095] [ 1] /lib/x86_64-linux-gnu/libc.so.6(gsignal+0x141)[0x7f78c8910d61]
[hydra12:373959] [ 8] /opt/mpi/openmpi-4.1.4//lib/libmpi.so.40(ompi_group_incl_plist+0x65)[0x7f683c891915]
[hydra07:420673] [ 1] /lib/x86_64-linux-gnu/libc.so.6(gsignal+0x141)[0x7fd559976d61]
[hydra11:374007] [ 8] /opt/mpi/openmpi-4.1.4//lib/libmpi.so.40(ompi_group_incl_plist+0x65)[0x7f0cc4bd4915]
[hydra08:395956] [ 2] /lib/x86_64-linux-gnu/libc.so.6(abort+0x123)[0x7f52c7d80537]
[hydra10:506447] [ 9] /opt/mpi/openmpi-4.1.4//lib/libmpi.so.40(PMPI_Group_incl+0x95)[0x7fbbd3fd6185]
[hydra09:386945] [ 5] /lib/x86_64-linux-gnu/libc.so.6(+0x8483c)[0x7f723386783c]
[hydra05:393607] [ 8] /opt/mpi/openmpi-4.1.4//lib/libmpi.so.40(ompi_group_incl_plist+0x65)[0x7f0780652915]
[hydra06:394282] [13] /home/thesis/jheld/MPI_Syrk_implementation/build/src/MPI_SYRK_implementation(+0x232a)[0x55d2335b132a]
[hydra06:394282] *** End of error message ***
[hydra02:584095] [ 2] /lib/x86_64-linux-gnu/libc.so.6(abort+0x123)[0x7f78c88fa537]
[hydra12:373959] [ 9] /opt/mpi/openmpi-4.1.4//lib/libmpi.so.40(PMPI_Group_incl+0x95)[0x7f683c8c2185]
[hydra07:420673] [ 2] /lib/x86_64-linux-gnu/libc.so.6(abort+0x123)[0x7fd559960537]
[hydra11:374007] [ 9] /opt/mpi/openmpi-4.1.4//lib/libmpi.so.40(PMPI_Group_incl+0x95)[0x7f0cc4c05185]
[hydra11:374007] [10] /home/thesis/jheld/MPI_Syrk_implementation/build/src/MPI_SYRK_implementation(+0x841a)[0x5605fced041a]
[hydra08:395957] [ 6] /lib/x86_64-linux-gnu/libc.so.6(__libc_calloc+0x81)[0x7fe2209e0bd1]
[hydra10:506447] [10] /home/thesis/jheld/MPI_Syrk_implementation/build/src/MPI_SYRK_implementation(+0x841a)[0x5594d663841a]
[hydra10:506447] [11] /home/thesis/jheld/MPI_Syrk_implementation/build/src/MPI_SYRK_implementation(+0x2ab0)[0x5594d6632ab0]
[hydra09:386944] [ 5] /lib/x86_64-linux-gnu/libc.so.6(+0x8483c)[0x7ff888ed183c]
[hydra05:393608] [ 8] /opt/mpi/openmpi-4.1.4//lib/libmpi.so.40(ompi_group_incl_plist+0x65)[0x7f1bd4c4a915]
[hydra02:584095] [ 3] /lib/x86_64-linux-gnu/libc.so.6(+0x7a468)[0x7f78c8952468]
[hydra12:373959] [10] /home/thesis/jheld/MPI_Syrk_implementation/build/src/MPI_SYRK_implementation(+0x841a)[0x55dd6855941a]
[hydra12:373959] [11] /home/thesis/jheld/MPI_Syrk_implementation/build/src/MPI_SYRK_implementation(+0x2ab0)[0x55dd68553ab0]
[hydra07:420673] [ 3] /lib/x86_64-linux-gnu/libc.so.6(+0x7a468)[0x7fd5599b8468]
[hydra11:374007] [11] /home/thesis/jheld/MPI_Syrk_implementation/build/src/MPI_SYRK_implementation(+0x2ab0)[0x5605fcecaab0]
[hydra08:395957] [ 7] /opt/mpi/openmpi-4.1.4//lib/libmpi.so.40(ompi_group_allocate+0x17)[0x7fe2228ae1e7]
[hydra10:506447] [12] /lib/x86_64-linux-gnu/libc.so.6(__libc_start_main+0xea)[0x7fbbd2074d7a]
[hydra09:386945] [ 6] /lib/x86_64-linux-gnu/libc.so.6(__libc_calloc+0x81)[0x7f7233869bd1]
[hydra05:393607] [ 9] /opt/mpi/openmpi-4.1.4//lib/libmpi.so.40(PMPI_Group_incl+0x95)[0x7f0780683185]
[hydra02:584095] [ 4] /lib/x86_64-linux-gnu/libc.so.6(+0x8175a)[0x7f78c895975a]
[hydra12:373959] [12] /lib/x86_64-linux-gnu/libc.so.6(__libc_start_main+0xea)[0x7f683a960d7a]
[hydra12:373959] [13] /home/thesis/jheld/MPI_Syrk_implementation/build/src/MPI_SYRK_implementation(+0x232a)[0x55dd6855332a]
[hydra07:420673] [ 4] /lib/x86_64-linux-gnu/libc.so.6(+0x8175a)[0x7fd5599bf75a]
[hydra11:374007] [12] /lib/x86_64-linux-gnu/libc.so.6(__libc_start_main+0xea)[0x7f0cc2ca3d7a]
[hydra08:395956] [ 3] /lib/x86_64-linux-gnu/libc.so.6(+0x7a468)[0x7f52c7dd8468]
[hydra10:506447] [13] /home/thesis/jheld/MPI_Syrk_implementation/build/src/MPI_SYRK_implementation(+0x232a)[0x5594d663232a]
[hydra10:506447] *** End of error message ***
[hydra09:386944] [ 6] /lib/x86_64-linux-gnu/libc.so.6(__libc_calloc+0x81)[0x7ff888ed3bd1]
[hydra05:393608] [ 9] /opt/mpi/openmpi-4.1.4//lib/libmpi.so.40(PMPI_Group_incl+0x95)[0x7f1bd4c7b185]
[hydra05:393608] [10] /home/thesis/jheld/MPI_Syrk_implementation/build/src/MPI_SYRK_implementation(+0x841a)[0x55e78793c41a]
[hydra05:393608] [11] /home/thesis/jheld/MPI_Syrk_implementation/build/src/MPI_SYRK_implementation(+0x2ab0)[0x55e787936ab0]
[hydra02:584095] [ 5] /lib/x86_64-linux-gnu/libc.so.6(+0x8483c)[0x7f78c895c83c]
[hydra12:373959] *** End of error message ***
[hydra07:420673] [ 5] /lib/x86_64-linux-gnu/libc.so.6(+0x8483c)[0x7fd5599c283c]
[hydra11:374007] [13] /home/thesis/jheld/MPI_Syrk_implementation/build/src/MPI_SYRK_implementation(+0x232a)[0x5605fceca32a]
[hydra11:374007] *** End of error message ***
[hydra08:395957] [ 8] /opt/mpi/openmpi-4.1.4//lib/libmpi.so.40(ompi_group_incl_plist+0x65)[0x7fe2228ae915]
[hydra09:386945] [ 7] /opt/mpi/openmpi-4.1.4//lib/libmpi.so.40(ompi_group_allocate+0x17)[0x7f72357371e7]
[hydra05:393607] [10] /home/thesis/jheld/MPI_Syrk_implementation/build/src/MPI_SYRK_implementation(+0x841a)[0x55943306841a]
[hydra05:393607] [11] /home/thesis/jheld/MPI_Syrk_implementation/build/src/MPI_SYRK_implementation(+0x2ab0)[0x559433062ab0]
[hydra02:584095] [ 6] /lib/x86_64-linux-gnu/libc.so.6(__libc_calloc+0x81)[0x7f78c895ebd1]
[hydra07:420673] [ 6] /lib/x86_64-linux-gnu/libc.so.6(__libc_calloc+0x81)[0x7fd5599c4bd1]
[hydra08:395956] [ 4] /lib/x86_64-linux-gnu/libc.so.6(+0x8175a)[0x7f52c7ddf75a]
[hydra09:386944] [ 7] /opt/mpi/openmpi-4.1.4//lib/libmpi.so.40(ompi_group_allocate+0x17)[0x7ff88ada11e7]
[hydra05:393608] [12] /lib/x86_64-linux-gnu/libc.so.6(__libc_start_main+0xea)[0x7f1bd2d19d7a]
[hydra02:584095] [ 7] /opt/mpi/openmpi-4.1.4//lib/libmpi.so.40(ompi_group_allocate+0x17)[0x7f78ca82c1e7]
[hydra07:420673] [ 7] /opt/mpi/openmpi-4.1.4//lib/libmpi.so.40(ompi_group_allocate+0x17)[0x7fd55b8921e7]
[hydra08:395957] [ 9] /opt/mpi/openmpi-4.1.4//lib/libmpi.so.40(PMPI_Group_incl+0x95)[0x7fe2228df185]
[hydra09:386945] [ 8] /opt/mpi/openmpi-4.1.4//lib/libmpi.so.40(ompi_group_incl_plist+0x65)[0x7f7235737915]
[hydra05:393607] [12] /lib/x86_64-linux-gnu/libc.so.6(__libc_start_main+0xea)[0x7f077e721d7a]
[hydra05:393607] [13] /home/thesis/jheld/MPI_Syrk_implementation/build/src/MPI_SYRK_implementation(+0x232a)[0x55943306232a]
[hydra05:393607] *** End of error message ***
[hydra02:584095] [ 8] /opt/mpi/openmpi-4.1.4//lib/libmpi.so.40(ompi_group_incl_plist+0x65)[0x7f78ca82c915]
[hydra07:420673] [ 8] /opt/mpi/openmpi-4.1.4//lib/libmpi.so.40(ompi_group_incl_plist+0x65)[0x7fd55b892915]
[hydra08:395956] [ 5] /lib/x86_64-linux-gnu/libc.so.6(+0x8483c)[0x7f52c7de283c]
[hydra09:386944] [ 8] /opt/mpi/openmpi-4.1.4//lib/libmpi.so.40(ompi_group_incl_plist+0x65)[0x7ff88ada1915]
[hydra05:393608] [13] /home/thesis/jheld/MPI_Syrk_implementation/build/src/MPI_SYRK_implementation(+0x232a)[0x55e78793632a]
[hydra05:393608] *** End of error message ***
[hydra02:584095] [ 9] /opt/mpi/openmpi-4.1.4//lib/libmpi.so.40(PMPI_Group_incl+0x95)[0x7f78ca85d185]
[hydra07:420673] [ 9] /opt/mpi/openmpi-4.1.4//lib/libmpi.so.40(PMPI_Group_incl+0x95)[0x7fd55b8c3185]
[hydra08:395957] [10] /home/thesis/jheld/MPI_Syrk_implementation/build/src/MPI_SYRK_implementation(+0x841a)[0x55fbd2cb841a]
[hydra08:395957] [11] /home/thesis/jheld/MPI_Syrk_implementation/build/src/MPI_SYRK_implementation(+0x2ab0)[0x55fbd2cb2ab0]
[hydra09:386945] [ 9] /opt/mpi/openmpi-4.1.4//lib/libmpi.so.40(PMPI_Group_incl+0x95)[0x7f7235768185]
[hydra02:584095] [10] /home/thesis/jheld/MPI_Syrk_implementation/build/src/MPI_SYRK_implementation(+0x841a)[0x55fb5543741a]
[hydra02:584095] [11] /home/thesis/jheld/MPI_Syrk_implementation/build/src/MPI_SYRK_implementation(+0x2ab0)[0x55fb55431ab0]
[hydra07:420673] [10] /home/thesis/jheld/MPI_Syrk_implementation/build/src/MPI_SYRK_implementation(+0x841a)[0x563da967441a]
[hydra07:420673] [11] /home/thesis/jheld/MPI_Syrk_implementation/build/src/MPI_SYRK_implementation(+0x2ab0)[0x563da966eab0]
[hydra08:395957] [12] /lib/x86_64-linux-gnu/libc.so.6(__libc_start_main+0xea)[0x7fe22097dd7a]
[hydra08:395957] [13] /home/thesis/jheld/MPI_Syrk_implementation/build/src/MPI_SYRK_implementation(+0x232a)[0x55fbd2cb232a]
[hydra08:395957] *** End of error message ***
[hydra09:386946] [ 0] /lib/x86_64-linux-gnu/libc.so.6(+0x38de0)[0x7fc736247de0]
[hydra02:584095] [12] /lib/x86_64-linux-gnu/libc.so.6(__libc_start_main+0xea)[0x7f78c88fbd7a]
[hydra02:584095] [13] /home/thesis/jheld/MPI_Syrk_implementation/build/src/MPI_SYRK_implementation(+0x232a)[0x55fb5543132a]
[hydra07:420673] [12] /lib/x86_64-linux-gnu/libc.so.6(__libc_start_main+0xea)[0x7fd559961d7a]
[hydra07:420673] [13] /home/thesis/jheld/MPI_Syrk_implementation/build/src/MPI_SYRK_implementation(+0x232a)[0x563da966e32a]
[hydra08:395956] [ 6] /lib/x86_64-linux-gnu/libc.so.6(__libc_calloc+0x81)[0x7f52c7de4bd1]
[hydra09:386944] [ 9] /opt/mpi/openmpi-4.1.4//lib/libmpi.so.40(PMPI_Group_incl+0x95)[0x7ff88add2185]
[hydra02:584095] *** End of error message ***
[hydra07:420673] *** End of error message ***
[hydra08:395956] [ 7] /opt/mpi/openmpi-4.1.4//lib/libmpi.so.40(ompi_group_allocate+0x17)[0x7f52c9cb21e7]
[hydra09:386945] [10] /home/thesis/jheld/MPI_Syrk_implementation/build/src/MPI_SYRK_implementation(+0x841a)[0x5565ea5dd41a]
[hydra09:386945] [11] /home/thesis/jheld/MPI_Syrk_implementation/build/src/MPI_SYRK_implementation(+0x2ab0)[0x5565ea5d7ab0]
[hydra08:395956] [ 8] /opt/mpi/openmpi-4.1.4//lib/libmpi.so.40(ompi_group_incl_plist+0x65)[0x7f52c9cb2915]
[hydra09:386944] [10] /home/thesis/jheld/MPI_Syrk_implementation/build/src/MPI_SYRK_implementation(+0x841a)[0x5647fb1ca41a]
[hydra09:386944] [11] /home/thesis/jheld/MPI_Syrk_implementation/build/src/MPI_SYRK_implementation(+0x2ab0)[0x5647fb1c4ab0]
[hydra08:395956] [ 9] /opt/mpi/openmpi-4.1.4//lib/libmpi.so.40(PMPI_Group_incl+0x95)[0x7f52c9ce3185]
[hydra08:395956] [10] /home/thesis/jheld/MPI_Syrk_implementation/build/src/MPI_SYRK_implementation(+0x841a)[0x5654fabda41a]
[hydra09:386945] [12] /lib/x86_64-linux-gnu/libc.so.6(__libc_start_main+0xea)[0x7f7233806d7a]
[hydra09:386945] [13] /home/thesis/jheld/MPI_Syrk_implementation/build/src/MPI_SYRK_implementation(+0x232a)[0x5565ea5d732a]
[hydra09:386945] *** End of error message ***
[hydra08:395956] [11] /home/thesis/jheld/MPI_Syrk_implementation/build/src/MPI_SYRK_implementation(+0x2ab0)[0x5654fabd4ab0]
[hydra09:386946] [ 1] /lib/x86_64-linux-gnu/libc.so.6(gsignal+0x141)[0x7fc736247d61]
[hydra09:386946] [ 2] /lib/x86_64-linux-gnu/libc.so.6(abort+0x123)[0x7fc736231537]
[hydra08:395956] [12] /lib/x86_64-linux-gnu/libc.so.6(__libc_start_main+0xea)[0x7f52c7d81d7a]
[hydra08:395956] [13] /home/thesis/jheld/MPI_Syrk_implementation/build/src/MPI_SYRK_implementation(+0x232a)[0x5654fabd432a]
[hydra09:386944] [12] /lib/x86_64-linux-gnu/libc.so.6(__libc_start_main+0xea)[0x7ff888e70d7a]
[hydra09:386944] [13] /home/thesis/jheld/MPI_Syrk_implementation/build/src/MPI_SYRK_implementation(+0x232a)[0x5647fb1c432a]
[hydra09:386944] *** End of error message ***
[hydra08:395956] *** End of error message ***
[hydra09:386946] [ 3] /lib/x86_64-linux-gnu/libc.so.6(+0x7a468)[0x7fc736289468]
[hydra09:386946] [ 4] /lib/x86_64-linux-gnu/libc.so.6(+0x8175a)[0x7fc73629075a]
[hydra09:386946] [ 5] /lib/x86_64-linux-gnu/libc.so.6(+0x8483c)[0x7fc73629383c]
[hydra09:386946] [ 6] /lib/x86_64-linux-gnu/libc.so.6(__libc_calloc+0x81)[0x7fc736295bd1]
[hydra09:386946] [ 7] /opt/mpi/openmpi-4.1.4//lib/libmpi.so.40(ompi_group_allocate+0x17)[0x7fc7381631e7]
[hydra09:386946] [ 8] /opt/mpi/openmpi-4.1.4//lib/libmpi.so.40(ompi_group_incl_plist+0x65)[0x7fc738163915]
[hydra09:386946] [ 9] /opt/mpi/openmpi-4.1.4//lib/libmpi.so.40(PMPI_Group_incl+0x95)[0x7fc738194185]
[hydra09:386946] [10] /home/thesis/jheld/MPI_Syrk_implementation/build/src/MPI_SYRK_implementation(+0x841a)[0x560462b1141a]
[hydra09:386946] [11] /home/thesis/jheld/MPI_Syrk_implementation/build/src/MPI_SYRK_implementation(+0x2ab0)[0x560462b0bab0]
[hydra09:386946] [12] /lib/x86_64-linux-gnu/libc.so.6(__libc_start_main+0xea)[0x7fc736232d7a]
[hydra09:386946] [13] /home/thesis/jheld/MPI_Syrk_implementation/build/src/MPI_SYRK_implementation(+0x232a)[0x560462b0b32a]
[hydra09:386946] *** End of error message ***
srun: error: hydra07: task 18: Aborted
srun: error: hydra04: task 11: Aborted
srun: error: hydra03: task 7: Aborted
srun: error: hydra12: task 35: Aborted
srun: error: hydra02: task 3: Aborted
srun: error: hydra11: task 30: Aborted
srun: error: hydra10: task 29: Aborted
srun: error: hydra06: task 16: Aborted
srun: error: hydra05: tasks 12-13: Aborted
srun: error: hydra08: tasks 21-22: Aborted
srun: error: hydra09: tasks 24-26: Aborted
slurmstepd: error:  mpi/pmix_v4: _errhandler: hydra04 [3]: pmixp_client_v2.c:211: Error handler invoked: status = -61, source = [slurm.pmix.5008700.19:11]
slurmstepd: error: *** STEP 5008700.19 ON hydra01 CANCELLED AT 2025-10-13T15:38:24 ***
slurmstepd: error:  mpi/pmix_v4: _errhandler: hydra12 [11]: pmixp_client_v2.c:211: Error handler invoked: status = -61, source = [slurm.pmix.5008700.19:35]
slurmstepd: error:  mpi/pmix_v4: _errhandler: hydra11 [10]: pmixp_client_v2.c:211: Error handler invoked: status = -61, source = [slurm.pmix.5008700.19:30]
slurmstepd: error:  mpi/pmix_v4: _errhandler: hydra02 [1]: pmixp_client_v2.c:211: Error handler invoked: status = -61, source = [slurm.pmix.5008700.19:3]
slurmstepd: error:  mpi/pmix_v4: _errhandler: hydra06 [5]: pmixp_client_v2.c:211: Error handler invoked: status = -61, source = [slurm.pmix.5008700.19:16]
srun: Job step aborted: Waiting up to 32 seconds for job step to finish.
slurmstepd: error:  mpi/pmix_v4: _errhandler: hydra10 [9]: pmixp_client_v2.c:211: Error handler invoked: status = -61, source = [slurm.pmix.5008700.19:29]
slurmstepd: error:  mpi/pmix_v4: _errhandler: hydra08 [7]: pmixp_client_v2.c:211: Error handler invoked: status = -61, source = [slurm.pmix.5008700.19:22]
slurmstepd: error:  mpi/pmix_v4: _errhandler: hydra07 [6]: pmixp_client_v2.c:211: Error handler invoked: status = -61, source = [slurm.pmix.5008700.19:18]
slurmstepd: error:  mpi/pmix_v4: _errhandler: hydra03 [2]: pmixp_client_v2.c:211: Error handler invoked: status = -61, source = [slurm.pmix.5008700.19:7]
srun: error: hydra08: task 23: Killed
srun: error: hydra05: task 14: Killed
srun: error: hydra11: tasks 31-32: Killed
srun: error: hydra04: tasks 9-10: Killed
srun: error: hydra02: tasks 4-5: Killed
srun: error: hydra12: tasks 33-34: Killed
srun: error: hydra06: tasks 15,17: Killed
srun: error: hydra07: tasks 19-20: Killed
srun: error: hydra10: tasks 27-28: Killed
srun: error: hydra01: tasks 0-2: Killed
srun: error: hydra03: tasks 6,8: Killed
⚠️ Warning: No runtime found for run 20
srun: Warning: can't honor --ntasks-per-node set to 1 which doesn't match the requested tasks 36 with the number of requested nodes 12. Ignoring --ntasks-per-node.
missing input file name --> Generate random input
malloc(): invalid size (unsorted)
[hydra12:374021] *** Process received signal ***
[hydra12:374021] Signal: Aborted (6)
[hydra12:374021] Signal code:  (-6)
malloc(): invalid size (unsorted)
[hydra01:902909] *** Process received signal ***
[hydra01:902909] Signal: Aborted (6)
[hydra01:902909] Signal code:  (-6)
malloc(): invalid size (unsorted)
[hydra11:374071] *** Process received signal ***
[hydra11:374071] Signal: Aborted (6)
[hydra11:374071] Signal code:  (-6)
[hydra01:902909] [ 0] /lib/x86_64-linux-gnu/libc.so.6(+0x38de0)[0x7f2154857de0]
[hydra01:902909] [ 1] /lib/x86_64-linux-gnu/libc.so.6(gsignal+0x141)[0x7f2154857d61]
[hydra01:902909] [ 2] /lib/x86_64-linux-gnu/libc.so.6(abort+0x123)[0x7f2154841537]
malloc(): invalid size (unsorted)
[hydra09:386996] *** Process received signal ***
[hydra09:386996] Signal: Aborted (6)
[hydra09:386996] Signal code:  (-6)
malloc(): invalid size (unsorted)
[hydra07:420736] *** Process received signal ***
[hydra07:420736] Signal: Aborted (6)
[hydra07:420736] Signal code:  (-6)
malloc(): invalid size (unsorted)
[hydra06:394345] *** Process received signal ***
[hydra06:394345] Signal: Aborted (6)
[hydra06:394345] Signal code:  (-6)
[hydra01:902909] [ 3] /lib/x86_64-linux-gnu/libc.so.6(+0x7a468)[0x7f2154899468]
malloc(): invalid size (unsorted)
[hydra09:386997] *** Process received signal ***
[hydra09:386997] Signal: Aborted (6)
[hydra09:386997] Signal code:  (-6)
malloc(): invalid size (unsorted)
[hydra03:410989] *** Process received signal ***
[hydra03:410989] Signal: Aborted (6)
[hydra03:410989] Signal code:  (-6)
malloc(): invalid size (unsorted)
[hydra02:584171] *** Process received signal ***
[hydra02:584171] Signal: Aborted (6)
[hydra02:584171] Signal code:  (-6)
[hydra01:902909] [ 4] /lib/x86_64-linux-gnu/libc.so.6(+0x8175a)[0x7f21548a075a]
malloc(): invalid size (unsorted)
[hydra04:409722] *** Process received signal ***
[hydra04:409722] Signal: Aborted (6)
[hydra04:409722] Signal code:  (-6)
[hydra09:386996] [ 0] /lib/x86_64-linux-gnu/libc.so.6(+0x38de0)[0x7fdbe1265de0]
[hydra01:902909] [ 5] /lib/x86_64-linux-gnu/libc.so.6(+0x8483c)[0x7f21548a383c]
[hydra09:386997] [ 0] /lib/x86_64-linux-gnu/libc.so.6(+0x38de0)[0x7f8b45960de0]
malloc(): invalid size (unsorted)
[hydra10:506511] *** Process received signal ***
[hydra10:506511] Signal: Aborted (6)
[hydra10:506511] Signal code:  (-6)
[hydra01:902909] [ 6] /lib/x86_64-linux-gnu/libc.so.6(__libc_calloc+0x81)[0x7f21548a5bd1]
[hydra09:386996] [ 1] /lib/x86_64-linux-gnu/libc.so.6(gsignal+0x141)[0x7fdbe1265d61]
[hydra01:902909] [ 7] /opt/mpi/openmpi-4.1.4//lib/libmpi.so.40(ompi_group_allocate+0x17)[0x7f21567731e7]
[hydra09:386997] [ 1] /lib/x86_64-linux-gnu/libc.so.6(gsignal+0x141)[0x7f8b45960d61]
malloc(): invalid size (unsorted)
[hydra09:386998] *** Process received signal ***
[hydra09:386998] Signal: Aborted (6)
[hydra09:386998] Signal code:  (-6)
[hydra12:374021] [ 0] /lib/x86_64-linux-gnu/libc.so.6(+0x38de0)[0x7fe86d545de0]
[hydra09:386996] [ 2] /lib/x86_64-linux-gnu/libc.so.6(abort+0x123)[0x7fdbe124f537]
[hydra11:374071] [ 0] /lib/x86_64-linux-gnu/libc.so.6(+0x38de0)[0x7f5a6cb79de0]
[hydra12:374021] [ 1] /lib/x86_64-linux-gnu/libc.so.6(gsignal+0x141)[0x7fe86d545d61]
[hydra01:902909] [ 8] /opt/mpi/openmpi-4.1.4//lib/libmpi.so.40(ompi_group_incl_plist+0x65)[0x7f2156773915]
[hydra09:386997] [ 2] /lib/x86_64-linux-gnu/libc.so.6(abort+0x123)[0x7f8b4594a537]
[hydra11:374071] [ 1] /lib/x86_64-linux-gnu/libc.so.6(gsignal+0x141)[0x7f5a6cb79d61]
[hydra12:374021] [ 2] /lib/x86_64-linux-gnu/libc.so.6(abort+0x123)[0x7fe86d52f537]
[hydra09:386996] [ 3] /lib/x86_64-linux-gnu/libc.so.6(+0x7a468)[0x7fdbe12a7468]
[hydra11:374071] [ 2] /lib/x86_64-linux-gnu/libc.so.6(abort+0x123)[0x7f5a6cb63537]
[hydra12:374021] [ 3] /lib/x86_64-linux-gnu/libc.so.6(+0x7a468)[0x7fe86d587468]
[hydra09:386997] [ 3] /lib/x86_64-linux-gnu/libc.so.6(+0x7a468)[0x7f8b459a2468]
[hydra11:374071] [ 3] /lib/x86_64-linux-gnu/libc.so.6(+0x7a468)[0x7f5a6cbbb468]
[hydra12:374021] [ 4] /lib/x86_64-linux-gnu/libc.so.6(+0x8175a)[0x7fe86d58e75a]
[hydra01:902909] [ 9] /opt/mpi/openmpi-4.1.4//lib/libmpi.so.40(PMPI_Group_incl+0x95)[0x7f21567a4185]
[hydra11:374071] [ 4] /lib/x86_64-linux-gnu/libc.so.6(+0x8175a)[0x7f5a6cbc275a]
[hydra12:374021] [ 5] /lib/x86_64-linux-gnu/libc.so.6(+0x8483c)[0x7fe86d59183c]
[hydra01:902909] [10] /home/thesis/jheld/MPI_Syrk_implementation/build/src/MPI_SYRK_implementation(+0x841a)[0x558592f4341a]
[hydra01:902909] [11] /home/thesis/jheld/MPI_Syrk_implementation/build/src/MPI_SYRK_implementation(+0x2ab0)[0x558592f3dab0]
[hydra09:386996] [ 4] /lib/x86_64-linux-gnu/libc.so.6(+0x8175a)[0x7fdbe12ae75a]
[hydra11:374071] [ 5] /lib/x86_64-linux-gnu/libc.so.6(+0x8483c)[0x7f5a6cbc583c]
[hydra12:374021] [ 6] /lib/x86_64-linux-gnu/libc.so.6(__libc_calloc+0x81)[0x7fe86d593bd1]
[hydra01:902909] [12] /lib/x86_64-linux-gnu/libc.so.6(__libc_start_main+0xea)[0x7f2154842d7a]
[hydra01:902909] [13] /home/thesis/jheld/MPI_Syrk_implementation/build/src/MPI_SYRK_implementation(+0x232a)[0x558592f3d32a]
[hydra09:386997] [ 4] /lib/x86_64-linux-gnu/libc.so.6(+0x8175a)[0x7f8b459a975a]
malloc(): invalid size (unsorted)
[hydra12:374021] [ 7] /opt/mpi/openmpi-4.1.4//lib/libmpi.so.40(ompi_group_allocate+0x17)[0x7fe86f4611e7]
[hydra01:902909] *** End of error message ***
[hydra09:386996] [ 5] /lib/x86_64-linux-gnu/libc.so.6(+0x8483c)[0x7fdbe12b183c]
[hydra11:374071] [ 6] /lib/x86_64-linux-gnu/libc.so.6(__libc_calloc+0x81)[0x7f5a6cbc7bd1]
[hydra12:374021] [ 8] /opt/mpi/openmpi-4.1.4//lib/libmpi.so.40(ompi_group_incl_plist+0x65)[0x7fe86f461915]
[hydra11:374070] *** Process received signal ***
[hydra12:374021] [ 9] /opt/mpi/openmpi-4.1.4//lib/libmpi.so.40(PMPI_Group_incl+0x95)[0x7fe86f492185]
[hydra12:374021] [10] /home/thesis/jheld/MPI_Syrk_implementation/build/src/MPI_SYRK_implementation(+0x841a)[0x55f7c71e141a]
[hydra11:374071] [ 7] /opt/mpi/openmpi-4.1.4//lib/libmpi.so.40(ompi_group_allocate+0x17)[0x7f5a6ea951e7]
[hydra12:374021] [11] /home/thesis/jheld/MPI_Syrk_implementation/build/src/MPI_SYRK_implementation(+0x2ab0)[0x55f7c71dbab0]
[hydra06:394345] [ 0] /lib/x86_64-linux-gnu/libc.so.6(+0x38de0)[0x7f0da6d6cde0]
[hydra09:386997] [ 5] /lib/x86_64-linux-gnu/libc.so.6(+0x8483c)[0x7f8b459ac83c]
[hydra11:374070] Signal: Aborted (6)
[hydra11:374070] Signal code:  (-6)
[hydra12:374021] [12] /lib/x86_64-linux-gnu/libc.so.6(__libc_start_main+0xea)[0x7fe86d530d7a]
[hydra12:374021] [13] /home/thesis/jheld/MPI_Syrk_implementation/build/src/MPI_SYRK_implementation(+0x232a)[0x55f7c71db32a]
[hydra06:394345] [ 1] /lib/x86_64-linux-gnu/libc.so.6(gsignal+0x141)[0x7f0da6d6cd61]
[hydra09:386998] [ 0] /lib/x86_64-linux-gnu/libc.so.6(+0x38de0)[0x7f493809ede0]
[hydra11:374071] [ 8] /opt/mpi/openmpi-4.1.4//lib/libmpi.so.40(ompi_group_incl_plist+0x65)[0x7f5a6ea95915]
[hydra12:374021] *** End of error message ***
[hydra07:420736] [ 0] /lib/x86_64-linux-gnu/libc.so.6(+0x38de0)[0x7fddb1379de0]
[hydra06:394345] [ 2] /lib/x86_64-linux-gnu/libc.so.6(abort+0x123)[0x7f0da6d56537]
[hydra09:386996] [ 6] /lib/x86_64-linux-gnu/libc.so.6(__libc_calloc+0x81)[0x7fdbe12b3bd1]
[hydra11:374071] [ 9] /opt/mpi/openmpi-4.1.4//lib/libmpi.so.40(PMPI_Group_incl+0x95)[0x7f5a6eac6185]
[hydra11:374071] [10] /home/thesis/jheld/MPI_Syrk_implementation/build/src/MPI_SYRK_implementation(+0x841a)[0x55df2e25941a]
[hydra07:420736] [ 1] /lib/x86_64-linux-gnu/libc.so.6(gsignal+0x141)[0x7fddb1379d61]
[hydra06:394345] [ 3] /lib/x86_64-linux-gnu/libc.so.6(+0x7a468)[0x7f0da6dae468]
[hydra09:386997] [ 6] /lib/x86_64-linux-gnu/libc.so.6(__libc_calloc+0x81)[0x7f8b459aebd1]
[hydra03:410989] [ 0] /lib/x86_64-linux-gnu/libc.so.6(+0x38de0)[0x7f928fce5de0]
[hydra11:374071] [11] /home/thesis/jheld/MPI_Syrk_implementation/build/src/MPI_SYRK_implementation(+0x2ab0)[0x55df2e253ab0]
[hydra02:584171] [ 0] /lib/x86_64-linux-gnu/libc.so.6(+0x38de0)[0x7f44b0a90de0]
[hydra07:420736] [ 2] /lib/x86_64-linux-gnu/libc.so.6(abort+0x123)[0x7fddb1363537]
[hydra06:394345] [ 4] /lib/x86_64-linux-gnu/libc.so.6(+0x8175a)[0x7f0da6db575a]
[hydra09:386996] [ 7] /opt/mpi/openmpi-4.1.4//lib/libmpi.so.40(ompi_group_allocate+0x17)[0x7fdbe31811e7]
[hydra03:410989] [ 1] /lib/x86_64-linux-gnu/libc.so.6(gsignal+0x141)[0x7f928fce5d61]
[hydra11:374071] [12] /lib/x86_64-linux-gnu/libc.so.6(__libc_start_main+0xea)[0x7f5a6cb64d7a]
[hydra02:584171] [ 1] /lib/x86_64-linux-gnu/libc.so.6(gsignal+0x141)[0x7f44b0a90d61]
[hydra04:409722] [ 0] /lib/x86_64-linux-gnu/libc.so.6(+0x38de0)[0x7f9e5fddbde0]
[hydra07:420736] [ 3] /lib/x86_64-linux-gnu/libc.so.6(+0x7a468)[0x7fddb13bb468]
[hydra06:394345] [ 5] /lib/x86_64-linux-gnu/libc.so.6(+0x8483c)[0x7f0da6db883c]
[hydra09:386997] [ 7] /opt/mpi/openmpi-4.1.4//lib/libmpi.so.40(ompi_group_allocate+0x17)[0x7f8b4787c1e7]
[hydra03:410989] [ 2] /lib/x86_64-linux-gnu/libc.so.6(abort+0x123)[0x7f928fccf537]
[hydra11:374071] [13] /home/thesis/jheld/MPI_Syrk_implementation/build/src/MPI_SYRK_implementation(+0x232a)[0x55df2e25332a]
[hydra11:374071] *** End of error message ***
[hydra02:584171] [ 2] /lib/x86_64-linux-gnu/libc.so.6(abort+0x123)[0x7f44b0a7a537]
[hydra04:409722] [ 1] /lib/x86_64-linux-gnu/libc.so.6(gsignal+0x141)[0x7f9e5fddbd61]
[hydra07:420736] [ 4] /lib/x86_64-linux-gnu/libc.so.6(+0x8175a)[0x7fddb13c275a]
[hydra06:394345] [ 6] /lib/x86_64-linux-gnu/libc.so.6(__libc_calloc+0x81)[0x7f0da6dbabd1]
[hydra09:386998] [ 1] /lib/x86_64-linux-gnu/libc.so.6(gsignal+0x141)[0x7f493809ed61]
[hydra09:386998] [ 2] /lib/x86_64-linux-gnu/libc.so.6(abort+0x123)[0x7f4938088537]
[hydra10:506511] [ 0] /lib/x86_64-linux-gnu/libc.so.6(+0x38de0)[0x7ff317428de0]
[hydra03:410989] [ 3] /lib/x86_64-linux-gnu/libc.so.6(+0x7a468)[0x7f928fd27468]
[hydra02:584171] [ 3] /lib/x86_64-linux-gnu/libc.so.6(+0x7a468)[0x7f44b0ad2468]
[hydra04:409722] [ 2] /lib/x86_64-linux-gnu/libc.so.6(abort+0x123)[0x7f9e5fdc5537]
[hydra07:420736] [ 5] /lib/x86_64-linux-gnu/libc.so.6(+0x8483c)[0x7fddb13c583c]
[hydra06:394345] [ 7] /opt/mpi/openmpi-4.1.4//lib/libmpi.so.40(ompi_group_allocate+0x17)[0x7f0da8c881e7]
[hydra09:386996] [ 8] /opt/mpi/openmpi-4.1.4//lib/libmpi.so.40(ompi_group_incl_plist+0x65)[0x7fdbe3181915]
[hydra10:506511] [ 1] /lib/x86_64-linux-gnu/libc.so.6(gsignal+0x141)[0x7ff317428d61]
[hydra03:410989] [ 4] /lib/x86_64-linux-gnu/libc.so.6(+0x8175a)[0x7f928fd2e75a]
[hydra11:374070] [ 0] /lib/x86_64-linux-gnu/libc.so.6(+0x38de0)[0x7fe0f5d22de0]
[hydra11:374070] [ 1] /lib/x86_64-linux-gnu/libc.so.6(gsignal+0x141)[0x7fe0f5d22d61]
[hydra11:374070] [ 2] /lib/x86_64-linux-gnu/libc.so.6(abort+0x123)[0x7fe0f5d0c537]
[hydra02:584171] [ 4] /lib/x86_64-linux-gnu/libc.so.6(+0x8175a)[0x7f44b0ad975a]
[hydra04:409722] [ 3] /lib/x86_64-linux-gnu/libc.so.6(+0x7a468)[0x7f9e5fe1d468]
[hydra07:420736] [ 6] /lib/x86_64-linux-gnu/libc.so.6(__libc_calloc+0x81)[0x7fddb13c7bd1]
[hydra06:394345] [ 8] /opt/mpi/openmpi-4.1.4//lib/libmpi.so.40(ompi_group_incl_plist+0x65)[0x7f0da8c88915]
[hydra09:386997] [ 8] /opt/mpi/openmpi-4.1.4//lib/libmpi.so.40(ompi_group_incl_plist+0x65)[0x7f8b4787c915]
[hydra10:506511] [ 2] /lib/x86_64-linux-gnu/libc.so.6(abort+0x123)[0x7ff317412537]
[hydra03:410989] [ 5] /lib/x86_64-linux-gnu/libc.so.6(+0x8483c)[0x7f928fd3183c]
[hydra11:374070] [ 3] /lib/x86_64-linux-gnu/libc.so.6(+0x7a468)[0x7fe0f5d64468]
[hydra02:584171] [ 5] /lib/x86_64-linux-gnu/libc.so.6(+0x8483c)[0x7f44b0adc83c]
[hydra04:409722] [ 4] /lib/x86_64-linux-gnu/libc.so.6(+0x8175a)[0x7f9e5fe2475a]
[hydra07:420736] [ 7] /opt/mpi/openmpi-4.1.4//lib/libmpi.so.40(ompi_group_allocate+0x17)[0x7fddb32951e7]
[hydra06:394345] [ 9] /opt/mpi/openmpi-4.1.4//lib/libmpi.so.40(PMPI_Group_incl+0x95)[0x7f0da8cb9185]
[hydra06:394345] [10] /home/thesis/jheld/MPI_Syrk_implementation/build/src/MPI_SYRK_implementation(+0x841a)[0x56028734341a]
[hydra09:386996] [ 9] /opt/mpi/openmpi-4.1.4//lib/libmpi.so.40(PMPI_Group_incl+0x95)[0x7fdbe31b2185]
[hydra09:386996] [10] /home/thesis/jheld/MPI_Syrk_implementation/build/src/MPI_SYRK_implementation(+0x841a)[0x55e68948a41a]
[hydra10:506511] [ 3] /lib/x86_64-linux-gnu/libc.so.6(+0x7a468)[0x7ff31746a468]
[hydra03:410989] [ 6] /lib/x86_64-linux-gnu/libc.so.6(__libc_calloc+0x81)[0x7f928fd33bd1]
[hydra11:374070] [ 4] /lib/x86_64-linux-gnu/libc.so.6(+0x8175a)[0x7fe0f5d6b75a]
[hydra02:584171] [ 6] /lib/x86_64-linux-gnu/libc.so.6(__libc_calloc+0x81)[0x7f44b0adebd1]
[hydra04:409722] [ 5] /lib/x86_64-linux-gnu/libc.so.6(+0x8483c)[0x7f9e5fe2783c]
[hydra07:420736] [ 8] /opt/mpi/openmpi-4.1.4//lib/libmpi.so.40(ompi_group_incl_plist+0x65)[0x7fddb3295915]
[hydra06:394345] [11] /home/thesis/jheld/MPI_Syrk_implementation/build/src/MPI_SYRK_implementation(+0x2ab0)[0x56028733dab0]
[hydra09:386997] [ 9] /opt/mpi/openmpi-4.1.4//lib/libmpi.so.40(PMPI_Group_incl+0x95)[0x7f8b478ad185]
[hydra09:386997] [10] /home/thesis/jheld/MPI_Syrk_implementation/build/src/MPI_SYRK_implementation(+0x841a)[0x560c8d55241a]
[hydra09:386997] [11] /home/thesis/jheld/MPI_Syrk_implementation/build/src/MPI_SYRK_implementation(+0x2ab0)[0x560c8d54cab0]
[hydra10:506511] [ 4] /lib/x86_64-linux-gnu/libc.so.6(+0x8175a)[0x7ff31747175a]
[hydra03:410989] [ 7] /opt/mpi/openmpi-4.1.4//lib/libmpi.so.40(ompi_group_allocate+0x17)[0x7f9291c011e7]
[hydra11:374070] [ 5] /lib/x86_64-linux-gnu/libc.so.6(+0x8483c)[0x7fe0f5d6e83c]
[hydra02:584171] [ 7] /opt/mpi/openmpi-4.1.4//lib/libmpi.so.40(ompi_group_allocate+0x17)[0x7f44b29ac1e7]
[hydra04:409722] [ 6] /lib/x86_64-linux-gnu/libc.so.6(__libc_calloc+0x81)[0x7f9e5fe29bd1]
[hydra07:420736] [ 9] /opt/mpi/openmpi-4.1.4//lib/libmpi.so.40(PMPI_Group_incl+0x95)[0x7fddb32c6185]
[hydra07:420736] [10] /home/thesis/jheld/MPI_Syrk_implementation/build/src/MPI_SYRK_implementation(+0x841a)[0x55d6b58c341a]
[hydra06:394345] [12] /lib/x86_64-linux-gnu/libc.so.6(__libc_start_main+0xea)[0x7f0da6d57d7a]
[hydra09:386998] [ 3] /lib/x86_64-linux-gnu/libc.so.6(+0x7a468)[0x7f49380e0468]
[hydra10:506511] [ 5] /lib/x86_64-linux-gnu/libc.so.6(+0x8483c)[0x7ff31747483c]
[hydra03:410989] [ 8] /opt/mpi/openmpi-4.1.4//lib/libmpi.so.40(ompi_group_incl_plist+0x65)[0x7f9291c01915]
[hydra11:374070] [ 6] /lib/x86_64-linux-gnu/libc.so.6(__libc_calloc+0x81)[0x7fe0f5d70bd1]
[hydra02:584171] [ 8] /opt/mpi/openmpi-4.1.4//lib/libmpi.so.40(ompi_group_incl_plist+0x65)[0x7f44b29ac915]
[hydra04:409722] [ 7] /opt/mpi/openmpi-4.1.4//lib/libmpi.so.40(ompi_group_allocate+0x17)[0x7f9e61cf71e7]
[hydra07:420736] [11] /home/thesis/jheld/MPI_Syrk_implementation/build/src/MPI_SYRK_implementation(+0x2ab0)[0x55d6b58bdab0]
[hydra06:394345] [13] /home/thesis/jheld/MPI_Syrk_implementation/build/src/MPI_SYRK_implementation(+0x232a)[0x56028733d32a]
[hydra06:394345] *** End of error message ***
[hydra09:386996] [11] /home/thesis/jheld/MPI_Syrk_implementation/build/src/MPI_SYRK_implementation(+0x2ab0)[0x55e689484ab0]
[hydra09:386996] [12] /lib/x86_64-linux-gnu/libc.so.6(__libc_start_main+0xea)[0x7fdbe1250d7a]
[hydra09:386996] [13] /home/thesis/jheld/MPI_Syrk_implementation/build/src/MPI_SYRK_implementation(+0x232a)[0x55e68948432a]
[hydra09:386996] *** End of error message ***
[hydra10:506511] [ 6] /lib/x86_64-linux-gnu/libc.so.6(__libc_calloc+0x81)[0x7ff317476bd1]
[hydra03:410989] [ 9] /opt/mpi/openmpi-4.1.4//lib/libmpi.so.40(PMPI_Group_incl+0x95)[0x7f9291c32185]
[hydra11:374070] [ 7] /opt/mpi/openmpi-4.1.4//lib/libmpi.so.40(ompi_group_allocate+0x17)[0x7fe0f7c3e1e7]
[hydra02:584171] [ 9] /opt/mpi/openmpi-4.1.4//lib/libmpi.so.40(PMPI_Group_incl+0x95)[0x7f44b29dd185]
[hydra04:409722] [ 8] /opt/mpi/openmpi-4.1.4//lib/libmpi.so.40(ompi_group_incl_plist+0x65)[0x7f9e61cf7915]
[hydra07:420736] [12] /lib/x86_64-linux-gnu/libc.so.6(__libc_start_main+0xea)[0x7fddb1364d7a]
[hydra07:420736] [13] /home/thesis/jheld/MPI_Syrk_implementation/build/src/MPI_SYRK_implementation(+0x232a)[0x55d6b58bd32a]
[hydra09:386997] [12] /lib/x86_64-linux-gnu/libc.so.6(__libc_start_main+0xea)[0x7f8b4594bd7a]
[hydra09:386997] [13] /home/thesis/jheld/MPI_Syrk_implementation/build/src/MPI_SYRK_implementation(+0x232a)[0x560c8d54c32a]
[hydra09:386997] *** End of error message ***
[hydra10:506511] [ 7] /opt/mpi/openmpi-4.1.4//lib/libmpi.so.40(ompi_group_allocate+0x17)[0x7ff3193441e7]
[hydra03:410989] [10] /home/thesis/jheld/MPI_Syrk_implementation/build/src/MPI_SYRK_implementation(+0x841a)[0x558e219d541a]
[hydra03:410989] [11] /home/thesis/jheld/MPI_Syrk_implementation/build/src/MPI_SYRK_implementation(+0x2ab0)[0x558e219cfab0]
[hydra11:374070] [ 8] /opt/mpi/openmpi-4.1.4//lib/libmpi.so.40(ompi_group_incl_plist+0x65)[0x7fe0f7c3e915]
[hydra02:584171] [10] /home/thesis/jheld/MPI_Syrk_implementation/build/src/MPI_SYRK_implementation(+0x841a)[0x55c33787541a]
[hydra02:584171] [11] /home/thesis/jheld/MPI_Syrk_implementation/build/src/MPI_SYRK_implementation(+0x2ab0)[0x55c33786fab0]
[hydra04:409722] [ 9] /opt/mpi/openmpi-4.1.4//lib/libmpi.so.40(PMPI_Group_incl+0x95)[0x7f9e61d28185]
[hydra04:409722] [10] /home/thesis/jheld/MPI_Syrk_implementation/build/src/MPI_SYRK_implementation(+0x841a)[0x55e9892a041a]
[hydra07:420736] *** End of error message ***
[hydra09:386998] [ 4] /lib/x86_64-linux-gnu/libc.so.6(+0x8175a)[0x7f49380e775a]
[hydra10:506511] [ 8] /opt/mpi/openmpi-4.1.4//lib/libmpi.so.40(ompi_group_incl_plist+0x65)[0x7ff319344915]
[hydra03:410989] [12] /lib/x86_64-linux-gnu/libc.so.6(__libc_start_main+0xea)[0x7f928fcd0d7a]
[hydra03:410989] [13] /home/thesis/jheld/MPI_Syrk_implementation/build/src/MPI_SYRK_implementation(+0x232a)[0x558e219cf32a]
[hydra11:374070] [ 9] /opt/mpi/openmpi-4.1.4//lib/libmpi.so.40(PMPI_Group_incl+0x95)[0x7fe0f7c6f185]
[hydra11:374070] [10] /home/thesis/jheld/MPI_Syrk_implementation/build/src/MPI_SYRK_implementation(+0x841a)[0x55b329b8141a]
[hydra02:584171] [12] /lib/x86_64-linux-gnu/libc.so.6(__libc_start_main+0xea)[0x7f44b0a7bd7a]
[hydra02:584171] [13] /home/thesis/jheld/MPI_Syrk_implementation/build/src/MPI_SYRK_implementation(+0x232a)[0x55c33786f32a]
[hydra04:409722] [11] /home/thesis/jheld/MPI_Syrk_implementation/build/src/MPI_SYRK_implementation(+0x2ab0)[0x55e98929aab0]
[hydra09:386998] [ 5] /lib/x86_64-linux-gnu/libc.so.6(+0x8483c)[0x7f49380ea83c]
[hydra10:506511] [ 9] /opt/mpi/openmpi-4.1.4//lib/libmpi.so.40(PMPI_Group_incl+0x95)[0x7ff319375185]
[hydra03:410989] *** End of error message ***
[hydra11:374070] [11] /home/thesis/jheld/MPI_Syrk_implementation/build/src/MPI_SYRK_implementation(+0x2ab0)[0x55b329b7bab0]
[hydra02:584171] *** End of error message ***
[hydra04:409722] [12] /lib/x86_64-linux-gnu/libc.so.6(__libc_start_main+0xea)[0x7f9e5fdc6d7a]
[hydra04:409722] [13] /home/thesis/jheld/MPI_Syrk_implementation/build/src/MPI_SYRK_implementation(+0x232a)[0x55e98929a32a]
[hydra09:386998] [ 6] /lib/x86_64-linux-gnu/libc.so.6(__libc_calloc+0x81)[0x7f49380ecbd1]
[hydra10:506511] [10] /home/thesis/jheld/MPI_Syrk_implementation/build/src/MPI_SYRK_implementation(+0x841a)[0x55ae24ae541a]
[hydra10:506511] [11] /home/thesis/jheld/MPI_Syrk_implementation/build/src/MPI_SYRK_implementation(+0x2ab0)[0x55ae24adfab0]
[hydra11:374070] [12] /lib/x86_64-linux-gnu/libc.so.6(__libc_start_main+0xea)[0x7fe0f5d0dd7a]
[hydra04:409722] *** End of error message ***
[hydra09:386998] [ 7] /opt/mpi/openmpi-4.1.4//lib/libmpi.so.40(ompi_group_allocate+0x17)[0x7f4939fba1e7]
[hydra10:506511] [12] /lib/x86_64-linux-gnu/libc.so.6(__libc_start_main+0xea)[0x7ff317413d7a]
[hydra10:506511] [13] /home/thesis/jheld/MPI_Syrk_implementation/build/src/MPI_SYRK_implementation(+0x232a)[0x55ae24adf32a]
[hydra11:374070] [13] /home/thesis/jheld/MPI_Syrk_implementation/build/src/MPI_SYRK_implementation(+0x232a)[0x55b329b7b32a]
[hydra11:374070] *** End of error message ***
[hydra09:386998] [ 8] /opt/mpi/openmpi-4.1.4//lib/libmpi.so.40(ompi_group_incl_plist+0x65)[0x7f4939fba915]
[hydra10:506511] *** End of error message ***
[hydra09:386998] [ 9] /opt/mpi/openmpi-4.1.4//lib/libmpi.so.40(PMPI_Group_incl+0x95)[0x7f4939feb185]
[hydra09:386998] [10] /home/thesis/jheld/MPI_Syrk_implementation/build/src/MPI_SYRK_implementation(+0x841a)[0x56463ae9541a]
[hydra09:386998] [11] /home/thesis/jheld/MPI_Syrk_implementation/build/src/MPI_SYRK_implementation(+0x2ab0)[0x56463ae8fab0]
[hydra09:386998] [12] /lib/x86_64-linux-gnu/libc.so.6(__libc_start_main+0xea)[0x7f4938089d7a]
[hydra09:386998] [13] /home/thesis/jheld/MPI_Syrk_implementation/build/src/MPI_SYRK_implementation(+0x232a)[0x56463ae8f32a]
[hydra09:386998] *** End of error message ***
srun: error: hydra02: task 3: Aborted
srun: error: hydra06: task 17: Aborted
srun: error: hydra12: task 35: Aborted
srun: error: hydra01: task 0: Aborted
srun: error: hydra10: task 27: Aborted
srun: error: hydra04: task 11: Aborted
srun: error: hydra07: task 19: Aborted
srun: error: hydra03: task 6: Aborted
srun: error: hydra11: tasks 31-32: Aborted
srun: error: hydra09: tasks 24-26: Aborted
slurmstepd: error:  mpi/pmix_v4: _errhandler: hydra12 [11]: pmixp_client_v2.c:211: Error handler invoked: status = -61, source = [slurm.pmix.5008700.20:35]
slurmstepd: error:  mpi/pmix_v4: _errhandler: hydra06 [5]: pmixp_client_v2.c:211: Error handler invoked: status = -61, source = [slurm.pmix.5008700.20:17]
slurmstepd: error:  mpi/pmix_v4: _errhandler: hydra01 [0]: pmixp_client_v2.c:211: Error handler invoked: status = -61, source = [slurm.pmix.5008700.20:0]
slurmstepd: error:  mpi/pmix_v4: _errhandler: hydra04 [3]: pmixp_client_v2.c:211: Error handler invoked: status = -61, source = [slurm.pmix.5008700.20:11]
slurmstepd: error:  mpi/pmix_v4: _errhandler: hydra07 [6]: pmixp_client_v2.c:211: Error handler invoked: status = -61, source = [slurm.pmix.5008700.20:19]
slurmstepd: error:  mpi/pmix_v4: _errhandler: hydra02 [1]: pmixp_client_v2.c:211: Error handler invoked: status = -61, source = [slurm.pmix.5008700.20:3]
slurmstepd: error:  mpi/pmix_v4: _errhandler: hydra10 [9]: pmixp_client_v2.c:211: Error handler invoked: status = -61, source = [slurm.pmix.5008700.20:27]
slurmstepd: error:  mpi/pmix_v4: _errhandler: hydra11 [10]: pmixp_client_v2.c:211: Error handler invoked: status = -61, source = [slurm.pmix.5008700.20:32]
slurmstepd: error:  mpi/pmix_v4: _errhandler: hydra03 [2]: pmixp_client_v2.c:211: Error handler invoked: status = -61, source = [slurm.pmix.5008700.20:6]
slurmstepd: error: *** STEP 5008700.20 ON hydra01 CANCELLED AT 2025-10-13T15:38:26 ***
srun: Job step aborted: Waiting up to 32 seconds for job step to finish.
srun: error: hydra11: task 30: Killed
srun: error: hydra10: tasks 28-29: Killed
srun: error: hydra02: tasks 4-5: Killed
srun: error: hydra12: tasks 33-34: Killed
srun: error: hydra07: tasks 18,20: Killed
srun: error: hydra03: tasks 7-8: Killed
srun: error: hydra05: tasks 12-14: Killed
srun: error: hydra01: tasks 1-2: Killed
srun: error: hydra08: tasks 21-23: Killed
srun: error: hydra04: tasks 9-10: Killed
srun: error: hydra06: tasks 15-16: Killed
⚠️ Warning: No runtime found for run 21
srun: Warning: can't honor --ntasks-per-node set to 1 which doesn't match the requested tasks 36 with the number of requested nodes 12. Ignoring --ntasks-per-node.
missing input file name --> Generate random input
malloc(): invalid size (unsorted)
[hydra11:374133] *** Process received signal ***
[hydra11:374133] Signal: Aborted (6)
[hydra11:374133] Signal code:  (-6)
malloc(): invalid size (unsorted)
[hydra01:902998] *** Process received signal ***
[hydra01:902998] Signal: Aborted (6)
[hydra01:902998] Signal code:  (-6)
malloc(): invalid size (unsorted)
[hydra12:374081] *** Process received signal ***
[hydra12:374081] Signal: Aborted (6)
[hydra12:374081] Signal code:  (-6)
malloc(): invalid size (unsorted)
[hydra01:902999] *** Process received signal ***
[hydra01:902999] Signal: Aborted (6)
[hydra01:902999] Signal code:  (-6)
malloc(): invalid size (unsorted)
[hydra05:393733] *** Process received signal ***
[hydra01:902998] [ 0] /lib/x86_64-linux-gnu/libc.so.6(+0x38de0)[0x7fcfd6805de0]
[hydra01:902999] [ 0] /lib/x86_64-linux-gnu/libc.so.6(+0x38de0)[0x7feb0e70cde0]
[hydra01:902998] [ 1] /lib/x86_64-linux-gnu/libc.so.6(gsignal+0x141)[0x7fcfd6805d61]
[hydra01:902998] [ 2] /lib/x86_64-linux-gnu/libc.so.6(abort+0x123)[0x7fcfd67ef537]
malloc(): invalid size (unsorted)
[hydra04:409783] *** Process received signal ***
[hydra04:409783] Signal: Aborted (6)
[hydra04:409783] Signal code:  (-6)
[hydra01:902999] [ 1] /lib/x86_64-linux-gnu/libc.so.6(gsignal+0x141)[0x7feb0e70cd61]
[hydra01:902999] [ 2] /lib/x86_64-linux-gnu/libc.so.6(abort+0x123)[0x7feb0e6f6537]
[hydra01:902998] [ 3] /lib/x86_64-linux-gnu/libc.so.6(+0x7a468)[0x7fcfd6847468]
[hydra01:902999] [ 3] /lib/x86_64-linux-gnu/libc.so.6(+0x7a468)[0x7feb0e74e468]
malloc(): invalid size (unsorted)
[hydra03:411052] *** Process received signal ***
[hydra03:411052] Signal: Aborted (6)
[hydra03:411052] Signal code:  (-6)
[hydra01:902998] [ 4] /lib/x86_64-linux-gnu/libc.so.6(+0x8175a)[0x7fcfd684e75a]
[hydra01:902999] [ 4] /lib/x86_64-linux-gnu/libc.so.6(+0x8175a)[0x7feb0e75575a]
[hydra01:902998] [ 5] /lib/x86_64-linux-gnu/libc.so.6(+0x8483c)[0x7fcfd685183c]
[hydra01:902999] [ 5] /lib/x86_64-linux-gnu/libc.so.6(+0x8483c)[0x7feb0e75883c]
malloc(): invalid size (unsorted)
[hydra09:387049] *** Process received signal ***
malloc(): invalid size (unsorted)
[hydra02:584247] *** Process received signal ***
[hydra02:584247] Signal: Aborted (6)
[hydra02:584247] Signal code:  (-6)
[hydra01:902998] [ 6] /lib/x86_64-linux-gnu/libc.so.6(__libc_calloc+0x81)[0x7fcfd6853bd1]
malloc(): invalid size (unsorted)
[hydra06:394407] *** Process received signal ***
[hydra06:394407] Signal: Aborted (6)
[hydra06:394407] Signal code:  (-6)
[hydra01:902999] [ 6] /lib/x86_64-linux-gnu/libc.so.6(__libc_calloc+0x81)[0x7feb0e75abd1]
malloc(): invalid size (unsorted)
[hydra07:420797] *** Process received signal ***
[hydra07:420797] Signal: Aborted (6)
[hydra07:420797] Signal code:  (-6)
[hydra01:902998] [ 7] /opt/mpi/openmpi-4.1.4//lib/libmpi.so.40(ompi_group_allocate+0x17)[0x7fcfd87211e7]
[hydra01:902998] [ 8] /opt/mpi/openmpi-4.1.4//lib/libmpi.so.40(ompi_group_incl_plist+0x65)[0x7fcfd8721915]
malloc(): invalid size (unsorted)
[hydra01:902999] [ 7] /opt/mpi/openmpi-4.1.4//lib/libmpi.so.40(ompi_group_allocate+0x17)[0x7feb106281e7]
[hydra01:902999] [ 8] /opt/mpi/openmpi-4.1.4//lib/libmpi.so.40(ompi_group_incl_plist+0x65)[0x7feb10628915]
[hydra01:902998] [ 9] /opt/mpi/openmpi-4.1.4//lib/libmpi.so.40(PMPI_Group_incl+0x95)[0x7fcfd8752185]
[hydra01:902998] [10] /home/thesis/jheld/MPI_Syrk_implementation/build/src/MPI_SYRK_implementation(+0x841a)[0x55ccd77a241a]
[hydra01:902998] [11] /home/thesis/jheld/MPI_Syrk_implementation/build/src/MPI_SYRK_implementation(+0x2ab0)[0x55ccd779cab0]
[hydra11:374133] [ 0] /lib/x86_64-linux-gnu/libc.so.6(+0x38de0)[0x7f91ad732de0]
[hydra01:902999] [ 9] /opt/mpi/openmpi-4.1.4//lib/libmpi.so.40(PMPI_Group_incl+0x95)[0x7feb10659185]
[hydra01:902999] [10] /home/thesis/jheld/MPI_Syrk_implementation/build/src/MPI_SYRK_implementation(+0x841a)[0x556ded24041a]
[hydra01:902999] [11] /home/thesis/jheld/MPI_Syrk_implementation/build/src/MPI_SYRK_implementation(+0x2ab0)[0x556ded23aab0]
[hydra11:374133] [ 1] /lib/x86_64-linux-gnu/libc.so.6(gsignal+0x141)[0x7f91ad732d61]
[hydra01:902998] [12] /lib/x86_64-linux-gnu/libc.so.6(__libc_start_main+0xea)[0x7fcfd67f0d7a]
[hydra01:902998] [13] /home/thesis/jheld/MPI_Syrk_implementation/build/src/MPI_SYRK_implementation(+0x232a)[0x55ccd779c32a]
[hydra11:374133] [ 2] /lib/x86_64-linux-gnu/libc.so.6(abort+0x123)[0x7f91ad71c537]
[hydra01:902998] *** End of error message ***
malloc(): invalid size (unsorted)
[hydra04:409782] *** Process received signal ***
[hydra11:374133] [ 3] /lib/x86_64-linux-gnu/libc.so.6(+0x7a468)[0x7f91ad774468]
[hydra01:902999] [12] /lib/x86_64-linux-gnu/libc.so.6(__libc_start_main+0xea)[0x7feb0e6f7d7a]
[hydra01:902999] [13] /home/thesis/jheld/MPI_Syrk_implementation/build/src/MPI_SYRK_implementation(+0x232a)[0x556ded23a32a]
[hydra01:902999] *** End of error message ***
[hydra12:374081] [ 0] /lib/x86_64-linux-gnu/libc.so.6(+0x38de0)[0x7f7012616de0]
[hydra04:409782] Signal: Aborted (6)
[hydra04:409782] Signal code:  (-6)
[hydra11:374133] [ 4] /lib/x86_64-linux-gnu/libc.so.6(+0x8175a)[0x7f91ad77b75a]
malloc(): invalid size (unsorted)
[hydra10:506577] *** Process received signal ***
[hydra10:506577] Signal: Aborted (6)
[hydra10:506577] Signal code:  (-6)
[hydra12:374081] [ 1] /lib/x86_64-linux-gnu/libc.so.6(gsignal+0x141)[0x7f7012616d61]
[hydra04:409783] [ 0] /lib/x86_64-linux-gnu/libc.so.6(+0x38de0)[0x7f530a813de0]
[hydra11:374133] [ 5] /lib/x86_64-linux-gnu/libc.so.6(+0x8483c)[0x7f91ad77e83c]
[hydra12:374081] [ 2] /lib/x86_64-linux-gnu/libc.so.6(abort+0x123)[0x7f7012600537]
[hydra05:393733] Signal: Aborted (6)
[hydra05:393733] Signal code:  (-6)
[hydra04:409783] [ 1] /lib/x86_64-linux-gnu/libc.so.6(gsignal+0x141)[0x7f530a813d61]
[hydra11:374133] [ 6] /lib/x86_64-linux-gnu/libc.so.6(__libc_calloc+0x81)[0x7f91ad780bd1]
[hydra12:374081] [ 3] /lib/x86_64-linux-gnu/libc.so.6(+0x7a468)[0x7f7012658468]
[hydra05:393733] [ 0] /lib/x86_64-linux-gnu/libc.so.6(+0x38de0)[0x7f4279593de0]
[hydra04:409782] [ 0] /lib/x86_64-linux-gnu/libc.so.6(+0x38de0)[0x7f7e77363de0]
[hydra11:374133] [ 7] /opt/mpi/openmpi-4.1.4//lib/libmpi.so.40(ompi_group_allocate+0x17)[0x7f91af64e1e7]
[hydra12:374081] [ 4] /lib/x86_64-linux-gnu/libc.so.6(+0x8175a)[0x7f701265f75a]
[hydra05:393733] [ 1] /lib/x86_64-linux-gnu/libc.so.6(gsignal+0x141)[0x7f4279593d61]
[hydra04:409783] [ 2] /lib/x86_64-linux-gnu/libc.so.6(abort+0x123)[0x7f530a7fd537]
malloc(): invalid size (unsorted)
[hydra12:374081] [ 5] /lib/x86_64-linux-gnu/libc.so.6(+0x8483c)[0x7f701266283c]
[hydra05:393733] [ 2] /lib/x86_64-linux-gnu/libc.so.6(abort+0x123)[0x7f427957d537]
[hydra04:409782] [ 1] /lib/x86_64-linux-gnu/libc.so.6(gsignal+0x141)[0x7f7e77363d61]
[hydra11:374133] [ 8] /opt/mpi/openmpi-4.1.4//lib/libmpi.so.40(ompi_group_incl_plist+0x65)[0x7f91af64e915]
[hydra03:411052] [ 0] /lib/x86_64-linux-gnu/libc.so.6(+0x38de0)[0x7fb352f40de0]
[hydra12:374081] [ 6] /lib/x86_64-linux-gnu/libc.so.6(__libc_calloc+0x81)[0x7f7012664bd1]
[hydra05:393733] [ 3] /lib/x86_64-linux-gnu/libc.so.6(+0x7a468)[0x7f42795d5468]
[hydra04:409783] [ 3] /lib/x86_64-linux-gnu/libc.so.6(+0x7a468)[0x7f530a855468]
[hydra11:374131] *** Process received signal ***
[hydra03:411052] [ 1] /lib/x86_64-linux-gnu/libc.so.6(gsignal+0x141)[0x7fb352f40d61]
[hydra12:374081] [ 7] /opt/mpi/openmpi-4.1.4//lib/libmpi.so.40(ompi_group_allocate+0x17)[0x7f70145321e7]
[hydra05:393733] [ 4] /lib/x86_64-linux-gnu/libc.so.6(+0x8175a)[0x7f42795dc75a]
malloc(): invalid size (unsorted)
[hydra04:409782] [ 2] /lib/x86_64-linux-gnu/libc.so.6(abort+0x123)[0x7f7e7734d537]
[hydra11:374131] Signal: Aborted (6)
[hydra11:374131] Signal code:  (-6)
[hydra03:411052] [ 2] /lib/x86_64-linux-gnu/libc.so.6(abort+0x123)[0x7fb352f2a537]
[hydra12:374081] [ 8] /opt/mpi/openmpi-4.1.4//lib/libmpi.so.40(ompi_group_incl_plist+0x65)[0x7f7014532915]
[hydra05:393733] [ 5] /lib/x86_64-linux-gnu/libc.so.6(+0x8483c)[0x7f42795df83c]
[hydra07:420799] *** Process received signal ***
[hydra07:420799] Signal: Aborted (6)
[hydra07:420799] Signal code:  (-6)
[hydra02:584247] [ 0] /lib/x86_64-linux-gnu/libc.so.6(+0x38de0)[0x7f2badd9dde0]
[hydra04:409782] [ 3] /lib/x86_64-linux-gnu/libc.so.6(+0x7a468)[0x7f7e773a5468]
[hydra11:374133] [ 9] /opt/mpi/openmpi-4.1.4//lib/libmpi.so.40(PMPI_Group_incl+0x95)[0x7f91af67f185]
[hydra11:374133] [10] /home/thesis/jheld/MPI_Syrk_implementation/build/src/MPI_SYRK_implementation(+0x841a)[0x5626393c841a]
[hydra03:411052] [ 3] /lib/x86_64-linux-gnu/libc.so.6(+0x7a468)[0x7fb352f82468]
[hydra12:374081] [ 9] /opt/mpi/openmpi-4.1.4//lib/libmpi.so.40(PMPI_Group_incl+0x95)[0x7f7014563185]
[hydra12:374081] [10] /home/thesis/jheld/MPI_Syrk_implementation/build/src/MPI_SYRK_implementation(+0x841a)[0x555f1cf1041a]
[hydra05:393733] [ 6] /lib/x86_64-linux-gnu/libc.so.6(__libc_calloc+0x81)[0x7f42795e1bd1]
[hydra09:387049] Signal: Aborted (6)
[hydra09:387049] Signal code:  (-6)
[hydra07:420797] [ 0] /lib/x86_64-linux-gnu/libc.so.6(+0x38de0)[0x7fd0855d7de0]
[hydra02:584247] [ 1] /lib/x86_64-linux-gnu/libc.so.6(gsignal+0x141)[0x7f2badd9dd61]
[hydra04:409783] [ 4] /lib/x86_64-linux-gnu/libc.so.6(+0x8175a)[0x7f530a85c75a]
[hydra06:394407] [ 0] /lib/x86_64-linux-gnu/libc.so.6(+0x38de0)[0x7f72ced10de0]
[hydra11:374133] [11] /home/thesis/jheld/MPI_Syrk_implementation/build/src/MPI_SYRK_implementation(+0x2ab0)[0x5626393c2ab0]
[hydra03:411052] [ 4] /lib/x86_64-linux-gnu/libc.so.6(+0x8175a)[0x7fb352f8975a]
[hydra12:374081] [11] /home/thesis/jheld/MPI_Syrk_implementation/build/src/MPI_SYRK_implementation(+0x2ab0)[0x555f1cf0aab0]
[hydra05:393733] [ 7] /opt/mpi/openmpi-4.1.4//lib/libmpi.so.40(ompi_group_allocate+0x17)[0x7f427b4af1e7]
[hydra09:387049] [ 0] /lib/x86_64-linux-gnu/libc.so.6(+0x38de0)[0x7fbeda61bde0]
[hydra07:420797] [ 1] /lib/x86_64-linux-gnu/libc.so.6(gsignal+0x141)[0x7fd0855d7d61]
[hydra02:584247] [ 2] /lib/x86_64-linux-gnu/libc.so.6(abort+0x123)[0x7f2badd87537]
[hydra04:409783] [ 5] /lib/x86_64-linux-gnu/libc.so.6(+0x8483c)[0x7f530a85f83c]
[hydra06:394407] [ 1] /lib/x86_64-linux-gnu/libc.so.6(gsignal+0x141)[0x7f72ced10d61]
[hydra11:374133] [12] /lib/x86_64-linux-gnu/libc.so.6(__libc_start_main+0xea)[0x7f91ad71dd7a]
[hydra03:411052] [ 5] /lib/x86_64-linux-gnu/libc.so.6(+0x8483c)[0x7fb352f8c83c]
[hydra12:374081] [12] /lib/x86_64-linux-gnu/libc.so.6(__libc_start_main+0xea)[0x7f7012601d7a]
[hydra12:374081] [13] /home/thesis/jheld/MPI_Syrk_implementation/build/src/MPI_SYRK_implementation(+0x232a)[0x555f1cf0a32a]
[hydra05:393733] [ 8] /opt/mpi/openmpi-4.1.4//lib/libmpi.so.40(ompi_group_incl_plist+0x65)[0x7f427b4af915]
[hydra09:387049] [ 1] /lib/x86_64-linux-gnu/libc.so.6(gsignal+0x141)[0x7fbeda61bd61]
[hydra07:420797] [ 2] /lib/x86_64-linux-gnu/libc.so.6(abort+0x123)[0x7fd0855c1537]
[hydra02:584247] [ 3] /lib/x86_64-linux-gnu/libc.so.6(+0x7a468)[0x7f2badddf468]
[hydra04:409782] [ 4] /lib/x86_64-linux-gnu/libc.so.6(+0x8175a)[0x7f7e773ac75a]
[hydra06:394407] [ 2] /lib/x86_64-linux-gnu/libc.so.6(abort+0x123)[0x7f72cecfa537]
[hydra11:374133] [13] /home/thesis/jheld/MPI_Syrk_implementation/build/src/MPI_SYRK_implementation(+0x232a)[0x5626393c232a]
[hydra11:374133] *** End of error message ***
[hydra03:411052] [ 6] /lib/x86_64-linux-gnu/libc.so.6(__libc_calloc+0x81)[0x7fb352f8ebd1]
[hydra12:374081] *** End of error message ***
[hydra05:393733] [ 9] /opt/mpi/openmpi-4.1.4//lib/libmpi.so.40(PMPI_Group_incl+0x95)[0x7f427b4e0185]
[hydra09:387049] [ 2] /lib/x86_64-linux-gnu/libc.so.6(abort+0x123)[0x7fbeda605537]
[hydra07:420797] [ 3] /lib/x86_64-linux-gnu/libc.so.6(+0x7a468)[0x7fd085619468]
[hydra02:584247] [ 4] /lib/x86_64-linux-gnu/libc.so.6(+0x8175a)[0x7f2badde675a]
[hydra04:409782] [ 5] /lib/x86_64-linux-gnu/libc.so.6(+0x8483c)[0x7f7e773af83c]
[hydra06:394407] [ 3] /lib/x86_64-linux-gnu/libc.so.6(+0x7a468)[0x7f72ced52468]
[hydra03:411052] [ 7] /opt/mpi/openmpi-4.1.4//lib/libmpi.so.40(ompi_group_allocate+0x17)[0x7fb354e5c1e7]
[hydra05:393733] [10] /home/thesis/jheld/MPI_Syrk_implementation/build/src/MPI_SYRK_implementation(+0x841a)[0x563a6bcd041a]
[hydra05:393733] [11] /home/thesis/jheld/MPI_Syrk_implementation/build/src/MPI_SYRK_implementation(+0x2ab0)[0x563a6bccaab0]
[hydra09:387049] [ 3] /lib/x86_64-linux-gnu/libc.so.6(+0x7a468)[0x7fbeda65d468]
[hydra07:420799] [ 0] /lib/x86_64-linux-gnu/libc.so.6(+0x38de0)[0x7f1188a49de0]
[hydra02:584247] [ 5] /lib/x86_64-linux-gnu/libc.so.6(+0x8483c)[0x7f2badde983c]
[hydra04:409783] [ 6] /lib/x86_64-linux-gnu/libc.so.6(__libc_calloc+0x81)[0x7f530a861bd1]
[hydra06:394407] [ 4] /lib/x86_64-linux-gnu/libc.so.6(+0x8175a)[0x7f72ced5975a]
[hydra03:411052] [ 8] /opt/mpi/openmpi-4.1.4//lib/libmpi.so.40(ompi_group_incl_plist+0x65)[0x7fb354e5c915]
[hydra05:393733] [12] /lib/x86_64-linux-gnu/libc.so.6(__libc_start_main+0xea)[0x7f427957ed7a]
[hydra05:393733] [13] /home/thesis/jheld/MPI_Syrk_implementation/build/src/MPI_SYRK_implementation(+0x232a)[0x563a6bcca32a]
[hydra09:387049] [ 4] /lib/x86_64-linux-gnu/libc.so.6(+0x8175a)[0x7fbeda66475a]
[hydra07:420799] [ 1] /lib/x86_64-linux-gnu/libc.so.6(gsignal+0x141)[0x7f1188a49d61]
[hydra02:584247] [ 6] /lib/x86_64-linux-gnu/libc.so.6(__libc_calloc+0x81)[0x7f2baddebbd1]
[hydra04:409783] [ 7] /opt/mpi/openmpi-4.1.4//lib/libmpi.so.40(ompi_group_allocate+0x17)[0x7f530c72f1e7]
[hydra06:394407] [ 5] /lib/x86_64-linux-gnu/libc.so.6(+0x8483c)[0x7f72ced5c83c]
[hydra11:374131] [ 0] /lib/x86_64-linux-gnu/libc.so.6(+0x38de0)[0x7fe1c3d99de0]
[hydra11:374131] [ 1] /lib/x86_64-linux-gnu/libc.so.6(gsignal+0x141)[0x7fe1c3d99d61]
[hydra08:396082] *** Process received signal ***
[hydra08:396082] Signal: Aborted (6)
[hydra08:396082] Signal code:  (-6)
[hydra03:411052] [ 9] /opt/mpi/openmpi-4.1.4//lib/libmpi.so.40(PMPI_Group_incl+0x95)[0x7fb354e8d185]
[hydra05:393733] *** End of error message ***
[hydra09:387049] [ 5] /lib/x86_64-linux-gnu/libc.so.6(+0x8483c)[0x7fbeda66783c]
[hydra07:420797] [ 4] /lib/x86_64-linux-gnu/libc.so.6(+0x8175a)[0x7fd08562075a]
[hydra02:584247] [ 7] /opt/mpi/openmpi-4.1.4//lib/libmpi.so.40(ompi_group_allocate+0x17)[0x7f2bafcb91e7]
[hydra04:409782] [ 6] /lib/x86_64-linux-gnu/libc.so.6(__libc_calloc+0x81)[0x7f7e773b1bd1]
[hydra06:394407] [ 6] /lib/x86_64-linux-gnu/libc.so.6(__libc_calloc+0x81)[0x7f72ced5ebd1]
[hydra11:374131] [ 2] /lib/x86_64-linux-gnu/libc.so.6(abort+0x123)[0x7fe1c3d83537]
[hydra08:396082] [ 0] /lib/x86_64-linux-gnu/libc.so.6(+0x38de0)[0x7f2a1cf9ade0]
[hydra03:411052] [10] /home/thesis/jheld/MPI_Syrk_implementation/build/src/MPI_SYRK_implementation(+0x841a)[0x5602e34cc41a]
[hydra03:411052] [11] /home/thesis/jheld/MPI_Syrk_implementation/build/src/MPI_SYRK_implementation(+0x2ab0)[0x5602e34c6ab0]
[hydra09:387049] [ 6] /lib/x86_64-linux-gnu/libc.so.6(__libc_calloc+0x81)[0x7fbeda669bd1]
[hydra07:420799] [ 2] /lib/x86_64-linux-gnu/libc.so.6(abort+0x123)[0x7f1188a33537]
[hydra02:584247] [ 8] /opt/mpi/openmpi-4.1.4//lib/libmpi.so.40(ompi_group_incl_plist+0x65)[0x7f2bafcb9915]
[hydra04:409782] [ 7] /opt/mpi/openmpi-4.1.4//lib/libmpi.so.40(ompi_group_allocate+0x17)[0x7f7e7927f1e7]
[hydra06:394407] [ 7] /opt/mpi/openmpi-4.1.4//lib/libmpi.so.40(ompi_group_allocate+0x17)[0x7f72d0c2c1e7]
[hydra11:374131] [ 3] /lib/x86_64-linux-gnu/libc.so.6(+0x7a468)[0x7fe1c3ddb468]
[hydra08:396082] [ 1] /lib/x86_64-linux-gnu/libc.so.6(gsignal+0x141)[0x7f2a1cf9ad61]
[hydra03:411052] [12] /lib/x86_64-linux-gnu/libc.so.6(__libc_start_main+0xea)[0x7fb352f2bd7a]
[hydra03:411052] [13] /home/thesis/jheld/MPI_Syrk_implementation/build/src/MPI_SYRK_implementation(+0x232a)[0x5602e34c632a]
[hydra09:387049] [ 7] /opt/mpi/openmpi-4.1.4//lib/libmpi.so.40(ompi_group_allocate+0x17)[0x7fbedc5371e7]
[hydra07:420797] [ 5] /lib/x86_64-linux-gnu/libc.so.6(+0x8483c)[0x7fd08562383c]
[hydra02:584247] [ 9] /opt/mpi/openmpi-4.1.4//lib/libmpi.so.40(PMPI_Group_incl+0x95)[0x7f2bafcea185]
[hydra04:409783] [ 8] /opt/mpi/openmpi-4.1.4//lib/libmpi.so.40(ompi_group_incl_plist+0x65)[0x7f530c72f915]
[hydra06:394407] [ 8] /opt/mpi/openmpi-4.1.4//lib/libmpi.so.40(ompi_group_incl_plist+0x65)[0x7f72d0c2c915]
[hydra11:374131] [ 4] /lib/x86_64-linux-gnu/libc.so.6(+0x8175a)[0x7fe1c3de275a]
[hydra08:396082] [ 2] /lib/x86_64-linux-gnu/libc.so.6(abort+0x123)[0x7f2a1cf84537]
[hydra03:411052] *** End of error message ***
[hydra09:387049] [ 8] /opt/mpi/openmpi-4.1.4//lib/libmpi.so.40(ompi_group_incl_plist+0x65)[0x7fbedc537915]
[hydra07:420799] [ 3] /lib/x86_64-linux-gnu/libc.so.6(+0x7a468)[0x7f1188a8b468]
[hydra02:584247] [10] /home/thesis/jheld/MPI_Syrk_implementation/build/src/MPI_SYRK_implementation(+0x841a)[0x561f8b7df41a]
[hydra02:584247] [11] /home/thesis/jheld/MPI_Syrk_implementation/build/src/MPI_SYRK_implementation(+0x2ab0)[0x561f8b7d9ab0]
[hydra04:409782] [ 8] /opt/mpi/openmpi-4.1.4//lib/libmpi.so.40(ompi_group_incl_plist+0x65)[0x7f7e7927f915]
[hydra06:394407] [ 9] /opt/mpi/openmpi-4.1.4//lib/libmpi.so.40(PMPI_Group_incl+0x95)[0x7f72d0c5d185]
[hydra06:394407] [10] /home/thesis/jheld/MPI_Syrk_implementation/build/src/MPI_SYRK_implementation(+0x841a)[0x56047fbf841a]
[hydra11:374131] [ 5] /lib/x86_64-linux-gnu/libc.so.6(+0x8483c)[0x7fe1c3de583c]
[hydra08:396082] [ 3] /lib/x86_64-linux-gnu/libc.so.6(+0x7a468)[0x7f2a1cfdc468]
[hydra10:506577] [ 0] /lib/x86_64-linux-gnu/libc.so.6(+0x38de0)[0x7fea6bbb2de0]
[hydra09:387049] [ 9] /opt/mpi/openmpi-4.1.4//lib/libmpi.so.40(PMPI_Group_incl+0x95)[0x7fbedc568185]
[hydra09:387049] [10] /home/thesis/jheld/MPI_Syrk_implementation/build/src/MPI_SYRK_implementation(+0x841a)[0x557a7433641a]
[hydra07:420797] [ 6] /lib/x86_64-linux-gnu/libc.so.6(__libc_calloc+0x81)[0x7fd085625bd1]
[hydra02:584247] [12] /lib/x86_64-linux-gnu/libc.so.6(__libc_start_main+0xea)[0x7f2badd88d7a]
[hydra02:584247] [13] /home/thesis/jheld/MPI_Syrk_implementation/build/src/MPI_SYRK_implementation(+0x232a)[0x561f8b7d932a]
[hydra04:409783] [ 9] /opt/mpi/openmpi-4.1.4//lib/libmpi.so.40(PMPI_Group_incl+0x95)[0x7f530c760185]
[hydra04:409783] [10] /home/thesis/jheld/MPI_Syrk_implementation/build/src/MPI_SYRK_implementation(+0x841a)[0x556bdc7b841a]
[hydra04:409783] [11] /home/thesis/jheld/MPI_Syrk_implementation/build/src/MPI_SYRK_implementation(+0x2ab0)[0x556bdc7b2ab0]
[hydra06:394407] [11] /home/thesis/jheld/MPI_Syrk_implementation/build/src/MPI_SYRK_implementation(+0x2ab0)[0x56047fbf2ab0]
[hydra11:374131] [ 6] /lib/x86_64-linux-gnu/libc.so.6(__libc_calloc+0x81)[0x7fe1c3de7bd1]
[hydra08:396082] [ 4] /lib/x86_64-linux-gnu/libc.so.6(+0x8175a)[0x7f2a1cfe375a]
[hydra10:506577] [ 1] /lib/x86_64-linux-gnu/libc.so.6(gsignal+0x141)[0x7fea6bbb2d61]
[hydra09:387049] [11] /home/thesis/jheld/MPI_Syrk_implementation/build/src/MPI_SYRK_implementation(+0x2ab0)[0x557a74330ab0]
[hydra07:420799] [ 4] /lib/x86_64-linux-gnu/libc.so.6(+0x8175a)[0x7f1188a9275a]
[hydra02:584247] *** End of error message ***
[hydra06:394407] [12] /lib/x86_64-linux-gnu/libc.so.6(__libc_start_main+0xea)[0x7f72cecfbd7a]
[hydra06:394407] [13] /home/thesis/jheld/MPI_Syrk_implementation/build/src/MPI_SYRK_implementation(+0x232a)[0x56047fbf232a]
[hydra11:374131] [ 7] /opt/mpi/openmpi-4.1.4//lib/libmpi.so.40(ompi_group_allocate+0x17)[0x7fe1c5cb51e7]
[hydra08:396082] [ 5] /lib/x86_64-linux-gnu/libc.so.6(+0x8483c)[0x7f2a1cfe683c]
[hydra10:506577] [ 2] /lib/x86_64-linux-gnu/libc.so.6(abort+0x123)[0x7fea6bb9c537]
[hydra09:387049] [12] /lib/x86_64-linux-gnu/libc.so.6(__libc_start_main+0xea)[0x7fbeda606d7a]
[hydra09:387049] [13] /home/thesis/jheld/MPI_Syrk_implementation/build/src/MPI_SYRK_implementation(+0x232a)[0x557a7433032a]
[hydra07:420797] [ 7] /opt/mpi/openmpi-4.1.4//lib/libmpi.so.40(ompi_group_allocate+0x17)[0x7fd0874f31e7]
[hydra06:394407] *** End of error message ***
[hydra11:374131] [ 8] /opt/mpi/openmpi-4.1.4//lib/libmpi.so.40(ompi_group_incl_plist+0x65)[0x7fe1c5cb5915]
[hydra08:396082] [ 6] /lib/x86_64-linux-gnu/libc.so.6(__libc_calloc+0x81)[0x7f2a1cfe8bd1]
[hydra10:506577] [ 3] /lib/x86_64-linux-gnu/libc.so.6(+0x7a468)[0x7fea6bbf4468]
[hydra09:387049] *** End of error message ***
[hydra07:420799] [ 5] /lib/x86_64-linux-gnu/libc.so.6(+0x8483c)[0x7f1188a9583c]
[hydra11:374131] [ 9] /opt/mpi/openmpi-4.1.4//lib/libmpi.so.40(PMPI_Group_incl+0x95)[0x7fe1c5ce6185]
[hydra11:374131] [10] /home/thesis/jheld/MPI_Syrk_implementation/build/src/MPI_SYRK_implementation(+0x841a)[0x55bfa4e8a41a]
[hydra08:396082] [ 7] /opt/mpi/openmpi-4.1.4//lib/libmpi.so.40(ompi_group_allocate+0x17)[0x7f2a1eeb61e7]
[hydra10:506577] [ 4] /lib/x86_64-linux-gnu/libc.so.6(+0x8175a)[0x7fea6bbfb75a]
[hydra07:420797] [ 8] /opt/mpi/openmpi-4.1.4//lib/libmpi.so.40(ompi_group_incl_plist+0x65)[0x7fd0874f3915]
[hydra11:374131] [11] /home/thesis/jheld/MPI_Syrk_implementation/build/src/MPI_SYRK_implementation(+0x2ab0)[0x55bfa4e84ab0]
[hydra08:396082] [ 8] /opt/mpi/openmpi-4.1.4//lib/libmpi.so.40(ompi_group_incl_plist+0x65)[0x7f2a1eeb6915]
[hydra10:506577] [ 5] /lib/x86_64-linux-gnu/libc.so.6(+0x8483c)[0x7fea6bbfe83c]
[hydra07:420799] [ 6] /lib/x86_64-linux-gnu/libc.so.6(__libc_calloc+0x81)[0x7f1188a97bd1]
[hydra11:374131] [12] /lib/x86_64-linux-gnu/libc.so.6(__libc_start_main+0xea)[0x7fe1c3d84d7a]
[hydra11:374131] [13] /home/thesis/jheld/MPI_Syrk_implementation/build/src/MPI_SYRK_implementation(+0x232a)[0x55bfa4e8432a]
[hydra08:396082] [ 9] /opt/mpi/openmpi-4.1.4//lib/libmpi.so.40(PMPI_Group_incl+0x95)[0x7f2a1eee7185]
[hydra10:506577] [ 6] /lib/x86_64-linux-gnu/libc.so.6(__libc_calloc+0x81)[0x7fea6bc00bd1]
[hydra07:420797] [ 9] /opt/mpi/openmpi-4.1.4//lib/libmpi.so.40(PMPI_Group_incl+0x95)[0x7fd087524185]
[hydra07:420797] [10] /home/thesis/jheld/MPI_Syrk_implementation/build/src/MPI_SYRK_implementation(+0x841a)[0x5631808c741a]
[hydra11:374131] *** End of error message ***
[hydra08:396082] [10] /home/thesis/jheld/MPI_Syrk_implementation/build/src/MPI_SYRK_implementation(+0x841a)[0x55bb7d0fc41a]
[hydra08:396082] [11] /home/thesis/jheld/MPI_Syrk_implementation/build/src/MPI_SYRK_implementation(+0x2ab0)[0x55bb7d0f6ab0]
[hydra10:506577] [ 7] /opt/mpi/openmpi-4.1.4//lib/libmpi.so.40(ompi_group_allocate+0x17)[0x7fea6dace1e7]
[hydra07:420797] [11] /home/thesis/jheld/MPI_Syrk_implementation/build/src/MPI_SYRK_implementation(+0x2ab0)[0x5631808c1ab0]
[hydra08:396082] [12] /lib/x86_64-linux-gnu/libc.so.6(__libc_start_main+0xea)[0x7f2a1cf85d7a]
[hydra08:396082] [13] /home/thesis/jheld/MPI_Syrk_implementation/build/src/MPI_SYRK_implementation(+0x232a)[0x55bb7d0f632a]
[hydra10:506577] [ 8] /opt/mpi/openmpi-4.1.4//lib/libmpi.so.40(ompi_group_incl_plist+0x65)[0x7fea6dace915]
[hydra07:420799] [ 7] /opt/mpi/openmpi-4.1.4//lib/libmpi.so.40(ompi_group_allocate+0x17)[0x7f118a9651e7]
[hydra08:396082] *** End of error message ***
[hydra10:506577] [ 9] /opt/mpi/openmpi-4.1.4//lib/libmpi.so.40(PMPI_Group_incl+0x95)[0x7fea6daff185]
[hydra10:506577] [10] /home/thesis/jheld/MPI_Syrk_implementation/build/src/MPI_SYRK_implementation(+0x841a)[0x5603658ad41a]
[hydra07:420797] [12] /lib/x86_64-linux-gnu/libc.so.6(__libc_start_main+0xea)[0x7fd0855c2d7a]
[hydra07:420797] [13] /home/thesis/jheld/MPI_Syrk_implementation/build/src/MPI_SYRK_implementation(+0x232a)[0x5631808c132a]
[hydra07:420797] *** End of error message ***
[hydra10:506577] [11] /home/thesis/jheld/MPI_Syrk_implementation/build/src/MPI_SYRK_implementation(+0x2ab0)[0x5603658a7ab0]
[hydra07:420799] [ 8] /opt/mpi/openmpi-4.1.4//lib/libmpi.so.40(ompi_group_incl_plist+0x65)[0x7f118a965915]
[hydra10:506577] [12] /lib/x86_64-linux-gnu/libc.so.6(__libc_start_main+0xea)[0x7fea6bb9dd7a]
[hydra10:506577] [13] /home/thesis/jheld/MPI_Syrk_implementation/build/src/MPI_SYRK_implementation(+0x232a)[0x5603658a732a]
[hydra10:506577] *** End of error message ***
[hydra07:420799] [ 9] /opt/mpi/openmpi-4.1.4//lib/libmpi.so.40(PMPI_Group_incl+0x95)[0x7f118a996185]
[hydra07:420799] [10] /home/thesis/jheld/MPI_Syrk_implementation/build/src/MPI_SYRK_implementation(+0x841a)[0x55b3b238641a]
[hydra07:420799] [11] /home/thesis/jheld/MPI_Syrk_implementation/build/src/MPI_SYRK_implementation(+0x2ab0)[0x55b3b2380ab0]
[hydra07:420799] [12] /lib/x86_64-linux-gnu/libc.so.6(__libc_start_main+0xea)[0x7f1188a34d7a]
[hydra07:420799] [13] /home/thesis/jheld/MPI_Syrk_implementation/build/src/MPI_SYRK_implementation(+0x232a)[0x55b3b238032a]
[hydra07:420799] *** End of error message ***
[hydra04:409782] [ 9] /opt/mpi/openmpi-4.1.4//lib/libmpi.so.40(PMPI_Group_incl+0x95)[0x7f7e792b0185]
[hydra04:409782] [10] /home/thesis/jheld/MPI_Syrk_implementation/build/src/MPI_SYRK_implementation(+0x841a)[0x55abd97cc41a]
[hydra04:409783] [12] /lib/x86_64-linux-gnu/libc.so.6(__libc_start_main+0xea)[0x7f530a7fed7a]
[hydra04:409783] [13] /home/thesis/jheld/MPI_Syrk_implementation/build/src/MPI_SYRK_implementation(+0x232a)[0x556bdc7b232a]
[hydra04:409783] *** End of error message ***
[hydra04:409782] [11] /home/thesis/jheld/MPI_Syrk_implementation/build/src/MPI_SYRK_implementation(+0x2ab0)[0x55abd97c6ab0]
[hydra04:409782] [12] /lib/x86_64-linux-gnu/libc.so.6(__libc_start_main+0xea)[0x7f7e7734ed7a]
[hydra04:409782] [13] /home/thesis/jheld/MPI_Syrk_implementation/build/src/MPI_SYRK_implementation(+0x232a)[0x55abd97c632a]
[hydra04:409782] *** End of error message ***
srun: error: hydra08: task 23: Aborted
srun: error: hydra05: task 13: Aborted
srun: error: hydra03: task 7: Aborted
srun: error: hydra09: task 25: Aborted
srun: error: hydra02: task 3: Aborted
srun: error: hydra10: task 27: Aborted
srun: error: hydra06: task 17: Aborted
srun: error: hydra12: task 33: Aborted
srun: error: hydra07: tasks 18,20: Aborted
srun: error: hydra11: tasks 30,32: Aborted
srun: error: hydra01: tasks 0-1: Aborted
srun: error: hydra04: tasks 9-10: Aborted
slurmstepd: error:  mpi/pmix_v4: _errhandler: hydra05 [4]: pmixp_client_v2.c:211: Error handler invoked: status = -61, source = [slurm.pmix.5008700.21:13]
slurmstepd: error: *** STEP 5008700.21 ON hydra01 CANCELLED AT 2025-10-13T15:38:28 ***
slurmstepd: error:  mpi/pmix_v4: _errhandler: hydra12 [11]: pmixp_client_v2.c:211: Error handler invoked: status = -61, source = [slurm.pmix.5008700.21:33]
slurmstepd: error:  mpi/pmix_v4: _errhandler: hydra06 [5]: pmixp_client_v2.c:211: Error handler invoked: status = -61, source = [slurm.pmix.5008700.21:17]
slurmstepd: error:  mpi/pmix_v4: _errhandler: hydra09 [8]: pmixp_client_v2.c:211: Error handler invoked: status = -61, source = [slurm.pmix.5008700.21:25]
srun: Job step aborted: Waiting up to 32 seconds for job step to finish.
slurmstepd: error:  mpi/pmix_v4: _errhandler: hydra02 [1]: pmixp_client_v2.c:211: Error handler invoked: status = -61, source = [slurm.pmix.5008700.21:3]
slurmstepd: error:  mpi/pmix_v4: _errhandler: hydra08 [7]: pmixp_client_v2.c:211: Error handler invoked: status = -61, source = [slurm.pmix.5008700.21:23]
slurmstepd: error:  mpi/pmix_v4: _errhandler: hydra03 [2]: pmixp_client_v2.c:211: Error handler invoked: status = -61, source = [slurm.pmix.5008700.21:7]
slurmstepd: error:  mpi/pmix_v4: _errhandler: hydra10 [9]: pmixp_client_v2.c:211: Error handler invoked: status = -61, source = [slurm.pmix.5008700.21:27]
slurmstepd: error:  mpi/pmix_v4: _errhandler: hydra11 [10]: pmixp_client_v2.c:211: Error handler invoked: status = -61, source = [slurm.pmix.5008700.21:32]
srun: error: hydra07: task 19: Killed
srun: error: hydra04: task 11: Killed
srun: error: hydra01: task 2: Killed
srun: error: hydra11: task 31: Killed
srun: error: hydra05: tasks 12,14: Killed
srun: error: hydra08: tasks 21-22: Killed
srun: error: hydra06: tasks 15-16: Killed
srun: error: hydra09: tasks 24,26: Killed
srun: error: hydra03: tasks 6,8: Killed
srun: error: hydra12: tasks 34-35: Killed
srun: error: hydra10: tasks 28-29: Killed
srun: error: hydra02: tasks 4-5: Killed
⚠️ Warning: No runtime found for run 22
srun: Warning: can't honor --ntasks-per-node set to 1 which doesn't match the requested tasks 36 with the number of requested nodes 12. Ignoring --ntasks-per-node.
missing input file name --> Generate random input
malloc(): invalid size (unsorted)
[hydra12:374144] *** Process received signal ***
[hydra12:374144] Signal: Aborted (6)
[hydra12:374144] Signal code:  (-6)
malloc(): invalid size (unsorted)
[hydra01:903089] *** Process received signal ***
[hydra01:903089] Signal: Aborted (6)
[hydra01:903089] Signal code:  (-6)
malloc(): invalid size (unsorted)
[hydra02:584325] *** Process received signal ***
[hydra02:584325] Signal: Aborted (6)
[hydra02:584325] Signal code:  (-6)
malloc(): invalid size (unsorted)
[hydra04:409845] *** Process received signal ***
[hydra04:409845] Signal: Aborted (6)
[hydra04:409845] Signal code:  (-6)
malloc(): invalid size (unsorted)
[hydra09:387111] *** Process received signal ***
[hydra09:387111] Signal: Aborted (6)
[hydra09:387111] Signal code:  (-6)
malloc(): invalid size (unsorted)
[hydra03:411115] *** Process received signal ***
[hydra03:411115] Signal: Aborted (6)
[hydra03:411115] Signal code:  (-6)
[hydra01:903089] [ 0] /lib/x86_64-linux-gnu/libc.so.6(+0x38de0)[0x7f1701179de0]
[hydra01:903089] [ 1] /lib/x86_64-linux-gnu/libc.so.6(gsignal+0x141)[0x7f1701179d61]
malloc(): invalid size (unsorted)
[hydra06:394467] *** Process received signal ***
[hydra06:394467] Signal: Aborted (6)
[hydra06:394467] Signal code:  (-6)
[hydra01:903089] [ 2] /lib/x86_64-linux-gnu/libc.so.6(abort+0x123)[0x7f1701163537]
malloc(): invalid size (unsorted)
[hydra07:420859] *** Process received signal ***
[hydra07:420859] Signal: Aborted (6)
[hydra07:420859] Signal code:  (-6)
[hydra03:411115] [ 0] /lib/x86_64-linux-gnu/libc.so.6(+0x38de0)[0x7f3d15e66de0]
[hydra01:903089] [ 3] /lib/x86_64-linux-gnu/libc.so.6(+0x7a468)[0x7f17011bb468]
malloc(): invalid size (unsorted)
malloc(): invalid size (unsorted)
[hydra11:374193] *** Process received signal ***
[hydra11:374193] Signal: Aborted (6)
[hydra11:374193] Signal code:  (-6)
[hydra12:374143] *** Process received signal ***
[hydra12:374143] Signal: Aborted (6)
[hydra12:374143] Signal code:  (-6)
[hydra03:411115] [ 1] /lib/x86_64-linux-gnu/libc.so.6(gsignal+0x141)[0x7f3d15e66d61]
[hydra01:903089] [ 4] /lib/x86_64-linux-gnu/libc.so.6(+0x8175a)[0x7f17011c275a]
[hydra12:374144] [ 0] /lib/x86_64-linux-gnu/libc.so.6(+0x38de0)[0x7f4314aa8de0]
[hydra01:903089] [ 5] /lib/x86_64-linux-gnu/libc.so.6(+0x8483c)[0x7f17011c583c]
[hydra12:374144] [ 1] /lib/x86_64-linux-gnu/libc.so.6(gsignal+0x141)[0x7f4314aa8d61]
[hydra12:374144] [ 2] /lib/x86_64-linux-gnu/libc.so.6(abort+0x123)[0x7f4314a92537]
[hydra03:411115] [ 2] /lib/x86_64-linux-gnu/libc.so.6(abort+0x123)[0x7f3d15e50537]
[hydra12:374143] [ 0] /lib/x86_64-linux-gnu/libc.so.6(+0x38de0)[0x7fde660ebde0]
[hydra01:903089] [ 6] /lib/x86_64-linux-gnu/libc.so.6(__libc_calloc+0x81)[0x7f17011c7bd1]
[hydra12:374144] [ 3] /lib/x86_64-linux-gnu/libc.so.6(+0x7a468)[0x7f4314aea468]
malloc(): invalid size (unsorted)
[hydra10:506645] *** Process received signal ***
[hydra10:506645] Signal: Aborted (6)
[hydra10:506645] Signal code:  (-6)
[hydra03:411115] [ 3] /lib/x86_64-linux-gnu/libc.so.6(+0x7a468)[0x7f3d15ea8468]
malloc(): invalid size (unsorted)
[hydra04:409844] *** Process received signal ***
[hydra01:903089] [ 7] /opt/mpi/openmpi-4.1.4//lib/libmpi.so.40(ompi_group_allocate+0x17)[0x7f17030951e7]
[hydra12:374143] [ 1] /lib/x86_64-linux-gnu/libc.so.6(gsignal+0x141)[0x7fde660ebd61]
[hydra04:409844] Signal: Aborted (6)
[hydra04:409844] Signal code:  (-6)
[hydra01:903089] [ 8] /opt/mpi/openmpi-4.1.4//lib/libmpi.so.40(ompi_group_incl_plist+0x65)[0x7f1703095915]
[hydra12:374144] [ 4] /lib/x86_64-linux-gnu/libc.so.6(+0x8175a)[0x7f4314af175a]
[hydra03:411115] [ 4] /lib/x86_64-linux-gnu/libc.so.6(+0x8175a)[0x7f3d15eaf75a]
[hydra04:409845] [ 0] /lib/x86_64-linux-gnu/libc.so.6(+0x38de0)[0x7f362fcaede0]
[hydra12:374143] [ 2] /lib/x86_64-linux-gnu/libc.so.6(abort+0x123)[0x7fde660d5537]
[hydra03:411115] [ 5] /lib/x86_64-linux-gnu/libc.so.6(+0x8483c)[0x7f3d15eb283c]
[hydra04:409845] [ 1] /lib/x86_64-linux-gnu/libc.so.6(gsignal+0x141)[0x7f362fcaed61]
[hydra01:903089] [ 9] /opt/mpi/openmpi-4.1.4//lib/libmpi.so.40(PMPI_Group_incl+0x95)[0x7f17030c6185]
[hydra01:903089] [10] /home/thesis/jheld/MPI_Syrk_implementation/build/src/MPI_SYRK_implementation(+0x841a)[0x564191bf941a]
[hydra12:374144] [ 5] /lib/x86_64-linux-gnu/libc.so.6(+0x8483c)[0x7f4314af483c]
[hydra03:411115] [ 6] /lib/x86_64-linux-gnu/libc.so.6(__libc_calloc+0x81)[0x7f3d15eb4bd1]
[hydra04:409844] [ 0] /lib/x86_64-linux-gnu/libc.so.6(+0x38de0)[0x7f1c55267de0]
[hydra01:903089] [11] /home/thesis/jheld/MPI_Syrk_implementation/build/src/MPI_SYRK_implementation(+0x2ab0)[0x564191bf3ab0]
[hydra12:374143] [ 3] /lib/x86_64-linux-gnu/libc.so.6(+0x7a468)[0x7fde6612d468]
[hydra12:374143] [ 4] /lib/x86_64-linux-gnu/libc.so.6(+0x8175a)[0x7fde6613475a]
[hydra04:409845] [ 2] /lib/x86_64-linux-gnu/libc.so.6(abort+0x123)[0x7f362fc98537]
[hydra01:903089] [12] /lib/x86_64-linux-gnu/libc.so.6(__libc_start_main+0xea)[0x7f1701164d7a]
[hydra01:903089] [13] /home/thesis/jheld/MPI_Syrk_implementation/build/src/MPI_SYRK_implementation(+0x232a)[0x564191bf332a]
[hydra12:374144] [ 6] /lib/x86_64-linux-gnu/libc.so.6(__libc_calloc+0x81)[0x7f4314af6bd1]
[hydra12:374144] [ 7] /opt/mpi/openmpi-4.1.4//lib/libmpi.so.40(ompi_group_allocate+0x17)[0x7f43169c41e7]
[hydra12:374144] [ 8] /opt/mpi/openmpi-4.1.4//lib/libmpi.so.40(ompi_group_incl_plist+0x65)[0x7f43169c4915]
[hydra03:411115] [ 7] /opt/mpi/openmpi-4.1.4//lib/libmpi.so.40(ompi_group_allocate+0x17)[0x7f3d17d821e7]
[hydra04:409844] [ 1] /lib/x86_64-linux-gnu/libc.so.6(gsignal+0x141)[0x7f1c55267d61]
[hydra01:903089] *** End of error message ***
[hydra02:584325] [ 0] /lib/x86_64-linux-gnu/libc.so.6(+0x38de0)[0x7fa68cedede0]
[hydra12:374143] [ 5] /lib/x86_64-linux-gnu/libc.so.6(+0x8483c)[0x7fde6613783c]
[hydra03:411115] [ 8] /opt/mpi/openmpi-4.1.4//lib/libmpi.so.40(ompi_group_incl_plist+0x65)[0x7f3d17d82915]
[hydra04:409845] [ 3] /lib/x86_64-linux-gnu/libc.so.6(+0x7a468)[0x7f362fcf0468]
[hydra02:584325] [ 1] /lib/x86_64-linux-gnu/libc.so.6(gsignal+0x141)[0x7fa68ceded61]
[hydra12:374144] [ 9] /opt/mpi/openmpi-4.1.4//lib/libmpi.so.40(PMPI_Group_incl+0x95)[0x7f43169f5185]
[hydra12:374144] [10] /home/thesis/jheld/MPI_Syrk_implementation/build/src/MPI_SYRK_implementation(+0x841a)[0x5638084a241a]
[hydra12:374144] [11] /home/thesis/jheld/MPI_Syrk_implementation/build/src/MPI_SYRK_implementation(+0x2ab0)[0x56380849cab0]
[hydra03:411115] [ 9] /opt/mpi/openmpi-4.1.4//lib/libmpi.so.40(PMPI_Group_incl+0x95)[0x7f3d17db3185]
[hydra04:409844] [ 2] /lib/x86_64-linux-gnu/libc.so.6(abort+0x123)[0x7f1c55251537]
[hydra02:584325] [ 2] /lib/x86_64-linux-gnu/libc.so.6(abort+0x123)[0x7fa68cec8537]
[hydra12:374143] [ 6] /lib/x86_64-linux-gnu/libc.so.6(__libc_calloc+0x81)[0x7fde66139bd1]
[hydra03:411115] [10] /home/thesis/jheld/MPI_Syrk_implementation/build/src/MPI_SYRK_implementation(+0x841a)[0x561c0072e41a]
[hydra03:411115] [11] /home/thesis/jheld/MPI_Syrk_implementation/build/src/MPI_SYRK_implementation(+0x2ab0)[0x561c00728ab0]
[hydra04:409845] [ 4] /lib/x86_64-linux-gnu/libc.so.6(+0x8175a)[0x7f362fcf775a]
[hydra02:584325] [ 3] /lib/x86_64-linux-gnu/libc.so.6(+0x7a468)[0x7fa68cf20468]
[hydra12:374144] [12] /lib/x86_64-linux-gnu/libc.so.6(__libc_start_main+0xea)[0x7f4314a93d7a]
[hydra12:374144] [13] /home/thesis/jheld/MPI_Syrk_implementation/build/src/MPI_SYRK_implementation(+0x232a)[0x56380849c32a]
[hydra12:374144] *** End of error message ***
[hydra03:411115] [12] /lib/x86_64-linux-gnu/libc.so.6(__libc_start_main+0xea)[0x7f3d15e51d7a]
[hydra04:409844] [ 3] /lib/x86_64-linux-gnu/libc.so.6(+0x7a468)[0x7f1c552a9468]
[hydra06:394467] [ 0] /lib/x86_64-linux-gnu/libc.so.6(+0x38de0)[0x7fd2f4020de0]
malloc(): invalid size (unsorted)
[hydra02:584325] [ 4] /lib/x86_64-linux-gnu/libc.so.6(+0x8175a)[0x7fa68cf2775a]
[hydra12:374143] [ 7] /opt/mpi/openmpi-4.1.4//lib/libmpi.so.40(ompi_group_allocate+0x17)[0x7fde680071e7]
[hydra12:374143] [ 8] /opt/mpi/openmpi-4.1.4//lib/libmpi.so.40(ompi_group_incl_plist+0x65)[0x7fde68007915]
[hydra03:411115] [13] /home/thesis/jheld/MPI_Syrk_implementation/build/src/MPI_SYRK_implementation(+0x232a)[0x561c0072832a]
[hydra03:411115] *** End of error message ***
[hydra04:409845] [ 5] /lib/x86_64-linux-gnu/libc.so.6(+0x8483c)[0x7f362fcfa83c]
[hydra06:394467] [ 1] /lib/x86_64-linux-gnu/libc.so.6(gsignal+0x141)[0x7fd2f4020d61]
[hydra07:420861] *** Process received signal ***
[hydra02:584325] [ 5] /lib/x86_64-linux-gnu/libc.so.6(+0x8483c)[0x7fa68cf2a83c]
[hydra12:374143] [ 9] /opt/mpi/openmpi-4.1.4//lib/libmpi.so.40(PMPI_Group_incl+0x95)[0x7fde68038185]
[hydra12:374143] [10] /home/thesis/jheld/MPI_Syrk_implementation/build/src/MPI_SYRK_implementation(+0x841a)[0x5625f402b41a]
[hydra04:409844] [ 4] /lib/x86_64-linux-gnu/libc.so.6(+0x8175a)[0x7f1c552b075a]
[hydra09:387111] [ 0] /lib/x86_64-linux-gnu/libc.so.6(+0x38de0)[0x7f07aed4ade0]
[hydra06:394467] [ 2] /lib/x86_64-linux-gnu/libc.so.6(abort+0x123)[0x7fd2f400a537]
[hydra07:420859] [ 0] /lib/x86_64-linux-gnu/libc.so.6(+0x38de0)[0x7f9b472ebde0]
[hydra02:584325] [ 6] /lib/x86_64-linux-gnu/libc.so.6(__libc_calloc+0x81)[0x7fa68cf2cbd1]
[hydra12:374143] [11] /home/thesis/jheld/MPI_Syrk_implementation/build/src/MPI_SYRK_implementation(+0x2ab0)[0x5625f4025ab0]
[hydra04:409845] [ 6] /lib/x86_64-linux-gnu/libc.so.6(__libc_calloc+0x81)[0x7f362fcfcbd1]
[hydra09:387111] [ 1] /lib/x86_64-linux-gnu/libc.so.6(gsignal+0x141)[0x7f07aed4ad61]
[hydra06:394467] [ 3] /lib/x86_64-linux-gnu/libc.so.6(+0x7a468)[0x7fd2f4062468]
[hydra07:420861] Signal: Aborted (6)
[hydra07:420861] Signal code:  (-6)
[hydra02:584325] [ 7] /opt/mpi/openmpi-4.1.4//lib/libmpi.so.40(ompi_group_allocate+0x17)[0x7fa68edfa1e7]
[hydra12:374143] [12] /lib/x86_64-linux-gnu/libc.so.6(__libc_start_main+0xea)[0x7fde660d6d7a]
[hydra04:409844] [ 5] /lib/x86_64-linux-gnu/libc.so.6(+0x8483c)[0x7f1c552b383c]
[hydra09:387111] [ 2] /lib/x86_64-linux-gnu/libc.so.6(abort+0x123)[0x7f07aed34537]
[hydra06:394467] [ 4] /lib/x86_64-linux-gnu/libc.so.6(+0x8175a)[0x7fd2f406975a]
[hydra11:374193] [ 0] /lib/x86_64-linux-gnu/libc.so.6(+0x38de0)[0x7f37e3f22de0]
[hydra07:420859] [ 1] /lib/x86_64-linux-gnu/libc.so.6(gsignal+0x141)[0x7f9b472ebd61]
[hydra02:584325] [ 8] /opt/mpi/openmpi-4.1.4//lib/libmpi.so.40(ompi_group_incl_plist+0x65)[0x7fa68edfa915]
[hydra12:374143] [13] /home/thesis/jheld/MPI_Syrk_implementation/build/src/MPI_SYRK_implementation(+0x232a)[0x5625f402532a]
[hydra12:374143] *** End of error message ***
[hydra10:506645] [ 0] /lib/x86_64-linux-gnu/libc.so.6(+0x38de0)[0x7fadd52e1de0]
[hydra04:409845] [ 7] /opt/mpi/openmpi-4.1.4//lib/libmpi.so.40(ompi_group_allocate+0x17)[0x7f3631bca1e7]
[hydra09:387111] [ 3] /lib/x86_64-linux-gnu/libc.so.6(+0x7a468)[0x7f07aed8c468]
[hydra06:394467] [ 5] /lib/x86_64-linux-gnu/libc.so.6(+0x8483c)[0x7fd2f406c83c]
[hydra11:374193] [ 1] /lib/x86_64-linux-gnu/libc.so.6(gsignal+0x141)[0x7f37e3f22d61]
[hydra07:420859] [ 2] /lib/x86_64-linux-gnu/libc.so.6(abort+0x123)[0x7f9b472d5537]
[hydra02:584325] [ 9] /opt/mpi/openmpi-4.1.4//lib/libmpi.so.40(PMPI_Group_incl+0x95)[0x7fa68ee2b185]
[hydra02:584325] [10] /home/thesis/jheld/MPI_Syrk_implementation/build/src/MPI_SYRK_implementation(+0x841a)[0x55b37907441a]
[hydra10:506645] [ 1] /lib/x86_64-linux-gnu/libc.so.6(gsignal+0x141)[0x7fadd52e1d61]
[hydra04:409844] [ 6] /lib/x86_64-linux-gnu/libc.so.6(__libc_calloc+0x81)[0x7f1c552b5bd1]
[hydra09:387111] [ 4] /lib/x86_64-linux-gnu/libc.so.6(+0x8175a)[0x7f07aed9375a]
[hydra06:394467] [ 6] /lib/x86_64-linux-gnu/libc.so.6(__libc_calloc+0x81)[0x7fd2f406ebd1]
[hydra11:374193] [ 2] /lib/x86_64-linux-gnu/libc.so.6(abort+0x123)[0x7f37e3f0c537]
[hydra07:420859] [ 3] /lib/x86_64-linux-gnu/libc.so.6(+0x7a468)[0x7f9b4732d468]
[hydra02:584325] [11] /home/thesis/jheld/MPI_Syrk_implementation/build/src/MPI_SYRK_implementation(+0x2ab0)[0x55b37906eab0]
[hydra10:506645] [ 2] /lib/x86_64-linux-gnu/libc.so.6(abort+0x123)[0x7fadd52cb537]
[hydra04:409845] [ 8] /opt/mpi/openmpi-4.1.4//lib/libmpi.so.40(ompi_group_incl_plist+0x65)[0x7f3631bca915]
[hydra09:387111] [ 5] /lib/x86_64-linux-gnu/libc.so.6(+0x8483c)[0x7f07aed9683c]
[hydra06:394467] [ 7] /opt/mpi/openmpi-4.1.4//lib/libmpi.so.40(ompi_group_allocate+0x17)[0x7fd2f5f3c1e7]
[hydra11:374193] [ 3] /lib/x86_64-linux-gnu/libc.so.6(+0x7a468)[0x7f37e3f64468]
[hydra07:420859] [ 4] /lib/x86_64-linux-gnu/libc.so.6(+0x8175a)[0x7f9b4733475a]
[hydra02:584325] [12] /lib/x86_64-linux-gnu/libc.so.6(__libc_start_main+0xea)[0x7fa68cec9d7a]
[hydra02:584325] [13] /home/thesis/jheld/MPI_Syrk_implementation/build/src/MPI_SYRK_implementation(+0x232a)[0x55b37906e32a]
[hydra10:506645] [ 3] /lib/x86_64-linux-gnu/libc.so.6(+0x7a468)[0x7fadd5323468]
[hydra04:409844] [ 7] /opt/mpi/openmpi-4.1.4//lib/libmpi.so.40(ompi_group_allocate+0x17)[0x7f1c571831e7]
[hydra09:387111] [ 6] /lib/x86_64-linux-gnu/libc.so.6(__libc_calloc+0x81)[0x7f07aed98bd1]
[hydra06:394467] [ 8] /opt/mpi/openmpi-4.1.4//lib/libmpi.so.40(ompi_group_incl_plist+0x65)[0x7fd2f5f3c915]
[hydra11:374193] [ 4] /lib/x86_64-linux-gnu/libc.so.6(+0x8175a)[0x7f37e3f6b75a]
[hydra07:420861] [ 0] /lib/x86_64-linux-gnu/libc.so.6(+0x38de0)[0x7f8a0319bde0]
[hydra02:584325] *** End of error message ***
[hydra10:506645] [ 4] /lib/x86_64-linux-gnu/libc.so.6(+0x8175a)[0x7fadd532a75a]
[hydra04:409845] [ 9] /opt/mpi/openmpi-4.1.4//lib/libmpi.so.40(PMPI_Group_incl+0x95)[0x7f3631bfb185]
[hydra04:409845] [10] /home/thesis/jheld/MPI_Syrk_implementation/build/src/MPI_SYRK_implementation(+0x841a)[0x559d9c0b341a]
[hydra04:409845] [11] /home/thesis/jheld/MPI_Syrk_implementation/build/src/MPI_SYRK_implementation(+0x2ab0)[0x559d9c0adab0]
[hydra09:387111] [ 7] /opt/mpi/openmpi-4.1.4//lib/libmpi.so.40(ompi_group_allocate+0x17)[0x7f07b0c661e7]
[hydra06:394467] [ 9] /opt/mpi/openmpi-4.1.4//lib/libmpi.so.40(PMPI_Group_incl+0x95)[0x7fd2f5f6d185]
[hydra06:394467] [10] /home/thesis/jheld/MPI_Syrk_implementation/build/src/MPI_SYRK_implementation(+0x841a)[0x557b4aa8641a]
[hydra11:374193] [ 5] /lib/x86_64-linux-gnu/libc.so.6(+0x8483c)[0x7f37e3f6e83c]
[hydra07:420861] [ 1] /lib/x86_64-linux-gnu/libc.so.6(gsignal+0x141)[0x7f8a0319bd61]
[hydra10:506645] [ 5] /lib/x86_64-linux-gnu/libc.so.6(+0x8483c)[0x7fadd532d83c]
[hydra04:409844] [ 8] /opt/mpi/openmpi-4.1.4//lib/libmpi.so.40(ompi_group_incl_plist+0x65)[0x7f1c57183915]
[hydra09:387111] [ 8] /opt/mpi/openmpi-4.1.4//lib/libmpi.so.40(ompi_group_incl_plist+0x65)[0x7f07b0c66915]
[hydra06:394467] [11] /home/thesis/jheld/MPI_Syrk_implementation/build/src/MPI_SYRK_implementation(+0x2ab0)[0x557b4aa80ab0]
[hydra11:374193] [ 6] /lib/x86_64-linux-gnu/libc.so.6(__libc_calloc+0x81)[0x7f37e3f70bd1]
[hydra07:420859] [ 5] /lib/x86_64-linux-gnu/libc.so.6(+0x8483c)[0x7f9b4733783c]
[hydra10:506645] [ 6] /lib/x86_64-linux-gnu/libc.so.6(__libc_calloc+0x81)[0x7fadd532fbd1]
[hydra04:409845] [12] /lib/x86_64-linux-gnu/libc.so.6(__libc_start_main+0xea)[0x7f362fc99d7a]
[hydra09:387111] [ 9] /opt/mpi/openmpi-4.1.4//lib/libmpi.so.40(PMPI_Group_incl+0x95)[0x7f07b0c97185]
[hydra09:387111] [10] /home/thesis/jheld/MPI_Syrk_implementation/build/src/MPI_SYRK_implementation(+0x841a)[0x56497801e41a]
[hydra06:394467] [12] /lib/x86_64-linux-gnu/libc.so.6(__libc_start_main+0xea)[0x7fd2f400bd7a]
[hydra06:394467] [13] /home/thesis/jheld/MPI_Syrk_implementation/build/src/MPI_SYRK_implementation(+0x232a)[0x557b4aa8032a]
[hydra11:374193] [ 7] /opt/mpi/openmpi-4.1.4//lib/libmpi.so.40(ompi_group_allocate+0x17)[0x7f37e5e3e1e7]
[hydra07:420861] [ 2] /lib/x86_64-linux-gnu/libc.so.6(abort+0x123)[0x7f8a03185537]
[hydra10:506645] [ 7] /opt/mpi/openmpi-4.1.4//lib/libmpi.so.40(ompi_group_allocate+0x17)[0x7fadd71fd1e7]
[hydra09:387111] [11] /home/thesis/jheld/MPI_Syrk_implementation/build/src/MPI_SYRK_implementation(+0x2ab0)[0x564978018ab0]
[hydra06:394467] *** End of error message ***
[hydra11:374193] [ 8] /opt/mpi/openmpi-4.1.4//lib/libmpi.so.40(ompi_group_incl_plist+0x65)[0x7f37e5e3e915]
[hydra07:420859] [ 6] /lib/x86_64-linux-gnu/libc.so.6(__libc_calloc+0x81)[0x7f9b47339bd1]
[hydra10:506645] [ 8] /opt/mpi/openmpi-4.1.4//lib/libmpi.so.40(ompi_group_incl_plist+0x65)[0x7fadd71fd915]
[hydra09:387111] [12] /lib/x86_64-linux-gnu/libc.so.6(__libc_start_main+0xea)[0x7f07aed35d7a]
[hydra09:387111] [13] /home/thesis/jheld/MPI_Syrk_implementation/build/src/MPI_SYRK_implementation(+0x232a)[0x56497801832a]
[hydra11:374193] [ 9] /opt/mpi/openmpi-4.1.4//lib/libmpi.so.40(PMPI_Group_incl+0x95)[0x7f37e5e6f185]
[hydra07:420859] [ 7] /opt/mpi/openmpi-4.1.4//lib/libmpi.so.40(ompi_group_allocate+0x17)[0x7f9b492071e7]
[hydra07:420859] [ 8] /opt/mpi/openmpi-4.1.4//lib/libmpi.so.40(ompi_group_incl_plist+0x65)[0x7f9b49207915]
[hydra07:420859] [ 9] /opt/mpi/openmpi-4.1.4//lib/libmpi.so.40(PMPI_Group_incl+0x95)[0x7f9b49238185]
[hydra10:506645] [ 9] /opt/mpi/openmpi-4.1.4//lib/libmpi.so.40(PMPI_Group_incl+0x95)[0x7fadd722e185]
[hydra09:387111] *** End of error message ***
[hydra11:374193] [10] /home/thesis/jheld/MPI_Syrk_implementation/build/src/MPI_SYRK_implementation(+0x841a)[0x561055b9b41a]
[hydra11:374193] [11] /home/thesis/jheld/MPI_Syrk_implementation/build/src/MPI_SYRK_implementation(+0x2ab0)[0x561055b95ab0]
[hydra07:420861] [ 3] /lib/x86_64-linux-gnu/libc.so.6(+0x7a468)[0x7f8a031dd468]
[hydra07:420861] [ 4] /lib/x86_64-linux-gnu/libc.so.6(+0x8175a)[0x7f8a031e475a]
[hydra07:420861] [ 5] /lib/x86_64-linux-gnu/libc.so.6(+0x8483c)[0x7f8a031e783c]
[hydra10:506645] [10] /home/thesis/jheld/MPI_Syrk_implementation/build/src/MPI_SYRK_implementation(+0x841a)[0x5563f097941a]
[hydra10:506645] [11] /home/thesis/jheld/MPI_Syrk_implementation/build/src/MPI_SYRK_implementation(+0x2ab0)[0x5563f0973ab0]
[hydra11:374193] [12] /lib/x86_64-linux-gnu/libc.so.6(__libc_start_main+0xea)[0x7f37e3f0dd7a]
[hydra11:374193] [13] /home/thesis/jheld/MPI_Syrk_implementation/build/src/MPI_SYRK_implementation(+0x232a)[0x561055b9532a]
[hydra07:420859] [10] /home/thesis/jheld/MPI_Syrk_implementation/build/src/MPI_SYRK_implementation(+0x841a)[0x563b0e2cb41a]
[hydra07:420859] [11] /home/thesis/jheld/MPI_Syrk_implementation/build/src/MPI_SYRK_implementation(+0x2ab0)[0x563b0e2c5ab0]
[hydra07:420859] [12] /lib/x86_64-linux-gnu/libc.so.6(__libc_start_main+0xea)[0x7f9b472d6d7a]
[hydra07:420859] [13] /home/thesis/jheld/MPI_Syrk_implementation/build/src/MPI_SYRK_implementation(+0x232a)[0x563b0e2c532a]
[hydra07:420859] *** End of error message ***
[hydra10:506645] [12] /lib/x86_64-linux-gnu/libc.so.6(__libc_start_main+0xea)[0x7fadd52ccd7a]
[hydra10:506645] [13] /home/thesis/jheld/MPI_Syrk_implementation/build/src/MPI_SYRK_implementation(+0x232a)[0x5563f097332a]
[hydra11:374193] *** End of error message ***
[hydra07:420861] [ 6] /lib/x86_64-linux-gnu/libc.so.6(__libc_calloc+0x81)[0x7f8a031e9bd1]
[hydra10:506645] *** End of error message ***
[hydra07:420861] [ 7] /opt/mpi/openmpi-4.1.4//lib/libmpi.so.40(ompi_group_allocate+0x17)[0x7f8a050b71e7]
[hydra07:420861] [ 8] /opt/mpi/openmpi-4.1.4//lib/libmpi.so.40(ompi_group_incl_plist+0x65)[0x7f8a050b7915]
[hydra07:420861] [ 9] /opt/mpi/openmpi-4.1.4//lib/libmpi.so.40(PMPI_Group_incl+0x95)[0x7f8a050e8185]
[hydra07:420861] [10] /home/thesis/jheld/MPI_Syrk_implementation/build/src/MPI_SYRK_implementation(+0x841a)[0x565450d8f41a]
[hydra07:420861] [11] /home/thesis/jheld/MPI_Syrk_implementation/build/src/MPI_SYRK_implementation(+0x2ab0)[0x565450d89ab0]
[hydra07:420861] [12] /lib/x86_64-linux-gnu/libc.so.6(__libc_start_main+0xea)[0x7f8a03186d7a]
[hydra07:420861] [13] /home/thesis/jheld/MPI_Syrk_implementation/build/src/MPI_SYRK_implementation(+0x232a)[0x565450d8932a]
[hydra07:420861] *** End of error message ***
[hydra04:409845] [13] /home/thesis/jheld/MPI_Syrk_implementation/build/src/MPI_SYRK_implementation(+0x232a)[0x559d9c0ad32a]
[hydra04:409845] *** End of error message ***
[hydra04:409844] [ 9] /opt/mpi/openmpi-4.1.4//lib/libmpi.so.40(PMPI_Group_incl+0x95)[0x7f1c571b4185]
[hydra04:409844] [10] /home/thesis/jheld/MPI_Syrk_implementation/build/src/MPI_SYRK_implementation(+0x841a)[0x5610adb9341a]
[hydra04:409844] [11] /home/thesis/jheld/MPI_Syrk_implementation/build/src/MPI_SYRK_implementation(+0x2ab0)[0x5610adb8dab0]
[hydra04:409844] [12] /lib/x86_64-linux-gnu/libc.so.6(__libc_start_main+0xea)[0x7f1c55252d7a]
[hydra04:409844] [13] /home/thesis/jheld/MPI_Syrk_implementation/build/src/MPI_SYRK_implementation(+0x232a)[0x5610adb8d32a]
[hydra04:409844] *** End of error message ***
srun: error: hydra11: task 30: Aborted
srun: error: hydra09: task 25: Aborted
srun: error: hydra02: task 5: Aborted
srun: error: hydra10: task 29: Aborted
srun: error: hydra03: task 7: Aborted
srun: error: hydra06: task 15: Aborted
srun: error: hydra01: task 2: Aborted
srun: error: hydra07: tasks 18,20: Aborted
srun: error: hydra04: tasks 9-10: Aborted
srun: error: hydra12: tasks 33-34: Aborted
slurmstepd: error:  mpi/pmix_v4: _errhandler: hydra09 [8]: pmixp_client_v2.c:211: Error handler invoked: status = -61, source = [slurm.pmix.5008700.22:25]
slurmstepd: error:  mpi/pmix_v4: _errhandler: hydra01 [0]: pmixp_client_v2.c:211: Error handler invoked: status = -61, source = [slurm.pmix.5008700.22:2]
slurmstepd: error:  mpi/pmix_v4: _errhandler: hydra06 [5]: pmixp_client_v2.c:211: Error handler invoked: status = -61, source = [slurm.pmix.5008700.22:15]
slurmstepd: error:  mpi/pmix_v4: _errhandler: hydra11 [10]: pmixp_client_v2.c:211: Error handler invoked: status = -61, source = [slurm.pmix.5008700.22:30]
slurmstepd: error:  mpi/pmix_v4: _errhandler: hydra02 [1]: pmixp_client_v2.c:211: Error handler invoked: status = -61, source = [slurm.pmix.5008700.22:5]
slurmstepd: error:  mpi/pmix_v4: _errhandler: hydra10 [9]: pmixp_client_v2.c:211: Error handler invoked: status = -61, source = [slurm.pmix.5008700.22:29]
slurmstepd: error:  mpi/pmix_v4: _errhandler: hydra04 [3]: pmixp_client_v2.c:211: Error handler invoked: status = -61, source = [slurm.pmix.5008700.22:9]
slurmstepd: error:  mpi/pmix_v4: _errhandler: hydra12 [11]: pmixp_client_v2.c:211: Error handler invoked: status = -61, source = [slurm.pmix.5008700.22:34]
slurmstepd: error:  mpi/pmix_v4: _errhandler: hydra07 [6]: pmixp_client_v2.c:211: Error handler invoked: status = -61, source = [slurm.pmix.5008700.22:18]
slurmstepd: error:  mpi/pmix_v4: _errhandler: hydra03 [2]: pmixp_client_v2.c:211: Error handler invoked: status = -61, source = [slurm.pmix.5008700.22:7]
slurmstepd: error: *** STEP 5008700.22 ON hydra01 CANCELLED AT 2025-10-13T15:38:29 ***
srun: Job step aborted: Waiting up to 32 seconds for job step to finish.
srun: error: hydra04: task 11: Killed
srun: error: hydra12: task 35: Killed
srun: error: hydra07: task 19: Killed
srun: error: hydra06: tasks 16-17: Killed
srun: error: hydra03: tasks 6,8: Killed
srun: error: hydra11: tasks 31-32: Killed
srun: error: hydra08: tasks 21-23: Killed
srun: error: hydra02: tasks 3-4: Killed
srun: error: hydra09: tasks 24,26: Killed
srun: error: hydra10: tasks 27-28: Killed
srun: error: hydra01: tasks 0-1: Killed
srun: error: hydra05: tasks 12-14: Killed
⚠️ Warning: No runtime found for run 23
srun: Warning: can't honor --ntasks-per-node set to 1 which doesn't match the requested tasks 36 with the number of requested nodes 12. Ignoring --ntasks-per-node.
missing input file name --> Generate random input
malloc(): invalid size (unsorted)
[hydra12:374210] *** Process received signal ***
[hydra12:374210] Signal: Aborted (6)
[hydra12:374210] Signal code:  (-6)
malloc(): invalid size (unsorted)
[hydra01:903180] *** Process received signal ***
[hydra01:903180] Signal: Aborted (6)
[hydra01:903180] Signal code:  (-6)
malloc(): invalid size (unsorted)
[hydra05:393860] *** Process received signal ***
[hydra05:393860] Signal: Aborted (6)
[hydra05:393860] Signal code:  (-6)
malloc(): invalid size (unsorted)
[hydra06:394533] *** Process received signal ***
[hydra06:394533] Signal: Aborted (6)
[hydra06:394533] Signal code:  (-6)
[hydra01:903180] [ 0] /lib/x86_64-linux-gnu/libc.so.6(+0x38de0)[0x7f8a2c612de0]
malloc(): invalid size (unsorted)
[hydra04:409910] *** Process received signal ***
[hydra04:409910] Signal: Aborted (6)
[hydra04:409910] Signal code:  (-6)
malloc(): invalid size (unsorted)
[hydra02:584402] *** Process received signal ***
[hydra02:584402] Signal: Aborted (6)
[hydra02:584402] Signal code:  (-6)
[hydra01:903180] [ 1] /lib/x86_64-linux-gnu/libc.so.6(gsignal+0x141)[0x7f8a2c612d61]
[hydra05:393860] [ 0] /lib/x86_64-linux-gnu/libc.so.6(+0x38de0)[0x7fe465f48de0]
malloc(): invalid size (unsorted)
[hydra09:387176] *** Process received signal ***
[hydra09:387176] Signal: Aborted (6)
[hydra09:387176] Signal code:  (-6)
malloc(): invalid size (unsorted)
[hydra07:420924] *** Process received signal ***
[hydra07:420924] Signal: Aborted (6)
[hydra07:420924] Signal code:  (-6)
[hydra01:903180] [ 2] /lib/x86_64-linux-gnu/libc.so.6(abort+0x123)[0x7f8a2c5fc537]
malloc(): invalid size (unsorted)
[hydra03:411180] *** Process received signal ***
[hydra03:411180] Signal: Aborted (6)
[hydra03:411180] Signal code:  (-6)
malloc(): invalid size (unsorted)
[hydra04:409909] *** Process received signal ***
[hydra04:409909] Signal: Aborted (6)
[hydra04:409909] Signal code:  (-6)
[hydra05:393860] [ 1] /lib/x86_64-linux-gnu/libc.so.6(gsignal+0x141)[0x7fe465f48d61]
[hydra01:903180] [ 3] /lib/x86_64-linux-gnu/libc.so.6(+0x7a468)[0x7f8a2c654468]
[hydra04:409910] [ 0] /lib/x86_64-linux-gnu/libc.so.6(+0x38de0)[0x7f010438cde0]
[hydra05:393860] [ 2] /lib/x86_64-linux-gnu/libc.so.6(abort+0x123)[0x7fe465f32537]
malloc(): invalid size (unsorted)
[hydra08:396208] *** Process received signal ***
[hydra01:903180] [ 4] /lib/x86_64-linux-gnu/libc.so.6(+0x8175a)[0x7f8a2c65b75a]
[hydra04:409910] [ 1] /lib/x86_64-linux-gnu/libc.so.6(gsignal+0x141)[0x7f010438cd61]
[hydra05:393860] [ 3] /lib/x86_64-linux-gnu/libc.so.6(+0x7a468)[0x7fe465f8a468]
[hydra12:374210] [ 0] /lib/x86_64-linux-gnu/libc.so.6(+0x38de0)[0x7f042aa9cde0]
[hydra01:903180] [ 5] /lib/x86_64-linux-gnu/libc.so.6(+0x8483c)[0x7f8a2c65e83c]
[hydra04:409909] [ 0] /lib/x86_64-linux-gnu/libc.so.6(+0x38de0)[0x7f4665bc3de0]
[hydra05:393860] [ 4] /lib/x86_64-linux-gnu/libc.so.6(+0x8175a)[0x7fe465f9175a]
[hydra12:374210] [ 1] /lib/x86_64-linux-gnu/libc.so.6(gsignal+0x141)[0x7f042aa9cd61]
[hydra01:903180] [ 6] /lib/x86_64-linux-gnu/libc.so.6(__libc_calloc+0x81)[0x7f8a2c660bd1]
[hydra04:409910] [ 2] /lib/x86_64-linux-gnu/libc.so.6(abort+0x123)[0x7f0104376537]
[hydra05:393860] [ 5] /lib/x86_64-linux-gnu/libc.so.6(+0x8483c)[0x7fe465f9483c]
malloc(): invalid size (unsorted)
[hydra11:374259] *** Process received signal ***
[hydra11:374259] Signal: Aborted (6)
[hydra11:374259] Signal code:  (-6)
[hydra12:374210] [ 2] /lib/x86_64-linux-gnu/libc.so.6(abort+0x123)[0x7f042aa86537]
[hydra01:903180] [ 7] /opt/mpi/openmpi-4.1.4//lib/libmpi.so.40(ompi_group_allocate+0x17)[0x7f8a2e52e1e7]
[hydra04:409909] [ 1] /lib/x86_64-linux-gnu/libc.so.6(gsignal+0x141)[0x7f4665bc3d61]
[hydra05:393860] [ 6] /lib/x86_64-linux-gnu/libc.so.6(__libc_calloc+0x81)[0x7fe465f96bd1]
[hydra12:374210] [ 3] /lib/x86_64-linux-gnu/libc.so.6(+0x7a468)[0x7f042aade468]
malloc(): invalid size (unsorted)
[hydra10:506712] *** Process received signal ***
[hydra10:506712] Signal: Aborted (6)
[hydra10:506712] Signal code:  (-6)
[hydra01:903180] [ 8] /opt/mpi/openmpi-4.1.4//lib/libmpi.so.40(ompi_group_incl_plist+0x65)[0x7f8a2e52e915]
[hydra04:409910] [ 3] /lib/x86_64-linux-gnu/libc.so.6(+0x7a468)[0x7f01043ce468]
[hydra05:393860] [ 7] /opt/mpi/openmpi-4.1.4//lib/libmpi.so.40(ompi_group_allocate+0x17)[0x7fe467e641e7]
[hydra12:374210] [ 4] /lib/x86_64-linux-gnu/libc.so.6(+0x8175a)[0x7f042aae575a]
[hydra01:903180] [ 9] /opt/mpi/openmpi-4.1.4//lib/libmpi.so.40(PMPI_Group_incl+0x95)[0x7f8a2e55f185]
[hydra04:409909] [ 2] /lib/x86_64-linux-gnu/libc.so.6(abort+0x123)[0x7f4665bad537]
[hydra05:393860] [ 8] /opt/mpi/openmpi-4.1.4//lib/libmpi.so.40(ompi_group_incl_plist+0x65)[0x7fe467e64915]
[hydra12:374210] [ 5] /lib/x86_64-linux-gnu/libc.so.6(+0x8483c)[0x7f042aae883c]
[hydra01:903180] [10] /home/thesis/jheld/MPI_Syrk_implementation/build/src/MPI_SYRK_implementation(+0x841a)[0x56331dacf41a]
[hydra01:903180] [11] /home/thesis/jheld/MPI_Syrk_implementation/build/src/MPI_SYRK_implementation(+0x2ab0)[0x56331dac9ab0]
[hydra04:409909] [ 3] /lib/x86_64-linux-gnu/libc.so.6(+0x7a468)[0x7f4665c05468]
[hydra05:393860] [ 9] /opt/mpi/openmpi-4.1.4//lib/libmpi.so.40(PMPI_Group_incl+0x95)[0x7fe467e95185]
[hydra05:393860] [10] /home/thesis/jheld/MPI_Syrk_implementation/build/src/MPI_SYRK_implementation(+0x841a)[0x560df09f841a]
[hydra12:374210] [ 6] /lib/x86_64-linux-gnu/libc.so.6(__libc_calloc+0x81)[0x7f042aaeabd1]
[hydra01:903180] [12] /lib/x86_64-linux-gnu/libc.so.6(__libc_start_main+0xea)[0x7f8a2c5fdd7a]
[hydra01:903180] [13] /home/thesis/jheld/MPI_Syrk_implementation/build/src/MPI_SYRK_implementation(+0x232a)[0x56331dac932a]
[hydra04:409910] [ 4] /lib/x86_64-linux-gnu/libc.so.6(+0x8175a)[0x7f01043d575a]
[hydra05:393860] [11] /home/thesis/jheld/MPI_Syrk_implementation/build/src/MPI_SYRK_implementation(+0x2ab0)[0x560df09f2ab0]
[hydra12:374210] [ 7] /opt/mpi/openmpi-4.1.4//lib/libmpi.so.40(ompi_group_allocate+0x17)[0x7f042c9b81e7]
[hydra01:903180] *** End of error message ***
[hydra04:409910] [ 5] /lib/x86_64-linux-gnu/libc.so.6(+0x8483c)[0x7f01043d883c]
[hydra05:393860] [12] /lib/x86_64-linux-gnu/libc.so.6(__libc_start_main+0xea)[0x7fe465f33d7a]
[hydra12:374210] [ 8] /opt/mpi/openmpi-4.1.4//lib/libmpi.so.40(ompi_group_incl_plist+0x65)[0x7f042c9b8915]
[hydra04:409909] [ 4] /lib/x86_64-linux-gnu/libc.so.6(+0x8175a)[0x7f4665c0c75a]
[hydra05:393860] [13] /home/thesis/jheld/MPI_Syrk_implementation/build/src/MPI_SYRK_implementation(+0x232a)[0x560df09f232a]
[hydra05:393860] *** End of error message ***
[hydra12:374210] [ 9] /opt/mpi/openmpi-4.1.4//lib/libmpi.so.40(PMPI_Group_incl+0x95)[0x7f042c9e9185]
[hydra12:374210] [10] /home/thesis/jheld/MPI_Syrk_implementation/build/src/MPI_SYRK_implementation(+0x841a)[0x5640f4f0a41a]
[hydra02:584402] [ 0] /lib/x86_64-linux-gnu/libc.so.6(+0x38de0)[0x7fba0aaf7de0]
[hydra04:409910] [ 6] /lib/x86_64-linux-gnu/libc.so.6(__libc_calloc+0x81)[0x7f01043dabd1]
[hydra12:374210] [11] /home/thesis/jheld/MPI_Syrk_implementation/build/src/MPI_SYRK_implementation(+0x2ab0)[0x5640f4f04ab0]
[hydra02:584402] [ 1] /lib/x86_64-linux-gnu/libc.so.6(gsignal+0x141)[0x7fba0aaf7d61]
[hydra04:409909] [ 5] /lib/x86_64-linux-gnu/libc.so.6(+0x8483c)[0x7f4665c0f83c]
malloc(): invalid size (unsorted)
[hydra08:396209] *** Process received signal ***
[hydra08:396209] Signal: Aborted (6)
[hydra08:396209] Signal code:  (-6)
malloc(): invalid size (unsorted)
[hydra12:374210] [12] /lib/x86_64-linux-gnu/libc.so.6(__libc_start_main+0xea)[0x7f042aa87d7a]
[hydra12:374210] [13] /home/thesis/jheld/MPI_Syrk_implementation/build/src/MPI_SYRK_implementation(+0x232a)[0x5640f4f0432a]
malloc(): invalid size (unsorted)
[hydra06:394534] *** Process received signal ***
[hydra06:394534] Signal: Aborted (6)
[hydra06:394534] Signal code:  (-6)
[hydra02:584402] [ 2] /lib/x86_64-linux-gnu/libc.so.6(abort+0x123)[0x7fba0aae1537]
[hydra04:409910] [ 7] /opt/mpi/openmpi-4.1.4//lib/libmpi.so.40(ompi_group_allocate+0x17)[0x7f01062a81e7]
[hydra08:396208] Signal: Aborted (6)
[hydra08:396208] Signal code:  (-6)
[hydra09:387176] [ 0] /lib/x86_64-linux-gnu/libc.so.6(+0x38de0)[0x7f6c2c717de0]
[hydra12:374210] *** End of error message ***
[hydra06:394533] [ 0] /lib/x86_64-linux-gnu/libc.so.6(+0x38de0)[0x7fd35b56dde0]
[hydra02:584402] [ 3] /lib/x86_64-linux-gnu/libc.so.6(+0x7a468)[0x7fba0ab39468]
[hydra03:411180] [ 0] /lib/x86_64-linux-gnu/libc.so.6(+0x38de0)[0x7fb38d2bade0]
[hydra04:409909] [ 6] /lib/x86_64-linux-gnu/libc.so.6(__libc_calloc+0x81)[0x7f4665c11bd1]
[hydra08:396208] [ 0] /lib/x86_64-linux-gnu/libc.so.6(+0x38de0)[0x7f6b3a306de0]
[hydra08:396208] [ 1] /lib/x86_64-linux-gnu/libc.so.6(gsignal+0x141)[0x7f6b3a306d61]
[hydra09:387177] *** Process received signal ***
[hydra07:420924] [ 0] /lib/x86_64-linux-gnu/libc.so.6(+0x38de0)[0x7f21b90dbde0]
[hydra06:394534] [ 0] /lib/x86_64-linux-gnu/libc.so.6(+0x38de0)[0x7f02ea247de0]
[hydra02:584402] [ 4] /lib/x86_64-linux-gnu/libc.so.6(+0x8175a)[0x7fba0ab4075a]
[hydra03:411180] [ 1] /lib/x86_64-linux-gnu/libc.so.6(gsignal+0x141)[0x7fb38d2bad61]
[hydra04:409910] [ 8] /opt/mpi/openmpi-4.1.4//lib/libmpi.so.40(ompi_group_incl_plist+0x65)[0x7f01062a8915]
[hydra08:396209] [ 0] /lib/x86_64-linux-gnu/libc.so.6(+0x38de0)[0x7fa6671f8de0]
[hydra08:396209] [ 1] /lib/x86_64-linux-gnu/libc.so.6(gsignal+0x141)[0x7fa6671f8d61]
[hydra08:396209] [ 2] /lib/x86_64-linux-gnu/libc.so.6(abort+0x123)[0x7fa6671e2537]
[hydra09:387177] Signal: Aborted (6)
[hydra09:387177] Signal code:  (-6)
[hydra07:420924] [ 1] /lib/x86_64-linux-gnu/libc.so.6(gsignal+0x141)[0x7f21b90dbd61]
[hydra06:394533] [ 1] /lib/x86_64-linux-gnu/libc.so.6(gsignal+0x141)[0x7fd35b56dd61]
[hydra02:584402] [ 5] /lib/x86_64-linux-gnu/libc.so.6(+0x8483c)[0x7fba0ab4383c]
[hydra03:411180] [ 2] /lib/x86_64-linux-gnu/libc.so.6(abort+0x123)[0x7fb38d2a4537]
[hydra04:409909] [ 7] /opt/mpi/openmpi-4.1.4//lib/libmpi.so.40(ompi_group_allocate+0x17)[0x7f4667adf1e7]
[hydra08:396208] [ 2] /lib/x86_64-linux-gnu/libc.so.6(abort+0x123)[0x7f6b3a2f0537]
[hydra09:387176] [ 1] /lib/x86_64-linux-gnu/libc.so.6(gsignal+0x141)[0x7f6c2c717d61]
[hydra07:420924] [ 2] /lib/x86_64-linux-gnu/libc.so.6(abort+0x123)[0x7f21b90c5537]
[hydra06:394534] [ 1] /lib/x86_64-linux-gnu/libc.so.6(gsignal+0x141)[0x7f02ea247d61]
[hydra02:584402] [ 6] /lib/x86_64-linux-gnu/libc.so.6(__libc_calloc+0x81)[0x7fba0ab45bd1]
[hydra03:411180] [ 3] /lib/x86_64-linux-gnu/libc.so.6(+0x7a468)[0x7fb38d2fc468]
[hydra04:409910] [ 9] /opt/mpi/openmpi-4.1.4//lib/libmpi.so.40(PMPI_Group_incl+0x95)[0x7f01062d9185]
[hydra08:396209] [ 3] /lib/x86_64-linux-gnu/libc.so.6(+0x7a468)[0x7fa66723a468]
[hydra09:387176] [ 2] /lib/x86_64-linux-gnu/libc.so.6(abort+0x123)[0x7f6c2c701537]
[hydra07:420924] [ 3] /lib/x86_64-linux-gnu/libc.so.6(+0x7a468)[0x7f21b911d468]
[hydra06:394533] [ 2] /lib/x86_64-linux-gnu/libc.so.6(abort+0x123)[0x7fd35b557537]
[hydra02:584402] [ 7] /opt/mpi/openmpi-4.1.4//lib/libmpi.so.40(ompi_group_allocate+0x17)[0x7fba0ca131e7]
[hydra03:411180] [ 4] /lib/x86_64-linux-gnu/libc.so.6(+0x8175a)[0x7fb38d30375a]
[hydra04:409909] [ 8] /opt/mpi/openmpi-4.1.4//lib/libmpi.so.40(ompi_group_incl_plist+0x65)[0x7f4667adf915]
[hydra08:396208] [ 3] /lib/x86_64-linux-gnu/libc.so.6(+0x7a468)[0x7f6b3a348468]
[hydra09:387176] [ 3] /lib/x86_64-linux-gnu/libc.so.6(+0x7a468)[0x7f6c2c759468]
[hydra07:420924] [ 4] /lib/x86_64-linux-gnu/libc.so.6(+0x8175a)[0x7f21b912475a]
[hydra06:394534] [ 2] /lib/x86_64-linux-gnu/libc.so.6(abort+0x123)[0x7f02ea231537]
[hydra02:584402] [ 8] /opt/mpi/openmpi-4.1.4//lib/libmpi.so.40(ompi_group_incl_plist+0x65)[0x7fba0ca13915]
[hydra03:411180] [ 5] /lib/x86_64-linux-gnu/libc.so.6(+0x8483c)[0x7fb38d30683c]
[hydra04:409910] [10] /home/thesis/jheld/MPI_Syrk_implementation/build/src/MPI_SYRK_implementation(+0x841a)[0x5587b7d1841a]
[hydra04:409910] [11] /home/thesis/jheld/MPI_Syrk_implementation/build/src/MPI_SYRK_implementation(+0x2ab0)[0x5587b7d12ab0]
[hydra08:396209] [ 4] /lib/x86_64-linux-gnu/libc.so.6(+0x8175a)[0x7fa66724175a]
[hydra09:387176] [ 4] /lib/x86_64-linux-gnu/libc.so.6(+0x8175a)[0x7f6c2c76075a]
[hydra07:420924] [ 5] /lib/x86_64-linux-gnu/libc.so.6(+0x8483c)[0x7f21b912783c]
[hydra06:394533] [ 3] /lib/x86_64-linux-gnu/libc.so.6(+0x7a468)[0x7fd35b5af468]
[hydra02:584402] [ 9] /opt/mpi/openmpi-4.1.4//lib/libmpi.so.40(PMPI_Group_incl+0x95)[0x7fba0ca44185]
[hydra03:411180] [ 6] /lib/x86_64-linux-gnu/libc.so.6(__libc_calloc+0x81)[0x7fb38d308bd1]
[hydra04:409910] [12] /lib/x86_64-linux-gnu/libc.so.6(__libc_start_main+0xea)[0x7f0104377d7a]
[hydra08:396208] [ 4] /lib/x86_64-linux-gnu/libc.so.6(+0x8175a)[0x7f6b3a34f75a]
[hydra09:387177] [ 0] /lib/x86_64-linux-gnu/libc.so.6(+0x38de0)[0x7f512ffbede0]
[hydra07:420924] [ 6] /lib/x86_64-linux-gnu/libc.so.6(__libc_calloc+0x81)[0x7f21b9129bd1]
[hydra06:394534] [ 3] /lib/x86_64-linux-gnu/libc.so.6(+0x7a468)[0x7f02ea289468]
[hydra10:506712] [ 0] /lib/x86_64-linux-gnu/libc.so.6(+0x38de0)[0x7f01660e4de0]
[hydra02:584402] [10] /home/thesis/jheld/MPI_Syrk_implementation/build/src/MPI_SYRK_implementation(+0x841a)[0x561405f9341a]
[hydra02:584402] [11] /home/thesis/jheld/MPI_Syrk_implementation/build/src/MPI_SYRK_implementation(+0x2ab0)[0x561405f8dab0]
[hydra03:411180] [ 7] /opt/mpi/openmpi-4.1.4//lib/libmpi.so.40(ompi_group_allocate+0x17)[0x7fb38f1d61e7]
[hydra04:409909] [ 9] /opt/mpi/openmpi-4.1.4//lib/libmpi.so.40(PMPI_Group_incl+0x95)[0x7f4667b10185]
[hydra04:409909] [10] /home/thesis/jheld/MPI_Syrk_implementation/build/src/MPI_SYRK_implementation(+0x841a)[0x557e199c841a]
[hydra08:396209] [ 5] /lib/x86_64-linux-gnu/libc.so.6(+0x8483c)[0x7fa66724483c]
[hydra09:387176] [ 5] /lib/x86_64-linux-gnu/libc.so.6(+0x8483c)[0x7f6c2c76383c]
[hydra07:420924] [ 7] /opt/mpi/openmpi-4.1.4//lib/libmpi.so.40(ompi_group_allocate+0x17)[0x7f21baff71e7]
[hydra06:394533] [ 4] /lib/x86_64-linux-gnu/libc.so.6(+0x8175a)[0x7fd35b5b675a]
[hydra10:506712] [ 1] /lib/x86_64-linux-gnu/libc.so.6(gsignal+0x141)[0x7f01660e4d61]
[hydra02:584402] [12] /lib/x86_64-linux-gnu/libc.so.6(__libc_start_main+0xea)[0x7fba0aae2d7a]
[hydra02:584402] [13] /home/thesis/jheld/MPI_Syrk_implementation/build/src/MPI_SYRK_implementation(+0x232a)[0x561405f8d32a]
[hydra03:411180] [ 8] /opt/mpi/openmpi-4.1.4//lib/libmpi.so.40(ompi_group_incl_plist+0x65)[0x7fb38f1d6915]
[hydra04:409910] [13] /home/thesis/jheld/MPI_Syrk_implementation/build/src/MPI_SYRK_implementation(+0x232a)[0x5587b7d1232a]
[hydra04:409910] *** End of error message ***
[hydra08:396208] [ 5] /lib/x86_64-linux-gnu/libc.so.6(+0x8483c)[0x7f6b3a35283c]
[hydra11:374259] [ 0] /lib/x86_64-linux-gnu/libc.so.6(+0x38de0)[0x7f4210756de0]
[hydra09:387177] [ 1] /lib/x86_64-linux-gnu/libc.so.6(gsignal+0x141)[0x7f512ffbed61]
[hydra07:420924] [ 8] /opt/mpi/openmpi-4.1.4//lib/libmpi.so.40(ompi_group_incl_plist+0x65)[0x7f21baff7915]
[hydra06:394534] [ 4] /lib/x86_64-linux-gnu/libc.so.6(+0x8175a)[0x7f02ea29075a]
[hydra10:506712] [ 2] /lib/x86_64-linux-gnu/libc.so.6(abort+0x123)[0x7f01660ce537]
[hydra02:584402] *** End of error message ***
[hydra03:411180] [ 9] /opt/mpi/openmpi-4.1.4//lib/libmpi.so.40(PMPI_Group_incl+0x95)[0x7fb38f207185]
[hydra04:409909] [11] /home/thesis/jheld/MPI_Syrk_implementation/build/src/MPI_SYRK_implementation(+0x2ab0)[0x557e199c2ab0]
[hydra08:396209] [ 6] /lib/x86_64-linux-gnu/libc.so.6(__libc_calloc+0x81)[0x7fa667246bd1]
[hydra11:374259] [ 1] /lib/x86_64-linux-gnu/libc.so.6(gsignal+0x141)[0x7f4210756d61]
[hydra09:387177] [ 2] /lib/x86_64-linux-gnu/libc.so.6(abort+0x123)[0x7f512ffa8537]
[hydra07:420924] [ 9] /opt/mpi/openmpi-4.1.4//lib/libmpi.so.40(PMPI_Group_incl+0x95)[0x7f21bb028185]
[hydra07:420924] [10] /home/thesis/jheld/MPI_Syrk_implementation/build/src/MPI_SYRK_implementation(+0x841a)[0x55c531b0a41a]
[hydra06:394533] [ 5] /lib/x86_64-linux-gnu/libc.so.6(+0x8483c)[0x7fd35b5b983c]
[hydra10:506712] [ 3] /lib/x86_64-linux-gnu/libc.so.6(+0x7a468)[0x7f0166126468]
[hydra03:411180] [10] /home/thesis/jheld/MPI_Syrk_implementation/build/src/MPI_SYRK_implementation(+0x841a)[0x55ecc2c3741a]
[hydra03:411180] [11] /home/thesis/jheld/MPI_Syrk_implementation/build/src/MPI_SYRK_implementation(+0x2ab0)[0x55ecc2c31ab0]
[hydra04:409909] [12] /lib/x86_64-linux-gnu/libc.so.6(__libc_start_main+0xea)[0x7f4665baed7a]
[hydra08:396208] [ 6] /lib/x86_64-linux-gnu/libc.so.6(__libc_calloc+0x81)[0x7f6b3a354bd1]
[hydra11:374259] [ 2] /lib/x86_64-linux-gnu/libc.so.6(abort+0x123)[0x7f4210740537]
[hydra09:387176] [ 6] /lib/x86_64-linux-gnu/libc.so.6(__libc_calloc+0x81)[0x7f6c2c765bd1]
[hydra07:420924] [11] /home/thesis/jheld/MPI_Syrk_implementation/build/src/MPI_SYRK_implementation(+0x2ab0)[0x55c531b04ab0]
[hydra06:394534] [ 5] /lib/x86_64-linux-gnu/libc.so.6(+0x8483c)[0x7f02ea29383c]
[hydra10:506712] [ 4] /lib/x86_64-linux-gnu/libc.so.6(+0x8175a)[0x7f016612d75a]
[hydra03:411180] [12] /lib/x86_64-linux-gnu/libc.so.6(__libc_start_main+0xea)[0x7fb38d2a5d7a]
[hydra03:411180] [13] /home/thesis/jheld/MPI_Syrk_implementation/build/src/MPI_SYRK_implementation(+0x232a)[0x55ecc2c3132a]
[hydra04:409909] [13] /home/thesis/jheld/MPI_Syrk_implementation/build/src/MPI_SYRK_implementation(+0x232a)[0x557e199c232a]
[hydra04:409909] *** End of error message ***
[hydra08:396209] [ 7] /opt/mpi/openmpi-4.1.4//lib/libmpi.so.40(ompi_group_allocate+0x17)[0x7fa6691141e7]
[hydra11:374259] [ 3] /lib/x86_64-linux-gnu/libc.so.6(+0x7a468)[0x7f4210798468]
[hydra09:387176] [ 7] /opt/mpi/openmpi-4.1.4//lib/libmpi.so.40(ompi_group_allocate+0x17)[0x7f6c2e6331e7]
[hydra07:420924] [12] /lib/x86_64-linux-gnu/libc.so.6(__libc_start_main+0xea)[0x7f21b90c6d7a]
[hydra07:420924] [13] /home/thesis/jheld/MPI_Syrk_implementation/build/src/MPI_SYRK_implementation(+0x232a)[0x55c531b0432a]
[hydra06:394533] [ 6] /lib/x86_64-linux-gnu/libc.so.6(__libc_calloc+0x81)[0x7fd35b5bbbd1]
[hydra10:506712] [ 5] /lib/x86_64-linux-gnu/libc.so.6(+0x8483c)[0x7f016613083c]
[hydra03:411180] *** End of error message ***
[hydra08:396208] [ 7] /opt/mpi/openmpi-4.1.4//lib/libmpi.so.40(ompi_group_allocate+0x17)[0x7f6b3c2221e7]
[hydra11:374259] [ 4] /lib/x86_64-linux-gnu/libc.so.6(+0x8175a)[0x7f421079f75a]
[hydra09:387177] [ 3] /lib/x86_64-linux-gnu/libc.so.6(+0x7a468)[0x7f5130000468]
[hydra07:420924] *** End of error message ***
[hydra06:394534] [ 6] /lib/x86_64-linux-gnu/libc.so.6(__libc_calloc+0x81)[0x7f02ea295bd1]
[hydra10:506712] [ 6] /lib/x86_64-linux-gnu/libc.so.6(__libc_calloc+0x81)[0x7f0166132bd1]
[hydra08:396209] [ 8] /opt/mpi/openmpi-4.1.4//lib/libmpi.so.40(ompi_group_incl_plist+0x65)[0x7fa669114915]
[hydra11:374259] [ 5] /lib/x86_64-linux-gnu/libc.so.6(+0x8483c)[0x7f42107a283c]
[hydra09:387176] [ 8] /opt/mpi/openmpi-4.1.4//lib/libmpi.so.40(ompi_group_incl_plist+0x65)[0x7f6c2e633915]
[hydra06:394533] [ 7] /opt/mpi/openmpi-4.1.4//lib/libmpi.so.40(ompi_group_allocate+0x17)[0x7fd35d4891e7]
[hydra10:506712] [ 7] /opt/mpi/openmpi-4.1.4//lib/libmpi.so.40(ompi_group_allocate+0x17)[0x7f01680001e7]
[hydra08:396208] [ 8] /opt/mpi/openmpi-4.1.4//lib/libmpi.so.40(ompi_group_incl_plist+0x65)[0x7f6b3c222915]
[hydra11:374259] [ 6] /lib/x86_64-linux-gnu/libc.so.6(__libc_calloc+0x81)[0x7f42107a4bd1]
[hydra09:387177] [ 4] /lib/x86_64-linux-gnu/libc.so.6(+0x8175a)[0x7f513000775a]
[hydra06:394534] [ 7] /opt/mpi/openmpi-4.1.4//lib/libmpi.so.40(ompi_group_allocate+0x17)[0x7f02ec1631e7]
[hydra10:506712] [ 8] /opt/mpi/openmpi-4.1.4//lib/libmpi.so.40(ompi_group_incl_plist+0x65)[0x7f0168000915]
[hydra08:396209] [ 9] /opt/mpi/openmpi-4.1.4//lib/libmpi.so.40(PMPI_Group_incl+0x95)[0x7fa669145185]
[hydra08:396209] [10] /home/thesis/jheld/MPI_Syrk_implementation/build/src/MPI_SYRK_implementation(+0x841a)[0x561e81be141a]
[hydra08:396209] [11] /home/thesis/jheld/MPI_Syrk_implementation/build/src/MPI_SYRK_implementation(+0x2ab0)[0x561e81bdbab0]
[hydra11:374259] [ 7] /opt/mpi/openmpi-4.1.4//lib/libmpi.so.40(ompi_group_allocate+0x17)[0x7f42126721e7]
[hydra09:387176] [ 9] /opt/mpi/openmpi-4.1.4//lib/libmpi.so.40(PMPI_Group_incl+0x95)[0x7f6c2e664185]
[hydra09:387176] [10] /home/thesis/jheld/MPI_Syrk_implementation/build/src/MPI_SYRK_implementation(+0x841a)[0x556c8e4b741a]
[hydra06:394533] [ 8] /opt/mpi/openmpi-4.1.4//lib/libmpi.so.40(ompi_group_incl_plist+0x65)[0x7fd35d489915]
[hydra10:506712] [ 9] /opt/mpi/openmpi-4.1.4//lib/libmpi.so.40(PMPI_Group_incl+0x95)[0x7f0168031185]
[hydra08:396208] [ 9] /opt/mpi/openmpi-4.1.4//lib/libmpi.so.40(PMPI_Group_incl+0x95)[0x7f6b3c253185]
[hydra08:396208] [10] /home/thesis/jheld/MPI_Syrk_implementation/build/src/MPI_SYRK_implementation(+0x841a)[0x55e726a6141a]
[hydra11:374259] [ 8] /opt/mpi/openmpi-4.1.4//lib/libmpi.so.40(ompi_group_incl_plist+0x65)[0x7f4212672915]
[hydra09:387176] [11] /home/thesis/jheld/MPI_Syrk_implementation/build/src/MPI_SYRK_implementation(+0x2ab0)[0x556c8e4b1ab0]
[hydra06:394534] [ 8] /opt/mpi/openmpi-4.1.4//lib/libmpi.so.40(ompi_group_incl_plist+0x65)[0x7f02ec163915]
[hydra10:506712] [10] /home/thesis/jheld/MPI_Syrk_implementation/build/src/MPI_SYRK_implementation(+0x841a)[0x557ada96941a]
[hydra10:506712] [11] /home/thesis/jheld/MPI_Syrk_implementation/build/src/MPI_SYRK_implementation(+0x2ab0)[0x557ada963ab0]
[hydra08:396208] [11] /home/thesis/jheld/MPI_Syrk_implementation/build/src/MPI_SYRK_implementation(+0x2ab0)[0x55e726a5bab0]
[hydra11:374259] [ 9] /opt/mpi/openmpi-4.1.4//lib/libmpi.so.40(PMPI_Group_incl+0x95)[0x7f42126a3185]
[hydra09:387177] [ 5] /lib/x86_64-linux-gnu/libc.so.6(+0x8483c)[0x7f513000a83c]
[hydra06:394533] [ 9] /opt/mpi/openmpi-4.1.4//lib/libmpi.so.40(PMPI_Group_incl+0x95)[0x7fd35d4ba185]
[hydra10:506712] [12] /lib/x86_64-linux-gnu/libc.so.6(__libc_start_main+0xea)[0x7f01660cfd7a]
[hydra10:506712] [13] /home/thesis/jheld/MPI_Syrk_implementation/build/src/MPI_SYRK_implementation(+0x232a)[0x557ada96332a]
[hydra08:396209] [12] /lib/x86_64-linux-gnu/libc.so.6(__libc_start_main+0xea)[0x7fa6671e3d7a]
[hydra08:396209] [13] /home/thesis/jheld/MPI_Syrk_implementation/build/src/MPI_SYRK_implementation(+0x232a)[0x561e81bdb32a]
[hydra08:396209] *** End of error message ***
[hydra11:374259] [10] /home/thesis/jheld/MPI_Syrk_implementation/build/src/MPI_SYRK_implementation(+0x841a)[0x55bd26ff041a]
[hydra11:374259] [11] /home/thesis/jheld/MPI_Syrk_implementation/build/src/MPI_SYRK_implementation(+0x2ab0)[0x55bd26feaab0]
[hydra09:387176] [12] /lib/x86_64-linux-gnu/libc.so.6(__libc_start_main+0xea)[0x7f6c2c702d7a]
[hydra09:387176] [13] /home/thesis/jheld/MPI_Syrk_implementation/build/src/MPI_SYRK_implementation(+0x232a)[0x556c8e4b132a]
[hydra06:394534] [ 9] /opt/mpi/openmpi-4.1.4//lib/libmpi.so.40(PMPI_Group_incl+0x95)[0x7f02ec194185]
[hydra06:394534] [10] /home/thesis/jheld/MPI_Syrk_implementation/build/src/MPI_SYRK_implementation(+0x841a)[0x564f4d08f41a]
[hydra10:506712] *** End of error message ***
[hydra08:396208] [12] /lib/x86_64-linux-gnu/libc.so.6(__libc_start_main+0xea)[0x7f6b3a2f1d7a]
[hydra08:396208] [13] /home/thesis/jheld/MPI_Syrk_implementation/build/src/MPI_SYRK_implementation(+0x232a)[0x55e726a5b32a]
[hydra08:396208] *** End of error message ***
[hydra11:374259] [12] /lib/x86_64-linux-gnu/libc.so.6(__libc_start_main+0xea)[0x7f4210741d7a]
[hydra11:374259] [13] /home/thesis/jheld/MPI_Syrk_implementation/build/src/MPI_SYRK_implementation(+0x232a)[0x55bd26fea32a]
[hydra09:387176] *** End of error message ***
[hydra06:394533] [10] /home/thesis/jheld/MPI_Syrk_implementation/build/src/MPI_SYRK_implementation(+0x841a)[0x56372c31c41a]
[hydra06:394533] [11] /home/thesis/jheld/MPI_Syrk_implementation/build/src/MPI_SYRK_implementation(+0x2ab0)[0x56372c316ab0]
[hydra11:374259] *** End of error message ***
[hydra09:387177] [ 6] /lib/x86_64-linux-gnu/libc.so.6(__libc_calloc+0x81)[0x7f513000cbd1]
[hydra06:394534] [11] /home/thesis/jheld/MPI_Syrk_implementation/build/src/MPI_SYRK_implementation(+0x2ab0)[0x564f4d089ab0]
[hydra09:387177] [ 7] /opt/mpi/openmpi-4.1.4//lib/libmpi.so.40(ompi_group_allocate+0x17)[0x7f5131eda1e7]
[hydra06:394533] [12] /lib/x86_64-linux-gnu/libc.so.6(__libc_start_main+0xea)[0x7fd35b558d7a]
[hydra06:394533] [13] /home/thesis/jheld/MPI_Syrk_implementation/build/src/MPI_SYRK_implementation(+0x232a)[0x56372c31632a]
[hydra06:394533] *** End of error message ***
[hydra09:387177] [ 8] /opt/mpi/openmpi-4.1.4//lib/libmpi.so.40(ompi_group_incl_plist+0x65)[0x7f5131eda915]
[hydra06:394534] [12] /lib/x86_64-linux-gnu/libc.so.6(__libc_start_main+0xea)[0x7f02ea232d7a]
[hydra06:394534] [13] /home/thesis/jheld/MPI_Syrk_implementation/build/src/MPI_SYRK_implementation(+0x232a)[0x564f4d08932a]
[hydra06:394534] *** End of error message ***
[hydra09:387177] [ 9] /opt/mpi/openmpi-4.1.4//lib/libmpi.so.40(PMPI_Group_incl+0x95)[0x7f5131f0b185]
[hydra09:387177] [10] /home/thesis/jheld/MPI_Syrk_implementation/build/src/MPI_SYRK_implementation(+0x841a)[0x563ae4fbe41a]
[hydra09:387177] [11] /home/thesis/jheld/MPI_Syrk_implementation/build/src/MPI_SYRK_implementation(+0x2ab0)[0x563ae4fb8ab0]
[hydra09:387177] [12] /lib/x86_64-linux-gnu/libc.so.6(__libc_start_main+0xea)[0x7f512ffa9d7a]
[hydra09:387177] [13] /home/thesis/jheld/MPI_Syrk_implementation/build/src/MPI_SYRK_implementation(+0x232a)[0x563ae4fb832a]
[hydra09:387177] *** End of error message ***
srun: error: hydra10: task 27: Aborted
srun: error: hydra03: task 7: Aborted
srun: error: hydra12: task 35: Aborted
srun: error: hydra02: task 3: Aborted
srun: error: hydra07: task 18: Aborted
srun: error: hydra01: task 1: Aborted
srun: error: hydra05: task 13: Aborted
srun: error: hydra11: task 31: Aborted
srun: error: hydra09: tasks 25-26: Aborted
srun: error: hydra06: tasks 16-17: Aborted
srun: error: hydra08: tasks 21-22: Aborted
srun: error: hydra04: tasks 9-10: Aborted
slurmstepd: error:  mpi/pmix_v4: _errhandler: hydra05 [4]: pmixp_client_v2.c:211: Error handler invoked: status = -61, source = [slurm.pmix.5008700.23:13]
slurmstepd: error:  mpi/pmix_v4: _errhandler: hydra12 [11]: pmixp_client_v2.c:211: Error handler invoked: status = -61, source = [slurm.pmix.5008700.23:35]
slurmstepd: error:  mpi/pmix_v4: _errhandler: hydra11 [10]: pmixp_client_v2.c:211: Error handler invoked: status = -61, source = [slurm.pmix.5008700.23:31]
slurmstepd: error:  mpi/pmix_v4: _errhandler: hydra02 [1]: pmixp_client_v2.c:211: Error handler invoked: status = -61, source = [slurm.pmix.5008700.23:3]
slurmstepd: error:  mpi/pmix_v4: _errhandler: hydra01 [0]: pmixp_client_v2.c:211: Error handler invoked: status = -61, source = [slurm.pmix.5008700.23:1]
slurmstepd: error:  mpi/pmix_v4: _errhandler: hydra04 [3]: pmixp_client_v2.c:211: Error handler invoked: status = -61, source = [slurm.pmix.5008700.23:9]
slurmstepd: error:  mpi/pmix_v4: _errhandler: hydra09 [8]: pmixp_client_v2.c:211: Error handler invoked: status = -61, source = [slurm.pmix.5008700.23:25]
slurmstepd: error:  mpi/pmix_v4: _errhandler: hydra10 [9]: pmixp_client_v2.c:211: Error handler invoked: status = -61, source = [slurm.pmix.5008700.23:27]
slurmstepd: error:  mpi/pmix_v4: _errhandler: hydra08 [7]: pmixp_client_v2.c:211: Error handler invoked: status = -61, source = [slurm.pmix.5008700.23:21]
slurmstepd: error:  mpi/pmix_v4: _errhandler: hydra07 [6]: pmixp_client_v2.c:211: Error handler invoked: status = -61, source = [slurm.pmix.5008700.23:18]
slurmstepd: error:  mpi/pmix_v4: _errhandler: hydra03 [2]: pmixp_client_v2.c:211: Error handler invoked: status = -61, source = [slurm.pmix.5008700.23:7]
slurmstepd: error: *** STEP 5008700.23 ON hydra01 CANCELLED AT 2025-10-13T15:38:31 ***
srun: Job step aborted: Waiting up to 32 seconds for job step to finish.
srun: error: hydra04: task 11: Killed
srun: error: hydra09: task 24: Killed
srun: error: hydra08: task 23: Killed
srun: error: hydra06: task 15: Killed
srun: error: hydra11: tasks 30,32: Killed
srun: error: hydra05: tasks 12,14: Killed
srun: error: hydra12: tasks 33-34: Killed
srun: error: hydra01: tasks 0,2: Killed
srun: error: hydra10: tasks 28-29: Killed
srun: error: hydra03: tasks 6,8: Killed
srun: error: hydra02: tasks 4-5: Killed
srun: error: hydra07: tasks 19-20: Killed
⚠️ Warning: No runtime found for run 24
srun: Warning: can't honor --ntasks-per-node set to 1 which doesn't match the requested tasks 36 with the number of requested nodes 12. Ignoring --ntasks-per-node.
missing input file name --> Generate random input
malloc(): invalid size (unsorted)
[hydra12:374277] *** Process received signal ***
[hydra12:374277] Signal: Aborted (6)
[hydra12:374277] Signal code:  (-6)
malloc(): invalid size (unsorted)
[hydra06:394602] *** Process received signal ***
[hydra06:394602] Signal: Aborted (6)
[hydra06:394602] Signal code:  (-6)
malloc(): invalid size (unsorted)
[hydra05:393928] *** Process received signal ***
[hydra05:393928] Signal: Aborted (6)
[hydra05:393928] Signal code:  (-6)
malloc(): invalid size (unsorted)
malloc(): invalid size (unsorted)
[hydra07:420993] *** Process received signal ***
[hydra07:420993] Signal: Aborted (6)
[hydra07:420993] Signal code:  (-6)
malloc(): invalid size (unsorted)
[hydra02:584484] *** Process received signal ***
[hydra02:584484] Signal: Aborted (6)
[hydra02:584484] Signal code:  (-6)
malloc(): invalid size (unsorted)
[hydra03:411248] *** Process received signal ***
[hydra03:411248] Signal: Aborted (6)
[hydra03:411248] Signal code:  (-6)
malloc(): invalid size (unsorted)
[hydra08:396276] *** Process received signal ***
[hydra08:396276] Signal: Aborted (6)
[hydra08:396276] Signal code:  (-6)
malloc(): invalid size (unsorted)
[hydra12:374276] *** Process received signal ***
[hydra12:374276] Signal: Aborted (6)
[hydra12:374276] Signal code:  (-6)
[hydra12:374277] [ 0] /lib/x86_64-linux-gnu/libc.so.6(+0x38de0)[0x7f2f1c284de0]
[hydra12:374276] [ 0] /lib/x86_64-linux-gnu/libc.so.6(+0x38de0)[0x7f66a999fde0]
malloc(): invalid size (unsorted)
[hydra09:387244] *** Process received signal ***
[hydra09:387244] Signal: Aborted (6)
[hydra09:387244] Signal code:  (-6)
[hydra12:374277] [ 1] /lib/x86_64-linux-gnu/libc.so.6(gsignal+0x141)[0x7f2f1c284d61]
[hydra12:374277] [ 2] /lib/x86_64-linux-gnu/libc.so.6(abort+0x123)[0x7f2f1c26e537]
[hydra12:374276] [ 1] /lib/x86_64-linux-gnu/libc.so.6(gsignal+0x141)[0x7f66a999fd61]
[hydra12:374276] [ 2] /lib/x86_64-linux-gnu/libc.so.6(abort+0x123)[0x7f66a9989537]
[hydra12:374277] [ 3] /lib/x86_64-linux-gnu/libc.so.6(+0x7a468)[0x7f2f1c2c6468]
[hydra12:374276] [ 3] /lib/x86_64-linux-gnu/libc.so.6(+0x7a468)[0x7f66a99e1468]
[hydra12:374277] [ 4] /lib/x86_64-linux-gnu/libc.so.6(+0x8175a)[0x7f2f1c2cd75a]
[hydra12:374277] [ 5] /lib/x86_64-linux-gnu/libc.so.6(+0x8483c)[0x7f2f1c2d083c]
malloc(): invalid size (unsorted)
[hydra11:374326] *** Process received signal ***
[hydra11:374326] Signal: Aborted (6)
[hydra11:374326] Signal code:  (-6)
[hydra12:374276] [ 4] /lib/x86_64-linux-gnu/libc.so.6(+0x8175a)[0x7f66a99e875a]
malloc(): invalid size (unsorted)
[hydra10:506786] *** Process received signal ***
[hydra10:506786] Signal: Aborted (6)
[hydra10:506786] Signal code:  (-6)
[hydra12:374276] [ 5] /lib/x86_64-linux-gnu/libc.so.6(+0x8483c)[0x7f66a99eb83c]
[hydra12:374277] [ 6] /lib/x86_64-linux-gnu/libc.so.6(__libc_calloc+0x81)[0x7f2f1c2d2bd1]
[hydra12:374277] [ 7] /opt/mpi/openmpi-4.1.4//lib/libmpi.so.40(ompi_group_allocate+0x17)[0x7f2f1e1a01e7]
[hydra12:374276] [ 6] /lib/x86_64-linux-gnu/libc.so.6(__libc_calloc+0x81)[0x7f66a99edbd1]
[hydra12:374277] [ 8] /opt/mpi/openmpi-4.1.4//lib/libmpi.so.40(ompi_group_incl_plist+0x65)[0x7f2f1e1a0915]
malloc(): invalid size (unsorted)
[hydra04:409978] *** Process received signal ***
[hydra04:409978] Signal: Aborted (6)
[hydra04:409978] Signal code:  (-6)
[hydra12:374276] [ 7] /opt/mpi/openmpi-4.1.4//lib/libmpi.so.40(ompi_group_allocate+0x17)[0x7f66ab8bb1e7]
[hydra04:409977] *** Process received signal ***
[hydra04:409977] Signal: Aborted (6)
[hydra04:409977] Signal code:  (-6)
[hydra12:374276] [ 8] /opt/mpi/openmpi-4.1.4//lib/libmpi.so.40(ompi_group_incl_plist+0x65)[0x7f66ab8bb915]
[hydra04:409978] [ 0] /lib/x86_64-linux-gnu/libc.so.6(+0x38de0)[0x7ffbe826bde0]
[hydra12:374277] [ 9] /opt/mpi/openmpi-4.1.4//lib/libmpi.so.40(PMPI_Group_incl+0x95)[0x7f2f1e1d1185]
[hydra12:374277] [10] /home/thesis/jheld/MPI_Syrk_implementation/build/src/MPI_SYRK_implementation(+0x841a)[0x55dd361c041a]
[hydra12:374277] [11] /home/thesis/jheld/MPI_Syrk_implementation/build/src/MPI_SYRK_implementation(+0x2ab0)[0x55dd361baab0]
[hydra06:394602] [ 0] /lib/x86_64-linux-gnu/libc.so.6(+0x38de0)[0x7fdf1fec7de0]
[hydra04:409978] [ 1] /lib/x86_64-linux-gnu/libc.so.6(gsignal+0x141)[0x7ffbe826bd61]
[hydra05:393928] [ 0] /lib/x86_64-linux-gnu/libc.so.6(+0x38de0)[0x7f3ddc9d7de0]
[hydra06:394602] [ 1] /lib/x86_64-linux-gnu/libc.so.6(gsignal+0x141)[0x7fdf1fec7d61]
[hydra04:409977] [ 0] /lib/x86_64-linux-gnu/libc.so.6(+0x38de0)[0x7fd1b53f3de0]
[hydra05:393928] [ 1] /lib/x86_64-linux-gnu/libc.so.6(gsignal+0x141)[0x7f3ddc9d7d61]
[hydra06:394602] [ 2] /lib/x86_64-linux-gnu/libc.so.6(abort+0x123)[0x7fdf1feb1537]
malloc(): invalid size (unsorted)
[hydra08:396277] *** Process received signal ***
[hydra08:396277] Signal: Aborted (6)
[hydra08:396277] Signal code:  (-6)
[hydra04:409978] [ 2] /lib/x86_64-linux-gnu/libc.so.6(abort+0x123)[0x7ffbe8255537]
[hydra05:393928] [ 2] /lib/x86_64-linux-gnu/libc.so.6(abort+0x123)[0x7f3ddc9c1537]
[hydra07:420993] [ 0] /lib/x86_64-linux-gnu/libc.so.6(+0x38de0)[0x7f508ab79de0]
[hydra06:394602] [ 3] /lib/x86_64-linux-gnu/libc.so.6(+0x7a468)[0x7fdf1ff09468]
[hydra08:396276] [ 0] /lib/x86_64-linux-gnu/libc.so.6(+0x38de0)[0x7f24f6f2dde0]
[hydra04:409977] [ 1] /lib/x86_64-linux-gnu/libc.so.6(gsignal+0x141)[0x7fd1b53f3d61]
[hydra05:393928] [ 3] /lib/x86_64-linux-gnu/libc.so.6(+0x7a468)[0x7f3ddca19468]
[hydra07:420993] [ 1] /lib/x86_64-linux-gnu/libc.so.6(gsignal+0x141)[0x7f508ab79d61]
[hydra06:394602] [ 4] /lib/x86_64-linux-gnu/libc.so.6(+0x8175a)[0x7fdf1ff1075a]
[hydra08:396277] [ 0] /lib/x86_64-linux-gnu/libc.so.6(+0x38de0)[0x7f1ec43c5de0]
[hydra04:409977] [ 2] /lib/x86_64-linux-gnu/libc.so.6(abort+0x123)[0x7fd1b53dd537]
[hydra05:393928] [ 4] /lib/x86_64-linux-gnu/libc.so.6(+0x8175a)[0x7f3ddca2075a]
[hydra07:420993] [ 2] /lib/x86_64-linux-gnu/libc.so.6(abort+0x123)[0x7f508ab63537]
[hydra06:394602] [ 5] /lib/x86_64-linux-gnu/libc.so.6(+0x8483c)[0x7fdf1ff1383c]
[hydra02:584484] [ 0] /lib/x86_64-linux-gnu/libc.so.6(+0x38de0)[0x7f2014d41de0]
[hydra08:396276] [ 1] /lib/x86_64-linux-gnu/libc.so.6(gsignal+0x141)[0x7f24f6f2dd61]
[hydra04:409978] [ 3] /lib/x86_64-linux-gnu/libc.so.6(+0x7a468)[0x7ffbe82ad468]
[hydra05:393928] [ 5] /lib/x86_64-linux-gnu/libc.so.6(+0x8483c)[0x7f3ddca2383c]
[hydra07:420993] [ 3] /lib/x86_64-linux-gnu/libc.so.6(+0x7a468)[0x7f508abbb468]
[hydra06:394602] [ 6] /lib/x86_64-linux-gnu/libc.so.6(__libc_calloc+0x81)[0x7fdf1ff15bd1]
[hydra02:584484] [ 1] /lib/x86_64-linux-gnu/libc.so.6(gsignal+0x141)[0x7f2014d41d61]
[hydra08:396277] [ 1] /lib/x86_64-linux-gnu/libc.so.6(gsignal+0x141)[0x7f1ec43c5d61]
[hydra04:409977] [ 3] /lib/x86_64-linux-gnu/libc.so.6(+0x7a468)[0x7fd1b5435468]
[hydra05:393928] [ 6] /lib/x86_64-linux-gnu/libc.so.6(__libc_calloc+0x81)[0x7f3ddca25bd1]
[hydra07:420993] [ 4] /lib/x86_64-linux-gnu/libc.so.6(+0x8175a)[0x7f508abc275a]
[hydra06:394602] [ 7] /opt/mpi/openmpi-4.1.4//lib/libmpi.so.40(ompi_group_allocate+0x17)[0x7fdf21de31e7]
[hydra02:584484] [ 2] /lib/x86_64-linux-gnu/libc.so.6(abort+0x123)[0x7f2014d2b537]
[hydra08:396276] [ 2] /lib/x86_64-linux-gnu/libc.so.6(abort+0x123)[0x7f24f6f17537]
malloc(): invalid size (unsorted)
[hydra11:374327] *** Process received signal ***
[hydra11:374327] Signal: Aborted (6)
[hydra11:374327] Signal code:  (-6)
[hydra04:409978] [ 4] /lib/x86_64-linux-gnu/libc.so.6(+0x8175a)[0x7ffbe82b475a]
[hydra05:393928] [ 7] /opt/mpi/openmpi-4.1.4//lib/libmpi.so.40(ompi_group_allocate+0x17)[0x7f3dde8f31e7]
[hydra09:387244] [ 0] /lib/x86_64-linux-gnu/libc.so.6(+0x38de0)[0x7f4d17af4de0]
[hydra07:420993] [ 5] /lib/x86_64-linux-gnu/libc.so.6(+0x8483c)[0x7f508abc583c]
[hydra06:394602] [ 8] /opt/mpi/openmpi-4.1.4//lib/libmpi.so.40(ompi_group_incl_plist+0x65)[0x7fdf21de3915]
[hydra02:584484] [ 3] /lib/x86_64-linux-gnu/libc.so.6(+0x7a468)[0x7f2014d83468]
[hydra08:396277] [ 2] /lib/x86_64-linux-gnu/libc.so.6(abort+0x123)[0x7f1ec43af537]
[hydra11:374326] [ 0] /lib/x86_64-linux-gnu/libc.so.6(+0x38de0)[0x7fc8ecf70de0]
[hydra04:409977] [ 4] /lib/x86_64-linux-gnu/libc.so.6(+0x8175a)[0x7fd1b543c75a]
[hydra05:393928] [ 8] /opt/mpi/openmpi-4.1.4//lib/libmpi.so.40(ompi_group_incl_plist+0x65)[0x7f3dde8f3915]
[hydra09:387244] [ 1] /lib/x86_64-linux-gnu/libc.so.6(gsignal+0x141)[0x7f4d17af4d61]
[hydra07:420993] [ 6] /lib/x86_64-linux-gnu/libc.so.6(__libc_calloc+0x81)[0x7f508abc7bd1]
[hydra06:394602] [ 9] /opt/mpi/openmpi-4.1.4//lib/libmpi.so.40(PMPI_Group_incl+0x95)[0x7fdf21e14185]
[hydra06:394602] [10] /home/thesis/jheld/MPI_Syrk_implementation/build/src/MPI_SYRK_implementation(+0x841a)[0x557463da141a]
[hydra02:584484] [ 4] /lib/x86_64-linux-gnu/libc.so.6(+0x8175a)[0x7f2014d8a75a]
[hydra08:396276] [ 3] /lib/x86_64-linux-gnu/libc.so.6(+0x7a468)[0x7f24f6f6f468]
[hydra11:374327] [ 0] /lib/x86_64-linux-gnu/libc.so.6(+0x38de0)[0x7fd3fa8dede0]
[hydra04:409978] [ 5] /lib/x86_64-linux-gnu/libc.so.6(+0x8483c)[0x7ffbe82b783c]
[hydra05:393928] [ 9] /opt/mpi/openmpi-4.1.4//lib/libmpi.so.40(PMPI_Group_incl+0x95)[0x7f3dde924185]
[hydra05:393928] [10] /home/thesis/jheld/MPI_Syrk_implementation/build/src/MPI_SYRK_implementation(+0x841a)[0x55f48f4df41a]
[hydra09:387244] [ 2] /lib/x86_64-linux-gnu/libc.so.6(abort+0x123)[0x7f4d17ade537]
[hydra07:420993] [ 7] /opt/mpi/openmpi-4.1.4//lib/libmpi.so.40(ompi_group_allocate+0x17)[0x7f508ca951e7]
[hydra06:394602] [11] /home/thesis/jheld/MPI_Syrk_implementation/build/src/MPI_SYRK_implementation(+0x2ab0)[0x557463d9bab0]
[hydra03:411248] [ 0] /lib/x86_64-linux-gnu/libc.so.6(+0x38de0)[0x7f253a97ade0]
[hydra02:584484] [ 5] /lib/x86_64-linux-gnu/libc.so.6(+0x8483c)[0x7f2014d8d83c]
[hydra08:396277] [ 3] /lib/x86_64-linux-gnu/libc.so.6(+0x7a468)[0x7f1ec4407468]
[hydra11:374326] [ 1] /lib/x86_64-linux-gnu/libc.so.6(gsignal+0x141)[0x7fc8ecf70d61]
[hydra04:409977] [ 5] /lib/x86_64-linux-gnu/libc.so.6(+0x8483c)[0x7fd1b543f83c]
[hydra05:393928] [11] /home/thesis/jheld/MPI_Syrk_implementation/build/src/MPI_SYRK_implementation(+0x2ab0)[0x55f48f4d9ab0]
[hydra09:387244] [ 3] /lib/x86_64-linux-gnu/libc.so.6(+0x7a468)[0x7f4d17b36468]
[hydra07:420993] [ 8] /opt/mpi/openmpi-4.1.4//lib/libmpi.so.40(ompi_group_incl_plist+0x65)[0x7f508ca95915]
[hydra06:394602] [12] /lib/x86_64-linux-gnu/libc.so.6(__libc_start_main+0xea)[0x7fdf1feb2d7a]
[hydra03:411248] [ 1] /lib/x86_64-linux-gnu/libc.so.6(gsignal+0x141)[0x7f253a97ad61]
[hydra02:584484] [ 6] /lib/x86_64-linux-gnu/libc.so.6(__libc_calloc+0x81)[0x7f2014d8fbd1]
[hydra08:396276] [ 4] /lib/x86_64-linux-gnu/libc.so.6(+0x8175a)[0x7f24f6f7675a]
[hydra11:374327] [ 1] /lib/x86_64-linux-gnu/libc.so.6(gsignal+0x141)[0x7fd3fa8ded61]
[hydra04:409978] [ 6] /lib/x86_64-linux-gnu/libc.so.6(__libc_calloc+0x81)[0x7ffbe82b9bd1]
[hydra05:393928] [12] /lib/x86_64-linux-gnu/libc.so.6(__libc_start_main+0xea)[0x7f3ddc9c2d7a]
[hydra05:393928] [13] /home/thesis/jheld/MPI_Syrk_implementation/build/src/MPI_SYRK_implementation(+0x232a)[0x55f48f4d932a]
[hydra09:387244] [ 4] /lib/x86_64-linux-gnu/libc.so.6(+0x8175a)[0x7f4d17b3d75a]
[hydra07:420993] [ 9] /opt/mpi/openmpi-4.1.4//lib/libmpi.so.40(PMPI_Group_incl+0x95)[0x7f508cac6185]
[hydra06:394602] [13] /home/thesis/jheld/MPI_Syrk_implementation/build/src/MPI_SYRK_implementation(+0x232a)[0x557463d9b32a]
[hydra06:394602] *** End of error message ***
[hydra03:411248] [ 2] /lib/x86_64-linux-gnu/libc.so.6(abort+0x123)[0x7f253a964537]
[hydra02:584484] [ 7] /opt/mpi/openmpi-4.1.4//lib/libmpi.so.40(ompi_group_allocate+0x17)[0x7f2016c5d1e7]
[hydra08:396277] [ 4] /lib/x86_64-linux-gnu/libc.so.6(+0x8175a)[0x7f1ec440e75a]
[hydra11:374326] [ 2] /lib/x86_64-linux-gnu/libc.so.6(abort+0x123)[0x7fc8ecf5a537]
[hydra04:409978] [ 7] /opt/mpi/openmpi-4.1.4//lib/libmpi.so.40(ompi_group_allocate+0x17)[0x7ffbea1871e7]
[hydra05:393928] *** End of error message ***
[hydra09:387244] [ 5] /lib/x86_64-linux-gnu/libc.so.6(+0x8483c)[0x7f4d17b4083c]
[hydra07:420993] [10] /home/thesis/jheld/MPI_Syrk_implementation/build/src/MPI_SYRK_implementation(+0x841a)[0x55df067cd41a]
[hydra07:420993] [11] /home/thesis/jheld/MPI_Syrk_implementation/build/src/MPI_SYRK_implementation(+0x2ab0)[0x55df067c7ab0]
[hydra03:411248] [ 3] /lib/x86_64-linux-gnu/libc.so.6(+0x7a468)[0x7f253a9bc468]
[hydra10:506786] [ 0] /lib/x86_64-linux-gnu/libc.so.6(+0x38de0)[0x7f563bf09de0]
[hydra02:584484] [ 8] /opt/mpi/openmpi-4.1.4//lib/libmpi.so.40(ompi_group_incl_plist+0x65)[0x7f2016c5d915]
[hydra08:396276] [ 5] /lib/x86_64-linux-gnu/libc.so.6(+0x8483c)[0x7f24f6f7983c]
[hydra11:374327] [ 2] /lib/x86_64-linux-gnu/libc.so.6(abort+0x123)[0x7fd3fa8c8537]
[hydra04:409977] [ 6] /lib/x86_64-linux-gnu/libc.so.6(__libc_calloc+0x81)[0x7fd1b5441bd1]
[hydra09:387244] [ 6] /lib/x86_64-linux-gnu/libc.so.6(__libc_calloc+0x81)[0x7f4d17b42bd1]
[hydra07:420993] [12] /lib/x86_64-linux-gnu/libc.so.6(__libc_start_main+0xea)[0x7f508ab64d7a]
[hydra07:420993] [13] /home/thesis/jheld/MPI_Syrk_implementation/build/src/MPI_SYRK_implementation(+0x232a)[0x55df067c732a]
[hydra03:411248] [ 4] /lib/x86_64-linux-gnu/libc.so.6(+0x8175a)[0x7f253a9c375a]
[hydra10:506786] [ 1] /lib/x86_64-linux-gnu/libc.so.6(gsignal+0x141)[0x7f563bf09d61]
[hydra02:584484] [ 9] /opt/mpi/openmpi-4.1.4//lib/libmpi.so.40(PMPI_Group_incl+0x95)[0x7f2016c8e185]
[hydra02:584484] [10] /home/thesis/jheld/MPI_Syrk_implementation/build/src/MPI_SYRK_implementation(+0x841a)[0x55c0369ea41a]
[hydra08:396277] [ 5] /lib/x86_64-linux-gnu/libc.so.6(+0x8483c)[0x7f1ec441183c]
[hydra11:374326] [ 3] /lib/x86_64-linux-gnu/libc.so.6(+0x7a468)[0x7fc8ecfb2468]
[hydra04:409978] [ 8] /opt/mpi/openmpi-4.1.4//lib/libmpi.so.40(ompi_group_incl_plist+0x65)[0x7ffbea187915]
[hydra09:387244] [ 7] /opt/mpi/openmpi-4.1.4//lib/libmpi.so.40(ompi_group_allocate+0x17)[0x7f4d19a101e7]
[hydra07:420993] *** End of error message ***
[hydra03:411248] [ 5] /lib/x86_64-linux-gnu/libc.so.6(+0x8483c)[0x7f253a9c683c]
[hydra10:506786] [ 2] /lib/x86_64-linux-gnu/libc.so.6(abort+0x123)[0x7f563bef3537]
[hydra02:584484] [11] /home/thesis/jheld/MPI_Syrk_implementation/build/src/MPI_SYRK_implementation(+0x2ab0)[0x55c0369e4ab0]
[hydra08:396276] [ 6] /lib/x86_64-linux-gnu/libc.so.6(__libc_calloc+0x81)[0x7f24f6f7bbd1]
[hydra11:374327] [ 3] /lib/x86_64-linux-gnu/libc.so.6(+0x7a468)[0x7fd3fa920468]
[hydra04:409977] [ 7] /opt/mpi/openmpi-4.1.4//lib/libmpi.so.40(ompi_group_allocate+0x17)[0x7fd1b730f1e7]
[hydra09:387244] [ 8] /opt/mpi/openmpi-4.1.4//lib/libmpi.so.40(ompi_group_incl_plist+0x65)[0x7f4d19a10915]
[hydra03:411248] [ 6] /lib/x86_64-linux-gnu/libc.so.6(__libc_calloc+0x81)[0x7f253a9c8bd1]
[hydra10:506786] [ 3] /lib/x86_64-linux-gnu/libc.so.6(+0x7a468)[0x7f563bf4b468]
[hydra02:584484] [12] /lib/x86_64-linux-gnu/libc.so.6(__libc_start_main+0xea)[0x7f2014d2cd7a]
[hydra02:584484] [13] /home/thesis/jheld/MPI_Syrk_implementation/build/src/MPI_SYRK_implementation(+0x232a)[0x55c0369e432a]
[hydra08:396277] [ 6] /lib/x86_64-linux-gnu/libc.so.6(__libc_calloc+0x81)[0x7f1ec4413bd1]
[hydra11:374326] [ 4] /lib/x86_64-linux-gnu/libc.so.6(+0x8175a)[0x7fc8ecfb975a]
[hydra04:409977] [ 8] /opt/mpi/openmpi-4.1.4//lib/libmpi.so.40(ompi_group_incl_plist+0x65)[0x7fd1b730f915]
[hydra09:387244] [ 9] /opt/mpi/openmpi-4.1.4//lib/libmpi.so.40(PMPI_Group_incl+0x95)[0x7f4d19a41185]
[hydra03:411248] [ 7] /opt/mpi/openmpi-4.1.4//lib/libmpi.so.40(ompi_group_allocate+0x17)[0x7f253c8961e7]
[hydra10:506786] [ 4] /lib/x86_64-linux-gnu/libc.so.6(+0x8175a)[0x7f563bf5275a]
[hydra02:584484] *** End of error message ***
[hydra08:396276] [ 7] /opt/mpi/openmpi-4.1.4//lib/libmpi.so.40(ompi_group_allocate+0x17)[0x7f24f8e491e7]
[hydra11:374327] [ 4] /lib/x86_64-linux-gnu/libc.so.6(+0x8175a)[0x7fd3fa92775a]
[hydra04:409978] [ 9] /opt/mpi/openmpi-4.1.4//lib/libmpi.so.40(PMPI_Group_incl+0x95)[0x7ffbea1b8185]
[hydra04:409978] [10] /home/thesis/jheld/MPI_Syrk_implementation/build/src/MPI_SYRK_implementation(+0x841a)[0x5654b9bd941a]
[hydra04:409978] [11] /home/thesis/jheld/MPI_Syrk_implementation/build/src/MPI_SYRK_implementation(+0x2ab0)[0x5654b9bd3ab0]
[hydra09:387244] [10] /home/thesis/jheld/MPI_Syrk_implementation/build/src/MPI_SYRK_implementation(+0x841a)[0x55ee80e5441a]
[hydra09:387244] [11] /home/thesis/jheld/MPI_Syrk_implementation/build/src/MPI_SYRK_implementation(+0x2ab0)[0x55ee80e4eab0]
[hydra03:411248] [ 8] /opt/mpi/openmpi-4.1.4//lib/libmpi.so.40(ompi_group_incl_plist+0x65)[0x7f253c896915]
[hydra10:506786] [ 5] /lib/x86_64-linux-gnu/libc.so.6(+0x8483c)[0x7f563bf5583c]
[hydra08:396277] [ 7] /opt/mpi/openmpi-4.1.4//lib/libmpi.so.40(ompi_group_allocate+0x17)[0x7f1ec62e11e7]
[hydra11:374326] [ 5] /lib/x86_64-linux-gnu/libc.so.6(+0x8483c)[0x7fc8ecfbc83c]
[hydra04:409977] [ 9] /opt/mpi/openmpi-4.1.4//lib/libmpi.so.40(PMPI_Group_incl+0x95)[0x7fd1b7340185]
[hydra09:387244] [12] /lib/x86_64-linux-gnu/libc.so.6(__libc_start_main+0xea)[0x7f4d17adfd7a]
[hydra09:387244] [13] /home/thesis/jheld/MPI_Syrk_implementation/build/src/MPI_SYRK_implementation(+0x232a)[0x55ee80e4e32a]
[hydra03:411248] [ 9] /opt/mpi/openmpi-4.1.4//lib/libmpi.so.40(PMPI_Group_incl+0x95)[0x7f253c8c7185]
[hydra10:506786] [ 6] /lib/x86_64-linux-gnu/libc.so.6(__libc_calloc+0x81)[0x7f563bf57bd1]
[hydra08:396276] [ 8] /opt/mpi/openmpi-4.1.4//lib/libmpi.so.40(ompi_group_incl_plist+0x65)[0x7f24f8e49915]
[hydra11:374327] [ 5] /lib/x86_64-linux-gnu/libc.so.6(+0x8483c)[0x7fd3fa92a83c]
[hydra09:387244] *** End of error message ***
[hydra03:411248] [10] /home/thesis/jheld/MPI_Syrk_implementation/build/src/MPI_SYRK_implementation(+0x841a)[0x560edfe4d41a]
[hydra03:411248] [11] /home/thesis/jheld/MPI_Syrk_implementation/build/src/MPI_SYRK_implementation(+0x2ab0)[0x560edfe47ab0]
[hydra10:506786] [ 7] /opt/mpi/openmpi-4.1.4//lib/libmpi.so.40(ompi_group_allocate+0x17)[0x7f563de251e7]
[hydra08:396277] [ 8] /opt/mpi/openmpi-4.1.4//lib/libmpi.so.40(ompi_group_incl_plist+0x65)[0x7f1ec62e1915]
[hydra11:374326] [ 6] /lib/x86_64-linux-gnu/libc.so.6(__libc_calloc+0x81)[0x7fc8ecfbebd1]
[hydra03:411248] [12] /lib/x86_64-linux-gnu/libc.so.6(__libc_start_main+0xea)[0x7f253a965d7a]
[hydra03:411248] [13] /home/thesis/jheld/MPI_Syrk_implementation/build/src/MPI_SYRK_implementation(+0x232a)[0x560edfe4732a]
[hydra10:506786] [ 8] /opt/mpi/openmpi-4.1.4//lib/libmpi.so.40(ompi_group_incl_plist+0x65)[0x7f563de25915]
[hydra08:396276] [ 9] /opt/mpi/openmpi-4.1.4//lib/libmpi.so.40(PMPI_Group_incl+0x95)[0x7f24f8e7a185]
[hydra11:374327] [ 6] /lib/x86_64-linux-gnu/libc.so.6(__libc_calloc+0x81)[0x7fd3fa92cbd1]
[hydra03:411248] *** End of error message ***
[hydra10:506786] [ 9] /opt/mpi/openmpi-4.1.4//lib/libmpi.so.40(PMPI_Group_incl+0x95)[0x7f563de56185]
[hydra10:506786] [10] /home/thesis/jheld/MPI_Syrk_implementation/build/src/MPI_SYRK_implementation(+0x841a)[0x55789a0d641a]
[hydra08:396276] [10] /home/thesis/jheld/MPI_Syrk_implementation/build/src/MPI_SYRK_implementation(+0x841a)[0x562b18ff341a]
[hydra08:396276] [11] /home/thesis/jheld/MPI_Syrk_implementation/build/src/MPI_SYRK_implementation(+0x2ab0)[0x562b18fedab0]
[hydra11:374326] [ 7] /opt/mpi/openmpi-4.1.4//lib/libmpi.so.40(ompi_group_allocate+0x17)[0x7fc8eee8c1e7]
[hydra10:506786] [11] /home/thesis/jheld/MPI_Syrk_implementation/build/src/MPI_SYRK_implementation(+0x2ab0)[0x55789a0d0ab0]
[hydra11:374327] [ 7] /opt/mpi/openmpi-4.1.4//lib/libmpi.so.40(ompi_group_allocate+0x17)[0x7fd3fc7fa1e7]
[hydra10:506786] [12] /lib/x86_64-linux-gnu/libc.so.6(__libc_start_main+0xea)[0x7f563bef4d7a]
[hydra10:506786] [13] /home/thesis/jheld/MPI_Syrk_implementation/build/src/MPI_SYRK_implementation(+0x232a)[0x55789a0d032a]
[hydra10:506786] *** End of error message ***
[hydra11:374326] [ 8] /opt/mpi/openmpi-4.1.4//lib/libmpi.so.40(ompi_group_incl_plist+0x65)[0x7fc8eee8c915]
[hydra11:374327] [ 8] /opt/mpi/openmpi-4.1.4//lib/libmpi.so.40(ompi_group_incl_plist+0x65)[0x7fd3fc7fa915]
[hydra04:409977] [10] /home/thesis/jheld/MPI_Syrk_implementation/build/src/MPI_SYRK_implementation(+0x841a)[0x55908334741a]
[hydra04:409977] [11] /home/thesis/jheld/MPI_Syrk_implementation/build/src/MPI_SYRK_implementation(+0x2ab0)[0x559083341ab0]
[hydra04:409978] [12] /lib/x86_64-linux-gnu/libc.so.6(__libc_start_main+0xea)[0x7ffbe8256d7a]
[hydra04:409978] [13] /home/thesis/jheld/MPI_Syrk_implementation/build/src/MPI_SYRK_implementation(+0x232a)[0x5654b9bd332a]
[hydra04:409978] *** End of error message ***
[hydra04:409977] [12] /lib/x86_64-linux-gnu/libc.so.6(__libc_start_main+0xea)[0x7fd1b53ded7a]
[hydra04:409977] [13] /home/thesis/jheld/MPI_Syrk_implementation/build/src/MPI_SYRK_implementation(+0x232a)[0x55908334132a]
[hydra04:409977] *** End of error message ***
[hydra08:396277] [ 9] /opt/mpi/openmpi-4.1.4//lib/libmpi.so.40(PMPI_Group_incl+0x95)[0x7f1ec6312185]
[hydra08:396277] [10] /home/thesis/jheld/MPI_Syrk_implementation/build/src/MPI_SYRK_implementation(+0x841a)[0x5603b120941a]
[hydra08:396277] [11] /home/thesis/jheld/MPI_Syrk_implementation/build/src/MPI_SYRK_implementation(+0x2ab0)[0x5603b1203ab0]
[hydra08:396276] [12] /lib/x86_64-linux-gnu/libc.so.6(__libc_start_main+0xea)[0x7f24f6f18d7a]
[hydra08:396276] [13] /home/thesis/jheld/MPI_Syrk_implementation/build/src/MPI_SYRK_implementation(+0x232a)[0x562b18fed32a]
[hydra08:396276] *** End of error message ***
[hydra11:374326] [ 9] /opt/mpi/openmpi-4.1.4//lib/libmpi.so.40(PMPI_Group_incl+0x95)[0x7fc8eeebd185]
[hydra12:374277] [12] /lib/x86_64-linux-gnu/libc.so.6(__libc_start_main+0xea)[0x7f2f1c26fd7a]
[hydra12:374277] [13] /home/thesis/jheld/MPI_Syrk_implementation/build/src/MPI_SYRK_implementation(+0x232a)[0x55dd361ba32a]
[hydra08:396277] [12] /lib/x86_64-linux-gnu/libc.so.6(__libc_start_main+0xea)[0x7f1ec43b0d7a]
[hydra08:396277] [13] /home/thesis/jheld/MPI_Syrk_implementation/build/src/MPI_SYRK_implementation(+0x232a)[0x5603b120332a]
[hydra08:396277] *** End of error message ***
[hydra11:374327] [ 9] /opt/mpi/openmpi-4.1.4//lib/libmpi.so.40(PMPI_Group_incl+0x95)[0x7fd3fc82b185]
[hydra11:374327] [10] /home/thesis/jheld/MPI_Syrk_implementation/build/src/MPI_SYRK_implementation(+0x841a)[0x5642c5ce341a]
[hydra11:374327] [11] /home/thesis/jheld/MPI_Syrk_implementation/build/src/MPI_SYRK_implementation(+0x2ab0)[0x5642c5cddab0]
[hydra12:374276] [ 9] /opt/mpi/openmpi-4.1.4//lib/libmpi.so.40(PMPI_Group_incl+0x95)[0x7f66ab8ec185]
[hydra11:374326] [10] /home/thesis/jheld/MPI_Syrk_implementation/build/src/MPI_SYRK_implementation(+0x841a)[0x5604b49d741a]
[hydra11:374326] [11] /home/thesis/jheld/MPI_Syrk_implementation/build/src/MPI_SYRK_implementation(+0x2ab0)[0x5604b49d1ab0]
[hydra11:374326] [12] /lib/x86_64-linux-gnu/libc.so.6(__libc_start_main+0xea)[0x7fc8ecf5bd7a]
[hydra12:374277] *** End of error message ***
[hydra11:374327] [12] /lib/x86_64-linux-gnu/libc.so.6(__libc_start_main+0xea)[0x7fd3fa8c9d7a]
[hydra11:374327] [13] /home/thesis/jheld/MPI_Syrk_implementation/build/src/MPI_SYRK_implementation(+0x232a)[0x5642c5cdd32a]
[hydra11:374327] *** End of error message ***
[hydra12:374276] [10] /home/thesis/jheld/MPI_Syrk_implementation/build/src/MPI_SYRK_implementation(+0x841a)[0x5571caf0541a]
[hydra12:374276] [11] /home/thesis/jheld/MPI_Syrk_implementation/build/src/MPI_SYRK_implementation(+0x2ab0)[0x5571caeffab0]
[hydra11:374326] [13] /home/thesis/jheld/MPI_Syrk_implementation/build/src/MPI_SYRK_implementation(+0x232a)[0x5604b49d132a]
[hydra11:374326] *** End of error message ***
[hydra12:374276] [12] /lib/x86_64-linux-gnu/libc.so.6(__libc_start_main+0xea)[0x7f66a998ad7a]
[hydra12:374276] [13] /home/thesis/jheld/MPI_Syrk_implementation/build/src/MPI_SYRK_implementation(+0x232a)[0x5571caeff32a]
[hydra12:374276] *** End of error message ***
srun: error: hydra06: task 17: Aborted
srun: error: hydra05: task 13: Aborted
srun: error: hydra10: task 29: Aborted
srun: error: hydra09: task 25: Aborted
srun: error: hydra02: task 3: Aborted
srun: error: hydra03: task 7: Aborted
srun: error: hydra07: task 18: Aborted
srun: error: hydra12: tasks 33-34: Aborted
srun: error: hydra04: tasks 9-10: Aborted
srun: error: hydra08: tasks 21-22: Aborted
srun: error: hydra11: tasks 30-31: Aborted
slurmstepd: error:  mpi/pmix_v4: _errhandler: hydra05 [4]: pmixp_client_v2.c:211: Error handler invoked: status = -61, source = [slurm.pmix.5008700.24:13]
slurmstepd: error:  mpi/pmix_v4: _errhandler: hydra02 [1]: pmixp_client_v2.c:211: Error handler invoked: status = -61, source = [slurm.pmix.5008700.24:3]
slurmstepd: error:  mpi/pmix_v4: _errhandler: hydra09 [8]: pmixp_client_v2.c:211: Error handler invoked: status = -61, source = [slurm.pmix.5008700.24:25]
slurmstepd: error:  mpi/pmix_v4: _errhandler: hydra12 [11]: pmixp_client_v2.c:211: Error handler invoked: status = -61, source = [slurm.pmix.5008700.24:33]
slurmstepd: error:  mpi/pmix_v4: _errhandler: hydra07 [6]: pmixp_client_v2.c:211: Error handler invoked: status = -61, source = [slurm.pmix.5008700.24:18]
slurmstepd: error:  mpi/pmix_v4: _errhandler: hydra04 [3]: pmixp_client_v2.c:211: Error handler invoked: status = -61, source = [slurm.pmix.5008700.24:9]
slurmstepd: error:  mpi/pmix_v4: _errhandler: hydra06 [5]: pmixp_client_v2.c:211: Error handler invoked: status = -61, source = [slurm.pmix.5008700.24:17]
slurmstepd: error:  mpi/pmix_v4: _errhandler: hydra10 [9]: pmixp_client_v2.c:211: Error handler invoked: status = -61, source = [slurm.pmix.5008700.24:29]
slurmstepd: error:  mpi/pmix_v4: _errhandler: hydra03 [2]: pmixp_client_v2.c:211: Error handler invoked: status = -61, source = [slurm.pmix.5008700.24:7]
slurmstepd: error: *** STEP 5008700.24 ON hydra01 CANCELLED AT 2025-10-13T15:38:33 ***
slurmstepd: error:  mpi/pmix_v4: _errhandler: hydra11 [10]: pmixp_client_v2.c:211: Error handler invoked: status = -61, source = [slurm.pmix.5008700.24:30]
srun: Job step aborted: Waiting up to 32 seconds for job step to finish.
srun: error: hydra04: task 11: Killed
srun: error: hydra12: task 35: Killed
srun: error: hydra11: task 32: Killed
srun: error: hydra08: task 23: Killed
srun: error: hydra02: tasks 4-5: Killed
srun: error: hydra05: tasks 12,14: Killed
srun: error: hydra09: tasks 24,26: Killed
srun: error: hydra06: tasks 15-16: Killed
srun: error: hydra07: tasks 19-20: Killed
srun: error: hydra10: tasks 27-28: Killed
srun: error: hydra03: tasks 6,8: Killed
srun: error: hydra01: tasks 0-2: Killed
⚠️ Warning: No runtime found for run 25
srun: Warning: can't honor --ntasks-per-node set to 1 which doesn't match the requested tasks 36 with the number of requested nodes 12. Ignoring --ntasks-per-node.
missing input file name --> Generate random input
malloc(): invalid size (unsorted)
[hydra12:374343] *** Process received signal ***
[hydra12:374343] Signal: Aborted (6)
[hydra12:374343] Signal code:  (-6)
malloc(): invalid size (unsorted)
[hydra01:903367] *** Process received signal ***
[hydra01:903367] Signal: Aborted (6)
[hydra01:903367] Signal code:  (-6)
[hydra12:374343] [ 0] /lib/x86_64-linux-gnu/libc.so.6(+0x38de0)[0x7f54dcfd9de0]
[hydra12:374343] [ 1] /lib/x86_64-linux-gnu/libc.so.6(gsignal+0x141)[0x7f54dcfd9d61]
[hydra12:374343] [ 2] /lib/x86_64-linux-gnu/libc.so.6(abort+0x123)[0x7f54dcfc3537]
[hydra12:374343] [ 3] /lib/x86_64-linux-gnu/libc.so.6(+0x7a468)[0x7f54dd01b468]
[hydra12:374343] [ 4] /lib/x86_64-linux-gnu/libc.so.6(+0x8175a)[0x7f54dd02275a]
malloc(): invalid size (unsorted)
[hydra05:393992] *** Process received signal ***
[hydra05:393992] Signal: Aborted (6)
[hydra05:393992] Signal code:  (-6)
[hydra01:903367] [ 0] /lib/x86_64-linux-gnu/libc.so.6(+0x38de0)[0x7f0d612b9de0]
malloc(): invalid size (unsorted)
[hydra03:411312] *** Process received signal ***
[hydra03:411312] Signal: Aborted (6)
[hydra03:411312] Signal code:  (-6)
malloc(): invalid size (unsorted)
malloc(): invalid size (unsorted)
[hydra04:410044] *** Process received signal ***
[hydra04:410044] Signal: Aborted (6)
[hydra04:410044] Signal code:  (-6)
[hydra12:374343] [ 5] /lib/x86_64-linux-gnu/libc.so.6(+0x8483c)[0x7f54dd02583c]
[hydra01:903367] [ 1] /lib/x86_64-linux-gnu/libc.so.6(gsignal+0x141)[0x7f0d612b9d61]
malloc(): invalid size (unsorted)
[hydra07:421059] *** Process received signal ***
[hydra07:421059] Signal: Aborted (6)
[hydra07:421059] Signal code:  (-6)
[hydra12:374343] [ 6] /lib/x86_64-linux-gnu/libc.so.6(__libc_calloc+0x81)[0x7f54dd027bd1]
malloc(): invalid size (unsorted)
[hydra06:394665] *** Process received signal ***
[hydra06:394665] Signal: Aborted (6)
[hydra06:394665] Signal code:  (-6)
[hydra01:903369] *** Process received signal ***
[hydra01:903369] Signal: Aborted (6)
[hydra01:903369] Signal code:  (-6)
[hydra12:374343] [ 7] /opt/mpi/openmpi-4.1.4//lib/libmpi.so.40(ompi_group_allocate+0x17)[0x7f54deef51e7]
[hydra05:393992] [ 0] /lib/x86_64-linux-gnu/libc.so.6(+0x38de0)[0x7ff816384de0]
[hydra03:411312] [ 0] /lib/x86_64-linux-gnu/libc.so.6(+0x38de0)[0x7f7506f09de0]
[hydra01:903367] [ 2] /lib/x86_64-linux-gnu/libc.so.6(abort+0x123)[0x7f0d612a3537]
[hydra04:410044] [ 0] /lib/x86_64-linux-gnu/libc.so.6(+0x38de0)[0x7f029914dde0]
[hydra12:374343] [ 8] /opt/mpi/openmpi-4.1.4//lib/libmpi.so.40(ompi_group_incl_plist+0x65)[0x7f54deef5915]
[hydra05:393992] [ 1] /lib/x86_64-linux-gnu/libc.so.6(gsignal+0x141)[0x7ff816384d61]
[hydra01:903367] [ 3] /lib/x86_64-linux-gnu/libc.so.6(+0x7a468)[0x7f0d612fb468]
[hydra04:410044] [ 1] /lib/x86_64-linux-gnu/libc.so.6(gsignal+0x141)[0x7f029914dd61]
[hydra05:393992] [ 2] /lib/x86_64-linux-gnu/libc.so.6(abort+0x123)[0x7ff81636e537]
[hydra03:411312] [ 1] /lib/x86_64-linux-gnu/libc.so.6(gsignal+0x141)[0x7f7506f09d61]
malloc(): invalid size (unsorted)
[hydra08:396343] *** Process received signal ***
[hydra08:396343] Signal: Aborted (6)
[hydra08:396343] Signal code:  (-6)
malloc(): invalid size (unsorted)
[hydra11:374392] *** Process received signal ***
[hydra11:374392] Signal: Aborted (6)
[hydra11:374392] Signal code:  (-6)
malloc(): invalid size (unsorted)
[hydra02:584563] *** Process received signal ***
[hydra02:584563] Signal: Aborted (6)
[hydra02:584563] Signal code:  (-6)
[hydra01:903367] [ 4] /lib/x86_64-linux-gnu/libc.so.6(+0x8175a)[0x7f0d6130275a]
[hydra04:410044] [ 2] /lib/x86_64-linux-gnu/libc.so.6(abort+0x123)[0x7f0299137537]
[hydra12:374343] [ 9] /opt/mpi/openmpi-4.1.4//lib/libmpi.so.40(PMPI_Group_incl+0x95)[0x7f54def26185]
[hydra12:374343] [10] /home/thesis/jheld/MPI_Syrk_implementation/build/src/MPI_SYRK_implementation(+0x841a)[0x55ec7785e41a]
malloc(): invalid size (unsorted)
[hydra10:506855] *** Process received signal ***
[hydra10:506855] Signal: Aborted (6)
[hydra10:506855] Signal code:  (-6)
[hydra05:393992] [ 3] /lib/x86_64-linux-gnu/libc.so.6(+0x7a468)[0x7ff8163c6468]
[hydra03:411312] [ 2] /lib/x86_64-linux-gnu/libc.so.6(abort+0x123)[0x7f7506ef3537]
[hydra06:394665] [ 0] /lib/x86_64-linux-gnu/libc.so.6(+0x38de0)[0x7f88f5aeede0]
[hydra04:410044] [ 3] /lib/x86_64-linux-gnu/libc.so.6(+0x7a468)[0x7f029918f468]
[hydra12:374343] [11] /home/thesis/jheld/MPI_Syrk_implementation/build/src/MPI_SYRK_implementation(+0x2ab0)[0x55ec77858ab0]
malloc(): invalid size (unsorted)
[hydra09:387310] *** Process received signal ***
[hydra09:387310] Signal: Aborted (6)
[hydra09:387310] Signal code:  (-6)
[hydra05:393992] [ 4] /lib/x86_64-linux-gnu/libc.so.6(+0x8175a)[0x7ff8163cd75a]
[hydra03:411312] [ 3] /lib/x86_64-linux-gnu/libc.so.6(+0x7a468)[0x7f7506f4b468]
[hydra08:396343] [ 0] /lib/x86_64-linux-gnu/libc.so.6(+0x38de0)[0x7f676233ede0]
[hydra11:374392] [ 0] /lib/x86_64-linux-gnu/libc.so.6(+0x38de0)[0x7fe82f4cdde0]
[hydra06:394665] [ 1] /lib/x86_64-linux-gnu/libc.so.6(gsignal+0x141)[0x7f88f5aeed61]
[hydra04:410044] [ 4] /lib/x86_64-linux-gnu/libc.so.6(+0x8175a)[0x7f029919675a]
[hydra12:374343] [12] /lib/x86_64-linux-gnu/libc.so.6(__libc_start_main+0xea)[0x7f54dcfc4d7a]
[hydra05:393992] [ 5] /lib/x86_64-linux-gnu/libc.so.6(+0x8483c)[0x7ff8163d083c]
[hydra03:411312] [ 4] /lib/x86_64-linux-gnu/libc.so.6(+0x8175a)[0x7f7506f5275a]
[hydra08:396343] [ 1] /lib/x86_64-linux-gnu/libc.so.6(gsignal+0x141)[0x7f676233ed61]
[hydra11:374392] [ 1] /lib/x86_64-linux-gnu/libc.so.6(gsignal+0x141)[0x7fe82f4cdd61]
[hydra06:394665] [ 2] /lib/x86_64-linux-gnu/libc.so.6(abort+0x123)[0x7f88f5ad8537]
[hydra01:903367] [ 5] /lib/x86_64-linux-gnu/libc.so.6(+0x8483c)[0x7f0d6130583c]
[hydra01:903367] [ 6] /lib/x86_64-linux-gnu/libc.so.6(__libc_calloc+0x81)[0x7f0d61307bd1]
[hydra01:903367] [ 7] /opt/mpi/openmpi-4.1.4//lib/libmpi.so.40(ompi_group_allocate+0x17)[0x7f0d631d51e7]
[hydra04:410044] [ 5] /lib/x86_64-linux-gnu/libc.so.6(+0x8483c)[0x7f029919983c]
[hydra12:374343] [13] /home/thesis/jheld/MPI_Syrk_implementation/build/src/MPI_SYRK_implementation(+0x232a)[0x55ec7785832a]
[hydra12:374343] *** End of error message ***
[hydra09:387310] [ 0] /lib/x86_64-linux-gnu/libc.so.6(+0x38de0)[0x7faac2dd6de0]
[hydra10:506855] [ 0] /lib/x86_64-linux-gnu/libc.so.6(+0x38de0)[0x7f064aca0de0]
[hydra05:393992] [ 6] /lib/x86_64-linux-gnu/libc.so.6(__libc_calloc+0x81)[0x7ff8163d2bd1]
[hydra03:411312] [ 5] /lib/x86_64-linux-gnu/libc.so.6(+0x8483c)[0x7f7506f5583c]
[hydra08:396343] [ 2] /lib/x86_64-linux-gnu/libc.so.6(abort+0x123)[0x7f6762328537]
[hydra11:374392] [ 2] /lib/x86_64-linux-gnu/libc.so.6(abort+0x123)[0x7fe82f4b7537]
[hydra06:394665] [ 3] /lib/x86_64-linux-gnu/libc.so.6(+0x7a468)[0x7f88f5b30468]
[hydra01:903369] [ 0] /lib/x86_64-linux-gnu/libc.so.6(+0x38de0)[0x7f24f3fafde0]
[hydra01:903369] [ 1] /lib/x86_64-linux-gnu/libc.so.6(gsignal+0x141)[0x7f24f3fafd61]
[hydra01:903369] [ 2] /lib/x86_64-linux-gnu/libc.so.6(abort+0x123)[0x7f24f3f99537]
[hydra04:410044] [ 6] /lib/x86_64-linux-gnu/libc.so.6(__libc_calloc+0x81)[0x7f029919bbd1]
[hydra09:387310] [ 1] /lib/x86_64-linux-gnu/libc.so.6(gsignal+0x141)[0x7faac2dd6d61]
[hydra10:506855] [ 1] /lib/x86_64-linux-gnu/libc.so.6(gsignal+0x141)[0x7f064aca0d61]
[hydra05:393992] [ 7] /opt/mpi/openmpi-4.1.4//lib/libmpi.so.40(ompi_group_allocate+0x17)[0x7ff8182a01e7]
[hydra03:411312] [ 6] /lib/x86_64-linux-gnu/libc.so.6(__libc_calloc+0x81)[0x7f7506f57bd1]
[hydra08:396343] [ 3] /lib/x86_64-linux-gnu/libc.so.6(+0x7a468)[0x7f6762380468]
[hydra11:374392] [ 3] /lib/x86_64-linux-gnu/libc.so.6(+0x7a468)[0x7fe82f50f468]
[hydra06:394665] [ 4] /lib/x86_64-linux-gnu/libc.so.6(+0x8175a)[0x7f88f5b3775a]
[hydra01:903367] [ 8] /opt/mpi/openmpi-4.1.4//lib/libmpi.so.40(ompi_group_incl_plist+0x65)[0x7f0d631d5915]
[hydra01:903367] [ 9] /opt/mpi/openmpi-4.1.4//lib/libmpi.so.40(PMPI_Group_incl+0x95)[0x7f0d63206185]
[hydra01:903367] [10] /home/thesis/jheld/MPI_Syrk_implementation/build/src/MPI_SYRK_implementation(+0x841a)[0x556f42af641a]
[hydra04:410044] [ 7] /opt/mpi/openmpi-4.1.4//lib/libmpi.so.40(ompi_group_allocate+0x17)[0x7f029b0691e7]
[hydra09:387310] [ 2] /lib/x86_64-linux-gnu/libc.so.6(abort+0x123)[0x7faac2dc0537]
[hydra10:506855] [ 2] /lib/x86_64-linux-gnu/libc.so.6(abort+0x123)[0x7f064ac8a537]
[hydra05:393992] [ 8] /opt/mpi/openmpi-4.1.4//lib/libmpi.so.40(ompi_group_incl_plist+0x65)[0x7ff8182a0915]
[hydra03:411312] [ 7] /opt/mpi/openmpi-4.1.4//lib/libmpi.so.40(ompi_group_allocate+0x17)[0x7f7508e251e7]
[hydra08:396343] [ 4] /lib/x86_64-linux-gnu/libc.so.6(+0x8175a)[0x7f676238775a]
[hydra11:374392] [ 4] /lib/x86_64-linux-gnu/libc.so.6(+0x8175a)[0x7fe82f51675a]
[hydra06:394665] [ 5] /lib/x86_64-linux-gnu/libc.so.6(+0x8483c)[0x7f88f5b3a83c]
[hydra01:903369] [ 3] /lib/x86_64-linux-gnu/libc.so.6(+0x7a468)[0x7f24f3ff1468]
[hydra04:410044] [ 8] /opt/mpi/openmpi-4.1.4//lib/libmpi.so.40(ompi_group_incl_plist+0x65)[0x7f029b069915]
[hydra09:387310] [ 3] /lib/x86_64-linux-gnu/libc.so.6(+0x7a468)[0x7faac2e18468]
[hydra10:506855] [ 3] /lib/x86_64-linux-gnu/libc.so.6(+0x7a468)[0x7f064ace2468]
[hydra05:393992] [ 9] /opt/mpi/openmpi-4.1.4//lib/libmpi.so.40(PMPI_Group_incl+0x95)[0x7ff8182d1185]
[hydra05:393992] [10] /home/thesis/jheld/MPI_Syrk_implementation/build/src/MPI_SYRK_implementation(+0x841a)[0x561a283b441a]
[hydra03:411312] [ 8] /opt/mpi/openmpi-4.1.4//lib/libmpi.so.40(ompi_group_incl_plist+0x65)[0x7f7508e25915]
[hydra08:396343] [ 5] /lib/x86_64-linux-gnu/libc.so.6(+0x8483c)[0x7f676238a83c]
[hydra11:374392] [ 5] /lib/x86_64-linux-gnu/libc.so.6(+0x8483c)[0x7fe82f51983c]
[hydra06:394665] [ 6] /lib/x86_64-linux-gnu/libc.so.6(__libc_calloc+0x81)[0x7f88f5b3cbd1]
[hydra01:903367] [11] /home/thesis/jheld/MPI_Syrk_implementation/build/src/MPI_SYRK_implementation(+0x2ab0)[0x556f42af0ab0]
[hydra01:903367] [12] /lib/x86_64-linux-gnu/libc.so.6(__libc_start_main+0xea)[0x7f0d612a4d7a]
[hydra01:903367] [13] /home/thesis/jheld/MPI_Syrk_implementation/build/src/MPI_SYRK_implementation(+0x232a)[0x556f42af032a]
[hydra01:903367] *** End of error message ***
malloc(): invalid size (unsorted)
[hydra04:410044] [ 9] /opt/mpi/openmpi-4.1.4//lib/libmpi.so.40(PMPI_Group_incl+0x95)[0x7f029b09a185]
[hydra04:410044] [10] /home/thesis/jheld/MPI_Syrk_implementation/build/src/MPI_SYRK_implementation(+0x841a)[0x55701575a41a]
[hydra09:387310] [ 4] /lib/x86_64-linux-gnu/libc.so.6(+0x8175a)[0x7faac2e1f75a]
[hydra10:506855] [ 4] /lib/x86_64-linux-gnu/libc.so.6(+0x8175a)[0x7f064ace975a]
[hydra05:393992] [11] /home/thesis/jheld/MPI_Syrk_implementation/build/src/MPI_SYRK_implementation(+0x2ab0)[0x561a283aeab0]
[hydra03:411312] [ 9] /opt/mpi/openmpi-4.1.4//lib/libmpi.so.40(PMPI_Group_incl+0x95)[0x7f7508e56185]
[hydra08:396343] [ 6] /lib/x86_64-linux-gnu/libc.so.6(__libc_calloc+0x81)[0x7f676238cbd1]
[hydra11:374392] [ 6] /lib/x86_64-linux-gnu/libc.so.6(__libc_calloc+0x81)[0x7fe82f51bbd1]
[hydra06:394665] [ 7] /opt/mpi/openmpi-4.1.4//lib/libmpi.so.40(ompi_group_allocate+0x17)[0x7f88f7a0a1e7]
[hydra01:903369] [ 4] /lib/x86_64-linux-gnu/libc.so.6(+0x8175a)[0x7f24f3ff875a]
[hydra07:421059] [ 0] /lib/x86_64-linux-gnu/libc.so.6(+0x38de0)[0x7fcacc963de0]
[hydra04:410044] [11] /home/thesis/jheld/MPI_Syrk_implementation/build/src/MPI_SYRK_implementation(+0x2ab0)[0x557015754ab0]
[hydra09:387310] [ 5] /lib/x86_64-linux-gnu/libc.so.6(+0x8483c)[0x7faac2e2283c]
[hydra10:506855] [ 5] /lib/x86_64-linux-gnu/libc.so.6(+0x8483c)[0x7f064acec83c]
[hydra05:393992] [12] /lib/x86_64-linux-gnu/libc.so.6(__libc_start_main+0xea)[0x7ff81636fd7a]
[hydra03:411312] [10] /home/thesis/jheld/MPI_Syrk_implementation/build/src/MPI_SYRK_implementation(+0x841a)[0x557f3a7b341a]
[hydra03:411312] [11] /home/thesis/jheld/MPI_Syrk_implementation/build/src/MPI_SYRK_implementation(+0x2ab0)[0x557f3a7adab0]
[hydra08:396343] [ 7] /opt/mpi/openmpi-4.1.4//lib/libmpi.so.40(ompi_group_allocate+0x17)[0x7f676425a1e7]
[hydra11:374392] [ 7] /opt/mpi/openmpi-4.1.4//lib/libmpi.so.40(ompi_group_allocate+0x17)[0x7fe8313e91e7]
[hydra06:394665] [ 8] /opt/mpi/openmpi-4.1.4//lib/libmpi.so.40(ompi_group_incl_plist+0x65)[0x7f88f7a0a915]
[hydra01:903369] [ 5] /lib/x86_64-linux-gnu/libc.so.6(+0x8483c)[0x7f24f3ffb83c]
[hydra07:421060] *** Process received signal ***
[hydra07:421060] Signal: Aborted (6)
[hydra07:421060] Signal code:  (-6)
[hydra04:410044] [12] /lib/x86_64-linux-gnu/libc.so.6(__libc_start_main+0xea)[0x7f0299138d7a]
[hydra09:387310] [ 6] /lib/x86_64-linux-gnu/libc.so.6(__libc_calloc+0x81)[0x7faac2e24bd1]
[hydra10:506855] [ 6] /lib/x86_64-linux-gnu/libc.so.6(__libc_calloc+0x81)[0x7f064aceebd1]
[hydra05:393992] [13] /home/thesis/jheld/MPI_Syrk_implementation/build/src/MPI_SYRK_implementation(+0x232a)[0x561a283ae32a]
[hydra05:393992] *** End of error message ***
[hydra03:411312] [12] /lib/x86_64-linux-gnu/libc.so.6(__libc_start_main+0xea)[0x7f7506ef4d7a]
[hydra08:396343] [ 8] /opt/mpi/openmpi-4.1.4//lib/libmpi.so.40(ompi_group_incl_plist+0x65)[0x7f676425a915]
[hydra11:374392] [ 8] /opt/mpi/openmpi-4.1.4//lib/libmpi.so.40(ompi_group_incl_plist+0x65)[0x7fe8313e9915]
[hydra06:394665] [ 9] /opt/mpi/openmpi-4.1.4//lib/libmpi.so.40(PMPI_Group_incl+0x95)[0x7f88f7a3b185]
[hydra02:584563] [ 0] /lib/x86_64-linux-gnu/libc.so.6(+0x38de0)[0x7ff7fd2b9de0]
[hydra01:903369] [ 6] /lib/x86_64-linux-gnu/libc.so.6(__libc_calloc+0x81)[0x7f24f3ffdbd1]
[hydra07:421059] [ 1] /lib/x86_64-linux-gnu/libc.so.6(gsignal+0x141)[0x7fcacc963d61]
[hydra04:410044] [13] /home/thesis/jheld/MPI_Syrk_implementation/build/src/MPI_SYRK_implementation(+0x232a)[0x55701575432a]
[hydra04:410044] *** End of error message ***
[hydra09:387310] [ 7] /opt/mpi/openmpi-4.1.4//lib/libmpi.so.40(ompi_group_allocate+0x17)[0x7faac4cf21e7]
[hydra10:506855] [ 7] /opt/mpi/openmpi-4.1.4//lib/libmpi.so.40(ompi_group_allocate+0x17)[0x7f064cbbc1e7]
[hydra03:411312] [13] /home/thesis/jheld/MPI_Syrk_implementation/build/src/MPI_SYRK_implementation(+0x232a)[0x557f3a7ad32a]
[hydra03:411312] *** End of error message ***
[hydra08:396343] [ 9] /opt/mpi/openmpi-4.1.4//lib/libmpi.so.40(PMPI_Group_incl+0x95)[0x7f676428b185]
[hydra11:374392] [ 9] /opt/mpi/openmpi-4.1.4//lib/libmpi.so.40(PMPI_Group_incl+0x95)[0x7fe83141a185]
[hydra06:394665] [10] /home/thesis/jheld/MPI_Syrk_implementation/build/src/MPI_SYRK_implementation(+0x841a)[0x558c885f141a]
[hydra06:394665] [11] /home/thesis/jheld/MPI_Syrk_implementation/build/src/MPI_SYRK_implementation(+0x2ab0)[0x558c885ebab0]
[hydra02:584563] [ 1] /lib/x86_64-linux-gnu/libc.so.6(gsignal+0x141)[0x7ff7fd2b9d61]
[hydra01:903369] [ 7] /opt/mpi/openmpi-4.1.4//lib/libmpi.so.40(ompi_group_allocate+0x17)[0x7f24f5ecb1e7]
[hydra07:421059] [ 2] /lib/x86_64-linux-gnu/libc.so.6(abort+0x123)[0x7fcacc94d537]
[hydra09:387310] [ 8] /opt/mpi/openmpi-4.1.4//lib/libmpi.so.40(ompi_group_incl_plist+0x65)[0x7faac4cf2915]
[hydra10:506855] [ 8] /opt/mpi/openmpi-4.1.4//lib/libmpi.so.40(ompi_group_incl_plist+0x65)[0x7f064cbbc915]
[hydra08:396343] [10] /home/thesis/jheld/MPI_Syrk_implementation/build/src/MPI_SYRK_implementation(+0x841a)[0x55ea75be241a]
[hydra08:396343] [11] /home/thesis/jheld/MPI_Syrk_implementation/build/src/MPI_SYRK_implementation(+0x2ab0)[0x55ea75bdcab0]
[hydra11:374392] [10] /home/thesis/jheld/MPI_Syrk_implementation/build/src/MPI_SYRK_implementation(+0x841a)[0x5562ee1ab41a]
[hydra11:374392] [11] /home/thesis/jheld/MPI_Syrk_implementation/build/src/MPI_SYRK_implementation(+0x2ab0)[0x5562ee1a5ab0]
[hydra06:394665] [12] /lib/x86_64-linux-gnu/libc.so.6(__libc_start_main+0xea)[0x7f88f5ad9d7a]
[hydra02:584563] [ 2] /lib/x86_64-linux-gnu/libc.so.6(abort+0x123)[0x7ff7fd2a3537]
[hydra01:903369] [ 8] /opt/mpi/openmpi-4.1.4//lib/libmpi.so.40(ompi_group_incl_plist+0x65)[0x7f24f5ecb915]
[hydra07:421059] [ 3] /lib/x86_64-linux-gnu/libc.so.6(+0x7a468)[0x7fcacc9a5468]
[hydra09:387310] [ 9] /opt/mpi/openmpi-4.1.4//lib/libmpi.so.40(PMPI_Group_incl+0x95)[0x7faac4d23185]
[hydra10:506855] [ 9] /opt/mpi/openmpi-4.1.4//lib/libmpi.so.40(PMPI_Group_incl+0x95)[0x7f064cbed185]
[hydra10:506855] [10] /home/thesis/jheld/MPI_Syrk_implementation/build/src/MPI_SYRK_implementation(+0x841a)[0x558211fd941a]
[hydra08:396343] [12] /lib/x86_64-linux-gnu/libc.so.6(__libc_start_main+0xea)[0x7f6762329d7a]
[hydra11:374392] [12] /lib/x86_64-linux-gnu/libc.so.6(__libc_start_main+0xea)[0x7fe82f4b8d7a]
[hydra06:394665] [13] /home/thesis/jheld/MPI_Syrk_implementation/build/src/MPI_SYRK_implementation(+0x232a)[0x558c885eb32a]
[hydra06:394665] *** End of error message ***
[hydra02:584563] [ 3] /lib/x86_64-linux-gnu/libc.so.6(+0x7a468)[0x7ff7fd2fb468]
[hydra01:903369] [ 9] /opt/mpi/openmpi-4.1.4//lib/libmpi.so.40(PMPI_Group_incl+0x95)[0x7f24f5efc185]
[hydra07:421059] [ 4] /lib/x86_64-linux-gnu/libc.so.6(+0x8175a)[0x7fcacc9ac75a]
[hydra07:421059] [ 5] /lib/x86_64-linux-gnu/libc.so.6(+0x8483c)[0x7fcacc9af83c]
[hydra09:387310] [10] /home/thesis/jheld/MPI_Syrk_implementation/build/src/MPI_SYRK_implementation(+0x841a)[0x562e43a0241a]
[hydra09:387310] [11] /home/thesis/jheld/MPI_Syrk_implementation/build/src/MPI_SYRK_implementation(+0x2ab0)[0x562e439fcab0]
[hydra10:506855] [11] /home/thesis/jheld/MPI_Syrk_implementation/build/src/MPI_SYRK_implementation(+0x2ab0)[0x558211fd3ab0]
[hydra08:396343] [13] /home/thesis/jheld/MPI_Syrk_implementation/build/src/MPI_SYRK_implementation(+0x232a)[0x55ea75bdc32a]
[hydra08:396343] *** End of error message ***
[hydra11:374392] [13] /home/thesis/jheld/MPI_Syrk_implementation/build/src/MPI_SYRK_implementation(+0x232a)[0x5562ee1a532a]
[hydra11:374392] *** End of error message ***
[hydra02:584563] [ 4] /lib/x86_64-linux-gnu/libc.so.6(+0x8175a)[0x7ff7fd30275a]
[hydra01:903369] [10] /home/thesis/jheld/MPI_Syrk_implementation/build/src/MPI_SYRK_implementation(+0x841a)[0x55e60ca1541a]
[hydra01:903369] [11] /home/thesis/jheld/MPI_Syrk_implementation/build/src/MPI_SYRK_implementation(+0x2ab0)[0x55e60ca0fab0]
[hydra07:421060] [ 0] /lib/x86_64-linux-gnu/libc.so.6(+0x38de0)[0x7fd257878de0]
[hydra07:421060] [ 1] /lib/x86_64-linux-gnu/libc.so.6(gsignal+0x141)[0x7fd257878d61]
[hydra07:421060] [ 2] /lib/x86_64-linux-gnu/libc.so.6(abort+0x123)[0x7fd257862537]
[hydra09:387310] [12] /lib/x86_64-linux-gnu/libc.so.6(__libc_start_main+0xea)[0x7faac2dc1d7a]
[hydra09:387310] [13] /home/thesis/jheld/MPI_Syrk_implementation/build/src/MPI_SYRK_implementation(+0x232a)[0x562e439fc32a]
[hydra09:387310] *** End of error message ***
[hydra10:506855] [12] /lib/x86_64-linux-gnu/libc.so.6(__libc_start_main+0xea)[0x7f064ac8bd7a]
[hydra10:506855] [13] /home/thesis/jheld/MPI_Syrk_implementation/build/src/MPI_SYRK_implementation(+0x232a)[0x558211fd332a]
[hydra02:584563] [ 5] /lib/x86_64-linux-gnu/libc.so.6(+0x8483c)[0x7ff7fd30583c]
[hydra01:903369] [12] /lib/x86_64-linux-gnu/libc.so.6(__libc_start_main+0xea)[0x7f24f3f9ad7a]
[hydra01:903369] [13] /home/thesis/jheld/MPI_Syrk_implementation/build/src/MPI_SYRK_implementation(+0x232a)[0x55e60ca0f32a]
[hydra01:903369] *** End of error message ***
[hydra07:421059] [ 6] /lib/x86_64-linux-gnu/libc.so.6(__libc_calloc+0x81)[0x7fcacc9b1bd1]
[hydra07:421059] [ 7] /opt/mpi/openmpi-4.1.4//lib/libmpi.so.40(ompi_group_allocate+0x17)[0x7fcace87f1e7]
[hydra10:506855] *** End of error message ***
[hydra02:584563] [ 6] /lib/x86_64-linux-gnu/libc.so.6(__libc_calloc+0x81)[0x7ff7fd307bd1]
[hydra07:421060] [ 3] /lib/x86_64-linux-gnu/libc.so.6(+0x7a468)[0x7fd2578ba468]
[hydra02:584563] [ 7] /opt/mpi/openmpi-4.1.4//lib/libmpi.so.40(ompi_group_allocate+0x17)[0x7ff7ff1d51e7]
[hydra07:421059] [ 8] /opt/mpi/openmpi-4.1.4//lib/libmpi.so.40(ompi_group_incl_plist+0x65)[0x7fcace87f915]
[hydra02:584563] [ 8] /opt/mpi/openmpi-4.1.4//lib/libmpi.so.40(ompi_group_incl_plist+0x65)[0x7ff7ff1d5915]
[hydra07:421060] [ 4] /lib/x86_64-linux-gnu/libc.so.6(+0x8175a)[0x7fd2578c175a]
[hydra02:584563] [ 9] /opt/mpi/openmpi-4.1.4//lib/libmpi.so.40(PMPI_Group_incl+0x95)[0x7ff7ff206185]
[hydra07:421059] [ 9] /opt/mpi/openmpi-4.1.4//lib/libmpi.so.40(PMPI_Group_incl+0x95)[0x7fcace8b0185]
[hydra02:584563] [10] /home/thesis/jheld/MPI_Syrk_implementation/build/src/MPI_SYRK_implementation(+0x841a)[0x5615e0fc341a]
[hydra02:584563] [11] /home/thesis/jheld/MPI_Syrk_implementation/build/src/MPI_SYRK_implementation(+0x2ab0)[0x5615e0fbdab0]
[hydra07:421059] [10] /home/thesis/jheld/MPI_Syrk_implementation/build/src/MPI_SYRK_implementation(+0x841a)[0x55b33755941a]
[hydra07:421059] [11] /home/thesis/jheld/MPI_Syrk_implementation/build/src/MPI_SYRK_implementation(+0x2ab0)[0x55b337553ab0]
[hydra02:584563] [12] /lib/x86_64-linux-gnu/libc.so.6(__libc_start_main+0xea)[0x7ff7fd2a4d7a]
[hydra02:584563] [13] /home/thesis/jheld/MPI_Syrk_implementation/build/src/MPI_SYRK_implementation(+0x232a)[0x5615e0fbd32a]
[hydra07:421060] [ 5] /lib/x86_64-linux-gnu/libc.so.6(+0x8483c)[0x7fd2578c483c]
[hydra02:584563] *** End of error message ***
[hydra07:421059] [12] /lib/x86_64-linux-gnu/libc.so.6(__libc_start_main+0xea)[0x7fcacc94ed7a]
[hydra07:421059] [13] /home/thesis/jheld/MPI_Syrk_implementation/build/src/MPI_SYRK_implementation(+0x232a)[0x55b33755332a]
[hydra07:421059] *** End of error message ***
[hydra07:421060] [ 6] /lib/x86_64-linux-gnu/libc.so.6(__libc_calloc+0x81)[0x7fd2578c6bd1]
[hydra07:421060] [ 7] /opt/mpi/openmpi-4.1.4//lib/libmpi.so.40(ompi_group_allocate+0x17)[0x7fd2597941e7]
[hydra07:421060] [ 8] /opt/mpi/openmpi-4.1.4//lib/libmpi.so.40(ompi_group_incl_plist+0x65)[0x7fd259794915]
[hydra07:421060] [ 9] /opt/mpi/openmpi-4.1.4//lib/libmpi.so.40(PMPI_Group_incl+0x95)[0x7fd2597c5185]
[hydra07:421060] [10] /home/thesis/jheld/MPI_Syrk_implementation/build/src/MPI_SYRK_implementation(+0x841a)[0x562a8ba3f41a]
[hydra07:421060] [11] /home/thesis/jheld/MPI_Syrk_implementation/build/src/MPI_SYRK_implementation(+0x2ab0)[0x562a8ba39ab0]
[hydra07:421060] [12] /lib/x86_64-linux-gnu/libc.so.6(__libc_start_main+0xea)[0x7fd257863d7a]
[hydra07:421060] [13] /home/thesis/jheld/MPI_Syrk_implementation/build/src/MPI_SYRK_implementation(+0x232a)[0x562a8ba3932a]
[hydra07:421060] *** End of error message ***
srun: error: hydra11: task 31: Aborted
srun: error: hydra05: task 12: Aborted
srun: error: hydra10: task 29: Aborted
srun: error: hydra02: task 3: Aborted
srun: error: hydra08: task 23: Aborted
srun: error: hydra03: task 6: Aborted
srun: error: hydra09: task 26: Aborted
srun: error: hydra06: task 15: Aborted
srun: error: hydra12: task 35: Aborted
srun: error: hydra04: task 11: Aborted
srun: error: hydra01: tasks 0,2: Aborted
srun: error: hydra07: tasks 19-20: Aborted
slurmstepd: error:  mpi/pmix_v4: _errhandler: hydra04 [3]: pmixp_client_v2.c:211: Error handler invoked: status = -61, source = [slurm.pmix.5008700.25:11]
slurmstepd: error:  mpi/pmix_v4: _errhandler: hydra05 [4]: pmixp_client_v2.c:211: Error handler invoked: status = -61, source = [slurm.pmix.5008700.25:12]
slurmstepd: error:  mpi/pmix_v4: _errhandler: hydra06 [5]: pmixp_client_v2.c:211: Error handler invoked: status = -61, source = [slurm.pmix.5008700.25:15]
slurmstepd: error:  mpi/pmix_v4: _errhandler: hydra12 [11]: pmixp_client_v2.c:211: Error handler invoked: status = -61, source = [slurm.pmix.5008700.25:35]
slurmstepd: error:  mpi/pmix_v4: _errhandler: hydra08 [7]: pmixp_client_v2.c:211: Error handler invoked: status = -61, source = [slurm.pmix.5008700.25:23]
slurmstepd: error:  mpi/pmix_v4: _errhandler: hydra11 [10]: pmixp_client_v2.c:211: Error handler invoked: status = -61, source = [slurm.pmix.5008700.25:31]
slurmstepd: error:  mpi/pmix_v4: _errhandler: hydra02 [1]: pmixp_client_v2.c:211: Error handler invoked: status = -61, source = [slurm.pmix.5008700.25:3]
slurmstepd: error:  mpi/pmix_v4: _errhandler: hydra09 [8]: pmixp_client_v2.c:211: Error handler invoked: status = -61, source = [slurm.pmix.5008700.25:26]
slurmstepd: error:  mpi/pmix_v4: _errhandler: hydra10 [9]: pmixp_client_v2.c:211: Error handler invoked: status = -61, source = [slurm.pmix.5008700.25:29]
slurmstepd: error:  mpi/pmix_v4: _errhandler: hydra03 [2]: pmixp_client_v2.c:211: Error handler invoked: status = -61, source = [slurm.pmix.5008700.25:6]
slurmstepd: error:  mpi/pmix_v4: _errhandler: hydra07 [6]: pmixp_client_v2.c:211: Error handler invoked: status = -61, source = [slurm.pmix.5008700.25:19]
slurmstepd: error:  mpi/pmix_v4: _errhandler: hydra01 [0]: pmixp_client_v2.c:211: Error handler invoked: status = -61, source = [slurm.pmix.5008700.25:0]
slurmstepd: error: *** STEP 5008700.25 ON hydra01 CANCELLED AT 2025-10-13T15:38:35 ***
srun: Job step aborted: Waiting up to 32 seconds for job step to finish.
srun: error: hydra01: task 1: Killed
srun: error: hydra07: task 18: Killed
srun: error: hydra10: tasks 27-28: Killed
srun: error: hydra09: tasks 24-25: Killed
srun: error: hydra02: tasks 4-5: Killed
srun: error: hydra04: tasks 9-10: Killed
srun: error: hydra05: tasks 13-14: Killed
srun: error: hydra08: tasks 21-22: Killed
srun: error: hydra06: tasks 16-17: Killed
srun: error: hydra11: tasks 30,32: Killed
srun: error: hydra03: tasks 7-8: Killed
srun: error: hydra12: tasks 33-34: Killed
⚠️ Warning: No runtime found for run 26
srun: Warning: can't honor --ntasks-per-node set to 1 which doesn't match the requested tasks 36 with the number of requested nodes 12. Ignoring --ntasks-per-node.
missing input file name --> Generate random input
malloc(): invalid size (unsorted)
[hydra12:374413] *** Process received signal ***
[hydra12:374413] Signal: Aborted (6)
[hydra12:374413] Signal code:  (-6)
malloc(): invalid size (unsorted)
[hydra11:374464] *** Process received signal ***
[hydra11:374464] Signal: Aborted (6)
[hydra11:374464] Signal code:  (-6)
malloc(): invalid size (unsorted)
[hydra01:903465] *** Process received signal ***
malloc(): invalid size (unsorted)
[hydra01:903466] *** Process received signal ***
[hydra01:903466] Signal: Aborted (6)
[hydra01:903466] Signal code:  (-6)
malloc(): invalid size (unsorted)
[hydra12:374412] *** Process received signal ***
[hydra12:374412] Signal: Aborted (6)
[hydra12:374412] Signal code:  (-6)
[hydra01:903465] Signal: Aborted (6)
[hydra01:903465] Signal code:  (-6)
[hydra12:374413] [ 0] /lib/x86_64-linux-gnu/libc.so.6(+0x38de0)[0x7f0a8c73fde0]
[hydra01:903466] [ 0] /lib/x86_64-linux-gnu/libc.so.6(+0x38de0)[0x7f51110a7de0]
[hydra12:374412] [ 0] /lib/x86_64-linux-gnu/libc.so.6(+0x38de0)[0x7f6b2e08ade0]
malloc(): invalid size (unsorted)
malloc(): invalid size (unsorted)
[hydra06:394737] *** Process received signal ***
[hydra06:394737] Signal: Aborted (6)
[hydra06:394737] Signal code:  (-6)
[hydra12:374413] [ 1] /lib/x86_64-linux-gnu/libc.so.6(gsignal+0x141)[0x7f0a8c73fd61]
malloc(): invalid size (unsorted)
[hydra05:394063] *** Process received signal ***
[hydra05:394063] Signal: Aborted (6)
[hydra05:394063] Signal code:  (-6)
malloc(): invalid size (unsorted)
[hydra07:421130] *** Process received signal ***
[hydra07:421130] Signal: Aborted (6)
[hydra07:421130] Signal code:  (-6)
[hydra01:903465] [ 0] /lib/x86_64-linux-gnu/libc.so.6(+0x38de0)[0x7f7366924de0]
[hydra12:374412] [ 1] /lib/x86_64-linux-gnu/libc.so.6(gsignal+0x141)[0x7f6b2e08ad61]
malloc(): invalid size (unsorted)
[hydra02:584648] *** Process received signal ***
[hydra02:584648] Signal: Aborted (6)
[hydra02:584648] Signal code:  (-6)
malloc(): invalid size (unsorted)
[hydra03:411383] *** Process received signal ***
[hydra03:411383] Signal: Aborted (6)
[hydra03:411383] Signal code:  (-6)
[hydra01:903466] [ 1] /lib/x86_64-linux-gnu/libc.so.6(gsignal+0x141)[0x7f51110a7d61]
[hydra12:374413] [ 2] /lib/x86_64-linux-gnu/libc.so.6(abort+0x123)[0x7f0a8c729537]
[hydra01:903465] [ 1] /lib/x86_64-linux-gnu/libc.so.6(gsignal+0x141)[0x7f7366924d61]
[hydra06:394737] [ 0] /lib/x86_64-linux-gnu/libc.so.6(+0x38de0)[0x7fe4f6d03de0]
[hydra12:374412] [ 2] /lib/x86_64-linux-gnu/libc.so.6(abort+0x123)[0x7f6b2e074537]
[hydra01:903466] [ 2] /lib/x86_64-linux-gnu/libc.so.6(abort+0x123)[0x7f5111091537]
malloc(): invalid size (unsorted)
[hydra08:396415] *** Process received signal ***
[hydra08:396415] Signal: Aborted (6)
[hydra08:396415] Signal code:  (-6)
malloc(): invalid size (unsorted)
[hydra09:387382] *** Process received signal ***
[hydra09:387382] Signal: Aborted (6)
[hydra09:387382] Signal code:  (-6)
[hydra12:374413] [ 3] /lib/x86_64-linux-gnu/libc.so.6(+0x7a468)[0x7f0a8c781468]
malloc(): invalid size (unsorted)
[hydra04:410114] *** Process received signal ***
[hydra04:410114] Signal: Aborted (6)
[hydra04:410114] Signal code:  (-6)
[hydra01:903467] *** Process received signal ***
[hydra01:903467] Signal: Aborted (6)
[hydra01:903467] Signal code:  (-6)
[hydra06:394737] [ 1] /lib/x86_64-linux-gnu/libc.so.6(gsignal+0x141)[0x7fe4f6d03d61]
malloc(): invalid size (unsorted)
[hydra10:506930] *** Process received signal ***
[hydra10:506930] Signal: Aborted (6)
[hydra10:506930] Signal code:  (-6)
[hydra12:374412] [ 3] /lib/x86_64-linux-gnu/libc.so.6(+0x7a468)[0x7f6b2e0cc468]
[hydra01:903465] [ 2] /lib/x86_64-linux-gnu/libc.so.6(abort+0x123)[0x7f736690e537]
[hydra06:394737] [ 2] /lib/x86_64-linux-gnu/libc.so.6(abort+0x123)[0x7fe4f6ced537]
[hydra12:374413] [ 4] /lib/x86_64-linux-gnu/libc.so.6(+0x8175a)[0x7f0a8c78875a]
[hydra01:903466] [ 3] /lib/x86_64-linux-gnu/libc.so.6(+0x7a468)[0x7f51110e9468]
[hydra06:394737] [ 3] /lib/x86_64-linux-gnu/libc.so.6(+0x7a468)[0x7fe4f6d45468]
[hydra09:387382] [ 0] /lib/x86_64-linux-gnu/libc.so.6(+0x38de0)[0x7f98e55b9de0]
[hydra12:374412] [ 4] /lib/x86_64-linux-gnu/libc.so.6(+0x8175a)[0x7f6b2e0d375a]
[hydra01:903465] [ 3] /lib/x86_64-linux-gnu/libc.so.6(+0x7a468)[0x7f7366966468]
[hydra12:374413] [ 5] /lib/x86_64-linux-gnu/libc.so.6(+0x8483c)[0x7f0a8c78b83c]
[hydra01:903466] [ 4] /lib/x86_64-linux-gnu/libc.so.6(+0x8175a)[0x7f51110f075a]
[hydra06:394737] [ 4] /lib/x86_64-linux-gnu/libc.so.6(+0x8175a)[0x7fe4f6d4c75a]
[hydra10:506930] [ 0] /lib/x86_64-linux-gnu/libc.so.6(+0x38de0)[0x7fae507b4de0]
[hydra12:374412] [ 5] /lib/x86_64-linux-gnu/libc.so.6(+0x8483c)[0x7f6b2e0d683c]
[hydra01:903465] [ 4] /lib/x86_64-linux-gnu/libc.so.6(+0x8175a)[0x7f736696d75a]
[hydra06:394737] [ 5] /lib/x86_64-linux-gnu/libc.so.6(+0x8483c)[0x7fe4f6d4f83c]
[hydra09:387382] [ 1] /lib/x86_64-linux-gnu/libc.so.6(gsignal+0x141)[0x7f98e55b9d61]
[hydra10:506930] [ 1] /lib/x86_64-linux-gnu/libc.so.6(gsignal+0x141)[0x7fae507b4d61]
[hydra12:374413] [ 6] /lib/x86_64-linux-gnu/libc.so.6(__libc_calloc+0x81)[0x7f0a8c78dbd1]
[hydra11:374464] [ 0] /lib/x86_64-linux-gnu/libc.so.6(+0x38de0)[0x7f91d41e6de0]
[hydra01:903466] [ 5] /lib/x86_64-linux-gnu/libc.so.6(+0x8483c)[0x7f51110f383c]
[hydra06:394737] [ 6] /lib/x86_64-linux-gnu/libc.so.6(__libc_calloc+0x81)[0x7fe4f6d51bd1]
[hydra09:387382] [ 2] /lib/x86_64-linux-gnu/libc.so.6(abort+0x123)[0x7f98e55a3537]
[hydra10:506930] [ 2] /lib/x86_64-linux-gnu/libc.so.6(abort+0x123)[0x7fae5079e537]
[hydra12:374412] [ 6] /lib/x86_64-linux-gnu/libc.so.6(__libc_calloc+0x81)[0x7f6b2e0d8bd1]
[hydra11:374464] [ 1] /lib/x86_64-linux-gnu/libc.so.6(gsignal+0x141)[0x7f91d41e6d61]
malloc(): invalid size (unsorted)
[hydra03:411384] *** Process received signal ***
[hydra03:411384] Signal: Aborted (6)
[hydra03:411384] Signal code:  (-6)
[hydra01:903467] [ 0] /lib/x86_64-linux-gnu/libc.so.6(+0x38de0)[0x7f8df7292de0]
[hydra06:394737] [ 7] /opt/mpi/openmpi-4.1.4//lib/libmpi.so.40(ompi_group_allocate+0x17)[0x7fe4f8c1f1e7]
[hydra09:387382] [ 3] /lib/x86_64-linux-gnu/libc.so.6(+0x7a468)[0x7f98e55fb468]
[hydra10:506930] [ 3] /lib/x86_64-linux-gnu/libc.so.6(+0x7a468)[0x7fae507f6468]
[hydra12:374413] [ 7] /opt/mpi/openmpi-4.1.4//lib/libmpi.so.40(ompi_group_allocate+0x17)[0x7f0a8e65b1e7]
[hydra11:374464] [ 2] /lib/x86_64-linux-gnu/libc.so.6(abort+0x123)[0x7f91d41d0537]
[hydra03:411383] [ 0] /lib/x86_64-linux-gnu/libc.so.6(+0x38de0)[0x7f9f3b6f2de0]
[hydra01:903465] [ 5] /lib/x86_64-linux-gnu/libc.so.6(+0x8483c)[0x7f736697083c]
[hydra06:394737] [ 8] /opt/mpi/openmpi-4.1.4//lib/libmpi.so.40(ompi_group_incl_plist+0x65)[0x7fe4f8c1f915]
[hydra09:387382] [ 4] /lib/x86_64-linux-gnu/libc.so.6(+0x8175a)[0x7f98e560275a]
[hydra10:506930] [ 4] /lib/x86_64-linux-gnu/libc.so.6(+0x8175a)[0x7fae507fd75a]
[hydra12:374412] [ 7] /opt/mpi/openmpi-4.1.4//lib/libmpi.so.40(ompi_group_allocate+0x17)[0x7f6b2ffa61e7]
malloc(): invalid size (unsorted)
[hydra02:584649] *** Process received signal ***
[hydra02:584649] Signal: Aborted (6)
[hydra02:584649] Signal code:  (-6)
[hydra05:394063] [ 0] /lib/x86_64-linux-gnu/libc.so.6(+0x38de0)[0x7fbb1fb18de0]
[hydra11:374464] [ 3] /lib/x86_64-linux-gnu/libc.so.6(+0x7a468)[0x7f91d4228468]
[hydra03:411384] [ 0] /lib/x86_64-linux-gnu/libc.so.6(+0x38de0)[0x7fd4f7c6ede0]
[hydra01:903466] [ 6] /lib/x86_64-linux-gnu/libc.so.6(__libc_calloc+0x81)[0x7f51110f5bd1]
[hydra06:394737] [ 9] /opt/mpi/openmpi-4.1.4//lib/libmpi.so.40(PMPI_Group_incl+0x95)[0x7fe4f8c50185]
[hydra09:387382] [ 5] /lib/x86_64-linux-gnu/libc.so.6(+0x8483c)[0x7f98e560583c]
[hydra12:374413] [ 8] /opt/mpi/openmpi-4.1.4//lib/libmpi.so.40(ompi_group_incl_plist+0x65)[0x7f0a8e65b915]
[hydra02:584648] [ 0] /lib/x86_64-linux-gnu/libc.so.6(+0x38de0)[0x7f69cb6b5de0]
[hydra05:394063] [ 1] /lib/x86_64-linux-gnu/libc.so.6(gsignal+0x141)[0x7fbb1fb18d61]
[hydra11:374464] [ 4] /lib/x86_64-linux-gnu/libc.so.6(+0x8175a)[0x7f91d422f75a]
[hydra07:421130] [ 0] /lib/x86_64-linux-gnu/libc.so.6(+0x38de0)[0x7f8ee4515de0]
[hydra03:411383] [ 1] /lib/x86_64-linux-gnu/libc.so.6(gsignal+0x141)[0x7f9f3b6f2d61]
[hydra01:903467] [ 1] /lib/x86_64-linux-gnu/libc.so.6(gsignal+0x141)[0x7f8df7292d61]
[hydra06:394737] [10] /home/thesis/jheld/MPI_Syrk_implementation/build/src/MPI_SYRK_implementation(+0x841a)[0x55f8aa20041a]
[hydra06:394737] [11] /home/thesis/jheld/MPI_Syrk_implementation/build/src/MPI_SYRK_implementation(+0x2ab0)[0x55f8aa1faab0]
[hydra09:387382] [ 6] /lib/x86_64-linux-gnu/libc.so.6(__libc_calloc+0x81)[0x7f98e5607bd1]
[hydra10:506930] [ 5] /lib/x86_64-linux-gnu/libc.so.6(+0x8483c)[0x7fae5080083c]
[hydra12:374412] [ 8] /opt/mpi/openmpi-4.1.4//lib/libmpi.so.40(ompi_group_incl_plist+0x65)[0x7f6b2ffa6915]
[hydra02:584648] [ 1] /lib/x86_64-linux-gnu/libc.so.6(gsignal+0x141)[0x7f69cb6b5d61]
[hydra05:394063] [ 2] /lib/x86_64-linux-gnu/libc.so.6(abort+0x123)[0x7fbb1fb02537]
[hydra11:374464] [ 5] /lib/x86_64-linux-gnu/libc.so.6(+0x8483c)[0x7f91d423283c]
malloc(): invalid size (unsorted)
[hydra07:421130] [ 1] /lib/x86_64-linux-gnu/libc.so.6(gsignal+0x141)[0x7f8ee4515d61]
[hydra03:411384] [ 1] /lib/x86_64-linux-gnu/libc.so.6(gsignal+0x141)[0x7fd4f7c6ed61]
[hydra01:903465] [ 6] /lib/x86_64-linux-gnu/libc.so.6(__libc_calloc+0x81)[0x7f7366972bd1]
[hydra06:394737] [12] /lib/x86_64-linux-gnu/libc.so.6(__libc_start_main+0xea)[0x7fe4f6ceed7a]
[hydra06:394737] [13] /home/thesis/jheld/MPI_Syrk_implementation/build/src/MPI_SYRK_implementation(+0x232a)[0x55f8aa1fa32a]
[hydra10:506930] [ 6] /lib/x86_64-linux-gnu/libc.so.6(__libc_calloc+0x81)[0x7fae50802bd1]
[hydra12:374413] [ 9] /opt/mpi/openmpi-4.1.4//lib/libmpi.so.40(PMPI_Group_incl+0x95)[0x7f0a8e68c185]
[hydra02:584649] [ 0] /lib/x86_64-linux-gnu/libc.so.6(+0x38de0)[0x7efff424ade0]
[hydra05:394063] [ 3] /lib/x86_64-linux-gnu/libc.so.6(+0x7a468)[0x7fbb1fb5a468]
malloc(): invalid size (unsorted)
[hydra04:410113] *** Process received signal ***
[hydra04:410113] Signal: Aborted (6)
[hydra04:410113] Signal code:  (-6)
[hydra07:421130] [ 2] /lib/x86_64-linux-gnu/libc.so.6(abort+0x123)[0x7f8ee44ff537]
[hydra03:411383] [ 2] /lib/x86_64-linux-gnu/libc.so.6(abort+0x123)[0x7f9f3b6dc537]
[hydra01:903466] [ 7] /opt/mpi/openmpi-4.1.4//lib/libmpi.so.40(ompi_group_allocate+0x17)[0x7f5112fc31e7]
[hydra01:903466] [ 8] /opt/mpi/openmpi-4.1.4//lib/libmpi.so.40(ompi_group_incl_plist+0x65)[0x7f5112fc3915]
[hydra08:396415] [ 0] /lib/x86_64-linux-gnu/libc.so.6(+0x38de0)[0x7f0b7c5b8de0]
[hydra06:394737] *** End of error message ***
[hydra10:506930] [ 7] /opt/mpi/openmpi-4.1.4//lib/libmpi.so.40(ompi_group_allocate+0x17)[0x7fae526d01e7]
[hydra12:374413] [10] /home/thesis/jheld/MPI_Syrk_implementation/build/src/MPI_SYRK_implementation(+0x841a)[0x55f54ba1e41a]
[hydra12:374413] [11] /home/thesis/jheld/MPI_Syrk_implementation/build/src/MPI_SYRK_implementation(+0x2ab0)[0x55f54ba18ab0]
[hydra02:584648] [ 2] /lib/x86_64-linux-gnu/libc.so.6(abort+0x123)[0x7f69cb69f537]
[hydra05:394063] [ 4] /lib/x86_64-linux-gnu/libc.so.6(+0x8175a)[0x7fbb1fb6175a]
[hydra11:374464] [ 6] /lib/x86_64-linux-gnu/libc.so.6(__libc_calloc+0x81)[0x7f91d4234bd1]
[hydra04:410114] [ 0] /lib/x86_64-linux-gnu/libc.so.6(+0x38de0)[0x7fda1a21ade0]
[hydra07:421130] [ 3] /lib/x86_64-linux-gnu/libc.so.6(+0x7a468)[0x7f8ee4557468]
[hydra03:411384] [ 2] /lib/x86_64-linux-gnu/libc.so.6(abort+0x123)[0x7fd4f7c58537]
[hydra01:903467] [ 2] /lib/x86_64-linux-gnu/libc.so.6(abort+0x123)[0x7f8df727c537]
[hydra08:396415] [ 1] /lib/x86_64-linux-gnu/libc.so.6(gsignal+0x141)[0x7f0b7c5b8d61]
[hydra10:506930] [ 8] /opt/mpi/openmpi-4.1.4//lib/libmpi.so.40(ompi_group_incl_plist+0x65)[0x7fae526d0915]
[hydra12:374412] [ 9] /opt/mpi/openmpi-4.1.4//lib/libmpi.so.40(PMPI_Group_incl+0x95)[0x7f6b2ffd7185]
[hydra12:374412] [10] /home/thesis/jheld/MPI_Syrk_implementation/build/src/MPI_SYRK_implementation(+0x841a)[0x563cdddef41a]
[hydra12:374412] [11] /home/thesis/jheld/MPI_Syrk_implementation/build/src/MPI_SYRK_implementation(+0x2ab0)[0x563cddde9ab0]
[hydra02:584649] [ 1] /lib/x86_64-linux-gnu/libc.so.6(gsignal+0x141)[0x7efff424ad61]
[hydra05:394063] [ 5] /lib/x86_64-linux-gnu/libc.so.6(+0x8483c)[0x7fbb1fb6483c]
[hydra11:374462] *** Process received signal ***
[hydra04:410114] [ 1] /lib/x86_64-linux-gnu/libc.so.6(gsignal+0x141)[0x7fda1a21ad61]
[hydra07:421130] [ 4] /lib/x86_64-linux-gnu/libc.so.6(+0x8175a)[0x7f8ee455e75a]
[hydra03:411383] [ 3] /lib/x86_64-linux-gnu/libc.so.6(+0x7a468)[0x7f9f3b734468]
[hydra01:903465] [ 7] /opt/mpi/openmpi-4.1.4//lib/libmpi.so.40(ompi_group_allocate+0x17)[0x7f73688401e7]
[hydra01:903465] [ 8] /opt/mpi/openmpi-4.1.4//lib/libmpi.so.40(ompi_group_incl_plist+0x65)[0x7f7368840915]
[hydra08:396415] [ 2] /lib/x86_64-linux-gnu/libc.so.6(abort+0x123)[0x7f0b7c5a2537]
[hydra09:387382] [ 7] /opt/mpi/openmpi-4.1.4//lib/libmpi.so.40(ompi_group_allocate+0x17)[0x7f98e74d51e7]
[hydra10:506930] [ 9] /opt/mpi/openmpi-4.1.4//lib/libmpi.so.40(PMPI_Group_incl+0x95)[0x7fae52701185]
[hydra10:506930] [10] /home/thesis/jheld/MPI_Syrk_implementation/build/src/MPI_SYRK_implementation(+0x841a)[0x5580d866641a]
[hydra12:374413] [12] /lib/x86_64-linux-gnu/libc.so.6(__libc_start_main+0xea)[0x7f0a8c72ad7a]
[hydra12:374413] [13] /home/thesis/jheld/MPI_Syrk_implementation/build/src/MPI_SYRK_implementation(+0x232a)[0x55f54ba1832a]
[hydra12:374413] *** End of error message ***
[hydra02:584649] [ 2] /lib/x86_64-linux-gnu/libc.so.6(abort+0x123)[0x7efff4234537]
[hydra05:394063] [ 6] /lib/x86_64-linux-gnu/libc.so.6(__libc_calloc+0x81)[0x7fbb1fb66bd1]
[hydra11:374462] Signal: Aborted (6)
[hydra11:374462] Signal code:  (-6)
[hydra04:410113] [ 0] /lib/x86_64-linux-gnu/libc.so.6(+0x38de0)[0x7fd94dc2dde0]
[hydra07:421130] [ 5] /lib/x86_64-linux-gnu/libc.so.6(+0x8483c)[0x7f8ee456183c]
[hydra03:411384] [ 3] /lib/x86_64-linux-gnu/libc.so.6(+0x7a468)[0x7fd4f7cb0468]
[hydra01:903467] [ 3] /lib/x86_64-linux-gnu/libc.so.6(+0x7a468)[0x7f8df72d4468]
[hydra08:396415] [ 3] /lib/x86_64-linux-gnu/libc.so.6(+0x7a468)[0x7f0b7c5fa468]
[hydra09:387382] [ 8] /opt/mpi/openmpi-4.1.4//lib/libmpi.so.40(ompi_group_incl_plist+0x65)[0x7f98e74d5915]
[hydra10:506930] [11] /home/thesis/jheld/MPI_Syrk_implementation/build/src/MPI_SYRK_implementation(+0x2ab0)[0x5580d8660ab0]
[hydra12:374412] [12] /lib/x86_64-linux-gnu/libc.so.6(__libc_start_main+0xea)[0x7f6b2e075d7a]
[hydra12:374412] [13] /home/thesis/jheld/MPI_Syrk_implementation/build/src/MPI_SYRK_implementation(+0x232a)[0x563cddde932a]
[hydra12:374412] *** End of error message ***
[hydra02:584648] [ 3] /lib/x86_64-linux-gnu/libc.so.6(+0x7a468)[0x7f69cb6f7468]
[hydra05:394063] [ 7] /opt/mpi/openmpi-4.1.4//lib/libmpi.so.40(ompi_group_allocate+0x17)[0x7fbb21a341e7]
[hydra11:374464] [ 7] /opt/mpi/openmpi-4.1.4//lib/libmpi.so.40(ompi_group_allocate+0x17)[0x7f91d61021e7]
[hydra04:410114] [ 2] /lib/x86_64-linux-gnu/libc.so.6(abort+0x123)[0x7fda1a204537]
[hydra07:421130] [ 6] /lib/x86_64-linux-gnu/libc.so.6(__libc_calloc+0x81)[0x7f8ee4563bd1]
[hydra03:411383] [ 4] /lib/x86_64-linux-gnu/libc.so.6(+0x8175a)[0x7f9f3b73b75a]
[hydra01:903466] [ 9] /opt/mpi/openmpi-4.1.4//lib/libmpi.so.40(PMPI_Group_incl+0x95)[0x7f5112ff4185]
[hydra01:903466] [10] /home/thesis/jheld/MPI_Syrk_implementation/build/src/MPI_SYRK_implementation(+0x841a)[0x55aae1cd241a]
[hydra01:903466] [11] /home/thesis/jheld/MPI_Syrk_implementation/build/src/MPI_SYRK_implementation(+0x2ab0)[0x55aae1cccab0]
[hydra08:396415] [ 4] /lib/x86_64-linux-gnu/libc.so.6(+0x8175a)[0x7f0b7c60175a]
[hydra09:387382] [ 9] /opt/mpi/openmpi-4.1.4//lib/libmpi.so.40(PMPI_Group_incl+0x95)[0x7f98e7506185]
[hydra09:387382] [10] /home/thesis/jheld/MPI_Syrk_implementation/build/src/MPI_SYRK_implementation(+0x841a)[0x55e7b154641a]
[hydra10:506930] [12] /lib/x86_64-linux-gnu/libc.so.6(__libc_start_main+0xea)[0x7fae5079fd7a]
[hydra10:506930] [13] /home/thesis/jheld/MPI_Syrk_implementation/build/src/MPI_SYRK_implementation(+0x232a)[0x5580d866032a]
[hydra02:584649] [ 3] /lib/x86_64-linux-gnu/libc.so.6(+0x7a468)[0x7efff428c468]
[hydra05:394063] [ 8] /opt/mpi/openmpi-4.1.4//lib/libmpi.so.40(ompi_group_incl_plist+0x65)[0x7fbb21a34915]
[hydra11:374464] [ 8] /opt/mpi/openmpi-4.1.4//lib/libmpi.so.40(ompi_group_incl_plist+0x65)[0x7f91d6102915]
[hydra04:410113] [ 1] /lib/x86_64-linux-gnu/libc.so.6(gsignal+0x141)[0x7fd94dc2dd61]
[hydra07:421130] [ 7] /opt/mpi/openmpi-4.1.4//lib/libmpi.so.40(ompi_group_allocate+0x17)[0x7f8ee64311e7]
[hydra03:411384] [ 4] /lib/x86_64-linux-gnu/libc.so.6(+0x8175a)[0x7fd4f7cb775a]
[hydra01:903467] [ 4] /lib/x86_64-linux-gnu/libc.so.6(+0x8175a)[0x7f8df72db75a]
[hydra08:396415] [ 5] /lib/x86_64-linux-gnu/libc.so.6(+0x8483c)[0x7f0b7c60483c]
[hydra09:387382] [11] /home/thesis/jheld/MPI_Syrk_implementation/build/src/MPI_SYRK_implementation(+0x2ab0)[0x55e7b1540ab0]
[hydra10:506930] *** End of error message ***
[hydra02:584648] [ 4] /lib/x86_64-linux-gnu/libc.so.6(+0x8175a)[0x7f69cb6fe75a]
[hydra05:394063] [ 9] /opt/mpi/openmpi-4.1.4//lib/libmpi.so.40(PMPI_Group_incl+0x95)[0x7fbb21a65185]
[hydra05:394063] [10] /home/thesis/jheld/MPI_Syrk_implementation/build/src/MPI_SYRK_implementation(+0x841a)[0x55dda458a41a]
[hydra11:374464] [ 9] /opt/mpi/openmpi-4.1.4//lib/libmpi.so.40(PMPI_Group_incl+0x95)[0x7f91d6133185]
[hydra11:374464] [10] /home/thesis/jheld/MPI_Syrk_implementation/build/src/MPI_SYRK_implementation(+0x841a)[0x562187a8a41a]
[hydra04:410114] [ 3] /lib/x86_64-linux-gnu/libc.so.6(+0x7a468)[0x7fda1a25c468]
[hydra07:421130] [ 8] /opt/mpi/openmpi-4.1.4//lib/libmpi.so.40(ompi_group_incl_plist+0x65)[0x7f8ee6431915]
[hydra03:411383] [ 5] /lib/x86_64-linux-gnu/libc.so.6(+0x8483c)[0x7f9f3b73e83c]
[hydra01:903465] [ 9] /opt/mpi/openmpi-4.1.4//lib/libmpi.so.40(PMPI_Group_incl+0x95)[0x7f7368871185]
[hydra01:903465] [10] /home/thesis/jheld/MPI_Syrk_implementation/build/src/MPI_SYRK_implementation(+0x841a)[0x55e10ba2841a]
[hydra01:903465] [11] /home/thesis/jheld/MPI_Syrk_implementation/build/src/MPI_SYRK_implementation(+0x2ab0)[0x55e10ba22ab0]
[hydra08:396415] [ 6] /lib/x86_64-linux-gnu/libc.so.6(__libc_calloc+0x81)[0x7f0b7c606bd1]
[hydra09:387382] [12] /lib/x86_64-linux-gnu/libc.so.6(__libc_start_main+0xea)[0x7f98e55a4d7a]
[hydra02:584649] [ 4] /lib/x86_64-linux-gnu/libc.so.6(+0x8175a)[0x7efff429375a]
[hydra05:394063] [11] /home/thesis/jheld/MPI_Syrk_implementation/build/src/MPI_SYRK_implementation(+0x2ab0)[0x55dda4584ab0]
[hydra11:374464] [11] /home/thesis/jheld/MPI_Syrk_implementation/build/src/MPI_SYRK_implementation(+0x2ab0)[0x562187a84ab0]
[hydra04:410113] [ 2] /lib/x86_64-linux-gnu/libc.so.6(abort+0x123)[0x7fd94dc17537]
[hydra07:421130] [ 9] /opt/mpi/openmpi-4.1.4//lib/libmpi.so.40(PMPI_Group_incl+0x95)[0x7f8ee6462185]
[hydra07:421130] [10] /home/thesis/jheld/MPI_Syrk_implementation/build/src/MPI_SYRK_implementation(+0x841a)[0x559148cb641a]
[hydra03:411384] [ 5] /lib/x86_64-linux-gnu/libc.so.6(+0x8483c)[0x7fd4f7cba83c]
[hydra01:903466] [12] /lib/x86_64-linux-gnu/libc.so.6(__libc_start_main+0xea)[0x7f5111092d7a]
[hydra01:903466] [13] /home/thesis/jheld/MPI_Syrk_implementation/build/src/MPI_SYRK_implementation(+0x232a)[0x55aae1ccc32a]
[hydra01:903466] *** End of error message ***
[hydra08:396415] [ 7] /opt/mpi/openmpi-4.1.4//lib/libmpi.so.40(ompi_group_allocate+0x17)[0x7f0b7e4d41e7]
[hydra09:387382] [13] /home/thesis/jheld/MPI_Syrk_implementation/build/src/MPI_SYRK_implementation(+0x232a)[0x55e7b154032a]
[hydra09:387382] *** End of error message ***
[hydra02:584648] [ 5] /lib/x86_64-linux-gnu/libc.so.6(+0x8483c)[0x7f69cb70183c]
[hydra05:394063] [12] /lib/x86_64-linux-gnu/libc.so.6(__libc_start_main+0xea)[0x7fbb1fb03d7a]
[hydra05:394063] [13] /home/thesis/jheld/MPI_Syrk_implementation/build/src/MPI_SYRK_implementation(+0x232a)[0x55dda458432a]
[hydra11:374464] [12] /lib/x86_64-linux-gnu/libc.so.6(__libc_start_main+0xea)[0x7f91d41d1d7a]
[hydra04:410114] [ 4] /lib/x86_64-linux-gnu/libc.so.6(+0x8175a)[0x7fda1a26375a]
[hydra07:421130] [11] /home/thesis/jheld/MPI_Syrk_implementation/build/src/MPI_SYRK_implementation(+0x2ab0)[0x559148cb0ab0]
[hydra03:411383] [ 6] /lib/x86_64-linux-gnu/libc.so.6(__libc_calloc+0x81)[0x7f9f3b740bd1]
[hydra01:903465] [12] /lib/x86_64-linux-gnu/libc.so.6(__libc_start_main+0xea)[0x7f736690fd7a]
[hydra01:903465] [13] /home/thesis/jheld/MPI_Syrk_implementation/build/src/MPI_SYRK_implementation(+0x232a)[0x55e10ba2232a]
[hydra01:903465] *** End of error message ***
[hydra08:396415] [ 8] /opt/mpi/openmpi-4.1.4//lib/libmpi.so.40(ompi_group_incl_plist+0x65)[0x7f0b7e4d4915]
[hydra02:584648] [ 6] /lib/x86_64-linux-gnu/libc.so.6(__libc_calloc+0x81)[0x7f69cb703bd1]
[hydra02:584648] [ 7] /opt/mpi/openmpi-4.1.4//lib/libmpi.so.40(ompi_group_allocate+0x17)[0x7f69cd5d11e7]
[hydra02:584648] [ 8] /opt/mpi/openmpi-4.1.4//lib/libmpi.so.40(ompi_group_incl_plist+0x65)[0x7f69cd5d1915]
[hydra05:394063] *** End of error message ***
[hydra11:374464] [13] /home/thesis/jheld/MPI_Syrk_implementation/build/src/MPI_SYRK_implementation(+0x232a)[0x562187a8432a]
[hydra11:374464] *** End of error message ***
[hydra04:410113] [ 3] /lib/x86_64-linux-gnu/libc.so.6(+0x7a468)[0x7fd94dc6f468]
[hydra07:421130] [12] /lib/x86_64-linux-gnu/libc.so.6(__libc_start_main+0xea)[0x7f8ee4500d7a]
[hydra07:421130] [13] /home/thesis/jheld/MPI_Syrk_implementation/build/src/MPI_SYRK_implementation(+0x232a)[0x559148cb032a]
[hydra03:411384] [ 6] /lib/x86_64-linux-gnu/libc.so.6(__libc_calloc+0x81)[0x7fd4f7cbcbd1]
[hydra01:903467] [ 5] /lib/x86_64-linux-gnu/libc.so.6(+0x8483c)[0x7f8df72de83c]
[hydra01:903467] [ 6] /lib/x86_64-linux-gnu/libc.so.6(__libc_calloc+0x81)[0x7f8df72e0bd1]
[hydra08:396415] [ 9] /opt/mpi/openmpi-4.1.4//lib/libmpi.so.40(PMPI_Group_incl+0x95)[0x7f0b7e505185]
[hydra08:396415] [10] /home/thesis/jheld/MPI_Syrk_implementation/build/src/MPI_SYRK_implementation(+0x841a)[0x562ded4c741a]
[hydra02:584649] [ 5] /lib/x86_64-linux-gnu/libc.so.6(+0x8483c)[0x7efff429683c]
[hydra02:584649] [ 6] /lib/x86_64-linux-gnu/libc.so.6(__libc_calloc+0x81)[0x7efff4298bd1]
[hydra02:584649] [ 7] /opt/mpi/openmpi-4.1.4//lib/libmpi.so.40(ompi_group_allocate+0x17)[0x7efff61661e7]
[hydra11:374462] [ 0] /lib/x86_64-linux-gnu/libc.so.6(+0x38de0)[0x7f9d96b29de0]
[hydra04:410114] [ 5] /lib/x86_64-linux-gnu/libc.so.6(+0x8483c)[0x7fda1a26683c]
[hydra07:421130] *** End of error message ***
[hydra03:411383] [ 7] /opt/mpi/openmpi-4.1.4//lib/libmpi.so.40(ompi_group_allocate+0x17)[0x7f9f3d60e1e7]
[hydra01:903467] [ 7] /opt/mpi/openmpi-4.1.4//lib/libmpi.so.40(ompi_group_allocate+0x17)[0x7f8df91ae1e7]
[hydra08:396415] [11] /home/thesis/jheld/MPI_Syrk_implementation/build/src/MPI_SYRK_implementation(+0x2ab0)[0x562ded4c1ab0]
[hydra02:584648] [ 9] /opt/mpi/openmpi-4.1.4//lib/libmpi.so.40(PMPI_Group_incl+0x95)[0x7f69cd602185]
[hydra02:584648] [10] /home/thesis/jheld/MPI_Syrk_implementation/build/src/MPI_SYRK_implementation(+0x841a)[0x55a24a9c541a]
[hydra02:584648] [11] /home/thesis/jheld/MPI_Syrk_implementation/build/src/MPI_SYRK_implementation(+0x2ab0)[0x55a24a9bfab0]
[hydra11:374462] [ 1] /lib/x86_64-linux-gnu/libc.so.6(gsignal+0x141)[0x7f9d96b29d61]
[hydra04:410113] [ 4] /lib/x86_64-linux-gnu/libc.so.6(+0x8175a)[0x7fd94dc7675a]
[hydra04:410113] [ 5] /lib/x86_64-linux-gnu/libc.so.6(+0x8483c)[0x7fd94dc7983c]
[hydra03:411384] [ 7] /opt/mpi/openmpi-4.1.4//lib/libmpi.so.40(ompi_group_allocate+0x17)[0x7fd4f9b8a1e7]
[hydra01:903467] [ 8] /opt/mpi/openmpi-4.1.4//lib/libmpi.so.40(ompi_group_incl_plist+0x65)[0x7f8df91ae915]
[hydra08:396415] [12] /lib/x86_64-linux-gnu/libc.so.6(__libc_start_main+0xea)[0x7f0b7c5a3d7a]
[hydra08:396415] [13] /home/thesis/jheld/MPI_Syrk_implementation/build/src/MPI_SYRK_implementation(+0x232a)[0x562ded4c132a]
[hydra02:584649] [ 8] /opt/mpi/openmpi-4.1.4//lib/libmpi.so.40(ompi_group_incl_plist+0x65)[0x7efff6166915]
[hydra04:410114] [ 6] /lib/x86_64-linux-gnu/libc.so.6(__libc_calloc+0x81)[0x7fda1a268bd1]
[hydra04:410114] [ 7] /opt/mpi/openmpi-4.1.4//lib/libmpi.so.40(ompi_group_allocate+0x17)[0x7fda1c1361e7]
[hydra04:410114] [ 8] /opt/mpi/openmpi-4.1.4//lib/libmpi.so.40(ompi_group_incl_plist+0x65)[0x7fda1c136915]
[hydra03:411383] [ 8] /opt/mpi/openmpi-4.1.4//lib/libmpi.so.40(ompi_group_incl_plist+0x65)[0x7f9f3d60e915]
[hydra01:903467] [ 9] /opt/mpi/openmpi-4.1.4//lib/libmpi.so.40(PMPI_Group_incl+0x95)[0x7f8df91df185]
[hydra01:903467] [10] /home/thesis/jheld/MPI_Syrk_implementation/build/src/MPI_SYRK_implementation(+0x841a)[0x558f4c08c41a]
[hydra08:396415] *** End of error message ***
[hydra02:584648] [12] /lib/x86_64-linux-gnu/libc.so.6(__libc_start_main+0xea)[0x7f69cb6a0d7a]
[hydra02:584648] [13] /home/thesis/jheld/MPI_Syrk_implementation/build/src/MPI_SYRK_implementation(+0x232a)[0x55a24a9bf32a]
[hydra02:584648] *** End of error message ***
[hydra04:410113] [ 6] /lib/x86_64-linux-gnu/libc.so.6(__libc_calloc+0x81)[0x7fd94dc7bbd1]
[hydra04:410113] [ 7] /opt/mpi/openmpi-4.1.4//lib/libmpi.so.40(ompi_group_allocate+0x17)[0x7fd94fb491e7]
[hydra03:411384] [ 8] /opt/mpi/openmpi-4.1.4//lib/libmpi.so.40(ompi_group_incl_plist+0x65)[0x7fd4f9b8a915]
[hydra01:903467] [11] /home/thesis/jheld/MPI_Syrk_implementation/build/src/MPI_SYRK_implementation(+0x2ab0)[0x558f4c086ab0]
[hydra02:584649] [ 9] /opt/mpi/openmpi-4.1.4//lib/libmpi.so.40(PMPI_Group_incl+0x95)[0x7efff6197185]
[hydra02:584649] [10] /home/thesis/jheld/MPI_Syrk_implementation/build/src/MPI_SYRK_implementation(+0x841a)[0x563360db941a]
[hydra02:584649] [11] /home/thesis/jheld/MPI_Syrk_implementation/build/src/MPI_SYRK_implementation(+0x2ab0)[0x563360db3ab0]
[hydra04:410114] [ 9] /opt/mpi/openmpi-4.1.4//lib/libmpi.so.40(PMPI_Group_incl+0x95)[0x7fda1c167185]
[hydra04:410114] [10] /home/thesis/jheld/MPI_Syrk_implementation/build/src/MPI_SYRK_implementation(+0x841a)[0x561b8c31141a]
[hydra04:410114] [11] /home/thesis/jheld/MPI_Syrk_implementation/build/src/MPI_SYRK_implementation(+0x2ab0)[0x561b8c30bab0]
[hydra03:411383] [ 9] /opt/mpi/openmpi-4.1.4//lib/libmpi.so.40(PMPI_Group_incl+0x95)[0x7f9f3d63f185]
[hydra01:903467] [12] /lib/x86_64-linux-gnu/libc.so.6(__libc_start_main+0xea)[0x7f8df727dd7a]
[hydra02:584649] [12] /lib/x86_64-linux-gnu/libc.so.6(__libc_start_main+0xea)[0x7efff4235d7a]
[hydra02:584649] [13] /home/thesis/jheld/MPI_Syrk_implementation/build/src/MPI_SYRK_implementation(+0x232a)[0x563360db332a]
[hydra02:584649] *** End of error message ***
[hydra04:410113] [ 8] /opt/mpi/openmpi-4.1.4//lib/libmpi.so.40(ompi_group_incl_plist+0x65)[0x7fd94fb49915]
[hydra03:411384] [ 9] /opt/mpi/openmpi-4.1.4//lib/libmpi.so.40(PMPI_Group_incl+0x95)[0x7fd4f9bbb185]
[hydra03:411384] [10] /home/thesis/jheld/MPI_Syrk_implementation/build/src/MPI_SYRK_implementation(+0x841a)[0x5590d647741a]
[hydra03:411384] [11] /home/thesis/jheld/MPI_Syrk_implementation/build/src/MPI_SYRK_implementation(+0x2ab0)[0x5590d6471ab0]
[hydra01:903467] [13] /home/thesis/jheld/MPI_Syrk_implementation/build/src/MPI_SYRK_implementation(+0x232a)[0x558f4c08632a]
[hydra01:903467] *** End of error message ***
[hydra04:410114] [12] /lib/x86_64-linux-gnu/libc.so.6(__libc_start_main+0xea)[0x7fda1a205d7a]
[hydra04:410114] [13] /home/thesis/jheld/MPI_Syrk_implementation/build/src/MPI_SYRK_implementation(+0x232a)[0x561b8c30b32a]
[hydra04:410114] *** End of error message ***
[hydra03:411383] [10] /home/thesis/jheld/MPI_Syrk_implementation/build/src/MPI_SYRK_implementation(+0x841a)[0x56098b12041a]
[hydra03:411383] [11] /home/thesis/jheld/MPI_Syrk_implementation/build/src/MPI_SYRK_implementation(+0x2ab0)[0x56098b11aab0]
[hydra04:410113] [ 9] /opt/mpi/openmpi-4.1.4//lib/libmpi.so.40(PMPI_Group_incl+0x95)[0x7fd94fb7a185]
[hydra04:410113] [10] /home/thesis/jheld/MPI_Syrk_implementation/build/src/MPI_SYRK_implementation(+0x841a)[0x55fc35bae41a]
[hydra04:410113] [11] /home/thesis/jheld/MPI_Syrk_implementation/build/src/MPI_SYRK_implementation(+0x2ab0)[0x55fc35ba8ab0]
[hydra03:411383] [12] /lib/x86_64-linux-gnu/libc.so.6(__libc_start_main+0xea)[0x7f9f3b6ddd7a]
[hydra03:411383] [13] /home/thesis/jheld/MPI_Syrk_implementation/build/src/MPI_SYRK_implementation(+0x232a)[0x56098b11a32a]
[hydra03:411383] *** End of error message ***
[hydra04:410113] [12] /lib/x86_64-linux-gnu/libc.so.6(__libc_start_main+0xea)[0x7fd94dc18d7a]
[hydra04:410113] [13] /home/thesis/jheld/MPI_Syrk_implementation/build/src/MPI_SYRK_implementation(+0x232a)[0x55fc35ba832a]
[hydra03:411384] [12] /lib/x86_64-linux-gnu/libc.so.6(__libc_start_main+0xea)[0x7fd4f7c59d7a]
[hydra03:411384] [13] /home/thesis/jheld/MPI_Syrk_implementation/build/src/MPI_SYRK_implementation(+0x232a)[0x5590d647132a]
[hydra03:411384] *** End of error message ***
[hydra04:410113] *** End of error message ***
[hydra11:374462] [ 2] /lib/x86_64-linux-gnu/libc.so.6(abort+0x123)[0x7f9d96b13537]
[hydra11:374462] [ 3] /lib/x86_64-linux-gnu/libc.so.6(+0x7a468)[0x7f9d96b6b468]
[hydra11:374462] [ 4] /lib/x86_64-linux-gnu/libc.so.6(+0x8175a)[0x7f9d96b7275a]
[hydra11:374462] [ 5] /lib/x86_64-linux-gnu/libc.so.6(+0x8483c)[0x7f9d96b7583c]
[hydra11:374462] [ 6] /lib/x86_64-linux-gnu/libc.so.6(__libc_calloc+0x81)[0x7f9d96b77bd1]
[hydra11:374462] [ 7] /opt/mpi/openmpi-4.1.4//lib/libmpi.so.40(ompi_group_allocate+0x17)[0x7f9d98a451e7]
[hydra11:374462] [ 8] /opt/mpi/openmpi-4.1.4//lib/libmpi.so.40(ompi_group_incl_plist+0x65)[0x7f9d98a45915]
[hydra11:374462] [ 9] /opt/mpi/openmpi-4.1.4//lib/libmpi.so.40(PMPI_Group_incl+0x95)[0x7f9d98a76185]
[hydra11:374462] [10] /home/thesis/jheld/MPI_Syrk_implementation/build/src/MPI_SYRK_implementation(+0x841a)[0x56302854441a]
[hydra11:374462] [11] /home/thesis/jheld/MPI_Syrk_implementation/build/src/MPI_SYRK_implementation(+0x2ab0)[0x56302853eab0]
[hydra11:374462] [12] /lib/x86_64-linux-gnu/libc.so.6(__libc_start_main+0xea)[0x7f9d96b14d7a]
[hydra11:374462] [13] /home/thesis/jheld/MPI_Syrk_implementation/build/src/MPI_SYRK_implementation(+0x232a)[0x56302853e32a]
[hydra11:374462] *** End of error message ***
srun: error: hydra09: task 26: Aborted
srun: error: hydra08: task 23: Aborted
srun: error: hydra11: tasks 30,32: Aborted
srun: error: hydra10: task 29: Aborted
srun: error: hydra07: task 19: Aborted
srun: error: hydra05: task 12: Aborted
srun: error: hydra03: tasks 6-7: Aborted
srun: error: hydra06: task 16: Aborted
srun: error: hydra02: tasks 3-4: Aborted
srun: error: hydra04: tasks 9-10: Aborted
srun: error: hydra12: tasks 33-34: Aborted
srun: error: hydra01: tasks 0-2: Aborted
slurmstepd: error:  mpi/pmix_v4: _errhandler: hydra06 [5]: pmixp_client_v2.c:211: Error handler invoked: status = -61, source = [slurm.pmix.5008700.26:16]
slurmstepd: error:  mpi/pmix_v4: _errhandler: hydra07 [6]: pmixp_client_v2.c:211: Error handler invoked: status = -61, source = [slurm.pmix.5008700.26:19]
slurmstepd: error:  mpi/pmix_v4: _errhandler: hydra09 [8]: pmixp_client_v2.c:211: Error handler invoked: status = -61, source = [slurm.pmix.5008700.26:26]
slurmstepd: error:  mpi/pmix_v4: _errhandler: hydra05 [4]: pmixp_client_v2.c:211: Error handler invoked: status = -61, source = [slurm.pmix.5008700.26:12]
slurmstepd: error:  mpi/pmix_v4: _errhandler: hydra10 [9]: pmixp_client_v2.c:211: Error handler invoked: status = -61, source = [slurm.pmix.5008700.26:29]
slurmstepd: error:  mpi/pmix_v4: _errhandler: hydra08 [7]: pmixp_client_v2.c:211: Error handler invoked: status = -61, source = [slurm.pmix.5008700.26:23]
slurmstepd: error:  mpi/pmix_v4: _errhandler: hydra11 [10]: pmixp_client_v2.c:211: Error handler invoked: status = -61, source = [slurm.pmix.5008700.26:32]
slurmstepd: error:  mpi/pmix_v4: _errhandler: hydra04 [3]: pmixp_client_v2.c:211: Error handler invoked: status = -61, source = [slurm.pmix.5008700.26:9]
slurmstepd: error:  mpi/pmix_v4: _errhandler: hydra03 [2]: pmixp_client_v2.c:211: Error handler invoked: status = -61, source = [slurm.pmix.5008700.26:7]
srun: Job step aborted: Waiting up to 32 seconds for job step to finish.
srun: error: hydra12: task 35: Killed
srun: error: hydra11: task 31: Killed
srun: error: hydra03: task 8: Killed
srun: error: hydra02: task 5: Killed
srun: error: hydra04: task 11: Killed
srun: error: hydra07: tasks 18,20: Killed
srun: error: hydra05: tasks 13-14: Killed
srun: error: hydra08: tasks 21-22: Killed
srun: error: hydra10: tasks 27-28: Killed
srun: error: hydra06: tasks 15,17: Killed
srun: error: hydra09: tasks 24-25: Killed
⚠️ Warning: No runtime found for run 27
srun: Warning: can't honor --ntasks-per-node set to 1 which doesn't match the requested tasks 36 with the number of requested nodes 12. Ignoring --ntasks-per-node.
missing input file name --> Generate random input
malloc(): invalid size (unsorted)
[hydra12:374479] *** Process received signal ***
[hydra12:374479] Signal: Aborted (6)
[hydra12:374479] Signal code:  (-6)
malloc(): invalid size (unsorted)
[hydra05:394129] *** Process received signal ***
[hydra05:394129] Signal: Aborted (6)
[hydra05:394129] Signal code:  (-6)
malloc(): invalid size (unsorted)
[hydra04:410179] *** Process received signal ***
[hydra04:410179] Signal: Aborted (6)
[hydra04:410179] Signal code:  (-6)
malloc(): invalid size (unsorted)
[hydra02:584728] *** Process received signal ***
[hydra02:584728] Signal: Aborted (6)
[hydra02:584728] Signal code:  (-6)
malloc(): invalid size (unsorted)
[hydra07:421194] *** Process received signal ***
[hydra07:421194] Signal: Aborted (6)
[hydra07:421194] Signal code:  (-6)
malloc(): invalid size (unsorted)
[hydra06:394803] *** Process received signal ***
[hydra06:394803] Signal: Aborted (6)
[hydra06:394803] Signal code:  (-6)
malloc(): invalid size (unsorted)
[hydra03:411449] *** Process received signal ***
[hydra03:411449] Signal: Aborted (6)
[hydra03:411449] Signal code:  (-6)
malloc(): invalid size (unsorted)
[hydra08:396480] *** Process received signal ***
[hydra08:396480] Signal: Aborted (6)
[hydra08:396480] Signal code:  (-6)
malloc(): invalid size (unsorted)
[hydra11:374528] *** Process received signal ***
[hydra11:374528] Signal: Aborted (6)
[hydra11:374528] Signal code:  (-6)
malloc(): invalid size (unsorted)
[hydra09:387445] *** Process received signal ***
[hydra09:387445] Signal: Aborted (6)
[hydra09:387445] Signal code:  (-6)
malloc(): invalid size (unsorted)
[hydra10:506997] *** Process received signal ***
[hydra10:506997] Signal: Aborted (6)
[hydra10:506997] Signal code:  (-6)
[hydra11:374528] [ 0] /lib/x86_64-linux-gnu/libc.so.6(+0x38de0)[0x7f12b93e8de0]
malloc(): invalid size (unsorted)
[hydra12:374478] *** Process received signal ***
[hydra12:374478] Signal: Aborted (6)
[hydra12:374478] Signal code:  (-6)
[hydra12:374479] [ 0] /lib/x86_64-linux-gnu/libc.so.6(+0x38de0)[0x7f7c6cfb0de0]
[hydra12:374479] [ 1] /lib/x86_64-linux-gnu/libc.so.6(gsignal+0x141)[0x7f7c6cfb0d61]
[hydra11:374528] [ 1] /lib/x86_64-linux-gnu/libc.so.6(gsignal+0x141)[0x7f12b93e8d61]
[hydra12:374478] [ 0] /lib/x86_64-linux-gnu/libc.so.6(+0x38de0)[0x7fcef22c1de0]
[hydra12:374479] [ 2] /lib/x86_64-linux-gnu/libc.so.6(abort+0x123)[0x7f7c6cf9a537]
[hydra12:374478] [ 1] /lib/x86_64-linux-gnu/libc.so.6(gsignal+0x141)[0x7fcef22c1d61]
[hydra11:374528] [ 2] /lib/x86_64-linux-gnu/libc.so.6(abort+0x123)[0x7f12b93d2537]
[hydra12:374479] [ 3] /lib/x86_64-linux-gnu/libc.so.6(+0x7a468)[0x7f7c6cff2468]
[hydra12:374478] [ 2] /lib/x86_64-linux-gnu/libc.so.6(abort+0x123)[0x7fcef22ab537]
malloc(): invalid size (unsorted)
[hydra04:410178] *** Process received signal ***
[hydra12:374479] [ 4] /lib/x86_64-linux-gnu/libc.so.6(+0x8175a)[0x7f7c6cff975a]
[hydra04:410179] [ 0] /lib/x86_64-linux-gnu/libc.so.6(+0x38de0)[0x7f78d7f6ede0]
[hydra12:374478] [ 3] /lib/x86_64-linux-gnu/libc.so.6(+0x7a468)[0x7fcef2303468]
[hydra04:410178] Signal: Aborted (6)
[hydra04:410178] Signal code:  (-6)
[hydra11:374528] [ 3] /lib/x86_64-linux-gnu/libc.so.6(+0x7a468)[0x7f12b942a468]
[hydra12:374479] [ 5] /lib/x86_64-linux-gnu/libc.so.6(+0x8483c)[0x7f7c6cffc83c]
[hydra04:410179] [ 1] /lib/x86_64-linux-gnu/libc.so.6(gsignal+0x141)[0x7f78d7f6ed61]
[hydra12:374478] [ 4] /lib/x86_64-linux-gnu/libc.so.6(+0x8175a)[0x7fcef230a75a]
[hydra12:374478] [ 5] /lib/x86_64-linux-gnu/libc.so.6(+0x8483c)[0x7fcef230d83c]
malloc(): invalid size (unsorted)
[hydra04:410179] [ 2] /lib/x86_64-linux-gnu/libc.so.6(abort+0x123)[0x7f78d7f58537]
malloc(): invalid size (unsorted)
[hydra09:387446] *** Process received signal ***
[hydra09:387446] Signal: Aborted (6)
[hydra09:387446] Signal code:  (-6)
[hydra11:374528] [ 4] /lib/x86_64-linux-gnu/libc.so.6(+0x8175a)[0x7f12b943175a]
[hydra12:374479] [ 6] /lib/x86_64-linux-gnu/libc.so.6(__libc_calloc+0x81)[0x7f7c6cffebd1]
[hydra12:374479] [ 7] /opt/mpi/openmpi-4.1.4//lib/libmpi.so.40(ompi_group_allocate+0x17)[0x7f7c6eecc1e7]
[hydra12:374479] [ 8] /opt/mpi/openmpi-4.1.4//lib/libmpi.so.40(ompi_group_incl_plist+0x65)[0x7f7c6eecc915]
[hydra02:584729] *** Process received signal ***
[hydra02:584729] Signal: Aborted (6)
[hydra02:584729] Signal code:  (-6)
[hydra04:410179] [ 3] /lib/x86_64-linux-gnu/libc.so.6(+0x7a468)[0x7f78d7fb0468]
malloc(): invalid size (unsorted)
[hydra11:374528] [ 5] /lib/x86_64-linux-gnu/libc.so.6(+0x8483c)[0x7f12b943483c]
[hydra12:374478] [ 6] /lib/x86_64-linux-gnu/libc.so.6(__libc_calloc+0x81)[0x7fcef230fbd1]
[hydra12:374478] [ 7] /opt/mpi/openmpi-4.1.4//lib/libmpi.so.40(ompi_group_allocate+0x17)[0x7fcef41dd1e7]
[hydra02:584728] [ 0] /lib/x86_64-linux-gnu/libc.so.6(+0x38de0)[0x7ff01d164de0]
[hydra04:410178] [ 0] /lib/x86_64-linux-gnu/libc.so.6(+0x38de0)[0x7f5e2aa8ede0]
[hydra09:387446] [ 0] /lib/x86_64-linux-gnu/libc.so.6(+0x38de0)[0x7f290b045de0]
[hydra11:374528] [ 6] /lib/x86_64-linux-gnu/libc.so.6(__libc_calloc+0x81)[0x7f12b9436bd1]
[hydra12:374479] [ 9] /opt/mpi/openmpi-4.1.4//lib/libmpi.so.40(PMPI_Group_incl+0x95)[0x7f7c6eefd185]
[hydra12:374479] [10] /home/thesis/jheld/MPI_Syrk_implementation/build/src/MPI_SYRK_implementation(+0x841a)[0x557e6309041a]
[hydra12:374479] [11] /home/thesis/jheld/MPI_Syrk_implementation/build/src/MPI_SYRK_implementation(+0x2ab0)[0x557e6308aab0]
[hydra02:584728] [ 1] /lib/x86_64-linux-gnu/libc.so.6(gsignal+0x141)[0x7ff01d164d61]
[hydra07:421194] [ 0] /lib/x86_64-linux-gnu/libc.so.6(+0x38de0)[0x7f803de11de0]
[hydra04:410179] [ 4] /lib/x86_64-linux-gnu/libc.so.6(+0x8175a)[0x7f78d7fb775a]
[hydra04:410179] [ 5] /lib/x86_64-linux-gnu/libc.so.6(+0x8483c)[0x7f78d7fba83c]
[hydra09:387447] *** Process received signal ***
[hydra09:387447] Signal: Aborted (6)
[hydra09:387447] Signal code:  (-6)
[hydra11:374528] [ 7] /opt/mpi/openmpi-4.1.4//lib/libmpi.so.40(ompi_group_allocate+0x17)[0x7f12bb3041e7]
[hydra12:374478] [ 8] /opt/mpi/openmpi-4.1.4//lib/libmpi.so.40(ompi_group_incl_plist+0x65)[0x7fcef41dd915]
[hydra02:584728] [ 2] /lib/x86_64-linux-gnu/libc.so.6(abort+0x123)[0x7ff01d14e537]
[hydra07:421194] [ 1] /lib/x86_64-linux-gnu/libc.so.6(gsignal+0x141)[0x7f803de11d61]
[hydra04:410178] [ 1] /lib/x86_64-linux-gnu/libc.so.6(gsignal+0x141)[0x7f5e2aa8ed61]
[hydra09:387445] [ 0] /lib/x86_64-linux-gnu/libc.so.6(+0x38de0)[0x7f9630f7cde0]
[hydra11:374528] [ 8] /opt/mpi/openmpi-4.1.4//lib/libmpi.so.40(ompi_group_incl_plist+0x65)[0x7f12bb304915]
[hydra03:411449] [ 0] /lib/x86_64-linux-gnu/libc.so.6(+0x38de0)[0x7fe2f5364de0]
[hydra12:374479] [12] /lib/x86_64-linux-gnu/libc.so.6(__libc_start_main+0xea)[0x7f7c6cf9bd7a]
[hydra12:374479] [13] /home/thesis/jheld/MPI_Syrk_implementation/build/src/MPI_SYRK_implementation(+0x232a)[0x557e6308a32a]
[hydra12:374479] *** End of error message ***
[hydra02:584728] [ 3] /lib/x86_64-linux-gnu/libc.so.6(+0x7a468)[0x7ff01d1a6468]
[hydra02:584728] [ 4] /lib/x86_64-linux-gnu/libc.so.6(+0x8175a)[0x7ff01d1ad75a]
[hydra07:421194] [ 2] /lib/x86_64-linux-gnu/libc.so.6(abort+0x123)[0x7f803ddfb537]
[hydra05:394129] [ 0] /lib/x86_64-linux-gnu/libc.so.6(+0x38de0)[0x7f31f3363de0]
[hydra06:394803] [ 0] /lib/x86_64-linux-gnu/libc.so.6(+0x38de0)[0x7f18a2a01de0]
[hydra04:410178] [ 2] /lib/x86_64-linux-gnu/libc.so.6(abort+0x123)[0x7f5e2aa78537]
[hydra09:387446] [ 1] /lib/x86_64-linux-gnu/libc.so.6(gsignal+0x141)[0x7f290b045d61]
[hydra11:374528] [ 9] /opt/mpi/openmpi-4.1.4//lib/libmpi.so.40(PMPI_Group_incl+0x95)[0x7f12bb335185]
[hydra03:411449] [ 1] /lib/x86_64-linux-gnu/libc.so.6(gsignal+0x141)[0x7fe2f5364d61]
[hydra12:374478] [ 9] /opt/mpi/openmpi-4.1.4//lib/libmpi.so.40(PMPI_Group_incl+0x95)[0x7fcef420e185]
[hydra12:374478] [10] /home/thesis/jheld/MPI_Syrk_implementation/build/src/MPI_SYRK_implementation(+0x841a)[0x55f5ed97d41a]
[hydra12:374478] [11] /home/thesis/jheld/MPI_Syrk_implementation/build/src/MPI_SYRK_implementation(+0x2ab0)[0x55f5ed977ab0]
[hydra02:584729] [ 0] /lib/x86_64-linux-gnu/libc.so.6(+0x38de0)[0x7ff6af4eade0]
[hydra02:584729] [ 1] /lib/x86_64-linux-gnu/libc.so.6(gsignal+0x141)[0x7ff6af4ead61]
[hydra02:584729] [ 2] /lib/x86_64-linux-gnu/libc.so.6(abort+0x123)[0x7ff6af4d4537]
[hydra07:421194] [ 3] /lib/x86_64-linux-gnu/libc.so.6(+0x7a468)[0x7f803de53468]
[hydra05:394129] [ 1] /lib/x86_64-linux-gnu/libc.so.6(gsignal+0x141)[0x7f31f3363d61]
[hydra06:394803] [ 1] /lib/x86_64-linux-gnu/libc.so.6(gsignal+0x141)[0x7f18a2a01d61]
[hydra08:396480] [ 0] /lib/x86_64-linux-gnu/libc.so.6(+0x38de0)[0x7f6f253e2de0]
[hydra04:410179] [ 6] /lib/x86_64-linux-gnu/libc.so.6(__libc_calloc+0x81)[0x7f78d7fbcbd1]
[hydra09:387445] [ 1] /lib/x86_64-linux-gnu/libc.so.6(gsignal+0x141)[0x7f9630f7cd61]
[hydra11:374528] [10] /home/thesis/jheld/MPI_Syrk_implementation/build/src/MPI_SYRK_implementation(+0x841a)[0x563b699c941a]
[hydra11:374528] [11] /home/thesis/jheld/MPI_Syrk_implementation/build/src/MPI_SYRK_implementation(+0x2ab0)[0x563b699c3ab0]
[hydra03:411449] [ 2] /lib/x86_64-linux-gnu/libc.so.6(abort+0x123)[0x7fe2f534e537]
[hydra12:374478] [12] /lib/x86_64-linux-gnu/libc.so.6(__libc_start_main+0xea)[0x7fcef22acd7a]
[hydra02:584728] [ 5] /lib/x86_64-linux-gnu/libc.so.6(+0x8483c)[0x7ff01d1b083c]
[hydra07:421194] [ 4] /lib/x86_64-linux-gnu/libc.so.6(+0x8175a)[0x7f803de5a75a]
[hydra05:394129] [ 2] /lib/x86_64-linux-gnu/libc.so.6(abort+0x123)[0x7f31f334d537]
[hydra06:394803] [ 2] /lib/x86_64-linux-gnu/libc.so.6(abort+0x123)[0x7f18a29eb537]
[hydra08:396480] [ 1] /lib/x86_64-linux-gnu/libc.so.6(gsignal+0x141)[0x7f6f253e2d61]
[hydra04:410179] [ 7] /opt/mpi/openmpi-4.1.4//lib/libmpi.so.40(ompi_group_allocate+0x17)[0x7f78d9e8a1e7]
[hydra09:387446] [ 2] /lib/x86_64-linux-gnu/libc.so.6(abort+0x123)[0x7f290b02f537]
[hydra11:374528] [12] /lib/x86_64-linux-gnu/libc.so.6(__libc_start_main+0xea)[0x7f12b93d3d7a]
[hydra03:411449] [ 3] /lib/x86_64-linux-gnu/libc.so.6(+0x7a468)[0x7fe2f53a6468]
[hydra12:374478] [13] /home/thesis/jheld/MPI_Syrk_implementation/build/src/MPI_SYRK_implementation(+0x232a)[0x55f5ed97732a]
[hydra12:374478] *** End of error message ***
[hydra02:584729] [ 3] /lib/x86_64-linux-gnu/libc.so.6(+0x7a468)[0x7ff6af52c468]
[hydra07:421194] [ 5] /lib/x86_64-linux-gnu/libc.so.6(+0x8483c)[0x7f803de5d83c]
[hydra05:394129] [ 3] /lib/x86_64-linux-gnu/libc.so.6(+0x7a468)[0x7f31f33a5468]
[hydra06:394803] [ 3] /lib/x86_64-linux-gnu/libc.so.6(+0x7a468)[0x7f18a2a43468]
[hydra08:396480] [ 2] /lib/x86_64-linux-gnu/libc.so.6(abort+0x123)[0x7f6f253cc537]
[hydra04:410178] [ 3] /lib/x86_64-linux-gnu/libc.so.6(+0x7a468)[0x7f5e2aad0468]
[hydra09:387445] [ 2] /lib/x86_64-linux-gnu/libc.so.6(abort+0x123)[0x7f9630f66537]
[hydra11:374528] [13] /home/thesis/jheld/MPI_Syrk_implementation/build/src/MPI_SYRK_implementation(+0x232a)[0x563b699c332a]
[hydra11:374528] *** End of error message ***
[hydra03:411449] [ 4] /lib/x86_64-linux-gnu/libc.so.6(+0x8175a)[0x7fe2f53ad75a]
[hydra02:584728] [ 6] /lib/x86_64-linux-gnu/libc.so.6(__libc_calloc+0x81)[0x7ff01d1b2bd1]
[hydra07:421194] [ 6] /lib/x86_64-linux-gnu/libc.so.6(__libc_calloc+0x81)[0x7f803de5fbd1]
[hydra05:394129] [ 4] /lib/x86_64-linux-gnu/libc.so.6(+0x8175a)[0x7f31f33ac75a]
[hydra06:394803] [ 4] /lib/x86_64-linux-gnu/libc.so.6(+0x8175a)[0x7f18a2a4a75a]
[hydra08:396480] [ 3] /lib/x86_64-linux-gnu/libc.so.6(+0x7a468)[0x7f6f25424468]
[hydra04:410179] [ 8] /opt/mpi/openmpi-4.1.4//lib/libmpi.so.40(ompi_group_incl_plist+0x65)[0x7f78d9e8a915]
[hydra09:387446] [ 3] /lib/x86_64-linux-gnu/libc.so.6(+0x7a468)[0x7f290b087468]
[hydra03:411449] [ 5] /lib/x86_64-linux-gnu/libc.so.6(+0x8483c)[0x7fe2f53b083c]
[hydra02:584728] [ 7] /opt/mpi/openmpi-4.1.4//lib/libmpi.so.40(ompi_group_allocate+0x17)[0x7ff01f0801e7]
[hydra07:421194] [ 7] /opt/mpi/openmpi-4.1.4//lib/libmpi.so.40(ompi_group_allocate+0x17)[0x7f803fd2d1e7]
[hydra05:394129] [ 5] /lib/x86_64-linux-gnu/libc.so.6(+0x8483c)[0x7f31f33af83c]
[hydra06:394803] [ 5] /lib/x86_64-linux-gnu/libc.so.6(+0x8483c)[0x7f18a2a4d83c]
[hydra08:396480] [ 4] /lib/x86_64-linux-gnu/libc.so.6(+0x8175a)[0x7f6f2542b75a]
malloc(): invalid size (unsorted)
[hydra04:410178] [ 4] /lib/x86_64-linux-gnu/libc.so.6(+0x8175a)[0x7f5e2aad775a]
[hydra09:387445] [ 3] /lib/x86_64-linux-gnu/libc.so.6(+0x7a468)[0x7f9630fbe468]
[hydra03:411449] [ 6] /lib/x86_64-linux-gnu/libc.so.6(__libc_calloc+0x81)[0x7fe2f53b2bd1]
[hydra02:584729] [ 4] /lib/x86_64-linux-gnu/libc.so.6(+0x8175a)[0x7ff6af53375a]
[hydra07:421194] [ 8] /opt/mpi/openmpi-4.1.4//lib/libmpi.so.40(ompi_group_incl_plist+0x65)[0x7f803fd2d915]
[hydra05:394129] [ 6] /lib/x86_64-linux-gnu/libc.so.6(__libc_calloc+0x81)[0x7f31f33b1bd1]
[hydra06:394803] [ 6] /lib/x86_64-linux-gnu/libc.so.6(__libc_calloc+0x81)[0x7f18a2a4fbd1]
[hydra08:396480] [ 5] /lib/x86_64-linux-gnu/libc.so.6(+0x8483c)[0x7f6f2542e83c]
[hydra10:506999] *** Process received signal ***
[hydra10:506999] Signal: Aborted (6)
[hydra10:506999] Signal code:  (-6)
[hydra04:410179] [ 9] /opt/mpi/openmpi-4.1.4//lib/libmpi.so.40(PMPI_Group_incl+0x95)[0x7f78d9ebb185]
[hydra04:410179] [10] /home/thesis/jheld/MPI_Syrk_implementation/build/src/MPI_SYRK_implementation(+0x841a)[0x55a8ae1b941a]
[hydra09:387447] [ 0] /lib/x86_64-linux-gnu/libc.so.6(+0x38de0)[0x7f6e9cbf1de0]
[hydra03:411449] [ 7] /opt/mpi/openmpi-4.1.4//lib/libmpi.so.40(ompi_group_allocate+0x17)[0x7fe2f72801e7]
[hydra02:584728] [ 8] /opt/mpi/openmpi-4.1.4//lib/libmpi.so.40(ompi_group_incl_plist+0x65)[0x7ff01f080915]
[hydra07:421194] [ 9] /opt/mpi/openmpi-4.1.4//lib/libmpi.so.40(PMPI_Group_incl+0x95)[0x7f803fd5e185]
[hydra05:394129] [ 7] /opt/mpi/openmpi-4.1.4//lib/libmpi.so.40(ompi_group_allocate+0x17)[0x7f31f527f1e7]
[hydra06:394803] [ 7] /opt/mpi/openmpi-4.1.4//lib/libmpi.so.40(ompi_group_allocate+0x17)[0x7f18a491d1e7]
[hydra08:396480] [ 6] /lib/x86_64-linux-gnu/libc.so.6(__libc_calloc+0x81)[0x7f6f25430bd1]
[hydra10:506997] [ 0] /lib/x86_64-linux-gnu/libc.so.6(+0x38de0)[0x7fe0b837dde0]
[hydra04:410178] [ 5] /lib/x86_64-linux-gnu/libc.so.6(+0x8483c)[0x7f5e2aada83c]
[hydra09:387446] [ 4] /lib/x86_64-linux-gnu/libc.so.6(+0x8175a)[0x7f290b08e75a]
[hydra03:411449] [ 8] /opt/mpi/openmpi-4.1.4//lib/libmpi.so.40(ompi_group_incl_plist+0x65)[0x7fe2f7280915]
[hydra02:584729] [ 5] /lib/x86_64-linux-gnu/libc.so.6(+0x8483c)[0x7ff6af53683c]
[hydra07:421194] [10] /home/thesis/jheld/MPI_Syrk_implementation/build/src/MPI_SYRK_implementation(+0x841a)[0x55bbde33941a]
[hydra07:421194] [11] /home/thesis/jheld/MPI_Syrk_implementation/build/src/MPI_SYRK_implementation(+0x2ab0)[0x55bbde333ab0]
[hydra05:394129] [ 8] /opt/mpi/openmpi-4.1.4//lib/libmpi.so.40(ompi_group_incl_plist+0x65)[0x7f31f527f915]
[hydra06:394803] [ 8] /opt/mpi/openmpi-4.1.4//lib/libmpi.so.40(ompi_group_incl_plist+0x65)[0x7f18a491d915]
[hydra08:396480] [ 7] /opt/mpi/openmpi-4.1.4//lib/libmpi.so.40(ompi_group_allocate+0x17)[0x7f6f272fe1e7]
[hydra10:506997] [ 1] /lib/x86_64-linux-gnu/libc.so.6(gsignal+0x141)[0x7fe0b837dd61]
[hydra04:410179] [11] /home/thesis/jheld/MPI_Syrk_implementation/build/src/MPI_SYRK_implementation(+0x2ab0)[0x55a8ae1b3ab0]
[hydra09:387445] [ 4] /lib/x86_64-linux-gnu/libc.so.6(+0x8175a)[0x7f9630fc575a]
[hydra03:411449] [ 9] /opt/mpi/openmpi-4.1.4//lib/libmpi.so.40(PMPI_Group_incl+0x95)[0x7fe2f72b1185]
[hydra02:584728] [ 9] /opt/mpi/openmpi-4.1.4//lib/libmpi.so.40(PMPI_Group_incl+0x95)[0x7ff01f0b1185]
[hydra07:421194] [12] /lib/x86_64-linux-gnu/libc.so.6(__libc_start_main+0xea)[0x7f803ddfcd7a]
[hydra07:421194] [13] /home/thesis/jheld/MPI_Syrk_implementation/build/src/MPI_SYRK_implementation(+0x232a)[0x55bbde33332a]
[hydra05:394129] [ 9] /opt/mpi/openmpi-4.1.4//lib/libmpi.so.40(PMPI_Group_incl+0x95)[0x7f31f52b0185]
[hydra05:394129] [10] /home/thesis/jheld/MPI_Syrk_implementation/build/src/MPI_SYRK_implementation(+0x841a)[0x564811f2c41a]
[hydra06:394803] [ 9] /opt/mpi/openmpi-4.1.4//lib/libmpi.so.40(PMPI_Group_incl+0x95)[0x7f18a494e185]
[hydra06:394803] [10] /home/thesis/jheld/MPI_Syrk_implementation/build/src/MPI_SYRK_implementation(+0x841a)[0x55a180cbd41a]
[hydra08:396480] [ 8] /opt/mpi/openmpi-4.1.4//lib/libmpi.so.40(ompi_group_incl_plist+0x65)[0x7f6f272fe915]
[hydra10:506997] [ 2] /lib/x86_64-linux-gnu/libc.so.6(abort+0x123)[0x7fe0b8367537]
[hydra04:410179] [12] /lib/x86_64-linux-gnu/libc.so.6(__libc_start_main+0xea)[0x7f78d7f59d7a]
[hydra04:410179] [13] /home/thesis/jheld/MPI_Syrk_implementation/build/src/MPI_SYRK_implementation(+0x232a)[0x55a8ae1b332a]
[hydra09:387446] [ 5] /lib/x86_64-linux-gnu/libc.so.6(+0x8483c)[0x7f290b09183c]
[hydra03:411449] [10] /home/thesis/jheld/MPI_Syrk_implementation/build/src/MPI_SYRK_implementation(+0x841a)[0x55ff9fd5341a]
[hydra03:411449] [11] /home/thesis/jheld/MPI_Syrk_implementation/build/src/MPI_SYRK_implementation(+0x2ab0)[0x55ff9fd4dab0]
[hydra02:584729] [ 6] /lib/x86_64-linux-gnu/libc.so.6(__libc_calloc+0x81)[0x7ff6af538bd1]
[hydra07:421194] *** End of error message ***
[hydra05:394129] [11] /home/thesis/jheld/MPI_Syrk_implementation/build/src/MPI_SYRK_implementation(+0x2ab0)[0x564811f26ab0]
[hydra06:394803] [11] /home/thesis/jheld/MPI_Syrk_implementation/build/src/MPI_SYRK_implementation(+0x2ab0)[0x55a180cb7ab0]
[hydra08:396480] [ 9] /opt/mpi/openmpi-4.1.4//lib/libmpi.so.40(PMPI_Group_incl+0x95)[0x7f6f2732f185]
[hydra10:506997] [ 3] /lib/x86_64-linux-gnu/libc.so.6(+0x7a468)[0x7fe0b83bf468]
[hydra04:410178] [ 6] /lib/x86_64-linux-gnu/libc.so.6(__libc_calloc+0x81)[0x7f5e2aadcbd1]
[hydra09:387447] [ 1] /lib/x86_64-linux-gnu/libc.so.6(gsignal+0x141)[0x7f6e9cbf1d61]
[hydra03:411449] [12] /lib/x86_64-linux-gnu/libc.so.6(__libc_start_main+0xea)[0x7fe2f534fd7a]
[hydra03:411449] [13] /home/thesis/jheld/MPI_Syrk_implementation/build/src/MPI_SYRK_implementation(+0x232a)[0x55ff9fd4d32a]
[hydra02:584728] [10] /home/thesis/jheld/MPI_Syrk_implementation/build/src/MPI_SYRK_implementation(+0x841a)[0x556fb382a41a]
[hydra02:584728] [11] /home/thesis/jheld/MPI_Syrk_implementation/build/src/MPI_SYRK_implementation(+0x2ab0)[0x556fb3824ab0]
[hydra05:394129] [12] /lib/x86_64-linux-gnu/libc.so.6(__libc_start_main+0xea)[0x7f31f334ed7a]
[hydra05:394129] [13] /home/thesis/jheld/MPI_Syrk_implementation/build/src/MPI_SYRK_implementation(+0x232a)[0x564811f2632a]
[hydra06:394803] [12] /lib/x86_64-linux-gnu/libc.so.6(__libc_start_main+0xea)[0x7f18a29ecd7a]
[hydra06:394803] [13] /home/thesis/jheld/MPI_Syrk_implementation/build/src/MPI_SYRK_implementation(+0x232a)[0x55a180cb732a]
[hydra08:396480] [10] /home/thesis/jheld/MPI_Syrk_implementation/build/src/MPI_SYRK_implementation(+0x841a)[0x5635f331141a]
[hydra08:396480] [11] /home/thesis/jheld/MPI_Syrk_implementation/build/src/MPI_SYRK_implementation(+0x2ab0)[0x5635f330bab0]
[hydra10:506999] [ 0] /lib/x86_64-linux-gnu/libc.so.6(+0x38de0)[0x7f58ed908de0]
[hydra09:387445] [ 5] /lib/x86_64-linux-gnu/libc.so.6(+0x8483c)[0x7f9630fc883c]
[hydra03:411449] *** End of error message ***
[hydra02:584729] [ 7] /opt/mpi/openmpi-4.1.4//lib/libmpi.so.40(ompi_group_allocate+0x17)[0x7ff6b14061e7]
[hydra05:394129] *** End of error message ***
[hydra06:394803] *** End of error message ***
[hydra08:396480] [12] /lib/x86_64-linux-gnu/libc.so.6(__libc_start_main+0xea)[0x7f6f253cdd7a]
[hydra10:506999] [ 1] /lib/x86_64-linux-gnu/libc.so.6(gsignal+0x141)[0x7f58ed908d61]
[hydra09:387447] [ 2] /lib/x86_64-linux-gnu/libc.so.6(abort+0x123)[0x7f6e9cbdb537]
[hydra02:584728] [12] /lib/x86_64-linux-gnu/libc.so.6(__libc_start_main+0xea)[0x7ff01d14fd7a]
[hydra02:584728] [13] /home/thesis/jheld/MPI_Syrk_implementation/build/src/MPI_SYRK_implementation(+0x232a)[0x556fb382432a]
[hydra02:584728] *** End of error message ***
[hydra08:396480] [13] /home/thesis/jheld/MPI_Syrk_implementation/build/src/MPI_SYRK_implementation(+0x232a)[0x5635f330b32a]
[hydra08:396480] *** End of error message ***
[hydra10:506997] [ 4] /lib/x86_64-linux-gnu/libc.so.6(+0x8175a)[0x7fe0b83c675a]
[hydra09:387445] [ 6] /lib/x86_64-linux-gnu/libc.so.6(__libc_calloc+0x81)[0x7f9630fcabd1]
[hydra10:506999] [ 2] /lib/x86_64-linux-gnu/libc.so.6(abort+0x123)[0x7f58ed8f2537]
[hydra09:387446] [ 6] /lib/x86_64-linux-gnu/libc.so.6(__libc_calloc+0x81)[0x7f290b093bd1]
[hydra10:506997] [ 5] /lib/x86_64-linux-gnu/libc.so.6(+0x8483c)[0x7fe0b83c983c]
[hydra09:387445] [ 7] /opt/mpi/openmpi-4.1.4//lib/libmpi.so.40(ompi_group_allocate+0x17)[0x7f9632e981e7]
[hydra10:506999] [ 3] /lib/x86_64-linux-gnu/libc.so.6(+0x7a468)[0x7f58ed94a468]
[hydra09:387446] [ 7] /opt/mpi/openmpi-4.1.4//lib/libmpi.so.40(ompi_group_allocate+0x17)[0x7f290cf611e7]
[hydra09:387446] [ 8] /opt/mpi/openmpi-4.1.4//lib/libmpi.so.40(ompi_group_incl_plist+0x65)[0x7f290cf61915]
[hydra10:506997] [ 6] /lib/x86_64-linux-gnu/libc.so.6(__libc_calloc+0x81)[0x7fe0b83cbbd1]
[hydra09:387447] [ 3] /lib/x86_64-linux-gnu/libc.so.6(+0x7a468)[0x7f6e9cc33468]
[hydra09:387447] [ 4] /lib/x86_64-linux-gnu/libc.so.6(+0x8175a)[0x7f6e9cc3a75a]
[hydra10:506997] [ 7] /opt/mpi/openmpi-4.1.4//lib/libmpi.so.40(ompi_group_allocate+0x17)[0x7fe0ba2991e7]
[hydra09:387445] [ 8] /opt/mpi/openmpi-4.1.4//lib/libmpi.so.40(ompi_group_incl_plist+0x65)[0x7f9632e98915]
[hydra10:506999] [ 4] /lib/x86_64-linux-gnu/libc.so.6(+0x8175a)[0x7f58ed95175a]
[hydra09:387446] [ 9] /opt/mpi/openmpi-4.1.4//lib/libmpi.so.40(PMPI_Group_incl+0x95)[0x7f290cf92185]
[hydra10:506997] [ 8] /opt/mpi/openmpi-4.1.4//lib/libmpi.so.40(ompi_group_incl_plist+0x65)[0x7fe0ba299915]
[hydra09:387445] [ 9] /opt/mpi/openmpi-4.1.4//lib/libmpi.so.40(PMPI_Group_incl+0x95)[0x7f9632ec9185]
[hydra09:387445] [10] /home/thesis/jheld/MPI_Syrk_implementation/build/src/MPI_SYRK_implementation(+0x841a)[0x55a726b9341a]
[hydra10:506999] [ 5] /lib/x86_64-linux-gnu/libc.so.6(+0x8483c)[0x7f58ed95483c]
[hydra09:387446] [10] /home/thesis/jheld/MPI_Syrk_implementation/build/src/MPI_SYRK_implementation(+0x841a)[0x55fe262b641a]
[hydra09:387446] [11] /home/thesis/jheld/MPI_Syrk_implementation/build/src/MPI_SYRK_implementation(+0x2ab0)[0x55fe262b0ab0]
[hydra10:506997] [ 9] /opt/mpi/openmpi-4.1.4//lib/libmpi.so.40(PMPI_Group_incl+0x95)[0x7fe0ba2ca185]
[hydra09:387447] [ 5] /lib/x86_64-linux-gnu/libc.so.6(+0x8483c)[0x7f6e9cc3d83c]
[hydra09:387447] [ 6] /lib/x86_64-linux-gnu/libc.so.6(__libc_calloc+0x81)[0x7f6e9cc3fbd1]
[hydra10:506997] [10] /home/thesis/jheld/MPI_Syrk_implementation/build/src/MPI_SYRK_implementation(+0x841a)[0x5556987f441a]
[hydra10:506997] [11] /home/thesis/jheld/MPI_Syrk_implementation/build/src/MPI_SYRK_implementation(+0x2ab0)[0x5556987eeab0]
[hydra09:387445] [11] /home/thesis/jheld/MPI_Syrk_implementation/build/src/MPI_SYRK_implementation(+0x2ab0)[0x55a726b8dab0]
[hydra09:387445] [12] /lib/x86_64-linux-gnu/libc.so.6(__libc_start_main+0xea)[0x7f9630f67d7a]
[hydra10:506999] [ 6] /lib/x86_64-linux-gnu/libc.so.6(__libc_calloc+0x81)[0x7f58ed956bd1]
[hydra09:387446] [12] /lib/x86_64-linux-gnu/libc.so.6(__libc_start_main+0xea)[0x7f290b030d7a]
[hydra09:387446] [13] /home/thesis/jheld/MPI_Syrk_implementation/build/src/MPI_SYRK_implementation(+0x232a)[0x55fe262b032a]
[hydra09:387446] *** End of error message ***
[hydra10:506997] [12] /lib/x86_64-linux-gnu/libc.so.6(__libc_start_main+0xea)[0x7fe0b8368d7a]
[hydra10:506997] [13] /home/thesis/jheld/MPI_Syrk_implementation/build/src/MPI_SYRK_implementation(+0x232a)[0x5556987ee32a]
[hydra09:387447] [ 7] /opt/mpi/openmpi-4.1.4//lib/libmpi.so.40(ompi_group_allocate+0x17)[0x7f6e9eb0d1e7]
[hydra10:506999] [ 7] /opt/mpi/openmpi-4.1.4//lib/libmpi.so.40(ompi_group_allocate+0x17)[0x7f58ef8241e7]
[hydra09:387445] [13] /home/thesis/jheld/MPI_Syrk_implementation/build/src/MPI_SYRK_implementation(+0x232a)[0x55a726b8d32a]
[hydra09:387445] *** End of error message ***
[hydra10:506997] *** End of error message ***
[hydra09:387447] [ 8] /opt/mpi/openmpi-4.1.4//lib/libmpi.so.40(ompi_group_incl_plist+0x65)[0x7f6e9eb0d915]
[hydra10:506999] [ 8] /opt/mpi/openmpi-4.1.4//lib/libmpi.so.40(ompi_group_incl_plist+0x65)[0x7f58ef824915]
[hydra09:387447] [ 9] /opt/mpi/openmpi-4.1.4//lib/libmpi.so.40(PMPI_Group_incl+0x95)[0x7f6e9eb3e185]
[hydra10:506999] [ 9] /opt/mpi/openmpi-4.1.4//lib/libmpi.so.40(PMPI_Group_incl+0x95)[0x7f58ef855185]
[hydra09:387447] [10] /home/thesis/jheld/MPI_Syrk_implementation/build/src/MPI_SYRK_implementation(+0x841a)[0x5629ee44441a]
[hydra09:387447] [11] /home/thesis/jheld/MPI_Syrk_implementation/build/src/MPI_SYRK_implementation(+0x2ab0)[0x5629ee43eab0]
[hydra10:506999] [10] /home/thesis/jheld/MPI_Syrk_implementation/build/src/MPI_SYRK_implementation(+0x841a)[0x556e5a3a341a]
[hydra10:506999] [11] /home/thesis/jheld/MPI_Syrk_implementation/build/src/MPI_SYRK_implementation(+0x2ab0)[0x556e5a39dab0]
[hydra09:387447] [12] /lib/x86_64-linux-gnu/libc.so.6(__libc_start_main+0xea)[0x7f6e9cbdcd7a]
[hydra09:387447] [13] /home/thesis/jheld/MPI_Syrk_implementation/build/src/MPI_SYRK_implementation(+0x232a)[0x5629ee43e32a]
[hydra10:506999] [12] /lib/x86_64-linux-gnu/libc.so.6(__libc_start_main+0xea)[0x7f58ed8f3d7a]
[hydra09:387447] *** End of error message ***
[hydra10:506999] [13] /home/thesis/jheld/MPI_Syrk_implementation/build/src/MPI_SYRK_implementation(+0x232a)[0x556e5a39d32a]
[hydra10:506999] *** End of error message ***
[hydra02:584729] [ 8] /opt/mpi/openmpi-4.1.4//lib/libmpi.so.40(ompi_group_incl_plist+0x65)[0x7ff6b1406915]
[hydra04:410179] *** End of error message ***
[hydra02:584729] [ 9] /opt/mpi/openmpi-4.1.4//lib/libmpi.so.40(PMPI_Group_incl+0x95)[0x7ff6b1437185]
[hydra02:584729] [10] /home/thesis/jheld/MPI_Syrk_implementation/build/src/MPI_SYRK_implementation(+0x841a)[0x562727cc841a]
[hydra04:410178] [ 7] /opt/mpi/openmpi-4.1.4//lib/libmpi.so.40(ompi_group_allocate+0x17)[0x7f5e2c9aa1e7]
[hydra02:584729] [11] /home/thesis/jheld/MPI_Syrk_implementation/build/src/MPI_SYRK_implementation(+0x2ab0)[0x562727cc2ab0]
[hydra04:410178] [ 8] /opt/mpi/openmpi-4.1.4//lib/libmpi.so.40(ompi_group_incl_plist+0x65)[0x7f5e2c9aa915]
[hydra02:584729] [12] /lib/x86_64-linux-gnu/libc.so.6(__libc_start_main+0xea)[0x7ff6af4d5d7a]
[hydra02:584729] [13] /home/thesis/jheld/MPI_Syrk_implementation/build/src/MPI_SYRK_implementation(+0x232a)[0x562727cc232a]
[hydra02:584729] *** End of error message ***
[hydra04:410178] [ 9] /opt/mpi/openmpi-4.1.4//lib/libmpi.so.40(PMPI_Group_incl+0x95)[0x7f5e2c9db185]
[hydra04:410178] [10] /home/thesis/jheld/MPI_Syrk_implementation/build/src/MPI_SYRK_implementation(+0x841a)[0x56474768341a]
[hydra04:410178] [11] /home/thesis/jheld/MPI_Syrk_implementation/build/src/MPI_SYRK_implementation(+0x2ab0)[0x56474767dab0]
[hydra04:410178] [12] /lib/x86_64-linux-gnu/libc.so.6(__libc_start_main+0xea)[0x7f5e2aa79d7a]
[hydra04:410178] [13] /home/thesis/jheld/MPI_Syrk_implementation/build/src/MPI_SYRK_implementation(+0x232a)[0x56474767d32a]
[hydra04:410178] *** End of error message ***
srun: error: hydra03: task 7: Aborted
srun: error: hydra07: task 18: Aborted
srun: error: hydra08: task 23: Aborted
srun: error: hydra11: task 31: Aborted
srun: error: hydra06: task 17: Aborted
srun: error: hydra05: task 13: Aborted
srun: error: hydra02: tasks 4-5: Aborted
srun: error: hydra12: tasks 33-34: Aborted
srun: error: hydra04: tasks 9-10: Aborted
srun: error: hydra10: tasks 27,29: Aborted
srun: error: hydra09: tasks 24-26: Aborted
slurmstepd: error:  mpi/pmix_v4: _errhandler: hydra05 [4]: pmixp_client_v2.c:211: Error handler invoked: status = -61, source = [slurm.pmix.5008700.27:13]
slurmstepd: error:  mpi/pmix_v4: _errhandler: hydra06 [5]: pmixp_client_v2.c:211: Error handler invoked: status = -61, source = [slurm.pmix.5008700.27:17]
slurmstepd: error:  mpi/pmix_v4: _errhandler: hydra08 [7]: pmixp_client_v2.c:211: Error handler invoked: status = -61, source = [slurm.pmix.5008700.27:23]
slurmstepd: error:  mpi/pmix_v4: _errhandler: hydra11 [10]: pmixp_client_v2.c:211: Error handler invoked: status = -61, source = [slurm.pmix.5008700.27:31]
slurmstepd: error:  mpi/pmix_v4: _errhandler: hydra12 [11]: pmixp_client_v2.c:211: Error handler invoked: status = -61, source = [slurm.pmix.5008700.27:33]
slurmstepd: error:  mpi/pmix_v4: _errhandler: hydra02 [1]: pmixp_client_v2.c:211: Error handler invoked: status = -61, source = [slurm.pmix.5008700.27:4]
slurmstepd: error:  mpi/pmix_v4: _errhandler: hydra04 [3]: pmixp_client_v2.c:211: Error handler invoked: status = -61, source = [slurm.pmix.5008700.27:9]
slurmstepd: error:  mpi/pmix_v4: _errhandler: hydra10 [9]: pmixp_client_v2.c:211: Error handler invoked: status = -61, source = [slurm.pmix.5008700.27:27]
slurmstepd: error:  mpi/pmix_v4: _errhandler: hydra07 [6]: pmixp_client_v2.c:211: Error handler invoked: status = -61, source = [slurm.pmix.5008700.27:18]
slurmstepd: error:  mpi/pmix_v4: _errhandler: hydra03 [2]: pmixp_client_v2.c:211: Error handler invoked: status = -61, source = [slurm.pmix.5008700.27:7]
slurmstepd: error: *** STEP 5008700.27 ON hydra01 CANCELLED AT 2025-10-13T15:38:39 ***
srun: Job step aborted: Waiting up to 32 seconds for job step to finish.
srun: error: hydra04: task 11: Killed
srun: error: hydra10: task 28: Killed
srun: error: hydra02: task 3: Killed
srun: error: hydra12: task 35: Killed
srun: error: hydra05: tasks 12,14: Killed
srun: error: hydra11: tasks 30,32: Killed
srun: error: hydra06: tasks 15-16: Killed
srun: error: hydra03: tasks 6,8: Killed
srun: error: hydra07: tasks 19-20: Killed
srun: error: hydra08: tasks 21-22: Killed
srun: error: hydra01: tasks 0-2: Killed
⚠️ Warning: No runtime found for run 28
srun: Warning: can't honor --ntasks-per-node set to 1 which doesn't match the requested tasks 36 with the number of requested nodes 12. Ignoring --ntasks-per-node.
missing input file name --> Generate random input
malloc(): invalid size (unsorted)
[hydra01:903650] *** Process received signal ***
[hydra01:903650] Signal: Aborted (6)
[hydra01:903650] Signal code:  (-6)
malloc(): invalid size (unsorted)
[hydra12:374545] *** Process received signal ***
[hydra12:374545] Signal: Aborted (6)
[hydra12:374545] Signal code:  (-6)
malloc(): invalid size (unsorted)
malloc(): invalid size (unsorted)
[hydra11:374594] *** Process received signal ***
[hydra11:374594] Signal: Aborted (6)
[hydra11:374594] Signal code:  (-6)
[hydra01:903650] [ 0] /lib/x86_64-linux-gnu/libc.so.6(+0x38de0)[0x7f9b28c3fde0]
malloc(): invalid size (unsorted)
[hydra05:394194] *** Process received signal ***
[hydra05:394194] Signal: Aborted (6)
[hydra05:394194] Signal code:  (-6)
[hydra01:903652] *** Process received signal ***
[hydra01:903652] Signal: Aborted (6)
[hydra01:903652] Signal code:  (-6)
[hydra01:903650] [ 1] /lib/x86_64-linux-gnu/libc.so.6(gsignal+0x141)[0x7f9b28c3fd61]
malloc(): invalid size (unsorted)
[hydra04:410245] *** Process received signal ***
[hydra04:410245] Signal: Aborted (6)
[hydra04:410245] Signal code:  (-6)
[hydra01:903650] [ 2] /lib/x86_64-linux-gnu/libc.so.6(abort+0x123)[0x7f9b28c29537]
[hydra01:903650] [ 3] /lib/x86_64-linux-gnu/libc.so.6(+0x7a468)[0x7f9b28c81468]
malloc(): invalid size (unsorted)
[hydra02:584806] *** Process received signal ***
[hydra02:584806] Signal: Aborted (6)
[hydra02:584806] Signal code:  (-6)
malloc(): invalid size (unsorted)
[hydra03:411514] *** Process received signal ***
[hydra03:411514] Signal: Aborted (6)
[hydra03:411514] Signal code:  (-6)
[hydra01:903650] [ 4] /lib/x86_64-linux-gnu/libc.so.6(+0x8175a)[0x7f9b28c8875a]
[hydra04:410245] [ 0] /lib/x86_64-linux-gnu/libc.so.6(+0x38de0)[0x7f4d5bd52de0]
[hydra01:903652] [ 0] /lib/x86_64-linux-gnu/libc.so.6(+0x38de0)[0x7f28ade53de0]
[hydra01:903650] [ 5] /lib/x86_64-linux-gnu/libc.so.6(+0x8483c)[0x7f9b28c8b83c]
[hydra04:410245] [ 1] /lib/x86_64-linux-gnu/libc.so.6(gsignal+0x141)[0x7f4d5bd52d61]
[hydra02:584806] [ 0] /lib/x86_64-linux-gnu/libc.so.6(+0x38de0)[0x7fcfc821fde0]
[hydra01:903652] [ 1] /lib/x86_64-linux-gnu/libc.so.6(gsignal+0x141)[0x7f28ade53d61]
[hydra01:903650] [ 6] /lib/x86_64-linux-gnu/libc.so.6(__libc_calloc+0x81)[0x7f9b28c8dbd1]
[hydra01:903652] [ 2] /lib/x86_64-linux-gnu/libc.so.6(abort+0x123)[0x7f28ade3d537]
[hydra01:903650] [ 7] /opt/mpi/openmpi-4.1.4//lib/libmpi.so.40(ompi_group_allocate+0x17)[0x7f9b2ab5b1e7]
[hydra04:410245] [ 2] /lib/x86_64-linux-gnu/libc.so.6(abort+0x123)[0x7f4d5bd3c537]
[hydra04:410245] [ 3] /lib/x86_64-linux-gnu/libc.so.6(+0x7a468)[0x7f4d5bd94468]
[hydra02:584806] [ 1] /lib/x86_64-linux-gnu/libc.so.6(gsignal+0x141)[0x7fcfc821fd61]
malloc(): invalid size (unsorted)
[hydra06:394867] *** Process received signal ***
[hydra06:394867] Signal: Aborted (6)
[hydra06:394867] Signal code:  (-6)
[hydra01:903652] [ 3] /lib/x86_64-linux-gnu/libc.so.6(+0x7a468)[0x7f28ade95468]
[hydra01:903650] [ 8] /opt/mpi/openmpi-4.1.4//lib/libmpi.so.40(ompi_group_incl_plist+0x65)[0x7f9b2ab5b915]
[hydra04:410245] [ 4] /lib/x86_64-linux-gnu/libc.so.6(+0x8175a)[0x7f4d5bd9b75a]
[hydra02:584806] [ 2] /lib/x86_64-linux-gnu/libc.so.6(abort+0x123)[0x7fcfc8209537]
[hydra01:903652] [ 4] /lib/x86_64-linux-gnu/libc.so.6(+0x8175a)[0x7f28ade9c75a]
malloc(): invalid size (unsorted)
[hydra07:421261] *** Process received signal ***
[hydra07:421261] Signal: Aborted (6)
[hydra07:421261] Signal code:  (-6)
[hydra02:584806] [ 3] /lib/x86_64-linux-gnu/libc.so.6(+0x7a468)[0x7fcfc8261468]
malloc(): invalid size (unsorted)
[hydra08:396545] *** Process received signal ***
[hydra08:396545] Signal: Aborted (6)
[hydra08:396545] Signal code:  (-6)
[hydra01:903650] [ 9] /opt/mpi/openmpi-4.1.4//lib/libmpi.so.40(PMPI_Group_incl+0x95)[0x7f9b2ab8c185]
[hydra01:903650] [10] /home/thesis/jheld/MPI_Syrk_implementation/build/src/MPI_SYRK_implementation(+0x841a)[0x559579d3e41a]
[hydra01:903650] [11] /home/thesis/jheld/MPI_Syrk_implementation/build/src/MPI_SYRK_implementation(+0x2ab0)[0x559579d38ab0]
[hydra04:410245] [ 5] /lib/x86_64-linux-gnu/libc.so.6(+0x8483c)[0x7f4d5bd9e83c]
[hydra02:584806] [ 4] /lib/x86_64-linux-gnu/libc.so.6(+0x8175a)[0x7fcfc826875a]
malloc(): invalid size (unsorted)
[hydra10:507066] *** Process received signal ***
[hydra10:507066] Signal: Aborted (6)
[hydra10:507066] Signal code:  (-6)
[hydra01:903652] [ 5] /lib/x86_64-linux-gnu/libc.so.6(+0x8483c)[0x7f28ade9f83c]
[hydra04:410245] [ 6] /lib/x86_64-linux-gnu/libc.so.6(__libc_calloc+0x81)[0x7f4d5bda0bd1]
[hydra02:584806] [ 5] /lib/x86_64-linux-gnu/libc.so.6(+0x8483c)[0x7fcfc826b83c]
[hydra01:903650] [12] /lib/x86_64-linux-gnu/libc.so.6(__libc_start_main+0xea)[0x7f9b28c2ad7a]
[hydra01:903650] [13] /home/thesis/jheld/MPI_Syrk_implementation/build/src/MPI_SYRK_implementation(+0x232a)[0x559579d3832a]
[hydra01:903650] *** End of error message ***
[hydra04:410245] [ 7] /opt/mpi/openmpi-4.1.4//lib/libmpi.so.40(ompi_group_allocate+0x17)[0x7f4d5dc6e1e7]
[hydra11:374594] [ 0] /lib/x86_64-linux-gnu/libc.so.6(+0x38de0)[0x7f3e255c9de0]
[hydra01:903652] [ 6] /lib/x86_64-linux-gnu/libc.so.6(__libc_calloc+0x81)[0x7f28adea1bd1]
[hydra04:410245] [ 8] /opt/mpi/openmpi-4.1.4//lib/libmpi.so.40(ompi_group_incl_plist+0x65)[0x7f4d5dc6e915]
[hydra02:584806] [ 6] /lib/x86_64-linux-gnu/libc.so.6(__libc_calloc+0x81)[0x7fcfc826dbd1]
[hydra11:374594] [ 1] /lib/x86_64-linux-gnu/libc.so.6(gsignal+0x141)[0x7f3e255c9d61]
[hydra12:374545] [ 0] /lib/x86_64-linux-gnu/libc.so.6(+0x38de0)[0x7f8b0116bde0]
[hydra01:903652] [ 7] /opt/mpi/openmpi-4.1.4//lib/libmpi.so.40(ompi_group_allocate+0x17)[0x7f28afd6f1e7]
[hydra04:410245] [ 9] /opt/mpi/openmpi-4.1.4//lib/libmpi.so.40(PMPI_Group_incl+0x95)[0x7f4d5dc9f185]
[hydra02:584806] [ 7] /opt/mpi/openmpi-4.1.4//lib/libmpi.so.40(ompi_group_allocate+0x17)[0x7fcfca13b1e7]
[hydra11:374594] [ 2] /lib/x86_64-linux-gnu/libc.so.6(abort+0x123)[0x7f3e255b3537]
[hydra12:374545] [ 1] /lib/x86_64-linux-gnu/libc.so.6(gsignal+0x141)[0x7f8b0116bd61]
[hydra01:903652] [ 8] /opt/mpi/openmpi-4.1.4//lib/libmpi.so.40(ompi_group_incl_plist+0x65)[0x7f28afd6f915]
[hydra04:410245] [10] /home/thesis/jheld/MPI_Syrk_implementation/build/src/MPI_SYRK_implementation(+0x841a)[0x560e7330141a]
[hydra04:410245] [11] /home/thesis/jheld/MPI_Syrk_implementation/build/src/MPI_SYRK_implementation(+0x2ab0)[0x560e732fbab0]
[hydra02:584806] [ 8] /opt/mpi/openmpi-4.1.4//lib/libmpi.so.40(ompi_group_incl_plist+0x65)[0x7fcfca13b915]
[hydra11:374594] [ 3] /lib/x86_64-linux-gnu/libc.so.6(+0x7a468)[0x7f3e2560b468]
[hydra12:374545] [ 2] /lib/x86_64-linux-gnu/libc.so.6(abort+0x123)[0x7f8b01155537]
[hydra01:903652] [ 9] /opt/mpi/openmpi-4.1.4//lib/libmpi.so.40(PMPI_Group_incl+0x95)[0x7f28afda0185]
[hydra01:903652] [10] /home/thesis/jheld/MPI_Syrk_implementation/build/src/MPI_SYRK_implementation(+0x841a)[0x558592cb541a]
[hydra05:394194] [ 0] /lib/x86_64-linux-gnu/libc.so.6(+0x38de0)[0x7f46edda0de0]
[hydra04:410245] [12] /lib/x86_64-linux-gnu/libc.so.6(__libc_start_main+0xea)[0x7f4d5bd3dd7a]
[hydra04:410245] [13] /home/thesis/jheld/MPI_Syrk_implementation/build/src/MPI_SYRK_implementation(+0x232a)[0x560e732fb32a]
[hydra11:374594] [ 4] /lib/x86_64-linux-gnu/libc.so.6(+0x8175a)[0x7f3e2561275a]
[hydra12:374545] [ 3] /lib/x86_64-linux-gnu/libc.so.6(+0x7a468)[0x7f8b011ad468]
[hydra01:903652] [11] /home/thesis/jheld/MPI_Syrk_implementation/build/src/MPI_SYRK_implementation(+0x2ab0)[0x558592cafab0]
[hydra05:394194] [ 1] /lib/x86_64-linux-gnu/libc.so.6(gsignal+0x141)[0x7f46edda0d61]
[hydra04:410245] *** End of error message ***
[hydra02:584806] [ 9] /opt/mpi/openmpi-4.1.4//lib/libmpi.so.40(PMPI_Group_incl+0x95)[0x7fcfca16c185]
[hydra02:584806] [10] /home/thesis/jheld/MPI_Syrk_implementation/build/src/MPI_SYRK_implementation(+0x841a)[0x55a8f7bb741a]
[hydra11:374594] [ 5] /lib/x86_64-linux-gnu/libc.so.6(+0x8483c)[0x7f3e2561583c]
[hydra12:374545] [ 4] /lib/x86_64-linux-gnu/libc.so.6(+0x8175a)[0x7f8b011b475a]
[hydra01:903652] [12] /lib/x86_64-linux-gnu/libc.so.6(__libc_start_main+0xea)[0x7f28ade3ed7a]
[hydra01:903652] [13] /home/thesis/jheld/MPI_Syrk_implementation/build/src/MPI_SYRK_implementation(+0x232a)[0x558592caf32a]
[hydra05:394194] [ 2] /lib/x86_64-linux-gnu/libc.so.6(abort+0x123)[0x7f46edd8a537]
[hydra02:584806] [11] /home/thesis/jheld/MPI_Syrk_implementation/build/src/MPI_SYRK_implementation(+0x2ab0)[0x55a8f7bb1ab0]
[hydra11:374594] [ 6] /lib/x86_64-linux-gnu/libc.so.6(__libc_calloc+0x81)[0x7f3e25617bd1]
[hydra03:411514] [ 0] /lib/x86_64-linux-gnu/libc.so.6(+0x38de0)[0x7f231ebd4de0]
[hydra12:374545] [ 5] /lib/x86_64-linux-gnu/libc.so.6(+0x8483c)[0x7f8b011b783c]
malloc(): invalid size (unsorted)
[hydra06:394868] *** Process received signal ***
[hydra06:394868] Signal: Aborted (6)
[hydra06:394868] Signal code:  (-6)
[hydra01:903652] *** End of error message ***
[hydra05:394194] [ 3] /lib/x86_64-linux-gnu/libc.so.6(+0x7a468)[0x7f46edde2468]
[hydra02:584806] [12] /lib/x86_64-linux-gnu/libc.so.6(__libc_start_main+0xea)[0x7fcfc820ad7a]
[hydra02:584806] [13] /home/thesis/jheld/MPI_Syrk_implementation/build/src/MPI_SYRK_implementation(+0x232a)[0x55a8f7bb132a]
malloc(): invalid size (unsorted)
[hydra11:374592] *** Process received signal ***
[hydra11:374592] Signal: Aborted (6)
[hydra11:374592] Signal code:  (-6)
[hydra03:411514] [ 1] /lib/x86_64-linux-gnu/libc.so.6(gsignal+0x141)[0x7f231ebd4d61]
[hydra12:374545] [ 6] /lib/x86_64-linux-gnu/libc.so.6(__libc_calloc+0x81)[0x7f8b011b9bd1]
[hydra06:394867] [ 0] /lib/x86_64-linux-gnu/libc.so.6(+0x38de0)[0x7fca48122de0]
[hydra06:394867] [ 1] /lib/x86_64-linux-gnu/libc.so.6(gsignal+0x141)[0x7fca48122d61]
[hydra05:394194] [ 4] /lib/x86_64-linux-gnu/libc.so.6(+0x8175a)[0x7f46edde975a]
[hydra02:584806] *** End of error message ***
[hydra11:374594] [ 7] /opt/mpi/openmpi-4.1.4//lib/libmpi.so.40(ompi_group_allocate+0x17)[0x7f3e274e51e7]
[hydra11:374594] [ 8] /opt/mpi/openmpi-4.1.4//lib/libmpi.so.40(ompi_group_incl_plist+0x65)[0x7f3e274e5915]
[hydra11:374594] [ 9] /opt/mpi/openmpi-4.1.4//lib/libmpi.so.40(PMPI_Group_incl+0x95)[0x7f3e27516185]
[hydra11:374594] [10] /home/thesis/jheld/MPI_Syrk_implementation/build/src/MPI_SYRK_implementation(+0x841a)[0x5596ae63241a]
[hydra11:374594] [11] /home/thesis/jheld/MPI_Syrk_implementation/build/src/MPI_SYRK_implementation(+0x2ab0)[0x5596ae62cab0]
[hydra03:411514] [ 2] /lib/x86_64-linux-gnu/libc.so.6(abort+0x123)[0x7f231ebbe537]
[hydra12:374545] [ 7] /opt/mpi/openmpi-4.1.4//lib/libmpi.so.40(ompi_group_allocate+0x17)[0x7f8b030871e7]
[hydra06:394868] [ 0] /lib/x86_64-linux-gnu/libc.so.6(+0x38de0)[0x7f0eb9df3de0]
[hydra06:394868] [ 1] /lib/x86_64-linux-gnu/libc.so.6(gsignal+0x141)[0x7f0eb9df3d61]
[hydra06:394868] [ 2] /lib/x86_64-linux-gnu/libc.so.6(abort+0x123)[0x7f0eb9ddd537]
[hydra05:394194] [ 5] /lib/x86_64-linux-gnu/libc.so.6(+0x8483c)[0x7f46eddec83c]
[hydra11:374594] [12] /lib/x86_64-linux-gnu/libc.so.6(__libc_start_main+0xea)[0x7f3e255b4d7a]
[hydra11:374594] [13] /home/thesis/jheld/MPI_Syrk_implementation/build/src/MPI_SYRK_implementation(+0x232a)[0x5596ae62c32a]
[hydra11:374594] *** End of error message ***
[hydra03:411514] [ 3] /lib/x86_64-linux-gnu/libc.so.6(+0x7a468)[0x7f231ec16468]
[hydra12:374545] [ 8] /opt/mpi/openmpi-4.1.4//lib/libmpi.so.40(ompi_group_incl_plist+0x65)[0x7f8b03087915]
[hydra06:394867] [ 2] /lib/x86_64-linux-gnu/libc.so.6(abort+0x123)[0x7fca4810c537]
[hydra06:394867] [ 3] /lib/x86_64-linux-gnu/libc.so.6(+0x7a468)[0x7fca48164468]
[hydra05:394194] [ 6] /lib/x86_64-linux-gnu/libc.so.6(__libc_calloc+0x81)[0x7f46eddeebd1]
[hydra11:374592] [ 0] /lib/x86_64-linux-gnu/libc.so.6(+0x38de0)[0x7ff900338de0]
[hydra03:411514] [ 4] /lib/x86_64-linux-gnu/libc.so.6(+0x8175a)[0x7f231ec1d75a]
[hydra12:374545] [ 9] /opt/mpi/openmpi-4.1.4//lib/libmpi.so.40(PMPI_Group_incl+0x95)[0x7f8b030b8185]
[hydra06:394868] [ 3] /lib/x86_64-linux-gnu/libc.so.6(+0x7a468)[0x7f0eb9e35468]
[hydra05:394194] [ 7] /opt/mpi/openmpi-4.1.4//lib/libmpi.so.40(ompi_group_allocate+0x17)[0x7f46efcbc1e7]
malloc(): invalid size (unsorted)
[hydra07:421262] *** Process received signal ***
[hydra11:374592] [ 1] /lib/x86_64-linux-gnu/libc.so.6(gsignal+0x141)[0x7ff900338d61]
[hydra03:411514] [ 5] /lib/x86_64-linux-gnu/libc.so.6(+0x8483c)[0x7f231ec2083c]
[hydra12:374545] [10] /home/thesis/jheld/MPI_Syrk_implementation/build/src/MPI_SYRK_implementation(+0x841a)[0x55672380841a]
[hydra12:374545] [11] /home/thesis/jheld/MPI_Syrk_implementation/build/src/MPI_SYRK_implementation(+0x2ab0)[0x556723802ab0]
[hydra06:394868] [ 4] /lib/x86_64-linux-gnu/libc.so.6(+0x8175a)[0x7f0eb9e3c75a]
[hydra10:507066] [ 0] /lib/x86_64-linux-gnu/libc.so.6(+0x38de0)[0x7fb1ef1ffde0]
[hydra05:394194] [ 8] /opt/mpi/openmpi-4.1.4//lib/libmpi.so.40(ompi_group_incl_plist+0x65)[0x7f46efcbc915]
[hydra07:421262] Signal: Aborted (6)
[hydra07:421262] Signal code:  (-6)
[hydra11:374592] [ 2] /lib/x86_64-linux-gnu/libc.so.6(abort+0x123)[0x7ff900322537]
[hydra03:411514] [ 6] /lib/x86_64-linux-gnu/libc.so.6(__libc_calloc+0x81)[0x7f231ec22bd1]
[hydra12:374545] [12] /lib/x86_64-linux-gnu/libc.so.6(__libc_start_main+0xea)[0x7f8b01156d7a]
[hydra12:374545] [13] /home/thesis/jheld/MPI_Syrk_implementation/build/src/MPI_SYRK_implementation(+0x232a)[0x55672380232a]
[hydra06:394867] [ 4] /lib/x86_64-linux-gnu/libc.so.6(+0x8175a)[0x7fca4816b75a]
[hydra10:507066] [ 1] /lib/x86_64-linux-gnu/libc.so.6(gsignal+0x141)[0x7fb1ef1ffd61]
[hydra08:396545] [ 0] /lib/x86_64-linux-gnu/libc.so.6(+0x38de0)[0x7f2b68a68de0]
[hydra05:394194] [ 9] /opt/mpi/openmpi-4.1.4//lib/libmpi.so.40(PMPI_Group_incl+0x95)[0x7f46efced185]
[hydra05:394194] [10] /home/thesis/jheld/MPI_Syrk_implementation/build/src/MPI_SYRK_implementation(+0x841a)[0x55c0e2eb641a]
[hydra07:421261] [ 0] /lib/x86_64-linux-gnu/libc.so.6(+0x38de0)[0x7f6284badde0]
[hydra03:411514] [ 7] /opt/mpi/openmpi-4.1.4//lib/libmpi.so.40(ompi_group_allocate+0x17)[0x7f2320af01e7]
[hydra12:374545] *** End of error message ***
[hydra06:394868] [ 5] /lib/x86_64-linux-gnu/libc.so.6(+0x8483c)[0x7f0eb9e3f83c]
[hydra10:507066] [ 2] /lib/x86_64-linux-gnu/libc.so.6(abort+0x123)[0x7fb1ef1e9537]
[hydra08:396545] [ 1] /lib/x86_64-linux-gnu/libc.so.6(gsignal+0x141)[0x7f2b68a68d61]
[hydra05:394194] [11] /home/thesis/jheld/MPI_Syrk_implementation/build/src/MPI_SYRK_implementation(+0x2ab0)[0x55c0e2eb0ab0]
[hydra07:421261] [ 1] /lib/x86_64-linux-gnu/libc.so.6(gsignal+0x141)[0x7f6284badd61]
[hydra03:411514] [ 8] /opt/mpi/openmpi-4.1.4//lib/libmpi.so.40(ompi_group_incl_plist+0x65)[0x7f2320af0915]
[hydra06:394867] [ 5] /lib/x86_64-linux-gnu/libc.so.6(+0x8483c)[0x7fca4816e83c]
[hydra10:507066] [ 3] /lib/x86_64-linux-gnu/libc.so.6(+0x7a468)[0x7fb1ef241468]
[hydra08:396545] [ 2] /lib/x86_64-linux-gnu/libc.so.6(abort+0x123)[0x7f2b68a52537]
[hydra05:394194] [12] /lib/x86_64-linux-gnu/libc.so.6(__libc_start_main+0xea)[0x7f46edd8bd7a]
[hydra05:394194] [13] /home/thesis/jheld/MPI_Syrk_implementation/build/src/MPI_SYRK_implementation(+0x232a)[0x55c0e2eb032a]
[hydra07:421261] [ 2] /lib/x86_64-linux-gnu/libc.so.6(abort+0x123)[0x7f6284b97537]
[hydra03:411514] [ 9] /opt/mpi/openmpi-4.1.4//lib/libmpi.so.40(PMPI_Group_incl+0x95)[0x7f2320b21185]
[hydra06:394868] [ 6] /lib/x86_64-linux-gnu/libc.so.6(__libc_calloc+0x81)[0x7f0eb9e41bd1]
[hydra10:507066] [ 4] /lib/x86_64-linux-gnu/libc.so.6(+0x8175a)[0x7fb1ef24875a]
[hydra08:396545] [ 3] /lib/x86_64-linux-gnu/libc.so.6(+0x7a468)[0x7f2b68aaa468]
[hydra05:394194] *** End of error message ***
[hydra07:421262] [ 0] /lib/x86_64-linux-gnu/libc.so.6(+0x38de0)[0x7fd83ea41de0]
[hydra03:411514] [10] /home/thesis/jheld/MPI_Syrk_implementation/build/src/MPI_SYRK_implementation(+0x841a)[0x560608cc041a]
[hydra03:411514] [11] /home/thesis/jheld/MPI_Syrk_implementation/build/src/MPI_SYRK_implementation(+0x2ab0)[0x560608cbaab0]
[hydra06:394867] [ 6] /lib/x86_64-linux-gnu/libc.so.6(__libc_calloc+0x81)[0x7fca48170bd1]
[hydra10:507066] [ 5] /lib/x86_64-linux-gnu/libc.so.6(+0x8483c)[0x7fb1ef24b83c]
[hydra08:396545] [ 4] /lib/x86_64-linux-gnu/libc.so.6(+0x8175a)[0x7f2b68ab175a]
[hydra07:421262] [ 1] /lib/x86_64-linux-gnu/libc.so.6(gsignal+0x141)[0x7fd83ea41d61]
[hydra03:411514] [12] /lib/x86_64-linux-gnu/libc.so.6(__libc_start_main+0xea)[0x7f231ebbfd7a]
[hydra03:411514] [13] /home/thesis/jheld/MPI_Syrk_implementation/build/src/MPI_SYRK_implementation(+0x232a)[0x560608cba32a]
[hydra06:394868] [ 7] /opt/mpi/openmpi-4.1.4//lib/libmpi.so.40(ompi_group_allocate+0x17)[0x7f0ebbd0f1e7]
[hydra10:507066] [ 6] /lib/x86_64-linux-gnu/libc.so.6(__libc_calloc+0x81)[0x7fb1ef24dbd1]
[hydra08:396545] [ 5] /lib/x86_64-linux-gnu/libc.so.6(+0x8483c)[0x7f2b68ab483c]
[hydra07:421261] [ 3] /lib/x86_64-linux-gnu/libc.so.6(+0x7a468)[0x7f6284bef468]
[hydra03:411514] *** End of error message ***
[hydra06:394867] [ 7] /opt/mpi/openmpi-4.1.4//lib/libmpi.so.40(ompi_group_allocate+0x17)[0x7fca4a03e1e7]
[hydra10:507066] [ 7] /opt/mpi/openmpi-4.1.4//lib/libmpi.so.40(ompi_group_allocate+0x17)[0x7fb1f111b1e7]
[hydra08:396545] [ 6] /lib/x86_64-linux-gnu/libc.so.6(__libc_calloc+0x81)[0x7f2b68ab6bd1]
[hydra07:421262] [ 2] /lib/x86_64-linux-gnu/libc.so.6(abort+0x123)[0x7fd83ea2b537]
[hydra06:394867] [ 8] /opt/mpi/openmpi-4.1.4//lib/libmpi.so.40(ompi_group_incl_plist+0x65)[0x7fca4a03e915]
[hydra10:507066] [ 8] /opt/mpi/openmpi-4.1.4//lib/libmpi.so.40(ompi_group_incl_plist+0x65)[0x7fb1f111b915]
[hydra08:396545] [ 7] /opt/mpi/openmpi-4.1.4//lib/libmpi.so.40(ompi_group_allocate+0x17)[0x7f2b6a9841e7]
[hydra07:421261] [ 4] /lib/x86_64-linux-gnu/libc.so.6(+0x8175a)[0x7f6284bf675a]
[hydra06:394868] [ 8] /opt/mpi/openmpi-4.1.4//lib/libmpi.so.40(ompi_group_incl_plist+0x65)[0x7f0ebbd0f915]
[hydra10:507066] [ 9] /opt/mpi/openmpi-4.1.4//lib/libmpi.so.40(PMPI_Group_incl+0x95)[0x7fb1f114c185]
[hydra10:507066] [10] /home/thesis/jheld/MPI_Syrk_implementation/build/src/MPI_SYRK_implementation(+0x841a)[0x5640e4b4e41a]
[hydra08:396545] [ 8] /opt/mpi/openmpi-4.1.4//lib/libmpi.so.40(ompi_group_incl_plist+0x65)[0x7f2b6a984915]
[hydra07:421262] [ 3] /lib/x86_64-linux-gnu/libc.so.6(+0x7a468)[0x7fd83ea83468]
[hydra06:394868] [ 9] /opt/mpi/openmpi-4.1.4//lib/libmpi.so.40(PMPI_Group_incl+0x95)[0x7f0ebbd40185]
[hydra06:394868] [10] /home/thesis/jheld/MPI_Syrk_implementation/build/src/MPI_SYRK_implementation(+0x841a)[0x56384b22241a]
[hydra10:507066] [11] /home/thesis/jheld/MPI_Syrk_implementation/build/src/MPI_SYRK_implementation(+0x2ab0)[0x5640e4b48ab0]
[hydra08:396545] [ 9] /opt/mpi/openmpi-4.1.4//lib/libmpi.so.40(PMPI_Group_incl+0x95)[0x7f2b6a9b5185]
[hydra07:421261] [ 5] /lib/x86_64-linux-gnu/libc.so.6(+0x8483c)[0x7f6284bf983c]
[hydra06:394867] [ 9] /opt/mpi/openmpi-4.1.4//lib/libmpi.so.40(PMPI_Group_incl+0x95)[0x7fca4a06f185]
[hydra06:394867] [10] /home/thesis/jheld/MPI_Syrk_implementation/build/src/MPI_SYRK_implementation(+0x841a)[0x556b7c47141a]
[hydra10:507066] [12] /lib/x86_64-linux-gnu/libc.so.6(__libc_start_main+0xea)[0x7fb1ef1ead7a]
[hydra10:507066] [13] /home/thesis/jheld/MPI_Syrk_implementation/build/src/MPI_SYRK_implementation(+0x232a)[0x5640e4b4832a]
[hydra08:396545] [10] /home/thesis/jheld/MPI_Syrk_implementation/build/src/MPI_SYRK_implementation(+0x841a)[0x5563b250041a]
[hydra08:396545] [11] /home/thesis/jheld/MPI_Syrk_implementation/build/src/MPI_SYRK_implementation(+0x2ab0)[0x5563b24faab0]
[hydra07:421261] [ 6] /lib/x86_64-linux-gnu/libc.so.6(__libc_calloc+0x81)[0x7f6284bfbbd1]
[hydra06:394868] [11] /home/thesis/jheld/MPI_Syrk_implementation/build/src/MPI_SYRK_implementation(+0x2ab0)[0x56384b21cab0]
[hydra10:507066] *** End of error message ***
[hydra08:396545] [12] /lib/x86_64-linux-gnu/libc.so.6(__libc_start_main+0xea)[0x7f2b68a53d7a]
[hydra08:396545] [13] /home/thesis/jheld/MPI_Syrk_implementation/build/src/MPI_SYRK_implementation(+0x232a)[0x5563b24fa32a]
[hydra07:421262] [ 4] /lib/x86_64-linux-gnu/libc.so.6(+0x8175a)[0x7fd83ea8a75a]
[hydra07:421262] [ 5] /lib/x86_64-linux-gnu/libc.so.6(+0x8483c)[0x7fd83ea8d83c]
[hydra06:394867] [11] /home/thesis/jheld/MPI_Syrk_implementation/build/src/MPI_SYRK_implementation(+0x2ab0)[0x556b7c46bab0]
[hydra08:396545] *** End of error message ***
[hydra07:421261] [ 7] /opt/mpi/openmpi-4.1.4//lib/libmpi.so.40(ompi_group_allocate+0x17)[0x7f6286ac91e7]
[hydra07:421261] [ 8] /opt/mpi/openmpi-4.1.4//lib/libmpi.so.40(ompi_group_incl_plist+0x65)[0x7f6286ac9915]
[hydra06:394868] [12] /lib/x86_64-linux-gnu/libc.so.6(__libc_start_main+0xea)[0x7f0eb9dded7a]
[hydra06:394868] [13] /home/thesis/jheld/MPI_Syrk_implementation/build/src/MPI_SYRK_implementation(+0x232a)[0x56384b21c32a]
[hydra06:394868] *** End of error message ***
[hydra07:421262] [ 6] /lib/x86_64-linux-gnu/libc.so.6(__libc_calloc+0x81)[0x7fd83ea8fbd1]
[hydra06:394867] [12] /lib/x86_64-linux-gnu/libc.so.6(__libc_start_main+0xea)[0x7fca4810dd7a]
[hydra06:394867] [13] /home/thesis/jheld/MPI_Syrk_implementation/build/src/MPI_SYRK_implementation(+0x232a)[0x556b7c46b32a]
[hydra06:394867] *** End of error message ***
[hydra07:421261] [ 9] /opt/mpi/openmpi-4.1.4//lib/libmpi.so.40(PMPI_Group_incl+0x95)[0x7f6286afa185]
[hydra07:421262] [ 7] /opt/mpi/openmpi-4.1.4//lib/libmpi.so.40(ompi_group_allocate+0x17)[0x7fd84095d1e7]
[hydra07:421261] [10] /home/thesis/jheld/MPI_Syrk_implementation/build/src/MPI_SYRK_implementation(+0x841a)[0x55d172ea241a]
[hydra07:421261] [11] /home/thesis/jheld/MPI_Syrk_implementation/build/src/MPI_SYRK_implementation(+0x2ab0)[0x55d172e9cab0]
[hydra07:421261] [12] /lib/x86_64-linux-gnu/libc.so.6(__libc_start_main+0xea)[0x7f6284b98d7a]
[hydra07:421262] [ 8] /opt/mpi/openmpi-4.1.4//lib/libmpi.so.40(ompi_group_incl_plist+0x65)[0x7fd84095d915]
[hydra07:421261] [13] /home/thesis/jheld/MPI_Syrk_implementation/build/src/MPI_SYRK_implementation(+0x232a)[0x55d172e9c32a]
[hydra07:421261] *** End of error message ***
[hydra07:421262] [ 9] /opt/mpi/openmpi-4.1.4//lib/libmpi.so.40(PMPI_Group_incl+0x95)[0x7fd84098e185]
[hydra07:421262] [10] /home/thesis/jheld/MPI_Syrk_implementation/build/src/MPI_SYRK_implementation(+0x841a)[0x55c4396c441a]
[hydra07:421262] [11] /home/thesis/jheld/MPI_Syrk_implementation/build/src/MPI_SYRK_implementation(+0x2ab0)[0x55c4396beab0]
[hydra07:421262] [12] /lib/x86_64-linux-gnu/libc.so.6(__libc_start_main+0xea)[0x7fd83ea2cd7a]
[hydra07:421262] [13] /home/thesis/jheld/MPI_Syrk_implementation/build/src/MPI_SYRK_implementation(+0x232a)[0x55c4396be32a]
[hydra07:421262] *** End of error message ***
[hydra11:374592] [ 3] /lib/x86_64-linux-gnu/libc.so.6(+0x7a468)[0x7ff90037a468]
[hydra11:374592] [ 4] /lib/x86_64-linux-gnu/libc.so.6(+0x8175a)[0x7ff90038175a]
[hydra11:374592] [ 5] /lib/x86_64-linux-gnu/libc.so.6(+0x8483c)[0x7ff90038483c]
[hydra11:374592] [ 6] /lib/x86_64-linux-gnu/libc.so.6(__libc_calloc+0x81)[0x7ff900386bd1]
[hydra11:374592] [ 7] /opt/mpi/openmpi-4.1.4//lib/libmpi.so.40(ompi_group_allocate+0x17)[0x7ff9022541e7]
[hydra11:374592] [ 8] /opt/mpi/openmpi-4.1.4//lib/libmpi.so.40(ompi_group_incl_plist+0x65)[0x7ff902254915]
[hydra11:374592] [ 9] /opt/mpi/openmpi-4.1.4//lib/libmpi.so.40(PMPI_Group_incl+0x95)[0x7ff902285185]
[hydra11:374592] [10] /home/thesis/jheld/MPI_Syrk_implementation/build/src/MPI_SYRK_implementation(+0x841a)[0x558b1d1eb41a]
[hydra11:374592] [11] /home/thesis/jheld/MPI_Syrk_implementation/build/src/MPI_SYRK_implementation(+0x2ab0)[0x558b1d1e5ab0]
[hydra11:374592] [12] /lib/x86_64-linux-gnu/libc.so.6(__libc_start_main+0xea)[0x7ff900323d7a]
[hydra11:374592] [13] /home/thesis/jheld/MPI_Syrk_implementation/build/src/MPI_SYRK_implementation(+0x232a)[0x558b1d1e532a]
[hydra11:374592] *** End of error message ***
srun: error: hydra05: task 13: Aborted
srun: error: hydra10: task 27: Aborted
srun: error: hydra04: task 11: Aborted
srun: error: hydra03: task 7: Aborted
srun: error: hydra02: task 3: Aborted
srun: error: hydra12: task 35: Aborted
srun: error: hydra11: tasks 30,32: Aborted
srun: error: hydra08: task 23: Aborted
srun: error: hydra07: tasks 19-20: Aborted
srun: error: hydra06: tasks 16-17: Aborted
srun: error: hydra01: tasks 0,2: Aborted
slurmstepd: error:  mpi/pmix_v4: _errhandler: hydra05 [4]: pmixp_client_v2.c:211: Error handler invoked: status = -61, source = [slurm.pmix.5008700.28:13]
slurmstepd: error: *** STEP 5008700.28 ON hydra01 CANCELLED AT 2025-10-13T15:38:41 ***
slurmstepd: error:  mpi/pmix_v4: _errhandler: hydra12 [11]: pmixp_client_v2.c:211: Error handler invoked: status = -61, source = [slurm.pmix.5008700.28:35]
srun: Job step aborted: Waiting up to 32 seconds for job step to finish.
slurmstepd: error:  mpi/pmix_v4: _errhandler: hydra04 [3]: pmixp_client_v2.c:211: Error handler invoked: status = -61, source = [slurm.pmix.5008700.28:11]
slurmstepd: error:  mpi/pmix_v4: _errhandler: hydra02 [1]: pmixp_client_v2.c:211: Error handler invoked: status = -61, source = [slurm.pmix.5008700.28:3]
slurmstepd: error:  mpi/pmix_v4: _errhandler: hydra03 [2]: pmixp_client_v2.c:211: Error handler invoked: status = -61, source = [slurm.pmix.5008700.28:7]
slurmstepd: error:  mpi/pmix_v4: _errhandler: hydra01 [0]: pmixp_client_v2.c:211: Error handler invoked: status = -61, source = [slurm.pmix.5008700.28:2]
slurmstepd: error:  mpi/pmix_v4: _errhandler: hydra10 [9]: pmixp_client_v2.c:211: Error handler invoked: status = -61, source = [slurm.pmix.5008700.28:27]
slurmstepd: error:  mpi/pmix_v4: _errhandler: hydra08 [7]: pmixp_client_v2.c:211: Error handler invoked: status = -61, source = [slurm.pmix.5008700.28:23]
slurmstepd: error:  mpi/pmix_v4: _errhandler: hydra11 [10]: pmixp_client_v2.c:211: Error handler invoked: status = -61, source = [slurm.pmix.5008700.28:32]
slurmstepd: error:  mpi/pmix_v4: _errhandler: hydra07 [6]: pmixp_client_v2.c:211: Error handler invoked: status = -61, source = [slurm.pmix.5008700.28:20]
srun: error: hydra11: task 31: Killed
srun: error: hydra06: task 15: Killed
srun: error: hydra01: task 1: Killed
srun: error: hydra07: task 18: Killed
srun: error: hydra08: tasks 21-22: Killed
srun: error: hydra04: tasks 9-10: Killed
srun: error: hydra03: tasks 6,8: Killed
srun: error: hydra05: tasks 12,14: Killed
srun: error: hydra10: tasks 28-29: Killed
srun: error: hydra02: tasks 4-5: Killed
srun: error: hydra12: tasks 33-34: Killed
srun: error: hydra09: tasks 24-26: Killed
⚠️ Warning: No runtime found for run 29
srun: Warning: can't honor --ntasks-per-node set to 1 which doesn't match the requested tasks 36 with the number of requested nodes 12. Ignoring --ntasks-per-node.
missing input file name --> Generate random input
malloc(): invalid size (unsorted)
[hydra12:374609] *** Process received signal ***
[hydra12:374609] Signal: Aborted (6)
[hydra12:374609] Signal code:  (-6)
malloc(): invalid size (unsorted)
[hydra01:903742] *** Process received signal ***
[hydra01:903742] Signal: Aborted (6)
[hydra01:903742] Signal code:  (-6)
malloc(): invalid size (unsorted)
[hydra01:903743] *** Process received signal ***
[hydra01:903743] Signal: Aborted (6)
[hydra01:903743] Signal code:  (-6)
malloc(): invalid size (unsorted)
[hydra12:374608] *** Process received signal ***
[hydra12:374608] Signal: Aborted (6)
[hydra12:374608] Signal code:  (-6)
[hydra12:374609] [ 0] /lib/x86_64-linux-gnu/libc.so.6(+0x38de0)[0x7f4d30441de0]
malloc(): invalid size (unsorted)
[hydra05:394258] *** Process received signal ***
[hydra05:394258] Signal: Aborted (6)
[hydra05:394258] Signal code:  (-6)
[hydra12:374609] [ 1] /lib/x86_64-linux-gnu/libc.so.6(gsignal+0x141)[0x7f4d30441d61]
[hydra12:374608] [ 0] /lib/x86_64-linux-gnu/libc.so.6(+0x38de0)[0x7eff5e0dbde0]
[hydra12:374609] [ 2] /lib/x86_64-linux-gnu/libc.so.6(abort+0x123)[0x7f4d3042b537]
[hydra12:374608] [ 1] /lib/x86_64-linux-gnu/libc.so.6(gsignal+0x141)[0x7eff5e0dbd61]
[hydra12:374608] [ 2] /lib/x86_64-linux-gnu/libc.so.6(abort+0x123)[0x7eff5e0c5537]
malloc(): invalid size (unsorted)
[hydra12:374609] [ 3] /lib/x86_64-linux-gnu/libc.so.6(+0x7a468)[0x7f4d30483468]
[hydra01:903742] [ 0] /lib/x86_64-linux-gnu/libc.so.6(+0x38de0)[0x7ff14e508de0]
[hydra12:374608] [ 3] /lib/x86_64-linux-gnu/libc.so.6(+0x7a468)[0x7eff5e11d468]
malloc(): invalid size (unsorted)
[hydra02:584886] *** Process received signal ***
[hydra02:584886] Signal: Aborted (6)
[hydra02:584886] Signal code:  (-6)
malloc(): invalid size (unsorted)
[hydra09:387565] *** Process received signal ***
[hydra09:387565] Signal: Aborted (6)
[hydra09:387565] Signal code:  (-6)
[hydra12:374609] [ 4] /lib/x86_64-linux-gnu/libc.so.6(+0x8175a)[0x7f4d3048a75a]
[hydra12:374609] [ 5] /lib/x86_64-linux-gnu/libc.so.6(+0x8483c)[0x7f4d3048d83c]
[hydra01:903743] [ 0] /lib/x86_64-linux-gnu/libc.so.6(+0x38de0)[0x7f4e0ef91de0]
[hydra01:903743] [ 1] /lib/x86_64-linux-gnu/libc.so.6(gsignal+0x141)[0x7f4e0ef91d61]
[hydra04:410310] *** Process received signal ***
[hydra04:410310] Signal: Aborted (6)
[hydra04:410310] Signal code:  (-6)
[hydra12:374608] [ 4] /lib/x86_64-linux-gnu/libc.so.6(+0x8175a)[0x7eff5e12475a]
malloc(): invalid size (unsorted)
[hydra03:411579] *** Process received signal ***
[hydra03:411579] Signal: Aborted (6)
[hydra03:411579] Signal code:  (-6)
[hydra12:374608] [ 5] /lib/x86_64-linux-gnu/libc.so.6(+0x8483c)[0x7eff5e12783c]
malloc(): invalid size (unsorted)
[hydra06:394931] *** Process received signal ***
[hydra06:394931] Signal: Aborted (6)
[hydra06:394931] Signal code:  (-6)
malloc(): invalid size (unsorted)
[hydra01:903744] *** Process received signal ***
[hydra01:903744] Signal: Aborted (6)
[hydra01:903744] Signal code:  (-6)
[hydra04:410310] [ 0] /lib/x86_64-linux-gnu/libc.so.6(+0x38de0)[0x7f6f5d0e8de0]
[hydra12:374609] [ 6] /lib/x86_64-linux-gnu/libc.so.6(__libc_calloc+0x81)[0x7f4d3048fbd1]
malloc(): invalid size (unsorted)
[hydra02:584887] *** Process received signal ***
[hydra02:584887] Signal: Aborted (6)
[hydra02:584887] Signal code:  (-6)
[hydra09:387565] [ 0] /lib/x86_64-linux-gnu/libc.so.6(+0x38de0)[0x7fa998c86de0]
malloc(): invalid size (unsorted)
[hydra07:421326] *** Process received signal ***
[hydra07:421326] Signal: Aborted (6)
[hydra07:421326] Signal code:  (-6)
[hydra01:903742] [ 1] /lib/x86_64-linux-gnu/libc.so.6(gsignal+0x141)[0x7ff14e508d61]
[hydra01:903742] [ 2] /lib/x86_64-linux-gnu/libc.so.6(abort+0x123)[0x7ff14e4f2537]
[hydra12:374609] [ 7] /opt/mpi/openmpi-4.1.4//lib/libmpi.so.40(ompi_group_allocate+0x17)[0x7f4d3235d1e7]
malloc(): invalid size (unsorted)
[hydra01:903743] [ 2] /lib/x86_64-linux-gnu/libc.so.6(abort+0x123)[0x7f4e0ef7b537]
[hydra04:410310] [ 1] /lib/x86_64-linux-gnu/libc.so.6(gsignal+0x141)[0x7f6f5d0e8d61]
[hydra12:374608] [ 6] /lib/x86_64-linux-gnu/libc.so.6(__libc_calloc+0x81)[0x7eff5e129bd1]
[hydra02:584885] *** Process received signal ***
[hydra02:584885] Signal: Aborted (6)
[hydra02:584885] Signal code:  (-6)
[hydra09:387565] [ 1] /lib/x86_64-linux-gnu/libc.so.6(gsignal+0x141)[0x7fa998c86d61]
[hydra06:394931] [ 0] /lib/x86_64-linux-gnu/libc.so.6(+0x38de0)[0x7f556162cde0]
malloc(): invalid size (unsorted)
[hydra08:396609] *** Process received signal ***
[hydra08:396609] Signal: Aborted (6)
[hydra08:396609] Signal code:  (-6)
[hydra01:903742] [ 3] /lib/x86_64-linux-gnu/libc.so.6(+0x7a468)[0x7ff14e54a468]
[hydra04:410310] [ 2] /lib/x86_64-linux-gnu/libc.so.6(abort+0x123)[0x7f6f5d0d2537]
[hydra12:374609] [ 8] /opt/mpi/openmpi-4.1.4//lib/libmpi.so.40(ompi_group_incl_plist+0x65)[0x7f4d3235d915]
[hydra02:584886] [ 0] /lib/x86_64-linux-gnu/libc.so.6(+0x38de0)[0x7f42c0037de0]
malloc(): invalid size (unsorted)
[hydra11:374658] *** Process received signal ***
[hydra11:374658] Signal: Aborted (6)
[hydra11:374658] Signal code:  (-6)
[hydra09:387565] [ 2] /lib/x86_64-linux-gnu/libc.so.6(abort+0x123)[0x7fa998c70537]
[hydra06:394931] [ 1] /lib/x86_64-linux-gnu/libc.so.6(gsignal+0x141)[0x7f556162cd61]
malloc(): invalid size (unsorted)
malloc(): invalid size (unsorted)
[hydra10:507136] *** Process received signal ***
[hydra10:507136] Signal: Aborted (6)
[hydra10:507136] Signal code:  (-6)
[hydra01:903743] [ 3] /lib/x86_64-linux-gnu/libc.so.6(+0x7a468)[0x7f4e0efd3468]
[hydra01:903743] [ 4] /lib/x86_64-linux-gnu/libc.so.6(+0x8175a)[0x7f4e0efda75a]
[hydra04:410310] [ 3] /lib/x86_64-linux-gnu/libc.so.6(+0x7a468)[0x7f6f5d12a468]
[hydra12:374608] [ 7] /opt/mpi/openmpi-4.1.4//lib/libmpi.so.40(ompi_group_allocate+0x17)[0x7eff5fff71e7]
[hydra02:584887] [ 0] /lib/x86_64-linux-gnu/libc.so.6(+0x38de0)[0x7fad2fbeade0]
[hydra09:387565] [ 3] /lib/x86_64-linux-gnu/libc.so.6(+0x7a468)[0x7fa998cc8468]
[hydra06:394931] [ 2] /lib/x86_64-linux-gnu/libc.so.6(abort+0x123)[0x7f5561616537]
[hydra07:421327] *** Process received signal ***
[hydra07:421327] Signal: Aborted (6)
[hydra07:421327] Signal code:  (-6)
malloc(): invalid size (unsorted)
[hydra01:903744] [ 0] /lib/x86_64-linux-gnu/libc.so.6(+0x38de0)[0x7f29f8ecdde0]
[hydra04:410310] [ 4] /lib/x86_64-linux-gnu/libc.so.6(+0x8175a)[0x7f6f5d13175a]
[hydra12:374608] [ 8] /opt/mpi/openmpi-4.1.4//lib/libmpi.so.40(ompi_group_incl_plist+0x65)[0x7eff5fff7915]
[hydra02:584886] [ 1] /lib/x86_64-linux-gnu/libc.so.6(gsignal+0x141)[0x7f42c0037d61]
[hydra11:374658] [ 0] /lib/x86_64-linux-gnu/libc.so.6(+0x38de0)[0x7ff8f4a2ede0]
[hydra09:387565] [ 4] /lib/x86_64-linux-gnu/libc.so.6(+0x8175a)[0x7fa998ccf75a]
[hydra06:394931] [ 3] /lib/x86_64-linux-gnu/libc.so.6(+0x7a468)[0x7f556166e468]
[hydra07:421326] [ 0] /lib/x86_64-linux-gnu/libc.so.6(+0x38de0)[0x7f1415bd9de0]
[hydra08:396608] *** Process received signal ***
[hydra08:396608] Signal: Aborted (6)
[hydra08:396608] Signal code:  (-6)
[hydra01:903742] [ 4] /lib/x86_64-linux-gnu/libc.so.6(+0x8175a)[0x7ff14e55175a]
[hydra04:410310] [ 5] /lib/x86_64-linux-gnu/libc.so.6(+0x8483c)[0x7f6f5d13483c]
[hydra12:374609] [ 9] /opt/mpi/openmpi-4.1.4//lib/libmpi.so.40(PMPI_Group_incl+0x95)[0x7f4d3238e185]
[hydra12:374609] [10] /home/thesis/jheld/MPI_Syrk_implementation/build/src/MPI_SYRK_implementation(+0x841a)[0x5618f895141a]
[hydra12:374609] [11] /home/thesis/jheld/MPI_Syrk_implementation/build/src/MPI_SYRK_implementation(+0x2ab0)[0x5618f894bab0]
[hydra02:584887] [ 1] /lib/x86_64-linux-gnu/libc.so.6(gsignal+0x141)[0x7fad2fbead61]
[hydra11:374658] [ 1] /lib/x86_64-linux-gnu/libc.so.6(gsignal+0x141)[0x7ff8f4a2ed61]
[hydra09:387565] [ 5] /lib/x86_64-linux-gnu/libc.so.6(+0x8483c)[0x7fa998cd283c]
[hydra06:394931] [ 4] /lib/x86_64-linux-gnu/libc.so.6(+0x8175a)[0x7f556167575a]
[hydra07:421326] [ 1] /lib/x86_64-linux-gnu/libc.so.6(gsignal+0x141)[0x7f1415bd9d61]
[hydra08:396609] [ 0] /lib/x86_64-linux-gnu/libc.so.6(+0x38de0)[0x7f573be60de0]
[hydra05:394258] [ 0] /lib/x86_64-linux-gnu/libc.so.6(+0x38de0)[0x7f47b9cd0de0]
[hydra01:903744] [ 1] /lib/x86_64-linux-gnu/libc.so.6(gsignal+0x141)[0x7f29f8ecdd61]
[hydra04:410310] [ 6] /lib/x86_64-linux-gnu/libc.so.6(__libc_calloc+0x81)[0x7f6f5d136bd1]
[hydra12:374608] [ 9] /opt/mpi/openmpi-4.1.4//lib/libmpi.so.40(PMPI_Group_incl+0x95)[0x7eff60028185]
[hydra12:374608] [10] /home/thesis/jheld/MPI_Syrk_implementation/build/src/MPI_SYRK_implementation(+0x841a)[0x556b3233e41a]
[hydra02:584886] [ 2] /lib/x86_64-linux-gnu/libc.so.6(abort+0x123)[0x7f42c0021537]
[hydra11:374658] [ 2] /lib/x86_64-linux-gnu/libc.so.6(abort+0x123)[0x7ff8f4a18537]
[hydra09:387565] [ 6] /lib/x86_64-linux-gnu/libc.so.6(__libc_calloc+0x81)[0x7fa998cd4bd1]
[hydra06:394931] [ 5] /lib/x86_64-linux-gnu/libc.so.6(+0x8483c)[0x7f556167883c]
[hydra07:421326] [ 2] /lib/x86_64-linux-gnu/libc.so.6(abort+0x123)[0x7f1415bc3537]
[hydra08:396609] [ 1] /lib/x86_64-linux-gnu/libc.so.6(gsignal+0x141)[0x7f573be60d61]
[hydra05:394258] [ 1] /lib/x86_64-linux-gnu/libc.so.6(gsignal+0x141)[0x7f47b9cd0d61]
[hydra01:903742] [ 5] /lib/x86_64-linux-gnu/libc.so.6(+0x8483c)[0x7ff14e55483c]
[hydra04:410310] [ 7] /opt/mpi/openmpi-4.1.4//lib/libmpi.so.40(ompi_group_allocate+0x17)[0x7f6f5f0041e7]
[hydra12:374609] [12] /lib/x86_64-linux-gnu/libc.so.6(__libc_start_main+0xea)[0x7f4d3042cd7a]
[hydra12:374609] [13] /home/thesis/jheld/MPI_Syrk_implementation/build/src/MPI_SYRK_implementation(+0x232a)[0x5618f894b32a]
[hydra12:374609] *** End of error message ***
[hydra02:584887] [ 2] /lib/x86_64-linux-gnu/libc.so.6(abort+0x123)[0x7fad2fbd4537]
[hydra11:374658] [ 3] /lib/x86_64-linux-gnu/libc.so.6(+0x7a468)[0x7ff8f4a70468]
[hydra09:387565] [ 7] /opt/mpi/openmpi-4.1.4//lib/libmpi.so.40(ompi_group_allocate+0x17)[0x7fa99aba21e7]
[hydra06:394931] [ 6] /lib/x86_64-linux-gnu/libc.so.6(__libc_calloc+0x81)[0x7f556167abd1]
[hydra07:421327] [ 0] /lib/x86_64-linux-gnu/libc.so.6(+0x38de0)[0x7fc5e5fbfde0]
[hydra08:396609] [ 2] /lib/x86_64-linux-gnu/libc.so.6(abort+0x123)[0x7f573be4a537]
[hydra03:411579] [ 0] /lib/x86_64-linux-gnu/libc.so.6(+0x38de0)[0x7fe51ab39de0]
[hydra05:394258] [ 2] /lib/x86_64-linux-gnu/libc.so.6(abort+0x123)[0x7f47b9cba537]
[hydra01:903743] [ 5] /lib/x86_64-linux-gnu/libc.so.6(+0x8483c)[0x7f4e0efdd83c]
[hydra01:903743] [ 6] /lib/x86_64-linux-gnu/libc.so.6(__libc_calloc+0x81)[0x7f4e0efdfbd1]
[hydra04:410310] [ 8] /opt/mpi/openmpi-4.1.4//lib/libmpi.so.40(ompi_group_incl_plist+0x65)[0x7f6f5f004915]
[hydra12:374608] [11] /home/thesis/jheld/MPI_Syrk_implementation/build/src/MPI_SYRK_implementation(+0x2ab0)[0x556b32338ab0]
[hydra02:584886] [ 3] /lib/x86_64-linux-gnu/libc.so.6(+0x7a468)[0x7f42c0079468]
[hydra11:374658] [ 4] /lib/x86_64-linux-gnu/libc.so.6(+0x8175a)[0x7ff8f4a7775a]
[hydra09:387565] [ 8] /opt/mpi/openmpi-4.1.4//lib/libmpi.so.40(ompi_group_incl_plist+0x65)[0x7fa99aba2915]
[hydra06:394931] [ 7] /opt/mpi/openmpi-4.1.4//lib/libmpi.so.40(ompi_group_allocate+0x17)[0x7f55635481e7]
[hydra07:421326] [ 3] /lib/x86_64-linux-gnu/libc.so.6(+0x7a468)[0x7f1415c1b468]
[hydra08:396608] [ 0] /lib/x86_64-linux-gnu/libc.so.6(+0x38de0)[0x7faaeb8e6de0]
[hydra08:396608] [ 1] /lib/x86_64-linux-gnu/libc.so.6(gsignal+0x141)[0x7faaeb8e6d61]
[hydra03:411579] [ 1] /lib/x86_64-linux-gnu/libc.so.6(gsignal+0x141)[0x7fe51ab39d61]
[hydra05:394258] [ 3] /lib/x86_64-linux-gnu/libc.so.6(+0x7a468)[0x7f47b9d12468]
[hydra01:903744] [ 2] /lib/x86_64-linux-gnu/libc.so.6(abort+0x123)[0x7f29f8eb7537]
[hydra04:410310] [ 9] /opt/mpi/openmpi-4.1.4//lib/libmpi.so.40(PMPI_Group_incl+0x95)[0x7f6f5f035185]
[hydra12:374608] [12] /lib/x86_64-linux-gnu/libc.so.6(__libc_start_main+0xea)[0x7eff5e0c6d7a]
[hydra12:374608] [13] /home/thesis/jheld/MPI_Syrk_implementation/build/src/MPI_SYRK_implementation(+0x232a)[0x556b3233832a]
[hydra02:584887] [ 3] /lib/x86_64-linux-gnu/libc.so.6(+0x7a468)[0x7fad2fc2c468]
[hydra11:374658] [ 5] /lib/x86_64-linux-gnu/libc.so.6(+0x8483c)[0x7ff8f4a7a83c]
[hydra09:387565] [ 9] /opt/mpi/openmpi-4.1.4//lib/libmpi.so.40(PMPI_Group_incl+0x95)[0x7fa99abd3185]
[hydra09:387565] [10] /home/thesis/jheld/MPI_Syrk_implementation/build/src/MPI_SYRK_implementation(+0x841a)[0x55ef996c941a]
[hydra06:394931] [ 8] /opt/mpi/openmpi-4.1.4//lib/libmpi.so.40(ompi_group_incl_plist+0x65)[0x7f5563548915]
[hydra07:421327] [ 1] /lib/x86_64-linux-gnu/libc.so.6(gsignal+0x141)[0x7fc5e5fbfd61]
[hydra08:396609] [ 3] /lib/x86_64-linux-gnu/libc.so.6(+0x7a468)[0x7f573bea2468]
[hydra08:396609] [ 4] /lib/x86_64-linux-gnu/libc.so.6(+0x8175a)[0x7f573bea975a]
[hydra03:411579] [ 2] /lib/x86_64-linux-gnu/libc.so.6(abort+0x123)[0x7fe51ab23537]
[hydra05:394258] [ 4] /lib/x86_64-linux-gnu/libc.so.6(+0x8175a)[0x7f47b9d1975a]
[hydra01:903742] [ 6] /lib/x86_64-linux-gnu/libc.so.6(__libc_calloc+0x81)[0x7ff14e556bd1]
[hydra04:410310] [10] /home/thesis/jheld/MPI_Syrk_implementation/build/src/MPI_SYRK_implementation(+0x841a)[0x56437e1a941a]
[hydra04:410310] [11] /home/thesis/jheld/MPI_Syrk_implementation/build/src/MPI_SYRK_implementation(+0x2ab0)[0x56437e1a3ab0]
[hydra12:374608] *** End of error message ***
[hydra02:584885] [ 0] /lib/x86_64-linux-gnu/libc.so.6(+0x38de0)[0x7f2710604de0]
[hydra11:374658] [ 6] /lib/x86_64-linux-gnu/libc.so.6(__libc_calloc+0x81)[0x7ff8f4a7cbd1]
[hydra09:387565] [11] /home/thesis/jheld/MPI_Syrk_implementation/build/src/MPI_SYRK_implementation(+0x2ab0)[0x55ef996c3ab0]
[hydra06:394931] [ 9] /opt/mpi/openmpi-4.1.4//lib/libmpi.so.40(PMPI_Group_incl+0x95)[0x7f5563579185]
[hydra06:394931] [10] /home/thesis/jheld/MPI_Syrk_implementation/build/src/MPI_SYRK_implementation(+0x841a)[0x562d52c8941a]
[hydra07:421326] [ 4] /lib/x86_64-linux-gnu/libc.so.6(+0x8175a)[0x7f1415c2275a]
[hydra08:396608] [ 2] /lib/x86_64-linux-gnu/libc.so.6(abort+0x123)[0x7faaeb8d0537]
[hydra03:411579] [ 3] /lib/x86_64-linux-gnu/libc.so.6(+0x7a468)[0x7fe51ab7b468]
[hydra05:394258] [ 5] /lib/x86_64-linux-gnu/libc.so.6(+0x8483c)[0x7f47b9d1c83c]
[hydra01:903744] [ 3] /lib/x86_64-linux-gnu/libc.so.6(+0x7a468)[0x7f29f8f0f468]
[hydra04:410310] [12] /lib/x86_64-linux-gnu/libc.so.6(__libc_start_main+0xea)[0x7f6f5d0d3d7a]
[hydra04:410310] [13] /home/thesis/jheld/MPI_Syrk_implementation/build/src/MPI_SYRK_implementation(+0x232a)[0x56437e1a332a]
[hydra02:584886] [ 4] /lib/x86_64-linux-gnu/libc.so.6(+0x8175a)[0x7f42c008075a]
[hydra11:374658] [ 7] /opt/mpi/openmpi-4.1.4//lib/libmpi.so.40(ompi_group_allocate+0x17)[0x7ff8f694a1e7]
[hydra09:387565] [12] /lib/x86_64-linux-gnu/libc.so.6(__libc_start_main+0xea)[0x7fa998c71d7a]
[hydra06:394931] [11] /home/thesis/jheld/MPI_Syrk_implementation/build/src/MPI_SYRK_implementation(+0x2ab0)[0x562d52c83ab0]
[hydra07:421327] [ 2] /lib/x86_64-linux-gnu/libc.so.6(abort+0x123)[0x7fc5e5fa9537]
[hydra08:396609] [ 5] /lib/x86_64-linux-gnu/libc.so.6(+0x8483c)[0x7f573beac83c]
malloc(): invalid size (unsorted)
[hydra10:507137] *** Process received signal ***
[hydra10:507137] Signal: Aborted (6)
[hydra10:507137] Signal code:  (-6)
[hydra03:411579] [ 4] /lib/x86_64-linux-gnu/libc.so.6(+0x8175a)[0x7fe51ab8275a]
[hydra05:394258] [ 6] /lib/x86_64-linux-gnu/libc.so.6(__libc_calloc+0x81)[0x7f47b9d1ebd1]
[hydra01:903742] [ 7] /opt/mpi/openmpi-4.1.4//lib/libmpi.so.40(ompi_group_allocate+0x17)[0x7ff1504241e7]
[hydra04:410310] *** End of error message ***
[hydra02:584887] [ 4] /lib/x86_64-linux-gnu/libc.so.6(+0x8175a)[0x7fad2fc3375a]
[hydra11:374658] [ 8] /opt/mpi/openmpi-4.1.4//lib/libmpi.so.40(ompi_group_incl_plist+0x65)[0x7ff8f694a915]
[hydra09:387565] [13] /home/thesis/jheld/MPI_Syrk_implementation/build/src/MPI_SYRK_implementation(+0x232a)[0x55ef996c332a]
[hydra09:387565] *** End of error message ***
[hydra06:394931] [12] /lib/x86_64-linux-gnu/libc.so.6(__libc_start_main+0xea)[0x7f5561617d7a]
[hydra07:421326] [ 5] /lib/x86_64-linux-gnu/libc.so.6(+0x8483c)[0x7f1415c2583c]
[hydra08:396608] [ 3] /lib/x86_64-linux-gnu/libc.so.6(+0x7a468)[0x7faaeb928468]
[hydra10:507136] [ 0] /lib/x86_64-linux-gnu/libc.so.6(+0x38de0)[0x7f1d76715de0]
[hydra03:411579] [ 5] /lib/x86_64-linux-gnu/libc.so.6(+0x8483c)[0x7fe51ab8583c]
[hydra05:394258] [ 7] /opt/mpi/openmpi-4.1.4//lib/libmpi.so.40(ompi_group_allocate+0x17)[0x7f47bbbec1e7]
[hydra01:903743] [ 7] /opt/mpi/openmpi-4.1.4//lib/libmpi.so.40(ompi_group_allocate+0x17)[0x7f4e10ead1e7]
[hydra01:903743] [ 8] /opt/mpi/openmpi-4.1.4//lib/libmpi.so.40(ompi_group_incl_plist+0x65)[0x7f4e10ead915]
[hydra02:584885] [ 1] /lib/x86_64-linux-gnu/libc.so.6(gsignal+0x141)[0x7f2710604d61]
[hydra11:374658] [ 9] /opt/mpi/openmpi-4.1.4//lib/libmpi.so.40(PMPI_Group_incl+0x95)[0x7ff8f697b185]
[hydra11:374658] [10] /home/thesis/jheld/MPI_Syrk_implementation/build/src/MPI_SYRK_implementation(+0x841a)[0x55f70afd441a]
[hydra11:374658] [11] /home/thesis/jheld/MPI_Syrk_implementation/build/src/MPI_SYRK_implementation(+0x2ab0)[0x55f70afceab0]
[hydra06:394931] [13] /home/thesis/jheld/MPI_Syrk_implementation/build/src/MPI_SYRK_implementation(+0x232a)[0x562d52c8332a]
[hydra06:394931] *** End of error message ***
[hydra07:421327] [ 3] /lib/x86_64-linux-gnu/libc.so.6(+0x7a468)[0x7fc5e6001468]
[hydra08:396609] [ 6] /lib/x86_64-linux-gnu/libc.so.6(__libc_calloc+0x81)[0x7f573beaebd1]
[hydra10:507137] [ 0] /lib/x86_64-linux-gnu/libc.so.6(+0x38de0)[0x7f0c9dbadde0]
[hydra03:411579] [ 6] /lib/x86_64-linux-gnu/libc.so.6(__libc_calloc+0x81)[0x7fe51ab87bd1]
[hydra05:394258] [ 8] /opt/mpi/openmpi-4.1.4//lib/libmpi.so.40(ompi_group_incl_plist+0x65)[0x7f47bbbec915]
[hydra01:903742] [ 8] /opt/mpi/openmpi-4.1.4//lib/libmpi.so.40(ompi_group_incl_plist+0x65)[0x7ff150424915]
[hydra02:584886] [ 5] /lib/x86_64-linux-gnu/libc.so.6(+0x8483c)[0x7f42c008383c]
[hydra11:374658] [12] /lib/x86_64-linux-gnu/libc.so.6(__libc_start_main+0xea)[0x7ff8f4a19d7a]
[hydra11:374658] [13] /home/thesis/jheld/MPI_Syrk_implementation/build/src/MPI_SYRK_implementation(+0x232a)[0x55f70afce32a]
[hydra07:421326] [ 6] /lib/x86_64-linux-gnu/libc.so.6(__libc_calloc+0x81)[0x7f1415c27bd1]
[hydra08:396608] [ 4] /lib/x86_64-linux-gnu/libc.so.6(+0x8175a)[0x7faaeb92f75a]
[hydra10:507136] [ 1] /lib/x86_64-linux-gnu/libc.so.6(gsignal+0x141)[0x7f1d76715d61]
[hydra03:411579] [ 7] /opt/mpi/openmpi-4.1.4//lib/libmpi.so.40(ompi_group_allocate+0x17)[0x7fe51ca551e7]
[hydra05:394258] [ 9] /opt/mpi/openmpi-4.1.4//lib/libmpi.so.40(PMPI_Group_incl+0x95)[0x7f47bbc1d185]
[hydra05:394258] [10] /home/thesis/jheld/MPI_Syrk_implementation/build/src/MPI_SYRK_implementation(+0x841a)[0x558e5e62e41a]
[hydra01:903744] [ 4] /lib/x86_64-linux-gnu/libc.so.6(+0x8175a)[0x7f29f8f1675a]
[hydra01:903744] [ 5] /lib/x86_64-linux-gnu/libc.so.6(+0x8483c)[0x7f29f8f1983c]
[hydra02:584887] [ 5] /lib/x86_64-linux-gnu/libc.so.6(+0x8483c)[0x7fad2fc3683c]
[hydra11:374658] *** End of error message ***
[hydra07:421327] [ 4] /lib/x86_64-linux-gnu/libc.so.6(+0x8175a)[0x7fc5e600875a]
[hydra08:396609] [ 7] /opt/mpi/openmpi-4.1.4//lib/libmpi.so.40(ompi_group_allocate+0x17)[0x7f573dd7c1e7]
[hydra10:507137] [ 1] /lib/x86_64-linux-gnu/libc.so.6(gsignal+0x141)[0x7f0c9dbadd61]
[hydra03:411579] [ 8] /opt/mpi/openmpi-4.1.4//lib/libmpi.so.40(ompi_group_incl_plist+0x65)[0x7fe51ca55915]
[hydra05:394258] [11] /home/thesis/jheld/MPI_Syrk_implementation/build/src/MPI_SYRK_implementation(+0x2ab0)[0x558e5e628ab0]
[hydra01:903742] [ 9] /opt/mpi/openmpi-4.1.4//lib/libmpi.so.40(PMPI_Group_incl+0x95)[0x7ff150455185]
[hydra01:903742] [10] /home/thesis/jheld/MPI_Syrk_implementation/build/src/MPI_SYRK_implementation(+0x841a)[0x55f68ebdf41a]
[hydra01:903742] [11] /home/thesis/jheld/MPI_Syrk_implementation/build/src/MPI_SYRK_implementation(+0x2ab0)[0x55f68ebd9ab0]
[hydra02:584885] [ 2] /lib/x86_64-linux-gnu/libc.so.6(abort+0x123)[0x7f27105ee537]
[hydra07:421326] [ 7] /opt/mpi/openmpi-4.1.4//lib/libmpi.so.40(ompi_group_allocate+0x17)[0x7f1417af51e7]
[hydra08:396608] [ 5] /lib/x86_64-linux-gnu/libc.so.6(+0x8483c)[0x7faaeb93283c]
[hydra10:507136] [ 2] /lib/x86_64-linux-gnu/libc.so.6(abort+0x123)[0x7f1d766ff537]
[hydra03:411579] [ 9] /opt/mpi/openmpi-4.1.4//lib/libmpi.so.40(PMPI_Group_incl+0x95)[0x7fe51ca86185]
[hydra05:394258] [12] /lib/x86_64-linux-gnu/libc.so.6(__libc_start_main+0xea)[0x7f47b9cbbd7a]
[hydra05:394258] [13] /home/thesis/jheld/MPI_Syrk_implementation/build/src/MPI_SYRK_implementation(+0x232a)[0x558e5e62832a]
[hydra01:903743] [ 9] /opt/mpi/openmpi-4.1.4//lib/libmpi.so.40(PMPI_Group_incl+0x95)[0x7f4e10ede185]
[hydra01:903743] [10] /home/thesis/jheld/MPI_Syrk_implementation/build/src/MPI_SYRK_implementation(+0x841a)[0x55ba80bb741a]
[hydra01:903743] [11] /home/thesis/jheld/MPI_Syrk_implementation/build/src/MPI_SYRK_implementation(+0x2ab0)[0x55ba80bb1ab0]
[hydra02:584886] [ 6] /lib/x86_64-linux-gnu/libc.so.6(__libc_calloc+0x81)[0x7f42c0085bd1]
[hydra07:421327] [ 5] /lib/x86_64-linux-gnu/libc.so.6(+0x8483c)[0x7fc5e600b83c]
[hydra08:396609] [ 8] /opt/mpi/openmpi-4.1.4//lib/libmpi.so.40(ompi_group_incl_plist+0x65)[0x7f573dd7c915]
[hydra10:507137] [ 2] /lib/x86_64-linux-gnu/libc.so.6(abort+0x123)[0x7f0c9db97537]
[hydra03:411579] [10] /home/thesis/jheld/MPI_Syrk_implementation/build/src/MPI_SYRK_implementation(+0x841a)[0x5562a237341a]
[hydra03:411579] [11] /home/thesis/jheld/MPI_Syrk_implementation/build/src/MPI_SYRK_implementation(+0x2ab0)[0x5562a236dab0]
[hydra05:394258] *** End of error message ***
[hydra01:903744] [ 6] /lib/x86_64-linux-gnu/libc.so.6(__libc_calloc+0x81)[0x7f29f8f1bbd1]
[hydra02:584887] [ 6] /lib/x86_64-linux-gnu/libc.so.6(__libc_calloc+0x81)[0x7fad2fc38bd1]
[hydra07:421326] [ 8] /opt/mpi/openmpi-4.1.4//lib/libmpi.so.40(ompi_group_incl_plist+0x65)[0x7f1417af5915]
[hydra08:396608] [ 6] /lib/x86_64-linux-gnu/libc.so.6(__libc_calloc+0x81)[0x7faaeb934bd1]
[hydra10:507136] [ 3] /lib/x86_64-linux-gnu/libc.so.6(+0x7a468)[0x7f1d76757468]
[hydra03:411579] [12] /lib/x86_64-linux-gnu/libc.so.6(__libc_start_main+0xea)[0x7fe51ab24d7a]
[hydra03:411579] [13] /home/thesis/jheld/MPI_Syrk_implementation/build/src/MPI_SYRK_implementation(+0x232a)[0x5562a236d32a]
[hydra01:903742] [12] /lib/x86_64-linux-gnu/libc.so.6(__libc_start_main+0xea)[0x7ff14e4f3d7a]
[hydra01:903742] [13] /home/thesis/jheld/MPI_Syrk_implementation/build/src/MPI_SYRK_implementation(+0x232a)[0x55f68ebd932a]
[hydra01:903742] *** End of error message ***
[hydra02:584885] [ 3] /lib/x86_64-linux-gnu/libc.so.6(+0x7a468)[0x7f2710646468]
[hydra07:421327] [ 6] /lib/x86_64-linux-gnu/libc.so.6(__libc_calloc+0x81)[0x7fc5e600dbd1]
[hydra08:396609] [ 9] /opt/mpi/openmpi-4.1.4//lib/libmpi.so.40(PMPI_Group_incl+0x95)[0x7f573ddad185]
[hydra08:396609] [10] /home/thesis/jheld/MPI_Syrk_implementation/build/src/MPI_SYRK_implementation(+0x841a)[0x55f854d8741a]
[hydra08:396609] [11] /home/thesis/jheld/MPI_Syrk_implementation/build/src/MPI_SYRK_implementation(+0x2ab0)[0x55f854d81ab0]
[hydra10:507137] [ 3] /lib/x86_64-linux-gnu/libc.so.6(+0x7a468)[0x7f0c9dbef468]
[hydra03:411579] *** End of error message ***
[hydra01:903743] [12] /lib/x86_64-linux-gnu/libc.so.6(__libc_start_main+0xea)[0x7f4e0ef7cd7a]
[hydra01:903743] [13] /home/thesis/jheld/MPI_Syrk_implementation/build/src/MPI_SYRK_implementation(+0x232a)[0x55ba80bb132a]
[hydra01:903743] *** End of error message ***
[hydra02:584886] [ 7] /opt/mpi/openmpi-4.1.4//lib/libmpi.so.40(ompi_group_allocate+0x17)[0x7f42c1f531e7]
[hydra07:421326] [ 9] /opt/mpi/openmpi-4.1.4//lib/libmpi.so.40(PMPI_Group_incl+0x95)[0x7f1417b26185]
[hydra07:421326] [10] /home/thesis/jheld/MPI_Syrk_implementation/build/src/MPI_SYRK_implementation(+0x841a)[0x55e648aee41a]
[hydra08:396608] [ 7] /opt/mpi/openmpi-4.1.4//lib/libmpi.so.40(ompi_group_allocate+0x17)[0x7faaed8021e7]
[hydra10:507136] [ 4] /lib/x86_64-linux-gnu/libc.so.6(+0x8175a)[0x7f1d7675e75a]
[hydra01:903744] [ 7] /opt/mpi/openmpi-4.1.4//lib/libmpi.so.40(ompi_group_allocate+0x17)[0x7f29fade91e7]
[hydra01:903744] [ 8] /opt/mpi/openmpi-4.1.4//lib/libmpi.so.40(ompi_group_incl_plist+0x65)[0x7f29fade9915]
[hydra02:584887] [ 7] /opt/mpi/openmpi-4.1.4//lib/libmpi.so.40(ompi_group_allocate+0x17)[0x7fad31b061e7]
[hydra02:584887] [ 8] /opt/mpi/openmpi-4.1.4//lib/libmpi.so.40(ompi_group_incl_plist+0x65)[0x7fad31b06915]
[hydra07:421326] [11] /home/thesis/jheld/MPI_Syrk_implementation/build/src/MPI_SYRK_implementation(+0x2ab0)[0x55e648ae8ab0]
[hydra08:396609] [12] /lib/x86_64-linux-gnu/libc.so.6(__libc_start_main+0xea)[0x7f573be4bd7a]
[hydra08:396609] [13] /home/thesis/jheld/MPI_Syrk_implementation/build/src/MPI_SYRK_implementation(+0x232a)[0x55f854d8132a]
[hydra08:396609] *** End of error message ***
[hydra10:507137] [ 4] /lib/x86_64-linux-gnu/libc.so.6(+0x8175a)[0x7f0c9dbf675a]
[hydra01:903744] [ 9] /opt/mpi/openmpi-4.1.4//lib/libmpi.so.40(PMPI_Group_incl+0x95)[0x7f29fae1a185]
[hydra01:903744] [10] /home/thesis/jheld/MPI_Syrk_implementation/build/src/MPI_SYRK_implementation(+0x841a)[0x55baca20841a]
[hydra02:584885] [ 4] /lib/x86_64-linux-gnu/libc.so.6(+0x8175a)[0x7f271064d75a]
[hydra07:421327] [ 7] /opt/mpi/openmpi-4.1.4//lib/libmpi.so.40(ompi_group_allocate+0x17)[0x7fc5e7edb1e7]
[hydra08:396608] [ 8] /opt/mpi/openmpi-4.1.4//lib/libmpi.so.40(ompi_group_incl_plist+0x65)[0x7faaed802915]
[hydra10:507136] [ 5] /lib/x86_64-linux-gnu/libc.so.6(+0x8483c)[0x7f1d7676183c]
[hydra01:903744] [11] /home/thesis/jheld/MPI_Syrk_implementation/build/src/MPI_SYRK_implementation(+0x2ab0)[0x55baca202ab0]
[hydra02:584886] [ 8] /opt/mpi/openmpi-4.1.4//lib/libmpi.so.40(ompi_group_incl_plist+0x65)[0x7f42c1f53915]
[hydra07:421326] [12] /lib/x86_64-linux-gnu/libc.so.6(__libc_start_main+0xea)[0x7f1415bc4d7a]
[hydra07:421326] [13] /home/thesis/jheld/MPI_Syrk_implementation/build/src/MPI_SYRK_implementation(+0x232a)[0x55e648ae832a]
[hydra08:396608] [ 9] /opt/mpi/openmpi-4.1.4//lib/libmpi.so.40(PMPI_Group_incl+0x95)[0x7faaed833185]
[hydra10:507137] [ 5] /lib/x86_64-linux-gnu/libc.so.6(+0x8483c)[0x7f0c9dbf983c]
[hydra01:903744] [12] /lib/x86_64-linux-gnu/libc.so.6(__libc_start_main+0xea)[0x7f29f8eb8d7a]
[hydra02:584886] [ 9] /opt/mpi/openmpi-4.1.4//lib/libmpi.so.40(PMPI_Group_incl+0x95)[0x7f42c1f84185]
[hydra07:421327] [ 8] /opt/mpi/openmpi-4.1.4//lib/libmpi.so.40(ompi_group_incl_plist+0x65)[0x7fc5e7edb915]
[hydra08:396608] [10] /home/thesis/jheld/MPI_Syrk_implementation/build/src/MPI_SYRK_implementation(+0x841a)[0x55bfa9d2141a]
[hydra08:396608] [11] /home/thesis/jheld/MPI_Syrk_implementation/build/src/MPI_SYRK_implementation(+0x2ab0)[0x55bfa9d1bab0]
[hydra10:507136] [ 6] /lib/x86_64-linux-gnu/libc.so.6(__libc_calloc+0x81)[0x7f1d76763bd1]
[hydra01:903744] [13] /home/thesis/jheld/MPI_Syrk_implementation/build/src/MPI_SYRK_implementation(+0x232a)[0x55baca20232a]
[hydra01:903744] *** End of error message ***
[hydra02:584887] [ 9] /opt/mpi/openmpi-4.1.4//lib/libmpi.so.40(PMPI_Group_incl+0x95)[0x7fad31b37185]
[hydra02:584887] [10] /home/thesis/jheld/MPI_Syrk_implementation/build/src/MPI_SYRK_implementation(+0x841a)[0x56135599141a]
[hydra02:584887] [11] /home/thesis/jheld/MPI_Syrk_implementation/build/src/MPI_SYRK_implementation(+0x2ab0)[0x56135598bab0]
[hydra07:421326] *** End of error message ***
[hydra08:396608] [12] /lib/x86_64-linux-gnu/libc.so.6(__libc_start_main+0xea)[0x7faaeb8d1d7a]
[hydra08:396608] [13] /home/thesis/jheld/MPI_Syrk_implementation/build/src/MPI_SYRK_implementation(+0x232a)[0x55bfa9d1b32a]
[hydra10:507137] [ 6] /lib/x86_64-linux-gnu/libc.so.6(__libc_calloc+0x81)[0x7f0c9dbfbbd1]
[hydra02:584885] [ 5] /lib/x86_64-linux-gnu/libc.so.6(+0x8483c)[0x7f271065083c]
[hydra07:421327] [ 9] /opt/mpi/openmpi-4.1.4//lib/libmpi.so.40(PMPI_Group_incl+0x95)[0x7fc5e7f0c185]
[hydra08:396608] *** End of error message ***
[hydra10:507136] [ 7] /opt/mpi/openmpi-4.1.4//lib/libmpi.so.40(ompi_group_allocate+0x17)[0x7f1d786311e7]
[hydra02:584886] [10] /home/thesis/jheld/MPI_Syrk_implementation/build/src/MPI_SYRK_implementation(+0x841a)[0x55dc4163041a]
[hydra02:584886] [11] /home/thesis/jheld/MPI_Syrk_implementation/build/src/MPI_SYRK_implementation(+0x2ab0)[0x55dc4162aab0]
[hydra02:584886] [12] /lib/x86_64-linux-gnu/libc.so.6(__libc_start_main+0xea)[0x7f42c0022d7a]
[hydra07:421327] [10] /home/thesis/jheld/MPI_Syrk_implementation/build/src/MPI_SYRK_implementation(+0x841a)[0x55d577d4041a]
[hydra07:421327] [11] /home/thesis/jheld/MPI_Syrk_implementation/build/src/MPI_SYRK_implementation(+0x2ab0)[0x55d577d3aab0]
[hydra10:507137] [ 7] /opt/mpi/openmpi-4.1.4//lib/libmpi.so.40(ompi_group_allocate+0x17)[0x7f0c9fac91e7]
[hydra02:584887] [12] /lib/x86_64-linux-gnu/libc.so.6(__libc_start_main+0xea)[0x7fad2fbd5d7a]
[hydra02:584887] [13] /home/thesis/jheld/MPI_Syrk_implementation/build/src/MPI_SYRK_implementation(+0x232a)[0x56135598b32a]
[hydra07:421327] [12] /lib/x86_64-linux-gnu/libc.so.6(__libc_start_main+0xea)[0x7fc5e5faad7a]
[hydra07:421327] [13] /home/thesis/jheld/MPI_Syrk_implementation/build/src/MPI_SYRK_implementation(+0x232a)[0x55d577d3a32a]
[hydra10:507136] [ 8] /opt/mpi/openmpi-4.1.4//lib/libmpi.so.40(ompi_group_incl_plist+0x65)[0x7f1d78631915]
[hydra02:584885] [ 6] /lib/x86_64-linux-gnu/libc.so.6(__libc_calloc+0x81)[0x7f2710652bd1]
[hydra07:421327] *** End of error message ***
[hydra10:507137] [ 8] /opt/mpi/openmpi-4.1.4//lib/libmpi.so.40(ompi_group_incl_plist+0x65)[0x7f0c9fac9915]
[hydra02:584886] [13] /home/thesis/jheld/MPI_Syrk_implementation/build/src/MPI_SYRK_implementation(+0x232a)[0x55dc4162a32a]
[hydra02:584886] *** End of error message ***
[hydra10:507136] [ 9] /opt/mpi/openmpi-4.1.4//lib/libmpi.so.40(PMPI_Group_incl+0x95)[0x7f1d78662185]
[hydra02:584887] *** End of error message ***
[hydra10:507137] [ 9] /opt/mpi/openmpi-4.1.4//lib/libmpi.so.40(PMPI_Group_incl+0x95)[0x7f0c9fafa185]
[hydra10:507137] [10] /home/thesis/jheld/MPI_Syrk_implementation/build/src/MPI_SYRK_implementation(+0x841a)[0x55ca1cb5c41a]
[hydra10:507137] [11] /home/thesis/jheld/MPI_Syrk_implementation/build/src/MPI_SYRK_implementation(+0x2ab0)[0x55ca1cb56ab0]
[hydra02:584885] [ 7] /opt/mpi/openmpi-4.1.4//lib/libmpi.so.40(ompi_group_allocate+0x17)[0x7f27125201e7]
[hydra02:584885] [ 8] /opt/mpi/openmpi-4.1.4//lib/libmpi.so.40(ompi_group_incl_plist+0x65)[0x7f2712520915]
[hydra10:507136] [10] /home/thesis/jheld/MPI_Syrk_implementation/build/src/MPI_SYRK_implementation(+0x841a)[0x55a69615841a]
[hydra10:507136] [11] /home/thesis/jheld/MPI_Syrk_implementation/build/src/MPI_SYRK_implementation(+0x2ab0)[0x55a696152ab0]
[hydra02:584885] [ 9] /opt/mpi/openmpi-4.1.4//lib/libmpi.so.40(PMPI_Group_incl+0x95)[0x7f2712551185]
[hydra10:507136] [12] /lib/x86_64-linux-gnu/libc.so.6(__libc_start_main+0xea)[0x7f1d76700d7a]
[hydra02:584885] [10] /home/thesis/jheld/MPI_Syrk_implementation/build/src/MPI_SYRK_implementation(+0x841a)[0x55c6aa7d141a]
[hydra02:584885] [11] /home/thesis/jheld/MPI_Syrk_implementation/build/src/MPI_SYRK_implementation(+0x2ab0)[0x55c6aa7cbab0]
[hydra10:507137] [12] /lib/x86_64-linux-gnu/libc.so.6(__libc_start_main+0xea)[0x7f0c9db98d7a]
[hydra10:507137] [13] /home/thesis/jheld/MPI_Syrk_implementation/build/src/MPI_SYRK_implementation(+0x232a)[0x55ca1cb5632a]
[hydra10:507137] *** End of error message ***
[hydra02:584885] [12] /lib/x86_64-linux-gnu/libc.so.6(__libc_start_main+0xea)[0x7f27105efd7a]
[hydra10:507136] [13] /home/thesis/jheld/MPI_Syrk_implementation/build/src/MPI_SYRK_implementation(+0x232a)[0x55a69615232a]
[hydra10:507136] *** End of error message ***
[hydra02:584885] [13] /home/thesis/jheld/MPI_Syrk_implementation/build/src/MPI_SYRK_implementation(+0x232a)[0x55c6aa7cb32a]
[hydra02:584885] *** End of error message ***
srun: error: hydra09: task 25: Aborted
srun: error: hydra05: task 12: Aborted
srun: error: hydra04: task 11: Aborted
srun: error: hydra03: task 7: Aborted
srun: error: hydra11: task 31: Aborted
srun: error: hydra06: task 15: Aborted
srun: error: hydra07: tasks 19-20: Aborted
srun: error: hydra08: tasks 21-22: Aborted
srun: error: hydra10: tasks 28-29: Aborted
srun: error: hydra12: tasks 33-34: Aborted
srun: error: hydra02: tasks 3-5: Aborted
srun: error: hydra01: tasks 0-2: Aborted
slurmstepd: error:  mpi/pmix_v4: _errhandler: hydra04 [3]: pmixp_client_v2.c:211: Error handler invoked: status = -61, source = [slurm.pmix.5008700.29:11]
slurmstepd: error:  mpi/pmix_v4: _errhandler: hydra05 [4]: pmixp_client_v2.c:211: Error handler invoked: status = -61, source = [slurm.pmix.5008700.29:12]
slurmstepd: error:  mpi/pmix_v4: _errhandler: hydra06 [5]: pmixp_client_v2.c:211: Error handler invoked: status = -61, source = [slurm.pmix.5008700.29:15]
slurmstepd: error:  mpi/pmix_v4: _errhandler: hydra09 [8]: pmixp_client_v2.c:211: Error handler invoked: status = -61, source = [slurm.pmix.5008700.29:25]
slurmstepd: error:  mpi/pmix_v4: _errhandler: hydra11 [10]: pmixp_client_v2.c:211: Error handler invoked: status = -61, source = [slurm.pmix.5008700.29:31]
slurmstepd: error:  mpi/pmix_v4: _errhandler: hydra07 [6]: pmixp_client_v2.c:211: Error handler invoked: status = -61, source = [slurm.pmix.5008700.29:19]
slurmstepd: error:  mpi/pmix_v4: _errhandler: hydra03 [2]: pmixp_client_v2.c:211: Error handler invoked: status = -61, source = [slurm.pmix.5008700.29:7]
slurmstepd: error:  mpi/pmix_v4: _errhandler: hydra08 [7]: pmixp_client_v2.c:211: Error handler invoked: status = -61, source = [slurm.pmix.5008700.29:22]
slurmstepd: error:  mpi/pmix_v4: _errhandler: hydra10 [9]: pmixp_client_v2.c:211: Error handler invoked: status = -61, source = [slurm.pmix.5008700.29:29]
srun: Job step aborted: Waiting up to 32 seconds for job step to finish.
srun: error: hydra07: task 18: Killed
srun: error: hydra08: task 23: Killed
srun: error: hydra12: task 35: Killed
srun: error: hydra10: task 27: Killed
srun: error: hydra09: tasks 24,26: Killed
srun: error: hydra06: tasks 16-17: Killed
srun: error: hydra04: tasks 9-10: Killed
srun: error: hydra03: tasks 6,8: Killed
srun: error: hydra11: tasks 30,32: Killed
srun: error: hydra05: tasks 13-14: Killed
⚠️ Warning: No runtime found for run 30
