srun: Warning: can't honor --ntasks-per-node set to 1 which doesn't match the requested tasks 36 with the number of requested nodes 12. Ignoring --ntasks-per-node.
missing input file name --> Generate random input
malloc(): invalid size (unsorted)
[hydra12:358914] *** Process received signal ***
[hydra12:358914] Signal: Aborted (6)
[hydra12:358914] Signal code:  (-6)
malloc(): invalid size (unsorted)
[hydra01:881313] *** Process received signal ***
[hydra01:881313] Signal: Aborted (6)
[hydra01:881313] Signal code:  (-6)
[hydra01:881313] [ 0] /lib/x86_64-linux-gnu/libc.so.6(+0x38de0)[0x7fe73ca96de0]
[hydra01:881313] [ 1] /lib/x86_64-linux-gnu/libc.so.6(gsignal+0x141)[0x7fe73ca96d61]
[hydra01:881313] [ 2] /lib/x86_64-linux-gnu/libc.so.6(abort+0x123)[0x7fe73ca80537]
malloc(): invalid size (unsorted)
[hydra05:378546] *** Process received signal ***
[hydra05:378546] Signal: Aborted (6)
[hydra05:378546] Signal code:  (-6)
malloc(): invalid size (unsorted)
[hydra02:565670] *** Process received signal ***
[hydra02:565670] Signal: Aborted (6)
[hydra02:565670] Signal code:  (-6)
[hydra01:881313] [ 3] /lib/x86_64-linux-gnu/libc.so.6(+0x7a468)[0x7fe73cad8468]
malloc(): invalid size (unsorted)
[hydra09:372158] *** Process received signal ***
[hydra09:372158] Signal: Aborted (6)
[hydra09:372158] Signal code:  (-6)
malloc(): invalid size (unsorted)
[hydra04:394600] *** Process received signal ***
[hydra04:394600] Signal: Aborted (6)
[hydra04:394600] Signal code:  (-6)
[hydra01:881313] [ 4] /lib/x86_64-linux-gnu/libc.so.6(+0x8175a)[0x7fe73cadf75a]
malloc(): invalid size (unsorted)
[hydra03:395839] *** Process received signal ***
[hydra03:395839] Signal: Aborted (6)
[hydra03:395839] Signal code:  (-6)
malloc(): invalid size (unsorted)
[hydra07:405585] *** Process received signal ***
[hydra07:405585] Signal: Aborted (6)
[hydra07:405585] Signal code:  (-6)
[hydra01:881313] [ 5] /lib/x86_64-linux-gnu/libc.so.6(+0x8483c)[0x7fe73cae283c]
malloc(): invalid size (unsorted)
[hydra06:379226] *** Process received signal ***
[hydra06:379226] Signal: Aborted (6)
[hydra06:379226] Signal code:  (-6)
malloc(): invalid size (unsorted)
[hydra08:380888] *** Process received signal ***
[hydra08:380888] Signal: Aborted (6)
[hydra08:380888] Signal code:  (-6)
[hydra01:881313] [ 6] /lib/x86_64-linux-gnu/libc.so.6(__libc_calloc+0x81)[0x7fe73cae4bd1]
[hydra01:881313] [ 7] /opt/mpi/openmpi-4.1.4//lib/libmpi.so.40(ompi_group_allocate+0x17)[0x7fe73e9b21e7]
[hydra01:881313] [ 8] /opt/mpi/openmpi-4.1.4//lib/libmpi.so.40(ompi_group_incl_plist+0x65)[0x7fe73e9b2915]
malloc(): invalid size (unsorted)
[hydra11:358932] *** Process received signal ***
[hydra11:358932] Signal: Aborted (6)
[hydra11:358932] Signal code:  (-6)
[hydra01:881313] [ 9] /opt/mpi/openmpi-4.1.4//lib/libmpi.so.40(PMPI_Group_incl+0x95)[0x7fe73e9e3185]
[hydra01:881313] [10] /home/thesis/jheld/MPI_Syrk_implementation/build/src/MPI_SYRK_implementation(+0x841a)[0x555f2f50841a]
malloc(): invalid size (unsorted)
[hydra10:490317] *** Process received signal ***
[hydra10:490317] Signal: Aborted (6)
[hydra10:490317] Signal code:  (-6)
[hydra12:358914] [ 0] /lib/x86_64-linux-gnu/libc.so.6(+0x38de0)[0x7f7dafd67de0]
[hydra01:881313] [11] /home/thesis/jheld/MPI_Syrk_implementation/build/src/MPI_SYRK_implementation(+0x2ab0)[0x555f2f502ab0]
[hydra12:358914] [ 1] /lib/x86_64-linux-gnu/libc.so.6(gsignal+0x141)[0x7f7dafd67d61]
[hydra01:881313] [12] /lib/x86_64-linux-gnu/libc.so.6(__libc_start_main+0xea)[0x7fe73ca81d7a]
[hydra01:881313] [13] /home/thesis/jheld/MPI_Syrk_implementation/build/src/MPI_SYRK_implementation(+0x232a)[0x555f2f50232a]
[hydra12:358914] [ 2] /lib/x86_64-linux-gnu/libc.so.6(abort+0x123)[0x7f7dafd51537]
[hydra01:881313] *** End of error message ***
[hydra12:358914] [ 3] /lib/x86_64-linux-gnu/libc.so.6(+0x7a468)[0x7f7dafda9468]
[hydra12:358914] [ 4] /lib/x86_64-linux-gnu/libc.so.6(+0x8175a)[0x7f7dafdb075a]
[hydra12:358914] [ 5] /lib/x86_64-linux-gnu/libc.so.6(+0x8483c)[0x7f7dafdb383c]
[hydra12:358914] [ 6] /lib/x86_64-linux-gnu/libc.so.6(__libc_calloc+0x81)[0x7f7dafdb5bd1]
[hydra12:358914] [ 7] /opt/mpi/openmpi-4.1.4//lib/libmpi.so.40(ompi_group_allocate+0x17)[0x7f7db1c831e7]
[hydra12:358914] [ 8] /opt/mpi/openmpi-4.1.4//lib/libmpi.so.40(ompi_group_incl_plist+0x65)[0x7f7db1c83915]
[hydra12:358914] [ 9] /opt/mpi/openmpi-4.1.4//lib/libmpi.so.40(PMPI_Group_incl+0x95)[0x7f7db1cb4185]
[hydra12:358914] [10] /home/thesis/jheld/MPI_Syrk_implementation/build/src/MPI_SYRK_implementation(+0x841a)[0x55fde730f41a]
[hydra12:358914] [11] /home/thesis/jheld/MPI_Syrk_implementation/build/src/MPI_SYRK_implementation(+0x2ab0)[0x55fde7309ab0]
[hydra12:358914] [12] /lib/x86_64-linux-gnu/libc.so.6(__libc_start_main+0xea)[0x7f7dafd52d7a]
[hydra12:358914] [13] /home/thesis/jheld/MPI_Syrk_implementation/build/src/MPI_SYRK_implementation(+0x232a)[0x55fde730932a]
[hydra05:378546] [ 0] /lib/x86_64-linux-gnu/libc.so.6(+0x38de0)[0x7f7c3a81fde0]
[hydra12:358914] *** End of error message ***
malloc(): invalid size (unsorted)
[hydra06:379225] *** Process received signal ***
[hydra05:378546] [ 1] /lib/x86_64-linux-gnu/libc.so.6(gsignal+0x141)[0x7f7c3a81fd61]
[hydra06:379225] Signal: Aborted (6)
[hydra06:379225] Signal code:  (-6)
[hydra05:378546] [ 2] /lib/x86_64-linux-gnu/libc.so.6(abort+0x123)[0x7f7c3a809537]
[hydra02:565670] [ 0] /lib/x86_64-linux-gnu/libc.so.6(+0x38de0)[0x7f40ab218de0]
malloc(): invalid size (unsorted)
[hydra04:394599] *** Process received signal ***
[hydra06:379226] [ 0] /lib/x86_64-linux-gnu/libc.so.6(+0x38de0)[0x7f139d70ede0]
[hydra05:378546] [ 3] /lib/x86_64-linux-gnu/libc.so.6(+0x7a468)[0x7f7c3a861468]
[hydra02:565670] [ 1] /lib/x86_64-linux-gnu/libc.so.6(gsignal+0x141)[0x7f40ab218d61]
[hydra04:394599] Signal: Aborted (6)
[hydra04:394599] Signal code:  (-6)
[hydra06:379226] [ 1] /lib/x86_64-linux-gnu/libc.so.6(gsignal+0x141)[0x7f139d70ed61]
[hydra03:395839] [ 0] /lib/x86_64-linux-gnu/libc.so.6(+0x38de0)[0x7f06794b1de0]
[hydra09:372158] [ 0] /lib/x86_64-linux-gnu/libc.so.6(+0x38de0)[0x7f2b498b6de0]
[hydra05:378546] [ 4] /lib/x86_64-linux-gnu/libc.so.6(+0x8175a)[0x7f7c3a86875a]
[hydra02:565670] [ 2] /lib/x86_64-linux-gnu/libc.so.6(abort+0x123)[0x7f40ab202537]
[hydra04:394600] [ 0] /lib/x86_64-linux-gnu/libc.so.6(+0x38de0)[0x7f50e8b37de0]
[hydra06:379225] [ 0] /lib/x86_64-linux-gnu/libc.so.6(+0x38de0)[0x7fb5bb862de0]
[hydra06:379225] [ 1] /lib/x86_64-linux-gnu/libc.so.6(gsignal+0x141)[0x7fb5bb862d61]
[hydra06:379225] [ 2] /lib/x86_64-linux-gnu/libc.so.6(abort+0x123)[0x7fb5bb84c537]
[hydra03:395839] [ 1] /lib/x86_64-linux-gnu/libc.so.6(gsignal+0x141)[0x7f06794b1d61]
[hydra09:372158] [ 1] /lib/x86_64-linux-gnu/libc.so.6(gsignal+0x141)[0x7f2b498b6d61]
[hydra05:378546] [ 5] /lib/x86_64-linux-gnu/libc.so.6(+0x8483c)[0x7f7c3a86b83c]
[hydra02:565670] [ 3] /lib/x86_64-linux-gnu/libc.so.6(+0x7a468)[0x7f40ab25a468]
[hydra04:394600] [ 1] /lib/x86_64-linux-gnu/libc.so.6(gsignal+0x141)[0x7f50e8b37d61]
[hydra06:379226] [ 2] /lib/x86_64-linux-gnu/libc.so.6(abort+0x123)[0x7f139d6f8537]
[hydra06:379226] [ 3] /lib/x86_64-linux-gnu/libc.so.6(+0x7a468)[0x7f139d750468]
[hydra06:379226] [ 4] /lib/x86_64-linux-gnu/libc.so.6(+0x8175a)[0x7f139d75775a]
[hydra03:395839] [ 2] /lib/x86_64-linux-gnu/libc.so.6(abort+0x123)[0x7f067949b537]
[hydra09:372158] [ 2] /lib/x86_64-linux-gnu/libc.so.6(abort+0x123)[0x7f2b498a0537]
[hydra05:378546] [ 6] /lib/x86_64-linux-gnu/libc.so.6(__libc_calloc+0x81)[0x7f7c3a86dbd1]
[hydra02:565670] [ 4] /lib/x86_64-linux-gnu/libc.so.6(+0x8175a)[0x7f40ab26175a]
[hydra08:380888] [ 0] /lib/x86_64-linux-gnu/libc.so.6(+0x38de0)[0x7f5704dcede0]
[hydra04:394600] [ 2] /lib/x86_64-linux-gnu/libc.so.6(abort+0x123)[0x7f50e8b21537]
[hydra06:379225] [ 3] /lib/x86_64-linux-gnu/libc.so.6(+0x7a468)[0x7fb5bb8a4468]
[hydra03:395839] [ 3] /lib/x86_64-linux-gnu/libc.so.6(+0x7a468)[0x7f06794f3468]
[hydra09:372158] [ 3] /lib/x86_64-linux-gnu/libc.so.6(+0x7a468)[0x7f2b498f8468]
[hydra05:378546] [ 7] /opt/mpi/openmpi-4.1.4//lib/libmpi.so.40(ompi_group_allocate+0x17)[0x7f7c3c73b1e7]
[hydra02:565670] [ 5] /lib/x86_64-linux-gnu/libc.so.6(+0x8483c)[0x7f40ab26483c]
[hydra08:380888] [ 1] /lib/x86_64-linux-gnu/libc.so.6(gsignal+0x141)[0x7f5704dced61]
[hydra04:394599] [ 0] /lib/x86_64-linux-gnu/libc.so.6(+0x38de0)[0x7f9305661de0]
[hydra06:379226] [ 5] /lib/x86_64-linux-gnu/libc.so.6(+0x8483c)[0x7f139d75a83c]
[hydra03:395839] [ 4] /lib/x86_64-linux-gnu/libc.so.6(+0x8175a)[0x7f06794fa75a]
[hydra09:372158] [ 4] /lib/x86_64-linux-gnu/libc.so.6(+0x8175a)[0x7f2b498ff75a]
[hydra05:378546] [ 8] /opt/mpi/openmpi-4.1.4//lib/libmpi.so.40(ompi_group_incl_plist+0x65)[0x7f7c3c73b915]
[hydra02:565670] [ 6] /lib/x86_64-linux-gnu/libc.so.6(__libc_calloc+0x81)[0x7f40ab266bd1]
[hydra08:380888] [ 2] /lib/x86_64-linux-gnu/libc.so.6(abort+0x123)[0x7f5704db8537]
[hydra04:394599] [ 1] /lib/x86_64-linux-gnu/libc.so.6(gsignal+0x141)[0x7f9305661d61]
[hydra06:379225] [ 4] /lib/x86_64-linux-gnu/libc.so.6(+0x8175a)[0x7fb5bb8ab75a]
[hydra03:395839] [ 5] /lib/x86_64-linux-gnu/libc.so.6(+0x8483c)[0x7f06794fd83c]
[hydra09:372158] [ 5] /lib/x86_64-linux-gnu/libc.so.6(+0x8483c)[0x7f2b4990283c]
[hydra05:378546] [ 9] /opt/mpi/openmpi-4.1.4//lib/libmpi.so.40(PMPI_Group_incl+0x95)[0x7f7c3c76c185]
[hydra02:565670] [ 7] /opt/mpi/openmpi-4.1.4//lib/libmpi.so.40(ompi_group_allocate+0x17)[0x7f40ad1341e7]
[hydra08:380888] [ 3] /lib/x86_64-linux-gnu/libc.so.6(+0x7a468)[0x7f5704e10468]
[hydra04:394600] [ 3] /lib/x86_64-linux-gnu/libc.so.6(+0x7a468)[0x7f50e8b79468]
[hydra06:379226] [ 6] /lib/x86_64-linux-gnu/libc.so.6(__libc_calloc+0x81)[0x7f139d75cbd1]
[hydra03:395839] [ 6] /lib/x86_64-linux-gnu/libc.so.6(__libc_calloc+0x81)[0x7f06794ffbd1]
[hydra09:372158] [ 6] /lib/x86_64-linux-gnu/libc.so.6(__libc_calloc+0x81)[0x7f2b49904bd1]
[hydra10:490317] [ 0] /lib/x86_64-linux-gnu/libc.so.6(+0x38de0)[0x7fb382869de0]
[hydra05:378546] [10] /home/thesis/jheld/MPI_Syrk_implementation/build/src/MPI_SYRK_implementation(+0x841a)[0x55921bef241a]
[hydra05:378546] [11] /home/thesis/jheld/MPI_Syrk_implementation/build/src/MPI_SYRK_implementation(+0x2ab0)[0x55921beecab0]
[hydra02:565670] [ 8] /opt/mpi/openmpi-4.1.4//lib/libmpi.so.40(ompi_group_incl_plist+0x65)[0x7f40ad134915]
[hydra08:380888] [ 4] /lib/x86_64-linux-gnu/libc.so.6(+0x8175a)[0x7f5704e1775a]
[hydra04:394599] [ 2] /lib/x86_64-linux-gnu/libc.so.6(abort+0x123)[0x7f930564b537]
[hydra06:379225] [ 5] /lib/x86_64-linux-gnu/libc.so.6(+0x8483c)[0x7fb5bb8ae83c]
[hydra03:395839] [ 7] /opt/mpi/openmpi-4.1.4//lib/libmpi.so.40(ompi_group_allocate+0x17)[0x7f067b3cd1e7]
[hydra09:372158] [ 7] /opt/mpi/openmpi-4.1.4//lib/libmpi.so.40(ompi_group_allocate+0x17)[0x7f2b4b7d21e7]
[hydra10:490317] [ 1] /lib/x86_64-linux-gnu/libc.so.6(gsignal+0x141)[0x7fb382869d61]
[hydra05:378546] [12] /lib/x86_64-linux-gnu/libc.so.6(__libc_start_main+0xea)[0x7f7c3a80ad7a]
[hydra05:378546] [13] /home/thesis/jheld/MPI_Syrk_implementation/build/src/MPI_SYRK_implementation(+0x232a)[0x55921beec32a]
[hydra02:565670] [ 9] /opt/mpi/openmpi-4.1.4//lib/libmpi.so.40(PMPI_Group_incl+0x95)[0x7f40ad165185]
[hydra02:565670] [10] /home/thesis/jheld/MPI_Syrk_implementation/build/src/MPI_SYRK_implementation(+0x841a)[0x5634178c341a]
[hydra08:380888] [ 5] /lib/x86_64-linux-gnu/libc.so.6(+0x8483c)[0x7f5704e1a83c]
[hydra07:405585] [ 0] /lib/x86_64-linux-gnu/libc.so.6(+0x38de0)[0x7feede961de0]
[hydra04:394600] [ 4] /lib/x86_64-linux-gnu/libc.so.6(+0x8175a)[0x7f50e8b8075a]
[hydra06:379226] [ 7] /opt/mpi/openmpi-4.1.4//lib/libmpi.so.40(ompi_group_allocate+0x17)[0x7f139f62a1e7]
[hydra03:395839] [ 8] /opt/mpi/openmpi-4.1.4//lib/libmpi.so.40(ompi_group_incl_plist+0x65)[0x7f067b3cd915]
[hydra09:372158] [ 8] /opt/mpi/openmpi-4.1.4//lib/libmpi.so.40(ompi_group_incl_plist+0x65)[0x7f2b4b7d2915]
[hydra10:490317] [ 2] /lib/x86_64-linux-gnu/libc.so.6(abort+0x123)[0x7fb382853537]
[hydra05:378546] *** End of error message ***
[hydra02:565670] [11] /home/thesis/jheld/MPI_Syrk_implementation/build/src/MPI_SYRK_implementation(+0x2ab0)[0x5634178bdab0]
[hydra08:380888] [ 6] /lib/x86_64-linux-gnu/libc.so.6(__libc_calloc+0x81)[0x7f5704e1cbd1]
[hydra07:405585] [ 1] /lib/x86_64-linux-gnu/libc.so.6(gsignal+0x141)[0x7feede961d61]
[hydra11:358932] [ 0] /lib/x86_64-linux-gnu/libc.so.6(+0x38de0)[0x7fc2b345bde0]
[hydra04:394599] [ 3] /lib/x86_64-linux-gnu/libc.so.6(+0x7a468)[0x7f93056a3468]
[hydra04:394599] [ 4] /lib/x86_64-linux-gnu/libc.so.6(+0x8175a)[0x7f93056aa75a]
[hydra06:379225] [ 6] /lib/x86_64-linux-gnu/libc.so.6(__libc_calloc+0x81)[0x7fb5bb8b0bd1]
[hydra03:395839] [ 9] /opt/mpi/openmpi-4.1.4//lib/libmpi.so.40(PMPI_Group_incl+0x95)[0x7f067b3fe185]
[hydra03:395839] [10] /home/thesis/jheld/MPI_Syrk_implementation/build/src/MPI_SYRK_implementation(+0x841a)[0x556fd38d341a]
[hydra09:372158] [ 9] /opt/mpi/openmpi-4.1.4//lib/libmpi.so.40(PMPI_Group_incl+0x95)[0x7f2b4b803185]
[hydra09:372158] [10] /home/thesis/jheld/MPI_Syrk_implementation/build/src/MPI_SYRK_implementation(+0x841a)[0x564080ae941a]
[hydra10:490317] [ 3] /lib/x86_64-linux-gnu/libc.so.6(+0x7a468)[0x7fb3828ab468]
[hydra02:565670] [12] /lib/x86_64-linux-gnu/libc.so.6(__libc_start_main+0xea)[0x7f40ab203d7a]
[hydra02:565670] [13] /home/thesis/jheld/MPI_Syrk_implementation/build/src/MPI_SYRK_implementation(+0x232a)[0x5634178bd32a]
[hydra08:380888] [ 7] /opt/mpi/openmpi-4.1.4//lib/libmpi.so.40(ompi_group_allocate+0x17)[0x7f5706cea1e7]
[hydra07:405585] [ 2] /lib/x86_64-linux-gnu/libc.so.6(abort+0x123)[0x7feede94b537]
[hydra11:358932] [ 1] /lib/x86_64-linux-gnu/libc.so.6(gsignal+0x141)[0x7fc2b345bd61]
[hydra04:394600] [ 5] /lib/x86_64-linux-gnu/libc.so.6(+0x8483c)[0x7f50e8b8383c]
[hydra04:394600] [ 6] /lib/x86_64-linux-gnu/libc.so.6(__libc_calloc+0x81)[0x7f50e8b85bd1]
[hydra04:394600] [ 7] /opt/mpi/openmpi-4.1.4//lib/libmpi.so.40(ompi_group_allocate+0x17)[0x7f50eaa531e7]
[hydra06:379226] [ 8] /opt/mpi/openmpi-4.1.4//lib/libmpi.so.40(ompi_group_incl_plist+0x65)[0x7f139f62a915]
[hydra03:395839] [11] /home/thesis/jheld/MPI_Syrk_implementation/build/src/MPI_SYRK_implementation(+0x2ab0)[0x556fd38cdab0]
[hydra09:372158] [11] /home/thesis/jheld/MPI_Syrk_implementation/build/src/MPI_SYRK_implementation(+0x2ab0)[0x564080ae3ab0]
[hydra10:490317] [ 4] /lib/x86_64-linux-gnu/libc.so.6(+0x8175a)[0x7fb3828b275a]
[hydra02:565670] *** End of error message ***
[hydra08:380888] [ 8] /opt/mpi/openmpi-4.1.4//lib/libmpi.so.40(ompi_group_incl_plist+0x65)[0x7f5706cea915]
[hydra07:405585] [ 3] /lib/x86_64-linux-gnu/libc.so.6(+0x7a468)[0x7feede9a3468]
[hydra11:358932] [ 2] /lib/x86_64-linux-gnu/libc.so.6(abort+0x123)[0x7fc2b3445537]
[hydra04:394599] [ 5] /lib/x86_64-linux-gnu/libc.so.6(+0x8483c)[0x7f93056ad83c]
[hydra06:379225] [ 7] /opt/mpi/openmpi-4.1.4//lib/libmpi.so.40(ompi_group_allocate+0x17)[0x7fb5bd77e1e7]
[hydra03:395839] [12] /lib/x86_64-linux-gnu/libc.so.6(__libc_start_main+0xea)[0x7f067949cd7a]
[hydra03:395839] [13] /home/thesis/jheld/MPI_Syrk_implementation/build/src/MPI_SYRK_implementation(+0x232a)[0x556fd38cd32a]
[hydra09:372158] [12] /lib/x86_64-linux-gnu/libc.so.6(__libc_start_main+0xea)[0x7f2b498a1d7a]
[hydra09:372158] [13] /home/thesis/jheld/MPI_Syrk_implementation/build/src/MPI_SYRK_implementation(+0x232a)[0x564080ae332a]
[hydra10:490317] [ 5] /lib/x86_64-linux-gnu/libc.so.6(+0x8483c)[0x7fb3828b583c]
[hydra08:380888] [ 9] /opt/mpi/openmpi-4.1.4//lib/libmpi.so.40(PMPI_Group_incl+0x95)[0x7f5706d1b185]
[hydra08:380888] [10] /home/thesis/jheld/MPI_Syrk_implementation/build/src/MPI_SYRK_implementation(+0x841a)[0x55a7dd95b41a]
[hydra07:405585] [ 4] /lib/x86_64-linux-gnu/libc.so.6(+0x8175a)[0x7feede9aa75a]
[hydra11:358932] [ 3] /lib/x86_64-linux-gnu/libc.so.6(+0x7a468)[0x7fc2b349d468]
[hydra04:394600] [ 8] /opt/mpi/openmpi-4.1.4//lib/libmpi.so.40(ompi_group_incl_plist+0x65)[0x7f50eaa53915]
[hydra03:395839] *** End of error message ***
[hydra09:372158] *** End of error message ***
[hydra10:490317] [ 6] /lib/x86_64-linux-gnu/libc.so.6(__libc_calloc+0x81)[0x7fb3828b7bd1]
[hydra08:380888] [11] /home/thesis/jheld/MPI_Syrk_implementation/build/src/MPI_SYRK_implementation(+0x2ab0)[0x55a7dd955ab0]
[hydra07:405585] [ 5] /lib/x86_64-linux-gnu/libc.so.6(+0x8483c)[0x7feede9ad83c]
[hydra11:358932] [ 4] /lib/x86_64-linux-gnu/libc.so.6(+0x8175a)[0x7fc2b34a475a]
[hydra04:394599] [ 6] /lib/x86_64-linux-gnu/libc.so.6(__libc_calloc+0x81)[0x7f93056afbd1]
[hydra10:490317] [ 7] /opt/mpi/openmpi-4.1.4//lib/libmpi.so.40(ompi_group_allocate+0x17)[0x7fb3847851e7]
[hydra08:380888] [12] /lib/x86_64-linux-gnu/libc.so.6(__libc_start_main+0xea)[0x7f5704db9d7a]
[hydra08:380888] [13] /home/thesis/jheld/MPI_Syrk_implementation/build/src/MPI_SYRK_implementation(+0x232a)[0x55a7dd95532a]
[hydra07:405585] [ 6] /lib/x86_64-linux-gnu/libc.so.6(__libc_calloc+0x81)[0x7feede9afbd1]
[hydra11:358932] [ 5] /lib/x86_64-linux-gnu/libc.so.6(+0x8483c)[0x7fc2b34a783c]
[hydra04:394600] [ 9] /opt/mpi/openmpi-4.1.4//lib/libmpi.so.40(PMPI_Group_incl+0x95)[0x7f50eaa84185]
[hydra04:394600] [10] /home/thesis/jheld/MPI_Syrk_implementation/build/src/MPI_SYRK_implementation(+0x841a)[0x5619f4e2e41a]
[hydra04:394600] [11] /home/thesis/jheld/MPI_Syrk_implementation/build/src/MPI_SYRK_implementation(+0x2ab0)[0x5619f4e28ab0]
[hydra10:490317] [ 8] /opt/mpi/openmpi-4.1.4//lib/libmpi.so.40(ompi_group_incl_plist+0x65)[0x7fb384785915]
[hydra08:380888] *** End of error message ***
[hydra07:405585] [ 7] /opt/mpi/openmpi-4.1.4//lib/libmpi.so.40(ompi_group_allocate+0x17)[0x7feee087d1e7]
[hydra11:358932] [ 6] /lib/x86_64-linux-gnu/libc.so.6(__libc_calloc+0x81)[0x7fc2b34a9bd1]
[hydra04:394599] [ 7] /opt/mpi/openmpi-4.1.4//lib/libmpi.so.40(ompi_group_allocate+0x17)[0x7f930757d1e7]
[hydra10:490317] [ 9] /opt/mpi/openmpi-4.1.4//lib/libmpi.so.40(PMPI_Group_incl+0x95)[0x7fb3847b6185]
[hydra10:490317] [10] /home/thesis/jheld/MPI_Syrk_implementation/build/src/MPI_SYRK_implementation(+0x841a)[0x55acc325241a]
[hydra07:405585] [ 8] /opt/mpi/openmpi-4.1.4//lib/libmpi.so.40(ompi_group_incl_plist+0x65)[0x7feee087d915]
[hydra11:358932] [ 7] /opt/mpi/openmpi-4.1.4//lib/libmpi.so.40(ompi_group_allocate+0x17)[0x7fc2b53771e7]
[hydra10:490317] [11] /home/thesis/jheld/MPI_Syrk_implementation/build/src/MPI_SYRK_implementation(+0x2ab0)[0x55acc324cab0]
[hydra07:405585] [ 9] /opt/mpi/openmpi-4.1.4//lib/libmpi.so.40(PMPI_Group_incl+0x95)[0x7feee08ae185]
[hydra11:358932] [ 8] /opt/mpi/openmpi-4.1.4//lib/libmpi.so.40(ompi_group_incl_plist+0x65)[0x7fc2b5377915]
[hydra10:490317] [12] /lib/x86_64-linux-gnu/libc.so.6(__libc_start_main+0xea)[0x7fb382854d7a]
[hydra07:405585] [10] /home/thesis/jheld/MPI_Syrk_implementation/build/src/MPI_SYRK_implementation(+0x841a)[0x556313f6441a]
[hydra07:405585] [11] /home/thesis/jheld/MPI_Syrk_implementation/build/src/MPI_SYRK_implementation(+0x2ab0)[0x556313f5eab0]
[hydra11:358932] [ 9] /opt/mpi/openmpi-4.1.4//lib/libmpi.so.40(PMPI_Group_incl+0x95)[0x7fc2b53a8185]
[hydra11:358932] [10] /home/thesis/jheld/MPI_Syrk_implementation/build/src/MPI_SYRK_implementation(+0x841a)[0x55c4edb1a41a]
[hydra10:490317] [13] /home/thesis/jheld/MPI_Syrk_implementation/build/src/MPI_SYRK_implementation(+0x232a)[0x55acc324c32a]
[hydra10:490317] *** End of error message ***
[hydra07:405585] [12] /lib/x86_64-linux-gnu/libc.so.6(__libc_start_main+0xea)[0x7feede94cd7a]
[hydra07:405585] [13] /home/thesis/jheld/MPI_Syrk_implementation/build/src/MPI_SYRK_implementation(+0x232a)[0x556313f5e32a]
[hydra11:358932] [11] /home/thesis/jheld/MPI_Syrk_implementation/build/src/MPI_SYRK_implementation(+0x2ab0)[0x55c4edb14ab0]
[hydra07:405585] *** End of error message ***
[hydra11:358932] [12] /lib/x86_64-linux-gnu/libc.so.6(__libc_start_main+0xea)[0x7fc2b3446d7a]
[hydra11:358932] [13] /home/thesis/jheld/MPI_Syrk_implementation/build/src/MPI_SYRK_implementation(+0x232a)[0x55c4edb1432a]
[hydra11:358932] *** End of error message ***
[hydra04:394600] [12] /lib/x86_64-linux-gnu/libc.so.6(__libc_start_main+0xea)[0x7f50e8b22d7a]
[hydra04:394599] [ 8] /opt/mpi/openmpi-4.1.4//lib/libmpi.so.40(ompi_group_incl_plist+0x65)[0x7f930757d915]
[hydra04:394600] [13] /home/thesis/jheld/MPI_Syrk_implementation/build/src/MPI_SYRK_implementation(+0x232a)[0x5619f4e2832a]
[hydra04:394600] *** End of error message ***
[hydra06:379226] [ 9] /opt/mpi/openmpi-4.1.4//lib/libmpi.so.40(PMPI_Group_incl+0x95)[0x7f139f65b185]
[hydra06:379226] [10] /home/thesis/jheld/MPI_Syrk_implementation/build/src/MPI_SYRK_implementation(+0x841a)[0x55d7ffa8541a]
[hydra06:379226] [11] /home/thesis/jheld/MPI_Syrk_implementation/build/src/MPI_SYRK_implementation(+0x2ab0)[0x55d7ffa7fab0]
[hydra04:394599] [ 9] /opt/mpi/openmpi-4.1.4//lib/libmpi.so.40(PMPI_Group_incl+0x95)[0x7f93075ae185]
[hydra04:394599] [10] /home/thesis/jheld/MPI_Syrk_implementation/build/src/MPI_SYRK_implementation(+0x841a)[0x55796005641a]
[hydra04:394599] [11] /home/thesis/jheld/MPI_Syrk_implementation/build/src/MPI_SYRK_implementation(+0x2ab0)[0x557960050ab0]
[hydra06:379225] [ 8] /opt/mpi/openmpi-4.1.4//lib/libmpi.so.40(ompi_group_incl_plist+0x65)[0x7fb5bd77e915]
[hydra04:394599] [12] /lib/x86_64-linux-gnu/libc.so.6(__libc_start_main+0xea)[0x7f930564cd7a]
[hydra06:379226] [12] /lib/x86_64-linux-gnu/libc.so.6(__libc_start_main+0xea)[0x7f139d6f9d7a]
[hydra04:394599] [13] /home/thesis/jheld/MPI_Syrk_implementation/build/src/MPI_SYRK_implementation(+0x232a)[0x55796005032a]
[hydra04:394599] *** End of error message ***
[hydra06:379225] [ 9] /opt/mpi/openmpi-4.1.4//lib/libmpi.so.40(PMPI_Group_incl+0x95)[0x7fb5bd7af185]
[hydra06:379226] [13] /home/thesis/jheld/MPI_Syrk_implementation/build/src/MPI_SYRK_implementation(+0x232a)[0x55d7ffa7f32a]
[hydra06:379226] *** End of error message ***
[hydra06:379225] [10] /home/thesis/jheld/MPI_Syrk_implementation/build/src/MPI_SYRK_implementation(+0x841a)[0x55a4dff6241a]
[hydra06:379225] [11] /home/thesis/jheld/MPI_Syrk_implementation/build/src/MPI_SYRK_implementation(+0x2ab0)[0x55a4dff5cab0]
[hydra06:379225] [12] /lib/x86_64-linux-gnu/libc.so.6(__libc_start_main+0xea)[0x7fb5bb84dd7a]
[hydra06:379225] [13] /home/thesis/jheld/MPI_Syrk_implementation/build/src/MPI_SYRK_implementation(+0x232a)[0x55a4dff5c32a]
[hydra06:379225] *** End of error message ***
srun: error: hydra12: task 34: Aborted
srun: error: hydra03: task 7: Aborted
srun: error: hydra09: task 24: Aborted
srun: error: hydra11: task 31: Aborted
srun: error: hydra08: task 23: Aborted
srun: error: hydra02: task 5: Aborted
srun: error: hydra05: task 12: Aborted
srun: error: hydra10: task 29: Aborted
srun: error: hydra01: task 0: Aborted
srun: error: hydra07: task 19: Aborted
srun: error: hydra06: tasks 15-16: Aborted
srun: error: hydra04: tasks 9-10: Aborted
slurmstepd: error:  mpi/pmix_v4: _errhandler: hydra12 [11]: pmixp_client_v2.c:211: Error handler invoked: status = -61, source = [slurm.pmix.5008693.0:34]
slurmstepd: error:  mpi/pmix_v4: _errhandler: hydra09 [8]: pmixp_client_v2.c:211: Error handler invoked: status = -61, source = [slurm.pmix.5008693.0:24]
slurmstepd: error:  mpi/pmix_v4: _errhandler: hydra02 [1]: pmixp_client_v2.c:211: Error handler invoked: status = -61, source = [slurm.pmix.5008693.0:5]
slurmstepd: error:  mpi/pmix_v4: _errhandler: hydra05 [4]: pmixp_client_v2.c:211: Error handler invoked: status = -61, source = [slurm.pmix.5008693.0:12]
slurmstepd: error:  mpi/pmix_v4: _errhandler: hydra01 [0]: pmixp_client_v2.c:211: Error handler invoked: status = -61, source = [slurm.pmix.5008693.0:0]
slurmstepd: error:  mpi/pmix_v4: _errhandler: hydra08 [7]: pmixp_client_v2.c:211: Error handler invoked: status = -61, source = [slurm.pmix.5008693.0:23]
slurmstepd: error:  mpi/pmix_v4: _errhandler: hydra11 [10]: pmixp_client_v2.c:211: Error handler invoked: status = -61, source = [slurm.pmix.5008693.0:31]
slurmstepd: error:  mpi/pmix_v4: _errhandler: hydra10 [9]: pmixp_client_v2.c:211: Error handler invoked: status = -61, source = [slurm.pmix.5008693.0:29]
slurmstepd: error:  mpi/pmix_v4: _errhandler: hydra06 [5]: pmixp_client_v2.c:211: Error handler invoked: status = -61, source = [slurm.pmix.5008693.0:16]
slurmstepd: error:  mpi/pmix_v4: _errhandler: hydra07 [6]: pmixp_client_v2.c:211: Error handler invoked: status = -61, source = [slurm.pmix.5008693.0:19]
slurmstepd: error:  mpi/pmix_v4: _errhandler: hydra03 [2]: pmixp_client_v2.c:211: Error handler invoked: status = -61, source = [slurm.pmix.5008693.0:7]
slurmstepd: error: *** STEP 5008693.0 ON hydra01 CANCELLED AT 2025-10-13T15:31:08 ***
srun: Job step aborted: Waiting up to 32 seconds for job step to finish.
srun: error: hydra04: task 11: Killed
srun: error: hydra06: task 17: Killed
srun: error: hydra02: tasks 3-4: Killed
srun: error: hydra11: tasks 30,32: Killed
srun: error: hydra09: tasks 25-26: Killed
srun: error: hydra08: tasks 21-22: Killed
srun: error: hydra01: tasks 1-2: Killed
srun: error: hydra10: tasks 27-28: Killed
srun: error: hydra03: tasks 6,8: Killed
srun: error: hydra07: tasks 18,20: Killed
srun: error: hydra12: tasks 33,35: Killed
srun: error: hydra05: tasks 13-14: Killed
⚠️ Warning: No runtime found for run 1
srun: Warning: can't honor --ntasks-per-node set to 1 which doesn't match the requested tasks 36 with the number of requested nodes 12. Ignoring --ntasks-per-node.
missing input file name --> Generate random input
malloc(): invalid size (unsorted)
[hydra01:881408] *** Process received signal ***
[hydra01:881408] Signal: Aborted (6)
[hydra01:881408] Signal code:  (-6)
malloc(): invalid size (unsorted)
[hydra01:881408] [ 0] /lib/x86_64-linux-gnu/libc.so.6(+0x38de0)[0x7f1de10c4de0]
[hydra01:881408] [ 1] /lib/x86_64-linux-gnu/libc.so.6(gsignal+0x141)[0x7f1de10c4d61]
[hydra01:881408] [ 2] /lib/x86_64-linux-gnu/libc.so.6(abort+0x123)[0x7f1de10ae537]
malloc(): invalid size (unsorted)
[hydra05:378614] *** Process received signal ***
[hydra05:378614] Signal: Aborted (6)
[hydra05:378614] Signal code:  (-6)
malloc(): invalid size (unsorted)
[hydra06:379295] *** Process received signal ***
[hydra06:379295] Signal: Aborted (6)
[hydra06:379295] Signal code:  (-6)
malloc(): invalid size (unsorted)
malloc(): invalid size (unsorted)
[hydra03:395906] *** Process received signal ***
[hydra03:395906] Signal: Aborted (6)
[hydra03:395906] Signal code:  (-6)
[hydra01:881408] [ 3] /lib/x86_64-linux-gnu/libc.so.6(+0x7a468)[0x7f1de1106468]
malloc(): invalid size (unsorted)
malloc(): invalid size (unsorted)
[hydra04:394669] *** Process received signal ***
[hydra04:394669] Signal: Aborted (6)
[hydra04:394669] Signal code:  (-6)
malloc(): invalid size (unsorted)
[hydra07:405653] *** Process received signal ***
[hydra07:405653] Signal: Aborted (6)
[hydra07:405653] Signal code:  (-6)
[hydra01:881408] [ 4] /lib/x86_64-linux-gnu/libc.so.6(+0x8175a)[0x7f1de110d75a]
[hydra01:881408] [ 5] /lib/x86_64-linux-gnu/libc.so.6(+0x8483c)[0x7f1de111083c]
malloc(): invalid size (unsorted)
[hydra12:358982] *** Process received signal ***
[hydra12:358982] Signal: Aborted (6)
[hydra12:358982] Signal code:  (-6)
[hydra01:881408] [ 6] /lib/x86_64-linux-gnu/libc.so.6(__libc_calloc+0x81)[0x7f1de1112bd1]
[hydra12:358981] *** Process received signal ***
[hydra12:358981] Signal: Aborted (6)
[hydra12:358981] Signal code:  (-6)
[hydra12:358982] [ 0] /lib/x86_64-linux-gnu/libc.so.6(+0x38de0)[0x7fe7c3f14de0]
[hydra01:881408] [ 7] /opt/mpi/openmpi-4.1.4//lib/libmpi.so.40(ompi_group_allocate+0x17)[0x7f1de2fe01e7]
[hydra12:358981] [ 0] /lib/x86_64-linux-gnu/libc.so.6(+0x38de0)[0x7f0a9f4a7de0]
[hydra01:881408] [ 8] /opt/mpi/openmpi-4.1.4//lib/libmpi.so.40(ompi_group_incl_plist+0x65)[0x7f1de2fe0915]
malloc(): invalid size (unsorted)
[hydra08:380956] *** Process received signal ***
[hydra08:380956] Signal: Aborted (6)
[hydra08:380956] Signal code:  (-6)
[hydra12:358982] [ 1] /lib/x86_64-linux-gnu/libc.so.6(gsignal+0x141)[0x7fe7c3f14d61]
malloc(): invalid size (unsorted)
[hydra10:490388] *** Process received signal ***
[hydra10:490388] Signal: Aborted (6)
[hydra10:490388] Signal code:  (-6)
[hydra12:358981] [ 1] /lib/x86_64-linux-gnu/libc.so.6(gsignal+0x141)[0x7f0a9f4a7d61]
[hydra12:358982] [ 2] /lib/x86_64-linux-gnu/libc.so.6(abort+0x123)[0x7fe7c3efe537]
[hydra01:881408] [ 9] /opt/mpi/openmpi-4.1.4//lib/libmpi.so.40(PMPI_Group_incl+0x95)[0x7f1de3011185]
[hydra12:358981] [ 2] /lib/x86_64-linux-gnu/libc.so.6(abort+0x123)[0x7f0a9f491537]
[hydra01:881408] [10] /home/thesis/jheld/MPI_Syrk_implementation/build/src/MPI_SYRK_implementation(+0x841a)[0x561bae1da41a]
[hydra01:881408] [11] /home/thesis/jheld/MPI_Syrk_implementation/build/src/MPI_SYRK_implementation(+0x2ab0)[0x561bae1d4ab0]
[hydra12:358982] [ 3] /lib/x86_64-linux-gnu/libc.so.6(+0x7a468)[0x7fe7c3f56468]
[hydra12:358981] [ 3] /lib/x86_64-linux-gnu/libc.so.6(+0x7a468)[0x7f0a9f4e9468]
[hydra01:881408] [12] /lib/x86_64-linux-gnu/libc.so.6(__libc_start_main+0xea)[0x7f1de10afd7a]
[hydra01:881408] [13] /home/thesis/jheld/MPI_Syrk_implementation/build/src/MPI_SYRK_implementation(+0x232a)[0x561bae1d432a]
[hydra12:358981] [ 4] /lib/x86_64-linux-gnu/libc.so.6(+0x8175a)[0x7f0a9f4f075a]
[hydra01:881408] *** End of error message ***
[hydra12:358982] [ 4] /lib/x86_64-linux-gnu/libc.so.6(+0x8175a)[0x7fe7c3f5d75a]
[hydra12:358982] [ 5] /lib/x86_64-linux-gnu/libc.so.6(+0x8483c)[0x7fe7c3f6083c]
[hydra12:358981] [ 5] /lib/x86_64-linux-gnu/libc.so.6(+0x8483c)[0x7f0a9f4f383c]
[hydra12:358982] [ 6] /lib/x86_64-linux-gnu/libc.so.6(__libc_calloc+0x81)[0x7fe7c3f62bd1]
[hydra12:358981] [ 6] /lib/x86_64-linux-gnu/libc.so.6(__libc_calloc+0x81)[0x7f0a9f4f5bd1]
malloc(): invalid size (unsorted)
[hydra12:358982] [ 7] /opt/mpi/openmpi-4.1.4//lib/libmpi.so.40(ompi_group_allocate+0x17)[0x7fe7c5e301e7]
[hydra05:378614] [ 0] /lib/x86_64-linux-gnu/libc.so.6(+0x38de0)[0x7fea59c60de0]
[hydra12:358981] [ 7] /opt/mpi/openmpi-4.1.4//lib/libmpi.so.40(ompi_group_allocate+0x17)[0x7f0aa13c31e7]
[hydra05:378616] *** Process received signal ***
[hydra05:378616] Signal: Aborted (6)
[hydra05:378616] Signal code:  (-6)
[hydra12:358981] [ 8] /opt/mpi/openmpi-4.1.4//lib/libmpi.so.40(ompi_group_incl_plist+0x65)[0x7f0aa13c3915]
[hydra05:378614] [ 1] /lib/x86_64-linux-gnu/libc.so.6(gsignal+0x141)[0x7fea59c60d61]
[hydra12:358982] [ 8] /opt/mpi/openmpi-4.1.4//lib/libmpi.so.40(ompi_group_incl_plist+0x65)[0x7fe7c5e30915]
[hydra05:378614] [ 2] /lib/x86_64-linux-gnu/libc.so.6(abort+0x123)[0x7fea59c4a537]
[hydra12:358981] [ 9] /opt/mpi/openmpi-4.1.4//lib/libmpi.so.40(PMPI_Group_incl+0x95)[0x7f0aa13f4185]
[hydra12:358981] [10] /home/thesis/jheld/MPI_Syrk_implementation/build/src/MPI_SYRK_implementation(+0x841a)[0x55e38418041a]
[hydra05:378614] [ 3] /lib/x86_64-linux-gnu/libc.so.6(+0x7a468)[0x7fea59ca2468]
malloc(): invalid size (unsorted)
[hydra05:378614] [ 4] /lib/x86_64-linux-gnu/libc.so.6(+0x8175a)[0x7fea59ca975a]
[hydra02:565751] *** Process received signal ***
[hydra02:565751] Signal: Aborted (6)
[hydra02:565751] Signal code:  (-6)
[hydra05:378616] [ 0] /lib/x86_64-linux-gnu/libc.so.6(+0x38de0)[0x7f996d20ede0]
[hydra02:565751] [ 0] /lib/x86_64-linux-gnu/libc.so.6(+0x38de0)[0x7fd2b329dde0]
[hydra05:378616] [ 1] /lib/x86_64-linux-gnu/libc.so.6(gsignal+0x141)[0x7f996d20ed61]
[hydra02:565751] [ 1] /lib/x86_64-linux-gnu/libc.so.6(gsignal+0x141)[0x7fd2b329dd61]
[hydra05:378614] [ 5] /lib/x86_64-linux-gnu/libc.so.6(+0x8483c)[0x7fea59cac83c]
[hydra06:379295] [ 0] /lib/x86_64-linux-gnu/libc.so.6(+0x38de0)[0x7fcaf3becde0]
[hydra02:565751] [ 2] /lib/x86_64-linux-gnu/libc.so.6(abort+0x123)[0x7fd2b3287537]
[hydra05:378616] [ 2] /lib/x86_64-linux-gnu/libc.so.6(abort+0x123)[0x7f996d1f8537]
[hydra06:379295] [ 1] /lib/x86_64-linux-gnu/libc.so.6(gsignal+0x141)[0x7fcaf3becd61]
[hydra07:405653] [ 0] /lib/x86_64-linux-gnu/libc.so.6(+0x38de0)[0x7fcff33ecde0]
[hydra02:565751] [ 3] /lib/x86_64-linux-gnu/libc.so.6(+0x7a468)[0x7fd2b32df468]
[hydra05:378614] [ 6] /lib/x86_64-linux-gnu/libc.so.6(__libc_calloc+0x81)[0x7fea59caebd1]
[hydra06:379295] [ 2] /lib/x86_64-linux-gnu/libc.so.6(abort+0x123)[0x7fcaf3bd6537]
[hydra03:395906] [ 0] /lib/x86_64-linux-gnu/libc.so.6(+0x38de0)[0x7f4fe9efede0]
[hydra09:372227] *** Process received signal ***
[hydra09:372227] Signal: Aborted (6)
[hydra09:372227] Signal code:  (-6)
[hydra07:405653] [ 1] /lib/x86_64-linux-gnu/libc.so.6(gsignal+0x141)[0x7fcff33ecd61]
[hydra02:565751] [ 4] /lib/x86_64-linux-gnu/libc.so.6(+0x8175a)[0x7fd2b32e675a]
malloc(): invalid size (unsorted)
[hydra08:380957] *** Process received signal ***
[hydra08:380957] Signal: Aborted (6)
[hydra08:380957] Signal code:  (-6)
[hydra04:394669] [ 0] /lib/x86_64-linux-gnu/libc.so.6(+0x38de0)[0x7f2c5147dde0]
[hydra05:378614] [ 7] /opt/mpi/openmpi-4.1.4//lib/libmpi.so.40(ompi_group_allocate+0x17)[0x7fea5bb7c1e7]
[hydra06:379295] [ 3] /lib/x86_64-linux-gnu/libc.so.6(+0x7a468)[0x7fcaf3c2e468]
[hydra03:395906] [ 1] /lib/x86_64-linux-gnu/libc.so.6(gsignal+0x141)[0x7f4fe9efed61]
[hydra09:372227] [ 0] /lib/x86_64-linux-gnu/libc.so.6(+0x38de0)[0x7f7be6c4dde0]
[hydra07:405653] [ 2] /lib/x86_64-linux-gnu/libc.so.6(abort+0x123)[0x7fcff33d6537]
[hydra02:565751] [ 5] /lib/x86_64-linux-gnu/libc.so.6(+0x8483c)[0x7fd2b32e983c]
malloc(): invalid size (unsorted)
[hydra08:380955] *** Process received signal ***
[hydra08:380955] Signal: Aborted (6)
[hydra08:380955] Signal code:  (-6)
[hydra04:394669] [ 1] /lib/x86_64-linux-gnu/libc.so.6(gsignal+0x141)[0x7f2c5147dd61]
[hydra05:378616] [ 3] /lib/x86_64-linux-gnu/libc.so.6(+0x7a468)[0x7f996d250468]
[hydra06:379295] [ 4] /lib/x86_64-linux-gnu/libc.so.6(+0x8175a)[0x7fcaf3c3575a]
[hydra03:395906] [ 2] /lib/x86_64-linux-gnu/libc.so.6(abort+0x123)[0x7f4fe9ee8537]
[hydra09:372227] [ 1] /lib/x86_64-linux-gnu/libc.so.6(gsignal+0x141)[0x7f7be6c4dd61]
[hydra07:405653] [ 3] /lib/x86_64-linux-gnu/libc.so.6(+0x7a468)[0x7fcff342e468]
[hydra02:565751] [ 6] /lib/x86_64-linux-gnu/libc.so.6(__libc_calloc+0x81)[0x7fd2b32ebbd1]
[hydra08:380955] [ 0] /lib/x86_64-linux-gnu/libc.so.6(+0x38de0)[0x7f41e6890de0]
[hydra04:394669] [ 2] /lib/x86_64-linux-gnu/libc.so.6(abort+0x123)[0x7f2c51467537]
[hydra05:378614] [ 8] /opt/mpi/openmpi-4.1.4//lib/libmpi.so.40(ompi_group_incl_plist+0x65)[0x7fea5bb7c915]
[hydra06:379295] [ 5] /lib/x86_64-linux-gnu/libc.so.6(+0x8483c)[0x7fcaf3c3883c]
[hydra03:395906] [ 3] /lib/x86_64-linux-gnu/libc.so.6(+0x7a468)[0x7f4fe9f40468]
[hydra09:372227] [ 2] /lib/x86_64-linux-gnu/libc.so.6(abort+0x123)[0x7f7be6c37537]
[hydra07:405653] [ 4] /lib/x86_64-linux-gnu/libc.so.6(+0x8175a)[0x7fcff343575a]
[hydra02:565751] [ 7] /opt/mpi/openmpi-4.1.4//lib/libmpi.so.40(ompi_group_allocate+0x17)[0x7fd2b51b91e7]
[hydra08:380956] [ 0] /lib/x86_64-linux-gnu/libc.so.6(+0x38de0)[0x7f6558090de0]
[hydra08:380956] [ 1] /lib/x86_64-linux-gnu/libc.so.6(gsignal+0x141)[0x7f6558090d61]
[hydra08:380956] [ 2] /lib/x86_64-linux-gnu/libc.so.6(abort+0x123)[0x7f655807a537]
[hydra04:394669] [ 3] /lib/x86_64-linux-gnu/libc.so.6(+0x7a468)[0x7f2c514bf468]
[hydra05:378616] [ 4] /lib/x86_64-linux-gnu/libc.so.6(+0x8175a)[0x7f996d25775a]
[hydra06:379295] [ 6] /lib/x86_64-linux-gnu/libc.so.6(__libc_calloc+0x81)[0x7fcaf3c3abd1]
[hydra03:395906] [ 4] /lib/x86_64-linux-gnu/libc.so.6(+0x8175a)[0x7f4fe9f4775a]
[hydra09:372227] [ 3] /lib/x86_64-linux-gnu/libc.so.6(+0x7a468)[0x7f7be6c8f468]
[hydra07:405653] [ 5] /lib/x86_64-linux-gnu/libc.so.6(+0x8483c)[0x7fcff343883c]
[hydra02:565751] [ 8] /opt/mpi/openmpi-4.1.4//lib/libmpi.so.40(ompi_group_incl_plist+0x65)[0x7fd2b51b9915]
[hydra08:380957] [ 0] /lib/x86_64-linux-gnu/libc.so.6(+0x38de0)[0x7fb517154de0]
[hydra08:380957] [ 1] /lib/x86_64-linux-gnu/libc.so.6(gsignal+0x141)[0x7fb517154d61]
[hydra08:380957] [ 2] /lib/x86_64-linux-gnu/libc.so.6(abort+0x123)[0x7fb51713e537]
[hydra08:380957] [ 3] /lib/x86_64-linux-gnu/libc.so.6(+0x7a468)[0x7fb517196468]
[hydra04:394669] [ 4] /lib/x86_64-linux-gnu/libc.so.6(+0x8175a)[0x7f2c514c675a]
[hydra05:378614] [ 9] /opt/mpi/openmpi-4.1.4//lib/libmpi.so.40(PMPI_Group_incl+0x95)[0x7fea5bbad185]
[hydra05:378614] [10] /home/thesis/jheld/MPI_Syrk_implementation/build/src/MPI_SYRK_implementation(+0x841a)[0x55e4cbcf341a]
[hydra06:379295] [ 7] /opt/mpi/openmpi-4.1.4//lib/libmpi.so.40(ompi_group_allocate+0x17)[0x7fcaf5b081e7]
[hydra03:395906] [ 5] /lib/x86_64-linux-gnu/libc.so.6(+0x8483c)[0x7f4fe9f4a83c]
[hydra09:372227] [ 4] /lib/x86_64-linux-gnu/libc.so.6(+0x8175a)[0x7f7be6c9675a]
[hydra07:405653] [ 6] /lib/x86_64-linux-gnu/libc.so.6(__libc_calloc+0x81)[0x7fcff343abd1]
[hydra02:565751] [ 9] /opt/mpi/openmpi-4.1.4//lib/libmpi.so.40(PMPI_Group_incl+0x95)[0x7fd2b51ea185]
[hydra02:565751] [10] /home/thesis/jheld/MPI_Syrk_implementation/build/src/MPI_SYRK_implementation(+0x841a)[0x5608f0e6c41a]
[hydra08:380955] [ 1] /lib/x86_64-linux-gnu/libc.so.6(gsignal+0x141)[0x7f41e6890d61]
[hydra08:380955] [ 2] /lib/x86_64-linux-gnu/libc.so.6(abort+0x123)[0x7f41e687a537]
[hydra04:394669] [ 5] /lib/x86_64-linux-gnu/libc.so.6(+0x8483c)[0x7f2c514c983c]
[hydra05:378616] [ 5] /lib/x86_64-linux-gnu/libc.so.6(+0x8483c)[0x7f996d25a83c]
[hydra06:379295] [ 8] /opt/mpi/openmpi-4.1.4//lib/libmpi.so.40(ompi_group_incl_plist+0x65)[0x7fcaf5b08915]
[hydra03:395906] [ 6] /lib/x86_64-linux-gnu/libc.so.6(__libc_calloc+0x81)[0x7f4fe9f4cbd1]
[hydra09:372227] [ 5] /lib/x86_64-linux-gnu/libc.so.6(+0x8483c)[0x7f7be6c9983c]
[hydra10:490388] [ 0] /lib/x86_64-linux-gnu/libc.so.6(+0x38de0)[0x7f3b64312de0]
[hydra07:405653] [ 7] /opt/mpi/openmpi-4.1.4//lib/libmpi.so.40(ompi_group_allocate+0x17)[0x7fcff53081e7]
[hydra02:565751] [11] /home/thesis/jheld/MPI_Syrk_implementation/build/src/MPI_SYRK_implementation(+0x2ab0)[0x5608f0e66ab0]
[hydra08:380956] [ 3] /lib/x86_64-linux-gnu/libc.so.6(+0x7a468)[0x7f65580d2468]
[hydra04:394669] [ 6] /lib/x86_64-linux-gnu/libc.so.6(__libc_calloc+0x81)[0x7f2c514cbbd1]
[hydra05:378614] [11] /home/thesis/jheld/MPI_Syrk_implementation/build/src/MPI_SYRK_implementation(+0x2ab0)[0x55e4cbcedab0]
[hydra06:379295] [ 9] /opt/mpi/openmpi-4.1.4//lib/libmpi.so.40(PMPI_Group_incl+0x95)[0x7fcaf5b39185]
[hydra03:395906] [ 7] /opt/mpi/openmpi-4.1.4//lib/libmpi.so.40(ompi_group_allocate+0x17)[0x7f4febe1a1e7]
[hydra09:372227] [ 6] /lib/x86_64-linux-gnu/libc.so.6(__libc_calloc+0x81)[0x7f7be6c9bbd1]
malloc(): invalid size (unsorted)
[hydra07:405653] [ 8] /opt/mpi/openmpi-4.1.4//lib/libmpi.so.40(ompi_group_incl_plist+0x65)[0x7fcff5308915]
[hydra11:359000] *** Process received signal ***
[hydra11:359000] Signal: Aborted (6)
[hydra11:359000] Signal code:  (-6)
[hydra02:565751] [12] /lib/x86_64-linux-gnu/libc.so.6(__libc_start_main+0xea)[0x7fd2b3288d7a]
[hydra02:565751] [13] /home/thesis/jheld/MPI_Syrk_implementation/build/src/MPI_SYRK_implementation(+0x232a)[0x5608f0e6632a]
[hydra08:380955] [ 3] /lib/x86_64-linux-gnu/libc.so.6(+0x7a468)[0x7f41e68d2468]
[hydra04:394669] [ 7] /opt/mpi/openmpi-4.1.4//lib/libmpi.so.40(ompi_group_allocate+0x17)[0x7f2c533991e7]
[hydra05:378614] [12] /lib/x86_64-linux-gnu/libc.so.6(__libc_start_main+0xea)[0x7fea59c4bd7a]
[hydra06:379295] [10] /home/thesis/jheld/MPI_Syrk_implementation/build/src/MPI_SYRK_implementation(+0x841a)[0x55e58bebc41a]
[hydra06:379295] [11] /home/thesis/jheld/MPI_Syrk_implementation/build/src/MPI_SYRK_implementation(+0x2ab0)[0x55e58beb6ab0]
[hydra03:395906] [ 8] /opt/mpi/openmpi-4.1.4//lib/libmpi.so.40(ompi_group_incl_plist+0x65)[0x7f4febe1a915]
[hydra09:372227] [ 7] /opt/mpi/openmpi-4.1.4//lib/libmpi.so.40(ompi_group_allocate+0x17)[0x7f7be8b691e7]
[hydra10:490388] [ 1] /lib/x86_64-linux-gnu/libc.so.6(gsignal+0x141)[0x7f3b64312d61]
[hydra07:405653] [ 9] /opt/mpi/openmpi-4.1.4//lib/libmpi.so.40(PMPI_Group_incl+0x95)[0x7fcff5339185]
[hydra11:359000] [ 0] /lib/x86_64-linux-gnu/libc.so.6(+0x38de0)[0x7fe09f33ede0]
[hydra02:565751] *** End of error message ***
[hydra08:380956] [ 4] /lib/x86_64-linux-gnu/libc.so.6(+0x8175a)[0x7f65580d975a]
[hydra04:394669] [ 8] /opt/mpi/openmpi-4.1.4//lib/libmpi.so.40(ompi_group_incl_plist+0x65)[0x7f2c53399915]
[hydra05:378616] [ 6] /lib/x86_64-linux-gnu/libc.so.6(__libc_calloc+0x81)[0x7f996d25cbd1]
[hydra06:379295] [12] /lib/x86_64-linux-gnu/libc.so.6(__libc_start_main+0xea)[0x7fcaf3bd7d7a]
[hydra06:379295] [13] /home/thesis/jheld/MPI_Syrk_implementation/build/src/MPI_SYRK_implementation(+0x232a)[0x55e58beb632a]
[hydra03:395906] [ 9] /opt/mpi/openmpi-4.1.4//lib/libmpi.so.40(PMPI_Group_incl+0x95)[0x7f4febe4b185]
[hydra03:395906] [10] /home/thesis/jheld/MPI_Syrk_implementation/build/src/MPI_SYRK_implementation(+0x841a)[0x558b1ee4741a]
[hydra09:372227] [ 8] /opt/mpi/openmpi-4.1.4//lib/libmpi.so.40(ompi_group_incl_plist+0x65)[0x7f7be8b69915]
[hydra10:490389] *** Process received signal ***
[hydra10:490389] Signal: Aborted (6)
[hydra10:490389] Signal code:  (-6)
[hydra07:405653] [10] /home/thesis/jheld/MPI_Syrk_implementation/build/src/MPI_SYRK_implementation(+0x841a)[0x55dc8217241a]
[hydra07:405653] [11] /home/thesis/jheld/MPI_Syrk_implementation/build/src/MPI_SYRK_implementation(+0x2ab0)[0x55dc8216cab0]
[hydra11:359000] [ 1] /lib/x86_64-linux-gnu/libc.so.6(gsignal+0x141)[0x7fe09f33ed61]
[hydra08:380957] [ 4] /lib/x86_64-linux-gnu/libc.so.6(+0x8175a)[0x7fb51719d75a]
[hydra04:394669] [ 9] /opt/mpi/openmpi-4.1.4//lib/libmpi.so.40(PMPI_Group_incl+0x95)[0x7f2c533ca185]
[hydra04:394669] [10] /home/thesis/jheld/MPI_Syrk_implementation/build/src/MPI_SYRK_implementation(+0x841a)[0x55cb2d39c41a]
[hydra06:379295] *** End of error message ***
[hydra03:395906] [11] /home/thesis/jheld/MPI_Syrk_implementation/build/src/MPI_SYRK_implementation(+0x2ab0)[0x558b1ee41ab0]
[hydra09:372227] [ 9] /opt/mpi/openmpi-4.1.4//lib/libmpi.so.40(PMPI_Group_incl+0x95)[0x7f7be8b9a185]
[hydra09:372227] [10] /home/thesis/jheld/MPI_Syrk_implementation/build/src/MPI_SYRK_implementation(+0x841a)[0x55c352d5f41a]
[hydra10:490388] [ 2] /lib/x86_64-linux-gnu/libc.so.6(abort+0x123)[0x7f3b642fc537]
[hydra07:405653] [12] /lib/x86_64-linux-gnu/libc.so.6(__libc_start_main+0xea)[0x7fcff33d7d7a]
[hydra07:405653] [13] /home/thesis/jheld/MPI_Syrk_implementation/build/src/MPI_SYRK_implementation(+0x232a)[0x55dc8216c32a]
[hydra11:359000] [ 2] /lib/x86_64-linux-gnu/libc.so.6(abort+0x123)[0x7fe09f328537]
[hydra08:380955] [ 4] /lib/x86_64-linux-gnu/libc.so.6(+0x8175a)[0x7f41e68d975a]
[hydra04:394669] [11] /home/thesis/jheld/MPI_Syrk_implementation/build/src/MPI_SYRK_implementation(+0x2ab0)[0x55cb2d396ab0]
[hydra03:395906] [12] /lib/x86_64-linux-gnu/libc.so.6(__libc_start_main+0xea)[0x7f4fe9ee9d7a]
[hydra09:372227] [11] /home/thesis/jheld/MPI_Syrk_implementation/build/src/MPI_SYRK_implementation(+0x2ab0)[0x55c352d59ab0]
[hydra10:490388] [ 3] /lib/x86_64-linux-gnu/libc.so.6(+0x7a468)[0x7f3b64354468]
[hydra07:405653] *** End of error message ***
[hydra11:359000] [ 3] /lib/x86_64-linux-gnu/libc.so.6(+0x7a468)[0x7fe09f380468]
[hydra08:380956] [ 5] /lib/x86_64-linux-gnu/libc.so.6(+0x8483c)[0x7f65580dc83c]
[hydra04:394669] [12] /lib/x86_64-linux-gnu/libc.so.6(__libc_start_main+0xea)[0x7f2c51468d7a]
[hydra03:395906] [13] /home/thesis/jheld/MPI_Syrk_implementation/build/src/MPI_SYRK_implementation(+0x232a)[0x558b1ee4132a]
[hydra03:395906] *** End of error message ***
[hydra09:372227] [12] /lib/x86_64-linux-gnu/libc.so.6(__libc_start_main+0xea)[0x7f7be6c38d7a]
[hydra09:372227] [13] /home/thesis/jheld/MPI_Syrk_implementation/build/src/MPI_SYRK_implementation(+0x232a)[0x55c352d5932a]
[hydra10:490388] [ 4] /lib/x86_64-linux-gnu/libc.so.6(+0x8175a)[0x7f3b6435b75a]
[hydra11:359000] [ 4] /lib/x86_64-linux-gnu/libc.so.6(+0x8175a)[0x7fe09f38775a]
[hydra08:380957] [ 5] /lib/x86_64-linux-gnu/libc.so.6(+0x8483c)[0x7fb5171a083c]
[hydra04:394669] [13] /home/thesis/jheld/MPI_Syrk_implementation/build/src/MPI_SYRK_implementation(+0x232a)[0x55cb2d39632a]
[hydra04:394669] *** End of error message ***
[hydra09:372227] *** End of error message ***
[hydra10:490389] [ 0] /lib/x86_64-linux-gnu/libc.so.6(+0x38de0)[0x7f067fb89de0]
[hydra11:359000] [ 5] /lib/x86_64-linux-gnu/libc.so.6(+0x8483c)[0x7fe09f38a83c]
[hydra08:380955] [ 5] /lib/x86_64-linux-gnu/libc.so.6(+0x8483c)[0x7f41e68dc83c]
[hydra10:490388] [ 5] /lib/x86_64-linux-gnu/libc.so.6(+0x8483c)[0x7f3b6435e83c]
[hydra11:359000] [ 6] /lib/x86_64-linux-gnu/libc.so.6(__libc_calloc+0x81)[0x7fe09f38cbd1]
[hydra08:380956] [ 6] /lib/x86_64-linux-gnu/libc.so.6(__libc_calloc+0x81)[0x7f65580debd1]
[hydra10:490389] [ 1] /lib/x86_64-linux-gnu/libc.so.6(gsignal+0x141)[0x7f067fb89d61]
[hydra11:359000] [ 7] /opt/mpi/openmpi-4.1.4//lib/libmpi.so.40(ompi_group_allocate+0x17)[0x7fe0a125a1e7]
[hydra08:380957] [ 6] /lib/x86_64-linux-gnu/libc.so.6(__libc_calloc+0x81)[0x7fb5171a2bd1]
[hydra10:490388] [ 6] /lib/x86_64-linux-gnu/libc.so.6(__libc_calloc+0x81)[0x7f3b64360bd1]
[hydra11:359000] [ 8] /opt/mpi/openmpi-4.1.4//lib/libmpi.so.40(ompi_group_incl_plist+0x65)[0x7fe0a125a915]
[hydra08:380956] [ 7] /opt/mpi/openmpi-4.1.4//lib/libmpi.so.40(ompi_group_allocate+0x17)[0x7f6559fac1e7]
[hydra10:490389] [ 2] /lib/x86_64-linux-gnu/libc.so.6(abort+0x123)[0x7f067fb73537]
[hydra11:359000] [ 9] /opt/mpi/openmpi-4.1.4//lib/libmpi.so.40(PMPI_Group_incl+0x95)[0x7fe0a128b185]
[hydra11:359000] [10] /home/thesis/jheld/MPI_Syrk_implementation/build/src/MPI_SYRK_implementation(+0x841a)[0x55da789db41a]
[hydra08:380957] [ 7] /opt/mpi/openmpi-4.1.4//lib/libmpi.so.40(ompi_group_allocate+0x17)[0x7fb5190701e7]
[hydra10:490388] [ 7] /opt/mpi/openmpi-4.1.4//lib/libmpi.so.40(ompi_group_allocate+0x17)[0x7f3b6622e1e7]
[hydra11:359000] [11] /home/thesis/jheld/MPI_Syrk_implementation/build/src/MPI_SYRK_implementation(+0x2ab0)[0x55da789d5ab0]
[hydra08:380955] [ 6] /lib/x86_64-linux-gnu/libc.so.6(__libc_calloc+0x81)[0x7f41e68debd1]
[hydra10:490388] [ 8] /opt/mpi/openmpi-4.1.4//lib/libmpi.so.40(ompi_group_incl_plist+0x65)[0x7f3b6622e915]
[hydra11:359000] [12] /lib/x86_64-linux-gnu/libc.so.6(__libc_start_main+0xea)[0x7fe09f329d7a]
[hydra11:359000] [13] /home/thesis/jheld/MPI_Syrk_implementation/build/src/MPI_SYRK_implementation(+0x232a)[0x55da789d532a]
[hydra08:380956] [ 8] /opt/mpi/openmpi-4.1.4//lib/libmpi.so.40(ompi_group_incl_plist+0x65)[0x7f6559fac915]
[hydra10:490389] [ 3] /lib/x86_64-linux-gnu/libc.so.6(+0x7a468)[0x7f067fbcb468]
[hydra11:359000] *** End of error message ***
[hydra08:380957] [ 8] /opt/mpi/openmpi-4.1.4//lib/libmpi.so.40(ompi_group_incl_plist+0x65)[0x7fb519070915]
[hydra10:490388] [ 9] /opt/mpi/openmpi-4.1.4//lib/libmpi.so.40(PMPI_Group_incl+0x95)[0x7f3b6625f185]
[hydra10:490388] [10] /home/thesis/jheld/MPI_Syrk_implementation/build/src/MPI_SYRK_implementation(+0x841a)[0x557ea530e41a]
[hydra08:380955] [ 7] /opt/mpi/openmpi-4.1.4//lib/libmpi.so.40(ompi_group_allocate+0x17)[0x7f41e87ac1e7]
[hydra10:490389] [ 4] /lib/x86_64-linux-gnu/libc.so.6(+0x8175a)[0x7f067fbd275a]
[hydra08:380957] [ 9] /opt/mpi/openmpi-4.1.4//lib/libmpi.so.40(PMPI_Group_incl+0x95)[0x7fb5190a1185]
[hydra08:380957] [10] /home/thesis/jheld/MPI_Syrk_implementation/build/src/MPI_SYRK_implementation(+0x841a)[0x55601490b41a]
[hydra08:380957] [11] /home/thesis/jheld/MPI_Syrk_implementation/build/src/MPI_SYRK_implementation(+0x2ab0)[0x556014905ab0]
[hydra10:490388] [11] /home/thesis/jheld/MPI_Syrk_implementation/build/src/MPI_SYRK_implementation(+0x2ab0)[0x557ea5308ab0]
[hydra08:380955] [ 8] /opt/mpi/openmpi-4.1.4//lib/libmpi.so.40(ompi_group_incl_plist+0x65)[0x7f41e87ac915]
[hydra10:490388] [12] /lib/x86_64-linux-gnu/libc.so.6(__libc_start_main+0xea)[0x7f3b642fdd7a]
[hydra10:490388] [13] /home/thesis/jheld/MPI_Syrk_implementation/build/src/MPI_SYRK_implementation(+0x232a)[0x557ea530832a]
[hydra10:490388] *** End of error message ***
[hydra08:380956] [ 9] /opt/mpi/openmpi-4.1.4//lib/libmpi.so.40(PMPI_Group_incl+0x95)[0x7f6559fdd185]
[hydra08:380956] [10] /home/thesis/jheld/MPI_Syrk_implementation/build/src/MPI_SYRK_implementation(+0x841a)[0x5598eb9a641a]
[hydra08:380956] [11] /home/thesis/jheld/MPI_Syrk_implementation/build/src/MPI_SYRK_implementation(+0x2ab0)[0x5598eb9a0ab0]
[hydra08:380956] [12] /lib/x86_64-linux-gnu/libc.so.6(__libc_start_main+0xea)[0x7f655807bd7a]
[hydra08:380956] [13] /home/thesis/jheld/MPI_Syrk_implementation/build/src/MPI_SYRK_implementation(+0x232a)[0x5598eb9a032a]
[hydra08:380956] *** End of error message ***
[hydra10:490389] [ 5] /lib/x86_64-linux-gnu/libc.so.6(+0x8483c)[0x7f067fbd583c]
[hydra08:380957] [12] /lib/x86_64-linux-gnu/libc.so.6(__libc_start_main+0xea)[0x7fb51713fd7a]
[hydra08:380957] [13] /home/thesis/jheld/MPI_Syrk_implementation/build/src/MPI_SYRK_implementation(+0x232a)[0x55601490532a]
[hydra08:380957] *** End of error message ***
[hydra10:490389] [ 6] /lib/x86_64-linux-gnu/libc.so.6(__libc_calloc+0x81)[0x7f067fbd7bd1]
[hydra08:380955] [ 9] /opt/mpi/openmpi-4.1.4//lib/libmpi.so.40(PMPI_Group_incl+0x95)[0x7f41e87dd185]
[hydra08:380955] [10] /home/thesis/jheld/MPI_Syrk_implementation/build/src/MPI_SYRK_implementation(+0x841a)[0x55c07711c41a]
[hydra08:380955] [11] /home/thesis/jheld/MPI_Syrk_implementation/build/src/MPI_SYRK_implementation(+0x2ab0)[0x55c077116ab0]
[hydra10:490389] [ 7] /opt/mpi/openmpi-4.1.4//lib/libmpi.so.40(ompi_group_allocate+0x17)[0x7f0681aa51e7]
[hydra08:380955] [12] /lib/x86_64-linux-gnu/libc.so.6(__libc_start_main+0xea)[0x7f41e687bd7a]
[hydra08:380955] [13] /home/thesis/jheld/MPI_Syrk_implementation/build/src/MPI_SYRK_implementation(+0x232a)[0x55c07711632a]
[hydra08:380955] *** End of error message ***
[hydra10:490389] [ 8] /opt/mpi/openmpi-4.1.4//lib/libmpi.so.40(ompi_group_incl_plist+0x65)[0x7f0681aa5915]
[hydra10:490389] [ 9] /opt/mpi/openmpi-4.1.4//lib/libmpi.so.40(PMPI_Group_incl+0x95)[0x7f0681ad6185]
[hydra10:490389] [10] /home/thesis/jheld/MPI_Syrk_implementation/build/src/MPI_SYRK_implementation(+0x841a)[0x5624042c841a]
[hydra10:490389] [11] /home/thesis/jheld/MPI_Syrk_implementation/build/src/MPI_SYRK_implementation(+0x2ab0)[0x5624042c2ab0]
[hydra10:490389] [12] /lib/x86_64-linux-gnu/libc.so.6(__libc_start_main+0xea)[0x7f067fb74d7a]
[hydra10:490389] [13] /home/thesis/jheld/MPI_Syrk_implementation/build/src/MPI_SYRK_implementation(+0x232a)[0x5624042c232a]
[hydra10:490389] *** End of error message ***
[hydra12:358982] [ 9] /opt/mpi/openmpi-4.1.4//lib/libmpi.so.40(PMPI_Group_incl+0x95)[0x7fe7c5e61185]
[hydra12:358982] [10] /home/thesis/jheld/MPI_Syrk_implementation/build/src/MPI_SYRK_implementation(+0x841a)[0x5621a9f0c41a]
[hydra12:358982] [11] /home/thesis/jheld/MPI_Syrk_implementation/build/src/MPI_SYRK_implementation(+0x2ab0)[0x5621a9f06ab0]
[hydra05:378614] [13] /home/thesis/jheld/MPI_Syrk_implementation/build/src/MPI_SYRK_implementation(+0x232a)[0x55e4cbced32a]
[hydra05:378614] *** End of error message ***
[hydra12:358981] [11] /home/thesis/jheld/MPI_Syrk_implementation/build/src/MPI_SYRK_implementation(+0x2ab0)[0x55e38417aab0]
[hydra05:378616] [ 7] /opt/mpi/openmpi-4.1.4//lib/libmpi.so.40(ompi_group_allocate+0x17)[0x7f996f12a1e7]
[hydra12:358981] [12] /lib/x86_64-linux-gnu/libc.so.6(__libc_start_main+0xea)[0x7f0a9f492d7a]
[hydra12:358981] [13] /home/thesis/jheld/MPI_Syrk_implementation/build/src/MPI_SYRK_implementation(+0x232a)[0x55e38417a32a]
[hydra05:378616] [ 8] /opt/mpi/openmpi-4.1.4//lib/libmpi.so.40(ompi_group_incl_plist+0x65)[0x7f996f12a915]
[hydra12:358981] *** End of error message ***
[hydra05:378616] [ 9] /opt/mpi/openmpi-4.1.4//lib/libmpi.so.40(PMPI_Group_incl+0x95)[0x7f996f15b185]
[hydra05:378616] [10] /home/thesis/jheld/MPI_Syrk_implementation/build/src/MPI_SYRK_implementation(+0x841a)[0x55e8815df41a]
[hydra12:358982] [12] /lib/x86_64-linux-gnu/libc.so.6(__libc_start_main+0xea)[0x7fe7c3effd7a]
[hydra12:358982] [13] /home/thesis/jheld/MPI_Syrk_implementation/build/src/MPI_SYRK_implementation(+0x232a)[0x5621a9f0632a]
[hydra12:358982] *** End of error message ***
[hydra05:378616] [11] /home/thesis/jheld/MPI_Syrk_implementation/build/src/MPI_SYRK_implementation(+0x2ab0)[0x55e8815d9ab0]
[hydra05:378616] [12] /lib/x86_64-linux-gnu/libc.so.6(__libc_start_main+0xea)[0x7f996d1f9d7a]
[hydra05:378616] [13] /home/thesis/jheld/MPI_Syrk_implementation/build/src/MPI_SYRK_implementation(+0x232a)[0x55e8815d932a]
[hydra05:378616] *** End of error message ***
srun: error: hydra01: task 0: Aborted
srun: error: hydra09: task 25: Aborted
srun: error: hydra02: task 4: Aborted
srun: error: hydra06: task 17: Aborted
srun: error: hydra07: task 19: Aborted
srun: error: hydra04: task 11: Aborted
srun: error: hydra03: task 6: Aborted
srun: error: hydra10: tasks 28-29: Aborted
srun: error: hydra12: tasks 33-34: Aborted
srun: error: hydra05: tasks 12,14: Aborted
srun: error: hydra11: task 31: Aborted
srun: error: hydra08: tasks 21-23: Aborted
slurmstepd: error:  mpi/pmix_v4: _errhandler: hydra09 [8]: pmixp_client_v2.c:211: Error handler invoked: status = -61, source = [slurm.pmix.5008693.1:25]
slurmstepd: error:  mpi/pmix_v4: _errhandler: hydra06 [5]: pmixp_client_v2.c:211: Error handler invoked: status = -61, source = [slurm.pmix.5008693.1:17]
slurmstepd: error:  mpi/pmix_v4: _errhandler: hydra01 [0]: pmixp_client_v2.c:211: Error handler invoked: status = -61, source = [slurm.pmix.5008693.1:0]
slurmstepd: error:  mpi/pmix_v4: _errhandler: hydra07 [6]: pmixp_client_v2.c:211: Error handler invoked: status = -61, source = [slurm.pmix.5008693.1:19]
slurmstepd: error:  mpi/pmix_v4: _errhandler: hydra02 [1]: pmixp_client_v2.c:211: Error handler invoked: status = -61, source = [slurm.pmix.5008693.1:4]
slurmstepd: error:  mpi/pmix_v4: _errhandler: hydra05 [4]: pmixp_client_v2.c:211: Error handler invoked: status = -61, source = [slurm.pmix.5008693.1:12]
slurmstepd: error:  mpi/pmix_v4: _errhandler: hydra11 [10]: pmixp_client_v2.c:211: Error handler invoked: status = -61, source = [slurm.pmix.5008693.1:31]
slurmstepd: error:  mpi/pmix_v4: _errhandler: hydra04 [3]: pmixp_client_v2.c:211: Error handler invoked: status = -61, source = [slurm.pmix.5008693.1:11]
slurmstepd: error:  mpi/pmix_v4: _errhandler: hydra10 [9]: pmixp_client_v2.c:211: Error handler invoked: status = -61, source = [slurm.pmix.5008693.1:28]
slurmstepd: error:  mpi/pmix_v4: _errhandler: hydra03 [2]: pmixp_client_v2.c:211: Error handler invoked: status = -61, source = [slurm.pmix.5008693.1:6]
slurmstepd: error: *** STEP 5008693.1 ON hydra01 CANCELLED AT 2025-10-13T15:31:10 ***
slurmstepd: error:  mpi/pmix_v4: _errhandler: hydra12 [11]: pmixp_client_v2.c:211: Error handler invoked: status = -61, source = [slurm.pmix.5008693.1:33]
srun: Job step aborted: Waiting up to 32 seconds for job step to finish.
srun: error: hydra05: task 13: Killed
srun: error: hydra10: task 27: Killed
srun: error: hydra12: task 35: Killed
srun: error: hydra02: tasks 3,5: Killed
srun: error: hydra01: tasks 1-2: Killed
srun: error: hydra04: tasks 9-10: Killed
srun: error: hydra07: tasks 18,20: Killed
srun: error: hydra03: tasks 7-8: Killed
srun: error: hydra09: tasks 24,26: Killed
srun: error: hydra11: tasks 30,32: Killed
srun: error: hydra06: tasks 15-16: Killed
⚠️ Warning: No runtime found for run 2
srun: Warning: can't honor --ntasks-per-node set to 1 which doesn't match the requested tasks 36 with the number of requested nodes 12. Ignoring --ntasks-per-node.
missing input file name --> Generate random input
malloc(): invalid size (unsorted)
[hydra12:359050] *** Process received signal ***
[hydra12:359050] Signal: Aborted (6)
[hydra12:359050] Signal code:  (-6)
malloc(): invalid size (unsorted)
[hydra01:881505] *** Process received signal ***
[hydra01:881505] Signal: Aborted (6)
[hydra01:881505] Signal code:  (-6)
malloc(): invalid size (unsorted)
[hydra11:359069] *** Process received signal ***
[hydra11:359069] Signal: Aborted (6)
[hydra11:359069] Signal code:  (-6)
[hydra01:881505] [ 0] /lib/x86_64-linux-gnu/libc.so.6(+0x38de0)[0x7fcbd6668de0]
[hydra01:881505] [ 1] /lib/x86_64-linux-gnu/libc.so.6(gsignal+0x141)[0x7fcbd6668d61]
[hydra01:881505] [ 2] /lib/x86_64-linux-gnu/libc.so.6(abort+0x123)[0x7fcbd6652537]
malloc(): invalid size (unsorted)
[hydra05:378683] *** Process received signal ***
[hydra05:378683] Signal: Aborted (6)
[hydra05:378683] Signal code:  (-6)
malloc(): invalid size (unsorted)
[hydra09:372295] *** Process received signal ***
[hydra09:372295] Signal: Aborted (6)
[hydra09:372295] Signal code:  (-6)
malloc(): invalid size (unsorted)
[hydra03:395976] *** Process received signal ***
[hydra03:395976] Signal: Aborted (6)
[hydra03:395976] Signal code:  (-6)
[hydra01:881505] [ 3] /lib/x86_64-linux-gnu/libc.so.6(+0x7a468)[0x7fcbd66aa468]
malloc(): invalid size (unsorted)
[hydra06:379363] *** Process received signal ***
[hydra06:379363] Signal: Aborted (6)
[hydra06:379363] Signal code:  (-6)
malloc(): invalid size (unsorted)
[hydra04:394737] *** Process received signal ***
[hydra04:394737] Signal: Aborted (6)
[hydra04:394737] Signal code:  (-6)
malloc(): invalid size (unsorted)
[hydra02:565832] *** Process received signal ***
[hydra02:565832] Signal: Aborted (6)
[hydra02:565832] Signal code:  (-6)
[hydra01:881505] [ 4] /lib/x86_64-linux-gnu/libc.so.6(+0x8175a)[0x7fcbd66b175a]
[hydra05:378683] [ 0] /lib/x86_64-linux-gnu/libc.so.6(+0x38de0)[0x7f657e82ede0]
malloc(): invalid size (unsorted)
[hydra07:405721] *** Process received signal ***
[hydra07:405721] Signal: Aborted (6)
[hydra07:405721] Signal code:  (-6)
[hydra05:378683] [ 1] /lib/x86_64-linux-gnu/libc.so.6(gsignal+0x141)[0x7f657e82ed61]
malloc(): invalid size (unsorted)
[hydra08:381013] *** Process received signal ***
[hydra08:381013] Signal: Aborted (6)
[hydra08:381013] Signal code:  (-6)
[hydra01:881505] [ 5] /lib/x86_64-linux-gnu/libc.so.6(+0x8483c)[0x7fcbd66b483c]
[hydra05:378683] [ 2] /lib/x86_64-linux-gnu/libc.so.6(abort+0x123)[0x7f657e818537]
[hydra01:881505] [ 6] /lib/x86_64-linux-gnu/libc.so.6(__libc_calloc+0x81)[0x7fcbd66b6bd1]
[hydra01:881505] [ 7] /opt/mpi/openmpi-4.1.4//lib/libmpi.so.40(ompi_group_allocate+0x17)[0x7fcbd85841e7]
[hydra05:378683] [ 3] /lib/x86_64-linux-gnu/libc.so.6(+0x7a468)[0x7f657e870468]
malloc(): invalid size (unsorted)
[hydra12:359049] *** Process received signal ***
[hydra12:359049] Signal: Aborted (6)
[hydra12:359049] Signal code:  (-6)
[hydra01:881505] [ 8] /opt/mpi/openmpi-4.1.4//lib/libmpi.so.40(ompi_group_incl_plist+0x65)[0x7fcbd8584915]
[hydra12:359050] [ 0] /lib/x86_64-linux-gnu/libc.so.6(+0x38de0)[0x7fa9a1d46de0]
[hydra12:359049] [ 0] /lib/x86_64-linux-gnu/libc.so.6(+0x38de0)[0x7f54c263bde0]
malloc(): invalid size (unsorted)
[hydra10:490461] *** Process received signal ***
[hydra10:490461] Signal: Aborted (6)
[hydra10:490461] Signal code:  (-6)
[hydra05:378683] [ 4] /lib/x86_64-linux-gnu/libc.so.6(+0x8175a)[0x7f657e87775a]
[hydra12:359050] [ 1] /lib/x86_64-linux-gnu/libc.so.6(gsignal+0x141)[0x7fa9a1d46d61]
[hydra01:881505] [ 9] /opt/mpi/openmpi-4.1.4//lib/libmpi.so.40(PMPI_Group_incl+0x95)[0x7fcbd85b5185]
[hydra01:881505] [10] /home/thesis/jheld/MPI_Syrk_implementation/build/src/MPI_SYRK_implementation(+0x841a)[0x55765a55641a]
[hydra05:378683] [ 5] /lib/x86_64-linux-gnu/libc.so.6(+0x8483c)[0x7f657e87a83c]
[hydra12:359049] [ 1] /lib/x86_64-linux-gnu/libc.so.6(gsignal+0x141)[0x7f54c263bd61]
[hydra01:881505] [11] /home/thesis/jheld/MPI_Syrk_implementation/build/src/MPI_SYRK_implementation(+0x2ab0)[0x55765a550ab0]
[hydra10:490461] [ 0] /lib/x86_64-linux-gnu/libc.so.6(+0x38de0)[0x7fd7f3583de0]
[hydra05:378683] [ 6] /lib/x86_64-linux-gnu/libc.so.6(__libc_calloc+0x81)[0x7f657e87cbd1]
[hydra12:359050] [ 2] /lib/x86_64-linux-gnu/libc.so.6(abort+0x123)[0x7fa9a1d30537]
[hydra01:881505] [12] /lib/x86_64-linux-gnu/libc.so.6(__libc_start_main+0xea)[0x7fcbd6653d7a]
[hydra01:881505] [13] /home/thesis/jheld/MPI_Syrk_implementation/build/src/MPI_SYRK_implementation(+0x232a)[0x55765a55032a]
[hydra01:881505] *** End of error message ***
[hydra12:359049] [ 2] /lib/x86_64-linux-gnu/libc.so.6(abort+0x123)[0x7f54c2625537]
[hydra12:359050] [ 3] /lib/x86_64-linux-gnu/libc.so.6(+0x7a468)[0x7fa9a1d88468]
[hydra10:490461] [ 1] /lib/x86_64-linux-gnu/libc.so.6(gsignal+0x141)[0x7fd7f3583d61]
[hydra05:378683] [ 7] /opt/mpi/openmpi-4.1.4//lib/libmpi.so.40(ompi_group_allocate+0x17)[0x7f658074a1e7]
[hydra12:359049] [ 3] /lib/x86_64-linux-gnu/libc.so.6(+0x7a468)[0x7f54c267d468]
[hydra05:378683] [ 8] /opt/mpi/openmpi-4.1.4//lib/libmpi.so.40(ompi_group_incl_plist+0x65)[0x7f658074a915]
[hydra12:359050] [ 4] /lib/x86_64-linux-gnu/libc.so.6(+0x8175a)[0x7fa9a1d8f75a]
[hydra12:359049] [ 4] /lib/x86_64-linux-gnu/libc.so.6(+0x8175a)[0x7f54c268475a]
[hydra11:359069] [ 0] /lib/x86_64-linux-gnu/libc.so.6(+0x38de0)[0x7f25fddb9de0]
[hydra10:490461] [ 2] /lib/x86_64-linux-gnu/libc.so.6(abort+0x123)[0x7fd7f356d537]
[hydra05:378683] [ 9] /opt/mpi/openmpi-4.1.4//lib/libmpi.so.40(PMPI_Group_incl+0x95)[0x7f658077b185]
[hydra05:378683] [10] /home/thesis/jheld/MPI_Syrk_implementation/build/src/MPI_SYRK_implementation(+0x841a)[0x56034699841a]
[hydra12:359050] [ 5] /lib/x86_64-linux-gnu/libc.so.6(+0x8483c)[0x7fa9a1d9283c]
[hydra11:359069] [ 1] /lib/x86_64-linux-gnu/libc.so.6(gsignal+0x141)[0x7f25fddb9d61]
[hydra10:490461] [ 3] /lib/x86_64-linux-gnu/libc.so.6(+0x7a468)[0x7fd7f35c5468]
[hydra05:378683] [11] /home/thesis/jheld/MPI_Syrk_implementation/build/src/MPI_SYRK_implementation(+0x2ab0)[0x560346992ab0]
[hydra12:359049] [ 5] /lib/x86_64-linux-gnu/libc.so.6(+0x8483c)[0x7f54c268783c]
malloc(): invalid size (unsorted)
malloc(): invalid size (unsorted)
[hydra04:394736] *** Process received signal ***
[hydra11:359069] [ 2] /lib/x86_64-linux-gnu/libc.so.6(abort+0x123)[0x7f25fdda3537]
[hydra10:490461] [ 4] /lib/x86_64-linux-gnu/libc.so.6(+0x8175a)[0x7fd7f35cc75a]
[hydra05:378683] [12] /lib/x86_64-linux-gnu/libc.so.6(__libc_start_main+0xea)[0x7f657e819d7a]
[hydra12:359050] [ 6] /lib/x86_64-linux-gnu/libc.so.6(__libc_calloc+0x81)[0x7fa9a1d94bd1]
[hydra07:405721] [ 0] /lib/x86_64-linux-gnu/libc.so.6(+0x38de0)[0x7f217e2a5de0]
[hydra04:394736] Signal: Aborted (6)
[hydra04:394736] Signal code:  (-6)
[hydra11:359069] [ 3] /lib/x86_64-linux-gnu/libc.so.6(+0x7a468)[0x7f25fddfb468]
[hydra10:490461] [ 5] /lib/x86_64-linux-gnu/libc.so.6(+0x8483c)[0x7fd7f35cf83c]
[hydra05:378683] [13] /home/thesis/jheld/MPI_Syrk_implementation/build/src/MPI_SYRK_implementation(+0x232a)[0x56034699232a]
[hydra05:378683] *** End of error message ***
[hydra12:359050] [ 7] /opt/mpi/openmpi-4.1.4//lib/libmpi.so.40(ompi_group_allocate+0x17)[0x7fa9a3c621e7]
[hydra07:405722] *** Process received signal ***
[hydra04:394737] [ 0] /lib/x86_64-linux-gnu/libc.so.6(+0x38de0)[0x7fec3d7cede0]
malloc(): invalid size (unsorted)
[hydra10:490461] [ 6] /lib/x86_64-linux-gnu/libc.so.6(__libc_calloc+0x81)[0x7fd7f35d1bd1]
[hydra12:359049] [ 6] /lib/x86_64-linux-gnu/libc.so.6(__libc_calloc+0x81)[0x7f54c2689bd1]
[hydra07:405721] [ 1] /lib/x86_64-linux-gnu/libc.so.6(gsignal+0x141)[0x7f217e2a5d61]
[hydra03:395976] [ 0] /lib/x86_64-linux-gnu/libc.so.6(+0x38de0)[0x7f2c5d44fde0]
[hydra04:394737] [ 1] /lib/x86_64-linux-gnu/libc.so.6(gsignal+0x141)[0x7fec3d7ced61]
[hydra02:565832] [ 0] /lib/x86_64-linux-gnu/libc.so.6(+0x38de0)[0x7ff6e2333de0]
[hydra11:359069] [ 4] /lib/x86_64-linux-gnu/libc.so.6(+0x8175a)[0x7f25fde0275a]
[hydra10:490461] [ 7] /opt/mpi/openmpi-4.1.4//lib/libmpi.so.40(ompi_group_allocate+0x17)[0x7fd7f549f1e7]
[hydra12:359049] [ 7] /opt/mpi/openmpi-4.1.4//lib/libmpi.so.40(ompi_group_allocate+0x17)[0x7f54c45571e7]
[hydra06:379363] [ 0] /lib/x86_64-linux-gnu/libc.so.6(+0x38de0)[0x7f8a610e1de0]
[hydra07:405722] Signal: Aborted (6)
[hydra07:405722] Signal code:  (-6)
[hydra03:395976] [ 1] /lib/x86_64-linux-gnu/libc.so.6(gsignal+0x141)[0x7f2c5d44fd61]
[hydra04:394736] [ 0] /lib/x86_64-linux-gnu/libc.so.6(+0x38de0)[0x7f2431e82de0]
[hydra02:565832] [ 1] /lib/x86_64-linux-gnu/libc.so.6(gsignal+0x141)[0x7ff6e2333d61]
[hydra11:359067] *** Process received signal ***
[hydra10:490461] [ 8] /opt/mpi/openmpi-4.1.4//lib/libmpi.so.40(ompi_group_incl_plist+0x65)[0x7fd7f549f915]
[hydra12:359050] [ 8] /opt/mpi/openmpi-4.1.4//lib/libmpi.so.40(ompi_group_incl_plist+0x65)[0x7fa9a3c62915]
[hydra06:379363] [ 1] /lib/x86_64-linux-gnu/libc.so.6(gsignal+0x141)[0x7f8a610e1d61]
[hydra07:405721] [ 2] /lib/x86_64-linux-gnu/libc.so.6(abort+0x123)[0x7f217e28f537]
[hydra03:395976] [ 2] /lib/x86_64-linux-gnu/libc.so.6(abort+0x123)[0x7f2c5d439537]
[hydra04:394737] [ 2] /lib/x86_64-linux-gnu/libc.so.6(abort+0x123)[0x7fec3d7b8537]
[hydra02:565832] [ 2] /lib/x86_64-linux-gnu/libc.so.6(abort+0x123)[0x7ff6e231d537]
[hydra08:381013] [ 0] /lib/x86_64-linux-gnu/libc.so.6(+0x38de0)[0x7fda13157de0]
[hydra11:359067] Signal: Aborted (6)
[hydra11:359067] Signal code:  (-6)
[hydra10:490461] [ 9] /opt/mpi/openmpi-4.1.4//lib/libmpi.so.40(PMPI_Group_incl+0x95)[0x7fd7f54d0185]
[hydra10:490461] [10] /home/thesis/jheld/MPI_Syrk_implementation/build/src/MPI_SYRK_implementation(+0x841a)[0x55abbf88e41a]
[hydra12:359049] [ 8] /opt/mpi/openmpi-4.1.4//lib/libmpi.so.40(ompi_group_incl_plist+0x65)[0x7f54c4557915]
[hydra06:379363] [ 2] /lib/x86_64-linux-gnu/libc.so.6(abort+0x123)[0x7f8a610cb537]
[hydra07:405721] [ 3] /lib/x86_64-linux-gnu/libc.so.6(+0x7a468)[0x7f217e2e7468]
[hydra03:395976] [ 3] /lib/x86_64-linux-gnu/libc.so.6(+0x7a468)[0x7f2c5d491468]
[hydra04:394736] [ 1] /lib/x86_64-linux-gnu/libc.so.6(gsignal+0x141)[0x7f2431e82d61]
[hydra02:565832] [ 3] /lib/x86_64-linux-gnu/libc.so.6(+0x7a468)[0x7ff6e2375468]
[hydra08:381013] [ 1] /lib/x86_64-linux-gnu/libc.so.6(gsignal+0x141)[0x7fda13157d61]
[hydra11:359069] [ 5] /lib/x86_64-linux-gnu/libc.so.6(+0x8483c)[0x7f25fde0583c]
[hydra10:490461] [11] /home/thesis/jheld/MPI_Syrk_implementation/build/src/MPI_SYRK_implementation(+0x2ab0)[0x55abbf888ab0]
[hydra12:359050] [ 9] /opt/mpi/openmpi-4.1.4//lib/libmpi.so.40(PMPI_Group_incl+0x95)[0x7fa9a3c93185]
[hydra12:359050] [10] /home/thesis/jheld/MPI_Syrk_implementation/build/src/MPI_SYRK_implementation(+0x841a)[0x563fefb8441a]
[hydra09:372295] [ 0] /lib/x86_64-linux-gnu/libc.so.6(+0x38de0)[0x7fa66be0cde0]
[hydra06:379363] [ 3] /lib/x86_64-linux-gnu/libc.so.6(+0x7a468)[0x7f8a61123468]
[hydra07:405721] [ 4] /lib/x86_64-linux-gnu/libc.so.6(+0x8175a)[0x7f217e2ee75a]
[hydra03:395976] [ 4] /lib/x86_64-linux-gnu/libc.so.6(+0x8175a)[0x7f2c5d49875a]
[hydra04:394737] [ 3] /lib/x86_64-linux-gnu/libc.so.6(+0x7a468)[0x7fec3d810468]
[hydra02:565832] [ 4] /lib/x86_64-linux-gnu/libc.so.6(+0x8175a)[0x7ff6e237c75a]
[hydra08:381013] [ 2] /lib/x86_64-linux-gnu/libc.so.6(abort+0x123)[0x7fda13141537]
[hydra11:359069] [ 6] /lib/x86_64-linux-gnu/libc.so.6(__libc_calloc+0x81)[0x7f25fde07bd1]
[hydra10:490461] [12] /lib/x86_64-linux-gnu/libc.so.6(__libc_start_main+0xea)[0x7fd7f356ed7a]
[hydra12:359050] [11] /home/thesis/jheld/MPI_Syrk_implementation/build/src/MPI_SYRK_implementation(+0x2ab0)[0x563fefb7eab0]
[hydra09:372295] [ 1] /lib/x86_64-linux-gnu/libc.so.6(gsignal+0x141)[0x7fa66be0cd61]
[hydra06:379363] [ 4] /lib/x86_64-linux-gnu/libc.so.6(+0x8175a)[0x7f8a6112a75a]
[hydra07:405722] [ 0] /lib/x86_64-linux-gnu/libc.so.6(+0x38de0)[0x7f70209e5de0]
[hydra03:395976] [ 5] /lib/x86_64-linux-gnu/libc.so.6(+0x8483c)[0x7f2c5d49b83c]
[hydra04:394736] [ 2] /lib/x86_64-linux-gnu/libc.so.6(abort+0x123)[0x7f2431e6c537]
[hydra02:565832] [ 5] /lib/x86_64-linux-gnu/libc.so.6(+0x8483c)[0x7ff6e237f83c]
[hydra08:381013] [ 3] /lib/x86_64-linux-gnu/libc.so.6(+0x7a468)[0x7fda13199468]
[hydra11:359069] [ 7] /opt/mpi/openmpi-4.1.4//lib/libmpi.so.40(ompi_group_allocate+0x17)[0x7f25ffcd51e7]
[hydra10:490461] [13] /home/thesis/jheld/MPI_Syrk_implementation/build/src/MPI_SYRK_implementation(+0x232a)[0x55abbf88832a]
[hydra10:490461] *** End of error message ***
[hydra09:372295] [ 2] /lib/x86_64-linux-gnu/libc.so.6(abort+0x123)[0x7fa66bdf6537]
[hydra06:379363] [ 5] /lib/x86_64-linux-gnu/libc.so.6(+0x8483c)[0x7f8a6112d83c]
[hydra07:405721] [ 5] /lib/x86_64-linux-gnu/libc.so.6(+0x8483c)[0x7f217e2f183c]
[hydra03:395976] [ 6] /lib/x86_64-linux-gnu/libc.so.6(__libc_calloc+0x81)[0x7f2c5d49dbd1]
[hydra04:394736] [ 3] /lib/x86_64-linux-gnu/libc.so.6(+0x7a468)[0x7f2431ec4468]
[hydra02:565832] [ 6] /lib/x86_64-linux-gnu/libc.so.6(__libc_calloc+0x81)[0x7ff6e2381bd1]
[hydra08:381013] [ 4] /lib/x86_64-linux-gnu/libc.so.6(+0x8175a)[0x7fda131a075a]
[hydra11:359069] [ 8] /opt/mpi/openmpi-4.1.4//lib/libmpi.so.40(ompi_group_incl_plist+0x65)[0x7f25ffcd5915]
[hydra09:372295] [ 3] /lib/x86_64-linux-gnu/libc.so.6(+0x7a468)[0x7fa66be4e468]
[hydra06:379363] [ 6] /lib/x86_64-linux-gnu/libc.so.6(__libc_calloc+0x81)[0x7f8a6112fbd1]
[hydra07:405722] [ 1] /lib/x86_64-linux-gnu/libc.so.6(gsignal+0x141)[0x7f70209e5d61]
[hydra03:395976] [ 7] /opt/mpi/openmpi-4.1.4//lib/libmpi.so.40(ompi_group_allocate+0x17)[0x7f2c5f36b1e7]
[hydra04:394737] [ 4] /lib/x86_64-linux-gnu/libc.so.6(+0x8175a)[0x7fec3d81775a]
[hydra02:565832] [ 7] /opt/mpi/openmpi-4.1.4//lib/libmpi.so.40(ompi_group_allocate+0x17)[0x7ff6e424f1e7]
[hydra08:381013] [ 5] /lib/x86_64-linux-gnu/libc.so.6(+0x8483c)[0x7fda131a383c]
[hydra11:359067] [ 0] /lib/x86_64-linux-gnu/libc.so.6(+0x38de0)[0x7f55e9553de0]
[hydra09:372295] [ 4] /lib/x86_64-linux-gnu/libc.so.6(+0x8175a)[0x7fa66be5575a]
[hydra06:379363] [ 7] /opt/mpi/openmpi-4.1.4//lib/libmpi.so.40(ompi_group_allocate+0x17)[0x7f8a62ffd1e7]
[hydra07:405722] [ 2] /lib/x86_64-linux-gnu/libc.so.6(abort+0x123)[0x7f70209cf537]
[hydra03:395976] [ 8] /opt/mpi/openmpi-4.1.4//lib/libmpi.so.40(ompi_group_incl_plist+0x65)[0x7f2c5f36b915]
[hydra04:394737] [ 5] /lib/x86_64-linux-gnu/libc.so.6(+0x8483c)[0x7fec3d81a83c]
[hydra02:565832] [ 8] /opt/mpi/openmpi-4.1.4//lib/libmpi.so.40(ompi_group_incl_plist+0x65)[0x7ff6e424f915]
[hydra08:381013] [ 6] /lib/x86_64-linux-gnu/libc.so.6(__libc_calloc+0x81)[0x7fda131a5bd1]
[hydra11:359069] [ 9] /opt/mpi/openmpi-4.1.4//lib/libmpi.so.40(PMPI_Group_incl+0x95)[0x7f25ffd06185]
[hydra11:359069] [10] /home/thesis/jheld/MPI_Syrk_implementation/build/src/MPI_SYRK_implementation(+0x841a)[0x55f84561641a]
[hydra09:372295] [ 5] /lib/x86_64-linux-gnu/libc.so.6(+0x8483c)[0x7fa66be5883c]
[hydra06:379363] [ 8] /opt/mpi/openmpi-4.1.4//lib/libmpi.so.40(ompi_group_incl_plist+0x65)[0x7f8a62ffd915]
[hydra07:405721] [ 6] /lib/x86_64-linux-gnu/libc.so.6(__libc_calloc+0x81)[0x7f217e2f3bd1]
[hydra03:395976] [ 9] /opt/mpi/openmpi-4.1.4//lib/libmpi.so.40(PMPI_Group_incl+0x95)[0x7f2c5f39c185]
[hydra03:395976] [10] /home/thesis/jheld/MPI_Syrk_implementation/build/src/MPI_SYRK_implementation(+0x841a)[0x56150071741a]
[hydra04:394736] [ 4] /lib/x86_64-linux-gnu/libc.so.6(+0x8175a)[0x7f2431ecb75a]
[hydra02:565832] [ 9] /opt/mpi/openmpi-4.1.4//lib/libmpi.so.40(PMPI_Group_incl+0x95)[0x7ff6e4280185]
[hydra08:381013] [ 7] /opt/mpi/openmpi-4.1.4//lib/libmpi.so.40(ompi_group_allocate+0x17)[0x7fda150731e7]
[hydra11:359067] [ 1] /lib/x86_64-linux-gnu/libc.so.6(gsignal+0x141)[0x7f55e9553d61]
[hydra09:372295] [ 6] /lib/x86_64-linux-gnu/libc.so.6(__libc_calloc+0x81)[0x7fa66be5abd1]
[hydra06:379363] [ 9] /opt/mpi/openmpi-4.1.4//lib/libmpi.so.40(PMPI_Group_incl+0x95)[0x7f8a6302e185]
[hydra06:379363] [10] /home/thesis/jheld/MPI_Syrk_implementation/build/src/MPI_SYRK_implementation(+0x841a)[0x55e57b76d41a]
[hydra07:405721] [ 7] /opt/mpi/openmpi-4.1.4//lib/libmpi.so.40(ompi_group_allocate+0x17)[0x7f21801c11e7]
[hydra03:395976] [11] /home/thesis/jheld/MPI_Syrk_implementation/build/src/MPI_SYRK_implementation(+0x2ab0)[0x561500711ab0]
[hydra04:394737] [ 6] /lib/x86_64-linux-gnu/libc.so.6(__libc_calloc+0x81)[0x7fec3d81cbd1]
[hydra02:565832] [10] /home/thesis/jheld/MPI_Syrk_implementation/build/src/MPI_SYRK_implementation(+0x841a)[0x55c45a2ff41a]
[hydra02:565832] [11] /home/thesis/jheld/MPI_Syrk_implementation/build/src/MPI_SYRK_implementation(+0x2ab0)[0x55c45a2f9ab0]
[hydra08:381013] [ 8] /opt/mpi/openmpi-4.1.4//lib/libmpi.so.40(ompi_group_incl_plist+0x65)[0x7fda15073915]
[hydra11:359069] [11] /home/thesis/jheld/MPI_Syrk_implementation/build/src/MPI_SYRK_implementation(+0x2ab0)[0x55f845610ab0]
[hydra09:372295] [ 7] /opt/mpi/openmpi-4.1.4//lib/libmpi.so.40(ompi_group_allocate+0x17)[0x7fa66dd281e7]
[hydra06:379363] [11] /home/thesis/jheld/MPI_Syrk_implementation/build/src/MPI_SYRK_implementation(+0x2ab0)[0x55e57b767ab0]
[hydra07:405722] [ 3] /lib/x86_64-linux-gnu/libc.so.6(+0x7a468)[0x7f7020a27468]
[hydra03:395976] [12] /lib/x86_64-linux-gnu/libc.so.6(__libc_start_main+0xea)[0x7f2c5d43ad7a]
[hydra03:395976] [13] /home/thesis/jheld/MPI_Syrk_implementation/build/src/MPI_SYRK_implementation(+0x232a)[0x56150071132a]
[hydra04:394736] [ 5] /lib/x86_64-linux-gnu/libc.so.6(+0x8483c)[0x7f2431ece83c]
[hydra02:565832] [12] /lib/x86_64-linux-gnu/libc.so.6(__libc_start_main+0xea)[0x7ff6e231ed7a]
[hydra02:565832] [13] /home/thesis/jheld/MPI_Syrk_implementation/build/src/MPI_SYRK_implementation(+0x232a)[0x55c45a2f932a]
[hydra08:381013] [ 9] /opt/mpi/openmpi-4.1.4//lib/libmpi.so.40(PMPI_Group_incl+0x95)[0x7fda150a4185]
[hydra08:381013] [10] /home/thesis/jheld/MPI_Syrk_implementation/build/src/MPI_SYRK_implementation(+0x841a)[0x55a33512041a]
[hydra11:359067] [ 2] /lib/x86_64-linux-gnu/libc.so.6(abort+0x123)[0x7f55e953d537]
[hydra09:372295] [ 8] /opt/mpi/openmpi-4.1.4//lib/libmpi.so.40(ompi_group_incl_plist+0x65)[0x7fa66dd28915]
[hydra06:379363] [12] /lib/x86_64-linux-gnu/libc.so.6(__libc_start_main+0xea)[0x7f8a610ccd7a]
[hydra06:379363] [13] /home/thesis/jheld/MPI_Syrk_implementation/build/src/MPI_SYRK_implementation(+0x232a)[0x55e57b76732a]
[hydra07:405721] [ 8] /opt/mpi/openmpi-4.1.4//lib/libmpi.so.40(ompi_group_incl_plist+0x65)[0x7f21801c1915]
[hydra03:395976] *** End of error message ***
[hydra04:394737] [ 7] /opt/mpi/openmpi-4.1.4//lib/libmpi.so.40(ompi_group_allocate+0x17)[0x7fec3f6ea1e7]
[hydra02:565832] *** End of error message ***
[hydra08:381013] [11] /home/thesis/jheld/MPI_Syrk_implementation/build/src/MPI_SYRK_implementation(+0x2ab0)[0x55a33511aab0]
[hydra11:359069] [12] /lib/x86_64-linux-gnu/libc.so.6(__libc_start_main+0xea)[0x7f25fdda4d7a]
[hydra11:359069] [13] /home/thesis/jheld/MPI_Syrk_implementation/build/src/MPI_SYRK_implementation(+0x232a)[0x55f84561032a]
[hydra11:359069] *** End of error message ***
[hydra09:372295] [ 9] /opt/mpi/openmpi-4.1.4//lib/libmpi.so.40(PMPI_Group_incl+0x95)[0x7fa66dd59185]
[hydra06:379363] *** End of error message ***
[hydra07:405722] [ 4] /lib/x86_64-linux-gnu/libc.so.6(+0x8175a)[0x7f7020a2e75a]
[hydra04:394736] [ 6] /lib/x86_64-linux-gnu/libc.so.6(__libc_calloc+0x81)[0x7f2431ed0bd1]
[hydra08:381013] [12] /lib/x86_64-linux-gnu/libc.so.6(__libc_start_main+0xea)[0x7fda13142d7a]
[hydra08:381013] [13] /home/thesis/jheld/MPI_Syrk_implementation/build/src/MPI_SYRK_implementation(+0x232a)[0x55a33511a32a]
[hydra11:359067] [ 3] /lib/x86_64-linux-gnu/libc.so.6(+0x7a468)[0x7f55e9595468]
[hydra09:372295] [10] /home/thesis/jheld/MPI_Syrk_implementation/build/src/MPI_SYRK_implementation(+0x841a)[0x55b60aa0d41a]
[hydra09:372295] [11] /home/thesis/jheld/MPI_Syrk_implementation/build/src/MPI_SYRK_implementation(+0x2ab0)[0x55b60aa07ab0]
[hydra07:405721] [ 9] /opt/mpi/openmpi-4.1.4//lib/libmpi.so.40(PMPI_Group_incl+0x95)[0x7f21801f2185]
[hydra07:405721] [10] /home/thesis/jheld/MPI_Syrk_implementation/build/src/MPI_SYRK_implementation(+0x841a)[0x5609eb25a41a]
[hydra07:405721] [11] /home/thesis/jheld/MPI_Syrk_implementation/build/src/MPI_SYRK_implementation(+0x2ab0)[0x5609eb254ab0]
[hydra04:394737] [ 8] /opt/mpi/openmpi-4.1.4//lib/libmpi.so.40(ompi_group_incl_plist+0x65)[0x7fec3f6ea915]
[hydra08:381013] *** End of error message ***
[hydra11:359067] [ 4] /lib/x86_64-linux-gnu/libc.so.6(+0x8175a)[0x7f55e959c75a]
[hydra09:372295] [12] /lib/x86_64-linux-gnu/libc.so.6(__libc_start_main+0xea)[0x7fa66bdf7d7a]
[hydra09:372295] [13] /home/thesis/jheld/MPI_Syrk_implementation/build/src/MPI_SYRK_implementation(+0x232a)[0x55b60aa0732a]
[hydra07:405722] [ 5] /lib/x86_64-linux-gnu/libc.so.6(+0x8483c)[0x7f7020a3183c]
[hydra04:394736] [ 7] /opt/mpi/openmpi-4.1.4//lib/libmpi.so.40(ompi_group_allocate+0x17)[0x7f2433d9e1e7]
[hydra09:372295] *** End of error message ***
[hydra07:405721] [12] /lib/x86_64-linux-gnu/libc.so.6(__libc_start_main+0xea)[0x7f217e290d7a]
[hydra07:405721] [13] /home/thesis/jheld/MPI_Syrk_implementation/build/src/MPI_SYRK_implementation(+0x232a)[0x5609eb25432a]
[hydra04:394736] [ 8] /opt/mpi/openmpi-4.1.4//lib/libmpi.so.40(ompi_group_incl_plist+0x65)[0x7f2433d9e915]
[hydra07:405721] *** End of error message ***
[hydra04:394737] [ 9] /opt/mpi/openmpi-4.1.4//lib/libmpi.so.40(PMPI_Group_incl+0x95)[0x7fec3f71b185]
[hydra04:394737] [10] /home/thesis/jheld/MPI_Syrk_implementation/build/src/MPI_SYRK_implementation(+0x841a)[0x5600540ac41a]
[hydra04:394737] [11] /home/thesis/jheld/MPI_Syrk_implementation/build/src/MPI_SYRK_implementation(+0x2ab0)[0x5600540a6ab0]
[hydra07:405722] [ 6] /lib/x86_64-linux-gnu/libc.so.6(__libc_calloc+0x81)[0x7f7020a33bd1]
[hydra07:405722] [ 7] /opt/mpi/openmpi-4.1.4//lib/libmpi.so.40(ompi_group_allocate+0x17)[0x7f70229011e7]
[hydra07:405722] [ 8] /opt/mpi/openmpi-4.1.4//lib/libmpi.so.40(ompi_group_incl_plist+0x65)[0x7f7022901915]
[hydra12:359049] [ 9] /opt/mpi/openmpi-4.1.4//lib/libmpi.so.40(PMPI_Group_incl+0x95)[0x7f54c4588185]
[hydra12:359049] [10] /home/thesis/jheld/MPI_Syrk_implementation/build/src/MPI_SYRK_implementation(+0x841a)[0x55f38ca2141a]
[hydra07:405722] [ 9] /opt/mpi/openmpi-4.1.4//lib/libmpi.so.40(PMPI_Group_incl+0x95)[0x7f7022932185]
[hydra07:405722] [10] /home/thesis/jheld/MPI_Syrk_implementation/build/src/MPI_SYRK_implementation(+0x841a)[0x563b9c22841a]
[hydra11:359067] [ 5] /lib/x86_64-linux-gnu/libc.so.6(+0x8483c)[0x7f55e959f83c]
[hydra12:359050] [12] /lib/x86_64-linux-gnu/libc.so.6(__libc_start_main+0xea)[0x7fa9a1d31d7a]
[hydra12:359050] [13] /home/thesis/jheld/MPI_Syrk_implementation/build/src/MPI_SYRK_implementation(+0x232a)[0x563fefb7e32a]
[hydra12:359050] *** End of error message ***
[hydra07:405722] [11] /home/thesis/jheld/MPI_Syrk_implementation/build/src/MPI_SYRK_implementation(+0x2ab0)[0x563b9c222ab0]
[hydra11:359067] [ 6] /lib/x86_64-linux-gnu/libc.so.6(__libc_calloc+0x81)[0x7f55e95a1bd1]
[hydra12:359049] [11] /home/thesis/jheld/MPI_Syrk_implementation/build/src/MPI_SYRK_implementation(+0x2ab0)[0x55f38ca1bab0]
[hydra07:405722] [12] /lib/x86_64-linux-gnu/libc.so.6(__libc_start_main+0xea)[0x7f70209d0d7a]
[hydra07:405722] [13] /home/thesis/jheld/MPI_Syrk_implementation/build/src/MPI_SYRK_implementation(+0x232a)[0x563b9c22232a]
[hydra11:359067] [ 7] /opt/mpi/openmpi-4.1.4//lib/libmpi.so.40(ompi_group_allocate+0x17)[0x7f55eb46f1e7]
[hydra12:359049] [12] /lib/x86_64-linux-gnu/libc.so.6(__libc_start_main+0xea)[0x7f54c2626d7a]
[hydra12:359049] [13] /home/thesis/jheld/MPI_Syrk_implementation/build/src/MPI_SYRK_implementation(+0x232a)[0x55f38ca1b32a]
[hydra12:359049] *** End of error message ***
[hydra07:405722] *** End of error message ***
[hydra11:359067] [ 8] /opt/mpi/openmpi-4.1.4//lib/libmpi.so.40(ompi_group_incl_plist+0x65)[0x7f55eb46f915]
[hydra11:359067] [ 9] /opt/mpi/openmpi-4.1.4//lib/libmpi.so.40(PMPI_Group_incl+0x95)[0x7f55eb4a0185]
[hydra11:359067] [10] /home/thesis/jheld/MPI_Syrk_implementation/build/src/MPI_SYRK_implementation(+0x841a)[0x55bee175141a]
[hydra04:394736] [ 9] /opt/mpi/openmpi-4.1.4//lib/libmpi.so.40(PMPI_Group_incl+0x95)[0x7f2433dcf185]
[hydra11:359067] [11] /home/thesis/jheld/MPI_Syrk_implementation/build/src/MPI_SYRK_implementation(+0x2ab0)[0x55bee174bab0]
[hydra04:394737] [12] /lib/x86_64-linux-gnu/libc.so.6(__libc_start_main+0xea)[0x7fec3d7b9d7a]
[hydra04:394737] [13] /home/thesis/jheld/MPI_Syrk_implementation/build/src/MPI_SYRK_implementation(+0x232a)[0x5600540a632a]
[hydra04:394737] *** End of error message ***
[hydra11:359067] [12] /lib/x86_64-linux-gnu/libc.so.6(__libc_start_main+0xea)[0x7f55e953ed7a]
[hydra11:359067] [13] /home/thesis/jheld/MPI_Syrk_implementation/build/src/MPI_SYRK_implementation(+0x232a)[0x55bee174b32a]
[hydra04:394736] [10] /home/thesis/jheld/MPI_Syrk_implementation/build/src/MPI_SYRK_implementation(+0x841a)[0x55f9578d341a]
[hydra04:394736] [11] /home/thesis/jheld/MPI_Syrk_implementation/build/src/MPI_SYRK_implementation(+0x2ab0)[0x55f9578cdab0]
[hydra11:359067] *** End of error message ***
[hydra04:394736] [12] /lib/x86_64-linux-gnu/libc.so.6(__libc_start_main+0xea)[0x7f2431e6dd7a]
[hydra04:394736] [13] /home/thesis/jheld/MPI_Syrk_implementation/build/src/MPI_SYRK_implementation(+0x232a)[0x55f9578cd32a]
[hydra04:394736] *** End of error message ***
srun: error: hydra05: task 13: Aborted
srun: error: hydra03: task 7: Aborted
srun: error: hydra09: task 25: Aborted
srun: error: hydra01: task 1: Aborted
srun: error: hydra10: task 29: Aborted
srun: error: hydra02: task 3: Aborted
srun: error: hydra06: task 17: Aborted
srun: error: hydra08: task 23: Aborted
srun: error: hydra07: tasks 19-20: Aborted
srun: error: hydra11: tasks 30,32: Aborted
srun: error: hydra04: tasks 9-10: Aborted
srun: error: hydra12: tasks 33-34: Aborted
slurmstepd: error:  mpi/pmix_v4: _errhandler: hydra05 [4]: pmixp_client_v2.c:211: Error handler invoked: status = -61, source = [slurm.pmix.5008693.2:13]
slurmstepd: error:  mpi/pmix_v4: _errhandler: hydra01 [0]: pmixp_client_v2.c:211: Error handler invoked: status = -61, source = [slurm.pmix.5008693.2:1]
slurmstepd: error:  mpi/pmix_v4: _errhandler: hydra03 [2]: pmixp_client_v2.c:211: Error handler invoked: status = -61, source = [slurm.pmix.5008693.2:7]
slurmstepd: error:  mpi/pmix_v4: _errhandler: hydra06 [5]: pmixp_client_v2.c:211: Error handler invoked: status = -61, source = [slurm.pmix.5008693.2:17]
slurmstepd: error:  mpi/pmix_v4: _errhandler: hydra02 [1]: pmixp_client_v2.c:211: Error handler invoked: status = -61, source = [slurm.pmix.5008693.2:3]
slurmstepd: error:  mpi/pmix_v4: _errhandler: hydra11 [10]: pmixp_client_v2.c:211: Error handler invoked: status = -61, source = [slurm.pmix.5008693.2:32]
slurmstepd: error:  mpi/pmix_v4: _errhandler: hydra09 [8]: pmixp_client_v2.c:211: Error handler invoked: status = -61, source = [slurm.pmix.5008693.2:25]
slurmstepd: error:  mpi/pmix_v4: _errhandler: hydra10 [9]: pmixp_client_v2.c:211: Error handler invoked: status = -61, source = [slurm.pmix.5008693.2:29]
slurmstepd: error:  mpi/pmix_v4: _errhandler: hydra08 [7]: pmixp_client_v2.c:211: Error handler invoked: status = -61, source = [slurm.pmix.5008693.2:23]
slurmstepd: error:  mpi/pmix_v4: _errhandler: hydra07 [6]: pmixp_client_v2.c:211: Error handler invoked: status = -61, source = [slurm.pmix.5008693.2:19]
slurmstepd: error: *** STEP 5008693.2 ON hydra01 CANCELLED AT 2025-10-13T15:31:12 ***
srun: Job step aborted: Waiting up to 32 seconds for job step to finish.
srun: error: hydra12: task 35: Killed
srun: error: hydra04: task 11: Killed
srun: error: hydra11: task 31: Killed
srun: error: hydra07: task 18: Killed
srun: error: hydra02: tasks 4-5: Killed
srun: error: hydra01: tasks 0,2: Killed
srun: error: hydra09: tasks 24,26: Killed
srun: error: hydra06: tasks 15-16: Killed
srun: error: hydra08: tasks 21-22: Killed
srun: error: hydra10: tasks 27-28: Killed
srun: error: hydra03: tasks 6,8: Killed
srun: error: hydra05: tasks 12,14: Killed
⚠️ Warning: No runtime found for run 3
srun: Warning: can't honor --ntasks-per-node set to 1 which doesn't match the requested tasks 36 with the number of requested nodes 12. Ignoring --ntasks-per-node.
missing input file name --> Generate random input
malloc(): invalid size (unsorted)
[hydra12:359115] *** Process received signal ***
[hydra12:359115] Signal: Aborted (6)
[hydra12:359115] Signal code:  (-6)
malloc(): invalid size (unsorted)
[hydra05:378747] *** Process received signal ***
[hydra05:378747] Signal: Aborted (6)
[hydra05:378747] Signal code:  (-6)
malloc(): invalid size (unsorted)
[hydra01:881598] *** Process received signal ***
[hydra01:881598] Signal: Aborted (6)
[hydra01:881598] Signal code:  (-6)
malloc(): invalid size (unsorted)
[hydra03:396041] *** Process received signal ***
[hydra03:396041] Signal: Aborted (6)
[hydra03:396041] Signal code:  (-6)
malloc(): invalid size (unsorted)
[hydra02:565912] *** Process received signal ***
[hydra02:565912] Signal: Aborted (6)
[hydra02:565912] Signal code:  (-6)
malloc(): invalid size (unsorted)
[hydra07:405786] *** Process received signal ***
[hydra07:405786] Signal: Aborted (6)
[hydra07:405786] Signal code:  (-6)
malloc(): invalid size (unsorted)
[hydra04:394802] *** Process received signal ***
[hydra04:394802] Signal: Aborted (6)
[hydra04:394802] Signal code:  (-6)
malloc(): invalid size (unsorted)
[hydra06:379428] *** Process received signal ***
[hydra06:379428] Signal: Aborted (6)
[hydra06:379428] Signal code:  (-6)
[hydra01:881598] [ 0] /lib/x86_64-linux-gnu/libc.so.6(+0x38de0)[0x7fc7abe3cde0]
[hydra01:881598] [ 1] /lib/x86_64-linux-gnu/libc.so.6(gsignal+0x141)[0x7fc7abe3cd61]
[hydra01:881598] [ 2] /lib/x86_64-linux-gnu/libc.so.6(abort+0x123)[0x7fc7abe26537]
malloc(): invalid size (unsorted)
[hydra12:359114] *** Process received signal ***
[hydra12:359114] Signal: Aborted (6)
[hydra12:359114] Signal code:  (-6)
malloc(): invalid size (unsorted)
[hydra08:381077] *** Process received signal ***
[hydra08:381077] Signal: Aborted (6)
[hydra08:381077] Signal code:  (-6)
[hydra12:359115] [ 0] /lib/x86_64-linux-gnu/libc.so.6(+0x38de0)[0x7f3de1ea7de0]
[hydra12:359114] [ 0] /lib/x86_64-linux-gnu/libc.so.6(+0x38de0)[0x7f4b93055de0]
[hydra01:881598] [ 3] /lib/x86_64-linux-gnu/libc.so.6(+0x7a468)[0x7fc7abe7e468]
[hydra12:359115] [ 1] /lib/x86_64-linux-gnu/libc.so.6(gsignal+0x141)[0x7f3de1ea7d61]
[hydra01:881598] [ 4] /lib/x86_64-linux-gnu/libc.so.6(+0x8175a)[0x7fc7abe8575a]
[hydra12:359114] [ 1] /lib/x86_64-linux-gnu/libc.so.6(gsignal+0x141)[0x7f4b93055d61]
malloc(): invalid size (unsorted)
[hydra10:490528] *** Process received signal ***
[hydra10:490528] Signal: Aborted (6)
[hydra10:490528] Signal code:  (-6)
[hydra12:359115] [ 2] /lib/x86_64-linux-gnu/libc.so.6(abort+0x123)[0x7f3de1e91537]
[hydra12:359114] [ 2] /lib/x86_64-linux-gnu/libc.so.6(abort+0x123)[0x7f4b9303f537]
[hydra01:881598] [ 5] /lib/x86_64-linux-gnu/libc.so.6(+0x8483c)[0x7fc7abe8883c]
[hydra12:359115] [ 3] /lib/x86_64-linux-gnu/libc.so.6(+0x7a468)[0x7f3de1ee9468]
[hydra12:359114] [ 3] /lib/x86_64-linux-gnu/libc.so.6(+0x7a468)[0x7f4b93097468]
[hydra12:359115] [ 4] /lib/x86_64-linux-gnu/libc.so.6(+0x8175a)[0x7f3de1ef075a]
[hydra01:881598] [ 6] /lib/x86_64-linux-gnu/libc.so.6(__libc_calloc+0x81)[0x7fc7abe8abd1]
[hydra12:359114] [ 4] /lib/x86_64-linux-gnu/libc.so.6(+0x8175a)[0x7f4b9309e75a]
[hydra12:359115] [ 5] /lib/x86_64-linux-gnu/libc.so.6(+0x8483c)[0x7f3de1ef383c]
[hydra01:881598] [ 7] /opt/mpi/openmpi-4.1.4//lib/libmpi.so.40(ompi_group_allocate+0x17)[0x7fc7add581e7]
[hydra12:359114] [ 5] /lib/x86_64-linux-gnu/libc.so.6(+0x8483c)[0x7f4b930a183c]
malloc(): invalid size (unsorted)
[hydra02:565911] *** Process received signal ***
[hydra12:359115] [ 6] /lib/x86_64-linux-gnu/libc.so.6(__libc_calloc+0x81)[0x7f3de1ef5bd1]
[hydra01:881598] [ 8] /opt/mpi/openmpi-4.1.4//lib/libmpi.so.40(ompi_group_incl_plist+0x65)[0x7fc7add58915]
[hydra02:565911] Signal: Aborted (6)
[hydra02:565911] Signal code:  (-6)
[hydra12:359115] [ 7] /opt/mpi/openmpi-4.1.4//lib/libmpi.so.40(ompi_group_allocate+0x17)[0x7f3de3dc31e7]
[hydra02:565912] [ 0] /lib/x86_64-linux-gnu/libc.so.6(+0x38de0)[0x7f7ff453cde0]
[hydra12:359114] [ 6] /lib/x86_64-linux-gnu/libc.so.6(__libc_calloc+0x81)[0x7f4b930a3bd1]
[hydra02:565912] [ 1] /lib/x86_64-linux-gnu/libc.so.6(gsignal+0x141)[0x7f7ff453cd61]
[hydra12:359114] [ 7] /opt/mpi/openmpi-4.1.4//lib/libmpi.so.40(ompi_group_allocate+0x17)[0x7f4b94f711e7]
[hydra01:881598] [ 9] /opt/mpi/openmpi-4.1.4//lib/libmpi.so.40(PMPI_Group_incl+0x95)[0x7fc7add89185]
[hydra01:881598] [10] /home/thesis/jheld/MPI_Syrk_implementation/build/src/MPI_SYRK_implementation(+0x841a)[0x55f5b554241a]
[hydra02:565911] [ 0] /lib/x86_64-linux-gnu/libc.so.6(+0x38de0)[0x7fb259000de0]
[hydra05:378747] [ 0] /lib/x86_64-linux-gnu/libc.so.6(+0x38de0)[0x7f1a9a530de0]
[hydra12:359115] [ 8] /opt/mpi/openmpi-4.1.4//lib/libmpi.so.40(ompi_group_incl_plist+0x65)[0x7f3de3dc3915]
[hydra01:881598] [11] /home/thesis/jheld/MPI_Syrk_implementation/build/src/MPI_SYRK_implementation(+0x2ab0)[0x55f5b553cab0]
[hydra02:565912] [ 2] /lib/x86_64-linux-gnu/libc.so.6(abort+0x123)[0x7f7ff4526537]
[hydra05:378747] [ 1] /lib/x86_64-linux-gnu/libc.so.6(gsignal+0x141)[0x7f1a9a530d61]
malloc(): invalid size (unsorted)
[hydra03:396041] [ 0] /lib/x86_64-linux-gnu/libc.so.6(+0x38de0)[0x7fdb8ae86de0]
[hydra01:881598] [12] /lib/x86_64-linux-gnu/libc.so.6(__libc_start_main+0xea)[0x7fc7abe27d7a]
[hydra01:881598] [13] /home/thesis/jheld/MPI_Syrk_implementation/build/src/MPI_SYRK_implementation(+0x232a)[0x55f5b553c32a]
[hydra01:881598] *** End of error message ***
[hydra02:565911] [ 1] /lib/x86_64-linux-gnu/libc.so.6(gsignal+0x141)[0x7fb259000d61]
[hydra05:378747] [ 2] /lib/x86_64-linux-gnu/libc.so.6(abort+0x123)[0x7f1a9a51a537]
[hydra07:405787] *** Process received signal ***
[hydra03:396041] [ 1] /lib/x86_64-linux-gnu/libc.so.6(gsignal+0x141)[0x7fdb8ae86d61]
[hydra02:565911] [ 2] /lib/x86_64-linux-gnu/libc.so.6(abort+0x123)[0x7fb258fea537]
[hydra05:378747] [ 3] /lib/x86_64-linux-gnu/libc.so.6(+0x7a468)[0x7f1a9a572468]
[hydra07:405786] [ 0] /lib/x86_64-linux-gnu/libc.so.6(+0x38de0)[0x7f1d5c230de0]
[hydra03:396041] [ 2] /lib/x86_64-linux-gnu/libc.so.6(abort+0x123)[0x7fdb8ae70537]
[hydra02:565912] [ 3] /lib/x86_64-linux-gnu/libc.so.6(+0x7a468)[0x7f7ff457e468]
[hydra06:379428] [ 0] /lib/x86_64-linux-gnu/libc.so.6(+0x38de0)[0x7fdd6f042de0]
[hydra05:378747] [ 4] /lib/x86_64-linux-gnu/libc.so.6(+0x8175a)[0x7f1a9a57975a]
[hydra07:405787] Signal: Aborted (6)
[hydra07:405787] Signal code:  (-6)
[hydra03:396041] [ 3] /lib/x86_64-linux-gnu/libc.so.6(+0x7a468)[0x7fdb8aec8468]
[hydra02:565911] [ 3] /lib/x86_64-linux-gnu/libc.so.6(+0x7a468)[0x7fb259042468]
malloc(): invalid size (unsorted)
[hydra04:394801] *** Process received signal ***
[hydra04:394801] Signal: Aborted (6)
[hydra04:394801] Signal code:  (-6)
[hydra06:379428] [ 1] /lib/x86_64-linux-gnu/libc.so.6(gsignal+0x141)[0x7fdd6f042d61]
[hydra05:378747] [ 5] /lib/x86_64-linux-gnu/libc.so.6(+0x8483c)[0x7f1a9a57c83c]
[hydra07:405786] [ 1] /lib/x86_64-linux-gnu/libc.so.6(gsignal+0x141)[0x7f1d5c230d61]
[hydra03:396041] [ 4] /lib/x86_64-linux-gnu/libc.so.6(+0x8175a)[0x7fdb8aecf75a]
[hydra02:565912] [ 4] /lib/x86_64-linux-gnu/libc.so.6(+0x8175a)[0x7f7ff458575a]
[hydra04:394802] [ 0] /lib/x86_64-linux-gnu/libc.so.6(+0x38de0)[0x7f25dc580de0]
[hydra06:379428] [ 2] /lib/x86_64-linux-gnu/libc.so.6(abort+0x123)[0x7fdd6f02c537]
[hydra05:378747] [ 6] /lib/x86_64-linux-gnu/libc.so.6(__libc_calloc+0x81)[0x7f1a9a57ebd1]
[hydra07:405786] [ 2] /lib/x86_64-linux-gnu/libc.so.6(abort+0x123)[0x7f1d5c21a537]
[hydra03:396041] [ 5] /lib/x86_64-linux-gnu/libc.so.6(+0x8483c)[0x7fdb8aed283c]
[hydra02:565911] [ 4] /lib/x86_64-linux-gnu/libc.so.6(+0x8175a)[0x7fb25904975a]
[hydra04:394801] [ 0] /lib/x86_64-linux-gnu/libc.so.6(+0x38de0)[0x7f367b0bade0]
[hydra06:379428] [ 3] /lib/x86_64-linux-gnu/libc.so.6(+0x7a468)[0x7fdd6f084468]
[hydra05:378747] [ 7] /opt/mpi/openmpi-4.1.4//lib/libmpi.so.40(ompi_group_allocate+0x17)[0x7f1a9c44c1e7]
[hydra07:405786] [ 3] /lib/x86_64-linux-gnu/libc.so.6(+0x7a468)[0x7f1d5c272468]
[hydra03:396041] [ 6] /lib/x86_64-linux-gnu/libc.so.6(__libc_calloc+0x81)[0x7fdb8aed4bd1]
[hydra02:565912] [ 5] /lib/x86_64-linux-gnu/libc.so.6(+0x8483c)[0x7f7ff458883c]
[hydra04:394802] [ 1] /lib/x86_64-linux-gnu/libc.so.6(gsignal+0x141)[0x7f25dc580d61]
[hydra06:379428] [ 4] /lib/x86_64-linux-gnu/libc.so.6(+0x8175a)[0x7fdd6f08b75a]
[hydra05:378747] [ 8] /opt/mpi/openmpi-4.1.4//lib/libmpi.so.40(ompi_group_incl_plist+0x65)[0x7f1a9c44c915]
[hydra10:490528] [ 0] /lib/x86_64-linux-gnu/libc.so.6(+0x38de0)[0x7ff3ca453de0]
[hydra07:405787] [ 0] /lib/x86_64-linux-gnu/libc.so.6(+0x38de0)[0x7fcf37e87de0]
[hydra03:396041] [ 7] /opt/mpi/openmpi-4.1.4//lib/libmpi.so.40(ompi_group_allocate+0x17)[0x7fdb8cda21e7]
[hydra02:565911] [ 5] /lib/x86_64-linux-gnu/libc.so.6(+0x8483c)[0x7fb25904c83c]
[hydra04:394802] [ 2] /lib/x86_64-linux-gnu/libc.so.6(abort+0x123)[0x7f25dc56a537]
[hydra06:379428] [ 5] /lib/x86_64-linux-gnu/libc.so.6(+0x8483c)[0x7fdd6f08e83c]
malloc(): invalid size (unsorted)
[hydra08:381078] *** Process received signal ***
[hydra08:381078] Signal: Aborted (6)
[hydra08:381078] Signal code:  (-6)
[hydra05:378747] [ 9] /opt/mpi/openmpi-4.1.4//lib/libmpi.so.40(PMPI_Group_incl+0x95)[0x7f1a9c47d185]
[hydra05:378747] [10] /home/thesis/jheld/MPI_Syrk_implementation/build/src/MPI_SYRK_implementation(+0x841a)[0x55e8eb79041a]
[hydra10:490528] [ 1] /lib/x86_64-linux-gnu/libc.so.6(gsignal+0x141)[0x7ff3ca453d61]
[hydra07:405786] [ 4] /lib/x86_64-linux-gnu/libc.so.6(+0x8175a)[0x7f1d5c27975a]
[hydra03:396041] [ 8] /opt/mpi/openmpi-4.1.4//lib/libmpi.so.40(ompi_group_incl_plist+0x65)[0x7fdb8cda2915]
[hydra02:565912] [ 6] /lib/x86_64-linux-gnu/libc.so.6(__libc_calloc+0x81)[0x7f7ff458abd1]
[hydra04:394801] [ 1] /lib/x86_64-linux-gnu/libc.so.6(gsignal+0x141)[0x7f367b0bad61]
[hydra06:379428] [ 6] /lib/x86_64-linux-gnu/libc.so.6(__libc_calloc+0x81)[0x7fdd6f090bd1]
malloc(): invalid size (unsorted)
[hydra08:381076] *** Process received signal ***
[hydra08:381076] Signal: Aborted (6)
[hydra08:381076] Signal code:  (-6)
[hydra05:378747] [11] /home/thesis/jheld/MPI_Syrk_implementation/build/src/MPI_SYRK_implementation(+0x2ab0)[0x55e8eb78aab0]
[hydra10:490528] [ 2] /lib/x86_64-linux-gnu/libc.so.6(abort+0x123)[0x7ff3ca43d537]
[hydra07:405787] [ 1] /lib/x86_64-linux-gnu/libc.so.6(gsignal+0x141)[0x7fcf37e87d61]
[hydra03:396041] [ 9] /opt/mpi/openmpi-4.1.4//lib/libmpi.so.40(PMPI_Group_incl+0x95)[0x7fdb8cdd3185]
[hydra03:396041] [10] /home/thesis/jheld/MPI_Syrk_implementation/build/src/MPI_SYRK_implementation(+0x841a)[0x557f840fd41a]
[hydra02:565912] [ 7] /opt/mpi/openmpi-4.1.4//lib/libmpi.so.40(ompi_group_allocate+0x17)[0x7f7ff64581e7]
[hydra04:394801] [ 2] /lib/x86_64-linux-gnu/libc.so.6(abort+0x123)[0x7f367b0a4537]
[hydra06:379428] [ 7] /opt/mpi/openmpi-4.1.4//lib/libmpi.so.40(ompi_group_allocate+0x17)[0x7fdd70f5e1e7]
[hydra08:381076] [ 0] /lib/x86_64-linux-gnu/libc.so.6(+0x38de0)[0x7fc14c674de0]
[hydra05:378747] [12] /lib/x86_64-linux-gnu/libc.so.6(__libc_start_main+0xea)[0x7f1a9a51bd7a]
[hydra05:378747] [13] /home/thesis/jheld/MPI_Syrk_implementation/build/src/MPI_SYRK_implementation(+0x232a)[0x55e8eb78a32a]
[hydra10:490528] [ 3] /lib/x86_64-linux-gnu/libc.so.6(+0x7a468)[0x7ff3ca495468]
[hydra07:405786] [ 5] /lib/x86_64-linux-gnu/libc.so.6(+0x8483c)[0x7f1d5c27c83c]
[hydra03:396041] [11] /home/thesis/jheld/MPI_Syrk_implementation/build/src/MPI_SYRK_implementation(+0x2ab0)[0x557f840f7ab0]
[hydra02:565911] [ 6] /lib/x86_64-linux-gnu/libc.so.6(__libc_calloc+0x81)[0x7fb25904ebd1]
[hydra04:394802] [ 3] /lib/x86_64-linux-gnu/libc.so.6(+0x7a468)[0x7f25dc5c2468]
[hydra06:379428] [ 8] /opt/mpi/openmpi-4.1.4//lib/libmpi.so.40(ompi_group_incl_plist+0x65)[0x7fdd70f5e915]
[hydra08:381077] [ 0] /lib/x86_64-linux-gnu/libc.so.6(+0x38de0)[0x7fd6cef54de0]
[hydra08:381077] [ 1] /lib/x86_64-linux-gnu/libc.so.6(gsignal+0x141)[0x7fd6cef54d61]
[hydra08:381077] [ 2] /lib/x86_64-linux-gnu/libc.so.6(abort+0x123)[0x7fd6cef3e537]
[hydra05:378747] *** End of error message ***
[hydra10:490528] [ 4] /lib/x86_64-linux-gnu/libc.so.6(+0x8175a)[0x7ff3ca49c75a]
[hydra07:405787] [ 2] /lib/x86_64-linux-gnu/libc.so.6(abort+0x123)[0x7fcf37e71537]
[hydra03:396041] [12] /lib/x86_64-linux-gnu/libc.so.6(__libc_start_main+0xea)[0x7fdb8ae71d7a]
[hydra03:396041] [13] /home/thesis/jheld/MPI_Syrk_implementation/build/src/MPI_SYRK_implementation(+0x232a)[0x557f840f732a]
[hydra02:565911] [ 7] /opt/mpi/openmpi-4.1.4//lib/libmpi.so.40(ompi_group_allocate+0x17)[0x7fb25af1c1e7]
[hydra04:394801] [ 3] /lib/x86_64-linux-gnu/libc.so.6(+0x7a468)[0x7f367b0fc468]
[hydra04:394801] [ 4] /lib/x86_64-linux-gnu/libc.so.6(+0x8175a)[0x7f367b10375a]
[hydra06:379428] [ 9] /opt/mpi/openmpi-4.1.4//lib/libmpi.so.40(PMPI_Group_incl+0x95)[0x7fdd70f8f185]
[hydra06:379428] [10] /home/thesis/jheld/MPI_Syrk_implementation/build/src/MPI_SYRK_implementation(+0x841a)[0x55789e63d41a]
[hydra08:381078] [ 0] /lib/x86_64-linux-gnu/libc.so.6(+0x38de0)[0x7f6245a03de0]
[hydra08:381078] [ 1] /lib/x86_64-linux-gnu/libc.so.6(gsignal+0x141)[0x7f6245a03d61]
[hydra08:381078] [ 2] /lib/x86_64-linux-gnu/libc.so.6(abort+0x123)[0x7f62459ed537]
[hydra08:381078] [ 3] /lib/x86_64-linux-gnu/libc.so.6(+0x7a468)[0x7f6245a45468]
[hydra10:490528] [ 5] /lib/x86_64-linux-gnu/libc.so.6(+0x8483c)[0x7ff3ca49f83c]
[hydra07:405786] [ 6] /lib/x86_64-linux-gnu/libc.so.6(__libc_calloc+0x81)[0x7f1d5c27ebd1]
[hydra03:396041] *** End of error message ***
[hydra02:565912] [ 8] /opt/mpi/openmpi-4.1.4//lib/libmpi.so.40(ompi_group_incl_plist+0x65)[0x7f7ff6458915]
[hydra04:394802] [ 4] /lib/x86_64-linux-gnu/libc.so.6(+0x8175a)[0x7f25dc5c975a]
[hydra04:394802] [ 5] /lib/x86_64-linux-gnu/libc.so.6(+0x8483c)[0x7f25dc5cc83c]
[hydra04:394802] [ 6] /lib/x86_64-linux-gnu/libc.so.6(__libc_calloc+0x81)[0x7f25dc5cebd1]
[hydra06:379428] [11] /home/thesis/jheld/MPI_Syrk_implementation/build/src/MPI_SYRK_implementation(+0x2ab0)[0x55789e637ab0]
[hydra08:381076] [ 1] /lib/x86_64-linux-gnu/libc.so.6(gsignal+0x141)[0x7fc14c674d61]
[hydra08:381076] [ 2] /lib/x86_64-linux-gnu/libc.so.6(abort+0x123)[0x7fc14c65e537]
[hydra10:490528] [ 6] /lib/x86_64-linux-gnu/libc.so.6(__libc_calloc+0x81)[0x7ff3ca4a1bd1]
[hydra07:405787] [ 3] /lib/x86_64-linux-gnu/libc.so.6(+0x7a468)[0x7fcf37ec9468]
[hydra02:565911] [ 8] /opt/mpi/openmpi-4.1.4//lib/libmpi.so.40(ompi_group_incl_plist+0x65)[0x7fb25af1c915]
[hydra04:394801] [ 5] /lib/x86_64-linux-gnu/libc.so.6(+0x8483c)[0x7f367b10683c]
[hydra04:394801] [ 6] /lib/x86_64-linux-gnu/libc.so.6(__libc_calloc+0x81)[0x7f367b108bd1]
[hydra06:379428] [12] /lib/x86_64-linux-gnu/libc.so.6(__libc_start_main+0xea)[0x7fdd6f02dd7a]
[hydra06:379428] [13] /home/thesis/jheld/MPI_Syrk_implementation/build/src/MPI_SYRK_implementation(+0x232a)[0x55789e63732a]
[hydra08:381077] [ 3] /lib/x86_64-linux-gnu/libc.so.6(+0x7a468)[0x7fd6cef96468]
[hydra10:490528] [ 7] /opt/mpi/openmpi-4.1.4//lib/libmpi.so.40(ompi_group_allocate+0x17)[0x7ff3cc36f1e7]
[hydra07:405786] [ 7] /opt/mpi/openmpi-4.1.4//lib/libmpi.so.40(ompi_group_allocate+0x17)[0x7f1d5e14c1e7]
[hydra02:565912] [ 9] /opt/mpi/openmpi-4.1.4//lib/libmpi.so.40(PMPI_Group_incl+0x95)[0x7f7ff6489185]
[hydra02:565912] [10] /home/thesis/jheld/MPI_Syrk_implementation/build/src/MPI_SYRK_implementation(+0x841a)[0x5583af10841a]
[hydra02:565912] [11] /home/thesis/jheld/MPI_Syrk_implementation/build/src/MPI_SYRK_implementation(+0x2ab0)[0x5583af102ab0]
[hydra04:394802] [ 7] /opt/mpi/openmpi-4.1.4//lib/libmpi.so.40(ompi_group_allocate+0x17)[0x7f25de49c1e7]
[hydra06:379428] *** End of error message ***
[hydra08:381078] [ 4] /lib/x86_64-linux-gnu/libc.so.6(+0x8175a)[0x7f6245a4c75a]
[hydra10:490528] [ 8] /opt/mpi/openmpi-4.1.4//lib/libmpi.so.40(ompi_group_incl_plist+0x65)[0x7ff3cc36f915]
[hydra07:405786] [ 8] /opt/mpi/openmpi-4.1.4//lib/libmpi.so.40(ompi_group_incl_plist+0x65)[0x7f1d5e14c915]
[hydra02:565911] [ 9] /opt/mpi/openmpi-4.1.4//lib/libmpi.so.40(PMPI_Group_incl+0x95)[0x7fb25af4d185]
[hydra04:394802] [ 8] /opt/mpi/openmpi-4.1.4//lib/libmpi.so.40(ompi_group_incl_plist+0x65)[0x7f25de49c915]
[hydra08:381076] [ 3] /lib/x86_64-linux-gnu/libc.so.6(+0x7a468)[0x7fc14c6b6468]
[hydra10:490528] [ 9] /opt/mpi/openmpi-4.1.4//lib/libmpi.so.40(PMPI_Group_incl+0x95)[0x7ff3cc3a0185]
[hydra07:405787] [ 4] /lib/x86_64-linux-gnu/libc.so.6(+0x8175a)[0x7fcf37ed075a]
[hydra02:565911] [10] /home/thesis/jheld/MPI_Syrk_implementation/build/src/MPI_SYRK_implementation(+0x841a)[0x5637cc93441a]
[hydra02:565911] [11] /home/thesis/jheld/MPI_Syrk_implementation/build/src/MPI_SYRK_implementation(+0x2ab0)[0x5637cc92eab0]
[hydra04:394801] [ 7] /opt/mpi/openmpi-4.1.4//lib/libmpi.so.40(ompi_group_allocate+0x17)[0x7f367cfd61e7]
[hydra08:381077] [ 4] /lib/x86_64-linux-gnu/libc.so.6(+0x8175a)[0x7fd6cef9d75a]
[hydra10:490528] [10] /home/thesis/jheld/MPI_Syrk_implementation/build/src/MPI_SYRK_implementation(+0x841a)[0x562043d9641a]
[hydra10:490528] [11] /home/thesis/jheld/MPI_Syrk_implementation/build/src/MPI_SYRK_implementation(+0x2ab0)[0x562043d90ab0]
[hydra07:405787] [ 5] /lib/x86_64-linux-gnu/libc.so.6(+0x8483c)[0x7fcf37ed383c]
[hydra04:394801] [ 8] /opt/mpi/openmpi-4.1.4//lib/libmpi.so.40(ompi_group_incl_plist+0x65)[0x7f367cfd6915]
[hydra08:381078] [ 5] /lib/x86_64-linux-gnu/libc.so.6(+0x8483c)[0x7f6245a4f83c]
[hydra10:490528] [12] /lib/x86_64-linux-gnu/libc.so.6(__libc_start_main+0xea)[0x7ff3ca43ed7a]
[hydra10:490528] [13] /home/thesis/jheld/MPI_Syrk_implementation/build/src/MPI_SYRK_implementation(+0x232a)[0x562043d9032a]
[hydra07:405786] [ 9] /opt/mpi/openmpi-4.1.4//lib/libmpi.so.40(PMPI_Group_incl+0x95)[0x7f1d5e17d185]
[hydra07:405786] [10] /home/thesis/jheld/MPI_Syrk_implementation/build/src/MPI_SYRK_implementation(+0x841a)[0x55c8291fd41a]
[hydra07:405786] [11] /home/thesis/jheld/MPI_Syrk_implementation/build/src/MPI_SYRK_implementation(+0x2ab0)[0x55c8291f7ab0]
[hydra04:394802] [ 9] /opt/mpi/openmpi-4.1.4//lib/libmpi.so.40(PMPI_Group_incl+0x95)[0x7f25de4cd185]
[hydra04:394802] [10] /home/thesis/jheld/MPI_Syrk_implementation/build/src/MPI_SYRK_implementation(+0x841a)[0x561d50f2341a]
[hydra04:394802] [11] /home/thesis/jheld/MPI_Syrk_implementation/build/src/MPI_SYRK_implementation(+0x2ab0)[0x561d50f1dab0]
[hydra08:381076] [ 4] /lib/x86_64-linux-gnu/libc.so.6(+0x8175a)[0x7fc14c6bd75a]
[hydra10:490528] *** End of error message ***
[hydra07:405787] [ 6] /lib/x86_64-linux-gnu/libc.so.6(__libc_calloc+0x81)[0x7fcf37ed5bd1]
[hydra04:394801] [ 9] /opt/mpi/openmpi-4.1.4//lib/libmpi.so.40(PMPI_Group_incl+0x95)[0x7f367d007185]
[hydra04:394801] [10] /home/thesis/jheld/MPI_Syrk_implementation/build/src/MPI_SYRK_implementation(+0x841a)[0x55e8cfb5e41a]
[hydra08:381077] [ 5] /lib/x86_64-linux-gnu/libc.so.6(+0x8483c)[0x7fd6cefa083c]
[hydra07:405786] [12] /lib/x86_64-linux-gnu/libc.so.6(__libc_start_main+0xea)[0x7f1d5c21bd7a]
[hydra07:405786] [13] /home/thesis/jheld/MPI_Syrk_implementation/build/src/MPI_SYRK_implementation(+0x232a)[0x55c8291f732a]
[hydra07:405786] *** End of error message ***
[hydra04:394802] [12] /lib/x86_64-linux-gnu/libc.so.6(__libc_start_main+0xea)[0x7f25dc56bd7a]
[hydra04:394802] [13] /home/thesis/jheld/MPI_Syrk_implementation/build/src/MPI_SYRK_implementation(+0x232a)[0x561d50f1d32a]
[hydra04:394802] *** End of error message ***
[hydra08:381076] [ 5] /lib/x86_64-linux-gnu/libc.so.6(+0x8483c)[0x7fc14c6c083c]
[hydra07:405787] [ 7] /opt/mpi/openmpi-4.1.4//lib/libmpi.so.40(ompi_group_allocate+0x17)[0x7fcf39da31e7]
[hydra04:394801] [11] /home/thesis/jheld/MPI_Syrk_implementation/build/src/MPI_SYRK_implementation(+0x2ab0)[0x55e8cfb58ab0]
[hydra08:381077] [ 6] /lib/x86_64-linux-gnu/libc.so.6(__libc_calloc+0x81)[0x7fd6cefa2bd1]
[hydra07:405787] [ 8] /opt/mpi/openmpi-4.1.4//lib/libmpi.so.40(ompi_group_incl_plist+0x65)[0x7fcf39da3915]
[hydra04:394801] [12] /lib/x86_64-linux-gnu/libc.so.6(__libc_start_main+0xea)[0x7f367b0a5d7a]
[hydra04:394801] [13] /home/thesis/jheld/MPI_Syrk_implementation/build/src/MPI_SYRK_implementation(+0x232a)[0x55e8cfb5832a]
[hydra08:381078] [ 6] /lib/x86_64-linux-gnu/libc.so.6(__libc_calloc+0x81)[0x7f6245a51bd1]
[hydra04:394801] *** End of error message ***
[hydra08:381076] [ 6] /lib/x86_64-linux-gnu/libc.so.6(__libc_calloc+0x81)[0x7fc14c6c2bd1]
[hydra08:381077] [ 7] /opt/mpi/openmpi-4.1.4//lib/libmpi.so.40(ompi_group_allocate+0x17)[0x7fd6d0e701e7]
[hydra08:381078] [ 7] /opt/mpi/openmpi-4.1.4//lib/libmpi.so.40(ompi_group_allocate+0x17)[0x7f624791f1e7]
[hydra08:381078] [ 8] /opt/mpi/openmpi-4.1.4//lib/libmpi.so.40(ompi_group_incl_plist+0x65)[0x7f624791f915]
[hydra08:381076] [ 7] /opt/mpi/openmpi-4.1.4//lib/libmpi.so.40(ompi_group_allocate+0x17)[0x7fc14e5901e7]
[hydra08:381077] [ 8] /opt/mpi/openmpi-4.1.4//lib/libmpi.so.40(ompi_group_incl_plist+0x65)[0x7fd6d0e70915]
[hydra08:381076] [ 8] /opt/mpi/openmpi-4.1.4//lib/libmpi.so.40(ompi_group_incl_plist+0x65)[0x7fc14e590915]
[hydra08:381077] [ 9] /opt/mpi/openmpi-4.1.4//lib/libmpi.so.40(PMPI_Group_incl+0x95)[0x7fd6d0ea1185]
[hydra08:381077] [10] /home/thesis/jheld/MPI_Syrk_implementation/build/src/MPI_SYRK_implementation(+0x841a)[0x5654f324841a]
[hydra08:381077] [11] /home/thesis/jheld/MPI_Syrk_implementation/build/src/MPI_SYRK_implementation(+0x2ab0)[0x5654f3242ab0]
[hydra08:381078] [ 9] /opt/mpi/openmpi-4.1.4//lib/libmpi.so.40(PMPI_Group_incl+0x95)[0x7f6247950185]
[hydra08:381078] [10] /home/thesis/jheld/MPI_Syrk_implementation/build/src/MPI_SYRK_implementation(+0x841a)[0x55beebe2d41a]
[hydra08:381078] [11] /home/thesis/jheld/MPI_Syrk_implementation/build/src/MPI_SYRK_implementation(+0x2ab0)[0x55beebe27ab0]
[hydra08:381076] [ 9] /opt/mpi/openmpi-4.1.4//lib/libmpi.so.40(PMPI_Group_incl+0x95)[0x7fc14e5c1185]
[hydra08:381076] [10] /home/thesis/jheld/MPI_Syrk_implementation/build/src/MPI_SYRK_implementation(+0x841a)[0x55fdae87241a]
[hydra08:381076] [11] /home/thesis/jheld/MPI_Syrk_implementation/build/src/MPI_SYRK_implementation(+0x2ab0)[0x55fdae86cab0]
[hydra08:381077] [12] /lib/x86_64-linux-gnu/libc.so.6(__libc_start_main+0xea)[0x7fd6cef3fd7a]
[hydra08:381077] [13] /home/thesis/jheld/MPI_Syrk_implementation/build/src/MPI_SYRK_implementation(+0x232a)[0x5654f324232a]
[hydra08:381077] *** End of error message ***
[hydra08:381078] [12] /lib/x86_64-linux-gnu/libc.so.6(__libc_start_main+0xea)[0x7f62459eed7a]
[hydra08:381078] [13] /home/thesis/jheld/MPI_Syrk_implementation/build/src/MPI_SYRK_implementation(+0x232a)[0x55beebe2732a]
[hydra08:381078] *** End of error message ***
[hydra08:381076] [12] /lib/x86_64-linux-gnu/libc.so.6(__libc_start_main+0xea)[0x7fc14c65fd7a]
[hydra08:381076] [13] /home/thesis/jheld/MPI_Syrk_implementation/build/src/MPI_SYRK_implementation(+0x232a)[0x55fdae86c32a]
[hydra08:381076] *** End of error message ***
[hydra07:405787] [ 9] /opt/mpi/openmpi-4.1.4//lib/libmpi.so.40(PMPI_Group_incl+0x95)[0x7fcf39dd4185]
[hydra07:405787] [10] /home/thesis/jheld/MPI_Syrk_implementation/build/src/MPI_SYRK_implementation(+0x841a)[0x55e30a1da41a]
[hydra07:405787] [11] /home/thesis/jheld/MPI_Syrk_implementation/build/src/MPI_SYRK_implementation(+0x2ab0)[0x55e30a1d4ab0]
[hydra07:405787] [12] /lib/x86_64-linux-gnu/libc.so.6(__libc_start_main+0xea)[0x7fcf37e72d7a]
[hydra07:405787] [13] /home/thesis/jheld/MPI_Syrk_implementation/build/src/MPI_SYRK_implementation(+0x232a)[0x55e30a1d432a]
[hydra07:405787] *** End of error message ***
[hydra02:565912] [12] /lib/x86_64-linux-gnu/libc.so.6(__libc_start_main+0xea)[0x7f7ff4527d7a]
[hydra02:565912] [13] /home/thesis/jheld/MPI_Syrk_implementation/build/src/MPI_SYRK_implementation(+0x232a)[0x5583af10232a]
[hydra02:565912] *** End of error message ***
[hydra02:565911] [12] /lib/x86_64-linux-gnu/libc.so.6(__libc_start_main+0xea)[0x7fb258febd7a]
[hydra02:565911] [13] /home/thesis/jheld/MPI_Syrk_implementation/build/src/MPI_SYRK_implementation(+0x232a)[0x5637cc92e32a]
[hydra12:359114] [ 8] /opt/mpi/openmpi-4.1.4//lib/libmpi.so.40(ompi_group_incl_plist+0x65)[0x7f4b94f71915]
[hydra02:565911] *** End of error message ***
[hydra12:359115] [ 9] /opt/mpi/openmpi-4.1.4//lib/libmpi.so.40(PMPI_Group_incl+0x95)[0x7f3de3df4185]
[hydra12:359115] [10] /home/thesis/jheld/MPI_Syrk_implementation/build/src/MPI_SYRK_implementation(+0x841a)[0x55c8c0d8541a]
[hydra12:359115] [11] /home/thesis/jheld/MPI_Syrk_implementation/build/src/MPI_SYRK_implementation(+0x2ab0)[0x55c8c0d7fab0]
[hydra12:359114] [ 9] /opt/mpi/openmpi-4.1.4//lib/libmpi.so.40(PMPI_Group_incl+0x95)[0x7f4b94fa2185]
[hydra12:359114] [10] /home/thesis/jheld/MPI_Syrk_implementation/build/src/MPI_SYRK_implementation(+0x841a)[0x562c6d23141a]
[hydra12:359114] [11] /home/thesis/jheld/MPI_Syrk_implementation/build/src/MPI_SYRK_implementation(+0x2ab0)[0x562c6d22bab0]
[hydra12:359115] [12] /lib/x86_64-linux-gnu/libc.so.6(__libc_start_main+0xea)[0x7f3de1e92d7a]
[hydra12:359115] [13] /home/thesis/jheld/MPI_Syrk_implementation/build/src/MPI_SYRK_implementation(+0x232a)[0x55c8c0d7f32a]
[hydra12:359115] *** End of error message ***
[hydra12:359114] [12] /lib/x86_64-linux-gnu/libc.so.6(__libc_start_main+0xea)[0x7f4b93040d7a]
[hydra12:359114] [13] /home/thesis/jheld/MPI_Syrk_implementation/build/src/MPI_SYRK_implementation(+0x232a)[0x562c6d22b32a]
[hydra12:359114] *** End of error message ***
srun: error: hydra06: task 17: Aborted
srun: error: hydra01: task 2: Aborted
srun: error: hydra03: task 7: Aborted
srun: error: hydra05: task 12: Aborted
srun: error: hydra10: task 27: Aborted
srun: error: hydra12: tasks 33-34: Aborted
srun: error: hydra07: tasks 19-20: Aborted
srun: error: hydra04: tasks 9-10: Aborted
srun: error: hydra02: tasks 3-4: Aborted
srun: error: hydra08: tasks 21-23: Aborted
slurmstepd: error:  mpi/pmix_v4: _errhandler: hydra05 [4]: pmixp_client_v2.c:211: Error handler invoked: status = -61, source = [slurm.pmix.5008693.3:12]
slurmstepd: error:  mpi/pmix_v4: _errhandler: hydra01 [0]: pmixp_client_v2.c:211: Error handler invoked: status = -61, source = [slurm.pmix.5008693.3:2]
slurmstepd: error:  mpi/pmix_v4: _errhandler: hydra12 [11]: pmixp_client_v2.c:211: Error handler invoked: status = -61, source = [slurm.pmix.5008693.3:34]
slurmstepd: error:  mpi/pmix_v4: _errhandler: hydra10 [9]: pmixp_client_v2.c:211: Error handler invoked: status = -61, source = [slurm.pmix.5008693.3:27]
slurmstepd: error:  mpi/pmix_v4: _errhandler: hydra06 [5]: pmixp_client_v2.c:211: Error handler invoked: status = -61, source = [slurm.pmix.5008693.3:17]
slurmstepd: error:  mpi/pmix_v4: _errhandler: hydra04 [3]: pmixp_client_v2.c:211: Error handler invoked: status = -61, source = [slurm.pmix.5008693.3:9]
slurmstepd: error:  mpi/pmix_v4: _errhandler: hydra07 [6]: pmixp_client_v2.c:211: Error handler invoked: status = -61, source = [slurm.pmix.5008693.3:19]
slurmstepd: error:  mpi/pmix_v4: _errhandler: hydra03 [2]: pmixp_client_v2.c:211: Error handler invoked: status = -61, source = [slurm.pmix.5008693.3:7]
slurmstepd: error: *** STEP 5008693.3 ON hydra01 CANCELLED AT 2025-10-13T15:31:13 ***
srun: Job step aborted: Waiting up to 32 seconds for job step to finish.
srun: error: hydra07: task 18: Killed
srun: error: hydra04: task 11: Killed
srun: error: hydra02: task 5: Killed
srun: error: hydra12: task 35: Killed
srun: error: hydra10: tasks 28-29: Killed
srun: error: hydra03: tasks 6,8: Killed
srun: error: hydra01: tasks 0-1: Killed
srun: error: hydra06: tasks 15-16: Killed
srun: error: hydra05: tasks 13-14: Killed
srun: error: hydra11: tasks 30-32: Killed
srun: error: hydra09: tasks 24-26: Killed
⚠️ Warning: No runtime found for run 4
srun: Warning: can't honor --ntasks-per-node set to 1 which doesn't match the requested tasks 36 with the number of requested nodes 12. Ignoring --ntasks-per-node.
missing input file name --> Generate random input
malloc(): invalid size (unsorted)
[hydra12:359174] *** Process received signal ***
[hydra12:359174] Signal: Aborted (6)
[hydra12:359174] Signal code:  (-6)
malloc(): invalid size (unsorted)
[hydra11:359193] *** Process received signal ***
[hydra11:359193] Signal: Aborted (6)
[hydra11:359193] Signal code:  (-6)
malloc(): invalid size (unsorted)
[hydra02:565988] *** Process received signal ***
[hydra02:565988] Signal: Aborted (6)
[hydra02:565988] Signal code:  (-6)
malloc(): invalid size (unsorted)
[hydra05:378806] *** Process received signal ***
[hydra05:378806] Signal: Aborted (6)
[hydra05:378806] Signal code:  (-6)
malloc(): invalid size (unsorted)
[hydra07:405845] *** Process received signal ***
[hydra07:405845] Signal: Aborted (6)
[hydra07:405845] Signal code:  (-6)
malloc(): invalid size (unsorted)
[hydra03:396099] *** Process received signal ***
[hydra03:396099] Signal: Aborted (6)
[hydra03:396099] Signal code:  (-6)
malloc(): invalid size (unsorted)
[hydra09:372420] *** Process received signal ***
[hydra09:372420] Signal: Aborted (6)
[hydra09:372420] Signal code:  (-6)
malloc(): invalid size (unsorted)
[hydra04:394861] *** Process received signal ***
[hydra04:394861] Signal: Aborted (6)
[hydra04:394861] Signal code:  (-6)
malloc(): invalid size (unsorted)
[hydra08:381127] *** Process received signal ***
[hydra08:381127] Signal: Aborted (6)
[hydra08:381127] Signal code:  (-6)
malloc(): invalid size (unsorted)
[hydra12:359173] *** Process received signal ***
[hydra12:359173] Signal: Aborted (6)
[hydra12:359173] Signal code:  (-6)
[hydra12:359174] [ 0] /lib/x86_64-linux-gnu/libc.so.6(+0x38de0)[0x7feffc320de0]
malloc(): invalid size (unsorted)
[hydra10:490593] *** Process received signal ***
[hydra10:490593] Signal: Aborted (6)
[hydra10:490593] Signal code:  (-6)
[hydra12:359173] [ 0] /lib/x86_64-linux-gnu/libc.so.6(+0x38de0)[0x7fdd7e769de0]
[hydra12:359174] [ 1] /lib/x86_64-linux-gnu/libc.so.6(gsignal+0x141)[0x7feffc320d61]
[hydra12:359173] [ 1] /lib/x86_64-linux-gnu/libc.so.6(gsignal+0x141)[0x7fdd7e769d61]
[hydra12:359174] [ 2] /lib/x86_64-linux-gnu/libc.so.6(abort+0x123)[0x7feffc30a537]
[hydra12:359173] [ 2] /lib/x86_64-linux-gnu/libc.so.6(abort+0x123)[0x7fdd7e753537]
[hydra12:359174] [ 3] /lib/x86_64-linux-gnu/libc.so.6(+0x7a468)[0x7feffc362468]
[hydra12:359173] [ 3] /lib/x86_64-linux-gnu/libc.so.6(+0x7a468)[0x7fdd7e7ab468]
[hydra12:359174] [ 4] /lib/x86_64-linux-gnu/libc.so.6(+0x8175a)[0x7feffc36975a]
[hydra11:359193] [ 0] /lib/x86_64-linux-gnu/libc.so.6(+0x38de0)[0x7fe7c43f0de0]
[hydra12:359173] [ 4] /lib/x86_64-linux-gnu/libc.so.6(+0x8175a)[0x7fdd7e7b275a]
[hydra11:359193] [ 1] /lib/x86_64-linux-gnu/libc.so.6(gsignal+0x141)[0x7fe7c43f0d61]
[hydra12:359174] [ 5] /lib/x86_64-linux-gnu/libc.so.6(+0x8483c)[0x7feffc36c83c]
[hydra11:359193] [ 2] /lib/x86_64-linux-gnu/libc.so.6(abort+0x123)[0x7fe7c43da537]
[hydra12:359173] [ 5] /lib/x86_64-linux-gnu/libc.so.6(+0x8483c)[0x7fdd7e7b583c]
[hydra11:359193] [ 3] /lib/x86_64-linux-gnu/libc.so.6(+0x7a468)[0x7fe7c4432468]
[hydra12:359174] [ 6] /lib/x86_64-linux-gnu/libc.so.6(__libc_calloc+0x81)[0x7feffc36ebd1]
malloc(): invalid size (unsorted)
[hydra12:359174] [ 7] /opt/mpi/openmpi-4.1.4//lib/libmpi.so.40(ompi_group_allocate+0x17)[0x7feffe23c1e7]
[hydra11:359193] [ 4] /lib/x86_64-linux-gnu/libc.so.6(+0x8175a)[0x7fe7c443975a]
malloc(): invalid size (unsorted)
[hydra12:359173] [ 6] /lib/x86_64-linux-gnu/libc.so.6(__libc_calloc+0x81)[0x7fdd7e7b7bd1]
malloc(): invalid size (unsorted)
[hydra04:394862] *** Process received signal ***
[hydra04:394862] Signal: Aborted (6)
[hydra04:394862] Signal code:  (-6)
[hydra11:359192] *** Process received signal ***
[hydra07:405846] *** Process received signal ***
[hydra12:359174] [ 8] /opt/mpi/openmpi-4.1.4//lib/libmpi.so.40(ompi_group_incl_plist+0x65)[0x7feffe23c915]
[hydra04:394861] [ 0] /lib/x86_64-linux-gnu/libc.so.6(+0x38de0)[0x7fc3bbe78de0]
[hydra11:359193] [ 5] /lib/x86_64-linux-gnu/libc.so.6(+0x8483c)[0x7fe7c443c83c]
[hydra07:405845] [ 0] /lib/x86_64-linux-gnu/libc.so.6(+0x38de0)[0x7f114dd19de0]
[hydra12:359173] [ 7] /opt/mpi/openmpi-4.1.4//lib/libmpi.so.40(ompi_group_allocate+0x17)[0x7fdd806851e7]
[hydra04:394862] [ 0] /lib/x86_64-linux-gnu/libc.so.6(+0x38de0)[0x7fd62937bde0]
[hydra11:359192] Signal: Aborted (6)
[hydra11:359192] Signal code:  (-6)
[hydra07:405846] Signal: Aborted (6)
[hydra07:405846] Signal code:  (-6)
[hydra12:359173] [ 8] /opt/mpi/openmpi-4.1.4//lib/libmpi.so.40(ompi_group_incl_plist+0x65)[0x7fdd80685915]
[hydra04:394861] [ 1] /lib/x86_64-linux-gnu/libc.so.6(gsignal+0x141)[0x7fc3bbe78d61]
[hydra11:359193] [ 6] /lib/x86_64-linux-gnu/libc.so.6(__libc_calloc+0x81)[0x7fe7c443ebd1]
[hydra07:405845] [ 1] /lib/x86_64-linux-gnu/libc.so.6(gsignal+0x141)[0x7f114dd19d61]
malloc(): invalid size (unsorted)
[hydra05:378806] [ 0] /lib/x86_64-linux-gnu/libc.so.6(+0x38de0)[0x7efcc42f8de0]
[hydra12:359174] [ 9] /opt/mpi/openmpi-4.1.4//lib/libmpi.so.40(PMPI_Group_incl+0x95)[0x7feffe26d185]
[hydra12:359174] [10] /home/thesis/jheld/MPI_Syrk_implementation/build/src/MPI_SYRK_implementation(+0x841a)[0x561f9ce2341a]
[hydra12:359174] [11] /home/thesis/jheld/MPI_Syrk_implementation/build/src/MPI_SYRK_implementation(+0x2ab0)[0x561f9ce1dab0]
[hydra04:394862] [ 1] /lib/x86_64-linux-gnu/libc.so.6(gsignal+0x141)[0x7fd62937bd61]
[hydra11:359193] [ 7] /opt/mpi/openmpi-4.1.4//lib/libmpi.so.40(ompi_group_allocate+0x17)[0x7fe7c630c1e7]
[hydra07:405845] [ 2] /lib/x86_64-linux-gnu/libc.so.6(abort+0x123)[0x7f114dd03537]
[hydra08:381126] *** Process received signal ***
[hydra08:381126] Signal: Aborted (6)
[hydra08:381126] Signal code:  (-6)
[hydra05:378806] [ 1] /lib/x86_64-linux-gnu/libc.so.6(gsignal+0x141)[0x7efcc42f8d61]
[hydra12:359173] [ 9] /opt/mpi/openmpi-4.1.4//lib/libmpi.so.40(PMPI_Group_incl+0x95)[0x7fdd806b6185]
[hydra04:394861] [ 2] /lib/x86_64-linux-gnu/libc.so.6(abort+0x123)[0x7fc3bbe62537]
[hydra11:359193] [ 8] /opt/mpi/openmpi-4.1.4//lib/libmpi.so.40(ompi_group_incl_plist+0x65)[0x7fe7c630c915]
[hydra07:405845] [ 3] /lib/x86_64-linux-gnu/libc.so.6(+0x7a468)[0x7f114dd5b468]
[hydra08:381127] [ 0] /lib/x86_64-linux-gnu/libc.so.6(+0x38de0)[0x7f616ac3ede0]
[hydra05:378806] [ 2] /lib/x86_64-linux-gnu/libc.so.6(abort+0x123)[0x7efcc42e2537]
[hydra03:396099] [ 0] /lib/x86_64-linux-gnu/libc.so.6(+0x38de0)[0x7fd7cb841de0]
[hydra09:372420] [ 0] /lib/x86_64-linux-gnu/libc.so.6(+0x38de0)[0x7f1849a61de0]
[hydra04:394862] [ 2] /lib/x86_64-linux-gnu/libc.so.6(abort+0x123)[0x7fd629365537]
[hydra11:359192] [ 0] /lib/x86_64-linux-gnu/libc.so.6(+0x38de0)[0x7f3fc9c95de0]
[hydra07:405846] [ 0] /lib/x86_64-linux-gnu/libc.so.6(+0x38de0)[0x7fb2dd66cde0]
[hydra08:381127] [ 1] /lib/x86_64-linux-gnu/libc.so.6(gsignal+0x141)[0x7f616ac3ed61]
malloc(): invalid size (unsorted)
[hydra10:490594] *** Process received signal ***
[hydra10:490594] Signal: Aborted (6)
[hydra10:490594] Signal code:  (-6)
[hydra05:378806] [ 3] /lib/x86_64-linux-gnu/libc.so.6(+0x7a468)[0x7efcc433a468]
[hydra03:396099] [ 1] /lib/x86_64-linux-gnu/libc.so.6(gsignal+0x141)[0x7fd7cb841d61]
[hydra09:372420] [ 1] /lib/x86_64-linux-gnu/libc.so.6(gsignal+0x141)[0x7f1849a61d61]
[hydra04:394861] [ 3] /lib/x86_64-linux-gnu/libc.so.6(+0x7a468)[0x7fc3bbeba468]
[hydra11:359193] [ 9] /opt/mpi/openmpi-4.1.4//lib/libmpi.so.40(PMPI_Group_incl+0x95)[0x7fe7c633d185]
[hydra11:359193] [10] /home/thesis/jheld/MPI_Syrk_implementation/build/src/MPI_SYRK_implementation(+0x841a)[0x55cf8460441a]
[hydra11:359193] [11] /home/thesis/jheld/MPI_Syrk_implementation/build/src/MPI_SYRK_implementation(+0x2ab0)[0x55cf845feab0]
[hydra07:405845] [ 4] /lib/x86_64-linux-gnu/libc.so.6(+0x8175a)[0x7f114dd6275a]
[hydra08:381127] [ 2] /lib/x86_64-linux-gnu/libc.so.6(abort+0x123)[0x7f616ac28537]
[hydra10:490593] [ 0] /lib/x86_64-linux-gnu/libc.so.6(+0x38de0)[0x7fb4bcae5de0]
[hydra05:378806] [ 4] /lib/x86_64-linux-gnu/libc.so.6(+0x8175a)[0x7efcc434175a]
[hydra03:396099] [ 2] /lib/x86_64-linux-gnu/libc.so.6(abort+0x123)[0x7fd7cb82b537]
[hydra09:372420] [ 2] /lib/x86_64-linux-gnu/libc.so.6(abort+0x123)[0x7f1849a4b537]
[hydra04:394862] [ 3] /lib/x86_64-linux-gnu/libc.so.6(+0x7a468)[0x7fd6293bd468]
[hydra11:359192] [ 1] /lib/x86_64-linux-gnu/libc.so.6(gsignal+0x141)[0x7f3fc9c95d61]
[hydra07:405846] [ 1] /lib/x86_64-linux-gnu/libc.so.6(gsignal+0x141)[0x7fb2dd66cd61]
[hydra08:381126] [ 0] /lib/x86_64-linux-gnu/libc.so.6(+0x38de0)[0x7fe4397f3de0]
[hydra10:490594] [ 0] /lib/x86_64-linux-gnu/libc.so.6(+0x38de0)[0x7f8f695b8de0]
[hydra05:378806] [ 5] /lib/x86_64-linux-gnu/libc.so.6(+0x8483c)[0x7efcc434483c]
[hydra03:396099] [ 3] /lib/x86_64-linux-gnu/libc.so.6(+0x7a468)[0x7fd7cb883468]
[hydra09:372420] [ 3] /lib/x86_64-linux-gnu/libc.so.6(+0x7a468)[0x7f1849aa3468]
[hydra04:394861] [ 4] /lib/x86_64-linux-gnu/libc.so.6(+0x8175a)[0x7fc3bbec175a]
[hydra11:359193] [12] /lib/x86_64-linux-gnu/libc.so.6(__libc_start_main+0xea)[0x7fe7c43dbd7a]
[hydra11:359193] [13] /home/thesis/jheld/MPI_Syrk_implementation/build/src/MPI_SYRK_implementation(+0x232a)[0x55cf845fe32a]
[hydra11:359193] *** End of error message ***
[hydra07:405845] [ 5] /lib/x86_64-linux-gnu/libc.so.6(+0x8483c)[0x7f114dd6583c]
[hydra02:565988] [ 0] /lib/x86_64-linux-gnu/libc.so.6(+0x38de0)[0x7f3065fdfde0]
[hydra08:381126] [ 1] /lib/x86_64-linux-gnu/libc.so.6(gsignal+0x141)[0x7fe4397f3d61]
[hydra10:490593] [ 1] /lib/x86_64-linux-gnu/libc.so.6(gsignal+0x141)[0x7fb4bcae5d61]
[hydra05:378806] [ 6] /lib/x86_64-linux-gnu/libc.so.6(__libc_calloc+0x81)[0x7efcc4346bd1]
[hydra03:396099] [ 4] /lib/x86_64-linux-gnu/libc.so.6(+0x8175a)[0x7fd7cb88a75a]
[hydra09:372420] [ 4] /lib/x86_64-linux-gnu/libc.so.6(+0x8175a)[0x7f1849aaa75a]
[hydra04:394862] [ 4] /lib/x86_64-linux-gnu/libc.so.6(+0x8175a)[0x7fd6293c475a]
[hydra11:359192] [ 2] /lib/x86_64-linux-gnu/libc.so.6(abort+0x123)[0x7f3fc9c7f537]
[hydra07:405846] [ 2] /lib/x86_64-linux-gnu/libc.so.6(abort+0x123)[0x7fb2dd656537]
[hydra02:565988] [ 1] /lib/x86_64-linux-gnu/libc.so.6(gsignal+0x141)[0x7f3065fdfd61]
[hydra08:381127] [ 3] /lib/x86_64-linux-gnu/libc.so.6(+0x7a468)[0x7f616ac80468]
[hydra10:490594] [ 1] /lib/x86_64-linux-gnu/libc.so.6(gsignal+0x141)[0x7f8f695b8d61]
[hydra05:378806] [ 7] /opt/mpi/openmpi-4.1.4//lib/libmpi.so.40(ompi_group_allocate+0x17)[0x7efcc62141e7]
[hydra03:396099] [ 5] /lib/x86_64-linux-gnu/libc.so.6(+0x8483c)[0x7fd7cb88d83c]
[hydra09:372420] [ 5] /lib/x86_64-linux-gnu/libc.so.6(+0x8483c)[0x7f1849aad83c]
[hydra04:394861] [ 5] /lib/x86_64-linux-gnu/libc.so.6(+0x8483c)[0x7fc3bbec483c]
[hydra11:359192] [ 3] /lib/x86_64-linux-gnu/libc.so.6(+0x7a468)[0x7f3fc9cd7468]
[hydra07:405845] [ 6] /lib/x86_64-linux-gnu/libc.so.6(__libc_calloc+0x81)[0x7f114dd67bd1]
[hydra02:565988] [ 2] /lib/x86_64-linux-gnu/libc.so.6(abort+0x123)[0x7f3065fc9537]
[hydra08:381126] [ 2] /lib/x86_64-linux-gnu/libc.so.6(abort+0x123)[0x7fe4397dd537]
[hydra10:490593] [ 2] /lib/x86_64-linux-gnu/libc.so.6(abort+0x123)[0x7fb4bcacf537]
[hydra05:378806] [ 8] /opt/mpi/openmpi-4.1.4//lib/libmpi.so.40(ompi_group_incl_plist+0x65)[0x7efcc6214915]
[hydra03:396099] [ 6] /lib/x86_64-linux-gnu/libc.so.6(__libc_calloc+0x81)[0x7fd7cb88fbd1]
[hydra09:372420] [ 6] /lib/x86_64-linux-gnu/libc.so.6(__libc_calloc+0x81)[0x7f1849aafbd1]
[hydra04:394862] [ 5] /lib/x86_64-linux-gnu/libc.so.6(+0x8483c)[0x7fd6293c783c]
[hydra11:359192] [ 4] /lib/x86_64-linux-gnu/libc.so.6(+0x8175a)[0x7f3fc9cde75a]
[hydra07:405845] [ 7] /opt/mpi/openmpi-4.1.4//lib/libmpi.so.40(ompi_group_allocate+0x17)[0x7f114fc351e7]
[hydra02:565988] [ 3] /lib/x86_64-linux-gnu/libc.so.6(+0x7a468)[0x7f3066021468]
[hydra08:381127] [ 4] /lib/x86_64-linux-gnu/libc.so.6(+0x8175a)[0x7f616ac8775a]
[hydra10:490594] [ 2] /lib/x86_64-linux-gnu/libc.so.6(abort+0x123)[0x7f8f695a2537]
[hydra05:378806] [ 9] /opt/mpi/openmpi-4.1.4//lib/libmpi.so.40(PMPI_Group_incl+0x95)[0x7efcc6245185]
[hydra05:378806] [10] /home/thesis/jheld/MPI_Syrk_implementation/build/src/MPI_SYRK_implementation(+0x841a)[0x55fde91e341a]
[hydra03:396099] [ 7] /opt/mpi/openmpi-4.1.4//lib/libmpi.so.40(ompi_group_allocate+0x17)[0x7fd7cd75d1e7]
[hydra09:372420] [ 7] /opt/mpi/openmpi-4.1.4//lib/libmpi.so.40(ompi_group_allocate+0x17)[0x7f184b97d1e7]
[hydra04:394861] [ 6] /lib/x86_64-linux-gnu/libc.so.6(__libc_calloc+0x81)[0x7fc3bbec6bd1]
[hydra07:405846] [ 3] /lib/x86_64-linux-gnu/libc.so.6(+0x7a468)[0x7fb2dd6ae468]
[hydra02:565988] [ 4] /lib/x86_64-linux-gnu/libc.so.6(+0x8175a)[0x7f306602875a]
[hydra08:381126] [ 3] /lib/x86_64-linux-gnu/libc.so.6(+0x7a468)[0x7fe439835468]
[hydra10:490593] [ 3] /lib/x86_64-linux-gnu/libc.so.6(+0x7a468)[0x7fb4bcb27468]
[hydra05:378806] [11] /home/thesis/jheld/MPI_Syrk_implementation/build/src/MPI_SYRK_implementation(+0x2ab0)[0x55fde91ddab0]
[hydra03:396099] [ 8] /opt/mpi/openmpi-4.1.4//lib/libmpi.so.40(ompi_group_incl_plist+0x65)[0x7fd7cd75d915]
[hydra09:372420] [ 8] /opt/mpi/openmpi-4.1.4//lib/libmpi.so.40(ompi_group_incl_plist+0x65)[0x7f184b97d915]
[hydra04:394862] [ 6] /lib/x86_64-linux-gnu/libc.so.6(__libc_calloc+0x81)[0x7fd6293c9bd1]
[hydra07:405845] [ 8] /opt/mpi/openmpi-4.1.4//lib/libmpi.so.40(ompi_group_incl_plist+0x65)[0x7f114fc35915]
[hydra02:565988] [ 5] /lib/x86_64-linux-gnu/libc.so.6(+0x8483c)[0x7f306602b83c]
[hydra08:381127] [ 5] /lib/x86_64-linux-gnu/libc.so.6(+0x8483c)[0x7f616ac8a83c]
[hydra10:490594] [ 3] /lib/x86_64-linux-gnu/libc.so.6(+0x7a468)[0x7f8f695fa468]
[hydra05:378806] [12] /lib/x86_64-linux-gnu/libc.so.6(__libc_start_main+0xea)[0x7efcc42e3d7a]
[hydra05:378806] [13] /home/thesis/jheld/MPI_Syrk_implementation/build/src/MPI_SYRK_implementation(+0x232a)[0x55fde91dd32a]
[hydra03:396099] [ 9] /opt/mpi/openmpi-4.1.4//lib/libmpi.so.40(PMPI_Group_incl+0x95)[0x7fd7cd78e185]
[hydra09:372420] [ 9] /opt/mpi/openmpi-4.1.4//lib/libmpi.so.40(PMPI_Group_incl+0x95)[0x7f184b9ae185]
[hydra09:372420] [10] /home/thesis/jheld/MPI_Syrk_implementation/build/src/MPI_SYRK_implementation(+0x841a)[0x5578e994c41a]
[hydra04:394861] [ 7] /opt/mpi/openmpi-4.1.4//lib/libmpi.so.40(ompi_group_allocate+0x17)[0x7fc3bdd941e7]
[hydra07:405846] [ 4] /lib/x86_64-linux-gnu/libc.so.6(+0x8175a)[0x7fb2dd6b575a]
[hydra02:565988] [ 6] /lib/x86_64-linux-gnu/libc.so.6(__libc_calloc+0x81)[0x7f306602dbd1]
[hydra08:381126] [ 4] /lib/x86_64-linux-gnu/libc.so.6(+0x8175a)[0x7fe43983c75a]
[hydra10:490593] [ 4] /lib/x86_64-linux-gnu/libc.so.6(+0x8175a)[0x7fb4bcb2e75a]
[hydra05:378806] *** End of error message ***
[hydra03:396099] [10] /home/thesis/jheld/MPI_Syrk_implementation/build/src/MPI_SYRK_implementation(+0x841a)[0x55619d69541a]
[hydra03:396099] [11] /home/thesis/jheld/MPI_Syrk_implementation/build/src/MPI_SYRK_implementation(+0x2ab0)[0x55619d68fab0]
[hydra09:372420] [11] /home/thesis/jheld/MPI_Syrk_implementation/build/src/MPI_SYRK_implementation(+0x2ab0)[0x5578e9946ab0]
[hydra04:394862] [ 7] /opt/mpi/openmpi-4.1.4//lib/libmpi.so.40(ompi_group_allocate+0x17)[0x7fd62b2971e7]
[hydra07:405845] [ 9] /opt/mpi/openmpi-4.1.4//lib/libmpi.so.40(PMPI_Group_incl+0x95)[0x7f114fc66185]
[hydra07:405845] [10] /home/thesis/jheld/MPI_Syrk_implementation/build/src/MPI_SYRK_implementation(+0x841a)[0x563952be741a]
[hydra02:565988] [ 7] /opt/mpi/openmpi-4.1.4//lib/libmpi.so.40(ompi_group_allocate+0x17)[0x7f3067efb1e7]
[hydra08:381127] [ 6] /lib/x86_64-linux-gnu/libc.so.6(__libc_calloc+0x81)[0x7f616ac8cbd1]
[hydra10:490594] [ 4] /lib/x86_64-linux-gnu/libc.so.6(+0x8175a)[0x7f8f6960175a]
[hydra03:396099] [12] /lib/x86_64-linux-gnu/libc.so.6(__libc_start_main+0xea)[0x7fd7cb82cd7a]
[hydra03:396099] [13] /home/thesis/jheld/MPI_Syrk_implementation/build/src/MPI_SYRK_implementation(+0x232a)[0x55619d68f32a]
[hydra09:372420] [12] /lib/x86_64-linux-gnu/libc.so.6(__libc_start_main+0xea)[0x7f1849a4cd7a]
[hydra09:372420] [13] /home/thesis/jheld/MPI_Syrk_implementation/build/src/MPI_SYRK_implementation(+0x232a)[0x5578e994632a]
[hydra04:394861] [ 8] /opt/mpi/openmpi-4.1.4//lib/libmpi.so.40(ompi_group_incl_plist+0x65)[0x7fc3bdd94915]
[hydra07:405846] [ 5] /lib/x86_64-linux-gnu/libc.so.6(+0x8483c)[0x7fb2dd6b883c]
[hydra02:565988] [ 8] /opt/mpi/openmpi-4.1.4//lib/libmpi.so.40(ompi_group_incl_plist+0x65)[0x7f3067efb915]
[hydra08:381127] [ 7] /opt/mpi/openmpi-4.1.4//lib/libmpi.so.40(ompi_group_allocate+0x17)[0x7f616cb5a1e7]
[hydra10:490593] [ 5] /lib/x86_64-linux-gnu/libc.so.6(+0x8483c)[0x7fb4bcb3183c]
[hydra03:396099] *** End of error message ***
[hydra09:372420] *** End of error message ***
[hydra04:394862] [ 8] /opt/mpi/openmpi-4.1.4//lib/libmpi.so.40(ompi_group_incl_plist+0x65)[0x7fd62b297915]
[hydra07:405845] [11] /home/thesis/jheld/MPI_Syrk_implementation/build/src/MPI_SYRK_implementation(+0x2ab0)[0x563952be1ab0]
[hydra02:565988] [ 9] /opt/mpi/openmpi-4.1.4//lib/libmpi.so.40(PMPI_Group_incl+0x95)[0x7f3067f2c185]
[hydra08:381126] [ 5] /lib/x86_64-linux-gnu/libc.so.6(+0x8483c)[0x7fe43983f83c]
[hydra10:490594] [ 5] /lib/x86_64-linux-gnu/libc.so.6(+0x8483c)[0x7f8f6960483c]
[hydra04:394861] [ 9] /opt/mpi/openmpi-4.1.4//lib/libmpi.so.40(PMPI_Group_incl+0x95)[0x7fc3bddc5185]
[hydra07:405845] [12] /lib/x86_64-linux-gnu/libc.so.6(__libc_start_main+0xea)[0x7f114dd04d7a]
[hydra07:405845] [13] /home/thesis/jheld/MPI_Syrk_implementation/build/src/MPI_SYRK_implementation(+0x232a)[0x563952be132a]
[hydra02:565988] [10] /home/thesis/jheld/MPI_Syrk_implementation/build/src/MPI_SYRK_implementation(+0x841a)[0x563b9d7fd41a]
[hydra02:565988] [11] /home/thesis/jheld/MPI_Syrk_implementation/build/src/MPI_SYRK_implementation(+0x2ab0)[0x563b9d7f7ab0]
[hydra08:381127] [ 8] /opt/mpi/openmpi-4.1.4//lib/libmpi.so.40(ompi_group_incl_plist+0x65)[0x7f616cb5a915]
[hydra10:490593] [ 6] /lib/x86_64-linux-gnu/libc.so.6(__libc_calloc+0x81)[0x7fb4bcb33bd1]
[hydra07:405846] [ 6] /lib/x86_64-linux-gnu/libc.so.6(__libc_calloc+0x81)[0x7fb2dd6babd1]
[hydra02:565988] [12] /lib/x86_64-linux-gnu/libc.so.6(__libc_start_main+0xea)[0x7f3065fcad7a]
[hydra02:565988] [13] /home/thesis/jheld/MPI_Syrk_implementation/build/src/MPI_SYRK_implementation(+0x232a)[0x563b9d7f732a]
[hydra08:381126] [ 6] /lib/x86_64-linux-gnu/libc.so.6(__libc_calloc+0x81)[0x7fe439841bd1]
[hydra10:490594] [ 6] /lib/x86_64-linux-gnu/libc.so.6(__libc_calloc+0x81)[0x7f8f69606bd1]
[hydra07:405845] *** End of error message ***
[hydra02:565988] *** End of error message ***
[hydra08:381127] [ 9] /opt/mpi/openmpi-4.1.4//lib/libmpi.so.40(PMPI_Group_incl+0x95)[0x7f616cb8b185]
[hydra10:490593] [ 7] /opt/mpi/openmpi-4.1.4//lib/libmpi.so.40(ompi_group_allocate+0x17)[0x7fb4bea011e7]
[hydra07:405846] [ 7] /opt/mpi/openmpi-4.1.4//lib/libmpi.so.40(ompi_group_allocate+0x17)[0x7fb2df5881e7]
[hydra08:381126] [ 7] /opt/mpi/openmpi-4.1.4//lib/libmpi.so.40(ompi_group_allocate+0x17)[0x7fe43b70f1e7]
[hydra10:490594] [ 7] /opt/mpi/openmpi-4.1.4//lib/libmpi.so.40(ompi_group_allocate+0x17)[0x7f8f6b4d41e7]
[hydra07:405846] [ 8] /opt/mpi/openmpi-4.1.4//lib/libmpi.so.40(ompi_group_incl_plist+0x65)[0x7fb2df588915]
[hydra08:381127] [10] /home/thesis/jheld/MPI_Syrk_implementation/build/src/MPI_SYRK_implementation(+0x841a)[0x558d2552e41a]
[hydra08:381127] [11] /home/thesis/jheld/MPI_Syrk_implementation/build/src/MPI_SYRK_implementation(+0x2ab0)[0x558d25528ab0]
[hydra10:490594] [ 8] /opt/mpi/openmpi-4.1.4//lib/libmpi.so.40(ompi_group_incl_plist+0x65)[0x7f8f6b4d4915]
[hydra08:381126] [ 8] /opt/mpi/openmpi-4.1.4//lib/libmpi.so.40(ompi_group_incl_plist+0x65)[0x7fe43b70f915]
[hydra10:490593] [ 8] /opt/mpi/openmpi-4.1.4//lib/libmpi.so.40(ompi_group_incl_plist+0x65)[0x7fb4bea01915]
[hydra08:381127] [12] /lib/x86_64-linux-gnu/libc.so.6(__libc_start_main+0xea)[0x7f616ac29d7a]
[hydra08:381127] [13] /home/thesis/jheld/MPI_Syrk_implementation/build/src/MPI_SYRK_implementation(+0x232a)[0x558d2552832a]
[hydra08:381127] *** End of error message ***
[hydra10:490593] [ 9] /opt/mpi/openmpi-4.1.4//lib/libmpi.so.40(PMPI_Group_incl+0x95)[0x7fb4bea32185]
[hydra10:490594] [ 9] /opt/mpi/openmpi-4.1.4//lib/libmpi.so.40(PMPI_Group_incl+0x95)[0x7f8f6b505185]
[hydra10:490594] [10] /home/thesis/jheld/MPI_Syrk_implementation/build/src/MPI_SYRK_implementation(+0x841a)[0x55a6a7aff41a]
[hydra10:490594] [11] /home/thesis/jheld/MPI_Syrk_implementation/build/src/MPI_SYRK_implementation(+0x2ab0)[0x55a6a7af9ab0]
[hydra10:490593] [10] /home/thesis/jheld/MPI_Syrk_implementation/build/src/MPI_SYRK_implementation(+0x841a)[0x55e9864db41a]
[hydra10:490593] [11] /home/thesis/jheld/MPI_Syrk_implementation/build/src/MPI_SYRK_implementation(+0x2ab0)[0x55e9864d5ab0]
[hydra10:490594] [12] /lib/x86_64-linux-gnu/libc.so.6(__libc_start_main+0xea)[0x7f8f695a3d7a]
[hydra10:490593] [12] /lib/x86_64-linux-gnu/libc.so.6(__libc_start_main+0xea)[0x7fb4bcad0d7a]
[hydra10:490593] [13] /home/thesis/jheld/MPI_Syrk_implementation/build/src/MPI_SYRK_implementation(+0x232a)[0x55e9864d532a]
[hydra10:490593] *** End of error message ***
[hydra10:490594] [13] /home/thesis/jheld/MPI_Syrk_implementation/build/src/MPI_SYRK_implementation(+0x232a)[0x55a6a7af932a]
[hydra10:490594] *** End of error message ***
[hydra12:359174] [12] /lib/x86_64-linux-gnu/libc.so.6(__libc_start_main+0xea)[0x7feffc30bd7a]
[hydra12:359173] [10] /home/thesis/jheld/MPI_Syrk_implementation/build/src/MPI_SYRK_implementation(+0x841a)[0x5626740ac41a]
[hydra12:359173] [11] /home/thesis/jheld/MPI_Syrk_implementation/build/src/MPI_SYRK_implementation(+0x2ab0)[0x5626740a6ab0]
[hydra12:359174] [13] /home/thesis/jheld/MPI_Syrk_implementation/build/src/MPI_SYRK_implementation(+0x232a)[0x561f9ce1d32a]
[hydra12:359174] *** End of error message ***
[hydra12:359173] [12] /lib/x86_64-linux-gnu/libc.so.6(__libc_start_main+0xea)[0x7fdd7e754d7a]
[hydra12:359173] [13] /home/thesis/jheld/MPI_Syrk_implementation/build/src/MPI_SYRK_implementation(+0x232a)[0x5626740a632a]
[hydra12:359173] *** End of error message ***
[hydra07:405846] [ 9] /opt/mpi/openmpi-4.1.4//lib/libmpi.so.40(PMPI_Group_incl+0x95)[0x7fb2df5b9185]
[hydra07:405846] [10] /home/thesis/jheld/MPI_Syrk_implementation/build/src/MPI_SYRK_implementation(+0x841a)[0x5557aa83241a]
[hydra07:405846] [11] /home/thesis/jheld/MPI_Syrk_implementation/build/src/MPI_SYRK_implementation(+0x2ab0)[0x5557aa82cab0]
[hydra04:394862] [ 9] /opt/mpi/openmpi-4.1.4//lib/libmpi.so.40(PMPI_Group_incl+0x95)[0x7fd62b2c8185]
[hydra04:394862] [10] /home/thesis/jheld/MPI_Syrk_implementation/build/src/MPI_SYRK_implementation(+0x841a)[0x55d03980541a]
[hydra07:405846] [12] /lib/x86_64-linux-gnu/libc.so.6(__libc_start_main+0xea)[0x7fb2dd657d7a]
[hydra04:394861] [10] /home/thesis/jheld/MPI_Syrk_implementation/build/src/MPI_SYRK_implementation(+0x841a)[0x5568ef53041a]
[hydra04:394861] [11] /home/thesis/jheld/MPI_Syrk_implementation/build/src/MPI_SYRK_implementation(+0x2ab0)[0x5568ef52aab0]
[hydra07:405846] [13] /home/thesis/jheld/MPI_Syrk_implementation/build/src/MPI_SYRK_implementation(+0x232a)[0x5557aa82c32a]
[hydra07:405846] *** End of error message ***
[hydra04:394862] [11] /home/thesis/jheld/MPI_Syrk_implementation/build/src/MPI_SYRK_implementation(+0x2ab0)[0x55d0397ffab0]
[hydra04:394862] [12] /lib/x86_64-linux-gnu/libc.so.6(__libc_start_main+0xea)[0x7fd629366d7a]
[hydra04:394861] [12] /lib/x86_64-linux-gnu/libc.so.6(__libc_start_main+0xea)[0x7fc3bbe63d7a]
[hydra04:394861] [13] /home/thesis/jheld/MPI_Syrk_implementation/build/src/MPI_SYRK_implementation(+0x232a)[0x5568ef52a32a]
[hydra04:394861] *** End of error message ***
[hydra11:359192] [ 5] /lib/x86_64-linux-gnu/libc.so.6(+0x8483c)[0x7f3fc9ce183c]
[hydra08:381126] [ 9] /opt/mpi/openmpi-4.1.4//lib/libmpi.so.40(PMPI_Group_incl+0x95)[0x7fe43b740185]
[hydra04:394862] [13] /home/thesis/jheld/MPI_Syrk_implementation/build/src/MPI_SYRK_implementation(+0x232a)[0x55d0397ff32a]
[hydra04:394862] *** End of error message ***
[hydra11:359192] [ 6] /lib/x86_64-linux-gnu/libc.so.6(__libc_calloc+0x81)[0x7f3fc9ce3bd1]
[hydra08:381126] [10] /home/thesis/jheld/MPI_Syrk_implementation/build/src/MPI_SYRK_implementation(+0x841a)[0x555ca5bc941a]
[hydra08:381126] [11] /home/thesis/jheld/MPI_Syrk_implementation/build/src/MPI_SYRK_implementation(+0x2ab0)[0x555ca5bc3ab0]
[hydra11:359192] [ 7] /opt/mpi/openmpi-4.1.4//lib/libmpi.so.40(ompi_group_allocate+0x17)[0x7f3fcbbb11e7]
[hydra08:381126] [12] /lib/x86_64-linux-gnu/libc.so.6(__libc_start_main+0xea)[0x7fe4397ded7a]
[hydra11:359192] [ 8] /opt/mpi/openmpi-4.1.4//lib/libmpi.so.40(ompi_group_incl_plist+0x65)[0x7f3fcbbb1915]
[hydra08:381126] [13] /home/thesis/jheld/MPI_Syrk_implementation/build/src/MPI_SYRK_implementation(+0x232a)[0x555ca5bc332a]
[hydra08:381126] *** End of error message ***
[hydra11:359192] [ 9] /opt/mpi/openmpi-4.1.4//lib/libmpi.so.40(PMPI_Group_incl+0x95)[0x7f3fcbbe2185]
[hydra11:359192] [10] /home/thesis/jheld/MPI_Syrk_implementation/build/src/MPI_SYRK_implementation(+0x841a)[0x55cfe6d8041a]
[hydra11:359192] [11] /home/thesis/jheld/MPI_Syrk_implementation/build/src/MPI_SYRK_implementation(+0x2ab0)[0x55cfe6d7aab0]
[hydra11:359192] [12] /lib/x86_64-linux-gnu/libc.so.6(__libc_start_main+0xea)[0x7f3fc9c80d7a]
[hydra11:359192] [13] /home/thesis/jheld/MPI_Syrk_implementation/build/src/MPI_SYRK_implementation(+0x232a)[0x55cfe6d7a32a]
[hydra11:359192] *** End of error message ***
srun: error: hydra03: task 6: Aborted
srun: error: hydra02: task 5: Aborted
srun: error: hydra09: task 25: Aborted
srun: error: hydra05: task 12: Aborted
srun: error: hydra10: tasks 28-29: Aborted
srun: error: hydra12: tasks 33-34: Aborted
srun: error: hydra08: tasks 21-22: Aborted
srun: error: hydra04: tasks 10-11: Aborted
srun: error: hydra07: tasks 19-20: Aborted
srun: error: hydra11: tasks 31-32: Aborted
slurmstepd: error:  mpi/pmix_v4: _errhandler: hydra09 [8]: pmixp_client_v2.c:211: Error handler invoked: status = -61, source = [slurm.pmix.5008693.4:25]
slurmstepd: error:  mpi/pmix_v4: _errhandler: hydra02 [1]: pmixp_client_v2.c:211: Error handler invoked: status = -61, source = [slurm.pmix.5008693.4:5]
slurmstepd: error:  mpi/pmix_v4: _errhandler: hydra11 [10]: pmixp_client_v2.c:211: Error handler invoked: status = -61, source = [slurm.pmix.5008693.4:32]
slurmstepd: error:  mpi/pmix_v4: _errhandler: hydra05 [4]: pmixp_client_v2.c:211: Error handler invoked: status = -61, source = [slurm.pmix.5008693.4:12]
slurmstepd: error:  mpi/pmix_v4: _errhandler: hydra07 [6]: pmixp_client_v2.c:211: Error handler invoked: status = -61, source = [slurm.pmix.5008693.4:19]
slurmstepd: error:  mpi/pmix_v4: _errhandler: hydra03 [2]: pmixp_client_v2.c:211: Error handler invoked: status = -61, source = [slurm.pmix.5008693.4:6]
slurmstepd: error:  mpi/pmix_v4: _errhandler: hydra10 [9]: pmixp_client_v2.c:211: Error handler invoked: status = -61, source = [slurm.pmix.5008693.4:28]
slurmstepd: error: *** STEP 5008693.4 ON hydra01 CANCELLED AT 2025-10-13T15:31:15 ***
srun: Job step aborted: Waiting up to 32 seconds for job step to finish.
srun: error: hydra11: task 30: Killed
srun: error: hydra08: task 23: Killed
srun: error: hydra10: task 27: Killed
srun: error: hydra07: task 18: Killed
srun: error: hydra04: task 9: Killed
srun: error: hydra12: task 35: Killed
srun: error: hydra05: tasks 13-14: Killed
srun: error: hydra02: tasks 3-4: Killed
srun: error: hydra09: tasks 24,26: Killed
srun: error: hydra03: tasks 7-8: Killed
srun: error: hydra01: tasks 0-2: Killed
srun: error: hydra06: tasks 15-17: Killed
⚠️ Warning: No runtime found for run 5
srun: Warning: can't honor --ntasks-per-node set to 1 which doesn't match the requested tasks 36 with the number of requested nodes 12. Ignoring --ntasks-per-node.
missing input file name --> Generate random input
malloc(): invalid size (unsorted)
[hydra12:359231] *** Process received signal ***
[hydra12:359231] Signal: Aborted (6)
[hydra12:359231] Signal code:  (-6)
[hydra12:359231] [ 0] /lib/x86_64-linux-gnu/libc.so.6(+0x38de0)[0x7f46a7b3bde0]
[hydra12:359231] [ 1] /lib/x86_64-linux-gnu/libc.so.6(gsignal+0x141)[0x7f46a7b3bd61]
[hydra12:359231] [ 2] /lib/x86_64-linux-gnu/libc.so.6(abort+0x123)[0x7f46a7b25537]
malloc(): invalid size (unsorted)
[hydra05:378863] *** Process received signal ***
[hydra05:378863] Signal: Aborted (6)
[hydra05:378863] Signal code:  (-6)
malloc(): invalid size (unsorted)
malloc(): invalid size (unsorted)
[hydra09:372475] *** Process received signal ***
[hydra09:372475] Signal: Aborted (6)
[hydra09:372475] Signal code:  (-6)
malloc(): invalid size (unsorted)
[hydra12:359231] [ 3] /lib/x86_64-linux-gnu/libc.so.6(+0x7a468)[0x7f46a7b7d468]
malloc(): invalid size (unsorted)
[hydra06:379543] *** Process received signal ***
[hydra06:379543] Signal: Aborted (6)
[hydra06:379543] Signal code:  (-6)
malloc(): invalid size (unsorted)
[hydra07:405900] *** Process received signal ***
[hydra07:405900] Signal: Aborted (6)
[hydra07:405900] Signal code:  (-6)
[hydra12:359231] [ 4] /lib/x86_64-linux-gnu/libc.so.6(+0x8175a)[0x7f46a7b8475a]
malloc(): invalid size (unsorted)
[hydra04:394917] *** Process received signal ***
[hydra04:394917] Signal: Aborted (6)
[hydra04:394917] Signal code:  (-6)
[hydra12:359231] [ 5] /lib/x86_64-linux-gnu/libc.so.6(+0x8483c)[0x7f46a7b8783c]
[hydra12:359231] [ 6] /lib/x86_64-linux-gnu/libc.so.6(__libc_calloc+0x81)[0x7f46a7b89bd1]
malloc(): invalid size (unsorted)
[hydra08:381183] *** Process received signal ***
[hydra08:381183] Signal: Aborted (6)
[hydra08:381183] Signal code:  (-6)
[hydra12:359231] [ 7] /opt/mpi/openmpi-4.1.4//lib/libmpi.so.40(ompi_group_allocate+0x17)[0x7f46a9a571e7]
[hydra12:359231] [ 8] /opt/mpi/openmpi-4.1.4//lib/libmpi.so.40(ompi_group_incl_plist+0x65)[0x7f46a9a57915]
malloc(): invalid size (unsorted)
[hydra11:359247] *** Process received signal ***
[hydra11:359247] Signal: Aborted (6)
[hydra11:359247] Signal code:  (-6)
[hydra12:359231] [ 9] /opt/mpi/openmpi-4.1.4//lib/libmpi.so.40(PMPI_Group_incl+0x95)[0x7f46a9a88185]
[hydra12:359231] [10] /home/thesis/jheld/MPI_Syrk_implementation/build/src/MPI_SYRK_implementation(+0x841a)[0x556337eb541a]
malloc(): invalid size (unsorted)
[hydra10:490652] *** Process received signal ***
[hydra10:490652] Signal: Aborted (6)
[hydra10:490652] Signal code:  (-6)
[hydra12:359231] [11] /home/thesis/jheld/MPI_Syrk_implementation/build/src/MPI_SYRK_implementation(+0x2ab0)[0x556337eafab0]
[hydra12:359231] [12] /lib/x86_64-linux-gnu/libc.so.6(__libc_start_main+0xea)[0x7f46a7b26d7a]
[hydra12:359231] [13] /home/thesis/jheld/MPI_Syrk_implementation/build/src/MPI_SYRK_implementation(+0x232a)[0x556337eaf32a]
[hydra12:359231] *** End of error message ***
[hydra03:396155] *** Process received signal ***
[hydra03:396155] Signal: Aborted (6)
[hydra03:396155] Signal code:  (-6)
malloc(): invalid size (unsorted)
malloc(): invalid size (unsorted)
[hydra04:394916] *** Process received signal ***
[hydra04:394916] Signal: Aborted (6)
[hydra04:394916] Signal code:  (-6)
[hydra03:396157] *** Process received signal ***
[hydra03:396157] Signal: Aborted (6)
[hydra03:396157] Signal code:  (-6)
[hydra04:394917] [ 0] /lib/x86_64-linux-gnu/libc.so.6(+0x38de0)[0x7fbe6be5dde0]
[hydra03:396155] [ 0] /lib/x86_64-linux-gnu/libc.so.6(+0x38de0)[0x7ff3bb53ede0]
[hydra04:394916] [ 0] /lib/x86_64-linux-gnu/libc.so.6(+0x38de0)[0x7f99bfbbcde0]
malloc(): invalid size (unsorted)
[hydra03:396155] [ 1] /lib/x86_64-linux-gnu/libc.so.6(gsignal+0x141)[0x7ff3bb53ed61]
[hydra04:394917] [ 1] /lib/x86_64-linux-gnu/libc.so.6(gsignal+0x141)[0x7fbe6be5dd61]
[hydra07:405902] *** Process received signal ***
[hydra03:396157] [ 0] /lib/x86_64-linux-gnu/libc.so.6(+0x38de0)[0x7f6849c9dde0]
[hydra04:394917] [ 2] /lib/x86_64-linux-gnu/libc.so.6(abort+0x123)[0x7fbe6be47537]
[hydra07:405900] [ 0] /lib/x86_64-linux-gnu/libc.so.6(+0x38de0)[0x7fd9cb3b4de0]
[hydra03:396155] [ 2] /lib/x86_64-linux-gnu/libc.so.6(abort+0x123)[0x7ff3bb528537]
[hydra05:378863] [ 0] /lib/x86_64-linux-gnu/libc.so.6(+0x38de0)[0x7f4fde90bde0]
malloc(): invalid size (unsorted)
[hydra08:381182] *** Process received signal ***
[hydra08:381182] Signal: Aborted (6)
[hydra08:381182] Signal code:  (-6)
[hydra04:394916] [ 1] /lib/x86_64-linux-gnu/libc.so.6(gsignal+0x141)[0x7f99bfbbcd61]
[hydra07:405902] Signal: Aborted (6)
[hydra07:405902] Signal code:  (-6)
[hydra03:396157] [ 1] /lib/x86_64-linux-gnu/libc.so.6(gsignal+0x141)[0x7f6849c9dd61]
[hydra05:378863] [ 1] /lib/x86_64-linux-gnu/libc.so.6(gsignal+0x141)[0x7f4fde90bd61]
[hydra08:381183] [ 0] /lib/x86_64-linux-gnu/libc.so.6(+0x38de0)[0x7f3c92b94de0]
[hydra02:566058] *** Process received signal ***
[hydra02:566058] Signal: Aborted (6)
[hydra02:566058] Signal code:  (-6)
[hydra04:394916] [ 2] /lib/x86_64-linux-gnu/libc.so.6(abort+0x123)[0x7f99bfba6537]
[hydra07:405900] [ 1] /lib/x86_64-linux-gnu/libc.so.6(gsignal+0x141)[0x7fd9cb3b4d61]
[hydra03:396157] [ 2] /lib/x86_64-linux-gnu/libc.so.6(abort+0x123)[0x7f6849c87537]
[hydra05:378863] [ 2] /lib/x86_64-linux-gnu/libc.so.6(abort+0x123)[0x7f4fde8f5537]
[hydra08:381182] [ 0] /lib/x86_64-linux-gnu/libc.so.6(+0x38de0)[0x7fd3817d5de0]
[hydra02:566058] [ 0] /lib/x86_64-linux-gnu/libc.so.6(+0x38de0)[0x7f79a0a08de0]
[hydra06:379543] [ 0] /lib/x86_64-linux-gnu/libc.so.6(+0x38de0)[0x7fc3919bede0]
[hydra04:394917] [ 3] /lib/x86_64-linux-gnu/libc.so.6(+0x7a468)[0x7fbe6be9f468]
[hydra07:405900] [ 2] /lib/x86_64-linux-gnu/libc.so.6(abort+0x123)[0x7fd9cb39e537]
[hydra09:372475] [ 0] /lib/x86_64-linux-gnu/libc.so.6(+0x38de0)[0x7fc0b0a77de0]
[hydra03:396155] [ 3] /lib/x86_64-linux-gnu/libc.so.6(+0x7a468)[0x7ff3bb580468]
[hydra05:378863] [ 3] /lib/x86_64-linux-gnu/libc.so.6(+0x7a468)[0x7f4fde94d468]
[hydra08:381183] [ 1] /lib/x86_64-linux-gnu/libc.so.6(gsignal+0x141)[0x7f3c92b94d61]
[hydra02:566058] [ 1] /lib/x86_64-linux-gnu/libc.so.6(gsignal+0x141)[0x7f79a0a08d61]
[hydra06:379543] [ 1] /lib/x86_64-linux-gnu/libc.so.6(gsignal+0x141)[0x7fc3919bed61]
[hydra04:394916] [ 3] /lib/x86_64-linux-gnu/libc.so.6(+0x7a468)[0x7f99bfbfe468]
[hydra07:405900] [ 3] /lib/x86_64-linux-gnu/libc.so.6(+0x7a468)[0x7fd9cb3f6468]
[hydra09:372475] [ 1] /lib/x86_64-linux-gnu/libc.so.6(gsignal+0x141)[0x7fc0b0a77d61]
[hydra03:396155] [ 4] /lib/x86_64-linux-gnu/libc.so.6(+0x8175a)[0x7ff3bb58775a]
[hydra05:378863] [ 4] /lib/x86_64-linux-gnu/libc.so.6(+0x8175a)[0x7f4fde95475a]
[hydra08:381182] [ 1] /lib/x86_64-linux-gnu/libc.so.6(gsignal+0x141)[0x7fd3817d5d61]
[hydra02:566058] [ 2] /lib/x86_64-linux-gnu/libc.so.6(abort+0x123)[0x7f79a09f2537]
[hydra06:379543] [ 2] /lib/x86_64-linux-gnu/libc.so.6(abort+0x123)[0x7fc3919a8537]
[hydra04:394917] [ 4] /lib/x86_64-linux-gnu/libc.so.6(+0x8175a)[0x7fbe6bea675a]
[hydra07:405900] [ 4] /lib/x86_64-linux-gnu/libc.so.6(+0x8175a)[0x7fd9cb3fd75a]
[hydra09:372475] [ 2] /lib/x86_64-linux-gnu/libc.so.6(abort+0x123)[0x7fc0b0a61537]
[hydra03:396157] [ 3] /lib/x86_64-linux-gnu/libc.so.6(+0x7a468)[0x7f6849cdf468]
[hydra05:378863] [ 5] /lib/x86_64-linux-gnu/libc.so.6(+0x8483c)[0x7f4fde95783c]
[hydra08:381183] [ 2] /lib/x86_64-linux-gnu/libc.so.6(abort+0x123)[0x7f3c92b7e537]
[hydra02:566058] [ 3] /lib/x86_64-linux-gnu/libc.so.6(+0x7a468)[0x7f79a0a4a468]
[hydra06:379543] [ 3] /lib/x86_64-linux-gnu/libc.so.6(+0x7a468)[0x7fc391a00468]
[hydra04:394916] [ 4] /lib/x86_64-linux-gnu/libc.so.6(+0x8175a)[0x7f99bfc0575a]
[hydra07:405902] [ 0] /lib/x86_64-linux-gnu/libc.so.6(+0x38de0)[0x7fa643c32de0]
[hydra09:372475] [ 3] /lib/x86_64-linux-gnu/libc.so.6(+0x7a468)[0x7fc0b0ab9468]
[hydra03:396155] [ 5] /lib/x86_64-linux-gnu/libc.so.6(+0x8483c)[0x7ff3bb58a83c]
[hydra05:378863] [ 6] /lib/x86_64-linux-gnu/libc.so.6(__libc_calloc+0x81)[0x7f4fde959bd1]
[hydra11:359247] [ 0] /lib/x86_64-linux-gnu/libc.so.6(+0x38de0)[0x7f300b972de0]
[hydra08:381182] [ 2] /lib/x86_64-linux-gnu/libc.so.6(abort+0x123)[0x7fd3817bf537]
[hydra02:566058] [ 4] /lib/x86_64-linux-gnu/libc.so.6(+0x8175a)[0x7f79a0a5175a]
[hydra06:379543] [ 4] /lib/x86_64-linux-gnu/libc.so.6(+0x8175a)[0x7fc391a0775a]
[hydra04:394917] [ 5] /lib/x86_64-linux-gnu/libc.so.6(+0x8483c)[0x7fbe6bea983c]
[hydra07:405902] [ 1] /lib/x86_64-linux-gnu/libc.so.6(gsignal+0x141)[0x7fa643c32d61]
[hydra09:372475] [ 4] /lib/x86_64-linux-gnu/libc.so.6(+0x8175a)[0x7fc0b0ac075a]
[hydra03:396157] [ 4] /lib/x86_64-linux-gnu/libc.so.6(+0x8175a)[0x7f6849ce675a]
[hydra05:378863] [ 7] /opt/mpi/openmpi-4.1.4//lib/libmpi.so.40(ompi_group_allocate+0x17)[0x7f4fe08271e7]
[hydra11:359247] [ 1] /lib/x86_64-linux-gnu/libc.so.6(gsignal+0x141)[0x7f300b972d61]
[hydra08:381183] [ 3] /lib/x86_64-linux-gnu/libc.so.6(+0x7a468)[0x7f3c92bd6468]
[hydra02:566058] [ 5] /lib/x86_64-linux-gnu/libc.so.6(+0x8483c)[0x7f79a0a5483c]
[hydra06:379543] [ 5] /lib/x86_64-linux-gnu/libc.so.6(+0x8483c)[0x7fc391a0a83c]
[hydra04:394916] [ 5] /lib/x86_64-linux-gnu/libc.so.6(+0x8483c)[0x7f99bfc0883c]
[hydra07:405900] [ 5] /lib/x86_64-linux-gnu/libc.so.6(+0x8483c)[0x7fd9cb40083c]
[hydra09:372475] [ 5] /lib/x86_64-linux-gnu/libc.so.6(+0x8483c)[0x7fc0b0ac383c]
[hydra03:396155] [ 6] /lib/x86_64-linux-gnu/libc.so.6(__libc_calloc+0x81)[0x7ff3bb58cbd1]
[hydra05:378863] [ 8] /opt/mpi/openmpi-4.1.4//lib/libmpi.so.40(ompi_group_incl_plist+0x65)[0x7f4fe0827915]
[hydra11:359247] [ 2] /lib/x86_64-linux-gnu/libc.so.6(abort+0x123)[0x7f300b95c537]
[hydra08:381182] [ 3] /lib/x86_64-linux-gnu/libc.so.6(+0x7a468)[0x7fd381817468]
[hydra02:566058] [ 6] /lib/x86_64-linux-gnu/libc.so.6(__libc_calloc+0x81)[0x7f79a0a56bd1]
malloc(): invalid size (unsorted)
[hydra10:490653] *** Process received signal ***
[hydra10:490653] Signal: Aborted (6)
[hydra10:490653] Signal code:  (-6)
[hydra06:379543] [ 6] /lib/x86_64-linux-gnu/libc.so.6(__libc_calloc+0x81)[0x7fc391a0cbd1]
[hydra04:394917] [ 6] /lib/x86_64-linux-gnu/libc.so.6(__libc_calloc+0x81)[0x7fbe6beabbd1]
[hydra07:405902] [ 2] /lib/x86_64-linux-gnu/libc.so.6(abort+0x123)[0x7fa643c1c537]
[hydra09:372475] [ 6] /lib/x86_64-linux-gnu/libc.so.6(__libc_calloc+0x81)[0x7fc0b0ac5bd1]
[hydra03:396157] [ 5] /lib/x86_64-linux-gnu/libc.so.6(+0x8483c)[0x7f6849ce983c]
[hydra05:378863] [ 9] /opt/mpi/openmpi-4.1.4//lib/libmpi.so.40(PMPI_Group_incl+0x95)[0x7f4fe0858185]
[hydra05:378863] [10] /home/thesis/jheld/MPI_Syrk_implementation/build/src/MPI_SYRK_implementation(+0x841a)[0x559de2e1541a]
[hydra11:359247] [ 3] /lib/x86_64-linux-gnu/libc.so.6(+0x7a468)[0x7f300b9b4468]
[hydra08:381183] [ 4] /lib/x86_64-linux-gnu/libc.so.6(+0x8175a)[0x7f3c92bdd75a]
[hydra02:566058] [ 7] /opt/mpi/openmpi-4.1.4//lib/libmpi.so.40(ompi_group_allocate+0x17)[0x7f79a29241e7]
[hydra10:490652] [ 0] /lib/x86_64-linux-gnu/libc.so.6(+0x38de0)[0x7f777da80de0]
[hydra06:379543] [ 7] /opt/mpi/openmpi-4.1.4//lib/libmpi.so.40(ompi_group_allocate+0x17)[0x7fc3938da1e7]
[hydra04:394917] [ 7] /opt/mpi/openmpi-4.1.4//lib/libmpi.so.40(ompi_group_allocate+0x17)[0x7fbe6dd791e7]
[hydra07:405900] [ 6] /lib/x86_64-linux-gnu/libc.so.6(__libc_calloc+0x81)[0x7fd9cb402bd1]
[hydra09:372475] [ 7] /opt/mpi/openmpi-4.1.4//lib/libmpi.so.40(ompi_group_allocate+0x17)[0x7fc0b29931e7]
[hydra03:396155] [ 7] /opt/mpi/openmpi-4.1.4//lib/libmpi.so.40(ompi_group_allocate+0x17)[0x7ff3bd45a1e7]
[hydra05:378863] [11] /home/thesis/jheld/MPI_Syrk_implementation/build/src/MPI_SYRK_implementation(+0x2ab0)[0x559de2e0fab0]
[hydra11:359247] [ 4] /lib/x86_64-linux-gnu/libc.so.6(+0x8175a)[0x7f300b9bb75a]
[hydra08:381182] [ 4] /lib/x86_64-linux-gnu/libc.so.6(+0x8175a)[0x7fd38181e75a]
[hydra02:566058] [ 8] /opt/mpi/openmpi-4.1.4//lib/libmpi.so.40(ompi_group_incl_plist+0x65)[0x7f79a2924915]
[hydra10:490653] [ 0] /lib/x86_64-linux-gnu/libc.so.6(+0x38de0)[0x7fb243e8fde0]
[hydra06:379543] [ 8] /opt/mpi/openmpi-4.1.4//lib/libmpi.so.40(ompi_group_incl_plist+0x65)[0x7fc3938da915]
[hydra04:394916] [ 6] /lib/x86_64-linux-gnu/libc.so.6(__libc_calloc+0x81)[0x7f99bfc0abd1]
[hydra07:405900] [ 7] /opt/mpi/openmpi-4.1.4//lib/libmpi.so.40(ompi_group_allocate+0x17)[0x7fd9cd2d01e7]
[hydra09:372475] [ 8] /opt/mpi/openmpi-4.1.4//lib/libmpi.so.40(ompi_group_incl_plist+0x65)[0x7fc0b2993915]
[hydra03:396157] [ 6] /lib/x86_64-linux-gnu/libc.so.6(__libc_calloc+0x81)[0x7f6849cebbd1]
[hydra05:378863] [12] /lib/x86_64-linux-gnu/libc.so.6(__libc_start_main+0xea)[0x7f4fde8f6d7a]
[hydra05:378863] [13] /home/thesis/jheld/MPI_Syrk_implementation/build/src/MPI_SYRK_implementation(+0x232a)[0x559de2e0f32a]
[hydra11:359247] [ 5] /lib/x86_64-linux-gnu/libc.so.6(+0x8483c)[0x7f300b9be83c]
[hydra08:381183] [ 5] /lib/x86_64-linux-gnu/libc.so.6(+0x8483c)[0x7f3c92be083c]
[hydra02:566058] [ 9] /opt/mpi/openmpi-4.1.4//lib/libmpi.so.40(PMPI_Group_incl+0x95)[0x7f79a2955185]
[hydra02:566058] [10] /home/thesis/jheld/MPI_Syrk_implementation/build/src/MPI_SYRK_implementation(+0x841a)[0x55a3a6f7541a]
[hydra10:490652] [ 1] /lib/x86_64-linux-gnu/libc.so.6(gsignal+0x141)[0x7f777da80d61]
[hydra06:379543] [ 9] /opt/mpi/openmpi-4.1.4//lib/libmpi.so.40(PMPI_Group_incl+0x95)[0x7fc39390b185]
[hydra06:379543] [10] /home/thesis/jheld/MPI_Syrk_implementation/build/src/MPI_SYRK_implementation(+0x841a)[0x5624e865841a]
[hydra04:394917] [ 8] /opt/mpi/openmpi-4.1.4//lib/libmpi.so.40(ompi_group_incl_plist+0x65)[0x7fbe6dd79915]
[hydra07:405902] [ 3] /lib/x86_64-linux-gnu/libc.so.6(+0x7a468)[0x7fa643c74468]
[hydra09:372475] [ 9] /opt/mpi/openmpi-4.1.4//lib/libmpi.so.40(PMPI_Group_incl+0x95)[0x7fc0b29c4185]
[hydra09:372475] [10] /home/thesis/jheld/MPI_Syrk_implementation/build/src/MPI_SYRK_implementation(+0x841a)[0x561300e0941a]
[hydra03:396155] [ 8] /opt/mpi/openmpi-4.1.4//lib/libmpi.so.40(ompi_group_incl_plist+0x65)[0x7ff3bd45a915]
[hydra05:378863] *** End of error message ***
[hydra11:359247] [ 6] /lib/x86_64-linux-gnu/libc.so.6(__libc_calloc+0x81)[0x7f300b9c0bd1]
[hydra08:381182] [ 5] /lib/x86_64-linux-gnu/libc.so.6(+0x8483c)[0x7fd38182183c]
[hydra02:566058] [11] /home/thesis/jheld/MPI_Syrk_implementation/build/src/MPI_SYRK_implementation(+0x2ab0)[0x55a3a6f6fab0]
[hydra10:490653] [ 1] /lib/x86_64-linux-gnu/libc.so.6(gsignal+0x141)[0x7fb243e8fd61]
[hydra06:379543] [11] /home/thesis/jheld/MPI_Syrk_implementation/build/src/MPI_SYRK_implementation(+0x2ab0)[0x5624e8652ab0]
[hydra04:394916] [ 7] /opt/mpi/openmpi-4.1.4//lib/libmpi.so.40(ompi_group_allocate+0x17)[0x7f99c1ad81e7]
[hydra07:405900] [ 8] /opt/mpi/openmpi-4.1.4//lib/libmpi.so.40(ompi_group_incl_plist+0x65)[0x7fd9cd2d0915]
[hydra09:372475] [11] /home/thesis/jheld/MPI_Syrk_implementation/build/src/MPI_SYRK_implementation(+0x2ab0)[0x561300e03ab0]
[hydra03:396157] [ 7] /opt/mpi/openmpi-4.1.4//lib/libmpi.so.40(ompi_group_allocate+0x17)[0x7f684bbb91e7]
[hydra11:359247] [ 7] /opt/mpi/openmpi-4.1.4//lib/libmpi.so.40(ompi_group_allocate+0x17)[0x7f300d88e1e7]
[hydra08:381183] [ 6] /lib/x86_64-linux-gnu/libc.so.6(__libc_calloc+0x81)[0x7f3c92be2bd1]
[hydra02:566058] [12] /lib/x86_64-linux-gnu/libc.so.6(__libc_start_main+0xea)[0x7f79a09f3d7a]
[hydra02:566058] [13] /home/thesis/jheld/MPI_Syrk_implementation/build/src/MPI_SYRK_implementation(+0x232a)[0x55a3a6f6f32a]
[hydra10:490653] [ 2] /lib/x86_64-linux-gnu/libc.so.6(abort+0x123)[0x7fb243e79537]
[hydra06:379543] [12] /lib/x86_64-linux-gnu/libc.so.6(__libc_start_main+0xea)[0x7fc3919a9d7a]
[hydra06:379543] [13] /home/thesis/jheld/MPI_Syrk_implementation/build/src/MPI_SYRK_implementation(+0x232a)[0x5624e865232a]
[hydra04:394916] [ 8] /opt/mpi/openmpi-4.1.4//lib/libmpi.so.40(ompi_group_incl_plist+0x65)[0x7f99c1ad8915]
[hydra07:405902] [ 4] /lib/x86_64-linux-gnu/libc.so.6(+0x8175a)[0x7fa643c7b75a]
[hydra09:372475] [12] /lib/x86_64-linux-gnu/libc.so.6(__libc_start_main+0xea)[0x7fc0b0a62d7a]
[hydra09:372475] [13] /home/thesis/jheld/MPI_Syrk_implementation/build/src/MPI_SYRK_implementation(+0x232a)[0x561300e0332a]
[hydra03:396155] [ 9] /opt/mpi/openmpi-4.1.4//lib/libmpi.so.40(PMPI_Group_incl+0x95)[0x7ff3bd48b185]
[hydra11:359247] [ 8] /opt/mpi/openmpi-4.1.4//lib/libmpi.so.40(ompi_group_incl_plist+0x65)[0x7f300d88e915]
[hydra08:381183] [ 7] /opt/mpi/openmpi-4.1.4//lib/libmpi.so.40(ompi_group_allocate+0x17)[0x7f3c94ab01e7]
[hydra02:566058] *** End of error message ***
[hydra10:490652] [ 2] /lib/x86_64-linux-gnu/libc.so.6(abort+0x123)[0x7f777da6a537]
[hydra06:379543] *** End of error message ***
[hydra04:394917] [ 9] /opt/mpi/openmpi-4.1.4//lib/libmpi.so.40(PMPI_Group_incl+0x95)[0x7fbe6ddaa185]
[hydra04:394917] [10] /home/thesis/jheld/MPI_Syrk_implementation/build/src/MPI_SYRK_implementation(+0x841a)[0x55f2d634b41a]
[hydra04:394917] [11] /home/thesis/jheld/MPI_Syrk_implementation/build/src/MPI_SYRK_implementation(+0x2ab0)[0x55f2d6345ab0]
[hydra07:405900] [ 9] /opt/mpi/openmpi-4.1.4//lib/libmpi.so.40(PMPI_Group_incl+0x95)[0x7fd9cd301185]
[hydra07:405900] [10] /home/thesis/jheld/MPI_Syrk_implementation/build/src/MPI_SYRK_implementation(+0x841a)[0x55bf6365941a]
[hydra09:372475] *** End of error message ***
[hydra11:359247] [ 9] /opt/mpi/openmpi-4.1.4//lib/libmpi.so.40(PMPI_Group_incl+0x95)[0x7f300d8bf185]
[hydra11:359247] [10] /home/thesis/jheld/MPI_Syrk_implementation/build/src/MPI_SYRK_implementation(+0x841a)[0x5651a038441a]
[hydra08:381182] [ 6] /lib/x86_64-linux-gnu/libc.so.6(__libc_calloc+0x81)[0x7fd381823bd1]
[hydra10:490652] [ 3] /lib/x86_64-linux-gnu/libc.so.6(+0x7a468)[0x7f777dac2468]
[hydra07:405900] [11] /home/thesis/jheld/MPI_Syrk_implementation/build/src/MPI_SYRK_implementation(+0x2ab0)[0x55bf63653ab0]
[hydra11:359247] [11] /home/thesis/jheld/MPI_Syrk_implementation/build/src/MPI_SYRK_implementation(+0x2ab0)[0x5651a037eab0]
[hydra08:381183] [ 8] /opt/mpi/openmpi-4.1.4//lib/libmpi.so.40(ompi_group_incl_plist+0x65)[0x7f3c94ab0915]
[hydra10:490653] [ 3] /lib/x86_64-linux-gnu/libc.so.6(+0x7a468)[0x7fb243ed1468]
[hydra07:405902] [ 5] /lib/x86_64-linux-gnu/libc.so.6(+0x8483c)[0x7fa643c7e83c]
[hydra11:359247] [12] /lib/x86_64-linux-gnu/libc.so.6(__libc_start_main+0xea)[0x7f300b95dd7a]
[hydra11:359247] [13] /home/thesis/jheld/MPI_Syrk_implementation/build/src/MPI_SYRK_implementation(+0x232a)[0x5651a037e32a]
[hydra08:381182] [ 7] /opt/mpi/openmpi-4.1.4//lib/libmpi.so.40(ompi_group_allocate+0x17)[0x7fd3836f11e7]
[hydra10:490652] [ 4] /lib/x86_64-linux-gnu/libc.so.6(+0x8175a)[0x7f777dac975a]
[hydra07:405900] [12] /lib/x86_64-linux-gnu/libc.so.6(__libc_start_main+0xea)[0x7fd9cb39fd7a]
[hydra11:359247] *** End of error message ***
[hydra08:381182] [ 8] /opt/mpi/openmpi-4.1.4//lib/libmpi.so.40(ompi_group_incl_plist+0x65)[0x7fd3836f1915]
[hydra10:490653] [ 4] /lib/x86_64-linux-gnu/libc.so.6(+0x8175a)[0x7fb243ed875a]
[hydra07:405900] [13] /home/thesis/jheld/MPI_Syrk_implementation/build/src/MPI_SYRK_implementation(+0x232a)[0x55bf6365332a]
[hydra07:405900] *** End of error message ***
[hydra08:381183] [ 9] /opt/mpi/openmpi-4.1.4//lib/libmpi.so.40(PMPI_Group_incl+0x95)[0x7f3c94ae1185]
[hydra08:381183] [10] /home/thesis/jheld/MPI_Syrk_implementation/build/src/MPI_SYRK_implementation(+0x841a)[0x5651440fe41a]
[hydra08:381183] [11] /home/thesis/jheld/MPI_Syrk_implementation/build/src/MPI_SYRK_implementation(+0x2ab0)[0x5651440f8ab0]
[hydra10:490652] [ 5] /lib/x86_64-linux-gnu/libc.so.6(+0x8483c)[0x7f777dacc83c]
[hydra07:405902] [ 6] /lib/x86_64-linux-gnu/libc.so.6(__libc_calloc+0x81)[0x7fa643c80bd1]
[hydra08:381182] [ 9] /opt/mpi/openmpi-4.1.4//lib/libmpi.so.40(PMPI_Group_incl+0x95)[0x7fd383722185]
[hydra10:490653] [ 5] /lib/x86_64-linux-gnu/libc.so.6(+0x8483c)[0x7fb243edb83c]
[hydra08:381182] [10] /home/thesis/jheld/MPI_Syrk_implementation/build/src/MPI_SYRK_implementation(+0x841a)[0x56402495941a]
[hydra08:381182] [11] /home/thesis/jheld/MPI_Syrk_implementation/build/src/MPI_SYRK_implementation(+0x2ab0)[0x564024953ab0]
[hydra10:490652] [ 6] /lib/x86_64-linux-gnu/libc.so.6(__libc_calloc+0x81)[0x7f777dacebd1]
[hydra10:490653] [ 6] /lib/x86_64-linux-gnu/libc.so.6(__libc_calloc+0x81)[0x7fb243eddbd1]
[hydra10:490652] [ 7] /opt/mpi/openmpi-4.1.4//lib/libmpi.so.40(ompi_group_allocate+0x17)[0x7f777f99c1e7]
[hydra10:490653] [ 7] /opt/mpi/openmpi-4.1.4//lib/libmpi.so.40(ompi_group_allocate+0x17)[0x7fb245dab1e7]
[hydra10:490652] [ 8] /opt/mpi/openmpi-4.1.4//lib/libmpi.so.40(ompi_group_incl_plist+0x65)[0x7f777f99c915]
[hydra10:490653] [ 8] /opt/mpi/openmpi-4.1.4//lib/libmpi.so.40(ompi_group_incl_plist+0x65)[0x7fb245dab915]
[hydra10:490652] [ 9] /opt/mpi/openmpi-4.1.4//lib/libmpi.so.40(PMPI_Group_incl+0x95)[0x7f777f9cd185]
[hydra10:490653] [ 9] /opt/mpi/openmpi-4.1.4//lib/libmpi.so.40(PMPI_Group_incl+0x95)[0x7fb245ddc185]
[hydra10:490653] [10] /home/thesis/jheld/MPI_Syrk_implementation/build/src/MPI_SYRK_implementation(+0x841a)[0x55692e03341a]
[hydra10:490653] [11] /home/thesis/jheld/MPI_Syrk_implementation/build/src/MPI_SYRK_implementation(+0x2ab0)[0x55692e02dab0]
[hydra10:490652] [10] /home/thesis/jheld/MPI_Syrk_implementation/build/src/MPI_SYRK_implementation(+0x841a)[0x558e48c1441a]
[hydra10:490652] [11] /home/thesis/jheld/MPI_Syrk_implementation/build/src/MPI_SYRK_implementation(+0x2ab0)[0x558e48c0eab0]
[hydra10:490653] [12] /lib/x86_64-linux-gnu/libc.so.6(__libc_start_main+0xea)[0x7fb243e7ad7a]
[hydra10:490652] [12] /lib/x86_64-linux-gnu/libc.so.6(__libc_start_main+0xea)[0x7f777da6bd7a]
[hydra10:490652] [13] /home/thesis/jheld/MPI_Syrk_implementation/build/src/MPI_SYRK_implementation(+0x232a)[0x558e48c0e32a]
[hydra10:490652] *** End of error message ***
[hydra10:490653] [13] /home/thesis/jheld/MPI_Syrk_implementation/build/src/MPI_SYRK_implementation(+0x232a)[0x55692e02d32a]
[hydra10:490653] *** End of error message ***
[hydra04:394916] [ 9] /opt/mpi/openmpi-4.1.4//lib/libmpi.so.40(PMPI_Group_incl+0x95)[0x7f99c1b09185]
[hydra04:394916] [10] /home/thesis/jheld/MPI_Syrk_implementation/build/src/MPI_SYRK_implementation(+0x841a)[0x55dee6d5e41a]
[hydra03:396157] [ 8] /opt/mpi/openmpi-4.1.4//lib/libmpi.so.40(ompi_group_incl_plist+0x65)[0x7f684bbb9915]
[hydra04:394917] [12] /lib/x86_64-linux-gnu/libc.so.6(__libc_start_main+0xea)[0x7fbe6be48d7a]
[hydra04:394917] [13] /home/thesis/jheld/MPI_Syrk_implementation/build/src/MPI_SYRK_implementation(+0x232a)[0x55f2d634532a]
[hydra04:394917] *** End of error message ***
[hydra07:405902] [ 7] /opt/mpi/openmpi-4.1.4//lib/libmpi.so.40(ompi_group_allocate+0x17)[0x7fa645b4e1e7]
[hydra03:396155] [10] /home/thesis/jheld/MPI_Syrk_implementation/build/src/MPI_SYRK_implementation(+0x841a)[0x55bea852b41a]
[hydra03:396155] [11] /home/thesis/jheld/MPI_Syrk_implementation/build/src/MPI_SYRK_implementation(+0x2ab0)[0x55bea8525ab0]
[hydra04:394916] [11] /home/thesis/jheld/MPI_Syrk_implementation/build/src/MPI_SYRK_implementation(+0x2ab0)[0x55dee6d58ab0]
[hydra07:405902] [ 8] /opt/mpi/openmpi-4.1.4//lib/libmpi.so.40(ompi_group_incl_plist+0x65)[0x7fa645b4e915]
[hydra03:396157] [ 9] /opt/mpi/openmpi-4.1.4//lib/libmpi.so.40(PMPI_Group_incl+0x95)[0x7f684bbea185]
[hydra04:394916] [12] /lib/x86_64-linux-gnu/libc.so.6(__libc_start_main+0xea)[0x7f99bfba7d7a]
[hydra04:394916] [13] /home/thesis/jheld/MPI_Syrk_implementation/build/src/MPI_SYRK_implementation(+0x232a)[0x55dee6d5832a]
[hydra04:394916] *** End of error message ***
[hydra07:405902] [ 9] /opt/mpi/openmpi-4.1.4//lib/libmpi.so.40(PMPI_Group_incl+0x95)[0x7fa645b7f185]
[hydra07:405902] [10] /home/thesis/jheld/MPI_Syrk_implementation/build/src/MPI_SYRK_implementation(+0x841a)[0x55d015c0041a]
[hydra03:396155] [12] /lib/x86_64-linux-gnu/libc.so.6(__libc_start_main+0xea)[0x7ff3bb529d7a]
[hydra03:396155] [13] /home/thesis/jheld/MPI_Syrk_implementation/build/src/MPI_SYRK_implementation(+0x232a)[0x55bea852532a]
[hydra03:396155] *** End of error message ***
[hydra07:405902] [11] /home/thesis/jheld/MPI_Syrk_implementation/build/src/MPI_SYRK_implementation(+0x2ab0)[0x55d015bfaab0]
[hydra03:396157] [10] /home/thesis/jheld/MPI_Syrk_implementation/build/src/MPI_SYRK_implementation(+0x841a)[0x562d5814b41a]
[hydra03:396157] [11] /home/thesis/jheld/MPI_Syrk_implementation/build/src/MPI_SYRK_implementation(+0x2ab0)[0x562d58145ab0]
[hydra07:405902] [12] /lib/x86_64-linux-gnu/libc.so.6(__libc_start_main+0xea)[0x7fa643c1dd7a]
[hydra07:405902] [13] /home/thesis/jheld/MPI_Syrk_implementation/build/src/MPI_SYRK_implementation(+0x232a)[0x55d015bfa32a]
[hydra03:396157] [12] /lib/x86_64-linux-gnu/libc.so.6(__libc_start_main+0xea)[0x7f6849c88d7a]
[hydra03:396157] [13] /home/thesis/jheld/MPI_Syrk_implementation/build/src/MPI_SYRK_implementation(+0x232a)[0x562d5814532a]
[hydra03:396157] *** End of error message ***
[hydra07:405902] *** End of error message ***
[hydra08:381183] [12] /lib/x86_64-linux-gnu/libc.so.6(__libc_start_main+0xea)[0x7f3c92b7fd7a]
[hydra08:381183] [13] /home/thesis/jheld/MPI_Syrk_implementation/build/src/MPI_SYRK_implementation(+0x232a)[0x5651440f832a]
[hydra08:381183] *** End of error message ***
[hydra08:381182] [12] /lib/x86_64-linux-gnu/libc.so.6(__libc_start_main+0xea)[0x7fd3817c0d7a]
[hydra08:381182] [13] /home/thesis/jheld/MPI_Syrk_implementation/build/src/MPI_SYRK_implementation(+0x232a)[0x56402495332a]
[hydra08:381182] *** End of error message ***
srun: error: hydra06: task 17: Aborted
srun: error: hydra09: task 24: Aborted
srun: error: hydra02: task 5: Aborted
srun: error: hydra12: task 35: Aborted
srun: error: hydra11: task 30: Aborted
srun: error: hydra05: task 12: Aborted
srun: error: hydra04: tasks 9-10: Aborted
srun: error: hydra07: tasks 18,20: Aborted
srun: error: hydra08: tasks 21-22: Aborted
srun: error: hydra03: tasks 6,8: Aborted
srun: error: hydra10: tasks 27-28: Aborted
slurmstepd: error:  mpi/pmix_v4: _errhandler: hydra12 [11]: pmixp_client_v2.c:211: Error handler invoked: status = -61, source = [slurm.pmix.5008693.5:35]
slurmstepd: error:  mpi/pmix_v4: _errhandler: hydra06 [5]: pmixp_client_v2.c:211: Error handler invoked: status = -61, source = [slurm.pmix.5008693.5:17]
slurmstepd: error:  mpi/pmix_v4: _errhandler: hydra09 [8]: pmixp_client_v2.c:211: Error handler invoked: status = -61, source = [slurm.pmix.5008693.5:24]
slurmstepd: error:  mpi/pmix_v4: _errhandler: hydra11 [10]: pmixp_client_v2.c:211: Error handler invoked: status = -61, source = [slurm.pmix.5008693.5:30]
slurmstepd: error:  mpi/pmix_v4: _errhandler: hydra02 [1]: pmixp_client_v2.c:211: Error handler invoked: status = -61, source = [slurm.pmix.5008693.5:5]
slurmstepd: error:  mpi/pmix_v4: _errhandler: hydra05 [4]: pmixp_client_v2.c:211: Error handler invoked: status = -61, source = [slurm.pmix.5008693.5:12]
slurmstepd: error:  mpi/pmix_v4: _errhandler: hydra08 [7]: pmixp_client_v2.c:211: Error handler invoked: status = -61, source = [slurm.pmix.5008693.5:22]
slurmstepd: error:  mpi/pmix_v4: _errhandler: hydra07 [6]: pmixp_client_v2.c:211: Error handler invoked: status = -61, source = [slurm.pmix.5008693.5:18]
slurmstepd: error: *** STEP 5008693.5 ON hydra01 CANCELLED AT 2025-10-13T15:31:17 ***
srun: Job step aborted: Waiting up to 32 seconds for job step to finish.
srun: error: hydra08: task 23: Killed
srun: error: hydra04: task 11: Killed
srun: error: hydra10: task 29: Killed
srun: error: hydra07: task 19: Killed
srun: error: hydra03: task 7: Killed
srun: error: hydra12: tasks 33-34: Killed
srun: error: hydra11: tasks 31-32: Killed
srun: error: hydra02: tasks 3-4: Killed
srun: error: hydra05: tasks 13-14: Killed
srun: error: hydra06: tasks 15-16: Killed
srun: error: hydra09: tasks 25-26: Killed
srun: error: hydra01: tasks 0-2: Killed
⚠️ Warning: No runtime found for run 6
srun: Warning: can't honor --ntasks-per-node set to 1 which doesn't match the requested tasks 36 with the number of requested nodes 12. Ignoring --ntasks-per-node.
missing input file name --> Generate random input
malloc(): invalid size (unsorted)
[hydra01:881852] *** Process received signal ***
[hydra01:881852] Signal: Aborted (6)
[hydra01:881852] Signal code:  (-6)
malloc(): invalid size (unsorted)
[hydra01:881852] [ 0] /lib/x86_64-linux-gnu/libc.so.6(+0x38de0)[0x7f141542dde0]
malloc(): invalid size (unsorted)
[hydra05:378924] *** Process received signal ***
[hydra05:378924] Signal: Aborted (6)
[hydra05:378924] Signal code:  (-6)
[hydra01:881853] *** Process received signal ***
[hydra01:881853] Signal: Aborted (6)
[hydra01:881853] Signal code:  (-6)
[hydra01:881852] [ 1] /lib/x86_64-linux-gnu/libc.so.6(gsignal+0x141)[0x7f141542dd61]
[hydra01:881852] [ 2] /lib/x86_64-linux-gnu/libc.so.6(abort+0x123)[0x7f1415417537]
malloc(): invalid size (unsorted)
[hydra02:566131] *** Process received signal ***
[hydra02:566131] Signal: Aborted (6)
[hydra02:566131] Signal code:  (-6)
malloc(): invalid size (unsorted)
[hydra06:379601] *** Process received signal ***
[hydra06:379601] Signal: Aborted (6)
[hydra06:379601] Signal code:  (-6)
malloc(): invalid size (unsorted)
[hydra07:405960] *** Process received signal ***
[hydra07:405960] Signal: Aborted (6)
[hydra07:405960] Signal code:  (-6)
[hydra01:881852] [ 3] /lib/x86_64-linux-gnu/libc.so.6(+0x7a468)[0x7f141546f468]
malloc(): invalid size (unsorted)
[hydra03:396215] *** Process received signal ***
[hydra03:396215] Signal: Aborted (6)
[hydra03:396215] Signal code:  (-6)
[hydra01:881853] [ 0] /lib/x86_64-linux-gnu/libc.so.6(+0x38de0)[0x7f3f65af7de0]
malloc(): invalid size (unsorted)
[hydra04:394977] *** Process received signal ***
[hydra04:394977] Signal: Aborted (6)
[hydra04:394977] Signal code:  (-6)
malloc(): invalid size (unsorted)
[hydra09:372536] *** Process received signal ***
[hydra09:372536] Signal: Aborted (6)
[hydra09:372536] Signal code:  (-6)
malloc(): invalid size (unsorted)
[hydra08:381242] *** Process received signal ***
[hydra08:381242] Signal: Aborted (6)
[hydra08:381242] Signal code:  (-6)
[hydra01:881852] [ 4] /lib/x86_64-linux-gnu/libc.so.6(+0x8175a)[0x7f141547675a]
[hydra01:881853] [ 1] /lib/x86_64-linux-gnu/libc.so.6(gsignal+0x141)[0x7f3f65af7d61]
[hydra01:881852] [ 5] /lib/x86_64-linux-gnu/libc.so.6(+0x8483c)[0x7f141547983c]
[hydra04:394977] [ 0] /lib/x86_64-linux-gnu/libc.so.6(+0x38de0)[0x7fe2e9a92de0]
[hydra01:881853] [ 2] /lib/x86_64-linux-gnu/libc.so.6(abort+0x123)[0x7f3f65ae1537]
malloc(): invalid size (unsorted)
[hydra11:359306] *** Process received signal ***
[hydra11:359306] Signal: Aborted (6)
[hydra11:359306] Signal code:  (-6)
[hydra01:881852] [ 6] /lib/x86_64-linux-gnu/libc.so.6(__libc_calloc+0x81)[0x7f141547bbd1]
[hydra04:394977] [ 1] /lib/x86_64-linux-gnu/libc.so.6(gsignal+0x141)[0x7fe2e9a92d61]
malloc(): invalid size (unsorted)
[hydra10:490717] *** Process received signal ***
[hydra10:490717] Signal: Aborted (6)
[hydra10:490717] Signal code:  (-6)
[hydra01:881852] [ 7] /opt/mpi/openmpi-4.1.4//lib/libmpi.so.40(ompi_group_allocate+0x17)[0x7f14173491e7]
[hydra01:881853] [ 3] /lib/x86_64-linux-gnu/libc.so.6(+0x7a468)[0x7f3f65b39468]
[hydra01:881852] [ 8] /opt/mpi/openmpi-4.1.4//lib/libmpi.so.40(ompi_group_incl_plist+0x65)[0x7f1417349915]
[hydra04:394977] [ 2] /lib/x86_64-linux-gnu/libc.so.6(abort+0x123)[0x7fe2e9a7c537]
[hydra11:359306] [ 0] /lib/x86_64-linux-gnu/libc.so.6(+0x38de0)[0x7f2cf525fde0]
[hydra01:881853] [ 4] /lib/x86_64-linux-gnu/libc.so.6(+0x8175a)[0x7f3f65b4075a]
[hydra04:394977] [ 3] /lib/x86_64-linux-gnu/libc.so.6(+0x7a468)[0x7fe2e9ad4468]
[hydra11:359306] [ 1] /lib/x86_64-linux-gnu/libc.so.6(gsignal+0x141)[0x7f2cf525fd61]
[hydra01:881852] [ 9] /opt/mpi/openmpi-4.1.4//lib/libmpi.so.40(PMPI_Group_incl+0x95)[0x7f141737a185]
[hydra01:881852] [10] /home/thesis/jheld/MPI_Syrk_implementation/build/src/MPI_SYRK_implementation(+0x841a)[0x561a20b3841a]
malloc(): invalid size (unsorted)
[hydra01:881853] [ 5] /lib/x86_64-linux-gnu/libc.so.6(+0x8483c)[0x7f3f65b4383c]
[hydra05:378924] [ 0] /lib/x86_64-linux-gnu/libc.so.6(+0x38de0)[0x7fa5190cdde0]
[hydra04:394977] [ 4] /lib/x86_64-linux-gnu/libc.so.6(+0x8175a)[0x7fe2e9adb75a]
[hydra11:359306] [ 2] /lib/x86_64-linux-gnu/libc.so.6(abort+0x123)[0x7f2cf5249537]
malloc(): invalid size (unsorted)
[hydra03:396216] *** Process received signal ***
[hydra01:881852] [11] /home/thesis/jheld/MPI_Syrk_implementation/build/src/MPI_SYRK_implementation(+0x2ab0)[0x561a20b32ab0]
[hydra05:378925] *** Process received signal ***
[hydra04:394977] [ 5] /lib/x86_64-linux-gnu/libc.so.6(+0x8483c)[0x7fe2e9ade83c]
[hydra03:396216] Signal: Aborted (6)
[hydra03:396216] Signal code:  (-6)
[hydra01:881852] [12] /lib/x86_64-linux-gnu/libc.so.6(__libc_start_main+0xea)[0x7f1415418d7a]
[hydra01:881852] [13] /home/thesis/jheld/MPI_Syrk_implementation/build/src/MPI_SYRK_implementation(+0x232a)[0x561a20b3232a]
[hydra01:881852] *** End of error message ***
[hydra05:378925] Signal: Aborted (6)
[hydra05:378925] Signal code:  (-6)
[hydra04:394977] [ 6] /lib/x86_64-linux-gnu/libc.so.6(__libc_calloc+0x81)[0x7fe2e9ae0bd1]
[hydra11:359306] [ 3] /lib/x86_64-linux-gnu/libc.so.6(+0x7a468)[0x7f2cf52a1468]
[hydra03:396215] [ 0] /lib/x86_64-linux-gnu/libc.so.6(+0x38de0)[0x7fbdfc88bde0]
malloc(): invalid size (unsorted)
[hydra01:881853] [ 6] /lib/x86_64-linux-gnu/libc.so.6(__libc_calloc+0x81)[0x7f3f65b45bd1]
[hydra01:881853] [ 7] /opt/mpi/openmpi-4.1.4//lib/libmpi.so.40(ompi_group_allocate+0x17)[0x7f3f67a131e7]
[hydra05:378924] [ 1] /lib/x86_64-linux-gnu/libc.so.6(gsignal+0x141)[0x7fa5190cdd61]
[hydra03:396215] [ 1] /lib/x86_64-linux-gnu/libc.so.6(gsignal+0x141)[0x7fbdfc88bd61]
[hydra07:405961] *** Process received signal ***
[hydra01:881853] [ 8] /opt/mpi/openmpi-4.1.4//lib/libmpi.so.40(ompi_group_incl_plist+0x65)[0x7f3f67a13915]
[hydra05:378924] [ 2] /lib/x86_64-linux-gnu/libc.so.6(abort+0x123)[0x7fa5190b7537]
[hydra04:394977] [ 7] /opt/mpi/openmpi-4.1.4//lib/libmpi.so.40(ompi_group_allocate+0x17)[0x7fe2eb9ae1e7]
[hydra11:359306] [ 4] /lib/x86_64-linux-gnu/libc.so.6(+0x8175a)[0x7f2cf52a875a]
malloc(): invalid size (unsorted)
[hydra08:381241] *** Process received signal ***
[hydra03:396216] [ 0] /lib/x86_64-linux-gnu/libc.so.6(+0x38de0)[0x7fc25d1acde0]
[hydra07:405960] [ 0] /lib/x86_64-linux-gnu/libc.so.6(+0x38de0)[0x7ff75fa37de0]
[hydra01:881853] [ 9] /opt/mpi/openmpi-4.1.4//lib/libmpi.so.40(PMPI_Group_incl+0x95)[0x7f3f67a44185]
[hydra05:378924] [ 3] /lib/x86_64-linux-gnu/libc.so.6(+0x7a468)[0x7fa51910f468]
[hydra04:394977] [ 8] /opt/mpi/openmpi-4.1.4//lib/libmpi.so.40(ompi_group_incl_plist+0x65)[0x7fe2eb9ae915]
[hydra11:359306] [ 5] /lib/x86_64-linux-gnu/libc.so.6(+0x8483c)[0x7f2cf52ab83c]
[hydra08:381241] Signal: Aborted (6)
[hydra08:381241] Signal code:  (-6)
[hydra03:396215] [ 2] /lib/x86_64-linux-gnu/libc.so.6(abort+0x123)[0x7fbdfc875537]
[hydra07:405961] Signal: Aborted (6)
[hydra07:405961] Signal code:  (-6)
[hydra06:379601] [ 0] /lib/x86_64-linux-gnu/libc.so.6(+0x38de0)[0x7f8901be6de0]
[hydra09:372536] [ 0] /lib/x86_64-linux-gnu/libc.so.6(+0x38de0)[0x7f9efda9cde0]
[hydra01:881853] [10] /home/thesis/jheld/MPI_Syrk_implementation/build/src/MPI_SYRK_implementation(+0x841a)[0x562ba3a7841a]
[hydra01:881853] [11] /home/thesis/jheld/MPI_Syrk_implementation/build/src/MPI_SYRK_implementation(+0x2ab0)[0x562ba3a72ab0]
[hydra05:378924] [ 4] /lib/x86_64-linux-gnu/libc.so.6(+0x8175a)[0x7fa51911675a]
[hydra04:394977] [ 9] /opt/mpi/openmpi-4.1.4//lib/libmpi.so.40(PMPI_Group_incl+0x95)[0x7fe2eb9df185]
[hydra04:394977] [10] /home/thesis/jheld/MPI_Syrk_implementation/build/src/MPI_SYRK_implementation(+0x841a)[0x55780157f41a]
[hydra11:359306] [ 6] /lib/x86_64-linux-gnu/libc.so.6(__libc_calloc+0x81)[0x7f2cf52adbd1]
[hydra08:381242] [ 0] /lib/x86_64-linux-gnu/libc.so.6(+0x38de0)[0x7f4c80b49de0]
[hydra03:396216] [ 1] /lib/x86_64-linux-gnu/libc.so.6(gsignal+0x141)[0x7fc25d1acd61]
[hydra07:405960] [ 1] /lib/x86_64-linux-gnu/libc.so.6(gsignal+0x141)[0x7ff75fa37d61]
[hydra06:379601] [ 1] /lib/x86_64-linux-gnu/libc.so.6(gsignal+0x141)[0x7f8901be6d61]
[hydra09:372536] [ 1] /lib/x86_64-linux-gnu/libc.so.6(gsignal+0x141)[0x7f9efda9cd61]
[hydra01:881853] [12] /lib/x86_64-linux-gnu/libc.so.6(__libc_start_main+0xea)[0x7f3f65ae2d7a]
[hydra05:378925] [ 0] /lib/x86_64-linux-gnu/libc.so.6(+0x38de0)[0x7f6475849de0]
[hydra04:394977] [11] /home/thesis/jheld/MPI_Syrk_implementation/build/src/MPI_SYRK_implementation(+0x2ab0)[0x557801579ab0]
[hydra11:359306] [ 7] /opt/mpi/openmpi-4.1.4//lib/libmpi.so.40(ompi_group_allocate+0x17)[0x7f2cf717b1e7]
[hydra08:381242] [ 1] /lib/x86_64-linux-gnu/libc.so.6(gsignal+0x141)[0x7f4c80b49d61]
[hydra03:396215] [ 3] /lib/x86_64-linux-gnu/libc.so.6(+0x7a468)[0x7fbdfc8cd468]
[hydra07:405960] [ 2] /lib/x86_64-linux-gnu/libc.so.6(abort+0x123)[0x7ff75fa21537]
[hydra06:379601] [ 2] /lib/x86_64-linux-gnu/libc.so.6(abort+0x123)[0x7f8901bd0537]
[hydra09:372536] [ 2] /lib/x86_64-linux-gnu/libc.so.6(abort+0x123)[0x7f9efda86537]
[hydra01:881853] [13] /home/thesis/jheld/MPI_Syrk_implementation/build/src/MPI_SYRK_implementation(+0x232a)[0x562ba3a7232a]
[hydra01:881853] *** End of error message ***
[hydra05:378925] [ 1] /lib/x86_64-linux-gnu/libc.so.6(gsignal+0x141)[0x7f6475849d61]
[hydra04:394977] [12] /lib/x86_64-linux-gnu/libc.so.6(__libc_start_main+0xea)[0x7fe2e9a7dd7a]
[hydra11:359306] [ 8] /opt/mpi/openmpi-4.1.4//lib/libmpi.so.40(ompi_group_incl_plist+0x65)[0x7f2cf717b915]
[hydra08:381241] [ 0] /lib/x86_64-linux-gnu/libc.so.6(+0x38de0)[0x7f4518745de0]
[hydra10:490717] [ 0] /lib/x86_64-linux-gnu/libc.so.6(+0x38de0)[0x7f41510f0de0]
[hydra02:566131] [ 0] /lib/x86_64-linux-gnu/libc.so.6(+0x38de0)[0x7fda217cdde0]
[hydra03:396216] [ 2] /lib/x86_64-linux-gnu/libc.so.6(abort+0x123)[0x7fc25d196537]
[hydra07:405960] [ 3] /lib/x86_64-linux-gnu/libc.so.6(+0x7a468)[0x7ff75fa79468]
[hydra06:379601] [ 3] /lib/x86_64-linux-gnu/libc.so.6(+0x7a468)[0x7f8901c28468]
[hydra09:372536] [ 3] /lib/x86_64-linux-gnu/libc.so.6(+0x7a468)[0x7f9efdade468]
[hydra05:378924] [ 5] /lib/x86_64-linux-gnu/libc.so.6(+0x8483c)[0x7fa51911983c]
[hydra04:394977] [13] /home/thesis/jheld/MPI_Syrk_implementation/build/src/MPI_SYRK_implementation(+0x232a)[0x55780157932a]
[hydra04:394977] *** End of error message ***
[hydra11:359306] [ 9] /opt/mpi/openmpi-4.1.4//lib/libmpi.so.40(PMPI_Group_incl+0x95)[0x7f2cf71ac185]
[hydra08:381242] [ 2] /lib/x86_64-linux-gnu/libc.so.6(abort+0x123)[0x7f4c80b33537]
[hydra10:490717] [ 1] /lib/x86_64-linux-gnu/libc.so.6(gsignal+0x141)[0x7f41510f0d61]
[hydra02:566131] [ 1] /lib/x86_64-linux-gnu/libc.so.6(gsignal+0x141)[0x7fda217cdd61]
[hydra03:396215] [ 4] /lib/x86_64-linux-gnu/libc.so.6(+0x8175a)[0x7fbdfc8d475a]
[hydra07:405961] [ 0] /lib/x86_64-linux-gnu/libc.so.6(+0x38de0)[0x7fd6c9d7ade0]
[hydra06:379601] [ 4] /lib/x86_64-linux-gnu/libc.so.6(+0x8175a)[0x7f8901c2f75a]
[hydra09:372536] [ 4] /lib/x86_64-linux-gnu/libc.so.6(+0x8175a)[0x7f9efdae575a]
[hydra05:378925] [ 2] /lib/x86_64-linux-gnu/libc.so.6(abort+0x123)[0x7f6475833537]
[hydra11:359306] [10] /home/thesis/jheld/MPI_Syrk_implementation/build/src/MPI_SYRK_implementation(+0x841a)[0x556e51b9441a]
[hydra11:359306] [11] /home/thesis/jheld/MPI_Syrk_implementation/build/src/MPI_SYRK_implementation(+0x2ab0)[0x556e51b8eab0]
[hydra08:381241] [ 1] /lib/x86_64-linux-gnu/libc.so.6(gsignal+0x141)[0x7f4518745d61]
[hydra10:490717] [ 2] /lib/x86_64-linux-gnu/libc.so.6(abort+0x123)[0x7f41510da537]
[hydra02:566131] [ 2] /lib/x86_64-linux-gnu/libc.so.6(abort+0x123)[0x7fda217b7537]
[hydra03:396216] [ 3] /lib/x86_64-linux-gnu/libc.so.6(+0x7a468)[0x7fc25d1ee468]
[hydra07:405960] [ 4] /lib/x86_64-linux-gnu/libc.so.6(+0x8175a)[0x7ff75fa8075a]
[hydra06:379601] [ 5] /lib/x86_64-linux-gnu/libc.so.6(+0x8483c)[0x7f8901c3283c]
[hydra09:372536] [ 5] /lib/x86_64-linux-gnu/libc.so.6(+0x8483c)[0x7f9efdae883c]
[hydra05:378924] [ 6] /lib/x86_64-linux-gnu/libc.so.6(__libc_calloc+0x81)[0x7fa51911bbd1]
[hydra11:359306] [12] /lib/x86_64-linux-gnu/libc.so.6(__libc_start_main+0xea)[0x7f2cf524ad7a]
[hydra11:359306] [13] /home/thesis/jheld/MPI_Syrk_implementation/build/src/MPI_SYRK_implementation(+0x232a)[0x556e51b8e32a]
[hydra08:381242] [ 3] /lib/x86_64-linux-gnu/libc.so.6(+0x7a468)[0x7f4c80b8b468]
[hydra10:490717] [ 3] /lib/x86_64-linux-gnu/libc.so.6(+0x7a468)[0x7f4151132468]
[hydra02:566131] [ 3] /lib/x86_64-linux-gnu/libc.so.6(+0x7a468)[0x7fda2180f468]
[hydra03:396215] [ 5] /lib/x86_64-linux-gnu/libc.so.6(+0x8483c)[0x7fbdfc8d783c]
[hydra07:405961] [ 1] /lib/x86_64-linux-gnu/libc.so.6(gsignal+0x141)[0x7fd6c9d7ad61]
[hydra06:379601] [ 6] /lib/x86_64-linux-gnu/libc.so.6(__libc_calloc+0x81)[0x7f8901c34bd1]
[hydra09:372536] [ 6] /lib/x86_64-linux-gnu/libc.so.6(__libc_calloc+0x81)[0x7f9efdaeabd1]
[hydra05:378924] [ 7] /opt/mpi/openmpi-4.1.4//lib/libmpi.so.40(ompi_group_allocate+0x17)[0x7fa51afe91e7]
[hydra11:359306] *** End of error message ***
[hydra08:381241] [ 2] /lib/x86_64-linux-gnu/libc.so.6(abort+0x123)[0x7f451872f537]
[hydra10:490717] [ 4] /lib/x86_64-linux-gnu/libc.so.6(+0x8175a)[0x7f415113975a]
[hydra02:566131] [ 4] /lib/x86_64-linux-gnu/libc.so.6(+0x8175a)[0x7fda2181675a]
[hydra03:396216] [ 4] /lib/x86_64-linux-gnu/libc.so.6(+0x8175a)[0x7fc25d1f575a]
[hydra07:405960] [ 5] /lib/x86_64-linux-gnu/libc.so.6(+0x8483c)[0x7ff75fa8383c]
[hydra06:379601] [ 7] /opt/mpi/openmpi-4.1.4//lib/libmpi.so.40(ompi_group_allocate+0x17)[0x7f8903b021e7]
[hydra09:372536] [ 7] /opt/mpi/openmpi-4.1.4//lib/libmpi.so.40(ompi_group_allocate+0x17)[0x7f9eff9b81e7]
[hydra05:378925] [ 3] /lib/x86_64-linux-gnu/libc.so.6(+0x7a468)[0x7f647588b468]
[hydra08:381242] [ 4] /lib/x86_64-linux-gnu/libc.so.6(+0x8175a)[0x7f4c80b9275a]
[hydra10:490717] [ 5] /lib/x86_64-linux-gnu/libc.so.6(+0x8483c)[0x7f415113c83c]
[hydra02:566131] [ 5] /lib/x86_64-linux-gnu/libc.so.6(+0x8483c)[0x7fda2181983c]
[hydra03:396215] [ 6] /lib/x86_64-linux-gnu/libc.so.6(__libc_calloc+0x81)[0x7fbdfc8d9bd1]
[hydra07:405961] [ 2] /lib/x86_64-linux-gnu/libc.so.6(abort+0x123)[0x7fd6c9d64537]
[hydra06:379601] [ 8] /opt/mpi/openmpi-4.1.4//lib/libmpi.so.40(ompi_group_incl_plist+0x65)[0x7f8903b02915]
[hydra09:372536] [ 8] /opt/mpi/openmpi-4.1.4//lib/libmpi.so.40(ompi_group_incl_plist+0x65)[0x7f9eff9b8915]
[hydra05:378924] [ 8] /opt/mpi/openmpi-4.1.4//lib/libmpi.so.40(ompi_group_incl_plist+0x65)[0x7fa51afe9915]
[hydra08:381241] [ 3] /lib/x86_64-linux-gnu/libc.so.6(+0x7a468)[0x7f4518787468]
[hydra10:490717] [ 6] /lib/x86_64-linux-gnu/libc.so.6(__libc_calloc+0x81)[0x7f415113ebd1]
[hydra02:566131] [ 6] /lib/x86_64-linux-gnu/libc.so.6(__libc_calloc+0x81)[0x7fda2181bbd1]
[hydra03:396216] [ 5] /lib/x86_64-linux-gnu/libc.so.6(+0x8483c)[0x7fc25d1f883c]
[hydra07:405960] [ 6] /lib/x86_64-linux-gnu/libc.so.6(__libc_calloc+0x81)[0x7ff75fa85bd1]
[hydra06:379601] [ 9] /opt/mpi/openmpi-4.1.4//lib/libmpi.so.40(PMPI_Group_incl+0x95)[0x7f8903b33185]
[hydra06:379601] [10] /home/thesis/jheld/MPI_Syrk_implementation/build/src/MPI_SYRK_implementation(+0x841a)[0x565288b9c41a]
[hydra09:372536] [ 9] /opt/mpi/openmpi-4.1.4//lib/libmpi.so.40(PMPI_Group_incl+0x95)[0x7f9eff9e9185]
[hydra05:378925] [ 4] /lib/x86_64-linux-gnu/libc.so.6(+0x8175a)[0x7f647589275a]
[hydra08:381242] [ 5] /lib/x86_64-linux-gnu/libc.so.6(+0x8483c)[0x7f4c80b9583c]
[hydra10:490717] [ 7] /opt/mpi/openmpi-4.1.4//lib/libmpi.so.40(ompi_group_allocate+0x17)[0x7f415300c1e7]
[hydra02:566131] [ 7] /opt/mpi/openmpi-4.1.4//lib/libmpi.so.40(ompi_group_allocate+0x17)[0x7fda236e91e7]
[hydra03:396215] [ 7] /opt/mpi/openmpi-4.1.4//lib/libmpi.so.40(ompi_group_allocate+0x17)[0x7fbdfe7a71e7]
[hydra07:405961] [ 3] /lib/x86_64-linux-gnu/libc.so.6(+0x7a468)[0x7fd6c9dbc468]
[hydra06:379601] [11] /home/thesis/jheld/MPI_Syrk_implementation/build/src/MPI_SYRK_implementation(+0x2ab0)[0x565288b96ab0]
[hydra09:372536] [10] /home/thesis/jheld/MPI_Syrk_implementation/build/src/MPI_SYRK_implementation(+0x841a)[0x5569b8cbc41a]
[hydra09:372536] [11] /home/thesis/jheld/MPI_Syrk_implementation/build/src/MPI_SYRK_implementation(+0x2ab0)[0x5569b8cb6ab0]
[hydra05:378924] [ 9] /opt/mpi/openmpi-4.1.4//lib/libmpi.so.40(PMPI_Group_incl+0x95)[0x7fa51b01a185]
[hydra05:378924] [10] /home/thesis/jheld/MPI_Syrk_implementation/build/src/MPI_SYRK_implementation(+0x841a)[0x55839cc9541a]
[hydra08:381241] [ 4] /lib/x86_64-linux-gnu/libc.so.6(+0x8175a)[0x7f451878e75a]
[hydra10:490717] [ 8] /opt/mpi/openmpi-4.1.4//lib/libmpi.so.40(ompi_group_incl_plist+0x65)[0x7f415300c915]
[hydra02:566131] [ 8] /opt/mpi/openmpi-4.1.4//lib/libmpi.so.40(ompi_group_incl_plist+0x65)[0x7fda236e9915]
[hydra03:396216] [ 6] /lib/x86_64-linux-gnu/libc.so.6(__libc_calloc+0x81)[0x7fc25d1fabd1]
[hydra07:405960] [ 7] /opt/mpi/openmpi-4.1.4//lib/libmpi.so.40(ompi_group_allocate+0x17)[0x7ff7619531e7]
[hydra06:379601] [12] /lib/x86_64-linux-gnu/libc.so.6(__libc_start_main+0xea)[0x7f8901bd1d7a]
[hydra09:372536] [12] /lib/x86_64-linux-gnu/libc.so.6(__libc_start_main+0xea)[0x7f9efda87d7a]
[hydra09:372536] [13] /home/thesis/jheld/MPI_Syrk_implementation/build/src/MPI_SYRK_implementation(+0x232a)[0x5569b8cb632a]
[hydra05:378924] [11] /home/thesis/jheld/MPI_Syrk_implementation/build/src/MPI_SYRK_implementation(+0x2ab0)[0x55839cc8fab0]
[hydra08:381242] [ 6] /lib/x86_64-linux-gnu/libc.so.6(__libc_calloc+0x81)[0x7f4c80b97bd1]
[hydra10:490717] [ 9] /opt/mpi/openmpi-4.1.4//lib/libmpi.so.40(PMPI_Group_incl+0x95)[0x7f415303d185]
[hydra10:490717] [10] /home/thesis/jheld/MPI_Syrk_implementation/build/src/MPI_SYRK_implementation(+0x841a)[0x55ef0dba841a]
[hydra02:566131] [ 9] /opt/mpi/openmpi-4.1.4//lib/libmpi.so.40(PMPI_Group_incl+0x95)[0x7fda2371a185]
[hydra02:566131] [10] /home/thesis/jheld/MPI_Syrk_implementation/build/src/MPI_SYRK_implementation(+0x841a)[0x55f995a1041a]
[hydra03:396215] [ 8] /opt/mpi/openmpi-4.1.4//lib/libmpi.so.40(ompi_group_incl_plist+0x65)[0x7fbdfe7a7915]
[hydra07:405960] [ 8] /opt/mpi/openmpi-4.1.4//lib/libmpi.so.40(ompi_group_incl_plist+0x65)[0x7ff761953915]
[hydra06:379601] [13] /home/thesis/jheld/MPI_Syrk_implementation/build/src/MPI_SYRK_implementation(+0x232a)[0x565288b9632a]
[hydra06:379601] *** End of error message ***
[hydra09:372536] *** End of error message ***
[hydra05:378925] [ 5] /lib/x86_64-linux-gnu/libc.so.6(+0x8483c)[0x7f647589583c]
[hydra08:381241] [ 5] /lib/x86_64-linux-gnu/libc.so.6(+0x8483c)[0x7f451879183c]
[hydra10:490717] [11] /home/thesis/jheld/MPI_Syrk_implementation/build/src/MPI_SYRK_implementation(+0x2ab0)[0x55ef0dba2ab0]
[hydra02:566131] [11] /home/thesis/jheld/MPI_Syrk_implementation/build/src/MPI_SYRK_implementation(+0x2ab0)[0x55f995a0aab0]
[hydra03:396216] [ 7] /opt/mpi/openmpi-4.1.4//lib/libmpi.so.40(ompi_group_allocate+0x17)[0x7fc25f0c81e7]
[hydra07:405961] [ 4] /lib/x86_64-linux-gnu/libc.so.6(+0x8175a)[0x7fd6c9dc375a]
[hydra05:378924] [12] /lib/x86_64-linux-gnu/libc.so.6(__libc_start_main+0xea)[0x7fa5190b8d7a]
[hydra05:378924] [13] /home/thesis/jheld/MPI_Syrk_implementation/build/src/MPI_SYRK_implementation(+0x232a)[0x55839cc8f32a]
[hydra08:381242] [ 7] /opt/mpi/openmpi-4.1.4//lib/libmpi.so.40(ompi_group_allocate+0x17)[0x7f4c82a651e7]
[hydra10:490717] [12] /lib/x86_64-linux-gnu/libc.so.6(__libc_start_main+0xea)[0x7f41510dbd7a]
[hydra10:490717] [13] /home/thesis/jheld/MPI_Syrk_implementation/build/src/MPI_SYRK_implementation(+0x232a)[0x55ef0dba232a]
[hydra02:566131] [12] /lib/x86_64-linux-gnu/libc.so.6(__libc_start_main+0xea)[0x7fda217b8d7a]
[hydra02:566131] [13] /home/thesis/jheld/MPI_Syrk_implementation/build/src/MPI_SYRK_implementation(+0x232a)[0x55f995a0a32a]
[hydra03:396215] [ 9] /opt/mpi/openmpi-4.1.4//lib/libmpi.so.40(PMPI_Group_incl+0x95)[0x7fbdfe7d8185]
[hydra07:405960] [ 9] /opt/mpi/openmpi-4.1.4//lib/libmpi.so.40(PMPI_Group_incl+0x95)[0x7ff761984185]
[hydra05:378925] [ 6] /lib/x86_64-linux-gnu/libc.so.6(__libc_calloc+0x81)[0x7f6475897bd1]
[hydra08:381242] [ 8] /opt/mpi/openmpi-4.1.4//lib/libmpi.so.40(ompi_group_incl_plist+0x65)[0x7f4c82a65915]
[hydra10:490717] *** End of error message ***
[hydra02:566131] *** End of error message ***
[hydra03:396216] [ 8] /opt/mpi/openmpi-4.1.4//lib/libmpi.so.40(ompi_group_incl_plist+0x65)[0x7fc25f0c8915]
[hydra07:405960] [10] /home/thesis/jheld/MPI_Syrk_implementation/build/src/MPI_SYRK_implementation(+0x841a)[0x55e99237541a]
[hydra07:405960] [11] /home/thesis/jheld/MPI_Syrk_implementation/build/src/MPI_SYRK_implementation(+0x2ab0)[0x55e99236fab0]
[hydra05:378924] *** End of error message ***
[hydra08:381241] [ 6] /lib/x86_64-linux-gnu/libc.so.6(__libc_calloc+0x81)[0x7f4518793bd1]
[hydra03:396215] [10] /home/thesis/jheld/MPI_Syrk_implementation/build/src/MPI_SYRK_implementation(+0x841a)[0x563eb37af41a]
[hydra03:396215] [11] /home/thesis/jheld/MPI_Syrk_implementation/build/src/MPI_SYRK_implementation(+0x2ab0)[0x563eb37a9ab0]
[hydra07:405961] [ 5] /lib/x86_64-linux-gnu/libc.so.6(+0x8483c)[0x7fd6c9dc683c]
[hydra08:381242] [ 9] /opt/mpi/openmpi-4.1.4//lib/libmpi.so.40(PMPI_Group_incl+0x95)[0x7f4c82a96185]
[hydra07:405960] [12] /lib/x86_64-linux-gnu/libc.so.6(__libc_start_main+0xea)[0x7ff75fa22d7a]
[hydra08:381241] [ 7] /opt/mpi/openmpi-4.1.4//lib/libmpi.so.40(ompi_group_allocate+0x17)[0x7f451a6611e7]
[hydra07:405961] [ 6] /lib/x86_64-linux-gnu/libc.so.6(__libc_calloc+0x81)[0x7fd6c9dc8bd1]
[hydra08:381242] [10] /home/thesis/jheld/MPI_Syrk_implementation/build/src/MPI_SYRK_implementation(+0x841a)[0x55f2717a141a]
[hydra08:381242] [11] /home/thesis/jheld/MPI_Syrk_implementation/build/src/MPI_SYRK_implementation(+0x2ab0)[0x55f27179bab0]
[hydra07:405960] [13] /home/thesis/jheld/MPI_Syrk_implementation/build/src/MPI_SYRK_implementation(+0x232a)[0x55e99236f32a]
[hydra07:405960] *** End of error message ***
[hydra08:381241] [ 8] /opt/mpi/openmpi-4.1.4//lib/libmpi.so.40(ompi_group_incl_plist+0x65)[0x7f451a661915]
[hydra07:405961] [ 7] /opt/mpi/openmpi-4.1.4//lib/libmpi.so.40(ompi_group_allocate+0x17)[0x7fd6cbc961e7]
[hydra08:381242] [12] /lib/x86_64-linux-gnu/libc.so.6(__libc_start_main+0xea)[0x7f4c80b34d7a]
[hydra08:381242] [13] /home/thesis/jheld/MPI_Syrk_implementation/build/src/MPI_SYRK_implementation(+0x232a)[0x55f27179b32a]
[hydra08:381242] *** End of error message ***
[hydra07:405961] [ 8] /opt/mpi/openmpi-4.1.4//lib/libmpi.so.40(ompi_group_incl_plist+0x65)[0x7fd6cbc96915]
[hydra08:381241] [ 9] /opt/mpi/openmpi-4.1.4//lib/libmpi.so.40(PMPI_Group_incl+0x95)[0x7f451a692185]
[hydra08:381241] [10] /home/thesis/jheld/MPI_Syrk_implementation/build/src/MPI_SYRK_implementation(+0x841a)[0x5618efb5141a]
[hydra08:381241] [11] /home/thesis/jheld/MPI_Syrk_implementation/build/src/MPI_SYRK_implementation(+0x2ab0)[0x5618efb4bab0]
[hydra08:381241] [12] /lib/x86_64-linux-gnu/libc.so.6(__libc_start_main+0xea)[0x7f4518730d7a]
[hydra08:381241] [13] /home/thesis/jheld/MPI_Syrk_implementation/build/src/MPI_SYRK_implementation(+0x232a)[0x5618efb4b32a]
[hydra08:381241] *** End of error message ***
[hydra03:396215] [12] /lib/x86_64-linux-gnu/libc.so.6(__libc_start_main+0xea)[0x7fbdfc876d7a]
[hydra07:405961] [ 9] /opt/mpi/openmpi-4.1.4//lib/libmpi.so.40(PMPI_Group_incl+0x95)[0x7fd6cbcc7185]
[hydra07:405961] [10] /home/thesis/jheld/MPI_Syrk_implementation/build/src/MPI_SYRK_implementation(+0x841a)[0x5600c044241a]
[hydra03:396216] [ 9] /opt/mpi/openmpi-4.1.4//lib/libmpi.so.40(PMPI_Group_incl+0x95)[0x7fc25f0f9185]
[hydra03:396216] [10] /home/thesis/jheld/MPI_Syrk_implementation/build/src/MPI_SYRK_implementation(+0x841a)[0x55e33680b41a]
[hydra03:396216] [11] /home/thesis/jheld/MPI_Syrk_implementation/build/src/MPI_SYRK_implementation(+0x2ab0)[0x55e336805ab0]
[hydra07:405961] [11] /home/thesis/jheld/MPI_Syrk_implementation/build/src/MPI_SYRK_implementation(+0x2ab0)[0x5600c043cab0]
[hydra05:378925] [ 7] /opt/mpi/openmpi-4.1.4//lib/libmpi.so.40(ompi_group_allocate+0x17)[0x7f64777651e7]
[hydra03:396215] [13] /home/thesis/jheld/MPI_Syrk_implementation/build/src/MPI_SYRK_implementation(+0x232a)[0x563eb37a932a]
[hydra03:396215] *** End of error message ***
[hydra07:405961] [12] /lib/x86_64-linux-gnu/libc.so.6(__libc_start_main+0xea)[0x7fd6c9d65d7a]
[hydra07:405961] [13] /home/thesis/jheld/MPI_Syrk_implementation/build/src/MPI_SYRK_implementation(+0x232a)[0x5600c043c32a]
[hydra05:378925] [ 8] /opt/mpi/openmpi-4.1.4//lib/libmpi.so.40(ompi_group_incl_plist+0x65)[0x7f6477765915]
[hydra03:396216] [12] /lib/x86_64-linux-gnu/libc.so.6(__libc_start_main+0xea)[0x7fc25d197d7a]
[hydra07:405961] *** End of error message ***
[hydra05:378925] [ 9] /opt/mpi/openmpi-4.1.4//lib/libmpi.so.40(PMPI_Group_incl+0x95)[0x7f6477796185]
[hydra05:378925] [10] /home/thesis/jheld/MPI_Syrk_implementation/build/src/MPI_SYRK_implementation(+0x841a)[0x556acb2ec41a]
[hydra03:396216] [13] /home/thesis/jheld/MPI_Syrk_implementation/build/src/MPI_SYRK_implementation(+0x232a)[0x55e33680532a]
[hydra03:396216] *** End of error message ***
[hydra05:378925] [11] /home/thesis/jheld/MPI_Syrk_implementation/build/src/MPI_SYRK_implementation(+0x2ab0)[0x556acb2e6ab0]
[hydra05:378925] [12] /lib/x86_64-linux-gnu/libc.so.6(__libc_start_main+0xea)[0x7f6475834d7a]
[hydra05:378925] [13] /home/thesis/jheld/MPI_Syrk_implementation/build/src/MPI_SYRK_implementation(+0x232a)[0x556acb2e632a]
[hydra05:378925] *** End of error message ***
srun: error: hydra10: task 29: Aborted
srun: error: hydra06: task 16: Aborted
srun: error: hydra04: task 11: Aborted
srun: error: hydra11: task 30: Aborted
srun: error: hydra02: task 5: Aborted
srun: error: hydra08: tasks 21-22: Aborted
srun: error: hydra09: task 25: Aborted
srun: error: hydra05: tasks 13-14: Aborted
srun: error: hydra01: tasks 1-2: Aborted
srun: error: hydra07: tasks 19-20: Aborted
srun: error: hydra03: tasks 7-8: Aborted
slurmstepd: error:  mpi/pmix_v4: _errhandler: hydra07 [6]: pmixp_client_v2.c:211: Error handler invoked: status = -61, source = [slurm.pmix.5008693.6:20]
slurmstepd: error:  mpi/pmix_v4: _errhandler: hydra09 [8]: pmixp_client_v2.c:211: Error handler invoked: status = -61, source = [slurm.pmix.5008693.6:25]
slurmstepd: error:  mpi/pmix_v4: _errhandler: hydra06 [5]: pmixp_client_v2.c:211: Error handler invoked: status = -61, source = [slurm.pmix.5008693.6:16]
slurmstepd: error:  mpi/pmix_v4: _errhandler: hydra10 [9]: pmixp_client_v2.c:211: Error handler invoked: status = -61, source = [slurm.pmix.5008693.6:29]
slurmstepd: error:  mpi/pmix_v4: _errhandler: hydra01 [0]: pmixp_client_v2.c:211: Error handler invoked: status = -61, source = [slurm.pmix.5008693.6:1]
slurmstepd: error:  mpi/pmix_v4: _errhandler: hydra11 [10]: pmixp_client_v2.c:211: Error handler invoked: status = -61, source = [slurm.pmix.5008693.6:30]
slurmstepd: error:  mpi/pmix_v4: _errhandler: hydra02 [1]: pmixp_client_v2.c:211: Error handler invoked: status = -61, source = [slurm.pmix.5008693.6:5]
slurmstepd: error:  mpi/pmix_v4: _errhandler: hydra08 [7]: pmixp_client_v2.c:211: Error handler invoked: status = -61, source = [slurm.pmix.5008693.6:22]
slurmstepd: error:  mpi/pmix_v4: _errhandler: hydra05 [4]: pmixp_client_v2.c:211: Error handler invoked: status = -61, source = [slurm.pmix.5008693.6:13]
slurmstepd: error:  mpi/pmix_v4: _errhandler: hydra04 [3]: pmixp_client_v2.c:211: Error handler invoked: status = -61, source = [slurm.pmix.5008693.6:11]
slurmstepd: error: *** STEP 5008693.6 ON hydra01 CANCELLED AT 2025-10-13T15:31:19 ***
srun: Job step aborted: Waiting up to 32 seconds for job step to finish.
srun: error: hydra07: task 18: Killed
srun: error: hydra03: task 6: Killed
srun: error: hydra05: task 12: Killed
srun: error: hydra01: task 0: Killed
srun: error: hydra08: task 23: Killed
srun: error: hydra11: tasks 31-32: Killed
srun: error: hydra06: tasks 15,17: Killed
srun: error: hydra10: tasks 27-28: Killed
srun: error: hydra02: tasks 3-4: Killed
srun: error: hydra09: tasks 24,26: Killed
srun: error: hydra12: tasks 33-35: Killed
srun: error: hydra04: tasks 9-10: Killed
⚠️ Warning: No runtime found for run 7
srun: Warning: can't honor --ntasks-per-node set to 1 which doesn't match the requested tasks 36 with the number of requested nodes 12. Ignoring --ntasks-per-node.
missing input file name --> Generate random input
malloc(): invalid size (unsorted)
[hydra11:359373] *** Process received signal ***
[hydra11:359373] Signal: Aborted (6)
[hydra11:359373] Signal code:  (-6)
malloc(): invalid size (unsorted)
[hydra12:359355] *** Process received signal ***
[hydra12:359355] Signal: Aborted (6)
[hydra12:359355] Signal code:  (-6)
[hydra11:359373] [ 0] /lib/x86_64-linux-gnu/libc.so.6(+0x38de0)[0x7f54536a8de0]
malloc(): invalid size (unsorted)
[hydra05:378989] *** Process received signal ***
[hydra05:378989] Signal: Aborted (6)
[hydra05:378989] Signal code:  (-6)
[hydra11:359373] [ 1] /lib/x86_64-linux-gnu/libc.so.6(gsignal+0x141)[0x7f54536a8d61]
[hydra11:359373] [ 2] /lib/x86_64-linux-gnu/libc.so.6(abort+0x123)[0x7f5453692537]
[hydra05:378989] [ 0] /lib/x86_64-linux-gnu/libc.so.6(+0x38de0)[0x7fa9091eede0]
[hydra11:359373] [ 3] /lib/x86_64-linux-gnu/libc.so.6(+0x7a468)[0x7f54536ea468]
malloc(): invalid size (unsorted)
[hydra02:566208] *** Process received signal ***
[hydra02:566208] Signal: Aborted (6)
[hydra02:566208] Signal code:  (-6)
malloc(): invalid size (unsorted)
[hydra04:395041] *** Process received signal ***
[hydra04:395041] Signal: Aborted (6)
[hydra04:395041] Signal code:  (-6)
[hydra11:359373] [ 4] /lib/x86_64-linux-gnu/libc.so.6(+0x8175a)[0x7f54536f175a]
malloc(): invalid size (unsorted)
[hydra07:406024] *** Process received signal ***
[hydra07:406024] Signal: Aborted (6)
[hydra07:406024] Signal code:  (-6)
[hydra05:378989] [ 1] /lib/x86_64-linux-gnu/libc.so.6(gsignal+0x141)[0x7fa9091eed61]
malloc(): invalid size (unsorted)
[hydra09:372601] *** Process received signal ***
[hydra09:372601] Signal: Aborted (6)
[hydra09:372601] Signal code:  (-6)
malloc(): invalid size (unsorted)
[hydra03:396279] *** Process received signal ***
[hydra03:396279] Signal: Aborted (6)
[hydra03:396279] Signal code:  (-6)
[hydra11:359373] [ 5] /lib/x86_64-linux-gnu/libc.so.6(+0x8483c)[0x7f54536f483c]
[hydra05:378989] [ 2] /lib/x86_64-linux-gnu/libc.so.6(abort+0x123)[0x7fa9091d8537]
malloc(): invalid size (unsorted)
[hydra08:381308] *** Process received signal ***
[hydra08:381308] Signal: Aborted (6)
[hydra08:381308] Signal code:  (-6)
[hydra07:406024] [ 0] /lib/x86_64-linux-gnu/libc.so.6(+0x38de0)[0x7fd057de6de0]
malloc(): invalid size (unsorted)
[hydra02:566209] *** Process received signal ***
[hydra02:566209] Signal: Aborted (6)
[hydra02:566209] Signal code:  (-6)
malloc(): invalid size (unsorted)
[hydra02:566209] [ 0] /lib/x86_64-linux-gnu/libc.so.6(+0x38de0)[0x7f08c99d6de0]
[hydra11:359373] [ 6] /lib/x86_64-linux-gnu/libc.so.6(__libc_calloc+0x81)[0x7f54536f6bd1]
[hydra05:378989] [ 3] /lib/x86_64-linux-gnu/libc.so.6(+0x7a468)[0x7fa909230468]
[hydra09:372601] [ 0] /lib/x86_64-linux-gnu/libc.so.6(+0x38de0)[0x7faef562fde0]
[hydra11:359371] *** Process received signal ***
[hydra11:359371] Signal: Aborted (6)
[hydra11:359371] Signal code:  (-6)
[hydra07:406024] [ 1] /lib/x86_64-linux-gnu/libc.so.6(gsignal+0x141)[0x7fd057de6d61]
[hydra05:378989] [ 4] /lib/x86_64-linux-gnu/libc.so.6(+0x8175a)[0x7fa90923775a]
[hydra02:566208] [ 0] /lib/x86_64-linux-gnu/libc.so.6(+0x38de0)[0x7fc9e2e66de0]
[hydra11:359373] [ 7] /opt/mpi/openmpi-4.1.4//lib/libmpi.so.40(ompi_group_allocate+0x17)[0x7f54555c41e7]
malloc(): invalid size (unsorted)
[hydra10:490784] *** Process received signal ***
[hydra10:490784] Signal: Aborted (6)
[hydra10:490784] Signal code:  (-6)
[hydra08:381308] [ 0] /lib/x86_64-linux-gnu/libc.so.6(+0x38de0)[0x7f47c3fdcde0]
[hydra07:406024] [ 2] /lib/x86_64-linux-gnu/libc.so.6(abort+0x123)[0x7fd057dd0537]
[hydra05:378989] [ 5] /lib/x86_64-linux-gnu/libc.so.6(+0x8483c)[0x7fa90923a83c]
[hydra09:372601] [ 1] /lib/x86_64-linux-gnu/libc.so.6(gsignal+0x141)[0x7faef562fd61]
[hydra02:566209] [ 1] /lib/x86_64-linux-gnu/libc.so.6(gsignal+0x141)[0x7f08c99d6d61]
[hydra11:359373] [ 8] /opt/mpi/openmpi-4.1.4//lib/libmpi.so.40(ompi_group_incl_plist+0x65)[0x7f54555c4915]
[hydra08:381308] [ 1] /lib/x86_64-linux-gnu/libc.so.6(gsignal+0x141)[0x7f47c3fdcd61]
[hydra07:406024] [ 3] /lib/x86_64-linux-gnu/libc.so.6(+0x7a468)[0x7fd057e28468]
[hydra09:372601] [ 2] /lib/x86_64-linux-gnu/libc.so.6(abort+0x123)[0x7faef5619537]
[hydra02:566208] [ 1] /lib/x86_64-linux-gnu/libc.so.6(gsignal+0x141)[0x7fc9e2e66d61]
[hydra11:359373] [ 9] /opt/mpi/openmpi-4.1.4//lib/libmpi.so.40(PMPI_Group_incl+0x95)[0x7f54555f5185]
[hydra11:359373] [10] /home/thesis/jheld/MPI_Syrk_implementation/build/src/MPI_SYRK_implementation(+0x841a)[0x55a1e3e7541a]
malloc(): invalid size (unsorted)
[hydra10:490785] *** Process received signal ***
[hydra10:490785] Signal: Aborted (6)
[hydra10:490785] Signal code:  (-6)
[hydra07:406024] [ 4] /lib/x86_64-linux-gnu/libc.so.6(+0x8175a)[0x7fd057e2f75a]
[hydra05:378989] [ 6] /lib/x86_64-linux-gnu/libc.so.6(__libc_calloc+0x81)[0x7fa90923cbd1]
[hydra09:372601] [ 3] /lib/x86_64-linux-gnu/libc.so.6(+0x7a468)[0x7faef5671468]
[hydra02:566209] [ 2] /lib/x86_64-linux-gnu/libc.so.6(abort+0x123)[0x7f08c99c0537]
[hydra12:359355] [ 0] /lib/x86_64-linux-gnu/libc.so.6(+0x38de0)[0x7fd0b8456de0]
[hydra11:359373] [11] /home/thesis/jheld/MPI_Syrk_implementation/build/src/MPI_SYRK_implementation(+0x2ab0)[0x55a1e3e6fab0]
[hydra10:490784] [ 0] /lib/x86_64-linux-gnu/libc.so.6(+0x38de0)[0x7f30fdf12de0]
[hydra08:381308] [ 2] /lib/x86_64-linux-gnu/libc.so.6(abort+0x123)[0x7f47c3fc6537]
[hydra07:406024] [ 5] /lib/x86_64-linux-gnu/libc.so.6(+0x8483c)[0x7fd057e3283c]
[hydra05:378989] [ 7] /opt/mpi/openmpi-4.1.4//lib/libmpi.so.40(ompi_group_allocate+0x17)[0x7fa90b10a1e7]
[hydra09:372601] [ 4] /lib/x86_64-linux-gnu/libc.so.6(+0x8175a)[0x7faef567875a]
[hydra02:566208] [ 2] /lib/x86_64-linux-gnu/libc.so.6(abort+0x123)[0x7fc9e2e50537]
[hydra12:359355] [ 1] /lib/x86_64-linux-gnu/libc.so.6(gsignal+0x141)[0x7fd0b8456d61]
[hydra11:359373] [12] /lib/x86_64-linux-gnu/libc.so.6(__libc_start_main+0xea)[0x7f5453693d7a]
[hydra08:381308] [ 3] /lib/x86_64-linux-gnu/libc.so.6(+0x7a468)[0x7f47c401e468]
[hydra05:378989] [ 8] /opt/mpi/openmpi-4.1.4//lib/libmpi.so.40(ompi_group_incl_plist+0x65)[0x7fa90b10a915]
[hydra09:372601] [ 5] /lib/x86_64-linux-gnu/libc.so.6(+0x8483c)[0x7faef567b83c]
[hydra02:566209] [ 3] /lib/x86_64-linux-gnu/libc.so.6(+0x7a468)[0x7f08c9a18468]
[hydra12:359355] [ 2] /lib/x86_64-linux-gnu/libc.so.6(abort+0x123)[0x7fd0b8440537]
[hydra11:359371] [ 0] /lib/x86_64-linux-gnu/libc.so.6(+0x38de0)[0x7f8d145bede0]
[hydra08:381308] [ 4] /lib/x86_64-linux-gnu/libc.so.6(+0x8175a)[0x7f47c402575a]
[hydra07:406024] [ 6] /lib/x86_64-linux-gnu/libc.so.6(__libc_calloc+0x81)[0x7fd057e34bd1]
[hydra05:378989] [ 9] /opt/mpi/openmpi-4.1.4//lib/libmpi.so.40(PMPI_Group_incl+0x95)[0x7fa90b13b185]
[hydra05:378989] [10] /home/thesis/jheld/MPI_Syrk_implementation/build/src/MPI_SYRK_implementation(+0x841a)[0x5586192bf41a]
[hydra05:378989] [11] /home/thesis/jheld/MPI_Syrk_implementation/build/src/MPI_SYRK_implementation(+0x2ab0)[0x5586192b9ab0]
[hydra09:372601] [ 6] /lib/x86_64-linux-gnu/libc.so.6(__libc_calloc+0x81)[0x7faef567dbd1]
[hydra02:566208] [ 3] /lib/x86_64-linux-gnu/libc.so.6(+0x7a468)[0x7fc9e2ea8468]
malloc(): invalid size (unsorted)
[hydra04:395042] *** Process received signal ***
[hydra04:395042] Signal: Aborted (6)
[hydra04:395042] Signal code:  (-6)
malloc(): invalid size (unsorted)
[hydra03:396281] *** Process received signal ***
[hydra03:396281] Signal: Aborted (6)
[hydra03:396281] Signal code:  (-6)
[hydra12:359355] [ 3] /lib/x86_64-linux-gnu/libc.so.6(+0x7a468)[0x7fd0b8498468]
[hydra11:359373] [13] /home/thesis/jheld/MPI_Syrk_implementation/build/src/MPI_SYRK_implementation(+0x232a)[0x55a1e3e6f32a]
[hydra11:359373] *** End of error message ***
[hydra10:490785] [ 0] /lib/x86_64-linux-gnu/libc.so.6(+0x38de0)[0x7f1fd565fde0]
[hydra08:381308] [ 5] /lib/x86_64-linux-gnu/libc.so.6(+0x8483c)[0x7f47c402883c]
[hydra07:406024] [ 7] /opt/mpi/openmpi-4.1.4//lib/libmpi.so.40(ompi_group_allocate+0x17)[0x7fd059d021e7]
[hydra05:378989] [12] /lib/x86_64-linux-gnu/libc.so.6(__libc_start_main+0xea)[0x7fa9091d9d7a]
[hydra05:378989] [13] /home/thesis/jheld/MPI_Syrk_implementation/build/src/MPI_SYRK_implementation(+0x232a)[0x5586192b932a]
[hydra09:372601] [ 7] /opt/mpi/openmpi-4.1.4//lib/libmpi.so.40(ompi_group_allocate+0x17)[0x7faef754b1e7]
[hydra02:566209] [ 4] /lib/x86_64-linux-gnu/libc.so.6(+0x8175a)[0x7f08c9a1f75a]
[hydra04:395042] [ 0] /lib/x86_64-linux-gnu/libc.so.6(+0x38de0)[0x7f155f0f4de0]
[hydra03:396279] [ 0] /lib/x86_64-linux-gnu/libc.so.6(+0x38de0)[0x7fca679b8de0]
[hydra12:359355] [ 4] /lib/x86_64-linux-gnu/libc.so.6(+0x8175a)[0x7fd0b849f75a]
[hydra11:359371] [ 1] /lib/x86_64-linux-gnu/libc.so.6(gsignal+0x141)[0x7f8d145bed61]
[hydra10:490784] [ 1] /lib/x86_64-linux-gnu/libc.so.6(gsignal+0x141)[0x7f30fdf12d61]
[hydra08:381308] [ 6] /lib/x86_64-linux-gnu/libc.so.6(__libc_calloc+0x81)[0x7f47c402abd1]
[hydra07:406024] [ 8] /opt/mpi/openmpi-4.1.4//lib/libmpi.so.40(ompi_group_incl_plist+0x65)[0x7fd059d02915]
[hydra05:378989] *** End of error message ***
[hydra09:372601] [ 8] /opt/mpi/openmpi-4.1.4//lib/libmpi.so.40(ompi_group_incl_plist+0x65)[0x7faef754b915]
[hydra02:566208] [ 4] /lib/x86_64-linux-gnu/libc.so.6(+0x8175a)[0x7fc9e2eaf75a]
[hydra04:395041] [ 0] /lib/x86_64-linux-gnu/libc.so.6(+0x38de0)[0x7f9f1b31dde0]
[hydra03:396281] [ 0] /lib/x86_64-linux-gnu/libc.so.6(+0x38de0)[0x7f0a37f1bde0]
[hydra12:359355] [ 5] /lib/x86_64-linux-gnu/libc.so.6(+0x8483c)[0x7fd0b84a283c]
[hydra11:359371] [ 2] /lib/x86_64-linux-gnu/libc.so.6(abort+0x123)[0x7f8d145a8537]
[hydra10:490785] [ 1] /lib/x86_64-linux-gnu/libc.so.6(gsignal+0x141)[0x7f1fd565fd61]
[hydra08:381308] [ 7] /opt/mpi/openmpi-4.1.4//lib/libmpi.so.40(ompi_group_allocate+0x17)[0x7f47c5ef81e7]
[hydra07:406024] [ 9] /opt/mpi/openmpi-4.1.4//lib/libmpi.so.40(PMPI_Group_incl+0x95)[0x7fd059d33185]
[hydra09:372601] [ 9] /opt/mpi/openmpi-4.1.4//lib/libmpi.so.40(PMPI_Group_incl+0x95)[0x7faef757c185]
[hydra09:372601] [10] /home/thesis/jheld/MPI_Syrk_implementation/build/src/MPI_SYRK_implementation(+0x841a)[0x5586406d641a]
[hydra02:566209] [ 5] /lib/x86_64-linux-gnu/libc.so.6(+0x8483c)[0x7f08c9a2283c]
[hydra04:395042] [ 1] /lib/x86_64-linux-gnu/libc.so.6(gsignal+0x141)[0x7f155f0f4d61]
[hydra03:396279] [ 1] /lib/x86_64-linux-gnu/libc.so.6(gsignal+0x141)[0x7fca679b8d61]
[hydra12:359355] [ 6] /lib/x86_64-linux-gnu/libc.so.6(__libc_calloc+0x81)[0x7fd0b84a4bd1]
[hydra11:359371] [ 3] /lib/x86_64-linux-gnu/libc.so.6(+0x7a468)[0x7f8d14600468]
[hydra10:490784] [ 2] /lib/x86_64-linux-gnu/libc.so.6(abort+0x123)[0x7f30fdefc537]
[hydra08:381308] [ 8] /opt/mpi/openmpi-4.1.4//lib/libmpi.so.40(ompi_group_incl_plist+0x65)[0x7f47c5ef8915]
[hydra07:406024] [10] /home/thesis/jheld/MPI_Syrk_implementation/build/src/MPI_SYRK_implementation(+0x841a)[0x56554e69941a]
[hydra07:406024] [11] /home/thesis/jheld/MPI_Syrk_implementation/build/src/MPI_SYRK_implementation(+0x2ab0)[0x56554e693ab0]
[hydra09:372601] [11] /home/thesis/jheld/MPI_Syrk_implementation/build/src/MPI_SYRK_implementation(+0x2ab0)[0x5586406d0ab0]
[hydra02:566208] [ 5] /lib/x86_64-linux-gnu/libc.so.6(+0x8483c)[0x7fc9e2eb283c]
[hydra04:395041] [ 1] /lib/x86_64-linux-gnu/libc.so.6(gsignal+0x141)[0x7f9f1b31dd61]
[hydra03:396281] [ 1] /lib/x86_64-linux-gnu/libc.so.6(gsignal+0x141)[0x7f0a37f1bd61]
[hydra12:359355] [ 7] /opt/mpi/openmpi-4.1.4//lib/libmpi.so.40(ompi_group_allocate+0x17)[0x7fd0ba3721e7]
[hydra11:359371] [ 4] /lib/x86_64-linux-gnu/libc.so.6(+0x8175a)[0x7f8d1460775a]
[hydra10:490785] [ 2] /lib/x86_64-linux-gnu/libc.so.6(abort+0x123)[0x7f1fd5649537]
[hydra08:381308] [ 9] /opt/mpi/openmpi-4.1.4//lib/libmpi.so.40(PMPI_Group_incl+0x95)[0x7f47c5f29185]
[hydra08:381308] [10] /home/thesis/jheld/MPI_Syrk_implementation/build/src/MPI_SYRK_implementation(+0x841a)[0x558a2bb5441a]
[hydra07:406024] [12] /lib/x86_64-linux-gnu/libc.so.6(__libc_start_main+0xea)[0x7fd057dd1d7a]
[hydra09:372601] [12] /lib/x86_64-linux-gnu/libc.so.6(__libc_start_main+0xea)[0x7faef561ad7a]
[hydra02:566209] [ 6] /lib/x86_64-linux-gnu/libc.so.6(__libc_calloc+0x81)[0x7f08c9a24bd1]
[hydra04:395042] [ 2] /lib/x86_64-linux-gnu/libc.so.6(abort+0x123)[0x7f155f0de537]
[hydra03:396279] [ 2] /lib/x86_64-linux-gnu/libc.so.6(abort+0x123)[0x7fca679a2537]
[hydra12:359355] [ 8] /opt/mpi/openmpi-4.1.4//lib/libmpi.so.40(ompi_group_incl_plist+0x65)[0x7fd0ba372915]
[hydra11:359371] [ 5] /lib/x86_64-linux-gnu/libc.so.6(+0x8483c)[0x7f8d1460a83c]
[hydra10:490784] [ 3] /lib/x86_64-linux-gnu/libc.so.6(+0x7a468)[0x7f30fdf54468]
[hydra08:381308] [11] /home/thesis/jheld/MPI_Syrk_implementation/build/src/MPI_SYRK_implementation(+0x2ab0)[0x558a2bb4eab0]
[hydra07:406024] [13] /home/thesis/jheld/MPI_Syrk_implementation/build/src/MPI_SYRK_implementation(+0x232a)[0x56554e69332a]
[hydra07:406024] *** End of error message ***
[hydra09:372601] [13] /home/thesis/jheld/MPI_Syrk_implementation/build/src/MPI_SYRK_implementation(+0x232a)[0x5586406d032a]
[hydra09:372601] *** End of error message ***
[hydra02:566209] [ 7] /opt/mpi/openmpi-4.1.4//lib/libmpi.so.40(ompi_group_allocate+0x17)[0x7f08cb8f21e7]
[hydra04:395041] [ 2] /lib/x86_64-linux-gnu/libc.so.6(abort+0x123)[0x7f9f1b307537]
[hydra03:396281] [ 2] /lib/x86_64-linux-gnu/libc.so.6(abort+0x123)[0x7f0a37f05537]
[hydra12:359355] [ 9] /opt/mpi/openmpi-4.1.4//lib/libmpi.so.40(PMPI_Group_incl+0x95)[0x7fd0ba3a3185]
[hydra11:359371] [ 6] /lib/x86_64-linux-gnu/libc.so.6(__libc_calloc+0x81)[0x7f8d1460cbd1]
[hydra10:490785] [ 3] /lib/x86_64-linux-gnu/libc.so.6(+0x7a468)[0x7f1fd56a1468]
[hydra08:381308] [12] /lib/x86_64-linux-gnu/libc.so.6(__libc_start_main+0xea)[0x7f47c3fc7d7a]
[hydra08:381308] [13] /home/thesis/jheld/MPI_Syrk_implementation/build/src/MPI_SYRK_implementation(+0x232a)[0x558a2bb4e32a]
[hydra02:566208] [ 6] /lib/x86_64-linux-gnu/libc.so.6(__libc_calloc+0x81)[0x7fc9e2eb4bd1]
[hydra04:395041] [ 3] /lib/x86_64-linux-gnu/libc.so.6(+0x7a468)[0x7f9f1b35f468]
[hydra03:396279] [ 3] /lib/x86_64-linux-gnu/libc.so.6(+0x7a468)[0x7fca679fa468]
[hydra12:359355] [10] /home/thesis/jheld/MPI_Syrk_implementation/build/src/MPI_SYRK_implementation(+0x841a)[0x559b089c841a]
[hydra12:359355] [11] /home/thesis/jheld/MPI_Syrk_implementation/build/src/MPI_SYRK_implementation(+0x2ab0)[0x559b089c2ab0]
[hydra11:359371] [ 7] /opt/mpi/openmpi-4.1.4//lib/libmpi.so.40(ompi_group_allocate+0x17)[0x7f8d164da1e7]
[hydra10:490784] [ 4] /lib/x86_64-linux-gnu/libc.so.6(+0x8175a)[0x7f30fdf5b75a]
[hydra08:381308] *** End of error message ***
[hydra02:566209] [ 8] /opt/mpi/openmpi-4.1.4//lib/libmpi.so.40(ompi_group_incl_plist+0x65)[0x7f08cb8f2915]
[hydra04:395042] [ 3] /lib/x86_64-linux-gnu/libc.so.6(+0x7a468)[0x7f155f136468]
[hydra03:396281] [ 3] /lib/x86_64-linux-gnu/libc.so.6(+0x7a468)[0x7f0a37f5d468]
[hydra12:359355] [12] /lib/x86_64-linux-gnu/libc.so.6(__libc_start_main+0xea)[0x7fd0b8441d7a]
[hydra11:359371] [ 8] /opt/mpi/openmpi-4.1.4//lib/libmpi.so.40(ompi_group_incl_plist+0x65)[0x7f8d164da915]
[hydra10:490785] [ 4] /lib/x86_64-linux-gnu/libc.so.6(+0x8175a)[0x7f1fd56a875a]
[hydra02:566208] [ 7] /opt/mpi/openmpi-4.1.4//lib/libmpi.so.40(ompi_group_allocate+0x17)[0x7fc9e4d821e7]
[hydra04:395041] [ 4] /lib/x86_64-linux-gnu/libc.so.6(+0x8175a)[0x7f9f1b36675a]
[hydra03:396279] [ 4] /lib/x86_64-linux-gnu/libc.so.6(+0x8175a)[0x7fca67a0175a]
[hydra12:359355] [13] /home/thesis/jheld/MPI_Syrk_implementation/build/src/MPI_SYRK_implementation(+0x232a)[0x559b089c232a]
[hydra12:359355] *** End of error message ***
[hydra11:359371] [ 9] /opt/mpi/openmpi-4.1.4//lib/libmpi.so.40(PMPI_Group_incl+0x95)[0x7f8d1650b185]
[hydra11:359371] [10] /home/thesis/jheld/MPI_Syrk_implementation/build/src/MPI_SYRK_implementation(+0x841a)[0x558b4302641a]
[hydra10:490784] [ 5] /lib/x86_64-linux-gnu/libc.so.6(+0x8483c)[0x7f30fdf5e83c]
[hydra02:566208] [ 8] /opt/mpi/openmpi-4.1.4//lib/libmpi.so.40(ompi_group_incl_plist+0x65)[0x7fc9e4d82915]
[hydra04:395042] [ 4] /lib/x86_64-linux-gnu/libc.so.6(+0x8175a)[0x7f155f13d75a]
[hydra03:396281] [ 4] /lib/x86_64-linux-gnu/libc.so.6(+0x8175a)[0x7f0a37f6475a]
[hydra11:359371] [11] /home/thesis/jheld/MPI_Syrk_implementation/build/src/MPI_SYRK_implementation(+0x2ab0)[0x558b43020ab0]
[hydra10:490785] [ 5] /lib/x86_64-linux-gnu/libc.so.6(+0x8483c)[0x7f1fd56ab83c]
[hydra02:566209] [ 9] /opt/mpi/openmpi-4.1.4//lib/libmpi.so.40(PMPI_Group_incl+0x95)[0x7f08cb923185]
[hydra02:566209] [10] /home/thesis/jheld/MPI_Syrk_implementation/build/src/MPI_SYRK_implementation(+0x841a)[0x55d03d05041a]
[hydra02:566209] [11] /home/thesis/jheld/MPI_Syrk_implementation/build/src/MPI_SYRK_implementation(+0x2ab0)[0x55d03d04aab0]
[hydra04:395041] [ 5] /lib/x86_64-linux-gnu/libc.so.6(+0x8483c)[0x7f9f1b36983c]
[hydra03:396279] [ 5] /lib/x86_64-linux-gnu/libc.so.6(+0x8483c)[0x7fca67a0483c]
[hydra11:359371] [12] /lib/x86_64-linux-gnu/libc.so.6(__libc_start_main+0xea)[0x7f8d145a9d7a]
[hydra11:359371] [13] /home/thesis/jheld/MPI_Syrk_implementation/build/src/MPI_SYRK_implementation(+0x232a)[0x558b4302032a]
[hydra10:490784] [ 6] /lib/x86_64-linux-gnu/libc.so.6(__libc_calloc+0x81)[0x7f30fdf60bd1]
[hydra02:566208] [ 9] /opt/mpi/openmpi-4.1.4//lib/libmpi.so.40(PMPI_Group_incl+0x95)[0x7fc9e4db3185]
[hydra04:395042] [ 5] /lib/x86_64-linux-gnu/libc.so.6(+0x8483c)[0x7f155f14083c]
[hydra03:396281] [ 5] /lib/x86_64-linux-gnu/libc.so.6(+0x8483c)[0x7f0a37f6783c]
[hydra11:359371] *** End of error message ***
[hydra10:490785] [ 6] /lib/x86_64-linux-gnu/libc.so.6(__libc_calloc+0x81)[0x7f1fd56adbd1]
[hydra10:490785] [ 7] /opt/mpi/openmpi-4.1.4//lib/libmpi.so.40(ompi_group_allocate+0x17)[0x7f1fd757b1e7]
[hydra02:566208] [10] /home/thesis/jheld/MPI_Syrk_implementation/build/src/MPI_SYRK_implementation(+0x841a)[0x55ee092e141a]
[hydra02:566208] [11] /home/thesis/jheld/MPI_Syrk_implementation/build/src/MPI_SYRK_implementation(+0x2ab0)[0x55ee092dbab0]
[hydra04:395041] [ 6] /lib/x86_64-linux-gnu/libc.so.6(__libc_calloc+0x81)[0x7f9f1b36bbd1]
[hydra03:396279] [ 6] /lib/x86_64-linux-gnu/libc.so.6(__libc_calloc+0x81)[0x7fca67a06bd1]
[hydra10:490784] [ 7] /opt/mpi/openmpi-4.1.4//lib/libmpi.so.40(ompi_group_allocate+0x17)[0x7f30ffe2e1e7]
[hydra02:566209] [12] /lib/x86_64-linux-gnu/libc.so.6(__libc_start_main+0xea)[0x7f08c99c1d7a]
[hydra02:566209] [13] /home/thesis/jheld/MPI_Syrk_implementation/build/src/MPI_SYRK_implementation(+0x232a)[0x55d03d04a32a]
[hydra02:566209] *** End of error message ***
[hydra04:395042] [ 6] /lib/x86_64-linux-gnu/libc.so.6(__libc_calloc+0x81)[0x7f155f142bd1]
[hydra03:396281] [ 6] /lib/x86_64-linux-gnu/libc.so.6(__libc_calloc+0x81)[0x7f0a37f69bd1]
[hydra10:490784] [ 8] /opt/mpi/openmpi-4.1.4//lib/libmpi.so.40(ompi_group_incl_plist+0x65)[0x7f30ffe2e915]
[hydra02:566208] [12] /lib/x86_64-linux-gnu/libc.so.6(__libc_start_main+0xea)[0x7fc9e2e51d7a]
[hydra04:395041] [ 7] /opt/mpi/openmpi-4.1.4//lib/libmpi.so.40(ompi_group_allocate+0x17)[0x7f9f1d2391e7]
[hydra03:396279] [ 7] /opt/mpi/openmpi-4.1.4//lib/libmpi.so.40(ompi_group_allocate+0x17)[0x7fca698d41e7]
[hydra10:490785] [ 8] /opt/mpi/openmpi-4.1.4//lib/libmpi.so.40(ompi_group_incl_plist+0x65)[0x7f1fd757b915]
[hydra02:566208] [13] /home/thesis/jheld/MPI_Syrk_implementation/build/src/MPI_SYRK_implementation(+0x232a)[0x55ee092db32a]
[hydra02:566208] *** End of error message ***
[hydra04:395042] [ 7] /opt/mpi/openmpi-4.1.4//lib/libmpi.so.40(ompi_group_allocate+0x17)[0x7f15610101e7]
[hydra03:396281] [ 7] /opt/mpi/openmpi-4.1.4//lib/libmpi.so.40(ompi_group_allocate+0x17)[0x7f0a39e371e7]
[hydra10:490784] [ 9] /opt/mpi/openmpi-4.1.4//lib/libmpi.so.40(PMPI_Group_incl+0x95)[0x7f30ffe5f185]
[hydra04:395041] [ 8] /opt/mpi/openmpi-4.1.4//lib/libmpi.so.40(ompi_group_incl_plist+0x65)[0x7f9f1d239915]
[hydra03:396279] [ 8] /opt/mpi/openmpi-4.1.4//lib/libmpi.so.40(ompi_group_incl_plist+0x65)[0x7fca698d4915]
[hydra10:490785] [ 9] /opt/mpi/openmpi-4.1.4//lib/libmpi.so.40(PMPI_Group_incl+0x95)[0x7f1fd75ac185]
[hydra10:490785] [10] /home/thesis/jheld/MPI_Syrk_implementation/build/src/MPI_SYRK_implementation(+0x841a)[0x55a83fff941a]
[hydra10:490785] [11] /home/thesis/jheld/MPI_Syrk_implementation/build/src/MPI_SYRK_implementation(+0x2ab0)[0x55a83fff3ab0]
[hydra04:395042] [ 8] /opt/mpi/openmpi-4.1.4//lib/libmpi.so.40(ompi_group_incl_plist+0x65)[0x7f1561010915]
[hydra03:396281] [ 8] /opt/mpi/openmpi-4.1.4//lib/libmpi.so.40(ompi_group_incl_plist+0x65)[0x7f0a39e37915]
[hydra10:490784] [10] /home/thesis/jheld/MPI_Syrk_implementation/build/src/MPI_SYRK_implementation(+0x841a)[0x5579fe47041a]
[hydra10:490784] [11] /home/thesis/jheld/MPI_Syrk_implementation/build/src/MPI_SYRK_implementation(+0x2ab0)[0x5579fe46aab0]
[hydra04:395041] [ 9] /opt/mpi/openmpi-4.1.4//lib/libmpi.so.40(PMPI_Group_incl+0x95)[0x7f9f1d26a185]
[hydra03:396279] [ 9] /opt/mpi/openmpi-4.1.4//lib/libmpi.so.40(PMPI_Group_incl+0x95)[0x7fca69905185]
[hydra10:490785] [12] /lib/x86_64-linux-gnu/libc.so.6(__libc_start_main+0xea)[0x7f1fd564ad7a]
[hydra10:490785] [13] /home/thesis/jheld/MPI_Syrk_implementation/build/src/MPI_SYRK_implementation(+0x232a)[0x55a83fff332a]
[hydra10:490785] *** End of error message ***
[hydra03:396281] [ 9] /opt/mpi/openmpi-4.1.4//lib/libmpi.so.40(PMPI_Group_incl+0x95)[0x7f0a39e68185]
[hydra03:396281] [10] /home/thesis/jheld/MPI_Syrk_implementation/build/src/MPI_SYRK_implementation(+0x841a)[0x56139f61341a]
[hydra03:396281] [11] /home/thesis/jheld/MPI_Syrk_implementation/build/src/MPI_SYRK_implementation(+0x2ab0)[0x56139f60dab0]
[hydra10:490784] [12] /lib/x86_64-linux-gnu/libc.so.6(__libc_start_main+0xea)[0x7f30fdefdd7a]
[hydra10:490784] [13] /home/thesis/jheld/MPI_Syrk_implementation/build/src/MPI_SYRK_implementation(+0x232a)[0x5579fe46a32a]
[hydra10:490784] *** End of error message ***
[hydra03:396279] [10] /home/thesis/jheld/MPI_Syrk_implementation/build/src/MPI_SYRK_implementation(+0x841a)[0x5636bffb641a]
[hydra03:396279] [11] /home/thesis/jheld/MPI_Syrk_implementation/build/src/MPI_SYRK_implementation(+0x2ab0)[0x5636bffb0ab0]
[hydra03:396281] [12] /lib/x86_64-linux-gnu/libc.so.6(__libc_start_main+0xea)[0x7f0a37f06d7a]
[hydra03:396279] [12] /lib/x86_64-linux-gnu/libc.so.6(__libc_start_main+0xea)[0x7fca679a3d7a]
[hydra03:396279] [13] /home/thesis/jheld/MPI_Syrk_implementation/build/src/MPI_SYRK_implementation(+0x232a)[0x5636bffb032a]
[hydra03:396279] *** End of error message ***
[hydra03:396281] [13] /home/thesis/jheld/MPI_Syrk_implementation/build/src/MPI_SYRK_implementation(+0x232a)[0x56139f60d32a]
[hydra03:396281] *** End of error message ***
[hydra04:395042] [ 9] /opt/mpi/openmpi-4.1.4//lib/libmpi.so.40(PMPI_Group_incl+0x95)[0x7f1561041185]
[hydra04:395042] [10] /home/thesis/jheld/MPI_Syrk_implementation/build/src/MPI_SYRK_implementation(+0x841a)[0x5556847d841a]
[hydra04:395042] [11] /home/thesis/jheld/MPI_Syrk_implementation/build/src/MPI_SYRK_implementation(+0x2ab0)[0x5556847d2ab0]
[hydra04:395041] [10] /home/thesis/jheld/MPI_Syrk_implementation/build/src/MPI_SYRK_implementation(+0x841a)[0x55c4e6fb341a]
[hydra04:395041] [11] /home/thesis/jheld/MPI_Syrk_implementation/build/src/MPI_SYRK_implementation(+0x2ab0)[0x55c4e6fadab0]
[hydra04:395041] [12] /lib/x86_64-linux-gnu/libc.so.6(__libc_start_main+0xea)[0x7f9f1b308d7a]
[hydra04:395041] [13] /home/thesis/jheld/MPI_Syrk_implementation/build/src/MPI_SYRK_implementation(+0x232a)[0x55c4e6fad32a]
[hydra04:395042] [12] /lib/x86_64-linux-gnu/libc.so.6(__libc_start_main+0xea)[0x7f155f0dfd7a]
[hydra04:395042] [13] /home/thesis/jheld/MPI_Syrk_implementation/build/src/MPI_SYRK_implementation(+0x232a)[0x5556847d232a]
[hydra04:395042] *** End of error message ***
[hydra04:395041] *** End of error message ***
srun: error: hydra08: task 23: Aborted
srun: error: hydra09: task 25: Aborted
srun: error: hydra12: task 35: Aborted
srun: error: hydra05: task 12: Aborted
srun: error: hydra02: tasks 3-4: Aborted
srun: error: hydra07: task 18: Aborted
srun: error: hydra11: tasks 30,32: Aborted
srun: error: hydra04: tasks 9-10: Aborted
srun: error: hydra03: tasks 6,8: Aborted
srun: error: hydra10: tasks 27-28: Aborted
slurmstepd: error:  mpi/pmix_v4: _errhandler: hydra05 [4]: pmixp_client_v2.c:211: Error handler invoked: status = -61, source = [slurm.pmix.5008693.7:12]
slurmstepd: error:  mpi/pmix_v4: _errhandler: hydra12 [11]: pmixp_client_v2.c:211: Error handler invoked: status = -61, source = [slurm.pmix.5008693.7:35]
slurmstepd: error:  mpi/pmix_v4: _errhandler: hydra09 [8]: pmixp_client_v2.c:211: Error handler invoked: status = -61, source = [slurm.pmix.5008693.7:25]
slurmstepd: error:  mpi/pmix_v4: _errhandler: hydra02 [1]: pmixp_client_v2.c:211: Error handler invoked: status = -61, source = [slurm.pmix.5008693.7:4]
slurmstepd: error:  mpi/pmix_v4: _errhandler: hydra08 [7]: pmixp_client_v2.c:211: Error handler invoked: status = -61, source = [slurm.pmix.5008693.7:23]
slurmstepd: error:  mpi/pmix_v4: _errhandler: hydra11 [10]: pmixp_client_v2.c:211: Error handler invoked: status = -61, source = [slurm.pmix.5008693.7:32]
slurmstepd: error:  mpi/pmix_v4: _errhandler: hydra07 [6]: pmixp_client_v2.c:211: Error handler invoked: status = -61, source = [slurm.pmix.5008693.7:18]
slurmstepd: error: *** STEP 5008693.7 ON hydra01 CANCELLED AT 2025-10-13T15:31:21 ***
slurmstepd: error:  mpi/pmix_v4: _errhandler: hydra10 [9]: pmixp_client_v2.c:211: Error handler invoked: status = -61, source = [slurm.pmix.5008693.7:28]
srun: Job step aborted: Waiting up to 32 seconds for job step to finish.
srun: error: hydra10: task 29: Killed
srun: error: hydra11: task 31: Killed
srun: error: hydra04: task 11: Killed
srun: error: hydra03: task 7: Killed
srun: error: hydra02: task 5: Killed
srun: error: hydra08: tasks 21-22: Killed
srun: error: hydra09: tasks 24,26: Killed
srun: error: hydra07: tasks 19-20: Killed
srun: error: hydra12: tasks 33-34: Killed
srun: error: hydra05: tasks 13-14: Killed
srun: error: hydra01: tasks 0-2: Killed
srun: error: hydra06: tasks 15-17: Killed
⚠️ Warning: No runtime found for run 8
srun: Warning: can't honor --ntasks-per-node set to 1 which doesn't match the requested tasks 36 with the number of requested nodes 12. Ignoring --ntasks-per-node.
missing input file name --> Generate random input
malloc(): invalid size (unsorted)
[hydra12:359412] *** Process received signal ***
malloc(): invalid size (unsorted)
[hydra01:882030] *** Process received signal ***
[hydra01:882030] Signal: Aborted (6)
[hydra01:882030] Signal code:  (-6)
malloc(): invalid size (unsorted)
[hydra12:359413] *** Process received signal ***
[hydra12:359413] Signal: Aborted (6)
[hydra12:359413] Signal code:  (-6)
[hydra01:882030] [ 0] /lib/x86_64-linux-gnu/libc.so.6(+0x38de0)[0x7fe3b68e6de0]
[hydra12:359412] Signal: Aborted (6)
[hydra12:359412] Signal code:  (-6)
[hydra12:359413] [ 0] /lib/x86_64-linux-gnu/libc.so.6(+0x38de0)[0x7ff43f203de0]
malloc(): invalid size (unsorted)
[hydra05:379048] *** Process received signal ***
[hydra05:379048] Signal: Aborted (6)
[hydra05:379048] Signal code:  (-6)
malloc(): invalid size (unsorted)
[hydra06:379727] *** Process received signal ***
[hydra06:379727] Signal: Aborted (6)
[hydra06:379727] Signal code:  (-6)
[hydra01:882030] [ 1] /lib/x86_64-linux-gnu/libc.so.6(gsignal+0x141)[0x7fe3b68e6d61]
[hydra12:359412] [ 0] /lib/x86_64-linux-gnu/libc.so.6(+0x38de0)[0x7f8563c8dde0]
[hydra01:882030] [ 2] /lib/x86_64-linux-gnu/libc.so.6(abort+0x123)[0x7fe3b68d0537]
[hydra12:359413] [ 1] /lib/x86_64-linux-gnu/libc.so.6(gsignal+0x141)[0x7ff43f203d61]
malloc(): invalid size (unsorted)
malloc(): invalid size (unsorted)
[hydra09:372660] *** Process received signal ***
[hydra09:372660] Signal: Aborted (6)
[hydra09:372660] Signal code:  (-6)
[hydra01:882030] [ 3] /lib/x86_64-linux-gnu/libc.so.6(+0x7a468)[0x7fe3b6928468]
[hydra12:359413] [ 2] /lib/x86_64-linux-gnu/libc.so.6(abort+0x123)[0x7ff43f1ed537]
malloc(): invalid size (unsorted)
[hydra07:406083] *** Process received signal ***
[hydra07:406083] Signal: Aborted (6)
[hydra07:406083] Signal code:  (-6)
malloc(): invalid size (unsorted)
[hydra03:396338] *** Process received signal ***
[hydra03:396338] Signal: Aborted (6)
[hydra03:396338] Signal code:  (-6)
[hydra12:359412] [ 1] /lib/x86_64-linux-gnu/libc.so.6(gsignal+0x141)[0x7f8563c8dd61]
malloc(): invalid size (unsorted)
[hydra01:882030] [ 4] /lib/x86_64-linux-gnu/libc.so.6(+0x8175a)[0x7fe3b692f75a]
malloc(): invalid size (unsorted)
[hydra08:381367] *** Process received signal ***
[hydra08:381367] Signal: Aborted (6)
[hydra08:381367] Signal code:  (-6)
[hydra12:359412] [ 2] /lib/x86_64-linux-gnu/libc.so.6(abort+0x123)[0x7f8563c77537]
[hydra01:882030] [ 5] /lib/x86_64-linux-gnu/libc.so.6(+0x8483c)[0x7fe3b693283c]
[hydra12:359413] [ 3] /lib/x86_64-linux-gnu/libc.so.6(+0x7a468)[0x7ff43f245468]
malloc(): invalid size (unsorted)
[hydra11:359431] *** Process received signal ***
[hydra11:359431] Signal: Aborted (6)
[hydra11:359431] Signal code:  (-6)
[hydra12:359412] [ 3] /lib/x86_64-linux-gnu/libc.so.6(+0x7a468)[0x7f8563ccf468]
[hydra01:882030] [ 6] /lib/x86_64-linux-gnu/libc.so.6(__libc_calloc+0x81)[0x7fe3b6934bd1]
[hydra12:359413] [ 4] /lib/x86_64-linux-gnu/libc.so.6(+0x8175a)[0x7ff43f24c75a]
malloc(): invalid size (unsorted)
[hydra10:490847] *** Process received signal ***
[hydra10:490847] Signal: Aborted (6)
[hydra10:490847] Signal code:  (-6)
[hydra01:882030] [ 7] /opt/mpi/openmpi-4.1.4//lib/libmpi.so.40(ompi_group_allocate+0x17)[0x7fe3b88021e7]
[hydra08:381367] [ 0] /lib/x86_64-linux-gnu/libc.so.6(+0x38de0)[0x7f7770d4fde0]
[hydra12:359412] [ 4] /lib/x86_64-linux-gnu/libc.so.6(+0x8175a)[0x7f8563cd675a]
malloc(): invalid size (unsorted)
[hydra04:395101] *** Process received signal ***
[hydra04:395101] Signal: Aborted (6)
[hydra04:395101] Signal code:  (-6)
[hydra12:359413] [ 5] /lib/x86_64-linux-gnu/libc.so.6(+0x8483c)[0x7ff43f24f83c]
[hydra04:395100] *** Process received signal ***
[hydra04:395100] Signal: Aborted (6)
[hydra04:395100] Signal code:  (-6)
[hydra01:882030] [ 8] /opt/mpi/openmpi-4.1.4//lib/libmpi.so.40(ompi_group_incl_plist+0x65)[0x7fe3b8802915]
[hydra12:359412] [ 5] /lib/x86_64-linux-gnu/libc.so.6(+0x8483c)[0x7f8563cd983c]
[hydra04:395101] [ 0] /lib/x86_64-linux-gnu/libc.so.6(+0x38de0)[0x7f8c22d73de0]
[hydra12:359413] [ 6] /lib/x86_64-linux-gnu/libc.so.6(__libc_calloc+0x81)[0x7ff43f251bd1]
[hydra04:395101] [ 1] /lib/x86_64-linux-gnu/libc.so.6(gsignal+0x141)[0x7f8c22d73d61]
[hydra10:490847] [ 0] /lib/x86_64-linux-gnu/libc.so.6(+0x38de0)[0x7fce129f9de0]
[hydra01:882030] [ 9] /opt/mpi/openmpi-4.1.4//lib/libmpi.so.40(PMPI_Group_incl+0x95)[0x7fe3b8833185]
[hydra01:882030] [10] /home/thesis/jheld/MPI_Syrk_implementation/build/src/MPI_SYRK_implementation(+0x841a)[0x5608fa9d441a]
[hydra12:359413] [ 7] /opt/mpi/openmpi-4.1.4//lib/libmpi.so.40(ompi_group_allocate+0x17)[0x7ff44111f1e7]
[hydra04:395100] [ 0] /lib/x86_64-linux-gnu/libc.so.6(+0x38de0)[0x7f90f22fede0]
[hydra01:882030] [11] /home/thesis/jheld/MPI_Syrk_implementation/build/src/MPI_SYRK_implementation(+0x2ab0)[0x5608fa9ceab0]
[hydra08:381367] [ 1] /lib/x86_64-linux-gnu/libc.so.6(gsignal+0x141)[0x7f7770d4fd61]
[hydra12:359412] [ 6] /lib/x86_64-linux-gnu/libc.so.6(__libc_calloc+0x81)[0x7f8563cdbbd1]
[hydra04:395101] [ 2] /lib/x86_64-linux-gnu/libc.so.6(abort+0x123)[0x7f8c22d5d537]
[hydra10:490847] [ 1] /lib/x86_64-linux-gnu/libc.so.6(gsignal+0x141)[0x7fce129f9d61]
malloc(): invalid size (unsorted)
[hydra02:566282] *** Process received signal ***
[hydra02:566282] Signal: Aborted (6)
[hydra02:566282] Signal code:  (-6)
[hydra01:882030] [12] /lib/x86_64-linux-gnu/libc.so.6(__libc_start_main+0xea)[0x7fe3b68d1d7a]
[hydra01:882030] [13] /home/thesis/jheld/MPI_Syrk_implementation/build/src/MPI_SYRK_implementation(+0x232a)[0x5608fa9ce32a]
[hydra01:882030] *** End of error message ***
[hydra08:381367] [ 2] /lib/x86_64-linux-gnu/libc.so.6(abort+0x123)[0x7f7770d39537]
[hydra12:359413] [ 8] /opt/mpi/openmpi-4.1.4//lib/libmpi.so.40(ompi_group_incl_plist+0x65)[0x7ff44111f915]
[hydra04:395100] [ 1] /lib/x86_64-linux-gnu/libc.so.6(gsignal+0x141)[0x7f90f22fed61]
[hydra10:490847] [ 2] /lib/x86_64-linux-gnu/libc.so.6(abort+0x123)[0x7fce129e3537]
[hydra02:566281] *** Process received signal ***
[hydra02:566281] Signal: Aborted (6)
[hydra02:566281] Signal code:  (-6)
malloc(): invalid size (unsorted)
[hydra08:381367] [ 3] /lib/x86_64-linux-gnu/libc.so.6(+0x7a468)[0x7f7770d91468]
[hydra12:359412] [ 7] /opt/mpi/openmpi-4.1.4//lib/libmpi.so.40(ompi_group_allocate+0x17)[0x7f8565ba91e7]
[hydra04:395100] [ 2] /lib/x86_64-linux-gnu/libc.so.6(abort+0x123)[0x7f90f22e8537]
[hydra10:490847] [ 3] /lib/x86_64-linux-gnu/libc.so.6(+0x7a468)[0x7fce12a3b468]
[hydra02:566281] [ 0] /lib/x86_64-linux-gnu/libc.so.6(+0x38de0)[0x7fe867eafde0]
[hydra07:406083] [ 0] /lib/x86_64-linux-gnu/libc.so.6(+0x38de0)[0x7f29509fede0]
[hydra08:381367] [ 4] /lib/x86_64-linux-gnu/libc.so.6(+0x8175a)[0x7f7770d9875a]
[hydra12:359412] [ 8] /opt/mpi/openmpi-4.1.4//lib/libmpi.so.40(ompi_group_incl_plist+0x65)[0x7f8565ba9915]
[hydra04:395101] [ 3] /lib/x86_64-linux-gnu/libc.so.6(+0x7a468)[0x7f8c22db5468]
[hydra10:490847] [ 4] /lib/x86_64-linux-gnu/libc.so.6(+0x8175a)[0x7fce12a4275a]
[hydra02:566282] [ 0] /lib/x86_64-linux-gnu/libc.so.6(+0x38de0)[0x7f49c4a24de0]
[hydra07:406085] *** Process received signal ***
[hydra07:406085] Signal: Aborted (6)
[hydra07:406085] Signal code:  (-6)
[hydra05:379048] [ 0] /lib/x86_64-linux-gnu/libc.so.6(+0x38de0)[0x7f4ddff63de0]
[hydra08:381367] [ 5] /lib/x86_64-linux-gnu/libc.so.6(+0x8483c)[0x7f7770d9b83c]
[hydra12:359413] [ 9] /opt/mpi/openmpi-4.1.4//lib/libmpi.so.40(PMPI_Group_incl+0x95)[0x7ff441150185]
[hydra12:359413] [10] /home/thesis/jheld/MPI_Syrk_implementation/build/src/MPI_SYRK_implementation(+0x841a)[0x55df62ef841a]
[hydra12:359413] [11] /home/thesis/jheld/MPI_Syrk_implementation/build/src/MPI_SYRK_implementation(+0x2ab0)[0x55df62ef2ab0]
[hydra04:395100] [ 3] /lib/x86_64-linux-gnu/libc.so.6(+0x7a468)[0x7f90f2340468]
[hydra10:490847] [ 5] /lib/x86_64-linux-gnu/libc.so.6(+0x8483c)[0x7fce12a4583c]
[hydra02:566281] [ 1] /lib/x86_64-linux-gnu/libc.so.6(gsignal+0x141)[0x7fe867eafd61]
[hydra07:406083] [ 1] /lib/x86_64-linux-gnu/libc.so.6(gsignal+0x141)[0x7f29509fed61]
[hydra09:372660] [ 0] /lib/x86_64-linux-gnu/libc.so.6(+0x38de0)[0x7f303f76ede0]
[hydra05:379048] [ 1] /lib/x86_64-linux-gnu/libc.so.6(gsignal+0x141)[0x7f4ddff63d61]
[hydra06:379727] [ 0] /lib/x86_64-linux-gnu/libc.so.6(+0x38de0)[0x7f88382e7de0]
[hydra08:381367] [ 6] /lib/x86_64-linux-gnu/libc.so.6(__libc_calloc+0x81)[0x7f7770d9dbd1]
[hydra12:359412] [ 9] /opt/mpi/openmpi-4.1.4//lib/libmpi.so.40(PMPI_Group_incl+0x95)[0x7f8565bda185]
[hydra12:359412] [10] /home/thesis/jheld/MPI_Syrk_implementation/build/src/MPI_SYRK_implementation(+0x841a)[0x559c0edda41a]
[hydra04:395101] [ 4] /lib/x86_64-linux-gnu/libc.so.6(+0x8175a)[0x7f8c22dbc75a]
[hydra10:490847] [ 6] /lib/x86_64-linux-gnu/libc.so.6(__libc_calloc+0x81)[0x7fce12a47bd1]
[hydra02:566282] [ 1] /lib/x86_64-linux-gnu/libc.so.6(gsignal+0x141)[0x7f49c4a24d61]
[hydra07:406083] [ 2] /lib/x86_64-linux-gnu/libc.so.6(abort+0x123)[0x7f29509e8537]
[hydra09:372660] [ 1] /lib/x86_64-linux-gnu/libc.so.6(gsignal+0x141)[0x7f303f76ed61]
[hydra03:396338] [ 0] /lib/x86_64-linux-gnu/libc.so.6(+0x38de0)[0x7f4d43724de0]
[hydra05:379048] [ 2] /lib/x86_64-linux-gnu/libc.so.6(abort+0x123)[0x7f4ddff4d537]
[hydra06:379727] [ 1] /lib/x86_64-linux-gnu/libc.so.6(gsignal+0x141)[0x7f88382e7d61]
[hydra08:381367] [ 7] /opt/mpi/openmpi-4.1.4//lib/libmpi.so.40(ompi_group_allocate+0x17)[0x7f7772c6b1e7]
[hydra12:359413] [12] /lib/x86_64-linux-gnu/libc.so.6(__libc_start_main+0xea)[0x7ff43f1eed7a]
[hydra12:359413] [13] /home/thesis/jheld/MPI_Syrk_implementation/build/src/MPI_SYRK_implementation(+0x232a)[0x55df62ef232a]
[hydra12:359413] *** End of error message ***
[hydra04:395100] [ 4] /lib/x86_64-linux-gnu/libc.so.6(+0x8175a)[0x7f90f234775a]
[hydra10:490847] [ 7] /opt/mpi/openmpi-4.1.4//lib/libmpi.so.40(ompi_group_allocate+0x17)[0x7fce149151e7]
[hydra02:566281] [ 2] /lib/x86_64-linux-gnu/libc.so.6(abort+0x123)[0x7fe867e99537]
[hydra07:406083] [ 3] /lib/x86_64-linux-gnu/libc.so.6(+0x7a468)[0x7f2950a40468]
[hydra09:372660] [ 2] /lib/x86_64-linux-gnu/libc.so.6(abort+0x123)[0x7f303f758537]
[hydra03:396338] [ 1] /lib/x86_64-linux-gnu/libc.so.6(gsignal+0x141)[0x7f4d43724d61]
[hydra05:379048] [ 3] /lib/x86_64-linux-gnu/libc.so.6(+0x7a468)[0x7f4ddffa5468]
[hydra06:379727] [ 2] /lib/x86_64-linux-gnu/libc.so.6(abort+0x123)[0x7f88382d1537]
[hydra08:381367] [ 8] /opt/mpi/openmpi-4.1.4//lib/libmpi.so.40(ompi_group_incl_plist+0x65)[0x7f7772c6b915]
[hydra12:359412] [11] /home/thesis/jheld/MPI_Syrk_implementation/build/src/MPI_SYRK_implementation(+0x2ab0)[0x559c0edd4ab0]
[hydra04:395101] [ 5] /lib/x86_64-linux-gnu/libc.so.6(+0x8483c)[0x7f8c22dbf83c]
[hydra10:490847] [ 8] /opt/mpi/openmpi-4.1.4//lib/libmpi.so.40(ompi_group_incl_plist+0x65)[0x7fce14915915]
[hydra02:566282] [ 2] /lib/x86_64-linux-gnu/libc.so.6(abort+0x123)[0x7f49c4a0e537]
[hydra07:406083] [ 4] /lib/x86_64-linux-gnu/libc.so.6(+0x8175a)[0x7f2950a4775a]
[hydra09:372660] [ 3] /lib/x86_64-linux-gnu/libc.so.6(+0x7a468)[0x7f303f7b0468]
[hydra03:396338] [ 2] /lib/x86_64-linux-gnu/libc.so.6(abort+0x123)[0x7f4d4370e537]
[hydra11:359431] [ 0] /lib/x86_64-linux-gnu/libc.so.6(+0x38de0)[0x7f24e8728de0]
[hydra05:379048] [ 4] /lib/x86_64-linux-gnu/libc.so.6(+0x8175a)[0x7f4ddffac75a]
[hydra06:379727] [ 3] /lib/x86_64-linux-gnu/libc.so.6(+0x7a468)[0x7f8838329468]
[hydra08:381367] [ 9] /opt/mpi/openmpi-4.1.4//lib/libmpi.so.40(PMPI_Group_incl+0x95)[0x7f7772c9c185]
[hydra12:359412] [12] /lib/x86_64-linux-gnu/libc.so.6(__libc_start_main+0xea)[0x7f8563c78d7a]
[hydra12:359412] [13] /home/thesis/jheld/MPI_Syrk_implementation/build/src/MPI_SYRK_implementation(+0x232a)[0x559c0edd432a]
[hydra12:359412] *** End of error message ***
[hydra04:395100] [ 5] /lib/x86_64-linux-gnu/libc.so.6(+0x8483c)[0x7f90f234a83c]
[hydra10:490847] [ 9] /opt/mpi/openmpi-4.1.4//lib/libmpi.so.40(PMPI_Group_incl+0x95)[0x7fce14946185]
[hydra10:490847] [10] /home/thesis/jheld/MPI_Syrk_implementation/build/src/MPI_SYRK_implementation(+0x841a)[0x563e7a4c241a]
[hydra02:566281] [ 3] /lib/x86_64-linux-gnu/libc.so.6(+0x7a468)[0x7fe867ef1468]
[hydra07:406085] [ 0] /lib/x86_64-linux-gnu/libc.so.6(+0x38de0)[0x7fd443730de0]
[hydra09:372660] [ 4] /lib/x86_64-linux-gnu/libc.so.6(+0x8175a)[0x7f303f7b775a]
[hydra03:396338] [ 3] /lib/x86_64-linux-gnu/libc.so.6(+0x7a468)[0x7f4d43766468]
[hydra11:359431] [ 1] /lib/x86_64-linux-gnu/libc.so.6(gsignal+0x141)[0x7f24e8728d61]
[hydra05:379048] [ 5] /lib/x86_64-linux-gnu/libc.so.6(+0x8483c)[0x7f4ddffaf83c]
[hydra06:379727] [ 4] /lib/x86_64-linux-gnu/libc.so.6(+0x8175a)[0x7f883833075a]
[hydra08:381367] [10] /home/thesis/jheld/MPI_Syrk_implementation/build/src/MPI_SYRK_implementation(+0x841a)[0x56280518d41a]
[hydra08:381367] [11] /home/thesis/jheld/MPI_Syrk_implementation/build/src/MPI_SYRK_implementation(+0x2ab0)[0x562805187ab0]
[hydra04:395101] [ 6] /lib/x86_64-linux-gnu/libc.so.6(__libc_calloc+0x81)[0x7f8c22dc1bd1]
[hydra10:490847] [11] /home/thesis/jheld/MPI_Syrk_implementation/build/src/MPI_SYRK_implementation(+0x2ab0)[0x563e7a4bcab0]
[hydra02:566282] [ 3] /lib/x86_64-linux-gnu/libc.so.6(+0x7a468)[0x7f49c4a66468]
[hydra07:406085] [ 1] /lib/x86_64-linux-gnu/libc.so.6(gsignal+0x141)[0x7fd443730d61]
[hydra09:372660] [ 5] /lib/x86_64-linux-gnu/libc.so.6(+0x8483c)[0x7f303f7ba83c]
[hydra03:396338] [ 4] /lib/x86_64-linux-gnu/libc.so.6(+0x8175a)[0x7f4d4376d75a]
[hydra11:359431] [ 2] /lib/x86_64-linux-gnu/libc.so.6(abort+0x123)[0x7f24e8712537]
[hydra05:379048] [ 6] /lib/x86_64-linux-gnu/libc.so.6(__libc_calloc+0x81)[0x7f4ddffb1bd1]
[hydra06:379727] [ 5] /lib/x86_64-linux-gnu/libc.so.6(+0x8483c)[0x7f883833383c]
[hydra08:381367] [12] /lib/x86_64-linux-gnu/libc.so.6(__libc_start_main+0xea)[0x7f7770d3ad7a]
[hydra04:395101] [ 7] /opt/mpi/openmpi-4.1.4//lib/libmpi.so.40(ompi_group_allocate+0x17)[0x7f8c24c8f1e7]
[hydra10:490847] [12] /lib/x86_64-linux-gnu/libc.so.6(__libc_start_main+0xea)[0x7fce129e4d7a]
[hydra02:566281] [ 4] /lib/x86_64-linux-gnu/libc.so.6(+0x8175a)[0x7fe867ef875a]
[hydra07:406083] [ 5] /lib/x86_64-linux-gnu/libc.so.6(+0x8483c)[0x7f2950a4a83c]
[hydra09:372660] [ 6] /lib/x86_64-linux-gnu/libc.so.6(__libc_calloc+0x81)[0x7f303f7bcbd1]
[hydra03:396338] [ 5] /lib/x86_64-linux-gnu/libc.so.6(+0x8483c)[0x7f4d4377083c]
[hydra11:359431] [ 3] /lib/x86_64-linux-gnu/libc.so.6(+0x7a468)[0x7f24e876a468]
[hydra05:379048] [ 7] /opt/mpi/openmpi-4.1.4//lib/libmpi.so.40(ompi_group_allocate+0x17)[0x7f4de1e7f1e7]
[hydra06:379727] [ 6] /lib/x86_64-linux-gnu/libc.so.6(__libc_calloc+0x81)[0x7f8838335bd1]
[hydra08:381367] [13] /home/thesis/jheld/MPI_Syrk_implementation/build/src/MPI_SYRK_implementation(+0x232a)[0x56280518732a]
[hydra08:381367] *** End of error message ***
[hydra04:395100] [ 6] /lib/x86_64-linux-gnu/libc.so.6(__libc_calloc+0x81)[0x7f90f234cbd1]
[hydra10:490847] [13] /home/thesis/jheld/MPI_Syrk_implementation/build/src/MPI_SYRK_implementation(+0x232a)[0x563e7a4bc32a]
[hydra10:490847] *** End of error message ***
[hydra02:566282] [ 4] /lib/x86_64-linux-gnu/libc.so.6(+0x8175a)[0x7f49c4a6d75a]
[hydra07:406085] [ 2] /lib/x86_64-linux-gnu/libc.so.6(abort+0x123)[0x7fd44371a537]
[hydra09:372660] [ 7] /opt/mpi/openmpi-4.1.4//lib/libmpi.so.40(ompi_group_allocate+0x17)[0x7f304168a1e7]
[hydra03:396338] [ 6] /lib/x86_64-linux-gnu/libc.so.6(__libc_calloc+0x81)[0x7f4d43772bd1]
[hydra11:359431] [ 4] /lib/x86_64-linux-gnu/libc.so.6(+0x8175a)[0x7f24e877175a]
[hydra05:379048] [ 8] /opt/mpi/openmpi-4.1.4//lib/libmpi.so.40(ompi_group_incl_plist+0x65)[0x7f4de1e7f915]
[hydra06:379727] [ 7] /opt/mpi/openmpi-4.1.4//lib/libmpi.so.40(ompi_group_allocate+0x17)[0x7f883a2031e7]
[hydra04:395101] [ 8] /opt/mpi/openmpi-4.1.4//lib/libmpi.so.40(ompi_group_incl_plist+0x65)[0x7f8c24c8f915]
[hydra02:566281] [ 5] /lib/x86_64-linux-gnu/libc.so.6(+0x8483c)[0x7fe867efb83c]
[hydra07:406083] [ 6] /lib/x86_64-linux-gnu/libc.so.6(__libc_calloc+0x81)[0x7f2950a4cbd1]
[hydra09:372660] [ 8] /opt/mpi/openmpi-4.1.4//lib/libmpi.so.40(ompi_group_incl_plist+0x65)[0x7f304168a915]
[hydra03:396338] [ 7] /opt/mpi/openmpi-4.1.4//lib/libmpi.so.40(ompi_group_allocate+0x17)[0x7f4d456401e7]
[hydra11:359431] [ 5] /lib/x86_64-linux-gnu/libc.so.6(+0x8483c)[0x7f24e877483c]
[hydra05:379048] [ 9] /opt/mpi/openmpi-4.1.4//lib/libmpi.so.40(PMPI_Group_incl+0x95)[0x7f4de1eb0185]
[hydra05:379048] [10] /home/thesis/jheld/MPI_Syrk_implementation/build/src/MPI_SYRK_implementation(+0x841a)[0x559b80a1641a]
[hydra06:379727] [ 8] /opt/mpi/openmpi-4.1.4//lib/libmpi.so.40(ompi_group_incl_plist+0x65)[0x7f883a203915]
[hydra04:395100] [ 7] /opt/mpi/openmpi-4.1.4//lib/libmpi.so.40(ompi_group_allocate+0x17)[0x7f90f421a1e7]
[hydra02:566282] [ 5] /lib/x86_64-linux-gnu/libc.so.6(+0x8483c)[0x7f49c4a7083c]
[hydra07:406083] [ 7] /opt/mpi/openmpi-4.1.4//lib/libmpi.so.40(ompi_group_allocate+0x17)[0x7f295291a1e7]
[hydra09:372660] [ 9] /opt/mpi/openmpi-4.1.4//lib/libmpi.so.40(PMPI_Group_incl+0x95)[0x7f30416bb185]
[hydra09:372660] [10] /home/thesis/jheld/MPI_Syrk_implementation/build/src/MPI_SYRK_implementation(+0x841a)[0x558cfe41541a]
[hydra03:396338] [ 8] /opt/mpi/openmpi-4.1.4//lib/libmpi.so.40(ompi_group_incl_plist+0x65)[0x7f4d45640915]
[hydra11:359431] [ 6] /lib/x86_64-linux-gnu/libc.so.6(__libc_calloc+0x81)[0x7f24e8776bd1]
[hydra05:379048] [11] /home/thesis/jheld/MPI_Syrk_implementation/build/src/MPI_SYRK_implementation(+0x2ab0)[0x559b80a10ab0]
[hydra06:379727] [ 9] /opt/mpi/openmpi-4.1.4//lib/libmpi.so.40(PMPI_Group_incl+0x95)[0x7f883a234185]
[hydra04:395100] [ 8] /opt/mpi/openmpi-4.1.4//lib/libmpi.so.40(ompi_group_incl_plist+0x65)[0x7f90f421a915]
[hydra02:566282] [ 6] /lib/x86_64-linux-gnu/libc.so.6(__libc_calloc+0x81)[0x7f49c4a72bd1]
[hydra07:406085] [ 3] /lib/x86_64-linux-gnu/libc.so.6(+0x7a468)[0x7fd443772468]
[hydra09:372660] [11] /home/thesis/jheld/MPI_Syrk_implementation/build/src/MPI_SYRK_implementation(+0x2ab0)[0x558cfe40fab0]
[hydra03:396338] [ 9] /opt/mpi/openmpi-4.1.4//lib/libmpi.so.40(PMPI_Group_incl+0x95)[0x7f4d45671185]
[hydra03:396338] [10] /home/thesis/jheld/MPI_Syrk_implementation/build/src/MPI_SYRK_implementation(+0x841a)[0x5570b8cbb41a]
[hydra11:359431] [ 7] /opt/mpi/openmpi-4.1.4//lib/libmpi.so.40(ompi_group_allocate+0x17)[0x7f24ea6441e7]
[hydra05:379048] [12] /lib/x86_64-linux-gnu/libc.so.6(__libc_start_main+0xea)[0x7f4ddff4ed7a]
[hydra05:379048] [13] /home/thesis/jheld/MPI_Syrk_implementation/build/src/MPI_SYRK_implementation(+0x232a)[0x559b80a1032a]
[hydra06:379727] [10] /home/thesis/jheld/MPI_Syrk_implementation/build/src/MPI_SYRK_implementation(+0x841a)[0x55d1d571541a]
[hydra06:379727] [11] /home/thesis/jheld/MPI_Syrk_implementation/build/src/MPI_SYRK_implementation(+0x2ab0)[0x55d1d570fab0]
[hydra04:395101] [ 9] /opt/mpi/openmpi-4.1.4//lib/libmpi.so.40(PMPI_Group_incl+0x95)[0x7f8c24cc0185]
[hydra04:395101] [10] /home/thesis/jheld/MPI_Syrk_implementation/build/src/MPI_SYRK_implementation(+0x841a)[0x557edabb141a]
[hydra04:395101] [11] /home/thesis/jheld/MPI_Syrk_implementation/build/src/MPI_SYRK_implementation(+0x2ab0)[0x557edababab0]
[hydra02:566281] [ 6] /lib/x86_64-linux-gnu/libc.so.6(__libc_calloc+0x81)[0x7fe867efdbd1]
[hydra07:406083] [ 8] /opt/mpi/openmpi-4.1.4//lib/libmpi.so.40(ompi_group_incl_plist+0x65)[0x7f295291a915]
[hydra09:372660] [12] /lib/x86_64-linux-gnu/libc.so.6(__libc_start_main+0xea)[0x7f303f759d7a]
[hydra03:396338] [11] /home/thesis/jheld/MPI_Syrk_implementation/build/src/MPI_SYRK_implementation(+0x2ab0)[0x5570b8cb5ab0]
[hydra11:359431] [ 8] /opt/mpi/openmpi-4.1.4//lib/libmpi.so.40(ompi_group_incl_plist+0x65)[0x7f24ea644915]
[hydra05:379048] *** End of error message ***
[hydra06:379727] [12] /lib/x86_64-linux-gnu/libc.so.6(__libc_start_main+0xea)[0x7f88382d2d7a]
[hydra04:395100] [ 9] /opt/mpi/openmpi-4.1.4//lib/libmpi.so.40(PMPI_Group_incl+0x95)[0x7f90f424b185]
[hydra02:566282] [ 7] /opt/mpi/openmpi-4.1.4//lib/libmpi.so.40(ompi_group_allocate+0x17)[0x7f49c69401e7]
[hydra07:406085] [ 4] /lib/x86_64-linux-gnu/libc.so.6(+0x8175a)[0x7fd44377975a]
[hydra09:372660] [13] /home/thesis/jheld/MPI_Syrk_implementation/build/src/MPI_SYRK_implementation(+0x232a)[0x558cfe40f32a]
[hydra09:372660] *** End of error message ***
[hydra03:396338] [12] /lib/x86_64-linux-gnu/libc.so.6(__libc_start_main+0xea)[0x7f4d4370fd7a]
[hydra03:396338] [13] /home/thesis/jheld/MPI_Syrk_implementation/build/src/MPI_SYRK_implementation(+0x232a)[0x5570b8cb532a]
[hydra11:359431] [ 9] /opt/mpi/openmpi-4.1.4//lib/libmpi.so.40(PMPI_Group_incl+0x95)[0x7f24ea675185]
[hydra11:359431] [10] /home/thesis/jheld/MPI_Syrk_implementation/build/src/MPI_SYRK_implementation(+0x841a)[0x560cbbfc841a]
[hydra06:379727] [13] /home/thesis/jheld/MPI_Syrk_implementation/build/src/MPI_SYRK_implementation(+0x232a)[0x55d1d570f32a]
[hydra06:379727] *** End of error message ***
[hydra04:395100] [10] /home/thesis/jheld/MPI_Syrk_implementation/build/src/MPI_SYRK_implementation(+0x841a)[0x55848abc441a]
[hydra04:395100] [11] /home/thesis/jheld/MPI_Syrk_implementation/build/src/MPI_SYRK_implementation(+0x2ab0)[0x55848abbeab0]
[hydra02:566281] [ 7] /opt/mpi/openmpi-4.1.4//lib/libmpi.so.40(ompi_group_allocate+0x17)[0x7fe869dcb1e7]
[hydra07:406083] [ 9] /opt/mpi/openmpi-4.1.4//lib/libmpi.so.40(PMPI_Group_incl+0x95)[0x7f295294b185]
[hydra07:406083] [10] /home/thesis/jheld/MPI_Syrk_implementation/build/src/MPI_SYRK_implementation(+0x841a)[0x5599d2c2541a]
[hydra03:396338] *** End of error message ***
[hydra11:359431] [11] /home/thesis/jheld/MPI_Syrk_implementation/build/src/MPI_SYRK_implementation(+0x2ab0)[0x560cbbfc2ab0]
[hydra04:395101] [12] /lib/x86_64-linux-gnu/libc.so.6(__libc_start_main+0xea)[0x7f8c22d5ed7a]
[hydra04:395101] [13] /home/thesis/jheld/MPI_Syrk_implementation/build/src/MPI_SYRK_implementation(+0x232a)[0x557edabab32a]
[hydra04:395101] *** End of error message ***
[hydra02:566281] [ 8] /opt/mpi/openmpi-4.1.4//lib/libmpi.so.40(ompi_group_incl_plist+0x65)[0x7fe869dcb915]
[hydra07:406083] [11] /home/thesis/jheld/MPI_Syrk_implementation/build/src/MPI_SYRK_implementation(+0x2ab0)[0x5599d2c1fab0]
[hydra11:359431] [12] /lib/x86_64-linux-gnu/libc.so.6(__libc_start_main+0xea)[0x7f24e8713d7a]
[hydra11:359431] [13] /home/thesis/jheld/MPI_Syrk_implementation/build/src/MPI_SYRK_implementation(+0x232a)[0x560cbbfc232a]
[hydra04:395100] [12] /lib/x86_64-linux-gnu/libc.so.6(__libc_start_main+0xea)[0x7f90f22e9d7a]
[hydra04:395100] [13] /home/thesis/jheld/MPI_Syrk_implementation/build/src/MPI_SYRK_implementation(+0x232a)[0x55848abbe32a]
[hydra07:406085] [ 5] /lib/x86_64-linux-gnu/libc.so.6(+0x8483c)[0x7fd44377c83c]
[hydra11:359431] *** End of error message ***
[hydra04:395100] *** End of error message ***
[hydra07:406083] [12] /lib/x86_64-linux-gnu/libc.so.6(__libc_start_main+0xea)[0x7f29509e9d7a]
[hydra07:406083] [13] /home/thesis/jheld/MPI_Syrk_implementation/build/src/MPI_SYRK_implementation(+0x232a)[0x5599d2c1f32a]
[hydra07:406083] *** End of error message ***
[hydra07:406085] [ 6] /lib/x86_64-linux-gnu/libc.so.6(__libc_calloc+0x81)[0x7fd44377ebd1]
[hydra02:566282] [ 8] /opt/mpi/openmpi-4.1.4//lib/libmpi.so.40(ompi_group_incl_plist+0x65)[0x7f49c6940915]
[hydra02:566281] [ 9] /opt/mpi/openmpi-4.1.4//lib/libmpi.so.40(PMPI_Group_incl+0x95)[0x7fe869dfc185]
[hydra02:566281] [10] /home/thesis/jheld/MPI_Syrk_implementation/build/src/MPI_SYRK_implementation(+0x841a)[0x56548680a41a]
[hydra02:566281] [11] /home/thesis/jheld/MPI_Syrk_implementation/build/src/MPI_SYRK_implementation(+0x2ab0)[0x565486804ab0]
[hydra02:566282] [ 9] /opt/mpi/openmpi-4.1.4//lib/libmpi.so.40(PMPI_Group_incl+0x95)[0x7f49c6971185]
[hydra02:566282] [10] /home/thesis/jheld/MPI_Syrk_implementation/build/src/MPI_SYRK_implementation(+0x841a)[0x555ea600441a]
[hydra02:566282] [11] /home/thesis/jheld/MPI_Syrk_implementation/build/src/MPI_SYRK_implementation(+0x2ab0)[0x555ea5ffeab0]
[hydra07:406085] [ 7] /opt/mpi/openmpi-4.1.4//lib/libmpi.so.40(ompi_group_allocate+0x17)[0x7fd44564c1e7]
[hydra02:566281] [12] /lib/x86_64-linux-gnu/libc.so.6(__libc_start_main+0xea)[0x7fe867e9ad7a]
[hydra07:406085] [ 8] /opt/mpi/openmpi-4.1.4//lib/libmpi.so.40(ompi_group_incl_plist+0x65)[0x7fd44564c915]
[hydra02:566282] [12] /lib/x86_64-linux-gnu/libc.so.6(__libc_start_main+0xea)[0x7f49c4a0fd7a]
[hydra02:566282] [13] /home/thesis/jheld/MPI_Syrk_implementation/build/src/MPI_SYRK_implementation(+0x232a)[0x555ea5ffe32a]
[hydra02:566282] *** End of error message ***
[hydra07:406085] [ 9] /opt/mpi/openmpi-4.1.4//lib/libmpi.so.40(PMPI_Group_incl+0x95)[0x7fd44567d185]
[hydra07:406085] [10] /home/thesis/jheld/MPI_Syrk_implementation/build/src/MPI_SYRK_implementation(+0x841a)[0x560565acc41a]
[hydra02:566281] [13] /home/thesis/jheld/MPI_Syrk_implementation/build/src/MPI_SYRK_implementation(+0x232a)[0x56548680432a]
[hydra02:566281] *** End of error message ***
[hydra07:406085] [11] /home/thesis/jheld/MPI_Syrk_implementation/build/src/MPI_SYRK_implementation(+0x2ab0)[0x560565ac6ab0]
[hydra07:406085] [12] /lib/x86_64-linux-gnu/libc.so.6(__libc_start_main+0xea)[0x7fd44371bd7a]
[hydra07:406085] [13] /home/thesis/jheld/MPI_Syrk_implementation/build/src/MPI_SYRK_implementation(+0x232a)[0x560565ac632a]
[hydra07:406085] *** End of error message ***
srun: error: hydra09: task 25: Aborted
srun: error: hydra01: task 1: Aborted
srun: error: hydra10: task 27: Aborted
srun: error: hydra06: task 17: Aborted
srun: error: hydra05: task 12: Aborted
srun: error: hydra08: task 23: Aborted
srun: error: hydra03: task 6: Aborted
srun: error: hydra11: task 31: Aborted
srun: error: hydra07: tasks 18,20: Aborted
srun: error: hydra04: tasks 9-10: Aborted
srun: error: hydra02: tasks 3-4: Aborted
srun: error: hydra12: tasks 33-34: Aborted
slurmstepd: error:  mpi/pmix_v4: _errhandler: hydra08 [7]: pmixp_client_v2.c:211: Error handler invoked: status = -61, source = [slurm.pmix.5008693.8:23]
slurmstepd: error:  mpi/pmix_v4: _errhandler: hydra10 [9]: pmixp_client_v2.c:211: Error handler invoked: status = -61, source = [slurm.pmix.5008693.8:27]
slurmstepd: error:  mpi/pmix_v4: _errhandler: hydra09 [8]: pmixp_client_v2.c:211: Error handler invoked: status = -61, source = [slurm.pmix.5008693.8:25]
slurmstepd: error:  mpi/pmix_v4: _errhandler: hydra11 [10]: pmixp_client_v2.c:211: Error handler invoked: status = -61, source = [slurm.pmix.5008693.8:31]
slurmstepd: error:  mpi/pmix_v4: _errhandler: hydra05 [4]: pmixp_client_v2.c:211: Error handler invoked: status = -61, source = [slurm.pmix.5008693.8:12]
slurmstepd: error:  mpi/pmix_v4: _errhandler: hydra06 [5]: pmixp_client_v2.c:211: Error handler invoked: status = -61, source = [slurm.pmix.5008693.8:17]
slurmstepd: error:  mpi/pmix_v4: _errhandler: hydra01 [0]: pmixp_client_v2.c:211: Error handler invoked: status = -61, source = [slurm.pmix.5008693.8:1]
slurmstepd: error:  mpi/pmix_v4: _errhandler: hydra07 [6]: pmixp_client_v2.c:211: Error handler invoked: status = -61, source = [slurm.pmix.5008693.8:18]
slurmstepd: error:  mpi/pmix_v4: _errhandler: hydra03 [2]: pmixp_client_v2.c:211: Error handler invoked: status = -61, source = [slurm.pmix.5008693.8:6]
slurmstepd: error: *** STEP 5008693.8 ON hydra01 CANCELLED AT 2025-10-13T15:31:23 ***
srun: Job step aborted: Waiting up to 32 seconds for job step to finish.
srun: error: hydra12: task 35: Killed
srun: error: hydra02: task 5: Killed
srun: error: hydra04: task 11: Killed
srun: error: hydra07: task 19: Killed
srun: error: hydra11: tasks 30,32: Killed
srun: error: hydra03: tasks 7-8: Killed
srun: error: hydra10: tasks 28-29: Killed
srun: error: hydra08: tasks 21-22: Killed
srun: error: hydra05: tasks 13-14: Killed
srun: error: hydra01: tasks 0,2: Killed
srun: error: hydra06: tasks 15-16: Killed
srun: error: hydra09: tasks 24,26: Killed
⚠️ Warning: No runtime found for run 9
srun: Warning: can't honor --ntasks-per-node set to 1 which doesn't match the requested tasks 36 with the number of requested nodes 12. Ignoring --ntasks-per-node.
missing input file name --> Generate random input
malloc(): invalid size (unsorted)
[hydra12:359476] *** Process received signal ***
[hydra12:359476] Signal: Aborted (6)
[hydra12:359476] Signal code:  (-6)
malloc(): invalid size (unsorted)
[hydra01:882119] *** Process received signal ***
[hydra01:882119] Signal: Aborted (6)
[hydra01:882119] Signal code:  (-6)
malloc(): invalid size (unsorted)
[hydra06:379791] *** Process received signal ***
[hydra06:379791] Signal: Aborted (6)
[hydra06:379791] Signal code:  (-6)
[hydra01:882119] [ 0] /lib/x86_64-linux-gnu/libc.so.6(+0x38de0)[0x7efe04cd0de0]
malloc(): invalid size (unsorted)
[hydra09:372721] *** Process received signal ***
[hydra09:372721] Signal: Aborted (6)
[hydra09:372721] Signal code:  (-6)
malloc(): invalid size (unsorted)
[hydra05:379111] *** Process received signal ***
[hydra05:379111] Signal: Aborted (6)
[hydra05:379111] Signal code:  (-6)
[hydra01:882119] [ 1] /lib/x86_64-linux-gnu/libc.so.6(gsignal+0x141)[0x7efe04cd0d61]
[hydra01:882119] [ 2] /lib/x86_64-linux-gnu/libc.so.6(abort+0x123)[0x7efe04cba537]
malloc(): invalid size (unsorted)
[hydra04:395163] *** Process received signal ***
[hydra04:395163] Signal: Aborted (6)
[hydra04:395163] Signal code:  (-6)
malloc(): invalid size (unsorted)
[hydra07:406146] *** Process received signal ***
[hydra07:406146] Signal: Aborted (6)
[hydra07:406146] Signal code:  (-6)
[hydra06:379791] [ 0] /lib/x86_64-linux-gnu/libc.so.6(+0x38de0)[0x7fb7ece55de0]
malloc(): invalid size (unsorted)
[hydra03:396401] *** Process received signal ***
[hydra03:396401] Signal: Aborted (6)
[hydra03:396401] Signal code:  (-6)
malloc(): invalid size (unsorted)
[hydra02:566357] *** Process received signal ***
[hydra02:566357] Signal: Aborted (6)
[hydra02:566357] Signal code:  (-6)
[hydra01:882119] [ 3] /lib/x86_64-linux-gnu/libc.so.6(+0x7a468)[0x7efe04d12468]
[hydra06:379791] [ 1] /lib/x86_64-linux-gnu/libc.so.6(gsignal+0x141)[0x7fb7ece55d61]
malloc(): invalid size (unsorted)
[hydra08:381429] *** Process received signal ***
[hydra08:381429] Signal: Aborted (6)
[hydra08:381429] Signal code:  (-6)
[hydra07:406146] [ 0] /lib/x86_64-linux-gnu/libc.so.6(+0x38de0)[0x7f815146ade0]
[hydra01:882119] [ 4] /lib/x86_64-linux-gnu/libc.so.6(+0x8175a)[0x7efe04d1975a]
[hydra05:379111] [ 0] /lib/x86_64-linux-gnu/libc.so.6(+0x38de0)[0x7f8c1800fde0]
[hydra06:379791] [ 2] /lib/x86_64-linux-gnu/libc.so.6(abort+0x123)[0x7fb7ece3f537]
[hydra03:396401] [ 0] /lib/x86_64-linux-gnu/libc.so.6(+0x38de0)[0x7f217dfbfde0]
[hydra01:882119] [ 5] /lib/x86_64-linux-gnu/libc.so.6(+0x8483c)[0x7efe04d1c83c]
[hydra05:379111] [ 1] /lib/x86_64-linux-gnu/libc.so.6(gsignal+0x141)[0x7f8c1800fd61]
malloc(): invalid size (unsorted)
[hydra04:395162] *** Process received signal ***
[hydra04:395162] Signal: Aborted (6)
[hydra04:395162] Signal code:  (-6)
[hydra07:406146] [ 1] /lib/x86_64-linux-gnu/libc.so.6(gsignal+0x141)[0x7f815146ad61]
[hydra01:882119] [ 6] /lib/x86_64-linux-gnu/libc.so.6(__libc_calloc+0x81)[0x7efe04d1ebd1]
[hydra06:379791] [ 3] /lib/x86_64-linux-gnu/libc.so.6(+0x7a468)[0x7fb7ece97468]
[hydra05:379111] [ 2] /lib/x86_64-linux-gnu/libc.so.6(abort+0x123)[0x7f8c17ff9537]
malloc(): invalid size (unsorted)
[hydra11:359493] *** Process received signal ***
[hydra11:359493] Signal: Aborted (6)
[hydra11:359493] Signal code:  (-6)
[hydra04:395163] [ 0] /lib/x86_64-linux-gnu/libc.so.6(+0x38de0)[0x7f1e09ed4de0]
[hydra03:396401] [ 1] /lib/x86_64-linux-gnu/libc.so.6(gsignal+0x141)[0x7f217dfbfd61]
[hydra07:406146] [ 2] /lib/x86_64-linux-gnu/libc.so.6(abort+0x123)[0x7f8151454537]
[hydra01:882119] [ 7] /opt/mpi/openmpi-4.1.4//lib/libmpi.so.40(ompi_group_allocate+0x17)[0x7efe06bec1e7]
[hydra06:379791] [ 4] /lib/x86_64-linux-gnu/libc.so.6(+0x8175a)[0x7fb7ece9e75a]
[hydra05:379111] [ 3] /lib/x86_64-linux-gnu/libc.so.6(+0x7a468)[0x7f8c18051468]
[hydra04:395163] [ 1] /lib/x86_64-linux-gnu/libc.so.6(gsignal+0x141)[0x7f1e09ed4d61]
[hydra07:406146] [ 3] /lib/x86_64-linux-gnu/libc.so.6(+0x7a468)[0x7f81514ac468]
[hydra01:882119] [ 8] /opt/mpi/openmpi-4.1.4//lib/libmpi.so.40(ompi_group_incl_plist+0x65)[0x7efe06bec915]
[hydra06:379791] [ 5] /lib/x86_64-linux-gnu/libc.so.6(+0x8483c)[0x7fb7ecea183c]
[hydra05:379111] [ 4] /lib/x86_64-linux-gnu/libc.so.6(+0x8175a)[0x7f8c1805875a]
[hydra04:395162] [ 0] /lib/x86_64-linux-gnu/libc.so.6(+0x38de0)[0x7f3f55a74de0]
[hydra03:396401] [ 2] /lib/x86_64-linux-gnu/libc.so.6(abort+0x123)[0x7f217dfa9537]
[hydra07:406146] [ 4] /lib/x86_64-linux-gnu/libc.so.6(+0x8175a)[0x7f81514b375a]
[hydra12:359476] [ 0] /lib/x86_64-linux-gnu/libc.so.6(+0x38de0)[0x7f25cd617de0]
[hydra01:882119] [ 9] /opt/mpi/openmpi-4.1.4//lib/libmpi.so.40(PMPI_Group_incl+0x95)[0x7efe06c1d185]
[hydra01:882119] [10] /home/thesis/jheld/MPI_Syrk_implementation/build/src/MPI_SYRK_implementation(+0x841a)[0x55956b59141a]
[hydra06:379791] [ 6] /lib/x86_64-linux-gnu/libc.so.6(__libc_calloc+0x81)[0x7fb7ecea3bd1]
[hydra05:379111] [ 5] /lib/x86_64-linux-gnu/libc.so.6(+0x8483c)[0x7f8c1805b83c]
[hydra11:359493] [ 0] /lib/x86_64-linux-gnu/libc.so.6(+0x38de0)[0x7fe55ca3bde0]
[hydra04:395163] [ 2] /lib/x86_64-linux-gnu/libc.so.6(abort+0x123)[0x7f1e09ebe537]
[hydra03:396401] [ 3] /lib/x86_64-linux-gnu/libc.so.6(+0x7a468)[0x7f217e001468]
[hydra07:406146] [ 5] /lib/x86_64-linux-gnu/libc.so.6(+0x8483c)[0x7f81514b683c]
[hydra12:359476] [ 1] /lib/x86_64-linux-gnu/libc.so.6(gsignal+0x141)[0x7f25cd617d61]
[hydra01:882119] [11] /home/thesis/jheld/MPI_Syrk_implementation/build/src/MPI_SYRK_implementation(+0x2ab0)[0x55956b58bab0]
[hydra06:379791] [ 7] /opt/mpi/openmpi-4.1.4//lib/libmpi.so.40(ompi_group_allocate+0x17)[0x7fb7eed711e7]
[hydra05:379111] [ 6] /lib/x86_64-linux-gnu/libc.so.6(__libc_calloc+0x81)[0x7f8c1805dbd1]
[hydra11:359493] [ 1] /lib/x86_64-linux-gnu/libc.so.6(gsignal+0x141)[0x7fe55ca3bd61]
[hydra04:395162] [ 1] /lib/x86_64-linux-gnu/libc.so.6(gsignal+0x141)[0x7f3f55a74d61]
[hydra03:396401] [ 4] /lib/x86_64-linux-gnu/libc.so.6(+0x8175a)[0x7f217e00875a]
[hydra07:406146] [ 6] /lib/x86_64-linux-gnu/libc.so.6(__libc_calloc+0x81)[0x7f81514b8bd1]
[hydra12:359476] [ 2] /lib/x86_64-linux-gnu/libc.so.6(abort+0x123)[0x7f25cd601537]
[hydra01:882119] [12] /lib/x86_64-linux-gnu/libc.so.6(__libc_start_main+0xea)[0x7efe04cbbd7a]
[hydra06:379791] [ 8] /opt/mpi/openmpi-4.1.4//lib/libmpi.so.40(ompi_group_incl_plist+0x65)[0x7fb7eed71915]
[hydra05:379111] [ 7] /opt/mpi/openmpi-4.1.4//lib/libmpi.so.40(ompi_group_allocate+0x17)[0x7f8c19f2b1e7]
[hydra11:359493] [ 2] /lib/x86_64-linux-gnu/libc.so.6(abort+0x123)[0x7fe55ca25537]
[hydra04:395162] [ 2] /lib/x86_64-linux-gnu/libc.so.6(abort+0x123)[0x7f3f55a5e537]
[hydra03:396401] [ 5] /lib/x86_64-linux-gnu/libc.so.6(+0x8483c)[0x7f217e00b83c]
[hydra07:406146] [ 7] /opt/mpi/openmpi-4.1.4//lib/libmpi.so.40(ompi_group_allocate+0x17)[0x7f81533861e7]
malloc(): invalid size (unsorted)
[hydra02:566358] *** Process received signal ***
[hydra02:566358] Signal: Aborted (6)
[hydra02:566358] Signal code:  (-6)
[hydra12:359476] [ 3] /lib/x86_64-linux-gnu/libc.so.6(+0x7a468)[0x7f25cd659468]
[hydra01:882119] [13] /home/thesis/jheld/MPI_Syrk_implementation/build/src/MPI_SYRK_implementation(+0x232a)[0x55956b58b32a]
[hydra01:882119] *** End of error message ***
[hydra06:379791] [ 9] /opt/mpi/openmpi-4.1.4//lib/libmpi.so.40(PMPI_Group_incl+0x95)[0x7fb7eeda2185]
[hydra06:379791] [10] /home/thesis/jheld/MPI_Syrk_implementation/build/src/MPI_SYRK_implementation(+0x841a)[0x5568c4a4141a]
[hydra05:379111] [ 8] /opt/mpi/openmpi-4.1.4//lib/libmpi.so.40(ompi_group_incl_plist+0x65)[0x7f8c19f2b915]
[hydra11:359493] [ 3] /lib/x86_64-linux-gnu/libc.so.6(+0x7a468)[0x7fe55ca7d468]
[hydra04:395163] [ 3] /lib/x86_64-linux-gnu/libc.so.6(+0x7a468)[0x7f1e09f16468]
[hydra03:396401] [ 6] /lib/x86_64-linux-gnu/libc.so.6(__libc_calloc+0x81)[0x7f217e00dbd1]
[hydra07:406146] [ 8] /opt/mpi/openmpi-4.1.4//lib/libmpi.so.40(ompi_group_incl_plist+0x65)[0x7f8153386915]
[hydra02:566357] [ 0] /lib/x86_64-linux-gnu/libc.so.6(+0x38de0)[0x7ff10fcddde0]
[hydra12:359476] [ 4] /lib/x86_64-linux-gnu/libc.so.6(+0x8175a)[0x7f25cd66075a]
[hydra09:372721] [ 0] /lib/x86_64-linux-gnu/libc.so.6(+0x38de0)[0x7f6f186b6de0]
[hydra06:379791] [11] /home/thesis/jheld/MPI_Syrk_implementation/build/src/MPI_SYRK_implementation(+0x2ab0)[0x5568c4a3bab0]
[hydra05:379111] [ 9] /opt/mpi/openmpi-4.1.4//lib/libmpi.so.40(PMPI_Group_incl+0x95)[0x7f8c19f5c185]
[hydra05:379111] [10] /home/thesis/jheld/MPI_Syrk_implementation/build/src/MPI_SYRK_implementation(+0x841a)[0x561812ac341a]
[hydra11:359493] [ 4] /lib/x86_64-linux-gnu/libc.so.6(+0x8175a)[0x7fe55ca8475a]
[hydra04:395162] [ 3] /lib/x86_64-linux-gnu/libc.so.6(+0x7a468)[0x7f3f55ab6468]
[hydra03:396401] [ 7] /opt/mpi/openmpi-4.1.4//lib/libmpi.so.40(ompi_group_allocate+0x17)[0x7f217fedb1e7]
[hydra07:406146] [ 9] /opt/mpi/openmpi-4.1.4//lib/libmpi.so.40(PMPI_Group_incl+0x95)[0x7f81533b7185]
[hydra07:406146] [10] /home/thesis/jheld/MPI_Syrk_implementation/build/src/MPI_SYRK_implementation(+0x841a)[0x5616ca7d741a]
[hydra02:566358] [ 0] /lib/x86_64-linux-gnu/libc.so.6(+0x38de0)[0x7ff02670ede0]
[hydra12:359476] [ 5] /lib/x86_64-linux-gnu/libc.so.6(+0x8483c)[0x7f25cd66383c]
[hydra09:372721] [ 1] /lib/x86_64-linux-gnu/libc.so.6(gsignal+0x141)[0x7f6f186b6d61]
[hydra06:379791] [12] /lib/x86_64-linux-gnu/libc.so.6(__libc_start_main+0xea)[0x7fb7ece40d7a]
[hydra05:379111] [11] /home/thesis/jheld/MPI_Syrk_implementation/build/src/MPI_SYRK_implementation(+0x2ab0)[0x561812abdab0]
[hydra11:359493] [ 5] /lib/x86_64-linux-gnu/libc.so.6(+0x8483c)[0x7fe55ca8783c]
[hydra04:395163] [ 4] /lib/x86_64-linux-gnu/libc.so.6(+0x8175a)[0x7f1e09f1d75a]
[hydra03:396401] [ 8] /opt/mpi/openmpi-4.1.4//lib/libmpi.so.40(ompi_group_incl_plist+0x65)[0x7f217fedb915]
[hydra07:406146] [11] /home/thesis/jheld/MPI_Syrk_implementation/build/src/MPI_SYRK_implementation(+0x2ab0)[0x5616ca7d1ab0]
[hydra02:566357] [ 1] /lib/x86_64-linux-gnu/libc.so.6(gsignal+0x141)[0x7ff10fcddd61]
[hydra12:359476] [ 6] /lib/x86_64-linux-gnu/libc.so.6(__libc_calloc+0x81)[0x7f25cd665bd1]
[hydra09:372721] [ 2] /lib/x86_64-linux-gnu/libc.so.6(abort+0x123)[0x7f6f186a0537]
[hydra06:379791] [13] /home/thesis/jheld/MPI_Syrk_implementation/build/src/MPI_SYRK_implementation(+0x232a)[0x5568c4a3b32a]
[hydra06:379791] *** End of error message ***
[hydra05:379111] [12] /lib/x86_64-linux-gnu/libc.so.6(__libc_start_main+0xea)[0x7f8c17ffad7a]
[hydra11:359493] [ 6] /lib/x86_64-linux-gnu/libc.so.6(__libc_calloc+0x81)[0x7fe55ca89bd1]
[hydra04:395163] [ 5] /lib/x86_64-linux-gnu/libc.so.6(+0x8483c)[0x7f1e09f2083c]
[hydra03:396401] [ 9] /opt/mpi/openmpi-4.1.4//lib/libmpi.so.40(PMPI_Group_incl+0x95)[0x7f217ff0c185]
[hydra03:396401] [10] /home/thesis/jheld/MPI_Syrk_implementation/build/src/MPI_SYRK_implementation(+0x841a)[0x55891cec541a]
[hydra07:406146] [12] /lib/x86_64-linux-gnu/libc.so.6(__libc_start_main+0xea)[0x7f8151455d7a]
[hydra02:566358] [ 1] /lib/x86_64-linux-gnu/libc.so.6(gsignal+0x141)[0x7ff02670ed61]
[hydra12:359476] [ 7] /opt/mpi/openmpi-4.1.4//lib/libmpi.so.40(ompi_group_allocate+0x17)[0x7f25cf5331e7]
[hydra08:381429] [ 0] /lib/x86_64-linux-gnu/libc.so.6(+0x38de0)[0x7f3168a5dde0]
[hydra09:372721] [ 3] /lib/x86_64-linux-gnu/libc.so.6(+0x7a468)[0x7f6f186f8468]
[hydra05:379111] [13] /home/thesis/jheld/MPI_Syrk_implementation/build/src/MPI_SYRK_implementation(+0x232a)[0x561812abd32a]
[hydra05:379111] *** End of error message ***
[hydra11:359493] [ 7] /opt/mpi/openmpi-4.1.4//lib/libmpi.so.40(ompi_group_allocate+0x17)[0x7fe55e9571e7]
[hydra04:395162] [ 4] /lib/x86_64-linux-gnu/libc.so.6(+0x8175a)[0x7f3f55abd75a]
[hydra03:396401] [11] /home/thesis/jheld/MPI_Syrk_implementation/build/src/MPI_SYRK_implementation(+0x2ab0)[0x55891cebfab0]
[hydra07:406146] [13] /home/thesis/jheld/MPI_Syrk_implementation/build/src/MPI_SYRK_implementation(+0x232a)[0x5616ca7d132a]
[hydra07:406146] *** End of error message ***
[hydra02:566358] [ 2] /lib/x86_64-linux-gnu/libc.so.6(abort+0x123)[0x7ff0266f8537]
[hydra12:359476] [ 8] /opt/mpi/openmpi-4.1.4//lib/libmpi.so.40(ompi_group_incl_plist+0x65)[0x7f25cf533915]
[hydra08:381429] [ 1] /lib/x86_64-linux-gnu/libc.so.6(gsignal+0x141)[0x7f3168a5dd61]
[hydra09:372721] [ 4] /lib/x86_64-linux-gnu/libc.so.6(+0x8175a)[0x7f6f186ff75a]
[hydra11:359493] [ 8] /opt/mpi/openmpi-4.1.4//lib/libmpi.so.40(ompi_group_incl_plist+0x65)[0x7fe55e957915]
[hydra04:395163] [ 6] /lib/x86_64-linux-gnu/libc.so.6(__libc_calloc+0x81)[0x7f1e09f22bd1]
[hydra03:396401] [12] /lib/x86_64-linux-gnu/libc.so.6(__libc_start_main+0xea)[0x7f217dfaad7a]
[hydra02:566357] [ 2] /lib/x86_64-linux-gnu/libc.so.6(abort+0x123)[0x7ff10fcc7537]
[hydra12:359476] [ 9] /opt/mpi/openmpi-4.1.4//lib/libmpi.so.40(PMPI_Group_incl+0x95)[0x7f25cf564185]
[hydra08:381429] [ 2] /lib/x86_64-linux-gnu/libc.so.6(abort+0x123)[0x7f3168a47537]
[hydra09:372721] [ 5] /lib/x86_64-linux-gnu/libc.so.6(+0x8483c)[0x7f6f1870283c]
[hydra11:359493] [ 9] /opt/mpi/openmpi-4.1.4//lib/libmpi.so.40(PMPI_Group_incl+0x95)[0x7fe55e988185]
[hydra11:359493] [10] /home/thesis/jheld/MPI_Syrk_implementation/build/src/MPI_SYRK_implementation(+0x841a)[0x5628a906641a]
[hydra04:395162] [ 5] /lib/x86_64-linux-gnu/libc.so.6(+0x8483c)[0x7f3f55ac083c]
[hydra03:396401] [13] /home/thesis/jheld/MPI_Syrk_implementation/build/src/MPI_SYRK_implementation(+0x232a)[0x55891cebf32a]
[hydra03:396401] *** End of error message ***
[hydra02:566358] [ 3] /lib/x86_64-linux-gnu/libc.so.6(+0x7a468)[0x7ff026750468]
[hydra12:359476] [10] /home/thesis/jheld/MPI_Syrk_implementation/build/src/MPI_SYRK_implementation(+0x841a)[0x5614dd07341a]
[hydra12:359476] [11] /home/thesis/jheld/MPI_Syrk_implementation/build/src/MPI_SYRK_implementation(+0x2ab0)[0x5614dd06dab0]
[hydra08:381429] [ 3] /lib/x86_64-linux-gnu/libc.so.6(+0x7a468)[0x7f3168a9f468]
[hydra09:372721] [ 6] /lib/x86_64-linux-gnu/libc.so.6(__libc_calloc+0x81)[0x7f6f18704bd1]
[hydra11:359493] [11] /home/thesis/jheld/MPI_Syrk_implementation/build/src/MPI_SYRK_implementation(+0x2ab0)[0x5628a9060ab0]
[hydra04:395163] [ 7] /opt/mpi/openmpi-4.1.4//lib/libmpi.so.40(ompi_group_allocate+0x17)[0x7f1e0bdf01e7]
[hydra02:566357] [ 3] /lib/x86_64-linux-gnu/libc.so.6(+0x7a468)[0x7ff10fd1f468]
[hydra12:359476] [12] /lib/x86_64-linux-gnu/libc.so.6(__libc_start_main+0xea)[0x7f25cd602d7a]
[hydra08:381429] [ 4] /lib/x86_64-linux-gnu/libc.so.6(+0x8175a)[0x7f3168aa675a]
[hydra09:372721] [ 7] /opt/mpi/openmpi-4.1.4//lib/libmpi.so.40(ompi_group_allocate+0x17)[0x7f6f1a5d21e7]
[hydra11:359493] [12] /lib/x86_64-linux-gnu/libc.so.6(__libc_start_main+0xea)[0x7fe55ca26d7a]
[hydra11:359493] [13] /home/thesis/jheld/MPI_Syrk_implementation/build/src/MPI_SYRK_implementation(+0x232a)[0x5628a906032a]
[hydra04:395162] [ 6] /lib/x86_64-linux-gnu/libc.so.6(__libc_calloc+0x81)[0x7f3f55ac2bd1]
[hydra02:566357] [ 4] /lib/x86_64-linux-gnu/libc.so.6(+0x8175a)[0x7ff10fd2675a]
[hydra12:359476] [13] /home/thesis/jheld/MPI_Syrk_implementation/build/src/MPI_SYRK_implementation(+0x232a)[0x5614dd06d32a]
[hydra12:359476] *** End of error message ***
[hydra08:381429] [ 5] /lib/x86_64-linux-gnu/libc.so.6(+0x8483c)[0x7f3168aa983c]
[hydra09:372721] [ 8] /opt/mpi/openmpi-4.1.4//lib/libmpi.so.40(ompi_group_incl_plist+0x65)[0x7f6f1a5d2915]
[hydra11:359493] *** End of error message ***
[hydra04:395163] [ 8] /opt/mpi/openmpi-4.1.4//lib/libmpi.so.40(ompi_group_incl_plist+0x65)[0x7f1e0bdf0915]
[hydra02:566358] [ 4] /lib/x86_64-linux-gnu/libc.so.6(+0x8175a)[0x7ff02675775a]
[hydra08:381429] [ 6] /lib/x86_64-linux-gnu/libc.so.6(__libc_calloc+0x81)[0x7f3168aabbd1]
[hydra09:372721] [ 9] /opt/mpi/openmpi-4.1.4//lib/libmpi.so.40(PMPI_Group_incl+0x95)[0x7f6f1a603185]
[hydra09:372721] [10] /home/thesis/jheld/MPI_Syrk_implementation/build/src/MPI_SYRK_implementation(+0x841a)[0x55b5d370841a]
[hydra04:395162] [ 7] /opt/mpi/openmpi-4.1.4//lib/libmpi.so.40(ompi_group_allocate+0x17)[0x7f3f579901e7]
[hydra02:566357] [ 5] /lib/x86_64-linux-gnu/libc.so.6(+0x8483c)[0x7ff10fd2983c]
[hydra08:381429] [ 7] /opt/mpi/openmpi-4.1.4//lib/libmpi.so.40(ompi_group_allocate+0x17)[0x7f316a9791e7]
[hydra09:372721] [11] /home/thesis/jheld/MPI_Syrk_implementation/build/src/MPI_SYRK_implementation(+0x2ab0)[0x55b5d3702ab0]
[hydra04:395163] [ 9] /opt/mpi/openmpi-4.1.4//lib/libmpi.so.40(PMPI_Group_incl+0x95)[0x7f1e0be21185]
[hydra04:395163] [10] /home/thesis/jheld/MPI_Syrk_implementation/build/src/MPI_SYRK_implementation(+0x841a)[0x5650899f341a]
[hydra02:566358] [ 5] /lib/x86_64-linux-gnu/libc.so.6(+0x8483c)[0x7ff02675a83c]
[hydra08:381429] [ 8] /opt/mpi/openmpi-4.1.4//lib/libmpi.so.40(ompi_group_incl_plist+0x65)[0x7f316a979915]
[hydra09:372721] [12] /lib/x86_64-linux-gnu/libc.so.6(__libc_start_main+0xea)[0x7f6f186a1d7a]
[hydra09:372721] [13] /home/thesis/jheld/MPI_Syrk_implementation/build/src/MPI_SYRK_implementation(+0x232a)[0x55b5d370232a]
[hydra04:395162] [ 8] /opt/mpi/openmpi-4.1.4//lib/libmpi.so.40(ompi_group_incl_plist+0x65)[0x7f3f57990915]
[hydra02:566357] [ 6] /lib/x86_64-linux-gnu/libc.so.6(__libc_calloc+0x81)[0x7ff10fd2bbd1]
[hydra08:381429] [ 9] /opt/mpi/openmpi-4.1.4//lib/libmpi.so.40(PMPI_Group_incl+0x95)[0x7f316a9aa185]
[hydra08:381429] [10] /home/thesis/jheld/MPI_Syrk_implementation/build/src/MPI_SYRK_implementation(+0x841a)[0x55c07692f41a]
[hydra09:372721] *** End of error message ***
[hydra04:395163] [11] /home/thesis/jheld/MPI_Syrk_implementation/build/src/MPI_SYRK_implementation(+0x2ab0)[0x5650899edab0]
[hydra02:566358] [ 6] /lib/x86_64-linux-gnu/libc.so.6(__libc_calloc+0x81)[0x7ff02675cbd1]
[hydra08:381429] [11] /home/thesis/jheld/MPI_Syrk_implementation/build/src/MPI_SYRK_implementation(+0x2ab0)[0x55c076929ab0]
[hydra04:395163] [12] /lib/x86_64-linux-gnu/libc.so.6(__libc_start_main+0xea)[0x7f1e09ebfd7a]
[hydra02:566357] [ 7] /opt/mpi/openmpi-4.1.4//lib/libmpi.so.40(ompi_group_allocate+0x17)[0x7ff111bf91e7]
[hydra08:381429] [12] /lib/x86_64-linux-gnu/libc.so.6(__libc_start_main+0xea)[0x7f3168a48d7a]
[hydra08:381429] [13] /home/thesis/jheld/MPI_Syrk_implementation/build/src/MPI_SYRK_implementation(+0x232a)[0x55c07692932a]
[hydra04:395162] [ 9] /opt/mpi/openmpi-4.1.4//lib/libmpi.so.40(PMPI_Group_incl+0x95)[0x7f3f579c1185]
[hydra02:566358] [ 7] /opt/mpi/openmpi-4.1.4//lib/libmpi.so.40(ompi_group_allocate+0x17)[0x7ff02862a1e7]
[hydra08:381429] *** End of error message ***
[hydra04:395163] [13] /home/thesis/jheld/MPI_Syrk_implementation/build/src/MPI_SYRK_implementation(+0x232a)[0x5650899ed32a]
[hydra04:395163] *** End of error message ***
[hydra02:566357] [ 8] /opt/mpi/openmpi-4.1.4//lib/libmpi.so.40(ompi_group_incl_plist+0x65)[0x7ff111bf9915]
[hydra04:395162] [10] /home/thesis/jheld/MPI_Syrk_implementation/build/src/MPI_SYRK_implementation(+0x841a)[0x55a34d93141a]
[hydra04:395162] [11] /home/thesis/jheld/MPI_Syrk_implementation/build/src/MPI_SYRK_implementation(+0x2ab0)[0x55a34d92bab0]
[hydra02:566358] [ 8] /opt/mpi/openmpi-4.1.4//lib/libmpi.so.40(ompi_group_incl_plist+0x65)[0x7ff02862a915]
[hydra04:395162] [12] /lib/x86_64-linux-gnu/libc.so.6(__libc_start_main+0xea)[0x7f3f55a5fd7a]
[hydra04:395162] [13] /home/thesis/jheld/MPI_Syrk_implementation/build/src/MPI_SYRK_implementation(+0x232a)[0x55a34d92b32a]
[hydra04:395162] *** End of error message ***
[hydra02:566357] [ 9] /opt/mpi/openmpi-4.1.4//lib/libmpi.so.40(PMPI_Group_incl+0x95)[0x7ff111c2a185]
[hydra02:566358] [ 9] /opt/mpi/openmpi-4.1.4//lib/libmpi.so.40(PMPI_Group_incl+0x95)[0x7ff02865b185]
[hydra02:566358] [10] /home/thesis/jheld/MPI_Syrk_implementation/build/src/MPI_SYRK_implementation(+0x841a)[0x55f0e4fb341a]
[hydra02:566358] [11] /home/thesis/jheld/MPI_Syrk_implementation/build/src/MPI_SYRK_implementation(+0x2ab0)[0x55f0e4fadab0]
[hydra02:566357] [10] /home/thesis/jheld/MPI_Syrk_implementation/build/src/MPI_SYRK_implementation(+0x841a)[0x563b12c1a41a]
[hydra02:566357] [11] /home/thesis/jheld/MPI_Syrk_implementation/build/src/MPI_SYRK_implementation(+0x2ab0)[0x563b12c14ab0]
[hydra02:566358] [12] /lib/x86_64-linux-gnu/libc.so.6(__libc_start_main+0xea)[0x7ff0266f9d7a]
[hydra02:566357] [12] /lib/x86_64-linux-gnu/libc.so.6(__libc_start_main+0xea)[0x7ff10fcc8d7a]
[hydra02:566357] [13] /home/thesis/jheld/MPI_Syrk_implementation/build/src/MPI_SYRK_implementation(+0x232a)[0x563b12c1432a]
[hydra02:566357] *** End of error message ***
[hydra02:566358] [13] /home/thesis/jheld/MPI_Syrk_implementation/build/src/MPI_SYRK_implementation(+0x232a)[0x55f0e4fad32a]
[hydra02:566358] *** End of error message ***
srun: error: hydra12: task 35: Aborted
srun: error: hydra11: task 31: Aborted
srun: error: hydra01: task 1: Aborted
srun: error: hydra07: task 19: Aborted
srun: error: hydra05: task 13: Aborted
srun: error: hydra08: task 23: Aborted
srun: error: hydra03: task 7: Aborted
srun: error: hydra06: task 17: Aborted
srun: error: hydra09: task 24: Aborted
srun: error: hydra02: tasks 3-4: Aborted
srun: error: hydra04: tasks 9-10: Aborted
slurmstepd: error:  mpi/pmix_v4: _errhandler: hydra12 [11]: pmixp_client_v2.c:211: Error handler invoked: status = -61, source = [slurm.pmix.5008693.9:35]
slurmstepd: error:  mpi/pmix_v4: _errhandler: hydra06 [5]: pmixp_client_v2.c:211: Error handler invoked: status = -61, source = [slurm.pmix.5008693.9:17]
slurmstepd: error:  mpi/pmix_v4: _errhandler: hydra04 [3]: pmixp_client_v2.c:211: Error handler invoked: status = -61, source = [slurm.pmix.5008693.9:10]
slurmstepd: error:  mpi/pmix_v4: _errhandler: hydra09 [8]: pmixp_client_v2.c:211: Error handler invoked: status = -61, source = [slurm.pmix.5008693.9:24]
slurmstepd: error:  mpi/pmix_v4: _errhandler: hydra08 [7]: pmixp_client_v2.c:211: Error handler invoked: status = -61, source = [slurm.pmix.5008693.9:23]
slurmstepd: error:  mpi/pmix_v4: _errhandler: hydra01 [0]: pmixp_client_v2.c:211: Error handler invoked: status = -61, source = [slurm.pmix.5008693.9:1]
slurmstepd: error:  mpi/pmix_v4: _errhandler: hydra11 [10]: pmixp_client_v2.c:211: Error handler invoked: status = -61, source = [slurm.pmix.5008693.9:31]
slurmstepd: error:  mpi/pmix_v4: _errhandler: hydra05 [4]: pmixp_client_v2.c:211: Error handler invoked: status = -61, source = [slurm.pmix.5008693.9:13]
slurmstepd: error:  mpi/pmix_v4: _errhandler: hydra07 [6]: pmixp_client_v2.c:211: Error handler invoked: status = -61, source = [slurm.pmix.5008693.9:19]
slurmstepd: error:  mpi/pmix_v4: _errhandler: hydra03 [2]: pmixp_client_v2.c:211: Error handler invoked: status = -61, source = [slurm.pmix.5008693.9:7]
slurmstepd: error: *** STEP 5008693.9 ON hydra01 CANCELLED AT 2025-10-13T15:31:24 ***
srun: Job step aborted: Waiting up to 32 seconds for job step to finish.
srun: error: hydra04: task 11: Killed
srun: error: hydra02: task 5: Killed
srun: error: hydra07: tasks 18,20: Killed
srun: error: hydra01: tasks 0,2: Killed
srun: error: hydra06: tasks 15-16: Killed
srun: error: hydra03: tasks 6,8: Killed
srun: error: hydra11: tasks 30,32: Killed
srun: error: hydra09: tasks 25-26: Killed
srun: error: hydra08: tasks 21-22: Killed
srun: error: hydra05: tasks 12,14: Killed
srun: error: hydra10: tasks 27-29: Killed
srun: error: hydra12: tasks 33-34: Killed
⚠️ Warning: No runtime found for run 10
srun: Warning: can't honor --ntasks-per-node set to 1 which doesn't match the requested tasks 36 with the number of requested nodes 12. Ignoring --ntasks-per-node.
missing input file name --> Generate random input
malloc(): invalid size (unsorted)
[hydra01:882211] *** Process received signal ***
[hydra01:882211] Signal: Aborted (6)
[hydra01:882211] Signal code:  (-6)
malloc(): invalid size (unsorted)
[hydra12:359541] *** Process received signal ***
[hydra12:359541] Signal: Aborted (6)
[hydra12:359541] Signal code:  (-6)
[hydra01:882211] [ 0] /lib/x86_64-linux-gnu/libc.so.6(+0x38de0)[0x7f52f86e8de0]
[hydra01:882211] [ 1] /lib/x86_64-linux-gnu/libc.so.6(gsignal+0x141)[0x7f52f86e8d61]
malloc(): invalid size (unsorted)
[hydra01:882211] [ 2] /lib/x86_64-linux-gnu/libc.so.6(abort+0x123)[0x7f52f86d2537]
malloc(): invalid size (unsorted)
[hydra06:379856] *** Process received signal ***
[hydra06:379856] Signal: Aborted (6)
[hydra06:379856] Signal code:  (-6)
[hydra01:882211] [ 3] /lib/x86_64-linux-gnu/libc.so.6(+0x7a468)[0x7f52f872a468]
malloc(): invalid size (unsorted)
[hydra02:566438] *** Process received signal ***
[hydra02:566438] Signal: Aborted (6)
[hydra02:566438] Signal code:  (-6)
[hydra01:882211] [ 4] /lib/x86_64-linux-gnu/libc.so.6(+0x8175a)[0x7f52f873175a]
[hydra07:406211] *** Process received signal ***
[hydra07:406211] Signal: Aborted (6)
[hydra07:406211] Signal code:  (-6)
malloc(): invalid size (unsorted)
[hydra05:379177] *** Process received signal ***
[hydra05:379177] Signal: Aborted (6)
[hydra05:379177] Signal code:  (-6)
malloc(): invalid size (unsorted)
[hydra09:372787] *** Process received signal ***
[hydra09:372787] Signal: Aborted (6)
[hydra09:372787] Signal code:  (-6)
malloc(): invalid size (unsorted)
[hydra08:381494] *** Process received signal ***
[hydra08:381494] Signal: Aborted (6)
[hydra08:381494] Signal code:  (-6)
malloc(): invalid size (unsorted)
[hydra03:396466] *** Process received signal ***
[hydra03:396466] Signal: Aborted (6)
[hydra03:396466] Signal code:  (-6)
[hydra07:406211] [ 0] /lib/x86_64-linux-gnu/libc.so.6(+0x38de0)[0x7fc31be7bde0]
[hydra06:379856] [ 0] /lib/x86_64-linux-gnu/libc.so.6(+0x38de0)[0x7fc232e51de0]
malloc(): invalid size (unsorted)
[hydra01:882211] [ 5] /lib/x86_64-linux-gnu/libc.so.6(+0x8483c)[0x7f52f873483c]
[hydra05:379177] [ 0] /lib/x86_64-linux-gnu/libc.so.6(+0x38de0)[0x7fec551a0de0]
[hydra01:882211] [ 6] /lib/x86_64-linux-gnu/libc.so.6(__libc_calloc+0x81)[0x7f52f8736bd1]
[hydra07:406211] [ 1] /lib/x86_64-linux-gnu/libc.so.6(gsignal+0x141)[0x7fc31be7bd61]
[hydra06:379856] [ 1] /lib/x86_64-linux-gnu/libc.so.6(gsignal+0x141)[0x7fc232e51d61]
[hydra05:379177] [ 1] /lib/x86_64-linux-gnu/libc.so.6(gsignal+0x141)[0x7fec551a0d61]
[hydra01:882211] [ 7] /opt/mpi/openmpi-4.1.4//lib/libmpi.so.40(ompi_group_allocate+0x17)[0x7f52fa6041e7]
malloc(): invalid size (unsorted)
[hydra10:490984] *** Process received signal ***
[hydra10:490984] Signal: Aborted (6)
[hydra10:490984] Signal code:  (-6)
malloc(): invalid size (unsorted)
[hydra11:359558] *** Process received signal ***
[hydra11:359558] Signal: Aborted (6)
[hydra11:359558] Signal code:  (-6)
[hydra07:406211] [ 2] /lib/x86_64-linux-gnu/libc.so.6(abort+0x123)[0x7fc31be65537]
[hydra06:379856] [ 2] /lib/x86_64-linux-gnu/libc.so.6(abort+0x123)[0x7fc232e3b537]
[hydra05:379177] [ 2] /lib/x86_64-linux-gnu/libc.so.6(abort+0x123)[0x7fec5518a537]
[hydra01:882211] [ 8] /opt/mpi/openmpi-4.1.4//lib/libmpi.so.40(ompi_group_incl_plist+0x65)[0x7f52fa604915]
[hydra07:406211] [ 3] /lib/x86_64-linux-gnu/libc.so.6(+0x7a468)[0x7fc31bebd468]
[hydra06:379856] [ 3] /lib/x86_64-linux-gnu/libc.so.6(+0x7a468)[0x7fc232e93468]
[hydra05:379177] [ 3] /lib/x86_64-linux-gnu/libc.so.6(+0x7a468)[0x7fec551e2468]
[hydra01:882211] [ 9] /opt/mpi/openmpi-4.1.4//lib/libmpi.so.40(PMPI_Group_incl+0x95)[0x7f52fa635185]
[hydra01:882211] [10] /home/thesis/jheld/MPI_Syrk_implementation/build/src/MPI_SYRK_implementation(+0x841a)[0x561651d4a41a]
[hydra11:359558] [ 0] /lib/x86_64-linux-gnu/libc.so.6(+0x38de0)[0x7fe4c39bdde0]
[hydra05:379177] [ 4] /lib/x86_64-linux-gnu/libc.so.6(+0x8175a)[0x7fec551e975a]
[hydra01:882211] [11] /home/thesis/jheld/MPI_Syrk_implementation/build/src/MPI_SYRK_implementation(+0x2ab0)[0x561651d44ab0]
[hydra07:406211] [ 4] /lib/x86_64-linux-gnu/libc.so.6(+0x8175a)[0x7fc31bec475a]
[hydra06:379856] [ 4] /lib/x86_64-linux-gnu/libc.so.6(+0x8175a)[0x7fc232e9a75a]
[hydra01:882211] [12] /lib/x86_64-linux-gnu/libc.so.6(__libc_start_main+0xea)[0x7f52f86d3d7a]
[hydra01:882211] [13] /home/thesis/jheld/MPI_Syrk_implementation/build/src/MPI_SYRK_implementation(+0x232a)[0x561651d4432a]
[hydra01:882211] *** End of error message ***
[hydra05:379177] [ 5] /lib/x86_64-linux-gnu/libc.so.6(+0x8483c)[0x7fec551ec83c]
[hydra12:359541] [ 0] /lib/x86_64-linux-gnu/libc.so.6(+0x38de0)[0x7f9b223d0de0]
[hydra07:406211] [ 5] /lib/x86_64-linux-gnu/libc.so.6(+0x8483c)[0x7fc31bec783c]
[hydra06:379856] [ 5] /lib/x86_64-linux-gnu/libc.so.6(+0x8483c)[0x7fc232e9d83c]
[hydra12:359541] [ 1] /lib/x86_64-linux-gnu/libc.so.6(gsignal+0x141)[0x7f9b223d0d61]
[hydra07:406211] [ 6] /lib/x86_64-linux-gnu/libc.so.6(__libc_calloc+0x81)[0x7fc31bec9bd1]
[hydra12:359541] [ 2] /lib/x86_64-linux-gnu/libc.so.6(abort+0x123)[0x7f9b223ba537]
[hydra05:379177] [ 6] /lib/x86_64-linux-gnu/libc.so.6(__libc_calloc+0x81)[0x7fec551eebd1]
[hydra12:359541] [ 3] /lib/x86_64-linux-gnu/libc.so.6(+0x7a468)[0x7f9b22412468]
[hydra11:359558] [ 1] /lib/x86_64-linux-gnu/libc.so.6(gsignal+0x141)[0x7fe4c39bdd61]
[hydra07:406211] [ 7] /opt/mpi/openmpi-4.1.4//lib/libmpi.so.40(ompi_group_allocate+0x17)[0x7fc31dd971e7]
[hydra06:379856] [ 6] /lib/x86_64-linux-gnu/libc.so.6(__libc_calloc+0x81)[0x7fc232e9fbd1]
[hydra12:359541] [ 4] /lib/x86_64-linux-gnu/libc.so.6(+0x8175a)[0x7f9b2241975a]
[hydra11:359558] [ 2] /lib/x86_64-linux-gnu/libc.so.6(abort+0x123)[0x7fe4c39a7537]
[hydra06:379856] [ 7] /opt/mpi/openmpi-4.1.4//lib/libmpi.so.40(ompi_group_allocate+0x17)[0x7fc234d6d1e7]
[hydra12:359541] [ 5] /lib/x86_64-linux-gnu/libc.so.6(+0x8483c)[0x7f9b2241c83c]
[hydra05:379177] [ 7] /opt/mpi/openmpi-4.1.4//lib/libmpi.so.40(ompi_group_allocate+0x17)[0x7fec570bc1e7]
[hydra12:359541] [ 6] /lib/x86_64-linux-gnu/libc.so.6(__libc_calloc+0x81)[0x7f9b2241ebd1]
[hydra07:406211] [ 8] /opt/mpi/openmpi-4.1.4//lib/libmpi.so.40(ompi_group_incl_plist+0x65)[0x7fc31dd97915]
[hydra06:379856] [ 8] /opt/mpi/openmpi-4.1.4//lib/libmpi.so.40(ompi_group_incl_plist+0x65)[0x7fc234d6d915]
[hydra05:379177] [ 8] /opt/mpi/openmpi-4.1.4//lib/libmpi.so.40(ompi_group_incl_plist+0x65)[0x7fec570bc915]
[hydra12:359541] [ 7] /opt/mpi/openmpi-4.1.4//lib/libmpi.so.40(ompi_group_allocate+0x17)[0x7f9b242ec1e7]
[hydra07:406211] [ 9] /opt/mpi/openmpi-4.1.4//lib/libmpi.so.40(PMPI_Group_incl+0x95)[0x7fc31ddc8185]
[hydra05:379177] [ 9] /opt/mpi/openmpi-4.1.4//lib/libmpi.so.40(PMPI_Group_incl+0x95)[0x7fec570ed185]
[hydra05:379177] [10] /home/thesis/jheld/MPI_Syrk_implementation/build/src/MPI_SYRK_implementation(+0x841a)[0x55eb4356941a]
[hydra12:359541] [ 8] /opt/mpi/openmpi-4.1.4//lib/libmpi.so.40(ompi_group_incl_plist+0x65)[0x7f9b242ec915]
[hydra11:359558] [ 3] /lib/x86_64-linux-gnu/libc.so.6(+0x7a468)[0x7fe4c39ff468]
[hydra05:379177] [11] /home/thesis/jheld/MPI_Syrk_implementation/build/src/MPI_SYRK_implementation(+0x2ab0)[0x55eb43563ab0]
[hydra09:372787] [ 0] /lib/x86_64-linux-gnu/libc.so.6(+0x38de0)[0x7f84bfa8ade0]
[hydra12:359541] [ 9] /opt/mpi/openmpi-4.1.4//lib/libmpi.so.40(PMPI_Group_incl+0x95)[0x7f9b2431d185]
[hydra12:359541] [10] /home/thesis/jheld/MPI_Syrk_implementation/build/src/MPI_SYRK_implementation(+0x841a)[0x55b28ac9341a]
[hydra11:359558] [ 4] /lib/x86_64-linux-gnu/libc.so.6(+0x8175a)[0x7fe4c3a0675a]
[hydra05:379177] [12] /lib/x86_64-linux-gnu/libc.so.6(__libc_start_main+0xea)[0x7fec5518bd7a]
[hydra09:372787] [ 1] /lib/x86_64-linux-gnu/libc.so.6(gsignal+0x141)[0x7f84bfa8ad61]
[hydra02:566438] [ 0] /lib/x86_64-linux-gnu/libc.so.6(+0x38de0)[0x7f3f0caa9de0]
[hydra12:359541] [11] /home/thesis/jheld/MPI_Syrk_implementation/build/src/MPI_SYRK_implementation(+0x2ab0)[0x55b28ac8dab0]
[hydra03:396466] [ 0] /lib/x86_64-linux-gnu/libc.so.6(+0x38de0)[0x7fea43ac3de0]
[hydra11:359558] [ 5] /lib/x86_64-linux-gnu/libc.so.6(+0x8483c)[0x7fe4c3a0983c]
[hydra07:406211] [10] /home/thesis/jheld/MPI_Syrk_implementation/build/src/MPI_SYRK_implementation(+0x841a)[0x5577a6a4641a]
[hydra07:406211] [11] /home/thesis/jheld/MPI_Syrk_implementation/build/src/MPI_SYRK_implementation(+0x2ab0)[0x5577a6a40ab0]
[hydra06:379856] [ 9] /opt/mpi/openmpi-4.1.4//lib/libmpi.so.40(PMPI_Group_incl+0x95)[0x7fc234d9e185]
[hydra05:379177] [13] /home/thesis/jheld/MPI_Syrk_implementation/build/src/MPI_SYRK_implementation(+0x232a)[0x55eb4356332a]
[hydra05:379177] *** End of error message ***
[hydra09:372787] [ 2] /lib/x86_64-linux-gnu/libc.so.6(abort+0x123)[0x7f84bfa74537]
[hydra02:566438] [ 1] /lib/x86_64-linux-gnu/libc.so.6(gsignal+0x141)[0x7f3f0caa9d61]
[hydra12:359541] [12] /lib/x86_64-linux-gnu/libc.so.6(__libc_start_main+0xea)[0x7f9b223bbd7a]
[hydra03:396466] [ 1] /lib/x86_64-linux-gnu/libc.so.6(gsignal+0x141)[0x7fea43ac3d61]
[hydra11:359558] [ 6] /lib/x86_64-linux-gnu/libc.so.6(__libc_calloc+0x81)[0x7fe4c3a0bbd1]
[hydra07:406211] [12] /lib/x86_64-linux-gnu/libc.so.6(__libc_start_main+0xea)[0x7fc31be66d7a]
[hydra07:406211] [13] /home/thesis/jheld/MPI_Syrk_implementation/build/src/MPI_SYRK_implementation(+0x232a)[0x5577a6a4032a]
[hydra06:379856] [10] /home/thesis/jheld/MPI_Syrk_implementation/build/src/MPI_SYRK_implementation(+0x841a)[0x5571fbb5c41a]
[hydra06:379856] [11] /home/thesis/jheld/MPI_Syrk_implementation/build/src/MPI_SYRK_implementation(+0x2ab0)[0x5571fbb56ab0]
[hydra04:395229] *** Process received signal ***
[hydra04:395229] Signal: Aborted (6)
[hydra04:395229] Signal code:  (-6)
[hydra09:372787] [ 3] /lib/x86_64-linux-gnu/libc.so.6(+0x7a468)[0x7f84bfacc468]
[hydra02:566438] [ 2] /lib/x86_64-linux-gnu/libc.so.6(abort+0x123)[0x7f3f0ca93537]
[hydra08:381494] [ 0] /lib/x86_64-linux-gnu/libc.so.6(+0x38de0)[0x7f57bce56de0]
[hydra12:359541] [13] /home/thesis/jheld/MPI_Syrk_implementation/build/src/MPI_SYRK_implementation(+0x232a)[0x55b28ac8d32a]
[hydra12:359541] *** End of error message ***
[hydra03:396466] [ 2] /lib/x86_64-linux-gnu/libc.so.6(abort+0x123)[0x7fea43aad537]
[hydra11:359558] [ 7] /opt/mpi/openmpi-4.1.4//lib/libmpi.so.40(ompi_group_allocate+0x17)[0x7fe4c58d91e7]
[hydra07:406211] *** End of error message ***
[hydra06:379856] [12] /lib/x86_64-linux-gnu/libc.so.6(__libc_start_main+0xea)[0x7fc232e3cd7a]
[hydra04:395229] [ 0] /lib/x86_64-linux-gnu/libc.so.6(+0x38de0)[0x7f964da9dde0]
[hydra09:372787] [ 4] /lib/x86_64-linux-gnu/libc.so.6(+0x8175a)[0x7f84bfad375a]
[hydra02:566438] [ 3] /lib/x86_64-linux-gnu/libc.so.6(+0x7a468)[0x7f3f0caeb468]
[hydra08:381494] [ 1] /lib/x86_64-linux-gnu/libc.so.6(gsignal+0x141)[0x7f57bce56d61]
[hydra10:490984] [ 0] /lib/x86_64-linux-gnu/libc.so.6(+0x38de0)[0x7f72010cbde0]
[hydra03:396466] [ 3] /lib/x86_64-linux-gnu/libc.so.6(+0x7a468)[0x7fea43b05468]
[hydra11:359558] [ 8] /opt/mpi/openmpi-4.1.4//lib/libmpi.so.40(ompi_group_incl_plist+0x65)[0x7fe4c58d9915]
[hydra06:379856] [13] /home/thesis/jheld/MPI_Syrk_implementation/build/src/MPI_SYRK_implementation(+0x232a)[0x5571fbb5632a]
[hydra06:379856] *** End of error message ***
[hydra04:395229] [ 1] /lib/x86_64-linux-gnu/libc.so.6(gsignal+0x141)[0x7f964da9dd61]
[hydra09:372787] [ 5] /lib/x86_64-linux-gnu/libc.so.6(+0x8483c)[0x7f84bfad683c]
[hydra02:566438] [ 4] /lib/x86_64-linux-gnu/libc.so.6(+0x8175a)[0x7f3f0caf275a]
[hydra08:381494] [ 2] /lib/x86_64-linux-gnu/libc.so.6(abort+0x123)[0x7f57bce40537]
[hydra10:490984] [ 1] /lib/x86_64-linux-gnu/libc.so.6(gsignal+0x141)[0x7f72010cbd61]
[hydra03:396466] [ 4] /lib/x86_64-linux-gnu/libc.so.6(+0x8175a)[0x7fea43b0c75a]
[hydra11:359558] [ 9] /opt/mpi/openmpi-4.1.4//lib/libmpi.so.40(PMPI_Group_incl+0x95)[0x7fe4c590a185]
[hydra04:395229] [ 2] /lib/x86_64-linux-gnu/libc.so.6(abort+0x123)[0x7f964da87537]
[hydra09:372787] [ 6] /lib/x86_64-linux-gnu/libc.so.6(__libc_calloc+0x81)[0x7f84bfad8bd1]
[hydra02:566438] [ 5] /lib/x86_64-linux-gnu/libc.so.6(+0x8483c)[0x7f3f0caf583c]
[hydra08:381494] [ 3] /lib/x86_64-linux-gnu/libc.so.6(+0x7a468)[0x7f57bce98468]
[hydra10:490984] [ 2] /lib/x86_64-linux-gnu/libc.so.6(abort+0x123)[0x7f72010b5537]
[hydra03:396466] [ 5] /lib/x86_64-linux-gnu/libc.so.6(+0x8483c)[0x7fea43b0f83c]
[hydra11:359558] [10] /home/thesis/jheld/MPI_Syrk_implementation/build/src/MPI_SYRK_implementation(+0x841a)[0x55f3271dd41a]
[hydra11:359558] [11] /home/thesis/jheld/MPI_Syrk_implementation/build/src/MPI_SYRK_implementation(+0x2ab0)[0x55f3271d7ab0]
[hydra04:395229] [ 3] /lib/x86_64-linux-gnu/libc.so.6(+0x7a468)[0x7f964dadf468]
[hydra09:372787] [ 7] /opt/mpi/openmpi-4.1.4//lib/libmpi.so.40(ompi_group_allocate+0x17)[0x7f84c19a61e7]
[hydra02:566438] [ 6] /lib/x86_64-linux-gnu/libc.so.6(__libc_calloc+0x81)[0x7f3f0caf7bd1]
[hydra08:381494] [ 4] /lib/x86_64-linux-gnu/libc.so.6(+0x8175a)[0x7f57bce9f75a]
[hydra10:490984] [ 3] /lib/x86_64-linux-gnu/libc.so.6(+0x7a468)[0x7f720110d468]
[hydra03:396466] [ 6] /lib/x86_64-linux-gnu/libc.so.6(__libc_calloc+0x81)[0x7fea43b11bd1]
[hydra11:359558] [12] /lib/x86_64-linux-gnu/libc.so.6(__libc_start_main+0xea)[0x7fe4c39a8d7a]
[hydra04:395229] [ 4] /lib/x86_64-linux-gnu/libc.so.6(+0x8175a)[0x7f964dae675a]
[hydra09:372787] [ 8] /opt/mpi/openmpi-4.1.4//lib/libmpi.so.40(ompi_group_incl_plist+0x65)[0x7f84c19a6915]
[hydra02:566438] [ 7] /opt/mpi/openmpi-4.1.4//lib/libmpi.so.40(ompi_group_allocate+0x17)[0x7f3f0e9c51e7]
[hydra08:381494] [ 5] /lib/x86_64-linux-gnu/libc.so.6(+0x8483c)[0x7f57bcea283c]
[hydra10:490984] [ 4] /lib/x86_64-linux-gnu/libc.so.6(+0x8175a)[0x7f720111475a]
[hydra03:396466] [ 7] /opt/mpi/openmpi-4.1.4//lib/libmpi.so.40(ompi_group_allocate+0x17)[0x7fea459df1e7]
[hydra11:359558] [13] /home/thesis/jheld/MPI_Syrk_implementation/build/src/MPI_SYRK_implementation(+0x232a)[0x55f3271d732a]
[hydra11:359558] *** End of error message ***
[hydra04:395229] [ 5] /lib/x86_64-linux-gnu/libc.so.6(+0x8483c)[0x7f964dae983c]
[hydra09:372787] [ 9] /opt/mpi/openmpi-4.1.4//lib/libmpi.so.40(PMPI_Group_incl+0x95)[0x7f84c19d7185]
[hydra02:566438] [ 8] /opt/mpi/openmpi-4.1.4//lib/libmpi.so.40(ompi_group_incl_plist+0x65)[0x7f3f0e9c5915]
[hydra08:381494] [ 6] /lib/x86_64-linux-gnu/libc.so.6(__libc_calloc+0x81)[0x7f57bcea4bd1]
[hydra10:490984] [ 5] /lib/x86_64-linux-gnu/libc.so.6(+0x8483c)[0x7f720111783c]
[hydra03:396466] [ 8] /opt/mpi/openmpi-4.1.4//lib/libmpi.so.40(ompi_group_incl_plist+0x65)[0x7fea459df915]
[hydra04:395229] [ 6] /lib/x86_64-linux-gnu/libc.so.6(__libc_calloc+0x81)[0x7f964daebbd1]
[hydra09:372787] [10] /home/thesis/jheld/MPI_Syrk_implementation/build/src/MPI_SYRK_implementation(+0x841a)[0x5601d3ca641a]
[hydra09:372787] [11] /home/thesis/jheld/MPI_Syrk_implementation/build/src/MPI_SYRK_implementation(+0x2ab0)[0x5601d3ca0ab0]
[hydra02:566438] [ 9] /opt/mpi/openmpi-4.1.4//lib/libmpi.so.40(PMPI_Group_incl+0x95)[0x7f3f0e9f6185]
[hydra02:566438] [10] /home/thesis/jheld/MPI_Syrk_implementation/build/src/MPI_SYRK_implementation(+0x841a)[0x55c23a57041a]
[hydra08:381494] [ 7] /opt/mpi/openmpi-4.1.4//lib/libmpi.so.40(ompi_group_allocate+0x17)[0x7f57bed721e7]
[hydra10:490984] [ 6] /lib/x86_64-linux-gnu/libc.so.6(__libc_calloc+0x81)[0x7f7201119bd1]
[hydra03:396466] [ 9] /opt/mpi/openmpi-4.1.4//lib/libmpi.so.40(PMPI_Group_incl+0x95)[0x7fea45a10185]
[hydra04:395229] [ 7] /opt/mpi/openmpi-4.1.4//lib/libmpi.so.40(ompi_group_allocate+0x17)[0x7f964f9b91e7]
[hydra09:372787] [12] /lib/x86_64-linux-gnu/libc.so.6(__libc_start_main+0xea)[0x7f84bfa75d7a]
[hydra09:372787] [13] /home/thesis/jheld/MPI_Syrk_implementation/build/src/MPI_SYRK_implementation(+0x232a)[0x5601d3ca032a]
[hydra02:566438] [11] /home/thesis/jheld/MPI_Syrk_implementation/build/src/MPI_SYRK_implementation(+0x2ab0)[0x55c23a56aab0]
[hydra08:381494] [ 8] /opt/mpi/openmpi-4.1.4//lib/libmpi.so.40(ompi_group_incl_plist+0x65)[0x7f57bed72915]
[hydra10:490984] [ 7] /opt/mpi/openmpi-4.1.4//lib/libmpi.so.40(ompi_group_allocate+0x17)[0x7f7202fe71e7]
[hydra03:396466] [10] /home/thesis/jheld/MPI_Syrk_implementation/build/src/MPI_SYRK_implementation(+0x841a)[0x560c478ea41a]
[hydra03:396466] [11] /home/thesis/jheld/MPI_Syrk_implementation/build/src/MPI_SYRK_implementation(+0x2ab0)[0x560c478e4ab0]
[hydra04:395229] [ 8] /opt/mpi/openmpi-4.1.4//lib/libmpi.so.40(ompi_group_incl_plist+0x65)[0x7f964f9b9915]
[hydra09:372787] *** End of error message ***
[hydra02:566438] [12] /lib/x86_64-linux-gnu/libc.so.6(__libc_start_main+0xea)[0x7f3f0ca94d7a]
[hydra08:381494] [ 9] /opt/mpi/openmpi-4.1.4//lib/libmpi.so.40(PMPI_Group_incl+0x95)[0x7f57beda3185]
[hydra10:490984] [ 8] /opt/mpi/openmpi-4.1.4//lib/libmpi.so.40(ompi_group_incl_plist+0x65)[0x7f7202fe7915]
[hydra03:396466] [12] /lib/x86_64-linux-gnu/libc.so.6(__libc_start_main+0xea)[0x7fea43aaed7a]
[hydra03:396466] [13] /home/thesis/jheld/MPI_Syrk_implementation/build/src/MPI_SYRK_implementation(+0x232a)[0x560c478e432a]
[hydra04:395229] [ 9] /opt/mpi/openmpi-4.1.4//lib/libmpi.so.40(PMPI_Group_incl+0x95)[0x7f964f9ea185]
[hydra04:395229] [10] /home/thesis/jheld/MPI_Syrk_implementation/build/src/MPI_SYRK_implementation(+0x841a)[0x5647381b941a]
[hydra02:566438] [13] /home/thesis/jheld/MPI_Syrk_implementation/build/src/MPI_SYRK_implementation(+0x232a)[0x55c23a56a32a]
[hydra02:566438] *** End of error message ***
[hydra08:381494] [10] /home/thesis/jheld/MPI_Syrk_implementation/build/src/MPI_SYRK_implementation(+0x841a)[0x55b1d69dc41a]
[hydra08:381494] [11] /home/thesis/jheld/MPI_Syrk_implementation/build/src/MPI_SYRK_implementation(+0x2ab0)[0x55b1d69d6ab0]
[hydra10:490984] [ 9] /opt/mpi/openmpi-4.1.4//lib/libmpi.so.40(PMPI_Group_incl+0x95)[0x7f7203018185]
[hydra10:490984] [10] /home/thesis/jheld/MPI_Syrk_implementation/build/src/MPI_SYRK_implementation(+0x841a)[0x56195892241a]
[hydra03:396466] *** End of error message ***
[hydra04:395229] [11] /home/thesis/jheld/MPI_Syrk_implementation/build/src/MPI_SYRK_implementation(+0x2ab0)[0x5647381b3ab0]
[hydra08:381494] [12] /lib/x86_64-linux-gnu/libc.so.6(__libc_start_main+0xea)[0x7f57bce41d7a]
[hydra10:490984] [11] /home/thesis/jheld/MPI_Syrk_implementation/build/src/MPI_SYRK_implementation(+0x2ab0)[0x56195891cab0]
[hydra04:395229] [12] /lib/x86_64-linux-gnu/libc.so.6(__libc_start_main+0xea)[0x7f964da88d7a]
[hydra04:395229] [13] /home/thesis/jheld/MPI_Syrk_implementation/build/src/MPI_SYRK_implementation(+0x232a)[0x5647381b332a]
[hydra08:381494] [13] /home/thesis/jheld/MPI_Syrk_implementation/build/src/MPI_SYRK_implementation(+0x232a)[0x55b1d69d632a]
[hydra08:381494] *** End of error message ***
[hydra10:490984] [12] /lib/x86_64-linux-gnu/libc.so.6(__libc_start_main+0xea)[0x7f72010b6d7a]
[hydra04:395229] *** End of error message ***
[hydra10:490984] [13] /home/thesis/jheld/MPI_Syrk_implementation/build/src/MPI_SYRK_implementation(+0x232a)[0x56195891c32a]
[hydra10:490984] *** End of error message ***
srun: error: hydra08: task 23: Aborted
srun: error: hydra05: task 13: Aborted
srun: error: hydra06: task 17: Aborted
srun: error: hydra02: task 5: Aborted
srun: error: hydra10: task 29: Aborted
srun: error: hydra09: task 25: Aborted
srun: error: hydra12: task 35: Aborted
srun: error: hydra01: task 1: Aborted
srun: error: hydra03: task 7: Aborted
srun: error: hydra11: task 31: Aborted
srun: error: hydra07: task 19: Aborted
srun: error: hydra04: task 11: Aborted
slurmstepd: error:  mpi/pmix_v4: _errhandler: hydra04 [3]: pmixp_client_v2.c:211: Error handler invoked: status = -61, source = [slurm.pmix.5008693.10:11]
slurmstepd: error: *** STEP 5008693.10 ON hydra01 CANCELLED AT 2025-10-13T15:31:26 ***
slurmstepd: error:  mpi/pmix_v4: _errhandler: hydra12 [11]: pmixp_client_v2.c:211: Error handler invoked: status = -61, source = [slurm.pmix.5008693.10:35]
slurmstepd: error:  mpi/pmix_v4: _errhandler: hydra01 [0]: pmixp_client_v2.c:211: Error handler invoked: status = -61, source = [slurm.pmix.5008693.10:1]
slurmstepd: error:  mpi/pmix_v4: _errhandler: hydra06 [5]: pmixp_client_v2.c:211: Error handler invoked: status = -61, source = [slurm.pmix.5008693.10:17]
slurmstepd: error:  mpi/pmix_v4: _errhandler: hydra05 [4]: pmixp_client_v2.c:211: Error handler invoked: status = -61, source = [slurm.pmix.5008693.10:13]
slurmstepd: error:  mpi/pmix_v4: _errhandler: hydra02 [1]: pmixp_client_v2.c:211: Error handler invoked: status = -61, source = [slurm.pmix.5008693.10:5]
slurmstepd: error:  mpi/pmix_v4: _errhandler: hydra09 [8]: pmixp_client_v2.c:211: Error handler invoked: status = -61, source = [slurm.pmix.5008693.10:25]
slurmstepd: error:  mpi/pmix_v4: _errhandler: hydra08 [7]: pmixp_client_v2.c:211: Error handler invoked: status = -61, source = [slurm.pmix.5008693.10:23]
slurmstepd: error:  mpi/pmix_v4: _errhandler: hydra10 [9]: pmixp_client_v2.c:211: Error handler invoked: status = -61, source = [slurm.pmix.5008693.10:29]
slurmstepd: error:  mpi/pmix_v4: _errhandler: hydra11 [10]: pmixp_client_v2.c:211: Error handler invoked: status = -61, source = [slurm.pmix.5008693.10:31]
srun: Job step aborted: Waiting up to 32 seconds for job step to finish.
slurmstepd: error:  mpi/pmix_v4: _errhandler: hydra07 [6]: pmixp_client_v2.c:211: Error handler invoked: status = -61, source = [slurm.pmix.5008693.10:19]
slurmstepd: error:  mpi/pmix_v4: _errhandler: hydra03 [2]: pmixp_client_v2.c:211: Error handler invoked: status = -61, source = [slurm.pmix.5008693.10:7]
srun: error: hydra12: tasks 33-34: Killed
srun: error: hydra05: tasks 12,14: Killed
srun: error: hydra08: tasks 21-22: Killed
srun: error: hydra04: tasks 9-10: Killed
srun: error: hydra03: tasks 6,8: Killed
srun: error: hydra11: tasks 30,32: Killed
srun: error: hydra02: tasks 3-4: Killed
srun: error: hydra10: tasks 27-28: Killed
srun: error: hydra01: tasks 0,2: Killed
srun: error: hydra09: tasks 24,26: Killed
srun: error: hydra07: tasks 18,20: Killed
srun: error: hydra06: tasks 15-16: Killed
⚠️ Warning: No runtime found for run 11
srun: Warning: can't honor --ntasks-per-node set to 1 which doesn't match the requested tasks 36 with the number of requested nodes 12. Ignoring --ntasks-per-node.
missing input file name --> Generate random input
malloc(): invalid size (unsorted)
[hydra01:882309] *** Process received signal ***
[hydra01:882309] Signal: Aborted (6)
[hydra01:882309] Signal code:  (-6)
malloc(): invalid size (unsorted)
[hydra12:359611] *** Process received signal ***
[hydra12:359611] Signal: Aborted (6)
[hydra12:359611] Signal code:  (-6)
[hydra01:882309] [ 0] /lib/x86_64-linux-gnu/libc.so.6(+0x38de0)[0x7fa18d349de0]
malloc(): invalid size (unsorted)
[hydra05:379247] *** Process received signal ***
[hydra05:379247] Signal: Aborted (6)
[hydra05:379247] Signal code:  (-6)
[hydra01:882309] [ 1] /lib/x86_64-linux-gnu/libc.so.6(gsignal+0x141)[0x7fa18d349d61]
[hydra01:882309] [ 2] /lib/x86_64-linux-gnu/libc.so.6(abort+0x123)[0x7fa18d333537]
malloc(): invalid size (unsorted)
[hydra11:359631] *** Process received signal ***
[hydra11:359631] Signal: Aborted (6)
[hydra11:359631] Signal code:  (-6)
malloc(): invalid size (unsorted)
[hydra09:372857] *** Process received signal ***
[hydra09:372857] Signal: Aborted (6)
[hydra09:372857] Signal code:  (-6)
[hydra01:882309] [ 3] /lib/x86_64-linux-gnu/libc.so.6(+0x7a468)[0x7fa18d38b468]
malloc(): invalid size (unsorted)
[hydra03:396537] *** Process received signal ***
[hydra03:396537] Signal: Aborted (6)
[hydra03:396537] Signal code:  (-6)
malloc(): invalid size (unsorted)
[hydra06:379927] *** Process received signal ***
[hydra06:379927] Signal: Aborted (6)
[hydra06:379927] Signal code:  (-6)
malloc(): invalid size (unsorted)
[hydra08:381565] *** Process received signal ***
[hydra08:381565] Signal: Aborted (6)
[hydra08:381565] Signal code:  (-6)
malloc(): invalid size (unsorted)
[hydra02:566522] *** Process received signal ***
[hydra02:566522] Signal: Aborted (6)
[hydra02:566522] Signal code:  (-6)
malloc(): invalid size (unsorted)
[hydra04:395299] *** Process received signal ***
[hydra04:395299] Signal: Aborted (6)
[hydra04:395299] Signal code:  (-6)
malloc(): invalid size (unsorted)
[hydra07:406282] *** Process received signal ***
[hydra07:406282] Signal: Aborted (6)
[hydra07:406282] Signal code:  (-6)
[hydra01:882309] [ 4] /lib/x86_64-linux-gnu/libc.so.6(+0x8175a)[0x7fa18d39275a]
[hydra03:396537] [ 0] /lib/x86_64-linux-gnu/libc.so.6(+0x38de0)[0x7f040f1a0de0]
[hydra06:379927] [ 0] /lib/x86_64-linux-gnu/libc.so.6(+0x38de0)[0x7fe667d0ede0]
malloc(): invalid size (unsorted)
[hydra12:359612] *** Process received signal ***
[hydra12:359612] Signal: Aborted (6)
[hydra12:359612] Signal code:  (-6)
malloc(): invalid size (unsorted)
[hydra10:491059] *** Process received signal ***
[hydra10:491059] Signal: Aborted (6)
[hydra10:491059] Signal code:  (-6)
[hydra01:882309] [ 5] /lib/x86_64-linux-gnu/libc.so.6(+0x8483c)[0x7fa18d39583c]
[hydra03:396537] [ 1] /lib/x86_64-linux-gnu/libc.so.6(gsignal+0x141)[0x7f040f1a0d61]
[hydra06:379927] [ 1] /lib/x86_64-linux-gnu/libc.so.6(gsignal+0x141)[0x7fe667d0ed61]
malloc(): invalid size (unsorted)
[hydra04:395298] *** Process received signal ***
[hydra04:395298] Signal: Aborted (6)
[hydra04:395298] Signal code:  (-6)
malloc(): invalid size (unsorted)
[hydra12:359610] *** Process received signal ***
malloc(): invalid size (unsorted)
[hydra09:372858] *** Process received signal ***
[hydra09:372858] Signal: Aborted (6)
[hydra09:372858] Signal code:  (-6)
[hydra01:882309] [ 6] /lib/x86_64-linux-gnu/libc.so.6(__libc_calloc+0x81)[0x7fa18d397bd1]
[hydra03:396537] [ 2] /lib/x86_64-linux-gnu/libc.so.6(abort+0x123)[0x7f040f18a537]
[hydra06:379927] [ 2] /lib/x86_64-linux-gnu/libc.so.6(abort+0x123)[0x7fe667cf8537]
malloc(): invalid size (unsorted)
[hydra02:566523] *** Process received signal ***
[hydra02:566523] Signal: Aborted (6)
[hydra02:566523] Signal code:  (-6)
[hydra04:395299] [ 0] /lib/x86_64-linux-gnu/libc.so.6(+0x38de0)[0x7f0455797de0]
[hydra11:359631] [ 0] /lib/x86_64-linux-gnu/libc.so.6(+0x38de0)[0x7eff94caade0]
malloc(): invalid size (unsorted)
[hydra12:359610] Signal: Aborted (6)
[hydra12:359610] Signal code:  (-6)
malloc(): invalid size (unsorted)
[hydra01:882309] [ 7] /opt/mpi/openmpi-4.1.4//lib/libmpi.so.40(ompi_group_allocate+0x17)[0x7fa18f2651e7]
[hydra03:396537] [ 3] /lib/x86_64-linux-gnu/libc.so.6(+0x7a468)[0x7f040f1e2468]
[hydra06:379927] [ 3] /lib/x86_64-linux-gnu/libc.so.6(+0x7a468)[0x7fe667d50468]
[hydra02:566522] [ 0] /lib/x86_64-linux-gnu/libc.so.6(+0x38de0)[0x7fa367790de0]
[hydra04:395299] [ 1] /lib/x86_64-linux-gnu/libc.so.6(gsignal+0x141)[0x7f0455797d61]
[hydra11:359631] [ 1] /lib/x86_64-linux-gnu/libc.so.6(gsignal+0x141)[0x7eff94caad61]
[hydra07:406283] *** Process received signal ***
[hydra12:359612] [ 0] /lib/x86_64-linux-gnu/libc.so.6(+0x38de0)[0x7feeeb089de0]
[hydra09:372857] [ 0] /lib/x86_64-linux-gnu/libc.so.6(+0x38de0)[0x7f23c37dcde0]
[hydra01:882309] [ 8] /opt/mpi/openmpi-4.1.4//lib/libmpi.so.40(ompi_group_incl_plist+0x65)[0x7fa18f265915]
[hydra03:396537] [ 4] /lib/x86_64-linux-gnu/libc.so.6(+0x8175a)[0x7f040f1e975a]
[hydra06:379927] [ 4] /lib/x86_64-linux-gnu/libc.so.6(+0x8175a)[0x7fe667d5775a]
[hydra02:566523] [ 0] /lib/x86_64-linux-gnu/libc.so.6(+0x38de0)[0x7f9ee82b9de0]
[hydra04:395298] [ 0] /lib/x86_64-linux-gnu/libc.so.6(+0x38de0)[0x7f87a3c9bde0]
malloc(): invalid size (unsorted)
[hydra07:406282] [ 0] /lib/x86_64-linux-gnu/libc.so.6(+0x38de0)[0x7ffb4440bde0]
[hydra12:359611] [ 0] /lib/x86_64-linux-gnu/libc.so.6(+0x38de0)[0x7f527a805de0]
[hydra05:379247] [ 0] /lib/x86_64-linux-gnu/libc.so.6(+0x38de0)[0x7f9355d35de0]
[hydra09:372858] [ 0] /lib/x86_64-linux-gnu/libc.so.6(+0x38de0)[0x7f64b3587de0]
[hydra01:882309] [ 9] /opt/mpi/openmpi-4.1.4//lib/libmpi.so.40(PMPI_Group_incl+0x95)[0x7fa18f296185]
[hydra01:882309] [10] /home/thesis/jheld/MPI_Syrk_implementation/build/src/MPI_SYRK_implementation(+0x841a)[0x560a72f1041a]
[hydra03:396537] [ 5] /lib/x86_64-linux-gnu/libc.so.6(+0x8483c)[0x7f040f1ec83c]
[hydra06:379927] [ 5] /lib/x86_64-linux-gnu/libc.so.6(+0x8483c)[0x7fe667d5a83c]
[hydra08:381565] [ 0] /lib/x86_64-linux-gnu/libc.so.6(+0x38de0)[0x7fecd29fbde0]
[hydra02:566522] [ 1] /lib/x86_64-linux-gnu/libc.so.6(gsignal+0x141)[0x7fa367790d61]
[hydra04:395299] [ 2] /lib/x86_64-linux-gnu/libc.so.6(abort+0x123)[0x7f0455781537]
[hydra11:359631] [ 2] /lib/x86_64-linux-gnu/libc.so.6(abort+0x123)[0x7eff94c94537]
[hydra07:406283] Signal: Aborted (6)
[hydra07:406283] Signal code:  (-6)
[hydra12:359611] [ 1] /lib/x86_64-linux-gnu/libc.so.6(gsignal+0x141)[0x7f527a805d61]
[hydra05:379247] [ 1] /lib/x86_64-linux-gnu/libc.so.6(gsignal+0x141)[0x7f9355d35d61]
[hydra10:491059] [ 0] /lib/x86_64-linux-gnu/libc.so.6(+0x38de0)[0x7f4f9e83ede0]
[hydra09:372859] *** Process received signal ***
[hydra01:882309] [11] /home/thesis/jheld/MPI_Syrk_implementation/build/src/MPI_SYRK_implementation(+0x2ab0)[0x560a72f0aab0]
[hydra03:396537] [ 6] /lib/x86_64-linux-gnu/libc.so.6(__libc_calloc+0x81)[0x7f040f1eebd1]
[hydra06:379927] [ 6] /lib/x86_64-linux-gnu/libc.so.6(__libc_calloc+0x81)[0x7fe667d5cbd1]
[hydra08:381565] [ 1] /lib/x86_64-linux-gnu/libc.so.6(gsignal+0x141)[0x7fecd29fbd61]
[hydra02:566523] [ 1] /lib/x86_64-linux-gnu/libc.so.6(gsignal+0x141)[0x7f9ee82b9d61]
[hydra04:395298] [ 1] /lib/x86_64-linux-gnu/libc.so.6(gsignal+0x141)[0x7f87a3c9bd61]
[hydra11:359630] *** Process received signal ***
[hydra07:406282] [ 1] /lib/x86_64-linux-gnu/libc.so.6(gsignal+0x141)[0x7ffb4440bd61]
[hydra12:359612] [ 1] /lib/x86_64-linux-gnu/libc.so.6(gsignal+0x141)[0x7feeeb089d61]
[hydra05:379247] [ 2] /lib/x86_64-linux-gnu/libc.so.6(abort+0x123)[0x7f9355d1f537]
[hydra10:491059] [ 1] /lib/x86_64-linux-gnu/libc.so.6(gsignal+0x141)[0x7f4f9e83ed61]
[hydra09:372857] [ 1] /lib/x86_64-linux-gnu/libc.so.6(gsignal+0x141)[0x7f23c37dcd61]
[hydra01:882309] [12] /lib/x86_64-linux-gnu/libc.so.6(__libc_start_main+0xea)[0x7fa18d334d7a]
[hydra01:882309] [13] /home/thesis/jheld/MPI_Syrk_implementation/build/src/MPI_SYRK_implementation(+0x232a)[0x560a72f0a32a]
[hydra01:882309] *** End of error message ***
[hydra03:396537] [ 7] /opt/mpi/openmpi-4.1.4//lib/libmpi.so.40(ompi_group_allocate+0x17)[0x7f04110bc1e7]
[hydra06:379927] [ 7] /opt/mpi/openmpi-4.1.4//lib/libmpi.so.40(ompi_group_allocate+0x17)[0x7fe669c2a1e7]
[hydra08:381565] [ 2] /lib/x86_64-linux-gnu/libc.so.6(abort+0x123)[0x7fecd29e5537]
[hydra02:566522] [ 2] /lib/x86_64-linux-gnu/libc.so.6(abort+0x123)[0x7fa36777a537]
[hydra04:395299] [ 3] /lib/x86_64-linux-gnu/libc.so.6(+0x7a468)[0x7f04557d9468]
[hydra11:359630] Signal: Aborted (6)
[hydra11:359630] Signal code:  (-6)
[hydra07:406282] [ 2] /lib/x86_64-linux-gnu/libc.so.6(abort+0x123)[0x7ffb443f5537]
[hydra12:359611] [ 2] /lib/x86_64-linux-gnu/libc.so.6(abort+0x123)[0x7f527a7ef537]
[hydra05:379247] [ 3] /lib/x86_64-linux-gnu/libc.so.6(+0x7a468)[0x7f9355d77468]
[hydra10:491059] [ 2] /lib/x86_64-linux-gnu/libc.so.6(abort+0x123)[0x7f4f9e828537]
[hydra09:372858] [ 1] /lib/x86_64-linux-gnu/libc.so.6(gsignal+0x141)[0x7f64b3587d61]
[hydra03:396537] [ 8] /opt/mpi/openmpi-4.1.4//lib/libmpi.so.40(ompi_group_incl_plist+0x65)[0x7f04110bc915]
[hydra06:379927] [ 8] /opt/mpi/openmpi-4.1.4//lib/libmpi.so.40(ompi_group_incl_plist+0x65)[0x7fe669c2a915]
[hydra08:381565] [ 3] /lib/x86_64-linux-gnu/libc.so.6(+0x7a468)[0x7fecd2a3d468]
[hydra02:566523] [ 2] /lib/x86_64-linux-gnu/libc.so.6(abort+0x123)[0x7f9ee82a3537]
[hydra04:395298] [ 2] /lib/x86_64-linux-gnu/libc.so.6(abort+0x123)[0x7f87a3c85537]
[hydra11:359631] [ 3] /lib/x86_64-linux-gnu/libc.so.6(+0x7a468)[0x7eff94cec468]
[hydra07:406282] [ 3] /lib/x86_64-linux-gnu/libc.so.6(+0x7a468)[0x7ffb4444d468]
[hydra12:359612] [ 2] /lib/x86_64-linux-gnu/libc.so.6(abort+0x123)[0x7feeeb073537]
[hydra05:379247] [ 4] /lib/x86_64-linux-gnu/libc.so.6(+0x8175a)[0x7f9355d7e75a]
[hydra10:491059] [ 3] /lib/x86_64-linux-gnu/libc.so.6(+0x7a468)[0x7f4f9e880468]
[hydra09:372859] Signal: Aborted (6)
[hydra09:372859] Signal code:  (-6)
[hydra03:396537] [ 9] /opt/mpi/openmpi-4.1.4//lib/libmpi.so.40(PMPI_Group_incl+0x95)[0x7f04110ed185]
[hydra03:396537] [10] /home/thesis/jheld/MPI_Syrk_implementation/build/src/MPI_SYRK_implementation(+0x841a)[0x5613628ff41a]
[hydra06:379927] [ 9] /opt/mpi/openmpi-4.1.4//lib/libmpi.so.40(PMPI_Group_incl+0x95)[0x7fe669c5b185]
[hydra06:379927] [10] /home/thesis/jheld/MPI_Syrk_implementation/build/src/MPI_SYRK_implementation(+0x841a)[0x55cf023d941a]
[hydra08:381565] [ 4] /lib/x86_64-linux-gnu/libc.so.6(+0x8175a)[0x7fecd2a4475a]
[hydra02:566522] [ 3] /lib/x86_64-linux-gnu/libc.so.6(+0x7a468)[0x7fa3677d2468]
[hydra04:395299] [ 4] /lib/x86_64-linux-gnu/libc.so.6(+0x8175a)[0x7f04557e075a]
[hydra11:359631] [ 4] /lib/x86_64-linux-gnu/libc.so.6(+0x8175a)[0x7eff94cf375a]
[hydra07:406282] [ 4] /lib/x86_64-linux-gnu/libc.so.6(+0x8175a)[0x7ffb4445475a]
[hydra12:359610] [ 0] /lib/x86_64-linux-gnu/libc.so.6(+0x38de0)[0x7fb0d23f4de0]
[hydra05:379247] [ 5] /lib/x86_64-linux-gnu/libc.so.6(+0x8483c)[0x7f9355d8183c]
[hydra10:491059] [ 4] /lib/x86_64-linux-gnu/libc.so.6(+0x8175a)[0x7f4f9e88775a]
[hydra09:372857] [ 2] /lib/x86_64-linux-gnu/libc.so.6(abort+0x123)[0x7f23c37c6537]
[hydra03:396537] [11] /home/thesis/jheld/MPI_Syrk_implementation/build/src/MPI_SYRK_implementation(+0x2ab0)[0x5613628f9ab0]
[hydra06:379927] [11] /home/thesis/jheld/MPI_Syrk_implementation/build/src/MPI_SYRK_implementation(+0x2ab0)[0x55cf023d3ab0]
[hydra08:381565] [ 5] /lib/x86_64-linux-gnu/libc.so.6(+0x8483c)[0x7fecd2a4783c]
[hydra02:566523] [ 3] /lib/x86_64-linux-gnu/libc.so.6(+0x7a468)[0x7f9ee82fb468]
[hydra04:395298] [ 3] /lib/x86_64-linux-gnu/libc.so.6(+0x7a468)[0x7f87a3cdd468]
[hydra11:359631] [ 5] /lib/x86_64-linux-gnu/libc.so.6(+0x8483c)[0x7eff94cf683c]
[hydra07:406283] [ 0] /lib/x86_64-linux-gnu/libc.so.6(+0x38de0)[0x7fcdd3b5bde0]
[hydra12:359611] [ 3] /lib/x86_64-linux-gnu/libc.so.6(+0x7a468)[0x7f527a847468]
[hydra05:379247] [ 6] /lib/x86_64-linux-gnu/libc.so.6(__libc_calloc+0x81)[0x7f9355d83bd1]
[hydra10:491059] [ 5] /lib/x86_64-linux-gnu/libc.so.6(+0x8483c)[0x7f4f9e88a83c]
[hydra09:372858] [ 2] /lib/x86_64-linux-gnu/libc.so.6(abort+0x123)[0x7f64b3571537]
[hydra03:396537] [12] /lib/x86_64-linux-gnu/libc.so.6(__libc_start_main+0xea)[0x7f040f18bd7a]
[hydra06:379927] [12] /lib/x86_64-linux-gnu/libc.so.6(__libc_start_main+0xea)[0x7fe667cf9d7a]
[hydra06:379927] [13] /home/thesis/jheld/MPI_Syrk_implementation/build/src/MPI_SYRK_implementation(+0x232a)[0x55cf023d332a]
[hydra08:381565] [ 6] /lib/x86_64-linux-gnu/libc.so.6(__libc_calloc+0x81)[0x7fecd2a49bd1]
[hydra02:566522] [ 4] /lib/x86_64-linux-gnu/libc.so.6(+0x8175a)[0x7fa3677d975a]
[hydra04:395299] [ 5] /lib/x86_64-linux-gnu/libc.so.6(+0x8483c)[0x7f04557e383c]
[hydra11:359631] [ 6] /lib/x86_64-linux-gnu/libc.so.6(__libc_calloc+0x81)[0x7eff94cf8bd1]
[hydra07:406283] [ 1] /lib/x86_64-linux-gnu/libc.so.6(gsignal+0x141)[0x7fcdd3b5bd61]
[hydra12:359612] [ 3] /lib/x86_64-linux-gnu/libc.so.6(+0x7a468)[0x7feeeb0cb468]
[hydra05:379247] [ 7] /opt/mpi/openmpi-4.1.4//lib/libmpi.so.40(ompi_group_allocate+0x17)[0x7f9357c511e7]
[hydra10:491059] [ 6] /lib/x86_64-linux-gnu/libc.so.6(__libc_calloc+0x81)[0x7f4f9e88cbd1]
[hydra09:372857] [ 3] /lib/x86_64-linux-gnu/libc.so.6(+0x7a468)[0x7f23c381e468]
[hydra03:396537] [13] /home/thesis/jheld/MPI_Syrk_implementation/build/src/MPI_SYRK_implementation(+0x232a)[0x5613628f932a]
[hydra03:396537] *** End of error message ***
[hydra06:379927] *** End of error message ***
[hydra08:381565] [ 7] /opt/mpi/openmpi-4.1.4//lib/libmpi.so.40(ompi_group_allocate+0x17)[0x7fecd49171e7]
[hydra02:566523] [ 4] /lib/x86_64-linux-gnu/libc.so.6(+0x8175a)[0x7f9ee830275a]
[hydra04:395298] [ 4] /lib/x86_64-linux-gnu/libc.so.6(+0x8175a)[0x7f87a3ce475a]
[hydra11:359630] [ 0] /lib/x86_64-linux-gnu/libc.so.6(+0x38de0)[0x7fbbdc0b6de0]
[hydra07:406282] [ 5] /lib/x86_64-linux-gnu/libc.so.6(+0x8483c)[0x7ffb4445783c]
[hydra12:359610] [ 1] /lib/x86_64-linux-gnu/libc.so.6(gsignal+0x141)[0x7fb0d23f4d61]
[hydra05:379247] [ 8] /opt/mpi/openmpi-4.1.4//lib/libmpi.so.40(ompi_group_incl_plist+0x65)[0x7f9357c51915]
[hydra10:491059] [ 7] /opt/mpi/openmpi-4.1.4//lib/libmpi.so.40(ompi_group_allocate+0x17)[0x7f4fa075a1e7]
[hydra09:372858] [ 3] /lib/x86_64-linux-gnu/libc.so.6(+0x7a468)[0x7f64b35c9468]
[hydra08:381565] [ 8] /opt/mpi/openmpi-4.1.4//lib/libmpi.so.40(ompi_group_incl_plist+0x65)[0x7fecd4917915]
[hydra02:566522] [ 5] /lib/x86_64-linux-gnu/libc.so.6(+0x8483c)[0x7fa3677dc83c]
[hydra04:395299] [ 6] /lib/x86_64-linux-gnu/libc.so.6(__libc_calloc+0x81)[0x7f04557e5bd1]
[hydra11:359630] [ 1] /lib/x86_64-linux-gnu/libc.so.6(gsignal+0x141)[0x7fbbdc0b6d61]
[hydra07:406283] [ 2] /lib/x86_64-linux-gnu/libc.so.6(abort+0x123)[0x7fcdd3b45537]
[hydra12:359610] [ 2] /lib/x86_64-linux-gnu/libc.so.6(abort+0x123)[0x7fb0d23de537]
[hydra05:379247] [ 9] /opt/mpi/openmpi-4.1.4//lib/libmpi.so.40(PMPI_Group_incl+0x95)[0x7f9357c82185]
[hydra05:379247] [10] /home/thesis/jheld/MPI_Syrk_implementation/build/src/MPI_SYRK_implementation(+0x841a)[0x5571d8e2741a]
[hydra10:491059] [ 8] /opt/mpi/openmpi-4.1.4//lib/libmpi.so.40(ompi_group_incl_plist+0x65)[0x7f4fa075a915]
[hydra09:372857] [ 4] /lib/x86_64-linux-gnu/libc.so.6(+0x8175a)[0x7f23c382575a]
[hydra08:381565] [ 9] /opt/mpi/openmpi-4.1.4//lib/libmpi.so.40(PMPI_Group_incl+0x95)[0x7fecd4948185]
[hydra08:381565] [10] /home/thesis/jheld/MPI_Syrk_implementation/build/src/MPI_SYRK_implementation(+0x841a)[0x55c6527b641a]
[hydra02:566523] [ 5] /lib/x86_64-linux-gnu/libc.so.6(+0x8483c)[0x7f9ee830583c]
[hydra04:395298] [ 5] /lib/x86_64-linux-gnu/libc.so.6(+0x8483c)[0x7f87a3ce783c]
[hydra11:359631] [ 7] /opt/mpi/openmpi-4.1.4//lib/libmpi.so.40(ompi_group_allocate+0x17)[0x7eff96bc61e7]
[hydra07:406282] [ 6] /lib/x86_64-linux-gnu/libc.so.6(__libc_calloc+0x81)[0x7ffb44459bd1]
[hydra12:359611] [ 4] /lib/x86_64-linux-gnu/libc.so.6(+0x8175a)[0x7f527a84e75a]
[hydra05:379247] [11] /home/thesis/jheld/MPI_Syrk_implementation/build/src/MPI_SYRK_implementation(+0x2ab0)[0x5571d8e21ab0]
[hydra10:491059] [ 9] /opt/mpi/openmpi-4.1.4//lib/libmpi.so.40(PMPI_Group_incl+0x95)[0x7f4fa078b185]
[hydra09:372858] [ 4] /lib/x86_64-linux-gnu/libc.so.6(+0x8175a)[0x7f64b35d075a]
[hydra08:381565] [11] /home/thesis/jheld/MPI_Syrk_implementation/build/src/MPI_SYRK_implementation(+0x2ab0)[0x55c6527b0ab0]
[hydra02:566522] [ 6] /lib/x86_64-linux-gnu/libc.so.6(__libc_calloc+0x81)[0x7fa3677debd1]
[hydra04:395299] [ 7] /opt/mpi/openmpi-4.1.4//lib/libmpi.so.40(ompi_group_allocate+0x17)[0x7f04576b31e7]
[hydra11:359631] [ 8] /opt/mpi/openmpi-4.1.4//lib/libmpi.so.40(ompi_group_incl_plist+0x65)[0x7eff96bc6915]
[hydra07:406283] [ 3] /lib/x86_64-linux-gnu/libc.so.6(+0x7a468)[0x7fcdd3b9d468]
[hydra12:359612] [ 4] /lib/x86_64-linux-gnu/libc.so.6(+0x8175a)[0x7feeeb0d275a]
[hydra05:379247] [12] /lib/x86_64-linux-gnu/libc.so.6(__libc_start_main+0xea)[0x7f9355d20d7a]
[hydra10:491059] [10] /home/thesis/jheld/MPI_Syrk_implementation/build/src/MPI_SYRK_implementation(+0x841a)[0x5590d8bd441a]
[hydra10:491059] [11] /home/thesis/jheld/MPI_Syrk_implementation/build/src/MPI_SYRK_implementation(+0x2ab0)[0x5590d8bceab0]
[hydra09:372859] [ 0] /lib/x86_64-linux-gnu/libc.so.6(+0x38de0)[0x7fb0dd4b4de0]
[hydra08:381565] [12] /lib/x86_64-linux-gnu/libc.so.6(__libc_start_main+0xea)[0x7fecd29e6d7a]
[hydra08:381565] [13] /home/thesis/jheld/MPI_Syrk_implementation/build/src/MPI_SYRK_implementation(+0x232a)[0x55c6527b032a]
[hydra02:566523] [ 6] /lib/x86_64-linux-gnu/libc.so.6(__libc_calloc+0x81)[0x7f9ee8307bd1]
[hydra04:395298] [ 6] /lib/x86_64-linux-gnu/libc.so.6(__libc_calloc+0x81)[0x7f87a3ce9bd1]
[hydra11:359630] [ 2] /lib/x86_64-linux-gnu/libc.so.6(abort+0x123)[0x7fbbdc0a0537]
[hydra07:406282] [ 7] /opt/mpi/openmpi-4.1.4//lib/libmpi.so.40(ompi_group_allocate+0x17)[0x7ffb463271e7]
[hydra12:359611] [ 5] /lib/x86_64-linux-gnu/libc.so.6(+0x8483c)[0x7f527a85183c]
[hydra05:379247] [13] /home/thesis/jheld/MPI_Syrk_implementation/build/src/MPI_SYRK_implementation(+0x232a)[0x5571d8e2132a]
[hydra05:379247] *** End of error message ***
[hydra10:491059] [12] /lib/x86_64-linux-gnu/libc.so.6(__libc_start_main+0xea)[0x7f4f9e829d7a]
[hydra09:372857] [ 5] /lib/x86_64-linux-gnu/libc.so.6(+0x8483c)[0x7f23c382883c]
[hydra08:381565] *** End of error message ***
[hydra02:566522] [ 7] /opt/mpi/openmpi-4.1.4//lib/libmpi.so.40(ompi_group_allocate+0x17)[0x7fa3696ac1e7]
[hydra04:395299] [ 8] /opt/mpi/openmpi-4.1.4//lib/libmpi.so.40(ompi_group_incl_plist+0x65)[0x7f04576b3915]
[hydra11:359631] [ 9] /opt/mpi/openmpi-4.1.4//lib/libmpi.so.40(PMPI_Group_incl+0x95)[0x7eff96bf7185]
[hydra11:359631] [10] /home/thesis/jheld/MPI_Syrk_implementation/build/src/MPI_SYRK_implementation(+0x841a)[0x5613d115341a]
[hydra07:406282] [ 8] /opt/mpi/openmpi-4.1.4//lib/libmpi.so.40(ompi_group_incl_plist+0x65)[0x7ffb46327915]
[hydra12:359610] [ 3] /lib/x86_64-linux-gnu/libc.so.6(+0x7a468)[0x7fb0d2436468]
[hydra10:491059] [13] /home/thesis/jheld/MPI_Syrk_implementation/build/src/MPI_SYRK_implementation(+0x232a)[0x5590d8bce32a]
[hydra10:491059] *** End of error message ***
[hydra09:372858] [ 5] /lib/x86_64-linux-gnu/libc.so.6(+0x8483c)[0x7f64b35d383c]
[hydra02:566523] [ 7] /opt/mpi/openmpi-4.1.4//lib/libmpi.so.40(ompi_group_allocate+0x17)[0x7f9eea1d51e7]
[hydra04:395298] [ 7] /opt/mpi/openmpi-4.1.4//lib/libmpi.so.40(ompi_group_allocate+0x17)[0x7f87a5bb71e7]
[hydra11:359630] [ 3] /lib/x86_64-linux-gnu/libc.so.6(+0x7a468)[0x7fbbdc0f8468]
[hydra07:406283] [ 4] /lib/x86_64-linux-gnu/libc.so.6(+0x8175a)[0x7fcdd3ba475a]
[hydra12:359612] [ 5] /lib/x86_64-linux-gnu/libc.so.6(+0x8483c)[0x7feeeb0d583c]
[hydra09:372859] [ 1] /lib/x86_64-linux-gnu/libc.so.6(gsignal+0x141)[0x7fb0dd4b4d61]
[hydra02:566522] [ 8] /opt/mpi/openmpi-4.1.4//lib/libmpi.so.40(ompi_group_incl_plist+0x65)[0x7fa3696ac915]
[hydra04:395298] [ 8] /opt/mpi/openmpi-4.1.4//lib/libmpi.so.40(ompi_group_incl_plist+0x65)[0x7f87a5bb7915]
[hydra11:359631] [11] /home/thesis/jheld/MPI_Syrk_implementation/build/src/MPI_SYRK_implementation(+0x2ab0)[0x5613d114dab0]
[hydra07:406282] [ 9] /opt/mpi/openmpi-4.1.4//lib/libmpi.so.40(PMPI_Group_incl+0x95)[0x7ffb46358185]
[hydra12:359611] [ 6] /lib/x86_64-linux-gnu/libc.so.6(__libc_calloc+0x81)[0x7f527a853bd1]
[hydra09:372859] [ 2] /lib/x86_64-linux-gnu/libc.so.6(abort+0x123)[0x7fb0dd49e537]
[hydra02:566523] [ 8] /opt/mpi/openmpi-4.1.4//lib/libmpi.so.40(ompi_group_incl_plist+0x65)[0x7f9eea1d5915]
[hydra04:395299] [ 9] /opt/mpi/openmpi-4.1.4//lib/libmpi.so.40(PMPI_Group_incl+0x95)[0x7f04576e4185]
[hydra04:395299] [10] /home/thesis/jheld/MPI_Syrk_implementation/build/src/MPI_SYRK_implementation(+0x841a)[0x55d56effd41a]
[hydra04:395299] [11] /home/thesis/jheld/MPI_Syrk_implementation/build/src/MPI_SYRK_implementation(+0x2ab0)[0x55d56eff7ab0]
[hydra11:359631] [12] /lib/x86_64-linux-gnu/libc.so.6(__libc_start_main+0xea)[0x7eff94c95d7a]
[hydra11:359631] [13] /home/thesis/jheld/MPI_Syrk_implementation/build/src/MPI_SYRK_implementation(+0x232a)[0x5613d114d32a]
[hydra07:406282] [10] /home/thesis/jheld/MPI_Syrk_implementation/build/src/MPI_SYRK_implementation(+0x841a)[0x5573ce12c41a]
[hydra07:406282] [11] /home/thesis/jheld/MPI_Syrk_implementation/build/src/MPI_SYRK_implementation(+0x2ab0)[0x5573ce126ab0]
[hydra12:359612] [ 6] /lib/x86_64-linux-gnu/libc.so.6(__libc_calloc+0x81)[0x7feeeb0d7bd1]
[hydra09:372857] [ 6] /lib/x86_64-linux-gnu/libc.so.6(__libc_calloc+0x81)[0x7f23c382abd1]
[hydra02:566522] [ 9] /opt/mpi/openmpi-4.1.4//lib/libmpi.so.40(PMPI_Group_incl+0x95)[0x7fa3696dd185]
[hydra11:359630] [ 4] /lib/x86_64-linux-gnu/libc.so.6(+0x8175a)[0x7fbbdc0ff75a]
[hydra07:406283] [ 5] /lib/x86_64-linux-gnu/libc.so.6(+0x8483c)[0x7fcdd3ba783c]
[hydra12:359610] [ 4] /lib/x86_64-linux-gnu/libc.so.6(+0x8175a)[0x7fb0d243d75a]
[hydra09:372858] [ 6] /lib/x86_64-linux-gnu/libc.so.6(__libc_calloc+0x81)[0x7f64b35d5bd1]
[hydra02:566523] [ 9] /opt/mpi/openmpi-4.1.4//lib/libmpi.so.40(PMPI_Group_incl+0x95)[0x7f9eea206185]
[hydra02:566523] [10] /home/thesis/jheld/MPI_Syrk_implementation/build/src/MPI_SYRK_implementation(+0x841a)[0x559a04d4d41a]
[hydra02:566523] [11] /home/thesis/jheld/MPI_Syrk_implementation/build/src/MPI_SYRK_implementation(+0x2ab0)[0x559a04d47ab0]
[hydra11:359631] *** End of error message ***
[hydra07:406282] [12] /lib/x86_64-linux-gnu/libc.so.6(__libc_start_main+0xea)[0x7ffb443f6d7a]
[hydra12:359611] [ 7] /opt/mpi/openmpi-4.1.4//lib/libmpi.so.40(ompi_group_allocate+0x17)[0x7f527c7211e7]
[hydra09:372857] [ 7] /opt/mpi/openmpi-4.1.4//lib/libmpi.so.40(ompi_group_allocate+0x17)[0x7f23c56f81e7]
[hydra02:566522] [10] /home/thesis/jheld/MPI_Syrk_implementation/build/src/MPI_SYRK_implementation(+0x841a)[0x56287f36741a]
[hydra02:566522] [11] /home/thesis/jheld/MPI_Syrk_implementation/build/src/MPI_SYRK_implementation(+0x2ab0)[0x56287f361ab0]
[hydra11:359630] [ 5] /lib/x86_64-linux-gnu/libc.so.6(+0x8483c)[0x7fbbdc10283c]
[hydra07:406283] [ 6] /lib/x86_64-linux-gnu/libc.so.6(__libc_calloc+0x81)[0x7fcdd3ba9bd1]
[hydra12:359612] [ 7] /opt/mpi/openmpi-4.1.4//lib/libmpi.so.40(ompi_group_allocate+0x17)[0x7feeecfa51e7]
[hydra09:372858] [ 7] /opt/mpi/openmpi-4.1.4//lib/libmpi.so.40(ompi_group_allocate+0x17)[0x7f64b54a31e7]
[hydra02:566523] [12] /lib/x86_64-linux-gnu/libc.so.6(__libc_start_main+0xea)[0x7f9ee82a4d7a]
[hydra07:406282] [13] /home/thesis/jheld/MPI_Syrk_implementation/build/src/MPI_SYRK_implementation(+0x232a)[0x5573ce12632a]
[hydra07:406282] *** End of error message ***
[hydra12:359610] [ 5] /lib/x86_64-linux-gnu/libc.so.6(+0x8483c)[0x7fb0d244083c]
[hydra09:372859] [ 3] /lib/x86_64-linux-gnu/libc.so.6(+0x7a468)[0x7fb0dd4f6468]
[hydra02:566522] [12] /lib/x86_64-linux-gnu/libc.so.6(__libc_start_main+0xea)[0x7fa36777bd7a]
[hydra02:566522] [13] /home/thesis/jheld/MPI_Syrk_implementation/build/src/MPI_SYRK_implementation(+0x232a)[0x56287f36132a]
[hydra02:566522] *** End of error message ***
[hydra07:406283] [ 7] /opt/mpi/openmpi-4.1.4//lib/libmpi.so.40(ompi_group_allocate+0x17)[0x7fcdd5a771e7]
[hydra12:359611] [ 8] /opt/mpi/openmpi-4.1.4//lib/libmpi.so.40(ompi_group_incl_plist+0x65)[0x7f527c721915]
[hydra09:372857] [ 8] /opt/mpi/openmpi-4.1.4//lib/libmpi.so.40(ompi_group_incl_plist+0x65)[0x7f23c56f8915]
[hydra02:566523] [13] /home/thesis/jheld/MPI_Syrk_implementation/build/src/MPI_SYRK_implementation(+0x232a)[0x559a04d4732a]
[hydra02:566523] *** End of error message ***
[hydra07:406283] [ 8] /opt/mpi/openmpi-4.1.4//lib/libmpi.so.40(ompi_group_incl_plist+0x65)[0x7fcdd5a77915]
[hydra12:359612] [ 8] /opt/mpi/openmpi-4.1.4//lib/libmpi.so.40(ompi_group_incl_plist+0x65)[0x7feeecfa5915]
[hydra09:372858] [ 8] /opt/mpi/openmpi-4.1.4//lib/libmpi.so.40(ompi_group_incl_plist+0x65)[0x7f64b54a3915]
[hydra12:359610] [ 6] /lib/x86_64-linux-gnu/libc.so.6(__libc_calloc+0x81)[0x7fb0d2442bd1]
[hydra09:372859] [ 4] /lib/x86_64-linux-gnu/libc.so.6(+0x8175a)[0x7fb0dd4fd75a]
[hydra12:359611] [ 9] /opt/mpi/openmpi-4.1.4//lib/libmpi.so.40(PMPI_Group_incl+0x95)[0x7f527c752185]
[hydra12:359611] [10] /home/thesis/jheld/MPI_Syrk_implementation/build/src/MPI_SYRK_implementation(+0x841a)[0x55d71646541a]
[hydra12:359611] [11] /home/thesis/jheld/MPI_Syrk_implementation/build/src/MPI_SYRK_implementation(+0x2ab0)[0x55d71645fab0]
[hydra09:372857] [ 9] /opt/mpi/openmpi-4.1.4//lib/libmpi.so.40(PMPI_Group_incl+0x95)[0x7f23c5729185]
[hydra09:372857] [10] /home/thesis/jheld/MPI_Syrk_implementation/build/src/MPI_SYRK_implementation(+0x841a)[0x55bd3113c41a]
[hydra09:372857] [11] /home/thesis/jheld/MPI_Syrk_implementation/build/src/MPI_SYRK_implementation(+0x2ab0)[0x55bd31136ab0]
[hydra12:359612] [ 9] /opt/mpi/openmpi-4.1.4//lib/libmpi.so.40(PMPI_Group_incl+0x95)[0x7feeecfd6185]
[hydra12:359612] [10] /home/thesis/jheld/MPI_Syrk_implementation/build/src/MPI_SYRK_implementation(+0x841a)[0x5633222d341a]
[hydra12:359612] [11] /home/thesis/jheld/MPI_Syrk_implementation/build/src/MPI_SYRK_implementation(+0x2ab0)[0x5633222cdab0]
[hydra09:372858] [ 9] /opt/mpi/openmpi-4.1.4//lib/libmpi.so.40(PMPI_Group_incl+0x95)[0x7f64b54d4185]
[hydra09:372858] [10] /home/thesis/jheld/MPI_Syrk_implementation/build/src/MPI_SYRK_implementation(+0x841a)[0x5608cce2441a]
[hydra09:372858] [11] /home/thesis/jheld/MPI_Syrk_implementation/build/src/MPI_SYRK_implementation(+0x2ab0)[0x5608cce1eab0]
[hydra12:359610] [ 7] /opt/mpi/openmpi-4.1.4//lib/libmpi.so.40(ompi_group_allocate+0x17)[0x7fb0d43101e7]
[hydra09:372857] [12] /lib/x86_64-linux-gnu/libc.so.6(__libc_start_main+0xea)[0x7f23c37c7d7a]
[hydra12:359611] [12] /lib/x86_64-linux-gnu/libc.so.6(__libc_start_main+0xea)[0x7f527a7f0d7a]
[hydra12:359611] [13] /home/thesis/jheld/MPI_Syrk_implementation/build/src/MPI_SYRK_implementation(+0x232a)[0x55d71645f32a]
[hydra12:359611] *** End of error message ***
[hydra09:372859] [ 5] /lib/x86_64-linux-gnu/libc.so.6(+0x8483c)[0x7fb0dd50083c]
[hydra12:359610] [ 8] /opt/mpi/openmpi-4.1.4//lib/libmpi.so.40(ompi_group_incl_plist+0x65)[0x7fb0d4310915]
[hydra09:372857] [13] /home/thesis/jheld/MPI_Syrk_implementation/build/src/MPI_SYRK_implementation(+0x232a)[0x55bd3113632a]
[hydra09:372857] *** End of error message ***
[hydra12:359612] [12] /lib/x86_64-linux-gnu/libc.so.6(__libc_start_main+0xea)[0x7feeeb074d7a]
[hydra12:359612] [13] /home/thesis/jheld/MPI_Syrk_implementation/build/src/MPI_SYRK_implementation(+0x232a)[0x5633222cd32a]
[hydra12:359612] *** End of error message ***
[hydra09:372858] [12] /lib/x86_64-linux-gnu/libc.so.6(__libc_start_main+0xea)[0x7f64b3572d7a]
[hydra09:372858] [13] /home/thesis/jheld/MPI_Syrk_implementation/build/src/MPI_SYRK_implementation(+0x232a)[0x5608cce1e32a]
[hydra09:372858] *** End of error message ***
[hydra12:359610] [ 9] /opt/mpi/openmpi-4.1.4//lib/libmpi.so.40(PMPI_Group_incl+0x95)[0x7fb0d4341185]
[hydra09:372859] [ 6] /lib/x86_64-linux-gnu/libc.so.6(__libc_calloc+0x81)[0x7fb0dd502bd1]
[hydra12:359610] [10] /home/thesis/jheld/MPI_Syrk_implementation/build/src/MPI_SYRK_implementation(+0x841a)[0x55d2f8eab41a]
[hydra12:359610] [11] /home/thesis/jheld/MPI_Syrk_implementation/build/src/MPI_SYRK_implementation(+0x2ab0)[0x55d2f8ea5ab0]
[hydra09:372859] [ 7] /opt/mpi/openmpi-4.1.4//lib/libmpi.so.40(ompi_group_allocate+0x17)[0x7fb0df3d01e7]
[hydra12:359610] [12] /lib/x86_64-linux-gnu/libc.so.6(__libc_start_main+0xea)[0x7fb0d23dfd7a]
[hydra09:372859] [ 8] /opt/mpi/openmpi-4.1.4//lib/libmpi.so.40(ompi_group_incl_plist+0x65)[0x7fb0df3d0915]
[hydra12:359610] [13] /home/thesis/jheld/MPI_Syrk_implementation/build/src/MPI_SYRK_implementation(+0x232a)[0x55d2f8ea532a]
[hydra12:359610] *** End of error message ***
[hydra09:372859] [ 9] /opt/mpi/openmpi-4.1.4//lib/libmpi.so.40(PMPI_Group_incl+0x95)[0x7fb0df401185]
[hydra09:372859] [10] /home/thesis/jheld/MPI_Syrk_implementation/build/src/MPI_SYRK_implementation(+0x841a)[0x559c515b041a]
[hydra09:372859] [11] /home/thesis/jheld/MPI_Syrk_implementation/build/src/MPI_SYRK_implementation(+0x2ab0)[0x559c515aaab0]
[hydra09:372859] [12] /lib/x86_64-linux-gnu/libc.so.6(__libc_start_main+0xea)[0x7fb0dd49fd7a]
[hydra09:372859] [13] /home/thesis/jheld/MPI_Syrk_implementation/build/src/MPI_SYRK_implementation(+0x232a)[0x559c515aa32a]
[hydra09:372859] *** End of error message ***
[hydra07:406283] [ 9] /opt/mpi/openmpi-4.1.4//lib/libmpi.so.40(PMPI_Group_incl+0x95)[0x7fcdd5aa8185]
[hydra07:406283] [10] /home/thesis/jheld/MPI_Syrk_implementation/build/src/MPI_SYRK_implementation(+0x841a)[0x55eafa82841a]
[hydra04:395298] [ 9] /opt/mpi/openmpi-4.1.4//lib/libmpi.so.40(PMPI_Group_incl+0x95)[0x7f87a5be8185]
[hydra04:395298] [10] /home/thesis/jheld/MPI_Syrk_implementation/build/src/MPI_SYRK_implementation(+0x841a)[0x55a3a559f41a]
[hydra11:359630] [ 6] /lib/x86_64-linux-gnu/libc.so.6(__libc_calloc+0x81)[0x7fbbdc104bd1]
[hydra07:406283] [11] /home/thesis/jheld/MPI_Syrk_implementation/build/src/MPI_SYRK_implementation(+0x2ab0)[0x55eafa822ab0]
[hydra04:395299] [12] /lib/x86_64-linux-gnu/libc.so.6(__libc_start_main+0xea)[0x7f0455782d7a]
[hydra04:395299] [13] /home/thesis/jheld/MPI_Syrk_implementation/build/src/MPI_SYRK_implementation(+0x232a)[0x55d56eff732a]
[hydra04:395299] *** End of error message ***
[hydra11:359630] [ 7] /opt/mpi/openmpi-4.1.4//lib/libmpi.so.40(ompi_group_allocate+0x17)[0x7fbbddfd21e7]
[hydra07:406283] [12] /lib/x86_64-linux-gnu/libc.so.6(__libc_start_main+0xea)[0x7fcdd3b46d7a]
[hydra07:406283] [13] /home/thesis/jheld/MPI_Syrk_implementation/build/src/MPI_SYRK_implementation(+0x232a)[0x55eafa82232a]
[hydra04:395298] [11] /home/thesis/jheld/MPI_Syrk_implementation/build/src/MPI_SYRK_implementation(+0x2ab0)[0x55a3a5599ab0]
[hydra11:359630] [ 8] /opt/mpi/openmpi-4.1.4//lib/libmpi.so.40(ompi_group_incl_plist+0x65)[0x7fbbddfd2915]
[hydra07:406283] *** End of error message ***
[hydra04:395298] [12] /lib/x86_64-linux-gnu/libc.so.6(__libc_start_main+0xea)[0x7f87a3c86d7a]
[hydra04:395298] [13] /home/thesis/jheld/MPI_Syrk_implementation/build/src/MPI_SYRK_implementation(+0x232a)[0x55a3a559932a]
[hydra04:395298] *** End of error message ***
[hydra11:359630] [ 9] /opt/mpi/openmpi-4.1.4//lib/libmpi.so.40(PMPI_Group_incl+0x95)[0x7fbbde003185]
[hydra11:359630] [10] /home/thesis/jheld/MPI_Syrk_implementation/build/src/MPI_SYRK_implementation(+0x841a)[0x55f24eea341a]
[hydra11:359630] [11] /home/thesis/jheld/MPI_Syrk_implementation/build/src/MPI_SYRK_implementation(+0x2ab0)[0x55f24ee9dab0]
[hydra11:359630] [12] /lib/x86_64-linux-gnu/libc.so.6(__libc_start_main+0xea)[0x7fbbdc0a1d7a]
[hydra11:359630] [13] /home/thesis/jheld/MPI_Syrk_implementation/build/src/MPI_SYRK_implementation(+0x232a)[0x55f24ee9d32a]
[hydra11:359630] *** End of error message ***
srun: error: hydra06: task 17: Aborted
srun: error: hydra01: task 1: Aborted
srun: error: hydra05: task 12: Aborted
srun: error: hydra08: task 23: Aborted
srun: error: hydra03: task 7: Aborted
srun: error: hydra10: task 29: Aborted
srun: error: hydra02: tasks 4-5: Aborted
srun: error: hydra07: tasks 19-20: Aborted
srun: error: hydra11: tasks 31-32: Aborted
srun: error: hydra04: tasks 9-10: Aborted
srun: error: hydra12: tasks 33-35: Aborted
srun: error: hydra09: tasks 24-26: Aborted
slurmstepd: error:  mpi/pmix_v4: _errhandler: hydra06 [5]: pmixp_client_v2.c:211: Error handler invoked: status = -61, source = [slurm.pmix.5008693.11:17]
slurmstepd: error:  mpi/pmix_v4: _errhandler: hydra05 [4]: pmixp_client_v2.c:211: Error handler invoked: status = -61, source = [slurm.pmix.5008693.11:12]
slurmstepd: error:  mpi/pmix_v4: _errhandler: hydra08 [7]: pmixp_client_v2.c:211: Error handler invoked: status = -61, source = [slurm.pmix.5008693.11:23]
slurmstepd: error:  mpi/pmix_v4: _errhandler: hydra10 [9]: pmixp_client_v2.c:211: Error handler invoked: status = -61, source = [slurm.pmix.5008693.11:29]
slurmstepd: error:  mpi/pmix_v4: _errhandler: hydra01 [0]: pmixp_client_v2.c:211: Error handler invoked: status = -61, source = [slurm.pmix.5008693.11:1]
slurmstepd: error:  mpi/pmix_v4: _errhandler: hydra11 [10]: pmixp_client_v2.c:211: Error handler invoked: status = -61, source = [slurm.pmix.5008693.11:32]
slurmstepd: error: *** STEP 5008693.11 ON hydra01 CANCELLED AT 2025-10-13T15:31:28 ***
slurmstepd: error:  mpi/pmix_v4: _errhandler: hydra07 [6]: pmixp_client_v2.c:211: Error handler invoked: status = -61, source = [slurm.pmix.5008693.11:19]
slurmstepd: error:  mpi/pmix_v4: _errhandler: hydra03 [2]: pmixp_client_v2.c:211: Error handler invoked: status = -61, source = [slurm.pmix.5008693.11:7]
srun: Job step aborted: Waiting up to 32 seconds for job step to finish.
srun: error: hydra07: task 18: Killed
srun: error: hydra04: task 11: Killed
srun: error: hydra02: task 3: Killed
srun: error: hydra11: task 30: Killed
srun: error: hydra10: tasks 27-28: Killed
srun: error: hydra08: tasks 21-22: Killed
srun: error: hydra01: tasks 0,2: Killed
srun: error: hydra05: tasks 13-14: Killed
srun: error: hydra03: tasks 6,8: Killed
srun: error: hydra06: tasks 15-16: Killed
⚠️ Warning: No runtime found for run 12
srun: Warning: can't honor --ntasks-per-node set to 1 which doesn't match the requested tasks 36 with the number of requested nodes 12. Ignoring --ntasks-per-node.
missing input file name --> Generate random input
malloc(): invalid size (unsorted)
[hydra01:882395] *** Process received signal ***
[hydra01:882395] Signal: Aborted (6)
[hydra01:882395] Signal code:  (-6)
malloc(): invalid size (unsorted)
[hydra12:359661] *** Process received signal ***
[hydra12:359661] Signal: Aborted (6)
[hydra12:359661] Signal code:  (-6)
malloc(): invalid size (unsorted)
[hydra05:379307] *** Process received signal ***
[hydra05:379307] Signal: Aborted (6)
[hydra05:379307] Signal code:  (-6)
[hydra01:882395] [ 0] /lib/x86_64-linux-gnu/libc.so.6(+0x38de0)[0x7fcb1ddd0de0]
[hydra01:882395] [ 1] /lib/x86_64-linux-gnu/libc.so.6(gsignal+0x141)[0x7fcb1ddd0d61]
[hydra01:882395] [ 2] /lib/x86_64-linux-gnu/libc.so.6(abort+0x123)[0x7fcb1ddba537]
malloc(): invalid size (unsorted)
[hydra03:396595] *** Process received signal ***
[hydra03:396595] Signal: Aborted (6)
[hydra03:396595] Signal code:  (-6)
[hydra01:882395] [ 3] /lib/x86_64-linux-gnu/libc.so.6(+0x7a468)[0x7fcb1de12468]
malloc(): invalid size (unsorted)
[hydra04:395358] *** Process received signal ***
[hydra04:395358] Signal: Aborted (6)
[hydra04:395358] Signal code:  (-6)
malloc(): invalid size (unsorted)
[hydra06:379987] *** Process received signal ***
[hydra06:379987] Signal: Aborted (6)
[hydra06:379987] Signal code:  (-6)
malloc(): invalid size (unsorted)
[hydra07:406340] *** Process received signal ***
[hydra07:406340] Signal: Aborted (6)
[hydra07:406340] Signal code:  (-6)
malloc(): invalid size (unsorted)
[hydra02:566595] *** Process received signal ***
[hydra02:566595] Signal: Aborted (6)
[hydra02:566595] Signal code:  (-6)
[hydra01:882395] [ 4] /lib/x86_64-linux-gnu/libc.so.6(+0x8175a)[0x7fcb1de1975a]
[hydra03:396595] [ 0] /lib/x86_64-linux-gnu/libc.so.6(+0x38de0)[0x7fd86e7f8de0]
malloc(): invalid size (unsorted)
[hydra08:381623] *** Process received signal ***
[hydra08:381623] Signal: Aborted (6)
[hydra08:381623] Signal code:  (-6)
[hydra01:882395] [ 5] /lib/x86_64-linux-gnu/libc.so.6(+0x8483c)[0x7fcb1de1c83c]
[hydra03:396595] [ 1] /lib/x86_64-linux-gnu/libc.so.6(gsignal+0x141)[0x7fd86e7f8d61]
[hydra04:395358] [ 0] /lib/x86_64-linux-gnu/libc.so.6(+0x38de0)[0x7f1775cc1de0]
malloc(): invalid size (unsorted)
[hydra02:566596] *** Process received signal ***
[hydra02:566596] Signal: Aborted (6)
[hydra02:566596] Signal code:  (-6)
[hydra01:882395] [ 6] /lib/x86_64-linux-gnu/libc.so.6(__libc_calloc+0x81)[0x7fcb1de1ebd1]
[hydra04:395358] [ 1] /lib/x86_64-linux-gnu/libc.so.6(gsignal+0x141)[0x7f1775cc1d61]
[hydra02:566595] [ 0] /lib/x86_64-linux-gnu/libc.so.6(+0x38de0)[0x7f2e0e248de0]
malloc(): invalid size (unsorted)
[hydra12:359660] *** Process received signal ***
[hydra12:359660] Signal: Aborted (6)
[hydra12:359660] Signal code:  (-6)
[hydra01:882395] [ 7] /opt/mpi/openmpi-4.1.4//lib/libmpi.so.40(ompi_group_allocate+0x17)[0x7fcb1fcec1e7]
malloc(): invalid size (unsorted)
[hydra03:396595] [ 2] /lib/x86_64-linux-gnu/libc.so.6(abort+0x123)[0x7fd86e7e2537]
[hydra04:395358] [ 2] /lib/x86_64-linux-gnu/libc.so.6(abort+0x123)[0x7f1775cab537]
[hydra08:381623] [ 0] /lib/x86_64-linux-gnu/libc.so.6(+0x38de0)[0x7fdae3f31de0]
malloc(): invalid size (unsorted)
[hydra11:359689] *** Process received signal ***
[hydra11:359689] Signal: Aborted (6)
[hydra11:359689] Signal code:  (-6)
[hydra02:566596] [ 0] /lib/x86_64-linux-gnu/libc.so.6(+0x38de0)[0x7fb39c195de0]
[hydra12:359661] [ 0] /lib/x86_64-linux-gnu/libc.so.6(+0x38de0)[0x7f6024014de0]
[hydra01:882395] [ 8] /opt/mpi/openmpi-4.1.4//lib/libmpi.so.40(ompi_group_incl_plist+0x65)[0x7fcb1fcec915]
malloc(): invalid size (unsorted)
[hydra10:491120] *** Process received signal ***
[hydra10:491120] Signal: Aborted (6)
[hydra10:491120] Signal code:  (-6)
[hydra07:406340] [ 0] /lib/x86_64-linux-gnu/libc.so.6(+0x38de0)[0x7f4127866de0]
[hydra03:396595] [ 3] /lib/x86_64-linux-gnu/libc.so.6(+0x7a468)[0x7fd86e83a468]
[hydra04:395358] [ 3] /lib/x86_64-linux-gnu/libc.so.6(+0x7a468)[0x7f1775d03468]
[hydra08:381623] [ 1] /lib/x86_64-linux-gnu/libc.so.6(gsignal+0x141)[0x7fdae3f31d61]
[hydra02:566595] [ 1] /lib/x86_64-linux-gnu/libc.so.6(gsignal+0x141)[0x7f2e0e248d61]
[hydra12:359661] [ 1] /lib/x86_64-linux-gnu/libc.so.6(gsignal+0x141)[0x7f6024014d61]
[hydra01:882395] [ 9] /opt/mpi/openmpi-4.1.4//lib/libmpi.so.40(PMPI_Group_incl+0x95)[0x7fcb1fd1d185]
[hydra01:882395] [10] /home/thesis/jheld/MPI_Syrk_implementation/build/src/MPI_SYRK_implementation(+0x841a)[0x56306172041a]
[hydra07:406342] *** Process received signal ***
[hydra07:406342] Signal: Aborted (6)
[hydra07:406342] Signal code:  (-6)
[hydra03:396595] [ 4] /lib/x86_64-linux-gnu/libc.so.6(+0x8175a)[0x7fd86e84175a]
[hydra04:395358] [ 4] /lib/x86_64-linux-gnu/libc.so.6(+0x8175a)[0x7f1775d0a75a]
[hydra08:381623] [ 2] /lib/x86_64-linux-gnu/libc.so.6(abort+0x123)[0x7fdae3f1b537]
[hydra11:359689] [ 0] /lib/x86_64-linux-gnu/libc.so.6(+0x38de0)[0x7fe1bdb73de0]
[hydra02:566596] [ 1] /lib/x86_64-linux-gnu/libc.so.6(gsignal+0x141)[0x7fb39c195d61]
[hydra12:359660] [ 0] /lib/x86_64-linux-gnu/libc.so.6(+0x38de0)[0x7f042a8e0de0]
[hydra01:882395] [11] /home/thesis/jheld/MPI_Syrk_implementation/build/src/MPI_SYRK_implementation(+0x2ab0)[0x56306171aab0]
[hydra10:491120] [ 0] /lib/x86_64-linux-gnu/libc.so.6(+0x38de0)[0x7f83d7f7ede0]
[hydra07:406340] [ 1] /lib/x86_64-linux-gnu/libc.so.6(gsignal+0x141)[0x7f4127866d61]
[hydra03:396595] [ 5] /lib/x86_64-linux-gnu/libc.so.6(+0x8483c)[0x7fd86e84483c]
[hydra04:395358] [ 5] /lib/x86_64-linux-gnu/libc.so.6(+0x8483c)[0x7f1775d0d83c]
[hydra11:359689] [ 1] /lib/x86_64-linux-gnu/libc.so.6(gsignal+0x141)[0x7fe1bdb73d61]
[hydra02:566595] [ 2] /lib/x86_64-linux-gnu/libc.so.6(abort+0x123)[0x7f2e0e232537]
[hydra12:359661] [ 2] /lib/x86_64-linux-gnu/libc.so.6(abort+0x123)[0x7f6023ffe537]
[hydra01:882395] [12] /lib/x86_64-linux-gnu/libc.so.6(__libc_start_main+0xea)[0x7fcb1ddbbd7a]
[hydra01:882395] [13] /home/thesis/jheld/MPI_Syrk_implementation/build/src/MPI_SYRK_implementation(+0x232a)[0x56306171a32a]
[hydra01:882395] *** End of error message ***
[hydra10:491120] [ 1] /lib/x86_64-linux-gnu/libc.so.6(gsignal+0x141)[0x7f83d7f7ed61]
[hydra07:406340] [ 2] /lib/x86_64-linux-gnu/libc.so.6(abort+0x123)[0x7f4127850537]
[hydra03:396595] [ 6] /lib/x86_64-linux-gnu/libc.so.6(__libc_calloc+0x81)[0x7fd86e846bd1]
[hydra04:395358] [ 6] /lib/x86_64-linux-gnu/libc.so.6(__libc_calloc+0x81)[0x7f1775d0fbd1]
[hydra08:381623] [ 3] /lib/x86_64-linux-gnu/libc.so.6(+0x7a468)[0x7fdae3f73468]
[hydra11:359689] [ 2] /lib/x86_64-linux-gnu/libc.so.6(abort+0x123)[0x7fe1bdb5d537]
[hydra02:566596] [ 2] /lib/x86_64-linux-gnu/libc.so.6(abort+0x123)[0x7fb39c17f537]
[hydra12:359660] [ 1] /lib/x86_64-linux-gnu/libc.so.6(gsignal+0x141)[0x7f042a8e0d61]
[hydra10:491120] [ 2] /lib/x86_64-linux-gnu/libc.so.6(abort+0x123)[0x7f83d7f68537]
[hydra07:406340] [ 3] /lib/x86_64-linux-gnu/libc.so.6(+0x7a468)[0x7f41278a8468]
[hydra03:396595] [ 7] /opt/mpi/openmpi-4.1.4//lib/libmpi.so.40(ompi_group_allocate+0x17)[0x7fd8707141e7]
[hydra04:395358] [ 7] /opt/mpi/openmpi-4.1.4//lib/libmpi.so.40(ompi_group_allocate+0x17)[0x7f1777bdd1e7]
[hydra11:359689] [ 3] /lib/x86_64-linux-gnu/libc.so.6(+0x7a468)[0x7fe1bdbb5468]
[hydra02:566595] [ 3] /lib/x86_64-linux-gnu/libc.so.6(+0x7a468)[0x7f2e0e28a468]
malloc(): invalid size (unsorted)
[hydra12:359660] [ 2] /lib/x86_64-linux-gnu/libc.so.6(abort+0x123)[0x7f042a8ca537]
[hydra10:491120] [ 3] /lib/x86_64-linux-gnu/libc.so.6(+0x7a468)[0x7f83d7fc0468]
[hydra07:406340] [ 4] /lib/x86_64-linux-gnu/libc.so.6(+0x8175a)[0x7f41278af75a]
[hydra03:396595] [ 8] /opt/mpi/openmpi-4.1.4//lib/libmpi.so.40(ompi_group_incl_plist+0x65)[0x7fd870714915]
[hydra04:395358] [ 8] /opt/mpi/openmpi-4.1.4//lib/libmpi.so.40(ompi_group_incl_plist+0x65)[0x7f1777bdd915]
[hydra08:381623] [ 4] /lib/x86_64-linux-gnu/libc.so.6(+0x8175a)[0x7fdae3f7a75a]
[hydra11:359689] [ 4] /lib/x86_64-linux-gnu/libc.so.6(+0x8175a)[0x7fe1bdbbc75a]
[hydra02:566596] [ 3] /lib/x86_64-linux-gnu/libc.so.6(+0x7a468)[0x7fb39c1d7468]
[hydra05:379307] [ 0] /lib/x86_64-linux-gnu/libc.so.6(+0x38de0)[0x7f9d54149de0]
[hydra06:379985] *** Process received signal ***
[hydra06:379985] Signal: Aborted (6)
[hydra06:379985] Signal code:  (-6)
[hydra12:359661] [ 3] /lib/x86_64-linux-gnu/libc.so.6(+0x7a468)[0x7f6024056468]
[hydra10:491120] [ 4] /lib/x86_64-linux-gnu/libc.so.6(+0x8175a)[0x7f83d7fc775a]
[hydra07:406342] [ 0] /lib/x86_64-linux-gnu/libc.so.6(+0x38de0)[0x7f1bd40dbde0]
[hydra03:396595] [ 9] /opt/mpi/openmpi-4.1.4//lib/libmpi.so.40(PMPI_Group_incl+0x95)[0x7fd870745185]
[hydra03:396595] [10] /home/thesis/jheld/MPI_Syrk_implementation/build/src/MPI_SYRK_implementation(+0x841a)[0x555e3401d41a]
[hydra04:395358] [ 9] /opt/mpi/openmpi-4.1.4//lib/libmpi.so.40(PMPI_Group_incl+0x95)[0x7f1777c0e185]
[hydra08:381623] [ 5] /lib/x86_64-linux-gnu/libc.so.6(+0x8483c)[0x7fdae3f7d83c]
[hydra11:359689] [ 5] /lib/x86_64-linux-gnu/libc.so.6(+0x8483c)[0x7fe1bdbbf83c]
[hydra02:566595] [ 4] /lib/x86_64-linux-gnu/libc.so.6(+0x8175a)[0x7f2e0e29175a]
[hydra05:379307] [ 1] /lib/x86_64-linux-gnu/libc.so.6(gsignal+0x141)[0x7f9d54149d61]
[hydra06:379987] [ 0] /lib/x86_64-linux-gnu/libc.so.6(+0x38de0)[0x7fdc1ebacde0]
[hydra12:359660] [ 3] /lib/x86_64-linux-gnu/libc.so.6(+0x7a468)[0x7f042a922468]
[hydra10:491120] [ 5] /lib/x86_64-linux-gnu/libc.so.6(+0x8483c)[0x7f83d7fca83c]
[hydra07:406342] [ 1] /lib/x86_64-linux-gnu/libc.so.6(gsignal+0x141)[0x7f1bd40dbd61]
[hydra03:396595] [11] /home/thesis/jheld/MPI_Syrk_implementation/build/src/MPI_SYRK_implementation(+0x2ab0)[0x555e34017ab0]
[hydra04:395358] [10] /home/thesis/jheld/MPI_Syrk_implementation/build/src/MPI_SYRK_implementation(+0x841a)[0x55793f90a41a]
[hydra04:395358] [11] /home/thesis/jheld/MPI_Syrk_implementation/build/src/MPI_SYRK_implementation(+0x2ab0)[0x55793f904ab0]
[hydra08:381623] [ 6] /lib/x86_64-linux-gnu/libc.so.6(__libc_calloc+0x81)[0x7fdae3f7fbd1]
[hydra11:359689] [ 6] /lib/x86_64-linux-gnu/libc.so.6(__libc_calloc+0x81)[0x7fe1bdbc1bd1]
[hydra02:566596] [ 4] /lib/x86_64-linux-gnu/libc.so.6(+0x8175a)[0x7fb39c1de75a]
[hydra05:379307] [ 2] /lib/x86_64-linux-gnu/libc.so.6(abort+0x123)[0x7f9d54133537]
[hydra06:379987] [ 1] /lib/x86_64-linux-gnu/libc.so.6(gsignal+0x141)[0x7fdc1ebacd61]
[hydra12:359661] [ 4] /lib/x86_64-linux-gnu/libc.so.6(+0x8175a)[0x7f602405d75a]
[hydra10:491120] [ 6] /lib/x86_64-linux-gnu/libc.so.6(__libc_calloc+0x81)[0x7f83d7fccbd1]
[hydra07:406340] [ 5] /lib/x86_64-linux-gnu/libc.so.6(+0x8483c)[0x7f41278b283c]
[hydra03:396595] [12] /lib/x86_64-linux-gnu/libc.so.6(__libc_start_main+0xea)[0x7fd86e7e3d7a]
[hydra04:395358] [12] /lib/x86_64-linux-gnu/libc.so.6(__libc_start_main+0xea)[0x7f1775cacd7a]
[hydra04:395358] [13] /home/thesis/jheld/MPI_Syrk_implementation/build/src/MPI_SYRK_implementation(+0x232a)[0x55793f90432a]
[hydra08:381623] [ 7] /opt/mpi/openmpi-4.1.4//lib/libmpi.so.40(ompi_group_allocate+0x17)[0x7fdae5e4d1e7]
[hydra11:359689] [ 7] /opt/mpi/openmpi-4.1.4//lib/libmpi.so.40(ompi_group_allocate+0x17)[0x7fe1bfa8f1e7]
[hydra02:566595] [ 5] /lib/x86_64-linux-gnu/libc.so.6(+0x8483c)[0x7f2e0e29483c]
[hydra05:379307] [ 3] /lib/x86_64-linux-gnu/libc.so.6(+0x7a468)[0x7f9d5418b468]
[hydra06:379987] [ 2] /lib/x86_64-linux-gnu/libc.so.6(abort+0x123)[0x7fdc1eb96537]
[hydra12:359660] [ 4] /lib/x86_64-linux-gnu/libc.so.6(+0x8175a)[0x7f042a92975a]
[hydra10:491120] [ 7] /opt/mpi/openmpi-4.1.4//lib/libmpi.so.40(ompi_group_allocate+0x17)[0x7f83d9e9a1e7]
[hydra07:406340] [ 6] /lib/x86_64-linux-gnu/libc.so.6(__libc_calloc+0x81)[0x7f41278b4bd1]
[hydra03:396595] [13] /home/thesis/jheld/MPI_Syrk_implementation/build/src/MPI_SYRK_implementation(+0x232a)[0x555e3401732a]
[hydra03:396595] *** End of error message ***
[hydra04:395358] *** End of error message ***
[hydra08:381623] [ 8] /opt/mpi/openmpi-4.1.4//lib/libmpi.so.40(ompi_group_incl_plist+0x65)[0x7fdae5e4d915]
[hydra11:359689] [ 8] /opt/mpi/openmpi-4.1.4//lib/libmpi.so.40(ompi_group_incl_plist+0x65)[0x7fe1bfa8f915]
[hydra02:566596] [ 5] /lib/x86_64-linux-gnu/libc.so.6(+0x8483c)[0x7fb39c1e183c]
[hydra05:379307] [ 4] /lib/x86_64-linux-gnu/libc.so.6(+0x8175a)[0x7f9d5419275a]
[hydra06:379985] [ 0] /lib/x86_64-linux-gnu/libc.so.6(+0x38de0)[0x7fcf916b3de0]
[hydra12:359661] [ 5] /lib/x86_64-linux-gnu/libc.so.6(+0x8483c)[0x7f602406083c]
[hydra10:491120] [ 8] /opt/mpi/openmpi-4.1.4//lib/libmpi.so.40(ompi_group_incl_plist+0x65)[0x7f83d9e9a915]
[hydra07:406342] [ 2] /lib/x86_64-linux-gnu/libc.so.6(abort+0x123)[0x7f1bd40c5537]
[hydra08:381623] [ 9] /opt/mpi/openmpi-4.1.4//lib/libmpi.so.40(PMPI_Group_incl+0x95)[0x7fdae5e7e185]
[hydra08:381623] [10] /home/thesis/jheld/MPI_Syrk_implementation/build/src/MPI_SYRK_implementation(+0x841a)[0x55b141ac341a]
[hydra11:359689] [ 9] /opt/mpi/openmpi-4.1.4//lib/libmpi.so.40(PMPI_Group_incl+0x95)[0x7fe1bfac0185]
[hydra11:359689] [10] /home/thesis/jheld/MPI_Syrk_implementation/build/src/MPI_SYRK_implementation(+0x841a)[0x55d0cf81a41a]
[hydra02:566595] [ 6] /lib/x86_64-linux-gnu/libc.so.6(__libc_calloc+0x81)[0x7f2e0e296bd1]
[hydra05:379307] [ 5] /lib/x86_64-linux-gnu/libc.so.6(+0x8483c)[0x7f9d5419583c]
[hydra06:379985] [ 1] /lib/x86_64-linux-gnu/libc.so.6(gsignal+0x141)[0x7fcf916b3d61]
[hydra12:359660] [ 5] /lib/x86_64-linux-gnu/libc.so.6(+0x8483c)[0x7f042a92c83c]
[hydra10:491120] [ 9] /opt/mpi/openmpi-4.1.4//lib/libmpi.so.40(PMPI_Group_incl+0x95)[0x7f83d9ecb185]
[hydra10:491120] [10] /home/thesis/jheld/MPI_Syrk_implementation/build/src/MPI_SYRK_implementation(+0x841a)[0x556b7a76541a]
[hydra07:406340] [ 7] /opt/mpi/openmpi-4.1.4//lib/libmpi.so.40(ompi_group_allocate+0x17)[0x7f41297821e7]
[hydra08:381623] [11] /home/thesis/jheld/MPI_Syrk_implementation/build/src/MPI_SYRK_implementation(+0x2ab0)[0x55b141abdab0]
[hydra11:359689] [11] /home/thesis/jheld/MPI_Syrk_implementation/build/src/MPI_SYRK_implementation(+0x2ab0)[0x55d0cf814ab0]
[hydra02:566596] [ 6] /lib/x86_64-linux-gnu/libc.so.6(__libc_calloc+0x81)[0x7fb39c1e3bd1]
[hydra05:379307] [ 6] /lib/x86_64-linux-gnu/libc.so.6(__libc_calloc+0x81)[0x7f9d54197bd1]
[hydra06:379987] [ 3] /lib/x86_64-linux-gnu/libc.so.6(+0x7a468)[0x7fdc1ebee468]
[hydra12:359661] [ 6] /lib/x86_64-linux-gnu/libc.so.6(__libc_calloc+0x81)[0x7f6024062bd1]
[hydra10:491120] [11] /home/thesis/jheld/MPI_Syrk_implementation/build/src/MPI_SYRK_implementation(+0x2ab0)[0x556b7a75fab0]
[hydra07:406342] [ 3] /lib/x86_64-linux-gnu/libc.so.6(+0x7a468)[0x7f1bd411d468]
[hydra08:381623] [12] /lib/x86_64-linux-gnu/libc.so.6(__libc_start_main+0xea)[0x7fdae3f1cd7a]
[hydra08:381623] [13] /home/thesis/jheld/MPI_Syrk_implementation/build/src/MPI_SYRK_implementation(+0x232a)[0x55b141abd32a]
[hydra11:359689] [12] /lib/x86_64-linux-gnu/libc.so.6(__libc_start_main+0xea)[0x7fe1bdb5ed7a]
[hydra02:566595] [ 7] /opt/mpi/openmpi-4.1.4//lib/libmpi.so.40(ompi_group_allocate+0x17)[0x7f2e101641e7]
[hydra05:379307] [ 7] /opt/mpi/openmpi-4.1.4//lib/libmpi.so.40(ompi_group_allocate+0x17)[0x7f9d560651e7]
[hydra06:379985] [ 2] /lib/x86_64-linux-gnu/libc.so.6(abort+0x123)[0x7fcf9169d537]
[hydra12:359661] [ 7] /opt/mpi/openmpi-4.1.4//lib/libmpi.so.40(ompi_group_allocate+0x17)[0x7f6025f301e7]
[hydra10:491120] [12] /lib/x86_64-linux-gnu/libc.so.6(__libc_start_main+0xea)[0x7f83d7f69d7a]
[hydra07:406340] [ 8] /opt/mpi/openmpi-4.1.4//lib/libmpi.so.40(ompi_group_incl_plist+0x65)[0x7f4129782915]
[hydra08:381623] *** End of error message ***
[hydra11:359689] [13] /home/thesis/jheld/MPI_Syrk_implementation/build/src/MPI_SYRK_implementation(+0x232a)[0x55d0cf81432a]
[hydra11:359689] *** End of error message ***
[hydra02:566596] [ 7] /opt/mpi/openmpi-4.1.4//lib/libmpi.so.40(ompi_group_allocate+0x17)[0x7fb39e0b11e7]
[hydra05:379307] [ 8] /opt/mpi/openmpi-4.1.4//lib/libmpi.so.40(ompi_group_incl_plist+0x65)[0x7f9d56065915]
[hydra06:379987] [ 4] /lib/x86_64-linux-gnu/libc.so.6(+0x8175a)[0x7fdc1ebf575a]
[hydra12:359660] [ 6] /lib/x86_64-linux-gnu/libc.so.6(__libc_calloc+0x81)[0x7f042a92ebd1]
[hydra10:491120] [13] /home/thesis/jheld/MPI_Syrk_implementation/build/src/MPI_SYRK_implementation(+0x232a)[0x556b7a75f32a]
[hydra10:491120] *** End of error message ***
[hydra07:406342] [ 4] /lib/x86_64-linux-gnu/libc.so.6(+0x8175a)[0x7f1bd412475a]
[hydra02:566595] [ 8] /opt/mpi/openmpi-4.1.4//lib/libmpi.so.40(ompi_group_incl_plist+0x65)[0x7f2e10164915]
[hydra05:379307] [ 9] /opt/mpi/openmpi-4.1.4//lib/libmpi.so.40(PMPI_Group_incl+0x95)[0x7f9d56096185]
[hydra06:379985] [ 3] /lib/x86_64-linux-gnu/libc.so.6(+0x7a468)[0x7fcf916f5468]
[hydra12:359660] [ 7] /opt/mpi/openmpi-4.1.4//lib/libmpi.so.40(ompi_group_allocate+0x17)[0x7f042c7fc1e7]
[hydra07:406340] [ 9] /opt/mpi/openmpi-4.1.4//lib/libmpi.so.40(PMPI_Group_incl+0x95)[0x7f41297b3185]
[hydra07:406340] [10] /home/thesis/jheld/MPI_Syrk_implementation/build/src/MPI_SYRK_implementation(+0x841a)[0x56201fc4d41a]
[hydra02:566596] [ 8] /opt/mpi/openmpi-4.1.4//lib/libmpi.so.40(ompi_group_incl_plist+0x65)[0x7fb39e0b1915]
[hydra05:379307] [10] /home/thesis/jheld/MPI_Syrk_implementation/build/src/MPI_SYRK_implementation(+0x841a)[0x55f520e5741a]
[hydra05:379307] [11] /home/thesis/jheld/MPI_Syrk_implementation/build/src/MPI_SYRK_implementation(+0x2ab0)[0x55f520e51ab0]
[hydra06:379987] [ 5] /lib/x86_64-linux-gnu/libc.so.6(+0x8483c)[0x7fdc1ebf883c]
[hydra12:359661] [ 8] /opt/mpi/openmpi-4.1.4//lib/libmpi.so.40(ompi_group_incl_plist+0x65)[0x7f6025f30915]
[hydra07:406340] [11] /home/thesis/jheld/MPI_Syrk_implementation/build/src/MPI_SYRK_implementation(+0x2ab0)[0x56201fc47ab0]
[hydra02:566596] [ 9] /opt/mpi/openmpi-4.1.4//lib/libmpi.so.40(PMPI_Group_incl+0x95)[0x7fb39e0e2185]
[hydra05:379307] [12] /lib/x86_64-linux-gnu/libc.so.6(__libc_start_main+0xea)[0x7f9d54134d7a]
[hydra05:379307] [13] /home/thesis/jheld/MPI_Syrk_implementation/build/src/MPI_SYRK_implementation(+0x232a)[0x55f520e5132a]
[hydra06:379985] [ 4] /lib/x86_64-linux-gnu/libc.so.6(+0x8175a)[0x7fcf916fc75a]
[hydra12:359660] [ 8] /opt/mpi/openmpi-4.1.4//lib/libmpi.so.40(ompi_group_incl_plist+0x65)[0x7f042c7fc915]
[hydra07:406342] [ 5] /lib/x86_64-linux-gnu/libc.so.6(+0x8483c)[0x7f1bd412783c]
[hydra02:566595] [ 9] /opt/mpi/openmpi-4.1.4//lib/libmpi.so.40(PMPI_Group_incl+0x95)[0x7f2e10195185]
[hydra02:566595] [10] /home/thesis/jheld/MPI_Syrk_implementation/build/src/MPI_SYRK_implementation(+0x841a)[0x555cca10f41a]
[hydra02:566595] [11] /home/thesis/jheld/MPI_Syrk_implementation/build/src/MPI_SYRK_implementation(+0x2ab0)[0x555cca109ab0]
[hydra05:379307] *** End of error message ***
[hydra06:379987] [ 6] /lib/x86_64-linux-gnu/libc.so.6(__libc_calloc+0x81)[0x7fdc1ebfabd1]
[hydra12:359661] [ 9] /opt/mpi/openmpi-4.1.4//lib/libmpi.so.40(PMPI_Group_incl+0x95)[0x7f6025f61185]
[hydra12:359661] [10] /home/thesis/jheld/MPI_Syrk_implementation/build/src/MPI_SYRK_implementation(+0x841a)[0x563c5690441a]
[hydra12:359661] [11] /home/thesis/jheld/MPI_Syrk_implementation/build/src/MPI_SYRK_implementation(+0x2ab0)[0x563c568feab0]
[hydra07:406340] [12] /lib/x86_64-linux-gnu/libc.so.6(__libc_start_main+0xea)[0x7f4127851d7a]
[hydra02:566596] [10] /home/thesis/jheld/MPI_Syrk_implementation/build/src/MPI_SYRK_implementation(+0x841a)[0x556a4cb2e41a]
[hydra02:566596] [11] /home/thesis/jheld/MPI_Syrk_implementation/build/src/MPI_SYRK_implementation(+0x2ab0)[0x556a4cb28ab0]
[hydra06:379987] [ 7] /opt/mpi/openmpi-4.1.4//lib/libmpi.so.40(ompi_group_allocate+0x17)[0x7fdc20ac81e7]
[hydra12:359661] [12] /lib/x86_64-linux-gnu/libc.so.6(__libc_start_main+0xea)[0x7f6023fffd7a]
[hydra07:406340] [13] /home/thesis/jheld/MPI_Syrk_implementation/build/src/MPI_SYRK_implementation(+0x232a)[0x56201fc4732a]
[hydra07:406340] *** End of error message ***
[hydra02:566595] [12] /lib/x86_64-linux-gnu/libc.so.6(__libc_start_main+0xea)[0x7f2e0e233d7a]
[hydra02:566595] [13] /home/thesis/jheld/MPI_Syrk_implementation/build/src/MPI_SYRK_implementation(+0x232a)[0x555cca10932a]
[hydra02:566595] *** End of error message ***
[hydra06:379985] [ 5] /lib/x86_64-linux-gnu/libc.so.6(+0x8483c)[0x7fcf916ff83c]
[hydra07:406342] [ 6] /lib/x86_64-linux-gnu/libc.so.6(__libc_calloc+0x81)[0x7f1bd4129bd1]
[hydra02:566596] [12] /lib/x86_64-linux-gnu/libc.so.6(__libc_start_main+0xea)[0x7fb39c180d7a]
[hydra02:566596] [13] /home/thesis/jheld/MPI_Syrk_implementation/build/src/MPI_SYRK_implementation(+0x232a)[0x556a4cb2832a]
[hydra02:566596] *** End of error message ***
[hydra06:379987] [ 8] /opt/mpi/openmpi-4.1.4//lib/libmpi.so.40(ompi_group_incl_plist+0x65)[0x7fdc20ac8915]
[hydra07:406342] [ 7] /opt/mpi/openmpi-4.1.4//lib/libmpi.so.40(ompi_group_allocate+0x17)[0x7f1bd5ff71e7]
[hydra06:379985] [ 6] /lib/x86_64-linux-gnu/libc.so.6(__libc_calloc+0x81)[0x7fcf91701bd1]
[hydra07:406342] [ 8] /opt/mpi/openmpi-4.1.4//lib/libmpi.so.40(ompi_group_incl_plist+0x65)[0x7f1bd5ff7915]
[hydra06:379987] [ 9] /opt/mpi/openmpi-4.1.4//lib/libmpi.so.40(PMPI_Group_incl+0x95)[0x7fdc20af9185]
[hydra07:406342] [ 9] /opt/mpi/openmpi-4.1.4//lib/libmpi.so.40(PMPI_Group_incl+0x95)[0x7f1bd6028185]
[hydra07:406342] [10] /home/thesis/jheld/MPI_Syrk_implementation/build/src/MPI_SYRK_implementation(+0x841a)[0x55e563fbf41a]
[hydra06:379985] [ 7] /opt/mpi/openmpi-4.1.4//lib/libmpi.so.40(ompi_group_allocate+0x17)[0x7fcf935cf1e7]
[hydra07:406342] [11] /home/thesis/jheld/MPI_Syrk_implementation/build/src/MPI_SYRK_implementation(+0x2ab0)[0x55e563fb9ab0]
[hydra06:379987] [10] /home/thesis/jheld/MPI_Syrk_implementation/build/src/MPI_SYRK_implementation(+0x841a)[0x55835b0d641a]
[hydra06:379987] [11] /home/thesis/jheld/MPI_Syrk_implementation/build/src/MPI_SYRK_implementation(+0x2ab0)[0x55835b0d0ab0]
[hydra07:406342] [12] /lib/x86_64-linux-gnu/libc.so.6(__libc_start_main+0xea)[0x7f1bd40c6d7a]
[hydra07:406342] [13] /home/thesis/jheld/MPI_Syrk_implementation/build/src/MPI_SYRK_implementation(+0x232a)[0x55e563fb932a]
[hydra07:406342] *** End of error message ***
[hydra12:359660] [ 9] /opt/mpi/openmpi-4.1.4//lib/libmpi.so.40(PMPI_Group_incl+0x95)[0x7f042c82d185]
[hydra12:359660] [10] /home/thesis/jheld/MPI_Syrk_implementation/build/src/MPI_SYRK_implementation(+0x841a)[0x556c7a73641a]
[hydra12:359660] [11] /home/thesis/jheld/MPI_Syrk_implementation/build/src/MPI_SYRK_implementation(+0x2ab0)[0x556c7a730ab0]
[hydra06:379985] [ 8] /opt/mpi/openmpi-4.1.4//lib/libmpi.so.40(ompi_group_incl_plist+0x65)[0x7fcf935cf915]
[hydra12:359661] [13] /home/thesis/jheld/MPI_Syrk_implementation/build/src/MPI_SYRK_implementation(+0x232a)[0x563c568fe32a]
[hydra12:359661] *** End of error message ***
[hydra06:379987] [12] /lib/x86_64-linux-gnu/libc.so.6(__libc_start_main+0xea)[0x7fdc1eb97d7a]
[hydra06:379987] [13] /home/thesis/jheld/MPI_Syrk_implementation/build/src/MPI_SYRK_implementation(+0x232a)[0x55835b0d032a]
[hydra06:379987] *** End of error message ***
[hydra12:359660] [12] /lib/x86_64-linux-gnu/libc.so.6(__libc_start_main+0xea)[0x7f042a8cbd7a]
[hydra12:359660] [13] /home/thesis/jheld/MPI_Syrk_implementation/build/src/MPI_SYRK_implementation(+0x232a)[0x556c7a73032a]
[hydra12:359660] *** End of error message ***
[hydra06:379985] [ 9] /opt/mpi/openmpi-4.1.4//lib/libmpi.so.40(PMPI_Group_incl+0x95)[0x7fcf93600185]
[hydra06:379985] [10] /home/thesis/jheld/MPI_Syrk_implementation/build/src/MPI_SYRK_implementation(+0x841a)[0x55f67212b41a]
[hydra06:379985] [11] /home/thesis/jheld/MPI_Syrk_implementation/build/src/MPI_SYRK_implementation(+0x2ab0)[0x55f672125ab0]
[hydra06:379985] [12] /lib/x86_64-linux-gnu/libc.so.6(__libc_start_main+0xea)[0x7fcf9169ed7a]
[hydra06:379985] [13] /home/thesis/jheld/MPI_Syrk_implementation/build/src/MPI_SYRK_implementation(+0x232a)[0x55f67212532a]
[hydra06:379985] *** End of error message ***
srun: error: hydra04: task 10: Aborted
srun: error: hydra01: task 1: Aborted
srun: error: hydra03: task 6: Aborted
srun: error: hydra05: task 13: Aborted
srun: error: hydra08: task 22: Aborted
srun: error: hydra10: task 27: Aborted
srun: error: hydra11: task 31: Aborted
srun: error: hydra06: tasks 15,17: Aborted
srun: error: hydra12: tasks 33-34: Aborted
srun: error: hydra02: tasks 4-5: Aborted
srun: error: hydra07: tasks 18,20: Aborted
slurmstepd: error:  mpi/pmix_v4: _errhandler: hydra06 [5]: pmixp_client_v2.c:211: Error handler invoked: status = -61, source = [slurm.pmix.5008693.12:17]
slurmstepd: error:  mpi/pmix_v4: _errhandler: hydra01 [0]: pmixp_client_v2.c:211: Error handler invoked: status = -61, source = [slurm.pmix.5008693.12:1]
slurmstepd: error:  mpi/pmix_v4: _errhandler: hydra04 [3]: pmixp_client_v2.c:211: Error handler invoked: status = -61, source = [slurm.pmix.5008693.12:10]
slurmstepd: error:  mpi/pmix_v4: _errhandler: hydra12 [11]: pmixp_client_v2.c:211: Error handler invoked: status = -61, source = [slurm.pmix.5008693.12:33]
slurmstepd: error:  mpi/pmix_v4: _errhandler: hydra05 [4]: pmixp_client_v2.c:211: Error handler invoked: status = -61, source = [slurm.pmix.5008693.12:13]
slurmstepd: error:  mpi/pmix_v4: _errhandler: hydra08 [7]: pmixp_client_v2.c:211: Error handler invoked: status = -61, source = [slurm.pmix.5008693.12:22]
slurmstepd: error:  mpi/pmix_v4: _errhandler: hydra11 [10]: pmixp_client_v2.c:211: Error handler invoked: status = -61, source = [slurm.pmix.5008693.12:31]
slurmstepd: error: *** STEP 5008693.12 ON hydra01 CANCELLED AT 2025-10-13T15:31:30 ***
slurmstepd: error:  mpi/pmix_v4: _errhandler: hydra10 [9]: pmixp_client_v2.c:211: Error handler invoked: status = -61, source = [slurm.pmix.5008693.12:27]
slurmstepd: error:  mpi/pmix_v4: _errhandler: hydra07 [6]: pmixp_client_v2.c:211: Error handler invoked: status = -61, source = [slurm.pmix.5008693.12:18]
slurmstepd: error:  mpi/pmix_v4: _errhandler: hydra02 [1]: pmixp_client_v2.c:211: Error handler invoked: status = -61, source = [slurm.pmix.5008693.12:5]
srun: Job step aborted: Waiting up to 32 seconds for job step to finish.
slurmstepd: error:  mpi/pmix_v4: _errhandler: hydra03 [2]: pmixp_client_v2.c:211: Error handler invoked: status = -61, source = [slurm.pmix.5008693.12:6]
srun: error: hydra02: task 3: Killed
srun: error: hydra06: task 16: Killed
srun: error: hydra07: task 19: Killed
srun: error: hydra12: task 35: Killed
srun: error: hydra03: tasks 7-8: Killed
srun: error: hydra05: tasks 12,14: Killed
srun: error: hydra04: tasks 9,11: Killed
srun: error: hydra08: tasks 21,23: Killed
srun: error: hydra01: tasks 0,2: Killed
srun: error: hydra11: tasks 30,32: Killed
srun: error: hydra10: tasks 28-29: Killed
srun: error: hydra09: tasks 24-26: Killed
⚠️ Warning: No runtime found for run 13
srun: Warning: can't honor --ntasks-per-node set to 1 which doesn't match the requested tasks 36 with the number of requested nodes 12. Ignoring --ntasks-per-node.
missing input file name --> Generate random input
malloc(): invalid size (unsorted)
[hydra12:359729] *** Process received signal ***
[hydra12:359729] Signal: Aborted (6)
[hydra12:359729] Signal code:  (-6)
malloc(): invalid size (unsorted)
[hydra06:380055] *** Process received signal ***
malloc(): invalid size (unsorted)
[hydra05:379375] *** Process received signal ***
[hydra05:379375] Signal: Aborted (6)
[hydra05:379375] Signal code:  (-6)
malloc(): invalid size (unsorted)
[hydra03:396663] *** Process received signal ***
[hydra03:396663] Signal: Aborted (6)
[hydra03:396663] Signal code:  (-6)
malloc(): invalid size (unsorted)
[hydra07:406409] *** Process received signal ***
[hydra07:406409] Signal: Aborted (6)
[hydra07:406409] Signal code:  (-6)
malloc(): invalid size (unsorted)
[hydra02:566677] *** Process received signal ***
[hydra02:566677] Signal: Aborted (6)
[hydra02:566677] Signal code:  (-6)
malloc(): invalid size (unsorted)
[hydra04:395427] *** Process received signal ***
[hydra04:395427] Signal: Aborted (6)
[hydra04:395427] Signal code:  (-6)
[hydra06:380055] Signal: Aborted (6)
[hydra06:380055] Signal code:  (-6)
[hydra03:396663] [ 0] /lib/x86_64-linux-gnu/libc.so.6(+0x38de0)[0x7f39c7a97de0]
malloc(): invalid size (unsorted)
[hydra10:491194] *** Process received signal ***
[hydra10:491194] Signal: Aborted (6)
[hydra10:491194] Signal code:  (-6)
malloc(): invalid size (unsorted)
[hydra12:359730] *** Process received signal ***
[hydra12:359730] Signal: Aborted (6)
[hydra12:359730] Signal code:  (-6)
[hydra06:380055] [ 0] /lib/x86_64-linux-gnu/libc.so.6(+0x38de0)[0x7f9db52efde0]
malloc(): invalid size (unsorted)
[hydra12:359728] *** Process received signal ***
[hydra12:359728] Signal: Aborted (6)
[hydra12:359728] Signal code:  (-6)
malloc(): invalid size (unsorted)
[hydra03:396663] [ 1] /lib/x86_64-linux-gnu/libc.so.6(gsignal+0x141)[0x7f39c7a97d61]
[hydra06:380055] [ 1] /lib/x86_64-linux-gnu/libc.so.6(gsignal+0x141)[0x7f9db52efd61]
[hydra12:359729] [ 0] /lib/x86_64-linux-gnu/libc.so.6(+0x38de0)[0x7fd0a59e2de0]
malloc(): invalid size (unsorted)
[hydra08:381691] *** Process received signal ***
[hydra08:381691] Signal: Aborted (6)
[hydra08:381691] Signal code:  (-6)
[hydra06:380055] [ 2] /lib/x86_64-linux-gnu/libc.so.6(abort+0x123)[0x7f9db52d9537]
[hydra12:359730] [ 0] /lib/x86_64-linux-gnu/libc.so.6(+0x38de0)[0x7f8f98bfcde0]
[hydra03:396663] [ 2] /lib/x86_64-linux-gnu/libc.so.6(abort+0x123)[0x7f39c7a81537]
[hydra10:491194] [ 0] /lib/x86_64-linux-gnu/libc.so.6(+0x38de0)[0x7fd211070de0]
[hydra06:380055] [ 3] /lib/x86_64-linux-gnu/libc.so.6(+0x7a468)[0x7f9db5331468]
[hydra12:359729] [ 1] /lib/x86_64-linux-gnu/libc.so.6(gsignal+0x141)[0x7fd0a59e2d61]
[hydra12:359730] [ 1] /lib/x86_64-linux-gnu/libc.so.6(gsignal+0x141)[0x7f8f98bfcd61]
[hydra03:396663] [ 3] /lib/x86_64-linux-gnu/libc.so.6(+0x7a468)[0x7f39c7ad9468]
[hydra10:491194] [ 1] /lib/x86_64-linux-gnu/libc.so.6(gsignal+0x141)[0x7fd211070d61]
[hydra12:359728] [ 0] /lib/x86_64-linux-gnu/libc.so.6(+0x38de0)[0x7f0459c06de0]
[hydra03:396663] [ 4] /lib/x86_64-linux-gnu/libc.so.6(+0x8175a)[0x7f39c7ae075a]
[hydra06:380055] [ 4] /lib/x86_64-linux-gnu/libc.so.6(+0x8175a)[0x7f9db533875a]
[hydra12:359728] [ 1] /lib/x86_64-linux-gnu/libc.so.6(gsignal+0x141)[0x7f0459c06d61]
[hydra03:396663] [ 5] /lib/x86_64-linux-gnu/libc.so.6(+0x8483c)[0x7f39c7ae383c]
[hydra12:359729] [ 2] /lib/x86_64-linux-gnu/libc.so.6(abort+0x123)[0x7fd0a59cc537]
[hydra10:491194] [ 2] /lib/x86_64-linux-gnu/libc.so.6(abort+0x123)[0x7fd21105a537]
[hydra06:380055] [ 5] /lib/x86_64-linux-gnu/libc.so.6(+0x8483c)[0x7f9db533b83c]
[hydra12:359730] [ 2] /lib/x86_64-linux-gnu/libc.so.6(abort+0x123)[0x7f8f98be6537]
[hydra12:359728] [ 2] /lib/x86_64-linux-gnu/libc.so.6(abort+0x123)[0x7f0459bf0537]
[hydra03:396663] [ 6] /lib/x86_64-linux-gnu/libc.so.6(__libc_calloc+0x81)[0x7f39c7ae5bd1]
[hydra10:491194] [ 3] /lib/x86_64-linux-gnu/libc.so.6(+0x7a468)[0x7fd2110b2468]
[hydra12:359729] [ 3] /lib/x86_64-linux-gnu/libc.so.6(+0x7a468)[0x7fd0a5a24468]
[hydra03:396663] [ 7] /opt/mpi/openmpi-4.1.4//lib/libmpi.so.40(ompi_group_allocate+0x17)[0x7f39c99b31e7]
[hydra10:491194] [ 4] /lib/x86_64-linux-gnu/libc.so.6(+0x8175a)[0x7fd2110b975a]
[hydra06:380055] [ 6] /lib/x86_64-linux-gnu/libc.so.6(__libc_calloc+0x81)[0x7f9db533dbd1]
[hydra12:359730] [ 3] /lib/x86_64-linux-gnu/libc.so.6(+0x7a468)[0x7f8f98c3e468]
[hydra03:396663] [ 8] /opt/mpi/openmpi-4.1.4//lib/libmpi.so.40(ompi_group_incl_plist+0x65)[0x7f39c99b3915]
[hydra10:491194] [ 5] /lib/x86_64-linux-gnu/libc.so.6(+0x8483c)[0x7fd2110bc83c]
[hydra06:380055] [ 7] /opt/mpi/openmpi-4.1.4//lib/libmpi.so.40(ompi_group_allocate+0x17)[0x7f9db720b1e7]
malloc(): invalid size (unsorted)
[hydra12:359728] [ 3] /lib/x86_64-linux-gnu/libc.so.6(+0x7a468)[0x7f0459c48468]
[hydra06:380055] [ 8] /opt/mpi/openmpi-4.1.4//lib/libmpi.so.40(ompi_group_incl_plist+0x65)[0x7f9db720b915]
[hydra07:406410] *** Process received signal ***
[hydra12:359729] [ 4] /lib/x86_64-linux-gnu/libc.so.6(+0x8175a)[0x7fd0a5a2b75a]
[hydra03:396663] [ 9] /opt/mpi/openmpi-4.1.4//lib/libmpi.so.40(PMPI_Group_incl+0x95)[0x7f39c99e4185]
[hydra03:396663] [10] /home/thesis/jheld/MPI_Syrk_implementation/build/src/MPI_SYRK_implementation(+0x841a)[0x5597b1db941a]
[hydra10:491194] [ 6] /lib/x86_64-linux-gnu/libc.so.6(__libc_calloc+0x81)[0x7fd2110bebd1]
[hydra06:380055] [ 9] /opt/mpi/openmpi-4.1.4//lib/libmpi.so.40(PMPI_Group_incl+0x95)[0x7f9db723c185]
[hydra06:380055] [10] /home/thesis/jheld/MPI_Syrk_implementation/build/src/MPI_SYRK_implementation(+0x841a)[0x559d70d3941a]
[hydra07:406409] [ 0] /lib/x86_64-linux-gnu/libc.so.6(+0x38de0)[0x7f1cbea33de0]
[hydra12:359730] [ 4] /lib/x86_64-linux-gnu/libc.so.6(+0x8175a)[0x7f8f98c4575a]
malloc(): invalid size (unsorted)
[hydra08:381692] *** Process received signal ***
[hydra08:381692] Signal: Aborted (6)
[hydra08:381692] Signal code:  (-6)
[hydra05:379375] [ 0] /lib/x86_64-linux-gnu/libc.so.6(+0x38de0)[0x7f3529374de0]
[hydra03:396663] [11] /home/thesis/jheld/MPI_Syrk_implementation/build/src/MPI_SYRK_implementation(+0x2ab0)[0x5597b1db3ab0]
[hydra06:380055] [11] /home/thesis/jheld/MPI_Syrk_implementation/build/src/MPI_SYRK_implementation(+0x2ab0)[0x559d70d33ab0]
[hydra07:406410] Signal: Aborted (6)
[hydra07:406410] Signal code:  (-6)
[hydra12:359728] [ 4] /lib/x86_64-linux-gnu/libc.so.6(+0x8175a)[0x7f0459c4f75a]
[hydra08:381691] [ 0] /lib/x86_64-linux-gnu/libc.so.6(+0x38de0)[0x7f91013c2de0]
[hydra05:379375] [ 1] /lib/x86_64-linux-gnu/libc.so.6(gsignal+0x141)[0x7f3529374d61]
[hydra03:396663] [12] /lib/x86_64-linux-gnu/libc.so.6(__libc_start_main+0xea)[0x7f39c7a82d7a]
[hydra10:491194] [ 7] /opt/mpi/openmpi-4.1.4//lib/libmpi.so.40(ompi_group_allocate+0x17)[0x7fd212f8c1e7]
[hydra06:380055] [12] /lib/x86_64-linux-gnu/libc.so.6(__libc_start_main+0xea)[0x7f9db52dad7a]
[hydra06:380055] [13] /home/thesis/jheld/MPI_Syrk_implementation/build/src/MPI_SYRK_implementation(+0x232a)[0x559d70d3332a]
[hydra07:406409] [ 1] /lib/x86_64-linux-gnu/libc.so.6(gsignal+0x141)[0x7f1cbea33d61]
[hydra04:395427] [ 0] /lib/x86_64-linux-gnu/libc.so.6(+0x38de0)[0x7f43eba22de0]
[hydra12:359729] [ 5] /lib/x86_64-linux-gnu/libc.so.6(+0x8483c)[0x7fd0a5a2e83c]
[hydra08:381692] [ 0] /lib/x86_64-linux-gnu/libc.so.6(+0x38de0)[0x7fad0eccfde0]
[hydra02:566677] [ 0] /lib/x86_64-linux-gnu/libc.so.6(+0x38de0)[0x7f324ed9bde0]
[hydra05:379375] [ 2] /lib/x86_64-linux-gnu/libc.so.6(abort+0x123)[0x7f352935e537]
[hydra03:396663] [13] /home/thesis/jheld/MPI_Syrk_implementation/build/src/MPI_SYRK_implementation(+0x232a)[0x5597b1db332a]
[hydra03:396663] *** End of error message ***
[hydra10:491194] [ 8] /opt/mpi/openmpi-4.1.4//lib/libmpi.so.40(ompi_group_incl_plist+0x65)[0x7fd212f8c915]
[hydra06:380055] *** End of error message ***
[hydra07:406409] [ 2] /lib/x86_64-linux-gnu/libc.so.6(abort+0x123)[0x7f1cbea1d537]
[hydra04:395427] [ 1] /lib/x86_64-linux-gnu/libc.so.6(gsignal+0x141)[0x7f43eba22d61]
[hydra12:359730] [ 5] /lib/x86_64-linux-gnu/libc.so.6(+0x8483c)[0x7f8f98c4883c]
[hydra08:381691] [ 1] /lib/x86_64-linux-gnu/libc.so.6(gsignal+0x141)[0x7f91013c2d61]
[hydra02:566677] [ 1] /lib/x86_64-linux-gnu/libc.so.6(gsignal+0x141)[0x7f324ed9bd61]
[hydra05:379375] [ 3] /lib/x86_64-linux-gnu/libc.so.6(+0x7a468)[0x7f35293b6468]
[hydra11:359758] *** Process received signal ***
[hydra11:359758] Signal: Aborted (6)
[hydra11:359758] Signal code:  (-6)
[hydra10:491194] [ 9] /opt/mpi/openmpi-4.1.4//lib/libmpi.so.40(PMPI_Group_incl+0x95)[0x7fd212fbd185]
[hydra10:491194] [10] /home/thesis/jheld/MPI_Syrk_implementation/build/src/MPI_SYRK_implementation(+0x841a)[0x55a6998c541a]
[hydra07:406409] [ 3] /lib/x86_64-linux-gnu/libc.so.6(+0x7a468)[0x7f1cbea75468]
[hydra04:395427] [ 2] /lib/x86_64-linux-gnu/libc.so.6(abort+0x123)[0x7f43eba0c537]
[hydra12:359728] [ 5] /lib/x86_64-linux-gnu/libc.so.6(+0x8483c)[0x7f0459c5283c]
[hydra08:381692] [ 1] /lib/x86_64-linux-gnu/libc.so.6(gsignal+0x141)[0x7fad0eccfd61]
[hydra02:566677] [ 2] /lib/x86_64-linux-gnu/libc.so.6(abort+0x123)[0x7f324ed85537]
[hydra05:379375] [ 4] /lib/x86_64-linux-gnu/libc.so.6(+0x8175a)[0x7f35293bd75a]
[hydra11:359758] [ 0] /lib/x86_64-linux-gnu/libc.so.6(+0x38de0)[0x7fb8564c4de0]
[hydra10:491194] [11] /home/thesis/jheld/MPI_Syrk_implementation/build/src/MPI_SYRK_implementation(+0x2ab0)[0x55a6998bfab0]
[hydra07:406409] [ 4] /lib/x86_64-linux-gnu/libc.so.6(+0x8175a)[0x7f1cbea7c75a]
[hydra04:395427] [ 3] /lib/x86_64-linux-gnu/libc.so.6(+0x7a468)[0x7f43eba64468]
[hydra12:359729] [ 6] /lib/x86_64-linux-gnu/libc.so.6(__libc_calloc+0x81)[0x7fd0a5a30bd1]
[hydra08:381691] [ 2] /lib/x86_64-linux-gnu/libc.so.6(abort+0x123)[0x7f91013ac537]
[hydra02:566677] [ 3] /lib/x86_64-linux-gnu/libc.so.6(+0x7a468)[0x7f324eddd468]
[hydra05:379375] [ 5] /lib/x86_64-linux-gnu/libc.so.6(+0x8483c)[0x7f35293c083c]
[hydra11:359758] [ 1] /lib/x86_64-linux-gnu/libc.so.6(gsignal+0x141)[0x7fb8564c4d61]
[hydra10:491194] [12] /lib/x86_64-linux-gnu/libc.so.6(__libc_start_main+0xea)[0x7fd21105bd7a]
[hydra07:406410] [ 0] /lib/x86_64-linux-gnu/libc.so.6(+0x38de0)[0x7f8d300b4de0]
[hydra04:395427] [ 4] /lib/x86_64-linux-gnu/libc.so.6(+0x8175a)[0x7f43eba6b75a]
[hydra12:359730] [ 6] /lib/x86_64-linux-gnu/libc.so.6(__libc_calloc+0x81)[0x7f8f98c4abd1]
[hydra08:381692] [ 2] /lib/x86_64-linux-gnu/libc.so.6(abort+0x123)[0x7fad0ecb9537]
[hydra02:566677] [ 4] /lib/x86_64-linux-gnu/libc.so.6(+0x8175a)[0x7f324ede475a]
[hydra05:379375] [ 6] /lib/x86_64-linux-gnu/libc.so.6(__libc_calloc+0x81)[0x7f35293c2bd1]
[hydra11:359758] [ 2] /lib/x86_64-linux-gnu/libc.so.6(abort+0x123)[0x7fb8564ae537]
[hydra10:491194] [13] /home/thesis/jheld/MPI_Syrk_implementation/build/src/MPI_SYRK_implementation(+0x232a)[0x55a6998bf32a]
[hydra10:491194] *** End of error message ***
[hydra07:406410] [ 1] /lib/x86_64-linux-gnu/libc.so.6(gsignal+0x141)[0x7f8d300b4d61]
[hydra04:395427] [ 5] /lib/x86_64-linux-gnu/libc.so.6(+0x8483c)[0x7f43eba6e83c]
[hydra12:359728] [ 6] /lib/x86_64-linux-gnu/libc.so.6(__libc_calloc+0x81)[0x7f0459c54bd1]
[hydra08:381691] [ 3] /lib/x86_64-linux-gnu/libc.so.6(+0x7a468)[0x7f9101404468]
[hydra02:566677] [ 5] /lib/x86_64-linux-gnu/libc.so.6(+0x8483c)[0x7f324ede783c]
[hydra05:379375] [ 7] /opt/mpi/openmpi-4.1.4//lib/libmpi.so.40(ompi_group_allocate+0x17)[0x7f352b2901e7]
[hydra11:359758] [ 3] /lib/x86_64-linux-gnu/libc.so.6(+0x7a468)[0x7fb856506468]
[hydra07:406409] [ 5] /lib/x86_64-linux-gnu/libc.so.6(+0x8483c)[0x7f1cbea7f83c]
[hydra04:395427] [ 6] /lib/x86_64-linux-gnu/libc.so.6(__libc_calloc+0x81)[0x7f43eba70bd1]
[hydra12:359729] [ 7] /opt/mpi/openmpi-4.1.4//lib/libmpi.so.40(ompi_group_allocate+0x17)[0x7fd0a78fe1e7]
[hydra08:381692] [ 3] /lib/x86_64-linux-gnu/libc.so.6(+0x7a468)[0x7fad0ed11468]
[hydra02:566677] [ 6] /lib/x86_64-linux-gnu/libc.so.6(__libc_calloc+0x81)[0x7f324ede9bd1]
[hydra05:379375] [ 8] /opt/mpi/openmpi-4.1.4//lib/libmpi.so.40(ompi_group_incl_plist+0x65)[0x7f352b290915]
[hydra11:359758] [ 4] /lib/x86_64-linux-gnu/libc.so.6(+0x8175a)[0x7fb85650d75a]
[hydra07:406410] [ 2] /lib/x86_64-linux-gnu/libc.so.6(abort+0x123)[0x7f8d3009e537]
[hydra04:395427] [ 7] /opt/mpi/openmpi-4.1.4//lib/libmpi.so.40(ompi_group_allocate+0x17)[0x7f43ed93e1e7]
[hydra12:359730] [ 7] /opt/mpi/openmpi-4.1.4//lib/libmpi.so.40(ompi_group_allocate+0x17)[0x7f8f9ab181e7]
[hydra12:359730] [ 8] /opt/mpi/openmpi-4.1.4//lib/libmpi.so.40(ompi_group_incl_plist+0x65)[0x7f8f9ab18915]
[hydra08:381691] [ 4] /lib/x86_64-linux-gnu/libc.so.6(+0x8175a)[0x7f910140b75a]
[hydra02:566677] [ 7] /opt/mpi/openmpi-4.1.4//lib/libmpi.so.40(ompi_group_allocate+0x17)[0x7f3250cb71e7]
[hydra05:379375] [ 9] /opt/mpi/openmpi-4.1.4//lib/libmpi.so.40(PMPI_Group_incl+0x95)[0x7f352b2c1185]
[hydra05:379375] [10] /home/thesis/jheld/MPI_Syrk_implementation/build/src/MPI_SYRK_implementation(+0x841a)[0x55a7c3e4641a]
[hydra11:359758] [ 5] /lib/x86_64-linux-gnu/libc.so.6(+0x8483c)[0x7fb85651083c]
[hydra07:406409] [ 6] /lib/x86_64-linux-gnu/libc.so.6(__libc_calloc+0x81)[0x7f1cbea81bd1]
[hydra04:395427] [ 8] /opt/mpi/openmpi-4.1.4//lib/libmpi.so.40(ompi_group_incl_plist+0x65)[0x7f43ed93e915]
[hydra12:359728] [ 7] /opt/mpi/openmpi-4.1.4//lib/libmpi.so.40(ompi_group_allocate+0x17)[0x7f045bb221e7]
[hydra08:381692] [ 4] /lib/x86_64-linux-gnu/libc.so.6(+0x8175a)[0x7fad0ed1875a]
[hydra02:566677] [ 8] /opt/mpi/openmpi-4.1.4//lib/libmpi.so.40(ompi_group_incl_plist+0x65)[0x7f3250cb7915]
[hydra05:379375] [11] /home/thesis/jheld/MPI_Syrk_implementation/build/src/MPI_SYRK_implementation(+0x2ab0)[0x55a7c3e40ab0]
[hydra11:359758] [ 6] /lib/x86_64-linux-gnu/libc.so.6(__libc_calloc+0x81)[0x7fb856512bd1]
[hydra07:406409] [ 7] /opt/mpi/openmpi-4.1.4//lib/libmpi.so.40(ompi_group_allocate+0x17)[0x7f1cc094f1e7]
[hydra04:395427] [ 9] /opt/mpi/openmpi-4.1.4//lib/libmpi.so.40(PMPI_Group_incl+0x95)[0x7f43ed96f185]
[hydra04:395427] [10] /home/thesis/jheld/MPI_Syrk_implementation/build/src/MPI_SYRK_implementation(+0x841a)[0x5605e38ed41a]
[hydra12:359729] [ 8] /opt/mpi/openmpi-4.1.4//lib/libmpi.so.40(ompi_group_incl_plist+0x65)[0x7fd0a78fe915]
[hydra08:381691] [ 5] /lib/x86_64-linux-gnu/libc.so.6(+0x8483c)[0x7f910140e83c]
[hydra02:566677] [ 9] /opt/mpi/openmpi-4.1.4//lib/libmpi.so.40(PMPI_Group_incl+0x95)[0x7f3250ce8185]
[hydra02:566677] [10] /home/thesis/jheld/MPI_Syrk_implementation/build/src/MPI_SYRK_implementation(+0x841a)[0x55c45c7bf41a]
[hydra05:379375] [12] /lib/x86_64-linux-gnu/libc.so.6(__libc_start_main+0xea)[0x7f352935fd7a]
[hydra05:379375] [13] /home/thesis/jheld/MPI_Syrk_implementation/build/src/MPI_SYRK_implementation(+0x232a)[0x55a7c3e4032a]
[hydra11:359758] [ 7] /opt/mpi/openmpi-4.1.4//lib/libmpi.so.40(ompi_group_allocate+0x17)[0x7fb8583e01e7]
[hydra07:406410] [ 3] /lib/x86_64-linux-gnu/libc.so.6(+0x7a468)[0x7f8d300f6468]
[hydra04:395427] [11] /home/thesis/jheld/MPI_Syrk_implementation/build/src/MPI_SYRK_implementation(+0x2ab0)[0x5605e38e7ab0]
[hydra12:359728] [ 8] /opt/mpi/openmpi-4.1.4//lib/libmpi.so.40(ompi_group_incl_plist+0x65)[0x7f045bb22915]
[hydra08:381692] [ 5] /lib/x86_64-linux-gnu/libc.so.6(+0x8483c)[0x7fad0ed1b83c]
[hydra02:566677] [11] /home/thesis/jheld/MPI_Syrk_implementation/build/src/MPI_SYRK_implementation(+0x2ab0)[0x55c45c7b9ab0]
[hydra05:379375] *** End of error message ***
[hydra11:359758] [ 8] /opt/mpi/openmpi-4.1.4//lib/libmpi.so.40(ompi_group_incl_plist+0x65)[0x7fb8583e0915]
[hydra07:406409] [ 8] /opt/mpi/openmpi-4.1.4//lib/libmpi.so.40(ompi_group_incl_plist+0x65)[0x7f1cc094f915]
[hydra04:395427] [12] /lib/x86_64-linux-gnu/libc.so.6(__libc_start_main+0xea)[0x7f43eba0dd7a]
[hydra12:359729] [ 9] /opt/mpi/openmpi-4.1.4//lib/libmpi.so.40(PMPI_Group_incl+0x95)[0x7fd0a792f185]
[hydra12:359729] [10] /home/thesis/jheld/MPI_Syrk_implementation/build/src/MPI_SYRK_implementation(+0x841a)[0x558450ace41a]
[hydra12:359729] [11] /home/thesis/jheld/MPI_Syrk_implementation/build/src/MPI_SYRK_implementation(+0x2ab0)[0x558450ac8ab0]
[hydra08:381691] [ 6] /lib/x86_64-linux-gnu/libc.so.6(__libc_calloc+0x81)[0x7f9101410bd1]
[hydra02:566677] [12] /lib/x86_64-linux-gnu/libc.so.6(__libc_start_main+0xea)[0x7f324ed86d7a]
[hydra02:566677] [13] /home/thesis/jheld/MPI_Syrk_implementation/build/src/MPI_SYRK_implementation(+0x232a)[0x55c45c7b932a]
[hydra11:359758] [ 9] /opt/mpi/openmpi-4.1.4//lib/libmpi.so.40(PMPI_Group_incl+0x95)[0x7fb858411185]
[hydra11:359758] [10] /home/thesis/jheld/MPI_Syrk_implementation/build/src/MPI_SYRK_implementation(+0x841a)[0x563d60ff341a]
[hydra07:406410] [ 4] /lib/x86_64-linux-gnu/libc.so.6(+0x8175a)[0x7f8d300fd75a]
[hydra04:395427] [13] /home/thesis/jheld/MPI_Syrk_implementation/build/src/MPI_SYRK_implementation(+0x232a)[0x5605e38e732a]
[hydra04:395427] *** End of error message ***
[hydra12:359730] [ 9] /opt/mpi/openmpi-4.1.4//lib/libmpi.so.40(PMPI_Group_incl+0x95)[0x7f8f9ab49185]
[hydra12:359730] [10] /home/thesis/jheld/MPI_Syrk_implementation/build/src/MPI_SYRK_implementation(+0x841a)[0x5633c3c6841a]
[hydra12:359730] [11] /home/thesis/jheld/MPI_Syrk_implementation/build/src/MPI_SYRK_implementation(+0x2ab0)[0x5633c3c62ab0]
[hydra08:381692] [ 6] /lib/x86_64-linux-gnu/libc.so.6(__libc_calloc+0x81)[0x7fad0ed1dbd1]
[hydra02:566677] *** End of error message ***
[hydra11:359758] [11] /home/thesis/jheld/MPI_Syrk_implementation/build/src/MPI_SYRK_implementation(+0x2ab0)[0x563d60fedab0]
[hydra07:406409] [ 9] /opt/mpi/openmpi-4.1.4//lib/libmpi.so.40(PMPI_Group_incl+0x95)[0x7f1cc0980185]
[hydra07:406409] [10] /home/thesis/jheld/MPI_Syrk_implementation/build/src/MPI_SYRK_implementation(+0x841a)[0x55711197841a]
[hydra12:359728] [ 9] /opt/mpi/openmpi-4.1.4//lib/libmpi.so.40(PMPI_Group_incl+0x95)[0x7f045bb53185]
[hydra12:359728] [10] /home/thesis/jheld/MPI_Syrk_implementation/build/src/MPI_SYRK_implementation(+0x841a)[0x55906a20d41a]
[hydra08:381691] [ 7] /opt/mpi/openmpi-4.1.4//lib/libmpi.so.40(ompi_group_allocate+0x17)[0x7f91032de1e7]
[hydra11:359758] [12] /lib/x86_64-linux-gnu/libc.so.6(__libc_start_main+0xea)[0x7fb8564afd7a]
[hydra11:359758] [13] /home/thesis/jheld/MPI_Syrk_implementation/build/src/MPI_SYRK_implementation(+0x232a)[0x563d60fed32a]
[hydra07:406409] [11] /home/thesis/jheld/MPI_Syrk_implementation/build/src/MPI_SYRK_implementation(+0x2ab0)[0x557111972ab0]
[hydra12:359729] [12] /lib/x86_64-linux-gnu/libc.so.6(__libc_start_main+0xea)[0x7fd0a59cdd7a]
[hydra12:359729] [13] /home/thesis/jheld/MPI_Syrk_implementation/build/src/MPI_SYRK_implementation(+0x232a)[0x558450ac832a]
[hydra12:359729] *** End of error message ***
[hydra08:381692] [ 7] /opt/mpi/openmpi-4.1.4//lib/libmpi.so.40(ompi_group_allocate+0x17)[0x7fad10beb1e7]
[hydra11:359758] *** End of error message ***
[hydra07:406410] [ 5] /lib/x86_64-linux-gnu/libc.so.6(+0x8483c)[0x7f8d3010083c]
[hydra12:359730] [12] /lib/x86_64-linux-gnu/libc.so.6(__libc_start_main+0xea)[0x7f8f98be7d7a]
[hydra12:359730] [13] /home/thesis/jheld/MPI_Syrk_implementation/build/src/MPI_SYRK_implementation(+0x232a)[0x5633c3c6232a]
[hydra12:359730] *** End of error message ***
[hydra08:381691] [ 8] /opt/mpi/openmpi-4.1.4//lib/libmpi.so.40(ompi_group_incl_plist+0x65)[0x7f91032de915]
[hydra07:406409] [12] /lib/x86_64-linux-gnu/libc.so.6(__libc_start_main+0xea)[0x7f1cbea1ed7a]
[hydra12:359728] [11] /home/thesis/jheld/MPI_Syrk_implementation/build/src/MPI_SYRK_implementation(+0x2ab0)[0x55906a207ab0]
[hydra12:359728] [12] /lib/x86_64-linux-gnu/libc.so.6(__libc_start_main+0xea)[0x7f0459bf1d7a]
[hydra08:381692] [ 8] /opt/mpi/openmpi-4.1.4//lib/libmpi.so.40(ompi_group_incl_plist+0x65)[0x7fad10beb915]
[hydra07:406409] [13] /home/thesis/jheld/MPI_Syrk_implementation/build/src/MPI_SYRK_implementation(+0x232a)[0x55711197232a]
[hydra07:406409] *** End of error message ***
[hydra12:359728] [13] /home/thesis/jheld/MPI_Syrk_implementation/build/src/MPI_SYRK_implementation(+0x232a)[0x55906a20732a]
[hydra12:359728] *** End of error message ***
[hydra08:381691] [ 9] /opt/mpi/openmpi-4.1.4//lib/libmpi.so.40(PMPI_Group_incl+0x95)[0x7f910330f185]
[hydra08:381691] [10] /home/thesis/jheld/MPI_Syrk_implementation/build/src/MPI_SYRK_implementation(+0x841a)[0x564228ebe41a]
[hydra07:406410] [ 6] /lib/x86_64-linux-gnu/libc.so.6(__libc_calloc+0x81)[0x7f8d30102bd1]
[hydra07:406410] [ 7] /opt/mpi/openmpi-4.1.4//lib/libmpi.so.40(ompi_group_allocate+0x17)[0x7f8d31fd01e7]
[hydra08:381692] [ 9] /opt/mpi/openmpi-4.1.4//lib/libmpi.so.40(PMPI_Group_incl+0x95)[0x7fad10c1c185]
[hydra08:381692] [10] /home/thesis/jheld/MPI_Syrk_implementation/build/src/MPI_SYRK_implementation(+0x841a)[0x55f42f6c941a]
[hydra08:381692] [11] /home/thesis/jheld/MPI_Syrk_implementation/build/src/MPI_SYRK_implementation(+0x2ab0)[0x55f42f6c3ab0]
[hydra07:406410] [ 8] /opt/mpi/openmpi-4.1.4//lib/libmpi.so.40(ompi_group_incl_plist+0x65)[0x7f8d31fd0915]
[hydra08:381691] [11] /home/thesis/jheld/MPI_Syrk_implementation/build/src/MPI_SYRK_implementation(+0x2ab0)[0x564228eb8ab0]
[hydra07:406410] [ 9] /opt/mpi/openmpi-4.1.4//lib/libmpi.so.40(PMPI_Group_incl+0x95)[0x7f8d32001185]
[hydra07:406410] [10] /home/thesis/jheld/MPI_Syrk_implementation/build/src/MPI_SYRK_implementation(+0x841a)[0x5632b290d41a]
[hydra08:381691] [12] /lib/x86_64-linux-gnu/libc.so.6(__libc_start_main+0xea)[0x7f91013add7a]
[hydra08:381691] [13] /home/thesis/jheld/MPI_Syrk_implementation/build/src/MPI_SYRK_implementation(+0x232a)[0x564228eb832a]
[hydra08:381691] *** End of error message ***
[hydra07:406410] [11] /home/thesis/jheld/MPI_Syrk_implementation/build/src/MPI_SYRK_implementation(+0x2ab0)[0x5632b2907ab0]
[hydra08:381692] [12] /lib/x86_64-linux-gnu/libc.so.6(__libc_start_main+0xea)[0x7fad0ecbad7a]
[hydra08:381692] [13] /home/thesis/jheld/MPI_Syrk_implementation/build/src/MPI_SYRK_implementation(+0x232a)[0x55f42f6c332a]
[hydra08:381692] *** End of error message ***
[hydra07:406410] [12] /lib/x86_64-linux-gnu/libc.so.6(__libc_start_main+0xea)[0x7f8d3009fd7a]
[hydra07:406410] [13] /home/thesis/jheld/MPI_Syrk_implementation/build/src/MPI_SYRK_implementation(+0x232a)[0x5632b290732a]
[hydra07:406410] *** End of error message ***
srun: error: hydra05: task 13: Aborted
srun: error: hydra11: task 31: Aborted
srun: error: hydra04: task 11: Aborted
srun: error: hydra03: task 6: Aborted
srun: error: hydra02: task 4: Aborted
srun: error: hydra10: task 29: Aborted
srun: error: hydra06: task 17: Aborted
srun: error: hydra07: tasks 19-20: Aborted
srun: error: hydra08: tasks 22-23: Aborted
srun: error: hydra12: tasks 33-35: Aborted
slurmstepd: error:  mpi/pmix_v4: _errhandler: hydra06 [5]: pmixp_client_v2.c:211: Error handler invoked: status = -61, source = [slurm.pmix.5008693.13:17]
slurmstepd: error:  mpi/pmix_v4: _errhandler: hydra02 [1]: pmixp_client_v2.c:211: Error handler invoked: status = -61, source = [slurm.pmix.5008693.13:4]
slurmstepd: error:  mpi/pmix_v4: _errhandler: hydra05 [4]: pmixp_client_v2.c:211: Error handler invoked: status = -61, source = [slurm.pmix.5008693.13:13]
slurmstepd: error:  mpi/pmix_v4: _errhandler: hydra10 [9]: pmixp_client_v2.c:211: Error handler invoked: status = -61, source = [slurm.pmix.5008693.13:29]
slurmstepd: error:  mpi/pmix_v4: _errhandler: hydra11 [10]: pmixp_client_v2.c:211: Error handler invoked: status = -61, source = [slurm.pmix.5008693.13:31]
slurmstepd: error:  mpi/pmix_v4: _errhandler: hydra04 [3]: pmixp_client_v2.c:211: Error handler invoked: status = -61, source = [slurm.pmix.5008693.13:11]
slurmstepd: error:  mpi/pmix_v4: _errhandler: hydra07 [6]: pmixp_client_v2.c:211: Error handler invoked: status = -61, source = [slurm.pmix.5008693.13:19]
slurmstepd: error:  mpi/pmix_v4: _errhandler: hydra03 [2]: pmixp_client_v2.c:211: Error handler invoked: status = -61, source = [slurm.pmix.5008693.13:6]
slurmstepd: error:  mpi/pmix_v4: _errhandler: hydra08 [7]: pmixp_client_v2.c:211: Error handler invoked: status = -61, source = [slurm.pmix.5008693.13:22]
slurmstepd: error: *** STEP 5008693.13 ON hydra01 CANCELLED AT 2025-10-13T15:31:32 ***
srun: Job step aborted: Waiting up to 32 seconds for job step to finish.
srun: error: hydra08: task 21: Killed
srun: error: hydra07: task 18: Killed
srun: error: hydra11: tasks 30,32: Killed
srun: error: hydra03: tasks 7-8: Killed
srun: error: hydra10: tasks 27-28: Killed
srun: error: hydra06: tasks 15-16: Killed
srun: error: hydra04: tasks 9-10: Killed
srun: error: hydra02: tasks 3,5: Killed
srun: error: hydra05: tasks 12,14: Killed
srun: error: hydra01: tasks 0-2: Killed
srun: error: hydra09: tasks 24-26: Killed
⚠️ Warning: No runtime found for run 14
srun: Warning: can't honor --ntasks-per-node set to 1 which doesn't match the requested tasks 36 with the number of requested nodes 12. Ignoring --ntasks-per-node.
missing input file name --> Generate random input
malloc(): invalid size (unsorted)
[hydra12:359781] *** Process received signal ***
[hydra12:359781] Signal: Aborted (6)
[hydra12:359781] Signal code:  (-6)
malloc(): invalid size (unsorted)
[hydra01:882579] *** Process received signal ***
malloc(): invalid size (unsorted)
[hydra11:359821] *** Process received signal ***
[hydra11:359821] Signal: Aborted (6)
[hydra11:359821] Signal code:  (-6)
[hydra01:882579] Signal: Aborted (6)
[hydra01:882579] Signal code:  (-6)
malloc(): invalid size (unsorted)
[hydra01:882579] [ 0] /lib/x86_64-linux-gnu/libc.so.6(+0x38de0)[0x7f1756493de0]
[hydra01:882581] *** Process received signal ***
[hydra01:882581] Signal: Aborted (6)
[hydra01:882581] Signal code:  (-6)
[hydra01:882579] [ 1] /lib/x86_64-linux-gnu/libc.so.6(gsignal+0x141)[0x7f1756493d61]
malloc(): invalid size (unsorted)
[hydra05:379436] *** Process received signal ***
[hydra05:379436] Signal: Aborted (6)
[hydra05:379436] Signal code:  (-6)
[hydra01:882579] [ 2] /lib/x86_64-linux-gnu/libc.so.6(abort+0x123)[0x7f175647d537]
malloc(): invalid size (unsorted)
malloc(): invalid size (unsorted)
[hydra07:406471] *** Process received signal ***
[hydra07:406471] Signal: Aborted (6)
[hydra07:406471] Signal code:  (-6)
[hydra01:882579] [ 3] /lib/x86_64-linux-gnu/libc.so.6(+0x7a468)[0x7f17564d5468]
malloc(): invalid size (unsorted)
[hydra04:395489] *** Process received signal ***
[hydra04:395489] Signal: Aborted (6)
[hydra04:395489] Signal code:  (-6)
[hydra01:882579] [ 4] /lib/x86_64-linux-gnu/libc.so.6(+0x8175a)[0x7f17564dc75a]
[hydra09:373038] *** Process received signal ***
[hydra09:373038] Signal: Aborted (6)
[hydra09:373038] Signal code:  (-6)
malloc(): invalid size (unsorted)
malloc(): invalid size (unsorted)
[hydra02:566752] *** Process received signal ***
[hydra02:566752] Signal: Aborted (6)
[hydra02:566752] Signal code:  (-6)
[hydra01:882581] [ 0] /lib/x86_64-linux-gnu/libc.so.6(+0x38de0)[0x7f30f7858de0]
malloc(): invalid size (unsorted)
[hydra08:381754] *** Process received signal ***
[hydra08:381754] Signal: Aborted (6)
[hydra08:381754] Signal code:  (-6)
[hydra05:379436] [ 0] /lib/x86_64-linux-gnu/libc.so.6(+0x38de0)[0x7f4ab5795de0]
malloc(): invalid size (unsorted)
[hydra12:359780] *** Process received signal ***
[hydra12:359780] Signal: Aborted (6)
[hydra12:359780] Signal code:  (-6)
[hydra01:882579] [ 5] /lib/x86_64-linux-gnu/libc.so.6(+0x8483c)[0x7f17564df83c]
[hydra05:379438] *** Process received signal ***
[hydra12:359781] [ 0] /lib/x86_64-linux-gnu/libc.so.6(+0x38de0)[0x7f93e7431de0]
[hydra01:882581] [ 1] /lib/x86_64-linux-gnu/libc.so.6(gsignal+0x141)[0x7f30f7858d61]
[hydra09:373038] [ 0] /lib/x86_64-linux-gnu/libc.so.6(+0x38de0)[0x7f8062461de0]
malloc(): invalid size (unsorted)
[hydra06:380115] *** Process received signal ***
[hydra06:380115] Signal: Aborted (6)
[hydra06:380115] Signal code:  (-6)
[hydra05:379438] Signal: Aborted (6)
[hydra05:379438] Signal code:  (-6)
malloc(): invalid size (unsorted)
[hydra10:491260] *** Process received signal ***
[hydra10:491260] Signal: Aborted (6)
[hydra10:491260] Signal code:  (-6)
[hydra12:359780] [ 0] /lib/x86_64-linux-gnu/libc.so.6(+0x38de0)[0x7f765ed8dde0]
[hydra01:882579] [ 6] /lib/x86_64-linux-gnu/libc.so.6(__libc_calloc+0x81)[0x7f17564e1bd1]
[hydra08:381754] [ 0] /lib/x86_64-linux-gnu/libc.so.6(+0x38de0)[0x7f7745a3ade0]
[hydra09:373038] [ 1] /lib/x86_64-linux-gnu/libc.so.6(gsignal+0x141)[0x7f8062461d61]
[hydra05:379436] [ 1] /lib/x86_64-linux-gnu/libc.so.6(gsignal+0x141)[0x7f4ab5795d61]
[hydra12:359781] [ 1] /lib/x86_64-linux-gnu/libc.so.6(gsignal+0x141)[0x7f93e7431d61]
[hydra01:882581] [ 2] /lib/x86_64-linux-gnu/libc.so.6(abort+0x123)[0x7f30f7842537]
[hydra08:381754] [ 1] /lib/x86_64-linux-gnu/libc.so.6(gsignal+0x141)[0x7f7745a3ad61]
[hydra05:379436] [ 2] /lib/x86_64-linux-gnu/libc.so.6(abort+0x123)[0x7f4ab577f537]
[hydra12:359780] [ 1] /lib/x86_64-linux-gnu/libc.so.6(gsignal+0x141)[0x7f765ed8dd61]
[hydra01:882579] [ 7] /opt/mpi/openmpi-4.1.4//lib/libmpi.so.40(ompi_group_allocate+0x17)[0x7f17583af1e7]
[hydra05:379436] [ 3] /lib/x86_64-linux-gnu/libc.so.6(+0x7a468)[0x7f4ab57d7468]
[hydra12:359781] [ 2] /lib/x86_64-linux-gnu/libc.so.6(abort+0x123)[0x7f93e741b537]
[hydra01:882581] [ 3] /lib/x86_64-linux-gnu/libc.so.6(+0x7a468)[0x7f30f789a468]
[hydra08:381754] [ 2] /lib/x86_64-linux-gnu/libc.so.6(abort+0x123)[0x7f7745a24537]
[hydra09:373038] [ 2] /lib/x86_64-linux-gnu/libc.so.6(abort+0x123)[0x7f806244b537]
[hydra06:380115] [ 0] /lib/x86_64-linux-gnu/libc.so.6(+0x38de0)[0x7f3eee613de0]
[hydra05:379436] [ 4] /lib/x86_64-linux-gnu/libc.so.6(+0x8175a)[0x7f4ab57de75a]
[hydra12:359780] [ 2] /lib/x86_64-linux-gnu/libc.so.6(abort+0x123)[0x7f765ed77537]
[hydra11:359821] [ 0] /lib/x86_64-linux-gnu/libc.so.6(+0x38de0)[0x7fd97963ade0]
[hydra01:882579] [ 8] /opt/mpi/openmpi-4.1.4//lib/libmpi.so.40(ompi_group_incl_plist+0x65)[0x7f17583af915]
[hydra09:373038] [ 3] /lib/x86_64-linux-gnu/libc.so.6(+0x7a468)[0x7f80624a3468]
[hydra06:380115] [ 1] /lib/x86_64-linux-gnu/libc.so.6(gsignal+0x141)[0x7f3eee613d61]
[hydra05:379438] [ 0] /lib/x86_64-linux-gnu/libc.so.6(+0x38de0)[0x7f3eee781de0]
[hydra12:359781] [ 3] /lib/x86_64-linux-gnu/libc.so.6(+0x7a468)[0x7f93e7473468]
[hydra11:359821] [ 1] /lib/x86_64-linux-gnu/libc.so.6(gsignal+0x141)[0x7fd97963ad61]
[hydra01:882581] [ 4] /lib/x86_64-linux-gnu/libc.so.6(+0x8175a)[0x7f30f78a175a]
[hydra08:381754] [ 3] /lib/x86_64-linux-gnu/libc.so.6(+0x7a468)[0x7f7745a7c468]
[hydra09:373038] [ 4] /lib/x86_64-linux-gnu/libc.so.6(+0x8175a)[0x7f80624aa75a]
[hydra06:380115] [ 2] /lib/x86_64-linux-gnu/libc.so.6(abort+0x123)[0x7f3eee5fd537]
[hydra05:379438] [ 1] /lib/x86_64-linux-gnu/libc.so.6(gsignal+0x141)[0x7f3eee781d61]
[hydra12:359780] [ 3] /lib/x86_64-linux-gnu/libc.so.6(+0x7a468)[0x7f765edcf468]
[hydra11:359821] [ 2] /lib/x86_64-linux-gnu/libc.so.6(abort+0x123)[0x7fd979624537]
[hydra01:882579] [ 9] /opt/mpi/openmpi-4.1.4//lib/libmpi.so.40(PMPI_Group_incl+0x95)[0x7f17583e0185]
[hydra01:882579] [10] /home/thesis/jheld/MPI_Syrk_implementation/build/src/MPI_SYRK_implementation(+0x841a)[0x5632db41341a]
[hydra01:882579] [11] /home/thesis/jheld/MPI_Syrk_implementation/build/src/MPI_SYRK_implementation(+0x2ab0)[0x5632db40dab0]
[hydra08:381754] [ 4] /lib/x86_64-linux-gnu/libc.so.6(+0x8175a)[0x7f7745a8375a]
[hydra09:373038] [ 5] /lib/x86_64-linux-gnu/libc.so.6(+0x8483c)[0x7f80624ad83c]
[hydra06:380115] [ 3] /lib/x86_64-linux-gnu/libc.so.6(+0x7a468)[0x7f3eee655468]
[hydra05:379436] [ 5] /lib/x86_64-linux-gnu/libc.so.6(+0x8483c)[0x7f4ab57e183c]
[hydra12:359781] [ 4] /lib/x86_64-linux-gnu/libc.so.6(+0x8175a)[0x7f93e747a75a]
[hydra11:359821] [ 3] /lib/x86_64-linux-gnu/libc.so.6(+0x7a468)[0x7fd97967c468]
[hydra01:882581] [ 5] /lib/x86_64-linux-gnu/libc.so.6(+0x8483c)[0x7f30f78a483c]
[hydra08:381754] [ 5] /lib/x86_64-linux-gnu/libc.so.6(+0x8483c)[0x7f7745a8683c]
[hydra09:373038] [ 6] /lib/x86_64-linux-gnu/libc.so.6(__libc_calloc+0x81)[0x7f80624afbd1]
[hydra06:380115] [ 4] /lib/x86_64-linux-gnu/libc.so.6(+0x8175a)[0x7f3eee65c75a]
[hydra05:379438] [ 2] /lib/x86_64-linux-gnu/libc.so.6(abort+0x123)[0x7f3eee76b537]
[hydra12:359780] [ 4] /lib/x86_64-linux-gnu/libc.so.6(+0x8175a)[0x7f765edd675a]
[hydra11:359821] [ 4] /lib/x86_64-linux-gnu/libc.so.6(+0x8175a)[0x7fd97968375a]
[hydra01:882579] [12] /lib/x86_64-linux-gnu/libc.so.6(__libc_start_main+0xea)[0x7f175647ed7a]
[hydra01:882579] [13] /home/thesis/jheld/MPI_Syrk_implementation/build/src/MPI_SYRK_implementation(+0x232a)[0x5632db40d32a]
[hydra01:882579] *** End of error message ***
[hydra09:373038] [ 7] /opt/mpi/openmpi-4.1.4//lib/libmpi.so.40(ompi_group_allocate+0x17)[0x7f806437d1e7]
[hydra06:380115] [ 5] /lib/x86_64-linux-gnu/libc.so.6(+0x8483c)[0x7f3eee65f83c]
[hydra05:379436] [ 6] /lib/x86_64-linux-gnu/libc.so.6(__libc_calloc+0x81)[0x7f4ab57e3bd1]
[hydra12:359781] [ 5] /lib/x86_64-linux-gnu/libc.so.6(+0x8483c)[0x7f93e747d83c]
malloc(): invalid size (unsorted)
[hydra01:882581] [ 6] /lib/x86_64-linux-gnu/libc.so.6(__libc_calloc+0x81)[0x7f30f78a6bd1]
[hydra08:381754] [ 6] /lib/x86_64-linux-gnu/libc.so.6(__libc_calloc+0x81)[0x7f7745a88bd1]
[hydra09:373038] [ 8] /opt/mpi/openmpi-4.1.4//lib/libmpi.so.40(ompi_group_incl_plist+0x65)[0x7f806437d915]
[hydra06:380115] [ 6] /lib/x86_64-linux-gnu/libc.so.6(__libc_calloc+0x81)[0x7f3eee661bd1]
[hydra05:379438] [ 3] /lib/x86_64-linux-gnu/libc.so.6(+0x7a468)[0x7f3eee7c3468]
[hydra07:406471] [ 0] /lib/x86_64-linux-gnu/libc.so.6(+0x38de0)[0x7f198a8b5de0]
[hydra12:359780] [ 5] /lib/x86_64-linux-gnu/libc.so.6(+0x8483c)[0x7f765edd983c]
[hydra02:566752] [ 0] /lib/x86_64-linux-gnu/libc.so.6(+0x38de0)[0x7f2456212de0]
[hydra11:359821] [ 5] /lib/x86_64-linux-gnu/libc.so.6(+0x8483c)[0x7fd97968683c]
[hydra01:882581] [ 7] /opt/mpi/openmpi-4.1.4//lib/libmpi.so.40(ompi_group_allocate+0x17)[0x7f30f97741e7]
[hydra08:381754] [ 7] /opt/mpi/openmpi-4.1.4//lib/libmpi.so.40(ompi_group_allocate+0x17)[0x7f77479561e7]
[hydra09:373038] [ 9] /opt/mpi/openmpi-4.1.4//lib/libmpi.so.40(PMPI_Group_incl+0x95)[0x7f80643ae185]
[hydra09:373038] [10] /home/thesis/jheld/MPI_Syrk_implementation/build/src/MPI_SYRK_implementation(+0x841a)[0x5646c645641a]
[hydra09:373038] [11] /home/thesis/jheld/MPI_Syrk_implementation/build/src/MPI_SYRK_implementation(+0x2ab0)[0x5646c6450ab0]
[hydra06:380115] [ 7] /opt/mpi/openmpi-4.1.4//lib/libmpi.so.40(ompi_group_allocate+0x17)[0x7f3ef052f1e7]
[hydra05:379436] [ 7] /opt/mpi/openmpi-4.1.4//lib/libmpi.so.40(ompi_group_allocate+0x17)[0x7f4ab76b11e7]
[hydra07:406471] [ 1] /lib/x86_64-linux-gnu/libc.so.6(gsignal+0x141)[0x7f198a8b5d61]
[hydra12:359781] [ 6] /lib/x86_64-linux-gnu/libc.so.6(__libc_calloc+0x81)[0x7f93e747fbd1]
[hydra02:566752] [ 1] /lib/x86_64-linux-gnu/libc.so.6(gsignal+0x141)[0x7f2456212d61]
[hydra11:359819] *** Process received signal ***
[hydra01:882581] [ 8] /opt/mpi/openmpi-4.1.4//lib/libmpi.so.40(ompi_group_incl_plist+0x65)[0x7f30f9774915]
[hydra08:381754] [ 8] /opt/mpi/openmpi-4.1.4//lib/libmpi.so.40(ompi_group_incl_plist+0x65)[0x7f7747956915]
[hydra09:373038] [12] /lib/x86_64-linux-gnu/libc.so.6(__libc_start_main+0xea)[0x7f806244cd7a]
[hydra09:373038] [13] /home/thesis/jheld/MPI_Syrk_implementation/build/src/MPI_SYRK_implementation(+0x232a)[0x5646c645032a]
[hydra06:380115] [ 8] /opt/mpi/openmpi-4.1.4//lib/libmpi.so.40(ompi_group_incl_plist+0x65)[0x7f3ef052f915]
[hydra05:379436] [ 8] /opt/mpi/openmpi-4.1.4//lib/libmpi.so.40(ompi_group_incl_plist+0x65)[0x7f4ab76b1915]
[hydra07:406471] [ 2] /lib/x86_64-linux-gnu/libc.so.6(abort+0x123)[0x7f198a89f537]
[hydra12:359780] [ 6] /lib/x86_64-linux-gnu/libc.so.6(__libc_calloc+0x81)[0x7f765eddbbd1]
[hydra02:566752] [ 2] /lib/x86_64-linux-gnu/libc.so.6(abort+0x123)[0x7f24561fc537]
[hydra11:359819] Signal: Aborted (6)
[hydra11:359819] Signal code:  (-6)
[hydra01:882581] [ 9] /opt/mpi/openmpi-4.1.4//lib/libmpi.so.40(PMPI_Group_incl+0x95)[0x7f30f97a5185]
[hydra01:882581] [10] /home/thesis/jheld/MPI_Syrk_implementation/build/src/MPI_SYRK_implementation(+0x841a)[0x55626c04441a]
[hydra08:381754] [ 9] /opt/mpi/openmpi-4.1.4//lib/libmpi.so.40(PMPI_Group_incl+0x95)[0x7f7747987185]
[hydra09:373038] *** End of error message ***
[hydra06:380115] [ 9] /opt/mpi/openmpi-4.1.4//lib/libmpi.so.40(PMPI_Group_incl+0x95)[0x7f3ef0560185]
[hydra05:379438] [ 4] /lib/x86_64-linux-gnu/libc.so.6(+0x8175a)[0x7f3eee7ca75a]
[hydra07:406471] [ 3] /lib/x86_64-linux-gnu/libc.so.6(+0x7a468)[0x7f198a8f7468]
[hydra10:491260] [ 0] /lib/x86_64-linux-gnu/libc.so.6(+0x38de0)[0x7f4c7a774de0]
[hydra12:359781] [ 7] /opt/mpi/openmpi-4.1.4//lib/libmpi.so.40(ompi_group_allocate+0x17)[0x7f93e934d1e7]
[hydra02:566752] [ 3] /lib/x86_64-linux-gnu/libc.so.6(+0x7a468)[0x7f2456254468]
[hydra11:359821] [ 6] /lib/x86_64-linux-gnu/libc.so.6(__libc_calloc+0x81)[0x7fd979688bd1]
[hydra01:882581] [11] /home/thesis/jheld/MPI_Syrk_implementation/build/src/MPI_SYRK_implementation(+0x2ab0)[0x55626c03eab0]
[hydra08:381754] [10] /home/thesis/jheld/MPI_Syrk_implementation/build/src/MPI_SYRK_implementation(+0x841a)[0x55d808e3c41a]
[hydra08:381754] [11] /home/thesis/jheld/MPI_Syrk_implementation/build/src/MPI_SYRK_implementation(+0x2ab0)[0x55d808e36ab0]
[hydra06:380115] [10] /home/thesis/jheld/MPI_Syrk_implementation/build/src/MPI_SYRK_implementation(+0x841a)[0x5626a6ed441a]
[hydra06:380115] [11] /home/thesis/jheld/MPI_Syrk_implementation/build/src/MPI_SYRK_implementation(+0x2ab0)[0x5626a6eceab0]
[hydra05:379436] [ 9] /opt/mpi/openmpi-4.1.4//lib/libmpi.so.40(PMPI_Group_incl+0x95)[0x7f4ab76e2185]
[hydra05:379436] [10] /home/thesis/jheld/MPI_Syrk_implementation/build/src/MPI_SYRK_implementation(+0x841a)[0x55da8499a41a]
[hydra07:406471] [ 4] /lib/x86_64-linux-gnu/libc.so.6(+0x8175a)[0x7f198a8fe75a]
[hydra10:491260] [ 1] /lib/x86_64-linux-gnu/libc.so.6(gsignal+0x141)[0x7f4c7a774d61]
[hydra12:359780] [ 7] /opt/mpi/openmpi-4.1.4//lib/libmpi.so.40(ompi_group_allocate+0x17)[0x7f7660ca91e7]
[hydra02:566752] [ 4] /lib/x86_64-linux-gnu/libc.so.6(+0x8175a)[0x7f245625b75a]
[hydra11:359821] [ 7] /opt/mpi/openmpi-4.1.4//lib/libmpi.so.40(ompi_group_allocate+0x17)[0x7fd97b5561e7]
[hydra01:882581] [12] /lib/x86_64-linux-gnu/libc.so.6(__libc_start_main+0xea)[0x7f30f7843d7a]
[hydra01:882581] [13] /home/thesis/jheld/MPI_Syrk_implementation/build/src/MPI_SYRK_implementation(+0x232a)[0x55626c03e32a]
[hydra08:381754] [12] /lib/x86_64-linux-gnu/libc.so.6(__libc_start_main+0xea)[0x7f7745a25d7a]
[hydra08:381754] [13] /home/thesis/jheld/MPI_Syrk_implementation/build/src/MPI_SYRK_implementation(+0x232a)[0x55d808e3632a]
[hydra06:380115] [12] /lib/x86_64-linux-gnu/libc.so.6(__libc_start_main+0xea)[0x7f3eee5fed7a]
[hydra06:380115] [13] /home/thesis/jheld/MPI_Syrk_implementation/build/src/MPI_SYRK_implementation(+0x232a)[0x5626a6ece32a]
[hydra05:379438] [ 5] /lib/x86_64-linux-gnu/libc.so.6(+0x8483c)[0x7f3eee7cd83c]
[hydra07:406471] [ 5] /lib/x86_64-linux-gnu/libc.so.6(+0x8483c)[0x7f198a90183c]
[hydra04:395489] [ 0] /lib/x86_64-linux-gnu/libc.so.6(+0x38de0)[0x7f8dc47a5de0]
[hydra10:491260] [ 2] /lib/x86_64-linux-gnu/libc.so.6(abort+0x123)[0x7f4c7a75e537]
[hydra12:359780] [ 8] /opt/mpi/openmpi-4.1.4//lib/libmpi.so.40(ompi_group_incl_plist+0x65)[0x7f7660ca9915]
[hydra02:566752] [ 5] /lib/x86_64-linux-gnu/libc.so.6(+0x8483c)[0x7f245625e83c]
[hydra11:359821] [ 8] /opt/mpi/openmpi-4.1.4//lib/libmpi.so.40(ompi_group_incl_plist+0x65)[0x7fd97b556915]
[hydra01:882581] *** End of error message ***
[hydra08:381754] *** End of error message ***
[hydra06:380115] *** End of error message ***
[hydra05:379436] [11] /home/thesis/jheld/MPI_Syrk_implementation/build/src/MPI_SYRK_implementation(+0x2ab0)[0x55da84994ab0]
[hydra07:406471] [ 6] /lib/x86_64-linux-gnu/libc.so.6(__libc_calloc+0x81)[0x7f198a903bd1]
[hydra04:395489] [ 1] /lib/x86_64-linux-gnu/libc.so.6(gsignal+0x141)[0x7f8dc47a5d61]
[hydra10:491260] [ 3] /lib/x86_64-linux-gnu/libc.so.6(+0x7a468)[0x7f4c7a7b6468]
[hydra12:359781] [ 8] /opt/mpi/openmpi-4.1.4//lib/libmpi.so.40(ompi_group_incl_plist+0x65)[0x7f93e934d915]
[hydra02:566752] [ 6] /lib/x86_64-linux-gnu/libc.so.6(__libc_calloc+0x81)[0x7f2456260bd1]
[hydra11:359819] [ 0] /lib/x86_64-linux-gnu/libc.so.6(+0x38de0)[0x7fbe4a559de0]
[hydra05:379436] [12] /lib/x86_64-linux-gnu/libc.so.6(__libc_start_main+0xea)[0x7f4ab5780d7a]
[hydra05:379436] [13] /home/thesis/jheld/MPI_Syrk_implementation/build/src/MPI_SYRK_implementation(+0x232a)[0x55da8499432a]
[hydra07:406471] [ 7] /opt/mpi/openmpi-4.1.4//lib/libmpi.so.40(ompi_group_allocate+0x17)[0x7f198c7d11e7]
[hydra04:395489] [ 2] /lib/x86_64-linux-gnu/libc.so.6(abort+0x123)[0x7f8dc478f537]
[hydra10:491260] [ 4] /lib/x86_64-linux-gnu/libc.so.6(+0x8175a)[0x7f4c7a7bd75a]
[hydra12:359781] [ 9] /opt/mpi/openmpi-4.1.4//lib/libmpi.so.40(PMPI_Group_incl+0x95)[0x7f93e937e185]
[hydra02:566752] [ 7] /opt/mpi/openmpi-4.1.4//lib/libmpi.so.40(ompi_group_allocate+0x17)[0x7f245812e1e7]
[hydra11:359821] [ 9] /opt/mpi/openmpi-4.1.4//lib/libmpi.so.40(PMPI_Group_incl+0x95)[0x7fd97b587185]
[hydra11:359821] [10] /home/thesis/jheld/MPI_Syrk_implementation/build/src/MPI_SYRK_implementation(+0x841a)[0x55668a46141a]
[hydra11:359821] [11] /home/thesis/jheld/MPI_Syrk_implementation/build/src/MPI_SYRK_implementation(+0x2ab0)[0x55668a45bab0]
[hydra05:379438] [ 6] /lib/x86_64-linux-gnu/libc.so.6(__libc_calloc+0x81)[0x7f3eee7cfbd1]
[hydra07:406471] [ 8] /opt/mpi/openmpi-4.1.4//lib/libmpi.so.40(ompi_group_incl_plist+0x65)[0x7f198c7d1915]
[hydra04:395489] [ 3] /lib/x86_64-linux-gnu/libc.so.6(+0x7a468)[0x7f8dc47e7468]
[hydra10:491260] [ 5] /lib/x86_64-linux-gnu/libc.so.6(+0x8483c)[0x7f4c7a7c083c]
[hydra12:359780] [ 9] /opt/mpi/openmpi-4.1.4//lib/libmpi.so.40(PMPI_Group_incl+0x95)[0x7f7660cda185]
[hydra12:359780] [10] /home/thesis/jheld/MPI_Syrk_implementation/build/src/MPI_SYRK_implementation(+0x841a)[0x563b57f3f41a]
[hydra02:566752] [ 8] /opt/mpi/openmpi-4.1.4//lib/libmpi.so.40(ompi_group_incl_plist+0x65)[0x7f245812e915]
[hydra11:359819] [ 1] /lib/x86_64-linux-gnu/libc.so.6(gsignal+0x141)[0x7fbe4a559d61]
[hydra05:379436] *** End of error message ***
[hydra07:406471] [ 9] /opt/mpi/openmpi-4.1.4//lib/libmpi.so.40(PMPI_Group_incl+0x95)[0x7f198c802185]
[hydra07:406471] [10] /home/thesis/jheld/MPI_Syrk_implementation/build/src/MPI_SYRK_implementation(+0x841a)[0x56331a9b041a]
[hydra04:395489] [ 4] /lib/x86_64-linux-gnu/libc.so.6(+0x8175a)[0x7f8dc47ee75a]
[hydra10:491260] [ 6] /lib/x86_64-linux-gnu/libc.so.6(__libc_calloc+0x81)[0x7f4c7a7c2bd1]
[hydra02:566752] [ 9] /opt/mpi/openmpi-4.1.4//lib/libmpi.so.40(PMPI_Group_incl+0x95)[0x7f245815f185]
[hydra02:566752] [10] /home/thesis/jheld/MPI_Syrk_implementation/build/src/MPI_SYRK_implementation(+0x841a)[0x55f5275ce41a]
[hydra11:359821] [12] /lib/x86_64-linux-gnu/libc.so.6(__libc_start_main+0xea)[0x7fd979625d7a]
[hydra11:359821] [13] /home/thesis/jheld/MPI_Syrk_implementation/build/src/MPI_SYRK_implementation(+0x232a)[0x55668a45b32a]
[hydra11:359821] *** End of error message ***
[hydra05:379438] [ 7] /opt/mpi/openmpi-4.1.4//lib/libmpi.so.40(ompi_group_allocate+0x17)[0x7f3ef069d1e7]
[hydra07:406471] [11] /home/thesis/jheld/MPI_Syrk_implementation/build/src/MPI_SYRK_implementation(+0x2ab0)[0x56331a9aaab0]
[hydra04:395489] [ 5] /lib/x86_64-linux-gnu/libc.so.6(+0x8483c)[0x7f8dc47f183c]
[hydra10:491260] [ 7] /opt/mpi/openmpi-4.1.4//lib/libmpi.so.40(ompi_group_allocate+0x17)[0x7f4c7c6901e7]
[hydra02:566752] [11] /home/thesis/jheld/MPI_Syrk_implementation/build/src/MPI_SYRK_implementation(+0x2ab0)[0x55f5275c8ab0]
[hydra11:359819] [ 2] /lib/x86_64-linux-gnu/libc.so.6(abort+0x123)[0x7fbe4a543537]
[hydra05:379438] [ 8] /opt/mpi/openmpi-4.1.4//lib/libmpi.so.40(ompi_group_incl_plist+0x65)[0x7f3ef069d915]
[hydra07:406471] [12] /lib/x86_64-linux-gnu/libc.so.6(__libc_start_main+0xea)[0x7f198a8a0d7a]
[hydra07:406471] [13] /home/thesis/jheld/MPI_Syrk_implementation/build/src/MPI_SYRK_implementation(+0x232a)[0x56331a9aa32a]
[hydra04:395489] [ 6] /lib/x86_64-linux-gnu/libc.so.6(__libc_calloc+0x81)[0x7f8dc47f3bd1]
[hydra10:491260] [ 8] /opt/mpi/openmpi-4.1.4//lib/libmpi.so.40(ompi_group_incl_plist+0x65)[0x7f4c7c690915]
[hydra02:566752] [12] /lib/x86_64-linux-gnu/libc.so.6(__libc_start_main+0xea)[0x7f24561fdd7a]
[hydra02:566752] [13] /home/thesis/jheld/MPI_Syrk_implementation/build/src/MPI_SYRK_implementation(+0x232a)[0x55f5275c832a]
[hydra11:359819] [ 3] /lib/x86_64-linux-gnu/libc.so.6(+0x7a468)[0x7fbe4a59b468]
[hydra05:379438] [ 9] /opt/mpi/openmpi-4.1.4//lib/libmpi.so.40(PMPI_Group_incl+0x95)[0x7f3ef06ce185]
[hydra05:379438] [10] /home/thesis/jheld/MPI_Syrk_implementation/build/src/MPI_SYRK_implementation(+0x841a)[0x55e82470441a]
[hydra07:406471] *** End of error message ***
[hydra04:395489] [ 7] /opt/mpi/openmpi-4.1.4//lib/libmpi.so.40(ompi_group_allocate+0x17)[0x7f8dc66c11e7]
[hydra10:491260] [ 9] /opt/mpi/openmpi-4.1.4//lib/libmpi.so.40(PMPI_Group_incl+0x95)[0x7f4c7c6c1185]
[hydra10:491260] [10] /home/thesis/jheld/MPI_Syrk_implementation/build/src/MPI_SYRK_implementation(+0x841a)[0x555f9ad2d41a]
[hydra02:566752] *** End of error message ***
[hydra11:359819] [ 4] /lib/x86_64-linux-gnu/libc.so.6(+0x8175a)[0x7fbe4a5a275a]
[hydra05:379438] [11] /home/thesis/jheld/MPI_Syrk_implementation/build/src/MPI_SYRK_implementation(+0x2ab0)[0x55e8246feab0]
[hydra04:395489] [ 8] /opt/mpi/openmpi-4.1.4//lib/libmpi.so.40(ompi_group_incl_plist+0x65)[0x7f8dc66c1915]
[hydra10:491260] [11] /home/thesis/jheld/MPI_Syrk_implementation/build/src/MPI_SYRK_implementation(+0x2ab0)[0x555f9ad27ab0]
[hydra05:379438] [12] /lib/x86_64-linux-gnu/libc.so.6(__libc_start_main+0xea)[0x7f3eee76cd7a]
[hydra05:379438] [13] /home/thesis/jheld/MPI_Syrk_implementation/build/src/MPI_SYRK_implementation(+0x232a)[0x55e8246fe32a]
[hydra04:395489] [ 9] /opt/mpi/openmpi-4.1.4//lib/libmpi.so.40(PMPI_Group_incl+0x95)[0x7f8dc66f2185]
[hydra04:395489] [10] /home/thesis/jheld/MPI_Syrk_implementation/build/src/MPI_SYRK_implementation(+0x841a)[0x55e42099c41a]
[hydra10:491260] [12] /lib/x86_64-linux-gnu/libc.so.6(__libc_start_main+0xea)[0x7f4c7a75fd7a]
[hydra10:491260] [13] /home/thesis/jheld/MPI_Syrk_implementation/build/src/MPI_SYRK_implementation(+0x232a)[0x555f9ad2732a]
[hydra05:379438] *** End of error message ***
[hydra04:395489] [11] /home/thesis/jheld/MPI_Syrk_implementation/build/src/MPI_SYRK_implementation(+0x2ab0)[0x55e420996ab0]
[hydra10:491260] *** End of error message ***
[hydra04:395489] [12] /lib/x86_64-linux-gnu/libc.so.6(__libc_start_main+0xea)[0x7f8dc4790d7a]
[hydra04:395489] [13] /home/thesis/jheld/MPI_Syrk_implementation/build/src/MPI_SYRK_implementation(+0x232a)[0x55e42099632a]
[hydra04:395489] *** End of error message ***
[hydra12:359781] [10] /home/thesis/jheld/MPI_Syrk_implementation/build/src/MPI_SYRK_implementation(+0x841a)[0x558ab3f3c41a]
[hydra12:359781] [11] /home/thesis/jheld/MPI_Syrk_implementation/build/src/MPI_SYRK_implementation(+0x2ab0)[0x558ab3f36ab0]
[hydra12:359780] [11] /home/thesis/jheld/MPI_Syrk_implementation/build/src/MPI_SYRK_implementation(+0x2ab0)[0x563b57f39ab0]
[hydra12:359780] [12] /lib/x86_64-linux-gnu/libc.so.6(__libc_start_main+0xea)[0x7f765ed78d7a]
[hydra11:359819] [ 5] /lib/x86_64-linux-gnu/libc.so.6(+0x8483c)[0x7fbe4a5a583c]
[hydra12:359781] [12] /lib/x86_64-linux-gnu/libc.so.6(__libc_start_main+0xea)[0x7f93e741cd7a]
[hydra12:359781] [13] /home/thesis/jheld/MPI_Syrk_implementation/build/src/MPI_SYRK_implementation(+0x232a)[0x558ab3f3632a]
[hydra12:359781] *** End of error message ***
[hydra11:359819] [ 6] /lib/x86_64-linux-gnu/libc.so.6(__libc_calloc+0x81)[0x7fbe4a5a7bd1]
[hydra12:359780] [13] /home/thesis/jheld/MPI_Syrk_implementation/build/src/MPI_SYRK_implementation(+0x232a)[0x563b57f3932a]
[hydra12:359780] *** End of error message ***
[hydra11:359819] [ 7] /opt/mpi/openmpi-4.1.4//lib/libmpi.so.40(ompi_group_allocate+0x17)[0x7fbe4c4751e7]
[hydra11:359819] [ 8] /opt/mpi/openmpi-4.1.4//lib/libmpi.so.40(ompi_group_incl_plist+0x65)[0x7fbe4c475915]
[hydra11:359819] [ 9] /opt/mpi/openmpi-4.1.4//lib/libmpi.so.40(PMPI_Group_incl+0x95)[0x7fbe4c4a6185]
[hydra11:359819] [10] /home/thesis/jheld/MPI_Syrk_implementation/build/src/MPI_SYRK_implementation(+0x841a)[0x5576916cb41a]
[hydra11:359819] [11] /home/thesis/jheld/MPI_Syrk_implementation/build/src/MPI_SYRK_implementation(+0x2ab0)[0x5576916c5ab0]
[hydra11:359819] [12] /lib/x86_64-linux-gnu/libc.so.6(__libc_start_main+0xea)[0x7fbe4a544d7a]
[hydra11:359819] [13] /home/thesis/jheld/MPI_Syrk_implementation/build/src/MPI_SYRK_implementation(+0x232a)[0x5576916c532a]
[hydra11:359819] *** End of error message ***
srun: error: hydra10: task 29: Aborted
srun: error: hydra08: task 23: Aborted
srun: error: hydra04: task 11: Aborted
srun: error: hydra07: task 19: Aborted
srun: error: hydra09: task 25: Aborted
srun: error: hydra06: task 15: Aborted
srun: error: hydra02: task 3: Aborted
srun: error: hydra05: tasks 12,14: Aborted
srun: error: hydra11: tasks 30,32: Aborted
srun: error: hydra12: tasks 33-34: Aborted
srun: error: hydra01: tasks 0,2: Aborted
slurmstepd: error:  mpi/pmix_v4: _errhandler: hydra09 [8]: pmixp_client_v2.c:211: Error handler invoked: status = -61, source = [slurm.pmix.5008693.14:25]
slurmstepd: error:  mpi/pmix_v4: _errhandler: hydra06 [5]: pmixp_client_v2.c:211: Error handler invoked: status = -61, source = [slurm.pmix.5008693.14:15]
slurmstepd: error:  mpi/pmix_v4: _errhandler: hydra07 [6]: pmixp_client_v2.c:211: Error handler invoked: status = -61, source = [slurm.pmix.5008693.14:19]
slurmstepd: error:  mpi/pmix_v4: _errhandler: hydra11 [10]: pmixp_client_v2.c:211: Error handler invoked: status = -61, source = [slurm.pmix.5008693.14:32]
slurmstepd: error:  mpi/pmix_v4: _errhandler: hydra05 [4]: pmixp_client_v2.c:211: Error handler invoked: status = -61, source = [slurm.pmix.5008693.14:12]
slurmstepd: error:  mpi/pmix_v4: _errhandler: hydra02 [1]: pmixp_client_v2.c:211: Error handler invoked: status = -61, source = [slurm.pmix.5008693.14:3]
slurmstepd: error:  mpi/pmix_v4: _errhandler: hydra08 [7]: pmixp_client_v2.c:211: Error handler invoked: status = -61, source = [slurm.pmix.5008693.14:23]
slurmstepd: error:  mpi/pmix_v4: _errhandler: hydra10 [9]: pmixp_client_v2.c:211: Error handler invoked: status = -61, source = [slurm.pmix.5008693.14:29]
slurmstepd: error:  mpi/pmix_v4: _errhandler: hydra04 [3]: pmixp_client_v2.c:211: Error handler invoked: status = -61, source = [slurm.pmix.5008693.14:11]
slurmstepd: error:  mpi/pmix_v4: _errhandler: hydra01 [0]: pmixp_client_v2.c:211: Error handler invoked: status = -61, source = [slurm.pmix.5008693.14:0]
slurmstepd: error: *** STEP 5008693.14 ON hydra01 CANCELLED AT 2025-10-13T15:31:33 ***
srun: Job step aborted: Waiting up to 32 seconds for job step to finish.
srun: error: hydra05: task 13: Killed
srun: error: hydra11: task 31: Killed
srun: error: hydra01: task 1: Killed
srun: error: hydra12: task 35: Killed
srun: error: hydra06: tasks 16-17: Killed
srun: error: hydra07: tasks 18,20: Killed
srun: error: hydra10: tasks 27-28: Killed
srun: error: hydra04: tasks 9-10: Killed
srun: error: hydra02: tasks 4-5: Killed
srun: error: hydra08: tasks 21-22: Killed
srun: error: hydra09: tasks 24,26: Killed
srun: error: hydra03: tasks 6-8: Killed
⚠️ Warning: No runtime found for run 15
srun: Warning: can't honor --ntasks-per-node set to 1 which doesn't match the requested tasks 36 with the number of requested nodes 12. Ignoring --ntasks-per-node.
missing input file name --> Generate random input
malloc(): invalid size (unsorted)
[hydra11:359887] *** Process received signal ***
[hydra11:359887] Signal: Aborted (6)
[hydra11:359887] Signal code:  (-6)
malloc(): invalid size (unsorted)
[hydra12:359847] *** Process received signal ***
[hydra12:359847] Signal: Aborted (6)
[hydra12:359847] Signal code:  (-6)
malloc(): invalid size (unsorted)
[hydra01:882671] *** Process received signal ***
[hydra01:882671] Signal: Aborted (6)
[hydra01:882671] Signal code:  (-6)
malloc(): invalid size (unsorted)
[hydra01:882673] *** Process received signal ***
[hydra01:882673] Signal: Aborted (6)
[hydra01:882673] Signal code:  (-6)
[hydra01:882671] [ 0] /lib/x86_64-linux-gnu/libc.so.6(+0x38de0)[0x7f82c2842de0]
[hydra01:882671] [ 1] /lib/x86_64-linux-gnu/libc.so.6(gsignal+0x141)[0x7f82c2842d61]
malloc(): invalid size (unsorted)
[hydra05:379502] *** Process received signal ***
[hydra05:379502] Signal: Aborted (6)
[hydra05:379502] Signal code:  (-6)
[hydra01:882671] [ 2] /lib/x86_64-linux-gnu/libc.so.6(abort+0x123)[0x7f82c282c537]
malloc(): invalid size (unsorted)
[hydra09:373102] *** Process received signal ***
[hydra09:373102] Signal: Aborted (6)
[hydra09:373102] Signal code:  (-6)
malloc(): invalid size (unsorted)
[hydra01:882671] [ 3] /lib/x86_64-linux-gnu/libc.so.6(+0x7a468)[0x7f82c2884468]
malloc(): invalid size (unsorted)
[hydra03:396791] *** Process received signal ***
[hydra03:396791] Signal: Aborted (6)
[hydra03:396791] Signal code:  (-6)
malloc(): invalid size (unsorted)
[hydra02:566831] *** Process received signal ***
[hydra02:566831] Signal: Aborted (6)
[hydra02:566831] Signal code:  (-6)
[hydra01:882673] [ 0] /lib/x86_64-linux-gnu/libc.so.6(+0x38de0)[0x7f135ebbade0]
[hydra05:379502] [ 0] /lib/x86_64-linux-gnu/libc.so.6(+0x38de0)[0x7fe3df133de0]
malloc(): invalid size (unsorted)
[hydra07:406536] *** Process received signal ***
[hydra07:406536] Signal: Aborted (6)
[hydra07:406536] Signal code:  (-6)
malloc(): invalid size (unsorted)
[hydra06:380182] *** Process received signal ***
[hydra06:380182] Signal: Aborted (6)
[hydra06:380182] Signal code:  (-6)
[hydra01:882671] [ 4] /lib/x86_64-linux-gnu/libc.so.6(+0x8175a)[0x7f82c288b75a]
[hydra05:379503] *** Process received signal ***
[hydra05:379503] Signal: Aborted (6)
[hydra05:379503] Signal code:  (-6)
malloc(): invalid size (unsorted)
[hydra04:395552] *** Process received signal ***
[hydra04:395552] Signal: Aborted (6)
[hydra04:395552] Signal code:  (-6)
[hydra01:882673] [ 1] /lib/x86_64-linux-gnu/libc.so.6(gsignal+0x141)[0x7f135ebbad61]
[hydra05:379502] [ 1] /lib/x86_64-linux-gnu/libc.so.6(gsignal+0x141)[0x7fe3df133d61]
[hydra01:882671] [ 5] /lib/x86_64-linux-gnu/libc.so.6(+0x8483c)[0x7f82c288e83c]
[hydra05:379502] [ 2] /lib/x86_64-linux-gnu/libc.so.6(abort+0x123)[0x7fe3df11d537]
[hydra03:396791] [ 0] /lib/x86_64-linux-gnu/libc.so.6(+0x38de0)[0x7f21c834ede0]
malloc(): invalid size (unsorted)
[hydra01:882673] [ 2] /lib/x86_64-linux-gnu/libc.so.6(abort+0x123)[0x7f135eba4537]
[hydra05:379502] [ 3] /lib/x86_64-linux-gnu/libc.so.6(+0x7a468)[0x7fe3df175468]
[hydra03:396791] [ 1] /lib/x86_64-linux-gnu/libc.so.6(gsignal+0x141)[0x7f21c834ed61]
[hydra07:406537] *** Process received signal ***
malloc(): invalid size (unsorted)
[hydra10:491329] *** Process received signal ***
[hydra10:491329] Signal: Aborted (6)
[hydra10:491329] Signal code:  (-6)
[hydra01:882671] [ 6] /lib/x86_64-linux-gnu/libc.so.6(__libc_calloc+0x81)[0x7f82c2890bd1]
[hydra05:379502] [ 4] /lib/x86_64-linux-gnu/libc.so.6(+0x8175a)[0x7fe3df17c75a]
[hydra03:396791] [ 2] /lib/x86_64-linux-gnu/libc.so.6(abort+0x123)[0x7f21c8338537]
[hydra07:406536] [ 0] /lib/x86_64-linux-gnu/libc.so.6(+0x38de0)[0x7f27576b3de0]
[hydra01:882673] [ 3] /lib/x86_64-linux-gnu/libc.so.6(+0x7a468)[0x7f135ebfc468]
[hydra05:379503] [ 0] /lib/x86_64-linux-gnu/libc.so.6(+0x38de0)[0x7f0b37a8dde0]
[hydra03:396791] [ 3] /lib/x86_64-linux-gnu/libc.so.6(+0x7a468)[0x7f21c8390468]
[hydra07:406537] Signal: Aborted (6)
[hydra07:406537] Signal code:  (-6)
malloc(): invalid size (unsorted)
[hydra08:381817] *** Process received signal ***
[hydra08:381817] Signal: Aborted (6)
[hydra08:381817] Signal code:  (-6)
[hydra01:882671] [ 7] /opt/mpi/openmpi-4.1.4//lib/libmpi.so.40(ompi_group_allocate+0x17)[0x7f82c475e1e7]
[hydra05:379503] [ 1] /lib/x86_64-linux-gnu/libc.so.6(gsignal+0x141)[0x7f0b37a8dd61]
[hydra07:406536] [ 1] /lib/x86_64-linux-gnu/libc.so.6(gsignal+0x141)[0x7f27576b3d61]
[hydra12:359847] [ 0] /lib/x86_64-linux-gnu/libc.so.6(+0x38de0)[0x7f363f062de0]
[hydra01:882673] [ 4] /lib/x86_64-linux-gnu/libc.so.6(+0x8175a)[0x7f135ec0375a]
[hydra05:379502] [ 5] /lib/x86_64-linux-gnu/libc.so.6(+0x8483c)[0x7fe3df17f83c]
[hydra03:396791] [ 4] /lib/x86_64-linux-gnu/libc.so.6(+0x8175a)[0x7f21c839775a]
[hydra07:406536] [ 2] /lib/x86_64-linux-gnu/libc.so.6(abort+0x123)[0x7f275769d537]
[hydra12:359847] [ 1] /lib/x86_64-linux-gnu/libc.so.6(gsignal+0x141)[0x7f363f062d61]
[hydra01:882671] [ 8] /opt/mpi/openmpi-4.1.4//lib/libmpi.so.40(ompi_group_incl_plist+0x65)[0x7f82c475e915]
[hydra05:379503] [ 2] /lib/x86_64-linux-gnu/libc.so.6(abort+0x123)[0x7f0b37a77537]
[hydra03:396791] [ 5] /lib/x86_64-linux-gnu/libc.so.6(+0x8483c)[0x7f21c839a83c]
[hydra07:406536] [ 3] /lib/x86_64-linux-gnu/libc.so.6(+0x7a468)[0x7f27576f5468]
[hydra11:359887] [ 0] /lib/x86_64-linux-gnu/libc.so.6(+0x38de0)[0x7fe4c9e24de0]
[hydra12:359847] [ 2] /lib/x86_64-linux-gnu/libc.so.6(abort+0x123)[0x7f363f04c537]
[hydra01:882673] [ 5] /lib/x86_64-linux-gnu/libc.so.6(+0x8483c)[0x7f135ec0683c]
[hydra05:379502] [ 6] /lib/x86_64-linux-gnu/libc.so.6(__libc_calloc+0x81)[0x7fe3df181bd1]
[hydra03:396791] [ 6] /lib/x86_64-linux-gnu/libc.so.6(__libc_calloc+0x81)[0x7f21c839cbd1]
[hydra07:406537] [ 0] /lib/x86_64-linux-gnu/libc.so.6(+0x38de0)[0x7f239a638de0]
[hydra11:359887] [ 1] /lib/x86_64-linux-gnu/libc.so.6(gsignal+0x141)[0x7fe4c9e24d61]
[hydra12:359847] [ 3] /lib/x86_64-linux-gnu/libc.so.6(+0x7a468)[0x7f363f0a4468]
[hydra01:882671] [ 9] /opt/mpi/openmpi-4.1.4//lib/libmpi.so.40(PMPI_Group_incl+0x95)[0x7f82c478f185]
[hydra05:379502] [ 7] /opt/mpi/openmpi-4.1.4//lib/libmpi.so.40(ompi_group_allocate+0x17)[0x7fe3e104f1e7]
[hydra03:396791] [ 7] /opt/mpi/openmpi-4.1.4//lib/libmpi.so.40(ompi_group_allocate+0x17)[0x7f21ca26a1e7]
[hydra07:406536] [ 4] /lib/x86_64-linux-gnu/libc.so.6(+0x8175a)[0x7f27576fc75a]
[hydra11:359887] [ 2] /lib/x86_64-linux-gnu/libc.so.6(abort+0x123)[0x7fe4c9e0e537]
[hydra12:359847] [ 4] /lib/x86_64-linux-gnu/libc.so.6(+0x8175a)[0x7f363f0ab75a]
malloc(): invalid size (unsorted)
[hydra01:882671] [10] /home/thesis/jheld/MPI_Syrk_implementation/build/src/MPI_SYRK_implementation(+0x841a)[0x55fd77cac41a]
[hydra01:882671] [11] /home/thesis/jheld/MPI_Syrk_implementation/build/src/MPI_SYRK_implementation(+0x2ab0)[0x55fd77ca6ab0]
[hydra05:379503] [ 3] /lib/x86_64-linux-gnu/libc.so.6(+0x7a468)[0x7f0b37acf468]
[hydra03:396791] [ 8] /opt/mpi/openmpi-4.1.4//lib/libmpi.so.40(ompi_group_incl_plist+0x65)[0x7f21ca26a915]
[hydra07:406537] [ 1] /lib/x86_64-linux-gnu/libc.so.6(gsignal+0x141)[0x7f239a638d61]
[hydra11:359887] [ 3] /lib/x86_64-linux-gnu/libc.so.6(+0x7a468)[0x7fe4c9e66468]
malloc(): invalid size (unsorted)
[hydra04:395553] *** Process received signal ***
[hydra04:395553] Signal: Aborted (6)
[hydra04:395553] Signal code:  (-6)
[hydra12:359847] [ 5] /lib/x86_64-linux-gnu/libc.so.6(+0x8483c)[0x7f363f0ae83c]
[hydra09:373102] [ 0] /lib/x86_64-linux-gnu/libc.so.6(+0x38de0)[0x7f4278b50de0]
[hydra01:882673] [ 6] /lib/x86_64-linux-gnu/libc.so.6(__libc_calloc+0x81)[0x7f135ec08bd1]
[hydra05:379502] [ 8] /opt/mpi/openmpi-4.1.4//lib/libmpi.so.40(ompi_group_incl_plist+0x65)[0x7fe3e104f915]
[hydra03:396791] [ 9] /opt/mpi/openmpi-4.1.4//lib/libmpi.so.40(PMPI_Group_incl+0x95)[0x7f21ca29b185]
[hydra03:396791] [10] /home/thesis/jheld/MPI_Syrk_implementation/build/src/MPI_SYRK_implementation(+0x841a)[0x55e3cadbb41a]
[hydra07:406536] [ 5] /lib/x86_64-linux-gnu/libc.so.6(+0x8483c)[0x7f27576ff83c]
[hydra11:359887] [ 4] /lib/x86_64-linux-gnu/libc.so.6(+0x8175a)[0x7fe4c9e6d75a]
[hydra04:395552] [ 0] /lib/x86_64-linux-gnu/libc.so.6(+0x38de0)[0x7f25c22e9de0]
[hydra12:359847] [ 6] /lib/x86_64-linux-gnu/libc.so.6(__libc_calloc+0x81)[0x7f363f0b0bd1]
[hydra09:373104] *** Process received signal ***
[hydra01:882671] [12] /lib/x86_64-linux-gnu/libc.so.6(__libc_start_main+0xea)[0x7f82c282dd7a]
[hydra05:379503] [ 4] /lib/x86_64-linux-gnu/libc.so.6(+0x8175a)[0x7f0b37ad675a]
[hydra03:396791] [11] /home/thesis/jheld/MPI_Syrk_implementation/build/src/MPI_SYRK_implementation(+0x2ab0)[0x55e3cadb5ab0]
[hydra07:406537] [ 2] /lib/x86_64-linux-gnu/libc.so.6(abort+0x123)[0x7f239a622537]
malloc(): invalid size (unsorted)
[hydra11:359885] *** Process received signal ***
[hydra11:359885] Signal: Aborted (6)
[hydra11:359885] Signal code:  (-6)
[hydra04:395553] [ 0] /lib/x86_64-linux-gnu/libc.so.6(+0x38de0)[0x7f0ce1281de0]
[hydra12:359847] [ 7] /opt/mpi/openmpi-4.1.4//lib/libmpi.so.40(ompi_group_allocate+0x17)[0x7f3640f7e1e7]
[hydra09:373104] Signal: Aborted (6)
[hydra09:373104] Signal code:  (-6)
[hydra02:566831] [ 0] /lib/x86_64-linux-gnu/libc.so.6(+0x38de0)[0x7eff2f346de0]
[hydra01:882673] [ 7] /opt/mpi/openmpi-4.1.4//lib/libmpi.so.40(ompi_group_allocate+0x17)[0x7f1360ad61e7]
[hydra05:379502] [ 9] /opt/mpi/openmpi-4.1.4//lib/libmpi.so.40(PMPI_Group_incl+0x95)[0x7fe3e1080185]
[hydra03:396791] [12] /lib/x86_64-linux-gnu/libc.so.6(__libc_start_main+0xea)[0x7f21c8339d7a]
[hydra03:396791] [13] /home/thesis/jheld/MPI_Syrk_implementation/build/src/MPI_SYRK_implementation(+0x232a)[0x55e3cadb532a]
[hydra07:406536] [ 6] /lib/x86_64-linux-gnu/libc.so.6(__libc_calloc+0x81)[0x7f2757701bd1]
[hydra11:359887] [ 5] /lib/x86_64-linux-gnu/libc.so.6(+0x8483c)[0x7fe4c9e7083c]
[hydra11:359887] [ 6] /lib/x86_64-linux-gnu/libc.so.6(__libc_calloc+0x81)[0x7fe4c9e72bd1]
[hydra11:359887] [ 7] /opt/mpi/openmpi-4.1.4//lib/libmpi.so.40(ompi_group_allocate+0x17)[0x7fe4cbd401e7]
[hydra04:395553] [ 1] /lib/x86_64-linux-gnu/libc.so.6(gsignal+0x141)[0x7f0ce1281d61]
malloc(): invalid size (unsorted)
[hydra10:491330] *** Process received signal ***
[hydra10:491330] Signal: Aborted (6)
[hydra10:491330] Signal code:  (-6)
[hydra12:359847] [ 8] /opt/mpi/openmpi-4.1.4//lib/libmpi.so.40(ompi_group_incl_plist+0x65)[0x7f3640f7e915]
[hydra09:373102] [ 1] /lib/x86_64-linux-gnu/libc.so.6(gsignal+0x141)[0x7f4278b50d61]
[hydra06:380182] [ 0] /lib/x86_64-linux-gnu/libc.so.6(+0x38de0)[0x7f389d96bde0]
[hydra02:566831] [ 1] /lib/x86_64-linux-gnu/libc.so.6(gsignal+0x141)[0x7eff2f346d61]
[hydra01:882671] [13] /home/thesis/jheld/MPI_Syrk_implementation/build/src/MPI_SYRK_implementation(+0x232a)[0x55fd77ca632a]
[hydra01:882671] *** End of error message ***
[hydra05:379502] [10] /home/thesis/jheld/MPI_Syrk_implementation/build/src/MPI_SYRK_implementation(+0x841a)[0x563854a0b41a]
[hydra05:379502] [11] /home/thesis/jheld/MPI_Syrk_implementation/build/src/MPI_SYRK_implementation(+0x2ab0)[0x563854a05ab0]
[hydra03:396791] *** End of error message ***
[hydra07:406537] [ 3] /lib/x86_64-linux-gnu/libc.so.6(+0x7a468)[0x7f239a67a468]
[hydra11:359887] [ 8] /opt/mpi/openmpi-4.1.4//lib/libmpi.so.40(ompi_group_incl_plist+0x65)[0x7fe4cbd40915]
[hydra04:395552] [ 1] /lib/x86_64-linux-gnu/libc.so.6(gsignal+0x141)[0x7f25c22e9d61]
[hydra10:491329] [ 0] /lib/x86_64-linux-gnu/libc.so.6(+0x38de0)[0x7f7730c82de0]
[hydra12:359847] [ 9] /opt/mpi/openmpi-4.1.4//lib/libmpi.so.40(PMPI_Group_incl+0x95)[0x7f3640faf185]
[hydra12:359847] [10] /home/thesis/jheld/MPI_Syrk_implementation/build/src/MPI_SYRK_implementation(+0x841a)[0x558591f8141a]
[hydra09:373102] [ 2] /lib/x86_64-linux-gnu/libc.so.6(abort+0x123)[0x7f4278b3a537]
[hydra06:380182] [ 1] /lib/x86_64-linux-gnu/libc.so.6(gsignal+0x141)[0x7f389d96bd61]
[hydra02:566831] [ 2] /lib/x86_64-linux-gnu/libc.so.6(abort+0x123)[0x7eff2f330537]
[hydra01:882673] [ 8] /opt/mpi/openmpi-4.1.4//lib/libmpi.so.40(ompi_group_incl_plist+0x65)[0x7f1360ad6915]
[hydra05:379503] [ 5] /lib/x86_64-linux-gnu/libc.so.6(+0x8483c)[0x7f0b37ad983c]
[hydra07:406536] [ 7] /opt/mpi/openmpi-4.1.4//lib/libmpi.so.40(ompi_group_allocate+0x17)[0x7f27595cf1e7]
[hydra11:359887] [ 9] /opt/mpi/openmpi-4.1.4//lib/libmpi.so.40(PMPI_Group_incl+0x95)[0x7fe4cbd71185]
[hydra11:359887] [10] /home/thesis/jheld/MPI_Syrk_implementation/build/src/MPI_SYRK_implementation(+0x841a)[0x5594b41a241a]
[hydra08:381817] [ 0] /lib/x86_64-linux-gnu/libc.so.6(+0x38de0)[0x7f0eaec3ede0]
[hydra04:395552] [ 2] /lib/x86_64-linux-gnu/libc.so.6(abort+0x123)[0x7f25c22d3537]
[hydra10:491330] [ 0] /lib/x86_64-linux-gnu/libc.so.6(+0x38de0)[0x7f73ac9f5de0]
[hydra12:359847] [11] /home/thesis/jheld/MPI_Syrk_implementation/build/src/MPI_SYRK_implementation(+0x2ab0)[0x558591f7bab0]
[hydra09:373102] [ 3] /lib/x86_64-linux-gnu/libc.so.6(+0x7a468)[0x7f4278b92468]
[hydra06:380182] [ 2] /lib/x86_64-linux-gnu/libc.so.6(abort+0x123)[0x7f389d955537]
[hydra02:566831] [ 3] /lib/x86_64-linux-gnu/libc.so.6(+0x7a468)[0x7eff2f388468]
[hydra01:882673] [ 9] /opt/mpi/openmpi-4.1.4//lib/libmpi.so.40(PMPI_Group_incl+0x95)[0x7f1360b07185]
[hydra05:379502] [12] /lib/x86_64-linux-gnu/libc.so.6(__libc_start_main+0xea)[0x7fe3df11ed7a]
[hydra05:379502] [13] /home/thesis/jheld/MPI_Syrk_implementation/build/src/MPI_SYRK_implementation(+0x232a)[0x563854a0532a]
[hydra07:406536] [ 8] /opt/mpi/openmpi-4.1.4//lib/libmpi.so.40(ompi_group_incl_plist+0x65)[0x7f27595cf915]
[hydra11:359887] [11] /home/thesis/jheld/MPI_Syrk_implementation/build/src/MPI_SYRK_implementation(+0x2ab0)[0x5594b419cab0]
[hydra08:381817] [ 1] /lib/x86_64-linux-gnu/libc.so.6(gsignal+0x141)[0x7f0eaec3ed61]
[hydra04:395553] [ 2] /lib/x86_64-linux-gnu/libc.so.6(abort+0x123)[0x7f0ce126b537]
[hydra10:491329] [ 1] /lib/x86_64-linux-gnu/libc.so.6(gsignal+0x141)[0x7f7730c82d61]
[hydra12:359847] [12] /lib/x86_64-linux-gnu/libc.so.6(__libc_start_main+0xea)[0x7f363f04dd7a]
[hydra12:359847] [13] /home/thesis/jheld/MPI_Syrk_implementation/build/src/MPI_SYRK_implementation(+0x232a)[0x558591f7b32a]
[hydra09:373102] [ 4] /lib/x86_64-linux-gnu/libc.so.6(+0x8175a)[0x7f4278b9975a]
[hydra06:380182] [ 3] /lib/x86_64-linux-gnu/libc.so.6(+0x7a468)[0x7f389d9ad468]
[hydra02:566831] [ 4] /lib/x86_64-linux-gnu/libc.so.6(+0x8175a)[0x7eff2f38f75a]
[hydra01:882673] [10] /home/thesis/jheld/MPI_Syrk_implementation/build/src/MPI_SYRK_implementation(+0x841a)[0x558c7deac41a]
[hydra01:882673] [11] /home/thesis/jheld/MPI_Syrk_implementation/build/src/MPI_SYRK_implementation(+0x2ab0)[0x558c7dea6ab0]
[hydra05:379503] [ 6] /lib/x86_64-linux-gnu/libc.so.6(__libc_calloc+0x81)[0x7f0b37adbbd1]
[hydra07:406537] [ 4] /lib/x86_64-linux-gnu/libc.so.6(+0x8175a)[0x7f239a68175a]
[hydra11:359887] [12] /lib/x86_64-linux-gnu/libc.so.6(__libc_start_main+0xea)[0x7fe4c9e0fd7a]
[hydra08:381817] [ 2] /lib/x86_64-linux-gnu/libc.so.6(abort+0x123)[0x7f0eaec28537]
[hydra04:395552] [ 3] /lib/x86_64-linux-gnu/libc.so.6(+0x7a468)[0x7f25c232b468]
[hydra10:491330] [ 1] /lib/x86_64-linux-gnu/libc.so.6(gsignal+0x141)[0x7f73ac9f5d61]
[hydra12:359847] *** End of error message ***
[hydra09:373104] [ 0] /lib/x86_64-linux-gnu/libc.so.6(+0x38de0)[0x7f4849fe1de0]
[hydra06:380182] [ 4] /lib/x86_64-linux-gnu/libc.so.6(+0x8175a)[0x7f389d9b475a]
[hydra02:566831] [ 5] /lib/x86_64-linux-gnu/libc.so.6(+0x8483c)[0x7eff2f39283c]
[hydra01:882673] [12] /lib/x86_64-linux-gnu/libc.so.6(__libc_start_main+0xea)[0x7f135eba5d7a]
[hydra01:882673] [13] /home/thesis/jheld/MPI_Syrk_implementation/build/src/MPI_SYRK_implementation(+0x232a)[0x558c7dea632a]
[hydra05:379502] *** End of error message ***
[hydra07:406536] [ 9] /opt/mpi/openmpi-4.1.4//lib/libmpi.so.40(PMPI_Group_incl+0x95)[0x7f2759600185]
[hydra07:406536] [10] /home/thesis/jheld/MPI_Syrk_implementation/build/src/MPI_SYRK_implementation(+0x841a)[0x55ea7807041a]
[hydra11:359885] [ 0] /lib/x86_64-linux-gnu/libc.so.6(+0x38de0)[0x7fdaf4b90de0]
[hydra08:381817] [ 3] /lib/x86_64-linux-gnu/libc.so.6(+0x7a468)[0x7f0eaec80468]
[hydra04:395553] [ 3] /lib/x86_64-linux-gnu/libc.so.6(+0x7a468)[0x7f0ce12c3468]
[hydra10:491329] [ 2] /lib/x86_64-linux-gnu/libc.so.6(abort+0x123)[0x7f7730c6c537]
[hydra09:373104] [ 1] /lib/x86_64-linux-gnu/libc.so.6(gsignal+0x141)[0x7f4849fe1d61]
[hydra06:380182] [ 5] /lib/x86_64-linux-gnu/libc.so.6(+0x8483c)[0x7f389d9b783c]
[hydra02:566831] [ 6] /lib/x86_64-linux-gnu/libc.so.6(__libc_calloc+0x81)[0x7eff2f394bd1]
[hydra01:882673] *** End of error message ***
[hydra05:379503] [ 7] /opt/mpi/openmpi-4.1.4//lib/libmpi.so.40(ompi_group_allocate+0x17)[0x7f0b399a91e7]
[hydra07:406537] [ 5] /lib/x86_64-linux-gnu/libc.so.6(+0x8483c)[0x7f239a68483c]
[hydra11:359887] [13] /home/thesis/jheld/MPI_Syrk_implementation/build/src/MPI_SYRK_implementation(+0x232a)[0x5594b419c32a]
[hydra11:359887] *** End of error message ***
[hydra08:381817] [ 4] /lib/x86_64-linux-gnu/libc.so.6(+0x8175a)[0x7f0eaec8775a]
[hydra04:395552] [ 4] /lib/x86_64-linux-gnu/libc.so.6(+0x8175a)[0x7f25c233275a]
[hydra10:491330] [ 2] /lib/x86_64-linux-gnu/libc.so.6(abort+0x123)[0x7f73ac9df537]
[hydra09:373102] [ 5] /lib/x86_64-linux-gnu/libc.so.6(+0x8483c)[0x7f4278b9c83c]
[hydra06:380182] [ 6] /lib/x86_64-linux-gnu/libc.so.6(__libc_calloc+0x81)[0x7f389d9b9bd1]
[hydra02:566831] [ 7] /opt/mpi/openmpi-4.1.4//lib/libmpi.so.40(ompi_group_allocate+0x17)[0x7eff312621e7]
[hydra05:379503] [ 8] /opt/mpi/openmpi-4.1.4//lib/libmpi.so.40(ompi_group_incl_plist+0x65)[0x7f0b399a9915]
[hydra07:406536] [11] /home/thesis/jheld/MPI_Syrk_implementation/build/src/MPI_SYRK_implementation(+0x2ab0)[0x55ea7806aab0]
[hydra11:359885] [ 1] /lib/x86_64-linux-gnu/libc.so.6(gsignal+0x141)[0x7fdaf4b90d61]
[hydra08:381817] [ 5] /lib/x86_64-linux-gnu/libc.so.6(+0x8483c)[0x7f0eaec8a83c]
[hydra04:395553] [ 4] /lib/x86_64-linux-gnu/libc.so.6(+0x8175a)[0x7f0ce12ca75a]
[hydra10:491329] [ 3] /lib/x86_64-linux-gnu/libc.so.6(+0x7a468)[0x7f7730cc4468]
[hydra09:373104] [ 2] /lib/x86_64-linux-gnu/libc.so.6(abort+0x123)[0x7f4849fcb537]
[hydra06:380182] [ 7] /opt/mpi/openmpi-4.1.4//lib/libmpi.so.40(ompi_group_allocate+0x17)[0x7f389f8871e7]
[hydra02:566831] [ 8] /opt/mpi/openmpi-4.1.4//lib/libmpi.so.40(ompi_group_incl_plist+0x65)[0x7eff31262915]
[hydra05:379503] [ 9] /opt/mpi/openmpi-4.1.4//lib/libmpi.so.40(PMPI_Group_incl+0x95)[0x7f0b399da185]
[hydra05:379503] [10] /home/thesis/jheld/MPI_Syrk_implementation/build/src/MPI_SYRK_implementation(+0x841a)[0x55754bc0741a]
[hydra07:406536] [12] /lib/x86_64-linux-gnu/libc.so.6(__libc_start_main+0xea)[0x7f275769ed7a]
[hydra11:359885] [ 2] /lib/x86_64-linux-gnu/libc.so.6(abort+0x123)[0x7fdaf4b7a537]
[hydra08:381817] [ 6] /lib/x86_64-linux-gnu/libc.so.6(__libc_calloc+0x81)[0x7f0eaec8cbd1]
[hydra04:395552] [ 5] /lib/x86_64-linux-gnu/libc.so.6(+0x8483c)[0x7f25c233583c]
[hydra10:491330] [ 3] /lib/x86_64-linux-gnu/libc.so.6(+0x7a468)[0x7f73aca37468]
[hydra09:373102] [ 6] /lib/x86_64-linux-gnu/libc.so.6(__libc_calloc+0x81)[0x7f4278b9ebd1]
[hydra06:380182] [ 8] /opt/mpi/openmpi-4.1.4//lib/libmpi.so.40(ompi_group_incl_plist+0x65)[0x7f389f887915]
[hydra02:566831] [ 9] /opt/mpi/openmpi-4.1.4//lib/libmpi.so.40(PMPI_Group_incl+0x95)[0x7eff31293185]
[hydra05:379503] [11] /home/thesis/jheld/MPI_Syrk_implementation/build/src/MPI_SYRK_implementation(+0x2ab0)[0x55754bc01ab0]
[hydra07:406537] [ 6] /lib/x86_64-linux-gnu/libc.so.6(__libc_calloc+0x81)[0x7f239a686bd1]
[hydra11:359885] [ 3] /lib/x86_64-linux-gnu/libc.so.6(+0x7a468)[0x7fdaf4bd2468]
[hydra08:381817] [ 7] /opt/mpi/openmpi-4.1.4//lib/libmpi.so.40(ompi_group_allocate+0x17)[0x7f0eb0b5a1e7]
[hydra04:395553] [ 5] /lib/x86_64-linux-gnu/libc.so.6(+0x8483c)[0x7f0ce12cd83c]
[hydra10:491329] [ 4] /lib/x86_64-linux-gnu/libc.so.6(+0x8175a)[0x7f7730ccb75a]
[hydra09:373102] [ 7] /opt/mpi/openmpi-4.1.4//lib/libmpi.so.40(ompi_group_allocate+0x17)[0x7f427aa6c1e7]
[hydra06:380182] [ 9] /opt/mpi/openmpi-4.1.4//lib/libmpi.so.40(PMPI_Group_incl+0x95)[0x7f389f8b8185]
[hydra06:380182] [10] /home/thesis/jheld/MPI_Syrk_implementation/build/src/MPI_SYRK_implementation(+0x841a)[0x561d4d7b741a]
[hydra02:566831] [10] /home/thesis/jheld/MPI_Syrk_implementation/build/src/MPI_SYRK_implementation(+0x841a)[0x560ea775e41a]
[hydra02:566831] [11] /home/thesis/jheld/MPI_Syrk_implementation/build/src/MPI_SYRK_implementation(+0x2ab0)[0x560ea7758ab0]
[hydra05:379503] [12] /lib/x86_64-linux-gnu/libc.so.6(__libc_start_main+0xea)[0x7f0b37a78d7a]
[hydra07:406536] [13] /home/thesis/jheld/MPI_Syrk_implementation/build/src/MPI_SYRK_implementation(+0x232a)[0x55ea7806a32a]
[hydra07:406536] *** End of error message ***
[hydra08:381817] [ 8] /opt/mpi/openmpi-4.1.4//lib/libmpi.so.40(ompi_group_incl_plist+0x65)[0x7f0eb0b5a915]
[hydra04:395552] [ 6] /lib/x86_64-linux-gnu/libc.so.6(__libc_calloc+0x81)[0x7f25c2337bd1]
[hydra10:491330] [ 4] /lib/x86_64-linux-gnu/libc.so.6(+0x8175a)[0x7f73aca3e75a]
[hydra09:373104] [ 3] /lib/x86_64-linux-gnu/libc.so.6(+0x7a468)[0x7f484a023468]
[hydra06:380182] [11] /home/thesis/jheld/MPI_Syrk_implementation/build/src/MPI_SYRK_implementation(+0x2ab0)[0x561d4d7b1ab0]
[hydra02:566831] [12] /lib/x86_64-linux-gnu/libc.so.6(__libc_start_main+0xea)[0x7eff2f331d7a]
[hydra02:566831] [13] /home/thesis/jheld/MPI_Syrk_implementation/build/src/MPI_SYRK_implementation(+0x232a)[0x560ea775832a]
[hydra05:379503] [13] /home/thesis/jheld/MPI_Syrk_implementation/build/src/MPI_SYRK_implementation(+0x232a)[0x55754bc0132a]
[hydra05:379503] *** End of error message ***
[hydra07:406537] [ 7] /opt/mpi/openmpi-4.1.4//lib/libmpi.so.40(ompi_group_allocate+0x17)[0x7f239c5541e7]
[hydra08:381817] [ 9] /opt/mpi/openmpi-4.1.4//lib/libmpi.so.40(PMPI_Group_incl+0x95)[0x7f0eb0b8b185]
[hydra04:395553] [ 6] /lib/x86_64-linux-gnu/libc.so.6(__libc_calloc+0x81)[0x7f0ce12cfbd1]
[hydra10:491329] [ 5] /lib/x86_64-linux-gnu/libc.so.6(+0x8483c)[0x7f7730cce83c]
[hydra09:373102] [ 8] /opt/mpi/openmpi-4.1.4//lib/libmpi.so.40(ompi_group_incl_plist+0x65)[0x7f427aa6c915]
[hydra06:380182] [12] /lib/x86_64-linux-gnu/libc.so.6(__libc_start_main+0xea)[0x7f389d956d7a]
[hydra02:566831] *** End of error message ***
[hydra07:406537] [ 8] /opt/mpi/openmpi-4.1.4//lib/libmpi.so.40(ompi_group_incl_plist+0x65)[0x7f239c554915]
[hydra08:381817] [10] /home/thesis/jheld/MPI_Syrk_implementation/build/src/MPI_SYRK_implementation(+0x841a)[0x5571f674541a]
[hydra08:381817] [11] /home/thesis/jheld/MPI_Syrk_implementation/build/src/MPI_SYRK_implementation(+0x2ab0)[0x5571f673fab0]
[hydra04:395552] [ 7] /opt/mpi/openmpi-4.1.4//lib/libmpi.so.40(ompi_group_allocate+0x17)[0x7f25c42051e7]
[hydra10:491330] [ 5] /lib/x86_64-linux-gnu/libc.so.6(+0x8483c)[0x7f73aca4183c]
[hydra09:373104] [ 4] /lib/x86_64-linux-gnu/libc.so.6(+0x8175a)[0x7f484a02a75a]
[hydra06:380182] [13] /home/thesis/jheld/MPI_Syrk_implementation/build/src/MPI_SYRK_implementation(+0x232a)[0x561d4d7b132a]
[hydra06:380182] *** End of error message ***
[hydra07:406537] [ 9] /opt/mpi/openmpi-4.1.4//lib/libmpi.so.40(PMPI_Group_incl+0x95)[0x7f239c585185]
[hydra07:406537] [10] /home/thesis/jheld/MPI_Syrk_implementation/build/src/MPI_SYRK_implementation(+0x841a)[0x55faaaacf41a]
[hydra08:381817] [12] /lib/x86_64-linux-gnu/libc.so.6(__libc_start_main+0xea)[0x7f0eaec29d7a]
[hydra08:381817] [13] /home/thesis/jheld/MPI_Syrk_implementation/build/src/MPI_SYRK_implementation(+0x232a)[0x5571f673f32a]
[hydra04:395553] [ 7] /opt/mpi/openmpi-4.1.4//lib/libmpi.so.40(ompi_group_allocate+0x17)[0x7f0ce319d1e7]
[hydra10:491329] [ 6] /lib/x86_64-linux-gnu/libc.so.6(__libc_calloc+0x81)[0x7f7730cd0bd1]
[hydra09:373102] [ 9] /opt/mpi/openmpi-4.1.4//lib/libmpi.so.40(PMPI_Group_incl+0x95)[0x7f427aa9d185]
[hydra09:373102] [10] /home/thesis/jheld/MPI_Syrk_implementation/build/src/MPI_SYRK_implementation(+0x841a)[0x564cd632b41a]
[hydra07:406537] [11] /home/thesis/jheld/MPI_Syrk_implementation/build/src/MPI_SYRK_implementation(+0x2ab0)[0x55faaaac9ab0]
[hydra08:381817] *** End of error message ***
[hydra04:395552] [ 8] /opt/mpi/openmpi-4.1.4//lib/libmpi.so.40(ompi_group_incl_plist+0x65)[0x7f25c4205915]
[hydra10:491330] [ 6] /lib/x86_64-linux-gnu/libc.so.6(__libc_calloc+0x81)[0x7f73aca43bd1]
[hydra09:373102] [11] /home/thesis/jheld/MPI_Syrk_implementation/build/src/MPI_SYRK_implementation(+0x2ab0)[0x564cd6325ab0]
[hydra07:406537] [12] /lib/x86_64-linux-gnu/libc.so.6(__libc_start_main+0xea)[0x7f239a623d7a]
[hydra07:406537] [13] /home/thesis/jheld/MPI_Syrk_implementation/build/src/MPI_SYRK_implementation(+0x232a)[0x55faaaac932a]
[hydra04:395553] [ 8] /opt/mpi/openmpi-4.1.4//lib/libmpi.so.40(ompi_group_incl_plist+0x65)[0x7f0ce319d915]
[hydra10:491329] [ 7] /opt/mpi/openmpi-4.1.4//lib/libmpi.so.40(ompi_group_allocate+0x17)[0x7f7732b9e1e7]
[hydra09:373104] [ 5] /lib/x86_64-linux-gnu/libc.so.6(+0x8483c)[0x7f484a02d83c]
[hydra07:406537] *** End of error message ***
[hydra04:395552] [ 9] /opt/mpi/openmpi-4.1.4//lib/libmpi.so.40(PMPI_Group_incl+0x95)[0x7f25c4236185]
[hydra10:491330] [ 7] /opt/mpi/openmpi-4.1.4//lib/libmpi.so.40(ompi_group_allocate+0x17)[0x7f73ae9111e7]
[hydra09:373102] [12] /lib/x86_64-linux-gnu/libc.so.6(__libc_start_main+0xea)[0x7f4278b3bd7a]
[hydra09:373102] [13] /home/thesis/jheld/MPI_Syrk_implementation/build/src/MPI_SYRK_implementation(+0x232a)[0x564cd632532a]
[hydra04:395553] [ 9] /opt/mpi/openmpi-4.1.4//lib/libmpi.so.40(PMPI_Group_incl+0x95)[0x7f0ce31ce185]
[hydra04:395553] [10] /home/thesis/jheld/MPI_Syrk_implementation/build/src/MPI_SYRK_implementation(+0x841a)[0x55893f0bb41a]
[hydra04:395553] [11] /home/thesis/jheld/MPI_Syrk_implementation/build/src/MPI_SYRK_implementation(+0x2ab0)[0x55893f0b5ab0]
[hydra10:491329] [ 8] /opt/mpi/openmpi-4.1.4//lib/libmpi.so.40(ompi_group_incl_plist+0x65)[0x7f7732b9e915]
[hydra09:373102] *** End of error message ***
[hydra04:395552] [10] /home/thesis/jheld/MPI_Syrk_implementation/build/src/MPI_SYRK_implementation(+0x841a)[0x55abd83fa41a]
[hydra04:395552] [11] /home/thesis/jheld/MPI_Syrk_implementation/build/src/MPI_SYRK_implementation(+0x2ab0)[0x55abd83f4ab0]
[hydra10:491330] [ 8] /opt/mpi/openmpi-4.1.4//lib/libmpi.so.40(ompi_group_incl_plist+0x65)[0x7f73ae911915]
[hydra09:373104] [ 6] /lib/x86_64-linux-gnu/libc.so.6(__libc_calloc+0x81)[0x7f484a02fbd1]
[hydra04:395553] [12] /lib/x86_64-linux-gnu/libc.so.6(__libc_start_main+0xea)[0x7f0ce126cd7a]
[hydra10:491329] [ 9] /opt/mpi/openmpi-4.1.4//lib/libmpi.so.40(PMPI_Group_incl+0x95)[0x7f7732bcf185]
[hydra04:395552] [12] /lib/x86_64-linux-gnu/libc.so.6(__libc_start_main+0xea)[0x7f25c22d4d7a]
[hydra04:395552] [13] /home/thesis/jheld/MPI_Syrk_implementation/build/src/MPI_SYRK_implementation(+0x232a)[0x55abd83f432a]
[hydra04:395552] *** End of error message ***
[hydra10:491330] [ 9] /opt/mpi/openmpi-4.1.4//lib/libmpi.so.40(PMPI_Group_incl+0x95)[0x7f73ae942185]
[hydra10:491330] [10] /home/thesis/jheld/MPI_Syrk_implementation/build/src/MPI_SYRK_implementation(+0x841a)[0x562d524c641a]
[hydra04:395553] [13] /home/thesis/jheld/MPI_Syrk_implementation/build/src/MPI_SYRK_implementation(+0x232a)[0x55893f0b532a]
[hydra04:395553] *** End of error message ***
[hydra10:491329] [10] /home/thesis/jheld/MPI_Syrk_implementation/build/src/MPI_SYRK_implementation(+0x841a)[0x56471216341a]
[hydra10:491329] [11] /home/thesis/jheld/MPI_Syrk_implementation/build/src/MPI_SYRK_implementation(+0x2ab0)[0x56471215dab0]
[hydra10:491330] [11] /home/thesis/jheld/MPI_Syrk_implementation/build/src/MPI_SYRK_implementation(+0x2ab0)[0x562d524c0ab0]
[hydra10:491329] [12] /lib/x86_64-linux-gnu/libc.so.6(__libc_start_main+0xea)[0x7f7730c6dd7a]
[hydra10:491329] [13] /home/thesis/jheld/MPI_Syrk_implementation/build/src/MPI_SYRK_implementation(+0x232a)[0x56471215d32a]
[hydra10:491329] *** End of error message ***
[hydra10:491330] [12] /lib/x86_64-linux-gnu/libc.so.6(__libc_start_main+0xea)[0x7f73ac9e0d7a]
[hydra10:491330] [13] /home/thesis/jheld/MPI_Syrk_implementation/build/src/MPI_SYRK_implementation(+0x232a)[0x562d524c032a]
[hydra10:491330] *** End of error message ***
[hydra09:373104] [ 7] /opt/mpi/openmpi-4.1.4//lib/libmpi.so.40(ompi_group_allocate+0x17)[0x7f484befd1e7]
[hydra09:373104] [ 8] /opt/mpi/openmpi-4.1.4//lib/libmpi.so.40(ompi_group_incl_plist+0x65)[0x7f484befd915]
[hydra09:373104] [ 9] /opt/mpi/openmpi-4.1.4//lib/libmpi.so.40(PMPI_Group_incl+0x95)[0x7f484bf2e185]
[hydra09:373104] [10] /home/thesis/jheld/MPI_Syrk_implementation/build/src/MPI_SYRK_implementation(+0x841a)[0x562727b1441a]
[hydra11:359885] [ 4] /lib/x86_64-linux-gnu/libc.so.6(+0x8175a)[0x7fdaf4bd975a]
[hydra09:373104] [11] /home/thesis/jheld/MPI_Syrk_implementation/build/src/MPI_SYRK_implementation(+0x2ab0)[0x562727b0eab0]
[hydra11:359885] [ 5] /lib/x86_64-linux-gnu/libc.so.6(+0x8483c)[0x7fdaf4bdc83c]
[hydra09:373104] [12] /lib/x86_64-linux-gnu/libc.so.6(__libc_start_main+0xea)[0x7f4849fccd7a]
[hydra09:373104] [13] /home/thesis/jheld/MPI_Syrk_implementation/build/src/MPI_SYRK_implementation(+0x232a)[0x562727b0e32a]
[hydra11:359885] [ 6] /lib/x86_64-linux-gnu/libc.so.6(__libc_calloc+0x81)[0x7fdaf4bdebd1]
[hydra09:373104] *** End of error message ***
[hydra11:359885] [ 7] /opt/mpi/openmpi-4.1.4//lib/libmpi.so.40(ompi_group_allocate+0x17)[0x7fdaf6aac1e7]
[hydra11:359885] [ 8] /opt/mpi/openmpi-4.1.4//lib/libmpi.so.40(ompi_group_incl_plist+0x65)[0x7fdaf6aac915]
[hydra11:359885] [ 9] /opt/mpi/openmpi-4.1.4//lib/libmpi.so.40(PMPI_Group_incl+0x95)[0x7fdaf6add185]
[hydra11:359885] [10] /home/thesis/jheld/MPI_Syrk_implementation/build/src/MPI_SYRK_implementation(+0x841a)[0x56157fa7c41a]
[hydra11:359885] [11] /home/thesis/jheld/MPI_Syrk_implementation/build/src/MPI_SYRK_implementation(+0x2ab0)[0x56157fa76ab0]
[hydra11:359885] [12] /lib/x86_64-linux-gnu/libc.so.6(__libc_start_main+0xea)[0x7fdaf4b7bd7a]
[hydra11:359885] [13] /home/thesis/jheld/MPI_Syrk_implementation/build/src/MPI_SYRK_implementation(+0x232a)[0x56157fa7632a]
[hydra11:359885] *** End of error message ***
srun: error: hydra08: task 21: Aborted
srun: error: hydra03: task 7: Aborted
srun: error: hydra06: task 17: Aborted
srun: error: hydra12: task 34: Aborted
srun: error: hydra02: task 3: Aborted
srun: error: hydra01: tasks 0,2: Aborted
srun: error: hydra09: tasks 24,26: Aborted
srun: error: hydra05: tasks 13-14: Aborted
srun: error: hydra07: tasks 19-20: Aborted
srun: error: hydra11: tasks 30,32: Aborted
srun: error: hydra10: tasks 28-29: Aborted
srun: error: hydra04: tasks 9-10: Aborted
slurmstepd: error:  mpi/pmix_v4: _errhandler: hydra12 [11]: pmixp_client_v2.c:211: Error handler invoked: status = -61, source = [slurm.pmix.5008693.15:34]
slurmstepd: error:  mpi/pmix_v4: _errhandler: hydra02 [1]: pmixp_client_v2.c:211: Error handler invoked: status = -61, source = [slurm.pmix.5008693.15:3]
slurmstepd: error:  mpi/pmix_v4: _errhandler: hydra05 [4]: pmixp_client_v2.c:211: Error handler invoked: status = -61, source = [slurm.pmix.5008693.15:13]
slurmstepd: error:  mpi/pmix_v4: _errhandler: hydra08 [7]: pmixp_client_v2.c:211: Error handler invoked: status = -61, source = [slurm.pmix.5008693.15:21]
slurmstepd: error:  mpi/pmix_v4: _errhandler: hydra09 [8]: pmixp_client_v2.c:211: Error handler invoked: status = -61, source = [slurm.pmix.5008693.15:24]
slurmstepd: error:  mpi/pmix_v4: _errhandler: hydra01 [0]: pmixp_client_v2.c:211: Error handler invoked: status = -61, source = [slurm.pmix.5008693.15:2]
slurmstepd: error:  mpi/pmix_v4: _errhandler: hydra06 [5]: pmixp_client_v2.c:211: Error handler invoked: status = -61, source = [slurm.pmix.5008693.15:17]
slurmstepd: error:  mpi/pmix_v4: _errhandler: hydra11 [10]: pmixp_client_v2.c:211: Error handler invoked: status = -61, source = [slurm.pmix.5008693.15:32]
slurmstepd: error:  mpi/pmix_v4: _errhandler: hydra07 [6]: pmixp_client_v2.c:211: Error handler invoked: status = -61, source = [slurm.pmix.5008693.15:20]
slurmstepd: error:  mpi/pmix_v4: _errhandler: hydra03 [2]: pmixp_client_v2.c:211: Error handler invoked: status = -61, source = [slurm.pmix.5008693.15:7]
slurmstepd: error: *** STEP 5008693.15 ON hydra01 CANCELLED AT 2025-10-13T15:31:35 ***
slurmstepd: error:  mpi/pmix_v4: _errhandler: hydra10 [9]: pmixp_client_v2.c:211: Error handler invoked: status = -61, source = [slurm.pmix.5008693.15:28]
srun: Job step aborted: Waiting up to 32 seconds for job step to finish.
srun: error: hydra01: task 1: Killed
srun: error: hydra04: task 11: Killed
srun: error: hydra05: task 12: Killed
srun: error: hydra07: task 18: Killed
srun: error: hydra10: task 27: Killed
srun: error: hydra09: task 25: Killed
srun: error: hydra11: task 31: Killed
srun: error: hydra08: tasks 22-23: Killed
srun: error: hydra12: tasks 33,35: Killed
srun: error: hydra06: tasks 15-16: Killed
srun: error: hydra02: tasks 4-5: Killed
srun: error: hydra03: tasks 6,8: Killed
⚠️ Warning: No runtime found for run 16
srun: Warning: can't honor --ntasks-per-node set to 1 which doesn't match the requested tasks 36 with the number of requested nodes 12. Ignoring --ntasks-per-node.
missing input file name --> Generate random input
malloc(): invalid size (unsorted)
malloc(): invalid size (unsorted)
[hydra05:379569] *** Process received signal ***
[hydra05:379569] Signal: Aborted (6)
[hydra05:379569] Signal code:  (-6)
malloc(): invalid size (unsorted)
[hydra03:396859] *** Process received signal ***
malloc(): invalid size (unsorted)
[hydra01:882768] *** Process received signal ***
[hydra01:882768] Signal: Aborted (6)
[hydra01:882768] Signal code:  (-6)
malloc(): invalid size (unsorted)
[hydra04:395622] *** Process received signal ***
[hydra04:395622] Signal: Aborted (6)
[hydra04:395622] Signal code:  (-6)
malloc(): invalid size (unsorted)
malloc(): invalid size (unsorted)
[hydra09:373170] *** Process received signal ***
[hydra09:373170] Signal: Aborted (6)
[hydra09:373170] Signal code:  (-6)
[hydra05:379569] [ 0] /lib/x86_64-linux-gnu/libc.so.6(+0x38de0)[0x7fcf43c70de0]
malloc(): invalid size (unsorted)
[hydra02:566915] *** Process received signal ***
[hydra02:566915] Signal: Aborted (6)
[hydra02:566915] Signal code:  (-6)
malloc(): invalid size (unsorted)
[hydra07:406603] *** Process received signal ***
[hydra07:406603] Signal: Aborted (6)
[hydra07:406603] Signal code:  (-6)
[hydra01:882768] [ 0] /lib/x86_64-linux-gnu/libc.so.6(+0x38de0)[0x7f2363eddde0]
malloc(): invalid size (unsorted)
[hydra06:380249] *** Process received signal ***
[hydra06:380249] Signal: Aborted (6)
[hydra06:380249] Signal code:  (-6)
[hydra05:379571] *** Process received signal ***
[hydra05:379571] Signal: Aborted (6)
[hydra05:379571] Signal code:  (-6)
[hydra04:395622] [ 0] /lib/x86_64-linux-gnu/libc.so.6(+0x38de0)[0x7eff4931bde0]
malloc(): invalid size (unsorted)
[hydra09:373171] *** Process received signal ***
[hydra09:373171] Signal: Aborted (6)
[hydra09:373171] Signal code:  (-6)
[hydra05:379569] [ 1] /lib/x86_64-linux-gnu/libc.so.6(gsignal+0x141)[0x7fcf43c70d61]
[hydra01:882768] [ 1] /lib/x86_64-linux-gnu/libc.so.6(gsignal+0x141)[0x7f2363eddd61]
malloc(): invalid size (unsorted)
[hydra12:359916] *** Process received signal ***
[hydra12:359916] Signal: Aborted (6)
[hydra12:359916] Signal code:  (-6)
[hydra05:379569] [ 2] /lib/x86_64-linux-gnu/libc.so.6(abort+0x123)[0x7fcf43c5a537]
[hydra04:395622] [ 1] /lib/x86_64-linux-gnu/libc.so.6(gsignal+0x141)[0x7eff4931bd61]
malloc(): invalid size (unsorted)
[hydra08:381886] *** Process received signal ***
[hydra08:381886] Signal: Aborted (6)
[hydra08:381886] Signal code:  (-6)
[hydra01:882768] [ 2] /lib/x86_64-linux-gnu/libc.so.6(abort+0x123)[0x7f2363ec7537]
[hydra12:359914] *** Process received signal ***
[hydra12:359914] Signal: Aborted (6)
[hydra12:359914] Signal code:  (-6)
[hydra05:379569] [ 3] /lib/x86_64-linux-gnu/libc.so.6(+0x7a468)[0x7fcf43cb2468]
malloc(): invalid size (unsorted)
[hydra11:359953] *** Process received signal ***
[hydra11:359953] Signal: Aborted (6)
[hydra11:359953] Signal code:  (-6)
[hydra09:373170] [ 0] /lib/x86_64-linux-gnu/libc.so.6(+0x38de0)[0x7ff458315de0]
[hydra01:882768] [ 3] /lib/x86_64-linux-gnu/libc.so.6(+0x7a468)[0x7f2363f1f468]
[hydra12:359916] [ 0] /lib/x86_64-linux-gnu/libc.so.6(+0x38de0)[0x7fa218922de0]
[hydra05:379569] [ 4] /lib/x86_64-linux-gnu/libc.so.6(+0x8175a)[0x7fcf43cb975a]
[hydra04:395622] [ 2] /lib/x86_64-linux-gnu/libc.so.6(abort+0x123)[0x7eff49305537]
malloc(): invalid size (unsorted)
[hydra10:491402] *** Process received signal ***
[hydra10:491402] Signal: Aborted (6)
[hydra10:491402] Signal code:  (-6)
[hydra01:882768] [ 4] /lib/x86_64-linux-gnu/libc.so.6(+0x8175a)[0x7f2363f2675a]
[hydra12:359916] [ 1] /lib/x86_64-linux-gnu/libc.so.6(gsignal+0x141)[0x7fa218922d61]
[hydra05:379571] [ 0] /lib/x86_64-linux-gnu/libc.so.6(+0x38de0)[0x7f7e0e065de0]
[hydra05:379571] [ 1] /lib/x86_64-linux-gnu/libc.so.6(gsignal+0x141)[0x7f7e0e065d61]
malloc(): invalid size (unsorted)
[hydra07:406604] *** Process received signal ***
[hydra07:406604] Signal: Aborted (6)
[hydra07:406604] Signal code:  (-6)
[hydra04:395622] [ 3] /lib/x86_64-linux-gnu/libc.so.6(+0x7a468)[0x7eff4935d468]
malloc(): invalid size (unsorted)
[hydra08:381885] *** Process received signal ***
[hydra08:381885] Signal: Aborted (6)
[hydra08:381885] Signal code:  (-6)
[hydra12:359914] [ 0] /lib/x86_64-linux-gnu/libc.so.6(+0x38de0)[0x7fdad4770de0]
[hydra05:379569] [ 5] /lib/x86_64-linux-gnu/libc.so.6(+0x8483c)[0x7fcf43cbc83c]
malloc(): invalid size (unsorted)
[hydra04:395622] [ 4] /lib/x86_64-linux-gnu/libc.so.6(+0x8175a)[0x7eff4936475a]
[hydra08:381886] [ 0] /lib/x86_64-linux-gnu/libc.so.6(+0x38de0)[0x7ffa994aade0]
[hydra01:882768] [ 5] /lib/x86_64-linux-gnu/libc.so.6(+0x8483c)[0x7f2363f2983c]
[hydra12:359916] [ 2] /lib/x86_64-linux-gnu/libc.so.6(abort+0x123)[0x7fa21890c537]
[hydra05:379571] [ 2] /lib/x86_64-linux-gnu/libc.so.6(abort+0x123)[0x7f7e0e04f537]
[hydra07:406605] *** Process received signal ***
[hydra07:406605] Signal: Aborted (6)
[hydra07:406605] Signal code:  (-6)
[hydra04:395622] [ 5] /lib/x86_64-linux-gnu/libc.so.6(+0x8483c)[0x7eff4936783c]
[hydra11:359953] [ 0] /lib/x86_64-linux-gnu/libc.so.6(+0x38de0)[0x7f43bf9aede0]
[hydra10:491402] [ 0] /lib/x86_64-linux-gnu/libc.so.6(+0x38de0)[0x7fdfbb16dde0]
[hydra08:381886] [ 1] /lib/x86_64-linux-gnu/libc.so.6(gsignal+0x141)[0x7ffa994aad61]
[hydra09:373171] [ 0] /lib/x86_64-linux-gnu/libc.so.6(+0x38de0)[0x7f17bfa0ade0]
[hydra01:882768] [ 6] /lib/x86_64-linux-gnu/libc.so.6(__libc_calloc+0x81)[0x7f2363f2bbd1]
[hydra12:359914] [ 1] /lib/x86_64-linux-gnu/libc.so.6(gsignal+0x141)[0x7fdad4770d61]
[hydra05:379569] [ 6] /lib/x86_64-linux-gnu/libc.so.6(__libc_calloc+0x81)[0x7fcf43cbebd1]
[hydra07:406603] [ 0] /lib/x86_64-linux-gnu/libc.so.6(+0x38de0)[0x7f9153727de0]
[hydra04:395622] [ 6] /lib/x86_64-linux-gnu/libc.so.6(__libc_calloc+0x81)[0x7eff49369bd1]
[hydra11:359953] [ 1] /lib/x86_64-linux-gnu/libc.so.6(gsignal+0x141)[0x7f43bf9aed61]
[hydra10:491402] [ 1] /lib/x86_64-linux-gnu/libc.so.6(gsignal+0x141)[0x7fdfbb16dd61]
[hydra08:381885] [ 0] /lib/x86_64-linux-gnu/libc.so.6(+0x38de0)[0x7f0f690fade0]
malloc(): invalid size (unsorted)
[hydra09:373172] *** Process received signal ***
[hydra01:882768] [ 7] /opt/mpi/openmpi-4.1.4//lib/libmpi.so.40(ompi_group_allocate+0x17)[0x7f2365df91e7]
[hydra12:359914] [ 2] /lib/x86_64-linux-gnu/libc.so.6(abort+0x123)[0x7fdad475a537]
malloc(): invalid size (unsorted)
[hydra02:566916] *** Process received signal ***
[hydra02:566916] Signal: Aborted (6)
[hydra02:566916] Signal code:  (-6)
[hydra05:379571] [ 3] /lib/x86_64-linux-gnu/libc.so.6(+0x7a468)[0x7f7e0e0a7468]
[hydra07:406604] [ 0] /lib/x86_64-linux-gnu/libc.so.6(+0x38de0)[0x7f3055483de0]
[hydra04:395622] [ 7] /opt/mpi/openmpi-4.1.4//lib/libmpi.so.40(ompi_group_allocate+0x17)[0x7eff4b2371e7]
[hydra11:359953] [ 2] /lib/x86_64-linux-gnu/libc.so.6(abort+0x123)[0x7f43bf998537]
[hydra10:491402] [ 2] /lib/x86_64-linux-gnu/libc.so.6(abort+0x123)[0x7fdfbb157537]
[hydra08:381886] [ 2] /lib/x86_64-linux-gnu/libc.so.6(abort+0x123)[0x7ffa99494537]
[hydra09:373170] [ 1] /lib/x86_64-linux-gnu/libc.so.6(gsignal+0x141)[0x7ff458315d61]
[hydra01:882768] [ 8] /opt/mpi/openmpi-4.1.4//lib/libmpi.so.40(ompi_group_incl_plist+0x65)[0x7f2365df9915]
malloc(): invalid size (unsorted)
[hydra06:380248] *** Process received signal ***
[hydra06:380248] Signal: Aborted (6)
[hydra06:380248] Signal code:  (-6)
[hydra12:359916] [ 3] /lib/x86_64-linux-gnu/libc.so.6(+0x7a468)[0x7fa218964468]
[hydra02:566915] [ 0] /lib/x86_64-linux-gnu/libc.so.6(+0x38de0)[0x7f8e394f3de0]
[hydra05:379569] [ 7] /opt/mpi/openmpi-4.1.4//lib/libmpi.so.40(ompi_group_allocate+0x17)[0x7fcf45b8c1e7]
[hydra07:406603] [ 1] /lib/x86_64-linux-gnu/libc.so.6(gsignal+0x141)[0x7f9153727d61]
[hydra04:395622] [ 8] /opt/mpi/openmpi-4.1.4//lib/libmpi.so.40(ompi_group_incl_plist+0x65)[0x7eff4b237915]
[hydra11:359953] [ 3] /lib/x86_64-linux-gnu/libc.so.6(+0x7a468)[0x7f43bf9f0468]
[hydra10:491402] [ 3] /lib/x86_64-linux-gnu/libc.so.6(+0x7a468)[0x7fdfbb1af468]
[hydra08:381885] [ 1] /lib/x86_64-linux-gnu/libc.so.6(gsignal+0x141)[0x7f0f690fad61]
[hydra09:373171] [ 1] /lib/x86_64-linux-gnu/libc.so.6(gsignal+0x141)[0x7f17bfa0ad61]
[hydra01:882768] [ 9] /opt/mpi/openmpi-4.1.4//lib/libmpi.so.40(PMPI_Group_incl+0x95)[0x7f2365e2a185]
[hydra01:882768] [10] /home/thesis/jheld/MPI_Syrk_implementation/build/src/MPI_SYRK_implementation(+0x841a)[0x55ca1480d41a]
[hydra06:380249] [ 0] /lib/x86_64-linux-gnu/libc.so.6(+0x38de0)[0x7f6168f5dde0]
[hydra12:359914] [ 3] /lib/x86_64-linux-gnu/libc.so.6(+0x7a468)[0x7fdad47b2468]
[hydra02:566916] [ 0] /lib/x86_64-linux-gnu/libc.so.6(+0x38de0)[0x7f5be9912de0]
[hydra03:396859] Signal: Aborted (6)
[hydra03:396859] Signal code:  (-6)
[hydra05:379569] [ 8] /opt/mpi/openmpi-4.1.4//lib/libmpi.so.40(ompi_group_incl_plist+0x65)[0x7fcf45b8c915]
[hydra07:406604] [ 1] /lib/x86_64-linux-gnu/libc.so.6(gsignal+0x141)[0x7f3055483d61]
[hydra04:395622] [ 9] /opt/mpi/openmpi-4.1.4//lib/libmpi.so.40(PMPI_Group_incl+0x95)[0x7eff4b268185]
[hydra04:395622] [10] /home/thesis/jheld/MPI_Syrk_implementation/build/src/MPI_SYRK_implementation(+0x841a)[0x557a4222e41a]
[hydra11:359953] [ 4] /lib/x86_64-linux-gnu/libc.so.6(+0x8175a)[0x7f43bf9f775a]
[hydra10:491402] [ 4] /lib/x86_64-linux-gnu/libc.so.6(+0x8175a)[0x7fdfbb1b675a]
[hydra08:381885] [ 2] /lib/x86_64-linux-gnu/libc.so.6(abort+0x123)[0x7f0f690e4537]
[hydra09:373170] [ 2] /lib/x86_64-linux-gnu/libc.so.6(abort+0x123)[0x7ff4582ff537]
[hydra01:882768] [11] /home/thesis/jheld/MPI_Syrk_implementation/build/src/MPI_SYRK_implementation(+0x2ab0)[0x55ca14807ab0]
[hydra06:380248] [ 0] /lib/x86_64-linux-gnu/libc.so.6(+0x38de0)[0x7f17537b1de0]
[hydra12:359916] [ 4] /lib/x86_64-linux-gnu/libc.so.6(+0x8175a)[0x7fa21896b75a]
[hydra02:566915] [ 1] /lib/x86_64-linux-gnu/libc.so.6(gsignal+0x141)[0x7f8e394f3d61]
[hydra03:396859] [ 0] /lib/x86_64-linux-gnu/libc.so.6(+0x38de0)[0x7f8de979ede0]
[hydra05:379571] [ 4] /lib/x86_64-linux-gnu/libc.so.6(+0x8175a)[0x7f7e0e0ae75a]
[hydra07:406603] [ 2] /lib/x86_64-linux-gnu/libc.so.6(abort+0x123)[0x7f9153711537]
[hydra04:395622] [11] /home/thesis/jheld/MPI_Syrk_implementation/build/src/MPI_SYRK_implementation(+0x2ab0)[0x557a42228ab0]
[hydra11:359953] [ 5] /lib/x86_64-linux-gnu/libc.so.6(+0x8483c)[0x7f43bf9fa83c]
[hydra10:491402] [ 5] /lib/x86_64-linux-gnu/libc.so.6(+0x8483c)[0x7fdfbb1b983c]
[hydra08:381886] [ 3] /lib/x86_64-linux-gnu/libc.so.6(+0x7a468)[0x7ffa994ec468]
[hydra09:373171] [ 2] /lib/x86_64-linux-gnu/libc.so.6(abort+0x123)[0x7f17bf9f4537]
[hydra01:882768] [12] /lib/x86_64-linux-gnu/libc.so.6(__libc_start_main+0xea)[0x7f2363ec8d7a]
[hydra01:882768] [13] /home/thesis/jheld/MPI_Syrk_implementation/build/src/MPI_SYRK_implementation(+0x232a)[0x55ca1480732a]
[hydra01:882768] *** End of error message ***
[hydra06:380249] [ 1] /lib/x86_64-linux-gnu/libc.so.6(gsignal+0x141)[0x7f6168f5dd61]
[hydra12:359914] [ 4] /lib/x86_64-linux-gnu/libc.so.6(+0x8175a)[0x7fdad47b975a]
[hydra02:566916] [ 1] /lib/x86_64-linux-gnu/libc.so.6(gsignal+0x141)[0x7f5be9912d61]
[hydra03:396859] [ 1] /lib/x86_64-linux-gnu/libc.so.6(gsignal+0x141)[0x7f8de979ed61]
[hydra05:379569] [ 9] /opt/mpi/openmpi-4.1.4//lib/libmpi.so.40(PMPI_Group_incl+0x95)[0x7fcf45bbd185]
[hydra05:379569] [10] /home/thesis/jheld/MPI_Syrk_implementation/build/src/MPI_SYRK_implementation(+0x841a)[0x560f12dba41a]
[hydra07:406604] [ 2] /lib/x86_64-linux-gnu/libc.so.6(abort+0x123)[0x7f305546d537]
[hydra04:395622] [12] /lib/x86_64-linux-gnu/libc.so.6(__libc_start_main+0xea)[0x7eff49306d7a]
[hydra11:359953] [ 6] /lib/x86_64-linux-gnu/libc.so.6(__libc_calloc+0x81)[0x7f43bf9fcbd1]
[hydra10:491402] [ 6] /lib/x86_64-linux-gnu/libc.so.6(__libc_calloc+0x81)[0x7fdfbb1bbbd1]
[hydra08:381885] [ 3] /lib/x86_64-linux-gnu/libc.so.6(+0x7a468)[0x7f0f6913c468]
[hydra09:373172] Signal: Aborted (6)
[hydra09:373172] Signal code:  (-6)
[hydra06:380248] [ 1] /lib/x86_64-linux-gnu/libc.so.6(gsignal+0x141)[0x7f17537b1d61]
[hydra12:359916] [ 5] /lib/x86_64-linux-gnu/libc.so.6(+0x8483c)[0x7fa21896e83c]
[hydra02:566915] [ 2] /lib/x86_64-linux-gnu/libc.so.6(abort+0x123)[0x7f8e394dd537]
[hydra03:396859] [ 2] /lib/x86_64-linux-gnu/libc.so.6(abort+0x123)[0x7f8de9788537]
[hydra05:379569] [11] /home/thesis/jheld/MPI_Syrk_implementation/build/src/MPI_SYRK_implementation(+0x2ab0)[0x560f12db4ab0]
[hydra07:406603] [ 3] /lib/x86_64-linux-gnu/libc.so.6(+0x7a468)[0x7f9153769468]
[hydra04:395622] [13] /home/thesis/jheld/MPI_Syrk_implementation/build/src/MPI_SYRK_implementation(+0x232a)[0x557a4222832a]
[hydra04:395622] *** End of error message ***
[hydra11:359953] [ 7] /opt/mpi/openmpi-4.1.4//lib/libmpi.so.40(ompi_group_allocate+0x17)[0x7f43c18ca1e7]
[hydra10:491402] [ 7] /opt/mpi/openmpi-4.1.4//lib/libmpi.so.40(ompi_group_allocate+0x17)[0x7fdfbd0891e7]
[hydra08:381886] [ 4] /lib/x86_64-linux-gnu/libc.so.6(+0x8175a)[0x7ffa994f375a]
[hydra09:373170] [ 3] /lib/x86_64-linux-gnu/libc.so.6(+0x7a468)[0x7ff458357468]
[hydra06:380249] [ 2] /lib/x86_64-linux-gnu/libc.so.6(abort+0x123)[0x7f6168f47537]
[hydra12:359916] [ 6] /lib/x86_64-linux-gnu/libc.so.6(__libc_calloc+0x81)[0x7fa218970bd1]
[hydra02:566916] [ 2] /lib/x86_64-linux-gnu/libc.so.6(abort+0x123)[0x7f5be98fc537]
[hydra03:396859] [ 3] /lib/x86_64-linux-gnu/libc.so.6(+0x7a468)[0x7f8de97e0468]
[hydra05:379571] [ 5] /lib/x86_64-linux-gnu/libc.so.6(+0x8483c)[0x7f7e0e0b183c]
[hydra07:406604] [ 3] /lib/x86_64-linux-gnu/libc.so.6(+0x7a468)[0x7f30554c5468]
[hydra11:359953] [ 8] /opt/mpi/openmpi-4.1.4//lib/libmpi.so.40(ompi_group_incl_plist+0x65)[0x7f43c18ca915]
[hydra10:491402] [ 8] /opt/mpi/openmpi-4.1.4//lib/libmpi.so.40(ompi_group_incl_plist+0x65)[0x7fdfbd089915]
[hydra08:381886] [ 5] /lib/x86_64-linux-gnu/libc.so.6(+0x8483c)[0x7ffa994f683c]
[hydra09:373171] [ 3] /lib/x86_64-linux-gnu/libc.so.6(+0x7a468)[0x7f17bfa4c468]
[hydra06:380248] [ 2] /lib/x86_64-linux-gnu/libc.so.6(abort+0x123)[0x7f175379b537]
[hydra12:359914] [ 5] /lib/x86_64-linux-gnu/libc.so.6(+0x8483c)[0x7fdad47bc83c]
[hydra02:566915] [ 3] /lib/x86_64-linux-gnu/libc.so.6(+0x7a468)[0x7f8e39535468]
[hydra03:396859] [ 4] /lib/x86_64-linux-gnu/libc.so.6(+0x8175a)[0x7f8de97e775a]
[hydra05:379569] [12] /lib/x86_64-linux-gnu/libc.so.6(__libc_start_main+0xea)[0x7fcf43c5bd7a]
[hydra07:406605] [ 0] /lib/x86_64-linux-gnu/libc.so.6(+0x38de0)[0x7f817526fde0]
[hydra11:359953] [ 9] /opt/mpi/openmpi-4.1.4//lib/libmpi.so.40(PMPI_Group_incl+0x95)[0x7f43c18fb185]
[hydra11:359953] [10] /home/thesis/jheld/MPI_Syrk_implementation/build/src/MPI_SYRK_implementation(+0x841a)[0x563a1076741a]
[hydra10:491402] [ 9] /opt/mpi/openmpi-4.1.4//lib/libmpi.so.40(PMPI_Group_incl+0x95)[0x7fdfbd0ba185]
[hydra10:491402] [10] /home/thesis/jheld/MPI_Syrk_implementation/build/src/MPI_SYRK_implementation(+0x841a)[0x5564b15ce41a]
[hydra08:381885] [ 4] /lib/x86_64-linux-gnu/libc.so.6(+0x8175a)[0x7f0f6914375a]
[hydra09:373170] [ 4] /lib/x86_64-linux-gnu/libc.so.6(+0x8175a)[0x7ff45835e75a]
[hydra06:380249] [ 3] /lib/x86_64-linux-gnu/libc.so.6(+0x7a468)[0x7f6168f9f468]
[hydra12:359916] [ 7] /opt/mpi/openmpi-4.1.4//lib/libmpi.so.40(ompi_group_allocate+0x17)[0x7fa21a83e1e7]
[hydra02:566916] [ 3] /lib/x86_64-linux-gnu/libc.so.6(+0x7a468)[0x7f5be9954468]
[hydra03:396859] [ 5] /lib/x86_64-linux-gnu/libc.so.6(+0x8483c)[0x7f8de97ea83c]
[hydra05:379569] [13] /home/thesis/jheld/MPI_Syrk_implementation/build/src/MPI_SYRK_implementation(+0x232a)[0x560f12db432a]
[hydra05:379569] *** End of error message ***
[hydra07:406603] [ 4] /lib/x86_64-linux-gnu/libc.so.6(+0x8175a)[0x7f915377075a]
[hydra11:359953] [11] /home/thesis/jheld/MPI_Syrk_implementation/build/src/MPI_SYRK_implementation(+0x2ab0)[0x563a10761ab0]
[hydra10:491402] [11] /home/thesis/jheld/MPI_Syrk_implementation/build/src/MPI_SYRK_implementation(+0x2ab0)[0x5564b15c8ab0]
[hydra08:381885] [ 5] /lib/x86_64-linux-gnu/libc.so.6(+0x8483c)[0x7f0f6914683c]
[hydra09:373171] [ 4] /lib/x86_64-linux-gnu/libc.so.6(+0x8175a)[0x7f17bfa5375a]
[hydra06:380248] [ 3] /lib/x86_64-linux-gnu/libc.so.6(+0x7a468)[0x7f17537f3468]
[hydra12:359914] [ 6] /lib/x86_64-linux-gnu/libc.so.6(__libc_calloc+0x81)[0x7fdad47bebd1]
[hydra02:566915] [ 4] /lib/x86_64-linux-gnu/libc.so.6(+0x8175a)[0x7f8e3953c75a]
[hydra03:396859] [ 6] /lib/x86_64-linux-gnu/libc.so.6(__libc_calloc+0x81)[0x7f8de97ecbd1]
[hydra05:379571] [ 6] /lib/x86_64-linux-gnu/libc.so.6(__libc_calloc+0x81)[0x7f7e0e0b3bd1]
[hydra07:406604] [ 4] /lib/x86_64-linux-gnu/libc.so.6(+0x8175a)[0x7f30554cc75a]
[hydra11:359953] [12] /lib/x86_64-linux-gnu/libc.so.6(__libc_start_main+0xea)[0x7f43bf999d7a]
[hydra10:491402] [12] /lib/x86_64-linux-gnu/libc.so.6(__libc_start_main+0xea)[0x7fdfbb158d7a]
[hydra10:491402] [13] /home/thesis/jheld/MPI_Syrk_implementation/build/src/MPI_SYRK_implementation(+0x232a)[0x5564b15c832a]
[hydra08:381886] [ 6] /lib/x86_64-linux-gnu/libc.so.6(__libc_calloc+0x81)[0x7ffa994f8bd1]
[hydra09:373172] [ 0] /lib/x86_64-linux-gnu/libc.so.6(+0x38de0)[0x7f472ffb9de0]
[hydra06:380249] [ 4] /lib/x86_64-linux-gnu/libc.so.6(+0x8175a)[0x7f6168fa675a]
[hydra12:359914] [ 7] /opt/mpi/openmpi-4.1.4//lib/libmpi.so.40(ompi_group_allocate+0x17)[0x7fdad668c1e7]
[hydra02:566916] [ 4] /lib/x86_64-linux-gnu/libc.so.6(+0x8175a)[0x7f5be995b75a]
[hydra03:396859] [ 7] /opt/mpi/openmpi-4.1.4//lib/libmpi.so.40(ompi_group_allocate+0x17)[0x7f8deb6ba1e7]
[hydra05:379571] [ 7] /opt/mpi/openmpi-4.1.4//lib/libmpi.so.40(ompi_group_allocate+0x17)[0x7f7e0ff811e7]
[hydra07:406605] [ 1] /lib/x86_64-linux-gnu/libc.so.6(gsignal+0x141)[0x7f817526fd61]
[hydra11:359953] [13] /home/thesis/jheld/MPI_Syrk_implementation/build/src/MPI_SYRK_implementation(+0x232a)[0x563a1076132a]
[hydra11:359953] *** End of error message ***
[hydra10:491402] *** End of error message ***
[hydra08:381886] [ 7] /opt/mpi/openmpi-4.1.4//lib/libmpi.so.40(ompi_group_allocate+0x17)[0x7ffa9b3c61e7]
[hydra09:373170] [ 5] /lib/x86_64-linux-gnu/libc.so.6(+0x8483c)[0x7ff45836183c]
[hydra06:380248] [ 4] /lib/x86_64-linux-gnu/libc.so.6(+0x8175a)[0x7f17537fa75a]
[hydra12:359916] [ 8] /opt/mpi/openmpi-4.1.4//lib/libmpi.so.40(ompi_group_incl_plist+0x65)[0x7fa21a83e915]
[hydra02:566915] [ 5] /lib/x86_64-linux-gnu/libc.so.6(+0x8483c)[0x7f8e3953f83c]
[hydra03:396859] [ 8] /opt/mpi/openmpi-4.1.4//lib/libmpi.so.40(ompi_group_incl_plist+0x65)[0x7f8deb6ba915]
[hydra05:379571] [ 8] /opt/mpi/openmpi-4.1.4//lib/libmpi.so.40(ompi_group_incl_plist+0x65)[0x7f7e0ff81915]
[hydra07:406603] [ 5] /lib/x86_64-linux-gnu/libc.so.6(+0x8483c)[0x7f915377383c]
[hydra08:381885] [ 6] /lib/x86_64-linux-gnu/libc.so.6(__libc_calloc+0x81)[0x7f0f69148bd1]
[hydra09:373171] [ 5] /lib/x86_64-linux-gnu/libc.so.6(+0x8483c)[0x7f17bfa5683c]
[hydra06:380249] [ 5] /lib/x86_64-linux-gnu/libc.so.6(+0x8483c)[0x7f6168fa983c]
[hydra12:359914] [ 8] /opt/mpi/openmpi-4.1.4//lib/libmpi.so.40(ompi_group_incl_plist+0x65)[0x7fdad668c915]
[hydra02:566916] [ 5] /lib/x86_64-linux-gnu/libc.so.6(+0x8483c)[0x7f5be995e83c]
[hydra03:396859] [ 9] /opt/mpi/openmpi-4.1.4//lib/libmpi.so.40(PMPI_Group_incl+0x95)[0x7f8deb6eb185]
[hydra03:396859] [10] /home/thesis/jheld/MPI_Syrk_implementation/build/src/MPI_SYRK_implementation(+0x841a)[0x558f6a9a941a]
[hydra05:379571] [ 9] /opt/mpi/openmpi-4.1.4//lib/libmpi.so.40(PMPI_Group_incl+0x95)[0x7f7e0ffb2185]
[hydra05:379571] [10] /home/thesis/jheld/MPI_Syrk_implementation/build/src/MPI_SYRK_implementation(+0x841a)[0x555a663ad41a]
[hydra07:406604] [ 5] /lib/x86_64-linux-gnu/libc.so.6(+0x8483c)[0x7f30554cf83c]
[hydra08:381886] [ 8] /opt/mpi/openmpi-4.1.4//lib/libmpi.so.40(ompi_group_incl_plist+0x65)[0x7ffa9b3c6915]
[hydra09:373172] [ 1] /lib/x86_64-linux-gnu/libc.so.6(gsignal+0x141)[0x7f472ffb9d61]
[hydra06:380248] [ 5] /lib/x86_64-linux-gnu/libc.so.6(+0x8483c)[0x7f17537fd83c]
[hydra12:359916] [ 9] /opt/mpi/openmpi-4.1.4//lib/libmpi.so.40(PMPI_Group_incl+0x95)[0x7fa21a86f185]
[hydra12:359916] [10] /home/thesis/jheld/MPI_Syrk_implementation/build/src/MPI_SYRK_implementation(+0x841a)[0x5654a930e41a]
[hydra02:566915] [ 6] /lib/x86_64-linux-gnu/libc.so.6(__libc_calloc+0x81)[0x7f8e39541bd1]
[hydra03:396859] [11] /home/thesis/jheld/MPI_Syrk_implementation/build/src/MPI_SYRK_implementation(+0x2ab0)[0x558f6a9a3ab0]
[hydra05:379571] [11] /home/thesis/jheld/MPI_Syrk_implementation/build/src/MPI_SYRK_implementation(+0x2ab0)[0x555a663a7ab0]
[hydra07:406605] [ 2] /lib/x86_64-linux-gnu/libc.so.6(abort+0x123)[0x7f8175259537]
[hydra08:381885] [ 7] /opt/mpi/openmpi-4.1.4//lib/libmpi.so.40(ompi_group_allocate+0x17)[0x7f0f6b0161e7]
[hydra09:373170] [ 6] /lib/x86_64-linux-gnu/libc.so.6(__libc_calloc+0x81)[0x7ff458363bd1]
[hydra06:380249] [ 6] /lib/x86_64-linux-gnu/libc.so.6(__libc_calloc+0x81)[0x7f6168fabbd1]
[hydra12:359914] [ 9] /opt/mpi/openmpi-4.1.4//lib/libmpi.so.40(PMPI_Group_incl+0x95)[0x7fdad66bd185]
[hydra02:566916] [ 6] /lib/x86_64-linux-gnu/libc.so.6(__libc_calloc+0x81)[0x7f5be9960bd1]
[hydra03:396859] [12] /lib/x86_64-linux-gnu/libc.so.6(__libc_start_main+0xea)[0x7f8de9789d7a]
[hydra03:396859] [13] /home/thesis/jheld/MPI_Syrk_implementation/build/src/MPI_SYRK_implementation(+0x232a)[0x558f6a9a332a]
[hydra05:379571] [12] /lib/x86_64-linux-gnu/libc.so.6(__libc_start_main+0xea)[0x7f7e0e050d7a]
[hydra05:379571] [13] /home/thesis/jheld/MPI_Syrk_implementation/build/src/MPI_SYRK_implementation(+0x232a)[0x555a663a732a]
[hydra07:406603] [ 6] /lib/x86_64-linux-gnu/libc.so.6(__libc_calloc+0x81)[0x7f9153775bd1]
[hydra08:381885] [ 8] /opt/mpi/openmpi-4.1.4//lib/libmpi.so.40(ompi_group_incl_plist+0x65)[0x7f0f6b016915]
[hydra09:373171] [ 6] /lib/x86_64-linux-gnu/libc.so.6(__libc_calloc+0x81)[0x7f17bfa58bd1]
[hydra06:380249] [ 7] /opt/mpi/openmpi-4.1.4//lib/libmpi.so.40(ompi_group_allocate+0x17)[0x7f616ae791e7]
[hydra12:359916] [11] /home/thesis/jheld/MPI_Syrk_implementation/build/src/MPI_SYRK_implementation(+0x2ab0)[0x5654a9308ab0]
[hydra12:359916] [12] /lib/x86_64-linux-gnu/libc.so.6(__libc_start_main+0xea)[0x7fa21890dd7a]
[hydra12:359916] [13] /home/thesis/jheld/MPI_Syrk_implementation/build/src/MPI_SYRK_implementation(+0x232a)[0x5654a930832a]
[hydra02:566915] [ 7] /opt/mpi/openmpi-4.1.4//lib/libmpi.so.40(ompi_group_allocate+0x17)[0x7f8e3b40f1e7]
[hydra03:396859] *** End of error message ***
[hydra05:379571] *** End of error message ***
[hydra07:406604] [ 6] /lib/x86_64-linux-gnu/libc.so.6(__libc_calloc+0x81)[0x7f30554d1bd1]
[hydra08:381886] [ 9] /opt/mpi/openmpi-4.1.4//lib/libmpi.so.40(PMPI_Group_incl+0x95)[0x7ffa9b3f7185]
[hydra08:381886] [10] /home/thesis/jheld/MPI_Syrk_implementation/build/src/MPI_SYRK_implementation(+0x841a)[0x55ff098ca41a]
[hydra08:381886] [11] /home/thesis/jheld/MPI_Syrk_implementation/build/src/MPI_SYRK_implementation(+0x2ab0)[0x55ff098c4ab0]
[hydra09:373172] [ 2] /lib/x86_64-linux-gnu/libc.so.6(abort+0x123)[0x7f472ffa3537]
[hydra06:380248] [ 6] /lib/x86_64-linux-gnu/libc.so.6(__libc_calloc+0x81)[0x7f17537ffbd1]
[hydra12:359914] [10] /home/thesis/jheld/MPI_Syrk_implementation/build/src/MPI_SYRK_implementation(+0x841a)[0x55c1a3b0241a]
[hydra12:359914] [11] /home/thesis/jheld/MPI_Syrk_implementation/build/src/MPI_SYRK_implementation(+0x2ab0)[0x55c1a3afcab0]
[hydra02:566916] [ 7] /opt/mpi/openmpi-4.1.4//lib/libmpi.so.40(ompi_group_allocate+0x17)[0x7f5beb82e1e7]
[hydra07:406605] [ 3] /lib/x86_64-linux-gnu/libc.so.6(+0x7a468)[0x7f81752b1468]
[hydra08:381885] [ 9] /opt/mpi/openmpi-4.1.4//lib/libmpi.so.40(PMPI_Group_incl+0x95)[0x7f0f6b047185]
[hydra08:381885] [10] /home/thesis/jheld/MPI_Syrk_implementation/build/src/MPI_SYRK_implementation(+0x841a)[0x55671fd2d41a]
[hydra09:373170] [ 7] /opt/mpi/openmpi-4.1.4//lib/libmpi.so.40(ompi_group_allocate+0x17)[0x7ff45a2311e7]
[hydra06:380249] [ 8] /opt/mpi/openmpi-4.1.4//lib/libmpi.so.40(ompi_group_incl_plist+0x65)[0x7f616ae79915]
[hydra12:359916] *** End of error message ***
[hydra02:566915] [ 8] /opt/mpi/openmpi-4.1.4//lib/libmpi.so.40(ompi_group_incl_plist+0x65)[0x7f8e3b40f915]
[hydra07:406603] [ 7] /opt/mpi/openmpi-4.1.4//lib/libmpi.so.40(ompi_group_allocate+0x17)[0x7f91556431e7]
[hydra08:381886] [12] /lib/x86_64-linux-gnu/libc.so.6(__libc_start_main+0xea)[0x7ffa99495d7a]
[hydra08:381886] [13] /home/thesis/jheld/MPI_Syrk_implementation/build/src/MPI_SYRK_implementation(+0x232a)[0x55ff098c432a]
[hydra08:381886] *** End of error message ***
[hydra09:373171] [ 7] /opt/mpi/openmpi-4.1.4//lib/libmpi.so.40(ompi_group_allocate+0x17)[0x7f17c19261e7]
[hydra06:380248] [ 7] /opt/mpi/openmpi-4.1.4//lib/libmpi.so.40(ompi_group_allocate+0x17)[0x7f17556cd1e7]
[hydra12:359914] [12] /lib/x86_64-linux-gnu/libc.so.6(__libc_start_main+0xea)[0x7fdad475bd7a]
[hydra12:359914] [13] /home/thesis/jheld/MPI_Syrk_implementation/build/src/MPI_SYRK_implementation(+0x232a)[0x55c1a3afc32a]
[hydra12:359914] *** End of error message ***
[hydra02:566916] [ 8] /opt/mpi/openmpi-4.1.4//lib/libmpi.so.40(ompi_group_incl_plist+0x65)[0x7f5beb82e915]
[hydra07:406604] [ 7] /opt/mpi/openmpi-4.1.4//lib/libmpi.so.40(ompi_group_allocate+0x17)[0x7f305739f1e7]
[hydra08:381885] [11] /home/thesis/jheld/MPI_Syrk_implementation/build/src/MPI_SYRK_implementation(+0x2ab0)[0x55671fd27ab0]
[hydra09:373170] [ 8] /opt/mpi/openmpi-4.1.4//lib/libmpi.so.40(ompi_group_incl_plist+0x65)[0x7ff45a231915]
[hydra06:380248] [ 8] /opt/mpi/openmpi-4.1.4//lib/libmpi.so.40(ompi_group_incl_plist+0x65)[0x7f17556cd915]
[hydra02:566916] [ 9] /opt/mpi/openmpi-4.1.4//lib/libmpi.so.40(PMPI_Group_incl+0x95)[0x7f5beb85f185]
[hydra07:406603] [ 8] /opt/mpi/openmpi-4.1.4//lib/libmpi.so.40(ompi_group_incl_plist+0x65)[0x7f9155643915]
[hydra08:381885] [12] /lib/x86_64-linux-gnu/libc.so.6(__libc_start_main+0xea)[0x7f0f690e5d7a]
[hydra09:373171] [ 8] /opt/mpi/openmpi-4.1.4//lib/libmpi.so.40(ompi_group_incl_plist+0x65)[0x7f17c1926915]
[hydra06:380249] [ 9] /opt/mpi/openmpi-4.1.4//lib/libmpi.so.40(PMPI_Group_incl+0x95)[0x7f616aeaa185]
[hydra06:380249] [10] /home/thesis/jheld/MPI_Syrk_implementation/build/src/MPI_SYRK_implementation(+0x841a)[0x55a222ff341a]
[hydra06:380249] [11] /home/thesis/jheld/MPI_Syrk_implementation/build/src/MPI_SYRK_implementation(+0x2ab0)[0x55a222fedab0]
[hydra02:566915] [ 9] /opt/mpi/openmpi-4.1.4//lib/libmpi.so.40(PMPI_Group_incl+0x95)[0x7f8e3b440185]
[hydra02:566915] [10] /home/thesis/jheld/MPI_Syrk_implementation/build/src/MPI_SYRK_implementation(+0x841a)[0x55a74238941a]
[hydra02:566915] [11] /home/thesis/jheld/MPI_Syrk_implementation/build/src/MPI_SYRK_implementation(+0x2ab0)[0x55a742383ab0]
[hydra07:406604] [ 8] /opt/mpi/openmpi-4.1.4//lib/libmpi.so.40(ompi_group_incl_plist+0x65)[0x7f305739f915]
[hydra08:381885] [13] /home/thesis/jheld/MPI_Syrk_implementation/build/src/MPI_SYRK_implementation(+0x232a)[0x55671fd2732a]
[hydra08:381885] *** End of error message ***
[hydra09:373172] [ 3] /lib/x86_64-linux-gnu/libc.so.6(+0x7a468)[0x7f472fffb468]
[hydra06:380248] [ 9] /opt/mpi/openmpi-4.1.4//lib/libmpi.so.40(PMPI_Group_incl+0x95)[0x7f17556fe185]
[hydra02:566916] [10] /home/thesis/jheld/MPI_Syrk_implementation/build/src/MPI_SYRK_implementation(+0x841a)[0x55c325e9941a]
[hydra02:566916] [11] /home/thesis/jheld/MPI_Syrk_implementation/build/src/MPI_SYRK_implementation(+0x2ab0)[0x55c325e93ab0]
[hydra07:406605] [ 4] /lib/x86_64-linux-gnu/libc.so.6(+0x8175a)[0x7f81752b875a]
[hydra09:373172] [ 4] /lib/x86_64-linux-gnu/libc.so.6(+0x8175a)[0x7f473000275a]
[hydra07:406603] [ 9] /opt/mpi/openmpi-4.1.4//lib/libmpi.so.40(PMPI_Group_incl+0x95)[0x7f9155674185]
[hydra09:373170] [ 9] /opt/mpi/openmpi-4.1.4//lib/libmpi.so.40(PMPI_Group_incl+0x95)[0x7ff45a262185]
[hydra09:373170] [10] /home/thesis/jheld/MPI_Syrk_implementation/build/src/MPI_SYRK_implementation(+0x841a)[0x55cd2994941a]
[hydra07:406604] [ 9] /opt/mpi/openmpi-4.1.4//lib/libmpi.so.40(PMPI_Group_incl+0x95)[0x7f30573d0185]
[hydra07:406604] [10] /home/thesis/jheld/MPI_Syrk_implementation/build/src/MPI_SYRK_implementation(+0x841a)[0x55edddf6641a]
[hydra07:406604] [11] /home/thesis/jheld/MPI_Syrk_implementation/build/src/MPI_SYRK_implementation(+0x2ab0)[0x55edddf60ab0]
[hydra09:373171] [ 9] /opt/mpi/openmpi-4.1.4//lib/libmpi.so.40(PMPI_Group_incl+0x95)[0x7f17c1957185]
[hydra09:373171] [10] /home/thesis/jheld/MPI_Syrk_implementation/build/src/MPI_SYRK_implementation(+0x841a)[0x556e05ebd41a]
[hydra09:373171] [11] /home/thesis/jheld/MPI_Syrk_implementation/build/src/MPI_SYRK_implementation(+0x2ab0)[0x556e05eb7ab0]
[hydra07:406603] [10] /home/thesis/jheld/MPI_Syrk_implementation/build/src/MPI_SYRK_implementation(+0x841a)[0x5626e41ca41a]
[hydra07:406603] [11] /home/thesis/jheld/MPI_Syrk_implementation/build/src/MPI_SYRK_implementation(+0x2ab0)[0x5626e41c4ab0]
[hydra09:373170] [11] /home/thesis/jheld/MPI_Syrk_implementation/build/src/MPI_SYRK_implementation(+0x2ab0)[0x55cd29943ab0]
[hydra07:406605] [ 5] /lib/x86_64-linux-gnu/libc.so.6(+0x8483c)[0x7f81752bb83c]
[hydra09:373171] [12] /lib/x86_64-linux-gnu/libc.so.6(__libc_start_main+0xea)[0x7f17bf9f5d7a]
[hydra09:373171] [13] /home/thesis/jheld/MPI_Syrk_implementation/build/src/MPI_SYRK_implementation(+0x232a)[0x556e05eb732a]
[hydra09:373171] *** End of error message ***
[hydra07:406603] [12] /lib/x86_64-linux-gnu/libc.so.6(__libc_start_main+0xea)[0x7f9153712d7a]
[hydra07:406603] [13] /home/thesis/jheld/MPI_Syrk_implementation/build/src/MPI_SYRK_implementation(+0x232a)[0x5626e41c432a]
[hydra07:406603] *** End of error message ***
[hydra09:373172] [ 5] /lib/x86_64-linux-gnu/libc.so.6(+0x8483c)[0x7f473000583c]
[hydra07:406604] [12] /lib/x86_64-linux-gnu/libc.so.6(__libc_start_main+0xea)[0x7f305546ed7a]
[hydra07:406604] [13] /home/thesis/jheld/MPI_Syrk_implementation/build/src/MPI_SYRK_implementation(+0x232a)[0x55edddf6032a]
[hydra07:406604] *** End of error message ***
[hydra09:373170] [12] /lib/x86_64-linux-gnu/libc.so.6(__libc_start_main+0xea)[0x7ff458300d7a]
[hydra09:373170] [13] /home/thesis/jheld/MPI_Syrk_implementation/build/src/MPI_SYRK_implementation(+0x232a)[0x55cd2994332a]
[hydra09:373170] *** End of error message ***
[hydra07:406605] [ 6] /lib/x86_64-linux-gnu/libc.so.6(__libc_calloc+0x81)[0x7f81752bdbd1]
[hydra09:373172] [ 6] /lib/x86_64-linux-gnu/libc.so.6(__libc_calloc+0x81)[0x7f4730007bd1]
[hydra07:406605] [ 7] /opt/mpi/openmpi-4.1.4//lib/libmpi.so.40(ompi_group_allocate+0x17)[0x7f817718b1e7]
[hydra09:373172] [ 7] /opt/mpi/openmpi-4.1.4//lib/libmpi.so.40(ompi_group_allocate+0x17)[0x7f4731ed51e7]
[hydra07:406605] [ 8] /opt/mpi/openmpi-4.1.4//lib/libmpi.so.40(ompi_group_incl_plist+0x65)[0x7f817718b915]
[hydra09:373172] [ 8] /opt/mpi/openmpi-4.1.4//lib/libmpi.so.40(ompi_group_incl_plist+0x65)[0x7f4731ed5915]
[hydra07:406605] [ 9] /opt/mpi/openmpi-4.1.4//lib/libmpi.so.40(PMPI_Group_incl+0x95)[0x7f81771bc185]
[hydra09:373172] [ 9] /opt/mpi/openmpi-4.1.4//lib/libmpi.so.40(PMPI_Group_incl+0x95)[0x7f4731f06185]
[hydra09:373172] [10] /home/thesis/jheld/MPI_Syrk_implementation/build/src/MPI_SYRK_implementation(+0x841a)[0x56049092f41a]
[hydra07:406605] [10] /home/thesis/jheld/MPI_Syrk_implementation/build/src/MPI_SYRK_implementation(+0x841a)[0x55c438b6d41a]
[hydra07:406605] [11] /home/thesis/jheld/MPI_Syrk_implementation/build/src/MPI_SYRK_implementation(+0x2ab0)[0x55c438b67ab0]
[hydra09:373172] [11] /home/thesis/jheld/MPI_Syrk_implementation/build/src/MPI_SYRK_implementation(+0x2ab0)[0x560490929ab0]
[hydra07:406605] [12] /lib/x86_64-linux-gnu/libc.so.6(__libc_start_main+0xea)[0x7f817525ad7a]
[hydra09:373172] [12] /lib/x86_64-linux-gnu/libc.so.6(__libc_start_main+0xea)[0x7f472ffa4d7a]
[hydra09:373172] [13] /home/thesis/jheld/MPI_Syrk_implementation/build/src/MPI_SYRK_implementation(+0x232a)[0x56049092932a]
[hydra07:406605] [13] /home/thesis/jheld/MPI_Syrk_implementation/build/src/MPI_SYRK_implementation(+0x232a)[0x55c438b6732a]
[hydra07:406605] *** End of error message ***
[hydra09:373172] *** End of error message ***
[hydra06:380248] [10] /home/thesis/jheld/MPI_Syrk_implementation/build/src/MPI_SYRK_implementation(+0x841a)[0x556182a3c41a]
[hydra06:380248] [11] /home/thesis/jheld/MPI_Syrk_implementation/build/src/MPI_SYRK_implementation(+0x2ab0)[0x556182a36ab0]
[hydra02:566915] [12] /lib/x86_64-linux-gnu/libc.so.6(__libc_start_main+0xea)[0x7f8e394ded7a]
[hydra02:566915] [13] /home/thesis/jheld/MPI_Syrk_implementation/build/src/MPI_SYRK_implementation(+0x232a)[0x55a74238332a]
[hydra06:380249] [12] /lib/x86_64-linux-gnu/libc.so.6(__libc_start_main+0xea)[0x7f6168f48d7a]
[hydra06:380249] [13] /home/thesis/jheld/MPI_Syrk_implementation/build/src/MPI_SYRK_implementation(+0x232a)[0x55a222fed32a]
[hydra06:380249] *** End of error message ***
[hydra02:566916] [12] /lib/x86_64-linux-gnu/libc.so.6(__libc_start_main+0xea)[0x7f5be98fdd7a]
[hydra02:566916] [13] /home/thesis/jheld/MPI_Syrk_implementation/build/src/MPI_SYRK_implementation(+0x232a)[0x55c325e9332a]
[hydra02:566916] *** End of error message ***
[hydra06:380248] [12] /lib/x86_64-linux-gnu/libc.so.6(__libc_start_main+0xea)[0x7f175379cd7a]
[hydra06:380248] [13] /home/thesis/jheld/MPI_Syrk_implementation/build/src/MPI_SYRK_implementation(+0x232a)[0x556182a3632a]
[hydra06:380248] *** End of error message ***
[hydra02:566915] *** End of error message ***
srun: error: hydra11: task 30: Aborted
srun: error: hydra10: task 29: Aborted
srun: error: hydra03: task 7: Aborted
srun: error: hydra01: task 2: Aborted
srun: error: hydra04: task 11: Aborted
srun: error: hydra12: tasks 33,35: Aborted
srun: error: hydra02: tasks 4-5: Aborted
srun: error: hydra05: tasks 12,14: Aborted
srun: error: hydra09: tasks 24-26: Aborted
srun: error: hydra08: tasks 21-22: Aborted
srun: error: hydra06: tasks 15-16: Aborted
srun: error: hydra07: tasks 18-20: Aborted
slurmstepd: error:  mpi/pmix_v4: _errhandler: hydra03 [2]: pmixp_client_v2.c:211: Error handler invoked: status = -61, source = [slurm.pmix.5008693.16:7]
slurmstepd: error:  mpi/pmix_v4: _errhandler: hydra04 [3]: pmixp_client_v2.c:211: Error handler invoked: status = -61, source = [slurm.pmix.5008693.16:11]
slurmstepd: error:  mpi/pmix_v4: _errhandler: hydra01 [0]: pmixp_client_v2.c:211: Error handler invoked: status = -61, source = [slurm.pmix.5008693.16:2]
slurmstepd: error:  mpi/pmix_v4: _errhandler: hydra10 [9]: pmixp_client_v2.c:211: Error handler invoked: status = -61, source = [slurm.pmix.5008693.16:29]
slurmstepd: error:  mpi/pmix_v4: _errhandler: hydra08 [7]: pmixp_client_v2.c:211: Error handler invoked: status = -61, source = [slurm.pmix.5008693.16:22]
slurmstepd: error:  mpi/pmix_v4: _errhandler: hydra05 [4]: pmixp_client_v2.c:211: Error handler invoked: status = -61, source = [slurm.pmix.5008693.16:12]
slurmstepd: error:  mpi/pmix_v4: _errhandler: hydra11 [10]: pmixp_client_v2.c:211: Error handler invoked: status = -61, source = [slurm.pmix.5008693.16:30]
slurmstepd: error: *** STEP 5008693.16 ON hydra01 CANCELLED AT 2025-10-13T15:31:37 ***
slurmstepd: error:  mpi/pmix_v4: _errhandler: hydra02 [1]: pmixp_client_v2.c:211: Error handler invoked: status = -61, source = [slurm.pmix.5008693.16:5]
srun: Job step aborted: Waiting up to 32 seconds for job step to finish.
srun: error: hydra06: task 17: Killed
srun: error: hydra05: task 13: Killed
srun: error: hydra02: task 3: Killed
srun: error: hydra08: task 23: Killed
srun: error: hydra12: task 34: Killed
srun: error: hydra01: tasks 0-1: Killed
srun: error: hydra10: tasks 27-28: Killed
srun: error: hydra11: tasks 31-32: Killed
srun: error: hydra03: tasks 6,8: Killed
srun: error: hydra04: tasks 9-10: Killed
⚠️ Warning: No runtime found for run 17
srun: Warning: can't honor --ntasks-per-node set to 1 which doesn't match the requested tasks 36 with the number of requested nodes 12. Ignoring --ntasks-per-node.
missing input file name --> Generate random input
malloc(): invalid size (unsorted)
[hydra12:359974] *** Process received signal ***
malloc(): invalid size (unsorted)
[hydra05:379629] *** Process received signal ***
[hydra05:379629] Signal: Aborted (6)
[hydra05:379629] Signal code:  (-6)
malloc(): invalid size (unsorted)
[hydra07:406654] *** Process received signal ***
[hydra07:406654] Signal: Aborted (6)
[hydra07:406654] Signal code:  (-6)
malloc(): invalid size (unsorted)
[hydra04:395681] *** Process received signal ***
[hydra04:395681] Signal: Aborted (6)
[hydra04:395681] Signal code:  (-6)
[hydra05:379629] [ 0] /lib/x86_64-linux-gnu/libc.so.6(+0x38de0)[0x7f579d5edde0]
malloc(): invalid size (unsorted)
[hydra03:396918] *** Process received signal ***
[hydra03:396918] Signal: Aborted (6)
[hydra03:396918] Signal code:  (-6)
malloc(): invalid size (unsorted)
[hydra09:373222] *** Process received signal ***
[hydra09:373222] Signal: Aborted (6)
[hydra09:373222] Signal code:  (-6)
malloc(): invalid size (unsorted)
[hydra02:566988] *** Process received signal ***
[hydra02:566988] Signal: Aborted (6)
[hydra02:566988] Signal code:  (-6)
[hydra05:379629] [ 1] /lib/x86_64-linux-gnu/libc.so.6(gsignal+0x141)[0x7f579d5edd61]
malloc(): invalid size (unsorted)
[hydra06:380308] *** Process received signal ***
[hydra06:380308] Signal: Aborted (6)
[hydra06:380308] Signal code:  (-6)
malloc(): invalid size (unsorted)
[hydra08:381947] *** Process received signal ***
[hydra08:381947] Signal: Aborted (6)
[hydra08:381947] Signal code:  (-6)
[hydra05:379629] [ 2] /lib/x86_64-linux-gnu/libc.so.6(abort+0x123)[0x7f579d5d7537]
malloc(): invalid size (unsorted)
[hydra12:359975] *** Process received signal ***
[hydra12:359975] Signal: Aborted (6)
[hydra12:359975] Signal code:  (-6)
[hydra05:379629] [ 3] /lib/x86_64-linux-gnu/libc.so.6(+0x7a468)[0x7f579d62f468]
malloc(): invalid size (unsorted)
[hydra11:360014] *** Process received signal ***
[hydra11:360014] Signal: Aborted (6)
[hydra11:360014] Signal code:  (-6)
malloc(): invalid size (unsorted)
[hydra10:491466] *** Process received signal ***
[hydra10:491466] Signal: Aborted (6)
[hydra10:491466] Signal code:  (-6)
[hydra12:359974] Signal: Aborted (6)
[hydra12:359974] Signal code:  (-6)
[hydra05:379629] [ 4] /lib/x86_64-linux-gnu/libc.so.6(+0x8175a)[0x7f579d63675a]
[hydra12:359975] [ 0] /lib/x86_64-linux-gnu/libc.so.6(+0x38de0)[0x7f707c64dde0]
[hydra05:379629] [ 5] /lib/x86_64-linux-gnu/libc.so.6(+0x8483c)[0x7f579d63983c]
[hydra06:380308] [ 0] /lib/x86_64-linux-gnu/libc.so.6(+0x38de0)[0x7fc2bf328de0]
[hydra12:359975] [ 1] /lib/x86_64-linux-gnu/libc.so.6(gsignal+0x141)[0x7f707c64dd61]
[hydra12:359974] [ 0] /lib/x86_64-linux-gnu/libc.so.6(+0x38de0)[0x7fa5e9bb4de0]
[hydra06:380308] [ 1] /lib/x86_64-linux-gnu/libc.so.6(gsignal+0x141)[0x7fc2bf328d61]
[hydra11:360014] [ 0] /lib/x86_64-linux-gnu/libc.so.6(+0x38de0)[0x7fe2f0535de0]
[hydra12:359975] [ 2] /lib/x86_64-linux-gnu/libc.so.6(abort+0x123)[0x7f707c637537]
[hydra05:379629] [ 6] /lib/x86_64-linux-gnu/libc.so.6(__libc_calloc+0x81)[0x7f579d63bbd1]
[hydra12:359974] [ 1] /lib/x86_64-linux-gnu/libc.so.6(gsignal+0x141)[0x7fa5e9bb4d61]
[hydra11:360014] [ 1] /lib/x86_64-linux-gnu/libc.so.6(gsignal+0x141)[0x7fe2f0535d61]
[hydra12:359974] [ 2] /lib/x86_64-linux-gnu/libc.so.6(abort+0x123)[0x7fa5e9b9e537]
[hydra05:379629] [ 7] /opt/mpi/openmpi-4.1.4//lib/libmpi.so.40(ompi_group_allocate+0x17)[0x7f579f5091e7]
[hydra06:380308] [ 2] /lib/x86_64-linux-gnu/libc.so.6(abort+0x123)[0x7fc2bf312537]
[hydra12:359975] [ 3] /lib/x86_64-linux-gnu/libc.so.6(+0x7a468)[0x7f707c68f468]
[hydra05:379629] [ 8] /opt/mpi/openmpi-4.1.4//lib/libmpi.so.40(ompi_group_incl_plist+0x65)[0x7f579f509915]
[hydra06:380308] [ 3] /lib/x86_64-linux-gnu/libc.so.6(+0x7a468)[0x7fc2bf36a468]
[hydra11:360014] [ 2] /lib/x86_64-linux-gnu/libc.so.6(abort+0x123)[0x7fe2f051f537]
[hydra12:359974] [ 3] /lib/x86_64-linux-gnu/libc.so.6(+0x7a468)[0x7fa5e9bf6468]
malloc(): invalid size (unsorted)
[hydra04:395680] *** Process received signal ***
[hydra05:379629] [ 9] /opt/mpi/openmpi-4.1.4//lib/libmpi.so.40(PMPI_Group_incl+0x95)[0x7f579f53a185]
[hydra05:379629] [10] /home/thesis/jheld/MPI_Syrk_implementation/build/src/MPI_SYRK_implementation(+0x841a)[0x56303365941a]
[hydra06:380308] [ 4] /lib/x86_64-linux-gnu/libc.so.6(+0x8175a)[0x7fc2bf37175a]
[hydra11:360014] [ 3] /lib/x86_64-linux-gnu/libc.so.6(+0x7a468)[0x7fe2f0577468]
[hydra12:359975] [ 4] /lib/x86_64-linux-gnu/libc.so.6(+0x8175a)[0x7f707c69675a]
[hydra04:395680] Signal: Aborted (6)
[hydra04:395680] Signal code:  (-6)
[hydra05:379629] [11] /home/thesis/jheld/MPI_Syrk_implementation/build/src/MPI_SYRK_implementation(+0x2ab0)[0x563033653ab0]
[hydra06:380308] [ 5] /lib/x86_64-linux-gnu/libc.so.6(+0x8483c)[0x7fc2bf37483c]
[hydra11:360014] [ 4] /lib/x86_64-linux-gnu/libc.so.6(+0x8175a)[0x7fe2f057e75a]
[hydra12:359974] [ 4] /lib/x86_64-linux-gnu/libc.so.6(+0x8175a)[0x7fa5e9bfd75a]
[hydra04:395681] [ 0] /lib/x86_64-linux-gnu/libc.so.6(+0x38de0)[0x7f15b9c00de0]
[hydra05:379629] [12] /lib/x86_64-linux-gnu/libc.so.6(__libc_start_main+0xea)[0x7f579d5d8d7a]
[hydra12:359975] [ 5] /lib/x86_64-linux-gnu/libc.so.6(+0x8483c)[0x7f707c69983c]
[hydra04:395681] [ 1] /lib/x86_64-linux-gnu/libc.so.6(gsignal+0x141)[0x7f15b9c00d61]
[hydra05:379629] [13] /home/thesis/jheld/MPI_Syrk_implementation/build/src/MPI_SYRK_implementation(+0x232a)[0x56303365332a]
[hydra05:379629] *** End of error message ***
[hydra06:380308] [ 6] /lib/x86_64-linux-gnu/libc.so.6(__libc_calloc+0x81)[0x7fc2bf376bd1]
[hydra11:360014] [ 5] /lib/x86_64-linux-gnu/libc.so.6(+0x8483c)[0x7fe2f058183c]
[hydra07:406654] [ 0] /lib/x86_64-linux-gnu/libc.so.6(+0x38de0)[0x7fdd0cc49de0]
[hydra12:359974] [ 5] /lib/x86_64-linux-gnu/libc.so.6(+0x8483c)[0x7fa5e9c0083c]
[hydra04:395680] [ 0] /lib/x86_64-linux-gnu/libc.so.6(+0x38de0)[0x7ff6139a3de0]
[hydra06:380308] [ 7] /opt/mpi/openmpi-4.1.4//lib/libmpi.so.40(ompi_group_allocate+0x17)[0x7fc2c12441e7]
[hydra07:406654] [ 1] /lib/x86_64-linux-gnu/libc.so.6(gsignal+0x141)[0x7fdd0cc49d61]
[hydra12:359975] [ 6] /lib/x86_64-linux-gnu/libc.so.6(__libc_calloc+0x81)[0x7f707c69bbd1]
[hydra04:395681] [ 2] /lib/x86_64-linux-gnu/libc.so.6(abort+0x123)[0x7f15b9bea537]
[hydra02:566988] [ 0] /lib/x86_64-linux-gnu/libc.so.6(+0x38de0)[0x7f2529909de0]
[hydra06:380308] [ 8] /opt/mpi/openmpi-4.1.4//lib/libmpi.so.40(ompi_group_incl_plist+0x65)[0x7fc2c1244915]
[hydra11:360014] [ 6] /lib/x86_64-linux-gnu/libc.so.6(__libc_calloc+0x81)[0x7fe2f0583bd1]
[hydra09:373222] [ 0] /lib/x86_64-linux-gnu/libc.so.6(+0x38de0)[0x7f7f8d27cde0]
[hydra07:406654] [ 2] /lib/x86_64-linux-gnu/libc.so.6(abort+0x123)[0x7fdd0cc33537]
[hydra12:359975] [ 7] /opt/mpi/openmpi-4.1.4//lib/libmpi.so.40(ompi_group_allocate+0x17)[0x7f707e5691e7]
[hydra04:395680] [ 1] /lib/x86_64-linux-gnu/libc.so.6(gsignal+0x141)[0x7ff6139a3d61]
[hydra02:566988] [ 1] /lib/x86_64-linux-gnu/libc.so.6(gsignal+0x141)[0x7f2529909d61]
[hydra06:380308] [ 9] /opt/mpi/openmpi-4.1.4//lib/libmpi.so.40(PMPI_Group_incl+0x95)[0x7fc2c1275185]
[hydra06:380308] [10] /home/thesis/jheld/MPI_Syrk_implementation/build/src/MPI_SYRK_implementation(+0x841a)[0x557d4eda141a]
[hydra06:380308] [11] /home/thesis/jheld/MPI_Syrk_implementation/build/src/MPI_SYRK_implementation(+0x2ab0)[0x557d4ed9bab0]
[hydra11:360014] [ 7] /opt/mpi/openmpi-4.1.4//lib/libmpi.so.40(ompi_group_allocate+0x17)[0x7fe2f24511e7]
[hydra09:373222] [ 1] /lib/x86_64-linux-gnu/libc.so.6(gsignal+0x141)[0x7f7f8d27cd61]
[hydra07:406654] [ 3] /lib/x86_64-linux-gnu/libc.so.6(+0x7a468)[0x7fdd0cc8b468]
[hydra12:359974] [ 6] /lib/x86_64-linux-gnu/libc.so.6(__libc_calloc+0x81)[0x7fa5e9c02bd1]
[hydra08:381947] [ 0] /lib/x86_64-linux-gnu/libc.so.6(+0x38de0)[0x7faf76409de0]
[hydra04:395681] [ 3] /lib/x86_64-linux-gnu/libc.so.6(+0x7a468)[0x7f15b9c42468]
[hydra02:566988] [ 2] /lib/x86_64-linux-gnu/libc.so.6(abort+0x123)[0x7f25298f3537]
[hydra06:380308] [12] /lib/x86_64-linux-gnu/libc.so.6(__libc_start_main+0xea)[0x7fc2bf313d7a]
[hydra06:380308] [13] /home/thesis/jheld/MPI_Syrk_implementation/build/src/MPI_SYRK_implementation(+0x232a)[0x557d4ed9b32a]
[hydra11:360014] [ 8] /opt/mpi/openmpi-4.1.4//lib/libmpi.so.40(ompi_group_incl_plist+0x65)[0x7fe2f2451915]
[hydra09:373222] [ 2] /lib/x86_64-linux-gnu/libc.so.6(abort+0x123)[0x7f7f8d266537]
[hydra07:406654] [ 4] /lib/x86_64-linux-gnu/libc.so.6(+0x8175a)[0x7fdd0cc9275a]
[hydra12:359975] [ 8] /opt/mpi/openmpi-4.1.4//lib/libmpi.so.40(ompi_group_incl_plist+0x65)[0x7f707e569915]
[hydra08:381947] [ 1] /lib/x86_64-linux-gnu/libc.so.6(gsignal+0x141)[0x7faf76409d61]
[hydra04:395680] [ 2] /lib/x86_64-linux-gnu/libc.so.6(abort+0x123)[0x7ff61398d537]
[hydra02:566988] [ 3] /lib/x86_64-linux-gnu/libc.so.6(+0x7a468)[0x7f252994b468]
[hydra06:380308] *** End of error message ***
[hydra11:360014] [ 9] /opt/mpi/openmpi-4.1.4//lib/libmpi.so.40(PMPI_Group_incl+0x95)[0x7fe2f2482185]
[hydra09:373222] [ 3] /lib/x86_64-linux-gnu/libc.so.6(+0x7a468)[0x7f7f8d2be468]
[hydra07:406654] [ 5] /lib/x86_64-linux-gnu/libc.so.6(+0x8483c)[0x7fdd0cc9583c]
[hydra12:359974] [ 7] /opt/mpi/openmpi-4.1.4//lib/libmpi.so.40(ompi_group_allocate+0x17)[0x7fa5ebad01e7]
[hydra03:396918] [ 0] /lib/x86_64-linux-gnu/libc.so.6(+0x38de0)[0x7f2667151de0]
[hydra08:381947] [ 2] /lib/x86_64-linux-gnu/libc.so.6(abort+0x123)[0x7faf763f3537]
[hydra04:395681] [ 4] /lib/x86_64-linux-gnu/libc.so.6(+0x8175a)[0x7f15b9c4975a]
[hydra02:566988] [ 4] /lib/x86_64-linux-gnu/libc.so.6(+0x8175a)[0x7f252995275a]
[hydra11:360014] [10] /home/thesis/jheld/MPI_Syrk_implementation/build/src/MPI_SYRK_implementation(+0x841a)[0x5628760a941a]
[hydra11:360014] [11] /home/thesis/jheld/MPI_Syrk_implementation/build/src/MPI_SYRK_implementation(+0x2ab0)[0x5628760a3ab0]
[hydra09:373222] [ 4] /lib/x86_64-linux-gnu/libc.so.6(+0x8175a)[0x7f7f8d2c575a]
[hydra07:406654] [ 6] /lib/x86_64-linux-gnu/libc.so.6(__libc_calloc+0x81)[0x7fdd0cc97bd1]
[hydra10:491466] [ 0] /lib/x86_64-linux-gnu/libc.so.6(+0x38de0)[0x7f11a3242de0]
[hydra12:359974] [ 8] /opt/mpi/openmpi-4.1.4//lib/libmpi.so.40(ompi_group_incl_plist+0x65)[0x7fa5ebad0915]
[hydra03:396918] [ 1] /lib/x86_64-linux-gnu/libc.so.6(gsignal+0x141)[0x7f2667151d61]
[hydra08:381947] [ 3] /lib/x86_64-linux-gnu/libc.so.6(+0x7a468)[0x7faf7644b468]
[hydra04:395680] [ 3] /lib/x86_64-linux-gnu/libc.so.6(+0x7a468)[0x7ff6139e5468]
[hydra02:566988] [ 5] /lib/x86_64-linux-gnu/libc.so.6(+0x8483c)[0x7f252995583c]
[hydra11:360014] [12] /lib/x86_64-linux-gnu/libc.so.6(__libc_start_main+0xea)[0x7fe2f0520d7a]
[hydra09:373222] [ 5] /lib/x86_64-linux-gnu/libc.so.6(+0x8483c)[0x7f7f8d2c883c]
[hydra07:406654] [ 7] /opt/mpi/openmpi-4.1.4//lib/libmpi.so.40(ompi_group_allocate+0x17)[0x7fdd0eb651e7]
[hydra10:491466] [ 1] /lib/x86_64-linux-gnu/libc.so.6(gsignal+0x141)[0x7f11a3242d61]
[hydra12:359975] [ 9] /opt/mpi/openmpi-4.1.4//lib/libmpi.so.40(PMPI_Group_incl+0x95)[0x7f707e59a185]
[hydra12:359975] [10] /home/thesis/jheld/MPI_Syrk_implementation/build/src/MPI_SYRK_implementation(+0x841a)[0x55dc4609141a]
[hydra12:359975] [11] /home/thesis/jheld/MPI_Syrk_implementation/build/src/MPI_SYRK_implementation(+0x2ab0)[0x55dc4608bab0]
[hydra03:396918] [ 2] /lib/x86_64-linux-gnu/libc.so.6(abort+0x123)[0x7f266713b537]
[hydra08:381947] [ 4] /lib/x86_64-linux-gnu/libc.so.6(+0x8175a)[0x7faf7645275a]
[hydra04:395681] [ 5] /lib/x86_64-linux-gnu/libc.so.6(+0x8483c)[0x7f15b9c4c83c]
[hydra02:566988] [ 6] /lib/x86_64-linux-gnu/libc.so.6(__libc_calloc+0x81)[0x7f2529957bd1]
[hydra11:360014] [13] /home/thesis/jheld/MPI_Syrk_implementation/build/src/MPI_SYRK_implementation(+0x232a)[0x5628760a332a]
[hydra11:360014] *** End of error message ***
[hydra09:373222] [ 6] /lib/x86_64-linux-gnu/libc.so.6(__libc_calloc+0x81)[0x7f7f8d2cabd1]
[hydra07:406654] [ 8] /opt/mpi/openmpi-4.1.4//lib/libmpi.so.40(ompi_group_incl_plist+0x65)[0x7fdd0eb65915]
[hydra10:491466] [ 2] /lib/x86_64-linux-gnu/libc.so.6(abort+0x123)[0x7f11a322c537]
[hydra12:359974] [ 9] /opt/mpi/openmpi-4.1.4//lib/libmpi.so.40(PMPI_Group_incl+0x95)[0x7fa5ebb01185]
[hydra12:359974] [10] /home/thesis/jheld/MPI_Syrk_implementation/build/src/MPI_SYRK_implementation(+0x841a)[0x556e6f9de41a]
[hydra03:396918] [ 3] /lib/x86_64-linux-gnu/libc.so.6(+0x7a468)[0x7f2667193468]
[hydra08:381947] [ 5] /lib/x86_64-linux-gnu/libc.so.6(+0x8483c)[0x7faf7645583c]
[hydra04:395680] [ 4] /lib/x86_64-linux-gnu/libc.so.6(+0x8175a)[0x7ff6139ec75a]
[hydra02:566988] [ 7] /opt/mpi/openmpi-4.1.4//lib/libmpi.so.40(ompi_group_allocate+0x17)[0x7f252b8251e7]
[hydra09:373222] [ 7] /opt/mpi/openmpi-4.1.4//lib/libmpi.so.40(ompi_group_allocate+0x17)[0x7f7f8f1981e7]
[hydra07:406654] [ 9] /opt/mpi/openmpi-4.1.4//lib/libmpi.so.40(PMPI_Group_incl+0x95)[0x7fdd0eb96185]
[hydra10:491466] [ 3] /lib/x86_64-linux-gnu/libc.so.6(+0x7a468)[0x7f11a3284468]
[hydra12:359974] [11] /home/thesis/jheld/MPI_Syrk_implementation/build/src/MPI_SYRK_implementation(+0x2ab0)[0x556e6f9d8ab0]
[hydra03:396918] [ 4] /lib/x86_64-linux-gnu/libc.so.6(+0x8175a)[0x7f266719a75a]
[hydra08:381947] [ 6] /lib/x86_64-linux-gnu/libc.so.6(__libc_calloc+0x81)[0x7faf76457bd1]
[hydra04:395681] [ 6] /lib/x86_64-linux-gnu/libc.so.6(__libc_calloc+0x81)[0x7f15b9c4ebd1]
[hydra02:566988] [ 8] /opt/mpi/openmpi-4.1.4//lib/libmpi.so.40(ompi_group_incl_plist+0x65)[0x7f252b825915]
[hydra09:373222] [ 8] /opt/mpi/openmpi-4.1.4//lib/libmpi.so.40(ompi_group_incl_plist+0x65)[0x7f7f8f198915]
[hydra07:406654] [10] /home/thesis/jheld/MPI_Syrk_implementation/build/src/MPI_SYRK_implementation(+0x841a)[0x55ba731bf41a]
[hydra07:406654] [11] /home/thesis/jheld/MPI_Syrk_implementation/build/src/MPI_SYRK_implementation(+0x2ab0)[0x55ba731b9ab0]
[hydra10:491466] [ 4] /lib/x86_64-linux-gnu/libc.so.6(+0x8175a)[0x7f11a328b75a]
[hydra03:396918] [ 5] /lib/x86_64-linux-gnu/libc.so.6(+0x8483c)[0x7f266719d83c]
[hydra08:381947] [ 7] /opt/mpi/openmpi-4.1.4//lib/libmpi.so.40(ompi_group_allocate+0x17)[0x7faf783251e7]
[hydra04:395680] [ 5] /lib/x86_64-linux-gnu/libc.so.6(+0x8483c)[0x7ff6139ef83c]
[hydra02:566988] [ 9] /opt/mpi/openmpi-4.1.4//lib/libmpi.so.40(PMPI_Group_incl+0x95)[0x7f252b856185]
[hydra09:373222] [ 9] /opt/mpi/openmpi-4.1.4//lib/libmpi.so.40(PMPI_Group_incl+0x95)[0x7f7f8f1c9185]
[hydra07:406654] [12] /lib/x86_64-linux-gnu/libc.so.6(__libc_start_main+0xea)[0x7fdd0cc34d7a]
[hydra07:406654] [13] /home/thesis/jheld/MPI_Syrk_implementation/build/src/MPI_SYRK_implementation(+0x232a)[0x55ba731b932a]
[hydra10:491466] [ 5] /lib/x86_64-linux-gnu/libc.so.6(+0x8483c)[0x7f11a328e83c]
[hydra03:396918] [ 6] /lib/x86_64-linux-gnu/libc.so.6(__libc_calloc+0x81)[0x7f266719fbd1]
[hydra08:381947] [ 8] /opt/mpi/openmpi-4.1.4//lib/libmpi.so.40(ompi_group_incl_plist+0x65)[0x7faf78325915]
[hydra04:395681] [ 7] /opt/mpi/openmpi-4.1.4//lib/libmpi.so.40(ompi_group_allocate+0x17)[0x7f15bbb1c1e7]
[hydra02:566988] [10] /home/thesis/jheld/MPI_Syrk_implementation/build/src/MPI_SYRK_implementation(+0x841a)[0x55c97e6fd41a]
[hydra02:566988] [11] /home/thesis/jheld/MPI_Syrk_implementation/build/src/MPI_SYRK_implementation(+0x2ab0)[0x55c97e6f7ab0]
[hydra09:373222] [10] /home/thesis/jheld/MPI_Syrk_implementation/build/src/MPI_SYRK_implementation(+0x841a)[0x562025d8e41a]
[hydra09:373222] [11] /home/thesis/jheld/MPI_Syrk_implementation/build/src/MPI_SYRK_implementation(+0x2ab0)[0x562025d88ab0]
[hydra07:406654] *** End of error message ***
[hydra10:491466] [ 6] /lib/x86_64-linux-gnu/libc.so.6(__libc_calloc+0x81)[0x7f11a3290bd1]
[hydra03:396918] [ 7] /opt/mpi/openmpi-4.1.4//lib/libmpi.so.40(ompi_group_allocate+0x17)[0x7f266906d1e7]
[hydra08:381947] [ 9] /opt/mpi/openmpi-4.1.4//lib/libmpi.so.40(PMPI_Group_incl+0x95)[0x7faf78356185]
[hydra04:395681] [ 8] /opt/mpi/openmpi-4.1.4//lib/libmpi.so.40(ompi_group_incl_plist+0x65)[0x7f15bbb1c915]
[hydra02:566988] [12] /lib/x86_64-linux-gnu/libc.so.6(__libc_start_main+0xea)[0x7f25298f4d7a]
[hydra02:566988] [13] /home/thesis/jheld/MPI_Syrk_implementation/build/src/MPI_SYRK_implementation(+0x232a)[0x55c97e6f732a]
[hydra09:373222] [12] /lib/x86_64-linux-gnu/libc.so.6(__libc_start_main+0xea)[0x7f7f8d267d7a]
[hydra09:373222] [13] /home/thesis/jheld/MPI_Syrk_implementation/build/src/MPI_SYRK_implementation(+0x232a)[0x562025d8832a]
[hydra10:491466] [ 7] /opt/mpi/openmpi-4.1.4//lib/libmpi.so.40(ompi_group_allocate+0x17)[0x7f11a515e1e7]
[hydra03:396918] [ 8] /opt/mpi/openmpi-4.1.4//lib/libmpi.so.40(ompi_group_incl_plist+0x65)[0x7f266906d915]
[hydra08:381947] [10] /home/thesis/jheld/MPI_Syrk_implementation/build/src/MPI_SYRK_implementation(+0x841a)[0x55a9a44ad41a]
[hydra08:381947] [11] /home/thesis/jheld/MPI_Syrk_implementation/build/src/MPI_SYRK_implementation(+0x2ab0)[0x55a9a44a7ab0]
[hydra04:395680] [ 6] /lib/x86_64-linux-gnu/libc.so.6(__libc_calloc+0x81)[0x7ff6139f1bd1]
[hydra02:566988] *** End of error message ***
[hydra09:373222] *** End of error message ***
[hydra10:491466] [ 8] /opt/mpi/openmpi-4.1.4//lib/libmpi.so.40(ompi_group_incl_plist+0x65)[0x7f11a515e915]
[hydra03:396918] [ 9] /opt/mpi/openmpi-4.1.4//lib/libmpi.so.40(PMPI_Group_incl+0x95)[0x7f266909e185]
[hydra08:381947] [12] /lib/x86_64-linux-gnu/libc.so.6(__libc_start_main+0xea)[0x7faf763f4d7a]
[hydra08:381947] [13] /home/thesis/jheld/MPI_Syrk_implementation/build/src/MPI_SYRK_implementation(+0x232a)[0x55a9a44a732a]
[hydra04:395680] [ 7] /opt/mpi/openmpi-4.1.4//lib/libmpi.so.40(ompi_group_allocate+0x17)[0x7ff6158bf1e7]
[hydra10:491466] [ 9] /opt/mpi/openmpi-4.1.4//lib/libmpi.so.40(PMPI_Group_incl+0x95)[0x7f11a518f185]
[hydra03:396918] [10] /home/thesis/jheld/MPI_Syrk_implementation/build/src/MPI_SYRK_implementation(+0x841a)[0x563f77a6741a]
[hydra03:396918] [11] /home/thesis/jheld/MPI_Syrk_implementation/build/src/MPI_SYRK_implementation(+0x2ab0)[0x563f77a61ab0]
[hydra08:381947] *** End of error message ***
[hydra04:395681] [ 9] /opt/mpi/openmpi-4.1.4//lib/libmpi.so.40(PMPI_Group_incl+0x95)[0x7f15bbb4d185]
[hydra04:395681] [10] /home/thesis/jheld/MPI_Syrk_implementation/build/src/MPI_SYRK_implementation(+0x841a)[0x557c4f8c941a]
[hydra04:395681] [11] /home/thesis/jheld/MPI_Syrk_implementation/build/src/MPI_SYRK_implementation(+0x2ab0)[0x557c4f8c3ab0]
[hydra10:491466] [10] /home/thesis/jheld/MPI_Syrk_implementation/build/src/MPI_SYRK_implementation(+0x841a)[0x564b3a08c41a]
[hydra10:491466] [11] /home/thesis/jheld/MPI_Syrk_implementation/build/src/MPI_SYRK_implementation(+0x2ab0)[0x564b3a086ab0]
[hydra03:396918] [12] /lib/x86_64-linux-gnu/libc.so.6(__libc_start_main+0xea)[0x7f266713cd7a]
[hydra10:491466] [12] /lib/x86_64-linux-gnu/libc.so.6(__libc_start_main+0xea)[0x7f11a322dd7a]
[hydra10:491466] [13] /home/thesis/jheld/MPI_Syrk_implementation/build/src/MPI_SYRK_implementation(+0x232a)[0x564b3a08632a]
[hydra03:396918] [13] /home/thesis/jheld/MPI_Syrk_implementation/build/src/MPI_SYRK_implementation(+0x232a)[0x563f77a6132a]
[hydra03:396918] *** End of error message ***
[hydra10:491466] *** End of error message ***
[hydra12:359975] [12] /lib/x86_64-linux-gnu/libc.so.6(__libc_start_main+0xea)[0x7f707c638d7a]
[hydra12:359975] [13] /home/thesis/jheld/MPI_Syrk_implementation/build/src/MPI_SYRK_implementation(+0x232a)[0x55dc4608b32a]
[hydra12:359975] *** End of error message ***
[hydra12:359974] [12] /lib/x86_64-linux-gnu/libc.so.6(__libc_start_main+0xea)[0x7fa5e9b9fd7a]
[hydra12:359974] [13] /home/thesis/jheld/MPI_Syrk_implementation/build/src/MPI_SYRK_implementation(+0x232a)[0x556e6f9d832a]
[hydra12:359974] *** End of error message ***
[hydra04:395680] [ 8] /opt/mpi/openmpi-4.1.4//lib/libmpi.so.40(ompi_group_incl_plist+0x65)[0x7ff6158bf915]
[hydra04:395681] [12] /lib/x86_64-linux-gnu/libc.so.6(__libc_start_main+0xea)[0x7f15b9bebd7a]
[hydra04:395681] [13] /home/thesis/jheld/MPI_Syrk_implementation/build/src/MPI_SYRK_implementation(+0x232a)[0x557c4f8c332a]
[hydra04:395681] *** End of error message ***
[hydra04:395680] [ 9] /opt/mpi/openmpi-4.1.4//lib/libmpi.so.40(PMPI_Group_incl+0x95)[0x7ff6158f0185]
[hydra04:395680] [10] /home/thesis/jheld/MPI_Syrk_implementation/build/src/MPI_SYRK_implementation(+0x841a)[0x558fbb74441a]
[hydra04:395680] [11] /home/thesis/jheld/MPI_Syrk_implementation/build/src/MPI_SYRK_implementation(+0x2ab0)[0x558fbb73eab0]
[hydra04:395680] [12] /lib/x86_64-linux-gnu/libc.so.6(__libc_start_main+0xea)[0x7ff61398ed7a]
[hydra04:395680] [13] /home/thesis/jheld/MPI_Syrk_implementation/build/src/MPI_SYRK_implementation(+0x232a)[0x558fbb73e32a]
[hydra04:395680] *** End of error message ***
srun: error: hydra06: task 15: Aborted
srun: error: hydra07: task 18: Aborted
srun: error: hydra10: task 29: Aborted
srun: error: hydra08: task 23: Aborted
srun: error: hydra05: task 12: Aborted
srun: error: hydra02: task 3: Aborted
srun: error: hydra11: task 31: Aborted
srun: error: hydra03: task 6: Aborted
srun: error: hydra04: tasks 9-10: Aborted
srun: error: hydra12: tasks 33-34: Aborted
srun: error: hydra09: task 25: Aborted
slurmstepd: error:  mpi/pmix_v4: _errhandler: hydra05 [4]: pmixp_client_v2.c:211: Error handler invoked: status = -61, source = [slurm.pmix.5008693.17:12]
slurmstepd: error:  mpi/pmix_v4: _errhandler: hydra02 [1]: pmixp_client_v2.c:211: Error handler invoked: status = -61, source = [slurm.pmix.5008693.17:3]
slurmstepd: error:  mpi/pmix_v4: _errhandler: hydra09 [8]: pmixp_client_v2.c:211: Error handler invoked: status = -61, source = [slurm.pmix.5008693.17:25]
slurmstepd: error:  mpi/pmix_v4: _errhandler: hydra08 [7]: pmixp_client_v2.c:211: Error handler invoked: status = -61, source = [slurm.pmix.5008693.17:23]
slurmstepd: error:  mpi/pmix_v4: _errhandler: hydra07 [6]: pmixp_client_v2.c:211: Error handler invoked: status = -61, source = [slurm.pmix.5008693.17:18]
slurmstepd: error:  mpi/pmix_v4: _errhandler: hydra11 [10]: pmixp_client_v2.c:211: Error handler invoked: status = -61, source = [slurm.pmix.5008693.17:31]
slurmstepd: error:  mpi/pmix_v4: _errhandler: hydra12 [11]: pmixp_client_v2.c:211: Error handler invoked: status = -61, source = [slurm.pmix.5008693.17:33]
slurmstepd: error:  mpi/pmix_v4: _errhandler: hydra06 [5]: pmixp_client_v2.c:211: Error handler invoked: status = -61, source = [slurm.pmix.5008693.17:15]
slurmstepd: error:  mpi/pmix_v4: _errhandler: hydra10 [9]: pmixp_client_v2.c:211: Error handler invoked: status = -61, source = [slurm.pmix.5008693.17:29]
slurmstepd: error:  mpi/pmix_v4: _errhandler: hydra04 [3]: pmixp_client_v2.c:211: Error handler invoked: status = -61, source = [slurm.pmix.5008693.17:10]
slurmstepd: error:  mpi/pmix_v4: _errhandler: hydra03 [2]: pmixp_client_v2.c:211: Error handler invoked: status = -61, source = [slurm.pmix.5008693.17:6]
slurmstepd: error: *** STEP 5008693.17 ON hydra01 CANCELLED AT 2025-10-13T15:31:39 ***
srun: Job step aborted: Waiting up to 32 seconds for job step to finish.
srun: error: hydra12: task 35: Killed
srun: error: hydra04: task 11: Killed
srun: error: hydra02: tasks 4-5: Killed
srun: error: hydra10: tasks 27-28: Killed
srun: error: hydra03: tasks 7-8: Killed
srun: error: hydra06: tasks 16-17: Killed
srun: error: hydra07: tasks 19-20: Killed
srun: error: hydra11: tasks 30,32: Killed
srun: error: hydra08: tasks 21-22: Killed
srun: error: hydra05: tasks 13-14: Killed
srun: error: hydra09: tasks 24,26: Killed
srun: error: hydra01: tasks 0-2: Killed
⚠️ Warning: No runtime found for run 18
srun: Warning: can't honor --ntasks-per-node set to 1 which doesn't match the requested tasks 36 with the number of requested nodes 12. Ignoring --ntasks-per-node.
missing input file name --> Generate random input
malloc(): invalid size (unsorted)
[hydra12:360043] *** Process received signal ***
[hydra12:360043] Signal: Aborted (6)
[hydra12:360043] Signal code:  (-6)
malloc(): invalid size (unsorted)
[hydra11:360083] *** Process received signal ***
[hydra11:360083] Signal: Aborted (6)
[hydra11:360083] Signal code:  (-6)
malloc(): invalid size (unsorted)
[hydra05:379698] *** Process received signal ***
[hydra05:379698] Signal: Aborted (6)
[hydra05:379698] Signal code:  (-6)
malloc(): invalid size (unsorted)
[hydra06:380378] *** Process received signal ***
[hydra06:380378] Signal: Aborted (6)
[hydra06:380378] Signal code:  (-6)
malloc(): invalid size (unsorted)
[hydra07:406722] *** Process received signal ***
[hydra07:406722] Signal: Aborted (6)
[hydra07:406722] Signal code:  (-6)
malloc(): invalid size (unsorted)
malloc(): invalid size (unsorted)
[hydra02:567070] *** Process received signal ***
[hydra02:567070] Signal: Aborted (6)
[hydra02:567070] Signal code:  (-6)
malloc(): invalid size (unsorted)
malloc(): invalid size (unsorted)
[hydra03:396987] *** Process received signal ***
[hydra03:396987] Signal: Aborted (6)
[hydra03:396987] Signal code:  (-6)
malloc(): invalid size (unsorted)
[hydra08:382015] *** Process received signal ***
[hydra08:382015] Signal: Aborted (6)
[hydra08:382015] Signal code:  (-6)
[hydra07:406724] *** Process received signal ***
[hydra07:406722] [ 0] /lib/x86_64-linux-gnu/libc.so.6(+0x38de0)[0x7f4fd92b5de0]
malloc(): invalid size (unsorted)
[hydra12:360042] *** Process received signal ***
[hydra12:360042] Signal: Aborted (6)
[hydra12:360042] Signal code:  (-6)
[hydra07:406724] Signal: Aborted (6)
[hydra07:406724] Signal code:  (-6)
[hydra12:360043] [ 0] /lib/x86_64-linux-gnu/libc.so.6(+0x38de0)[0x7f0d9dbe2de0]
[hydra07:406722] [ 1] /lib/x86_64-linux-gnu/libc.so.6(gsignal+0x141)[0x7f4fd92b5d61]
[hydra12:360042] [ 0] /lib/x86_64-linux-gnu/libc.so.6(+0x38de0)[0x7fea8c7bdde0]
malloc(): invalid size (unsorted)
[hydra10:491537] *** Process received signal ***
[hydra10:491537] Signal: Aborted (6)
[hydra10:491537] Signal code:  (-6)
[hydra07:406722] [ 2] /lib/x86_64-linux-gnu/libc.so.6(abort+0x123)[0x7f4fd929f537]
[hydra12:360043] [ 1] /lib/x86_64-linux-gnu/libc.so.6(gsignal+0x141)[0x7f0d9dbe2d61]
[hydra12:360042] [ 1] /lib/x86_64-linux-gnu/libc.so.6(gsignal+0x141)[0x7fea8c7bdd61]
malloc(): invalid size (unsorted)
[hydra09:373291] *** Process received signal ***
[hydra09:373291] Signal: Aborted (6)
[hydra09:373291] Signal code:  (-6)
[hydra07:406722] [ 3] /lib/x86_64-linux-gnu/libc.so.6(+0x7a468)[0x7f4fd92f7468]
[hydra12:360043] [ 2] /lib/x86_64-linux-gnu/libc.so.6(abort+0x123)[0x7f0d9dbcc537]
[hydra12:360042] [ 2] /lib/x86_64-linux-gnu/libc.so.6(abort+0x123)[0x7fea8c7a7537]
[hydra12:360043] [ 3] /lib/x86_64-linux-gnu/libc.so.6(+0x7a468)[0x7f0d9dc24468]
[hydra12:360042] [ 3] /lib/x86_64-linux-gnu/libc.so.6(+0x7a468)[0x7fea8c7ff468]
[hydra07:406724] [ 0] /lib/x86_64-linux-gnu/libc.so.6(+0x38de0)[0x7f6e795ebde0]
[hydra12:360043] [ 4] /lib/x86_64-linux-gnu/libc.so.6(+0x8175a)[0x7f0d9dc2b75a]
[hydra07:406722] [ 4] /lib/x86_64-linux-gnu/libc.so.6(+0x8175a)[0x7f4fd92fe75a]
[hydra12:360042] [ 4] /lib/x86_64-linux-gnu/libc.so.6(+0x8175a)[0x7fea8c80675a]
[hydra07:406724] [ 1] /lib/x86_64-linux-gnu/libc.so.6(gsignal+0x141)[0x7f6e795ebd61]
[hydra12:360043] [ 5] /lib/x86_64-linux-gnu/libc.so.6(+0x8483c)[0x7f0d9dc2e83c]
[hydra07:406722] [ 5] /lib/x86_64-linux-gnu/libc.so.6(+0x8483c)[0x7f4fd930183c]
[hydra12:360042] [ 5] /lib/x86_64-linux-gnu/libc.so.6(+0x8483c)[0x7fea8c80983c]
[hydra07:406724] [ 2] /lib/x86_64-linux-gnu/libc.so.6(abort+0x123)[0x7f6e795d5537]
[hydra12:360043] [ 6] /lib/x86_64-linux-gnu/libc.so.6(__libc_calloc+0x81)[0x7f0d9dc30bd1]
[hydra07:406722] [ 6] /lib/x86_64-linux-gnu/libc.so.6(__libc_calloc+0x81)[0x7f4fd9303bd1]
[hydra12:360043] [ 7] /opt/mpi/openmpi-4.1.4//lib/libmpi.so.40(ompi_group_allocate+0x17)[0x7f0d9fafe1e7]
[hydra07:406724] [ 3] /lib/x86_64-linux-gnu/libc.so.6(+0x7a468)[0x7f6e7962d468]
[hydra12:360042] [ 6] /lib/x86_64-linux-gnu/libc.so.6(__libc_calloc+0x81)[0x7fea8c80bbd1]
[hydra07:406722] [ 7] /opt/mpi/openmpi-4.1.4//lib/libmpi.so.40(ompi_group_allocate+0x17)[0x7f4fdb1d11e7]
[hydra12:360043] [ 8] /opt/mpi/openmpi-4.1.4//lib/libmpi.so.40(ompi_group_incl_plist+0x65)[0x7f0d9fafe915]
[hydra07:406724] [ 4] /lib/x86_64-linux-gnu/libc.so.6(+0x8175a)[0x7f6e7963475a]
[hydra12:360042] [ 7] /opt/mpi/openmpi-4.1.4//lib/libmpi.so.40(ompi_group_allocate+0x17)[0x7fea8e6d91e7]
[hydra07:406722] [ 8] /opt/mpi/openmpi-4.1.4//lib/libmpi.so.40(ompi_group_incl_plist+0x65)[0x7f4fdb1d1915]
[hydra12:360042] [ 8] /opt/mpi/openmpi-4.1.4//lib/libmpi.so.40(ompi_group_incl_plist+0x65)[0x7fea8e6d9915]
[hydra07:406724] [ 5] /lib/x86_64-linux-gnu/libc.so.6(+0x8483c)[0x7f6e7963783c]
[hydra12:360043] [ 9] /opt/mpi/openmpi-4.1.4//lib/libmpi.so.40(PMPI_Group_incl+0x95)[0x7f0d9fb2f185]
[hydra12:360043] [10] /home/thesis/jheld/MPI_Syrk_implementation/build/src/MPI_SYRK_implementation(+0x841a)[0x55af0e94441a]
[hydra12:360043] [11] /home/thesis/jheld/MPI_Syrk_implementation/build/src/MPI_SYRK_implementation(+0x2ab0)[0x55af0e93eab0]
[hydra07:406722] [ 9] /opt/mpi/openmpi-4.1.4//lib/libmpi.so.40(PMPI_Group_incl+0x95)[0x7f4fdb202185]
[hydra07:406722] [10] /home/thesis/jheld/MPI_Syrk_implementation/build/src/MPI_SYRK_implementation(+0x841a)[0x564c654f241a]
[hydra05:379698] [ 0] /lib/x86_64-linux-gnu/libc.so.6(+0x38de0)[0x7f5990fe2de0]
[hydra12:360042] [ 9] /opt/mpi/openmpi-4.1.4//lib/libmpi.so.40(PMPI_Group_incl+0x95)[0x7fea8e70a185]
[hydra11:360083] [ 0] /lib/x86_64-linux-gnu/libc.so.6(+0x38de0)[0x7fc2ffe47de0]
[hydra07:406722] [11] /home/thesis/jheld/MPI_Syrk_implementation/build/src/MPI_SYRK_implementation(+0x2ab0)[0x564c654ecab0]
[hydra06:380378] [ 0] /lib/x86_64-linux-gnu/libc.so.6(+0x38de0)[0x7f5cd7331de0]
[hydra05:379698] [ 1] /lib/x86_64-linux-gnu/libc.so.6(gsignal+0x141)[0x7f5990fe2d61]
[hydra04:395750] *** Process received signal ***
[hydra04:395750] Signal: Aborted (6)
[hydra04:395750] Signal code:  (-6)
[hydra11:360083] [ 1] /lib/x86_64-linux-gnu/libc.so.6(gsignal+0x141)[0x7fc2ffe47d61]
[hydra06:380378] [ 1] /lib/x86_64-linux-gnu/libc.so.6(gsignal+0x141)[0x7f5cd7331d61]
[hydra02:567070] [ 0] /lib/x86_64-linux-gnu/libc.so.6(+0x38de0)[0x7f1c010fede0]
[hydra05:379698] [ 2] /lib/x86_64-linux-gnu/libc.so.6(abort+0x123)[0x7f5990fcc537]
[hydra04:395750] [ 0] /lib/x86_64-linux-gnu/libc.so.6(+0x38de0)[0x7f6b9cd16de0]
[hydra11:360083] [ 2] /lib/x86_64-linux-gnu/libc.so.6(abort+0x123)[0x7fc2ffe31537]
[hydra07:406724] [ 6] /lib/x86_64-linux-gnu/libc.so.6(__libc_calloc+0x81)[0x7f6e79639bd1]
[hydra06:380378] [ 2] /lib/x86_64-linux-gnu/libc.so.6(abort+0x123)[0x7f5cd731b537]
[hydra03:396987] [ 0] /lib/x86_64-linux-gnu/libc.so.6(+0x38de0)[0x7fb50e8c7de0]
[hydra02:567070] [ 1] /lib/x86_64-linux-gnu/libc.so.6(gsignal+0x141)[0x7f1c010fed61]
[hydra05:379698] [ 3] /lib/x86_64-linux-gnu/libc.so.6(+0x7a468)[0x7f5991024468]
[hydra04:395750] [ 1] /lib/x86_64-linux-gnu/libc.so.6(gsignal+0x141)[0x7f6b9cd16d61]
[hydra11:360083] [ 3] /lib/x86_64-linux-gnu/libc.so.6(+0x7a468)[0x7fc2ffe89468]
[hydra07:406722] [12] /lib/x86_64-linux-gnu/libc.so.6(__libc_start_main+0xea)[0x7f4fd92a0d7a]
[hydra07:406722] [13] /home/thesis/jheld/MPI_Syrk_implementation/build/src/MPI_SYRK_implementation(+0x232a)[0x564c654ec32a]
[hydra06:380378] [ 3] /lib/x86_64-linux-gnu/libc.so.6(+0x7a468)[0x7f5cd7373468]
[hydra03:396987] [ 1] /lib/x86_64-linux-gnu/libc.so.6(gsignal+0x141)[0x7fb50e8c7d61]
[hydra02:567070] [ 2] /lib/x86_64-linux-gnu/libc.so.6(abort+0x123)[0x7f1c010e8537]
[hydra05:379698] [ 4] /lib/x86_64-linux-gnu/libc.so.6(+0x8175a)[0x7f599102b75a]
malloc(): invalid size (unsorted)
[hydra10:491538] *** Process received signal ***
[hydra10:491538] Signal: Aborted (6)
[hydra10:491538] Signal code:  (-6)
[hydra08:382015] [ 0] /lib/x86_64-linux-gnu/libc.so.6(+0x38de0)[0x7f46de11ade0]
[hydra04:395750] [ 2] /lib/x86_64-linux-gnu/libc.so.6(abort+0x123)[0x7f6b9cd00537]
malloc(): invalid size (unsorted)
[hydra07:406722] *** End of error message ***
[hydra06:380378] [ 4] /lib/x86_64-linux-gnu/libc.so.6(+0x8175a)[0x7f5cd737a75a]
[hydra03:396987] [ 2] /lib/x86_64-linux-gnu/libc.so.6(abort+0x123)[0x7fb50e8b1537]
[hydra02:567070] [ 3] /lib/x86_64-linux-gnu/libc.so.6(+0x7a468)[0x7f1c01140468]
[hydra05:379698] [ 5] /lib/x86_64-linux-gnu/libc.so.6(+0x8483c)[0x7f599102e83c]
[hydra10:491537] [ 0] /lib/x86_64-linux-gnu/libc.so.6(+0x38de0)[0x7f4d4ec12de0]
[hydra08:382015] [ 1] /lib/x86_64-linux-gnu/libc.so.6(gsignal+0x141)[0x7f46de11ad61]
[hydra04:395750] [ 3] /lib/x86_64-linux-gnu/libc.so.6(+0x7a468)[0x7f6b9cd58468]
[hydra11:360083] [ 4] /lib/x86_64-linux-gnu/libc.so.6(+0x8175a)[0x7fc2ffe9075a]
[hydra07:406724] [ 7] /opt/mpi/openmpi-4.1.4//lib/libmpi.so.40(ompi_group_allocate+0x17)[0x7f6e7b5071e7]
[hydra06:380378] [ 5] /lib/x86_64-linux-gnu/libc.so.6(+0x8483c)[0x7f5cd737d83c]
[hydra03:396987] [ 3] /lib/x86_64-linux-gnu/libc.so.6(+0x7a468)[0x7fb50e909468]
[hydra02:567070] [ 4] /lib/x86_64-linux-gnu/libc.so.6(+0x8175a)[0x7f1c0114775a]
[hydra05:379698] [ 6] /lib/x86_64-linux-gnu/libc.so.6(__libc_calloc+0x81)[0x7f5991030bd1]
[hydra10:491538] [ 0] /lib/x86_64-linux-gnu/libc.so.6(+0x38de0)[0x7f07fbcfbde0]
[hydra08:382015] [ 2] /lib/x86_64-linux-gnu/libc.so.6(abort+0x123)[0x7f46de104537]
[hydra04:395750] [ 4] /lib/x86_64-linux-gnu/libc.so.6(+0x8175a)[0x7f6b9cd5f75a]
[hydra11:360082] *** Process received signal ***
[hydra07:406724] [ 8] /opt/mpi/openmpi-4.1.4//lib/libmpi.so.40(ompi_group_incl_plist+0x65)[0x7f6e7b507915]
[hydra06:380378] [ 6] /lib/x86_64-linux-gnu/libc.so.6(__libc_calloc+0x81)[0x7f5cd737fbd1]
[hydra03:396987] [ 4] /lib/x86_64-linux-gnu/libc.so.6(+0x8175a)[0x7fb50e91075a]
[hydra02:567070] [ 5] /lib/x86_64-linux-gnu/libc.so.6(+0x8483c)[0x7f1c0114a83c]
[hydra05:379698] [ 7] /opt/mpi/openmpi-4.1.4//lib/libmpi.so.40(ompi_group_allocate+0x17)[0x7f5992efe1e7]
[hydra10:491537] [ 1] /lib/x86_64-linux-gnu/libc.so.6(gsignal+0x141)[0x7f4d4ec12d61]
[hydra08:382015] [ 3] /lib/x86_64-linux-gnu/libc.so.6(+0x7a468)[0x7f46de15c468]
[hydra04:395750] [ 5] /lib/x86_64-linux-gnu/libc.so.6(+0x8483c)[0x7f6b9cd6283c]
[hydra11:360082] Signal: Aborted (6)
[hydra11:360082] Signal code:  (-6)
[hydra07:406724] [ 9] /opt/mpi/openmpi-4.1.4//lib/libmpi.so.40(PMPI_Group_incl+0x95)[0x7f6e7b538185]
[hydra07:406724] [10] /home/thesis/jheld/MPI_Syrk_implementation/build/src/MPI_SYRK_implementation(+0x841a)[0x55ccb7f4341a]
[hydra06:380378] [ 7] /opt/mpi/openmpi-4.1.4//lib/libmpi.so.40(ompi_group_allocate+0x17)[0x7f5cd924d1e7]
[hydra03:396987] [ 5] /lib/x86_64-linux-gnu/libc.so.6(+0x8483c)[0x7fb50e91383c]
[hydra02:567070] [ 6] /lib/x86_64-linux-gnu/libc.so.6(__libc_calloc+0x81)[0x7f1c0114cbd1]
[hydra05:379698] [ 8] /opt/mpi/openmpi-4.1.4//lib/libmpi.so.40(ompi_group_incl_plist+0x65)[0x7f5992efe915]
[hydra10:491538] [ 1] /lib/x86_64-linux-gnu/libc.so.6(gsignal+0x141)[0x7f07fbcfbd61]
[hydra08:382015] [ 4] /lib/x86_64-linux-gnu/libc.so.6(+0x8175a)[0x7f46de16375a]
[hydra04:395750] [ 6] /lib/x86_64-linux-gnu/libc.so.6(__libc_calloc+0x81)[0x7f6b9cd64bd1]
[hydra11:360083] [ 5] /lib/x86_64-linux-gnu/libc.so.6(+0x8483c)[0x7fc2ffe9383c]
[hydra07:406724] [11] /home/thesis/jheld/MPI_Syrk_implementation/build/src/MPI_SYRK_implementation(+0x2ab0)[0x55ccb7f3dab0]
[hydra06:380378] [ 8] /opt/mpi/openmpi-4.1.4//lib/libmpi.so.40(ompi_group_incl_plist+0x65)[0x7f5cd924d915]
[hydra03:396987] [ 6] /lib/x86_64-linux-gnu/libc.so.6(__libc_calloc+0x81)[0x7fb50e915bd1]
[hydra02:567070] [ 7] /opt/mpi/openmpi-4.1.4//lib/libmpi.so.40(ompi_group_allocate+0x17)[0x7f1c0301a1e7]
[hydra05:379698] [ 9] /opt/mpi/openmpi-4.1.4//lib/libmpi.so.40(PMPI_Group_incl+0x95)[0x7f5992f2f185]
[hydra05:379698] [10] /home/thesis/jheld/MPI_Syrk_implementation/build/src/MPI_SYRK_implementation(+0x841a)[0x55ab2c7b741a]
[hydra10:491537] [ 2] /lib/x86_64-linux-gnu/libc.so.6(abort+0x123)[0x7f4d4ebfc537]
[hydra08:382015] [ 5] /lib/x86_64-linux-gnu/libc.so.6(+0x8483c)[0x7f46de16683c]
[hydra04:395750] [ 7] /opt/mpi/openmpi-4.1.4//lib/libmpi.so.40(ompi_group_allocate+0x17)[0x7f6b9ec321e7]
[hydra11:360083] [ 6] /lib/x86_64-linux-gnu/libc.so.6(__libc_calloc+0x81)[0x7fc2ffe95bd1]
[hydra07:406724] [12] /lib/x86_64-linux-gnu/libc.so.6(__libc_start_main+0xea)[0x7f6e795d6d7a]
[hydra07:406724] [13] /home/thesis/jheld/MPI_Syrk_implementation/build/src/MPI_SYRK_implementation(+0x232a)[0x55ccb7f3d32a]
[hydra06:380378] [ 9] /opt/mpi/openmpi-4.1.4//lib/libmpi.so.40(PMPI_Group_incl+0x95)[0x7f5cd927e185]
[hydra06:380378] [10] /home/thesis/jheld/MPI_Syrk_implementation/build/src/MPI_SYRK_implementation(+0x841a)[0x56300a37e41a]
[hydra03:396987] [ 7] /opt/mpi/openmpi-4.1.4//lib/libmpi.so.40(ompi_group_allocate+0x17)[0x7fb5107e31e7]
[hydra02:567070] [ 8] /opt/mpi/openmpi-4.1.4//lib/libmpi.so.40(ompi_group_incl_plist+0x65)[0x7f1c0301a915]
[hydra05:379698] [11] /home/thesis/jheld/MPI_Syrk_implementation/build/src/MPI_SYRK_implementation(+0x2ab0)[0x55ab2c7b1ab0]
[hydra10:491538] [ 2] /lib/x86_64-linux-gnu/libc.so.6(abort+0x123)[0x7f07fbce5537]
[hydra08:382015] [ 6] /lib/x86_64-linux-gnu/libc.so.6(__libc_calloc+0x81)[0x7f46de168bd1]
[hydra04:395750] [ 8] /opt/mpi/openmpi-4.1.4//lib/libmpi.so.40(ompi_group_incl_plist+0x65)[0x7f6b9ec32915]
[hydra11:360083] [ 7] /opt/mpi/openmpi-4.1.4//lib/libmpi.so.40(ompi_group_allocate+0x17)[0x7fc301d631e7]
[hydra09:373291] [ 0] /lib/x86_64-linux-gnu/libc.so.6(+0x38de0)[0x7f2244605de0]
[hydra07:406724] *** End of error message ***
[hydra06:380378] [11] /home/thesis/jheld/MPI_Syrk_implementation/build/src/MPI_SYRK_implementation(+0x2ab0)[0x56300a378ab0]
[hydra03:396987] [ 8] /opt/mpi/openmpi-4.1.4//lib/libmpi.so.40(ompi_group_incl_plist+0x65)[0x7fb5107e3915]
[hydra02:567070] [ 9] /opt/mpi/openmpi-4.1.4//lib/libmpi.so.40(PMPI_Group_incl+0x95)[0x7f1c0304b185]
[hydra05:379698] [12] /lib/x86_64-linux-gnu/libc.so.6(__libc_start_main+0xea)[0x7f5990fcdd7a]
[hydra05:379698] [13] /home/thesis/jheld/MPI_Syrk_implementation/build/src/MPI_SYRK_implementation(+0x232a)[0x55ab2c7b132a]
[hydra10:491537] [ 3] /lib/x86_64-linux-gnu/libc.so.6(+0x7a468)[0x7f4d4ec54468]
[hydra08:382015] [ 7] /opt/mpi/openmpi-4.1.4//lib/libmpi.so.40(ompi_group_allocate+0x17)[0x7f46e00361e7]
[hydra04:395750] [ 9] /opt/mpi/openmpi-4.1.4//lib/libmpi.so.40(PMPI_Group_incl+0x95)[0x7f6b9ec63185]
[hydra04:395750] [10] /home/thesis/jheld/MPI_Syrk_implementation/build/src/MPI_SYRK_implementation(+0x841a)[0x55b9d100c41a]
[hydra11:360083] [ 8] /opt/mpi/openmpi-4.1.4//lib/libmpi.so.40(ompi_group_incl_plist+0x65)[0x7fc301d63915]
[hydra09:373291] [ 1] /lib/x86_64-linux-gnu/libc.so.6(gsignal+0x141)[0x7f2244605d61]
[hydra06:380378] [12] /lib/x86_64-linux-gnu/libc.so.6(__libc_start_main+0xea)[0x7f5cd731cd7a]
[hydra06:380378] [13] /home/thesis/jheld/MPI_Syrk_implementation/build/src/MPI_SYRK_implementation(+0x232a)[0x56300a37832a]
[hydra03:396987] [ 9] /opt/mpi/openmpi-4.1.4//lib/libmpi.so.40(PMPI_Group_incl+0x95)[0x7fb510814185]
[hydra03:396987] [10] /home/thesis/jheld/MPI_Syrk_implementation/build/src/MPI_SYRK_implementation(+0x841a)[0x55a4e96dc41a]
[hydra02:567070] [10] /home/thesis/jheld/MPI_Syrk_implementation/build/src/MPI_SYRK_implementation(+0x841a)[0x5559ff93141a]
[hydra02:567070] [11] /home/thesis/jheld/MPI_Syrk_implementation/build/src/MPI_SYRK_implementation(+0x2ab0)[0x5559ff92bab0]
[hydra05:379698] *** End of error message ***
[hydra10:491538] [ 3] /lib/x86_64-linux-gnu/libc.so.6(+0x7a468)[0x7f07fbd3d468]
[hydra08:382015] [ 8] /opt/mpi/openmpi-4.1.4//lib/libmpi.so.40(ompi_group_incl_plist+0x65)[0x7f46e0036915]
[hydra04:395750] [11] /home/thesis/jheld/MPI_Syrk_implementation/build/src/MPI_SYRK_implementation(+0x2ab0)[0x55b9d1006ab0]
[hydra11:360082] [ 0] /lib/x86_64-linux-gnu/libc.so.6(+0x38de0)[0x7ff0c8d70de0]
[hydra09:373291] [ 2] /lib/x86_64-linux-gnu/libc.so.6(abort+0x123)[0x7f22445ef537]
[hydra06:380378] *** End of error message ***
[hydra03:396987] [11] /home/thesis/jheld/MPI_Syrk_implementation/build/src/MPI_SYRK_implementation(+0x2ab0)[0x55a4e96d6ab0]
[hydra02:567070] [12] /lib/x86_64-linux-gnu/libc.so.6(__libc_start_main+0xea)[0x7f1c010e9d7a]
[hydra02:567070] [13] /home/thesis/jheld/MPI_Syrk_implementation/build/src/MPI_SYRK_implementation(+0x232a)[0x5559ff92b32a]
[hydra10:491537] [ 4] /lib/x86_64-linux-gnu/libc.so.6(+0x8175a)[0x7f4d4ec5b75a]
[hydra08:382015] [ 9] /opt/mpi/openmpi-4.1.4//lib/libmpi.so.40(PMPI_Group_incl+0x95)[0x7f46e0067185]
[hydra08:382015] [10] /home/thesis/jheld/MPI_Syrk_implementation/build/src/MPI_SYRK_implementation(+0x841a)[0x56152d2dd41a]
[hydra04:395750] [12] /lib/x86_64-linux-gnu/libc.so.6(__libc_start_main+0xea)[0x7f6b9cd01d7a]
[hydra04:395750] [13] /home/thesis/jheld/MPI_Syrk_implementation/build/src/MPI_SYRK_implementation(+0x232a)[0x55b9d100632a]
[hydra11:360083] [ 9] /opt/mpi/openmpi-4.1.4//lib/libmpi.so.40(PMPI_Group_incl+0x95)[0x7fc301d94185]
[hydra11:360083] [10] /home/thesis/jheld/MPI_Syrk_implementation/build/src/MPI_SYRK_implementation(+0x841a)[0x559abf10841a]
[hydra09:373291] [ 3] /lib/x86_64-linux-gnu/libc.so.6(+0x7a468)[0x7f2244647468]
[hydra03:396987] [12] /lib/x86_64-linux-gnu/libc.so.6(__libc_start_main+0xea)[0x7fb50e8b2d7a]
[hydra03:396987] [13] /home/thesis/jheld/MPI_Syrk_implementation/build/src/MPI_SYRK_implementation(+0x232a)[0x55a4e96d632a]
[hydra02:567070] *** End of error message ***
[hydra10:491538] [ 4] /lib/x86_64-linux-gnu/libc.so.6(+0x8175a)[0x7f07fbd4475a]
[hydra08:382015] [11] /home/thesis/jheld/MPI_Syrk_implementation/build/src/MPI_SYRK_implementation(+0x2ab0)[0x56152d2d7ab0]
[hydra04:395750] *** End of error message ***
[hydra11:360083] [11] /home/thesis/jheld/MPI_Syrk_implementation/build/src/MPI_SYRK_implementation(+0x2ab0)[0x559abf102ab0]
[hydra09:373291] [ 4] /lib/x86_64-linux-gnu/libc.so.6(+0x8175a)[0x7f224464e75a]
[hydra03:396987] *** End of error message ***
[hydra10:491537] [ 5] /lib/x86_64-linux-gnu/libc.so.6(+0x8483c)[0x7f4d4ec5e83c]
[hydra08:382015] [12] /lib/x86_64-linux-gnu/libc.so.6(__libc_start_main+0xea)[0x7f46de105d7a]
[hydra08:382015] [13] /home/thesis/jheld/MPI_Syrk_implementation/build/src/MPI_SYRK_implementation(+0x232a)[0x56152d2d732a]
[hydra11:360082] [ 1] /lib/x86_64-linux-gnu/libc.so.6(gsignal+0x141)[0x7ff0c8d70d61]
[hydra09:373291] [ 5] /lib/x86_64-linux-gnu/libc.so.6(+0x8483c)[0x7f224465183c]
[hydra10:491538] [ 5] /lib/x86_64-linux-gnu/libc.so.6(+0x8483c)[0x7f07fbd4783c]
[hydra08:382015] *** End of error message ***
[hydra11:360083] [12] /lib/x86_64-linux-gnu/libc.so.6(__libc_start_main+0xea)[0x7fc2ffe32d7a]
[hydra11:360083] [13] /home/thesis/jheld/MPI_Syrk_implementation/build/src/MPI_SYRK_implementation(+0x232a)[0x559abf10232a]
[hydra11:360083] *** End of error message ***
[hydra09:373291] [ 6] /lib/x86_64-linux-gnu/libc.so.6(__libc_calloc+0x81)[0x7f2244653bd1]
[hydra10:491537] [ 6] /lib/x86_64-linux-gnu/libc.so.6(__libc_calloc+0x81)[0x7f4d4ec60bd1]
[hydra11:360082] [ 2] /lib/x86_64-linux-gnu/libc.so.6(abort+0x123)[0x7ff0c8d5a537]
[hydra09:373291] [ 7] /opt/mpi/openmpi-4.1.4//lib/libmpi.so.40(ompi_group_allocate+0x17)[0x7f22465211e7]
[hydra10:491538] [ 6] /lib/x86_64-linux-gnu/libc.so.6(__libc_calloc+0x81)[0x7f07fbd49bd1]
[hydra11:360082] [ 3] /lib/x86_64-linux-gnu/libc.so.6(+0x7a468)[0x7ff0c8db2468]
[hydra09:373291] [ 8] /opt/mpi/openmpi-4.1.4//lib/libmpi.so.40(ompi_group_incl_plist+0x65)[0x7f2246521915]
[hydra10:491537] [ 7] /opt/mpi/openmpi-4.1.4//lib/libmpi.so.40(ompi_group_allocate+0x17)[0x7f4d50b2e1e7]
[hydra11:360082] [ 4] /lib/x86_64-linux-gnu/libc.so.6(+0x8175a)[0x7ff0c8db975a]
[hydra09:373291] [ 9] /opt/mpi/openmpi-4.1.4//lib/libmpi.so.40(PMPI_Group_incl+0x95)[0x7f2246552185]
[hydra09:373291] [10] /home/thesis/jheld/MPI_Syrk_implementation/build/src/MPI_SYRK_implementation(+0x841a)[0x5601c50ec41a]
[hydra10:491538] [ 7] /opt/mpi/openmpi-4.1.4//lib/libmpi.so.40(ompi_group_allocate+0x17)[0x7f07fdc171e7]
[hydra11:360082] [ 5] /lib/x86_64-linux-gnu/libc.so.6(+0x8483c)[0x7ff0c8dbc83c]
[hydra09:373291] [11] /home/thesis/jheld/MPI_Syrk_implementation/build/src/MPI_SYRK_implementation(+0x2ab0)[0x5601c50e6ab0]
[hydra10:491537] [ 8] /opt/mpi/openmpi-4.1.4//lib/libmpi.so.40(ompi_group_incl_plist+0x65)[0x7f4d50b2e915]
[hydra11:360082] [ 6] /lib/x86_64-linux-gnu/libc.so.6(__libc_calloc+0x81)[0x7ff0c8dbebd1]
[hydra09:373291] [12] /lib/x86_64-linux-gnu/libc.so.6(__libc_start_main+0xea)[0x7f22445f0d7a]
[hydra09:373291] [13] /home/thesis/jheld/MPI_Syrk_implementation/build/src/MPI_SYRK_implementation(+0x232a)[0x5601c50e632a]
[hydra10:491538] [ 8] /opt/mpi/openmpi-4.1.4//lib/libmpi.so.40(ompi_group_incl_plist+0x65)[0x7f07fdc17915]
[hydra11:360082] [ 7] /opt/mpi/openmpi-4.1.4//lib/libmpi.so.40(ompi_group_allocate+0x17)[0x7ff0cac8c1e7]
[hydra09:373291] *** End of error message ***
[hydra10:491537] [ 9] /opt/mpi/openmpi-4.1.4//lib/libmpi.so.40(PMPI_Group_incl+0x95)[0x7f4d50b5f185]
[hydra11:360082] [ 8] /opt/mpi/openmpi-4.1.4//lib/libmpi.so.40(ompi_group_incl_plist+0x65)[0x7ff0cac8c915]
[hydra10:491538] [ 9] /opt/mpi/openmpi-4.1.4//lib/libmpi.so.40(PMPI_Group_incl+0x95)[0x7f07fdc48185]
[hydra10:491538] [10] /home/thesis/jheld/MPI_Syrk_implementation/build/src/MPI_SYRK_implementation(+0x841a)[0x562ca43b441a]
[hydra10:491538] [11] /home/thesis/jheld/MPI_Syrk_implementation/build/src/MPI_SYRK_implementation(+0x2ab0)[0x562ca43aeab0]
[hydra10:491537] [10] /home/thesis/jheld/MPI_Syrk_implementation/build/src/MPI_SYRK_implementation(+0x841a)[0x557e9febe41a]
[hydra10:491537] [11] /home/thesis/jheld/MPI_Syrk_implementation/build/src/MPI_SYRK_implementation(+0x2ab0)[0x557e9feb8ab0]
[hydra10:491538] [12] /lib/x86_64-linux-gnu/libc.so.6(__libc_start_main+0xea)[0x7f07fbce6d7a]
[hydra10:491537] [12] /lib/x86_64-linux-gnu/libc.so.6(__libc_start_main+0xea)[0x7f4d4ebfdd7a]
[hydra10:491537] [13] /home/thesis/jheld/MPI_Syrk_implementation/build/src/MPI_SYRK_implementation(+0x232a)[0x557e9feb832a]
[hydra10:491537] *** End of error message ***
[hydra10:491538] [13] /home/thesis/jheld/MPI_Syrk_implementation/build/src/MPI_SYRK_implementation(+0x232a)[0x562ca43ae32a]
[hydra10:491538] *** End of error message ***
[hydra12:360042] [10] /home/thesis/jheld/MPI_Syrk_implementation/build/src/MPI_SYRK_implementation(+0x841a)[0x563f6a62b41a]
[hydra12:360042] [11] /home/thesis/jheld/MPI_Syrk_implementation/build/src/MPI_SYRK_implementation(+0x2ab0)[0x563f6a625ab0]
[hydra11:360082] [ 9] /opt/mpi/openmpi-4.1.4//lib/libmpi.so.40(PMPI_Group_incl+0x95)[0x7ff0cacbd185]
[hydra11:360082] [10] /home/thesis/jheld/MPI_Syrk_implementation/build/src/MPI_SYRK_implementation(+0x841a)[0x55a3ff9aa41a]
[hydra12:360043] [12] /lib/x86_64-linux-gnu/libc.so.6(__libc_start_main+0xea)[0x7f0d9dbcdd7a]
[hydra12:360043] [13] /home/thesis/jheld/MPI_Syrk_implementation/build/src/MPI_SYRK_implementation(+0x232a)[0x55af0e93e32a]
[hydra12:360043] *** End of error message ***
[hydra11:360082] [11] /home/thesis/jheld/MPI_Syrk_implementation/build/src/MPI_SYRK_implementation(+0x2ab0)[0x55a3ff9a4ab0]
[hydra12:360042] [12] /lib/x86_64-linux-gnu/libc.so.6(__libc_start_main+0xea)[0x7fea8c7a8d7a]
[hydra12:360042] [13] /home/thesis/jheld/MPI_Syrk_implementation/build/src/MPI_SYRK_implementation(+0x232a)[0x563f6a62532a]
[hydra12:360042] *** End of error message ***
[hydra11:360082] [12] /lib/x86_64-linux-gnu/libc.so.6(__libc_start_main+0xea)[0x7ff0c8d5bd7a]
[hydra11:360082] [13] /home/thesis/jheld/MPI_Syrk_implementation/build/src/MPI_SYRK_implementation(+0x232a)[0x55a3ff9a432a]
[hydra11:360082] *** End of error message ***
srun: error: hydra03: task 7: Aborted
srun: error: hydra02: task 3: Aborted
srun: error: hydra04: task 11: Aborted
srun: error: hydra05: task 13: Aborted
srun: error: hydra06: task 17: Aborted
srun: error: hydra08: task 23: Aborted
srun: error: hydra10: tasks 28-29: Aborted
srun: error: hydra09: task 26: Aborted
srun: error: hydra07: tasks 18,20: Aborted
srun: error: hydra12: tasks 33-34: Aborted
srun: error: hydra11: tasks 31-32: Aborted
slurmstepd: error:  mpi/pmix_v4: _errhandler: hydra04 [3]: pmixp_client_v2.c:211: Error handler invoked: status = -61, source = [slurm.pmix.5008693.18:11]
slurmstepd: error:  mpi/pmix_v4: _errhandler: hydra03 [2]: pmixp_client_v2.c:211: Error handler invoked: status = -61, source = [slurm.pmix.5008693.18:7]
slurmstepd: error:  mpi/pmix_v4: _errhandler: hydra02 [1]: pmixp_client_v2.c:211: Error handler invoked: status = -61, source = [slurm.pmix.5008693.18:3]
slurmstepd: error:  mpi/pmix_v4: _errhandler: hydra05 [4]: pmixp_client_v2.c:211: Error handler invoked: status = -61, source = [slurm.pmix.5008693.18:13]
slurmstepd: error:  mpi/pmix_v4: _errhandler: hydra12 [11]: pmixp_client_v2.c:211: Error handler invoked: status = -61, source = [slurm.pmix.5008693.18:34]
slurmstepd: error:  mpi/pmix_v4: _errhandler: hydra06 [5]: pmixp_client_v2.c:211: Error handler invoked: status = -61, source = [slurm.pmix.5008693.18:17]
slurmstepd: error:  mpi/pmix_v4: _errhandler: hydra11 [10]: pmixp_client_v2.c:211: Error handler invoked: status = -61, source = [slurm.pmix.5008693.18:32]
slurmstepd: error:  mpi/pmix_v4: _errhandler: hydra09 [8]: pmixp_client_v2.c:211: Error handler invoked: status = -61, source = [slurm.pmix.5008693.18:26]
slurmstepd: error:  mpi/pmix_v4: _errhandler: hydra08 [7]: pmixp_client_v2.c:211: Error handler invoked: status = -61, source = [slurm.pmix.5008693.18:23]
slurmstepd: error:  mpi/pmix_v4: _errhandler: hydra07 [6]: pmixp_client_v2.c:211: Error handler invoked: status = -61, source = [slurm.pmix.5008693.18:18]
slurmstepd: error: *** STEP 5008693.18 ON hydra01 CANCELLED AT 2025-10-13T15:31:41 ***
slurmstepd: error:  mpi/pmix_v4: _errhandler: hydra10 [9]: pmixp_client_v2.c:211: Error handler invoked: status = -61, source = [slurm.pmix.5008693.18:29]
srun: Job step aborted: Waiting up to 32 seconds for job step to finish.
srun: error: hydra07: task 19: Killed
srun: error: hydra12: task 35: Killed
srun: error: hydra11: task 30: Killed
srun: error: hydra10: task 27: Killed
srun: error: hydra09: tasks 24-25: Killed
srun: error: hydra04: tasks 9-10: Killed
srun: error: hydra06: tasks 15-16: Killed
srun: error: hydra02: tasks 4-5: Killed
srun: error: hydra05: tasks 12,14: Killed
srun: error: hydra03: tasks 6,8: Killed
srun: error: hydra08: tasks 21-22: Killed
srun: error: hydra01: tasks 0-2: Killed
⚠️ Warning: No runtime found for run 19
srun: Warning: can't honor --ntasks-per-node set to 1 which doesn't match the requested tasks 36 with the number of requested nodes 12. Ignoring --ntasks-per-node.
missing input file name --> Generate random input
malloc(): invalid size (unsorted)
[hydra12:360111] *** Process received signal ***
[hydra12:360111] Signal: Aborted (6)
[hydra12:360111] Signal code:  (-6)
malloc(): invalid size (unsorted)
malloc(): invalid size (unsorted)
[hydra11:360151] *** Process received signal ***
[hydra11:360151] Signal: Aborted (6)
[hydra11:360151] Signal code:  (-6)
[hydra12:360110] *** Process received signal ***
[hydra12:360110] Signal: Aborted (6)
[hydra12:360110] Signal code:  (-6)
[hydra12:360111] [ 0] /lib/x86_64-linux-gnu/libc.so.6(+0x38de0)[0x7fed6dd19de0]
[hydra12:360111] [ 1] /lib/x86_64-linux-gnu/libc.so.6(gsignal+0x141)[0x7fed6dd19d61]
malloc(): invalid size (unsorted)
[hydra05:379766] *** Process received signal ***
[hydra05:379766] Signal: Aborted (6)
[hydra05:379766] Signal code:  (-6)
malloc(): invalid size (unsorted)
[hydra01:883047] *** Process received signal ***
[hydra01:883047] Signal: Aborted (6)
[hydra01:883047] Signal code:  (-6)
malloc(): invalid size (unsorted)
[hydra07:406791] *** Process received signal ***
[hydra07:406791] Signal: Aborted (6)
[hydra07:406791] Signal code:  (-6)
[hydra12:360110] [ 0] /lib/x86_64-linux-gnu/libc.so.6(+0x38de0)[0x7f6ea3916de0]
malloc(): invalid size (unsorted)
[hydra02:567153] *** Process received signal ***
[hydra02:567153] Signal: Aborted (6)
[hydra02:567153] Signal code:  (-6)
[hydra12:360111] [ 2] /lib/x86_64-linux-gnu/libc.so.6(abort+0x123)[0x7fed6dd03537]
[hydra12:360110] [ 1] /lib/x86_64-linux-gnu/libc.so.6(gsignal+0x141)[0x7f6ea3916d61]
malloc(): invalid size (unsorted)
[hydra03:397054] *** Process received signal ***
[hydra03:397054] Signal: Aborted (6)
[hydra03:397054] Signal code:  (-6)
[hydra12:360111] [ 3] /lib/x86_64-linux-gnu/libc.so.6(+0x7a468)[0x7fed6dd5b468]
malloc(): invalid size (unsorted)
[hydra06:380445] *** Process received signal ***
[hydra06:380445] Signal: Aborted (6)
[hydra06:380445] Signal code:  (-6)
malloc(): invalid size (unsorted)
[hydra04:395818] *** Process received signal ***
[hydra04:395818] Signal: Aborted (6)
[hydra04:395818] Signal code:  (-6)
malloc(): invalid size (unsorted)
[hydra12:360110] [ 2] /lib/x86_64-linux-gnu/libc.so.6(abort+0x123)[0x7f6ea3900537]
[hydra05:379766] [ 0] /lib/x86_64-linux-gnu/libc.so.6(+0x38de0)[0x7f4ed9713de0]
[hydra01:883047] [ 0] /lib/x86_64-linux-gnu/libc.so.6(+0x38de0)[0x7f27668f3de0]
malloc(): invalid size (unsorted)
[hydra02:567154] *** Process received signal ***
[hydra02:567154] Signal: Aborted (6)
[hydra02:567154] Signal code:  (-6)
[hydra12:360110] [ 3] /lib/x86_64-linux-gnu/libc.so.6(+0x7a468)[0x7f6ea3958468]
malloc(): invalid size (unsorted)
[hydra06:380446] *** Process received signal ***
[hydra06:380446] Signal: Aborted (6)
[hydra06:380446] Signal code:  (-6)
[hydra05:379766] [ 1] /lib/x86_64-linux-gnu/libc.so.6(gsignal+0x141)[0x7f4ed9713d61]
malloc(): invalid size (unsorted)
[hydra08:382084] *** Process received signal ***
[hydra08:382084] Signal: Aborted (6)
[hydra08:382084] Signal code:  (-6)
[hydra01:883047] [ 1] /lib/x86_64-linux-gnu/libc.so.6(gsignal+0x141)[0x7f27668f3d61]
[hydra07:406791] [ 0] /lib/x86_64-linux-gnu/libc.so.6(+0x38de0)[0x7fa632e4ade0]
[hydra02:567153] [ 0] /lib/x86_64-linux-gnu/libc.so.6(+0x38de0)[0x7f7c73118de0]
[hydra12:360111] [ 4] /lib/x86_64-linux-gnu/libc.so.6(+0x8175a)[0x7fed6dd6275a]
[hydra06:380445] [ 0] /lib/x86_64-linux-gnu/libc.so.6(+0x38de0)[0x7fbfa9905de0]
[hydra04:395818] [ 0] /lib/x86_64-linux-gnu/libc.so.6(+0x38de0)[0x7fece5699de0]
malloc(): invalid size (unsorted)
[hydra01:883047] [ 2] /lib/x86_64-linux-gnu/libc.so.6(abort+0x123)[0x7f27668dd537]
[hydra07:406792] *** Process received signal ***
[hydra07:406792] Signal: Aborted (6)
[hydra07:406792] Signal code:  (-6)
[hydra02:567154] [ 0] /lib/x86_64-linux-gnu/libc.so.6(+0x38de0)[0x7fc9a019cde0]
[hydra12:360110] [ 4] /lib/x86_64-linux-gnu/libc.so.6(+0x8175a)[0x7f6ea395f75a]
[hydra06:380446] [ 0] /lib/x86_64-linux-gnu/libc.so.6(+0x38de0)[0x7fe160eb4de0]
[hydra04:395818] [ 1] /lib/x86_64-linux-gnu/libc.so.6(gsignal+0x141)[0x7fece5699d61]
[hydra05:379766] [ 2] /lib/x86_64-linux-gnu/libc.so.6(abort+0x123)[0x7f4ed96fd537]
[hydra01:883047] [ 3] /lib/x86_64-linux-gnu/libc.so.6(+0x7a468)[0x7f2766935468]
[hydra07:406791] [ 1] /lib/x86_64-linux-gnu/libc.so.6(gsignal+0x141)[0x7fa632e4ad61]
[hydra02:567153] [ 1] /lib/x86_64-linux-gnu/libc.so.6(gsignal+0x141)[0x7f7c73118d61]
[hydra12:360111] [ 5] /lib/x86_64-linux-gnu/libc.so.6(+0x8483c)[0x7fed6dd6583c]
[hydra06:380445] [ 1] /lib/x86_64-linux-gnu/libc.so.6(gsignal+0x141)[0x7fbfa9905d61]
[hydra04:395818] [ 2] /lib/x86_64-linux-gnu/libc.so.6(abort+0x123)[0x7fece5683537]
[hydra05:379766] [ 3] /lib/x86_64-linux-gnu/libc.so.6(+0x7a468)[0x7f4ed9755468]
[hydra01:883047] [ 4] /lib/x86_64-linux-gnu/libc.so.6(+0x8175a)[0x7f276693c75a]
[hydra07:406791] [ 2] /lib/x86_64-linux-gnu/libc.so.6(abort+0x123)[0x7fa632e34537]
[hydra02:567154] [ 1] /lib/x86_64-linux-gnu/libc.so.6(gsignal+0x141)[0x7fc9a019cd61]
[hydra12:360110] [ 5] /lib/x86_64-linux-gnu/libc.so.6(+0x8483c)[0x7f6ea396283c]
[hydra06:380446] [ 1] /lib/x86_64-linux-gnu/libc.so.6(gsignal+0x141)[0x7fe160eb4d61]
[hydra04:395818] [ 3] /lib/x86_64-linux-gnu/libc.so.6(+0x7a468)[0x7fece56db468]
[hydra05:379766] [ 4] /lib/x86_64-linux-gnu/libc.so.6(+0x8175a)[0x7f4ed975c75a]
[hydra01:883047] [ 5] /lib/x86_64-linux-gnu/libc.so.6(+0x8483c)[0x7f276693f83c]
[hydra07:406791] [ 3] /lib/x86_64-linux-gnu/libc.so.6(+0x7a468)[0x7fa632e8c468]
[hydra02:567153] [ 2] /lib/x86_64-linux-gnu/libc.so.6(abort+0x123)[0x7f7c73102537]
[hydra12:360111] [ 6] /lib/x86_64-linux-gnu/libc.so.6(__libc_calloc+0x81)[0x7fed6dd67bd1]
[hydra06:380445] [ 2] /lib/x86_64-linux-gnu/libc.so.6(abort+0x123)[0x7fbfa98ef537]
[hydra04:395818] [ 4] /lib/x86_64-linux-gnu/libc.so.6(+0x8175a)[0x7fece56e275a]
[hydra05:379766] [ 5] /lib/x86_64-linux-gnu/libc.so.6(+0x8483c)[0x7f4ed975f83c]
[hydra01:883047] [ 6] /lib/x86_64-linux-gnu/libc.so.6(__libc_calloc+0x81)[0x7f2766941bd1]
[hydra07:406792] [ 0] /lib/x86_64-linux-gnu/libc.so.6(+0x38de0)[0x7f950040dde0]
[hydra02:567154] [ 2] /lib/x86_64-linux-gnu/libc.so.6(abort+0x123)[0x7fc9a0186537]
[hydra12:360110] [ 6] /lib/x86_64-linux-gnu/libc.so.6(__libc_calloc+0x81)[0x7f6ea3964bd1]
[hydra06:380446] [ 2] /lib/x86_64-linux-gnu/libc.so.6(abort+0x123)[0x7fe160e9e537]
[hydra04:395818] [ 5] /lib/x86_64-linux-gnu/libc.so.6(+0x8483c)[0x7fece56e583c]
[hydra05:379766] [ 6] /lib/x86_64-linux-gnu/libc.so.6(__libc_calloc+0x81)[0x7f4ed9761bd1]
[hydra11:360151] [ 0] /lib/x86_64-linux-gnu/libc.so.6(+0x38de0)[0x7f640d97bde0]
[hydra01:883047] [ 7] /opt/mpi/openmpi-4.1.4//lib/libmpi.so.40(ompi_group_allocate+0x17)[0x7f276880f1e7]
[hydra07:406791] [ 4] /lib/x86_64-linux-gnu/libc.so.6(+0x8175a)[0x7fa632e9375a]
[hydra02:567153] [ 3] /lib/x86_64-linux-gnu/libc.so.6(+0x7a468)[0x7f7c7315a468]
[hydra12:360111] [ 7] /opt/mpi/openmpi-4.1.4//lib/libmpi.so.40(ompi_group_allocate+0x17)[0x7fed6fc351e7]
[hydra06:380445] [ 3] /lib/x86_64-linux-gnu/libc.so.6(+0x7a468)[0x7fbfa9947468]
[hydra04:395818] [ 6] /lib/x86_64-linux-gnu/libc.so.6(__libc_calloc+0x81)[0x7fece56e7bd1]
[hydra05:379766] [ 7] /opt/mpi/openmpi-4.1.4//lib/libmpi.so.40(ompi_group_allocate+0x17)[0x7f4edb62f1e7]
[hydra11:360151] [ 1] /lib/x86_64-linux-gnu/libc.so.6(gsignal+0x141)[0x7f640d97bd61]
[hydra01:883047] [ 8] /opt/mpi/openmpi-4.1.4//lib/libmpi.so.40(ompi_group_incl_plist+0x65)[0x7f276880f915]
[hydra07:406792] [ 1] /lib/x86_64-linux-gnu/libc.so.6(gsignal+0x141)[0x7f950040dd61]
[hydra02:567154] [ 3] /lib/x86_64-linux-gnu/libc.so.6(+0x7a468)[0x7fc9a01de468]
[hydra12:360110] [ 7] /opt/mpi/openmpi-4.1.4//lib/libmpi.so.40(ompi_group_allocate+0x17)[0x7f6ea58321e7]
[hydra06:380446] [ 3] /lib/x86_64-linux-gnu/libc.so.6(+0x7a468)[0x7fe160ef6468]
[hydra04:395818] [ 7] /opt/mpi/openmpi-4.1.4//lib/libmpi.so.40(ompi_group_allocate+0x17)[0x7fece75b51e7]
[hydra05:379766] [ 8] /opt/mpi/openmpi-4.1.4//lib/libmpi.so.40(ompi_group_incl_plist+0x65)[0x7f4edb62f915]
[hydra11:360151] [ 2] /lib/x86_64-linux-gnu/libc.so.6(abort+0x123)[0x7f640d965537]
[hydra01:883047] [ 9] /opt/mpi/openmpi-4.1.4//lib/libmpi.so.40(PMPI_Group_incl+0x95)[0x7f2768840185]
[hydra07:406791] [ 5] /lib/x86_64-linux-gnu/libc.so.6(+0x8483c)[0x7fa632e9683c]
[hydra02:567153] [ 4] /lib/x86_64-linux-gnu/libc.so.6(+0x8175a)[0x7f7c7316175a]
[hydra12:360111] [ 8] /opt/mpi/openmpi-4.1.4//lib/libmpi.so.40(ompi_group_incl_plist+0x65)[0x7fed6fc35915]
[hydra06:380445] [ 4] /lib/x86_64-linux-gnu/libc.so.6(+0x8175a)[0x7fbfa994e75a]
[hydra04:395818] [ 8] /opt/mpi/openmpi-4.1.4//lib/libmpi.so.40(ompi_group_incl_plist+0x65)[0x7fece75b5915]
[hydra05:379766] [ 9] /opt/mpi/openmpi-4.1.4//lib/libmpi.so.40(PMPI_Group_incl+0x95)[0x7f4edb660185]
[hydra03:397054] [ 0] /lib/x86_64-linux-gnu/libc.so.6(+0x38de0)[0x7efe1fe74de0]
malloc(): invalid size (unsorted)
[hydra01:883047] [10] /home/thesis/jheld/MPI_Syrk_implementation/build/src/MPI_SYRK_implementation(+0x841a)[0x559b35fb741a]
[hydra01:883047] [11] /home/thesis/jheld/MPI_Syrk_implementation/build/src/MPI_SYRK_implementation(+0x2ab0)[0x559b35fb1ab0]
[hydra07:406792] [ 2] /lib/x86_64-linux-gnu/libc.so.6(abort+0x123)[0x7f95003f7537]
[hydra02:567154] [ 4] /lib/x86_64-linux-gnu/libc.so.6(+0x8175a)[0x7fc9a01e575a]
[hydra12:360110] [ 8] /opt/mpi/openmpi-4.1.4//lib/libmpi.so.40(ompi_group_incl_plist+0x65)[0x7f6ea5832915]
[hydra06:380446] [ 4] /lib/x86_64-linux-gnu/libc.so.6(+0x8175a)[0x7fe160efd75a]
[hydra04:395818] [ 9] /opt/mpi/openmpi-4.1.4//lib/libmpi.so.40(PMPI_Group_incl+0x95)[0x7fece75e6185]
[hydra05:379766] [10] /home/thesis/jheld/MPI_Syrk_implementation/build/src/MPI_SYRK_implementation(+0x841a)[0x561b5235741a]
[hydra05:379766] [11] /home/thesis/jheld/MPI_Syrk_implementation/build/src/MPI_SYRK_implementation(+0x2ab0)[0x561b52351ab0]
[hydra03:397054] [ 1] /lib/x86_64-linux-gnu/libc.so.6(gsignal+0x141)[0x7efe1fe74d61]
[hydra11:360151] [ 3] /lib/x86_64-linux-gnu/libc.so.6(+0x7a468)[0x7f640d9bd468]
[hydra01:883047] [12] /lib/x86_64-linux-gnu/libc.so.6(__libc_start_main+0xea)[0x7f27668ded7a]
[hydra01:883047] [13] /home/thesis/jheld/MPI_Syrk_implementation/build/src/MPI_SYRK_implementation(+0x232a)[0x559b35fb132a]
[hydra01:883047] *** End of error message ***
[hydra07:406791] [ 6] /lib/x86_64-linux-gnu/libc.so.6(__libc_calloc+0x81)[0x7fa632e98bd1]
[hydra02:567153] [ 5] /lib/x86_64-linux-gnu/libc.so.6(+0x8483c)[0x7f7c7316483c]
[hydra12:360111] [ 9] /opt/mpi/openmpi-4.1.4//lib/libmpi.so.40(PMPI_Group_incl+0x95)[0x7fed6fc66185]
[hydra06:380445] [ 5] /lib/x86_64-linux-gnu/libc.so.6(+0x8483c)[0x7fbfa995183c]
[hydra04:395818] [10] /home/thesis/jheld/MPI_Syrk_implementation/build/src/MPI_SYRK_implementation(+0x841a)[0x5602bd62341a]
[hydra04:395818] [11] /home/thesis/jheld/MPI_Syrk_implementation/build/src/MPI_SYRK_implementation(+0x2ab0)[0x5602bd61dab0]
[hydra05:379766] [12] /lib/x86_64-linux-gnu/libc.so.6(__libc_start_main+0xea)[0x7f4ed96fed7a]
[hydra05:379766] [13] /home/thesis/jheld/MPI_Syrk_implementation/build/src/MPI_SYRK_implementation(+0x232a)[0x561b5235132a]
[hydra03:397054] [ 2] /lib/x86_64-linux-gnu/libc.so.6(abort+0x123)[0x7efe1fe5e537]
[hydra11:360149] *** Process received signal ***
[hydra07:406792] [ 3] /lib/x86_64-linux-gnu/libc.so.6(+0x7a468)[0x7f950044f468]
[hydra02:567154] [ 5] /lib/x86_64-linux-gnu/libc.so.6(+0x8483c)[0x7fc9a01e883c]
[hydra12:360111] [10] /home/thesis/jheld/MPI_Syrk_implementation/build/src/MPI_SYRK_implementation(+0x841a)[0x562c1e62541a]
[hydra12:360111] [11] /home/thesis/jheld/MPI_Syrk_implementation/build/src/MPI_SYRK_implementation(+0x2ab0)[0x562c1e61fab0]
[hydra06:380445] [ 6] /lib/x86_64-linux-gnu/libc.so.6(__libc_calloc+0x81)[0x7fbfa9953bd1]
[hydra04:395818] [12] /lib/x86_64-linux-gnu/libc.so.6(__libc_start_main+0xea)[0x7fece5684d7a]
[hydra04:395818] [13] /home/thesis/jheld/MPI_Syrk_implementation/build/src/MPI_SYRK_implementation(+0x232a)[0x5602bd61d32a]
[hydra05:379766] *** End of error message ***
[hydra03:397054] [ 3] /lib/x86_64-linux-gnu/libc.so.6(+0x7a468)[0x7efe1feb6468]
[hydra11:360149] Signal: Aborted (6)
[hydra11:360149] Signal code:  (-6)
[hydra08:382084] [ 0] /lib/x86_64-linux-gnu/libc.so.6(+0x38de0)[0x7f35e3a13de0]
[hydra07:406791] [ 7] /opt/mpi/openmpi-4.1.4//lib/libmpi.so.40(ompi_group_allocate+0x17)[0x7fa634d661e7]
[hydra02:567153] [ 6] /lib/x86_64-linux-gnu/libc.so.6(__libc_calloc+0x81)[0x7f7c73166bd1]
[hydra12:360110] [ 9] /opt/mpi/openmpi-4.1.4//lib/libmpi.so.40(PMPI_Group_incl+0x95)[0x7f6ea5863185]
[hydra12:360110] [10] /home/thesis/jheld/MPI_Syrk_implementation/build/src/MPI_SYRK_implementation(+0x841a)[0x56038a53a41a]
[hydra12:360110] [11] /home/thesis/jheld/MPI_Syrk_implementation/build/src/MPI_SYRK_implementation(+0x2ab0)[0x56038a534ab0]
[hydra06:380446] [ 5] /lib/x86_64-linux-gnu/libc.so.6(+0x8483c)[0x7fe160f0083c]
[hydra04:395818] *** End of error message ***
[hydra03:397054] [ 4] /lib/x86_64-linux-gnu/libc.so.6(+0x8175a)[0x7efe1febd75a]
[hydra10:491610] *** Process received signal ***
[hydra10:491610] Signal: Aborted (6)
[hydra10:491610] Signal code:  (-6)
[hydra11:360151] [ 4] /lib/x86_64-linux-gnu/libc.so.6(+0x8175a)[0x7f640d9c475a]
[hydra08:382084] [ 1] /lib/x86_64-linux-gnu/libc.so.6(gsignal+0x141)[0x7f35e3a13d61]
[hydra07:406791] [ 8] /opt/mpi/openmpi-4.1.4//lib/libmpi.so.40(ompi_group_incl_plist+0x65)[0x7fa634d66915]
[hydra02:567154] [ 6] /lib/x86_64-linux-gnu/libc.so.6(__libc_calloc+0x81)[0x7fc9a01eabd1]
[hydra12:360111] [12] /lib/x86_64-linux-gnu/libc.so.6(__libc_start_main+0xea)[0x7fed6dd04d7a]
[hydra06:380445] [ 7] /opt/mpi/openmpi-4.1.4//lib/libmpi.so.40(ompi_group_allocate+0x17)[0x7fbfab8211e7]
[hydra03:397054] [ 5] /lib/x86_64-linux-gnu/libc.so.6(+0x8483c)[0x7efe1fec083c]
[hydra10:491610] [ 0] /lib/x86_64-linux-gnu/libc.so.6(+0x38de0)[0x7f00f4f1dde0]
[hydra11:360151] [ 5] /lib/x86_64-linux-gnu/libc.so.6(+0x8483c)[0x7f640d9c783c]
[hydra08:382084] [ 2] /lib/x86_64-linux-gnu/libc.so.6(abort+0x123)[0x7f35e39fd537]
[hydra07:406792] [ 4] /lib/x86_64-linux-gnu/libc.so.6(+0x8175a)[0x7f950045675a]
[hydra02:567153] [ 7] /opt/mpi/openmpi-4.1.4//lib/libmpi.so.40(ompi_group_allocate+0x17)[0x7f7c750341e7]
[hydra12:360110] [12] /lib/x86_64-linux-gnu/libc.so.6(__libc_start_main+0xea)[0x7f6ea3901d7a]
[hydra12:360110] [13] /home/thesis/jheld/MPI_Syrk_implementation/build/src/MPI_SYRK_implementation(+0x232a)[0x56038a53432a]
[hydra12:360110] *** End of error message ***
[hydra06:380446] [ 6] /lib/x86_64-linux-gnu/libc.so.6(__libc_calloc+0x81)[0x7fe160f02bd1]
[hydra03:397054] [ 6] /lib/x86_64-linux-gnu/libc.so.6(__libc_calloc+0x81)[0x7efe1fec2bd1]
[hydra10:491610] [ 1] /lib/x86_64-linux-gnu/libc.so.6(gsignal+0x141)[0x7f00f4f1dd61]
[hydra11:360151] [ 6] /lib/x86_64-linux-gnu/libc.so.6(__libc_calloc+0x81)[0x7f640d9c9bd1]
[hydra08:382084] [ 3] /lib/x86_64-linux-gnu/libc.so.6(+0x7a468)[0x7f35e3a55468]
[hydra07:406791] [ 9] /opt/mpi/openmpi-4.1.4//lib/libmpi.so.40(PMPI_Group_incl+0x95)[0x7fa634d97185]
[hydra07:406791] [10] /home/thesis/jheld/MPI_Syrk_implementation/build/src/MPI_SYRK_implementation(+0x841a)[0x56498565141a]
[hydra02:567154] [ 7] /opt/mpi/openmpi-4.1.4//lib/libmpi.so.40(ompi_group_allocate+0x17)[0x7fc9a20b81e7]
[hydra12:360111] [13] /home/thesis/jheld/MPI_Syrk_implementation/build/src/MPI_SYRK_implementation(+0x232a)[0x562c1e61f32a]
[hydra12:360111] *** End of error message ***
[hydra06:380445] [ 8] /opt/mpi/openmpi-4.1.4//lib/libmpi.so.40(ompi_group_incl_plist+0x65)[0x7fbfab821915]
[hydra03:397054] [ 7] /opt/mpi/openmpi-4.1.4//lib/libmpi.so.40(ompi_group_allocate+0x17)[0x7efe21d901e7]
[hydra10:491610] [ 2] /lib/x86_64-linux-gnu/libc.so.6(abort+0x123)[0x7f00f4f07537]
[hydra11:360151] [ 7] /opt/mpi/openmpi-4.1.4//lib/libmpi.so.40(ompi_group_allocate+0x17)[0x7f640f8971e7]
[hydra08:382084] [ 4] /lib/x86_64-linux-gnu/libc.so.6(+0x8175a)[0x7f35e3a5c75a]
[hydra07:406792] [ 5] /lib/x86_64-linux-gnu/libc.so.6(+0x8483c)[0x7f950045983c]
[hydra02:567153] [ 8] /opt/mpi/openmpi-4.1.4//lib/libmpi.so.40(ompi_group_incl_plist+0x65)[0x7f7c75034915]
[hydra06:380446] [ 7] /opt/mpi/openmpi-4.1.4//lib/libmpi.so.40(ompi_group_allocate+0x17)[0x7fe162dd01e7]
[hydra03:397054] [ 8] /opt/mpi/openmpi-4.1.4//lib/libmpi.so.40(ompi_group_incl_plist+0x65)[0x7efe21d90915]
[hydra10:491610] [ 3] /lib/x86_64-linux-gnu/libc.so.6(+0x7a468)[0x7f00f4f5f468]
[hydra11:360149] [ 0] /lib/x86_64-linux-gnu/libc.so.6(+0x38de0)[0x7f95aa7b5de0]
[hydra08:382084] [ 5] /lib/x86_64-linux-gnu/libc.so.6(+0x8483c)[0x7f35e3a5f83c]
[hydra07:406791] [11] /home/thesis/jheld/MPI_Syrk_implementation/build/src/MPI_SYRK_implementation(+0x2ab0)[0x56498564bab0]
[hydra02:567154] [ 8] /opt/mpi/openmpi-4.1.4//lib/libmpi.so.40(ompi_group_incl_plist+0x65)[0x7fc9a20b8915]
[hydra06:380445] [ 9] /opt/mpi/openmpi-4.1.4//lib/libmpi.so.40(PMPI_Group_incl+0x95)[0x7fbfab852185]
[hydra06:380445] [10] /home/thesis/jheld/MPI_Syrk_implementation/build/src/MPI_SYRK_implementation(+0x841a)[0x55789f2cf41a]
[hydra03:397054] [ 9] /opt/mpi/openmpi-4.1.4//lib/libmpi.so.40(PMPI_Group_incl+0x95)[0x7efe21dc1185]
[hydra10:491610] [ 4] /lib/x86_64-linux-gnu/libc.so.6(+0x8175a)[0x7f00f4f6675a]
[hydra11:360151] [ 8] /opt/mpi/openmpi-4.1.4//lib/libmpi.so.40(ompi_group_incl_plist+0x65)[0x7f640f897915]
[hydra08:382084] [ 6] /lib/x86_64-linux-gnu/libc.so.6(__libc_calloc+0x81)[0x7f35e3a61bd1]
[hydra07:406791] [12] /lib/x86_64-linux-gnu/libc.so.6(__libc_start_main+0xea)[0x7fa632e35d7a]
[hydra02:567154] [ 9] /opt/mpi/openmpi-4.1.4//lib/libmpi.so.40(PMPI_Group_incl+0x95)[0x7fc9a20e9185]
[hydra06:380446] [ 8] /opt/mpi/openmpi-4.1.4//lib/libmpi.so.40(ompi_group_incl_plist+0x65)[0x7fe162dd0915]
[hydra03:397054] [10] /home/thesis/jheld/MPI_Syrk_implementation/build/src/MPI_SYRK_implementation(+0x841a)[0x56524f73341a]
[hydra03:397054] [11] /home/thesis/jheld/MPI_Syrk_implementation/build/src/MPI_SYRK_implementation(+0x2ab0)[0x56524f72dab0]
[hydra10:491610] [ 5] /lib/x86_64-linux-gnu/libc.so.6(+0x8483c)[0x7f00f4f6983c]
[hydra11:360149] [ 1] /lib/x86_64-linux-gnu/libc.so.6(gsignal+0x141)[0x7f95aa7b5d61]
[hydra08:382084] [ 7] /opt/mpi/openmpi-4.1.4//lib/libmpi.so.40(ompi_group_allocate+0x17)[0x7f35e592f1e7]
[hydra07:406792] [ 6] /lib/x86_64-linux-gnu/libc.so.6(__libc_calloc+0x81)[0x7f950045bbd1]
[hydra02:567153] [ 9] /opt/mpi/openmpi-4.1.4//lib/libmpi.so.40(PMPI_Group_incl+0x95)[0x7f7c75065185]
[hydra02:567153] [10] /home/thesis/jheld/MPI_Syrk_implementation/build/src/MPI_SYRK_implementation(+0x841a)[0x55b7e9f5c41a]
[hydra06:380445] [11] /home/thesis/jheld/MPI_Syrk_implementation/build/src/MPI_SYRK_implementation(+0x2ab0)[0x55789f2c9ab0]
[hydra03:397054] [12] /lib/x86_64-linux-gnu/libc.so.6(__libc_start_main+0xea)[0x7efe1fe5fd7a]
[hydra03:397054] [13] /home/thesis/jheld/MPI_Syrk_implementation/build/src/MPI_SYRK_implementation(+0x232a)[0x56524f72d32a]
[hydra10:491610] [ 6] /lib/x86_64-linux-gnu/libc.so.6(__libc_calloc+0x81)[0x7f00f4f6bbd1]
[hydra11:360149] [ 2] /lib/x86_64-linux-gnu/libc.so.6(abort+0x123)[0x7f95aa79f537]
[hydra08:382084] [ 8] /opt/mpi/openmpi-4.1.4//lib/libmpi.so.40(ompi_group_incl_plist+0x65)[0x7f35e592f915]
[hydra07:406791] [13] /home/thesis/jheld/MPI_Syrk_implementation/build/src/MPI_SYRK_implementation(+0x232a)[0x56498564b32a]
[hydra07:406791] *** End of error message ***
[hydra02:567154] [10] /home/thesis/jheld/MPI_Syrk_implementation/build/src/MPI_SYRK_implementation(+0x841a)[0x563c1303741a]
[hydra02:567154] [11] /home/thesis/jheld/MPI_Syrk_implementation/build/src/MPI_SYRK_implementation(+0x2ab0)[0x563c13031ab0]
[hydra06:380445] [12] /lib/x86_64-linux-gnu/libc.so.6(__libc_start_main+0xea)[0x7fbfa98f0d7a]
[hydra06:380445] [13] /home/thesis/jheld/MPI_Syrk_implementation/build/src/MPI_SYRK_implementation(+0x232a)[0x55789f2c932a]
[hydra03:397054] *** End of error message ***
[hydra10:491610] [ 7] /opt/mpi/openmpi-4.1.4//lib/libmpi.so.40(ompi_group_allocate+0x17)[0x7f00f6e391e7]
[hydra11:360151] [ 9] /opt/mpi/openmpi-4.1.4//lib/libmpi.so.40(PMPI_Group_incl+0x95)[0x7f640f8c8185]
[hydra11:360151] [10] /home/thesis/jheld/MPI_Syrk_implementation/build/src/MPI_SYRK_implementation(+0x841a)[0x558c9826441a]
[hydra11:360151] [11] /home/thesis/jheld/MPI_Syrk_implementation/build/src/MPI_SYRK_implementation(+0x2ab0)[0x558c9825eab0]
[hydra08:382084] [ 9] /opt/mpi/openmpi-4.1.4//lib/libmpi.so.40(PMPI_Group_incl+0x95)[0x7f35e5960185]
[hydra08:382084] [10] /home/thesis/jheld/MPI_Syrk_implementation/build/src/MPI_SYRK_implementation(+0x841a)[0x55aec0d7741a]
[hydra07:406792] [ 7] /opt/mpi/openmpi-4.1.4//lib/libmpi.so.40(ompi_group_allocate+0x17)[0x7f95023291e7]
[hydra02:567153] [11] /home/thesis/jheld/MPI_Syrk_implementation/build/src/MPI_SYRK_implementation(+0x2ab0)[0x55b7e9f56ab0]
[hydra02:567153] [12] /lib/x86_64-linux-gnu/libc.so.6(__libc_start_main+0xea)[0x7f7c73103d7a]
[hydra06:380445] *** End of error message ***
[hydra10:491610] [ 8] /opt/mpi/openmpi-4.1.4//lib/libmpi.so.40(ompi_group_incl_plist+0x65)[0x7f00f6e39915]
[hydra11:360149] [ 3] /lib/x86_64-linux-gnu/libc.so.6(+0x7a468)[0x7f95aa7f7468]
[hydra08:382084] [11] /home/thesis/jheld/MPI_Syrk_implementation/build/src/MPI_SYRK_implementation(+0x2ab0)[0x55aec0d71ab0]
[hydra07:406792] [ 8] /opt/mpi/openmpi-4.1.4//lib/libmpi.so.40(ompi_group_incl_plist+0x65)[0x7f9502329915]
[hydra02:567154] [12] /lib/x86_64-linux-gnu/libc.so.6(__libc_start_main+0xea)[0x7fc9a0187d7a]
[hydra02:567154] [13] /home/thesis/jheld/MPI_Syrk_implementation/build/src/MPI_SYRK_implementation(+0x232a)[0x563c1303132a]
[hydra02:567154] *** End of error message ***
[hydra06:380446] [ 9] /opt/mpi/openmpi-4.1.4//lib/libmpi.so.40(PMPI_Group_incl+0x95)[0x7fe162e01185]
[hydra06:380446] [10] /home/thesis/jheld/MPI_Syrk_implementation/build/src/MPI_SYRK_implementation(+0x841a)[0x55571f3a541a]
[hydra06:380446] [11] /home/thesis/jheld/MPI_Syrk_implementation/build/src/MPI_SYRK_implementation(+0x2ab0)[0x55571f39fab0]
[hydra10:491610] [ 9] /opt/mpi/openmpi-4.1.4//lib/libmpi.so.40(PMPI_Group_incl+0x95)[0x7f00f6e6a185]
[hydra10:491610] [10] /home/thesis/jheld/MPI_Syrk_implementation/build/src/MPI_SYRK_implementation(+0x841a)[0x55f75c6ed41a]
[hydra11:360151] [12] /lib/x86_64-linux-gnu/libc.so.6(__libc_start_main+0xea)[0x7f640d966d7a]
[hydra11:360151] [13] /home/thesis/jheld/MPI_Syrk_implementation/build/src/MPI_SYRK_implementation(+0x232a)[0x558c9825e32a]
[hydra11:360151] *** End of error message ***
[hydra08:382084] [12] /lib/x86_64-linux-gnu/libc.so.6(__libc_start_main+0xea)[0x7f35e39fed7a]
[hydra08:382084] [13] /home/thesis/jheld/MPI_Syrk_implementation/build/src/MPI_SYRK_implementation(+0x232a)[0x55aec0d7132a]
[hydra07:406792] [ 9] /opt/mpi/openmpi-4.1.4//lib/libmpi.so.40(PMPI_Group_incl+0x95)[0x7f950235a185]
[hydra07:406792] [10] /home/thesis/jheld/MPI_Syrk_implementation/build/src/MPI_SYRK_implementation(+0x841a)[0x561c6526e41a]
[hydra02:567153] [13] /home/thesis/jheld/MPI_Syrk_implementation/build/src/MPI_SYRK_implementation(+0x232a)[0x55b7e9f5632a]
[hydra02:567153] *** End of error message ***
[hydra06:380446] [12] /lib/x86_64-linux-gnu/libc.so.6(__libc_start_main+0xea)[0x7fe160e9fd7a]
[hydra10:491610] [11] /home/thesis/jheld/MPI_Syrk_implementation/build/src/MPI_SYRK_implementation(+0x2ab0)[0x55f75c6e7ab0]
[hydra11:360149] [ 4] /lib/x86_64-linux-gnu/libc.so.6(+0x8175a)[0x7f95aa7fe75a]
[hydra08:382084] *** End of error message ***
[hydra07:406792] [11] /home/thesis/jheld/MPI_Syrk_implementation/build/src/MPI_SYRK_implementation(+0x2ab0)[0x561c65268ab0]
[hydra06:380446] [13] /home/thesis/jheld/MPI_Syrk_implementation/build/src/MPI_SYRK_implementation(+0x232a)[0x55571f39f32a]
[hydra06:380446] *** End of error message ***
[hydra10:491610] [12] /lib/x86_64-linux-gnu/libc.so.6(__libc_start_main+0xea)[0x7f00f4f08d7a]
[hydra10:491610] [13] /home/thesis/jheld/MPI_Syrk_implementation/build/src/MPI_SYRK_implementation(+0x232a)[0x55f75c6e732a]
[hydra11:360149] [ 5] /lib/x86_64-linux-gnu/libc.so.6(+0x8483c)[0x7f95aa80183c]
[hydra07:406792] [12] /lib/x86_64-linux-gnu/libc.so.6(__libc_start_main+0xea)[0x7f95003f8d7a]
[hydra07:406792] [13] /home/thesis/jheld/MPI_Syrk_implementation/build/src/MPI_SYRK_implementation(+0x232a)[0x561c6526832a]
[hydra07:406792] *** End of error message ***
[hydra10:491610] *** End of error message ***
[hydra11:360149] [ 6] /lib/x86_64-linux-gnu/libc.so.6(__libc_calloc+0x81)[0x7f95aa803bd1]
[hydra11:360149] [ 7] /opt/mpi/openmpi-4.1.4//lib/libmpi.so.40(ompi_group_allocate+0x17)[0x7f95ac6d11e7]
[hydra11:360149] [ 8] /opt/mpi/openmpi-4.1.4//lib/libmpi.so.40(ompi_group_incl_plist+0x65)[0x7f95ac6d1915]
[hydra11:360149] [ 9] /opt/mpi/openmpi-4.1.4//lib/libmpi.so.40(PMPI_Group_incl+0x95)[0x7f95ac702185]
[hydra11:360149] [10] /home/thesis/jheld/MPI_Syrk_implementation/build/src/MPI_SYRK_implementation(+0x841a)[0x559f8120b41a]
[hydra11:360149] [11] /home/thesis/jheld/MPI_Syrk_implementation/build/src/MPI_SYRK_implementation(+0x2ab0)[0x559f81205ab0]
[hydra11:360149] [12] /lib/x86_64-linux-gnu/libc.so.6(__libc_start_main+0xea)[0x7f95aa7a0d7a]
[hydra11:360149] [13] /home/thesis/jheld/MPI_Syrk_implementation/build/src/MPI_SYRK_implementation(+0x232a)[0x559f8120532a]
[hydra11:360149] *** End of error message ***
srun: error: hydra08: task 23: Aborted
srun: error: hydra03: task 6: Aborted
srun: error: hydra04: task 11: Aborted
srun: error: hydra05: task 13: Aborted
srun: error: hydra10: task 29: Aborted
srun: error: hydra01: task 2: Aborted
srun: error: hydra06: tasks 16-17: Aborted
srun: error: hydra12: tasks 33-34: Aborted
srun: error: hydra07: tasks 19-20: Aborted
srun: error: hydra11: tasks 30,32: Aborted
srun: error: hydra02: tasks 4-5: Aborted
slurmstepd: error:  mpi/pmix_v4: _errhandler: hydra05 [4]: pmixp_client_v2.c:211: Error handler invoked: status = -61, source = [slurm.pmix.5008693.19:13]
slurmstepd: error:  mpi/pmix_v4: _errhandler: hydra10 [9]: pmixp_client_v2.c:211: Error handler invoked: status = -61, source = [slurm.pmix.5008693.19:29]
slurmstepd: error:  mpi/pmix_v4: _errhandler: hydra01 [0]: pmixp_client_v2.c:211: Error handler invoked: status = -61, source = [slurm.pmix.5008693.19:2]
slurmstepd: error:  mpi/pmix_v4: _errhandler: hydra11 [10]: pmixp_client_v2.c:211: Error handler invoked: status = -61, source = [slurm.pmix.5008693.19:32]
slurmstepd: error:  mpi/pmix_v4: _errhandler: hydra03 [2]: pmixp_client_v2.c:211: Error handler invoked: status = -61, source = [slurm.pmix.5008693.19:6]
slurmstepd: error:  mpi/pmix_v4: _errhandler: hydra04 [3]: pmixp_client_v2.c:211: Error handler invoked: status = -61, source = [slurm.pmix.5008693.19:11]
slurmstepd: error:  mpi/pmix_v4: _errhandler: hydra08 [7]: pmixp_client_v2.c:211: Error handler invoked: status = -61, source = [slurm.pmix.5008693.19:23]
slurmstepd: error:  mpi/pmix_v4: _errhandler: hydra07 [6]: pmixp_client_v2.c:211: Error handler invoked: status = -61, source = [slurm.pmix.5008693.19:19]
slurmstepd: error:  mpi/pmix_v4: _errhandler: hydra12 [11]: pmixp_client_v2.c:211: Error handler invoked: status = -61, source = [slurm.pmix.5008693.19:34]
slurmstepd: error: *** STEP 5008693.19 ON hydra01 CANCELLED AT 2025-10-13T15:31:43 ***
srun: Job step aborted: Waiting up to 32 seconds for job step to finish.
srun: error: hydra12: task 35: Killed
srun: error: hydra07: task 18: Killed
srun: error: hydra06: task 15: Killed
srun: error: hydra02: task 3: Killed
srun: error: hydra11: task 31: Killed
srun: error: hydra05: tasks 12,14: Killed
srun: error: hydra04: tasks 9-10: Killed
srun: error: hydra03: tasks 7-8: Killed
srun: error: hydra08: tasks 21-22: Killed
srun: error: hydra01: tasks 0-1: Killed
srun: error: hydra10: tasks 27-28: Killed
srun: error: hydra09: tasks 24-26: Killed
⚠️ Warning: No runtime found for run 20
srun: Warning: can't honor --ntasks-per-node set to 1 which doesn't match the requested tasks 36 with the number of requested nodes 12. Ignoring --ntasks-per-node.
missing input file name --> Generate random input
malloc(): invalid size (unsorted)
[hydra12:360172] *** Process received signal ***
malloc(): invalid size (unsorted)
[hydra11:360213] *** Process received signal ***
[hydra11:360213] Signal: Aborted (6)
[hydra11:360213] Signal code:  (-6)
malloc(): invalid size (unsorted)
[hydra05:379827] *** Process received signal ***
[hydra05:379827] Signal: Aborted (6)
[hydra05:379827] Signal code:  (-6)
malloc(): invalid size (unsorted)
[hydra07:406852] *** Process received signal ***
[hydra07:406852] Signal: Aborted (6)
[hydra07:406852] Signal code:  (-6)
malloc(): invalid size (unsorted)
[hydra04:395879] *** Process received signal ***
[hydra04:395879] Signal: Aborted (6)
[hydra04:395879] Signal code:  (-6)
malloc(): invalid size (unsorted)
[hydra02:567230] *** Process received signal ***
[hydra02:567230] Signal: Aborted (6)
[hydra02:567230] Signal code:  (-6)
malloc(): invalid size (unsorted)
[hydra09:373420] *** Process received signal ***
[hydra09:373420] Signal: Aborted (6)
[hydra09:373420] Signal code:  (-6)
malloc(): invalid size (unsorted)
[hydra03:397118] *** Process received signal ***
[hydra03:397118] Signal: Aborted (6)
[hydra03:397118] Signal code:  (-6)
[hydra05:379827] [ 0] /lib/x86_64-linux-gnu/libc.so.6(+0x38de0)[0x7f373c531de0]
malloc(): invalid size (unsorted)
[hydra08:382146] *** Process received signal ***
[hydra08:382146] Signal: Aborted (6)
[hydra08:382146] Signal code:  (-6)
[hydra05:379827] [ 1] /lib/x86_64-linux-gnu/libc.so.6(gsignal+0x141)[0x7f373c531d61]
[hydra05:379827] [ 2] /lib/x86_64-linux-gnu/libc.so.6(abort+0x123)[0x7f373c51b537]
malloc(): invalid size (unsorted)
[hydra12:360173] *** Process received signal ***
[hydra12:360173] Signal: Aborted (6)
[hydra12:360173] Signal code:  (-6)
[hydra05:379827] [ 3] /lib/x86_64-linux-gnu/libc.so.6(+0x7a468)[0x7f373c573468]
[hydra09:373420] [ 0] /lib/x86_64-linux-gnu/libc.so.6(+0x38de0)[0x7f7ca049bde0]
[hydra12:360172] Signal: Aborted (6)
[hydra12:360172] Signal code:  (-6)
malloc(): invalid size (unsorted)
[hydra06:380506] *** Process received signal ***
[hydra06:380506] Signal: Aborted (6)
[hydra06:380506] Signal code:  (-6)
[hydra03:397118] [ 0] /lib/x86_64-linux-gnu/libc.so.6(+0x38de0)[0x7f427183cde0]
[hydra12:360173] [ 0] /lib/x86_64-linux-gnu/libc.so.6(+0x38de0)[0x7f6d6d55cde0]
malloc(): invalid size (unsorted)
[hydra10:491675] *** Process received signal ***
[hydra10:491675] Signal: Aborted (6)
[hydra10:491675] Signal code:  (-6)
[hydra05:379827] [ 4] /lib/x86_64-linux-gnu/libc.so.6(+0x8175a)[0x7f373c57a75a]
[hydra09:373420] [ 1] /lib/x86_64-linux-gnu/libc.so.6(gsignal+0x141)[0x7f7ca049bd61]
[hydra03:397118] [ 1] /lib/x86_64-linux-gnu/libc.so.6(gsignal+0x141)[0x7f427183cd61]
[hydra08:382146] [ 0] /lib/x86_64-linux-gnu/libc.so.6(+0x38de0)[0x7fa09f04ede0]
[hydra12:360172] [ 0] /lib/x86_64-linux-gnu/libc.so.6(+0x38de0)[0x7f4f797d9de0]
[hydra05:379827] [ 5] /lib/x86_64-linux-gnu/libc.so.6(+0x8483c)[0x7f373c57d83c]
[hydra09:373420] [ 2] /lib/x86_64-linux-gnu/libc.so.6(abort+0x123)[0x7f7ca0485537]
[hydra03:397118] [ 2] /lib/x86_64-linux-gnu/libc.so.6(abort+0x123)[0x7f4271826537]
[hydra12:360173] [ 1] /lib/x86_64-linux-gnu/libc.so.6(gsignal+0x141)[0x7f6d6d55cd61]
[hydra09:373420] [ 3] /lib/x86_64-linux-gnu/libc.so.6(+0x7a468)[0x7f7ca04dd468]
[hydra08:382146] [ 1] /lib/x86_64-linux-gnu/libc.so.6(gsignal+0x141)[0x7fa09f04ed61]
[hydra12:360172] [ 1] /lib/x86_64-linux-gnu/libc.so.6(gsignal+0x141)[0x7f4f797d9d61]
[hydra06:380506] [ 0] /lib/x86_64-linux-gnu/libc.so.6(+0x38de0)[0x7f4ba1112de0]
[hydra03:397118] [ 3] /lib/x86_64-linux-gnu/libc.so.6(+0x7a468)[0x7f427187e468]
[hydra08:382146] [ 2] /lib/x86_64-linux-gnu/libc.so.6(abort+0x123)[0x7fa09f038537]
[hydra12:360173] [ 2] /lib/x86_64-linux-gnu/libc.so.6(abort+0x123)[0x7f6d6d546537]
[hydra05:379827] [ 6] /lib/x86_64-linux-gnu/libc.so.6(__libc_calloc+0x81)[0x7f373c57fbd1]
[hydra06:380506] [ 1] /lib/x86_64-linux-gnu/libc.so.6(gsignal+0x141)[0x7f4ba1112d61]
[hydra09:373420] [ 4] /lib/x86_64-linux-gnu/libc.so.6(+0x8175a)[0x7f7ca04e475a]
[hydra12:360172] [ 2] /lib/x86_64-linux-gnu/libc.so.6(abort+0x123)[0x7f4f797c3537]
[hydra11:360213] [ 0] /lib/x86_64-linux-gnu/libc.so.6(+0x38de0)[0x7fa4ab436de0]
[hydra05:379827] [ 7] /opt/mpi/openmpi-4.1.4//lib/libmpi.so.40(ompi_group_allocate+0x17)[0x7f373e44d1e7]
[hydra06:380506] [ 2] /lib/x86_64-linux-gnu/libc.so.6(abort+0x123)[0x7f4ba10fc537]
[hydra09:373420] [ 5] /lib/x86_64-linux-gnu/libc.so.6(+0x8483c)[0x7f7ca04e783c]
[hydra03:397118] [ 4] /lib/x86_64-linux-gnu/libc.so.6(+0x8175a)[0x7f427188575a]
[hydra12:360173] [ 3] /lib/x86_64-linux-gnu/libc.so.6(+0x7a468)[0x7f6d6d59e468]
[hydra11:360213] [ 1] /lib/x86_64-linux-gnu/libc.so.6(gsignal+0x141)[0x7fa4ab436d61]
[hydra05:379827] [ 8] /opt/mpi/openmpi-4.1.4//lib/libmpi.so.40(ompi_group_incl_plist+0x65)[0x7f373e44d915]
[hydra06:380506] [ 3] /lib/x86_64-linux-gnu/libc.so.6(+0x7a468)[0x7f4ba1154468]
[hydra09:373420] [ 6] /lib/x86_64-linux-gnu/libc.so.6(__libc_calloc+0x81)[0x7f7ca04e9bd1]
[hydra03:397118] [ 5] /lib/x86_64-linux-gnu/libc.so.6(+0x8483c)[0x7f427188883c]
[hydra12:360172] [ 3] /lib/x86_64-linux-gnu/libc.so.6(+0x7a468)[0x7f4f7981b468]
[hydra11:360213] [ 2] /lib/x86_64-linux-gnu/libc.so.6(abort+0x123)[0x7fa4ab420537]
[hydra05:379827] [ 9] /opt/mpi/openmpi-4.1.4//lib/libmpi.so.40(PMPI_Group_incl+0x95)[0x7f373e47e185]
[hydra05:379827] [10] /home/thesis/jheld/MPI_Syrk_implementation/build/src/MPI_SYRK_implementation(+0x841a)[0x55b6baa3d41a]
[hydra06:380506] [ 4] /lib/x86_64-linux-gnu/libc.so.6(+0x8175a)[0x7f4ba115b75a]
[hydra03:397118] [ 6] /lib/x86_64-linux-gnu/libc.so.6(__libc_calloc+0x81)[0x7f427188abd1]
[hydra12:360173] [ 4] /lib/x86_64-linux-gnu/libc.so.6(+0x8175a)[0x7f6d6d5a575a]
malloc(): invalid size (unsorted)
malloc(): invalid size (unsorted)
[hydra04:395878] *** Process received signal ***
[hydra04:395878] Signal: Aborted (6)
[hydra04:395878] Signal code:  (-6)
[hydra05:379827] [11] /home/thesis/jheld/MPI_Syrk_implementation/build/src/MPI_SYRK_implementation(+0x2ab0)[0x55b6baa37ab0]
[hydra06:380506] [ 5] /lib/x86_64-linux-gnu/libc.so.6(+0x8483c)[0x7f4ba115e83c]
[hydra03:397118] [ 7] /opt/mpi/openmpi-4.1.4//lib/libmpi.so.40(ompi_group_allocate+0x17)[0x7f42737581e7]
[hydra08:382146] [ 3] /lib/x86_64-linux-gnu/libc.so.6(+0x7a468)[0x7fa09f090468]
[hydra12:360172] [ 4] /lib/x86_64-linux-gnu/libc.so.6(+0x8175a)[0x7f4f7982275a]
[hydra11:360213] [ 3] /lib/x86_64-linux-gnu/libc.so.6(+0x7a468)[0x7fa4ab478468]
[hydra04:395879] [ 0] /lib/x86_64-linux-gnu/libc.so.6(+0x38de0)[0x7fe779994de0]
[hydra05:379827] [12] /lib/x86_64-linux-gnu/libc.so.6(__libc_start_main+0xea)[0x7f373c51cd7a]
[hydra06:380506] [ 6] /lib/x86_64-linux-gnu/libc.so.6(__libc_calloc+0x81)[0x7f4ba1160bd1]
[hydra03:397118] [ 8] /opt/mpi/openmpi-4.1.4//lib/libmpi.so.40(ompi_group_incl_plist+0x65)[0x7f4273758915]
[hydra12:360173] [ 5] /lib/x86_64-linux-gnu/libc.so.6(+0x8483c)[0x7f6d6d5a883c]
[hydra07:406852] [ 0] /lib/x86_64-linux-gnu/libc.so.6(+0x38de0)[0x7f08a18f8de0]
[hydra11:360211] *** Process received signal ***
[hydra04:395878] [ 0] /lib/x86_64-linux-gnu/libc.so.6(+0x38de0)[0x7f36f5d4bde0]
[hydra05:379827] [13] /home/thesis/jheld/MPI_Syrk_implementation/build/src/MPI_SYRK_implementation(+0x232a)[0x55b6baa3732a]
[hydra05:379827] *** End of error message ***
[hydra03:397118] [ 9] /opt/mpi/openmpi-4.1.4//lib/libmpi.so.40(PMPI_Group_incl+0x95)[0x7f4273789185]
[hydra03:397118] [10] /home/thesis/jheld/MPI_Syrk_implementation/build/src/MPI_SYRK_implementation(+0x841a)[0x557ac8f5841a]
[hydra08:382146] [ 4] /lib/x86_64-linux-gnu/libc.so.6(+0x8175a)[0x7fa09f09775a]
[hydra12:360172] [ 5] /lib/x86_64-linux-gnu/libc.so.6(+0x8483c)[0x7f4f7982583c]
[hydra02:567230] [ 0] /lib/x86_64-linux-gnu/libc.so.6(+0x38de0)[0x7fb1fb925de0]
[hydra07:406852] [ 1] /lib/x86_64-linux-gnu/libc.so.6(gsignal+0x141)[0x7f08a18f8d61]
[hydra11:360211] Signal: Aborted (6)
[hydra11:360211] Signal code:  (-6)
[hydra04:395879] [ 1] /lib/x86_64-linux-gnu/libc.so.6(gsignal+0x141)[0x7fe779994d61]
[hydra06:380506] [ 7] /opt/mpi/openmpi-4.1.4//lib/libmpi.so.40(ompi_group_allocate+0x17)[0x7f4ba302e1e7]
[hydra09:373420] [ 7] /opt/mpi/openmpi-4.1.4//lib/libmpi.so.40(ompi_group_allocate+0x17)[0x7f7ca23b71e7]
[hydra03:397118] [11] /home/thesis/jheld/MPI_Syrk_implementation/build/src/MPI_SYRK_implementation(+0x2ab0)[0x557ac8f52ab0]
[hydra08:382146] [ 5] /lib/x86_64-linux-gnu/libc.so.6(+0x8483c)[0x7fa09f09a83c]
[hydra12:360173] [ 6] /lib/x86_64-linux-gnu/libc.so.6(__libc_calloc+0x81)[0x7f6d6d5aabd1]
[hydra02:567230] [ 1] /lib/x86_64-linux-gnu/libc.so.6(gsignal+0x141)[0x7fb1fb925d61]
[hydra07:406852] [ 2] /lib/x86_64-linux-gnu/libc.so.6(abort+0x123)[0x7f08a18e2537]
[hydra11:360213] [ 4] /lib/x86_64-linux-gnu/libc.so.6(+0x8175a)[0x7fa4ab47f75a]
[hydra04:395879] [ 2] /lib/x86_64-linux-gnu/libc.so.6(abort+0x123)[0x7fe77997e537]
malloc(): invalid size (unsorted)
[hydra10:491676] *** Process received signal ***
[hydra10:491676] Signal: Aborted (6)
[hydra10:491676] Signal code:  (-6)
[hydra06:380506] [ 8] /opt/mpi/openmpi-4.1.4//lib/libmpi.so.40(ompi_group_incl_plist+0x65)[0x7f4ba302e915]
[hydra09:373420] [ 8] /opt/mpi/openmpi-4.1.4//lib/libmpi.so.40(ompi_group_incl_plist+0x65)[0x7f7ca23b7915]
[hydra03:397118] [12] /lib/x86_64-linux-gnu/libc.so.6(__libc_start_main+0xea)[0x7f4271827d7a]
[hydra08:382146] [ 6] /lib/x86_64-linux-gnu/libc.so.6(__libc_calloc+0x81)[0x7fa09f09cbd1]
[hydra12:360172] [ 6] /lib/x86_64-linux-gnu/libc.so.6(__libc_calloc+0x81)[0x7f4f79827bd1]
[hydra02:567230] [ 2] /lib/x86_64-linux-gnu/libc.so.6(abort+0x123)[0x7fb1fb90f537]
[hydra07:406852] [ 3] /lib/x86_64-linux-gnu/libc.so.6(+0x7a468)[0x7f08a193a468]
[hydra11:360213] [ 5] /lib/x86_64-linux-gnu/libc.so.6(+0x8483c)[0x7fa4ab48283c]
[hydra04:395878] [ 1] /lib/x86_64-linux-gnu/libc.so.6(gsignal+0x141)[0x7f36f5d4bd61]
[hydra10:491675] [ 0] /lib/x86_64-linux-gnu/libc.so.6(+0x38de0)[0x7f33bfda3de0]
[hydra06:380506] [ 9] /opt/mpi/openmpi-4.1.4//lib/libmpi.so.40(PMPI_Group_incl+0x95)[0x7f4ba305f185]
[hydra06:380506] [10] /home/thesis/jheld/MPI_Syrk_implementation/build/src/MPI_SYRK_implementation(+0x841a)[0x55dc4dc9441a]
[hydra03:397118] [13] /home/thesis/jheld/MPI_Syrk_implementation/build/src/MPI_SYRK_implementation(+0x232a)[0x557ac8f5232a]
[hydra03:397118] *** End of error message ***
[hydra08:382146] [ 7] /opt/mpi/openmpi-4.1.4//lib/libmpi.so.40(ompi_group_allocate+0x17)[0x7fa0a0f6a1e7]
[hydra12:360172] [ 7] /opt/mpi/openmpi-4.1.4//lib/libmpi.so.40(ompi_group_allocate+0x17)[0x7f4f7b6f51e7]
[hydra02:567230] [ 3] /lib/x86_64-linux-gnu/libc.so.6(+0x7a468)[0x7fb1fb967468]
[hydra07:406852] [ 4] /lib/x86_64-linux-gnu/libc.so.6(+0x8175a)[0x7f08a194175a]
[hydra11:360213] [ 6] /lib/x86_64-linux-gnu/libc.so.6(__libc_calloc+0x81)[0x7fa4ab484bd1]
[hydra04:395878] [ 2] /lib/x86_64-linux-gnu/libc.so.6(abort+0x123)[0x7f36f5d35537]
[hydra10:491676] [ 0] /lib/x86_64-linux-gnu/libc.so.6(+0x38de0)[0x7fb1d2831de0]
[hydra06:380506] [11] /home/thesis/jheld/MPI_Syrk_implementation/build/src/MPI_SYRK_implementation(+0x2ab0)[0x55dc4dc8eab0]
[hydra09:373420] [ 9] /opt/mpi/openmpi-4.1.4//lib/libmpi.so.40(PMPI_Group_incl+0x95)[0x7f7ca23e8185]
[hydra09:373420] [10] /home/thesis/jheld/MPI_Syrk_implementation/build/src/MPI_SYRK_implementation(+0x841a)[0x55617da7841a]
[hydra08:382146] [ 8] /opt/mpi/openmpi-4.1.4//lib/libmpi.so.40(ompi_group_incl_plist+0x65)[0x7fa0a0f6a915]
[hydra12:360173] [ 7] /opt/mpi/openmpi-4.1.4//lib/libmpi.so.40(ompi_group_allocate+0x17)[0x7f6d6f4781e7]
[hydra02:567230] [ 4] /lib/x86_64-linux-gnu/libc.so.6(+0x8175a)[0x7fb1fb96e75a]
[hydra07:406852] [ 5] /lib/x86_64-linux-gnu/libc.so.6(+0x8483c)[0x7f08a194483c]
[hydra11:360213] [ 7] /opt/mpi/openmpi-4.1.4//lib/libmpi.so.40(ompi_group_allocate+0x17)[0x7fa4ad3521e7]
[hydra04:395879] [ 3] /lib/x86_64-linux-gnu/libc.so.6(+0x7a468)[0x7fe7799d6468]
[hydra10:491675] [ 1] /lib/x86_64-linux-gnu/libc.so.6(gsignal+0x141)[0x7f33bfda3d61]
[hydra06:380506] [12] /lib/x86_64-linux-gnu/libc.so.6(__libc_start_main+0xea)[0x7f4ba10fdd7a]
[hydra09:373420] [11] /home/thesis/jheld/MPI_Syrk_implementation/build/src/MPI_SYRK_implementation(+0x2ab0)[0x55617da72ab0]
[hydra08:382146] [ 9] /opt/mpi/openmpi-4.1.4//lib/libmpi.so.40(PMPI_Group_incl+0x95)[0x7fa0a0f9b185]
[hydra08:382146] [10] /home/thesis/jheld/MPI_Syrk_implementation/build/src/MPI_SYRK_implementation(+0x841a)[0x555f4160041a]
[hydra12:360173] [ 8] /opt/mpi/openmpi-4.1.4//lib/libmpi.so.40(ompi_group_incl_plist+0x65)[0x7f6d6f478915]
[hydra02:567230] [ 5] /lib/x86_64-linux-gnu/libc.so.6(+0x8483c)[0x7fb1fb97183c]
[hydra07:406852] [ 6] /lib/x86_64-linux-gnu/libc.so.6(__libc_calloc+0x81)[0x7f08a1946bd1]
[hydra11:360211] [ 0] /lib/x86_64-linux-gnu/libc.so.6(+0x38de0)[0x7f83faf9ede0]
[hydra04:395878] [ 3] /lib/x86_64-linux-gnu/libc.so.6(+0x7a468)[0x7f36f5d8d468]
[hydra10:491676] [ 1] /lib/x86_64-linux-gnu/libc.so.6(gsignal+0x141)[0x7fb1d2831d61]
[hydra06:380506] [13] /home/thesis/jheld/MPI_Syrk_implementation/build/src/MPI_SYRK_implementation(+0x232a)[0x55dc4dc8e32a]
[hydra06:380506] *** End of error message ***
[hydra09:373420] [12] /lib/x86_64-linux-gnu/libc.so.6(__libc_start_main+0xea)[0x7f7ca0486d7a]
[hydra09:373420] [13] /home/thesis/jheld/MPI_Syrk_implementation/build/src/MPI_SYRK_implementation(+0x232a)[0x55617da7232a]
[hydra08:382146] [11] /home/thesis/jheld/MPI_Syrk_implementation/build/src/MPI_SYRK_implementation(+0x2ab0)[0x555f415faab0]
[hydra12:360172] [ 8] /opt/mpi/openmpi-4.1.4//lib/libmpi.so.40(ompi_group_incl_plist+0x65)[0x7f4f7b6f5915]
[hydra02:567230] [ 6] /lib/x86_64-linux-gnu/libc.so.6(__libc_calloc+0x81)[0x7fb1fb973bd1]
[hydra07:406852] [ 7] /opt/mpi/openmpi-4.1.4//lib/libmpi.so.40(ompi_group_allocate+0x17)[0x7f08a38141e7]
[hydra11:360213] [ 8] /opt/mpi/openmpi-4.1.4//lib/libmpi.so.40(ompi_group_incl_plist+0x65)[0x7fa4ad352915]
[hydra04:395879] [ 4] /lib/x86_64-linux-gnu/libc.so.6(+0x8175a)[0x7fe7799dd75a]
[hydra10:491675] [ 2] /lib/x86_64-linux-gnu/libc.so.6(abort+0x123)[0x7f33bfd8d537]
[hydra09:373420] *** End of error message ***
[hydra08:382146] [12] /lib/x86_64-linux-gnu/libc.so.6(__libc_start_main+0xea)[0x7fa09f039d7a]
[hydra08:382146] [13] /home/thesis/jheld/MPI_Syrk_implementation/build/src/MPI_SYRK_implementation(+0x232a)[0x555f415fa32a]
[hydra12:360172] [ 9] /opt/mpi/openmpi-4.1.4//lib/libmpi.so.40(PMPI_Group_incl+0x95)[0x7f4f7b726185]
[hydra02:567230] [ 7] /opt/mpi/openmpi-4.1.4//lib/libmpi.so.40(ompi_group_allocate+0x17)[0x7fb1fd8411e7]
[hydra07:406852] [ 8] /opt/mpi/openmpi-4.1.4//lib/libmpi.so.40(ompi_group_incl_plist+0x65)[0x7f08a3814915]
[hydra11:360211] [ 1] /lib/x86_64-linux-gnu/libc.so.6(gsignal+0x141)[0x7f83faf9ed61]
[hydra04:395879] [ 5] /lib/x86_64-linux-gnu/libc.so.6(+0x8483c)[0x7fe7799e083c]
[hydra10:491676] [ 2] /lib/x86_64-linux-gnu/libc.so.6(abort+0x123)[0x7fb1d281b537]
[hydra08:382146] *** End of error message ***
[hydra02:567230] [ 8] /opt/mpi/openmpi-4.1.4//lib/libmpi.so.40(ompi_group_incl_plist+0x65)[0x7fb1fd841915]
[hydra07:406852] [ 9] /opt/mpi/openmpi-4.1.4//lib/libmpi.so.40(PMPI_Group_incl+0x95)[0x7f08a3845185]
[hydra11:360213] [ 9] /opt/mpi/openmpi-4.1.4//lib/libmpi.so.40(PMPI_Group_incl+0x95)[0x7fa4ad383185]
[hydra04:395878] [ 4] /lib/x86_64-linux-gnu/libc.so.6(+0x8175a)[0x7f36f5d9475a]
[hydra10:491675] [ 3] /lib/x86_64-linux-gnu/libc.so.6(+0x7a468)[0x7f33bfde5468]
[hydra02:567230] [ 9] /opt/mpi/openmpi-4.1.4//lib/libmpi.so.40(PMPI_Group_incl+0x95)[0x7fb1fd872185]
[hydra02:567230] [10] /home/thesis/jheld/MPI_Syrk_implementation/build/src/MPI_SYRK_implementation(+0x841a)[0x5598b974841a]
[hydra07:406852] [10] /home/thesis/jheld/MPI_Syrk_implementation/build/src/MPI_SYRK_implementation(+0x841a)[0x55959269641a]
[hydra07:406852] [11] /home/thesis/jheld/MPI_Syrk_implementation/build/src/MPI_SYRK_implementation(+0x2ab0)[0x559592690ab0]
[hydra11:360211] [ 2] /lib/x86_64-linux-gnu/libc.so.6(abort+0x123)[0x7f83faf88537]
[hydra04:395878] [ 5] /lib/x86_64-linux-gnu/libc.so.6(+0x8483c)[0x7f36f5d9783c]
[hydra10:491676] [ 3] /lib/x86_64-linux-gnu/libc.so.6(+0x7a468)[0x7fb1d2873468]
[hydra02:567230] [11] /home/thesis/jheld/MPI_Syrk_implementation/build/src/MPI_SYRK_implementation(+0x2ab0)[0x5598b9742ab0]
[hydra07:406852] [12] /lib/x86_64-linux-gnu/libc.so.6(__libc_start_main+0xea)[0x7f08a18e3d7a]
[hydra07:406852] [13] /home/thesis/jheld/MPI_Syrk_implementation/build/src/MPI_SYRK_implementation(+0x232a)[0x55959269032a]
[hydra11:360213] [10] /home/thesis/jheld/MPI_Syrk_implementation/build/src/MPI_SYRK_implementation(+0x841a)[0x557ab39f041a]
[hydra11:360213] [11] /home/thesis/jheld/MPI_Syrk_implementation/build/src/MPI_SYRK_implementation(+0x2ab0)[0x557ab39eaab0]
[hydra04:395879] [ 6] /lib/x86_64-linux-gnu/libc.so.6(__libc_calloc+0x81)[0x7fe7799e2bd1]
[hydra10:491675] [ 4] /lib/x86_64-linux-gnu/libc.so.6(+0x8175a)[0x7f33bfdec75a]
[hydra02:567230] [12] /lib/x86_64-linux-gnu/libc.so.6(__libc_start_main+0xea)[0x7fb1fb910d7a]
[hydra02:567230] [13] /home/thesis/jheld/MPI_Syrk_implementation/build/src/MPI_SYRK_implementation(+0x232a)[0x5598b974232a]
[hydra07:406852] *** End of error message ***
[hydra11:360213] [12] /lib/x86_64-linux-gnu/libc.so.6(__libc_start_main+0xea)[0x7fa4ab421d7a]
[hydra04:395879] [ 7] /opt/mpi/openmpi-4.1.4//lib/libmpi.so.40(ompi_group_allocate+0x17)[0x7fe77b8b01e7]
[hydra10:491676] [ 4] /lib/x86_64-linux-gnu/libc.so.6(+0x8175a)[0x7fb1d287a75a]
[hydra02:567230] *** End of error message ***
[hydra11:360211] [ 3] /lib/x86_64-linux-gnu/libc.so.6(+0x7a468)[0x7f83fafe0468]
[hydra04:395878] [ 6] /lib/x86_64-linux-gnu/libc.so.6(__libc_calloc+0x81)[0x7f36f5d99bd1]
[hydra10:491675] [ 5] /lib/x86_64-linux-gnu/libc.so.6(+0x8483c)[0x7f33bfdef83c]
[hydra11:360213] [13] /home/thesis/jheld/MPI_Syrk_implementation/build/src/MPI_SYRK_implementation(+0x232a)[0x557ab39ea32a]
[hydra11:360213] *** End of error message ***
[hydra04:395879] [ 8] /opt/mpi/openmpi-4.1.4//lib/libmpi.so.40(ompi_group_incl_plist+0x65)[0x7fe77b8b0915]
[hydra10:491676] [ 5] /lib/x86_64-linux-gnu/libc.so.6(+0x8483c)[0x7fb1d287d83c]
[hydra11:360211] [ 4] /lib/x86_64-linux-gnu/libc.so.6(+0x8175a)[0x7f83fafe775a]
[hydra04:395878] [ 7] /opt/mpi/openmpi-4.1.4//lib/libmpi.so.40(ompi_group_allocate+0x17)[0x7f36f7c671e7]
[hydra10:491675] [ 6] /lib/x86_64-linux-gnu/libc.so.6(__libc_calloc+0x81)[0x7f33bfdf1bd1]
[hydra11:360211] [ 5] /lib/x86_64-linux-gnu/libc.so.6(+0x8483c)[0x7f83fafea83c]
[hydra04:395878] [ 8] /opt/mpi/openmpi-4.1.4//lib/libmpi.so.40(ompi_group_incl_plist+0x65)[0x7f36f7c67915]
[hydra10:491676] [ 6] /lib/x86_64-linux-gnu/libc.so.6(__libc_calloc+0x81)[0x7fb1d287fbd1]
[hydra04:395879] [ 9] /opt/mpi/openmpi-4.1.4//lib/libmpi.so.40(PMPI_Group_incl+0x95)[0x7fe77b8e1185]
[hydra04:395879] [10] /home/thesis/jheld/MPI_Syrk_implementation/build/src/MPI_SYRK_implementation(+0x841a)[0x557b4382941a]
[hydra04:395879] [11] /home/thesis/jheld/MPI_Syrk_implementation/build/src/MPI_SYRK_implementation(+0x2ab0)[0x557b43823ab0]
[hydra10:491675] [ 7] /opt/mpi/openmpi-4.1.4//lib/libmpi.so.40(ompi_group_allocate+0x17)[0x7f33c1cbf1e7]
[hydra04:395878] [ 9] /opt/mpi/openmpi-4.1.4//lib/libmpi.so.40(PMPI_Group_incl+0x95)[0x7f36f7c98185]
[hydra10:491676] [ 7] /opt/mpi/openmpi-4.1.4//lib/libmpi.so.40(ompi_group_allocate+0x17)[0x7fb1d474d1e7]
[hydra04:395878] [10] /home/thesis/jheld/MPI_Syrk_implementation/build/src/MPI_SYRK_implementation(+0x841a)[0x55ae4166f41a]
[hydra04:395878] [11] /home/thesis/jheld/MPI_Syrk_implementation/build/src/MPI_SYRK_implementation(+0x2ab0)[0x55ae41669ab0]
[hydra10:491675] [ 8] /opt/mpi/openmpi-4.1.4//lib/libmpi.so.40(ompi_group_incl_plist+0x65)[0x7f33c1cbf915]
[hydra10:491676] [ 8] /opt/mpi/openmpi-4.1.4//lib/libmpi.so.40(ompi_group_incl_plist+0x65)[0x7fb1d474d915]
[hydra10:491675] [ 9] /opt/mpi/openmpi-4.1.4//lib/libmpi.so.40(PMPI_Group_incl+0x95)[0x7f33c1cf0185]
[hydra10:491675] [10] /home/thesis/jheld/MPI_Syrk_implementation/build/src/MPI_SYRK_implementation(+0x841a)[0x55ca5cc1441a]
[hydra10:491676] [ 9] /opt/mpi/openmpi-4.1.4//lib/libmpi.so.40(PMPI_Group_incl+0x95)[0x7fb1d477e185]
[hydra10:491676] [10] /home/thesis/jheld/MPI_Syrk_implementation/build/src/MPI_SYRK_implementation(+0x841a)[0x561a7139841a]
[hydra10:491676] [11] /home/thesis/jheld/MPI_Syrk_implementation/build/src/MPI_SYRK_implementation(+0x2ab0)[0x561a71392ab0]
[hydra10:491675] [11] /home/thesis/jheld/MPI_Syrk_implementation/build/src/MPI_SYRK_implementation(+0x2ab0)[0x55ca5cc0eab0]
[hydra12:360173] [ 9] /opt/mpi/openmpi-4.1.4//lib/libmpi.so.40(PMPI_Group_incl+0x95)[0x7f6d6f4a9185]
[hydra12:360173] [10] /home/thesis/jheld/MPI_Syrk_implementation/build/src/MPI_SYRK_implementation(+0x841a)[0x560640e2f41a]
[hydra12:360173] [11] /home/thesis/jheld/MPI_Syrk_implementation/build/src/MPI_SYRK_implementation(+0x2ab0)[0x560640e29ab0]
[hydra12:360172] [10] /home/thesis/jheld/MPI_Syrk_implementation/build/src/MPI_SYRK_implementation(+0x841a)[0x5606a68f041a]
[hydra12:360172] [11] /home/thesis/jheld/MPI_Syrk_implementation/build/src/MPI_SYRK_implementation(+0x2ab0)[0x5606a68eaab0]
[hydra11:360211] [ 6] /lib/x86_64-linux-gnu/libc.so.6(__libc_calloc+0x81)[0x7f83fafecbd1]
[hydra12:360172] [12] /lib/x86_64-linux-gnu/libc.so.6(__libc_start_main+0xea)[0x7f4f797c4d7a]
[hydra11:360211] [ 7] /opt/mpi/openmpi-4.1.4//lib/libmpi.so.40(ompi_group_allocate+0x17)[0x7f83fceba1e7]
[hydra12:360173] [12] /lib/x86_64-linux-gnu/libc.so.6(__libc_start_main+0xea)[0x7f6d6d547d7a]
[hydra12:360173] [13] /home/thesis/jheld/MPI_Syrk_implementation/build/src/MPI_SYRK_implementation(+0x232a)[0x560640e2932a]
[hydra12:360173] *** End of error message ***
[hydra11:360211] [ 8] /opt/mpi/openmpi-4.1.4//lib/libmpi.so.40(ompi_group_incl_plist+0x65)[0x7f83fceba915]
[hydra12:360172] [13] /home/thesis/jheld/MPI_Syrk_implementation/build/src/MPI_SYRK_implementation(+0x232a)[0x5606a68ea32a]
[hydra12:360172] *** End of error message ***
[hydra11:360211] [ 9] /opt/mpi/openmpi-4.1.4//lib/libmpi.so.40(PMPI_Group_incl+0x95)[0x7f83fceeb185]
[hydra11:360211] [10] /home/thesis/jheld/MPI_Syrk_implementation/build/src/MPI_SYRK_implementation(+0x841a)[0x55a0207c041a]
[hydra11:360211] [11] /home/thesis/jheld/MPI_Syrk_implementation/build/src/MPI_SYRK_implementation(+0x2ab0)[0x55a0207baab0]
[hydra11:360211] [12] /lib/x86_64-linux-gnu/libc.so.6(__libc_start_main+0xea)[0x7f83faf89d7a]
[hydra11:360211] [13] /home/thesis/jheld/MPI_Syrk_implementation/build/src/MPI_SYRK_implementation(+0x232a)[0x55a0207ba32a]
[hydra11:360211] *** End of error message ***
[hydra10:491676] [12] /lib/x86_64-linux-gnu/libc.so.6(__libc_start_main+0xea)[0x7fb1d281cd7a]
[hydra10:491675] [12] /lib/x86_64-linux-gnu/libc.so.6(__libc_start_main+0xea)[0x7f33bfd8ed7a]
[hydra10:491675] [13] /home/thesis/jheld/MPI_Syrk_implementation/build/src/MPI_SYRK_implementation(+0x232a)[0x55ca5cc0e32a]
[hydra10:491675] *** End of error message ***
[hydra10:491676] [13] /home/thesis/jheld/MPI_Syrk_implementation/build/src/MPI_SYRK_implementation(+0x232a)[0x561a7139232a]
[hydra10:491676] *** End of error message ***
[hydra04:395879] [12] /lib/x86_64-linux-gnu/libc.so.6(__libc_start_main+0xea)[0x7fe77997fd7a]
[hydra04:395879] [13] /home/thesis/jheld/MPI_Syrk_implementation/build/src/MPI_SYRK_implementation(+0x232a)[0x557b4382332a]
[hydra04:395879] *** End of error message ***
[hydra04:395878] [12] /lib/x86_64-linux-gnu/libc.so.6(__libc_start_main+0xea)[0x7f36f5d36d7a]
[hydra04:395878] [13] /home/thesis/jheld/MPI_Syrk_implementation/build/src/MPI_SYRK_implementation(+0x232a)[0x55ae4166932a]
[hydra04:395878] *** End of error message ***
srun: error: hydra05: task 12: Aborted
srun: error: hydra07: task 18: Aborted
srun: error: hydra02: task 5: Aborted
srun: error: hydra09: task 25: Aborted
srun: error: hydra08: task 23: Aborted
srun: error: hydra03: task 7: Aborted
srun: error: hydra06: task 15: Aborted
srun: error: hydra04: tasks 9-10: Aborted
srun: error: hydra10: tasks 28-29: Aborted
srun: error: hydra12: tasks 33-34: Aborted
srun: error: hydra11: tasks 30,32: Aborted
slurmstepd: error:  mpi/pmix_v4: _errhandler: hydra03 [2]: pmixp_client_v2.c:211: Error handler invoked: status = -61, source = [slurm.pmix.5008693.20:7]
slurmstepd: error:  mpi/pmix_v4: _errhandler: hydra05 [4]: pmixp_client_v2.c:211: Error handler invoked: status = -61, source = [slurm.pmix.5008693.20:12]
slurmstepd: error:  mpi/pmix_v4: _errhandler: hydra06 [5]: pmixp_client_v2.c:211: Error handler invoked: status = -61, source = [slurm.pmix.5008693.20:15]
slurmstepd: error:  mpi/pmix_v4: _errhandler: hydra04 [3]: pmixp_client_v2.c:211: Error handler invoked: status = -61, source = [slurm.pmix.5008693.20:10]
slurmstepd: error:  mpi/pmix_v4: _errhandler: hydra08 [7]: pmixp_client_v2.c:211: Error handler invoked: status = -61, source = [slurm.pmix.5008693.20:23]
slurmstepd: error:  mpi/pmix_v4: _errhandler: hydra09 [8]: pmixp_client_v2.c:211: Error handler invoked: status = -61, source = [slurm.pmix.5008693.20:25]
slurmstepd: error:  mpi/pmix_v4: _errhandler: hydra11 [10]: pmixp_client_v2.c:211: Error handler invoked: status = -61, source = [slurm.pmix.5008693.20:32]
slurmstepd: error:  mpi/pmix_v4: _errhandler: hydra02 [1]: pmixp_client_v2.c:211: Error handler invoked: status = -61, source = [slurm.pmix.5008693.20:5]
slurmstepd: error:  mpi/pmix_v4: _errhandler: hydra07 [6]: pmixp_client_v2.c:211: Error handler invoked: status = -61, source = [slurm.pmix.5008693.20:18]
slurmstepd: error: *** STEP 5008693.20 ON hydra01 CANCELLED AT 2025-10-13T15:31:44 ***
srun: Job step aborted: Waiting up to 32 seconds for job step to finish.
srun: error: hydra12: task 35: Killed
srun: error: hydra10: task 27: Killed
srun: error: hydra11: task 31: Killed
srun: error: hydra04: task 11: Killed
srun: error: hydra03: tasks 6,8: Killed
srun: error: hydra09: tasks 24,26: Killed
srun: error: hydra06: tasks 16-17: Killed
srun: error: hydra02: tasks 3-4: Killed
srun: error: hydra08: tasks 21-22: Killed
srun: error: hydra05: tasks 13-14: Killed
srun: error: hydra07: tasks 19-20: Killed
srun: error: hydra01: tasks 0-2: Killed
⚠️ Warning: No runtime found for run 21
srun: Warning: can't honor --ntasks-per-node set to 1 which doesn't match the requested tasks 36 with the number of requested nodes 12. Ignoring --ntasks-per-node.
missing input file name --> Generate random input
malloc(): invalid size (unsorted)
[hydra11:360275] *** Process received signal ***
[hydra11:360275] Signal: Aborted (6)
[hydra11:360275] Signal code:  (-6)
malloc(): invalid size (unsorted)
[hydra12:360235] *** Process received signal ***
[hydra12:360235] Signal: Aborted (6)
[hydra12:360235] Signal code:  (-6)
[hydra11:360275] [ 0] /lib/x86_64-linux-gnu/libc.so.6(+0x38de0)[0x7f2c9ee8bde0]
[hydra11:360275] [ 1] /lib/x86_64-linux-gnu/libc.so.6(gsignal+0x141)[0x7f2c9ee8bd61]
malloc(): invalid size (unsorted)
[hydra05:379889] *** Process received signal ***
[hydra05:379889] Signal: Aborted (6)
[hydra05:379889] Signal code:  (-6)
[hydra11:360275] [ 2] /lib/x86_64-linux-gnu/libc.so.6(abort+0x123)[0x7f2c9ee75537]
malloc(): invalid size (unsorted)
[hydra04:395942] *** Process received signal ***
[hydra04:395942] Signal: Aborted (6)
[hydra04:395942] Signal code:  (-6)
malloc(): invalid size (unsorted)
[hydra02:567304] *** Process received signal ***
[hydra02:567304] Signal: Aborted (6)
[hydra02:567304] Signal code:  (-6)
malloc(): invalid size (unsorted)
[hydra03:397181] *** Process received signal ***
[hydra03:397181] Signal: Aborted (6)
[hydra03:397181] Signal code:  (-6)
malloc(): invalid size (unsorted)
[hydra07:406915] *** Process received signal ***
[hydra07:406915] Signal: Aborted (6)
[hydra07:406915] Signal code:  (-6)
[hydra11:360275] [ 3] /lib/x86_64-linux-gnu/libc.so.6(+0x7a468)[0x7f2c9eecd468]
[hydra11:360275] [ 4] /lib/x86_64-linux-gnu/libc.so.6(+0x8175a)[0x7f2c9eed475a]
malloc(): invalid size (unsorted)
[hydra06:380568] *** Process received signal ***
[hydra06:380568] Signal: Aborted (6)
[hydra06:380568] Signal code:  (-6)
malloc(): invalid size (unsorted)
malloc(): invalid size (unsorted)
[hydra12:360234] *** Process received signal ***
[hydra12:360234] Signal: Aborted (6)
[hydra12:360234] Signal code:  (-6)
malloc(): invalid size (unsorted)
[hydra08:382207] *** Process received signal ***
[hydra08:382207] Signal: Aborted (6)
[hydra08:382207] Signal code:  (-6)
[hydra11:360275] [ 5] /lib/x86_64-linux-gnu/libc.so.6(+0x8483c)[0x7f2c9eed783c]
[hydra12:360235] [ 0] /lib/x86_64-linux-gnu/libc.so.6(+0x38de0)[0x7fcb612c6de0]
[hydra11:360274] *** Process received signal ***
[hydra12:360234] [ 0] /lib/x86_64-linux-gnu/libc.so.6(+0x38de0)[0x7f34f1a6bde0]
[hydra11:360275] [ 6] /lib/x86_64-linux-gnu/libc.so.6(__libc_calloc+0x81)[0x7f2c9eed9bd1]
malloc(): invalid size (unsorted)
[hydra10:491741] *** Process received signal ***
[hydra10:491741] Signal: Aborted (6)
[hydra10:491741] Signal code:  (-6)
[hydra12:360235] [ 1] /lib/x86_64-linux-gnu/libc.so.6(gsignal+0x141)[0x7fcb612c6d61]
[hydra11:360274] Signal: Aborted (6)
[hydra11:360274] Signal code:  (-6)
[hydra12:360235] [ 2] /lib/x86_64-linux-gnu/libc.so.6(abort+0x123)[0x7fcb612b0537]
malloc(): invalid size (unsorted)
[hydra09:373483] *** Process received signal ***
[hydra09:373483] Signal: Aborted (6)
[hydra09:373483] Signal code:  (-6)
[hydra11:360275] [ 7] /opt/mpi/openmpi-4.1.4//lib/libmpi.so.40(ompi_group_allocate+0x17)[0x7f2ca0da71e7]
[hydra12:360234] [ 1] /lib/x86_64-linux-gnu/libc.so.6(gsignal+0x141)[0x7f34f1a6bd61]
[hydra11:360275] [ 8] /opt/mpi/openmpi-4.1.4//lib/libmpi.so.40(ompi_group_incl_plist+0x65)[0x7f2ca0da7915]
[hydra12:360234] [ 2] /lib/x86_64-linux-gnu/libc.so.6(abort+0x123)[0x7f34f1a55537]
[hydra11:360275] [ 9] /opt/mpi/openmpi-4.1.4//lib/libmpi.so.40(PMPI_Group_incl+0x95)[0x7f2ca0dd8185]
[hydra12:360235] [ 3] /lib/x86_64-linux-gnu/libc.so.6(+0x7a468)[0x7fcb61308468]
[hydra11:360275] [10] /home/thesis/jheld/MPI_Syrk_implementation/build/src/MPI_SYRK_implementation(+0x841a)[0x561b6176341a]
[hydra12:360234] [ 3] /lib/x86_64-linux-gnu/libc.so.6(+0x7a468)[0x7f34f1aad468]
[hydra12:360235] [ 4] /lib/x86_64-linux-gnu/libc.so.6(+0x8175a)[0x7fcb6130f75a]
[hydra12:360234] [ 4] /lib/x86_64-linux-gnu/libc.so.6(+0x8175a)[0x7f34f1ab475a]
[hydra09:373483] [ 0] /lib/x86_64-linux-gnu/libc.so.6(+0x38de0)[0x7fa8b7df4de0]
malloc(): invalid size (unsorted)
[hydra04:395941] *** Process received signal ***
[hydra12:360235] [ 5] /lib/x86_64-linux-gnu/libc.so.6(+0x8483c)[0x7fcb6131283c]
[hydra09:373483] [ 1] /lib/x86_64-linux-gnu/libc.so.6(gsignal+0x141)[0x7fa8b7df4d61]
[hydra04:395941] Signal: Aborted (6)
[hydra04:395941] Signal code:  (-6)
[hydra12:360234] [ 5] /lib/x86_64-linux-gnu/libc.so.6(+0x8483c)[0x7f34f1ab783c]
[hydra04:395942] [ 0] /lib/x86_64-linux-gnu/libc.so.6(+0x38de0)[0x7f07d1b96de0]
[hydra12:360235] [ 6] /lib/x86_64-linux-gnu/libc.so.6(__libc_calloc+0x81)[0x7fcb61314bd1]
[hydra09:373483] [ 2] /lib/x86_64-linux-gnu/libc.so.6(abort+0x123)[0x7fa8b7dde537]
[hydra11:360274] [ 0] /lib/x86_64-linux-gnu/libc.so.6(+0x38de0)[0x7fb74c49dde0]
[hydra04:395942] [ 1] /lib/x86_64-linux-gnu/libc.so.6(gsignal+0x141)[0x7f07d1b96d61]
[hydra12:360234] [ 6] /lib/x86_64-linux-gnu/libc.so.6(__libc_calloc+0x81)[0x7f34f1ab9bd1]
[hydra11:360275] [11] /home/thesis/jheld/MPI_Syrk_implementation/build/src/MPI_SYRK_implementation(+0x2ab0)[0x561b6175dab0]
[hydra04:395941] [ 0] /lib/x86_64-linux-gnu/libc.so.6(+0x38de0)[0x7f1111ff0de0]
malloc(): invalid size (unsorted)
[hydra12:360235] [ 7] /opt/mpi/openmpi-4.1.4//lib/libmpi.so.40(ompi_group_allocate+0x17)[0x7fcb631e21e7]
[hydra09:373483] [ 3] /lib/x86_64-linux-gnu/libc.so.6(+0x7a468)[0x7fa8b7e36468]
[hydra11:360275] [12] /lib/x86_64-linux-gnu/libc.so.6(__libc_start_main+0xea)[0x7f2c9ee76d7a]
[hydra11:360275] [13] /home/thesis/jheld/MPI_Syrk_implementation/build/src/MPI_SYRK_implementation(+0x232a)[0x561b6175d32a]
[hydra04:395942] [ 2] /lib/x86_64-linux-gnu/libc.so.6(abort+0x123)[0x7f07d1b80537]
[hydra05:379889] [ 0] /lib/x86_64-linux-gnu/libc.so.6(+0x38de0)[0x7f12accf5de0]
[hydra12:360234] [ 7] /opt/mpi/openmpi-4.1.4//lib/libmpi.so.40(ompi_group_allocate+0x17)[0x7f34f39871e7]
[hydra09:373483] [ 4] /lib/x86_64-linux-gnu/libc.so.6(+0x8175a)[0x7fa8b7e3d75a]
[hydra11:360274] [ 1] /lib/x86_64-linux-gnu/libc.so.6(gsignal+0x141)[0x7fb74c49dd61]
[hydra04:395941] [ 1] /lib/x86_64-linux-gnu/libc.so.6(gsignal+0x141)[0x7f1111ff0d61]
[hydra03:397181] [ 0] /lib/x86_64-linux-gnu/libc.so.6(+0x38de0)[0x7fbf48e15de0]
[hydra05:379891] *** Process received signal ***
[hydra12:360235] [ 8] /opt/mpi/openmpi-4.1.4//lib/libmpi.so.40(ompi_group_incl_plist+0x65)[0x7fcb631e2915]
malloc(): invalid size (unsorted)
[hydra09:373483] [ 5] /lib/x86_64-linux-gnu/libc.so.6(+0x8483c)[0x7fa8b7e4083c]
[hydra11:360275] *** End of error message ***
[hydra04:395942] [ 3] /lib/x86_64-linux-gnu/libc.so.6(+0x7a468)[0x7f07d1bd8468]
[hydra02:567304] [ 0] /lib/x86_64-linux-gnu/libc.so.6(+0x38de0)[0x7ffb2146cde0]
[hydra03:397181] [ 1] /lib/x86_64-linux-gnu/libc.so.6(gsignal+0x141)[0x7fbf48e15d61]
[hydra05:379889] [ 1] /lib/x86_64-linux-gnu/libc.so.6(gsignal+0x141)[0x7f12accf5d61]
[hydra12:360234] [ 8] /opt/mpi/openmpi-4.1.4//lib/libmpi.so.40(ompi_group_incl_plist+0x65)[0x7f34f3987915]
[hydra07:406915] [ 0] /lib/x86_64-linux-gnu/libc.so.6(+0x38de0)[0x7f8510d69de0]
malloc(): invalid size (unsorted)
[hydra08:382206] *** Process received signal ***
[hydra08:382206] Signal: Aborted (6)
[hydra08:382206] Signal code:  (-6)
[hydra09:373483] [ 6] /lib/x86_64-linux-gnu/libc.so.6(__libc_calloc+0x81)[0x7fa8b7e42bd1]
[hydra11:360274] [ 2] /lib/x86_64-linux-gnu/libc.so.6(abort+0x123)[0x7fb74c487537]
malloc(): invalid size (unsorted)
[hydra10:491742] *** Process received signal ***
[hydra10:491742] Signal: Aborted (6)
[hydra10:491742] Signal code:  (-6)
[hydra04:395941] [ 2] /lib/x86_64-linux-gnu/libc.so.6(abort+0x123)[0x7f1111fda537]
[hydra02:567304] [ 1] /lib/x86_64-linux-gnu/libc.so.6(gsignal+0x141)[0x7ffb2146cd61]
[hydra03:397181] [ 2] /lib/x86_64-linux-gnu/libc.so.6(abort+0x123)[0x7fbf48dff537]
[hydra05:379891] Signal: Aborted (6)
[hydra05:379891] Signal code:  (-6)
[hydra07:406916] *** Process received signal ***
[hydra08:382207] [ 0] /lib/x86_64-linux-gnu/libc.so.6(+0x38de0)[0x7fabcaa66de0]
[hydra09:373483] [ 7] /opt/mpi/openmpi-4.1.4//lib/libmpi.so.40(ompi_group_allocate+0x17)[0x7fa8b9d101e7]
[hydra11:360274] [ 3] /lib/x86_64-linux-gnu/libc.so.6(+0x7a468)[0x7fb74c4df468]
[hydra10:491741] [ 0] /lib/x86_64-linux-gnu/libc.so.6(+0x38de0)[0x7f682c5efde0]
[hydra04:395942] [ 4] /lib/x86_64-linux-gnu/libc.so.6(+0x8175a)[0x7f07d1bdf75a]
[hydra02:567304] [ 2] /lib/x86_64-linux-gnu/libc.so.6(abort+0x123)[0x7ffb21456537]
[hydra03:397181] [ 3] /lib/x86_64-linux-gnu/libc.so.6(+0x7a468)[0x7fbf48e57468]
[hydra05:379889] [ 2] /lib/x86_64-linux-gnu/libc.so.6(abort+0x123)[0x7f12accdf537]
[hydra07:406916] Signal: Aborted (6)
[hydra07:406916] Signal code:  (-6)
[hydra08:382207] [ 1] /lib/x86_64-linux-gnu/libc.so.6(gsignal+0x141)[0x7fabcaa66d61]
[hydra06:380568] [ 0] /lib/x86_64-linux-gnu/libc.so.6(+0x38de0)[0x7f363b74ede0]
[hydra09:373483] [ 8] /opt/mpi/openmpi-4.1.4//lib/libmpi.so.40(ompi_group_incl_plist+0x65)[0x7fa8b9d10915]
[hydra11:360274] [ 4] /lib/x86_64-linux-gnu/libc.so.6(+0x8175a)[0x7fb74c4e675a]
[hydra10:491742] [ 0] /lib/x86_64-linux-gnu/libc.so.6(+0x38de0)[0x7f8924357de0]
[hydra04:395941] [ 3] /lib/x86_64-linux-gnu/libc.so.6(+0x7a468)[0x7f1112032468]
[hydra02:567304] [ 3] /lib/x86_64-linux-gnu/libc.so.6(+0x7a468)[0x7ffb214ae468]
[hydra03:397181] [ 4] /lib/x86_64-linux-gnu/libc.so.6(+0x8175a)[0x7fbf48e5e75a]
[hydra05:379889] [ 3] /lib/x86_64-linux-gnu/libc.so.6(+0x7a468)[0x7f12acd37468]
[hydra07:406915] [ 1] /lib/x86_64-linux-gnu/libc.so.6(gsignal+0x141)[0x7f8510d69d61]
[hydra08:382206] [ 0] /lib/x86_64-linux-gnu/libc.so.6(+0x38de0)[0x7f436dbf8de0]
[hydra06:380568] [ 1] /lib/x86_64-linux-gnu/libc.so.6(gsignal+0x141)[0x7f363b74ed61]
[hydra09:373483] [ 9] /opt/mpi/openmpi-4.1.4//lib/libmpi.so.40(PMPI_Group_incl+0x95)[0x7fa8b9d41185]
[hydra11:360274] [ 5] /lib/x86_64-linux-gnu/libc.so.6(+0x8483c)[0x7fb74c4e983c]
[hydra10:491741] [ 1] /lib/x86_64-linux-gnu/libc.so.6(gsignal+0x141)[0x7f682c5efd61]
[hydra04:395942] [ 5] /lib/x86_64-linux-gnu/libc.so.6(+0x8483c)[0x7f07d1be283c]
[hydra02:567304] [ 4] /lib/x86_64-linux-gnu/libc.so.6(+0x8175a)[0x7ffb214b575a]
[hydra03:397181] [ 5] /lib/x86_64-linux-gnu/libc.so.6(+0x8483c)[0x7fbf48e6183c]
[hydra05:379889] [ 4] /lib/x86_64-linux-gnu/libc.so.6(+0x8175a)[0x7f12acd3e75a]
[hydra07:406915] [ 2] /lib/x86_64-linux-gnu/libc.so.6(abort+0x123)[0x7f8510d53537]
[hydra08:382207] [ 2] /lib/x86_64-linux-gnu/libc.so.6(abort+0x123)[0x7fabcaa50537]
[hydra06:380568] [ 2] /lib/x86_64-linux-gnu/libc.so.6(abort+0x123)[0x7f363b738537]
[hydra09:373483] [10] /home/thesis/jheld/MPI_Syrk_implementation/build/src/MPI_SYRK_implementation(+0x841a)[0x5628cad0c41a]
[hydra09:373483] [11] /home/thesis/jheld/MPI_Syrk_implementation/build/src/MPI_SYRK_implementation(+0x2ab0)[0x5628cad06ab0]
[hydra11:360274] [ 6] /lib/x86_64-linux-gnu/libc.so.6(__libc_calloc+0x81)[0x7fb74c4ebbd1]
[hydra10:491742] [ 1] /lib/x86_64-linux-gnu/libc.so.6(gsignal+0x141)[0x7f8924357d61]
[hydra04:395941] [ 4] /lib/x86_64-linux-gnu/libc.so.6(+0x8175a)[0x7f111203975a]
[hydra02:567304] [ 5] /lib/x86_64-linux-gnu/libc.so.6(+0x8483c)[0x7ffb214b883c]
[hydra03:397181] [ 6] /lib/x86_64-linux-gnu/libc.so.6(__libc_calloc+0x81)[0x7fbf48e63bd1]
[hydra05:379891] [ 0] /lib/x86_64-linux-gnu/libc.so.6(+0x38de0)[0x7f2d7df4ade0]
[hydra07:406915] [ 3] /lib/x86_64-linux-gnu/libc.so.6(+0x7a468)[0x7f8510dab468]
[hydra08:382206] [ 1] /lib/x86_64-linux-gnu/libc.so.6(gsignal+0x141)[0x7f436dbf8d61]
[hydra06:380568] [ 3] /lib/x86_64-linux-gnu/libc.so.6(+0x7a468)[0x7f363b790468]
[hydra09:373483] [12] /lib/x86_64-linux-gnu/libc.so.6(__libc_start_main+0xea)[0x7fa8b7ddfd7a]
[hydra11:360274] [ 7] /opt/mpi/openmpi-4.1.4//lib/libmpi.so.40(ompi_group_allocate+0x17)[0x7fb74e3b91e7]
[hydra10:491741] [ 2] /lib/x86_64-linux-gnu/libc.so.6(abort+0x123)[0x7f682c5d9537]
[hydra04:395942] [ 6] /lib/x86_64-linux-gnu/libc.so.6(__libc_calloc+0x81)[0x7f07d1be4bd1]
[hydra02:567304] [ 6] /lib/x86_64-linux-gnu/libc.so.6(__libc_calloc+0x81)[0x7ffb214babd1]
[hydra03:397181] [ 7] /opt/mpi/openmpi-4.1.4//lib/libmpi.so.40(ompi_group_allocate+0x17)[0x7fbf4ad311e7]
[hydra05:379889] [ 5] /lib/x86_64-linux-gnu/libc.so.6(+0x8483c)[0x7f12acd4183c]
[hydra07:406915] [ 4] /lib/x86_64-linux-gnu/libc.so.6(+0x8175a)[0x7f8510db275a]
[hydra08:382206] [ 2] /lib/x86_64-linux-gnu/libc.so.6(abort+0x123)[0x7f436dbe2537]
[hydra06:380568] [ 4] /lib/x86_64-linux-gnu/libc.so.6(+0x8175a)[0x7f363b79775a]
[hydra09:373483] [13] /home/thesis/jheld/MPI_Syrk_implementation/build/src/MPI_SYRK_implementation(+0x232a)[0x5628cad0632a]
[hydra09:373483] *** End of error message ***
[hydra11:360274] [ 8] /opt/mpi/openmpi-4.1.4//lib/libmpi.so.40(ompi_group_incl_plist+0x65)[0x7fb74e3b9915]
[hydra10:491742] [ 2] /lib/x86_64-linux-gnu/libc.so.6(abort+0x123)[0x7f8924341537]
[hydra04:395941] [ 5] /lib/x86_64-linux-gnu/libc.so.6(+0x8483c)[0x7f111203c83c]
[hydra02:567304] [ 7] /opt/mpi/openmpi-4.1.4//lib/libmpi.so.40(ompi_group_allocate+0x17)[0x7ffb233881e7]
[hydra03:397181] [ 8] /opt/mpi/openmpi-4.1.4//lib/libmpi.so.40(ompi_group_incl_plist+0x65)[0x7fbf4ad31915]
[hydra05:379889] [ 6] /lib/x86_64-linux-gnu/libc.so.6(__libc_calloc+0x81)[0x7f12acd43bd1]
[hydra07:406916] [ 0] /lib/x86_64-linux-gnu/libc.so.6(+0x38de0)[0x7f8fe3d81de0]
[hydra08:382207] [ 3] /lib/x86_64-linux-gnu/libc.so.6(+0x7a468)[0x7fabcaaa8468]
[hydra06:380568] [ 5] /lib/x86_64-linux-gnu/libc.so.6(+0x8483c)[0x7f363b79a83c]
[hydra11:360274] [ 9] /opt/mpi/openmpi-4.1.4//lib/libmpi.so.40(PMPI_Group_incl+0x95)[0x7fb74e3ea185]
[hydra11:360274] [10] /home/thesis/jheld/MPI_Syrk_implementation/build/src/MPI_SYRK_implementation(+0x841a)[0x560777cc241a]
[hydra10:491741] [ 3] /lib/x86_64-linux-gnu/libc.so.6(+0x7a468)[0x7f682c631468]
[hydra04:395942] [ 7] /opt/mpi/openmpi-4.1.4//lib/libmpi.so.40(ompi_group_allocate+0x17)[0x7f07d3ab21e7]
[hydra02:567304] [ 8] /opt/mpi/openmpi-4.1.4//lib/libmpi.so.40(ompi_group_incl_plist+0x65)[0x7ffb23388915]
[hydra03:397181] [ 9] /opt/mpi/openmpi-4.1.4//lib/libmpi.so.40(PMPI_Group_incl+0x95)[0x7fbf4ad62185]
[hydra05:379891] [ 1] /lib/x86_64-linux-gnu/libc.so.6(gsignal+0x141)[0x7f2d7df4ad61]
[hydra05:379891] [ 2] /lib/x86_64-linux-gnu/libc.so.6(abort+0x123)[0x7f2d7df34537]
[hydra07:406915] [ 5] /lib/x86_64-linux-gnu/libc.so.6(+0x8483c)[0x7f8510db583c]
[hydra08:382206] [ 3] /lib/x86_64-linux-gnu/libc.so.6(+0x7a468)[0x7f436dc3a468]
[hydra06:380568] [ 6] /lib/x86_64-linux-gnu/libc.so.6(__libc_calloc+0x81)[0x7f363b79cbd1]
[hydra11:360274] [11] /home/thesis/jheld/MPI_Syrk_implementation/build/src/MPI_SYRK_implementation(+0x2ab0)[0x560777cbcab0]
[hydra10:491742] [ 3] /lib/x86_64-linux-gnu/libc.so.6(+0x7a468)[0x7f8924399468]
[hydra04:395941] [ 6] /lib/x86_64-linux-gnu/libc.so.6(__libc_calloc+0x81)[0x7f111203ebd1]
[hydra02:567304] [ 9] /opt/mpi/openmpi-4.1.4//lib/libmpi.so.40(PMPI_Group_incl+0x95)[0x7ffb233b9185]
[hydra03:397181] [10] /home/thesis/jheld/MPI_Syrk_implementation/build/src/MPI_SYRK_implementation(+0x841a)[0x556c1948541a]
[hydra03:397181] [11] /home/thesis/jheld/MPI_Syrk_implementation/build/src/MPI_SYRK_implementation(+0x2ab0)[0x556c1947fab0]
[hydra05:379889] [ 7] /opt/mpi/openmpi-4.1.4//lib/libmpi.so.40(ompi_group_allocate+0x17)[0x7f12aec111e7]
[hydra07:406916] [ 1] /lib/x86_64-linux-gnu/libc.so.6(gsignal+0x141)[0x7f8fe3d81d61]
[hydra08:382207] [ 4] /lib/x86_64-linux-gnu/libc.so.6(+0x8175a)[0x7fabcaaaf75a]
[hydra06:380568] [ 7] /opt/mpi/openmpi-4.1.4//lib/libmpi.so.40(ompi_group_allocate+0x17)[0x7f363d66a1e7]
[hydra11:360274] [12] /lib/x86_64-linux-gnu/libc.so.6(__libc_start_main+0xea)[0x7fb74c488d7a]
[hydra10:491741] [ 4] /lib/x86_64-linux-gnu/libc.so.6(+0x8175a)[0x7f682c63875a]
[hydra04:395942] [ 8] /opt/mpi/openmpi-4.1.4//lib/libmpi.so.40(ompi_group_incl_plist+0x65)[0x7f07d3ab2915]
[hydra02:567304] [10] /home/thesis/jheld/MPI_Syrk_implementation/build/src/MPI_SYRK_implementation(+0x841a)[0x556c768ac41a]
[hydra02:567304] [11] /home/thesis/jheld/MPI_Syrk_implementation/build/src/MPI_SYRK_implementation(+0x2ab0)[0x556c768a6ab0]
[hydra03:397181] [12] /lib/x86_64-linux-gnu/libc.so.6(__libc_start_main+0xea)[0x7fbf48e00d7a]
[hydra03:397181] [13] /home/thesis/jheld/MPI_Syrk_implementation/build/src/MPI_SYRK_implementation(+0x232a)[0x556c1947f32a]
[hydra05:379889] [ 8] /opt/mpi/openmpi-4.1.4//lib/libmpi.so.40(ompi_group_incl_plist+0x65)[0x7f12aec11915]
[hydra07:406916] [ 2] /lib/x86_64-linux-gnu/libc.so.6(abort+0x123)[0x7f8fe3d6b537]
[hydra08:382207] [ 5] /lib/x86_64-linux-gnu/libc.so.6(+0x8483c)[0x7fabcaab283c]
[hydra06:380568] [ 8] /opt/mpi/openmpi-4.1.4//lib/libmpi.so.40(ompi_group_incl_plist+0x65)[0x7f363d66a915]
[hydra11:360274] [13] /home/thesis/jheld/MPI_Syrk_implementation/build/src/MPI_SYRK_implementation(+0x232a)[0x560777cbc32a]
[hydra11:360274] *** End of error message ***
[hydra10:491742] [ 4] /lib/x86_64-linux-gnu/libc.so.6(+0x8175a)[0x7f89243a075a]
[hydra04:395941] [ 7] /opt/mpi/openmpi-4.1.4//lib/libmpi.so.40(ompi_group_allocate+0x17)[0x7f1113f0c1e7]
[hydra02:567304] [12] /lib/x86_64-linux-gnu/libc.so.6(__libc_start_main+0xea)[0x7ffb21457d7a]
[hydra02:567304] [13] /home/thesis/jheld/MPI_Syrk_implementation/build/src/MPI_SYRK_implementation(+0x232a)[0x556c768a632a]
[hydra03:397181] *** End of error message ***
[hydra05:379891] [ 3] /lib/x86_64-linux-gnu/libc.so.6(+0x7a468)[0x7f2d7df8c468]
[hydra07:406915] [ 6] /lib/x86_64-linux-gnu/libc.so.6(__libc_calloc+0x81)[0x7f8510db7bd1]
[hydra08:382206] [ 4] /lib/x86_64-linux-gnu/libc.so.6(+0x8175a)[0x7f436dc4175a]
[hydra06:380568] [ 9] /opt/mpi/openmpi-4.1.4//lib/libmpi.so.40(PMPI_Group_incl+0x95)[0x7f363d69b185]
[hydra06:380568] [10] /home/thesis/jheld/MPI_Syrk_implementation/build/src/MPI_SYRK_implementation(+0x841a)[0x563a5e8d241a]
[hydra10:491741] [ 5] /lib/x86_64-linux-gnu/libc.so.6(+0x8483c)[0x7f682c63b83c]
[hydra02:567304] *** End of error message ***
[hydra05:379889] [ 9] /opt/mpi/openmpi-4.1.4//lib/libmpi.so.40(PMPI_Group_incl+0x95)[0x7f12aec42185]
[hydra05:379889] [10] /home/thesis/jheld/MPI_Syrk_implementation/build/src/MPI_SYRK_implementation(+0x841a)[0x5612fad4041a]
[hydra07:406915] [ 7] /opt/mpi/openmpi-4.1.4//lib/libmpi.so.40(ompi_group_allocate+0x17)[0x7f8512c851e7]
[hydra08:382206] [ 5] /lib/x86_64-linux-gnu/libc.so.6(+0x8483c)[0x7f436dc4483c]
[hydra06:380568] [11] /home/thesis/jheld/MPI_Syrk_implementation/build/src/MPI_SYRK_implementation(+0x2ab0)[0x563a5e8ccab0]
[hydra10:491742] [ 5] /lib/x86_64-linux-gnu/libc.so.6(+0x8483c)[0x7f89243a383c]
[hydra05:379891] [ 4] /lib/x86_64-linux-gnu/libc.so.6(+0x8175a)[0x7f2d7df9375a]
[hydra07:406916] [ 3] /lib/x86_64-linux-gnu/libc.so.6(+0x7a468)[0x7f8fe3dc3468]
[hydra08:382207] [ 6] /lib/x86_64-linux-gnu/libc.so.6(__libc_calloc+0x81)[0x7fabcaab4bd1]
[hydra06:380568] [12] /lib/x86_64-linux-gnu/libc.so.6(__libc_start_main+0xea)[0x7f363b739d7a]
[hydra10:491741] [ 6] /lib/x86_64-linux-gnu/libc.so.6(__libc_calloc+0x81)[0x7f682c63dbd1]
[hydra05:379889] [11] /home/thesis/jheld/MPI_Syrk_implementation/build/src/MPI_SYRK_implementation(+0x2ab0)[0x5612fad3aab0]
[hydra07:406915] [ 8] /opt/mpi/openmpi-4.1.4//lib/libmpi.so.40(ompi_group_incl_plist+0x65)[0x7f8512c85915]
[hydra08:382207] [ 7] /opt/mpi/openmpi-4.1.4//lib/libmpi.so.40(ompi_group_allocate+0x17)[0x7fabcc9821e7]
[hydra06:380568] [13] /home/thesis/jheld/MPI_Syrk_implementation/build/src/MPI_SYRK_implementation(+0x232a)[0x563a5e8cc32a]
[hydra06:380568] *** End of error message ***
[hydra10:491742] [ 6] /lib/x86_64-linux-gnu/libc.so.6(__libc_calloc+0x81)[0x7f89243a5bd1]
[hydra05:379889] [12] /lib/x86_64-linux-gnu/libc.so.6(__libc_start_main+0xea)[0x7f12acce0d7a]
[hydra05:379889] [13] /home/thesis/jheld/MPI_Syrk_implementation/build/src/MPI_SYRK_implementation(+0x232a)[0x5612fad3a32a]
[hydra05:379889] *** End of error message ***
[hydra07:406916] [ 4] /lib/x86_64-linux-gnu/libc.so.6(+0x8175a)[0x7f8fe3dca75a]
[hydra08:382206] [ 6] /lib/x86_64-linux-gnu/libc.so.6(__libc_calloc+0x81)[0x7f436dc46bd1]
[hydra10:491741] [ 7] /opt/mpi/openmpi-4.1.4//lib/libmpi.so.40(ompi_group_allocate+0x17)[0x7f682e50b1e7]
[hydra05:379891] [ 5] /lib/x86_64-linux-gnu/libc.so.6(+0x8483c)[0x7f2d7df9683c]
[hydra07:406915] [ 9] /opt/mpi/openmpi-4.1.4//lib/libmpi.so.40(PMPI_Group_incl+0x95)[0x7f8512cb6185]
[hydra07:406915] [10] /home/thesis/jheld/MPI_Syrk_implementation/build/src/MPI_SYRK_implementation(+0x841a)[0x557b56c3741a]
[hydra08:382206] [ 7] /opt/mpi/openmpi-4.1.4//lib/libmpi.so.40(ompi_group_allocate+0x17)[0x7f436fb141e7]
[hydra10:491742] [ 7] /opt/mpi/openmpi-4.1.4//lib/libmpi.so.40(ompi_group_allocate+0x17)[0x7f89262731e7]
[hydra05:379891] [ 6] /lib/x86_64-linux-gnu/libc.so.6(__libc_calloc+0x81)[0x7f2d7df98bd1]
[hydra07:406915] [11] /home/thesis/jheld/MPI_Syrk_implementation/build/src/MPI_SYRK_implementation(+0x2ab0)[0x557b56c31ab0]
[hydra08:382207] [ 8] /opt/mpi/openmpi-4.1.4//lib/libmpi.so.40(ompi_group_incl_plist+0x65)[0x7fabcc982915]
[hydra10:491741] [ 8] /opt/mpi/openmpi-4.1.4//lib/libmpi.so.40(ompi_group_incl_plist+0x65)[0x7f682e50b915]
[hydra05:379891] [ 7] /opt/mpi/openmpi-4.1.4//lib/libmpi.so.40(ompi_group_allocate+0x17)[0x7f2d7fe661e7]
[hydra07:406916] [ 5] /lib/x86_64-linux-gnu/libc.so.6(+0x8483c)[0x7f8fe3dcd83c]
[hydra08:382206] [ 8] /opt/mpi/openmpi-4.1.4//lib/libmpi.so.40(ompi_group_incl_plist+0x65)[0x7f436fb14915]
[hydra10:491742] [ 8] /opt/mpi/openmpi-4.1.4//lib/libmpi.so.40(ompi_group_incl_plist+0x65)[0x7f8926273915]
[hydra05:379891] [ 8] /opt/mpi/openmpi-4.1.4//lib/libmpi.so.40(ompi_group_incl_plist+0x65)[0x7f2d7fe66915]
[hydra07:406915] [12] /lib/x86_64-linux-gnu/libc.so.6(__libc_start_main+0xea)[0x7f8510d54d7a]
[hydra07:406915] [13] /home/thesis/jheld/MPI_Syrk_implementation/build/src/MPI_SYRK_implementation(+0x232a)[0x557b56c3132a]
[hydra08:382207] [ 9] /opt/mpi/openmpi-4.1.4//lib/libmpi.so.40(PMPI_Group_incl+0x95)[0x7fabcc9b3185]
[hydra08:382207] [10] /home/thesis/jheld/MPI_Syrk_implementation/build/src/MPI_SYRK_implementation(+0x841a)[0x562abd62141a]
[hydra07:406915] *** End of error message ***
[hydra07:406916] [ 6] /lib/x86_64-linux-gnu/libc.so.6(__libc_calloc+0x81)[0x7f8fe3dcfbd1]
[hydra07:406916] [ 7] /opt/mpi/openmpi-4.1.4//lib/libmpi.so.40(ompi_group_allocate+0x17)[0x7f8fe5c9d1e7]
[hydra07:406916] [ 8] /opt/mpi/openmpi-4.1.4//lib/libmpi.so.40(ompi_group_incl_plist+0x65)[0x7f8fe5c9d915]
[hydra12:360235] [ 9] /opt/mpi/openmpi-4.1.4//lib/libmpi.so.40(PMPI_Group_incl+0x95)[0x7fcb63213185]
[hydra12:360235] [10] /home/thesis/jheld/MPI_Syrk_implementation/build/src/MPI_SYRK_implementation(+0x841a)[0x56017ca6941a]
[hydra12:360235] [11] /home/thesis/jheld/MPI_Syrk_implementation/build/src/MPI_SYRK_implementation(+0x2ab0)[0x56017ca63ab0]
[hydra12:360234] [ 9] /opt/mpi/openmpi-4.1.4//lib/libmpi.so.40(PMPI_Group_incl+0x95)[0x7f34f39b8185]
[hydra12:360234] [10] /home/thesis/jheld/MPI_Syrk_implementation/build/src/MPI_SYRK_implementation(+0x841a)[0x55b217d6e41a]
[hydra12:360235] [12] /lib/x86_64-linux-gnu/libc.so.6(__libc_start_main+0xea)[0x7fcb612b1d7a]
[hydra12:360235] [13] /home/thesis/jheld/MPI_Syrk_implementation/build/src/MPI_SYRK_implementation(+0x232a)[0x56017ca6332a]
[hydra12:360235] *** End of error message ***
[hydra12:360234] [11] /home/thesis/jheld/MPI_Syrk_implementation/build/src/MPI_SYRK_implementation(+0x2ab0)[0x55b217d68ab0]
[hydra12:360234] [12] /lib/x86_64-linux-gnu/libc.so.6(__libc_start_main+0xea)[0x7f34f1a56d7a]
[hydra08:382207] [11] /home/thesis/jheld/MPI_Syrk_implementation/build/src/MPI_SYRK_implementation(+0x2ab0)[0x562abd61bab0]
[hydra05:379891] [ 9] /opt/mpi/openmpi-4.1.4//lib/libmpi.so.40(PMPI_Group_incl+0x95)[0x7f2d7fe97185]
[hydra05:379891] [10] /home/thesis/jheld/MPI_Syrk_implementation/build/src/MPI_SYRK_implementation(+0x841a)[0x55e1686b141a]
[hydra12:360234] [13] /home/thesis/jheld/MPI_Syrk_implementation/build/src/MPI_SYRK_implementation(+0x232a)[0x55b217d6832a]
[hydra12:360234] *** End of error message ***
[hydra08:382206] [ 9] /opt/mpi/openmpi-4.1.4//lib/libmpi.so.40(PMPI_Group_incl+0x95)[0x7f436fb45185]
[hydra08:382206] [10] /home/thesis/jheld/MPI_Syrk_implementation/build/src/MPI_SYRK_implementation(+0x841a)[0x55e5b693441a]
[hydra10:491741] [ 9] /opt/mpi/openmpi-4.1.4//lib/libmpi.so.40(PMPI_Group_incl+0x95)[0x7f682e53c185]
[hydra04:395942] [ 9] /opt/mpi/openmpi-4.1.4//lib/libmpi.so.40(PMPI_Group_incl+0x95)[0x7f07d3ae3185]
[hydra04:395942] [10] /home/thesis/jheld/MPI_Syrk_implementation/build/src/MPI_SYRK_implementation(+0x841a)[0x56183b1a141a]
[hydra05:379891] [11] /home/thesis/jheld/MPI_Syrk_implementation/build/src/MPI_SYRK_implementation(+0x2ab0)[0x55e1686abab0]
[hydra08:382207] [12] /lib/x86_64-linux-gnu/libc.so.6(__libc_start_main+0xea)[0x7fabcaa51d7a]
[hydra08:382207] [13] /home/thesis/jheld/MPI_Syrk_implementation/build/src/MPI_SYRK_implementation(+0x232a)[0x562abd61b32a]
[hydra08:382207] *** End of error message ***
[hydra10:491742] [ 9] /opt/mpi/openmpi-4.1.4//lib/libmpi.so.40(PMPI_Group_incl+0x95)[0x7f89262a4185]
[hydra10:491742] [10] /home/thesis/jheld/MPI_Syrk_implementation/build/src/MPI_SYRK_implementation(+0x841a)[0x55846416c41a]
[hydra10:491742] [11] /home/thesis/jheld/MPI_Syrk_implementation/build/src/MPI_SYRK_implementation(+0x2ab0)[0x558464166ab0]
[hydra04:395941] [ 8] /opt/mpi/openmpi-4.1.4//lib/libmpi.so.40(ompi_group_incl_plist+0x65)[0x7f1113f0c915]
[hydra05:379891] [12] /lib/x86_64-linux-gnu/libc.so.6(__libc_start_main+0xea)[0x7f2d7df35d7a]
[hydra05:379891] [13] /home/thesis/jheld/MPI_Syrk_implementation/build/src/MPI_SYRK_implementation(+0x232a)[0x55e1686ab32a]
[hydra08:382206] [11] /home/thesis/jheld/MPI_Syrk_implementation/build/src/MPI_SYRK_implementation(+0x2ab0)[0x55e5b692eab0]
[hydra10:491741] [10] /home/thesis/jheld/MPI_Syrk_implementation/build/src/MPI_SYRK_implementation(+0x841a)[0x559609f5e41a]
[hydra10:491741] [11] /home/thesis/jheld/MPI_Syrk_implementation/build/src/MPI_SYRK_implementation(+0x2ab0)[0x559609f58ab0]
[hydra10:491741] [12] /lib/x86_64-linux-gnu/libc.so.6(__libc_start_main+0xea)[0x7f682c5dad7a]
[hydra10:491741] [13] /home/thesis/jheld/MPI_Syrk_implementation/build/src/MPI_SYRK_implementation(+0x232a)[0x559609f5832a]
[hydra04:395942] [11] /home/thesis/jheld/MPI_Syrk_implementation/build/src/MPI_SYRK_implementation(+0x2ab0)[0x56183b19bab0]
[hydra04:395942] [12] /lib/x86_64-linux-gnu/libc.so.6(__libc_start_main+0xea)[0x7f07d1b81d7a]
[hydra04:395942] [13] /home/thesis/jheld/MPI_Syrk_implementation/build/src/MPI_SYRK_implementation(+0x232a)[0x56183b19b32a]
[hydra04:395942] *** End of error message ***
[hydra05:379891] *** End of error message ***
[hydra08:382206] [12] /lib/x86_64-linux-gnu/libc.so.6(__libc_start_main+0xea)[0x7f436dbe3d7a]
[hydra08:382206] [13] /home/thesis/jheld/MPI_Syrk_implementation/build/src/MPI_SYRK_implementation(+0x232a)[0x55e5b692e32a]
[hydra08:382206] *** End of error message ***
[hydra10:491742] [12] /lib/x86_64-linux-gnu/libc.so.6(__libc_start_main+0xea)[0x7f8924342d7a]
[hydra10:491742] [13] /home/thesis/jheld/MPI_Syrk_implementation/build/src/MPI_SYRK_implementation(+0x232a)[0x55846416632a]
[hydra10:491742] *** End of error message ***
[hydra04:395941] [ 9] /opt/mpi/openmpi-4.1.4//lib/libmpi.so.40(PMPI_Group_incl+0x95)[0x7f1113f3d185]
[hydra04:395941] [10] /home/thesis/jheld/MPI_Syrk_implementation/build/src/MPI_SYRK_implementation(+0x841a)[0x55c3654dd41a]
[hydra04:395941] [11] /home/thesis/jheld/MPI_Syrk_implementation/build/src/MPI_SYRK_implementation(+0x2ab0)[0x55c3654d7ab0]
[hydra10:491741] *** End of error message ***
[hydra04:395941] [12] /lib/x86_64-linux-gnu/libc.so.6(__libc_start_main+0xea)[0x7f1111fdbd7a]
[hydra04:395941] [13] /home/thesis/jheld/MPI_Syrk_implementation/build/src/MPI_SYRK_implementation(+0x232a)[0x55c3654d732a]
[hydra04:395941] *** End of error message ***
[hydra07:406916] [ 9] /opt/mpi/openmpi-4.1.4//lib/libmpi.so.40(PMPI_Group_incl+0x95)[0x7f8fe5cce185]
[hydra07:406916] [10] /home/thesis/jheld/MPI_Syrk_implementation/build/src/MPI_SYRK_implementation(+0x841a)[0x55700cabe41a]
[hydra07:406916] [11] /home/thesis/jheld/MPI_Syrk_implementation/build/src/MPI_SYRK_implementation(+0x2ab0)[0x55700cab8ab0]
[hydra07:406916] [12] /lib/x86_64-linux-gnu/libc.so.6(__libc_start_main+0xea)[0x7f8fe3d6cd7a]
[hydra07:406916] [13] /home/thesis/jheld/MPI_Syrk_implementation/build/src/MPI_SYRK_implementation(+0x232a)[0x55700cab832a]
[hydra07:406916] *** End of error message ***
srun: error: hydra03: task 7: Aborted
srun: error: hydra02: task 3: Aborted
srun: error: hydra06: task 15: Aborted
srun: error: hydra09: task 26: Aborted
srun: error: hydra05: tasks 12,14: Aborted
srun: error: hydra10: tasks 28-29: Aborted
srun: error: hydra04: tasks 9-10: Aborted
srun: error: hydra08: tasks 21-22: Aborted
srun: error: hydra11: tasks 31-32: Aborted
srun: error: hydra07: tasks 19-20: Aborted
srun: error: hydra12: tasks 33-34: Aborted
slurmstepd: error:  mpi/pmix_v4: _errhandler: hydra11 [10]: pmixp_client_v2.c:211: Error handler invoked: status = -61, source = [slurm.pmix.5008693.21:32]
slurmstepd: error:  mpi/pmix_v4: _errhandler: hydra02 [1]: pmixp_client_v2.c:211: Error handler invoked: status = -61, source = [slurm.pmix.5008693.21:3]
slurmstepd: error:  mpi/pmix_v4: _errhandler: hydra06 [5]: pmixp_client_v2.c:211: Error handler invoked: status = -61, source = [slurm.pmix.5008693.21:15]
slurmstepd: error:  mpi/pmix_v4: _errhandler: hydra09 [8]: pmixp_client_v2.c:211: Error handler invoked: status = -61, source = [slurm.pmix.5008693.21:26]
slurmstepd: error:  mpi/pmix_v4: _errhandler: hydra04 [3]: pmixp_client_v2.c:211: Error handler invoked: status = -61, source = [slurm.pmix.5008693.21:10]
slurmstepd: error:  mpi/pmix_v4: _errhandler: hydra07 [6]: pmixp_client_v2.c:211: Error handler invoked: status = -61, source = [slurm.pmix.5008693.21:19]
slurmstepd: error:  mpi/pmix_v4: _errhandler: hydra05 [4]: pmixp_client_v2.c:211: Error handler invoked: status = -61, source = [slurm.pmix.5008693.21:14]
slurmstepd: error:  mpi/pmix_v4: _errhandler: hydra03 [2]: pmixp_client_v2.c:211: Error handler invoked: status = -61, source = [slurm.pmix.5008693.21:7]
slurmstepd: error: *** STEP 5008693.21 ON hydra01 CANCELLED AT 2025-10-13T15:31:46 ***
slurmstepd: error:  mpi/pmix_v4: _errhandler: hydra10 [9]: pmixp_client_v2.c:211: Error handler invoked: status = -61, source = [slurm.pmix.5008693.21:29]
srun: Job step aborted: Waiting up to 32 seconds for job step to finish.
srun: error: hydra08: task 23: Killed
srun: error: hydra05: task 13: Killed
srun: error: hydra11: task 30: Killed
srun: error: hydra07: task 18: Killed
srun: error: hydra04: task 11: Killed
srun: error: hydra12: task 35: Killed
srun: error: hydra10: task 27: Killed
srun: error: hydra03: tasks 6,8: Killed
srun: error: hydra09: tasks 24-25: Killed
srun: error: hydra02: tasks 4-5: Killed
srun: error: hydra06: tasks 16-17: Killed
srun: error: hydra01: tasks 0-2: Killed
⚠️ Warning: No runtime found for run 22
srun: Warning: can't honor --ntasks-per-node set to 1 which doesn't match the requested tasks 36 with the number of requested nodes 12. Ignoring --ntasks-per-node.
missing input file name --> Generate random input
malloc(): invalid size (unsorted)
[hydra01:883312] *** Process received signal ***
[hydra01:883312] Signal: Aborted (6)
[hydra01:883312] Signal code:  (-6)
malloc(): invalid size (unsorted)
[hydra12:360297] *** Process received signal ***
[hydra12:360297] Signal: Aborted (6)
[hydra12:360297] Signal code:  (-6)
malloc(): invalid size (unsorted)
malloc(): invalid size (unsorted)
[hydra05:379952] *** Process received signal ***
[hydra05:379952] Signal: Aborted (6)
[hydra05:379952] Signal code:  (-6)
[hydra01:883312] [ 0] /lib/x86_64-linux-gnu/libc.so.6(+0x38de0)[0x7fd092b85de0]
malloc(): invalid size (unsorted)
[hydra07:406976] *** Process received signal ***
[hydra07:406976] Signal: Aborted (6)
[hydra07:406976] Signal code:  (-6)
malloc(): invalid size (unsorted)
[hydra03:397243] *** Process received signal ***
[hydra03:397243] Signal: Aborted (6)
[hydra03:397243] Signal code:  (-6)
[hydra01:883314] *** Process received signal ***
[hydra01:883314] Signal: Aborted (6)
[hydra01:883314] Signal code:  (-6)
malloc(): invalid size (unsorted)
[hydra04:396004] *** Process received signal ***
[hydra04:396004] Signal: Aborted (6)
[hydra04:396004] Signal code:  (-6)
[hydra01:883312] [ 1] /lib/x86_64-linux-gnu/libc.so.6(gsignal+0x141)[0x7fd092b85d61]
malloc(): invalid size (unsorted)
[hydra02:567381] *** Process received signal ***
[hydra02:567381] Signal: Aborted (6)
[hydra02:567381] Signal code:  (-6)
malloc(): invalid size (unsorted)
[hydra06:380632] *** Process received signal ***
[hydra06:380632] Signal: Aborted (6)
[hydra06:380632] Signal code:  (-6)
malloc(): invalid size (unsorted)
[hydra09:373544] *** Process received signal ***
[hydra09:373544] Signal: Aborted (6)
[hydra09:373544] Signal code:  (-6)
[hydra01:883312] [ 2] /lib/x86_64-linux-gnu/libc.so.6(abort+0x123)[0x7fd092b6f537]
[hydra01:883312] [ 3] /lib/x86_64-linux-gnu/libc.so.6(+0x7a468)[0x7fd092bc7468]
malloc(): invalid size (unsorted)
[hydra08:382269] *** Process received signal ***
[hydra08:382269] Signal: Aborted (6)
[hydra08:382269] Signal code:  (-6)
[hydra01:883314] [ 0] /lib/x86_64-linux-gnu/libc.so.6(+0x38de0)[0x7fe22ce4ade0]
[hydra01:883312] [ 4] /lib/x86_64-linux-gnu/libc.so.6(+0x8175a)[0x7fd092bce75a]
[hydra01:883314] [ 1] /lib/x86_64-linux-gnu/libc.so.6(gsignal+0x141)[0x7fe22ce4ad61]
[hydra01:883312] [ 5] /lib/x86_64-linux-gnu/libc.so.6(+0x8483c)[0x7fd092bd183c]
malloc(): invalid size (unsorted)
[hydra11:360335] *** Process received signal ***
[hydra11:360335] Signal: Aborted (6)
[hydra11:360335] Signal code:  (-6)
[hydra01:883314] [ 2] /lib/x86_64-linux-gnu/libc.so.6(abort+0x123)[0x7fe22ce34537]
malloc(): invalid size (unsorted)
[hydra12:360296] *** Process received signal ***
[hydra12:360296] Signal: Aborted (6)
[hydra12:360296] Signal code:  (-6)
[hydra01:883312] [ 6] /lib/x86_64-linux-gnu/libc.so.6(__libc_calloc+0x81)[0x7fd092bd3bd1]
[hydra12:360297] [ 0] /lib/x86_64-linux-gnu/libc.so.6(+0x38de0)[0x7fbda1693de0]
malloc(): invalid size (unsorted)
[hydra10:491807] *** Process received signal ***
[hydra10:491807] Signal: Aborted (6)
[hydra10:491807] Signal code:  (-6)
[hydra01:883314] [ 3] /lib/x86_64-linux-gnu/libc.so.6(+0x7a468)[0x7fe22ce8c468]
[hydra12:360296] [ 0] /lib/x86_64-linux-gnu/libc.so.6(+0x38de0)[0x7f9150006de0]
[hydra01:883312] [ 7] /opt/mpi/openmpi-4.1.4//lib/libmpi.so.40(ompi_group_allocate+0x17)[0x7fd094aa11e7]
[hydra12:360297] [ 1] /lib/x86_64-linux-gnu/libc.so.6(gsignal+0x141)[0x7fbda1693d61]
[hydra01:883312] [ 8] /opt/mpi/openmpi-4.1.4//lib/libmpi.so.40(ompi_group_incl_plist+0x65)[0x7fd094aa1915]
[hydra12:360296] [ 1] /lib/x86_64-linux-gnu/libc.so.6(gsignal+0x141)[0x7f9150006d61]
[hydra01:883314] [ 4] /lib/x86_64-linux-gnu/libc.so.6(+0x8175a)[0x7fe22ce9375a]
[hydra12:360297] [ 2] /lib/x86_64-linux-gnu/libc.so.6(abort+0x123)[0x7fbda167d537]
[hydra01:883314] [ 5] /lib/x86_64-linux-gnu/libc.so.6(+0x8483c)[0x7fe22ce9683c]
[hydra12:360296] [ 2] /lib/x86_64-linux-gnu/libc.so.6(abort+0x123)[0x7f914fff0537]
[hydra01:883312] [ 9] /opt/mpi/openmpi-4.1.4//lib/libmpi.so.40(PMPI_Group_incl+0x95)[0x7fd094ad2185]
[hydra01:883312] [10] /home/thesis/jheld/MPI_Syrk_implementation/build/src/MPI_SYRK_implementation(+0x841a)[0x562ae1ce441a]
[hydra12:360297] [ 3] /lib/x86_64-linux-gnu/libc.so.6(+0x7a468)[0x7fbda16d5468]
[hydra01:883312] [11] /home/thesis/jheld/MPI_Syrk_implementation/build/src/MPI_SYRK_implementation(+0x2ab0)[0x562ae1cdeab0]
[hydra12:360296] [ 3] /lib/x86_64-linux-gnu/libc.so.6(+0x7a468)[0x7f9150048468]
malloc(): invalid size (unsorted)
[hydra04:396003] *** Process received signal ***
[hydra01:883314] [ 6] /lib/x86_64-linux-gnu/libc.so.6(__libc_calloc+0x81)[0x7fe22ce98bd1]
[hydra12:360297] [ 4] /lib/x86_64-linux-gnu/libc.so.6(+0x8175a)[0x7fbda16dc75a]
[hydra04:396003] Signal: Aborted (6)
[hydra04:396003] Signal code:  (-6)
[hydra01:883312] [12] /lib/x86_64-linux-gnu/libc.so.6(__libc_start_main+0xea)[0x7fd092b70d7a]
[hydra01:883312] [13] /home/thesis/jheld/MPI_Syrk_implementation/build/src/MPI_SYRK_implementation(+0x232a)[0x562ae1cde32a]
[hydra01:883312] *** End of error message ***
[hydra12:360296] [ 4] /lib/x86_64-linux-gnu/libc.so.6(+0x8175a)[0x7f915004f75a]
[hydra04:396004] [ 0] /lib/x86_64-linux-gnu/libc.so.6(+0x38de0)[0x7f12dca30de0]
[hydra01:883314] [ 7] /opt/mpi/openmpi-4.1.4//lib/libmpi.so.40(ompi_group_allocate+0x17)[0x7fe22ed661e7]
[hydra12:360297] [ 5] /lib/x86_64-linux-gnu/libc.so.6(+0x8483c)[0x7fbda16df83c]
[hydra04:396004] [ 1] /lib/x86_64-linux-gnu/libc.so.6(gsignal+0x141)[0x7f12dca30d61]
[hydra01:883314] [ 8] /opt/mpi/openmpi-4.1.4//lib/libmpi.so.40(ompi_group_incl_plist+0x65)[0x7fe22ed66915]
[hydra12:360296] [ 5] /lib/x86_64-linux-gnu/libc.so.6(+0x8483c)[0x7f915005283c]
[hydra05:379952] [ 0] /lib/x86_64-linux-gnu/libc.so.6(+0x38de0)[0x7f886ad23de0]
[hydra04:396003] [ 0] /lib/x86_64-linux-gnu/libc.so.6(+0x38de0)[0x7f3c92b24de0]
[hydra01:883314] [ 9] /opt/mpi/openmpi-4.1.4//lib/libmpi.so.40(PMPI_Group_incl+0x95)[0x7fe22ed97185]
[hydra01:883314] [10] /home/thesis/jheld/MPI_Syrk_implementation/build/src/MPI_SYRK_implementation(+0x841a)[0x564f8b0bd41a]
[hydra12:360297] [ 6] /lib/x86_64-linux-gnu/libc.so.6(__libc_calloc+0x81)[0x7fbda16e1bd1]
[hydra05:379952] [ 1] /lib/x86_64-linux-gnu/libc.so.6(gsignal+0x141)[0x7f886ad23d61]
[hydra04:396004] [ 2] /lib/x86_64-linux-gnu/libc.so.6(abort+0x123)[0x7f12dca1a537]
malloc(): invalid size (unsorted)
[hydra08:382268] *** Process received signal ***
[hydra01:883314] [11] /home/thesis/jheld/MPI_Syrk_implementation/build/src/MPI_SYRK_implementation(+0x2ab0)[0x564f8b0b7ab0]
[hydra12:360297] [ 7] /opt/mpi/openmpi-4.1.4//lib/libmpi.so.40(ompi_group_allocate+0x17)[0x7fbda35af1e7]
[hydra05:379952] [ 2] /lib/x86_64-linux-gnu/libc.so.6(abort+0x123)[0x7f886ad0d537]
[hydra04:396003] [ 1] /lib/x86_64-linux-gnu/libc.so.6(gsignal+0x141)[0x7f3c92b24d61]
[hydra07:406976] [ 0] /lib/x86_64-linux-gnu/libc.so.6(+0x38de0)[0x7faba759fde0]
[hydra03:397243] [ 0] /lib/x86_64-linux-gnu/libc.so.6(+0x38de0)[0x7f414d76ede0]
[hydra08:382268] Signal: Aborted (6)
[hydra08:382268] Signal code:  (-6)
[hydra06:380632] [ 0] /lib/x86_64-linux-gnu/libc.so.6(+0x38de0)[0x7f036515ade0]
[hydra01:883314] [12] /lib/x86_64-linux-gnu/libc.so.6(__libc_start_main+0xea)[0x7fe22ce35d7a]
[hydra01:883314] [13] /home/thesis/jheld/MPI_Syrk_implementation/build/src/MPI_SYRK_implementation(+0x232a)[0x564f8b0b732a]
[hydra01:883314] *** End of error message ***
[hydra12:360296] [ 6] /lib/x86_64-linux-gnu/libc.so.6(__libc_calloc+0x81)[0x7f9150054bd1]
[hydra05:379952] [ 3] /lib/x86_64-linux-gnu/libc.so.6(+0x7a468)[0x7f886ad65468]
[hydra04:396003] [ 2] /lib/x86_64-linux-gnu/libc.so.6(abort+0x123)[0x7f3c92b0e537]
[hydra07:406976] [ 1] /lib/x86_64-linux-gnu/libc.so.6(gsignal+0x141)[0x7faba759fd61]
[hydra03:397243] [ 1] /lib/x86_64-linux-gnu/libc.so.6(gsignal+0x141)[0x7f414d76ed61]
[hydra08:382269] [ 0] /lib/x86_64-linux-gnu/libc.so.6(+0x38de0)[0x7fc772620de0]
[hydra06:380632] [ 1] /lib/x86_64-linux-gnu/libc.so.6(gsignal+0x141)[0x7f036515ad61]
[hydra09:373544] [ 0] /lib/x86_64-linux-gnu/libc.so.6(+0x38de0)[0x7f2498130de0]
[hydra12:360297] [ 8] /opt/mpi/openmpi-4.1.4//lib/libmpi.so.40(ompi_group_incl_plist+0x65)[0x7fbda35af915]
[hydra05:379952] [ 4] /lib/x86_64-linux-gnu/libc.so.6(+0x8175a)[0x7f886ad6c75a]
[hydra02:567381] [ 0] /lib/x86_64-linux-gnu/libc.so.6(+0x38de0)[0x7f4bfa7efde0]
[hydra04:396004] [ 3] /lib/x86_64-linux-gnu/libc.so.6(+0x7a468)[0x7f12dca72468]
[hydra07:406976] [ 2] /lib/x86_64-linux-gnu/libc.so.6(abort+0x123)[0x7faba7589537]
[hydra03:397243] [ 2] /lib/x86_64-linux-gnu/libc.so.6(abort+0x123)[0x7f414d758537]
[hydra08:382269] [ 1] /lib/x86_64-linux-gnu/libc.so.6(gsignal+0x141)[0x7fc772620d61]
[hydra06:380632] [ 2] /lib/x86_64-linux-gnu/libc.so.6(abort+0x123)[0x7f0365144537]
[hydra09:373544] [ 1] /lib/x86_64-linux-gnu/libc.so.6(gsignal+0x141)[0x7f2498130d61]
[hydra12:360296] [ 7] /opt/mpi/openmpi-4.1.4//lib/libmpi.so.40(ompi_group_allocate+0x17)[0x7f9151f221e7]
[hydra05:379952] [ 5] /lib/x86_64-linux-gnu/libc.so.6(+0x8483c)[0x7f886ad6f83c]
[hydra02:567381] [ 1] /lib/x86_64-linux-gnu/libc.so.6(gsignal+0x141)[0x7f4bfa7efd61]
[hydra04:396003] [ 3] /lib/x86_64-linux-gnu/libc.so.6(+0x7a468)[0x7f3c92b66468]
[hydra07:406976] [ 3] /lib/x86_64-linux-gnu/libc.so.6(+0x7a468)[0x7faba75e1468]
[hydra11:360335] [ 0] /lib/x86_64-linux-gnu/libc.so.6(+0x38de0)[0x7f5d8e8dbde0]
[hydra03:397243] [ 3] /lib/x86_64-linux-gnu/libc.so.6(+0x7a468)[0x7f414d7b0468]
[hydra08:382268] [ 0] /lib/x86_64-linux-gnu/libc.so.6(+0x38de0)[0x7f1a59d95de0]
[hydra06:380632] [ 3] /lib/x86_64-linux-gnu/libc.so.6(+0x7a468)[0x7f036519c468]
[hydra09:373544] [ 2] /lib/x86_64-linux-gnu/libc.so.6(abort+0x123)[0x7f249811a537]
[hydra12:360296] [ 8] /opt/mpi/openmpi-4.1.4//lib/libmpi.so.40(ompi_group_incl_plist+0x65)[0x7f9151f22915]
[hydra05:379952] [ 6] /lib/x86_64-linux-gnu/libc.so.6(__libc_calloc+0x81)[0x7f886ad71bd1]
[hydra02:567381] [ 2] /lib/x86_64-linux-gnu/libc.so.6(abort+0x123)[0x7f4bfa7d9537]
[hydra04:396004] [ 4] /lib/x86_64-linux-gnu/libc.so.6(+0x8175a)[0x7f12dca7975a]
[hydra07:406976] [ 4] /lib/x86_64-linux-gnu/libc.so.6(+0x8175a)[0x7faba75e875a]
[hydra11:360335] [ 1] /lib/x86_64-linux-gnu/libc.so.6(gsignal+0x141)[0x7f5d8e8dbd61]
[hydra10:491807] [ 0] /lib/x86_64-linux-gnu/libc.so.6(+0x38de0)[0x7f4ef5b90de0]
[hydra03:397243] [ 4] /lib/x86_64-linux-gnu/libc.so.6(+0x8175a)[0x7f414d7b775a]
[hydra08:382269] [ 2] /lib/x86_64-linux-gnu/libc.so.6(abort+0x123)[0x7fc77260a537]
[hydra06:380632] [ 4] /lib/x86_64-linux-gnu/libc.so.6(+0x8175a)[0x7f03651a375a]
[hydra09:373544] [ 3] /lib/x86_64-linux-gnu/libc.so.6(+0x7a468)[0x7f2498172468]
[hydra12:360297] [ 9] /opt/mpi/openmpi-4.1.4//lib/libmpi.so.40(PMPI_Group_incl+0x95)[0x7fbda35e0185]
[hydra12:360297] [10] /home/thesis/jheld/MPI_Syrk_implementation/build/src/MPI_SYRK_implementation(+0x841a)[0x5570ff6c541a]
[hydra12:360297] [11] /home/thesis/jheld/MPI_Syrk_implementation/build/src/MPI_SYRK_implementation(+0x2ab0)[0x5570ff6bfab0]
[hydra05:379952] [ 7] /opt/mpi/openmpi-4.1.4//lib/libmpi.so.40(ompi_group_allocate+0x17)[0x7f886cc3f1e7]
[hydra02:567381] [ 3] /lib/x86_64-linux-gnu/libc.so.6(+0x7a468)[0x7f4bfa831468]
[hydra04:396003] [ 4] /lib/x86_64-linux-gnu/libc.so.6(+0x8175a)[0x7f3c92b6d75a]
[hydra07:406976] [ 5] /lib/x86_64-linux-gnu/libc.so.6(+0x8483c)[0x7faba75eb83c]
[hydra11:360335] [ 2] /lib/x86_64-linux-gnu/libc.so.6(abort+0x123)[0x7f5d8e8c5537]
[hydra10:491807] [ 1] /lib/x86_64-linux-gnu/libc.so.6(gsignal+0x141)[0x7f4ef5b90d61]
[hydra03:397243] [ 5] /lib/x86_64-linux-gnu/libc.so.6(+0x8483c)[0x7f414d7ba83c]
[hydra08:382268] [ 1] /lib/x86_64-linux-gnu/libc.so.6(gsignal+0x141)[0x7f1a59d95d61]
[hydra06:380632] [ 5] /lib/x86_64-linux-gnu/libc.so.6(+0x8483c)[0x7f03651a683c]
[hydra09:373544] [ 4] /lib/x86_64-linux-gnu/libc.so.6(+0x8175a)[0x7f249817975a]
[hydra12:360296] [ 9] /opt/mpi/openmpi-4.1.4//lib/libmpi.so.40(PMPI_Group_incl+0x95)[0x7f9151f53185]
[hydra05:379952] [ 8] /opt/mpi/openmpi-4.1.4//lib/libmpi.so.40(ompi_group_incl_plist+0x65)[0x7f886cc3f915]
[hydra02:567381] [ 4] /lib/x86_64-linux-gnu/libc.so.6(+0x8175a)[0x7f4bfa83875a]
[hydra04:396004] [ 5] /lib/x86_64-linux-gnu/libc.so.6(+0x8483c)[0x7f12dca7c83c]
[hydra07:406976] [ 6] /lib/x86_64-linux-gnu/libc.so.6(__libc_calloc+0x81)[0x7faba75edbd1]
[hydra11:360335] [ 3] /lib/x86_64-linux-gnu/libc.so.6(+0x7a468)[0x7f5d8e91d468]
[hydra10:491807] [ 2] /lib/x86_64-linux-gnu/libc.so.6(abort+0x123)[0x7f4ef5b7a537]
[hydra03:397243] [ 6] /lib/x86_64-linux-gnu/libc.so.6(__libc_calloc+0x81)[0x7f414d7bcbd1]
[hydra08:382268] [ 2] /lib/x86_64-linux-gnu/libc.so.6(abort+0x123)[0x7f1a59d7f537]
[hydra06:380632] [ 6] /lib/x86_64-linux-gnu/libc.so.6(__libc_calloc+0x81)[0x7f03651a8bd1]
[hydra09:373544] [ 5] /lib/x86_64-linux-gnu/libc.so.6(+0x8483c)[0x7f249817c83c]
[hydra05:379952] [ 9] /opt/mpi/openmpi-4.1.4//lib/libmpi.so.40(PMPI_Group_incl+0x95)[0x7f886cc70185]
[hydra05:379952] [10] /home/thesis/jheld/MPI_Syrk_implementation/build/src/MPI_SYRK_implementation(+0x841a)[0x55fc7cea941a]
[hydra02:567381] [ 5] /lib/x86_64-linux-gnu/libc.so.6(+0x8483c)[0x7f4bfa83b83c]
[hydra04:396003] [ 5] /lib/x86_64-linux-gnu/libc.so.6(+0x8483c)[0x7f3c92b7083c]
[hydra07:406976] [ 7] /opt/mpi/openmpi-4.1.4//lib/libmpi.so.40(ompi_group_allocate+0x17)[0x7faba94bb1e7]
[hydra11:360335] [ 4] /lib/x86_64-linux-gnu/libc.so.6(+0x8175a)[0x7f5d8e92475a]
[hydra10:491807] [ 3] /lib/x86_64-linux-gnu/libc.so.6(+0x7a468)[0x7f4ef5bd2468]
[hydra03:397243] [ 7] /opt/mpi/openmpi-4.1.4//lib/libmpi.so.40(ompi_group_allocate+0x17)[0x7f414f68a1e7]
[hydra08:382269] [ 3] /lib/x86_64-linux-gnu/libc.so.6(+0x7a468)[0x7fc772662468]
[hydra06:380632] [ 7] /opt/mpi/openmpi-4.1.4//lib/libmpi.so.40(ompi_group_allocate+0x17)[0x7f03670761e7]
[hydra09:373544] [ 6] /lib/x86_64-linux-gnu/libc.so.6(__libc_calloc+0x81)[0x7f249817ebd1]
[hydra05:379952] [11] /home/thesis/jheld/MPI_Syrk_implementation/build/src/MPI_SYRK_implementation(+0x2ab0)[0x55fc7cea3ab0]
[hydra02:567381] [ 6] /lib/x86_64-linux-gnu/libc.so.6(__libc_calloc+0x81)[0x7f4bfa83dbd1]
[hydra04:396004] [ 6] /lib/x86_64-linux-gnu/libc.so.6(__libc_calloc+0x81)[0x7f12dca7ebd1]
[hydra07:406976] [ 8] /opt/mpi/openmpi-4.1.4//lib/libmpi.so.40(ompi_group_incl_plist+0x65)[0x7faba94bb915]
[hydra11:360335] [ 5] /lib/x86_64-linux-gnu/libc.so.6(+0x8483c)[0x7f5d8e92783c]
[hydra10:491807] [ 4] /lib/x86_64-linux-gnu/libc.so.6(+0x8175a)[0x7f4ef5bd975a]
[hydra03:397243] [ 8] /opt/mpi/openmpi-4.1.4//lib/libmpi.so.40(ompi_group_incl_plist+0x65)[0x7f414f68a915]
[hydra08:382268] [ 3] /lib/x86_64-linux-gnu/libc.so.6(+0x7a468)[0x7f1a59dd7468]
[hydra06:380632] [ 8] /opt/mpi/openmpi-4.1.4//lib/libmpi.so.40(ompi_group_incl_plist+0x65)[0x7f0367076915]
[hydra09:373544] [ 7] /opt/mpi/openmpi-4.1.4//lib/libmpi.so.40(ompi_group_allocate+0x17)[0x7f249a04c1e7]
[hydra05:379952] [12] /lib/x86_64-linux-gnu/libc.so.6(__libc_start_main+0xea)[0x7f886ad0ed7a]
[hydra02:567381] [ 7] /opt/mpi/openmpi-4.1.4//lib/libmpi.so.40(ompi_group_allocate+0x17)[0x7f4bfc70b1e7]
[hydra04:396004] [ 7] /opt/mpi/openmpi-4.1.4//lib/libmpi.so.40(ompi_group_allocate+0x17)[0x7f12de94c1e7]
[hydra07:406976] [ 9] /opt/mpi/openmpi-4.1.4//lib/libmpi.so.40(PMPI_Group_incl+0x95)[0x7faba94ec185]
[hydra11:360335] [ 6] /lib/x86_64-linux-gnu/libc.so.6(__libc_calloc+0x81)[0x7f5d8e929bd1]
[hydra10:491807] [ 5] /lib/x86_64-linux-gnu/libc.so.6(+0x8483c)[0x7f4ef5bdc83c]
[hydra03:397243] [ 9] /opt/mpi/openmpi-4.1.4//lib/libmpi.so.40(PMPI_Group_incl+0x95)[0x7f414f6bb185]
[hydra03:397243] [10] /home/thesis/jheld/MPI_Syrk_implementation/build/src/MPI_SYRK_implementation(+0x841a)[0x564b9fad441a]
[hydra08:382269] [ 4] /lib/x86_64-linux-gnu/libc.so.6(+0x8175a)[0x7fc77266975a]
[hydra06:380632] [ 9] /opt/mpi/openmpi-4.1.4//lib/libmpi.so.40(PMPI_Group_incl+0x95)[0x7f03670a7185]
[hydra09:373544] [ 8] /opt/mpi/openmpi-4.1.4//lib/libmpi.so.40(ompi_group_incl_plist+0x65)[0x7f249a04c915]
[hydra05:379952] [13] /home/thesis/jheld/MPI_Syrk_implementation/build/src/MPI_SYRK_implementation(+0x232a)[0x55fc7cea332a]
[hydra05:379952] *** End of error message ***
[hydra02:567381] [ 8] /opt/mpi/openmpi-4.1.4//lib/libmpi.so.40(ompi_group_incl_plist+0x65)[0x7f4bfc70b915]
[hydra04:396003] [ 6] /lib/x86_64-linux-gnu/libc.so.6(__libc_calloc+0x81)[0x7f3c92b72bd1]
[hydra07:406976] [10] /home/thesis/jheld/MPI_Syrk_implementation/build/src/MPI_SYRK_implementation(+0x841a)[0x56525961b41a]
[hydra07:406976] [11] /home/thesis/jheld/MPI_Syrk_implementation/build/src/MPI_SYRK_implementation(+0x2ab0)[0x565259615ab0]
[hydra11:360335] [ 7] /opt/mpi/openmpi-4.1.4//lib/libmpi.so.40(ompi_group_allocate+0x17)[0x7f5d907f71e7]
[hydra10:491807] [ 6] /lib/x86_64-linux-gnu/libc.so.6(__libc_calloc+0x81)[0x7f4ef5bdebd1]
[hydra03:397243] [11] /home/thesis/jheld/MPI_Syrk_implementation/build/src/MPI_SYRK_implementation(+0x2ab0)[0x564b9faceab0]
[hydra08:382268] [ 4] /lib/x86_64-linux-gnu/libc.so.6(+0x8175a)[0x7f1a59dde75a]
[hydra06:380632] [10] /home/thesis/jheld/MPI_Syrk_implementation/build/src/MPI_SYRK_implementation(+0x841a)[0x55db7612141a]
[hydra06:380632] [11] /home/thesis/jheld/MPI_Syrk_implementation/build/src/MPI_SYRK_implementation(+0x2ab0)[0x55db7611bab0]
[hydra09:373544] [ 9] /opt/mpi/openmpi-4.1.4//lib/libmpi.so.40(PMPI_Group_incl+0x95)[0x7f249a07d185]
[hydra09:373544] [10] /home/thesis/jheld/MPI_Syrk_implementation/build/src/MPI_SYRK_implementation(+0x841a)[0x55b612af341a]
[hydra02:567381] [ 9] /opt/mpi/openmpi-4.1.4//lib/libmpi.so.40(PMPI_Group_incl+0x95)[0x7f4bfc73c185]
[hydra02:567381] [10] /home/thesis/jheld/MPI_Syrk_implementation/build/src/MPI_SYRK_implementation(+0x841a)[0x5610d1c5f41a]
[hydra04:396004] [ 8] /opt/mpi/openmpi-4.1.4//lib/libmpi.so.40(ompi_group_incl_plist+0x65)[0x7f12de94c915]
[hydra07:406976] [12] /lib/x86_64-linux-gnu/libc.so.6(__libc_start_main+0xea)[0x7faba758ad7a]
[hydra07:406976] [13] /home/thesis/jheld/MPI_Syrk_implementation/build/src/MPI_SYRK_implementation(+0x232a)[0x56525961532a]
[hydra11:360335] [ 8] /opt/mpi/openmpi-4.1.4//lib/libmpi.so.40(ompi_group_incl_plist+0x65)[0x7f5d907f7915]
[hydra10:491807] [ 7] /opt/mpi/openmpi-4.1.4//lib/libmpi.so.40(ompi_group_allocate+0x17)[0x7f4ef7aac1e7]
[hydra03:397243] [12] /lib/x86_64-linux-gnu/libc.so.6(__libc_start_main+0xea)[0x7f414d759d7a]
[hydra03:397243] [13] /home/thesis/jheld/MPI_Syrk_implementation/build/src/MPI_SYRK_implementation(+0x232a)[0x564b9face32a]
[hydra08:382269] [ 5] /lib/x86_64-linux-gnu/libc.so.6(+0x8483c)[0x7fc77266c83c]
[hydra06:380632] [12] /lib/x86_64-linux-gnu/libc.so.6(__libc_start_main+0xea)[0x7f0365145d7a]
[hydra06:380632] [13] /home/thesis/jheld/MPI_Syrk_implementation/build/src/MPI_SYRK_implementation(+0x232a)[0x55db7611b32a]
[hydra09:373544] [11] /home/thesis/jheld/MPI_Syrk_implementation/build/src/MPI_SYRK_implementation(+0x2ab0)[0x55b612aedab0]
[hydra02:567381] [11] /home/thesis/jheld/MPI_Syrk_implementation/build/src/MPI_SYRK_implementation(+0x2ab0)[0x5610d1c59ab0]
[hydra04:396003] [ 7] /opt/mpi/openmpi-4.1.4//lib/libmpi.so.40(ompi_group_allocate+0x17)[0x7f3c94a401e7]
[hydra07:406976] *** End of error message ***
[hydra11:360335] [ 9] /opt/mpi/openmpi-4.1.4//lib/libmpi.so.40(PMPI_Group_incl+0x95)[0x7f5d90828185]
[hydra10:491807] [ 8] /opt/mpi/openmpi-4.1.4//lib/libmpi.so.40(ompi_group_incl_plist+0x65)[0x7f4ef7aac915]
[hydra03:397243] *** End of error message ***
[hydra08:382268] [ 5] /lib/x86_64-linux-gnu/libc.so.6(+0x8483c)[0x7f1a59de183c]
[hydra06:380632] *** End of error message ***
[hydra09:373544] [12] /lib/x86_64-linux-gnu/libc.so.6(__libc_start_main+0xea)[0x7f249811bd7a]
[hydra09:373544] [13] /home/thesis/jheld/MPI_Syrk_implementation/build/src/MPI_SYRK_implementation(+0x232a)[0x55b612aed32a]
[hydra02:567381] [12] /lib/x86_64-linux-gnu/libc.so.6(__libc_start_main+0xea)[0x7f4bfa7dad7a]
[hydra04:396003] [ 8] /opt/mpi/openmpi-4.1.4//lib/libmpi.so.40(ompi_group_incl_plist+0x65)[0x7f3c94a40915]
[hydra11:360335] [10] /home/thesis/jheld/MPI_Syrk_implementation/build/src/MPI_SYRK_implementation(+0x841a)[0x557d620c241a]
[hydra11:360335] [11] /home/thesis/jheld/MPI_Syrk_implementation/build/src/MPI_SYRK_implementation(+0x2ab0)[0x557d620bcab0]
[hydra10:491807] [ 9] /opt/mpi/openmpi-4.1.4//lib/libmpi.so.40(PMPI_Group_incl+0x95)[0x7f4ef7add185]
[hydra10:491807] [10] /home/thesis/jheld/MPI_Syrk_implementation/build/src/MPI_SYRK_implementation(+0x841a)[0x5584625fb41a]
[hydra08:382269] [ 6] /lib/x86_64-linux-gnu/libc.so.6(__libc_calloc+0x81)[0x7fc77266ebd1]
[hydra09:373544] *** End of error message ***
[hydra02:567381] [13] /home/thesis/jheld/MPI_Syrk_implementation/build/src/MPI_SYRK_implementation(+0x232a)[0x5610d1c5932a]
[hydra02:567381] *** End of error message ***
[hydra04:396004] [ 9] /opt/mpi/openmpi-4.1.4//lib/libmpi.so.40(PMPI_Group_incl+0x95)[0x7f12de97d185]
[hydra04:396004] [10] /home/thesis/jheld/MPI_Syrk_implementation/build/src/MPI_SYRK_implementation(+0x841a)[0x563c82e1641a]
[hydra04:396004] [11] /home/thesis/jheld/MPI_Syrk_implementation/build/src/MPI_SYRK_implementation(+0x2ab0)[0x563c82e10ab0]
[hydra11:360335] [12] /lib/x86_64-linux-gnu/libc.so.6(__libc_start_main+0xea)[0x7f5d8e8c6d7a]
[hydra11:360335] [13] /home/thesis/jheld/MPI_Syrk_implementation/build/src/MPI_SYRK_implementation(+0x232a)[0x557d620bc32a]
[hydra10:491807] [11] /home/thesis/jheld/MPI_Syrk_implementation/build/src/MPI_SYRK_implementation(+0x2ab0)[0x5584625f5ab0]
[hydra08:382269] [ 7] /opt/mpi/openmpi-4.1.4//lib/libmpi.so.40(ompi_group_allocate+0x17)[0x7fc77453c1e7]
[hydra04:396003] [ 9] /opt/mpi/openmpi-4.1.4//lib/libmpi.so.40(PMPI_Group_incl+0x95)[0x7f3c94a71185]
[hydra11:360335] *** End of error message ***
[hydra10:491807] [12] /lib/x86_64-linux-gnu/libc.so.6(__libc_start_main+0xea)[0x7f4ef5b7bd7a]
[hydra10:491807] [13] /home/thesis/jheld/MPI_Syrk_implementation/build/src/MPI_SYRK_implementation(+0x232a)[0x5584625f532a]
[hydra08:382268] [ 6] /lib/x86_64-linux-gnu/libc.so.6(__libc_calloc+0x81)[0x7f1a59de3bd1]
[hydra04:396003] [10] /home/thesis/jheld/MPI_Syrk_implementation/build/src/MPI_SYRK_implementation(+0x841a)[0x55b28ea6c41a]
[hydra04:396003] [11] /home/thesis/jheld/MPI_Syrk_implementation/build/src/MPI_SYRK_implementation(+0x2ab0)[0x55b28ea66ab0]
[hydra10:491807] *** End of error message ***
[hydra08:382268] [ 7] /opt/mpi/openmpi-4.1.4//lib/libmpi.so.40(ompi_group_allocate+0x17)[0x7f1a5bcb11e7]
[hydra08:382269] [ 8] /opt/mpi/openmpi-4.1.4//lib/libmpi.so.40(ompi_group_incl_plist+0x65)[0x7fc77453c915]
[hydra08:382268] [ 8] /opt/mpi/openmpi-4.1.4//lib/libmpi.so.40(ompi_group_incl_plist+0x65)[0x7f1a5bcb1915]
[hydra08:382269] [ 9] /opt/mpi/openmpi-4.1.4//lib/libmpi.so.40(PMPI_Group_incl+0x95)[0x7fc77456d185]
[hydra08:382269] [10] /home/thesis/jheld/MPI_Syrk_implementation/build/src/MPI_SYRK_implementation(+0x841a)[0x555b6706e41a]
[hydra08:382269] [11] /home/thesis/jheld/MPI_Syrk_implementation/build/src/MPI_SYRK_implementation(+0x2ab0)[0x555b67068ab0]
[hydra04:396004] [12] /lib/x86_64-linux-gnu/libc.so.6(__libc_start_main+0xea)[0x7f12dca1bd7a]
[hydra04:396004] [13] /home/thesis/jheld/MPI_Syrk_implementation/build/src/MPI_SYRK_implementation(+0x232a)[0x563c82e1032a]
[hydra04:396004] *** End of error message ***
[hydra04:396003] [12] /lib/x86_64-linux-gnu/libc.so.6(__libc_start_main+0xea)[0x7f3c92b0fd7a]
[hydra04:396003] [13] /home/thesis/jheld/MPI_Syrk_implementation/build/src/MPI_SYRK_implementation(+0x232a)[0x55b28ea6632a]
[hydra04:396003] *** End of error message ***
[hydra12:360296] [10] /home/thesis/jheld/MPI_Syrk_implementation/build/src/MPI_SYRK_implementation(+0x841a)[0x55767a44041a]
[hydra12:360296] [11] /home/thesis/jheld/MPI_Syrk_implementation/build/src/MPI_SYRK_implementation(+0x2ab0)[0x55767a43aab0]
[hydra08:382268] [ 9] /opt/mpi/openmpi-4.1.4//lib/libmpi.so.40(PMPI_Group_incl+0x95)[0x7f1a5bce2185]
[hydra12:360297] [12] /lib/x86_64-linux-gnu/libc.so.6(__libc_start_main+0xea)[0x7fbda167ed7a]
[hydra12:360297] [13] /home/thesis/jheld/MPI_Syrk_implementation/build/src/MPI_SYRK_implementation(+0x232a)[0x5570ff6bf32a]
[hydra12:360297] *** End of error message ***
[hydra08:382269] [12] /lib/x86_64-linux-gnu/libc.so.6(__libc_start_main+0xea)[0x7fc77260bd7a]
[hydra08:382269] [13] /home/thesis/jheld/MPI_Syrk_implementation/build/src/MPI_SYRK_implementation(+0x232a)[0x555b6706832a]
[hydra08:382269] *** End of error message ***
[hydra12:360296] [12] /lib/x86_64-linux-gnu/libc.so.6(__libc_start_main+0xea)[0x7f914fff1d7a]
[hydra12:360296] [13] /home/thesis/jheld/MPI_Syrk_implementation/build/src/MPI_SYRK_implementation(+0x232a)[0x55767a43a32a]
[hydra12:360296] *** End of error message ***
[hydra08:382268] [10] /home/thesis/jheld/MPI_Syrk_implementation/build/src/MPI_SYRK_implementation(+0x841a)[0x55ad5d46e41a]
[hydra08:382268] [11] /home/thesis/jheld/MPI_Syrk_implementation/build/src/MPI_SYRK_implementation(+0x2ab0)[0x55ad5d468ab0]
[hydra08:382268] [12] /lib/x86_64-linux-gnu/libc.so.6(__libc_start_main+0xea)[0x7f1a59d80d7a]
[hydra08:382268] [13] /home/thesis/jheld/MPI_Syrk_implementation/build/src/MPI_SYRK_implementation(+0x232a)[0x55ad5d46832a]
[hydra08:382268] *** End of error message ***
srun: error: hydra07: task 18: Aborted
srun: error: hydra03: task 7: Aborted
srun: error: hydra06: task 17: Aborted
srun: error: hydra09: task 25: Aborted
srun: error: hydra11: task 30: Aborted
srun: error: hydra02: task 4: Aborted
srun: error: hydra10: task 27: Aborted
srun: error: hydra05: task 13: Aborted
srun: error: hydra12: tasks 33-34: Aborted
srun: error: hydra01: tasks 0,2: Aborted
srun: error: hydra04: tasks 9-10: Aborted
srun: error: hydra08: tasks 21-22: Aborted
slurmstepd: error:  mpi/pmix_v4: _errhandler: hydra06 [5]: pmixp_client_v2.c:211: Error handler invoked: status = -61, source = [slurm.pmix.5008693.22:17]
slurmstepd: error:  mpi/pmix_v4: _errhandler: hydra09 [8]: pmixp_client_v2.c:211: Error handler invoked: status = -61, source = [slurm.pmix.5008693.22:25]
slurmstepd: error:  mpi/pmix_v4: _errhandler: hydra11 [10]: pmixp_client_v2.c:211: Error handler invoked: status = -61, source = [slurm.pmix.5008693.22:30]
slurmstepd: error:  mpi/pmix_v4: _errhandler: hydra07 [6]: pmixp_client_v2.c:211: Error handler invoked: status = -61, source = [slurm.pmix.5008693.22:18]
slurmstepd: error:  mpi/pmix_v4: _errhandler: hydra05 [4]: pmixp_client_v2.c:211: Error handler invoked: status = -61, source = [slurm.pmix.5008693.22:13]
slurmstepd: error:  mpi/pmix_v4: _errhandler: hydra10 [9]: pmixp_client_v2.c:211: Error handler invoked: status = -61, source = [slurm.pmix.5008693.22:27]
slurmstepd: error:  mpi/pmix_v4: _errhandler: hydra01 [0]: pmixp_client_v2.c:211: Error handler invoked: status = -61, source = [slurm.pmix.5008693.22:2]
slurmstepd: error:  mpi/pmix_v4: _errhandler: hydra02 [1]: pmixp_client_v2.c:211: Error handler invoked: status = -61, source = [slurm.pmix.5008693.22:4]
slurmstepd: error:  mpi/pmix_v4: _errhandler: hydra03 [2]: pmixp_client_v2.c:211: Error handler invoked: status = -61, source = [slurm.pmix.5008693.22:7]
slurmstepd: error: *** STEP 5008693.22 ON hydra01 CANCELLED AT 2025-10-13T15:31:48 ***
srun: Job step aborted: Waiting up to 32 seconds for job step to finish.
srun: error: hydra04: task 11: Killed
srun: error: hydra01: task 1: Killed
srun: error: hydra08: task 23: Killed
srun: error: hydra12: task 35: Killed
srun: error: hydra02: tasks 3,5: Killed
srun: error: hydra11: tasks 31-32: Killed
srun: error: hydra05: tasks 12,14: Killed
srun: error: hydra10: tasks 28-29: Killed
srun: error: hydra09: tasks 24,26: Killed
srun: error: hydra07: tasks 19-20: Killed
srun: error: hydra03: tasks 6,8: Killed
srun: error: hydra06: tasks 15-16: Killed
⚠️ Warning: No runtime found for run 23
srun: Warning: can't honor --ntasks-per-node set to 1 which doesn't match the requested tasks 36 with the number of requested nodes 12. Ignoring --ntasks-per-node.
missing input file name --> Generate random input
malloc(): invalid size (unsorted)
malloc(): invalid size (unsorted)
[hydra07:407038] *** Process received signal ***
[hydra07:407038] Signal: Aborted (6)
[hydra07:407038] Signal code:  (-6)
malloc(): invalid size (unsorted)
[hydra05:380015] *** Process received signal ***
[hydra05:380015] Signal: Aborted (6)
[hydra05:380015] Signal code:  (-6)
malloc(): invalid size (unsorted)
[hydra03:397305] *** Process received signal ***
[hydra03:397305] Signal: Aborted (6)
[hydra03:397305] Signal code:  (-6)
malloc(): invalid size (unsorted)
[hydra02:567456] *** Process received signal ***
[hydra02:567456] Signal: Aborted (6)
[hydra02:567456] Signal code:  (-6)
malloc(): invalid size (unsorted)
[hydra04:396067] *** Process received signal ***
[hydra04:396067] Signal: Aborted (6)
[hydra04:396067] Signal code:  (-6)
[hydra12:360359] *** Process received signal ***
[hydra12:360359] Signal: Aborted (6)
[hydra12:360359] Signal code:  (-6)
malloc(): invalid size (unsorted)
[hydra08:382331] *** Process received signal ***
[hydra08:382331] Signal: Aborted (6)
[hydra08:382331] Signal code:  (-6)
malloc(): invalid size (unsorted)
[hydra06:380692] *** Process received signal ***
[hydra06:380692] Signal: Aborted (6)
[hydra06:380692] Signal code:  (-6)
malloc(): invalid size (unsorted)
[hydra12:360358] *** Process received signal ***
malloc(): invalid size (unsorted)
[hydra11:360398] *** Process received signal ***
[hydra11:360398] Signal: Aborted (6)
[hydra11:360398] Signal code:  (-6)
[hydra12:360358] Signal: Aborted (6)
[hydra12:360358] Signal code:  (-6)
[hydra12:360359] [ 0] /lib/x86_64-linux-gnu/libc.so.6(+0x38de0)[0x7f36c67b1de0]
malloc(): invalid size (unsorted)
[hydra09:373607] *** Process received signal ***
[hydra09:373607] Signal: Aborted (6)
[hydra09:373607] Signal code:  (-6)
[hydra12:360358] [ 0] /lib/x86_64-linux-gnu/libc.so.6(+0x38de0)[0x7fc5db894de0]
[hydra12:360359] [ 1] /lib/x86_64-linux-gnu/libc.so.6(gsignal+0x141)[0x7f36c67b1d61]
[hydra12:360359] [ 2] /lib/x86_64-linux-gnu/libc.so.6(abort+0x123)[0x7f36c679b537]
[hydra12:360358] [ 1] /lib/x86_64-linux-gnu/libc.so.6(gsignal+0x141)[0x7fc5db894d61]
[hydra12:360358] [ 2] /lib/x86_64-linux-gnu/libc.so.6(abort+0x123)[0x7fc5db87e537]
[hydra12:360359] [ 3] /lib/x86_64-linux-gnu/libc.so.6(+0x7a468)[0x7f36c67f3468]
[hydra12:360358] [ 3] /lib/x86_64-linux-gnu/libc.so.6(+0x7a468)[0x7fc5db8d6468]
[hydra12:360359] [ 4] /lib/x86_64-linux-gnu/libc.so.6(+0x8175a)[0x7f36c67fa75a]
[hydra12:360358] [ 4] /lib/x86_64-linux-gnu/libc.so.6(+0x8175a)[0x7fc5db8dd75a]
[hydra12:360359] [ 5] /lib/x86_64-linux-gnu/libc.so.6(+0x8483c)[0x7f36c67fd83c]
malloc(): invalid size (unsorted)
[hydra02:567457] *** Process received signal ***
[hydra02:567457] Signal: Aborted (6)
[hydra02:567457] Signal code:  (-6)
[hydra12:360358] [ 5] /lib/x86_64-linux-gnu/libc.so.6(+0x8483c)[0x7fc5db8e083c]
[hydra02:567456] [ 0] /lib/x86_64-linux-gnu/libc.so.6(+0x38de0)[0x7f4f76abcde0]
[hydra12:360359] [ 6] /lib/x86_64-linux-gnu/libc.so.6(__libc_calloc+0x81)[0x7f36c67ffbd1]
[hydra02:567457] [ 0] /lib/x86_64-linux-gnu/libc.so.6(+0x38de0)[0x7f55c61c4de0]
[hydra12:360358] [ 6] /lib/x86_64-linux-gnu/libc.so.6(__libc_calloc+0x81)[0x7fc5db8e2bd1]
[hydra02:567456] [ 1] /lib/x86_64-linux-gnu/libc.so.6(gsignal+0x141)[0x7f4f76abcd61]
[hydra12:360359] [ 7] /opt/mpi/openmpi-4.1.4//lib/libmpi.so.40(ompi_group_allocate+0x17)[0x7f36c86cd1e7]
[hydra02:567457] [ 1] /lib/x86_64-linux-gnu/libc.so.6(gsignal+0x141)[0x7f55c61c4d61]
[hydra12:360359] [ 8] /opt/mpi/openmpi-4.1.4//lib/libmpi.so.40(ompi_group_incl_plist+0x65)[0x7f36c86cd915]
[hydra02:567456] [ 2] /lib/x86_64-linux-gnu/libc.so.6(abort+0x123)[0x7f4f76aa6537]
malloc(): invalid size (unsorted)
[hydra02:567457] [ 2] /lib/x86_64-linux-gnu/libc.so.6(abort+0x123)[0x7f55c61ae537]
[hydra07:407038] [ 0] /lib/x86_64-linux-gnu/libc.so.6(+0x38de0)[0x7fdc18939de0]
[hydra12:360358] [ 7] /opt/mpi/openmpi-4.1.4//lib/libmpi.so.40(ompi_group_allocate+0x17)[0x7fc5dd7b01e7]
[hydra02:567456] [ 3] /lib/x86_64-linux-gnu/libc.so.6(+0x7a468)[0x7f4f76afe468]
[hydra07:407040] *** Process received signal ***
[hydra05:380015] [ 0] /lib/x86_64-linux-gnu/libc.so.6(+0x38de0)[0x7f44bb266de0]
[hydra12:360358] [ 8] /opt/mpi/openmpi-4.1.4//lib/libmpi.so.40(ompi_group_incl_plist+0x65)[0x7fc5dd7b0915]
[hydra02:567457] [ 3] /lib/x86_64-linux-gnu/libc.so.6(+0x7a468)[0x7f55c6206468]
malloc(): invalid size (unsorted)
[hydra08:382330] *** Process received signal ***
[hydra07:407038] [ 1] /lib/x86_64-linux-gnu/libc.so.6(gsignal+0x141)[0x7fdc18939d61]
[hydra05:380015] [ 1] /lib/x86_64-linux-gnu/libc.so.6(gsignal+0x141)[0x7f44bb266d61]
[hydra12:360359] [ 9] /opt/mpi/openmpi-4.1.4//lib/libmpi.so.40(PMPI_Group_incl+0x95)[0x7f36c86fe185]
[hydra12:360359] [10] /home/thesis/jheld/MPI_Syrk_implementation/build/src/MPI_SYRK_implementation(+0x841a)[0x55c584c3741a]
[hydra12:360359] [11] /home/thesis/jheld/MPI_Syrk_implementation/build/src/MPI_SYRK_implementation(+0x2ab0)[0x55c584c31ab0]
[hydra02:567456] [ 4] /lib/x86_64-linux-gnu/libc.so.6(+0x8175a)[0x7f4f76b0575a]
[hydra08:382330] Signal: Aborted (6)
[hydra08:382330] Signal code:  (-6)
[hydra03:397305] [ 0] /lib/x86_64-linux-gnu/libc.so.6(+0x38de0)[0x7fe0a1c00de0]
[hydra07:407040] Signal: Aborted (6)
[hydra07:407040] Signal code:  (-6)
[hydra05:380015] [ 2] /lib/x86_64-linux-gnu/libc.so.6(abort+0x123)[0x7f44bb250537]
[hydra12:360358] [ 9] /opt/mpi/openmpi-4.1.4//lib/libmpi.so.40(PMPI_Group_incl+0x95)[0x7fc5dd7e1185]
[hydra12:360358] [10] /home/thesis/jheld/MPI_Syrk_implementation/build/src/MPI_SYRK_implementation(+0x841a)[0x55b44bbc341a]
[hydra12:360358] [11] /home/thesis/jheld/MPI_Syrk_implementation/build/src/MPI_SYRK_implementation(+0x2ab0)[0x55b44bbbdab0]
[hydra02:567457] [ 4] /lib/x86_64-linux-gnu/libc.so.6(+0x8175a)[0x7f55c620d75a]
[hydra08:382331] [ 0] /lib/x86_64-linux-gnu/libc.so.6(+0x38de0)[0x7f13b2060de0]
[hydra03:397305] [ 1] /lib/x86_64-linux-gnu/libc.so.6(gsignal+0x141)[0x7fe0a1c00d61]
[hydra07:407038] [ 2] /lib/x86_64-linux-gnu/libc.so.6(abort+0x123)[0x7fdc18923537]
[hydra04:396067] [ 0] /lib/x86_64-linux-gnu/libc.so.6(+0x38de0)[0x7f1e60636de0]
[hydra05:380015] [ 3] /lib/x86_64-linux-gnu/libc.so.6(+0x7a468)[0x7f44bb2a8468]
[hydra12:360359] [12] /lib/x86_64-linux-gnu/libc.so.6(__libc_start_main+0xea)[0x7f36c679cd7a]
[hydra12:360359] [13] /home/thesis/jheld/MPI_Syrk_implementation/build/src/MPI_SYRK_implementation(+0x232a)[0x55c584c3132a]
[hydra12:360359] *** End of error message ***
[hydra02:567456] [ 5] /lib/x86_64-linux-gnu/libc.so.6(+0x8483c)[0x7f4f76b0883c]
[hydra08:382330] [ 0] /lib/x86_64-linux-gnu/libc.so.6(+0x38de0)[0x7fc0e4e7cde0]
[hydra03:397305] [ 2] /lib/x86_64-linux-gnu/libc.so.6(abort+0x123)[0x7fe0a1bea537]
[hydra07:407038] [ 3] /lib/x86_64-linux-gnu/libc.so.6(+0x7a468)[0x7fdc1897b468]
[hydra04:396067] [ 1] /lib/x86_64-linux-gnu/libc.so.6(gsignal+0x141)[0x7f1e60636d61]
[hydra05:380015] [ 4] /lib/x86_64-linux-gnu/libc.so.6(+0x8175a)[0x7f44bb2af75a]
[hydra12:360358] [12] /lib/x86_64-linux-gnu/libc.so.6(__libc_start_main+0xea)[0x7fc5db87fd7a]
[hydra12:360358] [13] /home/thesis/jheld/MPI_Syrk_implementation/build/src/MPI_SYRK_implementation(+0x232a)[0x55b44bbbd32a]
[hydra12:360358] *** End of error message ***
[hydra02:567457] [ 5] /lib/x86_64-linux-gnu/libc.so.6(+0x8483c)[0x7f55c621083c]
[hydra08:382331] [ 1] /lib/x86_64-linux-gnu/libc.so.6(gsignal+0x141)[0x7f13b2060d61]
[hydra03:397305] [ 3] /lib/x86_64-linux-gnu/libc.so.6(+0x7a468)[0x7fe0a1c42468]
[hydra07:407038] [ 4] /lib/x86_64-linux-gnu/libc.so.6(+0x8175a)[0x7fdc1898275a]
[hydra04:396067] [ 2] /lib/x86_64-linux-gnu/libc.so.6(abort+0x123)[0x7f1e60620537]
[hydra05:380015] [ 5] /lib/x86_64-linux-gnu/libc.so.6(+0x8483c)[0x7f44bb2b283c]
[hydra02:567456] [ 6] /lib/x86_64-linux-gnu/libc.so.6(__libc_calloc+0x81)[0x7f4f76b0abd1]
[hydra08:382330] [ 1] /lib/x86_64-linux-gnu/libc.so.6(gsignal+0x141)[0x7fc0e4e7cd61]
[hydra03:397305] [ 4] /lib/x86_64-linux-gnu/libc.so.6(+0x8175a)[0x7fe0a1c4975a]
[hydra07:407040] [ 0] /lib/x86_64-linux-gnu/libc.so.6(+0x38de0)[0x7f4119519de0]
[hydra04:396067] [ 3] /lib/x86_64-linux-gnu/libc.so.6(+0x7a468)[0x7f1e60678468]
[hydra05:380015] [ 6] /lib/x86_64-linux-gnu/libc.so.6(__libc_calloc+0x81)[0x7f44bb2b4bd1]
[hydra02:567457] [ 6] /lib/x86_64-linux-gnu/libc.so.6(__libc_calloc+0x81)[0x7f55c6212bd1]
[hydra08:382331] [ 2] /lib/x86_64-linux-gnu/libc.so.6(abort+0x123)[0x7f13b204a537]
[hydra03:397305] [ 5] /lib/x86_64-linux-gnu/libc.so.6(+0x8483c)[0x7fe0a1c4c83c]
[hydra11:360398] [ 0] /lib/x86_64-linux-gnu/libc.so.6(+0x38de0)[0x7fec6ececde0]
[hydra07:407038] [ 5] /lib/x86_64-linux-gnu/libc.so.6(+0x8483c)[0x7fdc1898583c]
[hydra04:396067] [ 4] /lib/x86_64-linux-gnu/libc.so.6(+0x8175a)[0x7f1e6067f75a]
[hydra05:380015] [ 7] /opt/mpi/openmpi-4.1.4//lib/libmpi.so.40(ompi_group_allocate+0x17)[0x7f44bd1821e7]
[hydra02:567456] [ 7] /opt/mpi/openmpi-4.1.4//lib/libmpi.so.40(ompi_group_allocate+0x17)[0x7f4f789d81e7]
[hydra08:382330] [ 2] /lib/x86_64-linux-gnu/libc.so.6(abort+0x123)[0x7fc0e4e66537]
[hydra03:397305] [ 6] /lib/x86_64-linux-gnu/libc.so.6(__libc_calloc+0x81)[0x7fe0a1c4ebd1]
[hydra11:360398] [ 1] /lib/x86_64-linux-gnu/libc.so.6(gsignal+0x141)[0x7fec6ececd61]
[hydra07:407040] [ 1] /lib/x86_64-linux-gnu/libc.so.6(gsignal+0x141)[0x7f4119519d61]
[hydra04:396067] [ 5] /lib/x86_64-linux-gnu/libc.so.6(+0x8483c)[0x7f1e6068283c]
[hydra05:380015] [ 8] /opt/mpi/openmpi-4.1.4//lib/libmpi.so.40(ompi_group_incl_plist+0x65)[0x7f44bd182915]
[hydra02:567457] [ 7] /opt/mpi/openmpi-4.1.4//lib/libmpi.so.40(ompi_group_allocate+0x17)[0x7f55c80e01e7]
[hydra08:382331] [ 3] /lib/x86_64-linux-gnu/libc.so.6(+0x7a468)[0x7f13b20a2468]
[hydra03:397305] [ 7] /opt/mpi/openmpi-4.1.4//lib/libmpi.so.40(ompi_group_allocate+0x17)[0x7fe0a3b1c1e7]
[hydra11:360398] [ 2] /lib/x86_64-linux-gnu/libc.so.6(abort+0x123)[0x7fec6ecd6537]
[hydra09:373607] [ 0] /lib/x86_64-linux-gnu/libc.so.6(+0x38de0)[0x7f742ea35de0]
[hydra07:407038] [ 6] /lib/x86_64-linux-gnu/libc.so.6(__libc_calloc+0x81)[0x7fdc18987bd1]
[hydra04:396067] [ 6] /lib/x86_64-linux-gnu/libc.so.6(__libc_calloc+0x81)[0x7f1e60684bd1]
[hydra05:380015] [ 9] /opt/mpi/openmpi-4.1.4//lib/libmpi.so.40(PMPI_Group_incl+0x95)[0x7f44bd1b3185]
[hydra06:380692] [ 0] /lib/x86_64-linux-gnu/libc.so.6(+0x38de0)[0x7f8ca6fcdde0]
[hydra02:567456] [ 8] /opt/mpi/openmpi-4.1.4//lib/libmpi.so.40(ompi_group_incl_plist+0x65)[0x7f4f789d8915]
[hydra08:382330] [ 3] /lib/x86_64-linux-gnu/libc.so.6(+0x7a468)[0x7fc0e4ebe468]
[hydra03:397305] [ 8] /opt/mpi/openmpi-4.1.4//lib/libmpi.so.40(ompi_group_incl_plist+0x65)[0x7fe0a3b1c915]
[hydra11:360398] [ 3] /lib/x86_64-linux-gnu/libc.so.6(+0x7a468)[0x7fec6ed2e468]
[hydra09:373607] [ 1] /lib/x86_64-linux-gnu/libc.so.6(gsignal+0x141)[0x7f742ea35d61]
[hydra07:407040] [ 2] /lib/x86_64-linux-gnu/libc.so.6(abort+0x123)[0x7f4119503537]
[hydra04:396067] [ 7] /opt/mpi/openmpi-4.1.4//lib/libmpi.so.40(ompi_group_allocate+0x17)[0x7f1e625521e7]
[hydra05:380015] [10] /home/thesis/jheld/MPI_Syrk_implementation/build/src/MPI_SYRK_implementation(+0x841a)[0x555e8695141a]
[hydra05:380015] [11] /home/thesis/jheld/MPI_Syrk_implementation/build/src/MPI_SYRK_implementation(+0x2ab0)[0x555e8694bab0]
[hydra06:380692] [ 1] /lib/x86_64-linux-gnu/libc.so.6(gsignal+0x141)[0x7f8ca6fcdd61]
[hydra02:567457] [ 8] /opt/mpi/openmpi-4.1.4//lib/libmpi.so.40(ompi_group_incl_plist+0x65)[0x7f55c80e0915]
[hydra08:382331] [ 4] /lib/x86_64-linux-gnu/libc.so.6(+0x8175a)[0x7f13b20a975a]
[hydra03:397305] [ 9] /opt/mpi/openmpi-4.1.4//lib/libmpi.so.40(PMPI_Group_incl+0x95)[0x7fe0a3b4d185]
[hydra03:397305] [10] /home/thesis/jheld/MPI_Syrk_implementation/build/src/MPI_SYRK_implementation(+0x841a)[0x55fd519a741a]
[hydra11:360398] [ 4] /lib/x86_64-linux-gnu/libc.so.6(+0x8175a)[0x7fec6ed3575a]
[hydra09:373607] [ 2] /lib/x86_64-linux-gnu/libc.so.6(abort+0x123)[0x7f742ea1f537]
[hydra07:407038] [ 7] /opt/mpi/openmpi-4.1.4//lib/libmpi.so.40(ompi_group_allocate+0x17)[0x7fdc1a8551e7]
[hydra04:396067] [ 8] /opt/mpi/openmpi-4.1.4//lib/libmpi.so.40(ompi_group_incl_plist+0x65)[0x7f1e62552915]
[hydra05:380015] [12] /lib/x86_64-linux-gnu/libc.so.6(__libc_start_main+0xea)[0x7f44bb251d7a]
[hydra05:380015] [13] /home/thesis/jheld/MPI_Syrk_implementation/build/src/MPI_SYRK_implementation(+0x232a)[0x555e8694b32a]
[hydra06:380692] [ 2] /lib/x86_64-linux-gnu/libc.so.6(abort+0x123)[0x7f8ca6fb7537]
[hydra02:567456] [ 9] /opt/mpi/openmpi-4.1.4//lib/libmpi.so.40(PMPI_Group_incl+0x95)[0x7f4f78a09185]
[hydra08:382331] [ 5] /lib/x86_64-linux-gnu/libc.so.6(+0x8483c)[0x7f13b20ac83c]
[hydra03:397305] [11] /home/thesis/jheld/MPI_Syrk_implementation/build/src/MPI_SYRK_implementation(+0x2ab0)[0x55fd519a1ab0]
[hydra11:360398] [ 5] /lib/x86_64-linux-gnu/libc.so.6(+0x8483c)[0x7fec6ed3883c]
[hydra09:373607] [ 3] /lib/x86_64-linux-gnu/libc.so.6(+0x7a468)[0x7f742ea77468]
[hydra07:407040] [ 3] /lib/x86_64-linux-gnu/libc.so.6(+0x7a468)[0x7f411955b468]
[hydra04:396067] [ 9] /opt/mpi/openmpi-4.1.4//lib/libmpi.so.40(PMPI_Group_incl+0x95)[0x7f1e62583185]
[hydra04:396067] [10] /home/thesis/jheld/MPI_Syrk_implementation/build/src/MPI_SYRK_implementation(+0x841a)[0x5637f346441a]
[hydra05:380015] *** End of error message ***
[hydra06:380692] [ 3] /lib/x86_64-linux-gnu/libc.so.6(+0x7a468)[0x7f8ca700f468]
[hydra02:567457] [ 9] /opt/mpi/openmpi-4.1.4//lib/libmpi.so.40(PMPI_Group_incl+0x95)[0x7f55c8111185]
[hydra02:567457] [10] /home/thesis/jheld/MPI_Syrk_implementation/build/src/MPI_SYRK_implementation(+0x841a)[0x559685c5941a]
[hydra08:382330] [ 4] /lib/x86_64-linux-gnu/libc.so.6(+0x8175a)[0x7fc0e4ec575a]
[hydra03:397305] [12] /lib/x86_64-linux-gnu/libc.so.6(__libc_start_main+0xea)[0x7fe0a1bebd7a]
[hydra03:397305] [13] /home/thesis/jheld/MPI_Syrk_implementation/build/src/MPI_SYRK_implementation(+0x232a)[0x55fd519a132a]
[hydra11:360398] [ 6] /lib/x86_64-linux-gnu/libc.so.6(__libc_calloc+0x81)[0x7fec6ed3abd1]
[hydra09:373607] [ 4] /lib/x86_64-linux-gnu/libc.so.6(+0x8175a)[0x7f742ea7e75a]
[hydra07:407038] [ 8] /opt/mpi/openmpi-4.1.4//lib/libmpi.so.40(ompi_group_incl_plist+0x65)[0x7fdc1a855915]
[hydra04:396067] [11] /home/thesis/jheld/MPI_Syrk_implementation/build/src/MPI_SYRK_implementation(+0x2ab0)[0x5637f345eab0]
[hydra06:380692] [ 4] /lib/x86_64-linux-gnu/libc.so.6(+0x8175a)[0x7f8ca701675a]
[hydra08:382330] [ 5] /lib/x86_64-linux-gnu/libc.so.6(+0x8483c)[0x7fc0e4ec883c]
[hydra03:397305] *** End of error message ***
[hydra11:360398] [ 7] /opt/mpi/openmpi-4.1.4//lib/libmpi.so.40(ompi_group_allocate+0x17)[0x7fec70c081e7]
[hydra09:373607] [ 5] /lib/x86_64-linux-gnu/libc.so.6(+0x8483c)[0x7f742ea8183c]
[hydra07:407040] [ 4] /lib/x86_64-linux-gnu/libc.so.6(+0x8175a)[0x7f411956275a]
[hydra04:396067] [12] /lib/x86_64-linux-gnu/libc.so.6(__libc_start_main+0xea)[0x7f1e60621d7a]
[hydra04:396067] [13] /home/thesis/jheld/MPI_Syrk_implementation/build/src/MPI_SYRK_implementation(+0x232a)[0x5637f345e32a]
[hydra06:380692] [ 5] /lib/x86_64-linux-gnu/libc.so.6(+0x8483c)[0x7f8ca701983c]
[hydra08:382331] [ 6] /lib/x86_64-linux-gnu/libc.so.6(__libc_calloc+0x81)[0x7f13b20aebd1]
[hydra11:360398] [ 8] /opt/mpi/openmpi-4.1.4//lib/libmpi.so.40(ompi_group_incl_plist+0x65)[0x7fec70c08915]
[hydra09:373607] [ 6] /lib/x86_64-linux-gnu/libc.so.6(__libc_calloc+0x81)[0x7f742ea83bd1]
[hydra07:407038] [ 9] /opt/mpi/openmpi-4.1.4//lib/libmpi.so.40(PMPI_Group_incl+0x95)[0x7fdc1a886185]
[hydra04:396067] *** End of error message ***
[hydra06:380692] [ 6] /lib/x86_64-linux-gnu/libc.so.6(__libc_calloc+0x81)[0x7f8ca701bbd1]
[hydra08:382331] [ 7] /opt/mpi/openmpi-4.1.4//lib/libmpi.so.40(ompi_group_allocate+0x17)[0x7f13b3f7c1e7]
[hydra11:360398] [ 9] /opt/mpi/openmpi-4.1.4//lib/libmpi.so.40(PMPI_Group_incl+0x95)[0x7fec70c39185]
[hydra09:373607] [ 7] /opt/mpi/openmpi-4.1.4//lib/libmpi.so.40(ompi_group_allocate+0x17)[0x7f74309511e7]
[hydra07:407038] [10] /home/thesis/jheld/MPI_Syrk_implementation/build/src/MPI_SYRK_implementation(+0x841a)[0x55cc8607141a]
[hydra07:407038] [11] /home/thesis/jheld/MPI_Syrk_implementation/build/src/MPI_SYRK_implementation(+0x2ab0)[0x55cc8606bab0]
[hydra06:380692] [ 7] /opt/mpi/openmpi-4.1.4//lib/libmpi.so.40(ompi_group_allocate+0x17)[0x7f8ca8ee91e7]
[hydra08:382330] [ 6] /lib/x86_64-linux-gnu/libc.so.6(__libc_calloc+0x81)[0x7fc0e4ecabd1]
[hydra11:360398] [10] /home/thesis/jheld/MPI_Syrk_implementation/build/src/MPI_SYRK_implementation(+0x841a)[0x55813150541a]
[hydra11:360398] [11] /home/thesis/jheld/MPI_Syrk_implementation/build/src/MPI_SYRK_implementation(+0x2ab0)[0x5581314ffab0]
[hydra09:373607] [ 8] /opt/mpi/openmpi-4.1.4//lib/libmpi.so.40(ompi_group_incl_plist+0x65)[0x7f7430951915]
[hydra07:407040] [ 5] /lib/x86_64-linux-gnu/libc.so.6(+0x8483c)[0x7f411956583c]
[hydra06:380692] [ 8] /opt/mpi/openmpi-4.1.4//lib/libmpi.so.40(ompi_group_incl_plist+0x65)[0x7f8ca8ee9915]
[hydra08:382331] [ 8] /opt/mpi/openmpi-4.1.4//lib/libmpi.so.40(ompi_group_incl_plist+0x65)[0x7f13b3f7c915]
[hydra11:360398] [12] /lib/x86_64-linux-gnu/libc.so.6(__libc_start_main+0xea)[0x7fec6ecd7d7a]
[hydra11:360398] [13] /home/thesis/jheld/MPI_Syrk_implementation/build/src/MPI_SYRK_implementation(+0x232a)[0x5581314ff32a]
[hydra09:373607] [ 9] /opt/mpi/openmpi-4.1.4//lib/libmpi.so.40(PMPI_Group_incl+0x95)[0x7f7430982185]
[hydra09:373607] [10] /home/thesis/jheld/MPI_Syrk_implementation/build/src/MPI_SYRK_implementation(+0x841a)[0x55b1963c341a]
[hydra07:407038] [12] /lib/x86_64-linux-gnu/libc.so.6(__libc_start_main+0xea)[0x7fdc18924d7a]
[hydra07:407038] [13] /home/thesis/jheld/MPI_Syrk_implementation/build/src/MPI_SYRK_implementation(+0x232a)[0x55cc8606b32a]
[hydra07:407038] *** End of error message ***
[hydra06:380692] [ 9] /opt/mpi/openmpi-4.1.4//lib/libmpi.so.40(PMPI_Group_incl+0x95)[0x7f8ca8f1a185]
[hydra08:382330] [ 7] /opt/mpi/openmpi-4.1.4//lib/libmpi.so.40(ompi_group_allocate+0x17)[0x7fc0e6d981e7]
[hydra11:360398] *** End of error message ***
[hydra09:373607] [11] /home/thesis/jheld/MPI_Syrk_implementation/build/src/MPI_SYRK_implementation(+0x2ab0)[0x55b1963bdab0]
[hydra07:407040] [ 6] /lib/x86_64-linux-gnu/libc.so.6(__libc_calloc+0x81)[0x7f4119567bd1]
[hydra06:380692] [10] /home/thesis/jheld/MPI_Syrk_implementation/build/src/MPI_SYRK_implementation(+0x841a)[0x5627754ea41a]
[hydra06:380692] [11] /home/thesis/jheld/MPI_Syrk_implementation/build/src/MPI_SYRK_implementation(+0x2ab0)[0x5627754e4ab0]
[hydra08:382330] [ 8] /opt/mpi/openmpi-4.1.4//lib/libmpi.so.40(ompi_group_incl_plist+0x65)[0x7fc0e6d98915]
[hydra09:373607] [12] /lib/x86_64-linux-gnu/libc.so.6(__libc_start_main+0xea)[0x7f742ea20d7a]
[hydra07:407040] [ 7] /opt/mpi/openmpi-4.1.4//lib/libmpi.so.40(ompi_group_allocate+0x17)[0x7f411b4351e7]
[hydra06:380692] [12] /lib/x86_64-linux-gnu/libc.so.6(__libc_start_main+0xea)[0x7f8ca6fb8d7a]
[hydra08:382331] [ 9] /opt/mpi/openmpi-4.1.4//lib/libmpi.so.40(PMPI_Group_incl+0x95)[0x7f13b3fad185]
[hydra08:382331] [10] /home/thesis/jheld/MPI_Syrk_implementation/build/src/MPI_SYRK_implementation(+0x841a)[0x558965a3f41a]
[hydra08:382331] [11] /home/thesis/jheld/MPI_Syrk_implementation/build/src/MPI_SYRK_implementation(+0x2ab0)[0x558965a39ab0]
[hydra09:373607] [13] /home/thesis/jheld/MPI_Syrk_implementation/build/src/MPI_SYRK_implementation(+0x232a)[0x55b1963bd32a]
[hydra09:373607] *** End of error message ***
[hydra06:380692] [13] /home/thesis/jheld/MPI_Syrk_implementation/build/src/MPI_SYRK_implementation(+0x232a)[0x5627754e432a]
[hydra06:380692] *** End of error message ***
[hydra08:382330] [ 9] /opt/mpi/openmpi-4.1.4//lib/libmpi.so.40(PMPI_Group_incl+0x95)[0x7fc0e6dc9185]
[hydra08:382330] [10] /home/thesis/jheld/MPI_Syrk_implementation/build/src/MPI_SYRK_implementation(+0x841a)[0x55ba9cb1541a]
[hydra07:407040] [ 8] /opt/mpi/openmpi-4.1.4//lib/libmpi.so.40(ompi_group_incl_plist+0x65)[0x7f411b435915]
[hydra07:407040] [ 9] /opt/mpi/openmpi-4.1.4//lib/libmpi.so.40(PMPI_Group_incl+0x95)[0x7f411b466185]
[hydra07:407040] [10] /home/thesis/jheld/MPI_Syrk_implementation/build/src/MPI_SYRK_implementation(+0x841a)[0x55c4834b741a]
[hydra07:407040] [11] /home/thesis/jheld/MPI_Syrk_implementation/build/src/MPI_SYRK_implementation(+0x2ab0)[0x55c4834b1ab0]
[hydra07:407040] [12] /lib/x86_64-linux-gnu/libc.so.6(__libc_start_main+0xea)[0x7f4119504d7a]
[hydra07:407040] [13] /home/thesis/jheld/MPI_Syrk_implementation/build/src/MPI_SYRK_implementation(+0x232a)[0x55c4834b132a]
[hydra07:407040] *** End of error message ***
[hydra02:567456] [10] /home/thesis/jheld/MPI_Syrk_implementation/build/src/MPI_SYRK_implementation(+0x841a)[0x5564a042a41a]
[hydra02:567456] [11] /home/thesis/jheld/MPI_Syrk_implementation/build/src/MPI_SYRK_implementation(+0x2ab0)[0x5564a0424ab0]
[hydra02:567457] [11] /home/thesis/jheld/MPI_Syrk_implementation/build/src/MPI_SYRK_implementation(+0x2ab0)[0x559685c53ab0]
[hydra02:567457] [12] /lib/x86_64-linux-gnu/libc.so.6(__libc_start_main+0xea)[0x7f55c61afd7a]
[hydra02:567456] [12] /lib/x86_64-linux-gnu/libc.so.6(__libc_start_main+0xea)[0x7f4f76aa7d7a]
[hydra02:567456] [13] /home/thesis/jheld/MPI_Syrk_implementation/build/src/MPI_SYRK_implementation(+0x232a)[0x5564a042432a]
[hydra02:567456] *** End of error message ***
[hydra08:382330] [11] /home/thesis/jheld/MPI_Syrk_implementation/build/src/MPI_SYRK_implementation(+0x2ab0)[0x55ba9cb0fab0]
[hydra02:567457] [13] /home/thesis/jheld/MPI_Syrk_implementation/build/src/MPI_SYRK_implementation(+0x232a)[0x559685c5332a]
[hydra02:567457] *** End of error message ***
[hydra08:382331] [12] /lib/x86_64-linux-gnu/libc.so.6(__libc_start_main+0xea)[0x7f13b204bd7a]
[hydra08:382331] [13] /home/thesis/jheld/MPI_Syrk_implementation/build/src/MPI_SYRK_implementation(+0x232a)[0x558965a3932a]
[hydra08:382331] *** End of error message ***
[hydra08:382330] [12] /lib/x86_64-linux-gnu/libc.so.6(__libc_start_main+0xea)[0x7fc0e4e67d7a]
[hydra08:382330] [13] /home/thesis/jheld/MPI_Syrk_implementation/build/src/MPI_SYRK_implementation(+0x232a)[0x55ba9cb0f32a]
[hydra08:382330] *** End of error message ***
srun: error: hydra06: task 15: Aborted
srun: error: hydra03: task 7: Aborted
srun: error: hydra05: task 13: Aborted
srun: error: hydra04: task 11: Aborted
srun: error: hydra09: task 26: Aborted
srun: error: hydra11: task 31: Aborted
srun: error: hydra12: tasks 33-34: Aborted
srun: error: hydra08: tasks 21-22: Aborted
srun: error: hydra07: tasks 18,20: Aborted
srun: error: hydra02: tasks 3-4: Aborted
slurmstepd: error:  mpi/pmix_v4: _errhandler: hydra12 [11]: pmixp_client_v2.c:211: Error handler invoked: status = -61, source = [slurm.pmix.5008693.23:34]
slurmstepd: error:  mpi/pmix_v4: _errhandler: hydra09 [8]: pmixp_client_v2.c:211: Error handler invoked: status = -61, source = [slurm.pmix.5008693.23:26]
slurmstepd: error:  mpi/pmix_v4: _errhandler: hydra11 [10]: pmixp_client_v2.c:211: Error handler invoked: status = -61, source = [slurm.pmix.5008693.23:31]
slurmstepd: error:  mpi/pmix_v4: _errhandler: hydra04 [3]: pmixp_client_v2.c:211: Error handler invoked: status = -61, source = [slurm.pmix.5008693.23:11]
slurmstepd: error:  mpi/pmix_v4: _errhandler: hydra06 [5]: pmixp_client_v2.c:211: Error handler invoked: status = -61, source = [slurm.pmix.5008693.23:15]
slurmstepd: error:  mpi/pmix_v4: _errhandler: hydra05 [4]: pmixp_client_v2.c:211: Error handler invoked: status = -61, source = [slurm.pmix.5008693.23:13]
slurmstepd: error:  mpi/pmix_v4: _errhandler: hydra07 [6]: pmixp_client_v2.c:211: Error handler invoked: status = -61, source = [slurm.pmix.5008693.23:18]
slurmstepd: error:  mpi/pmix_v4: _errhandler: hydra03 [2]: pmixp_client_v2.c:211: Error handler invoked: status = -61, source = [slurm.pmix.5008693.23:7]
slurmstepd: error: *** STEP 5008693.23 ON hydra01 CANCELLED AT 2025-10-13T15:31:50 ***
srun: Job step aborted: Waiting up to 32 seconds for job step to finish.
srun: error: hydra07: task 19: Killed
srun: error: hydra02: task 5: Killed
srun: error: hydra12: task 35: Killed
srun: error: hydra08: task 23: Killed
srun: error: hydra03: tasks 6,8: Killed
srun: error: hydra09: tasks 24-25: Killed
srun: error: hydra04: tasks 9-10: Killed
srun: error: hydra06: tasks 16-17: Killed
srun: error: hydra11: tasks 30,32: Killed
srun: error: hydra10: tasks 27-29: Killed
srun: error: hydra05: tasks 12,14: Killed
srun: error: hydra01: tasks 0-2: Killed
⚠️ Warning: No runtime found for run 24
srun: Warning: can't honor --ntasks-per-node set to 1 which doesn't match the requested tasks 36 with the number of requested nodes 12. Ignoring --ntasks-per-node.
missing input file name --> Generate random input
malloc(): invalid size (unsorted)
malloc(): invalid size (unsorted)
[hydra01:883488] *** Process received signal ***
[hydra01:883488] Signal: Aborted (6)
[hydra01:883488] Signal code:  (-6)
[hydra01:883488] [ 0] /lib/x86_64-linux-gnu/libc.so.6(+0x38de0)[0x7f54f566fde0]
[hydra01:883488] [ 1] /lib/x86_64-linux-gnu/libc.so.6(gsignal+0x141)[0x7f54f566fd61]
[hydra01:883488] [ 2] /lib/x86_64-linux-gnu/libc.so.6(abort+0x123)[0x7f54f5659537]
malloc(): invalid size (unsorted)
[hydra05:380073] *** Process received signal ***
[hydra05:380073] Signal: Aborted (6)
[hydra05:380073] Signal code:  (-6)
malloc(): invalid size (unsorted)
[hydra03:397364] *** Process received signal ***
[hydra03:397364] Signal: Aborted (6)
[hydra03:397364] Signal code:  (-6)
malloc(): invalid size (unsorted)
[hydra09:373666] *** Process received signal ***
[hydra09:373666] Signal: Aborted (6)
[hydra09:373666] Signal code:  (-6)
[hydra01:883488] [ 3] /lib/x86_64-linux-gnu/libc.so.6(+0x7a468)[0x7f54f56b1468]
malloc(): invalid size (unsorted)
[hydra07:407098] *** Process received signal ***
[hydra07:407098] Signal: Aborted (6)
[hydra07:407098] Signal code:  (-6)
malloc(): invalid size (unsorted)
[hydra06:380753] *** Process received signal ***
[hydra06:380753] Signal: Aborted (6)
[hydra06:380753] Signal code:  (-6)
malloc(): invalid size (unsorted)
[hydra02:567531] *** Process received signal ***
[hydra02:567531] Signal: Aborted (6)
[hydra02:567531] Signal code:  (-6)
malloc(): invalid size (unsorted)
[hydra04:396126] *** Process received signal ***
[hydra04:396126] Signal: Aborted (6)
[hydra04:396126] Signal code:  (-6)
[hydra01:883488] [ 4] /lib/x86_64-linux-gnu/libc.so.6(+0x8175a)[0x7f54f56b875a]
[hydra01:883488] [ 5] /lib/x86_64-linux-gnu/libc.so.6(+0x8483c)[0x7f54f56bb83c]
malloc(): invalid size (unsorted)
[hydra12:360418] *** Process received signal ***
[hydra12:360418] Signal: Aborted (6)
[hydra12:360418] Signal code:  (-6)
[hydra01:883488] [ 6] /lib/x86_64-linux-gnu/libc.so.6(__libc_calloc+0x81)[0x7f54f56bdbd1]
malloc(): invalid size (unsorted)
[hydra08:382390] *** Process received signal ***
[hydra08:382390] Signal: Aborted (6)
[hydra08:382390] Signal code:  (-6)
[hydra12:360417] *** Process received signal ***
[hydra12:360417] Signal: Aborted (6)
[hydra12:360417] Signal code:  (-6)
[hydra01:883488] [ 7] /opt/mpi/openmpi-4.1.4//lib/libmpi.so.40(ompi_group_allocate+0x17)[0x7f54f758b1e7]
[hydra12:360418] [ 0] /lib/x86_64-linux-gnu/libc.so.6(+0x38de0)[0x7f4050536de0]
[hydra01:883488] [ 8] /opt/mpi/openmpi-4.1.4//lib/libmpi.so.40(ompi_group_incl_plist+0x65)[0x7f54f758b915]
malloc(): invalid size (unsorted)
[hydra08:382389] *** Process received signal ***
[hydra08:382389] Signal: Aborted (6)
[hydra08:382389] Signal code:  (-6)
malloc(): invalid size (unsorted)
[hydra10:491938] *** Process received signal ***
[hydra10:491938] Signal: Aborted (6)
[hydra10:491938] Signal code:  (-6)
[hydra12:360417] [ 0] /lib/x86_64-linux-gnu/libc.so.6(+0x38de0)[0x7f0a852ddde0]
[hydra08:382390] [ 0] /lib/x86_64-linux-gnu/libc.so.6(+0x38de0)[0x7f2a8d911de0]
[hydra12:360418] [ 1] /lib/x86_64-linux-gnu/libc.so.6(gsignal+0x141)[0x7f4050536d61]
[hydra12:360418] [ 2] /lib/x86_64-linux-gnu/libc.so.6(abort+0x123)[0x7f4050520537]
[hydra08:382390] [ 1] /lib/x86_64-linux-gnu/libc.so.6(gsignal+0x141)[0x7f2a8d911d61]
[hydra12:360417] [ 1] /lib/x86_64-linux-gnu/libc.so.6(gsignal+0x141)[0x7f0a852ddd61]
[hydra01:883488] [ 9] /opt/mpi/openmpi-4.1.4//lib/libmpi.so.40(PMPI_Group_incl+0x95)[0x7f54f75bc185]
[hydra08:382389] [ 0] /lib/x86_64-linux-gnu/libc.so.6(+0x38de0)[0x7f5c3825fde0]
[hydra12:360417] [ 2] /lib/x86_64-linux-gnu/libc.so.6(abort+0x123)[0x7f0a852c7537]
[hydra01:883488] [10] /home/thesis/jheld/MPI_Syrk_implementation/build/src/MPI_SYRK_implementation(+0x841a)[0x55bd2ed6441a]
[hydra01:883488] [11] /home/thesis/jheld/MPI_Syrk_implementation/build/src/MPI_SYRK_implementation(+0x2ab0)[0x55bd2ed5eab0]
[hydra08:382390] [ 2] /lib/x86_64-linux-gnu/libc.so.6(abort+0x123)[0x7f2a8d8fb537]
[hydra12:360418] [ 3] /lib/x86_64-linux-gnu/libc.so.6(+0x7a468)[0x7f4050578468]
[hydra01:883488] [12] /lib/x86_64-linux-gnu/libc.so.6(__libc_start_main+0xea)[0x7f54f565ad7a]
[hydra01:883488] [13] /home/thesis/jheld/MPI_Syrk_implementation/build/src/MPI_SYRK_implementation(+0x232a)[0x55bd2ed5e32a]
[hydra01:883488] *** End of error message ***
[hydra08:382389] [ 1] /lib/x86_64-linux-gnu/libc.so.6(gsignal+0x141)[0x7f5c3825fd61]
[hydra12:360417] [ 3] /lib/x86_64-linux-gnu/libc.so.6(+0x7a468)[0x7f0a8531f468]
[hydra12:360418] [ 4] /lib/x86_64-linux-gnu/libc.so.6(+0x8175a)[0x7f405057f75a]
[hydra08:382390] [ 3] /lib/x86_64-linux-gnu/libc.so.6(+0x7a468)[0x7f2a8d953468]
[hydra12:360417] [ 4] /lib/x86_64-linux-gnu/libc.so.6(+0x8175a)[0x7f0a8532675a]
[hydra08:382389] [ 2] /lib/x86_64-linux-gnu/libc.so.6(abort+0x123)[0x7f5c38249537]
[hydra12:360418] [ 5] /lib/x86_64-linux-gnu/libc.so.6(+0x8483c)[0x7f405058283c]
[hydra08:382390] [ 4] /lib/x86_64-linux-gnu/libc.so.6(+0x8175a)[0x7f2a8d95a75a]
malloc(): invalid size (unsorted)
[hydra12:360417] [ 5] /lib/x86_64-linux-gnu/libc.so.6(+0x8483c)[0x7f0a8532983c]
[hydra08:382389] [ 3] /lib/x86_64-linux-gnu/libc.so.6(+0x7a468)[0x7f5c382a1468]
[hydra05:380073] [ 0] /lib/x86_64-linux-gnu/libc.so.6(+0x38de0)[0x7f22d31adde0]
[hydra12:360418] [ 6] /lib/x86_64-linux-gnu/libc.so.6(__libc_calloc+0x81)[0x7f4050584bd1]
[hydra08:382390] [ 5] /lib/x86_64-linux-gnu/libc.so.6(+0x8483c)[0x7f2a8d95d83c]
malloc(): invalid size (unsorted)
[hydra05:380075] *** Process received signal ***
[hydra12:360417] [ 6] /lib/x86_64-linux-gnu/libc.so.6(__libc_calloc+0x81)[0x7f0a8532bbd1]
[hydra08:382390] [ 6] /lib/x86_64-linux-gnu/libc.so.6(__libc_calloc+0x81)[0x7f2a8d95fbd1]
[hydra03:397365] *** Process received signal ***
[hydra03:397365] Signal: Aborted (6)
[hydra03:397365] Signal code:  (-6)
[hydra05:380073] [ 1] /lib/x86_64-linux-gnu/libc.so.6(gsignal+0x141)[0x7f22d31add61]
[hydra12:360418] [ 7] /opt/mpi/openmpi-4.1.4//lib/libmpi.so.40(ompi_group_allocate+0x17)[0x7f40524521e7]
[hydra08:382389] [ 4] /lib/x86_64-linux-gnu/libc.so.6(+0x8175a)[0x7f5c382a875a]
[hydra03:397364] [ 0] /lib/x86_64-linux-gnu/libc.so.6(+0x38de0)[0x7f8c7fa42de0]
[hydra06:380753] [ 0] /lib/x86_64-linux-gnu/libc.so.6(+0x38de0)[0x7f66db66cde0]
[hydra05:380075] Signal: Aborted (6)
[hydra05:380075] Signal code:  (-6)
[hydra12:360418] [ 8] /opt/mpi/openmpi-4.1.4//lib/libmpi.so.40(ompi_group_incl_plist+0x65)[0x7f4052452915]
[hydra02:567531] [ 0] /lib/x86_64-linux-gnu/libc.so.6(+0x38de0)[0x7ff995e2fde0]
[hydra08:382390] [ 7] /opt/mpi/openmpi-4.1.4//lib/libmpi.so.40(ompi_group_allocate+0x17)[0x7f2a8f82d1e7]
[hydra03:397364] [ 1] /lib/x86_64-linux-gnu/libc.so.6(gsignal+0x141)[0x7f8c7fa42d61]
[hydra06:380753] [ 1] /lib/x86_64-linux-gnu/libc.so.6(gsignal+0x141)[0x7f66db66cd61]
[hydra05:380073] [ 2] /lib/x86_64-linux-gnu/libc.so.6(abort+0x123)[0x7f22d3197537]
[hydra12:360417] [ 7] /opt/mpi/openmpi-4.1.4//lib/libmpi.so.40(ompi_group_allocate+0x17)[0x7f0a871f91e7]
[hydra02:567531] [ 1] /lib/x86_64-linux-gnu/libc.so.6(gsignal+0x141)[0x7ff995e2fd61]
[hydra08:382389] [ 5] /lib/x86_64-linux-gnu/libc.so.6(+0x8483c)[0x7f5c382ab83c]
[hydra03:397365] [ 0] /lib/x86_64-linux-gnu/libc.so.6(+0x38de0)[0x7f77fbf55de0]
[hydra07:407098] [ 0] /lib/x86_64-linux-gnu/libc.so.6(+0x38de0)[0x7f7dd15fcde0]
[hydra06:380753] [ 2] /lib/x86_64-linux-gnu/libc.so.6(abort+0x123)[0x7f66db656537]
[hydra05:380073] [ 3] /lib/x86_64-linux-gnu/libc.so.6(+0x7a468)[0x7f22d31ef468]
[hydra12:360417] [ 8] /opt/mpi/openmpi-4.1.4//lib/libmpi.so.40(ompi_group_incl_plist+0x65)[0x7f0a871f9915]
[hydra02:567531] [ 2] /lib/x86_64-linux-gnu/libc.so.6(abort+0x123)[0x7ff995e19537]
[hydra04:396126] [ 0] /lib/x86_64-linux-gnu/libc.so.6(+0x38de0)[0x7f8e7dbc3de0]
[hydra08:382390] [ 8] /opt/mpi/openmpi-4.1.4//lib/libmpi.so.40(ompi_group_incl_plist+0x65)[0x7f2a8f82d915]
[hydra03:397364] [ 2] /lib/x86_64-linux-gnu/libc.so.6(abort+0x123)[0x7f8c7fa2c537]
[hydra07:407098] [ 1] /lib/x86_64-linux-gnu/libc.so.6(gsignal+0x141)[0x7f7dd15fcd61]
[hydra09:373666] [ 0] /lib/x86_64-linux-gnu/libc.so.6(+0x38de0)[0x7f2ae2647de0]
[hydra06:380753] [ 3] /lib/x86_64-linux-gnu/libc.so.6(+0x7a468)[0x7f66db6ae468]
[hydra05:380073] [ 4] /lib/x86_64-linux-gnu/libc.so.6(+0x8175a)[0x7f22d31f675a]
[hydra12:360418] [ 9] /opt/mpi/openmpi-4.1.4//lib/libmpi.so.40(PMPI_Group_incl+0x95)[0x7f4052483185]
[hydra12:360418] [10] /home/thesis/jheld/MPI_Syrk_implementation/build/src/MPI_SYRK_implementation(+0x841a)[0x556de473541a]
[hydra12:360418] [11] /home/thesis/jheld/MPI_Syrk_implementation/build/src/MPI_SYRK_implementation(+0x2ab0)[0x556de472fab0]
[hydra02:567531] [ 3] /lib/x86_64-linux-gnu/libc.so.6(+0x7a468)[0x7ff995e71468]
[hydra04:396126] [ 1] /lib/x86_64-linux-gnu/libc.so.6(gsignal+0x141)[0x7f8e7dbc3d61]
[hydra08:382389] [ 6] /lib/x86_64-linux-gnu/libc.so.6(__libc_calloc+0x81)[0x7f5c382adbd1]
[hydra03:397365] [ 1] /lib/x86_64-linux-gnu/libc.so.6(gsignal+0x141)[0x7f77fbf55d61]
[hydra07:407098] [ 2] /lib/x86_64-linux-gnu/libc.so.6(abort+0x123)[0x7f7dd15e6537]
[hydra09:373666] [ 1] /lib/x86_64-linux-gnu/libc.so.6(gsignal+0x141)[0x7f2ae2647d61]
[hydra06:380753] [ 4] /lib/x86_64-linux-gnu/libc.so.6(+0x8175a)[0x7f66db6b575a]
[hydra05:380073] [ 5] /lib/x86_64-linux-gnu/libc.so.6(+0x8483c)[0x7f22d31f983c]
[hydra02:567531] [ 4] /lib/x86_64-linux-gnu/libc.so.6(+0x8175a)[0x7ff995e7875a]
[hydra04:396126] [ 2] /lib/x86_64-linux-gnu/libc.so.6(abort+0x123)[0x7f8e7dbad537]
[hydra08:382390] [ 9] /opt/mpi/openmpi-4.1.4//lib/libmpi.so.40(PMPI_Group_incl+0x95)[0x7f2a8f85e185]
[hydra08:382390] [10] /home/thesis/jheld/MPI_Syrk_implementation/build/src/MPI_SYRK_implementation(+0x841a)[0x55e177d3e41a]
[hydra08:382390] [11] /home/thesis/jheld/MPI_Syrk_implementation/build/src/MPI_SYRK_implementation(+0x2ab0)[0x55e177d38ab0]
[hydra10:491938] [ 0] /lib/x86_64-linux-gnu/libc.so.6(+0x38de0)[0x7f1f8ebe1de0]
[hydra03:397364] [ 3] /lib/x86_64-linux-gnu/libc.so.6(+0x7a468)[0x7f8c7fa84468]
[hydra07:407098] [ 3] /lib/x86_64-linux-gnu/libc.so.6(+0x7a468)[0x7f7dd163e468]
[hydra09:373666] [ 2] /lib/x86_64-linux-gnu/libc.so.6(abort+0x123)[0x7f2ae2631537]
[hydra06:380753] [ 5] /lib/x86_64-linux-gnu/libc.so.6(+0x8483c)[0x7f66db6b883c]
[hydra05:380075] [ 0] /lib/x86_64-linux-gnu/libc.so.6(+0x38de0)[0x7fe21a5a0de0]
[hydra02:567531] [ 5] /lib/x86_64-linux-gnu/libc.so.6(+0x8483c)[0x7ff995e7b83c]
[hydra04:396126] [ 3] /lib/x86_64-linux-gnu/libc.so.6(+0x7a468)[0x7f8e7dc05468]
[hydra08:382389] [ 7] /opt/mpi/openmpi-4.1.4//lib/libmpi.so.40(ompi_group_allocate+0x17)[0x7f5c3a17b1e7]
[hydra10:491938] [ 1] /lib/x86_64-linux-gnu/libc.so.6(gsignal+0x141)[0x7f1f8ebe1d61]
[hydra03:397365] [ 2] /lib/x86_64-linux-gnu/libc.so.6(abort+0x123)[0x7f77fbf3f537]
[hydra07:407098] [ 4] /lib/x86_64-linux-gnu/libc.so.6(+0x8175a)[0x7f7dd164575a]
[hydra09:373666] [ 3] /lib/x86_64-linux-gnu/libc.so.6(+0x7a468)[0x7f2ae2689468]
[hydra06:380753] [ 6] /lib/x86_64-linux-gnu/libc.so.6(__libc_calloc+0x81)[0x7f66db6babd1]
[hydra05:380075] [ 1] /lib/x86_64-linux-gnu/libc.so.6(gsignal+0x141)[0x7fe21a5a0d61]
[hydra02:567531] [ 6] /lib/x86_64-linux-gnu/libc.so.6(__libc_calloc+0x81)[0x7ff995e7dbd1]
[hydra04:396126] [ 4] /lib/x86_64-linux-gnu/libc.so.6(+0x8175a)[0x7f8e7dc0c75a]
[hydra08:382390] [12] /lib/x86_64-linux-gnu/libc.so.6(__libc_start_main+0xea)[0x7f2a8d8fcd7a]
[hydra08:382390] [13] /home/thesis/jheld/MPI_Syrk_implementation/build/src/MPI_SYRK_implementation(+0x232a)[0x55e177d3832a]
[hydra08:382390] *** End of error message ***
[hydra10:491938] [ 2] /lib/x86_64-linux-gnu/libc.so.6(abort+0x123)[0x7f1f8ebcb537]
[hydra03:397364] [ 4] /lib/x86_64-linux-gnu/libc.so.6(+0x8175a)[0x7f8c7fa8b75a]
[hydra07:407098] [ 5] /lib/x86_64-linux-gnu/libc.so.6(+0x8483c)[0x7f7dd164883c]
[hydra09:373666] [ 4] /lib/x86_64-linux-gnu/libc.so.6(+0x8175a)[0x7f2ae269075a]
[hydra06:380753] [ 7] /opt/mpi/openmpi-4.1.4//lib/libmpi.so.40(ompi_group_allocate+0x17)[0x7f66dd5881e7]
[hydra05:380073] [ 6] /lib/x86_64-linux-gnu/libc.so.6(__libc_calloc+0x81)[0x7f22d31fbbd1]
[hydra02:567531] [ 7] /opt/mpi/openmpi-4.1.4//lib/libmpi.so.40(ompi_group_allocate+0x17)[0x7ff997d4b1e7]
[hydra04:396126] [ 5] /lib/x86_64-linux-gnu/libc.so.6(+0x8483c)[0x7f8e7dc0f83c]
[hydra08:382389] [ 8] /opt/mpi/openmpi-4.1.4//lib/libmpi.so.40(ompi_group_incl_plist+0x65)[0x7f5c3a17b915]
[hydra10:491938] [ 3] /lib/x86_64-linux-gnu/libc.so.6(+0x7a468)[0x7f1f8ec23468]
[hydra03:397365] [ 3] /lib/x86_64-linux-gnu/libc.so.6(+0x7a468)[0x7f77fbf97468]
[hydra07:407098] [ 6] /lib/x86_64-linux-gnu/libc.so.6(__libc_calloc+0x81)[0x7f7dd164abd1]
[hydra09:373666] [ 5] /lib/x86_64-linux-gnu/libc.so.6(+0x8483c)[0x7f2ae269383c]
[hydra06:380753] [ 8] /opt/mpi/openmpi-4.1.4//lib/libmpi.so.40(ompi_group_incl_plist+0x65)[0x7f66dd588915]
[hydra05:380075] [ 2] /lib/x86_64-linux-gnu/libc.so.6(abort+0x123)[0x7fe21a58a537]
[hydra02:567531] [ 8] /opt/mpi/openmpi-4.1.4//lib/libmpi.so.40(ompi_group_incl_plist+0x65)[0x7ff997d4b915]
[hydra04:396126] [ 6] /lib/x86_64-linux-gnu/libc.so.6(__libc_calloc+0x81)[0x7f8e7dc11bd1]
[hydra08:382389] [ 9] /opt/mpi/openmpi-4.1.4//lib/libmpi.so.40(PMPI_Group_incl+0x95)[0x7f5c3a1ac185]
[hydra08:382389] [10] /home/thesis/jheld/MPI_Syrk_implementation/build/src/MPI_SYRK_implementation(+0x841a)[0x556bbd4d041a]
[hydra10:491938] [ 4] /lib/x86_64-linux-gnu/libc.so.6(+0x8175a)[0x7f1f8ec2a75a]
[hydra03:397364] [ 5] /lib/x86_64-linux-gnu/libc.so.6(+0x8483c)[0x7f8c7fa8e83c]
[hydra07:407098] [ 7] /opt/mpi/openmpi-4.1.4//lib/libmpi.so.40(ompi_group_allocate+0x17)[0x7f7dd35181e7]
[hydra09:373666] [ 6] /lib/x86_64-linux-gnu/libc.so.6(__libc_calloc+0x81)[0x7f2ae2695bd1]
[hydra06:380753] [ 9] /opt/mpi/openmpi-4.1.4//lib/libmpi.so.40(PMPI_Group_incl+0x95)[0x7f66dd5b9185]
[hydra06:380753] [10] /home/thesis/jheld/MPI_Syrk_implementation/build/src/MPI_SYRK_implementation(+0x841a)[0x55cdc205741a]
[hydra05:380073] [ 7] /opt/mpi/openmpi-4.1.4//lib/libmpi.so.40(ompi_group_allocate+0x17)[0x7f22d50c91e7]
[hydra02:567531] [ 9] /opt/mpi/openmpi-4.1.4//lib/libmpi.so.40(PMPI_Group_incl+0x95)[0x7ff997d7c185]
[hydra02:567531] [10] /home/thesis/jheld/MPI_Syrk_implementation/build/src/MPI_SYRK_implementation(+0x841a)[0x555a120d541a]
[hydra04:396126] [ 7] /opt/mpi/openmpi-4.1.4//lib/libmpi.so.40(ompi_group_allocate+0x17)[0x7f8e7fadf1e7]
[hydra08:382389] [11] /home/thesis/jheld/MPI_Syrk_implementation/build/src/MPI_SYRK_implementation(+0x2ab0)[0x556bbd4caab0]
[hydra10:491938] [ 5] /lib/x86_64-linux-gnu/libc.so.6(+0x8483c)[0x7f1f8ec2d83c]
[hydra03:397365] [ 4] /lib/x86_64-linux-gnu/libc.so.6(+0x8175a)[0x7f77fbf9e75a]
[hydra07:407098] [ 8] /opt/mpi/openmpi-4.1.4//lib/libmpi.so.40(ompi_group_incl_plist+0x65)[0x7f7dd3518915]
[hydra09:373666] [ 7] /opt/mpi/openmpi-4.1.4//lib/libmpi.so.40(ompi_group_allocate+0x17)[0x7f2ae45631e7]
[hydra06:380753] [11] /home/thesis/jheld/MPI_Syrk_implementation/build/src/MPI_SYRK_implementation(+0x2ab0)[0x55cdc2051ab0]
[hydra05:380073] [ 8] /opt/mpi/openmpi-4.1.4//lib/libmpi.so.40(ompi_group_incl_plist+0x65)[0x7f22d50c9915]
[hydra02:567531] [11] /home/thesis/jheld/MPI_Syrk_implementation/build/src/MPI_SYRK_implementation(+0x2ab0)[0x555a120cfab0]
[hydra04:396126] [ 8] /opt/mpi/openmpi-4.1.4//lib/libmpi.so.40(ompi_group_incl_plist+0x65)[0x7f8e7fadf915]
[hydra08:382389] [12] /lib/x86_64-linux-gnu/libc.so.6(__libc_start_main+0xea)[0x7f5c3824ad7a]
[hydra08:382389] [13] /home/thesis/jheld/MPI_Syrk_implementation/build/src/MPI_SYRK_implementation(+0x232a)[0x556bbd4ca32a]
[hydra10:491938] [ 6] /lib/x86_64-linux-gnu/libc.so.6(__libc_calloc+0x81)[0x7f1f8ec2fbd1]
[hydra03:397364] [ 6] /lib/x86_64-linux-gnu/libc.so.6(__libc_calloc+0x81)[0x7f8c7fa90bd1]
[hydra07:407098] [ 9] /opt/mpi/openmpi-4.1.4//lib/libmpi.so.40(PMPI_Group_incl+0x95)[0x7f7dd3549185]
[hydra07:407098] [10] /home/thesis/jheld/MPI_Syrk_implementation/build/src/MPI_SYRK_implementation(+0x841a)[0x561f053b141a]
[hydra09:373666] [ 8] /opt/mpi/openmpi-4.1.4//lib/libmpi.so.40(ompi_group_incl_plist+0x65)[0x7f2ae4563915]
[hydra06:380753] [12] /lib/x86_64-linux-gnu/libc.so.6(__libc_start_main+0xea)[0x7f66db657d7a]
[hydra05:380075] [ 3] /lib/x86_64-linux-gnu/libc.so.6(+0x7a468)[0x7fe21a5e2468]
[hydra02:567531] [12] /lib/x86_64-linux-gnu/libc.so.6(__libc_start_main+0xea)[0x7ff995e1ad7a]
[hydra04:396126] [ 9] /opt/mpi/openmpi-4.1.4//lib/libmpi.so.40(PMPI_Group_incl+0x95)[0x7f8e7fb10185]
[hydra04:396126] [10] /home/thesis/jheld/MPI_Syrk_implementation/build/src/MPI_SYRK_implementation(+0x841a)[0x56377d44141a]
[hydra08:382389] *** End of error message ***
[hydra10:491938] [ 7] /opt/mpi/openmpi-4.1.4//lib/libmpi.so.40(ompi_group_allocate+0x17)[0x7f1f90afd1e7]
[hydra03:397365] [ 5] /lib/x86_64-linux-gnu/libc.so.6(+0x8483c)[0x7f77fbfa183c]
[hydra07:407098] [11] /home/thesis/jheld/MPI_Syrk_implementation/build/src/MPI_SYRK_implementation(+0x2ab0)[0x561f053abab0]
[hydra09:373666] [ 9] /opt/mpi/openmpi-4.1.4//lib/libmpi.so.40(PMPI_Group_incl+0x95)[0x7f2ae4594185]
[hydra09:373666] [10] /home/thesis/jheld/MPI_Syrk_implementation/build/src/MPI_SYRK_implementation(+0x841a)[0x563c8ff4441a]
[hydra06:380753] [13] /home/thesis/jheld/MPI_Syrk_implementation/build/src/MPI_SYRK_implementation(+0x232a)[0x55cdc205132a]
[hydra06:380753] *** End of error message ***
[hydra05:380073] [ 9] /opt/mpi/openmpi-4.1.4//lib/libmpi.so.40(PMPI_Group_incl+0x95)[0x7f22d50fa185]
[hydra05:380073] [10] /home/thesis/jheld/MPI_Syrk_implementation/build/src/MPI_SYRK_implementation(+0x841a)[0x5610535c241a]
[hydra02:567531] [13] /home/thesis/jheld/MPI_Syrk_implementation/build/src/MPI_SYRK_implementation(+0x232a)[0x555a120cf32a]
[hydra02:567531] *** End of error message ***
[hydra04:396126] [11] /home/thesis/jheld/MPI_Syrk_implementation/build/src/MPI_SYRK_implementation(+0x2ab0)[0x56377d43bab0]
[hydra10:491938] [ 8] /opt/mpi/openmpi-4.1.4//lib/libmpi.so.40(ompi_group_incl_plist+0x65)[0x7f1f90afd915]
[hydra03:397364] [ 7] /opt/mpi/openmpi-4.1.4//lib/libmpi.so.40(ompi_group_allocate+0x17)[0x7f8c8195e1e7]
[hydra07:407098] [12] /lib/x86_64-linux-gnu/libc.so.6(__libc_start_main+0xea)[0x7f7dd15e7d7a]
[hydra07:407098] [13] /home/thesis/jheld/MPI_Syrk_implementation/build/src/MPI_SYRK_implementation(+0x232a)[0x561f053ab32a]
[hydra09:373666] [11] /home/thesis/jheld/MPI_Syrk_implementation/build/src/MPI_SYRK_implementation(+0x2ab0)[0x563c8ff3eab0]
[hydra05:380075] [ 4] /lib/x86_64-linux-gnu/libc.so.6(+0x8175a)[0x7fe21a5e975a]
[hydra04:396126] [12] /lib/x86_64-linux-gnu/libc.so.6(__libc_start_main+0xea)[0x7f8e7dbaed7a]
[hydra10:491938] [ 9] /opt/mpi/openmpi-4.1.4//lib/libmpi.so.40(PMPI_Group_incl+0x95)[0x7f1f90b2e185]
[hydra03:397365] [ 6] /lib/x86_64-linux-gnu/libc.so.6(__libc_calloc+0x81)[0x7f77fbfa3bd1]
[hydra07:407098] *** End of error message ***
[hydra09:373666] [12] /lib/x86_64-linux-gnu/libc.so.6(__libc_start_main+0xea)[0x7f2ae2632d7a]
[hydra09:373666] [13] /home/thesis/jheld/MPI_Syrk_implementation/build/src/MPI_SYRK_implementation(+0x232a)[0x563c8ff3e32a]
[hydra05:380073] [11] /home/thesis/jheld/MPI_Syrk_implementation/build/src/MPI_SYRK_implementation(+0x2ab0)[0x5610535bcab0]
[hydra04:396126] [13] /home/thesis/jheld/MPI_Syrk_implementation/build/src/MPI_SYRK_implementation(+0x232a)[0x56377d43b32a]
[hydra04:396126] *** End of error message ***
[hydra10:491938] [10] /home/thesis/jheld/MPI_Syrk_implementation/build/src/MPI_SYRK_implementation(+0x841a)[0x56045165c41a]
[hydra10:491938] [11] /home/thesis/jheld/MPI_Syrk_implementation/build/src/MPI_SYRK_implementation(+0x2ab0)[0x560451656ab0]
[hydra03:397364] [ 8] /opt/mpi/openmpi-4.1.4//lib/libmpi.so.40(ompi_group_incl_plist+0x65)[0x7f8c8195e915]
[hydra09:373666] *** End of error message ***
[hydra05:380073] [12] /lib/x86_64-linux-gnu/libc.so.6(__libc_start_main+0xea)[0x7f22d3198d7a]
[hydra05:380073] [13] /home/thesis/jheld/MPI_Syrk_implementation/build/src/MPI_SYRK_implementation(+0x232a)[0x5610535bc32a]
[hydra05:380073] *** End of error message ***
[hydra10:491938] [12] /lib/x86_64-linux-gnu/libc.so.6(__libc_start_main+0xea)[0x7f1f8ebccd7a]
[hydra10:491938] [13] /home/thesis/jheld/MPI_Syrk_implementation/build/src/MPI_SYRK_implementation(+0x232a)[0x56045165632a]
[hydra03:397365] [ 7] /opt/mpi/openmpi-4.1.4//lib/libmpi.so.40(ompi_group_allocate+0x17)[0x7f77fde711e7]
[hydra05:380075] [ 5] /lib/x86_64-linux-gnu/libc.so.6(+0x8483c)[0x7fe21a5ec83c]
[hydra10:491938] *** End of error message ***
[hydra03:397365] [ 8] /opt/mpi/openmpi-4.1.4//lib/libmpi.so.40(ompi_group_incl_plist+0x65)[0x7f77fde71915]
[hydra05:380075] [ 6] /lib/x86_64-linux-gnu/libc.so.6(__libc_calloc+0x81)[0x7fe21a5eebd1]
[hydra03:397364] [ 9] /opt/mpi/openmpi-4.1.4//lib/libmpi.so.40(PMPI_Group_incl+0x95)[0x7f8c8198f185]
[hydra03:397364] [10] /home/thesis/jheld/MPI_Syrk_implementation/build/src/MPI_SYRK_implementation(+0x841a)[0x5636f736d41a]
[hydra03:397364] [11] /home/thesis/jheld/MPI_Syrk_implementation/build/src/MPI_SYRK_implementation(+0x2ab0)[0x5636f7367ab0]
[hydra05:380075] [ 7] /opt/mpi/openmpi-4.1.4//lib/libmpi.so.40(ompi_group_allocate+0x17)[0x7fe21c4bc1e7]
[hydra03:397364] [12] /lib/x86_64-linux-gnu/libc.so.6(__libc_start_main+0xea)[0x7f8c7fa2dd7a]
[hydra05:380075] [ 8] /opt/mpi/openmpi-4.1.4//lib/libmpi.so.40(ompi_group_incl_plist+0x65)[0x7fe21c4bc915]
[hydra03:397365] [ 9] /opt/mpi/openmpi-4.1.4//lib/libmpi.so.40(PMPI_Group_incl+0x95)[0x7f77fdea2185]
[hydra03:397365] [10] /home/thesis/jheld/MPI_Syrk_implementation/build/src/MPI_SYRK_implementation(+0x841a)[0x56215ba0b41a]
[hydra03:397365] [11] /home/thesis/jheld/MPI_Syrk_implementation/build/src/MPI_SYRK_implementation(+0x2ab0)[0x56215ba05ab0]
[hydra03:397364] [13] /home/thesis/jheld/MPI_Syrk_implementation/build/src/MPI_SYRK_implementation(+0x232a)[0x5636f736732a]
[hydra03:397364] *** End of error message ***
[hydra03:397365] [12] /lib/x86_64-linux-gnu/libc.so.6(__libc_start_main+0xea)[0x7f77fbf40d7a]
[hydra03:397365] [13] /home/thesis/jheld/MPI_Syrk_implementation/build/src/MPI_SYRK_implementation(+0x232a)[0x56215ba0532a]
[hydra03:397365] *** End of error message ***
[hydra12:360417] [ 9] /opt/mpi/openmpi-4.1.4//lib/libmpi.so.40(PMPI_Group_incl+0x95)[0x7f0a8722a185]
[hydra05:380075] [ 9] /opt/mpi/openmpi-4.1.4//lib/libmpi.so.40(PMPI_Group_incl+0x95)[0x7fe21c4ed185]
[hydra05:380075] [10] /home/thesis/jheld/MPI_Syrk_implementation/build/src/MPI_SYRK_implementation(+0x841a)[0x55c318b1441a]
[hydra12:360417] [10] /home/thesis/jheld/MPI_Syrk_implementation/build/src/MPI_SYRK_implementation(+0x841a)[0x561e5371841a]
[hydra12:360417] [11] /home/thesis/jheld/MPI_Syrk_implementation/build/src/MPI_SYRK_implementation(+0x2ab0)[0x561e53712ab0]
[hydra05:380075] [11] /home/thesis/jheld/MPI_Syrk_implementation/build/src/MPI_SYRK_implementation(+0x2ab0)[0x55c318b0eab0]
[hydra12:360418] [12] /lib/x86_64-linux-gnu/libc.so.6(__libc_start_main+0xea)[0x7f4050521d7a]
[hydra12:360418] [13] /home/thesis/jheld/MPI_Syrk_implementation/build/src/MPI_SYRK_implementation(+0x232a)[0x556de472f32a]
[hydra12:360418] *** End of error message ***
[hydra05:380075] [12] /lib/x86_64-linux-gnu/libc.so.6(__libc_start_main+0xea)[0x7fe21a58bd7a]
[hydra05:380075] [13] /home/thesis/jheld/MPI_Syrk_implementation/build/src/MPI_SYRK_implementation(+0x232a)[0x55c318b0e32a]
[hydra12:360417] [12] /lib/x86_64-linux-gnu/libc.so.6(__libc_start_main+0xea)[0x7f0a852c8d7a]
[hydra05:380075] *** End of error message ***
[hydra12:360417] [13] /home/thesis/jheld/MPI_Syrk_implementation/build/src/MPI_SYRK_implementation(+0x232a)[0x561e5371232a]
[hydra12:360417] *** End of error message ***
srun: error: hydra09: task 25: Aborted
srun: error: hydra02: task 5: Aborted
srun: error: hydra01: task 1: Aborted
srun: error: hydra04: task 11: Aborted
srun: error: hydra06: task 17: Aborted
srun: error: hydra07: task 19: Aborted
srun: error: hydra10: task 29: Aborted
srun: error: hydra12: tasks 33-34: Aborted
srun: error: hydra05: tasks 12,14: Aborted
srun: error: hydra03: tasks 7-8: Aborted
srun: error: hydra08: tasks 21-22: Aborted
slurmstepd: error:  mpi/pmix_v4: _errhandler: hydra02 [1]: pmixp_client_v2.c:211: Error handler invoked: status = -61, source = [slurm.pmix.5008693.24:5]
slurmstepd: error:  mpi/pmix_v4: _errhandler: hydra01 [0]: pmixp_client_v2.c:211: Error handler invoked: status = -61, source = [slurm.pmix.5008693.24:1]
slurmstepd: error: *** STEP 5008693.24 ON hydra01 CANCELLED AT 2025-10-13T15:31:52 ***
slurmstepd: error:  mpi/pmix_v4: _errhandler: hydra07 [6]: pmixp_client_v2.c:211: Error handler invoked: status = -61, source = [slurm.pmix.5008693.24:19]
slurmstepd: error:  mpi/pmix_v4: _errhandler: hydra09 [8]: pmixp_client_v2.c:211: Error handler invoked: status = -61, source = [slurm.pmix.5008693.24:25]
slurmstepd: error:  mpi/pmix_v4: _errhandler: hydra04 [3]: pmixp_client_v2.c:211: Error handler invoked: status = -61, source = [slurm.pmix.5008693.24:11]
slurmstepd: error:  mpi/pmix_v4: _errhandler: hydra10 [9]: pmixp_client_v2.c:211: Error handler invoked: status = -61, source = [slurm.pmix.5008693.24:29]
slurmstepd: error:  mpi/pmix_v4: _errhandler: hydra06 [5]: pmixp_client_v2.c:211: Error handler invoked: status = -61, source = [slurm.pmix.5008693.24:17]
srun: Job step aborted: Waiting up to 32 seconds for job step to finish.
slurmstepd: error:  mpi/pmix_v4: _errhandler: hydra12 [11]: pmixp_client_v2.c:211: Error handler invoked: status = -61, source = [slurm.pmix.5008693.24:34]
slurmstepd: error:  mpi/pmix_v4: _errhandler: hydra08 [7]: pmixp_client_v2.c:211: Error handler invoked: status = -61, source = [slurm.pmix.5008693.24:22]
slurmstepd: error:  mpi/pmix_v4: _errhandler: hydra05 [4]: pmixp_client_v2.c:211: Error handler invoked: status = -61, source = [slurm.pmix.5008693.24:14]
srun: error: hydra05: task 13: Killed
srun: error: hydra08: task 23: Killed
srun: error: hydra03: task 6: Killed
srun: error: hydra12: task 35: Killed
srun: error: hydra04: tasks 9-10: Killed
srun: error: hydra06: tasks 15-16: Killed
srun: error: hydra01: tasks 0,2: Killed
srun: error: hydra07: tasks 18,20: Killed
srun: error: hydra02: tasks 3-4: Killed
srun: error: hydra10: tasks 27-28: Killed
srun: error: hydra11: tasks 30-32: Killed
srun: error: hydra09: tasks 24,26: Killed
⚠️ Warning: No runtime found for run 25
srun: Warning: can't honor --ntasks-per-node set to 1 which doesn't match the requested tasks 36 with the number of requested nodes 12. Ignoring --ntasks-per-node.
missing input file name --> Generate random input
malloc(): invalid size (unsorted)
[hydra12:360484] *** Process received signal ***
[hydra12:360484] Signal: Aborted (6)
[hydra12:360484] Signal code:  (-6)
[hydra12:360484] [ 0] /lib/x86_64-linux-gnu/libc.so.6(+0x38de0)[0x7f7bd3c54de0]
[hydra12:360484] [ 1] /lib/x86_64-linux-gnu/libc.so.6(gsignal+0x141)[0x7f7bd3c54d61]
malloc(): invalid size (unsorted)
[hydra05:380138] *** Process received signal ***
[hydra05:380138] Signal: Aborted (6)
[hydra05:380138] Signal code:  (-6)
malloc(): invalid size (unsorted)
[hydra01:883581] *** Process received signal ***
[hydra01:883581] Signal: Aborted (6)
[hydra01:883581] Signal code:  (-6)
[hydra12:360484] [ 2] /lib/x86_64-linux-gnu/libc.so.6(abort+0x123)[0x7f7bd3c3e537]
[hydra12:360484] [ 3] /lib/x86_64-linux-gnu/libc.so.6(+0x7a468)[0x7f7bd3c96468]
malloc(): invalid size (unsorted)
[hydra06:380818] *** Process received signal ***
[hydra06:380818] Signal: Aborted (6)
[hydra06:380818] Signal code:  (-6)
malloc(): invalid size (unsorted)
[hydra04:396191] *** Process received signal ***
[hydra04:396191] Signal: Aborted (6)
[hydra04:396191] Signal code:  (-6)
[hydra12:360484] [ 4] /lib/x86_64-linux-gnu/libc.so.6(+0x8175a)[0x7f7bd3c9d75a]
malloc(): invalid size (unsorted)
[hydra05:380139] *** Process received signal ***
[hydra05:380139] Signal: Aborted (6)
[hydra05:380139] Signal code:  (-6)
[hydra12:360484] [ 5] /lib/x86_64-linux-gnu/libc.so.6(+0x8483c)[0x7f7bd3ca083c]
malloc(): invalid size (unsorted)
[hydra07:407164] *** Process received signal ***
[hydra07:407164] Signal: Aborted (6)
[hydra07:407164] Signal code:  (-6)
[hydra04:396191] [ 0] /lib/x86_64-linux-gnu/libc.so.6(+0x38de0)[0x7f5bf3787de0]
[hydra05:380138] [ 0] /lib/x86_64-linux-gnu/libc.so.6(+0x38de0)[0x7f3475c16de0]
malloc(): invalid size (unsorted)
[hydra02:567610] *** Process received signal ***
[hydra02:567610] Signal: Aborted (6)
[hydra02:567610] Signal code:  (-6)
malloc(): invalid size (unsorted)
[hydra09:373730] *** Process received signal ***
[hydra09:373730] Signal: Aborted (6)
[hydra09:373730] Signal code:  (-6)
malloc(): invalid size (unsorted)
[hydra03:397429] *** Process received signal ***
[hydra03:397429] Signal: Aborted (6)
[hydra03:397429] Signal code:  (-6)
[hydra01:883581] [ 0] /lib/x86_64-linux-gnu/libc.so.6(+0x38de0)[0x7fa600ff0de0]
[hydra05:380139] [ 0] /lib/x86_64-linux-gnu/libc.so.6(+0x38de0)[0x7fad28323de0]
malloc(): invalid size (unsorted)
[hydra08:382456] *** Process received signal ***
[hydra08:382456] Signal: Aborted (6)
[hydra08:382456] Signal code:  (-6)
[hydra01:883581] [ 1] /lib/x86_64-linux-gnu/libc.so.6(gsignal+0x141)[0x7fa600ff0d61]
[hydra12:360484] [ 6] /lib/x86_64-linux-gnu/libc.so.6(__libc_calloc+0x81)[0x7f7bd3ca2bd1]
malloc(): invalid size (unsorted)
[hydra04:396191] [ 1] /lib/x86_64-linux-gnu/libc.so.6(gsignal+0x141)[0x7f5bf3787d61]
[hydra05:380138] [ 1] /lib/x86_64-linux-gnu/libc.so.6(gsignal+0x141)[0x7f3475c16d61]
[hydra01:883581] [ 2] /lib/x86_64-linux-gnu/libc.so.6(abort+0x123)[0x7fa600fda537]
[hydra12:360484] [ 7] /opt/mpi/openmpi-4.1.4//lib/libmpi.so.40(ompi_group_allocate+0x17)[0x7f7bd5b701e7]
[hydra07:407164] [ 0] /lib/x86_64-linux-gnu/libc.so.6(+0x38de0)[0x7f4930483de0]
[hydra05:380139] [ 1] /lib/x86_64-linux-gnu/libc.so.6(gsignal+0x141)[0x7fad28323d61]
malloc(): invalid size (unsorted)
[hydra11:360522] *** Process received signal ***
[hydra11:360522] Signal: Aborted (6)
[hydra11:360522] Signal code:  (-6)
[hydra01:883581] [ 3] /lib/x86_64-linux-gnu/libc.so.6(+0x7a468)[0x7fa601032468]
[hydra12:360484] [ 8] /opt/mpi/openmpi-4.1.4//lib/libmpi.so.40(ompi_group_incl_plist+0x65)[0x7f7bd5b70915]
malloc(): invalid size (unsorted)
[hydra10:492007] *** Process received signal ***
[hydra10:492007] Signal: Aborted (6)
[hydra10:492007] Signal code:  (-6)
[hydra07:407165] *** Process received signal ***
[hydra04:396191] [ 2] /lib/x86_64-linux-gnu/libc.so.6(abort+0x123)[0x7f5bf3771537]
[hydra05:380138] [ 2] /lib/x86_64-linux-gnu/libc.so.6(abort+0x123)[0x7f3475c00537]
[hydra01:883581] [ 4] /lib/x86_64-linux-gnu/libc.so.6(+0x8175a)[0x7fa60103975a]
[hydra12:360484] [ 9] /opt/mpi/openmpi-4.1.4//lib/libmpi.so.40(PMPI_Group_incl+0x95)[0x7f7bd5ba1185]
[hydra12:360484] [10] /home/thesis/jheld/MPI_Syrk_implementation/build/src/MPI_SYRK_implementation(+0x841a)[0x56040a7ac41a]
[hydra10:492007] [ 0] /lib/x86_64-linux-gnu/libc.so.6(+0x38de0)[0x7f9cc6888de0]
[hydra07:407164] [ 1] /lib/x86_64-linux-gnu/libc.so.6(gsignal+0x141)[0x7f4930483d61]
[hydra04:396191] [ 3] /lib/x86_64-linux-gnu/libc.so.6(+0x7a468)[0x7f5bf37c9468]
[hydra05:380139] [ 2] /lib/x86_64-linux-gnu/libc.so.6(abort+0x123)[0x7fad2830d537]
[hydra12:360484] [11] /home/thesis/jheld/MPI_Syrk_implementation/build/src/MPI_SYRK_implementation(+0x2ab0)[0x56040a7a6ab0]
[hydra07:407165] Signal: Aborted (6)
[hydra07:407165] Signal code:  (-6)
[hydra05:380138] [ 3] /lib/x86_64-linux-gnu/libc.so.6(+0x7a468)[0x7f3475c58468]
[hydra01:883581] [ 5] /lib/x86_64-linux-gnu/libc.so.6(+0x8483c)[0x7fa60103c83c]
[hydra12:360484] [12] /lib/x86_64-linux-gnu/libc.so.6(__libc_start_main+0xea)[0x7f7bd3c3fd7a]
[hydra10:492007] [ 1] /lib/x86_64-linux-gnu/libc.so.6(gsignal+0x141)[0x7f9cc6888d61]
[hydra07:407164] [ 2] /lib/x86_64-linux-gnu/libc.so.6(abort+0x123)[0x7f493046d537]
[hydra04:396191] [ 4] /lib/x86_64-linux-gnu/libc.so.6(+0x8175a)[0x7f5bf37d075a]
[hydra05:380139] [ 3] /lib/x86_64-linux-gnu/libc.so.6(+0x7a468)[0x7fad28365468]
[hydra01:883581] [ 6] /lib/x86_64-linux-gnu/libc.so.6(__libc_calloc+0x81)[0x7fa60103ebd1]
[hydra12:360484] [13] /home/thesis/jheld/MPI_Syrk_implementation/build/src/MPI_SYRK_implementation(+0x232a)[0x56040a7a632a]
[hydra12:360484] *** End of error message ***
[hydra10:492007] [ 2] /lib/x86_64-linux-gnu/libc.so.6(abort+0x123)[0x7f9cc6872537]
[hydra07:407164] [ 3] /lib/x86_64-linux-gnu/libc.so.6(+0x7a468)[0x7f49304c5468]
[hydra04:396191] [ 5] /lib/x86_64-linux-gnu/libc.so.6(+0x8483c)[0x7f5bf37d383c]
[hydra05:380138] [ 4] /lib/x86_64-linux-gnu/libc.so.6(+0x8175a)[0x7f3475c5f75a]
malloc(): invalid size (unsorted)
[hydra09:373731] *** Process received signal ***
[hydra09:373731] Signal: Aborted (6)
[hydra09:373731] Signal code:  (-6)
[hydra01:883581] [ 7] /opt/mpi/openmpi-4.1.4//lib/libmpi.so.40(ompi_group_allocate+0x17)[0x7fa602f0c1e7]
[hydra07:407164] [ 4] /lib/x86_64-linux-gnu/libc.so.6(+0x8175a)[0x7f49304cc75a]
[hydra07:407164] [ 5] /lib/x86_64-linux-gnu/libc.so.6(+0x8483c)[0x7f49304cf83c]
[hydra04:396191] [ 6] /lib/x86_64-linux-gnu/libc.so.6(__libc_calloc+0x81)[0x7f5bf37d5bd1]
[hydra05:380139] [ 4] /lib/x86_64-linux-gnu/libc.so.6(+0x8175a)[0x7fad2836c75a]
malloc(): invalid size (unsorted)
[hydra01:883581] [ 8] /opt/mpi/openmpi-4.1.4//lib/libmpi.so.40(ompi_group_incl_plist+0x65)[0x7fa602f0c915]
[hydra10:492007] [ 3] /lib/x86_64-linux-gnu/libc.so.6(+0x7a468)[0x7f9cc68ca468]
[hydra07:407165] [ 0] /lib/x86_64-linux-gnu/libc.so.6(+0x38de0)[0x7f5d66e7ede0]
[hydra07:407165] [ 1] /lib/x86_64-linux-gnu/libc.so.6(gsignal+0x141)[0x7f5d66e7ed61]
[hydra04:396191] [ 7] /opt/mpi/openmpi-4.1.4//lib/libmpi.so.40(ompi_group_allocate+0x17)[0x7f5bf56a31e7]
[hydra05:380138] [ 5] /lib/x86_64-linux-gnu/libc.so.6(+0x8483c)[0x7f3475c6283c]
[hydra09:373730] [ 0] /lib/x86_64-linux-gnu/libc.so.6(+0x38de0)[0x7fb10f367de0]
[hydra01:883581] [ 9] /opt/mpi/openmpi-4.1.4//lib/libmpi.so.40(PMPI_Group_incl+0x95)[0x7fa602f3d185]
[hydra01:883581] [10] /home/thesis/jheld/MPI_Syrk_implementation/build/src/MPI_SYRK_implementation(+0x841a)[0x557dc700f41a]
[hydra10:492007] [ 4] /lib/x86_64-linux-gnu/libc.so.6(+0x8175a)[0x7f9cc68d175a]
[hydra04:396191] [ 8] /opt/mpi/openmpi-4.1.4//lib/libmpi.so.40(ompi_group_incl_plist+0x65)[0x7f5bf56a3915]
[hydra05:380139] [ 5] /lib/x86_64-linux-gnu/libc.so.6(+0x8483c)[0x7fad2836f83c]
[hydra09:373731] [ 0] /lib/x86_64-linux-gnu/libc.so.6(+0x38de0)[0x7fc3ab111de0]
[hydra01:883581] [11] /home/thesis/jheld/MPI_Syrk_implementation/build/src/MPI_SYRK_implementation(+0x2ab0)[0x557dc7009ab0]
[hydra10:492007] [ 5] /lib/x86_64-linux-gnu/libc.so.6(+0x8483c)[0x7f9cc68d483c]
[hydra07:407164] [ 6] /lib/x86_64-linux-gnu/libc.so.6(__libc_calloc+0x81)[0x7f49304d1bd1]
[hydra04:396191] [ 9] /opt/mpi/openmpi-4.1.4//lib/libmpi.so.40(PMPI_Group_incl+0x95)[0x7f5bf56d4185]
[hydra04:396191] [10] /home/thesis/jheld/MPI_Syrk_implementation/build/src/MPI_SYRK_implementation(+0x841a)[0x561f9097b41a]
[hydra05:380138] [ 6] /lib/x86_64-linux-gnu/libc.so.6(__libc_calloc+0x81)[0x7f3475c64bd1]
[hydra09:373732] *** Process received signal ***
[hydra09:373732] Signal: Aborted (6)
[hydra09:373732] Signal code:  (-6)
[hydra06:380818] [ 0] /lib/x86_64-linux-gnu/libc.so.6(+0x38de0)[0x7f636c225de0]
[hydra01:883581] [12] /lib/x86_64-linux-gnu/libc.so.6(__libc_start_main+0xea)[0x7fa600fdbd7a]
[hydra01:883581] [13] /home/thesis/jheld/MPI_Syrk_implementation/build/src/MPI_SYRK_implementation(+0x232a)[0x557dc700932a]
[hydra10:492007] [ 6] /lib/x86_64-linux-gnu/libc.so.6(__libc_calloc+0x81)[0x7f9cc68d6bd1]
[hydra07:407165] [ 2] /lib/x86_64-linux-gnu/libc.so.6(abort+0x123)[0x7f5d66e68537]
[hydra04:396191] [11] /home/thesis/jheld/MPI_Syrk_implementation/build/src/MPI_SYRK_implementation(+0x2ab0)[0x561f90975ab0]
[hydra05:380139] [ 6] /lib/x86_64-linux-gnu/libc.so.6(__libc_calloc+0x81)[0x7fad28371bd1]
[hydra09:373730] [ 1] /lib/x86_64-linux-gnu/libc.so.6(gsignal+0x141)[0x7fb10f367d61]
[hydra03:397429] [ 0] /lib/x86_64-linux-gnu/libc.so.6(+0x38de0)[0x7f573553ade0]
[hydra06:380818] [ 1] /lib/x86_64-linux-gnu/libc.so.6(gsignal+0x141)[0x7f636c225d61]
[hydra01:883581] *** End of error message ***
[hydra10:492007] [ 7] /opt/mpi/openmpi-4.1.4//lib/libmpi.so.40(ompi_group_allocate+0x17)[0x7f9cc87a41e7]
[hydra07:407164] [ 7] /opt/mpi/openmpi-4.1.4//lib/libmpi.so.40(ompi_group_allocate+0x17)[0x7f493239f1e7]
[hydra07:407164] [ 8] /opt/mpi/openmpi-4.1.4//lib/libmpi.so.40(ompi_group_incl_plist+0x65)[0x7f493239f915]
[hydra04:396191] [12] /lib/x86_64-linux-gnu/libc.so.6(__libc_start_main+0xea)[0x7f5bf3772d7a]
[hydra05:380138] [ 7] /opt/mpi/openmpi-4.1.4//lib/libmpi.so.40(ompi_group_allocate+0x17)[0x7f3477b321e7]
[hydra09:373731] [ 1] /lib/x86_64-linux-gnu/libc.so.6(gsignal+0x141)[0x7fc3ab111d61]
[hydra03:397429] [ 1] /lib/x86_64-linux-gnu/libc.so.6(gsignal+0x141)[0x7f573553ad61]
[hydra06:380818] [ 2] /lib/x86_64-linux-gnu/libc.so.6(abort+0x123)[0x7f636c20f537]
[hydra10:492007] [ 8] /opt/mpi/openmpi-4.1.4//lib/libmpi.so.40(ompi_group_incl_plist+0x65)[0x7f9cc87a4915]
[hydra07:407165] [ 3] /lib/x86_64-linux-gnu/libc.so.6(+0x7a468)[0x7f5d66ec0468]
[hydra04:396191] [13] /home/thesis/jheld/MPI_Syrk_implementation/build/src/MPI_SYRK_implementation(+0x232a)[0x561f9097532a]
[hydra04:396191] *** End of error message ***
[hydra05:380139] [ 7] /opt/mpi/openmpi-4.1.4//lib/libmpi.so.40(ompi_group_allocate+0x17)[0x7fad2a23f1e7]
[hydra02:567610] [ 0] /lib/x86_64-linux-gnu/libc.so.6(+0x38de0)[0x7f22af821de0]
[hydra09:373730] [ 2] /lib/x86_64-linux-gnu/libc.so.6(abort+0x123)[0x7fb10f351537]
[hydra08:382456] [ 0] /lib/x86_64-linux-gnu/libc.so.6(+0x38de0)[0x7f4682adfde0]
[hydra03:397429] [ 2] /lib/x86_64-linux-gnu/libc.so.6(abort+0x123)[0x7f5735524537]
[hydra06:380818] [ 3] /lib/x86_64-linux-gnu/libc.so.6(+0x7a468)[0x7f636c267468]
[hydra10:492007] [ 9] /opt/mpi/openmpi-4.1.4//lib/libmpi.so.40(PMPI_Group_incl+0x95)[0x7f9cc87d5185]
[hydra07:407164] [ 9] /opt/mpi/openmpi-4.1.4//lib/libmpi.so.40(PMPI_Group_incl+0x95)[0x7f49323d0185]
[hydra05:380138] [ 8] /opt/mpi/openmpi-4.1.4//lib/libmpi.so.40(ompi_group_incl_plist+0x65)[0x7f3477b32915]
[hydra02:567610] [ 1] /lib/x86_64-linux-gnu/libc.so.6(gsignal+0x141)[0x7f22af821d61]
[hydra09:373731] [ 2] /lib/x86_64-linux-gnu/libc.so.6(abort+0x123)[0x7fc3ab0fb537]
[hydra08:382456] [ 1] /lib/x86_64-linux-gnu/libc.so.6(gsignal+0x141)[0x7f4682adfd61]
[hydra03:397429] [ 3] /lib/x86_64-linux-gnu/libc.so.6(+0x7a468)[0x7f573557c468]
[hydra06:380818] [ 4] /lib/x86_64-linux-gnu/libc.so.6(+0x8175a)[0x7f636c26e75a]
[hydra10:492007] [10] /home/thesis/jheld/MPI_Syrk_implementation/build/src/MPI_SYRK_implementation(+0x841a)[0x557738c7541a]
[hydra10:492007] [11] /home/thesis/jheld/MPI_Syrk_implementation/build/src/MPI_SYRK_implementation(+0x2ab0)[0x557738c6fab0]
[hydra07:407164] [10] /home/thesis/jheld/MPI_Syrk_implementation/build/src/MPI_SYRK_implementation(+0x841a)[0x55e430f5541a]
[hydra07:407164] [11] /home/thesis/jheld/MPI_Syrk_implementation/build/src/MPI_SYRK_implementation(+0x2ab0)[0x55e430f4fab0]
[hydra05:380139] [ 8] /opt/mpi/openmpi-4.1.4//lib/libmpi.so.40(ompi_group_incl_plist+0x65)[0x7fad2a23f915]
[hydra02:567610] [ 2] /lib/x86_64-linux-gnu/libc.so.6(abort+0x123)[0x7f22af80b537]
[hydra09:373730] [ 3] /lib/x86_64-linux-gnu/libc.so.6(+0x7a468)[0x7fb10f3a9468]
[hydra08:382456] [ 2] /lib/x86_64-linux-gnu/libc.so.6(abort+0x123)[0x7f4682ac9537]
[hydra03:397429] [ 4] /lib/x86_64-linux-gnu/libc.so.6(+0x8175a)[0x7f573558375a]
[hydra06:380818] [ 5] /lib/x86_64-linux-gnu/libc.so.6(+0x8483c)[0x7f636c27183c]
[hydra10:492007] [12] /lib/x86_64-linux-gnu/libc.so.6(__libc_start_main+0xea)[0x7f9cc6873d7a]
[hydra10:492007] [13] /home/thesis/jheld/MPI_Syrk_implementation/build/src/MPI_SYRK_implementation(+0x232a)[0x557738c6f32a]
[hydra07:407165] [ 4] /lib/x86_64-linux-gnu/libc.so.6(+0x8175a)[0x7f5d66ec775a]
[hydra05:380138] [ 9] /opt/mpi/openmpi-4.1.4//lib/libmpi.so.40(PMPI_Group_incl+0x95)[0x7f3477b63185]
[hydra02:567610] [ 3] /lib/x86_64-linux-gnu/libc.so.6(+0x7a468)[0x7f22af863468]
[hydra09:373731] [ 3] /lib/x86_64-linux-gnu/libc.so.6(+0x7a468)[0x7fc3ab153468]
[hydra08:382456] [ 3] /lib/x86_64-linux-gnu/libc.so.6(+0x7a468)[0x7f4682b21468]
[hydra03:397429] [ 5] /lib/x86_64-linux-gnu/libc.so.6(+0x8483c)[0x7f573558683c]
[hydra06:380818] [ 6] /lib/x86_64-linux-gnu/libc.so.6(__libc_calloc+0x81)[0x7f636c273bd1]
[hydra10:492007] *** End of error message ***
[hydra07:407164] [12] /lib/x86_64-linux-gnu/libc.so.6(__libc_start_main+0xea)[0x7f493046ed7a]
[hydra05:380139] [ 9] /opt/mpi/openmpi-4.1.4//lib/libmpi.so.40(PMPI_Group_incl+0x95)[0x7fad2a270185]
[hydra05:380139] [10] /home/thesis/jheld/MPI_Syrk_implementation/build/src/MPI_SYRK_implementation(+0x841a)[0x55e9440de41a]
[hydra02:567610] [ 4] /lib/x86_64-linux-gnu/libc.so.6(+0x8175a)[0x7f22af86a75a]
[hydra09:373730] [ 4] /lib/x86_64-linux-gnu/libc.so.6(+0x8175a)[0x7fb10f3b075a]
[hydra08:382456] [ 4] /lib/x86_64-linux-gnu/libc.so.6(+0x8175a)[0x7f4682b2875a]
[hydra03:397429] [ 6] /lib/x86_64-linux-gnu/libc.so.6(__libc_calloc+0x81)[0x7f5735588bd1]
[hydra06:380818] [ 7] /opt/mpi/openmpi-4.1.4//lib/libmpi.so.40(ompi_group_allocate+0x17)[0x7f636e1411e7]
[hydra07:407165] [ 5] /lib/x86_64-linux-gnu/libc.so.6(+0x8483c)[0x7f5d66eca83c]
[hydra05:380138] [10] /home/thesis/jheld/MPI_Syrk_implementation/build/src/MPI_SYRK_implementation(+0x841a)[0x5631b4a4b41a]
[hydra05:380138] [11] /home/thesis/jheld/MPI_Syrk_implementation/build/src/MPI_SYRK_implementation(+0x2ab0)[0x5631b4a45ab0]
[hydra11:360522] [ 0] /lib/x86_64-linux-gnu/libc.so.6(+0x38de0)[0x7fc9929fcde0]
[hydra02:567610] [ 5] /lib/x86_64-linux-gnu/libc.so.6(+0x8483c)[0x7f22af86d83c]
[hydra09:373731] [ 4] /lib/x86_64-linux-gnu/libc.so.6(+0x8175a)[0x7fc3ab15a75a]
[hydra08:382456] [ 5] /lib/x86_64-linux-gnu/libc.so.6(+0x8483c)[0x7f4682b2b83c]
[hydra03:397429] [ 7] /opt/mpi/openmpi-4.1.4//lib/libmpi.so.40(ompi_group_allocate+0x17)[0x7f57374561e7]
[hydra06:380818] [ 8] /opt/mpi/openmpi-4.1.4//lib/libmpi.so.40(ompi_group_incl_plist+0x65)[0x7f636e141915]
[hydra07:407164] [13] /home/thesis/jheld/MPI_Syrk_implementation/build/src/MPI_SYRK_implementation(+0x232a)[0x55e430f4f32a]
[hydra07:407164] *** End of error message ***
[hydra05:380139] [11] /home/thesis/jheld/MPI_Syrk_implementation/build/src/MPI_SYRK_implementation(+0x2ab0)[0x55e9440d8ab0]
[hydra11:360522] [ 1] /lib/x86_64-linux-gnu/libc.so.6(gsignal+0x141)[0x7fc9929fcd61]
[hydra02:567610] [ 6] /lib/x86_64-linux-gnu/libc.so.6(__libc_calloc+0x81)[0x7f22af86fbd1]
[hydra09:373732] [ 0] /lib/x86_64-linux-gnu/libc.so.6(+0x38de0)[0x7faa121b9de0]
[hydra08:382456] [ 6] /lib/x86_64-linux-gnu/libc.so.6(__libc_calloc+0x81)[0x7f4682b2dbd1]
[hydra03:397429] [ 8] /opt/mpi/openmpi-4.1.4//lib/libmpi.so.40(ompi_group_incl_plist+0x65)[0x7f5737456915]
[hydra06:380818] [ 9] /opt/mpi/openmpi-4.1.4//lib/libmpi.so.40(PMPI_Group_incl+0x95)[0x7f636e172185]
[hydra07:407165] [ 6] /lib/x86_64-linux-gnu/libc.so.6(__libc_calloc+0x81)[0x7f5d66eccbd1]
[hydra05:380138] [12] /lib/x86_64-linux-gnu/libc.so.6(__libc_start_main+0xea)[0x7f3475c01d7a]
[hydra05:380138] [13] /home/thesis/jheld/MPI_Syrk_implementation/build/src/MPI_SYRK_implementation(+0x232a)[0x5631b4a4532a]
[hydra05:380138] *** End of error message ***
[hydra11:360522] [ 2] /lib/x86_64-linux-gnu/libc.so.6(abort+0x123)[0x7fc9929e6537]
[hydra02:567610] [ 7] /opt/mpi/openmpi-4.1.4//lib/libmpi.so.40(ompi_group_allocate+0x17)[0x7f22b173d1e7]
[hydra09:373732] [ 1] /lib/x86_64-linux-gnu/libc.so.6(gsignal+0x141)[0x7faa121b9d61]
[hydra08:382456] [ 7] /opt/mpi/openmpi-4.1.4//lib/libmpi.so.40(ompi_group_allocate+0x17)[0x7f46849fb1e7]
[hydra03:397429] [ 9] /opt/mpi/openmpi-4.1.4//lib/libmpi.so.40(PMPI_Group_incl+0x95)[0x7f5737487185]
[hydra03:397429] [10] /home/thesis/jheld/MPI_Syrk_implementation/build/src/MPI_SYRK_implementation(+0x841a)[0x55e19b40f41a]
[hydra06:380818] [10] /home/thesis/jheld/MPI_Syrk_implementation/build/src/MPI_SYRK_implementation(+0x841a)[0x562e8a3e741a]
[hydra06:380818] [11] /home/thesis/jheld/MPI_Syrk_implementation/build/src/MPI_SYRK_implementation(+0x2ab0)[0x562e8a3e1ab0]
[hydra07:407165] [ 7] /opt/mpi/openmpi-4.1.4//lib/libmpi.so.40(ompi_group_allocate+0x17)[0x7f5d68d9a1e7]
[hydra05:380139] [12] /lib/x86_64-linux-gnu/libc.so.6(__libc_start_main+0xea)[0x7fad2830ed7a]
[hydra05:380139] [13] /home/thesis/jheld/MPI_Syrk_implementation/build/src/MPI_SYRK_implementation(+0x232a)[0x55e9440d832a]
[hydra05:380139] *** End of error message ***
[hydra11:360522] [ 3] /lib/x86_64-linux-gnu/libc.so.6(+0x7a468)[0x7fc992a3e468]
[hydra02:567610] [ 8] /opt/mpi/openmpi-4.1.4//lib/libmpi.so.40(ompi_group_incl_plist+0x65)[0x7f22b173d915]
[hydra09:373730] [ 5] /lib/x86_64-linux-gnu/libc.so.6(+0x8483c)[0x7fb10f3b383c]
[hydra08:382456] [ 8] /opt/mpi/openmpi-4.1.4//lib/libmpi.so.40(ompi_group_incl_plist+0x65)[0x7f46849fb915]
[hydra03:397429] [11] /home/thesis/jheld/MPI_Syrk_implementation/build/src/MPI_SYRK_implementation(+0x2ab0)[0x55e19b409ab0]
[hydra06:380818] [12] /lib/x86_64-linux-gnu/libc.so.6(__libc_start_main+0xea)[0x7f636c210d7a]
[hydra06:380818] [13] /home/thesis/jheld/MPI_Syrk_implementation/build/src/MPI_SYRK_implementation(+0x232a)[0x562e8a3e132a]
[hydra07:407165] [ 8] /opt/mpi/openmpi-4.1.4//lib/libmpi.so.40(ompi_group_incl_plist+0x65)[0x7f5d68d9a915]
[hydra11:360522] [ 4] /lib/x86_64-linux-gnu/libc.so.6(+0x8175a)[0x7fc992a4575a]
[hydra02:567610] [ 9] /opt/mpi/openmpi-4.1.4//lib/libmpi.so.40(PMPI_Group_incl+0x95)[0x7f22b176e185]
[hydra09:373731] [ 5] /lib/x86_64-linux-gnu/libc.so.6(+0x8483c)[0x7fc3ab15d83c]
[hydra08:382456] [ 9] /opt/mpi/openmpi-4.1.4//lib/libmpi.so.40(PMPI_Group_incl+0x95)[0x7f4684a2c185]
[hydra03:397429] [12] /lib/x86_64-linux-gnu/libc.so.6(__libc_start_main+0xea)[0x7f5735525d7a]
[hydra03:397429] [13] /home/thesis/jheld/MPI_Syrk_implementation/build/src/MPI_SYRK_implementation(+0x232a)[0x55e19b40932a]
[hydra06:380818] *** End of error message ***
[hydra07:407165] [ 9] /opt/mpi/openmpi-4.1.4//lib/libmpi.so.40(PMPI_Group_incl+0x95)[0x7f5d68dcb185]
[hydra07:407165] [10] /home/thesis/jheld/MPI_Syrk_implementation/build/src/MPI_SYRK_implementation(+0x841a)[0x5645cc91841a]
[hydra11:360522] [ 5] /lib/x86_64-linux-gnu/libc.so.6(+0x8483c)[0x7fc992a4883c]
[hydra02:567610] [10] /home/thesis/jheld/MPI_Syrk_implementation/build/src/MPI_SYRK_implementation(+0x841a)[0x5627efc7841a]
[hydra02:567610] [11] /home/thesis/jheld/MPI_Syrk_implementation/build/src/MPI_SYRK_implementation(+0x2ab0)[0x5627efc72ab0]
[hydra09:373731] [ 6] /lib/x86_64-linux-gnu/libc.so.6(__libc_calloc+0x81)[0x7fc3ab15fbd1]
[hydra08:382456] [10] /home/thesis/jheld/MPI_Syrk_implementation/build/src/MPI_SYRK_implementation(+0x841a)[0x5593744ca41a]
[hydra08:382456] [11] /home/thesis/jheld/MPI_Syrk_implementation/build/src/MPI_SYRK_implementation(+0x2ab0)[0x5593744c4ab0]
[hydra03:397429] *** End of error message ***
[hydra07:407165] [11] /home/thesis/jheld/MPI_Syrk_implementation/build/src/MPI_SYRK_implementation(+0x2ab0)[0x5645cc912ab0]
[hydra11:360522] [ 6] /lib/x86_64-linux-gnu/libc.so.6(__libc_calloc+0x81)[0x7fc992a4abd1]
[hydra02:567610] [12] /lib/x86_64-linux-gnu/libc.so.6(__libc_start_main+0xea)[0x7f22af80cd7a]
[hydra09:373732] [ 2] /lib/x86_64-linux-gnu/libc.so.6(abort+0x123)[0x7faa121a3537]
[hydra08:382456] [12] /lib/x86_64-linux-gnu/libc.so.6(__libc_start_main+0xea)[0x7f4682acad7a]
[hydra08:382456] [13] /home/thesis/jheld/MPI_Syrk_implementation/build/src/MPI_SYRK_implementation(+0x232a)[0x5593744c432a]
[hydra07:407165] [12] /lib/x86_64-linux-gnu/libc.so.6(__libc_start_main+0xea)[0x7f5d66e69d7a]
[hydra11:360522] [ 7] /opt/mpi/openmpi-4.1.4//lib/libmpi.so.40(ompi_group_allocate+0x17)[0x7fc9949181e7]
[hydra02:567610] [13] /home/thesis/jheld/MPI_Syrk_implementation/build/src/MPI_SYRK_implementation(+0x232a)[0x5627efc7232a]
[hydra02:567610] *** End of error message ***
[hydra09:373730] [ 6] /lib/x86_64-linux-gnu/libc.so.6(__libc_calloc+0x81)[0x7fb10f3b5bd1]
[hydra08:382456] *** End of error message ***
[hydra07:407165] [13] /home/thesis/jheld/MPI_Syrk_implementation/build/src/MPI_SYRK_implementation(+0x232a)[0x5645cc91232a]
[hydra07:407165] *** End of error message ***
[hydra11:360522] [ 8] /opt/mpi/openmpi-4.1.4//lib/libmpi.so.40(ompi_group_incl_plist+0x65)[0x7fc994918915]
[hydra09:373731] [ 7] /opt/mpi/openmpi-4.1.4//lib/libmpi.so.40(ompi_group_allocate+0x17)[0x7fc3ad02d1e7]
[hydra11:360522] [ 9] /opt/mpi/openmpi-4.1.4//lib/libmpi.so.40(PMPI_Group_incl+0x95)[0x7fc994949185]
[hydra09:373730] [ 7] /opt/mpi/openmpi-4.1.4//lib/libmpi.so.40(ompi_group_allocate+0x17)[0x7fb1112831e7]
[hydra11:360522] [10] /home/thesis/jheld/MPI_Syrk_implementation/build/src/MPI_SYRK_implementation(+0x841a)[0x55baa413141a]
[hydra11:360522] [11] /home/thesis/jheld/MPI_Syrk_implementation/build/src/MPI_SYRK_implementation(+0x2ab0)[0x55baa412bab0]
[hydra09:373732] [ 3] /lib/x86_64-linux-gnu/libc.so.6(+0x7a468)[0x7faa121fb468]
[hydra11:360522] [12] /lib/x86_64-linux-gnu/libc.so.6(__libc_start_main+0xea)[0x7fc9929e7d7a]
[hydra09:373730] [ 8] /opt/mpi/openmpi-4.1.4//lib/libmpi.so.40(ompi_group_incl_plist+0x65)[0x7fb111283915]
[hydra11:360522] [13] /home/thesis/jheld/MPI_Syrk_implementation/build/src/MPI_SYRK_implementation(+0x232a)[0x55baa412b32a]
[hydra11:360522] *** End of error message ***
[hydra09:373731] [ 8] /opt/mpi/openmpi-4.1.4//lib/libmpi.so.40(ompi_group_incl_plist+0x65)[0x7fc3ad02d915]
[hydra09:373732] [ 4] /lib/x86_64-linux-gnu/libc.so.6(+0x8175a)[0x7faa1220275a]
[hydra09:373730] [ 9] /opt/mpi/openmpi-4.1.4//lib/libmpi.so.40(PMPI_Group_incl+0x95)[0x7fb1112b4185]
[hydra09:373730] [10] /home/thesis/jheld/MPI_Syrk_implementation/build/src/MPI_SYRK_implementation(+0x841a)[0x55c92174041a]
[hydra09:373731] [ 9] /opt/mpi/openmpi-4.1.4//lib/libmpi.so.40(PMPI_Group_incl+0x95)[0x7fc3ad05e185]
[hydra09:373731] [10] /home/thesis/jheld/MPI_Syrk_implementation/build/src/MPI_SYRK_implementation(+0x841a)[0x55bede02941a]
[hydra09:373731] [11] /home/thesis/jheld/MPI_Syrk_implementation/build/src/MPI_SYRK_implementation(+0x2ab0)[0x55bede023ab0]
[hydra09:373730] [11] /home/thesis/jheld/MPI_Syrk_implementation/build/src/MPI_SYRK_implementation(+0x2ab0)[0x55c92173aab0]
[hydra09:373730] [12] /lib/x86_64-linux-gnu/libc.so.6(__libc_start_main+0xea)[0x7fb10f352d7a]
[hydra09:373732] [ 5] /lib/x86_64-linux-gnu/libc.so.6(+0x8483c)[0x7faa1220583c]
[hydra09:373732] [ 6] /lib/x86_64-linux-gnu/libc.so.6(__libc_calloc+0x81)[0x7faa12207bd1]
[hydra09:373730] [13] /home/thesis/jheld/MPI_Syrk_implementation/build/src/MPI_SYRK_implementation(+0x232a)[0x55c92173a32a]
[hydra09:373730] *** End of error message ***
[hydra09:373731] [12] /lib/x86_64-linux-gnu/libc.so.6(__libc_start_main+0xea)[0x7fc3ab0fcd7a]
[hydra09:373731] [13] /home/thesis/jheld/MPI_Syrk_implementation/build/src/MPI_SYRK_implementation(+0x232a)[0x55bede02332a]
[hydra09:373731] *** End of error message ***
[hydra09:373732] [ 7] /opt/mpi/openmpi-4.1.4//lib/libmpi.so.40(ompi_group_allocate+0x17)[0x7faa140d51e7]
[hydra09:373732] [ 8] /opt/mpi/openmpi-4.1.4//lib/libmpi.so.40(ompi_group_incl_plist+0x65)[0x7faa140d5915]
[hydra09:373732] [ 9] /opt/mpi/openmpi-4.1.4//lib/libmpi.so.40(PMPI_Group_incl+0x95)[0x7faa14106185]
[hydra09:373732] [10] /home/thesis/jheld/MPI_Syrk_implementation/build/src/MPI_SYRK_implementation(+0x841a)[0x55dbf437641a]
[hydra09:373732] [11] /home/thesis/jheld/MPI_Syrk_implementation/build/src/MPI_SYRK_implementation(+0x2ab0)[0x55dbf4370ab0]
[hydra09:373732] [12] /lib/x86_64-linux-gnu/libc.so.6(__libc_start_main+0xea)[0x7faa121a4d7a]
[hydra09:373732] [13] /home/thesis/jheld/MPI_Syrk_implementation/build/src/MPI_SYRK_implementation(+0x232a)[0x55dbf437032a]
[hydra09:373732] *** End of error message ***
srun: error: hydra01: task 2: Aborted
srun: error: hydra08: task 23: Aborted
srun: error: hydra10: task 29: Aborted
srun: error: hydra04: task 11: Aborted
srun: error: hydra03: task 7: Aborted
srun: error: hydra12: task 35: Aborted
srun: error: hydra11: task 31: Aborted
srun: error: hydra06: task 17: Aborted
srun: error: hydra02: task 5: Aborted
srun: error: hydra07: tasks 19-20: Aborted
srun: error: hydra05: tasks 12-13: Aborted
srun: error: hydra09: tasks 24-26: Aborted
slurmstepd: error:  mpi/pmix_v4: _errhandler: hydra01 [0]: pmixp_client_v2.c:211: Error handler invoked: status = -61, source = [slurm.pmix.5008693.25:2]
slurmstepd: error:  mpi/pmix_v4: _errhandler: hydra12 [11]: pmixp_client_v2.c:211: Error handler invoked: status = -61, source = [slurm.pmix.5008693.25:35]
slurmstepd: error:  mpi/pmix_v4: _errhandler: hydra04 [3]: pmixp_client_v2.c:211: Error handler invoked: status = -61, source = [slurm.pmix.5008693.25:11]
slurmstepd: error:  mpi/pmix_v4: _errhandler: hydra10 [9]: pmixp_client_v2.c:211: Error handler invoked: status = -61, source = [slurm.pmix.5008693.25:29]
slurmstepd: error:  mpi/pmix_v4: _errhandler: hydra08 [7]: pmixp_client_v2.c:211: Error handler invoked: status = -61, source = [slurm.pmix.5008693.25:23]
slurmstepd: error:  mpi/pmix_v4: _errhandler: hydra11 [10]: pmixp_client_v2.c:211: Error handler invoked: status = -61, source = [slurm.pmix.5008693.25:31]
slurmstepd: error:  mpi/pmix_v4: _errhandler: hydra06 [5]: pmixp_client_v2.c:211: Error handler invoked: status = -61, source = [slurm.pmix.5008693.25:17]
slurmstepd: error:  mpi/pmix_v4: _errhandler: hydra02 [1]: pmixp_client_v2.c:211: Error handler invoked: status = -61, source = [slurm.pmix.5008693.25:5]
slurmstepd: error:  mpi/pmix_v4: _errhandler: hydra03 [2]: pmixp_client_v2.c:211: Error handler invoked: status = -61, source = [slurm.pmix.5008693.25:7]
slurmstepd: error: *** STEP 5008693.25 ON hydra01 CANCELLED AT 2025-10-13T15:31:54 ***
slurmstepd: error:  mpi/pmix_v4: _errhandler: hydra07 [6]: pmixp_client_v2.c:211: Error handler invoked: status = -61, source = [slurm.pmix.5008693.25:20]
srun: Job step aborted: Waiting up to 32 seconds for job step to finish.
srun: error: hydra05: task 14: Killed
srun: error: hydra07: task 18: Killed
srun: error: hydra10: tasks 27-28: Killed
srun: error: hydra02: tasks 3-4: Killed
srun: error: hydra11: tasks 30,32: Killed
srun: error: hydra08: tasks 21-22: Killed
srun: error: hydra03: tasks 6,8: Killed
srun: error: hydra04: tasks 9-10: Killed
srun: error: hydra01: tasks 0-1: Killed
srun: error: hydra06: tasks 15-16: Killed
srun: error: hydra12: tasks 33-34: Killed
⚠️ Warning: No runtime found for run 26
srun: Warning: can't honor --ntasks-per-node set to 1 which doesn't match the requested tasks 36 with the number of requested nodes 12. Ignoring --ntasks-per-node.
missing input file name --> Generate random input
malloc(): invalid size (unsorted)
[hydra01:883671] *** Process received signal ***
[hydra01:883671] Signal: Aborted (6)
[hydra01:883671] Signal code:  (-6)
malloc(): invalid size (unsorted)
malloc(): invalid size (unsorted)
[hydra01:883673] *** Process received signal ***
malloc(): invalid size (unsorted)
[hydra12:360549] *** Process received signal ***
[hydra12:360549] Signal: Aborted (6)
[hydra12:360549] Signal code:  (-6)
[hydra01:883673] Signal: Aborted (6)
[hydra01:883673] Signal code:  (-6)
[hydra01:883671] [ 0] /lib/x86_64-linux-gnu/libc.so.6(+0x38de0)[0x7f18d978fde0]
[hydra01:883671] [ 1] /lib/x86_64-linux-gnu/libc.so.6(gsignal+0x141)[0x7f18d978fd61]
[hydra01:883671] [ 2] /lib/x86_64-linux-gnu/libc.so.6(abort+0x123)[0x7f18d9779537]
malloc(): invalid size (unsorted)
malloc(): invalid size (unsorted)
[hydra05:380204] *** Process received signal ***
[hydra05:380204] Signal: Aborted (6)
[hydra05:380204] Signal code:  (-6)
malloc(): invalid size (unsorted)
[hydra02:567689] *** Process received signal ***
[hydra02:567689] Signal: Aborted (6)
[hydra02:567689] Signal code:  (-6)
[hydra01:883671] [ 3] /lib/x86_64-linux-gnu/libc.so.6(+0x7a468)[0x7f18d97d1468]
[hydra01:883673] [ 0] /lib/x86_64-linux-gnu/libc.so.6(+0x38de0)[0x7f5a796e5de0]
malloc(): invalid size (unsorted)
[hydra04:396255] *** Process received signal ***
[hydra04:396255] Signal: Aborted (6)
[hydra04:396255] Signal code:  (-6)
malloc(): invalid size (unsorted)
[hydra07:407229] *** Process received signal ***
[hydra07:407229] Signal: Aborted (6)
[hydra07:407229] Signal code:  (-6)
[hydra03:397493] *** Process received signal ***
[hydra03:397493] Signal: Aborted (6)
[hydra03:397493] Signal code:  (-6)
[hydra01:883673] [ 1] /lib/x86_64-linux-gnu/libc.so.6(gsignal+0x141)[0x7f5a796e5d61]
[hydra05:380204] [ 0] /lib/x86_64-linux-gnu/libc.so.6(+0x38de0)[0x7fa519a20de0]
[hydra03:397493] [ 0] /lib/x86_64-linux-gnu/libc.so.6(+0x38de0)[0x7f283d642de0]
[hydra01:883671] [ 4] /lib/x86_64-linux-gnu/libc.so.6(+0x8175a)[0x7f18d97d875a]
malloc(): invalid size (unsorted)
[hydra06:380881] *** Process received signal ***
[hydra06:380881] Signal: Aborted (6)
[hydra06:380881] Signal code:  (-6)
[hydra05:380204] [ 1] /lib/x86_64-linux-gnu/libc.so.6(gsignal+0x141)[0x7fa519a20d61]
[hydra02:567689] [ 0] /lib/x86_64-linux-gnu/libc.so.6(+0x38de0)[0x7f1882553de0]
[hydra03:397493] [ 1] /lib/x86_64-linux-gnu/libc.so.6(gsignal+0x141)[0x7f283d642d61]
[hydra01:883673] [ 2] /lib/x86_64-linux-gnu/libc.so.6(abort+0x123)[0x7f5a796cf537]
malloc(): invalid size (unsorted)
[hydra08:382521] *** Process received signal ***
[hydra08:382521] Signal: Aborted (6)
[hydra08:382521] Signal code:  (-6)
[hydra05:380204] [ 2] /lib/x86_64-linux-gnu/libc.so.6(abort+0x123)[0x7fa519a0a537]
malloc(): invalid size (unsorted)
[hydra01:883671] [ 5] /lib/x86_64-linux-gnu/libc.so.6(+0x8483c)[0x7f18d97db83c]
[hydra05:380204] [ 3] /lib/x86_64-linux-gnu/libc.so.6(+0x7a468)[0x7fa519a62468]
malloc(): invalid size (unsorted)
[hydra04:396254] *** Process received signal ***
[hydra04:396254] Signal: Aborted (6)
[hydra04:396254] Signal code:  (-6)
[hydra02:567689] [ 1] /lib/x86_64-linux-gnu/libc.so.6(gsignal+0x141)[0x7f1882553d61]
[hydra03:397493] [ 2] /lib/x86_64-linux-gnu/libc.so.6(abort+0x123)[0x7f283d62c537]
[hydra01:883673] [ 3] /lib/x86_64-linux-gnu/libc.so.6(+0x7a468)[0x7f5a79727468]
malloc(): invalid size (unsorted)
[hydra12:360550] *** Process received signal ***
[hydra12:360550] Signal: Aborted (6)
[hydra12:360550] Signal code:  (-6)
[hydra08:382521] [ 0] /lib/x86_64-linux-gnu/libc.so.6(+0x38de0)[0x7fc58ea13de0]
[hydra05:380204] [ 4] /lib/x86_64-linux-gnu/libc.so.6(+0x8175a)[0x7fa519a6975a]
[hydra04:396255] [ 0] /lib/x86_64-linux-gnu/libc.so.6(+0x38de0)[0x7f9fc6d94de0]
[hydra02:567689] [ 2] /lib/x86_64-linux-gnu/libc.so.6(abort+0x123)[0x7f188253d537]
[hydra07:407229] [ 0] /lib/x86_64-linux-gnu/libc.so.6(+0x38de0)[0x7fbba09d7de0]
[hydra03:397493] [ 3] /lib/x86_64-linux-gnu/libc.so.6(+0x7a468)[0x7f283d684468]
[hydra01:883671] [ 6] /lib/x86_64-linux-gnu/libc.so.6(__libc_calloc+0x81)[0x7f18d97ddbd1]
malloc(): invalid size (unsorted)
[hydra10:492076] *** Process received signal ***
[hydra10:492076] Signal: Aborted (6)
[hydra10:492076] Signal code:  (-6)
malloc(): invalid size (unsorted)
[hydra12:360548] *** Process received signal ***
[hydra12:360548] Signal: Aborted (6)
[hydra12:360548] Signal code:  (-6)
[hydra08:382521] [ 1] /lib/x86_64-linux-gnu/libc.so.6(gsignal+0x141)[0x7fc58ea13d61]
[hydra05:380204] [ 5] /lib/x86_64-linux-gnu/libc.so.6(+0x8483c)[0x7fa519a6c83c]
[hydra04:396255] [ 1] /lib/x86_64-linux-gnu/libc.so.6(gsignal+0x141)[0x7f9fc6d94d61]
[hydra02:567689] [ 3] /lib/x86_64-linux-gnu/libc.so.6(+0x7a468)[0x7f1882595468]
[hydra07:407230] *** Process received signal ***
[hydra03:397493] [ 4] /lib/x86_64-linux-gnu/libc.so.6(+0x8175a)[0x7f283d68b75a]
[hydra01:883671] [ 7] /opt/mpi/openmpi-4.1.4//lib/libmpi.so.40(ompi_group_allocate+0x17)[0x7f18db6ab1e7]
[hydra12:360549] [ 0] /lib/x86_64-linux-gnu/libc.so.6(+0x38de0)[0x7f0e21f63de0]
[hydra12:360549] [ 1] /lib/x86_64-linux-gnu/libc.so.6(gsignal+0x141)[0x7f0e21f63d61]
[hydra08:382521] [ 2] /lib/x86_64-linux-gnu/libc.so.6(abort+0x123)[0x7fc58e9fd537]
[hydra05:380204] [ 6] /lib/x86_64-linux-gnu/libc.so.6(__libc_calloc+0x81)[0x7fa519a6ebd1]
[hydra04:396254] [ 0] /lib/x86_64-linux-gnu/libc.so.6(+0x38de0)[0x7f4e6604fde0]
[hydra02:567689] [ 4] /lib/x86_64-linux-gnu/libc.so.6(+0x8175a)[0x7f188259c75a]
[hydra07:407230] Signal: Aborted (6)
[hydra07:407230] Signal code:  (-6)
[hydra03:397493] [ 5] /lib/x86_64-linux-gnu/libc.so.6(+0x8483c)[0x7f283d68e83c]
[hydra01:883673] [ 4] /lib/x86_64-linux-gnu/libc.so.6(+0x8175a)[0x7f5a7972e75a]
[hydra12:360550] [ 0] /lib/x86_64-linux-gnu/libc.so.6(+0x38de0)[0x7f357e49ade0]
[hydra12:360550] [ 1] /lib/x86_64-linux-gnu/libc.so.6(gsignal+0x141)[0x7f357e49ad61]
[hydra12:360550] [ 2] /lib/x86_64-linux-gnu/libc.so.6(abort+0x123)[0x7f357e484537]
[hydra08:382521] [ 3] /lib/x86_64-linux-gnu/libc.so.6(+0x7a468)[0x7fc58ea55468]
[hydra05:380204] [ 7] /opt/mpi/openmpi-4.1.4//lib/libmpi.so.40(ompi_group_allocate+0x17)[0x7fa51b93c1e7]
[hydra04:396254] [ 1] /lib/x86_64-linux-gnu/libc.so.6(gsignal+0x141)[0x7f4e6604fd61]
[hydra02:567689] [ 5] /lib/x86_64-linux-gnu/libc.so.6(+0x8483c)[0x7f188259f83c]
[hydra07:407229] [ 1] /lib/x86_64-linux-gnu/libc.so.6(gsignal+0x141)[0x7fbba09d7d61]
[hydra03:397493] [ 6] /lib/x86_64-linux-gnu/libc.so.6(__libc_calloc+0x81)[0x7f283d690bd1]
[hydra01:883671] [ 8] /opt/mpi/openmpi-4.1.4//lib/libmpi.so.40(ompi_group_incl_plist+0x65)[0x7f18db6ab915]
[hydra11:360589] *** Process received signal ***
[hydra11:360589] Signal: Aborted (6)
[hydra11:360589] Signal code:  (-6)
[hydra12:360548] [ 0] /lib/x86_64-linux-gnu/libc.so.6(+0x38de0)[0x7f614fefade0]
[hydra12:360548] [ 1] /lib/x86_64-linux-gnu/libc.so.6(gsignal+0x141)[0x7f614fefad61]
[hydra05:380204] [ 8] /opt/mpi/openmpi-4.1.4//lib/libmpi.so.40(ompi_group_incl_plist+0x65)[0x7fa51b93c915]
[hydra04:396255] [ 2] /lib/x86_64-linux-gnu/libc.so.6(abort+0x123)[0x7f9fc6d7e537]
[hydra02:567689] [ 6] /lib/x86_64-linux-gnu/libc.so.6(__libc_calloc+0x81)[0x7f18825a1bd1]
[hydra07:407229] [ 2] /lib/x86_64-linux-gnu/libc.so.6(abort+0x123)[0x7fbba09c1537]
[hydra03:397493] [ 7] /opt/mpi/openmpi-4.1.4//lib/libmpi.so.40(ompi_group_allocate+0x17)[0x7f283f55e1e7]
[hydra01:883673] [ 5] /lib/x86_64-linux-gnu/libc.so.6(+0x8483c)[0x7f5a7973183c]
[hydra11:360589] [ 0] /lib/x86_64-linux-gnu/libc.so.6(+0x38de0)[0x7ff39f5b2de0]
[hydra12:360549] [ 2] /lib/x86_64-linux-gnu/libc.so.6(abort+0x123)[0x7f0e21f4d537]
[hydra08:382521] [ 4] /lib/x86_64-linux-gnu/libc.so.6(+0x8175a)[0x7fc58ea5c75a]
[hydra05:380204] [ 9] /opt/mpi/openmpi-4.1.4//lib/libmpi.so.40(PMPI_Group_incl+0x95)[0x7fa51b96d185]
[hydra05:380204] [10] /home/thesis/jheld/MPI_Syrk_implementation/build/src/MPI_SYRK_implementation(+0x841a)[0x55d08cc8541a]
[hydra04:396254] [ 2] /lib/x86_64-linux-gnu/libc.so.6(abort+0x123)[0x7f4e66039537]
[hydra02:567689] [ 7] /opt/mpi/openmpi-4.1.4//lib/libmpi.so.40(ompi_group_allocate+0x17)[0x7f188446f1e7]
[hydra07:407229] [ 3] /lib/x86_64-linux-gnu/libc.so.6(+0x7a468)[0x7fbba0a19468]
[hydra03:397493] [ 8] /opt/mpi/openmpi-4.1.4//lib/libmpi.so.40(ompi_group_incl_plist+0x65)[0x7f283f55e915]
[hydra01:883671] [ 9] /opt/mpi/openmpi-4.1.4//lib/libmpi.so.40(PMPI_Group_incl+0x95)[0x7f18db6dc185]
[hydra11:360589] [ 1] /lib/x86_64-linux-gnu/libc.so.6(gsignal+0x141)[0x7ff39f5b2d61]
[hydra12:360548] [ 2] /lib/x86_64-linux-gnu/libc.so.6(abort+0x123)[0x7f614fee4537]
[hydra08:382521] [ 5] /lib/x86_64-linux-gnu/libc.so.6(+0x8483c)[0x7fc58ea5f83c]
[hydra05:380204] [11] /home/thesis/jheld/MPI_Syrk_implementation/build/src/MPI_SYRK_implementation(+0x2ab0)[0x55d08cc7fab0]
[hydra04:396255] [ 3] /lib/x86_64-linux-gnu/libc.so.6(+0x7a468)[0x7f9fc6dd6468]
[hydra02:567689] [ 8] /opt/mpi/openmpi-4.1.4//lib/libmpi.so.40(ompi_group_incl_plist+0x65)[0x7f188446f915]
[hydra07:407229] [ 4] /lib/x86_64-linux-gnu/libc.so.6(+0x8175a)[0x7fbba0a2075a]
[hydra03:397493] [ 9] /opt/mpi/openmpi-4.1.4//lib/libmpi.so.40(PMPI_Group_incl+0x95)[0x7f283f58f185]
[hydra01:883671] [10] /home/thesis/jheld/MPI_Syrk_implementation/build/src/MPI_SYRK_implementation(+0x841a)[0x55b593f2341a]
[hydra01:883671] [11] /home/thesis/jheld/MPI_Syrk_implementation/build/src/MPI_SYRK_implementation(+0x2ab0)[0x55b593f1dab0]
[hydra11:360589] [ 2] /lib/x86_64-linux-gnu/libc.so.6(abort+0x123)[0x7ff39f59c537]
[hydra12:360549] [ 3] /lib/x86_64-linux-gnu/libc.so.6(+0x7a468)[0x7f0e21fa5468]
[hydra08:382521] [ 6] /lib/x86_64-linux-gnu/libc.so.6(__libc_calloc+0x81)[0x7fc58ea61bd1]
[hydra05:380204] [12] /lib/x86_64-linux-gnu/libc.so.6(__libc_start_main+0xea)[0x7fa519a0bd7a]
[hydra04:396254] [ 3] /lib/x86_64-linux-gnu/libc.so.6(+0x7a468)[0x7f4e66091468]
[hydra02:567689] [ 9] /opt/mpi/openmpi-4.1.4//lib/libmpi.so.40(PMPI_Group_incl+0x95)[0x7f18844a0185]
[hydra07:407230] [ 0] /lib/x86_64-linux-gnu/libc.so.6(+0x38de0)[0x7f949961fde0]
[hydra03:397493] [10] /home/thesis/jheld/MPI_Syrk_implementation/build/src/MPI_SYRK_implementation(+0x841a)[0x55721f46c41a]
[hydra03:397493] [11] /home/thesis/jheld/MPI_Syrk_implementation/build/src/MPI_SYRK_implementation(+0x2ab0)[0x55721f466ab0]
[hydra01:883673] [ 6] /lib/x86_64-linux-gnu/libc.so.6(__libc_calloc+0x81)[0x7f5a79733bd1]
[hydra06:380881] [ 0] /lib/x86_64-linux-gnu/libc.so.6(+0x38de0)[0x7f3ea4c4fde0]
[hydra11:360589] [ 3] /lib/x86_64-linux-gnu/libc.so.6(+0x7a468)[0x7ff39f5f4468]
[hydra12:360550] [ 3] /lib/x86_64-linux-gnu/libc.so.6(+0x7a468)[0x7f357e4dc468]
[hydra08:382521] [ 7] /opt/mpi/openmpi-4.1.4//lib/libmpi.so.40(ompi_group_allocate+0x17)[0x7fc59092f1e7]
[hydra05:380204] [13] /home/thesis/jheld/MPI_Syrk_implementation/build/src/MPI_SYRK_implementation(+0x232a)[0x55d08cc7f32a]
[hydra05:380204] *** End of error message ***
[hydra04:396255] [ 4] /lib/x86_64-linux-gnu/libc.so.6(+0x8175a)[0x7f9fc6ddd75a]
[hydra02:567689] [10] /home/thesis/jheld/MPI_Syrk_implementation/build/src/MPI_SYRK_implementation(+0x841a)[0x556525d2b41a]
[hydra02:567689] [11] /home/thesis/jheld/MPI_Syrk_implementation/build/src/MPI_SYRK_implementation(+0x2ab0)[0x556525d25ab0]
[hydra07:407229] [ 5] /lib/x86_64-linux-gnu/libc.so.6(+0x8483c)[0x7fbba0a2383c]
[hydra03:397493] [12] /lib/x86_64-linux-gnu/libc.so.6(__libc_start_main+0xea)[0x7f283d62dd7a]
[hydra03:397493] [13] /home/thesis/jheld/MPI_Syrk_implementation/build/src/MPI_SYRK_implementation(+0x232a)[0x55721f46632a]
[hydra01:883671] [12] /lib/x86_64-linux-gnu/libc.so.6(__libc_start_main+0xea)[0x7f18d977ad7a]
[hydra06:380881] [ 1] /lib/x86_64-linux-gnu/libc.so.6(gsignal+0x141)[0x7f3ea4c4fd61]
malloc(): invalid size (unsorted)
[hydra12:360548] [ 3] /lib/x86_64-linux-gnu/libc.so.6(+0x7a468)[0x7f614ff3c468]
[hydra08:382521] [ 8] /opt/mpi/openmpi-4.1.4//lib/libmpi.so.40(ompi_group_incl_plist+0x65)[0x7fc59092f915]
[hydra04:396255] [ 5] /lib/x86_64-linux-gnu/libc.so.6(+0x8483c)[0x7f9fc6de083c]
[hydra02:567689] [12] /lib/x86_64-linux-gnu/libc.so.6(__libc_start_main+0xea)[0x7f188253ed7a]
[hydra07:407230] [ 1] /lib/x86_64-linux-gnu/libc.so.6(gsignal+0x141)[0x7f949961fd61]
[hydra03:397493] *** End of error message ***
[hydra01:883673] [ 7] /opt/mpi/openmpi-4.1.4//lib/libmpi.so.40(ompi_group_allocate+0x17)[0x7f5a7b6011e7]
[hydra06:380881] [ 2] /lib/x86_64-linux-gnu/libc.so.6(abort+0x123)[0x7f3ea4c39537]
[hydra10:492076] [ 0] /lib/x86_64-linux-gnu/libc.so.6(+0x38de0)[0x7f95d1077de0]
[hydra11:360587] *** Process received signal ***
[hydra12:360549] [ 4] /lib/x86_64-linux-gnu/libc.so.6(+0x8175a)[0x7f0e21fac75a]
[hydra08:382521] [ 9] /opt/mpi/openmpi-4.1.4//lib/libmpi.so.40(PMPI_Group_incl+0x95)[0x7fc590960185]
[hydra08:382521] [10] /home/thesis/jheld/MPI_Syrk_implementation/build/src/MPI_SYRK_implementation(+0x841a)[0x5592e787541a]
[hydra04:396254] [ 4] /lib/x86_64-linux-gnu/libc.so.6(+0x8175a)[0x7f4e6609875a]
[hydra02:567689] [13] /home/thesis/jheld/MPI_Syrk_implementation/build/src/MPI_SYRK_implementation(+0x232a)[0x556525d2532a]
[hydra02:567689] *** End of error message ***
[hydra07:407230] [ 2] /lib/x86_64-linux-gnu/libc.so.6(abort+0x123)[0x7f9499609537]
[hydra01:883671] [13] /home/thesis/jheld/MPI_Syrk_implementation/build/src/MPI_SYRK_implementation(+0x232a)[0x55b593f1d32a]
[hydra01:883671] *** End of error message ***
[hydra06:380881] [ 3] /lib/x86_64-linux-gnu/libc.so.6(+0x7a468)[0x7f3ea4c91468]
[hydra10:492076] [ 1] /lib/x86_64-linux-gnu/libc.so.6(gsignal+0x141)[0x7f95d1077d61]
[hydra11:360589] [ 4] /lib/x86_64-linux-gnu/libc.so.6(+0x8175a)[0x7ff39f5fb75a]
[hydra12:360550] [ 4] /lib/x86_64-linux-gnu/libc.so.6(+0x8175a)[0x7f357e4e375a]
[hydra08:382521] [11] /home/thesis/jheld/MPI_Syrk_implementation/build/src/MPI_SYRK_implementation(+0x2ab0)[0x5592e786fab0]
[hydra04:396254] [ 5] /lib/x86_64-linux-gnu/libc.so.6(+0x8483c)[0x7f4e6609b83c]
[hydra07:407229] [ 6] /lib/x86_64-linux-gnu/libc.so.6(__libc_calloc+0x81)[0x7fbba0a25bd1]
[hydra01:883673] [ 8] /opt/mpi/openmpi-4.1.4//lib/libmpi.so.40(ompi_group_incl_plist+0x65)[0x7f5a7b601915]
[hydra06:380881] [ 4] /lib/x86_64-linux-gnu/libc.so.6(+0x8175a)[0x7f3ea4c9875a]
[hydra10:492076] [ 2] /lib/x86_64-linux-gnu/libc.so.6(abort+0x123)[0x7f95d1061537]
[hydra11:360587] Signal: Aborted (6)
[hydra11:360587] Signal code:  (-6)
[hydra12:360548] [ 4] /lib/x86_64-linux-gnu/libc.so.6(+0x8175a)[0x7f614ff4375a]
[hydra08:382521] [12] /lib/x86_64-linux-gnu/libc.so.6(__libc_start_main+0xea)[0x7fc58e9fed7a]
[hydra04:396255] [ 6] /lib/x86_64-linux-gnu/libc.so.6(__libc_calloc+0x81)[0x7f9fc6de2bd1]
[hydra07:407229] [ 7] /opt/mpi/openmpi-4.1.4//lib/libmpi.so.40(ompi_group_allocate+0x17)[0x7fbba28f31e7]
[hydra01:883673] [ 9] /opt/mpi/openmpi-4.1.4//lib/libmpi.so.40(PMPI_Group_incl+0x95)[0x7f5a7b632185]
[hydra06:380881] [ 5] /lib/x86_64-linux-gnu/libc.so.6(+0x8483c)[0x7f3ea4c9b83c]
[hydra10:492076] [ 3] /lib/x86_64-linux-gnu/libc.so.6(+0x7a468)[0x7f95d10b9468]
[hydra11:360589] [ 5] /lib/x86_64-linux-gnu/libc.so.6(+0x8483c)[0x7ff39f5fe83c]
[hydra12:360549] [ 5] /lib/x86_64-linux-gnu/libc.so.6(+0x8483c)[0x7f0e21faf83c]
[hydra08:382521] [13] /home/thesis/jheld/MPI_Syrk_implementation/build/src/MPI_SYRK_implementation(+0x232a)[0x5592e786f32a]
[hydra08:382521] *** End of error message ***
[hydra04:396255] [ 7] /opt/mpi/openmpi-4.1.4//lib/libmpi.so.40(ompi_group_allocate+0x17)[0x7f9fc8cb01e7]
[hydra07:407230] [ 3] /lib/x86_64-linux-gnu/libc.so.6(+0x7a468)[0x7f9499661468]
[hydra01:883673] [10] /home/thesis/jheld/MPI_Syrk_implementation/build/src/MPI_SYRK_implementation(+0x841a)[0x55f43d24b41a]
[hydra01:883673] [11] /home/thesis/jheld/MPI_Syrk_implementation/build/src/MPI_SYRK_implementation(+0x2ab0)[0x55f43d245ab0]
[hydra06:380881] [ 6] /lib/x86_64-linux-gnu/libc.so.6(__libc_calloc+0x81)[0x7f3ea4c9dbd1]
[hydra10:492076] [ 4] /lib/x86_64-linux-gnu/libc.so.6(+0x8175a)[0x7f95d10c075a]
[hydra11:360589] [ 6] /lib/x86_64-linux-gnu/libc.so.6(__libc_calloc+0x81)[0x7ff39f600bd1]
[hydra12:360550] [ 5] /lib/x86_64-linux-gnu/libc.so.6(+0x8483c)[0x7f357e4e683c]
[hydra04:396254] [ 6] /lib/x86_64-linux-gnu/libc.so.6(__libc_calloc+0x81)[0x7f4e6609dbd1]
[hydra07:407229] [ 8] /opt/mpi/openmpi-4.1.4//lib/libmpi.so.40(ompi_group_incl_plist+0x65)[0x7fbba28f3915]
[hydra01:883673] [12] /lib/x86_64-linux-gnu/libc.so.6(__libc_start_main+0xea)[0x7f5a796d0d7a]
[hydra06:380881] [ 7] /opt/mpi/openmpi-4.1.4//lib/libmpi.so.40(ompi_group_allocate+0x17)[0x7f3ea6b6b1e7]
[hydra10:492076] [ 5] /lib/x86_64-linux-gnu/libc.so.6(+0x8483c)[0x7f95d10c383c]
[hydra11:360589] [ 7] /opt/mpi/openmpi-4.1.4//lib/libmpi.so.40(ompi_group_allocate+0x17)[0x7ff3a14ce1e7]
[hydra12:360548] [ 5] /lib/x86_64-linux-gnu/libc.so.6(+0x8483c)[0x7f614ff4683c]
[hydra04:396255] [ 8] /opt/mpi/openmpi-4.1.4//lib/libmpi.so.40(ompi_group_incl_plist+0x65)[0x7f9fc8cb0915]
[hydra07:407230] [ 4] /lib/x86_64-linux-gnu/libc.so.6(+0x8175a)[0x7f949966875a]
[hydra01:883673] [13] /home/thesis/jheld/MPI_Syrk_implementation/build/src/MPI_SYRK_implementation(+0x232a)[0x55f43d24532a]
[hydra01:883673] *** End of error message ***
[hydra06:380881] [ 8] /opt/mpi/openmpi-4.1.4//lib/libmpi.so.40(ompi_group_incl_plist+0x65)[0x7f3ea6b6b915]
[hydra10:492076] [ 6] /lib/x86_64-linux-gnu/libc.so.6(__libc_calloc+0x81)[0x7f95d10c5bd1]
[hydra11:360587] [ 0] /lib/x86_64-linux-gnu/libc.so.6(+0x38de0)[0x7ff48ca17de0]
[hydra12:360549] [ 6] /lib/x86_64-linux-gnu/libc.so.6(__libc_calloc+0x81)[0x7f0e21fb1bd1]
[hydra04:396254] [ 7] /opt/mpi/openmpi-4.1.4//lib/libmpi.so.40(ompi_group_allocate+0x17)[0x7f4e67f6b1e7]
[hydra07:407229] [ 9] /opt/mpi/openmpi-4.1.4//lib/libmpi.so.40(PMPI_Group_incl+0x95)[0x7fbba2924185]
[hydra06:380881] [ 9] /opt/mpi/openmpi-4.1.4//lib/libmpi.so.40(PMPI_Group_incl+0x95)[0x7f3ea6b9c185]
[hydra10:492076] [ 7] /opt/mpi/openmpi-4.1.4//lib/libmpi.so.40(ompi_group_allocate+0x17)[0x7f95d2f931e7]
[hydra11:360589] [ 8] /opt/mpi/openmpi-4.1.4//lib/libmpi.so.40(ompi_group_incl_plist+0x65)[0x7ff3a14ce915]
[hydra12:360550] [ 6] /lib/x86_64-linux-gnu/libc.so.6(__libc_calloc+0x81)[0x7f357e4e8bd1]
[hydra04:396255] [ 9] /opt/mpi/openmpi-4.1.4//lib/libmpi.so.40(PMPI_Group_incl+0x95)[0x7f9fc8ce1185]
[hydra07:407229] [10] /home/thesis/jheld/MPI_Syrk_implementation/build/src/MPI_SYRK_implementation(+0x841a)[0x55692895f41a]
[hydra07:407229] [11] /home/thesis/jheld/MPI_Syrk_implementation/build/src/MPI_SYRK_implementation(+0x2ab0)[0x556928959ab0]
[hydra06:380881] [10] /home/thesis/jheld/MPI_Syrk_implementation/build/src/MPI_SYRK_implementation(+0x841a)[0x560676c5741a]
[hydra06:380881] [11] /home/thesis/jheld/MPI_Syrk_implementation/build/src/MPI_SYRK_implementation(+0x2ab0)[0x560676c51ab0]
[hydra10:492076] [ 8] /opt/mpi/openmpi-4.1.4//lib/libmpi.so.40(ompi_group_incl_plist+0x65)[0x7f95d2f93915]
[hydra11:360587] [ 1] /lib/x86_64-linux-gnu/libc.so.6(gsignal+0x141)[0x7ff48ca17d61]
[hydra12:360548] [ 6] /lib/x86_64-linux-gnu/libc.so.6(__libc_calloc+0x81)[0x7f614ff48bd1]
[hydra04:396254] [ 8] /opt/mpi/openmpi-4.1.4//lib/libmpi.so.40(ompi_group_incl_plist+0x65)[0x7f4e67f6b915]
[hydra07:407230] [ 5] /lib/x86_64-linux-gnu/libc.so.6(+0x8483c)[0x7f949966b83c]
[hydra06:380881] [12] /lib/x86_64-linux-gnu/libc.so.6(__libc_start_main+0xea)[0x7f3ea4c3ad7a]
[hydra06:380881] [13] /home/thesis/jheld/MPI_Syrk_implementation/build/src/MPI_SYRK_implementation(+0x232a)[0x560676c5132a]
[hydra10:492076] [ 9] /opt/mpi/openmpi-4.1.4//lib/libmpi.so.40(PMPI_Group_incl+0x95)[0x7f95d2fc4185]
[hydra11:360589] [ 9] /opt/mpi/openmpi-4.1.4//lib/libmpi.so.40(PMPI_Group_incl+0x95)[0x7ff3a14ff185]
[hydra11:360589] [10] /home/thesis/jheld/MPI_Syrk_implementation/build/src/MPI_SYRK_implementation(+0x841a)[0x55df6914741a]
[hydra12:360549] [ 7] /opt/mpi/openmpi-4.1.4//lib/libmpi.so.40(ompi_group_allocate+0x17)[0x7f0e23e7f1e7]
[hydra04:396255] [10] /home/thesis/jheld/MPI_Syrk_implementation/build/src/MPI_SYRK_implementation(+0x841a)[0x55a517eff41a]
[hydra04:396255] [11] /home/thesis/jheld/MPI_Syrk_implementation/build/src/MPI_SYRK_implementation(+0x2ab0)[0x55a517ef9ab0]
[hydra07:407229] [12] /lib/x86_64-linux-gnu/libc.so.6(__libc_start_main+0xea)[0x7fbba09c2d7a]
[hydra07:407229] [13] /home/thesis/jheld/MPI_Syrk_implementation/build/src/MPI_SYRK_implementation(+0x232a)[0x55692895932a]
[hydra06:380881] *** End of error message ***
[hydra10:492076] [10] /home/thesis/jheld/MPI_Syrk_implementation/build/src/MPI_SYRK_implementation(+0x841a)[0x55ddd93ab41a]
[hydra10:492076] [11] /home/thesis/jheld/MPI_Syrk_implementation/build/src/MPI_SYRK_implementation(+0x2ab0)[0x55ddd93a5ab0]
[hydra11:360587] [ 2] /lib/x86_64-linux-gnu/libc.so.6(abort+0x123)[0x7ff48ca01537]
[hydra12:360550] [ 7] /opt/mpi/openmpi-4.1.4//lib/libmpi.so.40(ompi_group_allocate+0x17)[0x7f35803b61e7]
[hydra12:360550] [ 8] /opt/mpi/openmpi-4.1.4//lib/libmpi.so.40(ompi_group_incl_plist+0x65)[0x7f35803b6915]
[hydra04:396255] [12] /lib/x86_64-linux-gnu/libc.so.6(__libc_start_main+0xea)[0x7f9fc6d7fd7a]
[hydra07:407229] *** End of error message ***
[hydra10:492076] [12] /lib/x86_64-linux-gnu/libc.so.6(__libc_start_main+0xea)[0x7f95d1062d7a]
[hydra11:360589] [11] /home/thesis/jheld/MPI_Syrk_implementation/build/src/MPI_SYRK_implementation(+0x2ab0)[0x55df69141ab0]
[hydra12:360548] [ 7] /opt/mpi/openmpi-4.1.4//lib/libmpi.so.40(ompi_group_allocate+0x17)[0x7f6151e161e7]
[hydra04:396254] [ 9] /opt/mpi/openmpi-4.1.4//lib/libmpi.so.40(PMPI_Group_incl+0x95)[0x7f4e67f9c185]
[hydra04:396254] [10] /home/thesis/jheld/MPI_Syrk_implementation/build/src/MPI_SYRK_implementation(+0x841a)[0x55eeeae2f41a]
[hydra04:396254] [11] /home/thesis/jheld/MPI_Syrk_implementation/build/src/MPI_SYRK_implementation(+0x2ab0)[0x55eeeae29ab0]
[hydra07:407230] [ 6] /lib/x86_64-linux-gnu/libc.so.6(__libc_calloc+0x81)[0x7f949966dbd1]
[hydra10:492076] [13] /home/thesis/jheld/MPI_Syrk_implementation/build/src/MPI_SYRK_implementation(+0x232a)[0x55ddd93a532a]
[hydra10:492076] *** End of error message ***
[hydra11:360589] [12] /lib/x86_64-linux-gnu/libc.so.6(__libc_start_main+0xea)[0x7ff39f59dd7a]
[hydra11:360589] [13] /home/thesis/jheld/MPI_Syrk_implementation/build/src/MPI_SYRK_implementation(+0x232a)[0x55df6914132a]
[hydra11:360589] *** End of error message ***
[hydra12:360549] [ 8] /opt/mpi/openmpi-4.1.4//lib/libmpi.so.40(ompi_group_incl_plist+0x65)[0x7f0e23e7f915]
[hydra04:396255] [13] /home/thesis/jheld/MPI_Syrk_implementation/build/src/MPI_SYRK_implementation(+0x232a)[0x55a517ef932a]
[hydra04:396255] *** End of error message ***
[hydra07:407230] [ 7] /opt/mpi/openmpi-4.1.4//lib/libmpi.so.40(ompi_group_allocate+0x17)[0x7f949b53b1e7]
[hydra11:360587] [ 3] /lib/x86_64-linux-gnu/libc.so.6(+0x7a468)[0x7ff48ca59468]
[hydra12:360548] [ 8] /opt/mpi/openmpi-4.1.4//lib/libmpi.so.40(ompi_group_incl_plist+0x65)[0x7f6151e16915]
[hydra04:396254] [12] /lib/x86_64-linux-gnu/libc.so.6(__libc_start_main+0xea)[0x7f4e6603ad7a]
[hydra07:407230] [ 8] /opt/mpi/openmpi-4.1.4//lib/libmpi.so.40(ompi_group_incl_plist+0x65)[0x7f949b53b915]
[hydra11:360587] [ 4] /lib/x86_64-linux-gnu/libc.so.6(+0x8175a)[0x7ff48ca6075a]
[hydra12:360549] [ 9] /opt/mpi/openmpi-4.1.4//lib/libmpi.so.40(PMPI_Group_incl+0x95)[0x7f0e23eb0185]
[hydra12:360549] [10] /home/thesis/jheld/MPI_Syrk_implementation/build/src/MPI_SYRK_implementation(+0x841a)[0x5565ff24941a]
[hydra12:360549] [11] /home/thesis/jheld/MPI_Syrk_implementation/build/src/MPI_SYRK_implementation(+0x2ab0)[0x5565ff243ab0]
[hydra04:396254] [13] /home/thesis/jheld/MPI_Syrk_implementation/build/src/MPI_SYRK_implementation(+0x232a)[0x55eeeae2932a]
[hydra04:396254] *** End of error message ***
[hydra07:407230] [ 9] /opt/mpi/openmpi-4.1.4//lib/libmpi.so.40(PMPI_Group_incl+0x95)[0x7f949b56c185]
[hydra07:407230] [10] /home/thesis/jheld/MPI_Syrk_implementation/build/src/MPI_SYRK_implementation(+0x841a)[0x55945cf7541a]
[hydra07:407230] [11] /home/thesis/jheld/MPI_Syrk_implementation/build/src/MPI_SYRK_implementation(+0x2ab0)[0x55945cf6fab0]
[hydra07:407230] [12] /lib/x86_64-linux-gnu/libc.so.6(__libc_start_main+0xea)[0x7f949960ad7a]
[hydra07:407230] [13] /home/thesis/jheld/MPI_Syrk_implementation/build/src/MPI_SYRK_implementation(+0x232a)[0x55945cf6f32a]
[hydra07:407230] *** End of error message ***
[hydra12:360550] [ 9] /opt/mpi/openmpi-4.1.4//lib/libmpi.so.40(PMPI_Group_incl+0x95)[0x7f35803e7185]
[hydra12:360550] [10] /home/thesis/jheld/MPI_Syrk_implementation/build/src/MPI_SYRK_implementation(+0x841a)[0x55caa5db141a]
[hydra12:360550] [11] /home/thesis/jheld/MPI_Syrk_implementation/build/src/MPI_SYRK_implementation(+0x2ab0)[0x55caa5dabab0]
[hydra12:360548] [ 9] /opt/mpi/openmpi-4.1.4//lib/libmpi.so.40(PMPI_Group_incl+0x95)[0x7f6151e47185]
[hydra12:360548] [10] /home/thesis/jheld/MPI_Syrk_implementation/build/src/MPI_SYRK_implementation(+0x841a)[0x561e6b03841a]
[hydra12:360548] [11] /home/thesis/jheld/MPI_Syrk_implementation/build/src/MPI_SYRK_implementation(+0x2ab0)[0x561e6b032ab0]
[hydra12:360549] [12] /lib/x86_64-linux-gnu/libc.so.6(__libc_start_main+0xea)[0x7f0e21f4ed7a]
[hydra12:360549] [13] /home/thesis/jheld/MPI_Syrk_implementation/build/src/MPI_SYRK_implementation(+0x232a)[0x5565ff24332a]
[hydra12:360549] *** End of error message ***
[hydra12:360550] [12] /lib/x86_64-linux-gnu/libc.so.6(__libc_start_main+0xea)[0x7f357e485d7a]
[hydra12:360550] [13] /home/thesis/jheld/MPI_Syrk_implementation/build/src/MPI_SYRK_implementation(+0x232a)[0x55caa5dab32a]
[hydra12:360550] *** End of error message ***
[hydra12:360548] [12] /lib/x86_64-linux-gnu/libc.so.6(__libc_start_main+0xea)[0x7f614fee5d7a]
[hydra12:360548] [13] /home/thesis/jheld/MPI_Syrk_implementation/build/src/MPI_SYRK_implementation(+0x232a)[0x561e6b03232a]
[hydra12:360548] *** End of error message ***
[hydra11:360587] [ 5] /lib/x86_64-linux-gnu/libc.so.6(+0x8483c)[0x7ff48ca6383c]
[hydra11:360587] [ 6] /lib/x86_64-linux-gnu/libc.so.6(__libc_calloc+0x81)[0x7ff48ca65bd1]
[hydra11:360587] [ 7] /opt/mpi/openmpi-4.1.4//lib/libmpi.so.40(ompi_group_allocate+0x17)[0x7ff48e9331e7]
[hydra11:360587] [ 8] /opt/mpi/openmpi-4.1.4//lib/libmpi.so.40(ompi_group_incl_plist+0x65)[0x7ff48e933915]
[hydra11:360587] [ 9] /opt/mpi/openmpi-4.1.4//lib/libmpi.so.40(PMPI_Group_incl+0x95)[0x7ff48e964185]
[hydra11:360587] [10] /home/thesis/jheld/MPI_Syrk_implementation/build/src/MPI_SYRK_implementation(+0x841a)[0x561d1e9a241a]
[hydra11:360587] [11] /home/thesis/jheld/MPI_Syrk_implementation/build/src/MPI_SYRK_implementation(+0x2ab0)[0x561d1e99cab0]
[hydra11:360587] [12] /lib/x86_64-linux-gnu/libc.so.6(__libc_start_main+0xea)[0x7ff48ca02d7a]
[hydra11:360587] [13] /home/thesis/jheld/MPI_Syrk_implementation/build/src/MPI_SYRK_implementation(+0x232a)[0x561d1e99c32a]
[hydra11:360587] *** End of error message ***
srun: error: hydra02: task 5: Aborted
srun: error: hydra08: task 23: Aborted
srun: error: hydra03: task 6: Aborted
srun: error: hydra06: task 15: Aborted
srun: error: hydra10: task 29: Aborted
srun: error: hydra01: tasks 0,2: Aborted
srun: error: hydra11: tasks 30,32: Aborted
srun: error: hydra05: task 13: Aborted
srun: error: hydra07: tasks 19-20: Aborted
srun: error: hydra04: tasks 9-10: Aborted
srun: error: hydra12: tasks 33-35: Aborted
slurmstepd: error:  mpi/pmix_v4: _errhandler: hydra05 [4]: pmixp_client_v2.c:211: Error handler invoked: status = -61, source = [slurm.pmix.5008693.26:13]
slurmstepd: error:  mpi/pmix_v4: _errhandler: hydra02 [1]: pmixp_client_v2.c:211: Error handler invoked: status = -61, source = [slurm.pmix.5008693.26:5]
slurmstepd: error:  mpi/pmix_v4: _errhandler: hydra01 [0]: pmixp_client_v2.c:211: Error handler invoked: status = -61, source = [slurm.pmix.5008693.26:2]
slurmstepd: error:  mpi/pmix_v4: _errhandler: hydra08 [7]: pmixp_client_v2.c:211: Error handler invoked: status = -61, source = [slurm.pmix.5008693.26:23]
slurmstepd: error:  mpi/pmix_v4: _errhandler: hydra10 [9]: pmixp_client_v2.c:211: Error handler invoked: status = -61, source = [slurm.pmix.5008693.26:29]
slurmstepd: error:  mpi/pmix_v4: _errhandler: hydra06 [5]: pmixp_client_v2.c:211: Error handler invoked: status = -61, source = [slurm.pmix.5008693.26:15]
slurmstepd: error:  mpi/pmix_v4: _errhandler: hydra11 [10]: pmixp_client_v2.c:211: Error handler invoked: status = -61, source = [slurm.pmix.5008693.26:32]
slurmstepd: error:  mpi/pmix_v4: _errhandler: hydra07 [6]: pmixp_client_v2.c:211: Error handler invoked: status = -61, source = [slurm.pmix.5008693.26:20]
slurmstepd: error:  mpi/pmix_v4: _errhandler: hydra03 [2]: pmixp_client_v2.c:211: Error handler invoked: status = -61, source = [slurm.pmix.5008693.26:6]
slurmstepd: error: *** STEP 5008693.26 ON hydra01 CANCELLED AT 2025-10-13T15:31:55 ***
srun: Job step aborted: Waiting up to 32 seconds for job step to finish.
srun: error: hydra04: task 11: Killed
srun: error: hydra01: task 1: Killed
srun: error: hydra11: task 31: Killed
srun: error: hydra07: task 18: Killed
srun: error: hydra03: tasks 7-8: Killed
srun: error: hydra05: tasks 12,14: Killed
srun: error: hydra10: tasks 27-28: Killed
srun: error: hydra02: tasks 3-4: Killed
srun: error: hydra06: tasks 16-17: Killed
srun: error: hydra08: tasks 21-22: Killed
srun: error: hydra09: tasks 24-26: Killed
⚠️ Warning: No runtime found for run 27
srun: Warning: can't honor --ntasks-per-node set to 1 which doesn't match the requested tasks 36 with the number of requested nodes 12. Ignoring --ntasks-per-node.
missing input file name --> Generate random input
malloc(): invalid size (unsorted)
[hydra12:360603] *** Process received signal ***
[hydra12:360603] Signal: Aborted (6)
[hydra12:360603] Signal code:  (-6)
malloc(): invalid size (unsorted)
[hydra05:380265] *** Process received signal ***
[hydra05:380265] Signal: Aborted (6)
[hydra05:380265] Signal code:  (-6)
malloc(): invalid size (unsorted)
[hydra09:373847] *** Process received signal ***
[hydra09:373847] Signal: Aborted (6)
[hydra09:373847] Signal code:  (-6)
malloc(): invalid size (unsorted)
malloc(): invalid size (unsorted)
[hydra04:396318] *** Process received signal ***
[hydra04:396318] Signal: Aborted (6)
[hydra04:396318] Signal code:  (-6)
malloc(): invalid size (unsorted)
[hydra02:567765] *** Process received signal ***
[hydra02:567765] Signal: Aborted (6)
[hydra02:567765] Signal code:  (-6)
[hydra05:380265] [ 0] /lib/x86_64-linux-gnu/libc.so.6(+0x38de0)[0x7f9f2c4afde0]
malloc(): invalid size (unsorted)
[hydra07:407292] *** Process received signal ***
[hydra07:407292] Signal: Aborted (6)
[hydra07:407292] Signal code:  (-6)
[hydra05:380267] *** Process received signal ***
malloc(): invalid size (unsorted)
[hydra03:397557] *** Process received signal ***
[hydra03:397557] Signal: Aborted (6)
[hydra03:397557] Signal code:  (-6)
malloc(): invalid size (unsorted)
[hydra06:380944] *** Process received signal ***
[hydra06:380944] Signal: Aborted (6)
[hydra06:380944] Signal code:  (-6)
[hydra09:373847] [ 0] /lib/x86_64-linux-gnu/libc.so.6(+0x38de0)[0x7fc69f3f1de0]
[hydra05:380267] Signal: Aborted (6)
[hydra05:380267] Signal code:  (-6)
[hydra04:396318] [ 0] /lib/x86_64-linux-gnu/libc.so.6(+0x38de0)[0x7f98635cdde0]
[hydra05:380265] [ 1] /lib/x86_64-linux-gnu/libc.so.6(gsignal+0x141)[0x7f9f2c4afd61]
malloc(): invalid size (unsorted)
[hydra10:492142] *** Process received signal ***
[hydra10:492142] Signal: Aborted (6)
[hydra10:492142] Signal code:  (-6)
malloc(): invalid size (unsorted)
[hydra09:373847] [ 1] /lib/x86_64-linux-gnu/libc.so.6(gsignal+0x141)[0x7fc69f3f1d61]
[hydra05:380265] [ 2] /lib/x86_64-linux-gnu/libc.so.6(abort+0x123)[0x7f9f2c499537]
[hydra03:397557] [ 0] /lib/x86_64-linux-gnu/libc.so.6(+0x38de0)[0x7fb95b24ede0]
[hydra04:396318] [ 1] /lib/x86_64-linux-gnu/libc.so.6(gsignal+0x141)[0x7f98635cdd61]
malloc(): invalid size (unsorted)
[hydra11:360649] *** Process received signal ***
[hydra11:360649] Signal: Aborted (6)
[hydra11:360649] Signal code:  (-6)
[hydra09:373847] [ 2] /lib/x86_64-linux-gnu/libc.so.6(abort+0x123)[0x7fc69f3db537]
[hydra05:380265] [ 3] /lib/x86_64-linux-gnu/libc.so.6(+0x7a468)[0x7f9f2c4f1468]
[hydra03:397557] [ 1] /lib/x86_64-linux-gnu/libc.so.6(gsignal+0x141)[0x7fb95b24ed61]
[hydra05:380265] [ 4] /lib/x86_64-linux-gnu/libc.so.6(+0x8175a)[0x7f9f2c4f875a]
[hydra10:492142] [ 0] /lib/x86_64-linux-gnu/libc.so.6(+0x38de0)[0x7f3a8c8b5de0]
[hydra08:382582] *** Process received signal ***
[hydra08:382582] Signal: Aborted (6)
[hydra08:382582] Signal code:  (-6)
[hydra04:396318] [ 2] /lib/x86_64-linux-gnu/libc.so.6(abort+0x123)[0x7f98635b7537]
[hydra09:373847] [ 3] /lib/x86_64-linux-gnu/libc.so.6(+0x7a468)[0x7fc69f433468]
[hydra05:380267] [ 0] /lib/x86_64-linux-gnu/libc.so.6(+0x38de0)[0x7fb9307afde0]
[hydra03:397557] [ 2] /lib/x86_64-linux-gnu/libc.so.6(abort+0x123)[0x7fb95b238537]
[hydra04:396318] [ 3] /lib/x86_64-linux-gnu/libc.so.6(+0x7a468)[0x7f986360f468]
[hydra05:380267] [ 1] /lib/x86_64-linux-gnu/libc.so.6(gsignal+0x141)[0x7fb9307afd61]
[hydra10:492142] [ 1] /lib/x86_64-linux-gnu/libc.so.6(gsignal+0x141)[0x7f3a8c8b5d61]
[hydra08:382582] [ 0] /lib/x86_64-linux-gnu/libc.so.6(+0x38de0)[0x7f1aa0007de0]
[hydra04:396318] [ 4] /lib/x86_64-linux-gnu/libc.so.6(+0x8175a)[0x7f986361675a]
[hydra12:360603] [ 0] /lib/x86_64-linux-gnu/libc.so.6(+0x38de0)[0x7f7f285eede0]
[hydra09:373847] [ 4] /lib/x86_64-linux-gnu/libc.so.6(+0x8175a)[0x7fc69f43a75a]
[hydra05:380265] [ 5] /lib/x86_64-linux-gnu/libc.so.6(+0x8483c)[0x7f9f2c4fb83c]
[hydra10:492142] [ 2] /lib/x86_64-linux-gnu/libc.so.6(abort+0x123)[0x7f3a8c89f537]
[hydra08:382582] [ 1] /lib/x86_64-linux-gnu/libc.so.6(gsignal+0x141)[0x7f1aa0007d61]
[hydra03:397557] [ 3] /lib/x86_64-linux-gnu/libc.so.6(+0x7a468)[0x7fb95b290468]
[hydra04:396318] [ 5] /lib/x86_64-linux-gnu/libc.so.6(+0x8483c)[0x7f986361983c]
[hydra12:360603] [ 1] /lib/x86_64-linux-gnu/libc.so.6(gsignal+0x141)[0x7f7f285eed61]
[hydra09:373847] [ 5] /lib/x86_64-linux-gnu/libc.so.6(+0x8483c)[0x7fc69f43d83c]
[hydra05:380267] [ 2] /lib/x86_64-linux-gnu/libc.so.6(abort+0x123)[0x7fb930799537]
[hydra10:492142] [ 3] /lib/x86_64-linux-gnu/libc.so.6(+0x7a468)[0x7f3a8c8f7468]
[hydra08:382582] [ 2] /lib/x86_64-linux-gnu/libc.so.6(abort+0x123)[0x7f1a9fff1537]
[hydra03:397557] [ 4] /lib/x86_64-linux-gnu/libc.so.6(+0x8175a)[0x7fb95b29775a]
[hydra04:396318] [ 6] /lib/x86_64-linux-gnu/libc.so.6(__libc_calloc+0x81)[0x7f986361bbd1]
[hydra12:360603] [ 2] /lib/x86_64-linux-gnu/libc.so.6(abort+0x123)[0x7f7f285d8537]
malloc(): invalid size (unsorted)
[hydra06:380945] *** Process received signal ***
[hydra06:380945] Signal: Aborted (6)
[hydra06:380945] Signal code:  (-6)
[hydra09:373847] [ 6] /lib/x86_64-linux-gnu/libc.so.6(__libc_calloc+0x81)[0x7fc69f43fbd1]
[hydra05:380265] [ 6] /lib/x86_64-linux-gnu/libc.so.6(__libc_calloc+0x81)[0x7f9f2c4fdbd1]
[hydra10:492142] [ 4] /lib/x86_64-linux-gnu/libc.so.6(+0x8175a)[0x7f3a8c8fe75a]
[hydra08:382582] [ 3] /lib/x86_64-linux-gnu/libc.so.6(+0x7a468)[0x7f1aa0049468]
[hydra03:397557] [ 5] /lib/x86_64-linux-gnu/libc.so.6(+0x8483c)[0x7fb95b29a83c]
[hydra04:396318] [ 7] /opt/mpi/openmpi-4.1.4//lib/libmpi.so.40(ompi_group_allocate+0x17)[0x7f98654e91e7]
[hydra12:360603] [ 3] /lib/x86_64-linux-gnu/libc.so.6(+0x7a468)[0x7f7f28630468]
[hydra06:380944] [ 0] /lib/x86_64-linux-gnu/libc.so.6(+0x38de0)[0x7f199d820de0]
[hydra09:373847] [ 7] /opt/mpi/openmpi-4.1.4//lib/libmpi.so.40(ompi_group_allocate+0x17)[0x7fc6a130d1e7]
[hydra05:380265] [ 7] /opt/mpi/openmpi-4.1.4//lib/libmpi.so.40(ompi_group_allocate+0x17)[0x7f9f2e3cb1e7]
[hydra10:492142] [ 5] /lib/x86_64-linux-gnu/libc.so.6(+0x8483c)[0x7f3a8c90183c]
[hydra08:382582] [ 4] /lib/x86_64-linux-gnu/libc.so.6(+0x8175a)[0x7f1aa005075a]
[hydra03:397557] [ 6] /lib/x86_64-linux-gnu/libc.so.6(__libc_calloc+0x81)[0x7fb95b29cbd1]
[hydra04:396318] [ 8] /opt/mpi/openmpi-4.1.4//lib/libmpi.so.40(ompi_group_incl_plist+0x65)[0x7f98654e9915]
[hydra12:360603] [ 4] /lib/x86_64-linux-gnu/libc.so.6(+0x8175a)[0x7f7f2863775a]
[hydra02:567765] [ 0] /lib/x86_64-linux-gnu/libc.so.6(+0x38de0)[0x7f9163e3ade0]
[hydra06:380945] [ 0] /lib/x86_64-linux-gnu/libc.so.6(+0x38de0)[0x7fa3d343bde0]
malloc(): invalid size (unsorted)
[hydra09:373847] [ 8] /opt/mpi/openmpi-4.1.4//lib/libmpi.so.40(ompi_group_incl_plist+0x65)[0x7fc6a130d915]
[hydra05:380267] [ 3] /lib/x86_64-linux-gnu/libc.so.6(+0x7a468)[0x7fb9307f1468]
[hydra10:492142] [ 6] /lib/x86_64-linux-gnu/libc.so.6(__libc_calloc+0x81)[0x7f3a8c903bd1]
[hydra08:382582] [ 5] /lib/x86_64-linux-gnu/libc.so.6(+0x8483c)[0x7f1aa005383c]
[hydra03:397557] [ 7] /opt/mpi/openmpi-4.1.4//lib/libmpi.so.40(ompi_group_allocate+0x17)[0x7fb95d16a1e7]
[hydra04:396318] [ 9] /opt/mpi/openmpi-4.1.4//lib/libmpi.so.40(PMPI_Group_incl+0x95)[0x7f986551a185]
[hydra12:360603] [ 5] /lib/x86_64-linux-gnu/libc.so.6(+0x8483c)[0x7f7f2863a83c]
[hydra02:567765] [ 1] /lib/x86_64-linux-gnu/libc.so.6(gsignal+0x141)[0x7f9163e3ad61]
[hydra06:380944] [ 1] /lib/x86_64-linux-gnu/libc.so.6(gsignal+0x141)[0x7f199d820d61]
[hydra07:407292] [ 0] /lib/x86_64-linux-gnu/libc.so.6(+0x38de0)[0x7eff522ecde0]
[hydra09:373847] [ 9] /opt/mpi/openmpi-4.1.4//lib/libmpi.so.40(PMPI_Group_incl+0x95)[0x7fc6a133e185]
[hydra05:380265] [ 8] /opt/mpi/openmpi-4.1.4//lib/libmpi.so.40(ompi_group_incl_plist+0x65)[0x7f9f2e3cb915]
[hydra10:492142] [ 7] /opt/mpi/openmpi-4.1.4//lib/libmpi.so.40(ompi_group_allocate+0x17)[0x7f3a8e7d11e7]
[hydra08:382582] [ 6] /lib/x86_64-linux-gnu/libc.so.6(__libc_calloc+0x81)[0x7f1aa0055bd1]
[hydra03:397557] [ 8] /opt/mpi/openmpi-4.1.4//lib/libmpi.so.40(ompi_group_incl_plist+0x65)[0x7fb95d16a915]
[hydra04:396318] [10] /home/thesis/jheld/MPI_Syrk_implementation/build/src/MPI_SYRK_implementation(+0x841a)[0x561cd110f41a]
[hydra04:396318] [11] /home/thesis/jheld/MPI_Syrk_implementation/build/src/MPI_SYRK_implementation(+0x2ab0)[0x561cd1109ab0]
[hydra12:360603] [ 6] /lib/x86_64-linux-gnu/libc.so.6(__libc_calloc+0x81)[0x7f7f2863cbd1]
[hydra02:567765] [ 2] /lib/x86_64-linux-gnu/libc.so.6(abort+0x123)[0x7f9163e24537]
[hydra06:380945] [ 1] /lib/x86_64-linux-gnu/libc.so.6(gsignal+0x141)[0x7fa3d343bd61]
[hydra07:407293] *** Process received signal ***
[hydra09:373847] [10] /home/thesis/jheld/MPI_Syrk_implementation/build/src/MPI_SYRK_implementation(+0x841a)[0x55be6c85e41a]
[hydra09:373847] [11] /home/thesis/jheld/MPI_Syrk_implementation/build/src/MPI_SYRK_implementation(+0x2ab0)[0x55be6c858ab0]
[hydra05:380267] [ 4] /lib/x86_64-linux-gnu/libc.so.6(+0x8175a)[0x7fb9307f875a]
[hydra10:492142] [ 8] /opt/mpi/openmpi-4.1.4//lib/libmpi.so.40(ompi_group_incl_plist+0x65)[0x7f3a8e7d1915]
[hydra08:382582] [ 7] /opt/mpi/openmpi-4.1.4//lib/libmpi.so.40(ompi_group_allocate+0x17)[0x7f1aa1f231e7]
[hydra03:397557] [ 9] /opt/mpi/openmpi-4.1.4//lib/libmpi.so.40(PMPI_Group_incl+0x95)[0x7fb95d19b185]
[hydra04:396318] [12] /lib/x86_64-linux-gnu/libc.so.6(__libc_start_main+0xea)[0x7f98635b8d7a]
[hydra12:360603] [ 7] /opt/mpi/openmpi-4.1.4//lib/libmpi.so.40(ompi_group_allocate+0x17)[0x7f7f2a50a1e7]
[hydra02:567765] [ 3] /lib/x86_64-linux-gnu/libc.so.6(+0x7a468)[0x7f9163e7c468]
[hydra06:380944] [ 2] /lib/x86_64-linux-gnu/libc.so.6(abort+0x123)[0x7f199d80a537]
[hydra07:407292] [ 1] /lib/x86_64-linux-gnu/libc.so.6(gsignal+0x141)[0x7eff522ecd61]
[hydra09:373847] [12] /lib/x86_64-linux-gnu/libc.so.6(__libc_start_main+0xea)[0x7fc69f3dcd7a]
[hydra09:373847] [13] /home/thesis/jheld/MPI_Syrk_implementation/build/src/MPI_SYRK_implementation(+0x232a)[0x55be6c85832a]
[hydra05:380265] [ 9] /opt/mpi/openmpi-4.1.4//lib/libmpi.so.40(PMPI_Group_incl+0x95)[0x7f9f2e3fc185]
[hydra10:492142] [ 9] /opt/mpi/openmpi-4.1.4//lib/libmpi.so.40(PMPI_Group_incl+0x95)[0x7f3a8e802185]
[hydra08:382582] [ 8] /opt/mpi/openmpi-4.1.4//lib/libmpi.so.40(ompi_group_incl_plist+0x65)[0x7f1aa1f23915]
[hydra03:397557] [10] /home/thesis/jheld/MPI_Syrk_implementation/build/src/MPI_SYRK_implementation(+0x841a)[0x55880112641a]
[hydra03:397557] [11] /home/thesis/jheld/MPI_Syrk_implementation/build/src/MPI_SYRK_implementation(+0x2ab0)[0x558801120ab0]
[hydra04:396318] [13] /home/thesis/jheld/MPI_Syrk_implementation/build/src/MPI_SYRK_implementation(+0x232a)[0x561cd110932a]
[hydra04:396318] *** End of error message ***
[hydra11:360649] [ 0] /lib/x86_64-linux-gnu/libc.so.6(+0x38de0)[0x7f361ae9bde0]
[hydra12:360603] [ 8] /opt/mpi/openmpi-4.1.4//lib/libmpi.so.40(ompi_group_incl_plist+0x65)[0x7f7f2a50a915]
[hydra02:567765] [ 4] /lib/x86_64-linux-gnu/libc.so.6(+0x8175a)[0x7f9163e8375a]
[hydra06:380945] [ 2] /lib/x86_64-linux-gnu/libc.so.6(abort+0x123)[0x7fa3d3425537]
[hydra07:407293] Signal: Aborted (6)
[hydra07:407293] Signal code:  (-6)
[hydra09:373847] *** End of error message ***
[hydra05:380265] [10] /home/thesis/jheld/MPI_Syrk_implementation/build/src/MPI_SYRK_implementation(+0x841a)[0x5598ddea141a]
[hydra05:380265] [11] /home/thesis/jheld/MPI_Syrk_implementation/build/src/MPI_SYRK_implementation(+0x2ab0)[0x5598dde9bab0]
[hydra10:492142] [10] /home/thesis/jheld/MPI_Syrk_implementation/build/src/MPI_SYRK_implementation(+0x841a)[0x5648ce0e841a]
[hydra10:492142] [11] /home/thesis/jheld/MPI_Syrk_implementation/build/src/MPI_SYRK_implementation(+0x2ab0)[0x5648ce0e2ab0]
[hydra08:382582] [ 9] /opt/mpi/openmpi-4.1.4//lib/libmpi.so.40(PMPI_Group_incl+0x95)[0x7f1aa1f54185]
[hydra03:397557] [12] /lib/x86_64-linux-gnu/libc.so.6(__libc_start_main+0xea)[0x7fb95b239d7a]
[hydra03:397557] [13] /home/thesis/jheld/MPI_Syrk_implementation/build/src/MPI_SYRK_implementation(+0x232a)[0x55880112032a]
[hydra11:360649] [ 1] /lib/x86_64-linux-gnu/libc.so.6(gsignal+0x141)[0x7f361ae9bd61]
[hydra12:360603] [ 9] /opt/mpi/openmpi-4.1.4//lib/libmpi.so.40(PMPI_Group_incl+0x95)[0x7f7f2a53b185]
[hydra12:360603] [10] /home/thesis/jheld/MPI_Syrk_implementation/build/src/MPI_SYRK_implementation(+0x841a)[0x557eb53e141a]
[hydra02:567765] [ 5] /lib/x86_64-linux-gnu/libc.so.6(+0x8483c)[0x7f9163e8683c]
[hydra06:380944] [ 3] /lib/x86_64-linux-gnu/libc.so.6(+0x7a468)[0x7f199d862468]
[hydra07:407292] [ 2] /lib/x86_64-linux-gnu/libc.so.6(abort+0x123)[0x7eff522d6537]
[hydra05:380267] [ 5] /lib/x86_64-linux-gnu/libc.so.6(+0x8483c)[0x7fb9307fb83c]
[hydra10:492142] [12] /lib/x86_64-linux-gnu/libc.so.6(__libc_start_main+0xea)[0x7f3a8c8a0d7a]
[hydra08:382582] [10] /home/thesis/jheld/MPI_Syrk_implementation/build/src/MPI_SYRK_implementation(+0x841a)[0x5585ac82e41a]
[hydra08:382582] [11] /home/thesis/jheld/MPI_Syrk_implementation/build/src/MPI_SYRK_implementation(+0x2ab0)[0x5585ac828ab0]
[hydra03:397557] *** End of error message ***
[hydra11:360649] [ 2] /lib/x86_64-linux-gnu/libc.so.6(abort+0x123)[0x7f361ae85537]
[hydra12:360603] [11] /home/thesis/jheld/MPI_Syrk_implementation/build/src/MPI_SYRK_implementation(+0x2ab0)[0x557eb53dbab0]
[hydra02:567765] [ 6] /lib/x86_64-linux-gnu/libc.so.6(__libc_calloc+0x81)[0x7f9163e88bd1]
[hydra06:380945] [ 3] /lib/x86_64-linux-gnu/libc.so.6(+0x7a468)[0x7fa3d347d468]
[hydra07:407292] [ 3] /lib/x86_64-linux-gnu/libc.so.6(+0x7a468)[0x7eff5232e468]
[hydra05:380265] [12] /lib/x86_64-linux-gnu/libc.so.6(__libc_start_main+0xea)[0x7f9f2c49ad7a]
[hydra10:492142] [13] /home/thesis/jheld/MPI_Syrk_implementation/build/src/MPI_SYRK_implementation(+0x232a)[0x5648ce0e232a]
[hydra10:492142] *** End of error message ***
[hydra08:382582] [12] /lib/x86_64-linux-gnu/libc.so.6(__libc_start_main+0xea)[0x7f1a9fff2d7a]
[hydra08:382582] [13] /home/thesis/jheld/MPI_Syrk_implementation/build/src/MPI_SYRK_implementation(+0x232a)[0x5585ac82832a]
[hydra11:360649] [ 3] /lib/x86_64-linux-gnu/libc.so.6(+0x7a468)[0x7f361aedd468]
[hydra12:360603] [12] /lib/x86_64-linux-gnu/libc.so.6(__libc_start_main+0xea)[0x7f7f285d9d7a]
[hydra02:567765] [ 7] /opt/mpi/openmpi-4.1.4//lib/libmpi.so.40(ompi_group_allocate+0x17)[0x7f9165d561e7]
[hydra06:380944] [ 4] /lib/x86_64-linux-gnu/libc.so.6(+0x8175a)[0x7f199d86975a]
[hydra07:407292] [ 4] /lib/x86_64-linux-gnu/libc.so.6(+0x8175a)[0x7eff5233575a]
[hydra05:380265] [13] /home/thesis/jheld/MPI_Syrk_implementation/build/src/MPI_SYRK_implementation(+0x232a)[0x5598dde9b32a]
[hydra05:380265] *** End of error message ***
[hydra08:382582] *** End of error message ***
[hydra11:360649] [ 4] /lib/x86_64-linux-gnu/libc.so.6(+0x8175a)[0x7f361aee475a]
[hydra12:360603] [13] /home/thesis/jheld/MPI_Syrk_implementation/build/src/MPI_SYRK_implementation(+0x232a)[0x557eb53db32a]
[hydra12:360603] *** End of error message ***
[hydra02:567765] [ 8] /opt/mpi/openmpi-4.1.4//lib/libmpi.so.40(ompi_group_incl_plist+0x65)[0x7f9165d56915]
[hydra06:380945] [ 4] /lib/x86_64-linux-gnu/libc.so.6(+0x8175a)[0x7fa3d348475a]
[hydra07:407292] [ 5] /lib/x86_64-linux-gnu/libc.so.6(+0x8483c)[0x7eff5233883c]
[hydra05:380267] [ 6] /lib/x86_64-linux-gnu/libc.so.6(__libc_calloc+0x81)[0x7fb9307fdbd1]
[hydra11:360649] [ 5] /lib/x86_64-linux-gnu/libc.so.6(+0x8483c)[0x7f361aee783c]
[hydra02:567765] [ 9] /opt/mpi/openmpi-4.1.4//lib/libmpi.so.40(PMPI_Group_incl+0x95)[0x7f9165d87185]
[hydra02:567765] [10] /home/thesis/jheld/MPI_Syrk_implementation/build/src/MPI_SYRK_implementation(+0x841a)[0x55c14ee7841a]
[hydra06:380945] [ 5] /lib/x86_64-linux-gnu/libc.so.6(+0x8483c)[0x7fa3d348783c]
[hydra07:407293] [ 0] /lib/x86_64-linux-gnu/libc.so.6(+0x38de0)[0x7fd76ccabde0]
[hydra05:380267] [ 7] /opt/mpi/openmpi-4.1.4//lib/libmpi.so.40(ompi_group_allocate+0x17)[0x7fb9326cb1e7]
[hydra11:360649] [ 6] /lib/x86_64-linux-gnu/libc.so.6(__libc_calloc+0x81)[0x7f361aee9bd1]
[hydra02:567765] [11] /home/thesis/jheld/MPI_Syrk_implementation/build/src/MPI_SYRK_implementation(+0x2ab0)[0x55c14ee72ab0]
[hydra06:380944] [ 5] /lib/x86_64-linux-gnu/libc.so.6(+0x8483c)[0x7f199d86c83c]
[hydra07:407293] [ 1] /lib/x86_64-linux-gnu/libc.so.6(gsignal+0x141)[0x7fd76ccabd61]
[hydra05:380267] [ 8] /opt/mpi/openmpi-4.1.4//lib/libmpi.so.40(ompi_group_incl_plist+0x65)[0x7fb9326cb915]
[hydra11:360649] [ 7] /opt/mpi/openmpi-4.1.4//lib/libmpi.so.40(ompi_group_allocate+0x17)[0x7f361cdb71e7]
[hydra02:567765] [12] /lib/x86_64-linux-gnu/libc.so.6(__libc_start_main+0xea)[0x7f9163e25d7a]
[hydra02:567765] [13] /home/thesis/jheld/MPI_Syrk_implementation/build/src/MPI_SYRK_implementation(+0x232a)[0x55c14ee7232a]
[hydra06:380944] [ 6] /lib/x86_64-linux-gnu/libc.so.6(__libc_calloc+0x81)[0x7f199d86ebd1]
[hydra07:407292] [ 6] /lib/x86_64-linux-gnu/libc.so.6(__libc_calloc+0x81)[0x7eff5233abd1]
[hydra05:380267] [ 9] /opt/mpi/openmpi-4.1.4//lib/libmpi.so.40(PMPI_Group_incl+0x95)[0x7fb9326fc185]
[hydra05:380267] [10] /home/thesis/jheld/MPI_Syrk_implementation/build/src/MPI_SYRK_implementation(+0x841a)[0x55bc3bec641a]
[hydra11:360649] [ 8] /opt/mpi/openmpi-4.1.4//lib/libmpi.so.40(ompi_group_incl_plist+0x65)[0x7f361cdb7915]
[hydra02:567765] *** End of error message ***
[hydra06:380945] [ 6] /lib/x86_64-linux-gnu/libc.so.6(__libc_calloc+0x81)[0x7fa3d3489bd1]
[hydra07:407293] [ 2] /lib/x86_64-linux-gnu/libc.so.6(abort+0x123)[0x7fd76cc95537]
[hydra05:380267] [11] /home/thesis/jheld/MPI_Syrk_implementation/build/src/MPI_SYRK_implementation(+0x2ab0)[0x55bc3bec0ab0]
[hydra11:360649] [ 9] /opt/mpi/openmpi-4.1.4//lib/libmpi.so.40(PMPI_Group_incl+0x95)[0x7f361cde8185]
[hydra11:360649] [10] /home/thesis/jheld/MPI_Syrk_implementation/build/src/MPI_SYRK_implementation(+0x841a)[0x564127b1041a]
[hydra06:380944] [ 7] /opt/mpi/openmpi-4.1.4//lib/libmpi.so.40(ompi_group_allocate+0x17)[0x7f199f73c1e7]
[hydra07:407292] [ 7] /opt/mpi/openmpi-4.1.4//lib/libmpi.so.40(ompi_group_allocate+0x17)[0x7eff542081e7]
[hydra05:380267] [12] /lib/x86_64-linux-gnu/libc.so.6(__libc_start_main+0xea)[0x7fb93079ad7a]
[hydra05:380267] [13] /home/thesis/jheld/MPI_Syrk_implementation/build/src/MPI_SYRK_implementation(+0x232a)[0x55bc3bec032a]
[hydra05:380267] *** End of error message ***
[hydra11:360649] [11] /home/thesis/jheld/MPI_Syrk_implementation/build/src/MPI_SYRK_implementation(+0x2ab0)[0x564127b0aab0]
[hydra06:380945] [ 7] /opt/mpi/openmpi-4.1.4//lib/libmpi.so.40(ompi_group_allocate+0x17)[0x7fa3d53571e7]
[hydra07:407292] [ 8] /opt/mpi/openmpi-4.1.4//lib/libmpi.so.40(ompi_group_incl_plist+0x65)[0x7eff54208915]
[hydra11:360649] [12] /lib/x86_64-linux-gnu/libc.so.6(__libc_start_main+0xea)[0x7f361ae86d7a]
[hydra11:360649] [13] /home/thesis/jheld/MPI_Syrk_implementation/build/src/MPI_SYRK_implementation(+0x232a)[0x564127b0a32a]
[hydra06:380944] [ 8] /opt/mpi/openmpi-4.1.4//lib/libmpi.so.40(ompi_group_incl_plist+0x65)[0x7f199f73c915]
[hydra07:407293] [ 3] /lib/x86_64-linux-gnu/libc.so.6(+0x7a468)[0x7fd76cced468]
[hydra11:360649] *** End of error message ***
[hydra06:380945] [ 8] /opt/mpi/openmpi-4.1.4//lib/libmpi.so.40(ompi_group_incl_plist+0x65)[0x7fa3d5357915]
[hydra07:407292] [ 9] /opt/mpi/openmpi-4.1.4//lib/libmpi.so.40(PMPI_Group_incl+0x95)[0x7eff54239185]
[hydra07:407292] [10] /home/thesis/jheld/MPI_Syrk_implementation/build/src/MPI_SYRK_implementation(+0x841a)[0x55e659ca741a]
[hydra07:407293] [ 4] /lib/x86_64-linux-gnu/libc.so.6(+0x8175a)[0x7fd76ccf475a]
[hydra07:407292] [11] /home/thesis/jheld/MPI_Syrk_implementation/build/src/MPI_SYRK_implementation(+0x2ab0)[0x55e659ca1ab0]
[hydra07:407292] [12] /lib/x86_64-linux-gnu/libc.so.6(__libc_start_main+0xea)[0x7eff522d7d7a]
[hydra07:407292] [13] /home/thesis/jheld/MPI_Syrk_implementation/build/src/MPI_SYRK_implementation(+0x232a)[0x55e659ca132a]
[hydra07:407292] *** End of error message ***
[hydra07:407293] [ 5] /lib/x86_64-linux-gnu/libc.so.6(+0x8483c)[0x7fd76ccf783c]
[hydra07:407293] [ 6] /lib/x86_64-linux-gnu/libc.so.6(__libc_calloc+0x81)[0x7fd76ccf9bd1]
[hydra07:407293] [ 7] /opt/mpi/openmpi-4.1.4//lib/libmpi.so.40(ompi_group_allocate+0x17)[0x7fd76ebc71e7]
[hydra06:380945] [ 9] /opt/mpi/openmpi-4.1.4//lib/libmpi.so.40(PMPI_Group_incl+0x95)[0x7fa3d5388185]
[hydra07:407293] [ 8] /opt/mpi/openmpi-4.1.4//lib/libmpi.so.40(ompi_group_incl_plist+0x65)[0x7fd76ebc7915]
[hydra06:380944] [ 9] /opt/mpi/openmpi-4.1.4//lib/libmpi.so.40(PMPI_Group_incl+0x95)[0x7f199f76d185]
[hydra06:380944] [10] /home/thesis/jheld/MPI_Syrk_implementation/build/src/MPI_SYRK_implementation(+0x841a)[0x55a89af6441a]
[hydra06:380944] [11] /home/thesis/jheld/MPI_Syrk_implementation/build/src/MPI_SYRK_implementation(+0x2ab0)[0x55a89af5eab0]
[hydra07:407293] [ 9] /opt/mpi/openmpi-4.1.4//lib/libmpi.so.40(PMPI_Group_incl+0x95)[0x7fd76ebf8185]
[hydra07:407293] [10] /home/thesis/jheld/MPI_Syrk_implementation/build/src/MPI_SYRK_implementation(+0x841a)[0x5632ac14341a]
[hydra06:380945] [10] /home/thesis/jheld/MPI_Syrk_implementation/build/src/MPI_SYRK_implementation(+0x841a)[0x55d746e7541a]
[hydra06:380945] [11] /home/thesis/jheld/MPI_Syrk_implementation/build/src/MPI_SYRK_implementation(+0x2ab0)[0x55d746e6fab0]
[hydra07:407293] [11] /home/thesis/jheld/MPI_Syrk_implementation/build/src/MPI_SYRK_implementation(+0x2ab0)[0x5632ac13dab0]
[hydra06:380944] [12] /lib/x86_64-linux-gnu/libc.so.6(__libc_start_main+0xea)[0x7f199d80bd7a]
[hydra06:380944] [13] /home/thesis/jheld/MPI_Syrk_implementation/build/src/MPI_SYRK_implementation(+0x232a)[0x55a89af5e32a]
[hydra06:380944] *** End of error message ***
[hydra07:407293] [12] /lib/x86_64-linux-gnu/libc.so.6(__libc_start_main+0xea)[0x7fd76cc96d7a]
[hydra07:407293] [13] /home/thesis/jheld/MPI_Syrk_implementation/build/src/MPI_SYRK_implementation(+0x232a)[0x5632ac13d32a]
[hydra06:380945] [12] /lib/x86_64-linux-gnu/libc.so.6(__libc_start_main+0xea)[0x7fa3d3426d7a]
[hydra06:380945] [13] /home/thesis/jheld/MPI_Syrk_implementation/build/src/MPI_SYRK_implementation(+0x232a)[0x55d746e6f32a]
[hydra07:407293] *** End of error message ***
[hydra06:380945] *** End of error message ***
srun: error: hydra08: task 22: Aborted
srun: error: hydra03: task 8: Aborted
srun: error: hydra09: task 25: Aborted
srun: error: hydra10: task 29: Aborted
srun: error: hydra04: task 11: Aborted
srun: error: hydra02: task 5: Aborted
srun: error: hydra12: task 35: Aborted
srun: error: hydra11: task 30: Aborted
srun: error: hydra05: tasks 12,14: Aborted
srun: error: hydra07: tasks 19-20: Aborted
srun: error: hydra06: tasks 16-17: Aborted
slurmstepd: error:  mpi/pmix_v4: _errhandler: hydra09 [8]: pmixp_client_v2.c:211: Error handler invoked: status = -61, source = [slurm.pmix.5008693.27:25]
slurmstepd: error:  mpi/pmix_v4: _errhandler: hydra04 [3]: pmixp_client_v2.c:211: Error handler invoked: status = -61, source = [slurm.pmix.5008693.27:11]
slurmstepd: error:  mpi/pmix_v4: _errhandler: hydra02 [1]: pmixp_client_v2.c:211: Error handler invoked: status = -61, source = [slurm.pmix.5008693.27:5]
slurmstepd: error:  mpi/pmix_v4: _errhandler: hydra12 [11]: pmixp_client_v2.c:211: Error handler invoked: status = -61, source = [slurm.pmix.5008693.27:35]
slurmstepd: error:  mpi/pmix_v4: _errhandler: hydra05 [4]: pmixp_client_v2.c:211: Error handler invoked: status = -61, source = [slurm.pmix.5008693.27:12]
slurmstepd: error:  mpi/pmix_v4: _errhandler: hydra10 [9]: pmixp_client_v2.c:211: Error handler invoked: status = -61, source = [slurm.pmix.5008693.27:29]
slurmstepd: error:  mpi/pmix_v4: _errhandler: hydra08 [7]: pmixp_client_v2.c:211: Error handler invoked: status = -61, source = [slurm.pmix.5008693.27:22]
slurmstepd: error:  mpi/pmix_v4: _errhandler: hydra03 [2]: pmixp_client_v2.c:211: Error handler invoked: status = -61, source = [slurm.pmix.5008693.27:8]
slurmstepd: error:  mpi/pmix_v4: _errhandler: hydra11 [10]: pmixp_client_v2.c:211: Error handler invoked: status = -61, source = [slurm.pmix.5008693.27:30]
slurmstepd: error:  mpi/pmix_v4: _errhandler: hydra07 [6]: pmixp_client_v2.c:211: Error handler invoked: status = -61, source = [slurm.pmix.5008693.27:19]
slurmstepd: error: *** STEP 5008693.27 ON hydra01 CANCELLED AT 2025-10-13T15:31:57 ***
srun: Job step aborted: Waiting up to 32 seconds for job step to finish.
srun: error: hydra06: task 15: Killed
srun: error: hydra07: task 18: Killed
srun: error: hydra05: task 13: Killed
srun: error: hydra08: tasks 21,23: Killed
srun: error: hydra03: tasks 6-7: Killed
srun: error: hydra04: tasks 9-10: Killed
srun: error: hydra10: tasks 27-28: Killed
srun: error: hydra11: tasks 31-32: Killed
srun: error: hydra09: tasks 24,26: Killed
srun: error: hydra12: tasks 33-34: Killed
srun: error: hydra02: tasks 3-4: Killed
srun: error: hydra01: tasks 0-2: Killed
⚠️ Warning: No runtime found for run 28
srun: Warning: can't honor --ntasks-per-node set to 1 which doesn't match the requested tasks 36 with the number of requested nodes 12. Ignoring --ntasks-per-node.
missing input file name --> Generate random input
malloc(): invalid size (unsorted)
[hydra01:883853] *** Process received signal ***
[hydra01:883853] Signal: Aborted (6)
[hydra01:883853] Signal code:  (-6)
malloc(): invalid size (unsorted)
[hydra12:360668] *** Process received signal ***
[hydra12:360668] Signal: Aborted (6)
[hydra12:360668] Signal code:  (-6)
[hydra01:883853] [ 0] /lib/x86_64-linux-gnu/libc.so.6(+0x38de0)[0x7f3a030afde0]
malloc(): invalid size (unsorted)
[hydra11:360716] *** Process received signal ***
[hydra11:360716] Signal: Aborted (6)
[hydra11:360716] Signal code:  (-6)
[hydra01:883853] [ 1] /lib/x86_64-linux-gnu/libc.so.6(gsignal+0x141)[0x7f3a030afd61]
[hydra01:883853] [ 2] /lib/x86_64-linux-gnu/libc.so.6(abort+0x123)[0x7f3a03099537]
malloc(): invalid size (unsorted)
[hydra05:380330] *** Process received signal ***
[hydra05:380330] Signal: Aborted (6)
[hydra05:380330] Signal code:  (-6)
malloc(): invalid size (unsorted)
[hydra06:381010] *** Process received signal ***
[hydra06:381010] Signal: Aborted (6)
[hydra06:381010] Signal code:  (-6)
[hydra01:883853] [ 3] /lib/x86_64-linux-gnu/libc.so.6(+0x7a468)[0x7f3a030f1468]
malloc(): invalid size (unsorted)
[hydra07:407356] *** Process received signal ***
[hydra07:407356] Signal: Aborted (6)
[hydra07:407356] Signal code:  (-6)
malloc(): invalid size (unsorted)
[hydra03:397620] *** Process received signal ***
[hydra03:397620] Signal: Aborted (6)
[hydra03:397620] Signal code:  (-6)
malloc(): invalid size (unsorted)
[hydra04:396384] *** Process received signal ***
[hydra04:396384] Signal: Aborted (6)
[hydra04:396384] Signal code:  (-6)
[hydra01:883853] [ 4] /lib/x86_64-linux-gnu/libc.so.6(+0x8175a)[0x7f3a030f875a]
malloc(): invalid size (unsorted)
[hydra02:567844] *** Process received signal ***
[hydra02:567844] Signal: Aborted (6)
[hydra02:567844] Signal code:  (-6)
malloc(): invalid size (unsorted)
[hydra08:382648] *** Process received signal ***
[hydra08:382648] Signal: Aborted (6)
[hydra08:382648] Signal code:  (-6)
[hydra01:883853] [ 5] /lib/x86_64-linux-gnu/libc.so.6(+0x8483c)[0x7f3a030fb83c]
[hydra01:883853] [ 6] /lib/x86_64-linux-gnu/libc.so.6(__libc_calloc+0x81)[0x7f3a030fdbd1]
[hydra01:883853] [ 7] /opt/mpi/openmpi-4.1.4//lib/libmpi.so.40(ompi_group_allocate+0x17)[0x7f3a04fcb1e7]
malloc(): invalid size (unsorted)
[hydra10:492209] *** Process received signal ***
[hydra10:492209] Signal: Aborted (6)
[hydra10:492209] Signal code:  (-6)
[hydra01:883853] [ 8] /opt/mpi/openmpi-4.1.4//lib/libmpi.so.40(ompi_group_incl_plist+0x65)[0x7f3a04fcb915]
[hydra01:883853] [ 9] /opt/mpi/openmpi-4.1.4//lib/libmpi.so.40(PMPI_Group_incl+0x95)[0x7f3a04ffc185]
[hydra01:883853] [10] /home/thesis/jheld/MPI_Syrk_implementation/build/src/MPI_SYRK_implementation(+0x841a)[0x56039604b41a]
[hydra01:883853] [11] /home/thesis/jheld/MPI_Syrk_implementation/build/src/MPI_SYRK_implementation(+0x2ab0)[0x560396045ab0]
[hydra12:360668] [ 0] /lib/x86_64-linux-gnu/libc.so.6(+0x38de0)[0x7f9044d48de0]
[hydra01:883853] [12] /lib/x86_64-linux-gnu/libc.so.6(__libc_start_main+0xea)[0x7f3a0309ad7a]
[hydra12:360668] [ 1] /lib/x86_64-linux-gnu/libc.so.6(gsignal+0x141)[0x7f9044d48d61]
[hydra01:883853] [13] /home/thesis/jheld/MPI_Syrk_implementation/build/src/MPI_SYRK_implementation(+0x232a)[0x56039604532a]
[hydra01:883853] *** End of error message ***
[hydra12:360668] [ 2] /lib/x86_64-linux-gnu/libc.so.6(abort+0x123)[0x7f9044d32537]
[hydra11:360716] [ 0] /lib/x86_64-linux-gnu/libc.so.6(+0x38de0)[0x7f5871b7cde0]
[hydra12:360668] [ 3] /lib/x86_64-linux-gnu/libc.so.6(+0x7a468)[0x7f9044d8a468]
[hydra11:360716] [ 1] /lib/x86_64-linux-gnu/libc.so.6(gsignal+0x141)[0x7f5871b7cd61]
[hydra12:360668] [ 4] /lib/x86_64-linux-gnu/libc.so.6(+0x8175a)[0x7f9044d9175a]
[hydra11:360716] [ 2] /lib/x86_64-linux-gnu/libc.so.6(abort+0x123)[0x7f5871b66537]
[hydra12:360668] [ 5] /lib/x86_64-linux-gnu/libc.so.6(+0x8483c)[0x7f9044d9483c]
malloc(): invalid size (unsorted)
[hydra12:360668] [ 6] /lib/x86_64-linux-gnu/libc.so.6(__libc_calloc+0x81)[0x7f9044d96bd1]
[hydra11:360716] [ 3] /lib/x86_64-linux-gnu/libc.so.6(+0x7a468)[0x7f5871bbe468]
[hydra12:360668] [ 7] /opt/mpi/openmpi-4.1.4//lib/libmpi.so.40(ompi_group_allocate+0x17)[0x7f9046c641e7]
[hydra11:360714] *** Process received signal ***
[hydra12:360668] [ 8] /opt/mpi/openmpi-4.1.4//lib/libmpi.so.40(ompi_group_incl_plist+0x65)[0x7f9046c64915]
[hydra05:380330] [ 0] /lib/x86_64-linux-gnu/libc.so.6(+0x38de0)[0x7f0c3980bde0]
[hydra11:360716] [ 4] /lib/x86_64-linux-gnu/libc.so.6(+0x8175a)[0x7f5871bc575a]
[hydra12:360668] [ 9] /opt/mpi/openmpi-4.1.4//lib/libmpi.so.40(PMPI_Group_incl+0x95)[0x7f9046c95185]
[hydra12:360668] [10] /home/thesis/jheld/MPI_Syrk_implementation/build/src/MPI_SYRK_implementation(+0x841a)[0x55ab28d6d41a]
[hydra05:380330] [ 1] /lib/x86_64-linux-gnu/libc.so.6(gsignal+0x141)[0x7f0c3980bd61]
[hydra11:360714] Signal: Aborted (6)
[hydra11:360714] Signal code:  (-6)
[hydra12:360668] [11] /home/thesis/jheld/MPI_Syrk_implementation/build/src/MPI_SYRK_implementation(+0x2ab0)[0x55ab28d67ab0]
[hydra05:380330] [ 2] /lib/x86_64-linux-gnu/libc.so.6(abort+0x123)[0x7f0c397f5537]
[hydra11:360716] [ 5] /lib/x86_64-linux-gnu/libc.so.6(+0x8483c)[0x7f5871bc883c]
[hydra12:360668] [12] /lib/x86_64-linux-gnu/libc.so.6(__libc_start_main+0xea)[0x7f9044d33d7a]
[hydra05:380330] [ 3] /lib/x86_64-linux-gnu/libc.so.6(+0x7a468)[0x7f0c3984d468]
[hydra11:360716] [ 6] /lib/x86_64-linux-gnu/libc.so.6(__libc_calloc+0x81)[0x7f5871bcabd1]
[hydra12:360668] [13] /home/thesis/jheld/MPI_Syrk_implementation/build/src/MPI_SYRK_implementation(+0x232a)[0x55ab28d6732a]
[hydra12:360668] *** End of error message ***
[hydra05:380330] [ 4] /lib/x86_64-linux-gnu/libc.so.6(+0x8175a)[0x7f0c3985475a]
[hydra11:360716] [ 7] /opt/mpi/openmpi-4.1.4//lib/libmpi.so.40(ompi_group_allocate+0x17)[0x7f5873a981e7]
[hydra03:397620] [ 0] /lib/x86_64-linux-gnu/libc.so.6(+0x38de0)[0x7fd0e8177de0]
[hydra05:380330] [ 5] /lib/x86_64-linux-gnu/libc.so.6(+0x8483c)[0x7f0c3985783c]
[hydra11:360714] [ 0] /lib/x86_64-linux-gnu/libc.so.6(+0x38de0)[0x7f6a9b6bfde0]
[hydra03:397620] [ 1] /lib/x86_64-linux-gnu/libc.so.6(gsignal+0x141)[0x7fd0e8177d61]
[hydra05:380330] [ 6] /lib/x86_64-linux-gnu/libc.so.6(__libc_calloc+0x81)[0x7f0c39859bd1]
malloc(): invalid size (unsorted)
[hydra11:360716] [ 8] /opt/mpi/openmpi-4.1.4//lib/libmpi.so.40(ompi_group_incl_plist+0x65)[0x7f5873a98915]
[hydra06:381010] [ 0] /lib/x86_64-linux-gnu/libc.so.6(+0x38de0)[0x7f73e47a0de0]
[hydra02:567844] [ 0] /lib/x86_64-linux-gnu/libc.so.6(+0x38de0)[0x7f805196bde0]
[hydra03:397620] [ 2] /lib/x86_64-linux-gnu/libc.so.6(abort+0x123)[0x7fd0e8161537]
[hydra04:396384] [ 0] /lib/x86_64-linux-gnu/libc.so.6(+0x38de0)[0x7f7ec957bde0]
[hydra05:380330] [ 7] /opt/mpi/openmpi-4.1.4//lib/libmpi.so.40(ompi_group_allocate+0x17)[0x7f0c3b7271e7]
[hydra07:407356] [ 0] /lib/x86_64-linux-gnu/libc.so.6(+0x38de0)[0x7f03d8aeade0]
[hydra11:360714] [ 1] /lib/x86_64-linux-gnu/libc.so.6(gsignal+0x141)[0x7f6a9b6bfd61]
[hydra06:381010] [ 1] /lib/x86_64-linux-gnu/libc.so.6(gsignal+0x141)[0x7f73e47a0d61]
[hydra02:567844] [ 1] /lib/x86_64-linux-gnu/libc.so.6(gsignal+0x141)[0x7f805196bd61]
[hydra03:397620] [ 3] /lib/x86_64-linux-gnu/libc.so.6(+0x7a468)[0x7fd0e81b9468]
[hydra04:396384] [ 1] /lib/x86_64-linux-gnu/libc.so.6(gsignal+0x141)[0x7f7ec957bd61]
[hydra05:380330] [ 8] /opt/mpi/openmpi-4.1.4//lib/libmpi.so.40(ompi_group_incl_plist+0x65)[0x7f0c3b727915]
[hydra08:382648] [ 0] /lib/x86_64-linux-gnu/libc.so.6(+0x38de0)[0x7f05be876de0]
[hydra07:407358] *** Process received signal ***
[hydra07:407358] Signal: Aborted (6)
[hydra07:407358] Signal code:  (-6)
[hydra11:360716] [ 9] /opt/mpi/openmpi-4.1.4//lib/libmpi.so.40(PMPI_Group_incl+0x95)[0x7f5873ac9185]
[hydra11:360716] [10] /home/thesis/jheld/MPI_Syrk_implementation/build/src/MPI_SYRK_implementation(+0x841a)[0x559b4f74941a]
[hydra11:360716] [11] /home/thesis/jheld/MPI_Syrk_implementation/build/src/MPI_SYRK_implementation(+0x2ab0)[0x559b4f743ab0]
[hydra06:381010] [ 2] /lib/x86_64-linux-gnu/libc.so.6(abort+0x123)[0x7f73e478a537]
[hydra02:567844] [ 2] /lib/x86_64-linux-gnu/libc.so.6(abort+0x123)[0x7f8051955537]
[hydra03:397620] [ 4] /lib/x86_64-linux-gnu/libc.so.6(+0x8175a)[0x7fd0e81c075a]
[hydra04:396384] [ 2] /lib/x86_64-linux-gnu/libc.so.6(abort+0x123)[0x7f7ec9565537]
[hydra05:380330] [ 9] /opt/mpi/openmpi-4.1.4//lib/libmpi.so.40(PMPI_Group_incl+0x95)[0x7f0c3b758185]
[hydra05:380330] [10] /home/thesis/jheld/MPI_Syrk_implementation/build/src/MPI_SYRK_implementation(+0x841a)[0x563216b6741a]
[hydra08:382648] [ 1] /lib/x86_64-linux-gnu/libc.so.6(gsignal+0x141)[0x7f05be876d61]
[hydra07:407356] [ 1] /lib/x86_64-linux-gnu/libc.so.6(gsignal+0x141)[0x7f03d8aead61]
[hydra11:360714] [ 2] /lib/x86_64-linux-gnu/libc.so.6(abort+0x123)[0x7f6a9b6a9537]
[hydra06:381010] [ 3] /lib/x86_64-linux-gnu/libc.so.6(+0x7a468)[0x7f73e47e2468]
[hydra02:567844] [ 3] /lib/x86_64-linux-gnu/libc.so.6(+0x7a468)[0x7f80519ad468]
[hydra03:397620] [ 5] /lib/x86_64-linux-gnu/libc.so.6(+0x8483c)[0x7fd0e81c383c]
[hydra04:396384] [ 3] /lib/x86_64-linux-gnu/libc.so.6(+0x7a468)[0x7f7ec95bd468]
[hydra05:380330] [11] /home/thesis/jheld/MPI_Syrk_implementation/build/src/MPI_SYRK_implementation(+0x2ab0)[0x563216b61ab0]
[hydra08:382648] [ 2] /lib/x86_64-linux-gnu/libc.so.6(abort+0x123)[0x7f05be860537]
[hydra07:407356] [ 2] /lib/x86_64-linux-gnu/libc.so.6(abort+0x123)[0x7f03d8ad4537]
[hydra10:492209] [ 0] /lib/x86_64-linux-gnu/libc.so.6(+0x38de0)[0x7ff30d08ede0]
[hydra11:360716] [12] /lib/x86_64-linux-gnu/libc.so.6(__libc_start_main+0xea)[0x7f5871b67d7a]
[hydra11:360716] [13] /home/thesis/jheld/MPI_Syrk_implementation/build/src/MPI_SYRK_implementation(+0x232a)[0x559b4f74332a]
[hydra11:360716] *** End of error message ***
[hydra06:381010] [ 4] /lib/x86_64-linux-gnu/libc.so.6(+0x8175a)[0x7f73e47e975a]
[hydra02:567844] [ 4] /lib/x86_64-linux-gnu/libc.so.6(+0x8175a)[0x7f80519b475a]
[hydra03:397620] [ 6] /lib/x86_64-linux-gnu/libc.so.6(__libc_calloc+0x81)[0x7fd0e81c5bd1]
[hydra04:396384] [ 4] /lib/x86_64-linux-gnu/libc.so.6(+0x8175a)[0x7f7ec95c475a]
[hydra05:380330] [12] /lib/x86_64-linux-gnu/libc.so.6(__libc_start_main+0xea)[0x7f0c397f6d7a]
[hydra05:380330] [13] /home/thesis/jheld/MPI_Syrk_implementation/build/src/MPI_SYRK_implementation(+0x232a)[0x563216b6132a]
[hydra08:382648] [ 3] /lib/x86_64-linux-gnu/libc.so.6(+0x7a468)[0x7f05be8b8468]
[hydra07:407356] [ 3] /lib/x86_64-linux-gnu/libc.so.6(+0x7a468)[0x7f03d8b2c468]
[hydra10:492209] [ 1] /lib/x86_64-linux-gnu/libc.so.6(gsignal+0x141)[0x7ff30d08ed61]
[hydra11:360714] [ 3] /lib/x86_64-linux-gnu/libc.so.6(+0x7a468)[0x7f6a9b701468]
[hydra06:381010] [ 5] /lib/x86_64-linux-gnu/libc.so.6(+0x8483c)[0x7f73e47ec83c]
[hydra02:567844] [ 5] /lib/x86_64-linux-gnu/libc.so.6(+0x8483c)[0x7f80519b783c]
[hydra03:397620] [ 7] /opt/mpi/openmpi-4.1.4//lib/libmpi.so.40(ompi_group_allocate+0x17)[0x7fd0ea0931e7]
[hydra04:396384] [ 5] /lib/x86_64-linux-gnu/libc.so.6(+0x8483c)[0x7f7ec95c783c]
[hydra05:380330] *** End of error message ***
[hydra08:382648] [ 4] /lib/x86_64-linux-gnu/libc.so.6(+0x8175a)[0x7f05be8bf75a]
[hydra07:407356] [ 4] /lib/x86_64-linux-gnu/libc.so.6(+0x8175a)[0x7f03d8b3375a]
[hydra07:407356] [ 5] /lib/x86_64-linux-gnu/libc.so.6(+0x8483c)[0x7f03d8b3683c]
[hydra10:492209] [ 2] /lib/x86_64-linux-gnu/libc.so.6(abort+0x123)[0x7ff30d078537]
[hydra11:360714] [ 4] /lib/x86_64-linux-gnu/libc.so.6(+0x8175a)[0x7f6a9b70875a]
[hydra06:381010] [ 6] /lib/x86_64-linux-gnu/libc.so.6(__libc_calloc+0x81)[0x7f73e47eebd1]
[hydra02:567844] [ 6] /lib/x86_64-linux-gnu/libc.so.6(__libc_calloc+0x81)[0x7f80519b9bd1]
[hydra03:397620] [ 8] /opt/mpi/openmpi-4.1.4//lib/libmpi.so.40(ompi_group_incl_plist+0x65)[0x7fd0ea093915]
[hydra04:396384] [ 6] /lib/x86_64-linux-gnu/libc.so.6(__libc_calloc+0x81)[0x7f7ec95c9bd1]
[hydra08:382648] [ 5] /lib/x86_64-linux-gnu/libc.so.6(+0x8483c)[0x7f05be8c283c]
[hydra07:407358] [ 0] /lib/x86_64-linux-gnu/libc.so.6(+0x38de0)[0x7f9503e39de0]
[hydra07:407358] [ 1] /lib/x86_64-linux-gnu/libc.so.6(gsignal+0x141)[0x7f9503e39d61]
[hydra07:407358] [ 2] /lib/x86_64-linux-gnu/libc.so.6(abort+0x123)[0x7f9503e23537]
[hydra10:492209] [ 3] /lib/x86_64-linux-gnu/libc.so.6(+0x7a468)[0x7ff30d0d0468]
[hydra06:381010] [ 7] /opt/mpi/openmpi-4.1.4//lib/libmpi.so.40(ompi_group_allocate+0x17)[0x7f73e66bc1e7]
[hydra02:567844] [ 7] /opt/mpi/openmpi-4.1.4//lib/libmpi.so.40(ompi_group_allocate+0x17)[0x7f80538871e7]
[hydra03:397620] [ 9] /opt/mpi/openmpi-4.1.4//lib/libmpi.so.40(PMPI_Group_incl+0x95)[0x7fd0ea0c4185]
[hydra04:396384] [ 7] /opt/mpi/openmpi-4.1.4//lib/libmpi.so.40(ompi_group_allocate+0x17)[0x7f7ecb4971e7]
[hydra08:382648] [ 6] /lib/x86_64-linux-gnu/libc.so.6(__libc_calloc+0x81)[0x7f05be8c4bd1]
[hydra07:407356] [ 6] /lib/x86_64-linux-gnu/libc.so.6(__libc_calloc+0x81)[0x7f03d8b38bd1]
[hydra07:407356] [ 7] /opt/mpi/openmpi-4.1.4//lib/libmpi.so.40(ompi_group_allocate+0x17)[0x7f03daa061e7]
[hydra10:492209] [ 4] /lib/x86_64-linux-gnu/libc.so.6(+0x8175a)[0x7ff30d0d775a]
[hydra06:381010] [ 8] /opt/mpi/openmpi-4.1.4//lib/libmpi.so.40(ompi_group_incl_plist+0x65)[0x7f73e66bc915]
[hydra02:567844] [ 8] /opt/mpi/openmpi-4.1.4//lib/libmpi.so.40(ompi_group_incl_plist+0x65)[0x7f8053887915]
[hydra03:397620] [10] /home/thesis/jheld/MPI_Syrk_implementation/build/src/MPI_SYRK_implementation(+0x841a)[0x563cea6e241a]
[hydra03:397620] [11] /home/thesis/jheld/MPI_Syrk_implementation/build/src/MPI_SYRK_implementation(+0x2ab0)[0x563cea6dcab0]
[hydra04:396384] [ 8] /opt/mpi/openmpi-4.1.4//lib/libmpi.so.40(ompi_group_incl_plist+0x65)[0x7f7ecb497915]
[hydra08:382648] [ 7] /opt/mpi/openmpi-4.1.4//lib/libmpi.so.40(ompi_group_allocate+0x17)[0x7f05c07921e7]
[hydra07:407358] [ 3] /lib/x86_64-linux-gnu/libc.so.6(+0x7a468)[0x7f9503e7b468]
[hydra10:492209] [ 5] /lib/x86_64-linux-gnu/libc.so.6(+0x8483c)[0x7ff30d0da83c]
[hydra06:381010] [ 9] /opt/mpi/openmpi-4.1.4//lib/libmpi.so.40(PMPI_Group_incl+0x95)[0x7f73e66ed185]
[hydra02:567844] [ 9] /opt/mpi/openmpi-4.1.4//lib/libmpi.so.40(PMPI_Group_incl+0x95)[0x7f80538b8185]
[hydra02:567844] [10] /home/thesis/jheld/MPI_Syrk_implementation/build/src/MPI_SYRK_implementation(+0x841a)[0x5582add1d41a]
[hydra03:397620] [12] /lib/x86_64-linux-gnu/libc.so.6(__libc_start_main+0xea)[0x7fd0e8162d7a]
[hydra03:397620] [13] /home/thesis/jheld/MPI_Syrk_implementation/build/src/MPI_SYRK_implementation(+0x232a)[0x563cea6dc32a]
[hydra04:396384] [ 9] /opt/mpi/openmpi-4.1.4//lib/libmpi.so.40(PMPI_Group_incl+0x95)[0x7f7ecb4c8185]
[hydra04:396384] [10] /home/thesis/jheld/MPI_Syrk_implementation/build/src/MPI_SYRK_implementation(+0x841a)[0x562202f8141a]
[hydra08:382648] [ 8] /opt/mpi/openmpi-4.1.4//lib/libmpi.so.40(ompi_group_incl_plist+0x65)[0x7f05c0792915]
[hydra07:407356] [ 8] /opt/mpi/openmpi-4.1.4//lib/libmpi.so.40(ompi_group_incl_plist+0x65)[0x7f03daa06915]
[hydra10:492209] [ 6] /lib/x86_64-linux-gnu/libc.so.6(__libc_calloc+0x81)[0x7ff30d0dcbd1]
[hydra06:381010] [10] /home/thesis/jheld/MPI_Syrk_implementation/build/src/MPI_SYRK_implementation(+0x841a)[0x555bfbac941a]
[hydra06:381010] [11] /home/thesis/jheld/MPI_Syrk_implementation/build/src/MPI_SYRK_implementation(+0x2ab0)[0x555bfbac3ab0]
[hydra02:567844] [11] /home/thesis/jheld/MPI_Syrk_implementation/build/src/MPI_SYRK_implementation(+0x2ab0)[0x5582add17ab0]
[hydra03:397620] *** End of error message ***
[hydra04:396384] [11] /home/thesis/jheld/MPI_Syrk_implementation/build/src/MPI_SYRK_implementation(+0x2ab0)[0x562202f7bab0]
[hydra08:382648] [ 9] /opt/mpi/openmpi-4.1.4//lib/libmpi.so.40(PMPI_Group_incl+0x95)[0x7f05c07c3185]
[hydra07:407358] [ 4] /lib/x86_64-linux-gnu/libc.so.6(+0x8175a)[0x7f9503e8275a]
[hydra10:492209] [ 7] /opt/mpi/openmpi-4.1.4//lib/libmpi.so.40(ompi_group_allocate+0x17)[0x7ff30efaa1e7]
[hydra06:381010] [12] /lib/x86_64-linux-gnu/libc.so.6(__libc_start_main+0xea)[0x7f73e478bd7a]
[hydra06:381010] [13] /home/thesis/jheld/MPI_Syrk_implementation/build/src/MPI_SYRK_implementation(+0x232a)[0x555bfbac332a]
[hydra02:567844] [12] /lib/x86_64-linux-gnu/libc.so.6(__libc_start_main+0xea)[0x7f8051956d7a]
[hydra04:396384] [12] /lib/x86_64-linux-gnu/libc.so.6(__libc_start_main+0xea)[0x7f7ec9566d7a]
[hydra08:382648] [10] /home/thesis/jheld/MPI_Syrk_implementation/build/src/MPI_SYRK_implementation(+0x841a)[0x55618976941a]
[hydra08:382648] [11] /home/thesis/jheld/MPI_Syrk_implementation/build/src/MPI_SYRK_implementation(+0x2ab0)[0x556189763ab0]
[hydra07:407356] [ 9] /opt/mpi/openmpi-4.1.4//lib/libmpi.so.40(PMPI_Group_incl+0x95)[0x7f03daa37185]
[hydra07:407356] [10] /home/thesis/jheld/MPI_Syrk_implementation/build/src/MPI_SYRK_implementation(+0x841a)[0x55b7dbde041a]
[hydra10:492209] [ 8] /opt/mpi/openmpi-4.1.4//lib/libmpi.so.40(ompi_group_incl_plist+0x65)[0x7ff30efaa915]
[hydra06:381010] *** End of error message ***
[hydra02:567844] [13] /home/thesis/jheld/MPI_Syrk_implementation/build/src/MPI_SYRK_implementation(+0x232a)[0x5582add1732a]
[hydra02:567844] *** End of error message ***
[hydra04:396384] [13] /home/thesis/jheld/MPI_Syrk_implementation/build/src/MPI_SYRK_implementation(+0x232a)[0x562202f7b32a]
[hydra04:396384] *** End of error message ***
[hydra08:382648] [12] /lib/x86_64-linux-gnu/libc.so.6(__libc_start_main+0xea)[0x7f05be861d7a]
[hydra07:407358] [ 5] /lib/x86_64-linux-gnu/libc.so.6(+0x8483c)[0x7f9503e8583c]
[hydra10:492209] [ 9] /opt/mpi/openmpi-4.1.4//lib/libmpi.so.40(PMPI_Group_incl+0x95)[0x7ff30efdb185]
[hydra10:492209] [10] /home/thesis/jheld/MPI_Syrk_implementation/build/src/MPI_SYRK_implementation(+0x841a)[0x56023970041a]
[hydra08:382648] [13] /home/thesis/jheld/MPI_Syrk_implementation/build/src/MPI_SYRK_implementation(+0x232a)[0x55618976332a]
[hydra08:382648] *** End of error message ***
[hydra07:407356] [11] /home/thesis/jheld/MPI_Syrk_implementation/build/src/MPI_SYRK_implementation(+0x2ab0)[0x55b7dbddaab0]
[hydra10:492209] [11] /home/thesis/jheld/MPI_Syrk_implementation/build/src/MPI_SYRK_implementation(+0x2ab0)[0x5602396faab0]
[hydra07:407356] [12] /lib/x86_64-linux-gnu/libc.so.6(__libc_start_main+0xea)[0x7f03d8ad5d7a]
[hydra07:407356] [13] /home/thesis/jheld/MPI_Syrk_implementation/build/src/MPI_SYRK_implementation(+0x232a)[0x55b7dbdda32a]
[hydra10:492209] [12] /lib/x86_64-linux-gnu/libc.so.6(__libc_start_main+0xea)[0x7ff30d079d7a]
[hydra10:492209] [13] /home/thesis/jheld/MPI_Syrk_implementation/build/src/MPI_SYRK_implementation(+0x232a)[0x5602396fa32a]
[hydra07:407358] [ 6] /lib/x86_64-linux-gnu/libc.so.6(__libc_calloc+0x81)[0x7f9503e87bd1]
[hydra10:492209] *** End of error message ***
[hydra07:407356] *** End of error message ***
[hydra07:407358] [ 7] /opt/mpi/openmpi-4.1.4//lib/libmpi.so.40(ompi_group_allocate+0x17)[0x7f9505d551e7]
[hydra07:407358] [ 8] /opt/mpi/openmpi-4.1.4//lib/libmpi.so.40(ompi_group_incl_plist+0x65)[0x7f9505d55915]
[hydra07:407358] [ 9] /opt/mpi/openmpi-4.1.4//lib/libmpi.so.40(PMPI_Group_incl+0x95)[0x7f9505d86185]
[hydra07:407358] [10] /home/thesis/jheld/MPI_Syrk_implementation/build/src/MPI_SYRK_implementation(+0x841a)[0x55c66308641a]
[hydra07:407358] [11] /home/thesis/jheld/MPI_Syrk_implementation/build/src/MPI_SYRK_implementation(+0x2ab0)[0x55c663080ab0]
[hydra07:407358] [12] /lib/x86_64-linux-gnu/libc.so.6(__libc_start_main+0xea)[0x7f9503e24d7a]
[hydra07:407358] [13] /home/thesis/jheld/MPI_Syrk_implementation/build/src/MPI_SYRK_implementation(+0x232a)[0x55c66308032a]
[hydra07:407358] *** End of error message ***
[hydra11:360714] [ 5] /lib/x86_64-linux-gnu/libc.so.6(+0x8483c)[0x7f6a9b70b83c]
[hydra11:360714] [ 6] /lib/x86_64-linux-gnu/libc.so.6(__libc_calloc+0x81)[0x7f6a9b70dbd1]
[hydra11:360714] [ 7] /opt/mpi/openmpi-4.1.4//lib/libmpi.so.40(ompi_group_allocate+0x17)[0x7f6a9d5db1e7]
[hydra11:360714] [ 8] /opt/mpi/openmpi-4.1.4//lib/libmpi.so.40(ompi_group_incl_plist+0x65)[0x7f6a9d5db915]
[hydra11:360714] [ 9] /opt/mpi/openmpi-4.1.4//lib/libmpi.so.40(PMPI_Group_incl+0x95)[0x7f6a9d60c185]
[hydra11:360714] [10] /home/thesis/jheld/MPI_Syrk_implementation/build/src/MPI_SYRK_implementation(+0x841a)[0x55ffe249941a]
[hydra11:360714] [11] /home/thesis/jheld/MPI_Syrk_implementation/build/src/MPI_SYRK_implementation(+0x2ab0)[0x55ffe2493ab0]
[hydra11:360714] [12] /lib/x86_64-linux-gnu/libc.so.6(__libc_start_main+0xea)[0x7f6a9b6aad7a]
[hydra11:360714] [13] /home/thesis/jheld/MPI_Syrk_implementation/build/src/MPI_SYRK_implementation(+0x232a)[0x55ffe249332a]
[hydra11:360714] *** End of error message ***
srun: error: hydra01: task 1: Aborted
srun: error: hydra05: task 12: Aborted
srun: error: hydra10: task 27: Aborted
srun: error: hydra03: task 6: Aborted
srun: error: hydra04: task 11: Aborted
srun: error: hydra08: task 23: Aborted
srun: error: hydra02: task 5: Aborted
srun: error: hydra06: task 17: Aborted
srun: error: hydra12: task 35: Aborted
srun: error: hydra11: tasks 30,32: Aborted
srun: error: hydra07: tasks 18,20: Aborted
slurmstepd: error:  mpi/pmix_v4: _errhandler: hydra05 [4]: pmixp_client_v2.c:211: Error handler invoked: status = -61, source = [slurm.pmix.5008693.28:12]
slurmstepd: error:  mpi/pmix_v4: _errhandler: hydra12 [11]: pmixp_client_v2.c:211: Error handler invoked: status = -61, source = [slurm.pmix.5008693.28:35]
slurmstepd: error:  mpi/pmix_v4: _errhandler: hydra02 [1]: pmixp_client_v2.c:211: Error handler invoked: status = -61, source = [slurm.pmix.5008693.28:5]
slurmstepd: error:  mpi/pmix_v4: _errhandler: hydra01 [0]: pmixp_client_v2.c:211: Error handler invoked: status = -61, source = [slurm.pmix.5008693.28:1]
slurmstepd: error:  mpi/pmix_v4: _errhandler: hydra08 [7]: pmixp_client_v2.c:211: Error handler invoked: status = -61, source = [slurm.pmix.5008693.28:23]
slurmstepd: error:  mpi/pmix_v4: _errhandler: hydra06 [5]: pmixp_client_v2.c:211: Error handler invoked: status = -61, source = [slurm.pmix.5008693.28:17]
slurmstepd: error:  mpi/pmix_v4: _errhandler: hydra04 [3]: pmixp_client_v2.c:211: Error handler invoked: status = -61, source = [slurm.pmix.5008693.28:11]
slurmstepd: error:  mpi/pmix_v4: _errhandler: hydra10 [9]: pmixp_client_v2.c:211: Error handler invoked: status = -61, source = [slurm.pmix.5008693.28:27]
slurmstepd: error:  mpi/pmix_v4: _errhandler: hydra11 [10]: pmixp_client_v2.c:211: Error handler invoked: status = -61, source = [slurm.pmix.5008693.28:32]
slurmstepd: error:  mpi/pmix_v4: _errhandler: hydra07 [6]: pmixp_client_v2.c:211: Error handler invoked: status = -61, source = [slurm.pmix.5008693.28:18]
slurmstepd: error:  mpi/pmix_v4: _errhandler: hydra03 [2]: pmixp_client_v2.c:211: Error handler invoked: status = -61, source = [slurm.pmix.5008693.28:6]
slurmstepd: error: *** STEP 5008693.28 ON hydra01 CANCELLED AT 2025-10-13T15:31:59 ***
srun: Job step aborted: Waiting up to 32 seconds for job step to finish.
srun: error: hydra11: task 31: Killed
srun: error: hydra07: task 19: Killed
srun: error: hydra03: tasks 7-8: Killed
srun: error: hydra12: tasks 33-34: Killed
srun: error: hydra10: tasks 28-29: Killed
srun: error: hydra08: tasks 21-22: Killed
srun: error: hydra01: tasks 0,2: Killed
srun: error: hydra06: tasks 15-16: Killed
srun: error: hydra04: tasks 9-10: Killed
srun: error: hydra02: tasks 3-4: Killed
srun: error: hydra05: tasks 13-14: Killed
srun: error: hydra09: tasks 24-26: Killed
⚠️ Warning: No runtime found for run 29
srun: Warning: can't honor --ntasks-per-node set to 1 which doesn't match the requested tasks 36 with the number of requested nodes 12. Ignoring --ntasks-per-node.
missing input file name --> Generate random input
malloc(): invalid size (unsorted)
[hydra12:360736] *** Process received signal ***
[hydra12:360736] Signal: Aborted (6)
[hydra12:360736] Signal code:  (-6)
[hydra12:360736] [ 0] /lib/x86_64-linux-gnu/libc.so.6(+0x38de0)[0x7fc579aaede0]
malloc(): invalid size (unsorted)
[hydra11:360784] *** Process received signal ***
[hydra11:360784] Signal: Aborted (6)
[hydra11:360784] Signal code:  (-6)
[hydra12:360736] [ 1] /lib/x86_64-linux-gnu/libc.so.6(gsignal+0x141)[0x7fc579aaed61]
[hydra12:360736] [ 2] /lib/x86_64-linux-gnu/libc.so.6(abort+0x123)[0x7fc579a98537]
malloc(): invalid size (unsorted)
[hydra05:380399] *** Process received signal ***
[hydra05:380399] Signal: Aborted (6)
[hydra05:380399] Signal code:  (-6)
malloc(): invalid size (unsorted)
[hydra02:567926] *** Process received signal ***
[hydra02:567926] Signal: Aborted (6)
[hydra02:567926] Signal code:  (-6)
malloc(): invalid size (unsorted)
[hydra07:407425] *** Process received signal ***
[hydra07:407425] Signal: Aborted (6)
[hydra07:407425] Signal code:  (-6)
[hydra12:360736] [ 3] /lib/x86_64-linux-gnu/libc.so.6(+0x7a468)[0x7fc579af0468]
malloc(): invalid size (unsorted)
[hydra02:567927] *** Process received signal ***
[hydra02:567927] Signal: Aborted (6)
[hydra02:567927] Signal code:  (-6)
[hydra12:360736] [ 4] /lib/x86_64-linux-gnu/libc.so.6(+0x8175a)[0x7fc579af775a]
[hydra12:360736] [ 5] /lib/x86_64-linux-gnu/libc.so.6(+0x8483c)[0x7fc579afa83c]
malloc(): invalid size (unsorted)
[hydra06:381077] *** Process received signal ***
[hydra06:381077] Signal: Aborted (6)
[hydra06:381077] Signal code:  (-6)
[hydra02:567927] [ 0] /lib/x86_64-linux-gnu/libc.so.6(+0x38de0)[0x7f6044426de0]
malloc(): invalid size (unsorted)
[hydra04:396451] *** Process received signal ***
[hydra04:396451] Signal: Aborted (6)
[hydra04:396451] Signal code:  (-6)
[hydra12:360736] [ 6] /lib/x86_64-linux-gnu/libc.so.6(__libc_calloc+0x81)[0x7fc579afcbd1]
[hydra02:567926] [ 0] /lib/x86_64-linux-gnu/libc.so.6(+0x38de0)[0x7f8b7db11de0]
[hydra12:360736] [ 7] /opt/mpi/openmpi-4.1.4//lib/libmpi.so.40(ompi_group_allocate+0x17)[0x7fc57b9ca1e7]
malloc(): invalid size (unsorted)
[hydra08:382716] *** Process received signal ***
[hydra08:382716] Signal: Aborted (6)
[hydra08:382716] Signal code:  (-6)
[hydra02:567927] [ 1] /lib/x86_64-linux-gnu/libc.so.6(gsignal+0x141)[0x7f6044426d61]
[hydra02:567926] [ 1] /lib/x86_64-linux-gnu/libc.so.6(gsignal+0x141)[0x7f8b7db11d61]
[hydra12:360736] [ 8] /opt/mpi/openmpi-4.1.4//lib/libmpi.so.40(ompi_group_incl_plist+0x65)[0x7fc57b9ca915]
[hydra02:567927] [ 2] /lib/x86_64-linux-gnu/libc.so.6(abort+0x123)[0x7f6044410537]
[hydra02:567926] [ 2] /lib/x86_64-linux-gnu/libc.so.6(abort+0x123)[0x7f8b7dafb537]
malloc(): invalid size (unsorted)
[hydra10:492283] *** Process received signal ***
[hydra10:492283] Signal: Aborted (6)
[hydra10:492283] Signal code:  (-6)
malloc(): invalid size (unsorted)
[hydra09:373981] *** Process received signal ***
[hydra09:373981] Signal: Aborted (6)
[hydra09:373981] Signal code:  (-6)
[hydra02:567927] [ 3] /lib/x86_64-linux-gnu/libc.so.6(+0x7a468)[0x7f6044468468]
[hydra12:360736] [ 9] /opt/mpi/openmpi-4.1.4//lib/libmpi.so.40(PMPI_Group_incl+0x95)[0x7fc57b9fb185]
[hydra12:360736] [10] /home/thesis/jheld/MPI_Syrk_implementation/build/src/MPI_SYRK_implementation(+0x841a)[0x56328a94241a]
[hydra02:567926] [ 3] /lib/x86_64-linux-gnu/libc.so.6(+0x7a468)[0x7f8b7db53468]
[hydra12:360736] [11] /home/thesis/jheld/MPI_Syrk_implementation/build/src/MPI_SYRK_implementation(+0x2ab0)[0x56328a93cab0]
[hydra02:567927] [ 4] /lib/x86_64-linux-gnu/libc.so.6(+0x8175a)[0x7f604446f75a]
[hydra02:567927] [ 5] /lib/x86_64-linux-gnu/libc.so.6(+0x8483c)[0x7f604447283c]
[hydra12:360736] [12] /lib/x86_64-linux-gnu/libc.so.6(__libc_start_main+0xea)[0x7fc579a99d7a]
[hydra12:360736] [13] /home/thesis/jheld/MPI_Syrk_implementation/build/src/MPI_SYRK_implementation(+0x232a)[0x56328a93c32a]
[hydra10:492283] [ 0] /lib/x86_64-linux-gnu/libc.so.6(+0x38de0)[0x7f41625e3de0]
[hydra02:567926] [ 4] /lib/x86_64-linux-gnu/libc.so.6(+0x8175a)[0x7f8b7db5a75a]
[hydra12:360736] *** End of error message ***
[hydra11:360784] [ 0] /lib/x86_64-linux-gnu/libc.so.6(+0x38de0)[0x7ff82922ade0]
[hydra02:567927] [ 6] /lib/x86_64-linux-gnu/libc.so.6(__libc_calloc+0x81)[0x7f6044474bd1]
[hydra10:492283] [ 1] /lib/x86_64-linux-gnu/libc.so.6(gsignal+0x141)[0x7f41625e3d61]
[hydra11:360784] [ 1] /lib/x86_64-linux-gnu/libc.so.6(gsignal+0x141)[0x7ff82922ad61]
[hydra02:567926] [ 5] /lib/x86_64-linux-gnu/libc.so.6(+0x8483c)[0x7f8b7db5d83c]
[hydra11:360784] [ 2] /lib/x86_64-linux-gnu/libc.so.6(abort+0x123)[0x7ff829214537]
[hydra02:567927] [ 7] /opt/mpi/openmpi-4.1.4//lib/libmpi.so.40(ompi_group_allocate+0x17)[0x7f60463421e7]
[hydra11:360784] [ 3] /lib/x86_64-linux-gnu/libc.so.6(+0x7a468)[0x7ff82926c468]
[hydra02:567926] [ 6] /lib/x86_64-linux-gnu/libc.so.6(__libc_calloc+0x81)[0x7f8b7db5fbd1]
[hydra10:492283] [ 2] /lib/x86_64-linux-gnu/libc.so.6(abort+0x123)[0x7f41625cd537]
malloc(): invalid size (unsorted)
[hydra06:381078] *** Process received signal ***
[hydra06:381078] Signal: Aborted (6)
[hydra06:381078] Signal code:  (-6)
malloc(): invalid size (unsorted)
[hydra02:567927] [ 8] /opt/mpi/openmpi-4.1.4//lib/libmpi.so.40(ompi_group_incl_plist+0x65)[0x7f6046342915]
[hydra06:381077] [ 0] /lib/x86_64-linux-gnu/libc.so.6(+0x38de0)[0x7ff20fc91de0]
[hydra11:360784] [ 4] /lib/x86_64-linux-gnu/libc.so.6(+0x8175a)[0x7ff82927375a]
[hydra02:567926] [ 7] /opt/mpi/openmpi-4.1.4//lib/libmpi.so.40(ompi_group_allocate+0x17)[0x7f8b7fa2d1e7]
[hydra10:492283] [ 3] /lib/x86_64-linux-gnu/libc.so.6(+0x7a468)[0x7f4162625468]
[hydra06:381078] [ 0] /lib/x86_64-linux-gnu/libc.so.6(+0x38de0)[0x7fc7642cede0]
[hydra11:360783] *** Process received signal ***
[hydra02:567927] [ 9] /opt/mpi/openmpi-4.1.4//lib/libmpi.so.40(PMPI_Group_incl+0x95)[0x7f6046373185]
[hydra02:567927] [10] /home/thesis/jheld/MPI_Syrk_implementation/build/src/MPI_SYRK_implementation(+0x841a)[0x555c2907d41a]
[hydra06:381077] [ 1] /lib/x86_64-linux-gnu/libc.so.6(gsignal+0x141)[0x7ff20fc91d61]
[hydra11:360783] Signal: Aborted (6)
[hydra11:360783] Signal code:  (-6)
[hydra02:567926] [ 8] /opt/mpi/openmpi-4.1.4//lib/libmpi.so.40(ompi_group_incl_plist+0x65)[0x7f8b7fa2d915]
[hydra05:380399] [ 0] /lib/x86_64-linux-gnu/libc.so.6(+0x38de0)[0x7fc334ab2de0]
[hydra06:381078] [ 1] /lib/x86_64-linux-gnu/libc.so.6(gsignal+0x141)[0x7fc7642ced61]
[hydra11:360784] [ 5] /lib/x86_64-linux-gnu/libc.so.6(+0x8483c)[0x7ff82927683c]
[hydra02:567927] [11] /home/thesis/jheld/MPI_Syrk_implementation/build/src/MPI_SYRK_implementation(+0x2ab0)[0x555c29077ab0]
[hydra10:492283] [ 4] /lib/x86_64-linux-gnu/libc.so.6(+0x8175a)[0x7f416262c75a]
[hydra05:380399] [ 1] /lib/x86_64-linux-gnu/libc.so.6(gsignal+0x141)[0x7fc334ab2d61]
[hydra06:381077] [ 2] /lib/x86_64-linux-gnu/libc.so.6(abort+0x123)[0x7ff20fc7b537]
[hydra11:360784] [ 6] /lib/x86_64-linux-gnu/libc.so.6(__libc_calloc+0x81)[0x7ff829278bd1]
[hydra02:567927] [12] /lib/x86_64-linux-gnu/libc.so.6(__libc_start_main+0xea)[0x7f6044411d7a]
[hydra02:567927] [13] /home/thesis/jheld/MPI_Syrk_implementation/build/src/MPI_SYRK_implementation(+0x232a)[0x555c2907732a]
[hydra02:567927] *** End of error message ***
[hydra10:492283] [ 5] /lib/x86_64-linux-gnu/libc.so.6(+0x8483c)[0x7f416262f83c]
[hydra05:380399] [ 2] /lib/x86_64-linux-gnu/libc.so.6(abort+0x123)[0x7fc334a9c537]
[hydra06:381078] [ 2] /lib/x86_64-linux-gnu/libc.so.6(abort+0x123)[0x7fc7642b8537]
[hydra11:360784] [ 7] /opt/mpi/openmpi-4.1.4//lib/libmpi.so.40(ompi_group_allocate+0x17)[0x7ff82b1461e7]
[hydra10:492283] [ 6] /lib/x86_64-linux-gnu/libc.so.6(__libc_calloc+0x81)[0x7f4162631bd1]
[hydra05:380399] [ 3] /lib/x86_64-linux-gnu/libc.so.6(+0x7a468)[0x7fc334af4468]
[hydra06:381077] [ 3] /lib/x86_64-linux-gnu/libc.so.6(+0x7a468)[0x7ff20fcd3468]
[hydra11:360784] [ 8] /opt/mpi/openmpi-4.1.4//lib/libmpi.so.40(ompi_group_incl_plist+0x65)[0x7ff82b146915]
[hydra02:567926] [ 9] /opt/mpi/openmpi-4.1.4//lib/libmpi.so.40(PMPI_Group_incl+0x95)[0x7f8b7fa5e185]
[hydra05:380399] [ 4] /lib/x86_64-linux-gnu/libc.so.6(+0x8175a)[0x7fc334afb75a]
[hydra08:382716] [ 0] /lib/x86_64-linux-gnu/libc.so.6(+0x38de0)[0x7f3db2febde0]
[hydra06:381078] [ 3] /lib/x86_64-linux-gnu/libc.so.6(+0x7a468)[0x7fc764310468]
[hydra11:360783] [ 0] /lib/x86_64-linux-gnu/libc.so.6(+0x38de0)[0x7f5d0aedbde0]
[hydra02:567926] [10] /home/thesis/jheld/MPI_Syrk_implementation/build/src/MPI_SYRK_implementation(+0x841a)[0x55dfc71b841a]
[hydra02:567926] [11] /home/thesis/jheld/MPI_Syrk_implementation/build/src/MPI_SYRK_implementation(+0x2ab0)[0x55dfc71b2ab0]
[hydra10:492283] [ 7] /opt/mpi/openmpi-4.1.4//lib/libmpi.so.40(ompi_group_allocate+0x17)[0x7f41644ff1e7]
[hydra05:380399] [ 5] /lib/x86_64-linux-gnu/libc.so.6(+0x8483c)[0x7fc334afe83c]
[hydra08:382716] [ 1] /lib/x86_64-linux-gnu/libc.so.6(gsignal+0x141)[0x7f3db2febd61]
[hydra06:381077] [ 4] /lib/x86_64-linux-gnu/libc.so.6(+0x8175a)[0x7ff20fcda75a]
[hydra11:360784] [ 9] /opt/mpi/openmpi-4.1.4//lib/libmpi.so.40(PMPI_Group_incl+0x95)[0x7ff82b177185]
[hydra11:360784] [10] /home/thesis/jheld/MPI_Syrk_implementation/build/src/MPI_SYRK_implementation(+0x841a)[0x559ef451b41a]
[hydra11:360784] [11] /home/thesis/jheld/MPI_Syrk_implementation/build/src/MPI_SYRK_implementation(+0x2ab0)[0x559ef4515ab0]
[hydra02:567926] [12] /lib/x86_64-linux-gnu/libc.so.6(__libc_start_main+0xea)[0x7f8b7dafcd7a]
[hydra02:567926] [13] /home/thesis/jheld/MPI_Syrk_implementation/build/src/MPI_SYRK_implementation(+0x232a)[0x55dfc71b232a]
[hydra10:492283] [ 8] /opt/mpi/openmpi-4.1.4//lib/libmpi.so.40(ompi_group_incl_plist+0x65)[0x7f41644ff915]
[hydra05:380399] [ 6] /lib/x86_64-linux-gnu/libc.so.6(__libc_calloc+0x81)[0x7fc334b00bd1]
[hydra08:382716] [ 2] /lib/x86_64-linux-gnu/libc.so.6(abort+0x123)[0x7f3db2fd5537]
[hydra06:381078] [ 4] /lib/x86_64-linux-gnu/libc.so.6(+0x8175a)[0x7fc76431775a]
[hydra04:396451] [ 0] /lib/x86_64-linux-gnu/libc.so.6(+0x38de0)[0x7f4e71c7fde0]
[hydra11:360783] [ 1] /lib/x86_64-linux-gnu/libc.so.6(gsignal+0x141)[0x7f5d0aedbd61]
[hydra07:407425] [ 0] /lib/x86_64-linux-gnu/libc.so.6(+0x38de0)[0x7f5aeb205de0]
[hydra02:567926] *** End of error message ***
[hydra10:492283] [ 9] /opt/mpi/openmpi-4.1.4//lib/libmpi.so.40(PMPI_Group_incl+0x95)[0x7f4164530185]
[hydra05:380399] [ 7] /opt/mpi/openmpi-4.1.4//lib/libmpi.so.40(ompi_group_allocate+0x17)[0x7fc3369ce1e7]
[hydra08:382716] [ 3] /lib/x86_64-linux-gnu/libc.so.6(+0x7a468)[0x7f3db302d468]
[hydra06:381077] [ 5] /lib/x86_64-linux-gnu/libc.so.6(+0x8483c)[0x7ff20fcdd83c]
[hydra04:396451] [ 1] /lib/x86_64-linux-gnu/libc.so.6(gsignal+0x141)[0x7f4e71c7fd61]
[hydra11:360784] [12] /lib/x86_64-linux-gnu/libc.so.6(__libc_start_main+0xea)[0x7ff829215d7a]
[hydra07:407425] [ 1] /lib/x86_64-linux-gnu/libc.so.6(gsignal+0x141)[0x7f5aeb205d61]
[hydra10:492283] [10] /home/thesis/jheld/MPI_Syrk_implementation/build/src/MPI_SYRK_implementation(+0x841a)[0x55dbbb76e41a]
[hydra10:492283] [11] /home/thesis/jheld/MPI_Syrk_implementation/build/src/MPI_SYRK_implementation(+0x2ab0)[0x55dbbb768ab0]
[hydra05:380399] [ 8] /opt/mpi/openmpi-4.1.4//lib/libmpi.so.40(ompi_group_incl_plist+0x65)[0x7fc3369ce915]
[hydra08:382716] [ 4] /lib/x86_64-linux-gnu/libc.so.6(+0x8175a)[0x7f3db303475a]
[hydra06:381078] [ 5] /lib/x86_64-linux-gnu/libc.so.6(+0x8483c)[0x7fc76431a83c]
[hydra09:373981] [ 0] /lib/x86_64-linux-gnu/libc.so.6(+0x38de0)[0x7f49c7d36de0]
[hydra04:396451] [ 2] /lib/x86_64-linux-gnu/libc.so.6(abort+0x123)[0x7f4e71c69537]
[hydra11:360784] [13] /home/thesis/jheld/MPI_Syrk_implementation/build/src/MPI_SYRK_implementation(+0x232a)[0x559ef451532a]
[hydra11:360784] *** End of error message ***
[hydra07:407425] [ 2] /lib/x86_64-linux-gnu/libc.so.6(abort+0x123)[0x7f5aeb1ef537]
[hydra10:492283] [12] /lib/x86_64-linux-gnu/libc.so.6(__libc_start_main+0xea)[0x7f41625ced7a]
[hydra05:380399] [ 9] /opt/mpi/openmpi-4.1.4//lib/libmpi.so.40(PMPI_Group_incl+0x95)[0x7fc3369ff185]
[hydra05:380399] [10] /home/thesis/jheld/MPI_Syrk_implementation/build/src/MPI_SYRK_implementation(+0x841a)[0x557397a9541a]
[hydra08:382716] [ 5] /lib/x86_64-linux-gnu/libc.so.6(+0x8483c)[0x7f3db303783c]
[hydra06:381077] [ 6] /lib/x86_64-linux-gnu/libc.so.6(__libc_calloc+0x81)[0x7ff20fcdfbd1]
[hydra09:373981] [ 1] /lib/x86_64-linux-gnu/libc.so.6(gsignal+0x141)[0x7f49c7d36d61]
[hydra04:396451] [ 3] /lib/x86_64-linux-gnu/libc.so.6(+0x7a468)[0x7f4e71cc1468]
[hydra11:360783] [ 2] /lib/x86_64-linux-gnu/libc.so.6(abort+0x123)[0x7f5d0aec5537]
[hydra07:407425] [ 3] /lib/x86_64-linux-gnu/libc.so.6(+0x7a468)[0x7f5aeb247468]
[hydra10:492283] [13] /home/thesis/jheld/MPI_Syrk_implementation/build/src/MPI_SYRK_implementation(+0x232a)[0x55dbbb76832a]
[hydra10:492283] *** End of error message ***
[hydra05:380399] [11] /home/thesis/jheld/MPI_Syrk_implementation/build/src/MPI_SYRK_implementation(+0x2ab0)[0x557397a8fab0]
[hydra08:382716] [ 6] /lib/x86_64-linux-gnu/libc.so.6(__libc_calloc+0x81)[0x7f3db3039bd1]
[hydra06:381078] [ 6] /lib/x86_64-linux-gnu/libc.so.6(__libc_calloc+0x81)[0x7fc76431cbd1]
[hydra09:373981] [ 2] /lib/x86_64-linux-gnu/libc.so.6(abort+0x123)[0x7f49c7d20537]
[hydra04:396451] [ 4] /lib/x86_64-linux-gnu/libc.so.6(+0x8175a)[0x7f4e71cc875a]
[hydra11:360783] [ 3] /lib/x86_64-linux-gnu/libc.so.6(+0x7a468)[0x7f5d0af1d468]
[hydra07:407425] [ 4] /lib/x86_64-linux-gnu/libc.so.6(+0x8175a)[0x7f5aeb24e75a]
[hydra05:380399] [12] /lib/x86_64-linux-gnu/libc.so.6(__libc_start_main+0xea)[0x7fc334a9dd7a]
[hydra05:380399] [13] /home/thesis/jheld/MPI_Syrk_implementation/build/src/MPI_SYRK_implementation(+0x232a)[0x557397a8f32a]
[hydra08:382716] [ 7] /opt/mpi/openmpi-4.1.4//lib/libmpi.so.40(ompi_group_allocate+0x17)[0x7f3db4f071e7]
[hydra06:381077] [ 7] /opt/mpi/openmpi-4.1.4//lib/libmpi.so.40(ompi_group_allocate+0x17)[0x7ff211bad1e7]
[hydra09:373981] [ 3] /lib/x86_64-linux-gnu/libc.so.6(+0x7a468)[0x7f49c7d78468]
[hydra04:396451] [ 5] /lib/x86_64-linux-gnu/libc.so.6(+0x8483c)[0x7f4e71ccb83c]
[hydra11:360783] [ 4] /lib/x86_64-linux-gnu/libc.so.6(+0x8175a)[0x7f5d0af2475a]
[hydra07:407425] [ 5] /lib/x86_64-linux-gnu/libc.so.6(+0x8483c)[0x7f5aeb25183c]
[hydra05:380399] *** End of error message ***
[hydra08:382716] [ 8] /opt/mpi/openmpi-4.1.4//lib/libmpi.so.40(ompi_group_incl_plist+0x65)[0x7f3db4f07915]
[hydra06:381078] [ 7] /opt/mpi/openmpi-4.1.4//lib/libmpi.so.40(ompi_group_allocate+0x17)[0x7fc7661ea1e7]
[hydra09:373981] [ 4] /lib/x86_64-linux-gnu/libc.so.6(+0x8175a)[0x7f49c7d7f75a]
[hydra04:396451] [ 6] /lib/x86_64-linux-gnu/libc.so.6(__libc_calloc+0x81)[0x7f4e71ccdbd1]
[hydra07:407425] [ 6] /lib/x86_64-linux-gnu/libc.so.6(__libc_calloc+0x81)[0x7f5aeb253bd1]
[hydra08:382716] [ 9] /opt/mpi/openmpi-4.1.4//lib/libmpi.so.40(PMPI_Group_incl+0x95)[0x7f3db4f38185]
[hydra06:381077] [ 8] /opt/mpi/openmpi-4.1.4//lib/libmpi.so.40(ompi_group_incl_plist+0x65)[0x7ff211bad915]
[hydra09:373981] [ 5] /lib/x86_64-linux-gnu/libc.so.6(+0x8483c)[0x7f49c7d8283c]
[hydra04:396451] [ 7] /opt/mpi/openmpi-4.1.4//lib/libmpi.so.40(ompi_group_allocate+0x17)[0x7f4e73b9b1e7]
[hydra07:407425] [ 7] /opt/mpi/openmpi-4.1.4//lib/libmpi.so.40(ompi_group_allocate+0x17)[0x7f5aed1211e7]
[hydra08:382716] [10] /home/thesis/jheld/MPI_Syrk_implementation/build/src/MPI_SYRK_implementation(+0x841a)[0x55710df2441a]
[hydra08:382716] [11] /home/thesis/jheld/MPI_Syrk_implementation/build/src/MPI_SYRK_implementation(+0x2ab0)[0x55710df1eab0]
[hydra06:381078] [ 8] /opt/mpi/openmpi-4.1.4//lib/libmpi.so.40(ompi_group_incl_plist+0x65)[0x7fc7661ea915]
[hydra09:373981] [ 6] /lib/x86_64-linux-gnu/libc.so.6(__libc_calloc+0x81)[0x7f49c7d84bd1]
[hydra04:396451] [ 8] /opt/mpi/openmpi-4.1.4//lib/libmpi.so.40(ompi_group_incl_plist+0x65)[0x7f4e73b9b915]
[hydra07:407425] [ 8] /opt/mpi/openmpi-4.1.4//lib/libmpi.so.40(ompi_group_incl_plist+0x65)[0x7f5aed121915]
[hydra08:382716] [12] /lib/x86_64-linux-gnu/libc.so.6(__libc_start_main+0xea)[0x7f3db2fd6d7a]
[hydra08:382716] [13] /home/thesis/jheld/MPI_Syrk_implementation/build/src/MPI_SYRK_implementation(+0x232a)[0x55710df1e32a]
[hydra06:381077] [ 9] /opt/mpi/openmpi-4.1.4//lib/libmpi.so.40(PMPI_Group_incl+0x95)[0x7ff211bde185]
[hydra09:373981] [ 7] /opt/mpi/openmpi-4.1.4//lib/libmpi.so.40(ompi_group_allocate+0x17)[0x7f49c9c521e7]
[hydra04:396451] [ 9] /opt/mpi/openmpi-4.1.4//lib/libmpi.so.40(PMPI_Group_incl+0x95)[0x7f4e73bcc185]
[hydra04:396451] [10] /home/thesis/jheld/MPI_Syrk_implementation/build/src/MPI_SYRK_implementation(+0x841a)[0x55aab297641a]
[hydra07:407425] [ 9] /opt/mpi/openmpi-4.1.4//lib/libmpi.so.40(PMPI_Group_incl+0x95)[0x7f5aed152185]
[hydra07:407425] [10] /home/thesis/jheld/MPI_Syrk_implementation/build/src/MPI_SYRK_implementation(+0x841a)[0x55c24dca341a]
[hydra08:382716] *** End of error message ***
[hydra06:381078] [ 9] /opt/mpi/openmpi-4.1.4//lib/libmpi.so.40(PMPI_Group_incl+0x95)[0x7fc76621b185]
[hydra06:381078] [10] /home/thesis/jheld/MPI_Syrk_implementation/build/src/MPI_SYRK_implementation(+0x841a)[0x5621f796041a]
[hydra06:381078] [11] /home/thesis/jheld/MPI_Syrk_implementation/build/src/MPI_SYRK_implementation(+0x2ab0)[0x5621f795aab0]
[hydra09:373981] [ 8] /opt/mpi/openmpi-4.1.4//lib/libmpi.so.40(ompi_group_incl_plist+0x65)[0x7f49c9c52915]
[hydra04:396451] [11] /home/thesis/jheld/MPI_Syrk_implementation/build/src/MPI_SYRK_implementation(+0x2ab0)[0x55aab2970ab0]
[hydra07:407425] [11] /home/thesis/jheld/MPI_Syrk_implementation/build/src/MPI_SYRK_implementation(+0x2ab0)[0x55c24dc9dab0]
[hydra06:381077] [10] /home/thesis/jheld/MPI_Syrk_implementation/build/src/MPI_SYRK_implementation(+0x841a)[0x56435f46041a]
[hydra06:381077] [11] /home/thesis/jheld/MPI_Syrk_implementation/build/src/MPI_SYRK_implementation(+0x2ab0)[0x56435f45aab0]
[hydra09:373981] [ 9] /opt/mpi/openmpi-4.1.4//lib/libmpi.so.40(PMPI_Group_incl+0x95)[0x7f49c9c83185]
[hydra09:373981] [10] /home/thesis/jheld/MPI_Syrk_implementation/build/src/MPI_SYRK_implementation(+0x841a)[0x55e0334f741a]
[hydra04:396451] [12] /lib/x86_64-linux-gnu/libc.so.6(__libc_start_main+0xea)[0x7f4e71c6ad7a]
[hydra04:396451] [13] /home/thesis/jheld/MPI_Syrk_implementation/build/src/MPI_SYRK_implementation(+0x232a)[0x55aab297032a]
[hydra07:407425] [12] /lib/x86_64-linux-gnu/libc.so.6(__libc_start_main+0xea)[0x7f5aeb1f0d7a]
[hydra07:407425] [13] /home/thesis/jheld/MPI_Syrk_implementation/build/src/MPI_SYRK_implementation(+0x232a)[0x55c24dc9d32a]
[hydra06:381078] [12] /lib/x86_64-linux-gnu/libc.so.6(__libc_start_main+0xea)[0x7fc7642b9d7a]
[hydra09:373981] [11] /home/thesis/jheld/MPI_Syrk_implementation/build/src/MPI_SYRK_implementation(+0x2ab0)[0x55e0334f1ab0]
[hydra04:396451] *** End of error message ***
[hydra07:407425] *** End of error message ***
[hydra06:381077] [12] /lib/x86_64-linux-gnu/libc.so.6(__libc_start_main+0xea)[0x7ff20fc7cd7a]
[hydra06:381077] [13] /home/thesis/jheld/MPI_Syrk_implementation/build/src/MPI_SYRK_implementation(+0x232a)[0x56435f45a32a]
[hydra06:381077] *** End of error message ***
[hydra09:373981] [12] /lib/x86_64-linux-gnu/libc.so.6(__libc_start_main+0xea)[0x7f49c7d21d7a]
[hydra09:373981] [13] /home/thesis/jheld/MPI_Syrk_implementation/build/src/MPI_SYRK_implementation(+0x232a)[0x55e0334f132a]
[hydra06:381078] [13] /home/thesis/jheld/MPI_Syrk_implementation/build/src/MPI_SYRK_implementation(+0x232a)[0x5621f795a32a]
[hydra06:381078] *** End of error message ***
[hydra09:373981] *** End of error message ***
[hydra11:360783] [ 5] /lib/x86_64-linux-gnu/libc.so.6(+0x8483c)[0x7f5d0af2783c]
[hydra11:360783] [ 6] /lib/x86_64-linux-gnu/libc.so.6(__libc_calloc+0x81)[0x7f5d0af29bd1]
[hydra11:360783] [ 7] /opt/mpi/openmpi-4.1.4//lib/libmpi.so.40(ompi_group_allocate+0x17)[0x7f5d0cdf71e7]
[hydra11:360783] [ 8] /opt/mpi/openmpi-4.1.4//lib/libmpi.so.40(ompi_group_incl_plist+0x65)[0x7f5d0cdf7915]
[hydra11:360783] [ 9] /opt/mpi/openmpi-4.1.4//lib/libmpi.so.40(PMPI_Group_incl+0x95)[0x7f5d0ce28185]
[hydra11:360783] [10] /home/thesis/jheld/MPI_Syrk_implementation/build/src/MPI_SYRK_implementation(+0x841a)[0x562773de141a]
[hydra11:360783] [11] /home/thesis/jheld/MPI_Syrk_implementation/build/src/MPI_SYRK_implementation(+0x2ab0)[0x562773ddbab0]
[hydra11:360783] [12] /lib/x86_64-linux-gnu/libc.so.6(__libc_start_main+0xea)[0x7f5d0aec6d7a]
[hydra11:360783] [13] /home/thesis/jheld/MPI_Syrk_implementation/build/src/MPI_SYRK_implementation(+0x232a)[0x562773ddb32a]
[hydra11:360783] *** End of error message ***
srun: error: hydra05: task 13: Aborted
srun: error: hydra10: task 29: Aborted
srun: error: hydra08: task 23: Aborted
srun: error: hydra12: task 35: Aborted
srun: error: hydra07: task 18: Aborted
srun: error: hydra04: task 9: Aborted
srun: error: hydra09: task 26: Aborted
srun: error: hydra11: tasks 31-32: Aborted
srun: error: hydra02: tasks 4-5: Aborted
srun: error: hydra06: tasks 16-17: Aborted
slurmstepd: error:  mpi/pmix_v4: _errhandler: hydra12 [11]: pmixp_client_v2.c:211: Error handler invoked: status = -61, source = [slurm.pmix.5008693.29:35]
slurmstepd: error:  mpi/pmix_v4: _errhandler: hydra11 [10]: pmixp_client_v2.c:211: Error handler invoked: status = -61, source = [slurm.pmix.5008693.29:32]
slurmstepd: error:  mpi/pmix_v4: _errhandler: hydra05 [4]: pmixp_client_v2.c:211: Error handler invoked: status = -61, source = [slurm.pmix.5008693.29:13]
slurmstepd: error:  mpi/pmix_v4: _errhandler: hydra10 [9]: pmixp_client_v2.c:211: Error handler invoked: status = -61, source = [slurm.pmix.5008693.29:29]
slurmstepd: error:  mpi/pmix_v4: _errhandler: hydra09 [8]: pmixp_client_v2.c:211: Error handler invoked: status = -61, source = [slurm.pmix.5008693.29:26]
slurmstepd: error:  mpi/pmix_v4: _errhandler: hydra08 [7]: pmixp_client_v2.c:211: Error handler invoked: status = -61, source = [slurm.pmix.5008693.29:23]
slurmstepd: error:  mpi/pmix_v4: _errhandler: hydra04 [3]: pmixp_client_v2.c:211: Error handler invoked: status = -61, source = [slurm.pmix.5008693.29:9]
slurmstepd: error:  mpi/pmix_v4: _errhandler: hydra02 [1]: pmixp_client_v2.c:211: Error handler invoked: status = -61, source = [slurm.pmix.5008693.29:4]
slurmstepd: error:  mpi/pmix_v4: _errhandler: hydra07 [6]: pmixp_client_v2.c:211: Error handler invoked: status = -61, source = [slurm.pmix.5008693.29:18]
slurmstepd: error: *** STEP 5008693.29 ON hydra01 CANCELLED AT 2025-10-13T15:32:01 ***
srun: Job step aborted: Waiting up to 32 seconds for job step to finish.
srun: error: hydra06: task 15: Killed
srun: error: hydra02: task 3: Killed
srun: error: hydra11: task 30: Killed
srun: error: hydra05: tasks 12,14: Killed
srun: error: hydra12: tasks 33-34: Killed
srun: error: hydra07: tasks 19-20: Killed
srun: error: hydra08: tasks 21-22: Killed
srun: error: hydra04: tasks 10-11: Killed
srun: error: hydra09: tasks 24-25: Killed
srun: error: hydra03: tasks 6-8: Killed
srun: error: hydra10: tasks 27-28: Killed
srun: error: hydra01: tasks 0-2: Killed
⚠️ Warning: No runtime found for run 30
